start_time,end_time,start_direction,base_lot,terminal_level,won,pnl,trades,end_balance
2004-06-14T10:04:00.000Z,2004-08-20T16:38:00.000Z,SELL,0.01,2,1,10.00,2,10010.00
2004-08-20T16:38:00.000Z,2004-08-24T22:31:00.000Z,SELL,0.01,1,1,10.00,1,10020.00
2004-08-24T22:31:00.000Z,2004-11-04T15:07:00.000Z,SELL,0.01,2,1,10.00,2,10030.00
2004-11-04T15:07:00.000Z,2005-01-06T16:46:00.000Z,SELL,0.01,3,1,10.00,3,10040.00
2005-01-06T16:46:00.000Z,2005-02-08T10:25:00.000Z,SELL,0.01,1,1,10.00,1,10050.00
2005-02-08T10:25:00.000Z,2005-03-09T18:35:00.000Z,SELL,0.01,2,1,10.00,2,10060.00
2005-03-09T18:35:00.000Z,2005-03-21T14:46:00.000Z,SELL,0.01,1,1,10.00,1,10070.00
2005-03-21T14:46:00.000Z,2005-05-12T18:56:00.000Z,SELL,0.01,1,1,10.00,1,10080.00
2005-05-12T18:56:00.000Z,2005-09-12T02:19:00.000Z,SELL,0.01,4,1,10.00,4,10090.00
2005-09-12T02:19:00.000Z,2005-11-17T01:42:00.000Z,SELL,0.01,2,1,10.00,2,10100.00
2005-11-17T01:42:00.000Z,2005-12-06T23:01:00.000Z,SELL,0.01,2,1,10.00,2,10110.00
2005-12-06T23:01:00.000Z,2005-12-15T10:38:00.000Z,SELL,0.01,3,1,10.00,3,10120.00
2005-12-15T10:38:00.000Z,2005-12-21T01:14:00.000Z,SELL,0.01,1,1,10.00,1,10130.00
2005-12-21T01:14:00.000Z,2006-01-03T10:47:00.000Z,SELL,0.01,2,1,10.00,2,10140.00
2006-01-03T10:47:00.000Z,2006-01-09T20:05:00.000Z,SELL,0.01,2,1,10.00,2,10150.00
2006-01-09T20:05:00.000Z,2006-01-10T16:47:00.000Z,SELL,0.01,1,1,10.00,1,10160.00
2006-01-10T16:47:00.000Z,2006-01-31T01:31:00.000Z,SELL,0.01,2,1,10.00,2,10170.00
2006-01-31T01:31:00.000Z,2006-02-07T15:37:00.000Z,SELL,0.01,1,1,10.00,1,10180.00
2006-02-07T15:37:00.000Z,2006-02-07T20:21:00.000Z,SELL,0.01,1,1,10.00,1,10190.00
2006-02-07T20:21:00.000Z,2006-02-13T19:13:00.000Z,SELL,0.01,1,1,10.00,1,10200.00
2006-02-13T19:13:00.000Z,2006-03-02T20:14:00.000Z,SELL,0.01,2,1,10.00,2,10210.00
2006-03-02T20:14:00.000Z,2006-03-06T18:24:00.000Z,SELL,0.01,1,1,10.00,1,10220.00
2006-03-06T18:24:00.000Z,2006-03-07T17:07:00.000Z,SELL,0.01,1,1,10.00,1,10230.00
2006-03-07T17:07:00.000Z,2006-03-08T18:24:00.000Z,SELL,0.01,1,1,10.00,1,10240.00
2006-03-08T18:24:00.000Z,2006-03-28T16:21:00.000Z,SELL,0.01,2,1,10.00,2,10250.00
2006-03-28T16:21:00.000Z,2006-04-10T20:23:00.000Z,SELL,0.01,2,1,10.00,2,10260.00
2006-04-10T20:23:00.000Z,2006-04-19T19:09:00.000Z,SELL,0.01,2,1,10.00,2,10270.00
2006-04-19T19:09:00.000Z,2006-04-20T16:40:00.000Z,SELL,0.01,1,1,10.00,1,10280.00
2006-04-20T16:40:00.000Z,2006-04-20T16:51:00.000Z,SELL,0.01,1,1,10.00,1,10290.00
2006-04-20T16:51:00.000Z,2006-04-24T01:19:00.000Z,SELL,0.01,2,1,10.00,2,10300.00
2006-04-24T01:19:00.000Z,2006-04-24T06:45:00.000Z,SELL,0.01,1,1,10.00,1,10310.00
2006-04-24T06:45:00.000Z,2006-05-01T05:55:00.000Z,SELL,0.01,2,1,10.00,2,10320.00
2006-05-01T05:55:00.000Z,2006-05-09T15:26:00.000Z,SELL,0.01,2,1,10.00,2,10330.00
2006-05-09T15:26:00.000Z,2006-05-11T14:56:00.000Z,SELL,0.01,2,1,10.00,2,10340.00
2006-05-11T14:56:00.000Z,2006-05-12T18:40:00.000Z,SELL,0.01,1,1,10.00,1,10350.00
2006-05-12T18:40:00.000Z,2006-05-15T10:01:00.000Z,SELL,0.01,1,1,10.00,1,10360.00
2006-05-15T10:01:00.000Z,2006-05-15T10:10:00.000Z,SELL,0.01,1,1,10.00,1,10370.00
2006-05-15T10:10:00.000Z,2006-05-15T22:27:00.000Z,SELL,0.01,1,1,10.00,1,10380.00
2006-05-15T22:27:00.000Z,2006-05-17T09:04:00.000Z,SELL,0.01,2,1,10.00,2,10390.00
2006-05-17T09:04:00.000Z,2006-05-17T15:27:00.000Z,SELL,0.01,1,1,10.00,1,10400.00
2006-05-17T15:27:00.000Z,2006-05-17T17:31:00.000Z,SELL,0.01,1,1,10.00,1,10410.00
2006-05-17T17:31:00.000Z,2006-05-19T14:20:00.000Z,SELL,0.01,1,1,10.00,1,10420.00
2006-05-19T14:20:00.000Z,2006-05-19T14:55:00.000Z,SELL,0.01,1,1,10.00,1,10430.00
2006-05-19T14:55:00.000Z,2006-05-19T16:20:00.000Z,SELL,0.01,1,1,10.00,1,10440.00
2006-05-19T16:20:00.000Z,2006-05-22T07:40:00.000Z,SELL,0.01,1,1,10.00,1,10450.00
2006-05-22T07:40:00.000Z,2006-06-01T07:32:00.000Z,SELL,0.01,3,1,10.00,3,10460.00
2006-06-01T07:32:00.000Z,2006-06-01T14:58:00.000Z,SELL,0.01,1,1,10.00,1,10470.00
2006-06-01T14:58:00.000Z,2006-06-08T15:42:00.000Z,SELL,0.01,3,1,10.00,3,10480.00
2006-06-08T15:42:00.000Z,2006-06-09T09:33:00.000Z,SELL,0.01,1,1,10.00,1,10490.00
2006-06-09T09:33:00.000Z,2006-06-13T07:56:00.000Z,SELL,0.01,1,1,10.00,1,10500.00
2006-06-13T07:56:00.000Z,2006-06-13T14:56:00.000Z,SELL,0.01,1,1,10.00,1,10510.00
2006-06-13T14:56:00.000Z,2006-06-13T17:38:00.000Z,SELL,0.01,1,1,10.00,1,10520.00
2006-06-13T17:38:00.000Z,2006-06-13T19:14:00.000Z,SELL,0.01,1,1,10.00,1,10530.00
2006-06-13T19:14:00.000Z,2006-06-14T05:39:00.000Z,SELL,0.01,1,1,10.00,1,10540.00
2006-06-14T05:39:00.000Z,2006-06-14T06:17:00.000Z,SELL,0.01,1,1,10.00,1,10550.00
2006-06-14T06:17:00.000Z,2006-06-15T09:53:00.000Z,SELL,0.01,2,1,10.00,2,10560.00
2006-06-15T09:53:00.000Z,2006-06-20T01:30:00.000Z,SELL,0.01,1,1,10.00,1,10570.00
2006-06-20T01:30:00.000Z,2006-06-22T03:48:00.000Z,SELL,0.01,2,1,10.00,2,10580.00
2006-06-22T03:48:00.000Z,2006-06-22T16:20:00.000Z,SELL,0.01,1,1,10.00,1,10590.00
2006-06-22T16:20:00.000Z,2006-06-23T14:21:00.000Z,SELL,0.01,1,1,10.00,1,10600.00
2006-06-23T14:21:00.000Z,2006-06-30T14:32:00.000Z,SELL,0.01,2,1,10.00,2,10610.00
2006-06-30T14:32:00.000Z,2006-07-06T17:33:00.000Z,SELL,0.01,2,1,10.00,2,10620.00
2006-07-06T17:33:00.000Z,2006-07-10T13:08:00.000Z,SELL,0.01,1,1,10.00,1,10630.00
2006-07-10T13:08:00.000Z,2006-07-12T16:42:00.000Z,SELL,0.01,2,1,10.00,2,10640.00
2006-07-12T16:42:00.000Z,2006-07-12T18:39:00.000Z,SELL,0.01,1,1,10.00,1,10650.00
2006-07-12T18:39:00.000Z,2006-07-17T02:27:00.000Z,SELL,0.01,2,1,10.00,2,10660.00
2006-07-17T02:27:00.000Z,2006-07-17T14:23:00.000Z,SELL,0.01,1,1,10.00,1,10670.00
2006-07-17T14:23:00.000Z,2006-07-17T15:17:00.000Z,SELL,0.01,1,1,10.00,1,10680.00
2006-07-17T15:17:00.000Z,2006-07-17T21:30:00.000Z,SELL,0.01,1,1,10.00,1,10690.00
2006-07-17T21:30:00.000Z,2006-07-18T19:16:00.000Z,SELL,0.01,1,1,10.00,1,10700.00
2006-07-18T19:16:00.000Z,2006-07-19T12:27:00.000Z,SELL,0.01,1,1,10.00,1,10710.00
2006-07-19T12:27:00.000Z,2006-07-24T14:35:00.000Z,SELL,0.01,3,1,10.00,3,10720.00
2006-07-24T14:35:00.000Z,2006-08-01T17:34:00.000Z,SELL,0.01,2,1,10.00,2,10730.00
2006-08-01T17:34:00.000Z,2006-08-11T17:45:00.000Z,SELL,0.01,1,1,10.00,1,10740.00
2006-08-11T17:45:00.000Z,2006-08-17T18:27:00.000Z,SELL,0.01,1,1,10.00,1,10750.00
2006-08-17T18:27:00.000Z,2006-08-18T17:46:00.000Z,SELL,0.01,1,1,10.00,1,10760.00
2006-08-18T17:46:00.000Z,2006-09-05T18:01:00.000Z,SELL,0.01,4,1,10.00,4,10770.00
2006-09-05T18:01:00.000Z,2006-09-07T14:20:00.000Z,SELL,0.01,1,1,10.00,1,10780.00
2006-09-07T14:20:00.000Z,2006-09-07T16:19:00.000Z,SELL,0.01,1,1,10.00,1,10790.00
2006-09-07T16:19:00.000Z,2006-09-08T14:53:00.000Z,SELL,0.01,1,1,10.00,1,10800.00
2006-09-08T14:53:00.000Z,2006-09-11T04:06:00.000Z,SELL,0.01,1,1,10.00,1,10810.00
2006-09-11T04:06:00.000Z,2006-09-11T15:53:00.000Z,SELL,0.01,1,1,10.00,1,10820.00
2006-09-11T15:53:00.000Z,2006-09-14T19:08:00.000Z,SELL,0.01,1,1,10.00,1,10830.00
2006-09-14T19:08:00.000Z,2006-10-04T16:56:00.000Z,SELL,0.01,5,1,10.00,5,10840.00
2006-10-04T16:56:00.000Z,2006-10-19T15:51:00.000Z,SELL,0.01,2,1,10.00,2,10850.00
2006-10-19T15:51:00.000Z,2006-10-23T10:32:00.000Z,SELL,0.01,1,1,10.00,1,10860.00
2006-10-23T10:32:00.000Z,2006-10-24T07:00:00.000Z,SELL,0.01,1,1,10.00,1,10870.00
2006-10-24T07:00:00.000Z,2006-10-30T16:42:00.000Z,SELL,0.01,2,1,10.00,2,10880.00
2006-10-30T16:42:00.000Z,2006-11-27T01:07:00.000Z,SELL,0.01,2,1,10.00,2,10890.00
2006-11-27T01:07:00.000Z,2006-12-06T19:58:00.000Z,SELL,0.01,1,1,10.00,1,10900.00
2006-12-06T19:58:00.000Z,2006-12-15T19:12:00.000Z,SELL,0.01,1,1,10.00,1,10910.00
2006-12-15T19:12:00.000Z,2007-01-05T15:55:00.000Z,SELL,0.01,3,1,10.00,3,10920.00
2007-01-05T15:55:00.000Z,2007-01-22T15:41:00.000Z,SELL,0.01,2,1,10.00,2,10930.00
2007-01-22T15:41:00.000Z,2007-02-09T18:19:00.000Z,SELL,0.01,2,1,10.00,2,10940.00
2007-02-09T18:19:00.000Z,2007-02-20T16:46:00.000Z,SELL,0.01,1,1,10.00,1,10950.00
2007-02-20T16:46:00.000Z,2007-02-23T16:26:00.000Z,SELL,0.01,2,1,10.00,2,10960.00
2007-02-23T16:26:00.000Z,2007-02-27T14:52:00.000Z,SELL,0.01,1,1,10.00,1,10970.00
2007-02-27T14:52:00.000Z,2007-02-27T21:02:00.000Z,SELL,0.01,1,1,10.00,1,10980.00
2007-02-27T21:02:00.000Z,2007-03-02T14:04:00.000Z,SELL,0.01,1,1,10.00,1,10990.00
2007-03-02T14:04:00.000Z,2007-03-02T17:15:00.000Z,SELL,0.01,1,1,10.00,1,11000.00
2007-03-02T17:15:00.000Z,2007-03-05T12:04:00.000Z,SELL,0.01,1,1,10.00,1,11010.00
2007-03-05T12:04:00.000Z,2007-03-22T15:15:00.000Z,SELL,0.01,2,1,10.00,2,11020.00
2007-03-22T15:15:00.000Z,2007-03-23T16:09:00.000Z,SELL,0.01,1,1,10.00,1,11030.00
2007-03-23T16:09:00.000Z,2007-04-13T18:01:00.000Z,SELL,0.01,2,1,10.00,2,11040.00
2007-04-13T18:01:00.000Z,2007-04-26T14:36:00.000Z,SELL,0.01,1,1,10.00,1,11050.00
2007-04-26T14:36:00.000Z,2007-05-10T19:23:00.000Z,SELL,0.01,1,1,10.00,1,11060.00
2007-05-10T19:23:00.000Z,2007-05-17T17:05:00.000Z,SELL,0.01,1,1,10.00,1,11070.00
2007-05-17T17:05:00.000Z,2007-06-08T17:12:00.000Z,SELL,0.01,1,1,10.00,1,11080.00
2007-06-08T17:12:00.000Z,2007-07-19T15:13:00.000Z,SELL,0.01,2,1,10.00,2,11090.00
2007-07-19T15:13:00.000Z,2007-07-26T17:33:00.000Z,SELL,0.01,1,1,10.00,1,11100.00
2007-07-26T17:33:00.000Z,2007-08-16T16:24:00.000Z,SELL,0.01,1,1,10.00,1,11110.00
2007-08-16T16:24:00.000Z,2007-08-16T19:07:00.000Z,SELL,0.01,1,1,10.00,1,11120.00
2007-08-16T19:07:00.000Z,2007-08-31T14:20:00.000Z,SELL,0.01,2,1,10.00,2,11130.00
2007-08-31T14:20:00.000Z,2007-09-07T14:36:00.000Z,SELL,0.01,2,1,10.00,2,11140.00
2007-09-07T14:36:00.000Z,2007-09-20T15:06:00.000Z,SELL,0.01,2,1,10.00,2,11150.00
2007-09-20T15:06:00.000Z,2007-09-25T13:02:00.000Z,SELL,0.01,1,1,10.00,1,11160.00
2007-09-25T13:02:00.000Z,2007-10-11T18:40:00.000Z,SELL,0.01,4,1,10.00,4,11170.00
2007-10-11T18:40:00.000Z,2007-10-11T21:27:00.000Z,SELL,0.01,1,1,10.00,1,11180.00
2007-10-11T21:27:00.000Z,2007-10-26T05:12:00.000Z,SELL,0.01,2,1,10.00,2,11190.00
2007-10-26T05:12:00.000Z,2007-11-02T17:40:00.000Z,SELL,0.01,2,1,10.00,2,11200.00
2007-11-02T17:40:00.000Z,2007-11-07T03:28:00.000Z,SELL,0.01,2,1,10.00,2,11210.00
2007-11-07T03:28:00.000Z,2007-11-12T02:08:00.000Z,SELL,0.01,1,1,10.00,1,11220.00
2007-11-12T02:08:00.000Z,2007-11-12T13:24:00.000Z,SELL,0.01,1,1,10.00,1,11230.00
2007-11-12T13:24:00.000Z,2007-11-12T15:25:00.000Z,SELL,0.01,1,1,10.00,1,11240.00
2007-11-12T15:25:00.000Z,2007-11-12T22:10:00.000Z,SELL,0.01,1,1,10.00,1,11250.00
2007-11-12T22:10:00.000Z,2007-11-19T16:07:00.000Z,SELL,0.01,3,1,10.00,3,11260.00
2007-11-19T16:07:00.000Z,2007-11-23T08:19:00.000Z,SELL,0.01,2,1,10.00,2,11270.00
2007-11-23T08:19:00.000Z,2007-11-28T08:52:00.000Z,SELL,0.01,3,1,10.00,3,11280.00
2007-11-28T08:52:00.000Z,2007-11-28T10:49:00.000Z,SELL,0.01,1,1,10.00,1,11290.00
2007-11-28T10:49:00.000Z,2007-11-30T16:09:00.000Z,SELL,0.01,1,1,10.00,1,11300.00
2007-11-30T16:09:00.000Z,2007-12-10T15:48:00.000Z,SELL,0.01,2,1,10.00,2,11310.00
2007-12-10T15:48:00.000Z,2007-12-11T21:37:00.000Z,SELL,0.01,1,1,10.00,1,11320.00
2007-12-11T21:37:00.000Z,2007-12-14T12:39:00.000Z,SELL,0.01,1,1,10.00,1,11330.00
2007-12-14T12:39:00.000Z,2007-12-26T16:37:00.000Z,SELL,0.01,2,1,10.00,2,11340.00
2007-12-26T16:37:00.000Z,2008-01-02T16:59:00.000Z,SELL,0.01,2,1,10.00,2,11350.00
2008-01-02T16:59:00.000Z,2008-01-09T01:05:00.000Z,SELL,0.01,2,1,10.00,2,11360.00
2008-01-09T01:05:00.000Z,2008-01-10T13:47:00.000Z,SELL,0.01,1,1,10.00,1,11370.00
2008-01-10T13:47:00.000Z,2008-01-14T08:00:00.000Z,SELL,0.01,2,1,10.00,2,11380.00
2008-01-14T08:00:00.000Z,2008-01-15T22:09:00.000Z,SELL,0.01,1,1,10.00,1,11390.00
2008-01-15T22:09:00.000Z,2008-01-16T11:25:00.000Z,SELL,0.01,1,1,10.00,1,11400.00
2008-01-16T11:25:00.000Z,2008-01-21T12:07:00.000Z,SELL,0.01,1,1,10.00,1,11410.00
2008-01-21T12:07:00.000Z,2008-01-22T01:05:00.000Z,SELL,0.01,1,1,10.00,1,11420.00
2008-01-22T01:05:00.000Z,2008-01-22T16:42:00.000Z,SELL,0.01,2,1,10.00,2,11430.00
2008-01-22T16:42:00.000Z,2008-01-23T14:26:00.000Z,SELL,0.01,1,1,10.00,1,11440.00
2008-01-23T14:26:00.000Z,2008-01-24T15:32:00.000Z,SELL,0.01,2,1,10.00,2,11450.00
2008-01-24T15:32:00.000Z,2008-02-04T10:43:00.000Z,SELL,0.01,3,1,10.00,3,11460.00
2008-02-04T10:43:00.000Z,2008-02-05T10:15:00.000Z,SELL,0.01,1,1,10.00,1,11470.00
2008-02-05T10:15:00.000Z,2008-02-08T16:28:00.000Z,SELL,0.01,2,1,10.00,2,11480.00
2008-02-08T16:28:00.000Z,2008-02-12T17:52:00.000Z,SELL,0.01,1,1,10.00,1,11490.00
2008-02-12T17:52:00.000Z,2008-02-13T08:38:00.000Z,SELL,0.01,1,1,10.00,1,11500.00
2008-02-13T08:38:00.000Z,2008-02-19T16:59:00.000Z,SELL,0.01,2,1,10.00,2,11510.00
2008-02-19T16:59:00.000Z,2008-02-20T14:49:00.000Z,SELL,0.01,1,1,10.00,1,11520.00
2008-02-20T14:49:00.000Z,2008-02-21T09:39:00.000Z,SELL,0.01,2,1,10.00,2,11530.00
2008-02-21T09:39:00.000Z,2008-02-22T16:24:00.000Z,SELL,0.01,1,1,10.00,1,11540.00
2008-02-22T16:24:00.000Z,2008-02-26T09:03:00.000Z,SELL,0.01,1,1,10.00,1,11550.00
2008-02-26T09:03:00.000Z,2008-02-27T09:13:00.000Z,SELL,0.01,2,1,10.00,2,11560.00
2008-02-27T09:13:00.000Z,2008-03-03T15:30:00.000Z,SELL,0.01,2,1,10.00,2,11570.00
2008-03-03T15:30:00.000Z,2008-03-04T17:05:00.000Z,SELL,0.01,1,1,10.00,1,11580.00
2008-03-04T17:05:00.000Z,2008-03-04T17:21:00.000Z,SELL,0.01,1,1,10.00,1,11590.00
2008-03-04T17:21:00.000Z,2008-03-04T20:14:00.000Z,SELL,0.01,1,1,10.00,1,11600.00
2008-03-04T20:14:00.000Z,2008-03-05T17:18:00.000Z,SELL,0.01,2,1,10.00,2,11610.00
2008-03-05T17:18:00.000Z,2008-03-06T15:54:00.000Z,SELL,0.01,1,1,10.00,1,11620.00
2008-03-06T15:54:00.000Z,2008-03-06T18:14:00.000Z,SELL,0.01,1,1,10.00,1,11630.00
2008-03-06T18:14:00.000Z,2008-03-13T12:51:00.000Z,SELL,0.01,4,1,10.00,4,11640.00
2008-03-13T12:51:00.000Z,2008-03-17T02:28:00.000Z,SELL,0.01,2,1,10.00,2,11650.00
2008-03-17T02:28:00.000Z,2008-03-17T13:20:00.000Z,SELL,0.01,1,1,10.00,1,11660.00
2008-03-17T13:20:00.000Z,2008-03-17T13:52:00.000Z,SELL,0.01,1,1,10.00,1,11670.00
2008-03-17T13:52:00.000Z,2008-03-17T18:38:00.000Z,SELL,0.01,1,1,10.00,1,11680.00
2008-03-17T18:38:00.000Z,2008-03-18T20:08:00.000Z,SELL,0.01,1,1,10.00,1,11690.00
2008-03-18T20:08:00.000Z,2008-03-19T13:48:00.000Z,SELL,0.01,1,1,10.00,1,11700.00
2008-03-19T13:48:00.000Z,2008-03-19T14:38:00.000Z,SELL,0.01,1,1,10.00,1,11710.00
2008-03-19T14:38:00.000Z,2008-03-19T14:51:00.000Z,SELL,0.01,1,1,10.00,1,11720.00
2008-03-19T14:51:00.000Z,2008-03-19T16:39:00.000Z,SELL,0.01,1,1,10.00,1,11730.00
2008-03-19T16:39:00.000Z,2008-03-20T01:22:00.000Z,SELL,0.01,1,1,10.00,1,11740.00
2008-03-20T01:22:00.000Z,2008-03-20T01:39:00.000Z,SELL,0.01,1,1,10.00,1,11750.00
2008-03-20T01:39:00.000Z,2008-03-20T10:39:00.000Z,SELL,0.01,1,1,10.00,1,11760.00
2008-03-20T10:39:00.000Z,2008-03-26T10:44:00.000Z,SELL,0.01,2,1,10.00,2,11770.00
2008-03-26T10:44:00.000Z,2008-03-28T14:07:00.000Z,SELL,0.01,1,1,10.00,1,11780.00
2008-03-28T14:07:00.000Z,2008-03-28T17:05:00.000Z,SELL,0.01,1,1,10.00,1,11790.00
2008-03-28T17:05:00.000Z,2008-03-31T20:02:00.000Z,SELL,0.01,1,1,10.00,1,11800.00
2008-03-31T20:02:00.000Z,2008-04-01T09:30:00.000Z,SELL,0.01,1,1,10.00,1,11810.00
2008-04-01T09:30:00.000Z,2008-04-01T09:42:00.000Z,SELL,0.01,1,1,10.00,1,11820.00
2008-04-01T09:42:00.000Z,2008-04-01T16:22:00.000Z,SELL,0.01,1,1,10.00,1,11830.00
2008-04-01T16:22:00.000Z,2008-04-01T16:35:00.000Z,SELL,0.01,1,1,10.00,1,11840.00
2008-04-01T16:35:00.000Z,2008-04-02T21:05:00.000Z,SELL,0.01,2,1,10.00,2,11850.00
2008-04-02T21:05:00.000Z,2008-04-03T13:46:00.000Z,SELL,0.01,1,1,10.00,1,11860.00
2008-04-03T13:46:00.000Z,2008-04-07T15:44:00.000Z,SELL,0.01,2,1,10.00,2,11870.00
2008-04-07T15:44:00.000Z,2008-04-08T14:29:00.000Z,SELL,0.01,1,1,10.00,1,11880.00
2008-04-08T14:29:00.000Z,2008-04-16T14:37:00.000Z,SELL,0.01,2,1,10.00,2,11890.00
2008-04-16T14:37:00.000Z,2008-04-18T13:51:00.000Z,SELL,0.01,1,1,10.00,1,11900.00
2008-04-18T13:51:00.000Z,2008-04-18T13:55:00.000Z,SELL,0.01,1,1,10.00,1,11910.00
2008-04-18T13:55:00.000Z,2008-04-18T14:37:00.000Z,SELL,0.01,1,1,10.00,1,11920.00
2008-04-18T14:37:00.000Z,2008-04-23T15:20:00.000Z,SELL,0.01,1,1,10.00,1,11930.00
2008-04-23T15:20:00.000Z,2008-04-24T16:50:00.000Z,SELL,0.01,1,1,10.00,1,11940.00
2008-04-24T16:50:00.000Z,2008-04-25T09:50:00.000Z,SELL,0.01,1,1,10.00,1,11950.00
2008-04-25T09:50:00.000Z,2008-04-29T21:21:00.000Z,SELL,0.01,1,1,10.00,1,11960.00
2008-04-29T21:21:00.000Z,2008-05-01T14:34:00.000Z,SELL,0.01,1,1,10.00,1,11970.00
2008-05-01T14:34:00.000Z,2008-05-01T16:33:00.000Z,SELL,0.01,1,1,10.00,1,11980.00
2008-05-01T16:33:00.000Z,2008-05-06T15:44:00.000Z,SELL,0.01,2,1,10.00,2,11990.00
2008-05-06T15:44:00.000Z,2008-05-07T12:08:00.000Z,SELL,0.01,1,1,10.00,1,12000.00
2008-05-07T12:08:00.000Z,2008-05-16T14:20:00.000Z,SELL,0.01,4,1,10.00,4,12010.00
2008-05-16T14:20:00.000Z,2008-05-21T19:06:00.000Z,SELL,0.01,2,1,10.00,2,12020.00
2008-05-21T19:06:00.000Z,2008-05-22T16:30:00.000Z,SELL,0.01,1,1,10.00,1,12030.00
2008-05-22T16:30:00.000Z,2008-05-27T15:21:00.000Z,SELL,0.01,1,1,10.00,1,12040.00
2008-05-27T15:21:00.000Z,2008-05-28T10:17:00.000Z,SELL,0.01,1,1,10.00,1,12050.00
2008-05-28T10:17:00.000Z,2008-05-29T14:57:00.000Z,SELL,0.01,1,1,10.00,1,12060.00
2008-05-29T14:57:00.000Z,2008-05-29T17:37:00.000Z,SELL,0.01,1,1,10.00,1,12070.00
2008-05-29T17:37:00.000Z,2008-06-05T14:18:00.000Z,SELL,0.01,1,1,10.00,1,12080.00
2008-06-05T14:18:00.000Z,2008-06-06T17:13:00.000Z,SELL,0.01,2,1,10.00,2,12090.00
2008-06-06T17:13:00.000Z,2008-06-10T08:59:00.000Z,SELL,0.01,1,1,10.00,1,12100.00
2008-06-10T08:59:00.000Z,2008-06-10T15:21:00.000Z,SELL,0.01,1,1,10.00,1,12110.00
2008-06-10T15:21:00.000Z,2008-06-10T17:55:00.000Z,SELL,0.01,1,1,10.00,1,12120.00
2008-06-10T17:55:00.000Z,2008-06-19T14:58:00.000Z,SELL,0.01,2,1,10.00,2,12130.00
2008-06-19T14:58:00.000Z,2008-06-23T14:33:00.000Z,SELL,0.01,1,1,10.00,1,12140.00
2008-06-23T14:33:00.000Z,2008-06-23T14:39:00.000Z,SELL,0.01,1,1,10.00,1,12150.00
2008-06-23T14:39:00.000Z,2008-06-26T14:28:00.000Z,SELL,0.01,2,1,10.00,2,12160.00
2008-06-26T14:28:00.000Z,2008-07-01T15:05:00.000Z,SELL,0.01,2,1,10.00,2,12170.00
2008-07-01T15:05:00.000Z,2008-07-07T04:14:00.000Z,SELL,0.01,1,1,10.00,1,12180.00
2008-07-07T04:14:00.000Z,2008-07-07T15:32:00.000Z,SELL,0.01,1,1,10.00,1,12190.00
2008-07-07T15:32:00.000Z,2008-07-10T21:52:00.000Z,SELL,0.01,2,1,10.00,2,12200.00
2008-07-10T21:52:00.000Z,2008-07-15T10:02:00.000Z,SELL,0.01,2,1,10.00,2,12210.00
2008-07-15T10:02:00.000Z,2008-07-16T16:40:00.000Z,SELL,0.01,1,1,10.00,1,12220.00
2008-07-16T16:40:00.000Z,2008-07-17T12:50:00.000Z,SELL,0.01,1,1,10.00,1,12230.00
2008-07-17T12:50:00.000Z,2008-07-22T17:23:00.000Z,SELL,0.01,5,1,10.00,5,12240.00
2008-07-22T17:23:00.000Z,2008-07-23T10:38:00.000Z,SELL,0.01,1,1,10.00,1,12250.00
2008-07-23T10:38:00.000Z,2008-07-23T16:10:00.000Z,SELL,0.01,1,1,10.00,1,12260.00
2008-07-23T16:10:00.000Z,2008-07-29T16:12:00.000Z,SELL,0.01,1,1,10.00,1,12270.00
2008-07-29T16:12:00.000Z,2008-07-30T12:04:00.000Z,SELL,0.01,1,1,10.00,1,12280.00
2008-07-30T12:04:00.000Z,2008-07-30T15:45:00.000Z,SELL,0.01,1,1,10.00,1,12290.00
2008-07-30T15:45:00.000Z,2008-07-31T15:14:00.000Z,SELL,0.01,2,1,10.00,2,12300.00
2008-07-31T15:14:00.000Z,2008-07-31T16:58:00.000Z,SELL,0.01,1,1,10.00,1,12310.00
2008-07-31T16:58:00.000Z,2008-08-01T14:34:00.000Z,SELL,0.01,1,1,10.00,1,12320.00
2008-08-01T14:34:00.000Z,2008-08-05T02:19:00.000Z,SELL,0.01,1,1,10.00,1,12330.00
2008-08-05T02:19:00.000Z,2008-08-05T09:55:00.000Z,SELL,0.01,1,1,10.00,1,12340.00
2008-08-05T09:55:00.000Z,2008-08-05T21:37:00.000Z,SELL,0.01,1,1,10.00,1,12350.00
2008-08-05T21:37:00.000Z,2008-08-08T09:22:00.000Z,SELL,0.01,1,1,10.00,1,12360.00
2008-08-08T09:22:00.000Z,2008-08-08T15:44:00.000Z,SELL,0.01,1,1,10.00,1,12370.00
2008-08-08T15:44:00.000Z,2008-08-11T17:49:00.000Z,SELL,0.01,1,1,10.00,1,12380.00
2008-08-11T17:49:00.000Z,2008-08-11T18:18:00.000Z,SELL,0.01,1,1,10.00,1,12390.00
2008-08-11T18:18:00.000Z,2008-08-11T18:34:00.000Z,SELL,0.01,1,1,10.00,1,12400.00
2008-08-11T18:34:00.000Z,2008-08-12T02:59:00.000Z,SELL,0.01,1,1,10.00,1,12410.00
2008-08-12T02:59:00.000Z,2008-08-15T01:19:00.000Z,SELL,0.01,3,1,10.00,3,12420.00
2008-08-15T01:19:00.000Z,2008-08-15T02:04:00.000Z,SELL,0.01,1,1,10.00,1,12430.00
2008-08-15T02:04:00.000Z,2008-08-15T10:32:00.000Z,SELL,0.01,1,1,10.00,1,12440.00
2008-08-15T10:32:00.000Z,2008-08-19T17:50:00.000Z,SELL,0.01,2,1,10.00,2,12450.00
2008-08-19T17:50:00.000Z,2008-08-20T17:13:00.000Z,SELL,0.01,1,1,10.00,1,12460.00
2008-08-20T17:13:00.000Z,2008-08-21T14:48:00.000Z,SELL,0.01,2,1,10.00,2,12470.00
2008-08-21T14:48:00.000Z,2008-08-25T02:16:00.000Z,SELL,0.01,1,1,10.00,1,12480.00
2008-08-25T02:16:00.000Z,2008-08-26T11:05:00.000Z,SELL,0.01,1,1,10.00,1,12490.00
2008-08-26T11:05:00.000Z,2008-08-28T13:54:00.000Z,SELL,0.01,2,1,10.00,2,12500.00
2008-08-28T13:54:00.000Z,2008-08-28T17:27:00.000Z,SELL,0.01,1,1,10.00,1,12510.00
2008-08-28T17:27:00.000Z,2008-09-01T16:22:00.000Z,SELL,0.01,1,1,10.00,1,12520.00
2008-09-01T16:22:00.000Z,2008-09-02T08:34:00.000Z,SELL,0.01,1,1,10.00,1,12530.00
2008-09-02T08:34:00.000Z,2008-09-02T14:29:00.000Z,SELL,0.01,1,1,10.00,1,12540.00
2008-09-02T14:29:00.000Z,2008-09-09T14:53:00.000Z,SELL,0.01,1,1,10.00,1,12550.00
2008-09-09T14:53:00.000Z,2008-09-09T15:39:00.000Z,SELL,0.01,1,1,10.00,1,12560.00
2008-09-09T15:39:00.000Z,2008-09-10T01:31:00.000Z,SELL,0.01,1,1,10.00,1,12570.00
2008-09-10T01:31:00.000Z,2008-09-10T18:01:00.000Z,SELL,0.01,1,1,10.00,1,12580.00
2008-09-10T18:01:00.000Z,2008-09-11T09:47:00.000Z,SELL,0.01,1,1,10.00,1,12590.00
2008-09-11T09:47:00.000Z,2008-09-11T16:03:00.000Z,SELL,0.01,1,1,10.00,1,12600.00
2008-09-11T16:03:00.000Z,2008-09-15T01:05:00.000Z,SELL,0.01,2,1,10.00,2,12610.00
2008-09-15T01:05:00.000Z,2008-09-17T15:44:00.000Z,SELL,0.01,2,1,10.00,2,12620.00
2008-09-17T15:44:00.000Z,2008-09-17T16:38:00.000Z,SELL,0.01,2,1,10.00,2,12630.00
2008-09-17T16:38:00.000Z,2008-09-17T19:40:00.000Z,SELL,0.01,2,1,10.00,2,12640.00
2008-09-17T19:40:00.000Z,2008-09-18T02:27:00.000Z,SELL,0.01,2,1,10.00,2,12650.00
2008-09-18T02:27:00.000Z,2008-09-18T03:27:00.000Z,SELL,0.01,1,1,10.00,1,12660.00
2008-09-18T03:27:00.000Z,2008-09-18T04:33:00.000Z,SELL,0.01,1,1,10.00,1,12670.00
2008-09-18T04:33:00.000Z,2008-09-18T05:09:00.000Z,SELL,0.01,1,1,10.00,1,12680.00
2008-09-18T05:09:00.000Z,2008-09-18T18:47:00.000Z,SELL,0.01,4,1,10.00,4,12690.00
2008-09-18T18:47:00.000Z,2008-09-18T21:04:00.000Z,SELL,0.01,3,1,10.00,3,12700.00
2008-09-18T21:04:00.000Z,2008-09-18T21:16:00.000Z,SELL,0.01,1,1,10.00,1,12710.00
2008-09-18T21:16:00.000Z,2008-09-18T21:33:00.000Z,SELL,0.01,1,1,10.00,1,12720.00
2008-09-18T21:33:00.000Z,2008-09-18T21:35:00.000Z,SELL,0.01,1,1,10.00,1,12730.00
2008-09-18T21:35:00.000Z,2008-09-19T09:39:00.000Z,SELL,0.01,1,1,10.00,1,12740.00
2008-09-19T09:39:00.000Z,2008-09-19T10:22:00.000Z,SELL,0.01,1,1,10.00,1,12750.00
2008-09-19T10:22:00.000Z,2008-09-19T14:24:00.000Z,SELL,0.01,2,1,10.00,2,12760.00
2008-09-19T14:24:00.000Z,2008-09-22T13:55:00.000Z,SELL,0.01,2,1,10.00,2,12770.00
2008-09-22T13:55:00.000Z,2008-09-22T14:34:00.000Z,SELL,0.01,1,1,10.00,1,12780.00
2008-09-22T14:34:00.000Z,2008-09-22T19:36:00.000Z,SELL,0.01,2,1,10.00,2,12790.00
2008-09-22T19:36:00.000Z,2008-09-23T05:29:00.000Z,SELL,0.01,1,1,10.00,1,12800.00
2008-09-23T05:29:00.000Z,2008-09-23T05:31:00.000Z,SELL,0.01,1,1,10.00,1,12810.00
2008-09-23T05:31:00.000Z,2008-09-25T16:20:00.000Z,SELL,0.01,1,1,10.00,1,12820.00
2008-09-25T16:20:00.000Z,2008-09-25T16:32:00.000Z,SELL,0.01,1,1,10.00,1,12830.00
2008-09-25T16:32:00.000Z,2008-09-26T15:46:00.000Z,SELL,0.01,2,1,10.00,2,12840.00
2008-09-26T15:46:00.000Z,2008-09-26T17:50:00.000Z,SELL,0.01,1,1,10.00,1,12850.00
2008-09-26T17:50:00.000Z,2008-09-29T01:05:00.000Z,SELL,0.01,1,1,10.00,1,12860.00
2008-09-29T01:05:00.000Z,2008-09-29T16:05:00.000Z,SELL,0.01,2,1,10.00,2,12870.00
2008-09-29T16:05:00.000Z,2008-09-29T16:26:00.000Z,SELL,0.01,1,1,10.00,1,12880.00
2008-09-29T16:26:00.000Z,2008-09-29T21:37:00.000Z,SELL,0.01,2,1,10.00,2,12890.00
2008-09-29T21:37:00.000Z,2008-09-29T21:45:00.000Z,SELL,0.01,1,1,10.00,1,12900.00
2008-09-29T21:45:00.000Z,2008-09-29T21:54:00.000Z,SELL,0.01,1,1,10.00,1,12910.00
2008-09-29T21:54:00.000Z,2008-09-30T10:37:00.000Z,SELL,0.01,1,1,10.00,1,12920.00
2008-09-30T10:37:00.000Z,2008-09-30T14:41:00.000Z,SELL,0.01,1,1,10.00,1,12930.00
2008-09-30T14:41:00.000Z,2008-09-30T17:07:00.000Z,SELL,0.01,1,1,10.00,1,12940.00
2008-09-30T17:07:00.000Z,2008-09-30T20:10:00.000Z,SELL,0.01,1,1,10.00,1,12950.00
2008-09-30T20:10:00.000Z,2008-10-01T18:44:00.000Z,SELL,0.01,2,1,10.00,2,12960.00
2008-10-01T18:44:00.000Z,2008-10-01T19:27:00.000Z,SELL,0.01,1,1,10.00,1,12970.00
2008-10-01T19:27:00.000Z,2008-10-01T20:41:00.000Z,SELL,0.01,1,1,10.00,1,12980.00
2008-10-01T20:41:00.000Z,2008-10-02T14:32:00.000Z,SELL,0.01,1,1,10.00,1,12990.00
2008-10-02T14:32:00.000Z,2008-10-02T14:57:00.000Z,SELL,0.01,1,1,10.00,1,13000.00
2008-10-02T14:57:00.000Z,2008-10-02T16:36:00.000Z,SELL,0.01,1,1,10.00,1,13010.00
2008-10-02T16:36:00.000Z,2008-10-02T16:45:00.000Z,SELL,0.01,1,1,10.00,1,13020.00
2008-10-02T16:45:00.000Z,2008-10-03T15:21:00.000Z,SELL,0.01,1,1,10.00,1,13030.00
2008-10-03T15:21:00.000Z,2008-10-06T12:30:00.000Z,SELL,0.01,2,1,10.00,2,13040.00
2008-10-06T12:30:00.000Z,2008-10-07T10:37:00.000Z,SELL,0.01,2,1,10.00,2,13050.00
2008-10-07T10:37:00.000Z,2008-10-07T18:48:00.000Z,SELL,0.01,1,1,10.00,1,13060.00
2008-10-07T18:48:00.000Z,2008-10-08T08:42:00.000Z,SELL,0.01,2,1,10.00,2,13070.00
2008-10-08T08:42:00.000Z,2008-10-09T06:01:00.000Z,SELL,0.01,3,1,10.00,3,13080.00
2008-10-09T06:01:00.000Z,2008-10-09T22:11:00.000Z,SELL,0.01,2,1,10.00,2,13090.00
2008-10-09T22:11:00.000Z,2008-10-10T04:09:00.000Z,SELL,0.01,1,1,10.00,1,13100.00
2008-10-10T04:09:00.000Z,2008-10-10T14:31:00.000Z,SELL,0.01,3,1,10.00,3,13110.00
2008-10-10T14:31:00.000Z,2008-10-10T17:02:00.000Z,SELL,0.01,1,1,10.00,1,13120.00
2008-10-10T17:02:00.000Z,2008-10-10T18:46:00.000Z,SELL,0.01,1,1,10.00,1,13130.00
2008-10-10T18:46:00.000Z,2008-10-10T18:50:00.000Z,SELL,0.01,1,1,10.00,1,13140.00
2008-10-10T18:50:00.000Z,2008-10-10T19:28:00.000Z,SELL,0.01,1,1,10.00,1,13150.00
2008-10-10T19:28:00.000Z,2008-10-10T19:39:00.000Z,SELL,0.01,1,1,10.00,1,13160.00
2008-10-10T19:39:00.000Z,2008-10-10T19:40:00.000Z,SELL,0.01,1,1,10.00,1,13170.00
2008-10-10T19:40:00.000Z,2008-10-10T20:29:00.000Z,SELL,0.01,1,1,10.00,1,13180.00
2008-10-10T20:29:00.000Z,2008-10-13T01:05:00.000Z,SELL,0.01,2,1,10.00,2,13190.00
2008-10-13T01:05:00.000Z,2008-10-13T14:58:00.000Z,SELL,0.01,1,1,10.00,1,13200.00
2008-10-13T14:58:00.000Z,2008-10-13T15:54:00.000Z,SELL,0.01,1,1,10.00,1,13210.00
2008-10-13T15:54:00.000Z,2008-10-13T16:06:00.000Z,SELL,0.01,1,1,10.00,1,13220.00
2008-10-13T16:06:00.000Z,2008-10-16T15:36:00.000Z,SELL,0.01,3,1,10.00,3,13230.00
2008-10-16T15:36:00.000Z,2008-10-16T15:42:00.000Z,SELL,0.01,1,1,10.00,1,13240.00
2008-10-16T15:42:00.000Z,2008-10-16T15:44:00.000Z,SELL,0.01,1,1,10.00,1,13250.00
2008-10-16T15:44:00.000Z,2008-10-16T17:29:00.000Z,SELL,0.01,1,1,10.00,1,13260.00
2008-10-16T17:29:00.000Z,2008-10-17T16:19:00.000Z,SELL,0.01,3,1,10.00,3,13270.00
2008-10-17T16:19:00.000Z,2008-10-20T06:11:00.000Z,SELL,0.01,2,1,10.00,2,13280.00
2008-10-20T06:11:00.000Z,2008-10-20T13:13:00.000Z,SELL,0.01,1,1,10.00,1,13290.00
2008-10-20T13:13:00.000Z,2008-10-20T16:53:00.000Z,SELL,0.01,1,1,10.00,1,13300.00
2008-10-20T16:53:00.000Z,2008-10-21T13:33:00.000Z,SELL,0.01,1,1,10.00,1,13310.00
2008-10-21T13:33:00.000Z,2008-10-22T06:08:00.000Z,SELL,0.01,1,1,10.00,1,13320.00
2008-10-22T06:08:00.000Z,2008-10-22T12:47:00.000Z,SELL,0.01,1,1,10.00,1,13330.00
2008-10-22T12:47:00.000Z,2008-10-22T16:03:00.000Z,SELL,0.01,1,1,10.00,1,13340.00
2008-10-22T16:03:00.000Z,2008-10-22T19:12:00.000Z,SELL,0.01,1,1,10.00,1,13350.00
2008-10-22T19:12:00.000Z,2008-10-22T19:55:00.000Z,SELL,0.01,1,1,10.00,1,13360.00
2008-10-22T19:55:00.000Z,2008-10-23T12:23:00.000Z,SELL,0.01,1,1,10.00,1,13370.00
2008-10-23T12:23:00.000Z,2008-10-23T15:04:00.000Z,SELL,0.01,1,1,10.00,1,13380.00
2008-10-23T15:04:00.000Z,2008-10-24T10:27:00.000Z,SELL,0.01,3,1,10.00,3,13390.00
2008-10-24T10:27:00.000Z,2008-10-24T11:41:00.000Z,SELL,0.01,1,1,10.00,1,13400.00
2008-10-24T11:41:00.000Z,2008-10-24T14:54:00.000Z,SELL,0.01,2,1,10.00,2,13410.00
2008-10-24T14:54:00.000Z,2008-10-24T15:10:00.000Z,SELL,0.01,1,1,10.00,1,13420.00
2008-10-24T15:10:00.000Z,2008-10-24T18:18:00.000Z,SELL,0.01,2,1,10.00,2,13430.00
2008-10-24T18:18:00.000Z,2008-10-27T08:28:00.000Z,SELL,0.01,1,1,10.00,1,13440.00
2008-10-27T08:28:00.000Z,2008-10-27T09:35:00.000Z,SELL,0.01,1,1,10.00,1,13450.00
2008-10-27T09:35:00.000Z,2008-10-27T18:14:00.000Z,SELL,0.01,2,1,10.00,2,13460.00
2008-10-27T18:14:00.000Z,2008-10-27T19:30:00.000Z,SELL,0.01,1,1,10.00,1,13470.00
2008-10-27T19:30:00.000Z,2008-10-29T13:31:00.000Z,SELL,0.01,4,1,10.00,4,13480.00
2008-10-29T13:31:00.000Z,2008-10-29T18:19:00.000Z,SELL,0.01,1,1,10.00,1,13490.00
2008-10-29T18:19:00.000Z,2008-10-30T16:46:00.000Z,SELL,0.01,3,1,10.00,3,13500.00
2008-10-30T16:46:00.000Z,2008-10-31T01:30:00.000Z,SELL,0.01,1,1,10.00,1,13510.00
2008-10-31T01:30:00.000Z,2008-10-31T18:22:00.000Z,SELL,0.01,1,1,10.00,1,13520.00
2008-10-31T18:22:00.000Z,2008-11-04T16:40:00.000Z,SELL,0.01,2,1,10.00,2,13530.00
2008-11-04T16:40:00.000Z,2008-11-05T17:33:00.000Z,SELL,0.01,1,1,10.00,1,13540.00
2008-11-05T17:33:00.000Z,2008-11-06T17:23:00.000Z,SELL,0.01,1,1,10.00,1,13550.00
2008-11-06T17:23:00.000Z,2008-11-10T14:34:00.000Z,SELL,0.01,2,1,10.00,2,13560.00
2008-11-10T14:34:00.000Z,2008-11-10T16:54:00.000Z,SELL,0.01,1,1,10.00,1,13570.00
2008-11-10T16:54:00.000Z,2008-11-11T11:42:00.000Z,SELL,0.01,1,1,10.00,1,13580.00
2008-11-11T11:42:00.000Z,2008-11-11T16:47:00.000Z,SELL,0.01,1,1,10.00,1,13590.00
2008-11-11T16:47:00.000Z,2008-11-12T16:25:00.000Z,SELL,0.01,1,1,10.00,1,13600.00
2008-11-12T16:25:00.000Z,2008-11-12T21:36:00.000Z,SELL,0.01,1,1,10.00,1,13610.00
2008-11-12T21:36:00.000Z,2008-11-14T14:30:00.000Z,SELL,0.01,2,1,10.00,2,13620.00
2008-11-14T14:30:00.000Z,2008-11-21T14:39:00.000Z,SELL,0.01,4,1,10.00,4,13630.00
2008-11-21T14:39:00.000Z,2008-11-21T18:44:00.000Z,SELL,0.01,2,1,10.00,2,13640.00
2008-11-21T18:44:00.000Z,2008-11-24T04:45:00.000Z,SELL,0.01,1,1,10.00,1,13650.00
2008-11-24T04:45:00.000Z,2008-11-24T13:15:00.000Z,SELL,0.01,2,1,10.00,2,13660.00
2008-11-24T13:15:00.000Z,2008-11-25T02:16:00.000Z,SELL,0.01,1,1,10.00,1,13670.00
2008-11-25T02:16:00.000Z,2008-12-01T11:32:00.000Z,SELL,0.01,3,1,10.00,3,13680.00
2008-12-01T11:32:00.000Z,2008-12-01T14:26:00.000Z,SELL,0.01,1,1,10.00,1,13690.00
2008-12-01T14:26:00.000Z,2008-12-01T15:00:00.000Z,SELL,0.01,1,1,10.00,1,13700.00
2008-12-01T15:00:00.000Z,2008-12-01T22:58:00.000Z,SELL,0.01,1,1,10.00,1,13710.00
2008-12-01T22:58:00.000Z,2008-12-05T14:41:00.000Z,SELL,0.01,1,1,10.00,1,13720.00
2008-12-05T14:41:00.000Z,2008-12-05T16:12:00.000Z,SELL,0.01,1,1,10.00,1,13730.00
2008-12-05T16:12:00.000Z,2008-12-08T14:26:00.000Z,SELL,0.01,2,1,10.00,2,13740.00
2008-12-08T14:26:00.000Z,2008-12-08T16:02:00.000Z,SELL,0.01,1,1,10.00,1,13750.00
2008-12-08T16:02:00.000Z,2008-12-10T14:39:00.000Z,SELL,0.01,2,1,10.00,2,13760.00
2008-12-10T14:39:00.000Z,2008-12-11T12:55:00.000Z,SELL,0.01,2,1,10.00,2,13770.00
2008-12-11T12:55:00.000Z,2008-12-12T01:13:00.000Z,SELL,0.01,1,1,10.00,1,13780.00
2008-12-12T01:13:00.000Z,2008-12-16T20:24:00.000Z,SELL,0.01,2,1,10.00,2,13790.00
2008-12-16T20:24:00.000Z,2008-12-17T16:13:00.000Z,SELL,0.01,2,1,10.00,2,13800.00
2008-12-17T16:13:00.000Z,2008-12-17T16:50:00.000Z,SELL,0.01,1,1,10.00,1,13810.00
2008-12-17T16:50:00.000Z,2008-12-18T15:48:00.000Z,SELL,0.01,1,1,10.00,1,13820.00
2008-12-18T15:48:00.000Z,2008-12-19T01:40:00.000Z,SELL,0.01,1,1,10.00,1,13830.00
2008-12-19T01:40:00.000Z,2008-12-19T12:12:00.000Z,SELL,0.01,1,1,10.00,1,13840.00
2008-12-19T12:12:00.000Z,2008-12-26T19:04:00.000Z,SELL,0.01,2,1,10.00,2,13850.00
2008-12-26T19:04:00.000Z,2008-12-31T15:54:00.000Z,SELL,0.01,3,1,10.00,3,13860.00
2008-12-31T15:54:00.000Z,2009-01-05T14:37:00.000Z,SELL,0.01,3,1,10.00,3,13870.00
2009-01-05T14:37:00.000Z,2009-01-12T14:17:00.000Z,SELL,0.01,5,1,10.00,5,13880.00
2009-01-12T14:17:00.000Z,2009-01-12T14:26:00.000Z,SELL,0.01,1,1,10.00,1,13890.00
2009-01-12T14:26:00.000Z,2009-01-13T08:49:00.000Z,SELL,0.01,1,1,10.00,1,13900.00
2009-01-13T08:49:00.000Z,2009-01-15T16:30:00.000Z,SELL,0.01,1,1,10.00,1,13910.00
2009-01-15T16:30:00.000Z,2009-01-16T15:05:00.000Z,SELL,0.01,2,1,10.00,2,13920.00
2009-01-16T15:05:00.000Z,2009-01-20T09:03:00.000Z,SELL,0.01,1,1,10.00,1,13930.00
2009-01-20T09:03:00.000Z,2009-01-20T13:05:00.000Z,SELL,0.01,2,1,10.00,2,13940.00
2009-01-20T13:05:00.000Z,2009-01-21T16:40:00.000Z,SELL,0.01,1,1,10.00,1,13950.00
2009-01-21T16:40:00.000Z,2009-01-23T11:10:00.000Z,SELL,0.01,2,1,10.00,2,13960.00
2009-01-23T11:10:00.000Z,2009-01-26T11:18:00.000Z,SELL,0.01,2,1,10.00,2,13970.00
2009-01-26T11:18:00.000Z,2009-01-27T09:50:00.000Z,SELL,0.01,1,1,10.00,1,13980.00
2009-01-27T09:50:00.000Z,2009-01-28T10:56:00.000Z,SELL,0.01,1,1,10.00,1,13990.00
2009-01-28T10:56:00.000Z,2009-01-30T09:28:00.000Z,SELL,0.01,2,1,10.00,2,14000.00
2009-01-30T09:28:00.000Z,2009-02-02T07:31:00.000Z,SELL,0.01,1,1,10.00,1,14010.00
2009-02-02T07:31:00.000Z,2009-02-03T17:53:00.000Z,SELL,0.01,1,1,10.00,1,14020.00
2009-02-03T17:53:00.000Z,2009-02-05T14:44:00.000Z,SELL,0.01,2,1,10.00,2,14030.00
2009-02-05T14:44:00.000Z,2009-02-05T18:13:00.000Z,SELL,0.01,1,1,10.00,1,14040.00
2009-02-05T18:13:00.000Z,2009-02-09T02:08:00.000Z,SELL,0.01,1,1,10.00,1,14050.00
2009-02-09T02:08:00.000Z,2009-02-09T18:11:00.000Z,SELL,0.01,1,1,10.00,1,14060.00
2009-02-09T18:11:00.000Z,2009-02-11T11:43:00.000Z,SELL,0.01,2,1,10.00,2,14070.00
2009-02-11T11:43:00.000Z,2009-02-17T05:08:00.000Z,SELL,0.01,2,1,10.00,2,14080.00
2009-02-17T05:08:00.000Z,2009-02-18T21:31:00.000Z,SELL,0.01,2,1,10.00,2,14090.00
2009-02-18T21:31:00.000Z,2009-02-19T08:55:00.000Z,SELL,0.01,1,1,10.00,1,14100.00
2009-02-19T08:55:00.000Z,2009-02-20T18:53:00.000Z,SELL,0.01,2,1,10.00,2,14110.00
2009-02-20T18:53:00.000Z,2009-02-20T20:25:00.000Z,SELL,0.01,1,1,10.00,1,14120.00
2009-02-20T20:25:00.000Z,2009-02-23T09:14:00.000Z,SELL,0.01,1,1,10.00,1,14130.00
2009-02-23T09:14:00.000Z,2009-02-24T16:47:00.000Z,SELL,0.01,1,1,10.00,1,14140.00
2009-02-24T16:47:00.000Z,2009-02-24T18:02:00.000Z,SELL,0.01,1,1,10.00,1,14150.00
2009-02-24T18:02:00.000Z,2009-02-25T10:07:00.000Z,SELL,0.01,1,1,10.00,1,14160.00
2009-02-25T10:07:00.000Z,2009-02-26T13:46:00.000Z,SELL,0.01,3,1,10.00,3,14170.00
2009-02-26T13:46:00.000Z,2009-02-27T18:00:00.000Z,SELL,0.01,3,1,10.00,3,14180.00
2009-02-27T18:00:00.000Z,2009-03-03T15:37:00.000Z,SELL,0.01,3,1,10.00,3,14190.00
2009-03-03T15:37:00.000Z,2009-03-03T16:41:00.000Z,SELL,0.01,1,1,10.00,1,14200.00
2009-03-03T16:41:00.000Z,2009-03-04T20:04:00.000Z,SELL,0.01,1,1,10.00,1,14210.00
2009-03-04T20:04:00.000Z,2009-03-05T20:56:00.000Z,SELL,0.01,2,1,10.00,2,14220.00
2009-03-05T20:56:00.000Z,2009-03-09T17:09:00.000Z,SELL,0.01,1,1,10.00,1,14230.00
2009-03-09T17:09:00.000Z,2009-03-10T09:27:00.000Z,SELL,0.01,1,1,10.00,1,14240.00
2009-03-10T09:27:00.000Z,2009-03-10T15:15:00.000Z,SELL,0.01,1,1,10.00,1,14250.00
2009-03-10T15:15:00.000Z,2009-03-12T14:49:00.000Z,SELL,0.01,2,1,10.00,2,14260.00
2009-03-12T14:49:00.000Z,2009-03-16T14:16:00.000Z,SELL,0.01,1,1,10.00,1,14270.00
2009-03-16T14:16:00.000Z,2009-03-18T06:48:00.000Z,SELL,0.01,1,1,10.00,1,14280.00
2009-03-18T06:48:00.000Z,2009-03-18T15:28:00.000Z,SELL,0.01,1,1,10.00,1,14290.00
2009-03-18T15:28:00.000Z,2009-03-18T16:21:00.000Z,SELL,0.01,1,1,10.00,1,14300.00
2009-03-18T16:21:00.000Z,2009-03-18T19:22:00.000Z,SELL,0.01,2,1,10.00,2,14310.00
2009-03-18T19:22:00.000Z,2009-03-18T20:54:00.000Z,SELL,0.01,2,1,10.00,2,14320.00
2009-03-18T20:54:00.000Z,2009-03-18T23:02:00.000Z,SELL,0.01,1,1,10.00,1,14330.00
2009-03-18T23:02:00.000Z,2009-03-19T02:16:00.000Z,SELL,0.01,1,1,10.00,1,14340.00
2009-03-19T02:16:00.000Z,2009-03-19T16:11:00.000Z,SELL,0.01,2,1,10.00,2,14350.00
2009-03-19T16:11:00.000Z,2009-03-20T13:19:00.000Z,SELL,0.01,1,1,10.00,1,14360.00
2009-03-20T13:19:00.000Z,2009-03-23T20:43:00.000Z,SELL,0.01,1,1,10.00,1,14370.00
2009-03-23T20:43:00.000Z,2009-03-24T13:20:00.000Z,SELL,0.01,1,1,10.00,1,14380.00
2009-03-24T13:20:00.000Z,2009-03-25T13:17:00.000Z,SELL,0.01,1,1,10.00,1,14390.00
2009-03-25T13:17:00.000Z,2009-04-02T15:25:00.000Z,SELL,0.01,3,1,10.00,3,14400.00
2009-04-02T15:25:00.000Z,2009-04-02T17:08:00.000Z,SELL,0.01,1,1,10.00,1,14410.00
2009-04-02T17:08:00.000Z,2009-04-06T02:46:00.000Z,SELL,0.01,1,1,10.00,1,14420.00
2009-04-06T02:46:00.000Z,2009-04-06T05:18:00.000Z,SELL,0.01,1,1,10.00,1,14430.00
2009-04-06T05:18:00.000Z,2009-04-06T16:43:00.000Z,SELL,0.01,1,1,10.00,1,14440.00
2009-04-06T16:43:00.000Z,2009-04-13T14:46:00.000Z,SELL,0.01,2,1,10.00,2,14450.00
2009-04-13T14:46:00.000Z,2009-04-16T15:37:00.000Z,SELL,0.01,1,1,10.00,1,14460.00
2009-04-16T15:37:00.000Z,2009-04-16T20:40:00.000Z,SELL,0.01,1,1,10.00,1,14470.00
2009-04-16T20:40:00.000Z,2009-04-17T16:23:00.000Z,SELL,0.01,1,1,10.00,1,14480.00
2009-04-17T16:23:00.000Z,2009-04-21T14:28:00.000Z,SELL,0.01,2,1,10.00,2,14490.00
2009-04-21T14:28:00.000Z,2009-04-21T17:06:00.000Z,SELL,0.01,1,1,10.00,1,14500.00
2009-04-21T17:06:00.000Z,2009-04-27T01:05:00.000Z,SELL,0.01,2,1,10.00,2,14510.00
2009-04-27T01:05:00.000Z,2009-04-28T02:07:00.000Z,SELL,0.01,1,1,10.00,1,14520.00
2009-04-28T02:07:00.000Z,2009-04-28T02:08:00.000Z,SELL,0.01,1,1,10.00,1,14530.00
2009-04-28T02:08:00.000Z,2009-04-30T14:21:00.000Z,SELL,0.01,1,1,10.00,1,14540.00
2009-04-30T14:21:00.000Z,2009-05-05T14:39:00.000Z,SELL,0.01,2,1,10.00,2,14550.00
2009-05-05T14:39:00.000Z,2009-05-05T17:07:00.000Z,SELL,0.01,1,1,10.00,1,14560.00
2009-05-05T17:07:00.000Z,2009-05-15T16:40:00.000Z,SELL,0.01,2,1,10.00,2,14570.00
2009-05-15T16:40:00.000Z,2009-05-18T15:44:00.000Z,SELL,0.01,1,1,10.00,1,14580.00
2009-05-18T15:44:00.000Z,2009-05-21T20:09:00.000Z,SELL,0.01,2,1,10.00,2,14590.00
2009-05-21T20:09:00.000Z,2009-05-26T11:31:00.000Z,SELL,0.01,1,1,10.00,1,14600.00
2009-05-26T11:31:00.000Z,2009-05-29T11:09:00.000Z,SELL,0.01,2,1,10.00,2,14610.00
2009-05-29T11:09:00.000Z,2009-06-03T18:46:00.000Z,SELL,0.01,1,1,10.00,1,14620.00
2009-06-03T18:46:00.000Z,2009-06-05T20:31:00.000Z,SELL,0.01,3,1,10.00,3,14630.00
2009-06-05T20:31:00.000Z,2009-06-12T14:27:00.000Z,SELL,0.01,1,1,10.00,1,14640.00
2009-06-12T14:27:00.000Z,2009-06-15T08:53:00.000Z,SELL,0.01,1,1,10.00,1,14650.00
2009-06-15T08:53:00.000Z,2009-06-22T11:28:00.000Z,SELL,0.01,1,1,10.00,1,14660.00
2009-06-22T11:28:00.000Z,2009-07-08T17:08:00.000Z,SELL,0.01,3,1,10.00,3,14670.00
2009-07-08T17:08:00.000Z,2009-07-15T19:49:00.000Z,SELL,0.01,2,1,10.00,2,14680.00
2009-07-15T19:49:00.000Z,2009-07-29T15:41:00.000Z,SELL,0.01,1,1,10.00,1,14690.00
2009-07-29T15:41:00.000Z,2009-08-03T17:46:00.000Z,SELL,0.01,2,1,10.00,2,14700.00
2009-08-03T17:46:00.000Z,2009-08-04T10:19:00.000Z,SELL,0.01,1,1,10.00,1,14710.00
2009-08-04T10:19:00.000Z,2009-08-12T09:44:00.000Z,SELL,0.01,3,1,10.00,3,14720.00
2009-08-12T09:44:00.000Z,2009-08-17T14:36:00.000Z,SELL,0.01,1,1,10.00,1,14730.00
2009-08-17T14:36:00.000Z,2009-08-28T14:27:00.000Z,SELL,0.01,2,1,10.00,2,14740.00
2009-08-28T14:27:00.000Z,2009-08-31T14:20:00.000Z,SELL,0.01,1,1,10.00,1,14750.00
2009-08-31T14:20:00.000Z,2009-09-03T10:51:00.000Z,SELL,0.01,2,1,10.00,2,14760.00
2009-09-03T10:51:00.000Z,2009-09-11T15:24:00.000Z,SELL,0.01,2,1,10.00,2,14770.00
2009-09-11T15:24:00.000Z,2009-09-14T07:20:00.000Z,SELL,0.01,1,1,10.00,1,14780.00
2009-09-14T07:20:00.000Z,2009-09-25T14:35:00.000Z,SELL,0.01,3,1,10.00,3,14790.00
2009-09-25T14:35:00.000Z,2009-10-06T05:31:00.000Z,SELL,0.01,2,1,10.00,2,14800.00
2009-10-06T05:31:00.000Z,2009-10-08T03:17:00.000Z,SELL,0.01,2,1,10.00,2,14810.00
2009-10-08T03:17:00.000Z,2009-10-26T19:24:00.000Z,SELL,0.01,3,1,10.00,3,14820.00
2009-10-26T19:24:00.000Z,2009-10-28T17:22:00.000Z,SELL,0.01,1,1,10.00,1,14830.00
2009-10-28T17:22:00.000Z,2009-11-02T15:54:00.000Z,SELL,0.01,2,1,10.00,2,14840.00
2009-11-02T15:54:00.000Z,2009-11-04T09:40:00.000Z,SELL,0.01,2,1,10.00,2,14850.00
2009-11-04T09:40:00.000Z,2009-11-12T01:30:00.000Z,SELL,0.01,2,1,10.00,2,14860.00
2009-11-12T01:30:00.000Z,2009-11-12T17:15:00.000Z,SELL,0.01,1,1,10.00,1,14870.00
2009-11-12T17:15:00.000Z,2009-11-16T19:44:00.000Z,SELL,0.01,2,1,10.00,2,14880.00
2009-11-16T19:44:00.000Z,2009-11-17T13:21:00.000Z,SELL,0.01,1,1,10.00,1,14890.00
2009-11-17T13:21:00.000Z,2009-11-23T01:05:00.000Z,SELL,0.01,2,1,10.00,2,14900.00
2009-11-23T01:05:00.000Z,2009-11-25T21:04:00.000Z,SELL,0.01,2,1,10.00,2,14910.00
2009-11-25T21:04:00.000Z,2009-11-27T06:59:00.000Z,SELL,0.01,1,1,10.00,1,14920.00
2009-11-27T06:59:00.000Z,2009-11-27T07:20:00.000Z,SELL,0.01,1,1,10.00,1,14930.00
2009-11-27T07:20:00.000Z,2009-11-27T08:38:00.000Z,SELL,0.01,1,1,10.00,1,14940.00
2009-11-27T08:38:00.000Z,2009-11-27T08:44:00.000Z,SELL,0.01,1,1,10.00,1,14950.00
2009-11-27T08:44:00.000Z,2009-11-27T08:46:00.000Z,SELL,0.01,1,1,10.00,1,14960.00
2009-11-27T08:46:00.000Z,2009-11-27T16:12:00.000Z,SELL,0.01,2,1,10.00,2,14970.00
2009-11-27T16:12:00.000Z,2009-12-01T10:09:00.000Z,SELL,0.01,2,1,10.00,2,14980.00
2009-12-01T10:09:00.000Z,2009-12-04T14:44:00.000Z,SELL,0.01,3,1,10.00,3,14990.00
2009-12-04T14:44:00.000Z,2009-12-04T16:43:00.000Z,SELL,0.01,1,1,10.00,1,15000.00
2009-12-04T16:43:00.000Z,2009-12-04T17:34:00.000Z,SELL,0.01,1,1,10.00,1,15010.00
2009-12-04T17:34:00.000Z,2009-12-04T19:59:00.000Z,SELL,0.01,1,1,10.00,1,15020.00
2009-12-04T19:59:00.000Z,2009-12-07T01:12:00.000Z,SELL,0.01,1,1,10.00,1,15030.00
2009-12-07T01:12:00.000Z,2009-12-07T10:10:00.000Z,SELL,0.01,1,1,10.00,1,15040.00
2009-12-07T10:10:00.000Z,2009-12-08T01:41:00.000Z,SELL,0.01,2,1,10.00,2,15050.00
2009-12-08T01:41:00.000Z,2009-12-08T08:59:00.000Z,SELL,0.01,1,1,10.00,1,15060.00
2009-12-08T08:59:00.000Z,2009-12-08T14:24:00.000Z,SELL,0.01,1,1,10.00,1,15070.00
2009-12-08T14:24:00.000Z,2009-12-08T20:22:00.000Z,SELL,0.01,1,1,10.00,1,15080.00
2009-12-08T20:22:00.000Z,2009-12-08T21:05:00.000Z,SELL,0.01,1,1,10.00,1,15090.00
2009-12-08T21:05:00.000Z,2009-12-11T16:49:00.000Z,SELL,0.01,3,1,10.00,3,15100.00
2009-12-11T16:49:00.000Z,2009-12-17T17:47:00.000Z,SELL,0.01,3,1,10.00,3,15110.00
2009-12-17T17:47:00.000Z,2009-12-17T21:58:00.000Z,SELL,0.01,1,1,10.00,1,15120.00
2009-12-17T21:58:00.000Z,2009-12-22T16:01:00.000Z,SELL,0.01,3,1,10.00,3,15130.00
2009-12-22T16:01:00.000Z,2010-01-04T11:08:00.000Z,SELL,0.01,2,1,10.00,2,15140.00
2010-01-04T11:08:00.000Z,2010-01-11T01:05:00.000Z,SELL,0.01,2,1,10.00,2,15150.00
2010-01-11T01:05:00.000Z,2010-01-12T19:17:00.000Z,SELL,0.01,1,1,10.00,1,15160.00
2010-01-12T19:17:00.000Z,2010-01-13T16:20:00.000Z,SELL,0.01,1,1,10.00,1,15170.00
2010-01-13T16:20:00.000Z,2010-01-20T16:21:00.000Z,SELL,0.01,3,1,10.00,3,15180.00
2010-01-20T16:21:00.000Z,2010-01-21T11:37:00.000Z,SELL,0.01,1,1,10.00,1,15190.00
2010-01-21T11:37:00.000Z,2010-01-21T16:54:00.000Z,SELL,0.01,1,1,10.00,1,15200.00
2010-01-21T16:54:00.000Z,2010-01-22T16:10:00.000Z,SELL,0.01,1,1,10.00,1,15210.00
2010-01-22T16:10:00.000Z,2010-02-02T11:24:00.000Z,SELL,0.01,4,1,10.00,4,15220.00
2010-02-02T11:24:00.000Z,2010-02-04T10:08:00.000Z,SELL,0.01,1,1,10.00,1,15230.00
2010-02-04T10:08:00.000Z,2010-02-04T15:15:00.000Z,SELL,0.01,1,1,10.00,1,15240.00
2010-02-04T15:15:00.000Z,2010-02-04T15:47:00.000Z,SELL,0.01,1,1,10.00,1,15250.00
2010-02-04T15:47:00.000Z,2010-02-04T16:15:00.000Z,SELL,0.01,1,1,10.00,1,15260.00
2010-02-04T16:15:00.000Z,2010-02-04T17:43:00.000Z,SELL,0.01,1,1,10.00,1,15270.00
2010-02-04T17:43:00.000Z,2010-02-05T09:28:00.000Z,SELL,0.01,1,1,10.00,1,15280.00
2010-02-05T09:28:00.000Z,2010-02-09T17:53:00.000Z,SELL,0.01,2,1,10.00,2,15290.00
2010-02-09T17:53:00.000Z,2010-02-10T15:43:00.000Z,SELL,0.01,1,1,10.00,1,15300.00
2010-02-10T15:43:00.000Z,2010-02-15T11:42:00.000Z,SELL,0.01,2,1,10.00,2,15310.00
2010-02-15T11:42:00.000Z,2010-02-19T18:07:00.000Z,SELL,0.01,5,0,-2420.00,5,12890.00
2010-02-19T18:07:00.000Z,2010-02-22T16:57:00.000Z,SELL,0.01,1,1,10.00,1,12900.00
2010-02-22T16:57:00.000Z,2010-02-23T18:40:00.000Z,SELL,0.01,1,1,10.00,1,12910.00
2010-02-23T18:40:00.000Z,2010-02-24T10:31:00.000Z,SELL,0.01,1,1,10.00,1,12920.00
2010-02-24T10:31:00.000Z,2010-03-01T08:59:00.000Z,SELL,0.01,2,1,10.00,2,12930.00
2010-03-01T08:59:00.000Z,2010-03-09T14:43:00.000Z,SELL,0.01,3,1,10.00,3,12940.00
2010-03-09T14:43:00.000Z,2010-03-12T18:01:00.000Z,SELL,0.01,1,1,10.00,1,12950.00
2010-03-12T18:01:00.000Z,2010-03-17T08:02:00.000Z,SELL,0.01,2,1,10.00,2,12960.00
2010-03-17T08:02:00.000Z,2010-03-17T20:34:00.000Z,SELL,0.01,1,1,10.00,1,12970.00
2010-03-17T20:34:00.000Z,2010-03-19T15:26:00.000Z,SELL,0.01,1,1,10.00,1,12980.00
2010-03-19T15:26:00.000Z,2010-03-22T13:55:00.000Z,SELL,0.01,1,1,10.00,1,12990.00
2010-03-22T13:55:00.000Z,2010-03-24T13:38:00.000Z,SELL,0.01,1,1,10.00,1,13000.00
2010-03-24T13:38:00.000Z,2010-04-01T14:40:00.000Z,SELL,0.01,2,1,10.00,2,13010.00
2010-04-01T14:40:00.000Z,2010-04-07T17:58:00.000Z,SELL,0.01,2,1,10.00,2,13020.00
2010-04-07T17:58:00.000Z,2010-04-16T17:11:00.000Z,SELL,0.01,3,1,10.00,3,13030.00
2010-04-16T17:11:00.000Z,2010-04-19T10:15:00.000Z,SELL,0.01,1,1,10.00,1,13040.00
2010-04-19T10:15:00.000Z,2010-04-26T03:07:00.000Z,SELL,0.01,2,1,10.00,2,13050.00
2010-04-26T03:07:00.000Z,2010-04-27T14:00:00.000Z,SELL,0.01,1,1,10.00,1,13060.00
2010-04-27T14:00:00.000Z,2010-04-30T15:31:00.000Z,SELL,0.01,2,1,10.00,2,13070.00
2010-04-30T15:31:00.000Z,2010-05-04T18:44:00.000Z,SELL,0.01,1,1,10.00,1,13080.00
2010-05-04T18:44:00.000Z,2010-05-05T15:37:00.000Z,SELL,0.01,1,1,10.00,1,13090.00
2010-05-05T15:37:00.000Z,2010-05-06T17:29:00.000Z,SELL,0.01,2,1,10.00,2,13100.00
2010-05-06T17:29:00.000Z,2010-05-11T13:16:00.000Z,SELL,0.01,4,1,10.00,4,13110.00
2010-05-11T13:16:00.000Z,2010-05-12T20:16:00.000Z,SELL,0.01,2,1,10.00,2,13120.00
2010-05-12T20:16:00.000Z,2010-05-12T22:20:00.000Z,SELL,0.01,1,1,10.00,1,13130.00
2010-05-12T22:20:00.000Z,2010-05-14T16:46:00.000Z,SELL,0.01,1,1,10.00,1,13140.00
2010-05-14T16:46:00.000Z,2010-05-18T09:15:00.000Z,SELL,0.01,1,1,10.00,1,13150.00
2010-05-18T09:15:00.000Z,2010-05-18T13:23:00.000Z,SELL,0.01,1,1,10.00,1,13160.00
2010-05-18T13:23:00.000Z,2010-05-19T16:01:00.000Z,SELL,0.01,3,1,10.00,3,13170.00
2010-05-19T16:01:00.000Z,2010-05-20T07:58:00.000Z,SELL,0.01,1,1,10.00,1,13180.00
2010-05-20T07:58:00.000Z,2010-05-20T14:28:00.000Z,SELL,0.01,1,1,10.00,1,13190.00
2010-05-20T14:28:00.000Z,2010-05-26T06:19:00.000Z,SELL,0.01,2,1,10.00,2,13200.00
2010-05-26T06:19:00.000Z,2010-06-07T17:38:00.000Z,SELL,0.01,4,1,10.00,4,13210.00
2010-06-07T17:38:00.000Z,2010-06-09T17:01:00.000Z,SELL,0.01,1,1,10.00,1,13220.00
2010-06-09T17:01:00.000Z,2010-06-10T16:01:00.000Z,SELL,0.01,1,1,10.00,1,13230.00
2010-06-10T16:01:00.000Z,2010-06-17T16:00:00.000Z,SELL,0.01,2,1,10.00,2,13240.00
2010-06-17T16:00:00.000Z,2010-06-21T19:55:00.000Z,SELL,0.01,1,1,10.00,1,13250.00
2010-06-21T19:55:00.000Z,2010-06-23T15:52:00.000Z,SELL,0.01,1,1,10.00,1,13260.00
2010-06-23T15:52:00.000Z,2010-06-25T15:11:00.000Z,SELL,0.01,2,1,10.00,2,13270.00
2010-06-25T15:11:00.000Z,2010-06-28T17:48:00.000Z,SELL,0.01,1,1,10.00,1,13280.00
2010-06-28T17:48:00.000Z,2010-06-29T09:11:00.000Z,SELL,0.01,1,1,10.00,1,13290.00
2010-06-29T09:11:00.000Z,2010-07-01T16:41:00.000Z,SELL,0.01,1,1,10.00,1,13300.00
2010-07-01T16:41:00.000Z,2010-07-01T17:58:00.000Z,SELL,0.01,1,1,10.00,1,13310.00
2010-07-01T17:58:00.000Z,2010-07-01T20:27:00.000Z,SELL,0.01,1,1,10.00,1,13320.00
2010-07-01T20:27:00.000Z,2010-07-06T15:41:00.000Z,SELL,0.01,1,1,10.00,1,13330.00
2010-07-06T15:41:00.000Z,2010-07-19T14:59:00.000Z,SELL,0.01,3,1,10.00,3,13340.00
2010-07-19T14:59:00.000Z,2010-07-27T15:30:00.000Z,SELL,0.01,3,1,10.00,3,13350.00
2010-07-27T15:30:00.000Z,2010-07-27T16:44:00.000Z,SELL,0.01,1,1,10.00,1,13360.00
2010-07-27T16:44:00.000Z,2010-08-04T03:42:00.000Z,SELL,0.01,2,1,10.00,2,13370.00
2010-08-04T03:42:00.000Z,2010-08-16T11:08:00.000Z,SELL,0.01,2,1,10.00,2,13380.00
2010-08-16T11:08:00.000Z,2010-08-24T14:25:00.000Z,SELL,0.01,1,1,10.00,1,13390.00
2010-08-24T14:25:00.000Z,2010-08-26T09:25:00.000Z,SELL,0.01,2,1,10.00,2,13400.00
2010-08-26T09:25:00.000Z,2010-08-27T16:05:00.000Z,SELL,0.01,1,1,10.00,1,13410.00
2010-08-27T16:05:00.000Z,2010-09-14T15:42:00.000Z,SELL,0.01,2,1,10.00,2,13420.00
2010-09-14T15:42:00.000Z,2010-09-22T08:52:00.000Z,SELL,0.01,2,1,10.00,2,13430.00
2010-09-22T08:52:00.000Z,2010-10-05T09:35:00.000Z,SELL,0.01,2,1,10.00,2,13440.00
2010-10-05T09:35:00.000Z,2010-10-11T01:05:00.000Z,SELL,0.01,2,1,10.00,2,13450.00
2010-10-11T01:05:00.000Z,2010-10-11T14:25:00.000Z,SELL,0.01,1,1,10.00,1,13460.00
2010-10-11T14:25:00.000Z,2010-10-13T16:44:00.000Z,SELL,0.01,2,1,10.00,2,13470.00
2010-10-13T16:44:00.000Z,2010-10-18T02:10:00.000Z,SELL,0.01,1,1,10.00,1,13480.00
2010-10-18T02:10:00.000Z,2010-10-19T14:52:00.000Z,SELL,0.01,1,1,10.00,1,13490.00
2010-10-19T14:52:00.000Z,2010-10-19T15:02:00.000Z,SELL,0.01,1,1,10.00,1,13500.00
2010-10-19T15:02:00.000Z,2010-10-19T20:05:00.000Z,SELL,0.01,1,1,10.00,1,13510.00
2010-10-19T20:05:00.000Z,2010-10-21T18:43:00.000Z,SELL,0.01,1,1,10.00,1,13520.00
2010-10-21T18:43:00.000Z,2010-10-29T14:05:00.000Z,SELL,0.01,4,1,10.00,4,13530.00
2010-10-29T14:05:00.000Z,2010-11-03T16:07:00.000Z,SELL,0.01,1,1,10.00,1,13540.00
2010-11-03T16:07:00.000Z,2010-11-03T16:11:00.000Z,SELL,0.01,1,1,10.00,1,13550.00
2010-11-03T16:11:00.000Z,2010-11-04T09:31:00.000Z,SELL,0.01,2,1,10.00,2,13560.00
2010-11-04T09:31:00.000Z,2010-11-04T20:50:00.000Z,SELL,0.01,2,1,10.00,2,13570.00
2010-11-04T20:50:00.000Z,2010-11-05T11:59:00.000Z,SELL,0.01,1,1,10.00,1,13580.00
2010-11-05T11:59:00.000Z,2010-11-09T03:33:00.000Z,SELL,0.01,2,1,10.00,2,13590.00
2010-11-09T03:33:00.000Z,2010-11-09T19:50:00.000Z,SELL,0.01,1,1,10.00,1,13600.00
2010-11-09T19:50:00.000Z,2010-11-09T21:44:00.000Z,SELL,0.01,1,1,10.00,1,13610.00
2010-11-09T21:44:00.000Z,2010-11-15T01:05:00.000Z,SELL,0.01,5,1,10.00,5,13620.00
2010-11-15T01:05:00.000Z,2010-11-15T04:05:00.000Z,SELL,0.01,1,1,10.00,1,13630.00
2010-11-15T04:05:00.000Z,2010-11-15T21:50:00.000Z,SELL,0.01,1,1,10.00,1,13640.00
2010-11-15T21:50:00.000Z,2010-11-16T15:54:00.000Z,SELL,0.01,1,1,10.00,1,13650.00
2010-11-16T15:54:00.000Z,2010-11-16T17:18:00.000Z,SELL,0.01,1,1,10.00,1,13660.00
2010-11-16T17:18:00.000Z,2010-11-23T08:17:00.000Z,SELL,0.01,2,1,10.00,2,13670.00
2010-11-23T08:17:00.000Z,2010-11-23T13:16:00.000Z,SELL,0.01,1,1,10.00,1,13680.00
2010-11-23T13:16:00.000Z,2010-11-30T18:04:00.000Z,SELL,0.01,4,1,10.00,4,13690.00
2010-11-30T18:04:00.000Z,2010-12-06T08:39:00.000Z,SELL,0.01,2,1,10.00,2,13700.00
2010-12-06T08:39:00.000Z,2010-12-07T16:36:00.000Z,SELL,0.01,1,1,10.00,1,13710.00
2010-12-07T16:36:00.000Z,2010-12-07T21:59:00.000Z,SELL,0.01,1,1,10.00,1,13720.00
2010-12-07T21:59:00.000Z,2010-12-08T14:10:00.000Z,SELL,0.01,1,1,10.00,1,13730.00
2010-12-08T14:10:00.000Z,2010-12-08T16:15:00.000Z,SELL,0.01,1,1,10.00,1,13740.00
2010-12-08T16:15:00.000Z,2010-12-14T12:49:00.000Z,SELL,0.01,2,1,10.00,2,13750.00
2010-12-14T12:49:00.000Z,2010-12-14T14:42:00.000Z,SELL,0.01,1,1,10.00,1,13760.00
2010-12-14T14:42:00.000Z,2010-12-15T11:36:00.000Z,SELL,0.01,1,1,10.00,1,13770.00
2010-12-15T11:36:00.000Z,2010-12-16T14:23:00.000Z,SELL,0.01,1,1,10.00,1,13780.00
2010-12-16T14:23:00.000Z,2010-12-16T15:53:00.000Z,SELL,0.01,1,1,10.00,1,13790.00
2010-12-16T15:53:00.000Z,2010-12-28T12:00:00.000Z,SELL,0.01,2,1,10.00,2,13800.00
2010-12-28T12:00:00.000Z,2011-01-04T15:00:00.000Z,SELL,0.01,3,1,10.00,3,13810.00
2011-01-04T15:00:00.000Z,2011-01-04T18:00:00.000Z,SELL,0.01,1,1,10.00,1,13820.00
2011-01-04T18:00:00.000Z,2011-01-05T15:00:00.000Z,SELL,0.01,1,1,10.00,1,13830.00
2011-01-05T15:00:00.000Z,2011-01-07T14:00:00.000Z,SELL,0.01,1,1,10.00,1,13840.00
2011-01-07T14:00:00.000Z,2011-01-11T14:00:00.000Z,SELL,0.01,2,1,10.00,2,13850.00
2011-01-11T14:00:00.000Z,2011-01-11T15:00:00.000Z,SELL,0.01,1,1,10.00,1,13860.00
2011-01-11T15:00:00.000Z,2011-01-14T13:54:00.000Z,SELL,0.01,1,1,10.00,1,13870.00
2011-01-14T13:54:00.000Z,2011-01-20T14:12:00.000Z,SELL,0.01,1,1,10.00,1,13880.00
2011-01-20T14:12:00.000Z,2011-01-20T15:41:00.000Z,SELL,0.01,1,1,10.00,1,13890.00
2011-01-20T15:41:00.000Z,2011-01-24T21:15:00.000Z,SELL,0.01,1,1,10.00,1,13900.00
2011-01-24T21:15:00.000Z,2011-01-25T11:42:00.000Z,SELL,0.01,1,1,10.00,1,13910.00
2011-01-25T11:42:00.000Z,2011-01-27T20:27:00.000Z,SELL,0.01,3,1,10.00,3,13920.00
2011-01-27T20:27:00.000Z,2011-01-28T17:54:00.000Z,SELL,0.01,2,1,10.00,2,13930.00
2011-01-28T17:54:00.000Z,2011-01-31T05:24:00.000Z,SELL,0.01,1,1,10.00,1,13940.00
2011-01-31T05:24:00.000Z,2011-01-31T15:24:00.000Z,SELL,0.01,1,1,10.00,1,13950.00
2011-01-31T15:24:00.000Z,2011-02-03T18:30:00.000Z,SELL,0.01,2,1,10.00,2,13960.00
2011-02-03T18:30:00.000Z,2011-02-17T17:20:00.000Z,SELL,0.01,2,1,10.00,2,13970.00
2011-02-17T17:20:00.000Z,2011-02-23T16:24:00.000Z,SELL,0.01,2,1,10.00,2,13980.00
2011-02-23T16:24:00.000Z,2011-02-24T20:28:00.000Z,SELL,0.01,1,1,10.00,1,13990.00
2011-02-24T20:28:00.000Z,2011-02-24T21:16:00.000Z,SELL,0.01,1,1,10.00,1,14000.00
2011-02-24T21:16:00.000Z,2011-03-01T14:02:00.000Z,SELL,0.01,2,1,10.00,2,14010.00
2011-03-01T14:02:00.000Z,2011-03-03T18:20:00.000Z,SELL,0.01,1,1,10.00,1,14020.00
2011-03-03T18:20:00.000Z,2011-03-07T13:17:00.000Z,SELL,0.01,2,1,10.00,2,14030.00
2011-03-07T13:17:00.000Z,2011-03-07T15:39:00.000Z,SELL,0.01,1,1,10.00,1,14040.00
2011-03-07T15:39:00.000Z,2011-03-10T11:03:00.000Z,SELL,0.01,1,1,10.00,1,14050.00
2011-03-10T11:03:00.000Z,2011-03-10T15:41:00.000Z,SELL,0.01,1,1,10.00,1,14060.00
2011-03-10T15:41:00.000Z,2011-03-15T12:42:00.000Z,SELL,0.01,1,1,10.00,1,14070.00
2011-03-15T12:42:00.000Z,2011-03-15T13:22:00.000Z,SELL,0.01,1,1,10.00,1,14080.00
2011-03-15T13:22:00.000Z,2011-03-15T13:31:00.000Z,SELL,0.01,1,1,10.00,1,14090.00
2011-03-15T13:31:00.000Z,2011-03-18T04:23:00.000Z,SELL,0.01,2,1,10.00,2,14100.00
2011-03-18T04:23:00.000Z,2011-03-24T11:26:00.000Z,SELL,0.01,2,1,10.00,2,14110.00
2011-03-24T11:26:00.000Z,2011-03-24T18:47:00.000Z,SELL,0.01,1,1,10.00,1,14120.00
2011-03-24T18:47:00.000Z,2011-03-28T09:11:00.000Z,SELL,0.01,1,1,10.00,1,14130.00
2011-03-28T09:11:00.000Z,2011-03-28T14:20:00.000Z,SELL,0.01,1,1,10.00,1,14140.00
2011-03-28T14:20:00.000Z,2011-04-05T16:36:00.000Z,SELL,0.01,2,1,10.00,2,14150.00
2011-04-05T16:36:00.000Z,2011-04-08T11:35:00.000Z,SELL,0.01,2,1,10.00,2,14160.00
2011-04-08T11:35:00.000Z,2011-04-11T21:03:00.000Z,SELL,0.01,1,1,10.00,1,14170.00
2011-04-11T21:03:00.000Z,2011-04-12T16:07:00.000Z,SELL,0.01,1,1,10.00,1,14180.00
2011-04-12T16:07:00.000Z,2011-04-15T16:07:00.000Z,SELL,0.01,2,1,10.00,2,14190.00
2011-04-15T16:07:00.000Z,2011-04-25T08:02:00.000Z,SELL,0.01,2,1,10.00,2,14200.00
2011-04-25T08:02:00.000Z,2011-04-26T08:15:00.000Z,SELL,0.01,1,1,10.00,1,14210.00
2011-04-26T08:15:00.000Z,2011-04-27T21:59:00.000Z,SELL,0.01,2,1,10.00,2,14220.00
2011-04-27T21:59:00.000Z,2011-04-29T20:09:00.000Z,SELL,0.01,2,1,10.00,2,14230.00
2011-04-29T20:09:00.000Z,2011-05-02T01:09:00.000Z,SELL,0.01,1,1,10.00,1,14240.00
2011-05-02T01:09:00.000Z,2011-05-02T05:54:00.000Z,SELL,0.01,1,1,10.00,1,14250.00
2011-05-02T05:54:00.000Z,2011-05-02T17:03:00.000Z,SELL,0.01,2,1,10.00,2,14260.00
2011-05-02T17:03:00.000Z,2011-05-02T18:30:00.000Z,SELL,0.01,1,1,10.00,1,14270.00
2011-05-02T18:30:00.000Z,2011-05-02T21:39:00.000Z,SELL,0.01,1,1,10.00,1,14280.00
2011-05-02T21:39:00.000Z,2011-05-03T01:05:00.000Z,SELL,0.01,1,1,10.00,1,14290.00
2011-05-03T01:05:00.000Z,2011-05-03T20:05:00.000Z,SELL,0.01,1,1,10.00,1,14300.00
2011-05-03T20:05:00.000Z,2011-05-04T17:56:00.000Z,SELL,0.01,1,1,10.00,1,14310.00
2011-05-04T17:56:00.000Z,2011-05-04T18:29:00.000Z,SELL,0.01,1,1,10.00,1,14320.00
2011-05-04T18:29:00.000Z,2011-05-05T12:46:00.000Z,SELL,0.01,1,1,10.00,1,14330.00
2011-05-05T12:46:00.000Z,2011-05-05T17:11:00.000Z,SELL,0.01,1,1,10.00,1,14340.00
2011-05-05T17:11:00.000Z,2011-05-05T19:34:00.000Z,SELL,0.01,1,1,10.00,1,14350.00
2011-05-05T19:34:00.000Z,2011-05-05T21:02:00.000Z,SELL,0.01,1,1,10.00,1,14360.00
2011-05-05T21:02:00.000Z,2011-05-06T16:39:00.000Z,SELL,0.01,2,1,10.00,2,14370.00
2011-05-06T16:39:00.000Z,2011-05-06T18:08:00.000Z,SELL,0.01,1,1,10.00,1,14380.00
2011-05-06T18:08:00.000Z,2011-05-11T01:32:00.000Z,SELL,0.01,2,1,10.00,2,14390.00
2011-05-11T01:32:00.000Z,2011-05-11T16:32:00.000Z,SELL,0.01,1,1,10.00,1,14400.00
2011-05-11T16:32:00.000Z,2011-05-11T19:32:00.000Z,SELL,0.01,1,1,10.00,1,14410.00
2011-05-11T19:32:00.000Z,2011-05-12T12:37:00.000Z,SELL,0.01,1,1,10.00,1,14420.00
2011-05-12T12:37:00.000Z,2011-05-13T10:58:00.000Z,SELL,0.01,2,1,10.00,2,14430.00
2011-05-13T10:58:00.000Z,2011-05-13T15:21:00.000Z,SELL,0.01,1,1,10.00,1,14440.00
2011-05-13T15:21:00.000Z,2011-05-13T18:54:00.000Z,SELL,0.01,1,1,10.00,1,14450.00
2011-05-13T18:54:00.000Z,2011-05-13T19:15:00.000Z,SELL,0.01,1,1,10.00,1,14460.00
2011-05-13T19:15:00.000Z,2011-05-17T18:09:00.000Z,SELL,0.01,1,1,10.00,1,14470.00
2011-05-17T18:09:00.000Z,2011-05-20T18:11:00.000Z,SELL,0.01,2,1,10.00,2,14480.00
2011-05-20T18:11:00.000Z,2011-05-27T18:31:00.000Z,SELL,0.01,2,1,10.00,2,14490.00
2011-05-27T18:31:00.000Z,2011-06-02T18:13:00.000Z,SELL,0.01,1,1,10.00,1,14500.00
2011-06-02T18:13:00.000Z,2011-06-13T20:11:00.000Z,SELL,0.01,3,1,10.00,3,14510.00
2011-06-13T20:11:00.000Z,2011-06-20T16:36:00.000Z,SELL,0.01,2,1,10.00,2,14520.00
2011-06-20T16:36:00.000Z,2011-06-23T15:20:00.000Z,SELL,0.01,1,1,10.00,1,14530.00
2011-06-23T15:20:00.000Z,2011-06-23T15:40:00.000Z,SELL,0.01,1,1,10.00,1,14540.00
2011-06-23T15:40:00.000Z,2011-06-23T21:39:00.000Z,SELL,0.01,1,1,10.00,1,14550.00
2011-06-23T21:39:00.000Z,2011-06-24T19:52:00.000Z,SELL,0.01,1,1,10.00,1,14560.00
2011-06-24T19:52:00.000Z,2011-06-27T09:54:00.000Z,SELL,0.01,1,1,10.00,1,14570.00
2011-06-27T09:54:00.000Z,2011-07-01T16:36:00.000Z,SELL,0.01,3,1,10.00,3,14580.00
2011-07-01T16:36:00.000Z,2011-07-05T21:44:00.000Z,SELL,0.01,2,1,10.00,2,14590.00
2011-07-05T21:44:00.000Z,2011-07-08T15:44:00.000Z,SELL,0.01,2,1,10.00,2,14600.00
2011-07-08T15:44:00.000Z,2011-07-12T21:32:00.000Z,SELL,0.01,2,1,10.00,2,14610.00
2011-07-12T21:32:00.000Z,2011-07-18T08:06:00.000Z,SELL,0.01,3,1,10.00,3,14620.00
2011-07-18T08:06:00.000Z,2011-07-18T08:06:00.000Z,SELL,0.01,1,1,10.00,1,14630.00
2011-07-18T08:06:00.000Z,2011-07-18T08:06:00.000Z,SELL,0.01,1,1,10.00,1,14640.00
2011-07-18T08:06:00.000Z,2011-07-18T08:06:00.000Z,SELL,0.01,1,1,10.00,1,14650.00
2011-07-18T08:06:00.000Z,2011-07-18T08:06:00.000Z,SELL,0.01,1,1,10.00,1,14660.00
2011-07-18T08:06:00.000Z,2011-07-18T08:06:00.000Z,SELL,0.01,1,1,10.00,1,14670.00
2011-07-18T08:06:00.000Z,2011-07-18T08:06:00.000Z,SELL,0.01,1,1,10.00,1,14680.00
2011-07-18T08:06:00.000Z,2011-07-18T08:06:00.000Z,SELL,0.01,2,1,10.00,2,14690.00
2011-07-18T08:06:00.000Z,2011-07-18T08:06:00.000Z,SELL,0.01,2,1,10.00,2,14700.00
2011-07-18T08:06:00.000Z,2011-07-18T08:06:00.000Z,SELL,0.01,2,1,10.00,2,14710.00
2011-07-18T08:06:00.000Z,2011-07-20T15:59:00.000Z,SELL,0.01,1,1,10.00,1,14720.00
2011-07-20T15:59:00.000Z,2011-07-25T01:18:00.000Z,SELL,0.01,2,1,10.00,2,14730.00
2011-07-25T01:18:00.000Z,2011-08-02T18:44:00.000Z,SELL,0.01,4,1,10.00,4,14740.00
2011-08-02T18:44:00.000Z,2011-08-03T09:55:00.000Z,SELL,0.01,2,1,10.00,2,14750.00
2011-08-03T09:55:00.000Z,2011-08-03T15:40:00.000Z,SELL,0.01,1,1,10.00,1,14760.00
2011-08-03T15:40:00.000Z,2011-08-04T19:30:00.000Z,SELL,0.01,3,1,10.00,3,14770.00
2011-08-04T19:30:00.000Z,2011-08-08T01:05:00.000Z,SELL,0.01,2,1,10.00,2,14780.00
2011-08-08T01:05:00.000Z,2011-08-08T08:34:00.000Z,SELL,0.01,2,1,10.00,2,14790.00
2011-08-08T08:34:00.000Z,2011-08-08T10:25:00.000Z,SELL,0.01,1,1,10.00,1,14800.00
2011-08-08T10:25:00.000Z,2011-08-09T04:27:00.000Z,SELL,0.01,2,1,10.00,2,14810.00
2011-08-09T04:27:00.000Z,2011-08-09T06:53:00.000Z,SELL,0.01,2,1,10.00,2,14820.00
2011-08-09T06:53:00.000Z,2011-08-09T09:02:00.000Z,SELL,0.01,1,1,10.00,1,14830.00
2011-08-09T09:02:00.000Z,2011-08-09T10:12:00.000Z,SELL,0.01,1,1,10.00,1,14840.00
2011-08-09T10:12:00.000Z,2011-08-09T12:17:00.000Z,SELL,0.01,2,1,10.00,2,14850.00
2011-08-09T12:17:00.000Z,2011-08-09T14:21:00.000Z,SELL,0.01,1,1,10.00,1,14860.00
2011-08-09T14:21:00.000Z,2011-08-09T14:54:00.000Z,SELL,0.01,1,1,10.00,1,14870.00
2011-08-09T14:54:00.000Z,2011-08-09T16:31:00.000Z,SELL,0.01,1,1,10.00,1,14880.00
2011-08-09T16:31:00.000Z,2011-08-09T17:27:00.000Z,SELL,0.01,1,1,10.00,1,14890.00
2011-08-09T17:27:00.000Z,2011-08-09T21:19:00.000Z,SELL,0.01,2,1,10.00,2,14900.00
2011-08-09T21:19:00.000Z,2011-08-09T21:28:00.000Z,SELL,0.01,1,1,10.00,1,14910.00
2011-08-09T21:28:00.000Z,2011-08-09T22:46:00.000Z,SELL,0.01,3,1,10.00,3,14920.00
2011-08-09T22:46:00.000Z,2011-08-09T22:46:00.000Z,SELL,0.01,1,1,10.00,1,14930.00
2011-08-09T22:46:00.000Z,2011-08-10T02:30:00.000Z,SELL,0.01,2,1,10.00,2,14940.00
2011-08-10T02:30:00.000Z,2011-08-10T03:31:00.000Z,SELL,0.01,1,1,10.00,1,14950.00
2011-08-10T03:31:00.000Z,2011-08-10T03:34:00.000Z,SELL,0.01,1,1,10.00,1,14960.00
2011-08-10T03:34:00.000Z,2011-08-10T16:11:00.000Z,SELL,0.01,2,1,10.00,2,14970.00
2011-08-10T16:11:00.000Z,2011-08-11T01:05:00.000Z,SELL,0.01,4,1,10.00,4,14980.00
2011-08-11T01:05:00.000Z,2011-08-11T05:25:00.000Z,SELL,0.01,1,1,10.00,1,14990.00
2011-08-11T05:25:00.000Z,2011-08-11T09:54:00.000Z,SELL,0.01,1,1,10.00,1,15000.00
2011-08-11T09:54:00.000Z,2011-08-11T16:15:00.000Z,SELL,0.01,1,1,10.00,1,15010.00
2011-08-11T16:15:00.000Z,2011-08-11T16:36:00.000Z,SELL,0.01,1,1,10.00,1,15020.00
2011-08-11T16:36:00.000Z,2011-08-11T20:30:00.000Z,SELL,0.01,1,1,10.00,1,15030.00
2011-08-11T20:30:00.000Z,2011-08-11T21:01:00.000Z,SELL,0.01,1,1,10.00,1,15040.00
2011-08-11T21:01:00.000Z,2011-08-12T01:10:00.000Z,SELL,0.01,2,1,10.00,2,15050.00
2011-08-12T01:10:00.000Z,2011-08-12T02:32:00.000Z,SELL,0.01,1,1,10.00,1,15060.00
2011-08-12T02:32:00.000Z,2011-08-12T12:49:00.000Z,SELL,0.01,1,1,10.00,1,15070.00
2011-08-12T12:49:00.000Z,2011-08-12T16:42:00.000Z,SELL,0.01,1,1,10.00,1,15080.00
2011-08-12T16:42:00.000Z,2011-08-12T17:41:00.000Z,SELL,0.01,1,1,10.00,1,15090.00
2011-08-12T17:41:00.000Z,2011-08-15T19:45:00.000Z,SELL,0.01,2,1,10.00,2,15100.00
2011-08-15T19:45:00.000Z,2011-08-16T17:15:00.000Z,SELL,0.01,2,1,10.00,2,15110.00
2011-08-16T17:15:00.000Z,2011-08-16T18:45:00.000Z,SELL,0.01,1,1,10.00,1,15120.00
2011-08-16T18:45:00.000Z,2011-08-18T13:41:00.000Z,SELL,0.01,2,1,10.00,2,15130.00
2011-08-18T13:41:00.000Z,2011-08-19T03:57:00.000Z,SELL,0.01,2,1,10.00,2,15140.00
2011-08-19T03:57:00.000Z,2011-08-19T10:45:00.000Z,SELL,0.01,2,1,10.00,2,15150.00
2011-08-19T10:45:00.000Z,2011-08-19T14:28:00.000Z,SELL,0.01,1,1,10.00,1,15160.00
2011-08-19T14:28:00.000Z,2011-08-19T15:27:00.000Z,SELL,0.01,1,1,10.00,1,15170.00
2011-08-19T15:27:00.000Z,2011-08-22T01:44:00.000Z,SELL,0.01,2,1,10.00,2,15180.00
2011-08-22T01:44:00.000Z,2011-08-22T02:09:00.000Z,SELL,0.01,1,1,10.00,1,15190.00
2011-08-22T02:09:00.000Z,2011-08-22T10:23:00.000Z,SELL,0.01,2,1,10.00,2,15200.00
2011-08-22T10:23:00.000Z,2011-08-22T12:11:00.000Z,SELL,0.01,1,1,10.00,1,15210.00
2011-08-22T12:11:00.000Z,2011-08-22T13:59:00.000Z,SELL,0.01,1,1,10.00,1,15220.00
2011-08-22T13:59:00.000Z,2011-08-22T15:25:00.000Z,SELL,0.01,1,1,10.00,1,15230.00
2011-08-22T15:25:00.000Z,2011-08-22T22:48:00.000Z,SELL,0.01,2,1,10.00,2,15240.00
2011-08-22T22:48:00.000Z,2011-08-23T10:14:00.000Z,SELL,0.01,1,1,10.00,1,15250.00
2011-08-23T10:14:00.000Z,2011-08-23T10:51:00.000Z,SELL,0.01,1,1,10.00,1,15260.00
2011-08-23T10:51:00.000Z,2011-08-23T16:15:00.000Z,SELL,0.01,1,1,10.00,1,15270.00
2011-08-23T16:15:00.000Z,2011-08-23T19:30:00.000Z,SELL,0.01,3,1,10.00,3,15280.00
2011-08-23T19:30:00.000Z,2011-08-23T21:33:00.000Z,SELL,0.01,1,1,10.00,1,15290.00
2011-08-23T21:33:00.000Z,2011-08-23T21:35:00.000Z,SELL,0.01,1,1,10.00,1,15300.00
2011-08-23T21:35:00.000Z,2011-08-24T16:46:00.000Z,SELL,0.01,3,1,10.00,3,15310.00
2011-08-24T16:46:00.000Z,2011-08-24T16:55:00.000Z,SELL,0.01,1,1,10.00,1,15320.00
2011-08-24T16:55:00.000Z,2011-08-24T17:03:00.000Z,SELL,0.01,1,1,10.00,1,15330.00
2011-08-24T17:03:00.000Z,2011-08-24T17:08:00.000Z,SELL,0.01,1,1,10.00,1,15340.00
2011-08-24T17:08:00.000Z,2011-08-24T17:14:00.000Z,SELL,0.01,1,1,10.00,1,15350.00
2011-08-24T17:14:00.000Z,2011-08-24T17:17:00.000Z,SELL,0.01,1,1,10.00,1,15360.00
2011-08-24T17:17:00.000Z,2011-08-24T20:08:00.000Z,SELL,0.01,1,1,10.00,1,15370.00
2011-08-24T20:08:00.000Z,2011-08-24T22:31:00.000Z,SELL,0.01,1,1,10.00,1,15380.00
2011-08-24T22:31:00.000Z,2011-08-25T07:45:00.000Z,SELL,0.01,1,1,10.00,1,15390.00
2011-08-25T07:45:00.000Z,2011-08-25T08:19:00.000Z,SELL,0.01,1,1,10.00,1,15400.00
2011-08-25T08:19:00.000Z,2011-08-25T12:03:00.000Z,SELL,0.01,1,1,10.00,1,15410.00
2011-08-25T12:03:00.000Z,2011-08-25T12:04:00.000Z,SELL,0.01,1,1,10.00,1,15420.00
2011-08-25T12:04:00.000Z,2011-08-25T17:28:00.000Z,SELL,0.01,4,1,10.00,4,15430.00
2011-08-25T17:28:00.000Z,2011-08-25T22:50:00.000Z,SELL,0.01,2,1,10.00,2,15440.00
2011-08-25T22:50:00.000Z,2011-08-26T04:06:00.000Z,SELL,0.01,1,1,10.00,1,15450.00
2011-08-26T04:06:00.000Z,2011-08-26T11:02:00.000Z,SELL,0.01,2,1,10.00,2,15460.00
2011-08-26T11:02:00.000Z,2011-08-26T15:11:00.000Z,SELL,0.01,1,1,10.00,1,15470.00
2011-08-26T15:11:00.000Z,2011-08-26T15:21:00.000Z,SELL,0.01,1,1,10.00,1,15480.00
2011-08-26T15:21:00.000Z,2011-08-26T20:51:00.000Z,SELL,0.01,4,1,10.00,4,15490.00
2011-08-26T20:51:00.000Z,2011-08-29T01:05:00.000Z,SELL,0.01,2,1,10.00,2,15500.00
2011-08-29T01:05:00.000Z,2011-08-29T03:09:00.000Z,SELL,0.01,1,1,10.00,1,15510.00
2011-08-29T03:09:00.000Z,2011-08-29T04:02:00.000Z,SELL,0.01,1,1,10.00,1,15520.00
2011-08-29T04:02:00.000Z,2011-08-29T16:32:00.000Z,SELL,0.01,1,1,10.00,1,15530.00
2011-08-29T16:32:00.000Z,2011-08-29T16:36:00.000Z,SELL,0.01,1,1,10.00,1,15540.00
2011-08-29T16:36:00.000Z,2011-08-29T22:29:00.000Z,SELL,0.01,1,1,10.00,1,15550.00
2011-08-29T22:29:00.000Z,2011-08-30T14:52:00.000Z,SELL,0.01,2,1,10.00,2,15560.00
2011-08-30T14:52:00.000Z,2011-08-30T22:45:00.000Z,SELL,0.01,2,1,10.00,2,15570.00
2011-08-30T22:45:00.000Z,2011-08-31T03:01:00.000Z,SELL,0.01,1,1,10.00,1,15580.00
2011-08-31T03:01:00.000Z,2011-08-31T16:51:00.000Z,SELL,0.01,1,1,10.00,1,15590.00
2011-08-31T16:51:00.000Z,2011-09-02T10:26:00.000Z,SELL,0.01,4,1,10.00,4,15600.00
2011-09-02T10:26:00.000Z,2011-09-02T15:54:00.000Z,SELL,0.01,2,1,10.00,2,15610.00
2011-09-02T15:54:00.000Z,2011-09-06T06:50:00.000Z,SELL,0.01,2,1,10.00,2,15620.00
2011-09-06T06:50:00.000Z,2011-09-06T10:58:00.000Z,SELL,0.01,1,1,10.00,1,15630.00
2011-09-06T10:58:00.000Z,2011-09-06T10:59:00.000Z,SELL,0.01,1,1,10.00,1,15640.00
2011-09-06T10:59:00.000Z,2011-09-06T11:03:00.000Z,SELL,0.01,1,1,10.00,1,15650.00
2011-09-06T11:03:00.000Z,2011-09-06T11:03:00.000Z,SELL,0.01,1,1,10.00,1,15660.00
2011-09-06T11:03:00.000Z,2011-09-06T11:24:00.000Z,SELL,0.01,2,1,10.00,2,15670.00
2011-09-06T11:24:00.000Z,2011-09-06T12:01:00.000Z,SELL,0.01,1,1,10.00,1,15680.00
2011-09-06T12:01:00.000Z,2011-09-06T18:19:00.000Z,SELL,0.01,3,1,10.00,3,15690.00
2011-09-06T18:19:00.000Z,2011-09-06T18:26:00.000Z,SELL,0.01,1,1,10.00,1,15700.00
2011-09-06T18:26:00.000Z,2011-09-07T07:21:00.000Z,SELL,0.01,1,1,10.00,1,15710.00
2011-09-07T07:21:00.000Z,2011-09-07T07:21:00.000Z,SELL,0.01,1,1,10.00,1,15720.00
2011-09-07T07:21:00.000Z,2011-09-07T07:21:00.000Z,SELL,0.01,1,1,10.00,1,15730.00
2011-09-07T07:21:00.000Z,2011-09-07T07:22:00.000Z,SELL,0.01,1,1,10.00,1,15740.00
2011-09-07T07:22:00.000Z,2011-09-07T08:12:00.000Z,SELL,0.01,2,1,10.00,2,15750.00
2011-09-07T08:12:00.000Z,2011-09-07T08:33:00.000Z,SELL,0.01,1,1,10.00,1,15760.00
2011-09-07T08:33:00.000Z,2011-09-07T09:00:00.000Z,SELL,0.01,1,1,10.00,1,15770.00
2011-09-07T09:00:00.000Z,2011-09-07T15:36:00.000Z,SELL,0.01,1,1,10.00,1,15780.00
2011-09-07T15:36:00.000Z,2011-09-07T16:27:00.000Z,SELL,0.01,1,1,10.00,1,15790.00
2011-09-07T16:27:00.000Z,2011-09-07T16:30:00.000Z,SELL,0.01,1,1,10.00,1,15800.00
2011-09-07T16:30:00.000Z,2011-09-07T17:24:00.000Z,SELL,0.01,1,1,10.00,1,15810.00
2011-09-07T17:24:00.000Z,2011-09-07T19:30:00.000Z,SELL,0.01,2,1,10.00,2,15820.00
2011-09-07T19:30:00.000Z,2011-09-07T21:04:00.000Z,SELL,0.01,1,1,10.00,1,15830.00
2011-09-07T21:04:00.000Z,2011-09-08T04:32:00.000Z,SELL,0.01,2,1,10.00,2,15840.00
2011-09-08T04:32:00.000Z,2011-09-08T05:51:00.000Z,SELL,0.01,1,1,10.00,1,15850.00
2011-09-08T05:51:00.000Z,2011-09-08T16:03:00.000Z,SELL,0.01,2,1,10.00,2,15860.00
2011-09-08T16:03:00.000Z,2011-09-08T16:41:00.000Z,SELL,0.01,1,1,10.00,1,15870.00
2011-09-08T16:41:00.000Z,2011-09-09T11:20:00.000Z,SELL,0.01,2,1,10.00,2,15880.00
2011-09-09T11:20:00.000Z,2011-09-09T13:03:00.000Z,SELL,0.01,1,1,10.00,1,15890.00
2011-09-09T13:03:00.000Z,2011-09-09T13:07:00.000Z,SELL,0.01,1,1,10.00,1,15900.00
2011-09-09T13:07:00.000Z,2011-09-09T13:07:00.000Z,SELL,0.01,1,1,10.00,1,15910.00
2011-09-09T13:07:00.000Z,2011-09-09T13:08:00.000Z,SELL,0.01,1,1,10.00,1,15920.00
2011-09-09T13:08:00.000Z,2011-09-09T13:27:00.000Z,SELL,0.01,1,1,10.00,1,15930.00
2011-09-09T13:27:00.000Z,2011-09-09T18:24:00.000Z,SELL,0.01,2,1,10.00,2,15940.00
2011-09-09T18:24:00.000Z,2011-09-09T18:47:00.000Z,SELL,0.01,1,1,10.00,1,15950.00
2011-09-09T18:47:00.000Z,2011-09-12T09:45:00.000Z,SELL,0.01,1,1,10.00,1,15960.00
2011-09-12T09:45:00.000Z,2011-09-12T09:48:00.000Z,SELL,0.01,1,1,10.00,1,15970.00
2011-09-12T09:48:00.000Z,2011-09-12T18:48:00.000Z,SELL,0.01,3,1,10.00,3,15980.00
2011-09-12T18:48:00.000Z,2011-09-12T19:29:00.000Z,SELL,0.01,1,1,10.00,1,15990.00
2011-09-12T19:29:00.000Z,2011-09-13T11:09:00.000Z,SELL,0.01,3,1,10.00,3,16000.00
2011-09-13T11:09:00.000Z,2011-09-13T15:24:00.000Z,SELL,0.01,2,1,10.00,2,16010.00
2011-09-13T15:24:00.000Z,2011-09-13T16:43:00.000Z,SELL,0.01,1,1,10.00,1,16020.00
2011-09-13T16:43:00.000Z,2011-09-14T22:31:00.000Z,SELL,0.01,3,1,10.00,3,16030.00
2011-09-14T22:31:00.000Z,2011-09-15T13:55:00.000Z,SELL,0.01,1,1,10.00,1,16040.00
2011-09-15T13:55:00.000Z,2011-09-15T15:38:00.000Z,SELL,0.01,1,1,10.00,1,16050.00
2011-09-15T15:38:00.000Z,2011-09-15T17:41:00.000Z,SELL,0.01,1,1,10.00,1,16060.00
2011-09-15T17:41:00.000Z,2011-09-16T05:49:00.000Z,SELL,0.01,1,1,10.00,1,16070.00
2011-09-16T05:49:00.000Z,2011-09-16T17:10:00.000Z,SELL,0.01,2,1,10.00,2,16080.00
2011-09-16T17:10:00.000Z,2011-09-19T16:57:00.000Z,SELL,0.01,3,1,10.00,3,16090.00
2011-09-19T16:57:00.000Z,2011-09-19T17:21:00.000Z,SELL,0.01,1,1,10.00,1,16100.00
2011-09-19T17:21:00.000Z,2011-09-20T17:22:00.000Z,SELL,0.01,2,1,10.00,2,16110.00
2011-09-20T17:22:00.000Z,2011-09-21T15:04:00.000Z,SELL,0.01,1,1,10.00,1,16120.00
2011-09-21T15:04:00.000Z,2011-09-21T17:27:00.000Z,SELL,0.01,1,1,10.00,1,16130.00
2011-09-21T17:27:00.000Z,2011-09-22T04:02:00.000Z,SELL,0.01,3,1,10.00,3,16140.00
2011-09-22T04:02:00.000Z,2011-09-22T09:38:00.000Z,SELL,0.01,1,1,10.00,1,16150.00
2011-09-22T09:38:00.000Z,2011-09-22T13:10:00.000Z,SELL,0.01,1,1,10.00,1,16160.00
2011-09-22T13:10:00.000Z,2011-09-22T15:18:00.000Z,SELL,0.01,1,1,10.00,1,16170.00
2011-09-22T15:18:00.000Z,2011-09-22T15:21:00.000Z,SELL,0.01,1,1,10.00,1,16180.00
2011-09-22T15:21:00.000Z,2011-09-22T16:50:00.000Z,SELL,0.01,1,1,10.00,1,16190.00
2011-09-22T16:50:00.000Z,2011-09-23T09:49:00.000Z,SELL,0.01,5,0,-2420.00,5,13770.00
2011-09-23T09:49:00.000Z,2011-09-23T10:49:00.000Z,SELL,0.01,1,1,10.00,1,13780.00
2011-09-23T10:49:00.000Z,2011-09-23T13:06:00.000Z,SELL,0.01,1,1,10.00,1,13790.00
2011-09-23T13:06:00.000Z,2011-09-23T13:32:00.000Z,SELL,0.01,1,1,10.00,1,13800.00
2011-09-23T13:32:00.000Z,2011-09-23T13:53:00.000Z,SELL,0.01,1,1,10.00,1,13810.00
2011-09-23T13:53:00.000Z,2011-09-23T14:40:00.000Z,SELL,0.01,1,1,10.00,1,13820.00
2011-09-23T14:40:00.000Z,2011-09-23T15:39:00.000Z,SELL,0.01,1,1,10.00,1,13830.00
2011-09-23T15:39:00.000Z,2011-09-23T17:36:00.000Z,SELL,0.01,1,1,10.00,1,13840.00
2011-09-23T17:36:00.000Z,2011-09-23T18:49:00.000Z,SELL,0.01,1,1,10.00,1,13850.00
2011-09-23T18:49:00.000Z,2011-09-23T19:54:00.000Z,SELL,0.01,1,1,10.00,1,13860.00
2011-09-23T19:54:00.000Z,2011-09-23T20:06:00.000Z,SELL,0.01,1,1,10.00,1,13870.00
2011-09-23T20:06:00.000Z,2011-09-23T20:08:00.000Z,SELL,0.01,1,1,10.00,1,13880.00
2011-09-23T20:08:00.000Z,2011-09-26T03:19:00.000Z,SELL,0.01,4,1,10.00,4,13890.00
2011-09-26T03:19:00.000Z,2011-09-26T04:05:00.000Z,SELL,0.01,1,1,10.00,1,13900.00
2011-09-26T04:05:00.000Z,2011-09-26T04:26:00.000Z,SELL,0.01,1,1,10.00,1,13910.00
2011-09-26T04:26:00.000Z,2011-09-26T06:25:00.000Z,SELL,0.01,1,1,10.00,1,13920.00
2011-09-26T06:25:00.000Z,2011-09-26T07:17:00.000Z,SELL,0.01,1,1,10.00,1,13930.00
2011-09-26T07:17:00.000Z,2011-09-26T07:25:00.000Z,SELL,0.01,1,1,10.00,1,13940.00
2011-09-26T07:25:00.000Z,2011-09-26T08:29:00.000Z,SELL,0.01,1,1,10.00,1,13950.00
2011-09-26T08:29:00.000Z,2011-09-26T08:48:00.000Z,SELL,0.01,1,1,10.00,1,13960.00
2011-09-26T08:48:00.000Z,2011-09-26T08:58:00.000Z,SELL,0.01,1,1,10.00,1,13970.00
2011-09-26T08:58:00.000Z,2011-09-26T09:00:00.000Z,SELL,0.01,1,1,10.00,1,13980.00
2011-09-26T09:00:00.000Z,2011-09-26T09:37:00.000Z,SELL,0.01,1,1,10.00,1,13990.00
2011-09-26T09:37:00.000Z,2011-09-26T09:41:00.000Z,SELL,0.01,1,1,10.00,1,14000.00
2011-09-26T09:41:00.000Z,2011-09-26T09:50:00.000Z,SELL,0.01,1,1,10.00,1,14010.00
2011-09-26T09:50:00.000Z,2011-09-26T10:23:00.000Z,SELL,0.01,2,1,10.00,2,14020.00
2011-09-26T10:23:00.000Z,2011-09-26T11:11:00.000Z,SELL,0.01,2,1,10.00,2,14030.00
2011-09-26T11:11:00.000Z,2011-09-26T14:25:00.000Z,SELL,0.01,2,1,10.00,2,14040.00
2011-09-26T14:25:00.000Z,2011-09-26T15:11:00.000Z,SELL,0.01,1,1,10.00,1,14050.00
2011-09-26T15:11:00.000Z,2011-09-26T17:01:00.000Z,SELL,0.01,1,1,10.00,1,14060.00
2011-09-26T17:01:00.000Z,2011-09-26T17:08:00.000Z,SELL,0.01,1,1,10.00,1,14070.00
2011-09-26T17:08:00.000Z,2011-09-26T17:12:00.000Z,SELL,0.01,1,1,10.00,1,14080.00
2011-09-26T17:12:00.000Z,2011-09-26T22:36:00.000Z,SELL,0.01,4,1,10.00,4,14090.00
2011-09-26T22:36:00.000Z,2011-09-27T08:50:00.000Z,SELL,0.01,2,1,10.00,2,14100.00
2011-09-27T08:50:00.000Z,2011-09-28T04:13:00.000Z,SELL,0.01,3,1,10.00,3,14110.00
2011-09-28T04:13:00.000Z,2011-09-28T10:16:00.000Z,SELL,0.01,2,1,10.00,2,14120.00
2011-09-28T10:16:00.000Z,2011-09-28T10:24:00.000Z,SELL,0.01,1,1,10.00,1,14130.00
2011-09-28T10:24:00.000Z,2011-09-28T14:46:00.000Z,SELL,0.01,1,1,10.00,1,14140.00
2011-09-28T14:46:00.000Z,2011-09-28T17:17:00.000Z,SELL,0.01,1,1,10.00,1,14150.00
2011-09-28T17:17:00.000Z,2011-09-28T19:41:00.000Z,SELL,0.01,1,1,10.00,1,14160.00
2011-09-28T19:41:00.000Z,2011-09-28T20:13:00.000Z,SELL,0.01,1,1,10.00,1,14170.00
2011-09-28T20:13:00.000Z,2011-09-28T20:48:00.000Z,SELL,0.01,1,1,10.00,1,14180.00
2011-09-28T20:48:00.000Z,2011-09-29T02:09:00.000Z,SELL,0.01,1,1,10.00,1,14190.00
2011-09-29T02:09:00.000Z,2011-09-29T03:00:00.000Z,SELL,0.01,1,1,10.00,1,14200.00
2011-09-29T03:00:00.000Z,2011-09-29T06:37:00.000Z,SELL,0.01,2,1,10.00,2,14210.00
2011-09-29T06:37:00.000Z,2011-09-29T14:22:00.000Z,SELL,0.01,1,1,10.00,1,14220.00
2011-09-29T14:22:00.000Z,2011-09-30T04:48:00.000Z,SELL,0.01,4,1,10.00,4,14230.00
2011-09-30T04:48:00.000Z,2011-09-30T05:53:00.000Z,SELL,0.01,1,1,10.00,1,14240.00
2011-09-30T05:53:00.000Z,2011-09-30T15:39:00.000Z,SELL,0.01,1,1,10.00,1,14250.00
2011-09-30T15:39:00.000Z,2011-10-03T09:39:00.000Z,SELL,0.01,2,1,10.00,2,14260.00
2011-10-03T09:39:00.000Z,2011-10-04T10:04:00.000Z,SELL,0.01,2,1,10.00,2,14270.00
2011-10-04T10:04:00.000Z,2011-10-04T10:33:00.000Z,SELL,0.01,1,1,10.00,1,14280.00
2011-10-04T10:33:00.000Z,2011-10-04T14:34:00.000Z,SELL,0.01,1,1,10.00,1,14290.00
2011-10-04T14:34:00.000Z,2011-10-04T14:47:00.000Z,SELL,0.01,1,1,10.00,1,14300.00
2011-10-04T14:47:00.000Z,2011-10-04T17:43:00.000Z,SELL,0.01,1,1,10.00,1,14310.00
2011-10-04T17:43:00.000Z,2011-10-04T18:10:00.000Z,SELL,0.01,1,1,10.00,1,14320.00
2011-10-04T18:10:00.000Z,2011-10-04T18:28:00.000Z,SELL,0.01,1,1,10.00,1,14330.00
2011-10-04T18:28:00.000Z,2011-10-04T20:52:00.000Z,SELL,0.01,1,1,10.00,1,14340.00
2011-10-04T20:52:00.000Z,2011-10-05T19:42:00.000Z,SELL,0.01,4,1,10.00,4,14350.00
2011-10-05T19:42:00.000Z,2011-10-07T06:24:00.000Z,SELL,0.01,4,1,10.00,4,14360.00
2011-10-07T06:24:00.000Z,2011-10-07T11:49:00.000Z,SELL,0.01,1,1,10.00,1,14370.00
2011-10-07T11:49:00.000Z,2011-10-07T19:17:00.000Z,SELL,0.01,1,1,10.00,1,14380.00
2011-10-07T19:17:00.000Z,2011-10-07T19:52:00.000Z,SELL,0.01,1,1,10.00,1,14390.00
2011-10-07T19:52:00.000Z,2011-10-10T12:33:00.000Z,SELL,0.01,2,1,10.00,2,14400.00
2011-10-10T12:33:00.000Z,2011-10-13T16:55:00.000Z,SELL,0.01,5,1,10.00,5,14410.00
2011-10-13T16:55:00.000Z,2011-10-17T01:09:00.000Z,SELL,0.01,2,1,10.00,2,14420.00
2011-10-17T01:09:00.000Z,2011-10-17T19:05:00.000Z,SELL,0.01,1,1,10.00,1,14430.00
2011-10-17T19:05:00.000Z,2011-10-18T10:10:00.000Z,SELL,0.01,1,1,10.00,1,14440.00
2011-10-18T10:10:00.000Z,2011-10-18T14:46:00.000Z,SELL,0.01,1,1,10.00,1,14450.00
2011-10-18T14:46:00.000Z,2011-10-18T14:51:00.000Z,SELL,0.01,1,1,10.00,1,14460.00
2011-10-18T14:51:00.000Z,2011-10-18T16:52:00.000Z,SELL,0.01,1,1,10.00,1,14470.00
2011-10-18T16:52:00.000Z,2011-10-18T22:11:00.000Z,SELL,0.01,2,1,10.00,2,14480.00
2011-10-18T22:11:00.000Z,2011-10-19T01:58:00.000Z,SELL,0.01,1,1,10.00,1,14490.00
2011-10-19T01:58:00.000Z,2011-10-19T19:01:00.000Z,SELL,0.01,1,1,10.00,1,14500.00
2011-10-19T19:01:00.000Z,2011-10-20T03:42:00.000Z,SELL,0.01,1,1,10.00,1,14510.00
2011-10-20T03:42:00.000Z,2011-10-20T06:19:00.000Z,SELL,0.01,1,1,10.00,1,14520.00
2011-10-20T06:19:00.000Z,2011-10-20T08:30:00.000Z,SELL,0.01,1,1,10.00,1,14530.00
2011-10-20T08:30:00.000Z,2011-10-21T15:20:00.000Z,SELL,0.01,2,1,10.00,2,14540.00
2011-10-21T15:20:00.000Z,2011-10-25T17:11:00.000Z,SELL,0.01,2,1,10.00,2,14550.00
2011-10-25T17:11:00.000Z,2011-10-25T19:22:00.000Z,SELL,0.01,2,1,10.00,2,14560.00
2011-10-25T19:22:00.000Z,2011-10-27T17:17:00.000Z,SELL,0.01,2,1,10.00,2,14570.00
2011-10-27T17:17:00.000Z,2011-10-31T04:22:00.000Z,SELL,0.01,3,1,10.00,3,14580.00
2011-10-31T04:22:00.000Z,2011-10-31T04:50:00.000Z,SELL,0.01,1,1,10.00,1,14590.00
2011-10-31T04:50:00.000Z,2011-11-01T12:11:00.000Z,SELL,0.01,1,1,10.00,1,14600.00
2011-11-01T12:11:00.000Z,2011-11-01T14:05:00.000Z,SELL,0.01,1,1,10.00,1,14610.00
2011-11-01T14:05:00.000Z,2011-11-02T03:04:00.000Z,SELL,0.01,2,1,10.00,2,14620.00
2011-11-02T03:04:00.000Z,2011-11-03T13:39:00.000Z,SELL,0.01,4,1,10.00,4,14630.00
2011-11-03T13:39:00.000Z,2011-11-07T16:37:00.000Z,SELL,0.01,2,1,10.00,2,14640.00
2011-11-07T16:37:00.000Z,2011-11-09T22:16:00.000Z,SELL,0.01,3,1,10.00,3,14650.00
2011-11-09T22:16:00.000Z,2011-11-10T04:10:00.000Z,SELL,0.01,1,1,10.00,1,14660.00
2011-11-10T04:10:00.000Z,2011-11-10T17:16:00.000Z,SELL,0.01,1,1,10.00,1,14670.00
2011-11-10T17:16:00.000Z,2011-11-10T17:32:00.000Z,SELL,0.01,1,1,10.00,1,14680.00
2011-11-10T17:32:00.000Z,2011-11-11T10:48:00.000Z,SELL,0.01,2,1,10.00,2,14690.00
2011-11-11T10:48:00.000Z,2011-11-16T16:37:00.000Z,SELL,0.01,3,1,10.00,3,14700.00
2011-11-16T16:37:00.000Z,2011-11-17T14:01:00.000Z,SELL,0.01,1,1,10.00,1,14710.00
2011-11-17T14:01:00.000Z,2011-11-17T16:47:00.000Z,SELL,0.01,1,1,10.00,1,14720.00
2011-11-17T16:47:00.000Z,2011-11-17T19:10:00.000Z,SELL,0.01,1,1,10.00,1,14730.00
2011-11-17T19:10:00.000Z,2011-11-17T19:34:00.000Z,SELL,0.01,1,1,10.00,1,14740.00
2011-11-17T19:34:00.000Z,2011-11-21T12:01:00.000Z,SELL,0.01,1,1,10.00,1,14750.00
2011-11-21T12:01:00.000Z,2011-11-21T17:43:00.000Z,SELL,0.01,1,1,10.00,1,14760.00
2011-11-21T17:43:00.000Z,2011-11-21T18:40:00.000Z,SELL,0.01,1,1,10.00,1,14770.00
2011-11-21T18:40:00.000Z,2011-11-21T19:26:00.000Z,SELL,0.01,1,1,10.00,1,14780.00
2011-11-21T19:26:00.000Z,2011-11-21T21:01:00.000Z,SELL,0.01,1,1,10.00,1,14790.00
2011-11-21T21:01:00.000Z,2011-11-22T12:32:00.000Z,SELL,0.01,2,1,10.00,2,14800.00
2011-11-22T12:32:00.000Z,2011-11-22T15:30:00.000Z,SELL,0.01,1,1,10.00,1,14810.00
2011-11-22T15:30:00.000Z,2011-11-25T10:57:00.000Z,SELL,0.01,3,1,10.00,3,14820.00
2011-11-25T10:57:00.000Z,2011-11-28T03:09:00.000Z,SELL,0.01,2,1,10.00,2,14830.00
2011-11-28T03:09:00.000Z,2011-11-30T15:05:00.000Z,SELL,0.01,4,1,10.00,4,14840.00
2011-11-30T15:05:00.000Z,2011-12-05T20:45:00.000Z,SELL,0.01,3,1,10.00,3,14850.00
2011-12-05T20:45:00.000Z,2011-12-06T05:42:00.000Z,SELL,0.01,1,1,10.00,1,14860.00
2011-12-06T05:42:00.000Z,2011-12-06T15:38:00.000Z,SELL,0.01,1,1,10.00,1,14870.00
2011-12-06T15:38:00.000Z,2011-12-07T15:38:00.000Z,SELL,0.01,2,1,10.00,2,14880.00
2011-12-07T15:38:00.000Z,2011-12-07T17:58:00.000Z,SELL,0.01,1,1,10.00,1,14890.00
2011-12-07T17:58:00.000Z,2011-12-08T15:36:00.000Z,SELL,0.01,2,1,10.00,2,14900.00
2011-12-08T15:36:00.000Z,2011-12-08T15:51:00.000Z,SELL,0.01,1,1,10.00,1,14910.00
2011-12-08T15:51:00.000Z,2011-12-08T16:03:00.000Z,SELL,0.01,1,1,10.00,1,14920.00
2011-12-08T16:03:00.000Z,2011-12-08T16:09:00.000Z,SELL,0.01,1,1,10.00,1,14930.00
2011-12-08T16:09:00.000Z,2011-12-08T16:19:00.000Z,SELL,0.01,1,1,10.00,1,14940.00
2011-12-08T16:19:00.000Z,2011-12-08T18:16:00.000Z,SELL,0.01,1,1,10.00,1,14950.00
2011-12-08T18:16:00.000Z,2011-12-12T05:28:00.000Z,SELL,0.01,1,1,10.00,1,14960.00
2011-12-12T05:28:00.000Z,2011-12-12T09:50:00.000Z,SELL,0.01,1,1,10.00,1,14970.00
2011-12-12T09:50:00.000Z,2011-12-12T15:41:00.000Z,SELL,0.01,1,1,10.00,1,14980.00
2011-12-12T15:41:00.000Z,2011-12-12T16:06:00.000Z,SELL,0.01,1,1,10.00,1,14990.00
2011-12-12T16:06:00.000Z,2011-12-13T03:32:00.000Z,SELL,0.01,1,1,10.00,1,15000.00
2011-12-13T03:32:00.000Z,2011-12-13T21:39:00.000Z,SELL,0.01,3,1,10.00,3,15010.00
2011-12-13T21:39:00.000Z,2011-12-13T21:52:00.000Z,SELL,0.01,1,1,10.00,1,15020.00
2011-12-13T21:52:00.000Z,2011-12-13T22:38:00.000Z,SELL,0.01,1,1,10.00,1,15030.00
2011-12-13T22:38:00.000Z,2011-12-14T16:21:00.000Z,SELL,0.01,1,1,10.00,1,15040.00
2011-12-14T16:21:00.000Z,2011-12-14T17:14:00.000Z,SELL,0.01,1,1,10.00,1,15050.00
2011-12-14T17:14:00.000Z,2011-12-14T17:56:00.000Z,SELL,0.01,1,1,10.00,1,15060.00
2011-12-14T17:56:00.000Z,2011-12-14T18:11:00.000Z,SELL,0.01,1,1,10.00,1,15070.00
2011-12-14T18:11:00.000Z,2011-12-14T18:12:00.000Z,SELL,0.01,1,1,10.00,1,15080.00
2011-12-14T18:12:00.000Z,2011-12-15T17:45:00.000Z,SELL,0.01,5,1,10.00,5,15090.00
2011-12-15T17:45:00.000Z,2011-12-16T08:48:00.000Z,SELL,0.01,2,1,10.00,2,15100.00
2011-12-16T08:48:00.000Z,2011-12-21T02:06:00.000Z,SELL,0.01,2,1,10.00,2,15110.00
2011-12-21T02:06:00.000Z,2011-12-21T15:22:00.000Z,SELL,0.01,3,1,10.00,3,15120.00
2011-12-21T15:22:00.000Z,2011-12-22T17:34:00.000Z,SELL,0.01,1,1,10.00,1,15130.00
2011-12-22T17:34:00.000Z,2011-12-27T19:38:00.000Z,SELL,0.01,1,1,10.00,1,15140.00
2011-12-27T19:38:00.000Z,2011-12-28T16:46:00.000Z,SELL,0.01,1,1,10.00,1,15150.00
2011-12-28T16:46:00.000Z,2011-12-28T17:34:00.000Z,SELL,0.01,1,1,10.00,1,15160.00
2011-12-28T17:34:00.000Z,2011-12-28T19:10:00.000Z,SELL,0.01,1,1,10.00,1,15170.00
2011-12-28T19:10:00.000Z,2011-12-29T09:05:00.000Z,SELL,0.01,1,1,10.00,1,15180.00
2011-12-29T09:05:00.000Z,2011-12-29T12:30:00.000Z,SELL,0.01,1,1,10.00,1,15190.00
2011-12-29T12:30:00.000Z,2011-12-29T13:05:00.000Z,SELL,0.01,1,1,10.00,1,15200.00
2011-12-29T13:05:00.000Z,2011-12-30T03:16:00.000Z,SELL,0.01,2,1,10.00,2,15210.00
2011-12-30T03:16:00.000Z,2012-01-03T08:07:00.000Z,SELL,0.01,2,1,10.00,2,15220.00
2012-01-03T08:07:00.000Z,2012-01-05T07:38:00.000Z,SELL,0.01,2,1,10.00,2,15230.00
2012-01-05T07:38:00.000Z,2012-01-05T13:35:00.000Z,SELL,0.01,1,1,10.00,1,15240.00
2012-01-05T13:35:00.000Z,2012-01-05T16:05:00.000Z,SELL,0.01,1,1,10.00,1,15250.00
2012-01-05T16:05:00.000Z,2012-01-06T16:11:00.000Z,SELL,0.01,2,1,10.00,2,15260.00
2012-01-06T16:11:00.000Z,2012-01-06T16:52:00.000Z,SELL,0.01,1,1,10.00,1,15270.00
2012-01-06T16:52:00.000Z,2012-01-09T03:59:00.000Z,SELL,0.01,1,1,10.00,1,15280.00
2012-01-09T03:59:00.000Z,2012-01-10T15:00:00.000Z,SELL,0.01,2,1,10.00,2,15290.00
2012-01-10T15:00:00.000Z,2012-01-13T17:21:00.000Z,SELL,0.01,3,1,10.00,3,15300.00
2012-01-13T17:21:00.000Z,2012-01-17T05:48:00.000Z,SELL,0.01,2,1,10.00,2,15310.00
2012-01-17T05:48:00.000Z,2012-01-18T03:19:00.000Z,SELL,0.01,1,1,10.00,1,15320.00
2012-01-18T03:19:00.000Z,2012-01-23T12:45:00.000Z,SELL,0.01,4,1,10.00,4,15330.00
2012-01-23T12:45:00.000Z,2012-01-23T16:08:00.000Z,SELL,0.01,1,1,10.00,1,15340.00
2012-01-23T16:08:00.000Z,2012-01-25T12:37:00.000Z,SELL,0.01,1,1,10.00,1,15350.00
2012-01-25T12:37:00.000Z,2012-01-25T19:53:00.000Z,SELL,0.01,2,1,10.00,2,15360.00
2012-01-25T19:53:00.000Z,2012-01-26T12:04:00.000Z,SELL,0.01,2,1,10.00,2,15370.00
2012-01-26T12:04:00.000Z,2012-01-31T16:10:00.000Z,SELL,0.01,4,1,10.00,4,15380.00
2012-01-31T16:10:00.000Z,2012-01-31T17:46:00.000Z,SELL,0.01,1,1,10.00,1,15390.00
2012-01-31T17:46:00.000Z,2012-02-03T21:47:00.000Z,SELL,0.01,3,1,10.00,3,15400.00
2012-02-03T21:47:00.000Z,2012-02-06T11:03:00.000Z,SELL,0.01,1,1,10.00,1,15410.00
2012-02-06T11:03:00.000Z,2012-02-07T19:55:00.000Z,SELL,0.01,2,1,10.00,2,15420.00
2012-02-07T19:55:00.000Z,2012-02-08T17:41:00.000Z,SELL,0.01,1,1,10.00,1,15430.00
2012-02-08T17:41:00.000Z,2012-02-08T20:18:00.000Z,SELL,0.01,1,1,10.00,1,15440.00
2012-02-08T20:18:00.000Z,2012-02-10T10:06:00.000Z,SELL,0.01,3,1,10.00,3,15450.00
2012-02-10T10:06:00.000Z,2012-02-10T15:23:00.000Z,SELL,0.01,1,1,10.00,1,15460.00
2012-02-10T15:23:00.000Z,2012-02-15T16:06:00.000Z,SELL,0.01,2,1,10.00,2,15470.00
2012-02-15T16:06:00.000Z,2012-02-15T20:35:00.000Z,SELL,0.01,1,1,10.00,1,15480.00
2012-02-15T20:35:00.000Z,2012-02-16T10:29:00.000Z,SELL,0.01,1,1,10.00,1,15490.00
2012-02-16T10:29:00.000Z,2012-02-21T15:22:00.000Z,SELL,0.01,2,1,10.00,2,15500.00
2012-02-21T15:22:00.000Z,2012-02-22T21:10:00.000Z,SELL,0.01,2,1,10.00,2,15510.00
2012-02-22T21:10:00.000Z,2012-02-27T12:49:00.000Z,SELL,0.01,1,1,10.00,1,15520.00
2012-02-27T12:49:00.000Z,2012-02-29T17:47:00.000Z,SELL,0.01,3,1,10.00,3,15530.00
2012-02-29T17:47:00.000Z,2012-02-29T17:47:00.000Z,SELL,0.01,1,1,10.00,1,15540.00
2012-02-29T17:47:00.000Z,2012-02-29T17:49:00.000Z,SELL,0.01,1,1,10.00,1,15550.00
2012-02-29T17:49:00.000Z,2012-02-29T17:51:00.000Z,SELL,0.01,1,1,10.00,1,15560.00
2012-02-29T17:51:00.000Z,2012-02-29T18:28:00.000Z,SELL,0.01,1,1,10.00,1,15570.00
2012-02-29T18:28:00.000Z,2012-02-29T22:29:00.000Z,SELL,0.01,1,1,10.00,1,15580.00
2012-02-29T22:29:00.000Z,2012-02-29T22:33:00.000Z,SELL,0.01,1,1,10.00,1,15590.00
2012-02-29T22:33:00.000Z,2012-03-02T03:08:00.000Z,SELL,0.01,2,1,10.00,2,15600.00
2012-03-02T03:08:00.000Z,2012-03-02T10:55:00.000Z,SELL,0.01,1,1,10.00,1,15610.00
2012-03-02T10:55:00.000Z,2012-03-05T10:59:00.000Z,SELL,0.01,1,1,10.00,1,15620.00
2012-03-05T10:59:00.000Z,2012-03-06T11:00:00.000Z,SELL,0.01,1,1,10.00,1,15630.00
2012-03-06T11:00:00.000Z,2012-03-06T15:00:00.000Z,SELL,0.01,1,1,10.00,1,15640.00
2012-03-06T15:00:00.000Z,2012-03-06T16:00:00.000Z,SELL,0.01,1,1,10.00,1,15650.00
2012-03-06T16:00:00.000Z,2012-03-08T11:00:00.000Z,SELL,0.01,2,1,10.00,2,15660.00
2012-03-08T11:00:00.000Z,2012-03-08T17:00:00.000Z,SELL,0.01,1,1,10.00,1,15670.00
2012-03-08T17:00:00.000Z,2012-03-09T15:00:00.000Z,SELL,0.01,1,1,10.00,1,15680.00
2012-03-09T15:00:00.000Z,2012-03-09T17:00:00.000Z,SELL,0.01,2,1,10.00,2,15690.00
2012-03-09T17:00:00.000Z,2012-03-12T13:00:00.000Z,SELL,0.01,1,1,10.00,1,15700.00
2012-03-12T13:00:00.000Z,2012-03-13T14:00:00.000Z,SELL,0.01,1,1,10.00,1,15710.00
2012-03-13T14:00:00.000Z,2012-03-13T20:00:00.000Z,SELL,0.01,1,1,10.00,1,15720.00
2012-03-13T20:00:00.000Z,2012-03-13T21:00:00.000Z,SELL,0.01,1,1,10.00,1,15730.00
2012-03-13T21:00:00.000Z,2012-03-14T11:00:00.000Z,SELL,0.01,1,1,10.00,1,15740.00
2012-03-14T11:00:00.000Z,2012-03-14T14:00:00.000Z,SELL,0.01,1,1,10.00,1,15750.00
2012-03-14T14:00:00.000Z,2012-03-14T19:00:00.000Z,SELL,0.01,1,1,10.00,1,15760.00
2012-03-14T19:00:00.000Z,2012-03-19T17:00:00.000Z,SELL,0.01,2,1,10.00,2,15770.00
2012-03-19T17:00:00.000Z,2012-03-20T04:00:00.000Z,SELL,0.01,1,1,10.00,1,15780.00
2012-03-20T04:00:00.000Z,2012-03-20T10:00:00.000Z,SELL,0.01,1,1,10.00,1,15790.00
2012-03-20T10:00:00.000Z,2012-03-22T10:00:00.000Z,SELL,0.01,1,1,10.00,1,15800.00
2012-03-22T10:00:00.000Z,2012-03-22T15:00:00.000Z,SELL,0.01,1,1,10.00,1,15810.00
2012-03-22T15:00:00.000Z,2012-03-23T15:05:00.000Z,SELL,0.01,2,1,10.00,2,15820.00
2012-03-23T15:05:00.000Z,2012-03-26T21:54:00.000Z,SELL,0.01,2,1,10.00,2,15830.00
2012-03-26T21:54:00.000Z,2012-03-28T03:32:00.000Z,SELL,0.01,1,1,10.00,1,15840.00
2012-03-28T03:32:00.000Z,2012-03-28T19:12:00.000Z,SELL,0.01,1,1,10.00,1,15850.00
2012-03-28T19:12:00.000Z,2012-03-28T20:07:00.000Z,SELL,0.01,1,1,10.00,1,15860.00
2012-03-28T20:07:00.000Z,2012-03-29T18:23:00.000Z,SELL,0.01,1,1,10.00,1,15870.00
2012-03-29T18:23:00.000Z,2012-04-02T17:05:00.000Z,SELL,0.01,2,1,10.00,2,15880.00
2012-04-02T17:05:00.000Z,2012-04-03T21:00:00.000Z,SELL,0.01,1,1,10.00,1,15890.00
2012-04-03T21:00:00.000Z,2012-04-03T21:02:00.000Z,SELL,0.01,1,1,10.00,1,15900.00
2012-04-03T21:02:00.000Z,2012-04-03T21:19:00.000Z,SELL,0.01,1,1,10.00,1,15910.00
2012-04-03T21:19:00.000Z,2012-04-04T10:06:00.000Z,SELL,0.01,1,1,10.00,1,15920.00
2012-04-04T10:06:00.000Z,2012-04-04T14:13:00.000Z,SELL,0.01,1,1,10.00,1,15930.00
2012-04-04T14:13:00.000Z,2012-04-04T17:51:00.000Z,SELL,0.01,1,1,10.00,1,15940.00
2012-04-04T17:51:00.000Z,2012-04-09T01:13:00.000Z,SELL,0.01,2,1,10.00,2,15950.00
2012-04-09T01:13:00.000Z,2012-04-09T04:31:00.000Z,SELL,0.01,1,1,10.00,1,15960.00
2012-04-09T04:31:00.000Z,2012-04-12T16:47:00.000Z,SELL,0.01,2,1,10.00,2,15970.00
2012-04-12T16:47:00.000Z,2012-04-13T20:20:00.000Z,SELL,0.01,1,1,10.00,1,15980.00
2012-04-13T20:20:00.000Z,2012-04-16T07:53:00.000Z,SELL,0.01,1,1,10.00,1,15990.00
2012-04-16T07:53:00.000Z,2012-04-17T17:02:00.000Z,SELL,0.01,1,1,10.00,1,16000.00
2012-04-17T17:02:00.000Z,2012-04-23T15:20:00.000Z,SELL,0.01,3,1,10.00,3,16010.00
2012-04-23T15:20:00.000Z,2012-04-26T15:30:00.000Z,SELL,0.01,4,1,10.00,4,16020.00
2012-04-26T15:30:00.000Z,2012-05-03T09:39:00.000Z,SELL,0.01,1,1,10.00,1,16030.00
2012-05-03T09:39:00.000Z,2012-05-03T16:41:00.000Z,SELL,0.01,1,1,10.00,1,16040.00
2012-05-03T16:41:00.000Z,2012-05-08T15:20:00.000Z,SELL,0.01,1,1,10.00,1,16050.00
2012-05-08T15:20:00.000Z,2012-05-08T15:28:00.000Z,SELL,0.01,1,1,10.00,1,16060.00
2012-05-08T15:28:00.000Z,2012-05-08T16:57:00.000Z,SELL,0.01,1,1,10.00,1,16070.00
2012-05-08T16:57:00.000Z,2012-05-09T06:27:00.000Z,SELL,0.01,1,1,10.00,1,16080.00
2012-05-09T06:27:00.000Z,2012-05-09T12:43:00.000Z,SELL,0.01,1,1,10.00,1,16090.00
2012-05-09T12:43:00.000Z,2012-05-14T10:29:00.000Z,SELL,0.01,1,1,10.00,1,16100.00
2012-05-14T10:29:00.000Z,2012-05-14T11:50:00.000Z,SELL,0.01,1,1,10.00,1,16110.00
2012-05-14T11:50:00.000Z,2012-05-15T08:38:00.000Z,SELL,0.01,1,1,10.00,1,16120.00
2012-05-15T08:38:00.000Z,2012-05-15T22:51:00.000Z,SELL,0.01,1,1,10.00,1,16130.00
2012-05-15T22:51:00.000Z,2012-05-16T09:27:00.000Z,SELL,0.01,1,1,10.00,1,16140.00
2012-05-16T09:27:00.000Z,2012-05-17T17:05:00.000Z,SELL,0.01,4,1,10.00,4,16150.00
2012-05-17T17:05:00.000Z,2012-05-18T12:50:00.000Z,SELL,0.01,2,1,10.00,2,16160.00
2012-05-18T12:50:00.000Z,2012-05-22T11:33:00.000Z,SELL,0.01,1,1,10.00,1,16170.00
2012-05-22T11:33:00.000Z,2012-05-22T21:29:00.000Z,SELL,0.01,1,1,10.00,1,16180.00
2012-05-22T21:29:00.000Z,2012-05-23T03:36:00.000Z,SELL,0.01,1,1,10.00,1,16190.00
2012-05-23T03:36:00.000Z,2012-05-23T17:01:00.000Z,SELL,0.01,1,1,10.00,1,16200.00
2012-05-23T17:01:00.000Z,2012-05-23T17:27:00.000Z,SELL,0.01,1,1,10.00,1,16210.00
2012-05-23T17:27:00.000Z,2012-05-24T15:43:00.000Z,SELL,0.01,2,1,10.00,2,16220.00
2012-05-24T15:43:00.000Z,2012-05-24T20:23:00.000Z,SELL,0.01,1,1,10.00,1,16230.00
2012-05-24T20:23:00.000Z,2012-05-29T20:29:00.000Z,SELL,0.01,3,1,10.00,3,16240.00
2012-05-29T20:29:00.000Z,2012-05-30T16:37:00.000Z,SELL,0.01,1,1,10.00,1,16250.00
2012-05-30T16:37:00.000Z,2012-05-31T12:34:00.000Z,SELL,0.01,2,1,10.00,2,16260.00
2012-05-31T12:34:00.000Z,2012-05-31T15:22:00.000Z,SELL,0.01,1,1,10.00,1,16270.00
2012-05-31T15:22:00.000Z,2012-06-01T12:07:00.000Z,SELL,0.01,1,1,10.00,1,16280.00
2012-06-01T12:07:00.000Z,2012-06-01T15:44:00.000Z,SELL,0.01,2,1,10.00,2,16290.00
2012-06-01T15:44:00.000Z,2012-06-01T17:08:00.000Z,SELL,0.01,2,1,10.00,2,16300.00
2012-06-01T17:08:00.000Z,2012-06-06T15:31:00.000Z,SELL,0.01,4,1,10.00,4,16310.00
2012-06-06T15:31:00.000Z,2012-06-06T20:57:00.000Z,SELL,0.01,1,1,10.00,1,16320.00
2012-06-06T20:57:00.000Z,2012-06-06T21:15:00.000Z,SELL,0.01,1,1,10.00,1,16330.00
2012-06-06T21:15:00.000Z,2012-06-07T17:02:00.000Z,SELL,0.01,1,1,10.00,1,16340.00
2012-06-07T17:02:00.000Z,2012-06-07T18:06:00.000Z,SELL,0.01,1,1,10.00,1,16350.00
2012-06-07T18:06:00.000Z,2012-06-07T18:15:00.000Z,SELL,0.01,1,1,10.00,1,16360.00
2012-06-07T18:15:00.000Z,2012-06-08T05:18:00.000Z,SELL,0.01,1,1,10.00,1,16370.00
2012-06-08T05:18:00.000Z,2012-06-08T05:23:00.000Z,SELL,0.01,1,1,10.00,1,16380.00
2012-06-08T05:23:00.000Z,2012-06-11T01:05:00.000Z,SELL,0.01,2,1,10.00,2,16390.00
2012-06-11T01:05:00.000Z,2012-06-11T16:32:00.000Z,SELL,0.01,1,1,10.00,1,16400.00
2012-06-11T16:32:00.000Z,2012-06-12T18:43:00.000Z,SELL,0.01,2,1,10.00,2,16410.00
2012-06-12T18:43:00.000Z,2012-06-12T21:10:00.000Z,SELL,0.01,1,1,10.00,1,16420.00
2012-06-12T21:10:00.000Z,2012-06-20T17:04:00.000Z,SELL,0.01,5,1,10.00,5,16430.00
2012-06-20T17:04:00.000Z,2012-06-21T15:20:00.000Z,SELL,0.01,3,1,10.00,3,16440.00
2012-06-21T15:20:00.000Z,2012-06-21T18:17:00.000Z,SELL,0.01,1,1,10.00,1,16450.00
2012-06-21T18:17:00.000Z,2012-06-21T20:20:00.000Z,SELL,0.01,1,1,10.00,1,16460.00
2012-06-21T20:20:00.000Z,2012-06-28T17:00:00.000Z,SELL,0.01,3,1,10.00,3,16470.00
2012-06-28T17:00:00.000Z,2012-06-29T15:25:00.000Z,SELL,0.01,2,1,10.00,2,16480.00
2012-06-29T15:25:00.000Z,2012-07-03T15:20:00.000Z,SELL,0.01,2,1,10.00,2,16490.00
2012-07-03T15:20:00.000Z,2012-07-05T15:23:00.000Z,SELL,0.01,1,1,10.00,1,16500.00
2012-07-05T15:23:00.000Z,2012-07-06T11:49:00.000Z,SELL,0.01,1,1,10.00,1,16510.00
2012-07-06T11:49:00.000Z,2012-07-06T15:51:00.000Z,SELL,0.01,1,1,10.00,1,16520.00
2012-07-06T15:51:00.000Z,2012-07-10T21:16:00.000Z,SELL,0.01,1,1,10.00,1,16530.00
2012-07-10T21:16:00.000Z,2012-07-10T21:43:00.000Z,SELL,0.01,1,1,10.00,1,16540.00
2012-07-10T21:43:00.000Z,2012-07-13T17:01:00.000Z,SELL,0.01,2,1,10.00,2,16550.00
2012-07-13T17:01:00.000Z,2012-07-16T04:00:00.000Z,SELL,0.01,1,1,10.00,1,16560.00
2012-07-16T04:00:00.000Z,2012-07-17T17:43:00.000Z,SELL,0.01,1,1,10.00,1,16570.00
2012-07-17T17:43:00.000Z,2012-07-23T15:20:00.000Z,SELL,0.01,1,1,10.00,1,16580.00
2012-07-23T15:20:00.000Z,2012-07-25T15:04:00.000Z,SELL,0.01,2,1,10.00,2,16590.00
2012-07-25T15:04:00.000Z,2012-07-27T12:58:00.000Z,SELL,0.01,2,1,10.00,2,16600.00
2012-07-27T12:58:00.000Z,2012-07-31T19:04:00.000Z,SELL,0.01,1,1,10.00,1,16610.00
2012-07-31T19:04:00.000Z,2012-08-01T16:16:00.000Z,SELL,0.01,1,1,10.00,1,16620.00
2012-08-01T16:16:00.000Z,2012-08-01T21:18:00.000Z,SELL,0.01,1,1,10.00,1,16630.00
2012-08-01T21:18:00.000Z,2012-08-10T17:15:00.000Z,SELL,0.01,4,1,10.00,4,16640.00
2012-08-10T17:15:00.000Z,2012-08-13T20:20:00.000Z,SELL,0.01,1,1,10.00,1,16650.00
2012-08-13T20:20:00.000Z,2012-08-14T15:42:00.000Z,SELL,0.01,1,1,10.00,1,16660.00
2012-08-14T15:42:00.000Z,2012-08-14T15:42:00.000Z,SELL,0.01,1,1,10.00,1,16670.00
2012-08-14T15:42:00.000Z,2012-08-21T08:13:00.000Z,SELL,0.01,2,1,10.00,2,16680.00
2012-08-21T08:13:00.000Z,2012-08-22T21:50:00.000Z,SELL,0.01,2,1,10.00,2,16690.00
2012-08-22T21:50:00.000Z,2012-08-31T20:01:00.000Z,SELL,0.01,4,1,10.00,4,16700.00
2012-08-31T20:01:00.000Z,2012-09-06T15:01:00.000Z,SELL,0.01,2,1,10.00,2,16710.00
2012-09-06T15:01:00.000Z,2012-09-06T15:16:00.000Z,SELL,0.01,1,1,10.00,1,16720.00
2012-09-06T15:16:00.000Z,2012-09-07T05:45:00.000Z,SELL,0.01,1,1,10.00,1,16730.00
2012-09-07T05:45:00.000Z,2012-09-07T15:38:00.000Z,SELL,0.01,2,1,10.00,2,16740.00
2012-09-07T15:38:00.000Z,2012-09-13T19:32:00.000Z,SELL,0.01,4,1,10.00,4,16750.00
2012-09-13T19:32:00.000Z,2012-09-13T19:37:00.000Z,SELL,0.01,1,1,10.00,1,16760.00
2012-09-13T19:37:00.000Z,2012-09-13T20:27:00.000Z,SELL,0.01,2,1,10.00,2,16770.00
2012-09-13T20:27:00.000Z,2012-09-13T21:35:00.000Z,SELL,0.01,1,1,10.00,1,16780.00
2012-09-13T21:35:00.000Z,2012-09-26T15:22:00.000Z,SELL,0.01,3,1,10.00,3,16790.00
2012-09-26T15:22:00.000Z,2012-09-26T15:26:00.000Z,SELL,0.01,1,1,10.00,1,16800.00
2012-09-26T15:26:00.000Z,2012-09-27T18:43:00.000Z,SELL,0.01,2,1,10.00,2,16810.00
2012-09-27T18:43:00.000Z,2012-10-09T18:21:00.000Z,SELL,0.01,5,1,10.00,5,16820.00
2012-10-09T18:21:00.000Z,2012-10-15T01:10:00.000Z,SELL,0.01,1,1,10.00,1,16830.00
2012-10-15T01:10:00.000Z,2012-10-15T15:30:00.000Z,SELL,0.01,1,1,10.00,1,16840.00
2012-10-15T15:30:00.000Z,2012-10-15T17:20:00.000Z,SELL,0.01,1,1,10.00,1,16850.00
2012-10-15T17:20:00.000Z,2012-10-19T18:55:00.000Z,SELL,0.01,3,1,10.00,3,16860.00
2012-10-19T18:55:00.000Z,2012-10-23T13:37:00.000Z,SELL,0.01,1,1,10.00,1,16870.00
2012-10-23T13:37:00.000Z,2012-10-24T18:48:00.000Z,SELL,0.01,1,1,10.00,1,16880.00
2012-10-24T18:48:00.000Z,2012-11-02T16:25:00.000Z,SELL,0.01,3,1,10.00,3,16890.00
2012-11-02T16:25:00.000Z,2012-11-02T18:42:00.000Z,SELL,0.01,1,1,10.00,1,16900.00
2012-11-02T18:42:00.000Z,2012-11-06T19:15:00.000Z,SELL,0.01,2,1,10.00,2,16910.00
2012-11-06T19:15:00.000Z,2012-11-06T20:11:00.000Z,SELL,0.01,1,1,10.00,1,16920.00
2012-11-06T20:11:00.000Z,2012-11-07T09:33:00.000Z,SELL,0.01,4,1,10.00,4,16930.00
2012-11-07T09:33:00.000Z,2012-11-07T14:22:00.000Z,SELL,0.01,1,1,10.00,1,16940.00
2012-11-07T14:22:00.000Z,2012-11-07T17:50:00.000Z,SELL,0.01,1,1,10.00,1,16950.00
2012-11-07T17:50:00.000Z,2012-11-09T16:43:00.000Z,SELL,0.01,2,1,10.00,2,16960.00
2012-11-09T16:43:00.000Z,2012-11-12T19:13:00.000Z,SELL,0.01,1,1,10.00,1,16970.00
2012-11-12T19:13:00.000Z,2012-11-13T16:18:00.000Z,SELL,0.01,1,1,10.00,1,16980.00
2012-11-13T16:18:00.000Z,2012-11-15T16:47:00.000Z,SELL,0.01,1,1,10.00,1,16990.00
2012-11-15T16:47:00.000Z,2012-11-23T17:16:00.000Z,SELL,0.01,2,1,10.00,2,17000.00
2012-11-23T17:16:00.000Z,2012-11-28T15:21:00.000Z,SELL,0.01,1,1,10.00,1,17010.00
2012-11-28T15:21:00.000Z,2012-11-28T15:22:00.000Z,SELL,0.01,1,1,10.00,1,17020.00
2012-11-28T15:22:00.000Z,2012-11-28T16:26:00.000Z,SELL,0.01,1,1,10.00,1,17030.00
2012-11-28T16:26:00.000Z,2012-12-04T15:38:00.000Z,SELL,0.01,3,1,10.00,3,17040.00
2012-12-04T15:38:00.000Z,2012-12-05T17:44:00.000Z,SELL,0.01,1,1,10.00,1,17050.00
2012-12-05T17:44:00.000Z,2012-12-10T15:20:00.000Z,SELL,0.01,2,1,10.00,2,17060.00
2012-12-10T15:20:00.000Z,2012-12-11T17:19:00.000Z,SELL,0.01,1,1,10.00,1,17070.00
2012-12-11T17:19:00.000Z,2012-12-13T03:08:00.000Z,SELL,0.01,1,1,10.00,1,17080.00
2012-12-13T03:08:00.000Z,2012-12-18T18:24:00.000Z,SELL,0.01,1,1,10.00,1,17090.00
2012-12-18T18:24:00.000Z,2012-12-18T18:53:00.000Z,SELL,0.01,1,1,10.00,1,17100.00
2012-12-18T18:53:00.000Z,2012-12-18T20:40:00.000Z,SELL,0.01,1,1,10.00,1,17110.00
2012-12-18T20:40:00.000Z,2012-12-20T15:52:00.000Z,SELL,0.01,1,1,10.00,1,17120.00
2012-12-20T15:52:00.000Z,2012-12-20T17:21:00.000Z,SELL,0.01,1,1,10.00,1,17130.00
2012-12-20T17:21:00.000Z,2012-12-31T19:47:00.000Z,SELL,0.01,2,1,10.00,2,17140.00
2012-12-31T19:47:00.000Z,2013-01-03T21:06:00.000Z,SELL,0.01,3,1,10.00,3,17150.00
2013-01-03T21:06:00.000Z,2013-01-04T02:14:00.000Z,SELL,0.01,1,1,10.00,1,17160.00
2013-01-04T02:14:00.000Z,2013-01-04T09:48:00.000Z,SELL,0.01,1,1,10.00,1,17170.00
2013-01-04T09:48:00.000Z,2013-01-04T12:27:00.000Z,SELL,0.01,1,1,10.00,1,17180.00
2013-01-04T12:27:00.000Z,2013-01-09T08:03:00.000Z,SELL,0.01,2,1,10.00,2,17190.00
2013-01-09T08:03:00.000Z,2013-01-09T19:11:00.000Z,SELL,0.01,1,1,10.00,1,17200.00
2013-01-09T19:11:00.000Z,2013-01-15T10:41:00.000Z,SELL,0.01,4,1,10.00,4,17210.00
2013-01-15T10:41:00.000Z,2013-01-17T15:36:00.000Z,SELL,0.01,1,1,10.00,1,17220.00
2013-01-17T15:36:00.000Z,2013-01-25T15:08:00.000Z,SELL,0.01,3,1,10.00,3,17230.00
2013-01-25T15:08:00.000Z,2013-01-28T15:39:00.000Z,SELL,0.01,1,1,10.00,1,17240.00
2013-01-28T15:39:00.000Z,2013-01-30T17:32:00.000Z,SELL,0.01,2,1,10.00,2,17250.00
2013-01-30T17:32:00.000Z,2013-01-31T15:04:00.000Z,SELL,0.01,1,1,10.00,1,17260.00
2013-01-31T15:04:00.000Z,2013-01-31T16:57:00.000Z,SELL,0.01,1,1,10.00,1,17270.00
2013-01-31T16:57:00.000Z,2013-02-11T15:20:00.000Z,SELL,0.01,5,1,10.00,5,17280.00
2013-02-11T15:20:00.000Z,2013-02-12T10:27:00.000Z,SELL,0.01,1,1,10.00,1,17290.00
2013-02-12T10:27:00.000Z,2013-02-15T03:14:00.000Z,SELL,0.01,1,1,10.00,1,17300.00
2013-02-15T03:14:00.000Z,2013-02-15T15:10:00.000Z,SELL,0.01,1,1,10.00,1,17310.00
2013-02-15T15:10:00.000Z,2013-02-15T16:06:00.000Z,SELL,0.01,1,1,10.00,1,17320.00
2013-02-15T16:06:00.000Z,2013-02-15T17:35:00.000Z,SELL,0.01,1,1,10.00,1,17330.00
2013-02-15T17:35:00.000Z,2013-02-20T14:07:00.000Z,SELL,0.01,1,1,10.00,1,17340.00
2013-02-20T14:07:00.000Z,2013-02-20T17:46:00.000Z,SELL,0.01,1,1,10.00,1,17350.00
2013-02-20T17:46:00.000Z,2013-02-20T21:02:00.000Z,SELL,0.01,1,1,10.00,1,17360.00
2013-02-20T21:02:00.000Z,2013-02-20T21:54:00.000Z,SELL,0.01,1,1,10.00,1,17370.00
2013-02-20T21:54:00.000Z,2013-02-25T10:22:00.000Z,SELL,0.01,2,1,10.00,2,17380.00
2013-02-25T10:22:00.000Z,2013-02-26T18:21:00.000Z,SELL,0.01,2,1,10.00,2,17390.00
2013-02-26T18:21:00.000Z,2013-02-27T08:31:00.000Z,SELL,0.01,1,1,10.00,1,17400.00
2013-02-27T08:31:00.000Z,2013-02-27T19:31:00.000Z,SELL,0.01,1,1,10.00,1,17410.00
2013-02-27T19:31:00.000Z,2013-02-28T11:41:00.000Z,SELL,0.01,1,1,10.00,1,17420.00
2013-02-28T11:41:00.000Z,2013-02-28T18:40:00.000Z,SELL,0.01,1,1,10.00,1,17430.00
2013-02-28T18:40:00.000Z,2013-03-01T11:42:00.000Z,SELL,0.01,1,1,10.00,1,17440.00
2013-03-01T11:42:00.000Z,2013-03-13T15:17:00.000Z,SELL,0.01,2,1,10.00,2,17450.00
2013-03-13T15:17:00.000Z,2013-03-13T16:25:00.000Z,SELL,0.01,1,1,10.00,1,17460.00
2013-03-13T16:25:00.000Z,2013-03-14T13:48:00.000Z,SELL,0.01,1,1,10.00,1,17470.00
2013-03-14T13:48:00.000Z,2013-03-18T14:36:00.000Z,SELL,0.01,2,1,10.00,2,17480.00
2013-03-18T14:36:00.000Z,2013-03-25T14:04:00.000Z,SELL,0.01,1,1,10.00,1,17490.00
2013-03-25T14:04:00.000Z,2013-04-02T15:46:00.000Z,SELL,0.01,1,1,10.00,1,17500.00
2013-04-02T15:46:00.000Z,2013-04-02T19:08:00.000Z,SELL,0.01,1,1,10.00,1,17510.00
2013-04-02T19:08:00.000Z,2013-04-03T04:41:00.000Z,SELL,0.01,1,1,10.00,1,17520.00
2013-04-03T04:41:00.000Z,2013-04-03T19:25:00.000Z,SELL,0.01,1,1,10.00,1,17530.00
2013-04-03T19:25:00.000Z,2013-04-04T04:19:00.000Z,SELL,0.01,1,1,10.00,1,17540.00
2013-04-04T04:19:00.000Z,2013-04-05T20:33:00.000Z,SELL,0.01,2,1,10.00,2,17550.00
2013-04-05T20:33:00.000Z,2013-04-10T19:36:00.000Z,SELL,0.01,1,1,10.00,1,17560.00
2013-04-10T19:36:00.000Z,2013-04-10T23:20:00.000Z,SELL,0.01,1,1,10.00,1,17570.00
2013-04-10T23:20:00.000Z,2013-04-12T12:46:00.000Z,SELL,0.01,1,1,10.00,1,17580.00
2013-04-12T12:46:00.000Z,2013-04-12T15:16:00.000Z,SELL,0.01,1,1,10.00,1,17590.00
2013-04-12T15:16:00.000Z,2013-04-12T17:35:00.000Z,SELL,0.01,1,1,10.00,1,17600.00
2013-04-12T17:35:00.000Z,2013-04-12T17:37:00.000Z,SELL,0.01,1,1,10.00,1,17610.00
2013-04-12T17:37:00.000Z,2013-04-12T17:55:00.000Z,SELL,0.01,1,1,10.00,1,17620.00
2013-04-12T17:55:00.000Z,2013-04-12T18:02:00.000Z,SELL,0.01,1,1,10.00,1,17630.00
2013-04-12T18:02:00.000Z,2013-04-12T22:24:00.000Z,SELL,0.01,1,1,10.00,1,17640.00
2013-04-12T22:24:00.000Z,2013-04-15T04:45:00.000Z,SELL,0.01,1,1,10.00,1,17650.00
2013-04-15T04:45:00.000Z,2013-04-15T04:45:00.000Z,SELL,0.01,1,1,10.00,1,17660.00
2013-04-15T04:45:00.000Z,2013-04-15T04:47:00.000Z,SELL,0.01,1,1,10.00,1,17670.00
2013-04-15T04:47:00.000Z,2013-04-15T05:01:00.000Z,SELL,0.01,1,1,10.00,1,17680.00
2013-04-15T05:01:00.000Z,2013-04-15T05:04:00.000Z,SELL,0.01,1,1,10.00,1,17690.00
2013-04-15T05:04:00.000Z,2013-04-15T11:54:00.000Z,SELL,0.01,3,1,10.00,3,17700.00
2013-04-15T11:54:00.000Z,2013-04-15T11:57:00.000Z,SELL,0.01,1,1,10.00,1,17710.00
2013-04-15T11:57:00.000Z,2013-04-15T12:41:00.000Z,SELL,0.01,1,1,10.00,1,17720.00
2013-04-15T12:41:00.000Z,2013-04-15T12:57:00.000Z,SELL,0.01,1,1,10.00,1,17730.00
2013-04-15T12:57:00.000Z,2013-04-15T15:25:00.000Z,SELL,0.01,2,1,10.00,2,17740.00
2013-04-15T15:25:00.000Z,2013-04-15T16:06:00.000Z,SELL,0.01,1,1,10.00,1,17750.00
2013-04-15T16:06:00.000Z,2013-04-15T16:50:00.000Z,SELL,0.01,1,1,10.00,1,17760.00
2013-04-15T16:50:00.000Z,2013-04-15T17:08:00.000Z,SELL,0.01,1,1,10.00,1,17770.00
2013-04-15T17:08:00.000Z,2013-04-15T17:45:00.000Z,SELL,0.01,1,1,10.00,1,17780.00
2013-04-15T17:45:00.000Z,2013-04-15T17:50:00.000Z,SELL,0.01,1,1,10.00,1,17790.00
2013-04-15T17:50:00.000Z,2013-04-15T17:54:00.000Z,SELL,0.01,1,1,10.00,1,17800.00
2013-04-15T17:54:00.000Z,2013-04-15T21:50:00.000Z,SELL,0.01,3,1,10.00,3,17810.00
2013-04-15T21:50:00.000Z,2013-04-15T23:17:00.000Z,SELL,0.01,1,1,10.00,1,17820.00
2013-04-15T23:17:00.000Z,2013-04-16T03:22:00.000Z,SELL,0.01,3,1,10.00,3,17830.00
2013-04-16T03:22:00.000Z,2013-04-16T07:36:00.000Z,SELL,0.01,2,1,10.00,2,17840.00
2013-04-16T07:36:00.000Z,2013-04-16T12:46:00.000Z,SELL,0.01,2,1,10.00,2,17850.00
2013-04-16T12:46:00.000Z,2013-04-16T16:52:00.000Z,SELL,0.01,1,1,10.00,1,17860.00
2013-04-16T16:52:00.000Z,2013-04-16T21:54:00.000Z,SELL,0.01,1,1,10.00,1,17870.00
2013-04-16T21:54:00.000Z,2013-04-18T04:05:00.000Z,SELL,0.01,3,1,10.00,3,17880.00
2013-04-18T04:05:00.000Z,2013-04-18T04:05:00.000Z,SELL,0.01,1,1,10.00,1,17890.00
2013-04-18T04:05:00.000Z,2013-04-18T04:05:00.000Z,SELL,0.01,1,1,10.00,1,17900.00
2013-04-18T04:05:00.000Z,2013-04-18T08:55:00.000Z,SELL,0.01,2,1,10.00,2,17910.00
2013-04-18T08:55:00.000Z,2013-04-18T14:10:00.000Z,SELL,0.01,2,1,10.00,2,17920.00
2013-04-18T14:10:00.000Z,2013-04-18T16:04:00.000Z,SELL,0.01,1,1,10.00,1,17930.00
2013-04-18T16:04:00.000Z,2013-04-19T09:06:00.000Z,SELL,0.01,2,1,10.00,2,17940.00
2013-04-19T09:06:00.000Z,2013-04-19T14:22:00.000Z,SELL,0.01,1,1,10.00,1,17950.00
2013-04-19T14:22:00.000Z,2013-04-19T19:42:00.000Z,SELL,0.01,1,1,10.00,1,17960.00
2013-04-19T19:42:00.000Z,2013-04-22T13:02:00.000Z,SELL,0.01,2,1,10.00,2,17970.00
2013-04-22T13:02:00.000Z,2013-04-23T09:16:00.000Z,SELL,0.01,1,1,10.00,1,17980.00
2013-04-23T09:16:00.000Z,2013-04-23T16:54:00.000Z,SELL,0.01,1,1,10.00,1,17990.00
2013-04-23T16:54:00.000Z,2013-04-25T05:25:00.000Z,SELL,0.01,2,1,10.00,2,18000.00
2013-04-25T05:25:00.000Z,2013-04-25T20:53:00.000Z,SELL,0.01,2,1,10.00,2,18010.00
2013-04-25T20:53:00.000Z,2013-04-26T18:49:00.000Z,SELL,0.01,1,1,10.00,1,18020.00
2013-04-26T18:49:00.000Z,2013-05-01T16:37:00.000Z,SELL,0.01,3,1,10.00,3,18030.00
2013-05-01T16:37:00.000Z,2013-05-03T10:15:00.000Z,SELL,0.01,2,1,10.00,2,18040.00
2013-05-03T10:15:00.000Z,2013-05-03T15:31:00.000Z,SELL,0.01,1,1,10.00,1,18050.00
2013-05-03T15:31:00.000Z,2013-05-03T15:32:00.000Z,SELL,0.01,1,1,10.00,1,18060.00
2013-05-03T15:32:00.000Z,2013-05-07T16:52:00.000Z,SELL,0.01,3,1,10.00,3,18070.00
2013-05-07T16:52:00.000Z,2013-05-10T14:01:00.000Z,SELL,0.01,3,1,10.00,3,18080.00
2013-05-10T14:01:00.000Z,2013-05-10T16:32:00.000Z,SELL,0.01,1,1,10.00,1,18090.00
2013-05-10T16:32:00.000Z,2013-05-15T09:28:00.000Z,SELL,0.01,3,1,10.00,3,18100.00
2013-05-15T09:28:00.000Z,2013-05-15T17:22:00.000Z,SELL,0.01,1,1,10.00,1,18110.00
2013-05-15T17:22:00.000Z,2013-05-15T17:40:00.000Z,SELL,0.01,1,1,10.00,1,18120.00
2013-05-15T17:40:00.000Z,2013-05-16T10:30:00.000Z,SELL,0.01,1,1,10.00,1,18130.00
2013-05-16T10:30:00.000Z,2013-05-16T11:20:00.000Z,SELL,0.01,1,1,10.00,1,18140.00
2013-05-16T11:20:00.000Z,2013-05-17T17:41:00.000Z,SELL,0.01,1,1,10.00,1,18150.00
2013-05-17T17:41:00.000Z,2013-05-20T01:10:00.000Z,SELL,0.01,1,1,10.00,1,18160.00
2013-05-20T01:10:00.000Z,2013-05-20T01:37:00.000Z,SELL,0.01,1,1,10.00,1,18170.00
2013-05-20T01:37:00.000Z,2013-05-20T19:02:00.000Z,SELL,0.01,2,1,10.00,2,18180.00
2013-05-20T19:02:00.000Z,2013-05-21T16:55:00.000Z,SELL,0.01,3,1,10.00,3,18190.00
2013-05-21T16:55:00.000Z,2013-05-22T14:39:00.000Z,SELL,0.01,2,1,10.00,2,18200.00
2013-05-22T14:39:00.000Z,2013-05-22T16:46:00.000Z,SELL,0.01,1,1,10.00,1,18210.00
2013-05-22T16:46:00.000Z,2013-05-22T17:08:00.000Z,SELL,0.01,2,1,10.00,2,18220.00
2013-05-22T17:08:00.000Z,2013-05-22T17:22:00.000Z,SELL,0.01,1,1,10.00,1,18230.00
2013-05-22T17:22:00.000Z,2013-05-22T17:30:00.000Z,SELL,0.01,1,1,10.00,1,18240.00
2013-05-22T17:30:00.000Z,2013-05-22T17:34:00.000Z,SELL,0.01,1,1,10.00,1,18250.00
2013-05-22T17:34:00.000Z,2013-05-22T17:52:00.000Z,SELL,0.01,1,1,10.00,1,18260.00
2013-05-22T17:52:00.000Z,2013-05-22T20:40:00.000Z,SELL,0.01,1,1,10.00,1,18270.00
2013-05-22T20:40:00.000Z,2013-05-23T12:00:00.000Z,SELL,0.01,2,1,10.00,2,18280.00
2013-05-23T12:00:00.000Z,2013-05-23T16:57:00.000Z,SELL,0.01,1,1,10.00,1,18290.00
2013-05-23T16:57:00.000Z,2013-05-30T16:20:00.000Z,SELL,0.01,2,1,10.00,2,18300.00
2013-05-30T16:20:00.000Z,2013-05-31T16:43:00.000Z,SELL,0.01,1,1,10.00,1,18310.00
2013-05-31T16:43:00.000Z,2013-05-31T17:58:00.000Z,SELL,0.01,1,1,10.00,1,18320.00
2013-05-31T17:58:00.000Z,2013-06-06T19:26:00.000Z,SELL,0.01,4,1,10.00,4,18330.00
2013-06-06T19:26:00.000Z,2013-06-06T22:33:00.000Z,SELL,0.01,1,1,10.00,1,18340.00
2013-06-06T22:33:00.000Z,2013-06-07T15:50:00.000Z,SELL,0.01,1,1,10.00,1,18350.00
2013-06-07T15:50:00.000Z,2013-06-07T16:17:00.000Z,SELL,0.01,1,1,10.00,1,18360.00
2013-06-07T16:17:00.000Z,2013-06-07T18:14:00.000Z,SELL,0.01,1,1,10.00,1,18370.00
2013-06-07T18:14:00.000Z,2013-06-11T12:00:00.000Z,SELL,0.01,1,1,10.00,1,18380.00
2013-06-11T12:00:00.000Z,2013-06-19T21:45:00.000Z,SELL,0.01,3,1,10.00,3,18390.00
2013-06-19T21:45:00.000Z,2013-06-19T22:45:00.000Z,SELL,0.01,1,1,10.00,1,18400.00
2013-06-19T22:45:00.000Z,2013-06-20T03:19:00.000Z,SELL,0.01,1,1,10.00,1,18410.00
2013-06-20T03:19:00.000Z,2013-06-20T10:01:00.000Z,SELL,0.01,1,1,10.00,1,18420.00
2013-06-20T10:01:00.000Z,2013-06-20T10:50:00.000Z,SELL,0.01,1,1,10.00,1,18430.00
2013-06-20T10:50:00.000Z,2013-06-20T11:04:00.000Z,SELL,0.01,1,1,10.00,1,18440.00
2013-06-20T11:04:00.000Z,2013-06-20T12:37:00.000Z,SELL,0.01,1,1,10.00,1,18450.00
2013-06-20T12:37:00.000Z,2013-06-20T12:51:00.000Z,SELL,0.01,1,1,10.00,1,18460.00
2013-06-20T12:51:00.000Z,2013-06-20T21:57:00.000Z,SELL,0.01,1,1,10.00,1,18470.00
2013-06-20T21:57:00.000Z,2013-06-26T04:07:00.000Z,SELL,0.01,3,1,10.00,3,18480.00
2013-06-26T04:07:00.000Z,2013-06-26T04:17:00.000Z,SELL,0.01,1,1,10.00,1,18490.00
2013-06-26T04:17:00.000Z,2013-06-26T05:47:00.000Z,SELL,0.01,1,1,10.00,1,18500.00
2013-06-26T05:47:00.000Z,2013-06-26T10:59:00.000Z,SELL,0.01,1,1,10.00,1,18510.00
2013-06-26T10:59:00.000Z,2013-06-26T12:32:00.000Z,SELL,0.01,1,1,10.00,1,18520.00
2013-06-26T12:32:00.000Z,2013-06-27T20:15:00.000Z,SELL,0.01,3,1,10.00,3,18530.00
2013-06-27T20:15:00.000Z,2013-06-27T20:39:00.000Z,SELL,0.01,1,1,10.00,1,18540.00
2013-06-27T20:39:00.000Z,2013-06-27T21:03:00.000Z,SELL,0.01,1,1,10.00,1,18550.00
2013-06-27T21:03:00.000Z,2013-06-28T03:44:00.000Z,SELL,0.01,1,1,10.00,1,18560.00
2013-06-28T03:44:00.000Z,2013-06-28T17:29:00.000Z,SELL,0.01,2,1,10.00,2,18570.00
2013-06-28T17:29:00.000Z,2013-07-01T08:34:00.000Z,SELL,0.01,2,1,10.00,2,18580.00
2013-07-01T08:34:00.000Z,2013-07-01T14:51:00.000Z,SELL,0.01,1,1,10.00,1,18590.00
2013-07-01T14:51:00.000Z,2013-07-02T10:07:00.000Z,SELL,0.01,2,1,10.00,2,18600.00
2013-07-02T10:07:00.000Z,2013-07-02T14:55:00.000Z,SELL,0.01,1,1,10.00,1,18610.00
2013-07-02T14:55:00.000Z,2013-07-02T17:15:00.000Z,SELL,0.01,1,1,10.00,1,18620.00
2013-07-02T17:15:00.000Z,2013-07-05T11:53:00.000Z,SELL,0.01,1,1,10.00,1,18630.00
2013-07-05T11:53:00.000Z,2013-07-05T15:32:00.000Z,SELL,0.01,1,1,10.00,1,18640.00
2013-07-05T15:32:00.000Z,2013-07-05T16:41:00.000Z,SELL,0.01,1,1,10.00,1,18650.00
2013-07-05T16:41:00.000Z,2013-07-09T04:53:00.000Z,SELL,0.01,2,1,10.00,2,18660.00
2013-07-09T04:53:00.000Z,2013-07-11T01:37:00.000Z,SELL,0.01,2,1,10.00,2,18670.00
2013-07-11T01:37:00.000Z,2013-07-16T17:33:00.000Z,SELL,0.01,5,0,-2420.00,5,16250.00
2013-07-16T17:33:00.000Z,2013-07-17T12:05:00.000Z,SELL,0.01,1,1,10.00,1,16260.00
2013-07-17T12:05:00.000Z,2013-07-17T18:50:00.000Z,SELL,0.01,1,1,10.00,1,16270.00
2013-07-17T18:50:00.000Z,2013-07-22T01:14:00.000Z,SELL,0.01,2,1,10.00,2,16280.00
2013-07-22T01:14:00.000Z,2013-07-22T19:24:00.000Z,SELL,0.01,2,1,10.00,2,16290.00
2013-07-22T19:24:00.000Z,2013-07-24T19:52:00.000Z,SELL,0.01,1,1,10.00,1,16300.00
2013-07-24T19:52:00.000Z,2013-07-24T20:46:00.000Z,SELL,0.01,1,1,10.00,1,16310.00
2013-07-24T20:46:00.000Z,2013-07-31T22:00:00.000Z,SELL,0.01,5,0,-2420.00,5,13890.00
2013-07-31T22:00:00.000Z,2013-07-31T22:40:00.000Z,SELL,0.01,1,1,10.00,1,13900.00
2013-07-31T22:40:00.000Z,2013-08-01T17:01:00.000Z,SELL,0.01,1,1,10.00,1,13910.00
2013-08-01T17:01:00.000Z,2013-08-02T01:23:00.000Z,SELL,0.01,1,1,10.00,1,13920.00
2013-08-02T01:23:00.000Z,2013-08-02T07:50:00.000Z,SELL,0.01,1,1,10.00,1,13930.00
2013-08-02T07:50:00.000Z,2013-08-06T16:45:00.000Z,SELL,0.01,3,1,10.00,3,13940.00
2013-08-06T16:45:00.000Z,2013-08-08T18:52:00.000Z,SELL,0.01,2,1,10.00,2,13950.00
2013-08-08T18:52:00.000Z,2013-08-12T16:19:00.000Z,SELL,0.01,2,1,10.00,2,13960.00
2013-08-12T16:19:00.000Z,2013-08-13T03:00:00.000Z,SELL,0.01,1,1,10.00,1,13970.00
2013-08-13T03:00:00.000Z,2013-08-13T18:26:00.000Z,SELL,0.01,1,1,10.00,1,13980.00
2013-08-13T18:26:00.000Z,2013-08-15T19:53:00.000Z,SELL,0.01,4,1,10.00,4,13990.00
2013-08-15T19:53:00.000Z,2013-08-19T04:45:00.000Z,SELL,0.01,2,1,10.00,2,14000.00
2013-08-19T04:45:00.000Z,2013-08-19T13:57:00.000Z,SELL,0.01,1,1,10.00,1,14010.00
2013-08-19T13:57:00.000Z,2013-08-20T07:27:00.000Z,SELL,0.01,1,1,10.00,1,14020.00
2013-08-20T07:27:00.000Z,2013-08-23T17:13:00.000Z,SELL,0.01,2,1,10.00,2,14030.00
2013-08-23T17:13:00.000Z,2013-08-27T15:25:00.000Z,SELL,0.01,2,1,10.00,2,14040.00
2013-08-27T15:25:00.000Z,2013-08-29T03:45:00.000Z,SELL,0.01,1,1,10.00,1,14050.00
2013-08-29T03:45:00.000Z,2013-08-30T10:04:00.000Z,SELL,0.01,1,1,10.00,1,14060.00
2013-08-30T10:04:00.000Z,2013-09-02T01:05:00.000Z,SELL,0.01,1,1,10.00,1,14070.00
2013-09-02T01:05:00.000Z,2013-09-02T01:17:00.000Z,SELL,0.01,1,1,10.00,1,14080.00
2013-09-02T01:17:00.000Z,2013-09-03T20:03:00.000Z,SELL,0.01,2,1,10.00,2,14090.00
2013-09-03T20:03:00.000Z,2013-09-04T14:04:00.000Z,SELL,0.01,1,1,10.00,1,14100.00
2013-09-04T14:04:00.000Z,2013-09-04T17:00:00.000Z,SELL,0.01,1,1,10.00,1,14110.00
2013-09-04T17:00:00.000Z,2013-09-05T17:12:00.000Z,SELL,0.01,1,1,10.00,1,14120.00
2013-09-05T17:12:00.000Z,2013-09-05T17:41:00.000Z,SELL,0.01,1,1,10.00,1,14130.00
2013-09-05T17:41:00.000Z,2013-09-10T16:54:00.000Z,SELL,0.01,3,1,10.00,3,14140.00
2013-09-10T16:54:00.000Z,2013-09-12T09:55:00.000Z,SELL,0.01,1,1,10.00,1,14150.00
2013-09-12T09:55:00.000Z,2013-09-12T11:55:00.000Z,SELL,0.01,1,1,10.00,1,14160.00
2013-09-12T11:55:00.000Z,2013-09-12T16:00:00.000Z,SELL,0.01,1,1,10.00,1,14170.00
2013-09-12T16:00:00.000Z,2013-09-13T08:24:00.000Z,SELL,0.01,1,1,10.00,1,14180.00
2013-09-13T08:24:00.000Z,2013-09-13T08:39:00.000Z,SELL,0.01,1,1,10.00,1,14190.00
2013-09-13T08:39:00.000Z,2013-09-18T03:22:00.000Z,SELL,0.01,3,1,10.00,3,14200.00
2013-09-18T03:22:00.000Z,2013-09-18T21:01:00.000Z,SELL,0.01,2,1,10.00,2,14210.00
2013-09-18T21:01:00.000Z,2013-09-18T22:13:00.000Z,SELL,0.01,2,1,10.00,2,14220.00
2013-09-18T22:13:00.000Z,2013-09-20T15:18:00.000Z,SELL,0.01,1,1,10.00,1,14230.00
2013-09-20T15:18:00.000Z,2013-09-20T17:39:00.000Z,SELL,0.01,1,1,10.00,1,14240.00
2013-09-20T17:39:00.000Z,2013-09-20T22:57:00.000Z,SELL,0.01,1,1,10.00,1,14250.00
2013-09-20T22:57:00.000Z,2013-09-23T04:00:00.000Z,SELL,0.01,1,1,10.00,1,14260.00
2013-09-23T04:00:00.000Z,2013-09-24T16:00:00.000Z,SELL,0.01,1,1,10.00,1,14270.00
2013-09-24T16:00:00.000Z,2013-09-25T18:09:00.000Z,SELL,0.01,2,1,10.00,2,14280.00
2013-09-25T18:09:00.000Z,2013-09-26T17:14:00.000Z,SELL,0.01,1,1,10.00,1,14290.00
2013-09-26T17:14:00.000Z,2013-10-01T15:01:00.000Z,SELL,0.01,3,1,10.00,3,14300.00
2013-10-01T15:01:00.000Z,2013-10-01T15:31:00.000Z,SELL,0.01,1,1,10.00,1,14310.00
2013-10-01T15:31:00.000Z,2013-10-01T15:39:00.000Z,SELL,0.01,1,1,10.00,1,14320.00
2013-10-01T15:39:00.000Z,2013-10-01T17:52:00.000Z,SELL,0.01,1,1,10.00,1,14330.00
2013-10-01T17:52:00.000Z,2013-10-02T17:12:00.000Z,SELL,0.01,2,1,10.00,2,14340.00
2013-10-02T17:12:00.000Z,2013-10-03T13:17:00.000Z,SELL,0.01,1,1,10.00,1,14350.00
2013-10-03T13:17:00.000Z,2013-10-09T17:10:00.000Z,SELL,0.01,3,1,10.00,3,14360.00
2013-10-09T17:10:00.000Z,2013-10-10T23:18:00.000Z,SELL,0.01,1,1,10.00,1,14370.00
2013-10-10T23:18:00.000Z,2013-10-11T15:43:00.000Z,SELL,0.01,1,1,10.00,1,14380.00
2013-10-11T15:43:00.000Z,2013-10-11T15:44:00.000Z,SELL,0.01,1,1,10.00,1,14390.00
2013-10-11T15:44:00.000Z,2013-10-15T12:31:00.000Z,SELL,0.01,3,1,10.00,3,14400.00
2013-10-15T12:31:00.000Z,2013-10-15T21:36:00.000Z,SELL,0.01,2,1,10.00,2,14410.00
2013-10-15T21:36:00.000Z,2013-10-16T16:52:00.000Z,SELL,0.01,1,1,10.00,1,14420.00
2013-10-16T16:52:00.000Z,2013-10-17T10:58:00.000Z,SELL,0.01,2,1,10.00,2,14430.00
2013-10-17T10:58:00.000Z,2013-10-22T15:33:00.000Z,SELL,0.01,2,1,10.00,2,14440.00
2013-10-22T15:33:00.000Z,2013-10-31T14:25:00.000Z,SELL,0.01,3,1,10.00,3,14450.00
2013-10-31T14:25:00.000Z,2013-11-01T13:57:00.000Z,SELL,0.01,1,1,10.00,1,14460.00
2013-11-01T13:57:00.000Z,2013-11-07T15:34:00.000Z,SELL,0.01,1,1,10.00,1,14470.00
2013-11-07T15:34:00.000Z,2013-11-08T15:30:00.000Z,SELL,0.01,1,1,10.00,1,14480.00
2013-11-08T15:30:00.000Z,2013-11-08T17:30:00.000Z,SELL,0.01,1,1,10.00,1,14490.00
2013-11-08T17:30:00.000Z,2013-11-12T20:27:00.000Z,SELL,0.01,1,1,10.00,1,14500.00
2013-11-12T20:27:00.000Z,2013-11-12T21:38:00.000Z,SELL,0.01,1,1,10.00,1,14510.00
2013-11-12T21:38:00.000Z,2013-11-14T17:20:00.000Z,SELL,0.01,2,1,10.00,2,14520.00
2013-11-14T17:20:00.000Z,2013-11-15T11:44:00.000Z,SELL,0.01,1,1,10.00,1,14530.00
2013-11-15T11:44:00.000Z,2013-11-18T19:28:00.000Z,SELL,0.01,1,1,10.00,1,14540.00
2013-11-18T19:28:00.000Z,2013-11-20T13:26:00.000Z,SELL,0.01,1,1,10.00,1,14550.00
2013-11-20T13:26:00.000Z,2013-11-20T21:00:00.000Z,SELL,0.01,1,1,10.00,1,14560.00
2013-11-20T21:00:00.000Z,2013-11-21T15:59:00.000Z,SELL,0.01,1,1,10.00,1,14570.00
2013-11-21T15:59:00.000Z,2013-11-25T08:02:00.000Z,SELL,0.01,1,1,10.00,1,14580.00
2013-11-25T08:02:00.000Z,2013-12-02T21:36:00.000Z,SELL,0.01,3,1,10.00,3,14590.00
2013-12-02T21:36:00.000Z,2013-12-04T19:50:00.000Z,SELL,0.01,2,1,10.00,2,14600.00
2013-12-04T19:50:00.000Z,2013-12-05T01:50:00.000Z,SELL,0.01,1,1,10.00,1,14610.00
2013-12-05T01:50:00.000Z,2013-12-05T14:57:00.000Z,SELL,0.01,1,1,10.00,1,14620.00
2013-12-05T14:57:00.000Z,2013-12-05T17:28:00.000Z,SELL,0.01,1,1,10.00,1,14630.00
2013-12-05T17:28:00.000Z,2013-12-10T14:20:00.000Z,SELL,0.01,2,1,10.00,2,14640.00
2013-12-10T14:20:00.000Z,2013-12-12T13:52:00.000Z,SELL,0.01,1,1,10.00,1,14650.00
2013-12-12T13:52:00.000Z,2013-12-12T16:30:00.000Z,SELL,0.01,1,1,10.00,1,14660.00
2013-12-12T16:30:00.000Z,2013-12-18T22:44:00.000Z,SELL,0.01,3,1,10.00,3,14670.00
2013-12-18T22:44:00.000Z,2013-12-19T10:29:00.000Z,SELL,0.01,1,1,10.00,1,14680.00
2013-12-19T10:29:00.000Z,2013-12-19T15:46:00.000Z,SELL,0.01,1,1,10.00,1,14690.00
2013-12-19T15:46:00.000Z,2013-12-19T23:12:00.000Z,SELL,0.01,1,1,10.00,1,14700.00
2013-12-19T23:12:00.000Z,2013-12-27T15:52:00.000Z,SELL,0.01,2,1,10.00,2,14710.00
2013-12-27T15:52:00.000Z,2013-12-30T07:33:00.000Z,SELL,0.01,1,1,10.00,1,14720.00
2013-12-30T07:33:00.000Z,2013-12-30T22:17:00.000Z,SELL,0.01,1,1,10.00,1,14730.00
2013-12-30T22:17:00.000Z,2013-12-31T15:47:00.000Z,SELL,0.01,1,1,10.00,1,14740.00
2013-12-31T15:47:00.000Z,2014-01-02T09:00:00.000Z,SELL,0.01,2,1,10.00,2,14750.00
2014-01-02T09:00:00.000Z,2014-01-06T17:06:00.000Z,SELL,0.01,2,1,10.00,2,14760.00
2014-01-06T17:06:00.000Z,2014-01-06T17:14:00.000Z,SELL,0.01,1,1,10.00,1,14770.00
2014-01-06T17:14:00.000Z,2014-01-06T17:14:00.000Z,SELL,0.01,1,1,10.00,1,14780.00
2014-01-06T17:14:00.000Z,2014-01-06T17:14:00.000Z,SELL,0.01,1,1,10.00,1,14790.00
2014-01-06T17:14:00.000Z,2014-01-10T17:07:00.000Z,SELL,0.01,2,1,10.00,2,14800.00
2014-01-10T17:07:00.000Z,2014-01-15T11:06:00.000Z,SELL,0.01,1,1,10.00,1,14810.00
2014-01-15T11:06:00.000Z,2014-01-24T13:29:00.000Z,SELL,0.01,4,1,10.00,4,14820.00
2014-01-24T13:29:00.000Z,2014-01-27T21:10:00.000Z,SELL,0.01,1,1,10.00,1,14830.00
2014-01-27T21:10:00.000Z,2014-01-30T15:21:00.000Z,SELL,0.01,1,1,10.00,1,14840.00
2014-01-30T15:21:00.000Z,2014-02-10T11:00:00.000Z,SELL,0.01,2,1,10.00,2,14850.00
2014-02-10T11:00:00.000Z,2014-02-14T03:42:00.000Z,SELL,0.01,2,1,10.00,2,14860.00
2014-02-14T03:42:00.000Z,2014-02-24T13:11:00.000Z,SELL,0.01,2,1,10.00,2,14870.00
2014-02-24T13:11:00.000Z,2014-02-26T17:52:00.000Z,SELL,0.01,1,1,10.00,1,14880.00
2014-02-26T17:52:00.000Z,2014-03-12T03:33:00.000Z,SELL,0.01,2,1,10.00,2,14890.00
2014-03-12T03:33:00.000Z,2014-03-14T15:17:00.000Z,SELL,0.01,2,1,10.00,2,14900.00
2014-03-14T15:17:00.000Z,2014-03-14T17:48:00.000Z,SELL,0.01,1,1,10.00,1,14910.00
2014-03-14T17:48:00.000Z,2014-03-17T20:30:00.000Z,SELL,0.01,1,1,10.00,1,14920.00
2014-03-17T20:30:00.000Z,2014-03-18T14:20:00.000Z,SELL,0.01,1,1,10.00,1,14930.00
2014-03-18T14:20:00.000Z,2014-03-19T14:47:00.000Z,SELL,0.01,1,1,10.00,1,14940.00
2014-03-19T14:47:00.000Z,2014-03-19T20:01:00.000Z,SELL,0.01,1,1,10.00,1,14950.00
2014-03-19T20:01:00.000Z,2014-03-20T13:24:00.000Z,SELL,0.01,1,1,10.00,1,14960.00
2014-03-20T13:24:00.000Z,2014-03-24T16:49:00.000Z,SELL,0.01,1,1,10.00,1,14970.00
2014-03-24T16:49:00.000Z,2014-03-26T16:51:00.000Z,SELL,0.01,1,1,10.00,1,14980.00
2014-03-26T16:51:00.000Z,2014-03-27T11:04:00.000Z,SELL,0.01,1,1,10.00,1,14990.00
2014-03-27T11:04:00.000Z,2014-03-31T20:25:00.000Z,SELL,0.01,1,1,10.00,1,15000.00
2014-03-31T20:25:00.000Z,2014-04-08T12:30:00.000Z,SELL,0.01,2,1,10.00,2,15010.00
2014-04-08T12:30:00.000Z,2014-04-09T14:30:00.000Z,SELL,0.01,1,1,10.00,1,15020.00
2014-04-09T14:30:00.000Z,2014-04-15T15:26:00.000Z,SELL,0.01,3,1,10.00,3,15030.00
2014-04-15T15:26:00.000Z,2014-04-21T05:10:00.000Z,SELL,0.01,1,1,10.00,1,15040.00
2014-04-21T05:10:00.000Z,2014-04-24T14:07:00.000Z,SELL,0.01,1,1,10.00,1,15050.00
2014-04-24T14:07:00.000Z,2014-04-25T15:25:00.000Z,SELL,0.01,2,1,10.00,2,15060.00
2014-04-25T15:25:00.000Z,2014-04-28T17:31:00.000Z,SELL,0.01,1,1,10.00,1,15070.00
2014-04-28T17:31:00.000Z,2014-05-01T10:58:00.000Z,SELL,0.01,1,1,10.00,1,15080.00
2014-05-01T10:58:00.000Z,2014-05-05T11:04:00.000Z,SELL,0.01,2,1,10.00,2,15090.00
2014-05-05T11:04:00.000Z,2014-05-07T15:28:00.000Z,SELL,0.01,1,1,10.00,1,15100.00
2014-05-07T15:28:00.000Z,2014-05-07T19:14:00.000Z,SELL,0.01,1,1,10.00,1,15110.00
2014-05-07T19:14:00.000Z,2014-05-12T01:50:00.000Z,SELL,0.01,1,1,10.00,1,15120.00
2014-05-12T01:50:00.000Z,2014-05-27T17:23:00.000Z,SELL,0.01,3,1,10.00,3,15130.00
2014-05-27T17:23:00.000Z,2014-05-28T16:40:00.000Z,SELL,0.01,1,1,10.00,1,15140.00
2014-05-28T16:40:00.000Z,2014-05-30T15:16:00.000Z,SELL,0.01,1,1,10.00,1,15150.00
2014-05-30T15:16:00.000Z,2014-06-16T04:00:00.000Z,SELL,0.01,2,1,10.00,2,15160.00
2014-06-16T04:00:00.000Z,2014-06-17T06:17:00.000Z,SELL,0.01,1,1,10.00,1,15170.00
2014-06-17T06:17:00.000Z,2014-06-17T15:33:00.000Z,SELL,0.01,1,1,10.00,1,15180.00
2014-06-17T15:33:00.000Z,2014-06-19T16:22:00.000Z,SELL,0.01,2,1,10.00,2,15190.00
2014-06-19T16:22:00.000Z,2014-06-19T21:54:00.000Z,SELL,0.01,2,1,10.00,2,15200.00
2014-06-19T21:54:00.000Z,2014-06-20T10:31:00.000Z,SELL,0.01,1,1,10.00,1,15210.00
2014-06-20T10:31:00.000Z,2014-07-10T12:21:00.000Z,SELL,0.01,4,1,10.00,4,15220.00
2014-07-10T12:21:00.000Z,2014-07-14T08:39:00.000Z,SELL,0.01,1,1,10.00,1,15230.00
2014-07-14T08:39:00.000Z,2014-07-14T09:19:00.000Z,SELL,0.01,1,1,10.00,1,15240.00
2014-07-14T09:19:00.000Z,2014-07-14T16:01:00.000Z,SELL,0.01,1,1,10.00,1,15250.00
2014-07-14T16:01:00.000Z,2014-07-15T17:55:00.000Z,SELL,0.01,1,1,10.00,1,15260.00
2014-07-15T17:55:00.000Z,2014-07-24T17:28:00.000Z,SELL,0.01,3,1,10.00,3,15270.00
2014-07-24T17:28:00.000Z,2014-08-08T08:45:00.000Z,SELL,0.01,4,1,10.00,4,15280.00
2014-08-08T08:45:00.000Z,2014-08-08T15:30:00.000Z,SELL,0.01,1,1,10.00,1,15290.00
2014-08-08T15:30:00.000Z,2014-08-15T15:42:00.000Z,SELL,0.01,1,1,10.00,1,15300.00
2014-08-15T15:42:00.000Z,2014-08-20T21:19:00.000Z,SELL,0.01,1,1,10.00,1,15310.00
2014-08-20T21:19:00.000Z,2014-08-21T09:03:00.000Z,SELL,0.01,1,1,10.00,1,15320.00
2014-08-21T09:03:00.000Z,2014-09-02T15:20:00.000Z,SELL,0.01,1,1,10.00,1,15330.00
2014-09-02T15:20:00.000Z,2014-09-05T02:18:00.000Z,SELL,0.01,1,1,10.00,1,15340.00
2014-09-05T02:18:00.000Z,2014-09-10T15:20:00.000Z,SELL,0.01,1,1,10.00,1,15350.00
2014-09-10T15:20:00.000Z,2014-09-11T17:54:00.000Z,SELL,0.01,1,1,10.00,1,15360.00
2014-09-11T17:54:00.000Z,2014-09-12T21:04:00.000Z,SELL,0.01,1,1,10.00,1,15370.00
2014-09-12T21:04:00.000Z,2014-09-18T01:18:00.000Z,SELL,0.01,1,1,10.00,1,15380.00
2014-09-18T01:18:00.000Z,2014-09-30T14:00:00.000Z,SELL,0.01,1,1,10.00,1,15390.00
2014-09-30T14:00:00.000Z,2014-10-03T16:22:00.000Z,SELL,0.01,1,1,10.00,1,15400.00
2014-10-03T16:22:00.000Z,2014-10-06T01:13:00.000Z,SELL,0.01,1,1,10.00,1,15410.00
2014-10-06T01:13:00.000Z,2014-10-08T09:46:00.000Z,SELL,0.01,2,1,10.00,2,15420.00
2014-10-08T09:46:00.000Z,2014-10-08T19:21:00.000Z,SELL,0.01,1,1,10.00,1,15430.00
2014-10-08T19:21:00.000Z,2014-10-13T09:32:00.000Z,SELL,0.01,2,1,10.00,2,15440.00
2014-10-13T09:32:00.000Z,2014-10-13T15:23:00.000Z,SELL,0.01,1,1,10.00,1,15450.00
2014-10-13T15:23:00.000Z,2014-10-21T15:42:00.000Z,SELL,0.01,2,1,10.00,2,15460.00
2014-10-21T15:42:00.000Z,2014-10-22T15:33:00.000Z,SELL,0.01,1,1,10.00,1,15470.00
2014-10-22T15:33:00.000Z,2014-10-23T14:36:00.000Z,SELL,0.01,1,1,10.00,1,15480.00
2014-10-23T14:36:00.000Z,2014-10-28T02:26:00.000Z,SELL,0.01,1,1,10.00,1,15490.00
2014-10-28T02:26:00.000Z,2014-10-29T20:31:00.000Z,SELL,0.01,1,1,10.00,1,15500.00
2014-10-29T20:31:00.000Z,2014-10-30T10:08:00.000Z,SELL,0.01,1,1,10.00,1,15510.00
2014-10-30T10:08:00.000Z,2014-10-31T07:06:00.000Z,SELL,0.01,1,1,10.00,1,15520.00
2014-10-31T07:06:00.000Z,2014-10-31T09:01:00.000Z,SELL,0.01,1,1,10.00,1,15530.00
2014-10-31T09:01:00.000Z,2014-10-31T09:01:00.000Z,SELL,0.01,1,1,10.00,1,15540.00
2014-10-31T09:01:00.000Z,2014-10-31T15:19:00.000Z,SELL,0.01,1,1,10.00,1,15550.00
2014-10-31T15:19:00.000Z,2014-11-05T07:36:00.000Z,SELL,0.01,1,1,10.00,1,15560.00
2014-11-05T07:36:00.000Z,2014-11-05T13:37:00.000Z,SELL,0.01,1,1,10.00,1,15570.00
2014-11-05T13:37:00.000Z,2014-11-07T06:58:00.000Z,SELL,0.01,1,1,10.00,1,15580.00
2014-11-07T06:58:00.000Z,2014-11-07T17:43:00.000Z,SELL,0.01,2,1,10.00,2,15590.00
2014-11-07T17:43:00.000Z,2014-11-10T21:37:00.000Z,SELL,0.01,1,1,10.00,1,15600.00
2014-11-10T21:37:00.000Z,2014-11-14T19:13:00.000Z,SELL,0.01,4,1,10.00,4,15610.00
2014-11-14T19:13:00.000Z,2014-11-28T19:43:00.000Z,SELL,0.01,5,1,10.00,5,15620.00
2014-11-28T19:43:00.000Z,2014-12-01T01:05:00.000Z,SELL,0.01,1,1,10.00,1,15630.00
2014-12-01T01:05:00.000Z,2014-12-01T01:17:00.000Z,SELL,0.01,1,1,10.00,1,15640.00
2014-12-01T01:17:00.000Z,2014-12-01T11:52:00.000Z,SELL,0.01,2,1,10.00,2,15650.00
2014-12-01T11:52:00.000Z,2014-12-01T14:08:00.000Z,SELL,0.01,1,1,10.00,1,15660.00
2014-12-01T14:08:00.000Z,2014-12-01T18:33:00.000Z,SELL,0.01,2,1,10.00,2,15670.00
2014-12-01T18:33:00.000Z,2014-12-05T15:36:00.000Z,SELL,0.01,3,1,10.00,3,15680.00
2014-12-05T15:36:00.000Z,2014-12-09T15:29:00.000Z,SELL,0.01,2,1,10.00,2,15690.00
2014-12-09T15:29:00.000Z,2014-12-15T10:51:00.000Z,SELL,0.01,1,1,10.00,1,15700.00
2014-12-15T10:51:00.000Z,2014-12-15T21:32:00.000Z,SELL,0.01,1,1,10.00,1,15710.00
2014-12-15T21:32:00.000Z,2014-12-16T17:49:00.000Z,SELL,0.01,3,1,10.00,3,15720.00
2014-12-16T17:49:00.000Z,2014-12-22T18:45:00.000Z,SELL,0.01,3,1,10.00,3,15730.00
2014-12-22T18:45:00.000Z,2014-12-30T16:56:00.000Z,SELL,0.01,2,1,10.00,2,15740.00
2014-12-30T16:56:00.000Z,2014-12-30T22:00:00.000Z,SELL,0.01,1,1,10.00,1,15750.00
2014-12-30T22:00:00.000Z,2014-12-31T17:42:00.000Z,SELL,0.01,1,1,10.00,1,15760.00
2014-12-31T17:42:00.000Z,2015-01-02T14:29:00.000Z,SELL,0.01,1,1,10.00,1,15770.00
2015-01-02T14:29:00.000Z,2015-01-02T15:20:00.000Z,SELL,0.01,1,1,10.00,1,15780.00
2015-01-02T15:20:00.000Z,2015-01-05T15:33:00.000Z,SELL,0.01,2,1,10.00,2,15790.00
2015-01-05T15:33:00.000Z,2015-01-12T07:54:00.000Z,SELL,0.01,2,1,10.00,2,15800.00
2015-01-12T07:54:00.000Z,2015-01-12T10:28:00.000Z,SELL,0.01,1,1,10.00,1,15810.00
2015-01-12T10:28:00.000Z,2015-01-15T13:08:00.000Z,SELL,0.01,2,1,10.00,2,15820.00
2015-01-15T13:08:00.000Z,2015-01-16T17:13:00.000Z,SELL,0.01,2,1,10.00,2,15830.00
2015-01-16T17:13:00.000Z,2015-01-29T13:40:00.000Z,SELL,0.01,3,1,10.00,3,15840.00
2015-01-29T13:40:00.000Z,2015-01-29T18:26:00.000Z,SELL,0.01,1,1,10.00,1,15850.00
2015-01-29T18:26:00.000Z,2015-02-06T15:33:00.000Z,SELL,0.01,3,1,10.00,3,15860.00
2015-02-06T15:33:00.000Z,2015-02-06T16:09:00.000Z,SELL,0.01,1,1,10.00,1,15870.00
2015-02-06T16:09:00.000Z,2015-02-11T16:50:00.000Z,SELL,0.01,1,1,10.00,1,15880.00
2015-02-11T16:50:00.000Z,2015-02-11T23:51:00.000Z,SELL,0.01,1,1,10.00,1,15890.00
2015-02-11T23:51:00.000Z,2015-02-17T17:16:00.000Z,SELL,0.01,1,1,10.00,1,15900.00
2015-02-17T17:16:00.000Z,2015-02-23T10:52:00.000Z,SELL,0.01,1,1,10.00,1,15910.00
2015-02-23T10:52:00.000Z,2015-03-06T15:31:00.000Z,SELL,0.01,3,1,10.00,3,15920.00
2015-03-06T15:31:00.000Z,2015-03-06T16:22:00.000Z,SELL,0.01,1,1,10.00,1,15930.00
2015-03-06T16:22:00.000Z,2015-03-06T19:12:00.000Z,SELL,0.01,1,1,10.00,1,15940.00
2015-03-06T19:12:00.000Z,2015-03-10T10:47:00.000Z,SELL,0.01,1,1,10.00,1,15950.00
2015-03-10T10:47:00.000Z,2015-03-17T15:08:00.000Z,SELL,0.01,1,1,10.00,1,15960.00
2015-03-17T15:08:00.000Z,2015-03-18T21:13:00.000Z,SELL,0.01,2,1,10.00,2,15970.00
2015-03-18T21:13:00.000Z,2015-03-19T10:19:00.000Z,SELL,0.01,1,1,10.00,1,15980.00
2015-03-19T10:19:00.000Z,2015-03-25T13:13:00.000Z,SELL,0.01,2,1,10.00,2,15990.00
2015-03-25T13:13:00.000Z,2015-03-30T14:14:00.000Z,SELL,0.01,3,1,10.00,3,16000.00
2015-03-30T14:14:00.000Z,2015-04-06T01:05:00.000Z,SELL,0.01,2,1,10.00,2,16010.00
2015-04-06T01:05:00.000Z,2015-04-08T17:47:00.000Z,SELL,0.01,1,1,10.00,1,16020.00
2015-04-08T17:47:00.000Z,2015-04-09T08:51:00.000Z,SELL,0.01,1,1,10.00,1,16030.00
2015-04-09T08:51:00.000Z,2015-04-14T15:25:00.000Z,SELL,0.01,1,1,10.00,1,16040.00
2015-04-14T15:25:00.000Z,2015-04-28T20:28:00.000Z,SELL,0.01,4,1,10.00,4,16050.00
2015-04-28T20:28:00.000Z,2015-04-29T21:00:00.000Z,SELL,0.01,1,1,10.00,1,16060.00
2015-04-29T21:00:00.000Z,2015-04-30T15:49:00.000Z,SELL,0.01,1,1,10.00,1,16070.00
2015-04-30T15:49:00.000Z,2015-04-30T16:45:00.000Z,SELL,0.01,1,1,10.00,1,16080.00
2015-04-30T16:45:00.000Z,2015-05-01T15:33:00.000Z,SELL,0.01,1,1,10.00,1,16090.00
2015-05-01T15:33:00.000Z,2015-05-13T15:30:00.000Z,SELL,0.01,2,1,10.00,2,16100.00
2015-05-13T15:30:00.000Z,2015-05-26T15:20:00.000Z,SELL,0.01,3,1,10.00,3,16110.00
2015-05-26T15:20:00.000Z,2015-05-28T16:45:00.000Z,SELL,0.01,1,1,10.00,1,16120.00
2015-05-28T16:45:00.000Z,2015-06-05T15:01:00.000Z,SELL,0.01,3,1,10.00,3,16130.00
2015-06-05T15:01:00.000Z,2015-06-18T15:25:00.000Z,SELL,0.01,2,1,10.00,2,16140.00
2015-06-18T15:25:00.000Z,2015-06-22T15:21:00.000Z,SELL,0.01,1,1,10.00,1,16150.00
2015-06-22T15:21:00.000Z,2015-06-23T14:06:00.000Z,SELL,0.01,1,1,10.00,1,16160.00
2015-06-23T14:06:00.000Z,2015-06-24T15:44:00.000Z,SELL,0.01,1,1,10.00,1,16170.00
2015-06-24T15:44:00.000Z,2015-07-02T14:27:00.000Z,SELL,0.01,1,1,10.00,1,16180.00
2015-07-02T14:27:00.000Z,2015-07-07T17:25:00.000Z,SELL,0.01,1,1,10.00,1,16190.00
2015-07-07T17:25:00.000Z,2015-07-17T15:33:00.000Z,SELL,0.01,1,1,10.00,1,16200.00
2015-07-17T15:33:00.000Z,2015-07-20T01:28:00.000Z,SELL,0.01,1,1,10.00,1,16210.00
2015-07-20T01:28:00.000Z,2015-07-20T04:29:00.000Z,SELL,0.01,1,1,10.00,1,16220.00
2015-07-20T04:29:00.000Z,2015-07-20T04:29:00.000Z,SELL,0.01,1,1,10.00,1,16230.00
2015-07-20T04:29:00.000Z,2015-07-20T04:29:00.000Z,SELL,0.01,1,1,10.00,1,16240.00
2015-07-20T04:29:00.000Z,2015-07-20T04:29:00.000Z,SELL,0.01,1,1,10.00,1,16250.00
2015-07-20T04:29:00.000Z,2015-07-20T04:29:00.000Z,SELL,0.01,1,1,10.00,1,16260.00
2015-07-20T04:29:00.000Z,2015-07-20T04:30:00.000Z,SELL,0.01,2,1,10.00,2,16270.00
2015-07-20T04:30:00.000Z,2015-07-20T04:35:00.000Z,SELL,0.01,1,1,10.00,1,16280.00
2015-07-20T04:35:00.000Z,2015-07-20T04:36:00.000Z,SELL,0.01,1,1,10.00,1,16290.00
2015-07-20T04:36:00.000Z,2015-07-24T05:06:00.000Z,SELL,0.01,3,1,10.00,3,16300.00
2015-07-24T05:06:00.000Z,2015-08-11T10:53:00.000Z,SELL,0.01,2,1,10.00,2,16310.00
2015-08-11T10:53:00.000Z,2015-08-20T06:32:00.000Z,SELL,0.01,2,1,10.00,2,16320.00
2015-08-20T06:32:00.000Z,2015-08-24T16:31:00.000Z,SELL,0.01,2,1,10.00,2,16330.00
2015-08-24T16:31:00.000Z,2015-08-24T17:26:00.000Z,SELL,0.01,1,1,10.00,1,16340.00
2015-08-24T17:26:00.000Z,2015-08-24T21:39:00.000Z,SELL,0.01,1,1,10.00,1,16350.00
2015-08-24T21:39:00.000Z,2015-08-25T17:04:00.000Z,SELL,0.01,1,1,10.00,1,16360.00
2015-08-25T17:04:00.000Z,2015-08-26T15:33:00.000Z,SELL,0.01,1,1,10.00,1,16370.00
2015-08-26T15:33:00.000Z,2015-08-26T17:26:00.000Z,SELL,0.01,1,1,10.00,1,16380.00
2015-08-26T17:26:00.000Z,2015-09-01T16:08:00.000Z,SELL,0.01,2,1,10.00,2,16390.00
2015-09-01T16:08:00.000Z,2015-09-01T17:35:00.000Z,SELL,0.01,1,1,10.00,1,16400.00
2015-09-01T17:35:00.000Z,2015-09-03T14:01:00.000Z,SELL,0.01,1,1,10.00,1,16410.00
2015-09-03T14:01:00.000Z,2015-09-04T16:17:00.000Z,SELL,0.01,1,1,10.00,1,16420.00
2015-09-04T16:17:00.000Z,2015-09-09T18:50:00.000Z,SELL,0.01,1,1,10.00,1,16430.00
2015-09-09T18:50:00.000Z,2015-09-18T12:20:00.000Z,SELL,0.01,2,1,10.00,2,16440.00
2015-09-18T12:20:00.000Z,2015-09-22T13:57:00.000Z,SELL,0.01,1,1,10.00,1,16450.00
2015-09-22T13:57:00.000Z,2015-09-24T18:38:00.000Z,SELL,0.01,2,1,10.00,2,16460.00
2015-09-24T18:38:00.000Z,2015-09-25T06:30:00.000Z,SELL,0.01,1,1,10.00,1,16470.00
2015-09-25T06:30:00.000Z,2015-09-28T09:57:00.000Z,SELL,0.01,1,1,10.00,1,16480.00
2015-09-28T09:57:00.000Z,2015-09-29T08:46:00.000Z,SELL,0.01,1,1,10.00,1,16490.00
2015-09-29T08:46:00.000Z,2015-09-30T16:00:00.000Z,SELL,0.01,1,1,10.00,1,16500.00
2015-09-30T16:00:00.000Z,2015-10-02T13:10:00.000Z,SELL,0.01,1,1,10.00,1,16510.00
2015-10-02T13:10:00.000Z,2015-10-02T15:45:00.000Z,SELL,0.01,2,1,10.00,2,16520.00
2015-10-02T15:45:00.000Z,2015-10-12T09:02:00.000Z,SELL,0.01,2,1,10.00,2,16530.00
2015-10-12T09:02:00.000Z,2015-10-13T05:36:00.000Z,SELL,0.01,1,1,10.00,1,16540.00
2015-10-13T05:36:00.000Z,2015-10-14T21:00:00.000Z,SELL,0.01,2,1,10.00,2,16550.00
2015-10-14T21:00:00.000Z,2015-10-15T15:44:00.000Z,SELL,0.01,1,1,10.00,1,16560.00
2015-10-15T15:44:00.000Z,2015-10-21T17:22:00.000Z,SELL,0.01,1,1,10.00,1,16570.00
2015-10-21T17:22:00.000Z,2015-10-28T20:36:00.000Z,SELL,0.01,1,1,10.00,1,16580.00
2015-10-28T20:36:00.000Z,2015-10-30T14:37:00.000Z,SELL,0.01,1,1,10.00,1,16590.00
2015-10-30T14:37:00.000Z,2015-11-02T16:25:00.000Z,SELL,0.01,1,1,10.00,1,16600.00
2015-11-02T16:25:00.000Z,2015-11-03T16:49:00.000Z,SELL,0.01,1,1,10.00,1,16610.00
2015-11-03T16:49:00.000Z,2015-11-04T17:47:00.000Z,SELL,0.01,1,1,10.00,1,16620.00
2015-11-04T17:47:00.000Z,2015-11-05T22:53:00.000Z,SELL,0.01,1,1,10.00,1,16630.00
2015-11-05T22:53:00.000Z,2015-11-06T15:30:00.000Z,SELL,0.01,1,1,10.00,1,16640.00
2015-11-06T15:30:00.000Z,2015-11-12T15:15:00.000Z,SELL,0.01,1,1,10.00,1,16650.00
2015-11-12T15:15:00.000Z,2015-11-17T18:39:00.000Z,SELL,0.01,1,1,10.00,1,16660.00
2015-11-17T18:39:00.000Z,2015-11-27T15:03:00.000Z,SELL,0.01,1,1,10.00,1,16670.00
2015-11-27T15:03:00.000Z,2015-12-02T19:26:00.000Z,SELL,0.01,1,1,10.00,1,16680.00
2015-12-02T19:26:00.000Z,2015-12-04T17:06:00.000Z,SELL,0.01,2,1,10.00,2,16690.00
2015-12-04T17:06:00.000Z,2015-12-07T22:03:00.000Z,SELL,0.01,1,1,10.00,1,16700.00
2015-12-07T22:03:00.000Z,2015-12-14T23:50:00.000Z,SELL,0.01,1,1,10.00,1,16710.00
2015-12-14T23:50:00.000Z,2015-12-17T16:47:00.000Z,SELL,0.01,1,1,10.00,1,16720.00
2015-12-17T16:47:00.000Z,2015-12-21T19:25:00.000Z,SELL,0.01,2,1,10.00,2,16730.00
2015-12-21T19:25:00.000Z,2015-12-23T10:58:00.000Z,SELL,0.01,1,1,10.00,1,16740.00
2015-12-23T10:58:00.000Z,2015-12-30T16:21:00.000Z,SELL,0.01,1,1,10.00,1,16750.00
2015-12-30T16:21:00.000Z,2016-01-06T16:21:00.000Z,SELL,0.01,2,1,10.00,2,16760.00
2016-01-06T16:21:00.000Z,2016-01-13T10:10:00.000Z,SELL,0.01,3,1,10.00,3,16770.00
2016-01-13T10:10:00.000Z,2016-01-26T03:17:00.000Z,SELL,0.01,2,1,10.00,2,16780.00
2016-01-26T03:17:00.000Z,2016-02-03T18:36:00.000Z,SELL,0.01,2,1,10.00,2,16790.00
2016-02-03T18:36:00.000Z,2016-02-05T22:43:00.000Z,SELL,0.01,2,1,10.00,2,16800.00
2016-02-05T22:43:00.000Z,2016-02-08T20:59:00.000Z,SELL,0.01,2,1,10.00,2,16810.00
2016-02-08T20:59:00.000Z,2016-02-08T22:46:00.000Z,SELL,0.01,1,1,10.00,1,16820.00
2016-02-08T22:46:00.000Z,2016-02-11T12:14:00.000Z,SELL,0.01,2,1,10.00,2,16830.00
2016-02-11T12:14:00.000Z,2016-02-11T18:16:00.000Z,SELL,0.01,2,1,10.00,2,16840.00
2016-02-11T18:16:00.000Z,2016-02-12T01:57:00.000Z,SELL,0.01,1,1,10.00,1,16850.00
2016-02-12T01:57:00.000Z,2016-02-15T02:40:00.000Z,SELL,0.01,1,1,10.00,1,16860.00
2016-02-15T02:40:00.000Z,2016-02-15T06:19:00.000Z,SELL,0.01,1,1,10.00,1,16870.00
2016-02-15T06:19:00.000Z,2016-02-15T10:35:00.000Z,SELL,0.01,1,1,10.00,1,16880.00
2016-02-15T10:35:00.000Z,2016-02-16T04:32:00.000Z,SELL,0.01,1,1,10.00,1,16890.00
2016-02-16T04:32:00.000Z,2016-02-18T20:39:00.000Z,SELL,0.01,2,1,10.00,2,16900.00
2016-02-18T20:39:00.000Z,2016-02-22T05:33:00.000Z,SELL,0.01,1,1,10.00,1,16910.00
2016-02-22T05:33:00.000Z,2016-02-22T10:09:00.000Z,SELL,0.01,1,1,10.00,1,16920.00
2016-02-22T10:09:00.000Z,2016-02-24T15:28:00.000Z,SELL,0.01,2,1,10.00,2,16930.00
2016-02-24T15:28:00.000Z,2016-02-24T21:43:00.000Z,SELL,0.01,1,1,10.00,1,16940.00
2016-02-24T21:43:00.000Z,2016-02-26T17:53:00.000Z,SELL,0.01,1,1,10.00,1,16950.00
2016-02-26T17:53:00.000Z,2016-03-01T04:13:00.000Z,SELL,0.01,2,1,10.00,2,16960.00
2016-03-01T04:13:00.000Z,2016-03-01T10:20:00.000Z,SELL,0.01,1,1,10.00,1,16970.00
2016-03-01T10:20:00.000Z,2016-03-01T17:35:00.000Z,SELL,0.01,1,1,10.00,1,16980.00
2016-03-01T17:35:00.000Z,2016-03-03T18:30:00.000Z,SELL,0.01,2,1,10.00,2,16990.00
2016-03-03T18:30:00.000Z,2016-03-09T16:16:00.000Z,SELL,0.01,5,1,10.00,5,17000.00
2016-03-09T16:16:00.000Z,2016-03-10T15:00:00.000Z,SELL,0.01,1,1,10.00,1,17010.00
2016-03-10T15:00:00.000Z,2016-03-10T17:03:00.000Z,SELL,0.01,2,1,10.00,2,17020.00
2016-03-10T17:03:00.000Z,2016-03-11T17:20:00.000Z,SELL,0.01,1,1,10.00,1,17030.00
2016-03-11T17:20:00.000Z,2016-03-14T15:54:00.000Z,SELL,0.01,1,1,10.00,1,17040.00
2016-03-14T15:54:00.000Z,2016-03-14T20:17:00.000Z,SELL,0.01,1,1,10.00,1,17050.00
2016-03-14T20:17:00.000Z,2016-03-15T03:12:00.000Z,SELL,0.01,1,1,10.00,1,17060.00
2016-03-15T03:12:00.000Z,2016-03-16T20:42:00.000Z,SELL,0.01,2,1,10.00,2,17070.00
2016-03-16T20:42:00.000Z,2016-03-21T07:48:00.000Z,SELL,0.01,1,1,10.00,1,17080.00
2016-03-21T07:48:00.000Z,2016-03-23T06:09:00.000Z,SELL,0.01,1,1,10.00,1,17090.00
2016-03-23T06:09:00.000Z,2016-03-23T14:30:00.000Z,SELL,0.01,1,1,10.00,1,17100.00
2016-03-23T14:30:00.000Z,2016-03-24T03:16:00.000Z,SELL,0.01,1,1,10.00,1,17110.00
2016-03-24T03:16:00.000Z,2016-04-11T01:05:00.000Z,SELL,0.01,4,1,10.00,4,17120.00
2016-04-11T01:05:00.000Z,2016-04-14T03:22:00.000Z,SELL,0.01,1,1,10.00,1,17130.00
2016-04-14T03:22:00.000Z,2016-04-14T19:18:00.000Z,SELL,0.01,1,1,10.00,1,17140.00
2016-04-14T19:18:00.000Z,2016-04-19T16:21:00.000Z,SELL,0.01,2,1,10.00,2,17150.00
2016-04-19T16:21:00.000Z,2016-04-20T22:16:00.000Z,SELL,0.01,1,1,10.00,1,17160.00
2016-04-20T22:16:00.000Z,2016-04-22T19:29:00.000Z,SELL,0.01,3,1,10.00,3,17170.00
2016-04-22T19:29:00.000Z,2016-04-28T18:30:00.000Z,SELL,0.01,2,1,10.00,2,17180.00
2016-04-28T18:30:00.000Z,2016-04-29T18:15:00.000Z,SELL,0.01,2,1,10.00,2,17190.00
2016-04-29T18:15:00.000Z,2016-05-03T17:59:00.000Z,SELL,0.01,1,1,10.00,1,17200.00
2016-05-03T17:59:00.000Z,2016-05-04T20:06:00.000Z,SELL,0.01,1,1,10.00,1,17210.00
2016-05-04T20:06:00.000Z,2016-05-09T16:44:00.000Z,SELL,0.01,3,1,10.00,3,17220.00
2016-05-09T16:44:00.000Z,2016-05-19T08:46:00.000Z,SELL,0.01,3,1,10.00,3,17230.00
2016-05-19T08:46:00.000Z,2016-05-24T09:58:00.000Z,SELL,0.01,1,1,10.00,1,17240.00
2016-05-24T09:58:00.000Z,2016-05-24T18:31:00.000Z,SELL,0.01,1,1,10.00,1,17250.00
2016-05-24T18:31:00.000Z,2016-05-25T12:07:00.000Z,SELL,0.01,1,1,10.00,1,17260.00
2016-05-25T12:07:00.000Z,2016-05-27T05:39:00.000Z,SELL,0.01,1,1,10.00,1,17270.00
2016-05-27T05:39:00.000Z,2016-05-30T04:26:00.000Z,SELL,0.01,1,1,10.00,1,17280.00
2016-05-30T04:26:00.000Z,2016-06-03T15:35:00.000Z,SELL,0.01,2,1,10.00,2,17290.00
2016-06-03T15:35:00.000Z,2016-06-08T16:33:00.000Z,SELL,0.01,2,1,10.00,2,17300.00
2016-06-08T16:33:00.000Z,2016-06-15T21:00:00.000Z,SELL,0.01,2,1,10.00,2,17310.00
2016-06-15T21:00:00.000Z,2016-06-16T22:27:00.000Z,SELL,0.01,3,1,10.00,3,17320.00
2016-06-16T22:27:00.000Z,2016-06-21T14:06:00.000Z,SELL,0.01,1,1,10.00,1,17330.00
2016-06-21T14:06:00.000Z,2016-06-22T08:47:00.000Z,SELL,0.01,1,1,10.00,1,17340.00
2016-06-22T08:47:00.000Z,2016-06-24T01:06:00.000Z,SELL,0.01,1,1,10.00,1,17350.00
2016-06-24T01:06:00.000Z,2016-06-24T04:06:00.000Z,SELL,0.01,2,1,10.00,2,17360.00
2016-06-24T04:06:00.000Z,2016-06-24T04:28:00.000Z,SELL,0.01,1,1,10.00,1,17370.00
2016-06-24T04:28:00.000Z,2016-06-24T05:43:00.000Z,SELL,0.01,2,1,10.00,2,17380.00
2016-06-24T05:43:00.000Z,2016-06-24T06:43:00.000Z,SELL,0.01,2,1,10.00,2,17390.00
2016-06-24T06:43:00.000Z,2016-06-24T07:10:00.000Z,SELL,0.01,3,1,10.00,3,17400.00
2016-06-24T07:10:00.000Z,2016-06-24T10:49:00.000Z,SELL,0.01,1,1,10.00,1,17410.00
2016-06-24T10:49:00.000Z,2016-07-01T06:27:00.000Z,SELL,0.01,5,0,-2420.00,5,14990.00
2016-07-01T06:27:00.000Z,2016-07-06T02:23:00.000Z,SELL,0.01,2,1,10.00,2,15000.00
2016-07-06T02:23:00.000Z,2016-07-08T15:30:00.000Z,SELL,0.01,1,1,10.00,1,15010.00
2016-07-08T15:30:00.000Z,2016-07-08T15:30:00.000Z,SELL,0.01,1,1,10.00,1,15020.00
2016-07-08T15:30:00.000Z,2016-07-08T16:15:00.000Z,SELL,0.01,2,1,10.00,2,15030.00
2016-07-08T16:15:00.000Z,2016-07-08T16:19:00.000Z,SELL,0.01,1,1,10.00,1,15040.00
2016-07-08T16:19:00.000Z,2016-07-12T14:05:00.000Z,SELL,0.01,1,1,10.00,1,15050.00
2016-07-12T14:05:00.000Z,2016-07-12T18:26:00.000Z,SELL,0.01,1,1,10.00,1,15060.00
2016-07-12T18:26:00.000Z,2016-07-13T04:08:00.000Z,SELL,0.01,1,1,10.00,1,15070.00
2016-07-13T04:08:00.000Z,2016-07-20T14:42:00.000Z,SELL,0.01,1,1,10.00,1,15080.00
2016-07-20T14:42:00.000Z,2016-07-29T16:01:00.000Z,SELL,0.01,2,1,10.00,2,15090.00
2016-07-29T16:01:00.000Z,2016-08-05T17:17:00.000Z,SELL,0.01,1,1,10.00,1,15100.00
2016-08-05T17:17:00.000Z,2016-08-24T15:40:00.000Z,SELL,0.01,1,1,10.00,1,15110.00
2016-08-24T15:40:00.000Z,2016-08-29T04:00:00.000Z,SELL,0.01,1,1,10.00,1,15120.00
2016-08-29T04:00:00.000Z,2016-08-31T15:48:00.000Z,SELL,0.01,1,1,10.00,1,15130.00
2016-08-31T15:48:00.000Z,2016-09-06T17:00:00.000Z,SELL,0.01,2,1,10.00,2,15140.00
2016-09-06T17:00:00.000Z,2016-09-09T23:52:00.000Z,SELL,0.01,1,1,10.00,1,15150.00
2016-09-09T23:52:00.000Z,2016-09-13T21:39:00.000Z,SELL,0.01,1,1,10.00,1,15160.00
2016-09-13T21:39:00.000Z,2016-09-16T16:24:00.000Z,SELL,0.01,1,1,10.00,1,15170.00
2016-09-16T16:24:00.000Z,2016-09-22T15:22:00.000Z,SELL,0.01,2,1,10.00,2,15180.00
2016-09-22T15:22:00.000Z,2016-09-27T17:00:00.000Z,SELL,0.01,1,1,10.00,1,15190.00
2016-09-27T17:00:00.000Z,2016-09-29T16:06:00.000Z,SELL,0.01,1,1,10.00,1,15200.00
2016-09-29T16:06:00.000Z,2016-10-04T15:06:00.000Z,SELL,0.01,1,1,10.00,1,15210.00
2016-10-04T15:06:00.000Z,2016-10-04T15:33:00.000Z,SELL,0.01,1,1,10.00,1,15220.00
2016-10-04T15:33:00.000Z,2016-10-04T16:45:00.000Z,SELL,0.01,1,1,10.00,1,15230.00
2016-10-04T16:45:00.000Z,2016-10-04T18:41:00.000Z,SELL,0.01,1,1,10.00,1,15240.00
2016-10-04T18:41:00.000Z,2016-10-05T19:12:00.000Z,SELL,0.01,1,1,10.00,1,15250.00
2016-10-05T19:12:00.000Z,2016-10-06T16:16:00.000Z,SELL,0.01,1,1,10.00,1,15260.00
2016-10-06T16:16:00.000Z,2016-10-07T18:33:00.000Z,SELL,0.01,1,1,10.00,1,15270.00
2016-10-07T18:33:00.000Z,2016-10-25T21:06:00.000Z,SELL,0.01,2,1,10.00,2,15280.00
2016-10-25T21:06:00.000Z,2016-10-28T15:30:00.000Z,SELL,0.01,1,1,10.00,1,15290.00
2016-10-28T15:30:00.000Z,2016-11-02T09:39:00.000Z,SELL,0.01,2,1,10.00,2,15300.00
2016-11-02T09:39:00.000Z,2016-11-07T10:51:00.000Z,SELL,0.01,1,1,10.00,1,15310.00
2016-11-07T10:51:00.000Z,2016-11-08T18:39:00.000Z,SELL,0.01,1,1,10.00,1,15320.00
2016-11-08T18:39:00.000Z,2016-11-09T04:23:00.000Z,SELL,0.01,2,1,10.00,2,15330.00
2016-11-09T04:23:00.000Z,2016-11-09T07:07:00.000Z,SELL,0.01,2,1,10.00,2,15340.00
2016-11-09T07:07:00.000Z,2016-11-09T07:26:00.000Z,SELL,0.01,1,1,10.00,1,15350.00
2016-11-09T07:26:00.000Z,2016-11-09T08:14:00.000Z,SELL,0.01,1,1,10.00,1,15360.00
2016-11-09T08:14:00.000Z,2016-11-09T10:10:00.000Z,SELL,0.01,1,1,10.00,1,15370.00
2016-11-09T10:10:00.000Z,2016-11-09T10:15:00.000Z,SELL,0.01,1,1,10.00,1,15380.00
2016-11-09T10:15:00.000Z,2016-11-09T16:56:00.000Z,SELL,0.01,1,1,10.00,1,15390.00
2016-11-09T16:56:00.000Z,2016-11-09T20:12:00.000Z,SELL,0.01,1,1,10.00,1,15400.00
2016-11-09T20:12:00.000Z,2016-11-10T18:21:00.000Z,SELL,0.01,1,1,10.00,1,15410.00
2016-11-10T18:21:00.000Z,2016-11-11T04:09:00.000Z,SELL,0.01,1,1,10.00,1,15420.00
2016-11-11T04:09:00.000Z,2016-11-11T16:46:00.000Z,SELL,0.01,1,1,10.00,1,15430.00
2016-11-11T16:46:00.000Z,2016-11-11T17:11:00.000Z,SELL,0.01,1,1,10.00,1,15440.00
2016-11-11T17:11:00.000Z,2016-11-11T20:32:00.000Z,SELL,0.01,1,1,10.00,1,15450.00
2016-11-11T20:32:00.000Z,2016-11-17T21:00:00.000Z,SELL,0.01,1,1,10.00,1,15460.00
2016-11-17T21:00:00.000Z,2016-11-23T15:30:00.000Z,SELL,0.01,1,1,10.00,1,15470.00
2016-11-23T15:30:00.000Z,2016-11-23T15:30:00.000Z,SELL,0.01,1,1,10.00,1,15480.00
2016-11-23T15:30:00.000Z,2016-11-24T10:11:00.000Z,SELL,0.01,1,1,10.00,1,15490.00
2016-11-24T10:11:00.000Z,2016-12-01T03:24:00.000Z,SELL,0.01,1,1,10.00,1,15500.00
2016-12-01T03:24:00.000Z,2016-12-05T17:05:00.000Z,SELL,0.01,1,1,10.00,1,15510.00
2016-12-05T17:05:00.000Z,2016-12-14T21:13:00.000Z,SELL,0.01,3,1,10.00,3,15520.00
2016-12-14T21:13:00.000Z,2016-12-14T22:53:00.000Z,SELL,0.01,1,1,10.00,1,15530.00
2016-12-14T22:53:00.000Z,2016-12-15T13:18:00.000Z,SELL,0.01,1,1,10.00,1,15540.00
2016-12-15T13:18:00.000Z,2016-12-29T19:00:00.000Z,SELL,0.01,2,1,10.00,2,15550.00
2016-12-29T19:00:00.000Z,2016-12-30T23:27:00.000Z,SELL,0.01,1,1,10.00,1,15560.00
2016-12-30T23:27:00.000Z,2017-01-05T08:59:00.000Z,SELL,0.01,2,1,10.00,2,15570.00
2017-01-05T08:59:00.000Z,2017-01-17T07:41:00.000Z,SELL,0.01,2,1,10.00,2,15580.00
2017-01-17T07:41:00.000Z,2017-01-19T03:52:00.000Z,SELL,0.01,1,1,10.00,1,15590.00
2017-01-19T03:52:00.000Z,2017-01-26T14:13:00.000Z,SELL,0.01,3,1,10.00,3,15600.00
2017-01-26T14:13:00.000Z,2017-02-02T12:06:00.000Z,SELL,0.01,2,1,10.00,2,15610.00
2017-02-02T12:06:00.000Z,2017-02-03T15:30:00.000Z,SELL,0.01,1,1,10.00,1,15620.00
2017-02-03T15:30:00.000Z,2017-02-08T10:49:00.000Z,SELL,0.01,2,1,10.00,2,15630.00
2017-02-08T10:49:00.000Z,2017-02-09T23:54:00.000Z,SELL,0.01,1,1,10.00,1,15640.00
2017-02-09T23:54:00.000Z,2017-02-15T15:35:00.000Z,SELL,0.01,1,1,10.00,1,15650.00
2017-02-15T15:35:00.000Z,2017-02-23T15:44:00.000Z,SELL,0.01,2,1,10.00,2,15660.00
2017-02-23T15:44:00.000Z,2017-03-01T15:59:00.000Z,SELL,0.01,1,1,10.00,1,15670.00
2017-03-01T15:59:00.000Z,2017-03-03T09:46:00.000Z,SELL,0.01,1,1,10.00,1,15680.00
2017-03-03T09:46:00.000Z,2017-03-07T16:33:00.000Z,SELL,0.01,1,1,10.00,1,15690.00
2017-03-07T16:33:00.000Z,2017-03-08T16:07:00.000Z,SELL,0.01,1,1,10.00,1,15700.00
2017-03-08T16:07:00.000Z,2017-03-10T09:22:00.000Z,SELL,0.01,1,1,10.00,1,15710.00
2017-03-10T09:22:00.000Z,2017-03-16T07:39:00.000Z,SELL,0.01,2,1,10.00,2,15720.00
2017-03-16T07:39:00.000Z,2017-03-27T04:01:00.000Z,SELL,0.01,2,1,10.00,2,15730.00
2017-03-27T04:01:00.000Z,2017-03-30T16:13:00.000Z,SELL,0.01,1,1,10.00,1,15740.00
2017-03-30T16:13:00.000Z,2017-04-12T03:57:00.000Z,SELL,0.01,2,1,10.00,2,15750.00
2017-04-12T03:57:00.000Z,2017-04-24T01:15:00.000Z,SELL,0.01,1,1,10.00,1,15760.00
2017-04-24T01:15:00.000Z,2017-05-01T19:10:00.000Z,SELL,0.01,1,1,10.00,1,15770.00
2017-05-01T19:10:00.000Z,2017-05-03T17:26:00.000Z,SELL,0.01,1,1,10.00,1,15780.00
2017-05-03T17:26:00.000Z,2017-05-04T09:07:00.000Z,SELL,0.01,1,1,10.00,1,15790.00
2017-05-04T09:07:00.000Z,2017-05-08T01:05:00.000Z,SELL,0.01,1,1,10.00,1,15800.00
2017-05-08T01:05:00.000Z,2017-05-09T20:14:00.000Z,SELL,0.01,1,1,10.00,1,15810.00
2017-05-09T20:14:00.000Z,2017-05-17T03:04:00.000Z,SELL,0.01,2,1,10.00,2,15820.00
2017-05-17T03:04:00.000Z,2017-06-02T15:47:00.000Z,SELL,0.01,2,1,10.00,2,15830.00
2017-06-02T15:47:00.000Z,2017-06-09T16:23:00.000Z,SELL,0.01,3,1,10.00,3,15840.00
2017-06-09T16:23:00.000Z,2017-06-15T14:17:00.000Z,SELL,0.01,1,1,10.00,1,15850.00
2017-06-15T14:17:00.000Z,2017-06-19T22:43:00.000Z,SELL,0.01,1,1,10.00,1,15860.00
2017-06-19T22:43:00.000Z,2017-07-03T12:55:00.000Z,SELL,0.01,1,1,10.00,1,15870.00
2017-07-03T12:55:00.000Z,2017-07-03T17:40:00.000Z,SELL,0.01,1,1,10.00,1,15880.00
2017-07-03T17:40:00.000Z,2017-07-07T17:17:00.000Z,SELL,0.01,1,1,10.00,1,15890.00
2017-07-07T17:17:00.000Z,2017-07-18T19:13:00.000Z,SELL,0.01,2,1,10.00,2,15900.00
2017-07-18T19:13:00.000Z,2017-08-01T17:20:00.000Z,SELL,0.01,2,1,10.00,2,15910.00
2017-08-01T17:20:00.000Z,2017-08-02T15:48:00.000Z,SELL,0.01,1,1,10.00,1,15920.00
2017-08-02T15:48:00.000Z,2017-08-08T17:45:00.000Z,SELL,0.01,1,1,10.00,1,15930.00
2017-08-08T17:45:00.000Z,2017-08-10T15:31:00.000Z,SELL,0.01,2,1,10.00,2,15940.00
2017-08-10T15:31:00.000Z,2017-08-15T08:54:00.000Z,SELL,0.01,1,1,10.00,1,15950.00
2017-08-15T08:54:00.000Z,2017-08-28T17:58:00.000Z,SELL,0.01,2,1,10.00,2,15960.00
2017-08-28T17:58:00.000Z,2017-09-04T01:05:00.000Z,SELL,0.01,4,1,10.00,4,15970.00
2017-09-04T01:05:00.000Z,2017-09-13T17:31:00.000Z,SELL,0.01,3,1,10.00,3,15980.00
2017-09-13T17:31:00.000Z,2017-09-18T15:05:00.000Z,SELL,0.01,1,1,10.00,1,15990.00
2017-09-18T15:05:00.000Z,2017-09-20T21:20:00.000Z,SELL,0.01,1,1,10.00,1,16000.00
2017-09-20T21:20:00.000Z,2017-09-21T14:17:00.000Z,SELL,0.01,1,1,10.00,1,16010.00
2017-09-21T14:17:00.000Z,2017-09-27T23:15:00.000Z,SELL,0.01,3,1,10.00,3,16020.00
2017-09-27T23:15:00.000Z,2017-10-02T10:42:00.000Z,SELL,0.01,1,1,10.00,1,16030.00
2017-10-02T10:42:00.000Z,2017-10-06T16:36:00.000Z,SELL,0.01,1,1,10.00,1,16040.00
2017-10-06T16:36:00.000Z,2017-10-10T13:00:00.000Z,SELL,0.01,2,1,10.00,2,16050.00
2017-10-10T13:00:00.000Z,2017-10-18T11:43:00.000Z,SELL,0.01,1,1,10.00,1,16060.00
2017-10-18T11:43:00.000Z,2017-10-26T19:31:00.000Z,SELL,0.01,1,1,10.00,1,16070.00
2017-10-26T19:31:00.000Z,2017-12-07T07:58:00.000Z,SELL,0.01,3,1,10.00,3,16080.00
2017-12-07T07:58:00.000Z,2017-12-07T21:11:00.000Z,SELL,0.01,1,1,10.00,1,16090.00
2017-12-07T21:11:00.000Z,2017-12-12T16:20:00.000Z,SELL,0.01,1,1,10.00,1,16100.00
2017-12-12T16:20:00.000Z,2017-12-22T16:10:00.000Z,SELL,0.01,2,1,10.00,2,16110.00
2017-12-22T16:10:00.000Z,2017-12-29T15:46:00.000Z,SELL,0.01,2,1,10.00,2,16120.00
2017-12-29T15:46:00.000Z,2018-01-12T06:41:00.000Z,SELL,0.01,2,1,10.00,2,16130.00
2018-01-12T06:41:00.000Z,2018-01-24T20:58:00.000Z,SELL,0.01,2,1,10.00,2,16140.00
2018-01-24T20:58:00.000Z,2018-01-25T21:23:00.000Z,SELL,0.01,1,1,10.00,1,16150.00
2018-01-25T21:23:00.000Z,2018-01-29T18:06:00.000Z,SELL,0.01,1,1,10.00,1,16160.00
2018-01-29T18:06:00.000Z,2018-02-02T17:13:00.000Z,SELL,0.01,1,1,10.00,1,16170.00
2018-02-02T17:13:00.000Z,2018-02-07T18:47:00.000Z,SELL,0.01,1,1,10.00,1,16180.00
2018-02-07T18:47:00.000Z,2018-02-08T14:21:00.000Z,SELL,0.01,1,1,10.00,1,16190.00
2018-02-08T14:21:00.000Z,2018-02-14T17:07:00.000Z,SELL,0.01,2,1,10.00,2,16200.00
2018-02-14T17:07:00.000Z,2018-02-21T02:49:00.000Z,SELL,0.01,3,1,10.00,3,16210.00
2018-02-21T02:49:00.000Z,2018-02-27T17:50:00.000Z,SELL,0.01,1,1,10.00,1,16220.00
2018-02-27T17:50:00.000Z,2018-03-01T14:14:00.000Z,SELL,0.01,1,1,10.00,1,16230.00
2018-03-01T14:14:00.000Z,2018-03-06T18:07:00.000Z,SELL,0.01,2,1,10.00,2,16240.00
2018-03-06T18:07:00.000Z,2018-03-07T17:43:00.000Z,SELL,0.01,1,1,10.00,1,16250.00
2018-03-07T17:43:00.000Z,2018-03-09T03:16:00.000Z,SELL,0.01,1,1,10.00,1,16260.00
2018-03-09T03:16:00.000Z,2018-03-23T14:26:00.000Z,SELL,0.01,2,1,10.00,2,16270.00
2018-03-23T14:26:00.000Z,2018-03-28T13:55:00.000Z,SELL,0.01,1,1,10.00,1,16280.00
2018-03-28T13:55:00.000Z,2018-03-28T19:12:00.000Z,SELL,0.01,1,1,10.00,1,16290.00
2018-03-28T19:12:00.000Z,2018-04-11T17:53:00.000Z,SELL,0.01,4,1,10.00,4,16300.00
2018-04-11T17:53:00.000Z,2018-04-12T12:00:00.000Z,SELL,0.01,1,1,10.00,1,16310.00
2018-04-12T12:00:00.000Z,2018-04-12T18:20:00.000Z,SELL,0.01,1,1,10.00,1,16320.00
2018-04-12T18:20:00.000Z,2018-04-23T15:27:00.000Z,SELL,0.01,1,1,10.00,1,16330.00
2018-04-23T15:27:00.000Z,2018-04-26T18:35:00.000Z,SELL,0.01,1,1,10.00,1,16340.00
2018-04-26T18:35:00.000Z,2018-05-01T16:33:00.000Z,SELL,0.01,1,1,10.00,1,16350.00
2018-05-01T16:33:00.000Z,2018-05-15T16:20:00.000Z,SELL,0.01,3,1,10.00,3,16360.00
2018-05-15T16:20:00.000Z,2018-05-17T13:24:00.000Z,SELL,0.01,1,1,10.00,1,16370.00
2018-05-17T13:24:00.000Z,2018-06-19T14:18:00.000Z,SELL,0.01,3,1,10.00,3,16380.00
2018-06-19T14:18:00.000Z,2018-06-21T08:14:00.000Z,SELL,0.01,1,1,10.00,1,16390.00
2018-06-21T08:14:00.000Z,2018-06-27T05:02:00.000Z,SELL,0.01,1,1,10.00,1,16400.00
2018-06-27T05:02:00.000Z,2018-07-02T18:41:00.000Z,SELL,0.01,1,1,10.00,1,16410.00
2018-07-02T18:41:00.000Z,2018-07-17T16:19:00.000Z,SELL,0.01,3,1,10.00,3,16420.00
2018-07-17T16:19:00.000Z,2018-07-18T09:15:00.000Z,SELL,0.01,1,1,10.00,1,16430.00
2018-07-18T09:15:00.000Z,2018-07-19T15:27:00.000Z,SELL,0.01,1,1,10.00,1,16440.00
2018-07-19T15:27:00.000Z,2018-08-13T12:17:00.000Z,SELL,0.01,3,1,10.00,3,16450.00
2018-08-13T12:17:00.000Z,2018-08-13T19:50:00.000Z,SELL,0.01,1,1,10.00,1,16460.00
2018-08-13T19:50:00.000Z,2018-08-15T16:37:00.000Z,SELL,0.01,1,1,10.00,1,16470.00
2018-08-15T16:37:00.000Z,2018-08-16T03:12:00.000Z,SELL,0.01,1,1,10.00,1,16480.00
2018-08-16T03:12:00.000Z,2018-08-16T03:44:00.000Z,SELL,0.01,1,1,10.00,1,16490.00
2018-08-16T03:44:00.000Z,2018-08-21T03:24:00.000Z,SELL,0.01,2,1,10.00,2,16500.00
2018-08-21T03:24:00.000Z,2018-09-27T18:13:00.000Z,SELL,0.01,5,1,10.00,5,16510.00
2018-09-27T18:13:00.000Z,2018-10-11T17:26:00.000Z,SELL,0.01,2,1,10.00,2,16520.00
2018-10-11T17:26:00.000Z,2018-10-26T17:58:00.000Z,SELL,0.01,2,1,10.00,2,16530.00
2018-10-26T17:58:00.000Z,2018-10-26T19:49:00.000Z,SELL,0.01,1,1,10.00,1,16540.00
2018-10-26T19:49:00.000Z,2018-10-30T12:20:00.000Z,SELL,0.01,1,1,10.00,1,16550.00
2018-10-30T12:20:00.000Z,2018-11-09T15:50:00.000Z,SELL,0.01,1,1,10.00,1,16560.00
2018-11-09T15:50:00.000Z,2018-11-12T21:38:00.000Z,SELL,0.01,1,1,10.00,1,16570.00
2018-11-12T21:38:00.000Z,2018-12-03T09:26:00.000Z,SELL,0.01,2,1,10.00,2,16580.00
2018-12-03T09:26:00.000Z,2018-12-20T16:23:00.000Z,SELL,0.01,2,1,10.00,2,16590.00
2018-12-20T16:23:00.000Z,2019-01-03T08:28:00.000Z,SELL,0.01,2,1,10.00,2,16600.00
2019-01-03T08:28:00.000Z,2019-01-04T16:37:00.000Z,SELL,0.01,1,1,10.00,1,16610.00
2019-01-04T16:37:00.000Z,2019-01-29T15:15:00.000Z,SELL,0.01,2,1,10.00,2,16620.00
2019-01-29T15:15:00.000Z,2019-02-19T19:37:00.000Z,SELL,0.01,2,1,10.00,2,16630.00
2019-02-19T19:37:00.000Z,2019-02-21T17:05:00.000Z,SELL,0.01,1,1,10.00,1,16640.00
2019-02-21T17:05:00.000Z,2019-02-27T18:32:00.000Z,SELL,0.01,1,1,10.00,1,16650.00
2019-02-27T18:32:00.000Z,2019-03-01T08:54:00.000Z,SELL,0.01,1,1,10.00,1,16660.00
2019-03-01T08:54:00.000Z,2019-03-01T19:11:00.000Z,SELL,0.01,1,1,10.00,1,16670.00
2019-03-01T19:11:00.000Z,2019-03-04T10:32:00.000Z,SELL,0.01,1,1,10.00,1,16680.00
2019-03-04T10:32:00.000Z,2019-03-21T09:31:00.000Z,SELL,0.01,2,1,10.00,2,16690.00
2019-03-21T09:31:00.000Z,2019-03-21T16:55:00.000Z,SELL,0.01,1,1,10.00,1,16700.00
2019-03-21T16:55:00.000Z,2019-03-28T15:01:00.000Z,SELL,0.01,1,1,10.00,1,16710.00
2019-03-28T15:01:00.000Z,2019-03-28T18:30:00.000Z,SELL,0.01,1,1,10.00,1,16720.00
2019-03-28T18:30:00.000Z,2019-04-16T15:34:00.000Z,SELL,0.01,3,1,10.00,3,16730.00
2019-04-16T15:34:00.000Z,2019-04-23T15:42:00.000Z,SELL,0.01,1,1,10.00,1,16740.00
2019-04-23T15:42:00.000Z,2019-05-13T16:21:00.000Z,SELL,0.01,4,1,10.00,4,16750.00
2019-05-13T16:21:00.000Z,2019-05-16T17:47:00.000Z,SELL,0.01,1,1,10.00,1,16760.00
2019-05-16T17:47:00.000Z,2019-05-17T17:11:00.000Z,SELL,0.01,1,1,10.00,1,16770.00
2019-05-17T17:11:00.000Z,2019-06-03T01:21:00.000Z,SELL,0.01,2,1,10.00,2,16780.00
2019-06-03T01:21:00.000Z,2019-06-05T12:34:00.000Z,SELL,0.01,2,1,10.00,2,16790.00
2019-06-05T12:34:00.000Z,2019-06-05T18:03:00.000Z,SELL,0.01,1,1,10.00,1,16800.00
2019-06-05T18:03:00.000Z,2019-06-14T10:06:00.000Z,SELL,0.01,4,1,10.00,4,16810.00
2019-06-14T10:06:00.000Z,2019-06-14T16:15:00.000Z,SELL,0.01,1,1,10.00,1,16820.00
2019-06-14T16:15:00.000Z,2019-06-17T04:03:00.000Z,SELL,0.01,1,1,10.00,1,16830.00
2019-06-17T04:03:00.000Z,2019-06-20T03:52:00.000Z,SELL,0.01,2,1,10.00,2,16840.00
2019-06-20T03:52:00.000Z,2019-06-21T04:45:00.000Z,SELL,0.01,2,1,10.00,2,16850.00
2019-06-21T04:45:00.000Z,2019-06-21T10:45:00.000Z,SELL,0.01,1,1,10.00,1,16860.00
2019-06-21T10:45:00.000Z,2019-06-24T18:29:00.000Z,SELL,0.01,2,1,10.00,2,16870.00
2019-06-24T18:29:00.000Z,2019-06-26T05:54:00.000Z,SELL,0.01,3,1,10.00,3,16880.00
2019-06-26T05:54:00.000Z,2019-07-01T01:05:00.000Z,SELL,0.01,1,1,10.00,1,16890.00
2019-07-01T01:05:00.000Z,2019-07-01T08:50:00.000Z,SELL,0.01,1,1,10.00,1,16900.00
2019-07-01T08:50:00.000Z,2019-07-02T23:32:00.000Z,SELL,0.01,2,1,10.00,2,16910.00
2019-07-02T23:32:00.000Z,2019-07-05T15:30:00.000Z,SELL,0.01,3,1,10.00,3,16920.00
2019-07-05T15:30:00.000Z,2019-07-05T15:33:00.000Z,SELL,0.01,1,1,10.00,1,16930.00
2019-07-05T15:33:00.000Z,2019-07-11T03:17:00.000Z,SELL,0.01,2,1,10.00,2,16940.00
2019-07-11T03:17:00.000Z,2019-07-11T15:30:00.000Z,SELL,0.01,1,1,10.00,1,16950.00
2019-07-11T15:30:00.000Z,2019-07-11T20:27:00.000Z,SELL,0.01,1,1,10.00,1,16960.00
2019-07-11T20:27:00.000Z,2019-07-18T21:26:00.000Z,SELL,0.01,2,1,10.00,2,16970.00
2019-07-18T21:26:00.000Z,2019-07-19T18:57:00.000Z,SELL,0.01,1,1,10.00,1,16980.00
2019-07-19T18:57:00.000Z,2019-07-23T08:31:00.000Z,SELL,0.01,1,1,10.00,1,16990.00
2019-07-23T08:31:00.000Z,2019-08-01T04:00:00.000Z,SELL,0.01,1,1,10.00,1,17000.00
2019-08-01T04:00:00.000Z,2019-08-01T20:50:00.000Z,SELL,0.01,2,1,10.00,2,17010.00
2019-08-01T20:50:00.000Z,2019-08-05T16:00:00.000Z,SELL,0.01,2,1,10.00,2,17020.00
2019-08-05T16:00:00.000Z,2019-08-05T18:06:00.000Z,SELL,0.01,1,1,10.00,1,17030.00
2019-08-05T18:06:00.000Z,2019-08-07T04:34:00.000Z,SELL,0.01,2,1,10.00,2,17040.00
2019-08-07T04:34:00.000Z,2019-08-12T21:43:00.000Z,SELL,0.01,2,1,10.00,2,17050.00
2019-08-12T21:43:00.000Z,2019-08-13T16:49:00.000Z,SELL,0.01,3,1,10.00,3,17060.00
2019-08-13T16:49:00.000Z,2019-08-13T16:55:00.000Z,SELL,0.01,1,1,10.00,1,17070.00
2019-08-13T16:55:00.000Z,2019-08-13T16:56:00.000Z,SELL,0.01,1,1,10.00,1,17080.00
2019-08-13T16:56:00.000Z,2019-08-14T14:36:00.000Z,SELL,0.01,2,1,10.00,2,17090.00
2019-08-14T14:36:00.000Z,2019-08-19T11:05:00.000Z,SELL,0.01,1,1,10.00,1,17100.00
2019-08-19T11:05:00.000Z,2019-08-19T14:44:00.000Z,SELL,0.01,1,1,10.00,1,17110.00
2019-08-19T14:44:00.000Z,2019-08-23T18:05:00.000Z,SELL,0.01,2,1,10.00,2,17120.00
2019-08-23T18:05:00.000Z,2019-08-26T01:26:00.000Z,SELL,0.01,2,1,10.00,2,17130.00
2019-08-26T01:26:00.000Z,2019-08-26T04:00:00.000Z,SELL,0.01,1,1,10.00,1,17140.00
2019-08-26T04:00:00.000Z,2019-08-26T10:01:00.000Z,SELL,0.01,1,1,10.00,1,17150.00
2019-08-26T10:01:00.000Z,2019-08-29T21:11:00.000Z,SELL,0.01,1,1,10.00,1,17160.00
2019-08-29T21:11:00.000Z,2019-09-04T20:17:00.000Z,SELL,0.01,2,1,10.00,2,17170.00
2019-09-04T20:17:00.000Z,2019-09-05T04:58:00.000Z,SELL,0.01,1,1,10.00,1,17180.00
2019-09-05T04:58:00.000Z,2019-09-05T16:36:00.000Z,SELL,0.01,1,1,10.00,1,17190.00
2019-09-05T16:36:00.000Z,2019-09-05T17:15:00.000Z,SELL,0.01,1,1,10.00,1,17200.00
2019-09-05T17:15:00.000Z,2019-09-05T17:22:00.000Z,SELL,0.01,1,1,10.00,1,17210.00
2019-09-05T17:22:00.000Z,2019-09-09T17:47:00.000Z,SELL,0.01,1,1,10.00,1,17220.00
2019-09-09T17:47:00.000Z,2019-09-10T04:02:00.000Z,SELL,0.01,1,1,10.00,1,17230.00
2019-09-10T04:02:00.000Z,2019-09-12T15:36:00.000Z,SELL,0.01,2,1,10.00,2,17240.00
2019-09-12T15:36:00.000Z,2019-09-12T17:10:00.000Z,SELL,0.01,1,1,10.00,1,17250.00
2019-09-12T17:10:00.000Z,2019-09-12T19:25:00.000Z,SELL,0.01,1,1,10.00,1,17260.00
2019-09-12T19:25:00.000Z,2019-09-13T18:48:00.000Z,SELL,0.01,1,1,10.00,1,17270.00
2019-09-13T18:48:00.000Z,2019-09-23T11:39:00.000Z,SELL,0.01,4,1,10.00,4,17280.00
2019-09-23T11:39:00.000Z,2019-09-25T18:57:00.000Z,SELL,0.01,1,1,10.00,1,17290.00
2019-09-25T18:57:00.000Z,2019-09-27T09:39:00.000Z,SELL,0.01,1,1,10.00,1,17300.00
2019-09-27T09:39:00.000Z,2019-09-27T16:16:00.000Z,SELL,0.01,1,1,10.00,1,17310.00
2019-09-27T16:16:00.000Z,2019-09-30T18:09:00.000Z,SELL,0.01,1,1,10.00,1,17320.00
2019-09-30T18:09:00.000Z,2019-09-30T18:31:00.000Z,SELL,0.01,1,1,10.00,1,17330.00
2019-09-30T18:31:00.000Z,2019-10-02T18:10:00.000Z,SELL,0.01,2,1,10.00,2,17340.00
2019-10-02T18:10:00.000Z,2019-10-07T20:39:00.000Z,SELL,0.01,3,1,10.00,3,17350.00
2019-10-07T20:39:00.000Z,2019-10-11T17:02:00.000Z,SELL,0.01,3,1,10.00,3,17360.00
2019-10-11T17:02:00.000Z,2019-10-25T14:34:00.000Z,SELL,0.01,4,1,10.00,4,17370.00
2019-10-25T14:34:00.000Z,2019-10-28T14:50:00.000Z,SELL,0.01,1,1,10.00,1,17380.00
2019-10-28T14:50:00.000Z,2019-10-29T12:38:00.000Z,SELL,0.01,1,1,10.00,1,17390.00
2019-10-29T12:38:00.000Z,2019-11-07T17:30:00.000Z,SELL,0.01,3,1,10.00,3,17400.00
2019-11-07T17:30:00.000Z,2019-11-07T18:16:00.000Z,SELL,0.01,1,1,10.00,1,17410.00
2019-11-07T18:16:00.000Z,2019-11-08T14:20:00.000Z,SELL,0.01,1,1,10.00,1,17420.00
2019-11-08T14:20:00.000Z,2019-11-12T17:41:00.000Z,SELL,0.01,1,1,10.00,1,17430.00
2019-11-12T17:41:00.000Z,2019-11-20T09:43:00.000Z,SELL,0.01,2,1,10.00,2,17440.00
2019-11-20T09:43:00.000Z,2019-11-20T17:35:00.000Z,SELL,0.01,1,1,10.00,1,17450.00
2019-11-20T17:35:00.000Z,2019-11-25T10:11:00.000Z,SELL,0.01,1,1,10.00,1,17460.00
2019-11-25T10:11:00.000Z,2019-12-24T03:46:00.000Z,SELL,0.01,2,1,10.00,2,17470.00
2019-12-24T03:46:00.000Z,2019-12-31T03:00:00.000Z,SELL,0.01,2,1,10.00,2,17480.00
2019-12-31T03:00:00.000Z,2020-01-03T11:13:00.000Z,SELL,0.01,2,1,10.00,2,17490.00
2020-01-03T11:13:00.000Z,2020-01-06T01:05:00.000Z,SELL,0.01,2,1,10.00,2,17500.00
2020-01-06T01:05:00.000Z,2020-01-06T17:29:00.000Z,SELL,0.01,1,1,10.00,1,17510.00
2020-01-06T17:29:00.000Z,2020-01-07T04:08:00.000Z,SELL,0.01,1,1,10.00,1,17520.00
2020-01-07T04:08:00.000Z,2020-01-08T01:23:00.000Z,SELL,0.01,2,1,10.00,2,17530.00
2020-01-08T01:23:00.000Z,2020-01-08T13:33:00.000Z,SELL,0.01,3,1,10.00,3,17540.00
2020-01-08T13:33:00.000Z,2020-01-08T18:29:00.000Z,SELL,0.01,1,1,10.00,1,17550.00
2020-01-08T18:29:00.000Z,2020-01-08T18:44:00.000Z,SELL,0.01,1,1,10.00,1,17560.00
2020-01-08T18:44:00.000Z,2020-01-09T08:37:00.000Z,SELL,0.01,1,1,10.00,1,17570.00
2020-01-09T08:37:00.000Z,2020-01-24T17:30:00.000Z,SELL,0.01,2,1,10.00,2,17580.00
2020-01-24T17:30:00.000Z,2020-01-29T03:17:00.000Z,SELL,0.01,1,1,10.00,1,17590.00
2020-01-29T03:17:00.000Z,2020-02-04T17:25:00.000Z,SELL,0.01,3,1,10.00,3,17600.00
2020-02-04T17:25:00.000Z,2020-02-14T23:40:00.000Z,SELL,0.01,2,1,10.00,2,17610.00
2020-02-14T23:40:00.000Z,2020-02-20T13:49:00.000Z,SELL,0.01,2,1,10.00,2,17620.00
2020-02-20T13:49:00.000Z,2020-02-21T15:47:00.000Z,SELL,0.01,2,1,10.00,2,17630.00
2020-02-21T15:47:00.000Z,2020-02-24T01:12:00.000Z,SELL,0.01,2,1,10.00,2,17640.00
2020-02-24T01:12:00.000Z,2020-02-24T01:25:00.000Z,SELL,0.01,1,1,10.00,1,17650.00
2020-02-24T01:25:00.000Z,2020-02-24T21:30:00.000Z,SELL,0.01,3,1,10.00,3,17660.00
2020-02-24T21:30:00.000Z,2020-02-25T02:12:00.000Z,SELL,0.01,1,1,10.00,1,17670.00
2020-02-25T02:12:00.000Z,2020-02-25T08:29:00.000Z,SELL,0.01,1,1,10.00,1,17680.00
2020-02-25T08:29:00.000Z,2020-02-27T14:53:00.000Z,SELL,0.01,5,0,-2420.00,5,15260.00
2020-02-27T14:53:00.000Z,2020-02-27T18:06:00.000Z,SELL,0.01,1,1,10.00,1,15270.00
2020-02-27T18:06:00.000Z,2020-02-28T07:50:00.000Z,SELL,0.01,1,1,10.00,1,15280.00
2020-02-28T07:50:00.000Z,2020-02-28T09:22:00.000Z,SELL,0.01,1,1,10.00,1,15290.00
2020-02-28T09:22:00.000Z,2020-02-28T17:01:00.000Z,SELL,0.01,1,1,10.00,1,15300.00
2020-02-28T17:01:00.000Z,2020-02-28T17:31:00.000Z,SELL,0.01,1,1,10.00,1,15310.00
2020-02-28T17:31:00.000Z,2020-02-28T17:36:00.000Z,SELL,0.01,1,1,10.00,1,15320.00
2020-02-28T17:36:00.000Z,2020-02-28T17:41:00.000Z,SELL,0.01,1,1,10.00,1,15330.00
2020-02-28T17:41:00.000Z,2020-02-28T17:41:00.000Z,SELL,0.01,1,1,10.00,1,15340.00
2020-02-28T17:41:00.000Z,2020-03-02T03:02:00.000Z,SELL,0.01,4,1,10.00,4,15350.00
2020-03-02T03:02:00.000Z,2020-03-02T04:48:00.000Z,SELL,0.01,1,1,10.00,1,15360.00
2020-03-02T04:48:00.000Z,2020-03-03T17:01:00.000Z,SELL,0.01,2,1,10.00,2,15370.00
2020-03-03T17:01:00.000Z,2020-03-03T17:02:00.000Z,SELL,0.01,1,1,10.00,1,15380.00
2020-03-03T17:02:00.000Z,2020-03-03T17:43:00.000Z,SELL,0.01,2,1,10.00,2,15390.00
2020-03-03T17:43:00.000Z,2020-03-03T17:53:00.000Z,SELL,0.01,1,1,10.00,1,15400.00
2020-03-03T17:53:00.000Z,2020-03-05T16:33:00.000Z,SELL,0.01,2,1,10.00,2,15410.00
2020-03-05T16:33:00.000Z,2020-03-06T17:28:00.000Z,SELL,0.01,3,1,10.00,3,15420.00
2020-03-06T17:28:00.000Z,2020-03-06T21:34:00.000Z,SELL,0.01,2,1,10.00,2,15430.00
2020-03-06T21:34:00.000Z,2020-03-06T22:24:00.000Z,SELL,0.01,1,1,10.00,1,15440.00
2020-03-06T22:24:00.000Z,2020-03-09T01:33:00.000Z,SELL,0.01,2,1,10.00,2,15450.00
2020-03-09T01:33:00.000Z,2020-03-09T02:24:00.000Z,SELL,0.01,1,1,10.00,1,15460.00
2020-03-09T02:24:00.000Z,2020-03-09T05:51:00.000Z,SELL,0.01,1,1,10.00,1,15470.00
2020-03-09T05:51:00.000Z,2020-03-09T06:22:00.000Z,SELL,0.01,1,1,10.00,1,15480.00
2020-03-09T06:22:00.000Z,2020-03-09T06:40:00.000Z,SELL,0.01,1,1,10.00,1,15490.00
2020-03-09T06:40:00.000Z,2020-03-10T08:00:00.000Z,SELL,0.01,3,1,10.00,3,15500.00
2020-03-10T08:00:00.000Z,2020-03-11T20:29:00.000Z,SELL,0.01,3,1,10.00,3,15510.00
2020-03-11T20:29:00.000Z,2020-03-12T14:02:00.000Z,SELL,0.01,1,1,10.00,1,15520.00
2020-03-12T14:02:00.000Z,2020-03-12T14:03:00.000Z,SELL,0.01,1,1,10.00,1,15530.00
2020-03-12T14:03:00.000Z,2020-03-12T14:33:00.000Z,SELL,0.01,1,1,10.00,1,15540.00
2020-03-12T14:33:00.000Z,2020-03-12T15:35:00.000Z,SELL,0.01,1,1,10.00,1,15550.00
2020-03-12T15:35:00.000Z,2020-03-12T15:38:00.000Z,SELL,0.01,1,1,10.00,1,15560.00
2020-03-12T15:38:00.000Z,2020-03-12T16:19:00.000Z,SELL,0.01,1,1,10.00,1,15570.00
2020-03-12T16:19:00.000Z,2020-03-12T17:44:00.000Z,SELL,0.01,1,1,10.00,1,15580.00
2020-03-12T17:44:00.000Z,2020-03-12T19:00:00.000Z,SELL,0.01,2,1,10.00,2,15590.00
2020-03-12T19:00:00.000Z,2020-03-12T19:25:00.000Z,SELL,0.01,1,1,10.00,1,15600.00
2020-03-12T19:25:00.000Z,2020-03-12T20:30:00.000Z,SELL,0.01,1,1,10.00,1,15610.00
2020-03-12T20:30:00.000Z,2020-03-12T22:24:00.000Z,SELL,0.01,1,1,10.00,1,15620.00
2020-03-12T22:24:00.000Z,2020-03-13T03:43:00.000Z,SELL,0.01,1,1,10.00,1,15630.00
2020-03-13T03:43:00.000Z,2020-03-13T07:37:00.000Z,SELL,0.01,2,1,10.00,2,15640.00
2020-03-13T07:37:00.000Z,2020-03-13T15:55:00.000Z,SELL,0.01,1,1,10.00,1,15650.00
2020-03-13T15:55:00.000Z,2020-03-13T16:55:00.000Z,SELL,0.01,1,1,10.00,1,15660.00
2020-03-13T16:55:00.000Z,2020-03-13T17:39:00.000Z,SELL,0.01,1,1,10.00,1,15670.00
2020-03-13T17:39:00.000Z,2020-03-13T17:44:00.000Z,SELL,0.01,1,1,10.00,1,15680.00
2020-03-13T17:44:00.000Z,2020-03-13T17:48:00.000Z,SELL,0.01,1,1,10.00,1,15690.00
2020-03-13T17:48:00.000Z,2020-03-13T17:49:00.000Z,SELL,0.01,1,1,10.00,1,15700.00
2020-03-13T17:49:00.000Z,2020-03-13T18:38:00.000Z,SELL,0.01,3,1,10.00,3,15710.00
2020-03-13T18:38:00.000Z,2020-03-16T01:05:00.000Z,SELL,0.01,4,1,10.00,4,15720.00
2020-03-16T01:05:00.000Z,2020-03-16T03:04:00.000Z,SELL,0.01,1,1,10.00,1,15730.00
2020-03-16T03:04:00.000Z,2020-03-16T03:27:00.000Z,SELL,0.01,1,1,10.00,1,15740.00
2020-03-16T03:27:00.000Z,2020-03-16T11:36:00.000Z,SELL,0.01,3,1,10.00,3,15750.00
2020-03-16T11:36:00.000Z,2020-03-16T12:29:00.000Z,SELL,0.01,1,1,10.00,1,15760.00
2020-03-16T12:29:00.000Z,2020-03-16T12:54:00.000Z,SELL,0.01,1,1,10.00,1,15770.00
2020-03-16T12:54:00.000Z,2020-03-16T12:57:00.000Z,SELL,0.01,1,1,10.00,1,15780.00
2020-03-16T12:57:00.000Z,2020-03-16T13:01:00.000Z,SELL,0.01,1,1,10.00,1,15790.00
2020-03-16T13:01:00.000Z,2020-03-16T13:38:00.000Z,SELL,0.01,1,1,10.00,1,15800.00
2020-03-16T13:38:00.000Z,2020-03-16T15:01:00.000Z,SELL,0.01,1,1,10.00,1,15810.00
2020-03-16T15:01:00.000Z,2020-03-16T16:35:00.000Z,SELL,0.01,2,1,10.00,2,15820.00
2020-03-16T16:35:00.000Z,2020-03-16T17:24:00.000Z,SELL,0.01,2,1,10.00,2,15830.00
2020-03-16T17:24:00.000Z,2020-03-16T17:48:00.000Z,SELL,0.01,1,1,10.00,1,15840.00
2020-03-16T17:48:00.000Z,2020-03-16T19:28:00.000Z,SELL,0.01,1,1,10.00,1,15850.00
2020-03-16T19:28:00.000Z,2020-03-17T11:33:00.000Z,SELL,0.01,3,1,10.00,3,15860.00
2020-03-17T11:33:00.000Z,2020-03-17T11:34:00.000Z,SELL,0.01,1,1,10.00,1,15870.00
2020-03-17T11:34:00.000Z,2020-03-17T15:32:00.000Z,SELL,0.01,2,1,10.00,2,15880.00
2020-03-17T15:32:00.000Z,2020-03-17T15:37:00.000Z,SELL,0.01,1,1,10.00,1,15890.00
2020-03-17T15:37:00.000Z,2020-03-17T16:45:00.000Z,SELL,0.01,2,1,10.00,2,15900.00
2020-03-17T16:45:00.000Z,2020-03-17T17:12:00.000Z,SELL,0.01,2,1,10.00,2,15910.00
2020-03-17T17:12:00.000Z,2020-03-17T17:18:00.000Z,SELL,0.01,1,1,10.00,1,15920.00
2020-03-17T17:18:00.000Z,2020-03-17T17:29:00.000Z,SELL,0.01,1,1,10.00,1,15930.00
2020-03-17T17:29:00.000Z,2020-03-18T07:51:00.000Z,SELL,0.01,1,1,10.00,1,15940.00
2020-03-18T07:51:00.000Z,2020-03-18T08:25:00.000Z,SELL,0.01,1,1,10.00,1,15950.00
2020-03-18T08:25:00.000Z,2020-03-18T09:42:00.000Z,SELL,0.01,1,1,10.00,1,15960.00
2020-03-18T09:42:00.000Z,2020-03-18T10:49:00.000Z,SELL,0.01,1,1,10.00,1,15970.00
2020-03-18T10:49:00.000Z,2020-03-18T14:02:00.000Z,SELL,0.01,2,1,10.00,2,15980.00
2020-03-18T14:02:00.000Z,2020-03-18T14:20:00.000Z,SELL,0.01,1,1,10.00,1,15990.00
2020-03-18T14:20:00.000Z,2020-03-18T14:58:00.000Z,SELL,0.01,1,1,10.00,1,16000.00
2020-03-18T14:58:00.000Z,2020-03-18T17:05:00.000Z,SELL,0.01,1,1,10.00,1,16010.00
2020-03-18T17:05:00.000Z,2020-03-18T19:26:00.000Z,SELL,0.01,1,1,10.00,1,16020.00
2020-03-18T19:26:00.000Z,2020-03-19T05:01:00.000Z,SELL,0.01,3,1,10.00,3,16030.00
2020-03-19T05:01:00.000Z,2020-03-20T08:06:00.000Z,SELL,0.01,5,0,-2420.00,5,13610.00
2020-03-20T08:06:00.000Z,2020-03-23T14:11:00.000Z,SELL,0.01,4,1,10.00,4,13620.00
2020-03-23T14:11:00.000Z,2020-03-23T18:44:00.000Z,SELL,0.01,2,1,10.00,2,13630.00
2020-03-23T18:44:00.000Z,2020-03-24T03:05:00.000Z,SELL,0.01,2,1,10.00,2,13640.00
2020-03-24T03:05:00.000Z,2020-03-24T07:31:00.000Z,SELL,0.01,1,1,10.00,1,13650.00
2020-03-24T07:31:00.000Z,2020-03-24T08:16:00.000Z,SELL,0.01,1,1,10.00,1,13660.00
2020-03-24T08:16:00.000Z,2020-03-24T10:22:00.000Z,SELL,0.01,2,1,10.00,2,13670.00
2020-03-24T10:22:00.000Z,2020-03-24T10:23:00.000Z,SELL,0.01,1,1,10.00,1,13680.00
2020-03-24T10:23:00.000Z,2020-03-24T12:50:00.000Z,SELL,0.01,2,1,10.00,2,13690.00
2020-03-24T12:50:00.000Z,2020-03-24T12:52:00.000Z,SELL,0.01,1,1,10.00,1,13700.00
2020-03-24T12:52:00.000Z,2020-03-24T12:59:00.000Z,SELL,0.01,1,1,10.00,1,13710.00
2020-03-24T12:59:00.000Z,2020-03-24T12:59:00.000Z,SELL,0.01,1,1,10.00,1,13720.00
2020-03-24T12:59:00.000Z,2020-03-24T13:02:00.000Z,SELL,0.01,2,1,10.00,2,13730.00
2020-03-24T13:02:00.000Z,2020-03-24T13:02:00.000Z,SELL,0.01,1,1,10.00,1,13740.00
2020-03-24T13:02:00.000Z,2020-03-24T13:03:00.000Z,SELL,0.01,1,1,10.00,1,13750.00
2020-03-24T13:03:00.000Z,2020-03-24T13:03:00.000Z,SELL,0.01,1,1,10.00,1,13760.00
2020-03-24T13:03:00.000Z,2020-03-24T13:03:00.000Z,SELL,0.01,2,1,10.00,2,13770.00
2020-03-24T13:03:00.000Z,2020-03-24T13:03:00.000Z,SELL,0.01,1,1,10.00,1,13780.00
2020-03-24T13:03:00.000Z,2020-03-24T13:04:00.000Z,SELL,0.01,1,1,10.00,1,13790.00
2020-03-24T13:04:00.000Z,2020-03-24T13:04:00.000Z,SELL,0.01,1,1,10.00,1,13800.00
2020-03-24T13:04:00.000Z,2020-03-24T13:08:00.000Z,SELL,0.01,2,1,10.00,2,13810.00
2020-03-24T13:08:00.000Z,2020-03-24T13:08:00.000Z,SELL,0.01,1,1,10.00,1,13820.00
2020-03-24T13:08:00.000Z,2020-03-24T13:10:00.000Z,SELL,0.01,1,1,10.00,1,13830.00
2020-03-24T13:10:00.000Z,2020-03-24T13:20:00.000Z,SELL,0.01,2,1,10.00,2,13840.00
2020-03-24T13:20:00.000Z,2020-03-24T13:20:00.000Z,SELL,0.01,1,1,10.00,1,13850.00
2020-03-24T13:20:00.000Z,2020-03-24T13:20:00.000Z,SELL,0.01,1,1,10.00,1,13860.00
2020-03-24T13:20:00.000Z,2020-03-24T13:23:00.000Z,SELL,0.01,1,1,10.00,1,13870.00
2020-03-24T13:23:00.000Z,2020-03-24T13:26:00.000Z,SELL,0.01,1,1,10.00,1,13880.00
2020-03-24T13:26:00.000Z,2020-03-24T15:18:00.000Z,SELL,0.01,2,1,10.00,2,13890.00
2020-03-24T15:18:00.000Z,2020-03-24T15:44:00.000Z,SELL,0.01,1,1,10.00,1,13900.00
2020-03-24T15:44:00.000Z,2020-03-24T19:13:00.000Z,SELL,0.01,2,1,10.00,2,13910.00
2020-03-24T19:13:00.000Z,2020-03-25T03:15:00.000Z,SELL,0.01,1,1,10.00,1,13920.00
2020-03-25T03:15:00.000Z,2020-03-25T07:17:00.000Z,SELL,0.01,1,1,10.00,1,13930.00
2020-03-25T07:17:00.000Z,2020-03-26T15:34:00.000Z,SELL,0.01,4,1,10.00,4,13940.00
2020-03-26T15:34:00.000Z,2020-03-26T21:12:00.000Z,SELL,0.01,1,1,10.00,1,13950.00
2020-03-26T21:12:00.000Z,2020-03-30T05:06:00.000Z,SELL,0.01,1,1,10.00,1,13960.00
2020-03-30T05:06:00.000Z,2020-03-31T12:29:00.000Z,SELL,0.01,1,1,10.00,1,13970.00
2020-03-31T12:29:00.000Z,2020-03-31T20:10:00.000Z,SELL,0.01,1,1,10.00,1,13980.00
2020-03-31T20:10:00.000Z,2020-03-31T22:12:00.000Z,SELL,0.01,1,1,10.00,1,13990.00
2020-03-31T22:12:00.000Z,2020-04-01T01:05:00.000Z,SELL,0.01,1,1,10.00,1,14000.00
2020-04-01T01:05:00.000Z,2020-04-02T15:15:00.000Z,SELL,0.01,4,1,10.00,4,14010.00
2020-04-02T15:15:00.000Z,2020-04-06T10:52:00.000Z,SELL,0.01,2,1,10.00,2,14020.00
2020-04-06T10:52:00.000Z,2020-04-06T22:05:00.000Z,SELL,0.01,2,1,10.00,2,14030.00
2020-04-06T22:05:00.000Z,2020-04-07T10:28:00.000Z,SELL,0.01,1,1,10.00,1,14040.00
2020-04-07T10:28:00.000Z,2020-04-09T16:43:00.000Z,SELL,0.01,2,1,10.00,2,14050.00
2020-04-09T16:43:00.000Z,2020-04-09T17:23:00.000Z,SELL,0.01,1,1,10.00,1,14060.00
2020-04-09T17:23:00.000Z,2020-04-13T18:10:00.000Z,SELL,0.01,2,1,10.00,2,14070.00
2020-04-13T18:10:00.000Z,2020-04-14T16:32:00.000Z,SELL,0.01,2,1,10.00,2,14080.00
2020-04-14T16:32:00.000Z,2020-04-14T22:10:00.000Z,SELL,0.01,1,1,10.00,1,14090.00
2020-04-14T22:10:00.000Z,2020-04-15T09:54:00.000Z,SELL,0.01,1,1,10.00,1,14100.00
2020-04-15T09:54:00.000Z,2020-04-17T08:55:00.000Z,SELL,0.01,3,1,10.00,3,14110.00
2020-04-17T08:55:00.000Z,2020-04-17T09:02:00.000Z,SELL,0.01,1,1,10.00,1,14120.00
2020-04-17T09:02:00.000Z,2020-04-17T21:14:00.000Z,SELL,0.01,1,1,10.00,1,14130.00
2020-04-17T21:14:00.000Z,2020-04-21T14:17:00.000Z,SELL,0.01,3,1,10.00,3,14140.00
2020-04-21T14:17:00.000Z,2020-04-22T12:13:00.000Z,SELL,0.01,2,1,10.00,2,14150.00
2020-04-22T12:13:00.000Z,2020-04-23T14:00:00.000Z,SELL,0.01,2,1,10.00,2,14160.00
2020-04-23T14:00:00.000Z,2020-04-24T17:02:00.000Z,SELL,0.01,1,1,10.00,1,14170.00
2020-04-24T17:02:00.000Z,2020-04-27T17:05:00.000Z,SELL,0.01,1,1,10.00,1,14180.00
2020-04-27T17:05:00.000Z,2020-04-28T06:29:00.000Z,SELL,0.01,1,1,10.00,1,14190.00
2020-04-28T06:29:00.000Z,2020-04-30T19:15:00.000Z,SELL,0.01,3,1,10.00,3,14200.00
2020-04-30T19:15:00.000Z,2020-05-01T08:43:00.000Z,SELL,0.01,1,1,10.00,1,14210.00
2020-05-01T08:43:00.000Z,2020-05-04T13:07:00.000Z,SELL,0.01,2,1,10.00,2,14220.00
2020-05-04T13:07:00.000Z,2020-05-04T15:34:00.000Z,SELL,0.01,1,1,10.00,1,14230.00
2020-05-04T15:34:00.000Z,2020-05-06T16:05:00.000Z,SELL,0.01,1,1,10.00,1,14240.00
2020-05-06T16:05:00.000Z,2020-05-07T20:04:00.000Z,SELL,0.01,2,1,10.00,2,14250.00
2020-05-07T20:04:00.000Z,2020-05-08T15:49:00.000Z,SELL,0.01,1,1,10.00,1,14260.00
2020-05-08T15:49:00.000Z,2020-05-11T13:13:00.000Z,SELL,0.01,1,1,10.00,1,14270.00
2020-05-11T13:13:00.000Z,2020-05-14T16:46:00.000Z,SELL,0.01,2,1,10.00,2,14280.00
2020-05-14T16:46:00.000Z,2020-05-18T02:48:00.000Z,SELL,0.01,2,1,10.00,2,14290.00
2020-05-18T02:48:00.000Z,2020-05-18T16:13:00.000Z,SELL,0.01,1,1,10.00,1,14300.00
2020-05-18T16:13:00.000Z,2020-05-18T16:47:00.000Z,SELL,0.01,1,1,10.00,1,14310.00
2020-05-18T16:47:00.000Z,2020-05-19T09:40:00.000Z,SELL,0.01,1,1,10.00,1,14320.00
2020-05-19T09:40:00.000Z,2020-05-26T17:02:00.000Z,SELL,0.01,3,1,10.00,3,14330.00
2020-05-26T17:02:00.000Z,2020-05-27T07:03:00.000Z,SELL,0.01,1,1,10.00,1,14340.00
2020-05-27T07:03:00.000Z,2020-05-27T16:13:00.000Z,SELL,0.01,1,1,10.00,1,14350.00
2020-05-27T16:13:00.000Z,2020-05-28T16:35:00.000Z,SELL,0.01,2,1,10.00,2,14360.00
2020-05-28T16:35:00.000Z,2020-05-28T20:28:00.000Z,SELL,0.01,1,1,10.00,1,14370.00
2020-05-28T20:28:00.000Z,2020-06-03T15:57:00.000Z,SELL,0.01,3,1,10.00,3,14380.00
2020-06-03T15:57:00.000Z,2020-06-03T17:13:00.000Z,SELL,0.01,1,1,10.00,1,14390.00
2020-06-03T17:13:00.000Z,2020-06-05T15:41:00.000Z,SELL,0.01,3,1,10.00,3,14400.00
2020-06-05T15:41:00.000Z,2020-06-05T17:30:00.000Z,SELL,0.01,1,1,10.00,1,14410.00
2020-06-05T17:30:00.000Z,2020-06-09T11:07:00.000Z,SELL,0.01,2,1,10.00,2,14420.00
2020-06-09T11:07:00.000Z,2020-06-10T22:33:00.000Z,SELL,0.01,2,1,10.00,2,14430.00
2020-06-10T22:33:00.000Z,2020-06-11T14:31:00.000Z,SELL,0.01,1,1,10.00,1,14440.00
2020-06-11T14:31:00.000Z,2020-06-15T12:33:00.000Z,SELL,0.01,1,1,10.00,1,14450.00
2020-06-15T12:33:00.000Z,2020-06-15T16:41:00.000Z,SELL,0.01,1,1,10.00,1,14460.00
2020-06-15T16:41:00.000Z,2020-06-18T12:04:00.000Z,SELL,0.01,2,1,10.00,2,14470.00
2020-06-18T12:04:00.000Z,2020-06-18T12:48:00.000Z,SELL,0.01,1,1,10.00,1,14480.00
2020-06-18T12:48:00.000Z,2020-06-22T04:28:00.000Z,SELL,0.01,2,1,10.00,2,14490.00
2020-06-22T04:28:00.000Z,2020-06-22T10:22:00.000Z,SELL,0.01,1,1,10.00,1,14500.00
2020-06-22T10:22:00.000Z,2020-06-24T11:50:00.000Z,SELL,0.01,2,1,10.00,2,14510.00
2020-06-24T11:50:00.000Z,2020-06-24T16:19:00.000Z,SELL,0.01,1,1,10.00,1,14520.00
2020-06-24T16:19:00.000Z,2020-06-26T16:26:00.000Z,SELL,0.01,1,1,10.00,1,14530.00
2020-06-26T16:26:00.000Z,2020-06-30T17:54:00.000Z,SELL,0.01,2,1,10.00,2,14540.00
2020-06-30T17:54:00.000Z,2020-07-01T16:11:00.000Z,SELL,0.01,1,1,10.00,1,14550.00
2020-07-01T16:11:00.000Z,2020-07-01T17:28:00.000Z,SELL,0.01,1,1,10.00,1,14560.00
2020-07-01T17:28:00.000Z,2020-07-07T17:10:00.000Z,SELL,0.01,2,1,10.00,2,14570.00
2020-07-07T17:10:00.000Z,2020-07-21T09:54:00.000Z,SELL,0.01,4,1,10.00,4,14580.00
2020-07-21T09:54:00.000Z,2020-07-22T04:08:00.000Z,SELL,0.01,2,1,10.00,2,14590.00
2020-07-22T04:08:00.000Z,2020-07-23T11:33:00.000Z,SELL,0.01,2,1,10.00,2,14600.00
2020-07-23T11:33:00.000Z,2020-07-23T15:12:00.000Z,SELL,0.01,1,1,10.00,1,14610.00
2020-07-23T15:12:00.000Z,2020-07-24T16:05:00.000Z,SELL,0.01,2,1,10.00,2,14620.00
2020-07-24T16:05:00.000Z,2020-07-27T06:08:00.000Z,SELL,0.01,2,1,10.00,2,14630.00
2020-07-27T06:08:00.000Z,2020-07-28T02:41:00.000Z,SELL,0.01,2,1,10.00,2,14640.00
2020-07-28T02:41:00.000Z,2020-07-28T06:03:00.000Z,SELL,0.01,1,1,10.00,1,14650.00
2020-07-28T06:03:00.000Z,2020-07-28T06:07:00.000Z,SELL,0.01,1,1,10.00,1,14660.00
2020-07-28T06:07:00.000Z,2020-07-28T10:31:00.000Z,SELL,0.01,1,1,10.00,1,14670.00
2020-07-28T10:31:00.000Z,2020-07-28T10:36:00.000Z,SELL,0.01,1,1,10.00,1,14680.00
2020-07-28T10:36:00.000Z,2020-07-28T10:39:00.000Z,SELL,0.01,1,1,10.00,1,14690.00
2020-07-28T10:39:00.000Z,2020-07-28T17:10:00.000Z,SELL,0.01,2,1,10.00,2,14700.00
2020-07-28T17:10:00.000Z,2020-07-29T21:37:00.000Z,SELL,0.01,4,1,10.00,4,14710.00
2020-07-29T21:37:00.000Z,2020-07-29T22:00:00.000Z,SELL,0.01,1,1,10.00,1,14720.00
2020-07-29T22:00:00.000Z,2020-07-30T10:11:00.000Z,SELL,0.01,1,1,10.00,1,14730.00
2020-07-30T10:11:00.000Z,2020-07-30T17:45:00.000Z,SELL,0.01,1,1,10.00,1,14740.00
2020-07-30T17:45:00.000Z,2020-07-31T06:32:00.000Z,SELL,0.01,2,1,10.00,2,14750.00
2020-07-31T06:32:00.000Z,2020-07-31T16:34:00.000Z,SELL,0.01,1,1,10.00,1,14760.00
2020-07-31T16:34:00.000Z,2020-08-04T17:50:00.000Z,SELL,0.01,4,1,10.00,4,14770.00
2020-08-04T17:50:00.000Z,2020-08-05T01:05:00.000Z,SELL,0.01,2,1,10.00,2,14780.00
2020-08-05T01:05:00.000Z,2020-08-05T05:13:00.000Z,SELL,0.01,1,1,10.00,1,14790.00
2020-08-05T05:13:00.000Z,2020-08-05T12:50:00.000Z,SELL,0.01,2,1,10.00,2,14800.00
2020-08-05T12:50:00.000Z,2020-08-05T15:56:00.000Z,SELL,0.01,1,1,10.00,1,14810.00
2020-08-05T15:56:00.000Z,2020-08-06T15:15:00.000Z,SELL,0.01,4,1,10.00,4,14820.00
2020-08-06T15:15:00.000Z,2020-08-06T18:24:00.000Z,SELL,0.01,1,1,10.00,1,14830.00
2020-08-06T18:24:00.000Z,2020-08-07T17:02:00.000Z,SELL,0.01,3,1,10.00,3,14840.00
2020-08-07T17:02:00.000Z,2020-08-07T17:07:00.000Z,SELL,0.01,1,1,10.00,1,14850.00
2020-08-07T17:07:00.000Z,2020-08-07T20:20:00.000Z,SELL,0.01,1,1,10.00,1,14860.00
2020-08-07T20:20:00.000Z,2020-08-10T17:12:00.000Z,SELL,0.01,2,1,10.00,2,14870.00
2020-08-10T17:12:00.000Z,2020-08-10T17:47:00.000Z,SELL,0.01,1,1,10.00,1,14880.00
2020-08-10T17:47:00.000Z,2020-08-10T19:17:00.000Z,SELL,0.01,1,1,10.00,1,14890.00
2020-08-10T19:17:00.000Z,2020-08-11T03:38:00.000Z,SELL,0.01,1,1,10.00,1,14900.00
2020-08-11T03:38:00.000Z,2020-08-11T08:42:00.000Z,SELL,0.01,1,1,10.00,1,14910.00
2020-08-11T08:42:00.000Z,2020-08-11T09:27:00.000Z,SELL,0.01,1,1,10.00,1,14920.00
2020-08-11T09:27:00.000Z,2020-08-11T11:08:00.000Z,SELL,0.01,1,1,10.00,1,14930.00
2020-08-11T11:08:00.000Z,2020-08-11T14:28:00.000Z,SELL,0.01,1,1,10.00,1,14940.00
2020-08-11T14:28:00.000Z,2020-08-11T15:37:00.000Z,SELL,0.01,1,1,10.00,1,14950.00
2020-08-11T15:37:00.000Z,2020-08-11T15:51:00.000Z,SELL,0.01,1,1,10.00,1,14960.00
2020-08-11T15:51:00.000Z,2020-08-11T16:07:00.000Z,SELL,0.01,1,1,10.00,1,14970.00
2020-08-11T16:07:00.000Z,2020-08-11T20:10:00.000Z,SELL,0.01,1,1,10.00,1,14980.00
2020-08-11T20:10:00.000Z,2020-08-11T20:55:00.000Z,SELL,0.01,1,1,10.00,1,14990.00
2020-08-11T20:55:00.000Z,2020-08-11T21:26:00.000Z,SELL,0.01,1,1,10.00,1,15000.00
2020-08-11T21:26:00.000Z,2020-08-11T23:18:00.000Z,SELL,0.01,1,1,10.00,1,15010.00
2020-08-11T23:18:00.000Z,2020-08-12T04:45:00.000Z,SELL,0.01,3,1,10.00,3,15020.00
2020-08-12T04:45:00.000Z,2020-08-12T05:00:00.000Z,SELL,0.01,1,1,10.00,1,15030.00
2020-08-12T05:00:00.000Z,2020-08-12T05:06:00.000Z,SELL,0.01,1,1,10.00,1,15040.00
2020-08-12T05:06:00.000Z,2020-08-12T07:29:00.000Z,SELL,0.01,3,1,10.00,3,15050.00
2020-08-12T07:29:00.000Z,2020-08-12T09:16:00.000Z,SELL,0.01,2,1,10.00,2,15060.00
2020-08-12T09:16:00.000Z,2020-08-12T10:31:00.000Z,SELL,0.01,2,1,10.00,2,15070.00
2020-08-12T10:31:00.000Z,2020-08-12T22:54:00.000Z,SELL,0.01,5,1,10.00,5,15080.00
2020-08-12T22:54:00.000Z,2020-08-13T17:25:00.000Z,SELL,0.01,2,1,10.00,2,15090.00
2020-08-13T17:25:00.000Z,2020-08-14T19:38:00.000Z,SELL,0.01,3,1,10.00,3,15100.00
2020-08-14T19:38:00.000Z,2020-08-17T16:29:00.000Z,SELL,0.01,2,1,10.00,2,15110.00
2020-08-17T16:29:00.000Z,2020-08-18T04:49:00.000Z,SELL,0.01,2,1,10.00,2,15120.00
2020-08-18T04:49:00.000Z,2020-08-18T17:28:00.000Z,SELL,0.01,3,1,10.00,3,15130.00
2020-08-18T17:28:00.000Z,2020-08-19T17:44:00.000Z,SELL,0.01,3,1,10.00,3,15140.00
2020-08-19T17:44:00.000Z,2020-08-19T17:58:00.000Z,SELL,0.01,1,1,10.00,1,15150.00
2020-08-19T17:58:00.000Z,2020-08-19T21:09:00.000Z,SELL,0.01,1,1,10.00,1,15160.00
2020-08-19T21:09:00.000Z,2020-08-19T21:16:00.000Z,SELL,0.01,1,1,10.00,1,15170.00
2020-08-19T21:16:00.000Z,2020-08-19T23:21:00.000Z,SELL,0.01,1,1,10.00,1,15180.00
2020-08-19T23:21:00.000Z,2020-08-21T14:39:00.000Z,SELL,0.01,5,1,10.00,5,15190.00
2020-08-21T14:39:00.000Z,2020-08-21T15:09:00.000Z,SELL,0.01,1,1,10.00,1,15200.00
2020-08-21T15:09:00.000Z,2020-08-21T17:58:00.000Z,SELL,0.01,2,1,10.00,2,15210.00
2020-08-21T17:58:00.000Z,2020-08-21T19:34:00.000Z,SELL,0.01,1,1,10.00,1,15220.00
2020-08-21T19:34:00.000Z,2020-08-25T12:45:00.000Z,SELL,0.01,3,1,10.00,3,15230.00
2020-08-25T12:45:00.000Z,2020-08-26T15:18:00.000Z,SELL,0.01,1,1,10.00,1,15240.00
2020-08-26T15:18:00.000Z,2020-08-26T17:34:00.000Z,SELL,0.01,2,1,10.00,2,15250.00
2020-08-26T17:34:00.000Z,2020-08-27T16:19:00.000Z,SELL,0.01,2,1,10.00,2,15260.00
2020-08-27T16:19:00.000Z,2020-08-27T16:32:00.000Z,SELL,0.01,1,1,10.00,1,15270.00
2020-08-27T16:32:00.000Z,2020-08-27T16:34:00.000Z,SELL,0.01,1,1,10.00,1,15280.00
2020-08-27T16:34:00.000Z,2020-08-27T16:45:00.000Z,SELL,0.01,1,1,10.00,1,15290.00
2020-08-27T16:45:00.000Z,2020-08-27T17:02:00.000Z,SELL,0.01,1,1,10.00,1,15300.00
2020-08-27T17:02:00.000Z,2020-08-27T17:08:00.000Z,SELL,0.01,1,1,10.00,1,15310.00
2020-08-27T17:08:00.000Z,2020-08-27T17:09:00.000Z,SELL,0.01,1,1,10.00,1,15320.00
2020-08-27T17:09:00.000Z,2020-08-28T06:53:00.000Z,SELL,0.01,2,1,10.00,2,15330.00
2020-08-28T06:53:00.000Z,2020-08-28T18:33:00.000Z,SELL,0.01,2,1,10.00,2,15340.00
2020-08-28T18:33:00.000Z,2020-08-31T10:24:00.000Z,SELL,0.01,1,1,10.00,1,15350.00
2020-08-31T10:24:00.000Z,2020-09-01T10:43:00.000Z,SELL,0.01,2,1,10.00,2,15360.00
2020-09-01T10:43:00.000Z,2020-09-01T16:36:00.000Z,SELL,0.01,1,1,10.00,1,15370.00
2020-09-01T16:36:00.000Z,2020-09-01T17:21:00.000Z,SELL,0.01,1,1,10.00,1,15380.00
2020-09-01T17:21:00.000Z,2020-09-02T04:09:00.000Z,SELL,0.01,1,1,10.00,1,15390.00
2020-09-02T04:09:00.000Z,2020-09-02T16:35:00.000Z,SELL,0.01,1,1,10.00,1,15400.00
2020-09-02T16:35:00.000Z,2020-09-02T17:40:00.000Z,SELL,0.01,1,1,10.00,1,15410.00
2020-09-02T17:40:00.000Z,2020-09-03T09:44:00.000Z,SELL,0.01,1,1,10.00,1,15420.00
2020-09-03T09:44:00.000Z,2020-09-04T16:05:00.000Z,SELL,0.01,1,1,10.00,1,15430.00
2020-09-04T16:05:00.000Z,2020-09-08T14:48:00.000Z,SELL,0.01,3,1,10.00,3,15440.00
2020-09-08T14:48:00.000Z,2020-09-08T19:59:00.000Z,SELL,0.01,2,1,10.00,2,15450.00
2020-09-08T19:59:00.000Z,2020-09-08T23:21:00.000Z,SELL,0.01,1,1,10.00,1,15460.00
2020-09-08T23:21:00.000Z,2020-09-10T15:35:00.000Z,SELL,0.01,2,1,10.00,2,15470.00
2020-09-10T15:35:00.000Z,2020-09-10T21:28:00.000Z,SELL,0.01,1,1,10.00,1,15480.00
2020-09-10T21:28:00.000Z,2020-09-11T06:04:00.000Z,SELL,0.01,1,1,10.00,1,15490.00
2020-09-11T06:04:00.000Z,2020-09-15T08:00:00.000Z,SELL,0.01,2,1,10.00,2,15500.00
2020-09-15T08:00:00.000Z,2020-09-15T16:51:00.000Z,SELL,0.01,1,1,10.00,1,15510.00
2020-09-15T16:51:00.000Z,2020-09-17T04:59:00.000Z,SELL,0.01,1,1,10.00,1,15520.00
2020-09-17T04:59:00.000Z,2020-09-17T16:05:00.000Z,SELL,0.01,1,1,10.00,1,15530.00
2020-09-17T16:05:00.000Z,2020-09-21T15:24:00.000Z,SELL,0.01,3,1,10.00,3,15540.00
2020-09-21T15:24:00.000Z,2020-09-21T16:23:00.000Z,SELL,0.01,1,1,10.00,1,15550.00
2020-09-21T16:23:00.000Z,2020-09-21T17:20:00.000Z,SELL,0.01,1,1,10.00,1,15560.00
2020-09-21T17:20:00.000Z,2020-09-21T17:26:00.000Z,SELL,0.01,1,1,10.00,1,15570.00
2020-09-21T17:26:00.000Z,2020-09-21T17:39:00.000Z,SELL,0.01,1,1,10.00,1,15580.00
2020-09-21T17:39:00.000Z,2020-09-22T02:24:00.000Z,SELL,0.01,2,1,10.00,2,15590.00
2020-09-22T02:24:00.000Z,2020-09-22T09:22:00.000Z,SELL,0.01,1,1,10.00,1,15600.00
2020-09-22T09:22:00.000Z,2020-09-22T10:36:00.000Z,SELL,0.01,1,1,10.00,1,15610.00
2020-09-22T10:36:00.000Z,2020-09-23T07:44:00.000Z,SELL,0.01,3,1,10.00,3,15620.00
2020-09-23T07:44:00.000Z,2020-09-23T09:20:00.000Z,SELL,0.01,1,1,10.00,1,15630.00
2020-09-23T09:20:00.000Z,2020-09-23T18:49:00.000Z,SELL,0.01,3,1,10.00,3,15640.00
2020-09-23T18:49:00.000Z,2020-09-24T02:29:00.000Z,SELL,0.01,1,1,10.00,1,15650.00
2020-09-24T02:29:00.000Z,2020-09-29T03:13:00.000Z,SELL,0.01,4,1,10.00,4,15660.00
2020-09-29T03:13:00.000Z,2020-10-02T09:29:00.000Z,SELL,0.01,2,1,10.00,2,15670.00
2020-10-02T09:29:00.000Z,2020-10-02T16:11:00.000Z,SELL,0.01,1,1,10.00,1,15680.00
2020-10-02T16:11:00.000Z,2020-10-05T06:53:00.000Z,SELL,0.01,1,1,10.00,1,15690.00
2020-10-05T06:53:00.000Z,2020-10-06T23:11:00.000Z,SELL,0.01,3,1,10.00,3,15700.00
2020-10-06T23:11:00.000Z,2020-10-07T04:29:00.000Z,SELL,0.01,1,1,10.00,1,15710.00
2020-10-07T04:29:00.000Z,2020-10-09T04:05:00.000Z,SELL,0.01,2,1,10.00,2,15720.00
2020-10-09T04:05:00.000Z,2020-10-13T17:00:00.000Z,SELL,0.01,3,1,10.00,3,15730.00
2020-10-13T17:00:00.000Z,2020-10-14T04:23:00.000Z,SELL,0.01,1,1,10.00,1,15740.00
2020-10-14T04:23:00.000Z,2020-10-14T16:59:00.000Z,SELL,0.01,2,1,10.00,2,15750.00
2020-10-14T16:59:00.000Z,2020-10-14T19:00:00.000Z,SELL,0.01,1,1,10.00,1,15760.00
2020-10-14T19:00:00.000Z,2020-10-15T04:01:00.000Z,SELL,0.01,1,1,10.00,1,15770.00
2020-10-15T04:01:00.000Z,2020-10-21T11:13:00.000Z,SELL,0.01,2,1,10.00,2,15780.00
2020-10-21T11:13:00.000Z,2020-10-22T05:13:00.000Z,SELL,0.01,1,1,10.00,1,15790.00
2020-10-22T05:13:00.000Z,2020-10-22T16:57:00.000Z,SELL,0.01,1,1,10.00,1,15800.00
2020-10-22T16:57:00.000Z,2020-10-26T00:57:00.000Z,SELL,0.01,1,1,10.00,1,15810.00
2020-10-26T00:57:00.000Z,2020-10-28T14:35:00.000Z,SELL,0.01,3,1,10.00,3,15820.00
2020-10-28T14:35:00.000Z,2020-10-28T16:53:00.000Z,SELL,0.01,1,1,10.00,1,15830.00
2020-10-28T16:53:00.000Z,2020-10-29T15:03:00.000Z,SELL,0.01,1,1,10.00,1,15840.00
2020-10-29T15:03:00.000Z,2020-11-02T14:13:00.000Z,SELL,0.01,2,1,10.00,2,15850.00
2020-11-02T14:13:00.000Z,2020-11-05T14:22:00.000Z,SELL,0.01,4,1,10.00,4,15860.00
2020-11-05T14:22:00.000Z,2020-11-05T18:18:00.000Z,SELL,0.01,2,1,10.00,2,15870.00
2020-11-05T18:18:00.000Z,2020-11-06T03:04:00.000Z,SELL,0.01,1,1,10.00,1,15880.00
2020-11-06T03:04:00.000Z,2020-11-09T14:03:00.000Z,SELL,0.01,3,1,10.00,3,15890.00
2020-11-09T14:03:00.000Z,2020-11-09T14:10:00.000Z,SELL,0.01,1,1,10.00,1,15900.00
2020-11-09T14:10:00.000Z,2020-11-09T14:10:00.000Z,SELL,0.01,1,1,10.00,1,15910.00
2020-11-09T14:10:00.000Z,2020-11-09T15:10:00.000Z,SELL,0.01,1,1,10.00,1,15920.00
2020-11-09T15:10:00.000Z,2020-11-09T15:20:00.000Z,SELL,0.01,1,1,10.00,1,15930.00
2020-11-09T15:20:00.000Z,2020-11-09T15:38:00.000Z,SELL,0.01,1,1,10.00,1,15940.00
2020-11-09T15:38:00.000Z,2020-11-09T15:46:00.000Z,SELL,0.01,1,1,10.00,1,15950.00
2020-11-09T15:46:00.000Z,2020-11-09T17:44:00.000Z,SELL,0.01,1,1,10.00,1,15960.00
2020-11-09T17:44:00.000Z,2020-11-10T08:50:00.000Z,SELL,0.01,2,1,10.00,2,15970.00
2020-11-10T08:50:00.000Z,2020-11-10T11:53:00.000Z,SELL,0.01,1,1,10.00,1,15980.00
2020-11-10T11:53:00.000Z,2020-11-10T13:00:00.000Z,SELL,0.01,1,1,10.00,1,15990.00
2020-11-10T13:00:00.000Z,2020-11-11T16:00:00.000Z,SELL,0.01,1,1,10.00,1,16000.00
2020-11-11T16:00:00.000Z,2020-11-13T15:01:00.000Z,SELL,0.01,2,1,10.00,2,16010.00
2020-11-13T15:01:00.000Z,2020-11-16T13:53:00.000Z,SELL,0.01,1,1,10.00,1,16020.00
2020-11-16T13:53:00.000Z,2020-11-16T13:53:00.000Z,SELL,0.01,1,1,10.00,1,16030.00
2020-11-16T13:53:00.000Z,2020-11-19T10:37:00.000Z,SELL,0.01,3,1,10.00,3,16040.00
2020-11-19T10:37:00.000Z,2020-11-23T16:52:00.000Z,SELL,0.01,3,1,10.00,3,16050.00
2020-11-23T16:52:00.000Z,2020-11-23T17:12:00.000Z,SELL,0.01,1,1,10.00,1,16060.00
2020-11-23T17:12:00.000Z,2020-11-24T03:37:00.000Z,SELL,0.01,1,1,10.00,1,16070.00
2020-11-24T03:37:00.000Z,2020-11-24T12:30:00.000Z,SELL,0.01,1,1,10.00,1,16080.00
2020-11-24T12:30:00.000Z,2020-11-24T13:37:00.000Z,SELL,0.01,1,1,10.00,1,16090.00
2020-11-24T13:37:00.000Z,2020-11-27T15:13:00.000Z,SELL,0.01,1,1,10.00,1,16100.00
2020-11-27T15:13:00.000Z,2020-11-27T15:32:00.000Z,SELL,0.01,1,1,10.00,1,16110.00
2020-11-27T15:32:00.000Z,2020-11-27T15:55:00.000Z,SELL,0.01,1,1,10.00,1,16120.00
2020-11-27T15:55:00.000Z,2020-11-30T04:58:00.000Z,SELL,0.01,1,1,10.00,1,16130.00
2020-11-30T04:58:00.000Z,2020-12-01T11:56:00.000Z,SELL,0.01,2,1,10.00,2,16140.00
2020-12-01T11:56:00.000Z,2020-12-02T10:50:00.000Z,SELL,0.01,2,1,10.00,2,16150.00
2020-12-02T10:50:00.000Z,2020-12-02T15:47:00.000Z,SELL,0.01,1,1,10.00,1,16160.00
2020-12-02T15:47:00.000Z,2020-12-04T15:30:00.000Z,SELL,0.01,2,1,10.00,2,16170.00
2020-12-04T15:30:00.000Z,2020-12-04T15:33:00.000Z,SELL,0.01,1,1,10.00,1,16180.00
2020-12-04T15:33:00.000Z,2020-12-07T10:32:00.000Z,SELL,0.01,1,1,10.00,1,16190.00
2020-12-07T10:32:00.000Z,2020-12-07T16:51:00.000Z,SELL,0.01,2,1,10.00,2,16200.00
2020-12-07T16:51:00.000Z,2020-12-09T16:58:00.000Z,SELL,0.01,3,1,10.00,3,16210.00
2020-12-09T16:58:00.000Z,2020-12-09T20:17:00.000Z,SELL,0.01,1,1,10.00,1,16220.00
2020-12-09T20:17:00.000Z,2020-12-14T12:29:00.000Z,SELL,0.01,1,1,10.00,1,16230.00
2020-12-14T12:29:00.000Z,2020-12-15T15:37:00.000Z,SELL,0.01,2,1,10.00,2,16240.00
2020-12-15T15:37:00.000Z,2020-12-17T15:00:00.000Z,SELL,0.01,2,1,10.00,2,16250.00
2020-12-17T15:00:00.000Z,2020-12-21T12:05:00.000Z,SELL,0.01,3,1,10.00,3,16260.00
2020-12-21T12:05:00.000Z,2020-12-21T12:06:00.000Z,SELL,0.01,1,1,10.00,1,16270.00
2020-12-21T12:06:00.000Z,2020-12-28T03:04:00.000Z,SELL,0.01,4,1,10.00,4,16280.00
2020-12-28T03:04:00.000Z,2020-12-28T08:30:00.000Z,SELL,0.01,1,1,10.00,1,16290.00
2020-12-28T08:30:00.000Z,2020-12-28T13:54:00.000Z,SELL,0.01,1,1,10.00,1,16300.00
2020-12-28T13:54:00.000Z,2021-01-04T01:05:00.000Z,SELL,0.01,4,1,10.00,4,16310.00
2021-01-04T01:05:00.000Z,2021-01-04T10:23:00.000Z,SELL,0.01,2,1,10.00,2,16320.00
2021-01-04T10:23:00.000Z,2021-01-06T17:28:00.000Z,SELL,0.01,3,1,10.00,3,16330.00
2021-01-06T17:28:00.000Z,2021-01-06T17:46:00.000Z,SELL,0.01,1,1,10.00,1,16340.00
2021-01-06T17:46:00.000Z,2021-01-06T18:10:00.000Z,SELL,0.01,1,1,10.00,1,16350.00
2021-01-06T18:10:00.000Z,2021-01-08T10:00:00.000Z,SELL,0.01,3,1,10.00,3,16360.00
2021-01-08T10:00:00.000Z,2021-01-08T10:00:00.000Z,SELL,0.01,1,1,10.00,1,16370.00
2021-01-08T10:00:00.000Z,2021-01-08T16:45:00.000Z,SELL,0.01,1,1,10.00,1,16380.00
2021-01-08T16:45:00.000Z,2021-01-08T16:56:00.000Z,SELL,0.01,1,1,10.00,1,16390.00
2021-01-08T16:56:00.000Z,2021-01-08T17:23:00.000Z,SELL,0.01,1,1,10.00,1,16400.00
2021-01-08T17:23:00.000Z,2021-01-08T19:33:00.000Z,SELL,0.01,1,1,10.00,1,16410.00
2021-01-08T19:33:00.000Z,2021-01-08T20:25:00.000Z,SELL,0.01,1,1,10.00,1,16420.00
2021-01-08T20:25:00.000Z,2021-01-11T03:15:00.000Z,SELL,0.01,3,1,10.00,3,16430.00
2021-01-11T03:15:00.000Z,2021-01-11T09:17:00.000Z,SELL,0.01,2,1,10.00,2,16440.00
2021-01-11T09:17:00.000Z,2021-01-11T15:03:00.000Z,SELL,0.01,1,1,10.00,1,16450.00
2021-01-11T15:03:00.000Z,2021-01-11T16:20:00.000Z,SELL,0.01,1,1,10.00,1,16460.00
2021-01-11T16:20:00.000Z,2021-01-12T08:45:00.000Z,SELL,0.01,2,1,10.00,2,16470.00
2021-01-12T08:45:00.000Z,2021-01-12T15:24:00.000Z,SELL,0.01,1,1,10.00,1,16480.00
2021-01-12T15:24:00.000Z,2021-01-12T16:06:00.000Z,SELL,0.01,1,1,10.00,1,16490.00
2021-01-12T16:06:00.000Z,2021-01-15T17:50:00.000Z,SELL,0.01,3,1,10.00,3,16500.00
2021-01-15T17:50:00.000Z,2021-01-18T01:36:00.000Z,SELL,0.01,1,1,10.00,1,16510.00
2021-01-18T01:36:00.000Z,2021-01-20T04:31:00.000Z,SELL,0.01,2,1,10.00,2,16520.00
2021-01-20T04:31:00.000Z,2021-01-20T15:03:00.000Z,SELL,0.01,1,1,10.00,1,16530.00
2021-01-20T15:03:00.000Z,2021-01-20T17:19:00.000Z,SELL,0.01,2,1,10.00,2,16540.00
2021-01-20T17:19:00.000Z,2021-01-22T08:18:00.000Z,SELL,0.01,1,1,10.00,1,16550.00
2021-01-22T08:18:00.000Z,2021-01-22T13:17:00.000Z,SELL,0.01,1,1,10.00,1,16560.00
2021-01-22T13:17:00.000Z,2021-01-22T15:32:00.000Z,SELL,0.01,1,1,10.00,1,16570.00
2021-01-22T15:32:00.000Z,2021-01-25T15:23:00.000Z,SELL,0.01,2,1,10.00,2,16580.00
2021-01-25T15:23:00.000Z,2021-01-25T16:48:00.000Z,SELL,0.01,1,1,10.00,1,16590.00
2021-01-25T16:48:00.000Z,2021-01-25T18:15:00.000Z,SELL,0.01,1,1,10.00,1,16600.00
2021-01-25T18:15:00.000Z,2021-01-27T16:35:00.000Z,SELL,0.01,1,1,10.00,1,16610.00
2021-01-27T16:35:00.000Z,2021-01-29T14:43:00.000Z,SELL,0.01,4,1,10.00,4,16620.00
2021-01-29T14:43:00.000Z,2021-01-29T16:44:00.000Z,SELL,0.01,1,1,10.00,1,16630.00
2021-01-29T16:44:00.000Z,2021-01-29T22:47:00.000Z,SELL,0.01,1,1,10.00,1,16640.00
2021-01-29T22:47:00.000Z,2021-02-02T15:20:00.000Z,SELL,0.01,3,1,10.00,3,16650.00
2021-02-02T15:20:00.000Z,2021-02-04T03:47:00.000Z,SELL,0.01,1,1,10.00,1,16660.00
2021-02-04T03:47:00.000Z,2021-02-04T11:08:00.000Z,SELL,0.01,1,1,10.00,1,16670.00
2021-02-04T11:08:00.000Z,2021-02-04T16:03:00.000Z,SELL,0.01,1,1,10.00,1,16680.00
2021-02-04T16:03:00.000Z,2021-02-04T16:13:00.000Z,SELL,0.01,1,1,10.00,1,16690.00
2021-02-04T16:13:00.000Z,2021-02-04T17:00:00.000Z,SELL,0.01,1,1,10.00,1,16700.00
2021-02-04T17:00:00.000Z,2021-02-05T19:04:00.000Z,SELL,0.01,2,1,10.00,2,16710.00
2021-02-05T19:04:00.000Z,2021-02-09T10:57:00.000Z,SELL,0.01,2,1,10.00,2,16720.00
2021-02-09T10:57:00.000Z,2021-02-09T16:40:00.000Z,SELL,0.01,1,1,10.00,1,16730.00
2021-02-09T16:40:00.000Z,2021-02-11T19:27:00.000Z,SELL,0.01,3,1,10.00,3,16740.00
2021-02-11T19:27:00.000Z,2021-02-12T10:20:00.000Z,SELL,0.01,1,1,10.00,1,16750.00
2021-02-12T10:20:00.000Z,2021-02-16T15:27:00.000Z,SELL,0.01,1,1,10.00,1,16760.00
2021-02-16T15:27:00.000Z,2021-02-16T16:11:00.000Z,SELL,0.01,1,1,10.00,1,16770.00
2021-02-16T16:11:00.000Z,2021-02-17T15:20:00.000Z,SELL,0.01,3,1,10.00,3,16780.00
2021-02-17T15:20:00.000Z,2021-02-17T17:53:00.000Z,SELL,0.01,1,1,10.00,1,16790.00
2021-02-17T17:53:00.000Z,2021-02-19T03:07:00.000Z,SELL,0.01,1,1,10.00,1,16800.00
2021-02-19T03:07:00.000Z,2021-02-22T08:11:00.000Z,SELL,0.01,2,1,10.00,2,16810.00
2021-02-22T08:11:00.000Z,2021-02-25T13:47:00.000Z,SELL,0.01,3,1,10.00,3,16820.00
2021-02-25T13:47:00.000Z,2021-02-25T17:31:00.000Z,SELL,0.01,1,1,10.00,1,16830.00
2021-02-25T17:31:00.000Z,2021-02-26T07:31:00.000Z,SELL,0.01,1,1,10.00,1,16840.00
2021-02-26T07:31:00.000Z,2021-02-26T16:48:00.000Z,SELL,0.01,1,1,10.00,1,16850.00
2021-02-26T16:48:00.000Z,2021-02-26T17:00:00.000Z,SELL,0.01,1,1,10.00,1,16860.00
2021-02-26T17:00:00.000Z,2021-02-26T17:20:00.000Z,SELL,0.01,1,1,10.00,1,16870.00
2021-02-26T17:20:00.000Z,2021-02-26T18:21:00.000Z,SELL,0.01,1,1,10.00,1,16880.00
2021-02-26T18:21:00.000Z,2021-03-01T05:46:00.000Z,SELL,0.01,2,1,10.00,2,16890.00
2021-03-01T05:46:00.000Z,2021-03-01T14:33:00.000Z,SELL,0.01,1,1,10.00,1,16900.00
2021-03-01T14:33:00.000Z,2021-03-01T15:34:00.000Z,SELL,0.01,1,1,10.00,1,16910.00
2021-03-01T15:34:00.000Z,2021-03-01T21:26:00.000Z,SELL,0.01,1,1,10.00,1,16920.00
2021-03-01T21:26:00.000Z,2021-03-02T05:18:00.000Z,SELL,0.01,1,1,10.00,1,16930.00
2021-03-02T05:18:00.000Z,2021-03-03T01:22:00.000Z,SELL,0.01,2,1,10.00,2,16940.00
2021-03-03T01:22:00.000Z,2021-03-03T03:33:00.000Z,SELL,0.01,1,1,10.00,1,16950.00
2021-03-03T03:33:00.000Z,2021-03-03T15:03:00.000Z,SELL,0.01,1,1,10.00,1,16960.00
2021-03-03T15:03:00.000Z,2021-03-03T15:18:00.000Z,SELL,0.01,1,1,10.00,1,16970.00
2021-03-03T15:18:00.000Z,2021-03-04T19:49:00.000Z,SELL,0.01,1,1,10.00,1,16980.00
2021-03-04T19:49:00.000Z,2021-03-05T02:13:00.000Z,SELL,0.01,1,1,10.00,1,16990.00
2021-03-05T02:13:00.000Z,2021-03-08T18:38:00.000Z,SELL,0.01,3,1,10.00,3,17000.00
2021-03-08T18:38:00.000Z,2021-03-09T13:44:00.000Z,SELL,0.01,2,1,10.00,2,17010.00
2021-03-09T13:44:00.000Z,2021-03-11T10:30:00.000Z,SELL,0.01,2,1,10.00,2,17020.00
2021-03-11T10:30:00.000Z,2021-03-11T15:44:00.000Z,SELL,0.01,1,1,10.00,1,17030.00
2021-03-11T15:44:00.000Z,2021-03-12T05:00:00.000Z,SELL,0.01,1,1,10.00,1,17040.00
2021-03-12T05:00:00.000Z,2021-03-12T09:20:00.000Z,SELL,0.01,1,1,10.00,1,17050.00
2021-03-12T09:20:00.000Z,2021-03-16T16:29:00.000Z,SELL,0.01,2,1,10.00,2,17060.00
2021-03-16T16:29:00.000Z,2021-03-16T17:34:00.000Z,SELL,0.01,1,1,10.00,1,17070.00
2021-03-16T17:34:00.000Z,2021-03-29T16:37:00.000Z,SELL,0.01,3,1,10.00,3,17080.00
2021-03-29T16:37:00.000Z,2021-03-29T16:51:00.000Z,SELL,0.01,1,1,10.00,1,17090.00
2021-03-29T16:51:00.000Z,2021-03-30T10:43:00.000Z,SELL,0.01,1,1,10.00,1,17100.00
2021-03-30T10:43:00.000Z,2021-03-30T14:50:00.000Z,SELL,0.01,1,1,10.00,1,17110.00
2021-03-30T14:50:00.000Z,2021-04-01T09:42:00.000Z,SELL,0.01,2,1,10.00,2,17120.00
2021-04-01T09:42:00.000Z,2021-04-08T10:36:00.000Z,SELL,0.01,2,1,10.00,2,17130.00
2021-04-08T10:36:00.000Z,2021-04-09T15:46:00.000Z,SELL,0.01,1,1,10.00,1,17140.00
2021-04-09T15:46:00.000Z,2021-04-13T08:33:00.000Z,SELL,0.01,1,1,10.00,1,17150.00
2021-04-13T08:33:00.000Z,2021-04-15T16:53:00.000Z,SELL,0.01,2,1,10.00,2,17160.00
2021-04-15T16:53:00.000Z,2021-04-19T10:49:00.000Z,SELL,0.01,2,1,10.00,2,17170.00
2021-04-19T10:49:00.000Z,2021-04-19T15:13:00.000Z,SELL,0.01,1,1,10.00,1,17180.00
2021-04-19T15:13:00.000Z,2021-04-20T05:35:00.000Z,SELL,0.01,1,1,10.00,1,17190.00
2021-04-20T05:35:00.000Z,2021-04-21T16:56:00.000Z,SELL,0.01,2,1,10.00,2,17200.00
2021-04-21T16:56:00.000Z,2021-04-22T12:32:00.000Z,SELL,0.01,1,1,10.00,1,17210.00
2021-04-22T12:32:00.000Z,2021-04-23T17:17:00.000Z,SELL,0.01,1,1,10.00,1,17220.00
2021-04-23T17:17:00.000Z,2021-04-28T12:28:00.000Z,SELL,0.01,1,1,10.00,1,17230.00
2021-04-28T12:28:00.000Z,2021-05-03T17:10:00.000Z,SELL,0.01,4,1,10.00,4,17240.00
2021-05-03T17:10:00.000Z,2021-05-04T08:26:00.000Z,SELL,0.01,1,1,10.00,1,17250.00
2021-05-04T08:26:00.000Z,2021-05-04T18:15:00.000Z,SELL,0.01,1,1,10.00,1,17260.00
2021-05-04T18:15:00.000Z,2021-05-06T16:38:00.000Z,SELL,0.01,2,1,10.00,2,17270.00
2021-05-06T16:38:00.000Z,2021-05-07T15:34:00.000Z,SELL,0.01,2,1,10.00,2,17280.00
2021-05-07T15:34:00.000Z,2021-05-11T16:17:00.000Z,SELL,0.01,1,1,10.00,1,17290.00
2021-05-11T16:17:00.000Z,2021-05-12T23:26:00.000Z,SELL,0.01,1,1,10.00,1,17300.00
2021-05-12T23:26:00.000Z,2021-05-14T23:46:00.000Z,SELL,0.01,2,1,10.00,2,17310.00
2021-05-14T23:46:00.000Z,2021-05-18T15:30:00.000Z,SELL,0.01,2,1,10.00,2,17320.00
2021-05-18T15:30:00.000Z,2021-05-18T16:58:00.000Z,SELL,0.01,1,1,10.00,1,17330.00
2021-05-18T16:58:00.000Z,2021-05-19T14:20:00.000Z,SELL,0.01,1,1,10.00,1,17340.00
2021-05-19T14:20:00.000Z,2021-05-19T16:42:00.000Z,SELL,0.01,2,1,10.00,2,17350.00
2021-05-19T16:42:00.000Z,2021-05-19T21:05:00.000Z,SELL,0.01,1,1,10.00,1,17360.00
2021-05-19T21:05:00.000Z,2021-05-19T21:59:00.000Z,SELL,0.01,1,1,10.00,1,17370.00
2021-05-19T21:59:00.000Z,2021-05-25T17:03:00.000Z,SELL,0.01,2,1,10.00,2,17380.00
2021-05-25T17:03:00.000Z,2021-05-28T15:12:00.000Z,SELL,0.01,1,1,10.00,1,17390.00
2021-05-28T15:12:00.000Z,2021-06-01T04:50:00.000Z,SELL,0.01,2,1,10.00,2,17400.00
2021-06-01T04:50:00.000Z,2021-06-01T16:51:00.000Z,SELL,0.01,1,1,10.00,1,17410.00
2021-06-01T16:51:00.000Z,2021-06-01T17:51:00.000Z,SELL,0.01,1,1,10.00,1,17420.00
2021-06-01T17:51:00.000Z,2021-06-03T15:56:00.000Z,SELL,0.01,1,1,10.00,1,17430.00
2021-06-03T15:56:00.000Z,2021-06-03T16:35:00.000Z,SELL,0.01,1,1,10.00,1,17440.00
2021-06-03T16:35:00.000Z,2021-06-04T04:56:00.000Z,SELL,0.01,1,1,10.00,1,17450.00
2021-06-04T04:56:00.000Z,2021-06-04T17:08:00.000Z,SELL,0.01,2,1,10.00,2,17460.00
2021-06-04T17:08:00.000Z,2021-06-07T10:18:00.000Z,SELL,0.01,1,1,10.00,1,17470.00
2021-06-07T10:18:00.000Z,2021-06-10T15:30:00.000Z,SELL,0.01,3,1,10.00,3,17480.00
2021-06-10T15:30:00.000Z,2021-06-11T09:10:00.000Z,SELL,0.01,2,1,10.00,2,17490.00
2021-06-11T09:10:00.000Z,2021-06-11T12:27:00.000Z,SELL,0.01,1,1,10.00,1,17500.00
2021-06-11T12:27:00.000Z,2021-06-11T16:57:00.000Z,SELL,0.01,1,1,10.00,1,17510.00
2021-06-11T16:57:00.000Z,2021-06-14T03:55:00.000Z,SELL,0.01,1,1,10.00,1,17520.00
2021-06-14T03:55:00.000Z,2021-06-14T07:02:00.000Z,SELL,0.01,1,1,10.00,1,17530.00
2021-06-14T07:02:00.000Z,2021-06-14T15:09:00.000Z,SELL,0.01,1,1,10.00,1,17540.00
2021-06-14T15:09:00.000Z,2021-06-16T21:14:00.000Z,SELL,0.01,1,1,10.00,1,17550.00
2021-06-16T21:14:00.000Z,2021-06-16T22:54:00.000Z,SELL,0.01,1,1,10.00,1,17560.00
2021-06-16T22:54:00.000Z,2021-06-16T23:39:00.000Z,SELL,0.01,1,1,10.00,1,17570.00
2021-06-16T23:39:00.000Z,2021-06-16T23:42:00.000Z,SELL,0.01,1,1,10.00,1,17580.00
2021-06-16T23:42:00.000Z,2021-06-17T13:43:00.000Z,SELL,0.01,1,1,10.00,1,17590.00
2021-06-17T13:43:00.000Z,2021-06-17T14:48:00.000Z,SELL,0.01,1,1,10.00,1,17600.00
2021-06-17T14:48:00.000Z,2021-06-17T15:24:00.000Z,SELL,0.01,1,1,10.00,1,17610.00
2021-06-17T15:24:00.000Z,2021-06-17T18:31:00.000Z,SELL,0.01,1,1,10.00,1,17620.00
2021-06-17T18:31:00.000Z,2021-06-29T15:43:00.000Z,SELL,0.01,5,1,10.00,5,17630.00
2021-06-29T15:43:00.000Z,2021-07-02T14:50:00.000Z,SELL,0.01,2,1,10.00,2,17640.00
2021-07-02T14:50:00.000Z,2021-07-02T15:30:00.000Z,SELL,0.01,1,1,10.00,1,17650.00
2021-07-02T15:30:00.000Z,2021-07-06T10:52:00.000Z,SELL,0.01,2,1,10.00,2,17660.00
2021-07-06T10:52:00.000Z,2021-07-06T18:54:00.000Z,SELL,0.01,1,1,10.00,1,17670.00
2021-07-06T18:54:00.000Z,2021-07-14T15:33:00.000Z,SELL,0.01,4,1,10.00,4,17680.00
2021-07-14T15:33:00.000Z,2021-07-16T13:47:00.000Z,SELL,0.01,1,1,10.00,1,17690.00
2021-07-16T13:47:00.000Z,2021-07-19T09:14:00.000Z,SELL,0.01,1,1,10.00,1,17700.00
2021-07-19T09:14:00.000Z,2021-07-19T15:01:00.000Z,SELL,0.01,1,1,10.00,1,17710.00
2021-07-19T15:01:00.000Z,2021-07-29T14:20:00.000Z,SELL,0.01,4,1,10.00,4,17720.00
2021-07-29T14:20:00.000Z,2021-07-30T19:52:00.000Z,SELL,0.01,1,1,10.00,1,17730.00
2021-07-30T19:52:00.000Z,2021-08-02T11:46:00.000Z,SELL,0.01,1,1,10.00,1,17740.00
2021-08-02T11:46:00.000Z,2021-08-06T13:51:00.000Z,SELL,0.01,3,1,10.00,3,17750.00
2021-08-06T13:51:00.000Z,2021-08-06T15:41:00.000Z,SELL,0.01,1,1,10.00,1,17760.00
2021-08-06T15:41:00.000Z,2021-08-06T15:50:00.000Z,SELL,0.01,1,1,10.00,1,17770.00
2021-08-06T15:50:00.000Z,2021-08-06T16:46:00.000Z,SELL,0.01,1,1,10.00,1,17780.00
2021-08-06T16:46:00.000Z,2021-08-09T01:22:00.000Z,SELL,0.01,1,1,10.00,1,17790.00
2021-08-09T01:22:00.000Z,2021-08-09T01:48:00.000Z,SELL,0.01,1,1,10.00,1,17800.00
2021-08-09T01:48:00.000Z,2021-08-09T01:51:00.000Z,SELL,0.01,1,1,10.00,1,17810.00
2021-08-09T01:51:00.000Z,2021-08-09T01:52:00.000Z,SELL,0.01,1,1,10.00,1,17820.00
2021-08-09T01:52:00.000Z,2021-08-09T01:57:00.000Z,SELL,0.01,1,1,10.00,1,17830.00
2021-08-09T01:57:00.000Z,2021-08-09T01:58:00.000Z,SELL,0.01,1,1,10.00,1,17840.00
2021-08-09T01:58:00.000Z,2021-08-09T01:58:00.000Z,SELL,0.01,1,1,10.00,1,17850.00
2021-08-09T01:58:00.000Z,2021-08-09T02:01:00.000Z,SELL,0.01,1,1,10.00,1,17860.00
2021-08-09T02:01:00.000Z,2021-08-09T02:40:00.000Z,SELL,0.01,2,1,10.00,2,17870.00
2021-08-09T02:40:00.000Z,2021-08-09T08:28:00.000Z,SELL,0.01,2,1,10.00,2,17880.00
2021-08-09T08:28:00.000Z,2021-08-09T17:55:00.000Z,SELL,0.01,1,1,10.00,1,17890.00
2021-08-09T17:55:00.000Z,2021-08-10T16:38:00.000Z,SELL,0.01,1,1,10.00,1,17900.00
2021-08-10T16:38:00.000Z,2021-08-11T20:02:00.000Z,SELL,0.01,2,1,10.00,2,17910.00
2021-08-11T20:02:00.000Z,2021-08-12T16:36:00.000Z,SELL,0.01,1,1,10.00,1,17920.00
2021-08-12T16:36:00.000Z,2021-08-13T17:07:00.000Z,SELL,0.01,2,1,10.00,2,17930.00
2021-08-13T17:07:00.000Z,2021-08-23T16:04:00.000Z,SELL,0.01,2,1,10.00,2,17940.00
2021-08-23T16:04:00.000Z,2021-08-25T07:30:00.000Z,SELL,0.01,1,1,10.00,1,17950.00
2021-08-25T07:30:00.000Z,2021-08-26T15:41:00.000Z,SELL,0.01,1,1,10.00,1,17960.00
2021-08-26T15:41:00.000Z,2021-08-27T18:57:00.000Z,SELL,0.01,2,1,10.00,2,17970.00
2021-08-27T18:57:00.000Z,2021-08-31T16:08:00.000Z,SELL,0.01,1,1,10.00,1,17980.00
2021-08-31T16:08:00.000Z,2021-09-03T18:10:00.000Z,SELL,0.01,2,1,10.00,2,17990.00
2021-09-03T18:10:00.000Z,2021-09-06T16:00:00.000Z,SELL,0.01,1,1,10.00,1,18000.00
2021-09-06T16:00:00.000Z,2021-09-07T12:31:00.000Z,SELL,0.01,1,1,10.00,1,18010.00
2021-09-07T12:31:00.000Z,2021-09-07T17:04:00.000Z,SELL,0.01,1,1,10.00,1,18020.00
2021-09-07T17:04:00.000Z,2021-09-08T16:44:00.000Z,SELL,0.01,1,1,10.00,1,18030.00
2021-09-08T16:44:00.000Z,2021-09-14T15:30:00.000Z,SELL,0.01,1,1,10.00,1,18040.00
2021-09-14T15:30:00.000Z,2021-09-16T15:00:00.000Z,SELL,0.01,3,1,10.00,3,18050.00
2021-09-16T15:00:00.000Z,2021-09-16T16:01:00.000Z,SELL,0.01,1,1,10.00,1,18060.00
2021-09-16T16:01:00.000Z,2021-09-16T16:48:00.000Z,SELL,0.01,1,1,10.00,1,18070.00
2021-09-16T16:48:00.000Z,2021-09-21T18:18:00.000Z,SELL,0.01,2,1,10.00,2,18080.00
2021-09-21T18:18:00.000Z,2021-09-22T21:00:00.000Z,SELL,0.01,1,1,10.00,1,18090.00
2021-09-22T21:00:00.000Z,2021-09-23T16:05:00.000Z,SELL,0.01,1,1,10.00,1,18100.00
2021-09-23T16:05:00.000Z,2021-09-23T17:51:00.000Z,SELL,0.01,1,1,10.00,1,18110.00
2021-09-23T17:51:00.000Z,2021-09-23T23:24:00.000Z,SELL,0.01,1,1,10.00,1,18120.00
2021-09-23T23:24:00.000Z,2021-09-28T15:45:00.000Z,SELL,0.01,3,1,10.00,3,18130.00
2021-09-28T15:45:00.000Z,2021-09-30T18:05:00.000Z,SELL,0.01,2,1,10.00,2,18140.00
2021-09-30T18:05:00.000Z,2021-10-04T13:26:00.000Z,SELL,0.01,1,1,10.00,1,18150.00
2021-10-04T13:26:00.000Z,2021-10-08T16:13:00.000Z,SELL,0.01,4,1,10.00,4,18160.00
2021-10-08T16:13:00.000Z,2021-10-08T17:10:00.000Z,SELL,0.01,1,1,10.00,1,18170.00
2021-10-08T17:10:00.000Z,2021-10-08T17:34:00.000Z,SELL,0.01,1,1,10.00,1,18180.00
2021-10-08T17:34:00.000Z,2021-10-13T17:21:00.000Z,SELL,0.01,2,1,10.00,2,18190.00
2021-10-13T17:21:00.000Z,2021-10-15T14:45:00.000Z,SELL,0.01,1,1,10.00,1,18200.00
2021-10-15T14:45:00.000Z,2021-10-15T15:52:00.000Z,SELL,0.01,1,1,10.00,1,18210.00
2021-10-15T15:52:00.000Z,2021-10-22T15:21:00.000Z,SELL,0.01,2,1,10.00,2,18220.00
2021-10-22T15:21:00.000Z,2021-10-22T18:37:00.000Z,SELL,0.01,1,1,10.00,1,18230.00
2021-10-22T18:37:00.000Z,2021-10-29T15:51:00.000Z,SELL,0.01,5,1,10.00,5,18240.00
2021-10-29T15:51:00.000Z,2021-11-03T15:31:00.000Z,SELL,0.01,1,1,10.00,1,18250.00
2021-11-03T15:31:00.000Z,2021-11-04T16:00:00.000Z,SELL,0.01,2,1,10.00,2,18260.00
2021-11-04T16:00:00.000Z,2021-11-05T14:31:00.000Z,SELL,0.01,1,1,10.00,1,18270.00
2021-11-05T14:31:00.000Z,2021-11-05T21:25:00.000Z,SELL,0.01,2,1,10.00,2,18280.00
2021-11-05T21:25:00.000Z,2021-11-10T15:37:00.000Z,SELL,0.01,2,1,10.00,2,18290.00
2021-11-10T15:37:00.000Z,2021-11-16T15:15:00.000Z,SELL,0.01,4,1,10.00,4,18300.00
2021-11-16T15:15:00.000Z,2021-11-16T15:59:00.000Z,SELL,0.01,1,1,10.00,1,18310.00
2021-11-16T15:59:00.000Z,2021-11-16T18:25:00.000Z,SELL,0.01,1,1,10.00,1,18320.00
2021-11-16T18:25:00.000Z,2021-11-19T19:42:00.000Z,SELL,0.01,1,1,10.00,1,18330.00
2021-11-19T19:42:00.000Z,2021-11-22T15:35:00.000Z,SELL,0.01,1,1,10.00,1,18340.00
2021-11-22T15:35:00.000Z,2021-11-22T16:16:00.000Z,SELL,0.01,1,1,10.00,1,18350.00
2021-11-22T16:16:00.000Z,2021-11-22T16:22:00.000Z,SELL,0.01,1,1,10.00,1,18360.00
2021-11-22T16:22:00.000Z,2021-11-22T20:07:00.000Z,SELL,0.01,1,1,10.00,1,18370.00
2021-11-22T20:07:00.000Z,2021-11-23T11:38:00.000Z,SELL,0.01,1,1,10.00,1,18380.00
2021-11-23T11:38:00.000Z,2021-11-23T15:38:00.000Z,SELL,0.01,1,1,10.00,1,18390.00
2021-11-23T15:38:00.000Z,2021-11-26T13:31:00.000Z,SELL,0.01,2,1,10.00,2,18400.00
2021-11-26T13:31:00.000Z,2021-11-26T15:23:00.000Z,SELL,0.01,1,1,10.00,1,18410.00
2021-11-26T15:23:00.000Z,2021-11-26T18:37:00.000Z,SELL,0.01,1,1,10.00,1,18420.00
2021-11-26T18:37:00.000Z,2021-11-26T18:43:00.000Z,SELL,0.01,1,1,10.00,1,18430.00
2021-11-26T18:43:00.000Z,2021-11-30T18:01:00.000Z,SELL,0.01,3,1,10.00,3,18440.00
2021-11-30T18:01:00.000Z,2021-12-02T16:56:00.000Z,SELL,0.01,3,1,10.00,3,18450.00
2021-12-02T16:56:00.000Z,2021-12-15T21:00:00.000Z,SELL,0.01,3,1,10.00,3,18460.00
2021-12-15T21:00:00.000Z,2021-12-16T04:04:00.000Z,SELL,0.01,2,1,10.00,2,18470.00
2021-12-16T04:04:00.000Z,2021-12-17T15:24:00.000Z,SELL,0.01,2,1,10.00,2,18480.00
2021-12-17T15:24:00.000Z,2021-12-17T18:10:00.000Z,SELL,0.01,1,1,10.00,1,18490.00
2021-12-17T18:10:00.000Z,2021-12-20T16:58:00.000Z,SELL,0.01,1,1,10.00,1,18500.00
2021-12-20T16:58:00.000Z,2021-12-31T15:10:00.000Z,SELL,0.01,4,1,10.00,4,18510.00
2021-12-31T15:10:00.000Z,2022-01-03T15:25:00.000Z,SELL,0.01,1,1,10.00,1,18520.00
2022-01-03T15:25:00.000Z,2022-01-03T17:04:00.000Z,SELL,0.01,1,1,10.00,1,18530.00
2022-01-03T17:04:00.000Z,2022-01-06T14:59:00.000Z,SELL,0.01,3,1,10.00,3,18540.00
2022-01-06T14:59:00.000Z,2022-01-11T22:30:00.000Z,SELL,0.01,2,1,10.00,2,18550.00
2022-01-11T22:30:00.000Z,2022-01-18T11:00:00.000Z,SELL,0.01,1,1,10.00,1,18560.00
2022-01-18T11:00:00.000Z,2022-01-19T19:13:00.000Z,SELL,0.01,2,1,10.00,2,18570.00
2022-01-19T19:13:00.000Z,2022-01-21T10:52:00.000Z,SELL,0.01,1,1,10.00,1,18580.00
2022-01-21T10:52:00.000Z,2022-01-26T21:43:00.000Z,SELL,0.01,3,1,10.00,3,18590.00
2022-01-26T21:43:00.000Z,2022-01-27T08:42:00.000Z,SELL,0.01,1,1,10.00,1,18600.00
2022-01-27T08:42:00.000Z,2022-01-27T15:54:00.000Z,SELL,0.01,1,1,10.00,1,18610.00
2022-01-27T15:54:00.000Z,2022-01-28T11:17:00.000Z,SELL,0.01,1,1,10.00,1,18620.00
2022-01-28T11:17:00.000Z,2022-01-28T13:15:00.000Z,SELL,0.01,1,1,10.00,1,18630.00
2022-01-28T13:15:00.000Z,2022-02-02T17:26:00.000Z,SELL,0.01,2,1,10.00,2,18640.00
2022-02-02T17:26:00.000Z,2022-02-03T15:04:00.000Z,SELL,0.01,1,1,10.00,1,18650.00
2022-02-03T15:04:00.000Z,2022-02-03T16:51:00.000Z,SELL,0.01,1,1,10.00,1,18660.00
2022-02-03T16:51:00.000Z,2022-02-07T19:51:00.000Z,SELL,0.01,2,1,10.00,2,18670.00
2022-02-07T19:51:00.000Z,2022-02-11T20:38:00.000Z,SELL,0.01,2,1,10.00,2,18680.00
2022-02-11T20:38:00.000Z,2022-02-17T10:26:00.000Z,SELL,0.01,4,1,10.00,4,18690.00
2022-02-17T10:26:00.000Z,2022-02-22T01:05:00.000Z,SELL,0.01,2,1,10.00,2,18700.00
2022-02-22T01:05:00.000Z,2022-02-22T10:56:00.000Z,SELL,0.01,1,1,10.00,1,18710.00
2022-02-22T10:56:00.000Z,2022-02-24T05:21:00.000Z,SELL,0.01,2,1,10.00,2,18720.00
2022-02-24T05:21:00.000Z,2022-02-24T12:13:00.000Z,SELL,0.01,2,1,10.00,2,18730.00
2022-02-24T12:13:00.000Z,2022-02-24T16:33:00.000Z,SELL,0.01,1,1,10.00,1,18740.00
2022-02-24T16:33:00.000Z,2022-02-24T16:38:00.000Z,SELL,0.01,1,1,10.00,1,18750.00
2022-02-24T16:38:00.000Z,2022-02-24T17:17:00.000Z,SELL,0.01,1,1,10.00,1,18760.00
2022-02-24T17:17:00.000Z,2022-02-24T17:19:00.000Z,SELL,0.01,1,1,10.00,1,18770.00
2022-02-24T17:19:00.000Z,2022-02-24T21:09:00.000Z,SELL,0.01,1,1,10.00,1,18780.00
2022-02-24T21:09:00.000Z,2022-02-24T21:20:00.000Z,SELL,0.01,1,1,10.00,1,18790.00
2022-02-24T21:20:00.000Z,2022-02-24T21:27:00.000Z,SELL,0.01,1,1,10.00,1,18800.00
2022-02-24T21:27:00.000Z,2022-02-25T03:07:00.000Z,SELL,0.01,2,1,10.00,2,18810.00
2022-02-25T03:07:00.000Z,2022-02-25T03:36:00.000Z,SELL,0.01,1,1,10.00,1,18820.00
2022-02-25T03:36:00.000Z,2022-02-25T13:40:00.000Z,SELL,0.01,1,1,10.00,1,18830.00
2022-02-25T13:40:00.000Z,2022-02-25T15:51:00.000Z,SELL,0.01,1,1,10.00,1,18840.00
2022-02-25T15:51:00.000Z,2022-02-28T01:05:00.000Z,SELL,0.01,2,1,10.00,2,18850.00
2022-02-28T01:05:00.000Z,2022-02-28T01:23:00.000Z,SELL,0.01,1,1,10.00,1,18860.00
2022-02-28T01:23:00.000Z,2022-02-28T09:26:00.000Z,SELL,0.01,1,1,10.00,1,18870.00
2022-02-28T09:26:00.000Z,2022-03-01T16:56:00.000Z,SELL,0.01,4,1,10.00,4,18880.00
2022-03-01T16:56:00.000Z,2022-03-02T12:26:00.000Z,SELL,0.01,3,1,10.00,3,18890.00
2022-03-02T12:26:00.000Z,2022-03-04T02:36:00.000Z,SELL,0.01,2,1,10.00,2,18900.00
2022-03-04T02:36:00.000Z,2022-03-04T03:50:00.000Z,SELL,0.01,1,1,10.00,1,18910.00
2022-03-04T03:50:00.000Z,2022-03-04T20:45:00.000Z,SELL,0.01,2,1,10.00,2,18920.00
2022-03-04T20:45:00.000Z,2022-03-07T03:42:00.000Z,SELL,0.01,2,1,10.00,2,18930.00
2022-03-07T03:42:00.000Z,2022-03-07T05:32:00.000Z,SELL,0.01,1,1,10.00,1,18940.00
2022-03-07T05:32:00.000Z,2022-03-07T15:19:00.000Z,SELL,0.01,1,1,10.00,1,18950.00
2022-03-07T15:19:00.000Z,2022-03-07T15:32:00.000Z,SELL,0.01,1,1,10.00,1,18960.00
2022-03-07T15:32:00.000Z,2022-03-07T20:43:00.000Z,SELL,0.01,2,1,10.00,2,18970.00
2022-03-07T20:43:00.000Z,2022-03-08T03:24:00.000Z,SELL,0.01,1,1,10.00,1,18980.00
2022-03-08T03:24:00.000Z,2022-03-08T08:57:00.000Z,SELL,0.01,2,1,10.00,2,18990.00
2022-03-08T08:57:00.000Z,2022-03-08T10:17:00.000Z,SELL,0.01,1,1,10.00,1,19000.00
2022-03-08T10:17:00.000Z,2022-03-08T16:49:00.000Z,SELL,0.01,2,1,10.00,2,19010.00
2022-03-08T16:49:00.000Z,2022-03-08T17:44:00.000Z,SELL,0.01,2,1,10.00,2,19020.00
2022-03-08T17:44:00.000Z,2022-03-08T17:50:00.000Z,SELL,0.01,1,1,10.00,1,19030.00
2022-03-08T17:50:00.000Z,2022-03-08T18:00:00.000Z,SELL,0.01,1,1,10.00,1,19040.00
2022-03-08T18:00:00.000Z,2022-03-08T19:19:00.000Z,SELL,0.01,3,1,10.00,3,19050.00
2022-03-08T19:19:00.000Z,2022-03-08T19:37:00.000Z,SELL,0.01,1,1,10.00,1,19060.00
2022-03-08T19:37:00.000Z,2022-03-09T04:51:00.000Z,SELL,0.01,2,1,10.00,2,19070.00
2022-03-09T04:51:00.000Z,2022-03-09T09:11:00.000Z,SELL,0.01,1,1,10.00,1,19080.00
2022-03-09T09:11:00.000Z,2022-03-09T11:05:00.000Z,SELL,0.01,1,1,10.00,1,19090.00
2022-03-09T11:05:00.000Z,2022-03-09T11:39:00.000Z,SELL,0.01,1,1,10.00,1,19100.00
2022-03-09T11:39:00.000Z,2022-03-09T12:02:00.000Z,SELL,0.01,1,1,10.00,1,19110.00
2022-03-09T12:02:00.000Z,2022-03-09T15:02:00.000Z,SELL,0.01,1,1,10.00,1,19120.00
2022-03-09T15:02:00.000Z,2022-03-09T15:26:00.000Z,SELL,0.01,1,1,10.00,1,19130.00
2022-03-09T15:26:00.000Z,2022-03-09T16:08:00.000Z,SELL,0.01,1,1,10.00,1,19140.00
2022-03-09T16:08:00.000Z,2022-03-10T03:19:00.000Z,SELL,0.01,3,1,10.00,3,19150.00
2022-03-10T03:19:00.000Z,2022-03-10T13:06:00.000Z,SELL,0.01,2,1,10.00,2,19160.00
2022-03-10T13:06:00.000Z,2022-03-10T15:51:00.000Z,SELL,0.01,1,1,10.00,1,19170.00
2022-03-10T15:51:00.000Z,2022-03-10T17:18:00.000Z,SELL,0.01,1,1,10.00,1,19180.00
2022-03-10T17:18:00.000Z,2022-03-11T13:43:00.000Z,SELL,0.01,3,1,10.00,3,19190.00
2022-03-11T13:43:00.000Z,2022-03-11T15:46:00.000Z,SELL,0.01,1,1,10.00,1,19200.00
2022-03-11T15:46:00.000Z,2022-03-14T15:55:00.000Z,SELL,0.01,3,1,10.00,3,19210.00
2022-03-14T15:55:00.000Z,2022-03-15T03:45:00.000Z,SELL,0.01,1,1,10.00,1,19220.00
2022-03-15T03:45:00.000Z,2022-03-15T07:20:00.000Z,SELL,0.01,1,1,10.00,1,19230.00
2022-03-15T07:20:00.000Z,2022-03-15T13:01:00.000Z,SELL,0.01,1,1,10.00,1,19240.00
2022-03-15T13:01:00.000Z,2022-03-15T16:15:00.000Z,SELL,0.01,1,1,10.00,1,19250.00
2022-03-15T16:15:00.000Z,2022-03-16T20:17:00.000Z,SELL,0.01,3,1,10.00,3,19260.00
2022-03-16T20:17:00.000Z,2022-03-17T03:27:00.000Z,SELL,0.01,2,1,10.00,2,19270.00
2022-03-17T03:27:00.000Z,2022-03-18T21:30:00.000Z,SELL,0.01,3,1,10.00,3,19280.00
2022-03-18T21:30:00.000Z,2022-03-24T13:40:00.000Z,SELL,0.01,4,1,10.00,4,19290.00
2022-03-24T13:40:00.000Z,2022-03-28T08:31:00.000Z,SELL,0.01,1,1,10.00,1,19300.00
2022-03-28T08:31:00.000Z,2022-03-28T11:25:00.000Z,SELL,0.01,1,1,10.00,1,19310.00
2022-03-28T11:25:00.000Z,2022-03-28T22:42:00.000Z,SELL,0.01,1,1,10.00,1,19320.00
2022-03-28T22:42:00.000Z,2022-03-29T14:45:00.000Z,SELL,0.01,1,1,10.00,1,19330.00
2022-03-29T14:45:00.000Z,2022-03-29T15:24:00.000Z,SELL,0.01,1,1,10.00,1,19340.00
2022-03-29T15:24:00.000Z,2022-03-30T15:16:00.000Z,SELL,0.01,2,1,10.00,2,19350.00
2022-03-30T15:16:00.000Z,2022-04-01T20:32:00.000Z,SELL,0.01,3,1,10.00,3,19360.00
2022-04-01T20:32:00.000Z,2022-04-11T01:06:00.000Z,SELL,0.01,4,1,10.00,4,19370.00
2022-04-11T01:06:00.000Z,2022-04-12T17:54:00.000Z,SELL,0.01,4,1,10.00,4,19380.00
2022-04-12T17:54:00.000Z,2022-04-12T21:03:00.000Z,SELL,0.01,1,1,10.00,1,19390.00
2022-04-12T21:03:00.000Z,2022-04-18T15:39:00.000Z,SELL,0.01,2,1,10.00,2,19400.00
2022-04-18T15:39:00.000Z,2022-04-18T17:36:00.000Z,SELL,0.01,1,1,10.00,1,19410.00
2022-04-18T17:36:00.000Z,2022-04-18T21:02:00.000Z,SELL,0.01,1,1,10.00,1,19420.00
2022-04-18T21:02:00.000Z,2022-04-19T15:46:00.000Z,SELL,0.01,1,1,10.00,1,19430.00
2022-04-19T15:46:00.000Z,2022-04-19T17:38:00.000Z,SELL,0.01,1,1,10.00,1,19440.00
2022-04-19T17:38:00.000Z,2022-04-19T22:20:00.000Z,SELL,0.01,1,1,10.00,1,19450.00
2022-04-19T22:20:00.000Z,2022-04-22T13:23:00.000Z,SELL,0.01,1,1,10.00,1,19460.00
2022-04-22T13:23:00.000Z,2022-04-25T03:49:00.000Z,SELL,0.01,1,1,10.00,1,19470.00
2022-04-25T03:49:00.000Z,2022-04-25T07:43:00.000Z,SELL,0.01,1,1,10.00,1,19480.00
2022-04-25T07:43:00.000Z,2022-04-25T14:06:00.000Z,SELL,0.01,1,1,10.00,1,19490.00
2022-04-25T14:06:00.000Z,2022-04-25T15:25:00.000Z,SELL,0.01,1,1,10.00,1,19500.00
2022-04-25T15:25:00.000Z,2022-04-27T16:43:00.000Z,SELL,0.01,1,1,10.00,1,19510.00
2022-04-27T16:43:00.000Z,2022-04-28T08:36:00.000Z,SELL,0.01,1,1,10.00,1,19520.00
2022-04-28T08:36:00.000Z,2022-04-29T04:34:00.000Z,SELL,0.01,2,1,10.00,2,19530.00
2022-04-29T04:34:00.000Z,2022-04-29T22:54:00.000Z,SELL,0.01,1,1,10.00,1,19540.00
2022-04-29T22:54:00.000Z,2022-05-02T07:34:00.000Z,SELL,0.01,1,1,10.00,1,19550.00
2022-05-02T07:34:00.000Z,2022-05-02T15:03:00.000Z,SELL,0.01,1,1,10.00,1,19560.00
2022-05-02T15:03:00.000Z,2022-05-02T15:48:00.000Z,SELL,0.01,1,1,10.00,1,19570.00
2022-05-02T15:48:00.000Z,2022-05-03T10:13:00.000Z,SELL,0.01,1,1,10.00,1,19580.00
2022-05-03T10:13:00.000Z,2022-05-04T21:53:00.000Z,SELL,0.01,2,1,10.00,2,19590.00
2022-05-04T21:53:00.000Z,2022-05-05T19:00:00.000Z,SELL,0.01,3,1,10.00,3,19600.00
2022-05-05T19:00:00.000Z,2022-05-09T12:28:00.000Z,SELL,0.01,1,1,10.00,1,19610.00
2022-05-09T12:28:00.000Z,2022-05-09T22:25:00.000Z,SELL,0.01,1,1,10.00,1,19620.00
2022-05-09T22:25:00.000Z,2022-05-10T18:53:00.000Z,SELL,0.01,1,1,10.00,1,19630.00
2022-05-10T18:53:00.000Z,2022-05-11T03:01:00.000Z,SELL,0.01,1,1,10.00,1,19640.00
2022-05-11T03:01:00.000Z,2022-05-12T20:01:00.000Z,SELL,0.01,3,1,10.00,3,19650.00
2022-05-12T20:01:00.000Z,2022-05-13T01:32:00.000Z,SELL,0.01,1,1,10.00,1,19660.00
2022-05-13T01:32:00.000Z,2022-05-13T16:16:00.000Z,SELL,0.01,1,1,10.00,1,19670.00
2022-05-13T16:16:00.000Z,2022-05-16T10:52:00.000Z,SELL,0.01,1,1,10.00,1,19680.00
2022-05-16T10:52:00.000Z,2022-05-16T21:57:00.000Z,SELL,0.01,2,1,10.00,2,19690.00
2022-05-16T21:57:00.000Z,2022-05-18T04:54:00.000Z,SELL,0.01,1,1,10.00,1,19700.00
2022-05-18T04:54:00.000Z,2022-05-19T15:52:00.000Z,SELL,0.01,2,1,10.00,2,19710.00
2022-05-19T15:52:00.000Z,2022-06-01T08:14:00.000Z,SELL,0.01,5,1,10.00,5,19720.00
2022-06-01T08:14:00.000Z,2022-06-02T16:25:00.000Z,SELL,0.01,2,1,10.00,2,19730.00
2022-06-02T16:25:00.000Z,2022-06-03T19:02:00.000Z,SELL,0.01,1,1,10.00,1,19740.00
2022-06-03T19:02:00.000Z,2022-06-06T04:35:00.000Z,SELL,0.01,1,1,10.00,1,19750.00
2022-06-06T04:35:00.000Z,2022-06-10T15:30:00.000Z,SELL,0.01,1,1,10.00,1,19760.00
2022-06-10T15:30:00.000Z,2022-06-10T18:22:00.000Z,SELL,0.01,2,1,10.00,2,19770.00
2022-06-10T18:22:00.000Z,2022-06-13T15:19:00.000Z,SELL,0.01,1,1,10.00,1,19780.00
2022-06-13T15:19:00.000Z,2022-06-13T16:17:00.000Z,SELL,0.01,1,1,10.00,1,19790.00
2022-06-13T16:17:00.000Z,2022-06-13T16:47:00.000Z,SELL,0.01,1,1,10.00,1,19800.00
2022-06-13T16:47:00.000Z,2022-06-13T22:32:00.000Z,SELL,0.01,1,1,10.00,1,19810.00
2022-06-13T22:32:00.000Z,2022-06-14T21:41:00.000Z,SELL,0.01,1,1,10.00,1,19820.00
2022-06-14T21:41:00.000Z,2022-06-15T21:44:00.000Z,SELL,0.01,2,1,10.00,2,19830.00
2022-06-15T21:44:00.000Z,2022-06-15T21:54:00.000Z,SELL,0.01,1,1,10.00,1,19840.00
2022-06-15T21:54:00.000Z,2022-06-16T14:00:00.000Z,SELL,0.01,1,1,10.00,1,19850.00
2022-06-16T14:00:00.000Z,2022-06-16T19:29:00.000Z,SELL,0.01,2,1,10.00,2,19860.00
2022-06-16T19:29:00.000Z,2022-06-17T17:15:00.000Z,SELL,0.01,1,1,10.00,1,19870.00
2022-06-17T17:15:00.000Z,2022-06-22T03:14:00.000Z,SELL,0.01,1,1,10.00,1,19880.00
2022-06-22T03:14:00.000Z,2022-06-24T16:05:00.000Z,SELL,0.01,1,1,10.00,1,19890.00
2022-06-24T16:05:00.000Z,2022-06-30T14:38:00.000Z,SELL,0.01,3,1,10.00,3,19900.00
2022-06-30T14:38:00.000Z,2022-07-01T08:38:00.000Z,SELL,0.01,1,1,10.00,1,19910.00
2022-07-01T08:38:00.000Z,2022-07-01T14:37:00.000Z,SELL,0.01,1,1,10.00,1,19920.00
2022-07-01T14:37:00.000Z,2022-07-05T17:05:00.000Z,SELL,0.01,3,1,10.00,3,19930.00
2022-07-05T17:05:00.000Z,2022-07-05T17:08:00.000Z,SELL,0.01,1,1,10.00,1,19940.00
2022-07-05T17:08:00.000Z,2022-07-06T16:50:00.000Z,SELL,0.01,1,1,10.00,1,19950.00
2022-07-06T16:50:00.000Z,2022-07-06T17:57:00.000Z,SELL,0.01,1,1,10.00,1,19960.00
2022-07-06T17:57:00.000Z,2022-07-06T18:52:00.000Z,SELL,0.01,1,1,10.00,1,19970.00
2022-07-06T18:52:00.000Z,2022-07-12T04:10:00.000Z,SELL,0.01,1,1,10.00,1,19980.00
2022-07-12T04:10:00.000Z,2022-07-13T15:33:00.000Z,SELL,0.01,1,1,10.00,1,19990.00
2022-07-13T15:33:00.000Z,2022-07-14T16:02:00.000Z,SELL,0.01,3,1,10.00,3,20000.00
2022-07-14T16:02:00.000Z,2022-07-20T23:00:00.000Z,SELL,0.01,1,1,10.00,1,20010.00
2022-07-20T23:00:00.000Z,2022-07-21T12:00:00.000Z,SELL,0.01,1,1,10.00,1,20020.00
2022-07-21T12:00:00.000Z,2022-07-21T18:03:00.000Z,SELL,0.01,2,1,10.00,2,20030.00
2022-07-21T18:03:00.000Z,2022-07-28T11:05:00.000Z,SELL,0.01,4,1,10.00,4,20040.00
2022-07-28T11:05:00.000Z,2022-08-01T15:20:00.000Z,SELL,0.01,2,1,10.00,2,20050.00
2022-08-01T15:20:00.000Z,2022-08-01T18:09:00.000Z,SELL,0.01,1,1,10.00,1,20060.00
2022-08-01T18:09:00.000Z,2022-08-03T17:53:00.000Z,SELL,0.01,3,1,10.00,3,20070.00
2022-08-03T17:53:00.000Z,2022-08-04T14:47:00.000Z,SELL,0.01,2,1,10.00,2,20080.00
2022-08-04T14:47:00.000Z,2022-08-05T15:33:00.000Z,SELL,0.01,1,1,10.00,1,20090.00
2022-08-05T15:33:00.000Z,2022-08-10T15:30:00.000Z,SELL,0.01,2,1,10.00,2,20100.00
2022-08-10T15:30:00.000Z,2022-08-10T16:02:00.000Z,SELL,0.01,1,1,10.00,1,20110.00
2022-08-10T16:02:00.000Z,2022-08-11T08:26:00.000Z,SELL,0.01,1,1,10.00,1,20120.00
2022-08-11T08:26:00.000Z,2022-08-15T14:35:00.000Z,SELL,0.01,1,1,10.00,1,20130.00
2022-08-15T14:35:00.000Z,2022-08-17T18:07:00.000Z,SELL,0.01,1,1,10.00,1,20140.00
2022-08-17T18:07:00.000Z,2022-08-19T07:13:00.000Z,SELL,0.01,1,1,10.00,1,20150.00
2022-08-19T07:13:00.000Z,2022-08-22T09:01:00.000Z,SELL,0.01,1,1,10.00,1,20160.00
2022-08-22T09:01:00.000Z,2022-08-22T11:52:00.000Z,SELL,0.01,1,1,10.00,1,20170.00
2022-08-22T11:52:00.000Z,2022-08-25T10:12:00.000Z,SELL,0.01,2,1,10.00,2,20180.00
2022-08-25T10:12:00.000Z,2022-08-25T17:06:00.000Z,SELL,0.01,1,1,10.00,1,20190.00
2022-08-25T17:06:00.000Z,2022-08-26T17:03:00.000Z,SELL,0.01,1,1,10.00,1,20200.00
2022-08-26T17:03:00.000Z,2022-08-29T04:08:00.000Z,SELL,0.01,1,1,10.00,1,20210.00
2022-08-29T04:08:00.000Z,2022-08-29T07:45:00.000Z,SELL,0.01,1,1,10.00,1,20220.00
2022-08-29T07:45:00.000Z,2022-08-31T12:47:00.000Z,SELL,0.01,3,1,10.00,3,20230.00
2022-08-31T12:47:00.000Z,2022-09-01T11:19:00.000Z,SELL,0.01,1,1,10.00,1,20240.00
2022-09-01T11:19:00.000Z,2022-09-01T17:44:00.000Z,SELL,0.01,1,1,10.00,1,20250.00
2022-09-01T17:44:00.000Z,2022-09-06T03:34:00.000Z,SELL,0.01,2,1,10.00,2,20260.00
2022-09-06T03:34:00.000Z,2022-09-06T15:47:00.000Z,SELL,0.01,1,1,10.00,1,20270.00
2022-09-06T15:47:00.000Z,2022-09-06T20:13:00.000Z,SELL,0.01,1,1,10.00,1,20280.00
2022-09-06T20:13:00.000Z,2022-09-12T15:00:00.000Z,SELL,0.01,2,1,10.00,2,20290.00
2022-09-12T15:00:00.000Z,2022-09-13T08:08:00.000Z,SELL,0.01,1,1,10.00,1,20300.00
2022-09-13T08:08:00.000Z,2022-09-13T15:36:00.000Z,SELL,0.01,1,1,10.00,1,20310.00
2022-09-13T15:36:00.000Z,2022-09-13T16:02:00.000Z,SELL,0.01,1,1,10.00,1,20320.00
2022-09-13T16:02:00.000Z,2022-09-15T07:54:00.000Z,SELL,0.01,1,1,10.00,1,20330.00
2022-09-15T07:54:00.000Z,2022-09-15T17:49:00.000Z,SELL,0.01,1,1,10.00,1,20340.00
2022-09-15T17:49:00.000Z,2022-09-15T17:52:00.000Z,SELL,0.01,1,1,10.00,1,20350.00
2022-09-15T17:52:00.000Z,2022-09-16T10:49:00.000Z,SELL,0.01,1,1,10.00,1,20360.00
2022-09-16T10:49:00.000Z,2022-09-22T15:35:00.000Z,SELL,0.01,5,0,-2420.00,5,17940.00
2022-09-22T15:35:00.000Z,2022-09-22T18:22:00.000Z,SELL,0.01,1,1,10.00,1,17950.00
2022-09-22T18:22:00.000Z,2022-09-23T12:42:00.000Z,SELL,0.01,1,1,10.00,1,17960.00
2022-09-23T12:42:00.000Z,2022-09-23T13:51:00.000Z,SELL,0.01,1,1,10.00,1,17970.00
2022-09-23T13:51:00.000Z,2022-09-26T03:55:00.000Z,SELL,0.01,1,1,10.00,1,17980.00
2022-09-26T03:55:00.000Z,2022-09-26T03:59:00.000Z,SELL,0.01,1,1,10.00,1,17990.00
2022-09-26T03:59:00.000Z,2022-09-28T10:22:00.000Z,SELL,0.01,3,1,10.00,3,18000.00
2022-09-28T10:22:00.000Z,2022-09-28T16:32:00.000Z,SELL,0.01,2,1,10.00,2,18010.00
2022-09-28T16:32:00.000Z,2022-10-03T17:07:00.000Z,SELL,0.01,2,1,10.00,2,18020.00
2022-10-03T17:07:00.000Z,2022-10-04T10:06:00.000Z,SELL,0.01,2,1,10.00,2,18030.00
2022-10-04T10:06:00.000Z,2022-10-07T15:47:00.000Z,SELL,0.01,3,1,10.00,3,18040.00
2022-10-07T15:47:00.000Z,2022-10-10T07:25:00.000Z,SELL,0.01,1,1,10.00,1,18050.00
2022-10-10T07:25:00.000Z,2022-10-10T14:42:00.000Z,SELL,0.01,1,1,10.00,1,18060.00
2022-10-10T14:42:00.000Z,2022-10-10T17:55:00.000Z,SELL,0.01,1,1,10.00,1,18070.00
2022-10-10T17:55:00.000Z,2022-10-13T15:30:00.000Z,SELL,0.01,1,1,10.00,1,18080.00
2022-10-13T15:30:00.000Z,2022-10-13T15:46:00.000Z,SELL,0.01,1,1,10.00,1,18090.00
2022-10-13T15:46:00.000Z,2022-10-19T13:30:00.000Z,SELL,0.01,5,1,10.00,5,18100.00
2022-10-19T13:30:00.000Z,2022-10-20T04:15:00.000Z,SELL,0.01,1,1,10.00,1,18110.00
2022-10-20T04:15:00.000Z,2022-10-21T22:17:00.000Z,SELL,0.01,4,1,10.00,4,18120.00
2022-10-21T22:17:00.000Z,2022-10-24T11:43:00.000Z,SELL,0.01,1,1,10.00,1,18130.00
2022-10-24T11:43:00.000Z,2022-10-26T12:02:00.000Z,SELL,0.01,2,1,10.00,2,18140.00
2022-10-26T12:02:00.000Z,2022-10-26T15:38:00.000Z,SELL,0.01,1,1,10.00,1,18150.00
2022-10-26T15:38:00.000Z,2022-10-28T10:11:00.000Z,SELL,0.01,1,1,10.00,1,18160.00
2022-10-28T10:11:00.000Z,2022-10-28T15:30:00.000Z,SELL,0.01,1,1,10.00,1,18170.00
2022-10-28T15:30:00.000Z,2022-10-31T15:31:00.000Z,SELL,0.01,1,1,10.00,1,18180.00
2022-10-31T15:31:00.000Z,2022-11-02T20:07:00.000Z,SELL,0.01,2,1,10.00,2,18190.00
2022-11-02T20:07:00.000Z,2022-11-02T20:48:00.000Z,SELL,0.01,1,1,10.00,1,18200.00
2022-11-02T20:48:00.000Z,2022-11-02T21:18:00.000Z,SELL,0.01,1,1,10.00,1,18210.00
2022-11-02T21:18:00.000Z,2022-11-03T01:02:00.000Z,SELL,0.01,1,1,10.00,1,18220.00
2022-11-03T01:02:00.000Z,2022-11-03T11:17:00.000Z,SELL,0.01,1,1,10.00,1,18230.00
2022-11-03T11:17:00.000Z,2022-11-04T13:09:00.000Z,SELL,0.01,2,1,10.00,2,18240.00
2022-11-04T13:09:00.000Z,2022-11-08T17:08:00.000Z,SELL,0.01,2,1,10.00,2,18250.00
2022-11-08T17:08:00.000Z,2022-11-08T17:48:00.000Z,SELL,0.01,2,1,10.00,2,18260.00
2022-11-08T17:48:00.000Z,2022-11-09T21:39:00.000Z,SELL,0.01,1,1,10.00,1,18270.00
2022-11-09T21:39:00.000Z,2022-11-10T15:30:00.000Z,SELL,0.01,2,1,10.00,2,18280.00
2022-11-10T15:30:00.000Z,2022-11-11T07:34:00.000Z,SELL,0.01,2,1,10.00,2,18290.00
2022-11-11T07:34:00.000Z,2022-11-18T16:47:00.000Z,SELL,0.01,3,1,10.00,3,18300.00
2022-11-18T16:47:00.000Z,2022-11-21T09:46:00.000Z,SELL,0.01,1,1,10.00,1,18310.00
2022-11-21T09:46:00.000Z,2022-11-23T15:30:00.000Z,SELL,0.01,1,1,10.00,1,18320.00
2022-11-23T15:30:00.000Z,2022-11-28T11:02:00.000Z,SELL,0.01,2,1,10.00,2,18330.00
2022-11-28T11:02:00.000Z,2022-11-28T15:19:00.000Z,SELL,0.01,1,1,10.00,1,18340.00
2022-11-28T15:19:00.000Z,2022-11-28T20:09:00.000Z,SELL,0.01,1,1,10.00,1,18350.00
2022-11-28T20:09:00.000Z,2022-12-01T01:38:00.000Z,SELL,0.01,2,1,10.00,2,18360.00
2022-12-01T01:38:00.000Z,2022-12-01T16:50:00.000Z,SELL,0.01,2,1,10.00,2,18370.00
2022-12-01T16:50:00.000Z,2022-12-02T15:30:00.000Z,SELL,0.01,1,1,10.00,1,18380.00
2022-12-02T15:30:00.000Z,2022-12-02T15:45:00.000Z,SELL,0.01,1,1,10.00,1,18390.00
2022-12-02T15:45:00.000Z,2022-12-05T19:10:00.000Z,SELL,0.01,3,1,10.00,3,18400.00
2022-12-05T19:10:00.000Z,2022-12-09T13:58:00.000Z,SELL,0.01,2,1,10.00,2,18410.00
2022-12-09T13:58:00.000Z,2022-12-09T15:30:00.000Z,SELL,0.01,1,1,10.00,1,18420.00
2022-12-09T15:30:00.000Z,2022-12-12T20:01:00.000Z,SELL,0.01,1,1,10.00,1,18430.00
2022-12-12T20:01:00.000Z,2022-12-13T15:30:00.000Z,SELL,0.01,2,1,10.00,2,18440.00
2022-12-13T15:30:00.000Z,2022-12-14T21:00:00.000Z,SELL,0.01,1,1,10.00,1,18450.00
2022-12-14T21:00:00.000Z,2022-12-15T06:35:00.000Z,SELL,0.01,1,1,10.00,1,18460.00
2022-12-15T06:35:00.000Z,2022-12-15T10:21:00.000Z,SELL,0.01,1,1,10.00,1,18470.00
2022-12-15T10:21:00.000Z,2022-12-20T16:49:00.000Z,SELL,0.01,2,1,10.00,2,18480.00
2022-12-20T16:49:00.000Z,2022-12-22T16:40:00.000Z,SELL,0.01,1,1,10.00,1,18490.00
2022-12-22T16:40:00.000Z,2022-12-22T20:00:00.000Z,SELL,0.01,1,1,10.00,1,18500.00
2022-12-22T20:00:00.000Z,2022-12-27T17:22:00.000Z,SELL,0.01,2,1,10.00,2,18510.00
2022-12-27T17:22:00.000Z,2022-12-28T09:01:00.000Z,SELL,0.01,1,1,10.00,1,18520.00
2022-12-28T09:01:00.000Z,2022-12-28T17:58:00.000Z,SELL,0.01,1,1,10.00,1,18530.00
2022-12-28T17:58:00.000Z,2023-01-03T01:04:00.000Z,SELL,0.01,2,1,10.00,2,18540.00
2023-01-03T01:04:00.000Z,2023-01-04T10:01:00.000Z,SELL,0.01,4,1,10.00,4,18550.00
2023-01-04T10:01:00.000Z,2023-01-04T21:03:00.000Z,SELL,0.01,1,1,10.00,1,18560.00
2023-01-04T21:03:00.000Z,2023-01-05T15:53:00.000Z,SELL,0.01,1,1,10.00,1,18570.00
2023-01-05T15:53:00.000Z,2023-01-05T17:33:00.000Z,SELL,0.01,1,1,10.00,1,18580.00
2023-01-05T17:33:00.000Z,2023-01-06T17:07:00.000Z,SELL,0.01,2,1,10.00,2,18590.00
2023-01-06T17:07:00.000Z,2023-01-12T14:21:00.000Z,SELL,0.01,2,1,10.00,2,18600.00
2023-01-12T14:21:00.000Z,2023-01-12T15:30:00.000Z,SELL,0.01,1,1,10.00,1,18610.00
2023-01-12T15:30:00.000Z,2023-01-13T10:43:00.000Z,SELL,0.01,2,1,10.00,2,18620.00
2023-01-13T10:43:00.000Z,2023-01-13T14:26:00.000Z,SELL,0.01,1,1,10.00,1,18630.00
2023-01-13T14:26:00.000Z,2023-01-16T04:57:00.000Z,SELL,0.01,2,1,10.00,2,18640.00
2023-01-16T04:57:00.000Z,2023-01-16T07:48:00.000Z,SELL,0.01,1,1,10.00,1,18650.00
2023-01-16T07:48:00.000Z,2023-01-17T08:53:00.000Z,SELL,0.01,1,1,10.00,1,18660.00
2023-01-17T08:53:00.000Z,2023-01-18T07:37:00.000Z,SELL,0.01,1,1,10.00,1,18670.00
2023-01-18T07:37:00.000Z,2023-01-19T21:25:00.000Z,SELL,0.01,2,1,10.00,2,18680.00
2023-01-19T21:25:00.000Z,2023-01-23T16:07:00.000Z,SELL,0.01,1,1,10.00,1,18690.00
2023-01-23T16:07:00.000Z,2023-01-25T22:04:00.000Z,SELL,0.01,2,1,10.00,2,18700.00
2023-01-25T22:04:00.000Z,2023-01-26T11:18:00.000Z,SELL,0.01,1,1,10.00,1,18710.00
2023-01-26T11:18:00.000Z,2023-01-26T17:39:00.000Z,SELL,0.01,1,1,10.00,1,18720.00
2023-01-26T17:39:00.000Z,2023-01-31T08:02:00.000Z,SELL,0.01,1,1,10.00,1,18730.00
2023-01-31T08:02:00.000Z,2023-01-31T10:32:00.000Z,SELL,0.01,1,1,10.00,1,18740.00
2023-01-31T10:32:00.000Z,2023-02-01T21:41:00.000Z,SELL,0.01,2,1,10.00,2,18750.00
2023-02-01T21:41:00.000Z,2023-02-02T16:56:00.000Z,SELL,0.01,3,1,10.00,3,18760.00
2023-02-02T16:56:00.000Z,2023-02-02T18:51:00.000Z,SELL,0.01,1,1,10.00,1,18770.00
2023-02-02T18:51:00.000Z,2023-02-03T15:30:00.000Z,SELL,0.01,1,1,10.00,1,18780.00
2023-02-03T15:30:00.000Z,2023-02-03T15:34:00.000Z,SELL,0.01,1,1,10.00,1,18790.00
2023-02-03T15:34:00.000Z,2023-02-03T15:48:00.000Z,SELL,0.01,1,1,10.00,1,18800.00
2023-02-03T15:48:00.000Z,2023-02-03T17:04:00.000Z,SELL,0.01,1,1,10.00,1,18810.00
2023-02-03T17:04:00.000Z,2023-02-03T19:15:00.000Z,SELL,0.01,1,1,10.00,1,18820.00
2023-02-03T19:15:00.000Z,2023-02-10T07:00:00.000Z,SELL,0.01,3,1,10.00,3,18830.00
2023-02-10T07:00:00.000Z,2023-02-14T16:33:00.000Z,SELL,0.01,1,1,10.00,1,18840.00
2023-02-14T16:33:00.000Z,2023-02-15T10:01:00.000Z,SELL,0.01,3,1,10.00,3,18850.00
2023-02-15T10:01:00.000Z,2023-02-17T09:01:00.000Z,SELL,0.01,1,1,10.00,1,18860.00
2023-02-17T09:01:00.000Z,2023-02-24T15:30:00.000Z,SELL,0.01,3,1,10.00,3,18870.00
2023-02-24T15:30:00.000Z,2023-03-01T16:55:00.000Z,SELL,0.01,2,1,10.00,2,18880.00
2023-03-01T16:55:00.000Z,2023-03-02T03:41:00.000Z,SELL,0.01,1,1,10.00,1,18890.00
2023-03-02T03:41:00.000Z,2023-03-07T17:10:00.000Z,SELL,0.01,3,1,10.00,3,18900.00
2023-03-07T17:10:00.000Z,2023-03-08T03:08:00.000Z,SELL,0.01,1,1,10.00,1,18910.00
2023-03-08T03:08:00.000Z,2023-03-10T15:41:00.000Z,SELL,0.01,2,1,10.00,2,18920.00
2023-03-10T15:41:00.000Z,2023-03-13T00:02:00.000Z,SELL,0.01,2,1,10.00,2,18930.00
2023-03-13T00:02:00.000Z,2023-03-13T14:50:00.000Z,SELL,0.01,4,1,10.00,4,18940.00
2023-03-13T14:50:00.000Z,2023-03-15T10:07:00.000Z,SELL,0.01,1,1,10.00,1,18950.00
2023-03-15T10:07:00.000Z,2023-03-15T14:04:00.000Z,SELL,0.01,2,1,10.00,2,18960.00
2023-03-15T14:04:00.000Z,2023-03-15T20:31:00.000Z,SELL,0.01,1,1,10.00,1,18970.00
2023-03-15T20:31:00.000Z,2023-03-17T14:30:00.000Z,SELL,0.01,2,1,10.00,2,18980.00
2023-03-17T14:30:00.000Z,2023-03-17T19:34:00.000Z,SELL,0.01,2,1,10.00,2,18990.00
2023-03-17T19:34:00.000Z,2023-03-20T09:24:00.000Z,SELL,0.01,2,1,10.00,2,19000.00
2023-03-20T09:24:00.000Z,2023-03-20T11:24:00.000Z,SELL,0.01,1,1,10.00,1,19010.00
2023-03-20T11:24:00.000Z,2023-03-20T12:33:00.000Z,SELL,0.01,1,1,10.00,1,19020.00
2023-03-20T12:33:00.000Z,2023-03-20T16:10:00.000Z,SELL,0.01,1,1,10.00,1,19030.00
2023-03-20T16:10:00.000Z,2023-03-21T14:19:00.000Z,SELL,0.01,1,1,10.00,1,19040.00
2023-03-21T14:19:00.000Z,2023-03-21T16:00:00.000Z,SELL,0.01,1,1,10.00,1,19050.00
2023-03-21T16:00:00.000Z,2023-03-21T19:28:00.000Z,SELL,0.01,1,1,10.00,1,19060.00
2023-03-21T19:28:00.000Z,2023-03-22T20:40:00.000Z,SELL,0.01,2,1,10.00,2,19070.00
2023-03-22T20:40:00.000Z,2023-03-22T21:04:00.000Z,SELL,0.01,1,1,10.00,1,19080.00
2023-03-22T21:04:00.000Z,2023-03-23T18:17:00.000Z,SELL,0.01,2,1,10.00,2,19090.00
2023-03-23T18:17:00.000Z,2023-03-24T19:32:00.000Z,SELL,0.01,1,1,10.00,1,19100.00
2023-03-24T19:32:00.000Z,2023-03-27T01:07:00.000Z,SELL,0.01,1,1,10.00,1,19110.00
2023-03-27T01:07:00.000Z,2023-03-27T12:33:00.000Z,SELL,0.01,1,1,10.00,1,19120.00
2023-03-27T12:33:00.000Z,2023-03-27T13:42:00.000Z,SELL,0.01,1,1,10.00,1,19130.00
2023-03-27T13:42:00.000Z,2023-03-30T19:06:00.000Z,SELL,0.01,2,1,10.00,2,19140.00
2023-03-30T19:06:00.000Z,2023-03-31T20:29:00.000Z,SELL,0.01,1,1,10.00,1,19150.00
2023-03-31T20:29:00.000Z,2023-04-03T02:23:00.000Z,SELL,0.01,1,1,10.00,1,19160.00
2023-04-03T02:23:00.000Z,2023-04-03T17:28:00.000Z,SELL,0.01,2,1,10.00,2,19170.00
2023-04-03T17:28:00.000Z,2023-04-04T04:59:00.000Z,SELL,0.01,1,1,10.00,1,19180.00
2023-04-04T04:59:00.000Z,2023-04-04T17:07:00.000Z,SELL,0.01,2,1,10.00,2,19190.00
2023-04-04T17:07:00.000Z,2023-04-10T01:04:00.000Z,SELL,0.01,3,1,10.00,3,19200.00
2023-04-10T01:04:00.000Z,2023-04-10T16:07:00.000Z,SELL,0.01,1,1,10.00,1,19210.00
2023-04-10T16:07:00.000Z,2023-04-12T05:38:00.000Z,SELL,0.01,2,1,10.00,2,19220.00
2023-04-12T05:38:00.000Z,2023-04-12T13:26:00.000Z,SELL,0.01,1,1,10.00,1,19230.00
2023-04-12T13:26:00.000Z,2023-04-13T15:43:00.000Z,SELL,0.01,4,1,10.00,4,19240.00
2023-04-13T15:43:00.000Z,2023-04-14T15:43:00.000Z,SELL,0.01,1,1,10.00,1,19250.00
2023-04-14T15:43:00.000Z,2023-04-14T17:05:00.000Z,SELL,0.01,1,1,10.00,1,19260.00
2023-04-14T17:05:00.000Z,2023-04-14T17:42:00.000Z,SELL,0.01,1,1,10.00,1,19270.00
2023-04-14T17:42:00.000Z,2023-04-14T18:02:00.000Z,SELL,0.01,1,1,10.00,1,19280.00
2023-04-14T18:02:00.000Z,2023-04-17T17:41:00.000Z,SELL,0.01,1,1,10.00,1,19290.00
2023-04-17T17:41:00.000Z,2023-04-19T12:35:00.000Z,SELL,0.01,3,1,10.00,3,19300.00
2023-04-19T12:35:00.000Z,2023-04-20T15:31:00.000Z,SELL,0.01,2,1,10.00,2,19310.00
2023-04-20T15:31:00.000Z,2023-04-21T08:35:00.000Z,SELL,0.01,1,1,10.00,1,19320.00
2023-04-21T08:35:00.000Z,2023-04-21T09:31:00.000Z,SELL,0.01,1,1,10.00,1,19330.00
2023-04-21T09:31:00.000Z,2023-04-21T16:52:00.000Z,SELL,0.01,1,1,10.00,1,19340.00
2023-04-21T16:52:00.000Z,2023-04-26T16:23:00.000Z,SELL,0.01,2,1,10.00,2,19350.00
2023-04-26T16:23:00.000Z,2023-04-26T18:13:00.000Z,SELL,0.01,1,1,10.00,1,19360.00
2023-04-26T18:13:00.000Z,2023-04-26T20:28:00.000Z,SELL,0.01,1,1,10.00,1,19370.00
2023-04-26T20:28:00.000Z,2023-04-27T16:40:00.000Z,SELL,0.01,1,1,10.00,1,19380.00
2023-04-27T16:40:00.000Z,2023-05-01T15:36:00.000Z,SELL,0.01,2,1,10.00,2,19390.00
2023-05-01T15:36:00.000Z,2023-05-01T17:00:00.000Z,SELL,0.01,1,1,10.00,1,19400.00
2023-05-01T17:00:00.000Z,2023-05-01T17:44:00.000Z,SELL,0.01,1,1,10.00,1,19410.00
2023-05-01T17:44:00.000Z,2023-05-02T18:52:00.000Z,SELL,0.01,2,1,10.00,2,19420.00
2023-05-02T18:52:00.000Z,2023-05-04T01:02:00.000Z,SELL,0.01,2,1,10.00,2,19430.00
2023-05-04T01:02:00.000Z,2023-05-04T10:30:00.000Z,SELL,0.01,3,1,10.00,3,19440.00
2023-05-04T10:30:00.000Z,2023-05-05T15:30:00.000Z,SELL,0.01,3,1,10.00,3,19450.00
2023-05-05T15:30:00.000Z,2023-05-05T15:43:00.000Z,SELL,0.01,1,1,10.00,1,19460.00
2023-05-05T15:43:00.000Z,2023-05-05T16:46:00.000Z,SELL,0.01,1,1,10.00,1,19470.00
2023-05-05T16:46:00.000Z,2023-05-09T20:03:00.000Z,SELL,0.01,2,1,10.00,2,19480.00
2023-05-09T20:03:00.000Z,2023-05-10T18:12:00.000Z,SELL,0.01,1,1,10.00,1,19490.00
2023-05-10T18:12:00.000Z,2023-05-11T16:55:00.000Z,SELL,0.01,1,1,10.00,1,19500.00
2023-05-11T16:55:00.000Z,2023-05-12T12:43:00.000Z,SELL,0.01,1,1,10.00,1,19510.00
2023-05-12T12:43:00.000Z,2023-05-16T19:31:00.000Z,SELL,0.01,3,1,10.00,3,19520.00
2023-05-16T19:31:00.000Z,2023-05-17T15:50:00.000Z,SELL,0.01,1,1,10.00,1,19530.00
2023-05-17T15:50:00.000Z,2023-05-18T15:30:00.000Z,SELL,0.01,1,1,10.00,1,19540.00
2023-05-18T15:30:00.000Z,2023-05-18T16:19:00.000Z,SELL,0.01,1,1,10.00,1,19550.00
2023-05-18T16:19:00.000Z,2023-05-25T15:34:00.000Z,SELL,0.01,5,1,10.00,5,19560.00
2023-05-25T15:34:00.000Z,2023-05-25T15:42:00.000Z,SELL,0.01,1,1,10.00,1,19570.00
2023-05-25T15:42:00.000Z,2023-05-31T16:48:00.000Z,SELL,0.01,2,1,10.00,2,19580.00
2023-05-31T16:48:00.000Z,2023-05-31T17:01:00.000Z,SELL,0.01,1,1,10.00,1,19590.00
2023-05-31T17:01:00.000Z,2023-06-02T21:09:00.000Z,SELL,0.01,3,1,10.00,3,19600.00
2023-06-02T21:09:00.000Z,2023-06-05T10:43:00.000Z,SELL,0.01,1,1,10.00,1,19610.00
2023-06-05T10:43:00.000Z,2023-06-07T16:58:00.000Z,SELL,0.01,2,1,10.00,2,19620.00
2023-06-07T16:58:00.000Z,2023-06-07T17:27:00.000Z,SELL,0.01,1,1,10.00,1,19630.00
2023-06-07T17:27:00.000Z,2023-06-07T18:47:00.000Z,SELL,0.01,1,1,10.00,1,19640.00
2023-06-07T18:47:00.000Z,2023-06-15T03:48:00.000Z,SELL,0.01,5,1,10.00,5,19650.00
2023-06-15T03:48:00.000Z,2023-06-15T10:07:00.000Z,SELL,0.01,1,1,10.00,1,19660.00
2023-06-15T10:07:00.000Z,2023-06-15T17:28:00.000Z,SELL,0.01,2,1,10.00,2,19670.00
2023-06-15T17:28:00.000Z,2023-06-19T14:35:00.000Z,SELL,0.01,1,1,10.00,1,19680.00
2023-06-19T14:35:00.000Z,2023-06-20T16:23:00.000Z,SELL,0.01,1,1,10.00,1,19690.00
2023-06-20T16:23:00.000Z,2023-06-21T15:22:00.000Z,SELL,0.01,1,1,10.00,1,19700.00
2023-06-21T15:22:00.000Z,2023-06-22T17:18:00.000Z,SELL,0.01,1,1,10.00,1,19710.00
2023-06-22T17:18:00.000Z,2023-06-28T12:48:00.000Z,SELL,0.01,1,1,10.00,1,19720.00
2023-06-28T12:48:00.000Z,2023-06-29T15:50:00.000Z,SELL,0.01,1,1,10.00,1,19730.00
2023-06-29T15:50:00.000Z,2023-07-03T17:00:00.000Z,SELL,0.01,2,1,10.00,2,19740.00
2023-07-03T17:00:00.000Z,2023-07-05T21:17:00.000Z,SELL,0.01,1,1,10.00,1,19750.00
2023-07-05T21:17:00.000Z,2023-07-06T15:30:00.000Z,SELL,0.01,1,1,10.00,1,19760.00
2023-07-06T15:30:00.000Z,2023-07-11T09:40:00.000Z,SELL,0.01,2,1,10.00,2,19770.00
2023-07-11T09:40:00.000Z,2023-07-18T14:16:00.000Z,SELL,0.01,2,1,10.00,2,19780.00
2023-07-18T14:16:00.000Z,2023-07-21T18:04:00.000Z,SELL,0.01,3,1,10.00,3,19790.00
2023-07-21T18:04:00.000Z,2023-07-27T16:40:00.000Z,SELL,0.01,3,1,10.00,3,19800.00
2023-07-27T16:40:00.000Z,2023-08-02T17:25:00.000Z,SELL,0.01,3,1,10.00,3,19810.00
2023-08-02T17:25:00.000Z,2023-08-04T15:30:00.000Z,SELL,0.01,1,1,10.00,1,19820.00
2023-08-04T15:30:00.000Z,2023-08-09T17:57:00.000Z,SELL,0.01,3,1,10.00,3,19830.00
2023-08-09T17:57:00.000Z,2023-08-14T16:29:00.000Z,SELL,0.01,1,1,10.00,1,19840.00
2023-08-14T16:29:00.000Z,2023-08-16T21:10:00.000Z,SELL,0.01,1,1,10.00,1,19850.00
2023-08-16T21:10:00.000Z,2023-08-17T20:34:00.000Z,SELL,0.01,1,1,10.00,1,19860.00
2023-08-17T20:34:00.000Z,2023-08-23T16:47:00.000Z,SELL,0.01,2,1,10.00,2,19870.00
2023-08-23T16:47:00.000Z,2023-08-25T17:45:00.000Z,SELL,0.01,1,1,10.00,1,19880.00
2023-08-25T17:45:00.000Z,2023-08-29T18:14:00.000Z,SELL,0.01,2,1,10.00,2,19890.00
2023-08-29T18:14:00.000Z,2023-09-06T03:50:00.000Z,SELL,0.01,1,1,10.00,1,19900.00
2023-09-06T03:50:00.000Z,2023-09-12T14:03:00.000Z,SELL,0.01,1,1,10.00,1,19910.00
2023-09-12T14:03:00.000Z,2023-09-14T15:30:00.000Z,SELL,0.01,1,1,10.00,1,19920.00
2023-09-14T15:30:00.000Z,2023-09-19T02:38:00.000Z,SELL,0.01,2,1,10.00,2,19930.00
2023-09-19T02:38:00.000Z,2023-09-21T11:51:00.000Z,SELL,0.01,1,1,10.00,1,19940.00
2023-09-21T11:51:00.000Z,2023-09-21T16:11:00.000Z,SELL,0.01,1,1,10.00,1,19950.00
2023-09-21T16:11:00.000Z,2023-09-26T18:07:00.000Z,SELL,0.01,1,1,10.00,1,19960.00
2023-09-26T18:07:00.000Z,2023-09-27T14:08:00.000Z,SELL,0.01,1,1,10.00,1,19970.00
2023-09-27T14:08:00.000Z,2023-09-27T18:10:00.000Z,SELL,0.01,1,1,10.00,1,19980.00
2023-09-27T18:10:00.000Z,2023-09-27T20:31:00.000Z,SELL,0.01,1,1,10.00,1,19990.00
2023-09-27T20:31:00.000Z,2023-09-28T18:08:00.000Z,SELL,0.01,1,1,10.00,1,20000.00
2023-09-28T18:08:00.000Z,2023-09-29T18:38:00.000Z,SELL,0.01,1,1,10.00,1,20010.00
2023-09-29T18:38:00.000Z,2023-10-02T08:38:00.000Z,SELL,0.01,1,1,10.00,1,20020.00
2023-10-02T08:38:00.000Z,2023-10-02T12:30:00.000Z,SELL,0.01,1,1,10.00,1,20030.00
2023-10-02T12:30:00.000Z,2023-10-03T02:19:00.000Z,SELL,0.01,1,1,10.00,1,20040.00
2023-10-03T02:19:00.000Z,2023-10-06T15:30:00.000Z,SELL,0.01,1,1,10.00,1,20050.00
2023-10-06T15:30:00.000Z,2023-10-09T01:00:00.000Z,SELL,0.01,2,1,10.00,2,20060.00
2023-10-09T01:00:00.000Z,2023-10-11T13:20:00.000Z,SELL,0.01,2,1,10.00,2,20070.00
2023-10-11T13:20:00.000Z,2023-10-13T15:26:00.000Z,SELL,0.01,2,1,10.00,2,20080.00
2023-10-13T15:26:00.000Z,2023-10-13T23:56:00.000Z,SELL,0.01,2,1,10.00,2,20090.00
2023-10-13T23:56:00.000Z,2023-10-16T01:13:00.000Z,SELL,0.01,1,1,10.00,1,20100.00
2023-10-16T01:13:00.000Z,2023-10-16T09:53:00.000Z,SELL,0.01,1,1,10.00,1,20110.00
2023-10-16T09:53:00.000Z,2023-10-18T05:06:00.000Z,SELL,0.01,2,1,10.00,2,20120.00
2023-10-18T05:06:00.000Z,2023-10-19T20:22:00.000Z,SELL,0.01,4,1,10.00,4,20130.00
2023-10-19T20:22:00.000Z,2023-10-24T14:00:00.000Z,SELL,0.01,3,1,10.00,3,20140.00
2023-10-24T14:00:00.000Z,2023-10-26T11:02:00.000Z,SELL,0.01,2,1,10.00,2,20150.00
2023-10-26T11:02:00.000Z,2023-10-26T15:30:00.000Z,SELL,0.01,1,1,10.00,1,20160.00
2023-10-26T15:30:00.000Z,2023-11-01T20:47:00.000Z,SELL,0.01,3,1,10.00,3,20170.00
2023-11-01T20:47:00.000Z,2023-11-03T14:32:00.000Z,SELL,0.01,2,1,10.00,2,20180.00
2023-11-03T14:32:00.000Z,2023-11-03T15:25:00.000Z,SELL,0.01,1,1,10.00,1,20190.00
2023-11-03T15:25:00.000Z,2023-11-06T21:09:00.000Z,SELL,0.01,1,1,10.00,1,20200.00
2023-11-06T21:09:00.000Z,2023-11-07T09:06:00.000Z,SELL,0.01,1,1,10.00,1,20210.00
2023-11-07T09:06:00.000Z,2023-11-07T14:43:00.000Z,SELL,0.01,1,1,10.00,1,20220.00
2023-11-07T14:43:00.000Z,2023-11-08T21:33:00.000Z,SELL,0.01,1,1,10.00,1,20230.00
2023-11-08T21:33:00.000Z,2023-11-10T18:20:00.000Z,SELL,0.01,1,1,10.00,1,20240.00
2023-11-10T18:20:00.000Z,2023-11-14T16:39:00.000Z,SELL,0.01,2,1,10.00,2,20250.00
2023-11-14T16:39:00.000Z,2023-11-15T16:51:00.000Z,SELL,0.01,1,1,10.00,1,20260.00
2023-11-15T16:51:00.000Z,2023-11-17T10:52:00.000Z,SELL,0.01,2,1,10.00,2,20270.00
2023-11-17T10:52:00.000Z,2023-11-20T01:00:00.000Z,SELL,0.01,1,1,10.00,1,20280.00
2023-11-20T01:00:00.000Z,2023-11-20T15:34:00.000Z,SELL,0.01,1,1,10.00,1,20290.00
2023-11-20T15:34:00.000Z,2023-11-21T15:30:00.000Z,SELL,0.01,2,1,10.00,2,20300.00
2023-11-21T15:30:00.000Z,2023-11-22T20:48:00.000Z,SELL,0.01,1,1,10.00,1,20310.00
2023-11-22T20:48:00.000Z,2023-11-27T03:27:00.000Z,SELL,0.01,2,1,10.00,2,20320.00
2023-11-27T03:27:00.000Z,2023-11-27T04:20:00.000Z,SELL,0.01,1,1,10.00,1,20330.00
2023-11-27T04:20:00.000Z,2023-11-28T18:25:00.000Z,SELL,0.01,2,1,10.00,2,20340.00
2023-11-28T18:25:00.000Z,2023-12-01T20:01:00.000Z,SELL,0.01,2,1,10.00,2,20350.00
2023-12-01T20:01:00.000Z,2023-12-04T01:19:00.000Z,SELL,0.01,2,1,10.00,2,20360.00
2023-12-04T01:19:00.000Z,2023-12-04T01:27:00.000Z,SELL,0.01,2,1,10.00,2,20370.00
2023-12-04T01:27:00.000Z,2023-12-04T01:40:00.000Z,SELL,0.01,1,1,10.00,1,20380.00
2023-12-04T01:40:00.000Z,2023-12-04T02:05:00.000Z,SELL,0.01,1,1,10.00,1,20390.00
2023-12-04T02:05:00.000Z,2023-12-04T02:41:00.000Z,SELL,0.01,1,1,10.00,1,20400.00
2023-12-04T02:41:00.000Z,2023-12-04T03:35:00.000Z,SELL,0.01,1,1,10.00,1,20410.00
2023-12-04T03:35:00.000Z,2023-12-04T08:51:00.000Z,SELL,0.01,1,1,10.00,1,20420.00
2023-12-04T08:51:00.000Z,2023-12-04T09:55:00.000Z,SELL,0.01,1,1,10.00,1,20430.00
2023-12-04T09:55:00.000Z,2023-12-04T15:50:00.000Z,SELL,0.01,1,1,10.00,1,20440.00
2023-12-04T15:50:00.000Z,2023-12-04T16:21:00.000Z,SELL,0.01,1,1,10.00,1,20450.00
2023-12-04T16:21:00.000Z,2023-12-04T17:25:00.000Z,SELL,0.01,1,1,10.00,1,20460.00
2023-12-04T17:25:00.000Z,2023-12-04T17:33:00.000Z,SELL,0.01,1,1,10.00,1,20470.00
2023-12-04T17:33:00.000Z,2023-12-05T17:36:00.000Z,SELL,0.01,1,1,10.00,1,20480.00
2023-12-05T17:36:00.000Z,2023-12-08T16:23:00.000Z,SELL,0.01,3,1,10.00,3,20490.00
2023-12-08T16:23:00.000Z,2023-12-11T09:56:00.000Z,SELL,0.01,1,1,10.00,1,20500.00
2023-12-11T09:56:00.000Z,2023-12-11T17:24:00.000Z,SELL,0.01,1,1,10.00,1,20510.00
2023-12-11T17:24:00.000Z,2023-12-13T08:24:00.000Z,SELL,0.01,1,1,10.00,1,20520.00
2023-12-13T08:24:00.000Z,2023-12-13T21:14:00.000Z,SELL,0.01,2,1,10.00,2,20530.00
2023-12-13T21:14:00.000Z,2023-12-14T02:04:00.000Z,SELL,0.01,2,1,10.00,2,20540.00
2023-12-14T02:04:00.000Z,2023-12-15T20:19:00.000Z,SELL,0.01,1,1,10.00,1,20550.00
2023-12-15T20:19:00.000Z,2023-12-22T01:42:00.000Z,SELL,0.01,2,1,10.00,2,20560.00
2023-12-22T01:42:00.000Z,2023-12-27T20:03:00.000Z,SELL,0.01,2,1,10.00,2,20570.00
2023-12-27T20:03:00.000Z,2023-12-28T11:12:00.000Z,SELL,0.01,1,1,10.00,1,20580.00
2023-12-28T11:12:00.000Z,2023-12-29T12:19:00.000Z,SELL,0.01,1,1,10.00,1,20590.00
2023-12-29T12:19:00.000Z,2024-01-03T12:22:00.000Z,SELL,0.01,1,1,10.00,1,20600.00
2024-01-03T12:22:00.000Z,2024-01-03T14:27:00.000Z,SELL,0.01,1,1,10.00,1,20610.00
2024-01-03T14:27:00.000Z,2024-01-03T16:37:00.000Z,SELL,0.01,1,1,10.00,1,20620.00
2024-01-03T16:37:00.000Z,2024-01-05T17:10:00.000Z,SELL,0.01,2,1,10.00,2,20630.00
2024-01-05T17:10:00.000Z,2024-01-05T18:08:00.000Z,SELL,0.01,1,1,10.00,1,20640.00
2024-01-05T18:08:00.000Z,2024-01-05T19:09:00.000Z,SELL,0.01,1,1,10.00,1,20650.00
2024-01-05T19:09:00.000Z,2024-01-08T07:34:00.000Z,SELL,0.01,1,1,10.00,1,20660.00
2024-01-08T07:34:00.000Z,2024-01-08T13:18:00.000Z,SELL,0.01,1,1,10.00,1,20670.00
2024-01-08T13:18:00.000Z,2024-01-12T12:42:00.000Z,SELL,0.01,5,0,-2420.00,5,18250.00
2024-01-12T12:42:00.000Z,2024-01-16T19:06:00.000Z,SELL,0.01,3,1,10.00,3,18260.00
2024-01-16T19:06:00.000Z,2024-01-17T07:10:00.000Z,SELL,0.01,1,1,10.00,1,18270.00
2024-01-17T07:10:00.000Z,2024-01-17T17:06:00.000Z,SELL,0.01,1,1,10.00,1,18280.00
2024-01-17T17:06:00.000Z,2024-01-30T16:09:00.000Z,SELL,0.01,4,1,10.00,4,18290.00
2024-01-30T16:09:00.000Z,2024-01-30T17:22:00.000Z,SELL,0.01,1,1,10.00,1,18300.00
2024-01-30T17:22:00.000Z,2024-02-01T18:25:00.000Z,SELL,0.01,4,1,10.00,4,18310.00
2024-02-01T18:25:00.000Z,2024-02-02T15:30:00.000Z,SELL,0.01,1,1,10.00,1,18320.00
2024-02-02T15:30:00.000Z,2024-02-02T15:35:00.000Z,SELL,0.01,1,1,10.00,1,18330.00
2024-02-02T15:35:00.000Z,2024-02-02T15:57:00.000Z,SELL,0.01,1,1,10.00,1,18340.00
2024-02-02T15:57:00.000Z,2024-02-05T15:23:00.000Z,SELL,0.01,1,1,10.00,1,18350.00
2024-02-05T15:23:00.000Z,2024-02-13T15:47:00.000Z,SELL,0.01,3,1,10.00,3,18360.00
2024-02-13T15:47:00.000Z,2024-02-13T16:31:00.000Z,SELL,0.01,1,1,10.00,1,18370.00
2024-02-13T16:31:00.000Z,2024-02-14T03:19:00.000Z,SELL,0.01,1,1,10.00,1,18380.00
2024-02-14T03:19:00.000Z,2024-02-19T02:58:00.000Z,SELL,0.01,2,1,10.00,2,18390.00
2024-02-19T02:58:00.000Z,2024-02-29T16:00:00.000Z,SELL,0.01,2,1,10.00,2,18400.00
2024-02-29T16:00:00.000Z,2024-03-01T18:39:00.000Z,SELL,0.01,2,1,10.00,2,18410.00
2024-03-01T18:39:00.000Z,2024-03-04T17:58:00.000Z,SELL,0.01,2,1,10.00,2,18420.00
2024-03-04T17:58:00.000Z,2024-03-05T15:33:00.000Z,SELL,0.01,2,1,10.00,2,18430.00
2024-03-05T15:33:00.000Z,2024-03-05T15:41:00.000Z,SELL,0.01,1,1,10.00,1,18440.00
2024-03-05T15:41:00.000Z,2024-03-07T06:04:00.000Z,SELL,0.01,2,1,10.00,2,18450.00
2024-03-07T06:04:00.000Z,2024-03-07T16:43:00.000Z,SELL,0.01,1,1,10.00,1,18460.00
2024-03-07T16:43:00.000Z,2024-03-08T15:31:00.000Z,SELL,0.01,2,1,10.00,2,18470.00
2024-03-08T15:31:00.000Z,2024-03-08T16:07:00.000Z,SELL,0.01,1,1,10.00,1,18480.00
2024-03-08T16:07:00.000Z,2024-03-12T15:36:00.000Z,SELL,0.01,3,1,10.00,3,18490.00
2024-03-12T15:36:00.000Z,2024-03-18T04:46:00.000Z,SELL,0.01,3,1,10.00,3,18500.00
2024-03-18T04:46:00.000Z,2024-03-20T20:45:00.000Z,SELL,0.01,2,1,10.00,2,18510.00
2024-03-20T20:45:00.000Z,2024-03-21T00:16:00.000Z,SELL,0.01,2,1,10.00,2,18520.00
2024-03-21T00:16:00.000Z,2024-03-21T00:38:00.000Z,SELL,0.01,1,1,10.00,1,18530.00
2024-03-21T00:38:00.000Z,2024-03-21T16:01:00.000Z,SELL,0.01,1,1,10.00,1,18540.00
2024-03-21T16:01:00.000Z,2024-03-21T16:28:00.000Z,SELL,0.01,1,1,10.00,1,18550.00
2024-03-21T16:28:00.000Z,2024-03-21T17:27:00.000Z,SELL,0.01,1,1,10.00,1,18560.00
2024-03-21T17:27:00.000Z,2024-03-26T12:52:00.000Z,SELL,0.01,2,1,10.00,2,18570.00
2024-03-26T12:52:00.000Z,2024-03-26T15:00:00.000Z,SELL,0.01,1,1,10.00,1,18580.00
2024-03-26T15:00:00.000Z,2024-03-26T17:13:00.000Z,SELL,0.01,1,1,10.00,1,18590.00
2024-03-26T17:13:00.000Z,2024-03-28T12:22:00.000Z,SELL,0.01,2,1,10.00,2,18600.00
2024-03-28T12:22:00.000Z,2024-03-28T22:49:00.000Z,SELL,0.01,2,1,10.00,2,18610.00
2024-03-28T22:49:00.000Z,2024-03-28T22:50:00.000Z,SELL,0.01,1,1,10.00,1,18620.00
2024-03-28T22:50:00.000Z,2024-04-01T03:42:00.000Z,SELL,0.01,2,1,10.00,2,18630.00
2024-04-01T03:42:00.000Z,2024-04-01T13:53:00.000Z,SELL,0.01,1,1,10.00,1,18640.00
2024-04-01T13:53:00.000Z,2024-04-01T17:04:00.000Z,SELL,0.01,1,1,10.00,1,18650.00
2024-04-01T17:04:00.000Z,2024-04-02T12:31:00.000Z,SELL,0.01,2,1,10.00,2,18660.00
2024-04-02T12:31:00.000Z,2024-04-02T13:11:00.000Z,SELL,0.01,1,1,10.00,1,18670.00
2024-04-02T13:11:00.000Z,2024-04-03T01:21:00.000Z,SELL,0.01,4,1,10.00,4,18680.00
2024-04-03T01:21:00.000Z,2024-04-03T10:19:00.000Z,SELL,0.01,1,1,10.00,1,18690.00
2024-04-03T10:19:00.000Z,2024-04-04T21:56:00.000Z,SELL,0.01,2,1,10.00,2,18700.00
2024-04-04T21:56:00.000Z,2024-04-04T22:02:00.000Z,SELL,0.01,1,1,10.00,1,18710.00
2024-04-04T22:02:00.000Z,2024-04-04T22:46:00.000Z,SELL,0.01,1,1,10.00,1,18720.00
2024-04-04T22:46:00.000Z,2024-04-05T04:15:00.000Z,SELL,0.01,1,1,10.00,1,18730.00
2024-04-05T04:15:00.000Z,2024-04-05T17:13:00.000Z,SELL,0.01,2,1,10.00,2,18740.00
2024-04-05T17:13:00.000Z,2024-04-08T05:34:00.000Z,SELL,0.01,4,1,10.00,4,18750.00
2024-04-08T05:34:00.000Z,2024-04-08T15:26:00.000Z,SELL,0.01,1,1,10.00,1,18760.00
2024-04-08T15:26:00.000Z,2024-04-09T10:14:00.000Z,SELL,0.01,2,1,10.00,2,18770.00
2024-04-09T10:14:00.000Z,2024-04-09T18:51:00.000Z,SELL,0.01,1,1,10.00,1,18780.00
2024-04-09T18:51:00.000Z,2024-04-10T15:30:00.000Z,SELL,0.01,1,1,10.00,1,18790.00
2024-04-10T15:30:00.000Z,2024-04-10T16:13:00.000Z,SELL,0.01,1,1,10.00,1,18800.00
2024-04-10T16:13:00.000Z,2024-04-11T20:09:00.000Z,SELL,0.01,2,1,10.00,2,18810.00
2024-04-11T20:09:00.000Z,2024-04-12T04:00:00.000Z,SELL,0.01,2,1,10.00,2,18820.00
2024-04-12T04:00:00.000Z,2024-04-12T17:14:00.000Z,SELL,0.01,2,1,10.00,2,18830.00
2024-04-12T17:14:00.000Z,2024-04-12T18:23:00.000Z,SELL,0.01,1,1,10.00,1,18840.00
2024-04-12T18:23:00.000Z,2024-04-12T18:30:00.000Z,SELL,0.01,1,1,10.00,1,18850.00
2024-04-12T18:30:00.000Z,2024-04-12T18:31:00.000Z,SELL,0.01,1,1,10.00,1,18860.00
2024-04-12T18:31:00.000Z,2024-04-12T19:30:00.000Z,SELL,0.01,1,1,10.00,1,18870.00
2024-04-12T19:30:00.000Z,2024-04-12T19:47:00.000Z,SELL,0.01,1,1,10.00,1,18880.00
2024-04-12T19:47:00.000Z,2024-04-12T20:36:00.000Z,SELL,0.01,1,1,10.00,1,18890.00
2024-04-12T20:36:00.000Z,2024-04-12T21:32:00.000Z,SELL,0.01,1,1,10.00,1,18900.00
2024-04-12T21:32:00.000Z,2024-04-15T01:08:00.000Z,SELL,0.01,2,1,10.00,2,18910.00
2024-04-15T01:08:00.000Z,2024-04-15T01:18:00.000Z,SELL,0.01,1,1,10.00,1,18920.00
2024-04-15T01:18:00.000Z,2024-04-15T01:25:00.000Z,SELL,0.01,1,1,10.00,1,18930.00
2024-04-15T01:25:00.000Z,2024-04-15T17:04:00.000Z,SELL,0.01,1,1,10.00,1,18940.00
2024-04-15T17:04:00.000Z,2024-04-15T17:07:00.000Z,SELL,0.01,1,1,10.00,1,18950.00
2024-04-15T17:07:00.000Z,2024-04-15T20:25:00.000Z,SELL,0.01,2,1,10.00,2,18960.00
2024-04-15T20:25:00.000Z,2024-04-16T01:18:00.000Z,SELL,0.01,2,1,10.00,2,18970.00
2024-04-16T01:18:00.000Z,2024-04-16T03:01:00.000Z,SELL,0.01,1,1,10.00,1,18980.00
2024-04-16T03:01:00.000Z,2024-04-16T09:43:00.000Z,SELL,0.01,1,1,10.00,1,18990.00
2024-04-16T09:43:00.000Z,2024-04-17T23:52:00.000Z,SELL,0.01,3,1,10.00,3,19000.00
2024-04-17T23:52:00.000Z,2024-04-18T16:29:00.000Z,SELL,0.01,2,1,10.00,2,19010.00
2024-04-18T16:29:00.000Z,2024-04-18T16:35:00.000Z,SELL,0.01,1,1,10.00,1,19020.00
2024-04-18T16:35:00.000Z,2024-04-19T04:42:00.000Z,SELL,0.01,2,1,10.00,2,19030.00
2024-04-19T04:42:00.000Z,2024-04-19T05:40:00.000Z,SELL,0.01,1,1,10.00,1,19040.00
2024-04-19T05:40:00.000Z,2024-04-19T06:13:00.000Z,SELL,0.01,1,1,10.00,1,19050.00
2024-04-19T06:13:00.000Z,2024-04-19T09:01:00.000Z,SELL,0.01,1,1,10.00,1,19060.00
2024-04-19T09:01:00.000Z,2024-04-22T06:12:00.000Z,SELL,0.01,3,1,10.00,3,19070.00
2024-04-22T06:12:00.000Z,2024-04-22T09:45:00.000Z,SELL,0.01,1,1,10.00,1,19080.00
2024-04-22T09:45:00.000Z,2024-04-22T14:08:00.000Z,SELL,0.01,1,1,10.00,1,19090.00
2024-04-22T14:08:00.000Z,2024-04-22T15:02:00.000Z,SELL,0.01,1,1,10.00,1,19100.00
2024-04-22T15:02:00.000Z,2024-04-22T21:05:00.000Z,SELL,0.01,1,1,10.00,1,19110.00
2024-04-22T21:05:00.000Z,2024-04-23T04:38:00.000Z,SELL,0.01,1,1,10.00,1,19120.00
2024-04-23T04:38:00.000Z,2024-04-23T04:42:00.000Z,SELL,0.01,1,1,10.00,1,19130.00
2024-04-23T04:42:00.000Z,2024-04-23T04:53:00.000Z,SELL,0.01,1,1,10.00,1,19140.00
2024-04-23T04:53:00.000Z,2024-04-23T16:50:00.000Z,SELL,0.01,2,1,10.00,2,19150.00
2024-04-23T16:50:00.000Z,2024-04-23T17:43:00.000Z,SELL,0.01,1,1,10.00,1,19160.00
2024-04-23T17:43:00.000Z,2024-04-25T06:14:00.000Z,SELL,0.01,3,1,10.00,3,19170.00
2024-04-25T06:14:00.000Z,2024-04-25T17:35:00.000Z,SELL,0.01,2,1,10.00,2,19180.00
2024-04-25T17:35:00.000Z,2024-04-25T19:20:00.000Z,SELL,0.01,1,1,10.00,1,19190.00
2024-04-25T19:20:00.000Z,2024-04-30T10:40:00.000Z,SELL,0.01,5,1,10.00,5,19200.00
2024-04-30T10:40:00.000Z,2024-04-30T15:30:00.000Z,SELL,0.01,1,1,10.00,1,19210.00
2024-04-30T15:30:00.000Z,2024-04-30T17:56:00.000Z,SELL,0.01,1,1,10.00,1,19220.00
2024-04-30T17:56:00.000Z,2024-04-30T23:35:00.000Z,SELL,0.01,1,1,10.00,1,19230.00
2024-04-30T23:35:00.000Z,2024-05-01T21:34:00.000Z,SELL,0.01,2,1,10.00,2,19240.00
2024-05-01T21:34:00.000Z,2024-05-02T11:28:00.000Z,SELL,0.01,1,1,10.00,1,19250.00
2024-05-02T11:28:00.000Z,2024-05-02T15:59:00.000Z,SELL,0.01,1,1,10.00,1,19260.00
2024-05-02T15:59:00.000Z,2024-05-03T16:33:00.000Z,SELL,0.01,3,1,10.00,3,19270.00
2024-05-03T16:33:00.000Z,2024-05-06T05:04:00.000Z,SELL,0.01,2,1,10.00,2,19280.00
2024-05-06T05:04:00.000Z,2024-05-08T11:00:00.000Z,SELL,0.01,1,1,10.00,1,19290.00
2024-05-08T11:00:00.000Z,2024-05-09T17:14:00.000Z,SELL,0.01,2,1,10.00,2,19300.00
2024-05-09T17:14:00.000Z,2024-05-10T09:42:00.000Z,SELL,0.01,2,1,10.00,2,19310.00
2024-05-10T09:42:00.000Z,2024-05-13T08:00:00.000Z,SELL,0.01,1,1,10.00,1,19320.00
2024-05-13T08:00:00.000Z,2024-05-13T11:29:00.000Z,SELL,0.01,1,1,10.00,1,19330.00
2024-05-13T11:29:00.000Z,2024-05-13T18:29:00.000Z,SELL,0.01,1,1,10.00,1,19340.00
2024-05-13T18:29:00.000Z,2024-05-15T10:30:00.000Z,SELL,0.01,2,1,10.00,2,19350.00
2024-05-15T10:30:00.000Z,2024-05-15T16:54:00.000Z,SELL,0.01,1,1,10.00,1,19360.00
2024-05-15T16:54:00.000Z,2024-05-15T18:20:00.000Z,SELL,0.01,2,1,10.00,2,19370.00
2024-05-15T18:20:00.000Z,2024-05-16T16:34:00.000Z,SELL,0.01,1,1,10.00,1,19380.00
2024-05-16T16:34:00.000Z,2024-05-17T16:17:00.000Z,SELL,0.01,2,1,10.00,2,19390.00
2024-05-17T16:17:00.000Z,2024-05-20T04:00:00.000Z,SELL,0.01,2,1,10.00,2,19400.00
2024-05-20T04:00:00.000Z,2024-05-20T15:10:00.000Z,SELL,0.01,1,1,10.00,1,19410.00
2024-05-20T15:10:00.000Z,2024-05-20T15:42:00.000Z,SELL,0.01,1,1,10.00,1,19420.00
2024-05-20T15:42:00.000Z,2024-05-22T17:07:00.000Z,SELL,0.01,5,1,10.00,5,19430.00
2024-05-22T17:07:00.000Z,2024-05-22T17:16:00.000Z,SELL,0.01,1,1,10.00,1,19440.00
2024-05-22T17:16:00.000Z,2024-05-22T21:22:00.000Z,SELL,0.01,1,1,10.00,1,19450.00
2024-05-22T21:22:00.000Z,2024-05-23T04:26:00.000Z,SELL,0.01,1,1,10.00,1,19460.00
2024-05-23T04:26:00.000Z,2024-05-23T08:50:00.000Z,SELL,0.01,1,1,10.00,1,19470.00
2024-05-23T08:50:00.000Z,2024-05-23T16:51:00.000Z,SELL,0.01,1,1,10.00,1,19480.00
2024-05-23T16:51:00.000Z,2024-05-23T18:25:00.000Z,SELL,0.01,1,1,10.00,1,19490.00
2024-05-23T18:25:00.000Z,2024-05-23T23:02:00.000Z,SELL,0.01,1,1,10.00,1,19500.00
2024-05-23T23:02:00.000Z,2024-05-28T16:18:00.000Z,SELL,0.01,2,1,10.00,2,19510.00
2024-05-28T16:18:00.000Z,2024-05-28T17:03:00.000Z,SELL,0.01,1,1,10.00,1,19520.00
2024-05-28T17:03:00.000Z,2024-05-29T14:53:00.000Z,SELL,0.01,1,1,10.00,1,19530.00
2024-05-29T14:53:00.000Z,2024-05-30T05:41:00.000Z,SELL,0.01,1,1,10.00,1,19540.00
2024-05-30T05:41:00.000Z,2024-06-03T08:40:00.000Z,SELL,0.01,3,1,10.00,3,19550.00
2024-06-03T08:40:00.000Z,2024-06-03T19:59:00.000Z,SELL,0.01,2,1,10.00,2,19560.00
2024-06-03T19:59:00.000Z,2024-06-04T10:58:00.000Z,SELL,0.01,1,1,10.00,1,19570.00
2024-06-04T10:58:00.000Z,2024-06-04T12:11:00.000Z,SELL,0.01,1,1,10.00,1,19580.00
2024-06-04T12:11:00.000Z,2024-06-04T17:15:00.000Z,SELL,0.01,1,1,10.00,1,19590.00
2024-06-04T17:15:00.000Z,2024-06-05T17:37:00.000Z,SELL,0.01,2,1,10.00,2,19600.00
2024-06-05T17:37:00.000Z,2024-06-07T03:53:00.000Z,SELL,0.01,2,1,10.00,2,19610.00
2024-06-07T03:53:00.000Z,2024-06-07T11:02:00.000Z,SELL,0.01,1,1,10.00,1,19620.00
2024-06-07T11:02:00.000Z,2024-06-07T11:04:00.000Z,SELL,0.01,1,1,10.00,1,19630.00
2024-06-07T11:04:00.000Z,2024-06-07T11:38:00.000Z,SELL,0.01,1,1,10.00,1,19640.00
2024-06-07T11:38:00.000Z,2024-06-07T12:27:00.000Z,SELL,0.01,1,1,10.00,1,19650.00
2024-06-07T12:27:00.000Z,2024-06-07T15:30:00.000Z,SELL,0.01,1,1,10.00,1,19660.00
2024-06-07T15:30:00.000Z,2024-06-07T15:30:00.000Z,SELL,0.01,1,1,10.00,1,19670.00
2024-06-07T15:30:00.000Z,2024-06-07T16:56:00.000Z,SELL,0.01,1,1,10.00,1,19680.00
2024-06-07T16:56:00.000Z,2024-06-07T22:13:00.000Z,SELL,0.01,1,1,10.00,1,19690.00
2024-06-07T22:13:00.000Z,2024-06-07T23:13:00.000Z,SELL,0.01,1,1,10.00,1,19700.00
2024-06-07T23:13:00.000Z,2024-06-11T15:32:00.000Z,SELL,0.01,2,1,10.00,2,19710.00
2024-06-11T15:32:00.000Z,2024-06-11T19:26:00.000Z,SELL,0.01,1,1,10.00,1,19720.00
2024-06-11T19:26:00.000Z,2024-06-12T15:54:00.000Z,SELL,0.01,2,1,10.00,2,19730.00
2024-06-12T15:54:00.000Z,2024-06-12T16:45:00.000Z,SELL,0.01,1,1,10.00,1,19740.00
2024-06-12T16:45:00.000Z,2024-06-12T22:28:00.000Z,SELL,0.01,1,1,10.00,1,19750.00
2024-06-12T22:28:00.000Z,2024-06-13T14:45:00.000Z,SELL,0.01,1,1,10.00,1,19760.00
2024-06-13T14:45:00.000Z,2024-06-13T19:24:00.000Z,SELL,0.01,3,1,10.00,3,19770.00
2024-06-13T19:24:00.000Z,2024-06-14T13:19:00.000Z,SELL,0.01,2,1,10.00,2,19780.00
2024-06-14T13:19:00.000Z,2024-06-17T09:39:00.000Z,SELL,0.01,1,1,10.00,1,19790.00
2024-06-17T09:39:00.000Z,2024-06-20T09:51:00.000Z,SELL,0.01,2,1,10.00,2,19800.00
2024-06-20T09:51:00.000Z,2024-06-20T11:09:00.000Z,SELL,0.01,1,1,10.00,1,19810.00
2024-06-20T11:09:00.000Z,2024-06-20T18:08:00.000Z,SELL,0.01,2,1,10.00,2,19820.00
2024-06-20T18:08:00.000Z,2024-06-20T18:20:00.000Z,SELL,0.01,1,1,10.00,1,19830.00
2024-06-20T18:20:00.000Z,2024-06-21T16:45:00.000Z,SELL,0.01,1,1,10.00,1,19840.00
2024-06-21T16:45:00.000Z,2024-06-21T17:02:00.000Z,SELL,0.01,1,1,10.00,1,19850.00
2024-06-21T17:02:00.000Z,2024-06-21T18:17:00.000Z,SELL,0.01,1,1,10.00,1,19860.00
2024-06-21T18:17:00.000Z,2024-06-26T04:39:00.000Z,SELL,0.01,1,1,10.00,1,19870.00
2024-06-26T04:39:00.000Z,2024-06-26T16:11:00.000Z,SELL,0.01,1,1,10.00,1,19880.00
2024-06-26T16:11:00.000Z,2024-06-28T13:24:00.000Z,SELL,0.01,2,1,10.00,2,19890.00
2024-06-28T13:24:00.000Z,2024-06-28T17:42:00.000Z,SELL,0.01,1,1,10.00,1,19900.00
2024-06-28T17:42:00.000Z,2024-07-03T15:35:00.000Z,SELL,0.01,2,1,10.00,2,19910.00
2024-07-03T15:35:00.000Z,2024-07-05T16:42:00.000Z,SELL,0.01,2,1,10.00,2,19920.00
2024-07-05T16:42:00.000Z,2024-07-08T11:39:00.000Z,SELL,0.01,1,1,10.00,1,19930.00
2024-07-08T11:39:00.000Z,2024-07-08T18:45:00.000Z,SELL,0.01,1,1,10.00,1,19940.00
2024-07-08T18:45:00.000Z,2024-07-08T18:53:00.000Z,SELL,0.01,1,1,10.00,1,19950.00
2024-07-08T18:53:00.000Z,2024-07-10T16:47:00.000Z,SELL,0.01,2,1,10.00,2,19960.00
2024-07-10T16:47:00.000Z,2024-07-10T20:21:00.000Z,SELL,0.01,1,1,10.00,1,19970.00
2024-07-10T20:21:00.000Z,2024-07-11T15:37:00.000Z,SELL,0.01,2,1,10.00,2,19980.00
2024-07-11T15:37:00.000Z,2024-07-12T15:31:00.000Z,SELL,0.01,3,1,10.00,3,19990.00
2024-07-12T15:31:00.000Z,2024-07-15T17:09:00.000Z,SELL,0.01,2,1,10.00,2,20000.00
2024-07-15T17:09:00.000Z,2024-07-16T17:57:00.000Z,SELL,0.01,2,1,10.00,2,20010.00
2024-07-16T17:57:00.000Z,2024-07-17T16:59:00.000Z,SELL,0.01,2,1,10.00,2,20020.00
2024-07-17T16:59:00.000Z,2024-07-17T17:10:00.000Z,SELL,0.01,1,1,10.00,1,20030.00
2024-07-17T17:10:00.000Z,2024-07-17T17:57:00.000Z,SELL,0.01,1,1,10.00,1,20040.00
2024-07-17T17:57:00.000Z,2024-07-17T21:02:00.000Z,SELL,0.01,1,1,10.00,1,20050.00
2024-07-17T21:02:00.000Z,2024-07-18T22:16:00.000Z,SELL,0.01,3,1,10.00,3,20060.00
2024-07-18T22:16:00.000Z,2024-07-19T03:04:00.000Z,SELL,0.01,1,1,10.00,1,20070.00
2024-07-19T03:04:00.000Z,2024-07-19T04:28:00.000Z,SELL,0.01,1,1,10.00,1,20080.00
2024-07-19T04:28:00.000Z,2024-07-19T13:09:00.000Z,SELL,0.01,1,1,10.00,1,20090.00
2024-07-19T13:09:00.000Z,2024-07-19T16:06:00.000Z,SELL,0.01,1,1,10.00,1,20100.00
2024-07-19T16:06:00.000Z,2024-07-22T15:33:00.000Z,SELL,0.01,1,1,10.00,1,20110.00
2024-07-22T15:33:00.000Z,2024-07-24T15:33:00.000Z,SELL,0.01,2,1,10.00,2,20120.00
2024-07-24T15:33:00.000Z,2024-07-24T20:55:00.000Z,SELL,0.01,1,1,10.00,1,20130.00
2024-07-24T20:55:00.000Z,2024-07-24T22:56:00.000Z,SELL,0.01,1,1,10.00,1,20140.00
2024-07-24T22:56:00.000Z,2024-07-25T04:26:00.000Z,SELL,0.01,1,1,10.00,1,20150.00
2024-07-25T04:26:00.000Z,2024-07-25T04:39:00.000Z,SELL,0.01,1,1,10.00,1,20160.00
2024-07-25T04:39:00.000Z,2024-07-25T06:20:00.000Z,SELL,0.01,1,1,10.00,1,20170.00
2024-07-25T06:20:00.000Z,2024-07-25T17:15:00.000Z,SELL,0.01,1,1,10.00,1,20180.00
2024-07-25T17:15:00.000Z,2024-07-26T17:11:00.000Z,SELL,0.01,2,1,10.00,2,20190.00
2024-07-26T17:11:00.000Z,2024-07-29T18:13:00.000Z,SELL,0.01,1,1,10.00,1,20200.00
2024-07-29T18:13:00.000Z,2024-07-30T20:01:00.000Z,SELL,0.01,2,1,10.00,2,20210.00
2024-07-30T20:01:00.000Z,2024-07-31T22:21:00.000Z,SELL,0.01,2,1,10.00,2,20220.00
2024-07-31T22:21:00.000Z,2024-08-02T15:30:00.000Z,SELL,0.01,4,1,10.00,4,20230.00
2024-08-02T15:30:00.000Z,2024-08-02T16:15:00.000Z,SELL,0.01,1,1,10.00,1,20240.00
2024-08-02T16:15:00.000Z,2024-08-02T17:34:00.000Z,SELL,0.01,1,1,10.00,1,20250.00
2024-08-02T17:34:00.000Z,2024-08-02T17:43:00.000Z,SELL,0.01,1,1,10.00,1,20260.00
2024-08-02T17:43:00.000Z,2024-08-02T18:07:00.000Z,SELL,0.01,1,1,10.00,1,20270.00
2024-08-02T18:07:00.000Z,2024-08-02T18:13:00.000Z,SELL,0.01,1,1,10.00,1,20280.00
2024-08-02T18:13:00.000Z,2024-08-05T06:05:00.000Z,SELL,0.01,4,1,10.00,4,20290.00
2024-08-05T06:05:00.000Z,2024-08-05T08:46:00.000Z,SELL,0.01,1,1,10.00,1,20300.00
2024-08-05T08:46:00.000Z,2024-08-05T09:18:00.000Z,SELL,0.01,1,1,10.00,1,20310.00
2024-08-05T09:18:00.000Z,2024-08-05T13:48:00.000Z,SELL,0.01,1,1,10.00,1,20320.00
2024-08-05T13:48:00.000Z,2024-08-05T14:00:00.000Z,SELL,0.01,1,1,10.00,1,20330.00
2024-08-05T14:00:00.000Z,2024-08-05T14:23:00.000Z,SELL,0.01,1,1,10.00,1,20340.00
2024-08-05T14:23:00.000Z,2024-08-05T14:46:00.000Z,SELL,0.01,1,1,10.00,1,20350.00
2024-08-05T14:46:00.000Z,2024-08-05T15:21:00.000Z,SELL,0.01,1,1,10.00,1,20360.00
2024-08-05T15:21:00.000Z,2024-08-05T15:31:00.000Z,SELL,0.01,1,1,10.00,1,20370.00
2024-08-05T15:31:00.000Z,2024-08-05T16:39:00.000Z,SELL,0.01,2,1,10.00,2,20380.00
2024-08-05T16:39:00.000Z,2024-08-06T18:06:00.000Z,SELL,0.01,5,1,10.00,5,20390.00
2024-08-06T18:06:00.000Z,2024-08-08T15:22:00.000Z,SELL,0.01,4,1,10.00,4,20400.00
2024-08-08T15:22:00.000Z,2024-08-08T16:00:00.000Z,SELL,0.01,1,1,10.00,1,20410.00
2024-08-08T16:00:00.000Z,2024-08-09T17:35:00.000Z,SELL,0.01,2,1,10.00,2,20420.00
2024-08-09T17:35:00.000Z,2024-08-12T04:47:00.000Z,SELL,0.01,1,1,10.00,1,20430.00
2024-08-12T04:47:00.000Z,2024-08-12T16:47:00.000Z,SELL,0.01,2,1,10.00,2,20440.00
2024-08-12T16:47:00.000Z,2024-08-12T17:20:00.000Z,SELL,0.01,1,1,10.00,1,20450.00
2024-08-12T17:20:00.000Z,2024-08-13T02:18:00.000Z,SELL,0.01,2,1,10.00,2,20460.00
2024-08-13T02:18:00.000Z,2024-08-13T04:15:00.000Z,SELL,0.01,1,1,10.00,1,20470.00
2024-08-13T04:15:00.000Z,2024-08-14T16:20:00.000Z,SELL,0.01,1,1,10.00,1,20480.00
2024-08-14T16:20:00.000Z,2024-08-14T18:45:00.000Z,SELL,0.01,1,1,10.00,1,20490.00
2024-08-14T18:45:00.000Z,2024-08-15T16:10:00.000Z,SELL,0.01,3,1,10.00,3,20500.00
2024-08-15T16:10:00.000Z,2024-08-16T10:56:00.000Z,SELL,0.01,2,1,10.00,2,20510.00
2024-08-16T10:56:00.000Z,2024-08-16T16:41:00.000Z,SELL,0.01,2,1,10.00,2,20520.00
2024-08-16T16:41:00.000Z,2024-08-16T17:23:00.000Z,SELL,0.01,1,1,10.00,1,20530.00
2024-08-16T17:23:00.000Z,2024-08-20T10:45:00.000Z,SELL,0.01,2,1,10.00,2,20540.00
2024-08-20T10:45:00.000Z,2024-08-20T19:03:00.000Z,SELL,0.01,1,1,10.00,1,20550.00
2024-08-20T19:03:00.000Z,2024-08-22T16:21:00.000Z,SELL,0.01,1,1,10.00,1,20560.00
2024-08-22T16:21:00.000Z,2024-08-22T17:03:00.000Z,SELL,0.01,1,1,10.00,1,20570.00
2024-08-22T17:03:00.000Z,2024-08-22T17:22:00.000Z,SELL,0.01,1,1,10.00,1,20580.00
2024-08-22T17:22:00.000Z,2024-08-23T14:56:00.000Z,SELL,0.01,2,1,10.00,2,20590.00
2024-08-23T14:56:00.000Z,2024-09-02T05:30:00.000Z,SELL,0.01,5,1,10.00,5,20600.00
2024-09-02T05:30:00.000Z,2024-09-03T16:40:00.000Z,SELL,0.01,1,1,10.00,1,20610.00
2024-09-03T16:40:00.000Z,2024-09-05T11:21:00.000Z,SELL,0.01,2,1,10.00,2,20620.00
2024-09-05T11:21:00.000Z,2024-09-06T17:30:00.000Z,SELL,0.01,1,1,10.00,1,20630.00
2024-09-06T17:30:00.000Z,2024-09-06T19:22:00.000Z,SELL,0.01,1,1,10.00,1,20640.00
2024-09-06T19:22:00.000Z,2024-09-11T04:40:00.000Z,SELL,0.01,2,1,10.00,2,20650.00
2024-09-11T04:40:00.000Z,2024-09-11T15:30:00.000Z,SELL,0.01,1,1,10.00,1,20660.00
2024-09-11T15:30:00.000Z,2024-09-11T17:05:00.000Z,SELL,0.01,1,1,10.00,1,20670.00
2024-09-11T17:05:00.000Z,2024-09-12T15:45:00.000Z,SELL,0.01,2,1,10.00,2,20680.00
2024-09-12T15:45:00.000Z,2024-09-13T03:43:00.000Z,SELL,0.01,2,1,10.00,2,20690.00
2024-09-13T03:43:00.000Z,2024-09-18T21:10:00.000Z,SELL,0.01,4,1,10.00,4,20700.00
2024-09-18T21:10:00.000Z,2024-09-18T21:12:00.000Z,SELL,0.01,1,1,10.00,1,20710.00
2024-09-18T21:12:00.000Z,2024-09-18T22:01:00.000Z,SELL,0.01,1,1,10.00,1,20720.00
2024-09-18T22:01:00.000Z,2024-09-18T22:07:00.000Z,SELL,0.01,1,1,10.00,1,20730.00
2024-09-18T22:07:00.000Z,2024-09-18T22:46:00.000Z,SELL,0.01,1,1,10.00,1,20740.00
2024-09-18T22:46:00.000Z,2024-09-19T10:27:00.000Z,SELL,0.01,2,1,10.00,2,20750.00
2024-09-19T10:27:00.000Z,2024-09-19T16:51:00.000Z,SELL,0.01,1,1,10.00,1,20760.00
2024-09-19T16:51:00.000Z,2024-09-20T09:34:00.000Z,SELL,0.01,2,1,10.00,2,20770.00
2024-09-20T09:34:00.000Z,2024-09-23T06:25:00.000Z,SELL,0.01,2,1,10.00,2,20780.00
2024-09-23T06:25:00.000Z,2024-09-23T10:19:00.000Z,SELL,0.01,1,1,10.00,1,20790.00
2024-09-23T10:19:00.000Z,2024-09-24T19:09:00.000Z,SELL,0.01,2,1,10.00,2,20800.00
2024-09-24T19:09:00.000Z,2024-09-26T14:17:00.000Z,SELL,0.01,2,1,10.00,2,20810.00
2024-09-26T14:17:00.000Z,2024-09-26T15:40:00.000Z,SELL,0.01,1,1,10.00,1,20820.00
2024-09-26T15:40:00.000Z,2024-09-26T16:49:00.000Z,SELL,0.01,1,1,10.00,1,20830.00
2024-09-26T16:49:00.000Z,2024-09-27T18:03:00.000Z,SELL,0.01,1,1,10.00,1,20840.00
2024-09-27T18:03:00.000Z,2024-09-30T13:49:00.000Z,SELL,0.01,1,1,10.00,1,20850.00
2024-09-30T13:49:00.000Z,2024-09-30T21:14:00.000Z,SELL,0.01,1,1,10.00,1,20860.00
2024-09-30T21:14:00.000Z,2024-10-01T16:33:00.000Z,SELL,0.01,2,1,10.00,2,20870.00
2024-10-01T16:33:00.000Z,2024-10-02T08:28:00.000Z,SELL,0.01,1,1,10.00,1,20880.00
2024-10-02T08:28:00.000Z,2024-10-03T17:00:00.000Z,SELL,0.01,1,1,10.00,1,20890.00
2024-10-03T17:00:00.000Z,2024-10-04T18:10:00.000Z,SELL,0.01,4,1,10.00,4,20900.00
2024-10-04T18:10:00.000Z,2024-10-04T18:28:00.000Z,SELL,0.01,1,1,10.00,1,20910.00
2024-10-04T18:28:00.000Z,2024-10-04T19:32:00.000Z,SELL,0.01,1,1,10.00,1,20920.00
2024-10-04T19:32:00.000Z,2024-10-08T05:30:00.000Z,SELL,0.01,1,1,10.00,1,20930.00
2024-10-08T05:30:00.000Z,2024-10-08T17:27:00.000Z,SELL,0.01,1,1,10.00,1,20940.00
2024-10-08T17:27:00.000Z,2024-10-08T18:06:00.000Z,SELL,0.01,1,1,10.00,1,20950.00
2024-10-08T18:06:00.000Z,2024-10-08T18:34:00.000Z,SELL,0.01,1,1,10.00,1,20960.00
2024-10-08T18:34:00.000Z,2024-10-11T04:27:00.000Z,SELL,0.01,2,1,10.00,2,20970.00
2024-10-11T04:27:00.000Z,2024-10-14T09:28:00.000Z,SELL,0.01,2,1,10.00,2,20980.00
2024-10-14T09:28:00.000Z,2024-10-14T13:55:00.000Z,SELL,0.01,1,1,10.00,1,20990.00
2024-10-14T13:55:00.000Z,2024-10-14T17:51:00.000Z,SELL,0.01,1,1,10.00,1,21000.00
2024-10-14T17:51:00.000Z,2024-10-16T09:24:00.000Z,SELL,0.01,2,1,10.00,2,21010.00
2024-10-16T09:24:00.000Z,2024-10-18T04:49:00.000Z,SELL,0.01,2,1,10.00,2,21020.00
2024-10-18T04:49:00.000Z,2024-10-21T12:21:00.000Z,SELL,0.01,2,1,10.00,2,21030.00
2024-10-21T12:21:00.000Z,2024-10-21T17:43:00.000Z,SELL,0.01,1,1,10.00,1,21040.00
2024-10-21T17:43:00.000Z,2024-10-21T21:59:00.000Z,SELL,0.01,1,1,10.00,1,21050.00
2024-10-21T21:59:00.000Z,2024-10-22T19:56:00.000Z,SELL,0.01,2,1,10.00,2,21060.00
2024-10-22T19:56:00.000Z,2024-10-23T16:17:00.000Z,SELL,0.01,1,1,10.00,1,21070.00
2024-10-23T16:17:00.000Z,2024-10-23T17:22:00.000Z,SELL,0.01,1,1,10.00,1,21080.00
2024-10-23T17:22:00.000Z,2024-10-23T18:12:00.000Z,SELL,0.01,1,1,10.00,1,21090.00
2024-10-23T18:12:00.000Z,2024-10-25T20:54:00.000Z,SELL,0.01,2,1,10.00,2,21100.00
2024-10-25T20:54:00.000Z,2024-10-28T00:00:00.000Z,SELL,0.01,1,1,10.00,1,21110.00
2024-10-28T00:00:00.000Z,2024-10-29T16:00:00.000Z,SELL,0.01,2,1,10.00,2,21120.00
2024-10-29T16:00:00.000Z,2024-10-31T16:00:00.000Z,SELL,0.01,3,1,10.00,3,21130.00
2024-10-31T16:00:00.000Z,2024-10-31T16:39:00.000Z,SELL,0.01,1,1,10.00,1,21140.00
2024-10-31T16:39:00.000Z,2024-10-31T17:00:00.000Z,SELL,0.01,1,1,10.00,1,21150.00
2024-10-31T17:00:00.000Z,2024-11-06T08:26:00.000Z,SELL,0.01,3,1,10.00,3,21160.00
2024-11-06T08:26:00.000Z,2024-11-06T08:33:00.000Z,SELL,0.01,1,1,10.00,1,21170.00
2024-11-06T08:33:00.000Z,2024-11-06T08:37:00.000Z,SELL,0.01,1,1,10.00,1,21180.00
2024-11-06T08:37:00.000Z,2024-11-06T09:19:00.000Z,SELL,0.01,2,1,10.00,2,21190.00
2024-11-06T09:19:00.000Z,2024-11-06T09:42:00.000Z,SELL,0.01,1,1,10.00,1,21200.00
2024-11-06T09:42:00.000Z,2024-11-06T13:28:00.000Z,SELL,0.01,1,1,10.00,1,21210.00
2024-11-06T13:28:00.000Z,2024-11-06T13:53:00.000Z,SELL,0.01,1,1,10.00,1,21220.00
2024-11-06T13:53:00.000Z,2024-11-06T15:00:00.000Z,SELL,0.01,1,1,10.00,1,21230.00
2024-11-06T15:00:00.000Z,2024-11-06T15:14:00.000Z,SELL,0.01,1,1,10.00,1,21240.00
2024-11-06T15:14:00.000Z,2024-11-06T15:30:00.000Z,SELL,0.01,1,1,10.00,1,21250.00
2024-11-06T15:30:00.000Z,2024-11-06T15:38:00.000Z,SELL,0.01,1,1,10.00,1,21260.00
2024-11-06T15:38:00.000Z,2024-11-07T03:18:00.000Z,SELL,0.01,1,1,10.00,1,21270.00
2024-11-07T03:18:00.000Z,2024-11-07T15:23:00.000Z,SELL,0.01,2,1,10.00,2,21280.00
2024-11-07T15:23:00.000Z,2024-11-11T04:32:00.000Z,SELL,0.01,5,1,10.00,5,21290.00
2024-11-11T04:32:00.000Z,2024-11-11T13:02:00.000Z,SELL,0.01,1,1,10.00,1,21300.00
2024-11-11T13:02:00.000Z,2024-11-11T15:31:00.000Z,SELL,0.01,1,1,10.00,1,21310.00
2024-11-11T15:31:00.000Z,2024-11-11T15:35:00.000Z,SELL,0.01,1,1,10.00,1,21320.00
2024-11-11T15:35:00.000Z,2024-11-11T16:08:00.000Z,SELL,0.01,1,1,10.00,1,21330.00
2024-11-11T16:08:00.000Z,2024-11-11T16:44:00.000Z,SELL,0.01,1,1,10.00,1,21340.00
2024-11-11T16:44:00.000Z,2024-11-12T07:30:00.000Z,SELL,0.01,1,1,10.00,1,21350.00
2024-11-12T07:30:00.000Z,2024-11-12T09:37:00.000Z,SELL,0.01,1,1,10.00,1,21360.00
2024-11-12T09:37:00.000Z,2024-11-13T18:34:00.000Z,SELL,0.01,1,1,10.00,1,21370.00
2024-11-13T18:34:00.000Z,2024-11-13T19:26:00.000Z,SELL,0.01,1,1,10.00,1,21380.00
2024-11-13T19:26:00.000Z,2024-11-14T03:02:00.000Z,SELL,0.01,1,1,10.00,1,21390.00
2024-11-14T03:02:00.000Z,2024-11-14T07:37:00.000Z,SELL,0.01,1,1,10.00,1,21400.00
2024-11-14T07:37:00.000Z,2024-11-14T11:30:00.000Z,SELL,0.01,1,1,10.00,1,21410.00
2024-11-14T11:30:00.000Z,2024-11-14T11:51:00.000Z,SELL,0.01,1,1,10.00,1,21420.00
2024-11-14T11:51:00.000Z,2024-11-14T17:11:00.000Z,SELL,0.01,2,1,10.00,2,21430.00
2024-11-14T17:11:00.000Z,2024-11-15T08:09:00.000Z,SELL,0.01,1,1,10.00,1,21440.00
2024-11-15T08:09:00.000Z,2024-11-18T03:22:00.000Z,SELL,0.01,2,1,10.00,2,21450.00
2024-11-18T03:22:00.000Z,2024-11-19T03:13:00.000Z,SELL,0.01,2,1,10.00,2,21460.00
2024-11-19T03:13:00.000Z,2024-11-20T17:15:00.000Z,SELL,0.01,2,1,10.00,2,21470.00
2024-11-20T17:15:00.000Z,2024-11-22T03:00:00.000Z,SELL,0.01,2,1,10.00,2,21480.00
2024-11-22T03:00:00.000Z,2024-11-22T12:12:00.000Z,SELL,0.01,2,1,10.00,2,21490.00
2024-11-22T12:12:00.000Z,2024-11-22T13:41:00.000Z,SELL,0.01,1,1,10.00,1,21500.00
2024-11-22T13:41:00.000Z,2024-11-22T16:27:00.000Z,SELL,0.01,1,1,10.00,1,21510.00
2024-11-22T16:27:00.000Z,2024-11-25T01:28:00.000Z,SELL,0.01,2,1,10.00,2,21520.00
2024-11-25T01:28:00.000Z,2024-11-25T03:01:00.000Z,SELL,0.01,1,1,10.00,1,21530.00
2024-11-25T03:01:00.000Z,2024-11-25T03:31:00.000Z,SELL,0.01,1,1,10.00,1,21540.00
2024-11-25T03:31:00.000Z,2024-11-25T05:25:00.000Z,SELL,0.01,1,1,10.00,1,21550.00
2024-11-25T05:25:00.000Z,2024-11-25T05:28:00.000Z,SELL,0.01,1,1,10.00,1,21560.00
2024-11-25T05:28:00.000Z,2024-11-25T05:28:00.000Z,SELL,0.01,1,1,10.00,1,21570.00
2024-11-25T05:28:00.000Z,2024-11-25T16:15:00.000Z,SELL,0.01,3,1,10.00,3,21580.00
2024-11-25T16:15:00.000Z,2024-11-25T16:20:00.000Z,SELL,0.01,1,1,10.00,1,21590.00
2024-11-25T16:20:00.000Z,2024-11-25T16:44:00.000Z,SELL,0.01,1,1,10.00,1,21600.00
2024-11-25T16:44:00.000Z,2024-11-25T19:20:00.000Z,SELL,0.01,1,1,10.00,1,21610.00
2024-11-25T19:20:00.000Z,2024-11-26T01:42:00.000Z,SELL,0.01,1,1,10.00,1,21620.00
2024-11-26T01:42:00.000Z,2024-11-27T07:41:00.000Z,SELL,0.01,2,1,10.00,2,21630.00
2024-11-27T07:41:00.000Z,2024-11-27T21:40:00.000Z,SELL,0.01,1,1,10.00,1,21640.00
2024-11-27T21:40:00.000Z,2024-11-28T03:08:00.000Z,SELL,0.01,1,1,10.00,1,21650.00
2024-11-28T03:08:00.000Z,2024-11-29T04:13:00.000Z,SELL,0.01,2,1,10.00,2,21660.00
2024-11-29T04:13:00.000Z,2024-12-02T01:33:00.000Z,SELL,0.01,1,1,10.00,1,21670.00
2024-12-02T01:33:00.000Z,2024-12-02T02:43:00.000Z,SELL,0.01,1,1,10.00,1,21680.00
2024-12-02T02:43:00.000Z,2024-12-02T03:23:00.000Z,SELL,0.01,1,1,10.00,1,21690.00
2024-12-02T03:23:00.000Z,2024-12-03T15:56:00.000Z,SELL,0.01,2,1,10.00,2,21700.00
2024-12-03T15:56:00.000Z,2024-12-03T17:00:00.000Z,SELL,0.01,1,1,10.00,1,21710.00
2024-12-03T17:00:00.000Z,2024-12-04T15:04:00.000Z,SELL,0.01,1,1,10.00,1,21720.00
2024-12-04T15:04:00.000Z,2024-12-06T03:08:00.000Z,SELL,0.01,3,1,10.00,3,21730.00
2024-12-06T03:08:00.000Z,2024-12-06T03:10:00.000Z,SELL,0.01,1,1,10.00,1,21740.00
2024-12-06T03:10:00.000Z,2024-12-06T05:58:00.000Z,SELL,0.01,2,1,10.00,2,21750.00
2024-12-06T05:58:00.000Z,2024-12-06T15:31:00.000Z,SELL,0.01,1,1,10.00,1,21760.00
2024-12-06T15:31:00.000Z,2024-12-09T15:40:00.000Z,SELL,0.01,2,1,10.00,2,21770.00
2024-12-09T15:40:00.000Z,2024-12-10T18:59:00.000Z,SELL,0.01,2,1,10.00,2,21780.00
2024-12-10T18:59:00.000Z,2024-12-11T07:03:00.000Z,SELL,0.01,1,1,10.00,1,21790.00
2024-12-11T07:03:00.000Z,2024-12-11T17:12:00.000Z,SELL,0.01,2,1,10.00,2,21800.00
2024-12-11T17:12:00.000Z,2024-12-12T03:30:00.000Z,SELL,0.01,1,1,10.00,1,21810.00
2024-12-12T03:30:00.000Z,2024-12-12T16:13:00.000Z,SELL,0.01,1,1,10.00,1,21820.00
2024-12-12T16:13:00.000Z,2024-12-12T16:36:00.000Z,SELL,0.01,1,1,10.00,1,21830.00
2024-12-12T16:36:00.000Z,2024-12-13T11:20:00.000Z,SELL,0.01,1,1,10.00,1,21840.00
2024-12-13T11:20:00.000Z,2024-12-13T15:50:00.000Z,SELL,0.01,1,1,10.00,1,21850.00
2024-12-13T15:50:00.000Z,2024-12-13T22:20:00.000Z,SELL,0.01,1,1,10.00,1,21860.00
2024-12-13T22:20:00.000Z,2024-12-17T11:36:00.000Z,SELL,0.01,1,1,10.00,1,21870.00
2024-12-17T11:36:00.000Z,2024-12-18T21:00:00.000Z,SELL,0.01,1,1,10.00,1,21880.00
2024-12-18T21:00:00.000Z,2024-12-18T21:08:00.000Z,SELL,0.01,1,1,10.00,1,21890.00
2024-12-18T21:08:00.000Z,2024-12-18T21:50:00.000Z,SELL,0.01,1,1,10.00,1,21900.00
2024-12-18T21:50:00.000Z,2024-12-18T22:28:00.000Z,SELL,0.01,1,1,10.00,1,21910.00
2024-12-18T22:28:00.000Z,2024-12-18T22:36:00.000Z,SELL,0.01,1,1,10.00,1,21920.00
2024-12-18T22:36:00.000Z,2024-12-19T09:25:00.000Z,SELL,0.01,2,1,10.00,2,21930.00
2024-12-19T09:25:00.000Z,2024-12-19T14:43:00.000Z,SELL,0.01,1,1,10.00,1,21940.00
2024-12-19T14:43:00.000Z,2024-12-19T15:34:00.000Z,SELL,0.01,1,1,10.00,1,21950.00
2024-12-19T15:34:00.000Z,2024-12-19T17:36:00.000Z,SELL,0.01,1,1,10.00,1,21960.00
2024-12-19T17:36:00.000Z,2024-12-20T17:00:00.000Z,SELL,0.01,2,1,10.00,2,21970.00
2024-12-20T17:00:00.000Z,2024-12-30T15:58:00.000Z,SELL,0.01,3,1,10.00,3,21980.00
2024-12-30T15:58:00.000Z,2024-12-30T18:21:00.000Z,SELL,0.01,1,1,10.00,1,21990.00
2024-12-30T18:21:00.000Z,2025-01-02T03:05:00.000Z,SELL,0.01,2,1,10.00,2,22000.00
2025-01-02T03:05:00.000Z,2025-01-02T18:28:00.000Z,SELL,0.01,2,1,10.00,2,22010.00
2025-01-02T18:28:00.000Z,2025-01-03T15:38:00.000Z,SELL,0.01,1,1,10.00,1,22020.00
2025-01-03T15:38:00.000Z,2025-01-03T22:42:00.000Z,SELL,0.01,1,1,10.00,1,22030.00
2025-01-03T22:42:00.000Z,2025-01-06T09:32:00.000Z,SELL,0.01,1,1,10.00,1,22040.00
2025-01-06T09:32:00.000Z,2025-01-06T16:17:00.000Z,SELL,0.01,3,1,10.00,3,22050.00
2025-01-06T16:17:00.000Z,2025-01-07T13:09:00.000Z,SELL,0.01,2,1,10.00,2,22060.00
2025-01-07T13:09:00.000Z,2025-01-09T15:35:00.000Z,SELL,0.01,2,1,10.00,2,22070.00
2025-01-09T15:35:00.000Z,2025-01-09T18:58:00.000Z,SELL,0.01,1,1,10.00,1,22080.00
2025-01-09T18:58:00.000Z,2025-01-10T17:33:00.000Z,SELL,0.01,2,1,10.00,2,22090.00
2025-01-10T17:33:00.000Z,2025-01-10T20:30:00.000Z,SELL,0.01,1,1,10.00,1,22100.00
2025-01-10T20:30:00.000Z,2025-01-13T13:59:00.000Z,SELL,0.01,1,1,10.00,1,22110.00
2025-01-13T13:59:00.000Z,2025-01-13T14:32:00.000Z,SELL,0.01,1,1,10.00,1,22120.00
2025-01-13T14:32:00.000Z,2025-01-15T16:01:00.000Z,SELL,0.01,2,1,10.00,2,22130.00
2025-01-15T16:01:00.000Z,2025-01-15T16:21:00.000Z,SELL,0.01,1,1,10.00,1,22140.00
2025-01-15T16:21:00.000Z,2025-01-16T15:47:00.000Z,SELL,0.01,2,1,10.00,2,22150.00
2025-01-16T15:47:00.000Z,2025-01-17T11:53:00.000Z,SELL,0.01,1,1,10.00,1,22160.00
2025-01-17T11:53:00.000Z,2025-01-20T01:23:00.000Z,SELL,0.01,1,1,10.00,1,22170.00
2025-01-20T01:23:00.000Z,2025-01-21T04:39:00.000Z,SELL,0.01,2,1,10.00,2,22180.00
2025-01-21T04:39:00.000Z,2025-01-22T07:39:00.000Z,SELL,0.01,2,1,10.00,2,22190.00
2025-01-22T07:39:00.000Z,2025-01-23T11:25:00.000Z,SELL,0.01,1,1,10.00,1,22200.00
2025-01-23T11:25:00.000Z,2025-01-24T04:56:00.000Z,SELL,0.01,2,1,10.00,2,22210.00
2025-01-24T04:56:00.000Z,2025-01-27T01:08:00.000Z,SELL,0.01,1,1,10.00,1,22220.00
2025-01-27T01:08:00.000Z,2025-01-27T04:22:00.000Z,SELL,0.01,1,1,10.00,1,22230.00
2025-01-27T04:22:00.000Z,2025-01-27T17:04:00.000Z,SELL,0.01,1,1,10.00,1,22240.00
2025-01-27T17:04:00.000Z,2025-01-27T18:55:00.000Z,SELL,0.01,1,1,10.00,1,22250.00
2025-01-27T18:55:00.000Z,2025-01-28T21:27:00.000Z,SELL,0.01,2,1,10.00,2,22260.00
2025-01-28T21:27:00.000Z,2025-01-29T15:17:00.000Z,SELL,0.01,1,1,10.00,1,22270.00
2025-01-29T15:17:00.000Z,2025-01-30T15:41:00.000Z,SELL,0.01,2,1,10.00,2,22280.00
2025-01-30T15:41:00.000Z,2025-01-31T17:05:00.000Z,SELL,0.01,2,1,10.00,2,22290.00
2025-01-31T17:05:00.000Z,2025-01-31T19:11:00.000Z,SELL,0.01,1,1,10.00,1,22300.00
2025-01-31T19:11:00.000Z,2025-02-03T01:03:00.000Z,SELL,0.01,1,1,10.00,1,22310.00
2025-02-03T01:03:00.000Z,2025-02-03T03:11:00.000Z,SELL,0.01,1,1,10.00,1,22320.00
2025-02-03T03:11:00.000Z,2025-02-03T05:37:00.000Z,SELL,0.01,1,1,10.00,1,22330.00
2025-02-03T05:37:00.000Z,2025-02-03T13:09:00.000Z,SELL,0.01,2,1,10.00,2,22340.00
2025-02-03T13:09:00.000Z,2025-02-04T15:23:00.000Z,SELL,0.01,2,1,10.00,2,22350.00
2025-02-04T15:23:00.000Z,2025-02-05T09:58:00.000Z,SELL,0.01,2,1,10.00,2,22360.00
2025-02-05T09:58:00.000Z,2025-02-06T10:21:00.000Z,SELL,0.01,1,1,10.00,1,22370.00
2025-02-06T10:21:00.000Z,2025-02-06T16:59:00.000Z,SELL,0.01,1,1,10.00,1,22380.00
2025-02-06T16:59:00.000Z,2025-02-07T16:24:00.000Z,SELL,0.01,2,1,10.00,2,22390.00
2025-02-07T16:24:00.000Z,2025-02-07T18:42:00.000Z,SELL,0.01,1,1,10.00,1,22400.00
2025-02-07T18:42:00.000Z,2025-02-10T08:48:00.000Z,SELL,0.01,2,1,10.00,2,22410.00
2025-02-10T08:48:00.000Z,2025-02-11T02:51:00.000Z,SELL,0.01,2,1,10.00,2,22420.00
2025-02-11T02:51:00.000Z,2025-02-11T04:40:00.000Z,SELL,0.01,3,1,10.00,3,22430.00
2025-02-11T04:40:00.000Z,2025-02-11T14:08:00.000Z,SELL,0.01,1,1,10.00,1,22440.00
2025-02-11T14:08:00.000Z,2025-02-11T14:53:00.000Z,SELL,0.01,1,1,10.00,1,22450.00
2025-02-11T14:53:00.000Z,2025-02-12T12:43:00.000Z,SELL,0.01,1,1,10.00,1,22460.00
2025-02-12T12:43:00.000Z,2025-02-12T15:30:00.000Z,SELL,0.01,1,1,10.00,1,22470.00
2025-02-12T15:30:00.000Z,2025-02-12T18:53:00.000Z,SELL,0.01,2,1,10.00,2,22480.00
2025-02-12T18:53:00.000Z,2025-02-14T01:28:00.000Z,SELL,0.01,2,1,10.00,2,22490.00
2025-02-14T01:28:00.000Z,2025-02-14T15:44:00.000Z,SELL,0.01,1,1,10.00,1,22500.00
2025-02-14T15:44:00.000Z,2025-02-14T17:18:00.000Z,SELL,0.01,1,1,10.00,1,22510.00
2025-02-14T17:18:00.000Z,2025-02-14T17:27:00.000Z,SELL,0.01,1,1,10.00,1,22520.00
2025-02-14T17:27:00.000Z,2025-02-14T18:47:00.000Z,SELL,0.01,1,1,10.00,1,22530.00
2025-02-14T18:47:00.000Z,2025-02-14T21:51:00.000Z,SELL,0.01,1,1,10.00,1,22540.00
2025-02-14T21:51:00.000Z,2025-02-18T05:22:00.000Z,SELL,0.01,2,1,10.00,2,22550.00
2025-02-18T05:22:00.000Z,2025-02-19T10:36:00.000Z,SELL,0.01,2,1,10.00,2,22560.00
2025-02-19T10:36:00.000Z,2025-02-19T17:58:00.000Z,SELL,0.01,1,1,10.00,1,22570.00
2025-02-19T17:58:00.000Z,2025-02-19T20:23:00.000Z,SELL,0.01,1,1,10.00,1,22580.00
2025-02-19T20:23:00.000Z,2025-02-20T09:28:00.000Z,SELL,0.01,2,1,10.00,2,22590.00
2025-02-20T09:28:00.000Z,2025-02-20T15:45:00.000Z,SELL,0.01,1,1,10.00,1,22600.00
2025-02-20T15:45:00.000Z,2025-02-20T16:05:00.000Z,SELL,0.01,1,1,10.00,1,22610.00
2025-02-20T16:05:00.000Z,2025-02-21T10:21:00.000Z,SELL,0.01,3,1,10.00,3,22620.00
2025-02-21T10:21:00.000Z,2025-02-24T10:56:00.000Z,SELL,0.01,2,1,10.00,2,22630.00
2025-02-24T10:56:00.000Z,2025-02-24T12:43:00.000Z,SELL,0.01,1,1,10.00,1,22640.00
2025-02-24T12:43:00.000Z,2025-02-25T14:33:00.000Z,SELL,0.01,1,1,10.00,1,22650.00
2025-02-25T14:33:00.000Z,2025-02-25T17:21:00.000Z,SELL,0.01,1,1,10.00,1,22660.00
2025-02-25T17:21:00.000Z,2025-02-25T17:30:00.000Z,SELL,0.01,1,1,10.00,1,22670.00
2025-02-25T17:30:00.000Z,2025-02-25T18:07:00.000Z,SELL,0.01,1,1,10.00,1,22680.00
2025-02-25T18:07:00.000Z,2025-02-26T03:22:00.000Z,SELL,0.01,2,1,10.00,2,22690.00
2025-02-26T03:22:00.000Z,2025-02-26T03:57:00.000Z,SELL,0.01,1,1,10.00,1,22700.00
2025-02-26T03:57:00.000Z,2025-02-26T08:55:00.000Z,SELL,0.01,1,1,10.00,1,22710.00
2025-02-26T08:55:00.000Z,2025-02-26T16:11:00.000Z,SELL,0.01,1,1,10.00,1,22720.00
2025-02-26T16:11:00.000Z,2025-02-27T10:11:00.000Z,SELL,0.01,3,1,10.00,3,22730.00
2025-02-27T10:11:00.000Z,2025-02-27T16:46:00.000Z,SELL,0.01,1,1,10.00,1,22740.00
2025-02-27T16:46:00.000Z,2025-02-28T05:42:00.000Z,SELL,0.01,1,1,10.00,1,22750.00
2025-02-28T05:42:00.000Z,2025-02-28T10:15:00.000Z,SELL,0.01,1,1,10.00,1,22760.00
2025-02-28T10:15:00.000Z,2025-02-28T16:05:00.000Z,SELL,0.01,1,1,10.00,1,22770.00
2025-02-28T16:05:00.000Z,2025-02-28T16:55:00.000Z,SELL,0.01,1,1,10.00,1,22780.00
2025-02-28T16:55:00.000Z,2025-03-03T01:01:00.000Z,SELL,0.01,2,1,10.00,2,22790.00
2025-03-03T01:01:00.000Z,2025-03-03T23:29:00.000Z,SELL,0.01,2,1,10.00,2,22800.00
2025-03-03T23:29:00.000Z,2025-03-04T03:09:00.000Z,SELL,0.01,1,1,10.00,1,22810.00
2025-03-04T03:09:00.000Z,2025-03-04T10:30:00.000Z,SELL,0.01,2,1,10.00,2,22820.00
2025-03-04T10:30:00.000Z,2025-03-04T16:59:00.000Z,SELL,0.01,1,1,10.00,1,22830.00
2025-03-04T16:59:00.000Z,2025-03-05T15:50:00.000Z,SELL,0.01,1,1,10.00,1,22840.00
2025-03-05T15:50:00.000Z,2025-03-05T18:14:00.000Z,SELL,0.01,2,1,10.00,2,22850.00
2025-03-05T18:14:00.000Z,2025-03-05T19:57:00.000Z,SELL,0.01,1,1,10.00,1,22860.00
2025-03-05T19:57:00.000Z,2025-03-06T10:37:00.000Z,SELL,0.01,1,1,10.00,1,22870.00
2025-03-06T10:37:00.000Z,2025-03-06T11:55:00.000Z,SELL,0.01,1,1,10.00,1,22880.00
2025-03-06T11:55:00.000Z,2025-03-07T15:36:00.000Z,SELL,0.01,2,1,10.00,2,22890.00
2025-03-07T15:36:00.000Z,2025-03-07T15:57:00.000Z,SELL,0.01,1,1,10.00,1,22900.00
2025-03-07T15:57:00.000Z,2025-03-07T20:25:00.000Z,SELL,0.01,1,1,10.00,1,22910.00
2025-03-07T20:25:00.000Z,2025-03-10T19:10:00.000Z,SELL,0.01,1,1,10.00,1,22920.00
2025-03-10T19:10:00.000Z,2025-03-10T19:56:00.000Z,SELL,0.01,1,1,10.00,1,22930.00
2025-03-10T19:56:00.000Z,2025-03-11T12:03:00.000Z,SELL,0.01,2,1,10.00,2,22940.00
2025-03-11T12:03:00.000Z,2025-03-13T04:46:00.000Z,SELL,0.01,2,1,10.00,2,22950.00
2025-03-13T04:46:00.000Z,2025-03-13T17:02:00.000Z,SELL,0.01,2,1,10.00,2,22960.00
2025-03-13T17:02:00.000Z,2025-03-14T12:16:00.000Z,SELL,0.01,2,1,10.00,2,22970.00
2025-03-14T12:16:00.000Z,2025-03-14T12:39:00.000Z,SELL,0.01,1,1,10.00,1,22980.00
2025-03-14T12:39:00.000Z,2025-03-14T16:29:00.000Z,SELL,0.01,1,1,10.00,1,22990.00
2025-03-14T16:29:00.000Z,2025-03-18T05:13:00.000Z,SELL,0.01,2,1,10.00,2,23000.00
2025-03-18T05:13:00.000Z,2025-03-19T07:37:00.000Z,SELL,0.01,2,1,10.00,2,23010.00
2025-03-19T07:37:00.000Z,2025-03-19T10:10:00.000Z,SELL,0.01,1,1,10.00,1,23020.00
2025-03-19T10:10:00.000Z,2025-03-21T07:42:00.000Z,SELL,0.01,3,1,10.00,3,23030.00
2025-03-21T07:42:00.000Z,2025-03-21T15:48:00.000Z,SELL,0.01,1,1,10.00,1,23040.00
2025-03-21T15:48:00.000Z,2025-03-21T16:08:00.000Z,SELL,0.01,1,1,10.00,1,23050.00
2025-03-21T16:08:00.000Z,2025-03-24T12:25:00.000Z,SELL,0.01,2,1,10.00,2,23060.00
2025-03-24T12:25:00.000Z,2025-03-24T15:37:00.000Z,SELL,0.01,1,1,10.00,1,23070.00
2025-03-24T15:37:00.000Z,2025-03-24T16:34:00.000Z,SELL,0.01,1,1,10.00,1,23080.00
2025-03-24T16:34:00.000Z,2025-03-27T11:57:00.000Z,SELL,0.01,2,1,10.00,2,23090.00
2025-03-27T11:57:00.000Z,2025-03-28T03:48:00.000Z,SELL,0.01,2,1,10.00,2,23100.00
2025-03-28T03:48:00.000Z,2025-03-31T05:21:00.000Z,SELL,0.01,2,1,10.00,2,23110.00
2025-03-31T05:21:00.000Z,2025-04-01T04:01:00.000Z,SELL,0.01,4,1,10.00,4,23120.00
2025-04-01T04:01:00.000Z,2025-04-01T18:43:00.000Z,SELL,0.01,1,1,10.00,1,23130.00
2025-04-01T18:43:00.000Z,2025-04-01T19:06:00.000Z,SELL,0.01,1,1,10.00,1,23140.00
2025-04-01T19:06:00.000Z,2025-04-02T16:34:00.000Z,SELL,0.01,5,0,-2420.00,5,20720.00
2025-04-02T16:34:00.000Z,2025-04-02T16:47:00.000Z,SELL,0.01,1,1,10.00,1,20730.00
2025-04-02T16:47:00.000Z,2025-04-02T23:14:00.000Z,SELL,0.01,1,1,10.00,1,20740.00
2025-04-02T23:14:00.000Z,2025-04-02T23:29:00.000Z,SELL,0.01,2,1,10.00,2,20750.00
2025-04-02T23:29:00.000Z,2025-04-02T23:33:00.000Z,SELL,0.01,1,1,10.00,1,20760.00
2025-04-02T23:33:00.000Z,2025-04-03T02:29:00.000Z,SELL,0.01,2,1,10.00,2,20770.00
2025-04-03T02:29:00.000Z,2025-04-03T03:16:00.000Z,SELL,0.01,1,1,10.00,1,20780.00
2025-04-03T03:16:00.000Z,2025-04-03T08:01:00.000Z,SELL,0.01,1,1,10.00,1,20790.00
2025-04-03T08:01:00.000Z,2025-04-03T08:26:00.000Z,SELL,0.01,1,1,10.00,1,20800.00
2025-04-03T08:26:00.000Z,2025-04-03T09:30:00.000Z,SELL,0.01,1,1,10.00,1,20810.00
2025-04-03T09:30:00.000Z,2025-04-03T13:26:00.000Z,SELL,0.01,1,1,10.00,1,20820.00
2025-04-03T13:26:00.000Z,2025-04-03T13:58:00.000Z,SELL,0.01,1,1,10.00,1,20830.00
2025-04-03T13:58:00.000Z,2025-04-03T14:01:00.000Z,SELL,0.01,1,1,10.00,1,20840.00
2025-04-03T14:01:00.000Z,2025-04-03T15:26:00.000Z,SELL,0.01,1,1,10.00,1,20850.00
2025-04-03T15:26:00.000Z,2025-04-03T15:35:00.000Z,SELL,0.01,1,1,10.00,1,20860.00
2025-04-03T15:35:00.000Z,2025-04-03T16:12:00.000Z,SELL,0.01,1,1,10.00,1,20870.00
2025-04-03T16:12:00.000Z,2025-04-03T16:41:00.000Z,SELL,0.01,2,1,10.00,2,20880.00
2025-04-03T16:41:00.000Z,2025-04-03T17:15:00.000Z,SELL,0.01,2,1,10.00,2,20890.00
2025-04-03T17:15:00.000Z,2025-04-03T18:17:00.000Z,SELL,0.01,1,1,10.00,1,20900.00
2025-04-03T18:17:00.000Z,2025-04-04T05:39:00.000Z,SELL,0.01,1,1,10.00,1,20910.00
2025-04-04T05:39:00.000Z,2025-04-04T11:18:00.000Z,SELL,0.01,1,1,10.00,1,20920.00
2025-04-04T11:18:00.000Z,2025-04-04T14:06:00.000Z,SELL,0.01,2,1,10.00,2,20930.00
2025-04-04T14:06:00.000Z,2025-04-04T14:45:00.000Z,SELL,0.01,3,1,10.00,3,20940.00
2025-04-04T14:45:00.000Z,2025-04-04T14:45:00.000Z,SELL,0.01,1,1,10.00,1,20950.00
2025-04-04T14:45:00.000Z,2025-04-04T15:38:00.000Z,SELL,0.01,1,1,10.00,1,20960.00
2025-04-04T15:38:00.000Z,2025-04-04T15:40:00.000Z,SELL,0.01,1,1,10.00,1,20970.00
2025-04-04T15:40:00.000Z,2025-04-04T16:35:00.000Z,SELL,0.01,1,1,10.00,1,20980.00
2025-04-04T16:35:00.000Z,2025-04-04T17:01:00.000Z,SELL,0.01,1,1,10.00,1,20990.00
2025-04-04T17:01:00.000Z,2025-04-04T17:15:00.000Z,SELL,0.01,1,1,10.00,1,21000.00
2025-04-04T17:15:00.000Z,2025-04-04T17:49:00.000Z,SELL,0.01,1,1,10.00,1,21010.00
2025-04-04T17:49:00.000Z,2025-04-04T18:29:00.000Z,SELL,0.01,1,1,10.00,1,21020.00
2025-04-04T18:29:00.000Z,2025-04-07T01:00:00.000Z,SELL,0.01,1,1,10.00,1,21030.00
2025-04-07T01:00:00.000Z,2025-04-07T01:06:00.000Z,SELL,0.01,3,1,10.00,3,21040.00
2025-04-07T01:06:00.000Z,2025-04-07T01:06:00.000Z,SELL,0.01,1,1,10.00,1,21050.00
2025-04-07T01:06:00.000Z,2025-04-07T01:06:00.000Z,SELL,0.01,1,1,10.00,1,21060.00
2025-04-07T01:06:00.000Z,2025-04-07T01:06:00.000Z,SELL,0.01,2,1,10.00,2,21070.00
2025-04-07T01:06:00.000Z,2025-04-07T01:07:00.000Z,SELL,0.01,1,1,10.00,1,21080.00
2025-04-07T01:07:00.000Z,2025-04-07T02:22:00.000Z,SELL,0.01,3,1,10.00,3,21090.00
2025-04-07T02:22:00.000Z,2025-04-07T02:28:00.000Z,SELL,0.01,1,1,10.00,1,21100.00
2025-04-07T02:28:00.000Z,2025-04-07T03:10:00.000Z,SELL,0.01,3,1,10.00,3,21110.00
2025-04-07T03:10:00.000Z,2025-04-07T04:12:00.000Z,SELL,0.01,4,1,10.00,4,21120.00
2025-04-07T04:12:00.000Z,2025-04-07T04:35:00.000Z,SELL,0.01,2,1,10.00,2,21130.00
2025-04-07T04:35:00.000Z,2025-04-07T04:37:00.000Z,SELL,0.01,1,1,10.00,1,21140.00
2025-04-07T04:37:00.000Z,2025-04-07T04:44:00.000Z,SELL,0.01,2,1,10.00,2,21150.00
2025-04-07T04:44:00.000Z,2025-04-07T04:52:00.000Z,SELL,0.01,1,1,10.00,1,21160.00
2025-04-07T04:52:00.000Z,2025-04-07T05:37:00.000Z,SELL,0.01,1,1,10.00,1,21170.00
2025-04-07T05:37:00.000Z,2025-04-07T06:49:00.000Z,SELL,0.01,1,1,10.00,1,21180.00
2025-04-07T06:49:00.000Z,2025-04-07T16:35:00.000Z,SELL,0.01,5,1,10.00,5,21190.00
2025-04-07T16:35:00.000Z,2025-04-07T17:36:00.000Z,SELL,0.01,3,1,10.00,3,21200.00
2025-04-07T17:36:00.000Z,2025-04-07T18:10:00.000Z,SELL,0.01,1,1,10.00,1,21210.00
2025-04-07T18:10:00.000Z,2025-04-07T18:51:00.000Z,SELL,0.01,1,1,10.00,1,21220.00
2025-04-07T18:51:00.000Z,2025-04-07T19:59:00.000Z,SELL,0.01,1,1,10.00,1,21230.00
2025-04-07T19:59:00.000Z,2025-04-07T20:11:00.000Z,SELL,0.01,1,1,10.00,1,21240.00
2025-04-07T20:11:00.000Z,2025-04-08T03:30:00.000Z,SELL,0.01,2,1,10.00,2,21250.00
2025-04-08T03:30:00.000Z,2025-04-08T16:13:00.000Z,SELL,0.01,2,1,10.00,2,21260.00
2025-04-08T16:13:00.000Z,2025-04-08T16:37:00.000Z,SELL,0.01,1,1,10.00,1,21270.00
2025-04-08T16:37:00.000Z,2025-04-08T19:01:00.000Z,SELL,0.01,1,1,10.00,1,21280.00
2025-04-08T19:01:00.000Z,2025-04-08T19:39:00.000Z,SELL,0.01,1,1,10.00,1,21290.00
2025-04-08T19:39:00.000Z,2025-04-08T20:12:00.000Z,SELL,0.01,1,1,10.00,1,21300.00
2025-04-08T20:12:00.000Z,2025-04-09T04:57:00.000Z,SELL,0.01,2,1,10.00,2,21310.00
2025-04-09T04:57:00.000Z,2025-04-09T09:56:00.000Z,SELL,0.01,2,1,10.00,2,21320.00
2025-04-09T09:56:00.000Z,2025-04-09T15:00:00.000Z,SELL,0.01,2,1,10.00,2,21330.00
2025-04-09T15:00:00.000Z,2025-04-09T15:12:00.000Z,SELL,0.01,1,1,10.00,1,21340.00
2025-04-09T15:12:00.000Z,2025-04-09T15:32:00.000Z,SELL,0.01,1,1,10.00,1,21350.00
2025-04-09T15:32:00.000Z,2025-04-09T17:16:00.000Z,SELL,0.01,2,1,10.00,2,21360.00
2025-04-09T17:16:00.000Z,2025-04-09T18:00:00.000Z,SELL,0.01,1,1,10.00,1,21370.00
2025-04-09T18:00:00.000Z,2025-04-09T20:20:00.000Z,SELL,0.01,2,1,10.00,2,21380.00
2025-04-09T20:20:00.000Z,2025-04-09T20:22:00.000Z,SELL,0.01,1,1,10.00,1,21390.00
2025-04-09T20:22:00.000Z,2025-04-09T20:24:00.000Z,SELL,0.01,1,1,10.00,1,21400.00
2025-04-09T20:24:00.000Z,2025-04-09T20:29:00.000Z,SELL,0.01,1,1,10.00,1,21410.00
2025-04-09T20:29:00.000Z,2025-04-09T20:30:00.000Z,SELL,0.01,1,1,10.00,1,21420.00
2025-04-09T20:30:00.000Z,2025-04-09T22:10:00.000Z,SELL,0.01,2,1,10.00,2,21430.00
2025-04-09T22:10:00.000Z,2025-04-10T01:05:00.000Z,SELL,0.01,1,1,10.00,1,21440.00
2025-04-10T01:05:00.000Z,2025-04-10T05:09:00.000Z,SELL,0.01,2,1,10.00,2,21450.00
2025-04-10T05:09:00.000Z,2025-04-10T17:05:00.000Z,SELL,0.01,4,1,10.00,4,21460.00
2025-04-10T17:05:00.000Z,2025-04-10T18:25:00.000Z,SELL,0.01,2,1,10.00,2,21470.00
2025-04-10T18:25:00.000Z,2025-04-10T18:57:00.000Z,SELL,0.01,1,1,10.00,1,21480.00
2025-04-10T18:57:00.000Z,2025-04-11T01:33:00.000Z,SELL,0.01,2,1,10.00,2,21490.00
2025-04-11T01:33:00.000Z,2025-04-11T03:43:00.000Z,SELL,0.01,2,1,10.00,2,21500.00
2025-04-11T03:43:00.000Z,2025-04-11T03:51:00.000Z,SELL,0.01,1,1,10.00,1,21510.00
2025-04-11T03:51:00.000Z,2025-04-11T08:43:00.000Z,SELL,0.01,1,1,10.00,1,21520.00
2025-04-11T08:43:00.000Z,2025-04-11T11:23:00.000Z,SELL,0.01,2,1,10.00,2,21530.00
2025-04-11T11:23:00.000Z,2025-04-11T11:35:00.000Z,SELL,0.01,1,1,10.00,1,21540.00
2025-04-11T11:35:00.000Z,2025-04-14T04:36:00.000Z,SELL,0.01,5,0,-2420.00,5,19120.00
2025-04-14T04:36:00.000Z,2025-04-14T08:03:00.000Z,SELL,0.01,1,1,10.00,1,19130.00
2025-04-14T08:03:00.000Z,2025-04-14T13:20:00.000Z,SELL,0.01,1,1,10.00,1,19140.00
2025-04-14T13:20:00.000Z,2025-04-14T15:40:00.000Z,SELL,0.01,1,1,10.00,1,19150.00
2025-04-14T15:40:00.000Z,2025-04-14T16:16:00.000Z,SELL,0.01,1,1,10.00,1,19160.00
2025-04-14T16:16:00.000Z,2025-04-15T04:23:00.000Z,SELL,0.01,2,1,10.00,2,19170.00
2025-04-15T04:23:00.000Z,2025-04-15T15:26:00.000Z,SELL,0.01,1,1,10.00,1,19180.00
2025-04-15T15:26:00.000Z,2025-04-16T02:36:00.000Z,SELL,0.01,2,1,10.00,2,19190.00
2025-04-16T02:36:00.000Z,2025-04-16T04:06:00.000Z,SELL,0.01,2,1,10.00,2,19200.00
2025-04-16T04:06:00.000Z,2025-04-16T04:30:00.000Z,SELL,0.01,1,1,10.00,1,19210.00
2025-04-16T04:30:00.000Z,2025-04-16T09:35:00.000Z,SELL,0.01,2,1,10.00,2,19220.00
2025-04-16T09:35:00.000Z,2025-04-16T18:42:00.000Z,SELL,0.01,4,1,10.00,4,19230.00
2025-04-16T18:42:00.000Z,2025-04-17T01:11:00.000Z,SELL,0.01,2,1,10.00,2,19240.00
2025-04-17T01:11:00.000Z,2025-04-17T03:07:00.000Z,SELL,0.01,1,1,10.00,1,19250.00
2025-04-17T03:07:00.000Z,2025-04-17T04:31:00.000Z,SELL,0.01,1,1,10.00,1,19260.00
2025-04-17T04:31:00.000Z,2025-04-17T04:54:00.000Z,SELL,0.01,1,1,10.00,1,19270.00
2025-04-17T04:54:00.000Z,2025-04-17T11:35:00.000Z,SELL,0.01,3,1,10.00,3,19280.00
2025-04-17T11:35:00.000Z,2025-04-17T17:28:00.000Z,SELL,0.01,3,1,10.00,3,19290.00
2025-04-17T17:28:00.000Z,2025-04-17T17:32:00.000Z,SELL,0.01,1,1,10.00,1,19300.00
2025-04-17T17:32:00.000Z,2025-04-17T23:24:00.000Z,SELL,0.01,2,1,10.00,2,19310.00
2025-04-17T23:24:00.000Z,2025-04-21T01:20:00.000Z,SELL,0.01,2,1,10.00,2,19320.00
2025-04-21T01:20:00.000Z,2025-04-21T01:35:00.000Z,SELL,0.01,1,1,10.00,1,19330.00
2025-04-21T01:35:00.000Z,2025-04-21T04:00:00.000Z,SELL,0.01,2,1,10.00,2,19340.00
2025-04-21T04:00:00.000Z,2025-04-21T14:43:00.000Z,SELL,0.01,2,1,10.00,2,19350.00
2025-04-21T14:43:00.000Z,2025-04-22T01:11:00.000Z,SELL,0.01,2,1,10.00,2,19360.00
2025-04-22T01:11:00.000Z,2025-04-22T03:03:00.000Z,SELL,0.01,1,1,10.00,1,19370.00
2025-04-22T03:03:00.000Z,2025-04-22T04:39:00.000Z,SELL,0.01,2,1,10.00,2,19380.00
2025-04-22T04:39:00.000Z,2025-04-22T06:18:00.000Z,SELL,0.01,2,1,10.00,2,19390.00
2025-04-22T06:18:00.000Z,2025-04-22T10:05:00.000Z,SELL,0.01,1,1,10.00,1,19400.00
2025-04-22T10:05:00.000Z,2025-04-22T10:14:00.000Z,SELL,0.01,1,1,10.00,1,19410.00
2025-04-22T10:14:00.000Z,2025-04-22T11:44:00.000Z,SELL,0.01,1,1,10.00,1,19420.00
2025-04-22T11:44:00.000Z,2025-04-22T15:45:00.000Z,SELL,0.01,1,1,10.00,1,19430.00
2025-04-22T15:45:00.000Z,2025-04-22T15:51:00.000Z,SELL,0.01,1,1,10.00,1,19440.00
2025-04-22T15:51:00.000Z,2025-04-22T16:05:00.000Z,SELL,0.01,1,1,10.00,1,19450.00
2025-04-22T16:05:00.000Z,2025-04-22T16:45:00.000Z,SELL,0.01,3,1,10.00,3,19460.00
2025-04-22T16:45:00.000Z,2025-04-22T19:19:00.000Z,SELL,0.01,3,1,10.00,3,19470.00
2025-04-22T19:19:00.000Z,2025-04-22T19:26:00.000Z,SELL,0.01,1,1,10.00,1,19480.00
2025-04-22T19:26:00.000Z,2025-04-22T19:32:00.000Z,SELL,0.01,1,1,10.00,1,19490.00
2025-04-22T19:32:00.000Z,2025-04-22T20:27:00.000Z,SELL,0.01,2,1,10.00,2,19500.00
2025-04-22T20:27:00.000Z,2025-04-22T20:36:00.000Z,SELL,0.01,1,1,10.00,1,19510.00
2025-04-22T20:36:00.000Z,2025-04-22T21:22:00.000Z,SELL,0.01,1,1,10.00,1,19520.00
2025-04-22T21:22:00.000Z,2025-04-22T21:47:00.000Z,SELL,0.01,1,1,10.00,1,19530.00
2025-04-22T21:47:00.000Z,2025-04-22T22:32:00.000Z,SELL,0.01,1,1,10.00,1,19540.00
2025-04-22T22:32:00.000Z,2025-04-23T01:00:00.000Z,SELL,0.01,1,1,10.00,1,19550.00
2025-04-23T01:00:00.000Z,2025-04-23T01:00:00.000Z,SELL,0.01,1,1,10.00,1,19560.00
2025-04-23T01:00:00.000Z,2025-04-23T01:00:00.000Z,SELL,0.01,1,1,10.00,1,19570.00
2025-04-23T01:00:00.000Z,2025-04-23T01:00:00.000Z,SELL,0.01,1,1,10.00,1,19580.00
2025-04-23T01:00:00.000Z,2025-04-23T01:00:00.000Z,SELL,0.01,1,1,10.00,1,19590.00
2025-04-23T01:00:00.000Z,2025-04-23T02:19:00.000Z,SELL,0.01,4,1,10.00,4,19600.00
2025-04-23T02:19:00.000Z,2025-04-23T02:33:00.000Z,SELL,0.01,1,1,10.00,1,19610.00
2025-04-23T02:33:00.000Z,2025-04-23T03:54:00.000Z,SELL,0.01,2,1,10.00,2,19620.00
2025-04-23T03:54:00.000Z,2025-04-23T05:54:00.000Z,SELL,0.01,1,1,10.00,1,19630.00
2025-04-23T05:54:00.000Z,2025-04-23T06:04:00.000Z,SELL,0.01,1,1,10.00,1,19640.00
2025-04-23T06:04:00.000Z,2025-04-23T06:12:00.000Z,SELL,0.01,1,1,10.00,1,19650.00
2025-04-23T06:12:00.000Z,2025-04-23T08:40:00.000Z,SELL,0.01,1,1,10.00,1,19660.00
2025-04-23T08:40:00.000Z,2025-04-23T08:49:00.000Z,SELL,0.01,1,1,10.00,1,19670.00
2025-04-23T08:49:00.000Z,2025-04-23T09:51:00.000Z,SELL,0.01,1,1,10.00,1,19680.00
2025-04-23T09:51:00.000Z,2025-04-23T09:55:00.000Z,SELL,0.01,1,1,10.00,1,19690.00
2025-04-23T09:55:00.000Z,2025-04-23T12:04:00.000Z,SELL,0.01,2,1,10.00,2,19700.00
2025-04-23T12:04:00.000Z,2025-04-23T15:12:00.000Z,SELL,0.01,1,1,10.00,1,19710.00
2025-04-23T15:12:00.000Z,2025-04-23T16:07:00.000Z,SELL,0.01,1,1,10.00,1,19720.00
2025-04-23T16:07:00.000Z,2025-04-23T16:31:00.000Z,SELL,0.01,1,1,10.00,1,19730.00
2025-04-23T16:31:00.000Z,2025-04-23T16:40:00.000Z,SELL,0.01,1,1,10.00,1,19740.00
2025-04-23T16:40:00.000Z,2025-04-23T16:50:00.000Z,SELL,0.01,1,1,10.00,1,19750.00
2025-04-23T16:50:00.000Z,2025-04-23T17:01:00.000Z,SELL,0.01,1,1,10.00,1,19760.00
2025-04-23T17:01:00.000Z,2025-04-23T17:47:00.000Z,SELL,0.01,2,1,10.00,2,19770.00
2025-04-23T17:47:00.000Z,2025-04-23T18:03:00.000Z,SELL,0.01,1,1,10.00,1,19780.00
2025-04-23T18:03:00.000Z,2025-04-23T18:20:00.000Z,SELL,0.01,1,1,10.00,1,19790.00
2025-04-23T18:20:00.000Z,2025-04-23T19:47:00.000Z,SELL,0.01,2,1,10.00,2,19800.00
2025-04-23T19:47:00.000Z,2025-04-23T20:10:00.000Z,SELL,0.01,1,1,10.00,1,19810.00
2025-04-23T20:10:00.000Z,2025-04-23T20:26:00.000Z,SELL,0.01,1,1,10.00,1,19820.00
2025-04-23T20:26:00.000Z,2025-04-24T01:38:00.000Z,SELL,0.01,2,1,10.00,2,19830.00
2025-04-24T01:38:00.000Z,2025-04-24T04:05:00.000Z,SELL,0.01,2,1,10.00,2,19840.00
2025-04-24T04:05:00.000Z,2025-04-24T06:12:00.000Z,SELL,0.01,3,1,10.00,3,19850.00
2025-04-24T06:12:00.000Z,2025-04-24T06:34:00.000Z,SELL,0.01,1,1,10.00,1,19860.00
2025-04-24T06:34:00.000Z,2025-04-24T16:53:00.000Z,SELL,0.01,3,1,10.00,3,19870.00
2025-04-24T16:53:00.000Z,2025-04-24T22:47:00.000Z,SELL,0.01,2,1,10.00,2,19880.00
2025-04-24T22:47:00.000Z,2025-04-25T06:57:00.000Z,SELL,0.01,3,1,10.00,3,19890.00
2025-04-25T06:57:00.000Z,2025-04-25T07:03:00.000Z,SELL,0.01,1,1,10.00,1,19900.00
2025-04-25T07:03:00.000Z,2025-04-25T08:34:00.000Z,SELL,0.01,1,1,10.00,1,19910.00
2025-04-25T08:34:00.000Z,2025-04-25T08:48:00.000Z,SELL,0.01,1,1,10.00,1,19920.00
2025-04-25T08:48:00.000Z,2025-04-25T08:54:00.000Z,SELL,0.01,1,1,10.00,1,19930.00
2025-04-25T08:54:00.000Z,2025-04-25T16:01:00.000Z,SELL,0.01,3,1,10.00,3,19940.00
2025-04-25T16:01:00.000Z,2025-04-25T16:24:00.000Z,SELL,0.01,1,1,10.00,1,19950.00
2025-04-25T16:24:00.000Z,2025-04-25T22:37:00.000Z,SELL,0.01,2,1,10.00,2,19960.00
2025-04-25T22:37:00.000Z,2025-04-28T01:00:00.000Z,SELL,0.01,2,1,10.00,2,19970.00
2025-04-28T01:00:00.000Z,2025-04-28T01:23:00.000Z,SELL,0.01,1,1,10.00,1,19980.00
2025-04-28T01:23:00.000Z,2025-04-28T01:30:00.000Z,SELL,0.01,1,1,10.00,1,19990.00
2025-04-28T01:30:00.000Z,2025-04-28T02:21:00.000Z,SELL,0.01,1,1,10.00,1,20000.00
2025-04-28T02:21:00.000Z,2025-04-28T04:30:00.000Z,SELL,0.01,1,1,10.00,1,20010.00
2025-04-28T04:30:00.000Z,2025-04-28T04:42:00.000Z,SELL,0.01,1,1,10.00,1,20020.00
2025-04-28T04:42:00.000Z,2025-04-28T05:10:00.000Z,SELL,0.01,1,1,10.00,1,20030.00
2025-04-28T05:10:00.000Z,2025-04-28T08:00:00.000Z,SELL,0.01,2,1,10.00,2,20040.00
2025-04-28T08:00:00.000Z,2025-04-28T08:38:00.000Z,SELL,0.01,1,1,10.00,1,20050.00
2025-04-28T08:38:00.000Z,2025-04-28T10:05:00.000Z,SELL,0.01,1,1,10.00,1,20060.00
2025-04-28T10:05:00.000Z,2025-04-28T17:22:00.000Z,SELL,0.01,2,1,10.00,2,20070.00
2025-04-28T17:22:00.000Z,2025-04-28T19:42:00.000Z,SELL,0.01,2,1,10.00,2,20080.00
2025-04-28T19:42:00.000Z,2025-04-29T03:53:00.000Z,SELL,0.01,1,1,10.00,1,20090.00
2025-04-29T03:53:00.000Z,2025-04-29T06:00:00.000Z,SELL,0.01,1,1,10.00,1,20100.00
2025-04-29T06:00:00.000Z,2025-04-29T06:51:00.000Z,SELL,0.01,1,1,10.00,1,20110.00
2025-04-29T06:51:00.000Z,2025-04-30T11:11:00.000Z,SELL,0.01,3,1,10.00,3,20120.00
2025-04-30T11:11:00.000Z,2025-04-30T11:14:00.000Z,SELL,0.01,1,1,10.00,1,20130.00
2025-04-30T11:14:00.000Z,2025-04-30T12:53:00.000Z,SELL,0.01,1,1,10.00,1,20140.00
2025-04-30T12:53:00.000Z,2025-04-30T15:05:00.000Z,SELL,0.01,1,1,10.00,1,20150.00
2025-04-30T15:05:00.000Z,2025-04-30T15:46:00.000Z,SELL,0.01,2,1,10.00,2,20160.00
2025-04-30T15:46:00.000Z,2025-04-30T23:33:00.000Z,SELL,0.01,3,1,10.00,3,20170.00
2025-04-30T23:33:00.000Z,2025-05-01T01:14:00.000Z,SELL,0.01,1,1,10.00,1,20180.00
2025-05-01T01:14:00.000Z,2025-05-01T03:20:00.000Z,SELL,0.01,1,1,10.00,1,20190.00
2025-05-01T03:20:00.000Z,2025-05-01T03:24:00.000Z,SELL,0.01,1,1,10.00,1,20200.00
2025-05-01T03:24:00.000Z,2025-05-01T03:24:00.000Z,SELL,0.01,1,1,10.00,1,20210.00
2025-05-01T03:24:00.000Z,2025-05-01T04:07:00.000Z,SELL,0.01,1,1,10.00,1,20220.00
2025-05-01T04:07:00.000Z,2025-05-01T07:03:00.000Z,SELL,0.01,1,1,10.00,1,20230.00
2025-05-01T07:03:00.000Z,2025-05-01T13:12:00.000Z,SELL,0.01,1,1,10.00,1,20240.00
2025-05-01T13:12:00.000Z,2025-05-01T14:52:00.000Z,SELL,0.01,1,1,10.00,1,20250.00
2025-05-01T14:52:00.000Z,2025-05-01T23:14:00.000Z,SELL,0.01,4,1,10.00,4,20260.00
2025-05-01T23:14:00.000Z,2025-05-02T12:44:00.000Z,SELL,0.01,2,1,10.00,2,20270.00
2025-05-02T12:44:00.000Z,2025-05-02T15:30:00.000Z,SELL,0.01,1,1,10.00,1,20280.00
2025-05-02T15:30:00.000Z,2025-05-02T16:03:00.000Z,SELL,0.01,1,1,10.00,1,20290.00
2025-05-02T16:03:00.000Z,2025-05-02T18:43:00.000Z,SELL,0.01,1,1,10.00,1,20300.00
2025-05-02T18:43:00.000Z,2025-05-02T19:58:00.000Z,SELL,0.01,1,1,10.00,1,20310.00
2025-05-02T19:58:00.000Z,2025-05-05T04:05:00.000Z,SELL,0.01,2,1,10.00,2,20320.00
2025-05-05T04:05:00.000Z,2025-05-05T12:01:00.000Z,SELL,0.01,2,1,10.00,2,20330.00
2025-05-05T12:01:00.000Z,2025-05-05T13:04:00.000Z,SELL,0.01,2,1,10.00,2,20340.00
2025-05-05T13:04:00.000Z,2025-05-06T04:01:00.000Z,SELL,0.01,2,1,10.00,2,20350.00
2025-05-06T04:01:00.000Z,2025-05-06T04:41:00.000Z,SELL,0.01,2,1,10.00,2,20360.00
2025-05-06T04:41:00.000Z,2025-05-06T05:47:00.000Z,SELL,0.01,1,1,10.00,1,20370.00
2025-05-06T05:47:00.000Z,2025-05-06T06:06:00.000Z,SELL,0.01,1,1,10.00,1,20380.00
2025-05-06T06:06:00.000Z,2025-05-06T14:00:00.000Z,SELL,0.01,2,1,10.00,2,20390.00
2025-05-06T14:00:00.000Z,2025-05-06T15:16:00.000Z,SELL,0.01,1,1,10.00,1,20400.00
2025-05-06T15:16:00.000Z,2025-05-06T19:27:00.000Z,SELL,0.01,2,1,10.00,2,20410.00
2025-05-06T19:27:00.000Z,2025-05-06T23:54:00.000Z,SELL,0.01,2,1,10.00,2,20420.00
2025-05-06T23:54:00.000Z,2025-05-07T01:02:00.000Z,SELL,0.01,1,1,10.00,1,20430.00
2025-05-07T01:02:00.000Z,2025-05-07T01:07:00.000Z,SELL,0.01,1,1,10.00,1,20440.00
2025-05-07T01:07:00.000Z,2025-05-07T01:09:00.000Z,SELL,0.01,1,1,10.00,1,20450.00
2025-05-07T01:09:00.000Z,2025-05-07T01:28:00.000Z,SELL,0.01,1,1,10.00,1,20460.00
2025-05-07T01:28:00.000Z,2025-05-07T01:59:00.000Z,SELL,0.01,1,1,10.00,1,20470.00
2025-05-07T01:59:00.000Z,2025-05-07T03:42:00.000Z,SELL,0.01,3,1,10.00,3,20480.00
2025-05-07T03:42:00.000Z,2025-05-07T03:49:00.000Z,SELL,0.01,1,1,10.00,1,20490.00
2025-05-07T03:49:00.000Z,2025-05-07T05:22:00.000Z,SELL,0.01,4,1,10.00,4,20500.00
2025-05-07T05:22:00.000Z,2025-05-07T06:27:00.000Z,SELL,0.01,1,1,10.00,1,20510.00
2025-05-07T06:27:00.000Z,2025-05-07T06:30:00.000Z,SELL,0.01,1,1,10.00,1,20520.00
2025-05-07T06:30:00.000Z,2025-05-08T04:02:00.000Z,SELL,0.01,5,0,-2420.00,5,18100.00
2025-05-08T04:02:00.000Z,2025-05-08T08:04:00.000Z,SELL,0.01,3,1,10.00,3,18110.00
2025-05-08T08:04:00.000Z,2025-05-08T08:48:00.000Z,SELL,0.01,1,1,10.00,1,18120.00
2025-05-08T08:48:00.000Z,2025-05-08T08:54:00.000Z,SELL,0.01,1,1,10.00,1,18130.00
2025-05-08T08:54:00.000Z,2025-05-08T09:14:00.000Z,SELL,0.01,1,1,10.00,1,18140.00
2025-05-08T09:14:00.000Z,2025-05-08T09:16:00.000Z,SELL,0.01,1,1,10.00,1,18150.00
2025-05-08T09:16:00.000Z,2025-05-08T09:33:00.000Z,SELL,0.01,1,1,10.00,1,18160.00
2025-05-08T09:33:00.000Z,2025-05-08T16:03:00.000Z,SELL,0.01,2,1,10.00,2,18170.00
2025-05-08T16:03:00.000Z,2025-05-08T18:25:00.000Z,SELL,0.01,1,1,10.00,1,18180.00
2025-05-08T18:25:00.000Z,2025-05-08T18:41:00.000Z,SELL,0.01,1,1,10.00,1,18190.00
2025-05-08T18:41:00.000Z,2025-05-08T18:50:00.000Z,SELL,0.01,1,1,10.00,1,18200.00
2025-05-08T18:50:00.000Z,2025-05-08T19:11:00.000Z,SELL,0.01,1,1,10.00,1,18210.00
2025-05-08T19:11:00.000Z,2025-05-08T19:19:00.000Z,SELL,0.01,1,1,10.00,1,18220.00
2025-05-08T19:19:00.000Z,2025-05-08T20:31:00.000Z,SELL,0.01,1,1,10.00,1,18230.00
2025-05-08T20:31:00.000Z,2025-05-09T04:37:00.000Z,SELL,0.01,3,1,10.00,3,18240.00
2025-05-09T04:37:00.000Z,2025-05-09T05:12:00.000Z,SELL,0.01,1,1,10.00,1,18250.00
2025-05-09T05:12:00.000Z,2025-05-09T05:59:00.000Z,SELL,0.01,2,1,10.00,2,18260.00
2025-05-09T05:59:00.000Z,2025-05-09T14:27:00.000Z,SELL,0.01,2,1,10.00,2,18270.00
2025-05-09T14:27:00.000Z,2025-05-09T14:32:00.000Z,SELL,0.01,1,1,10.00,1,18280.00
2025-05-09T14:32:00.000Z,2025-05-12T01:00:00.000Z,SELL,0.01,3,1,10.00,3,18290.00
2025-05-12T01:00:00.000Z,2025-05-12T01:00:00.000Z,SELL,0.01,1,1,10.00,1,18300.00
2025-05-12T01:00:00.000Z,2025-05-12T01:00:00.000Z,SELL,0.01,1,1,10.00,1,18310.00
2025-05-12T01:00:00.000Z,2025-05-12T01:00:00.000Z,SELL,0.01,1,1,10.00,1,18320.00
2025-05-12T01:00:00.000Z,2025-05-12T01:00:00.000Z,SELL,0.01,1,1,10.00,1,18330.00
2025-05-12T01:00:00.000Z,2025-05-12T02:04:00.000Z,SELL,0.01,3,1,10.00,3,18340.00
2025-05-12T02:04:00.000Z,2025-05-12T10:01:00.000Z,SELL,0.01,3,1,10.00,3,18350.00
2025-05-12T10:01:00.000Z,2025-05-12T10:07:00.000Z,SELL,0.01,1,1,10.00,1,18360.00
2025-05-12T10:07:00.000Z,2025-05-12T10:24:00.000Z,SELL,0.01,1,1,10.00,1,18370.00
2025-05-12T10:24:00.000Z,2025-05-12T10:27:00.000Z,SELL,0.01,1,1,10.00,1,18380.00
2025-05-12T10:27:00.000Z,2025-05-12T12:55:00.000Z,SELL,0.01,1,1,10.00,1,18390.00
2025-05-12T12:55:00.000Z,2025-05-12T16:07:00.000Z,SELL,0.01,2,1,10.00,2,18400.00
2025-05-12T16:07:00.000Z,2025-05-12T16:31:00.000Z,SELL,0.01,1,1,10.00,1,18410.00
2025-05-12T16:31:00.000Z,2025-05-12T19:57:00.000Z,SELL,0.01,1,1,10.00,1,18420.00
2025-05-12T19:57:00.000Z,2025-05-13T08:11:00.000Z,SELL,0.01,2,1,10.00,2,18430.00
2025-05-13T08:11:00.000Z,2025-05-13T15:02:00.000Z,SELL,0.01,1,1,10.00,1,18440.00
2025-05-13T15:02:00.000Z,2025-05-13T16:40:00.000Z,SELL,0.01,1,1,10.00,1,18450.00
2025-05-13T16:40:00.000Z,2025-05-14T07:15:00.000Z,SELL,0.01,3,1,10.00,3,18460.00
2025-05-14T07:15:00.000Z,2025-05-14T15:13:00.000Z,SELL,0.01,3,1,10.00,3,18470.00
2025-05-14T15:13:00.000Z,2025-05-14T15:36:00.000Z,SELL,0.01,1,1,10.00,1,18480.00
2025-05-14T15:36:00.000Z,2025-05-14T15:46:00.000Z,SELL,0.01,1,1,10.00,1,18490.00
2025-05-14T15:46:00.000Z,2025-05-14T16:02:00.000Z,SELL,0.01,1,1,10.00,1,18500.00
2025-05-14T16:02:00.000Z,2025-05-14T21:56:00.000Z,SELL,0.01,1,1,10.00,1,18510.00
2025-05-14T21:56:00.000Z,2025-05-15T05:31:00.000Z,SELL,0.01,3,1,10.00,3,18520.00
2025-05-15T05:31:00.000Z,2025-05-15T05:46:00.000Z,SELL,0.01,1,1,10.00,1,18530.00
2025-05-15T05:46:00.000Z,2025-05-15T07:46:00.000Z,SELL,0.01,1,1,10.00,1,18540.00
2025-05-15T07:46:00.000Z,2025-05-15T08:45:00.000Z,SELL,0.01,1,1,10.00,1,18550.00
2025-05-15T08:45:00.000Z,2025-05-15T09:03:00.000Z,SELL,0.01,1,1,10.00,1,18560.00
2025-05-15T09:03:00.000Z,2025-05-15T09:50:00.000Z,SELL,0.01,2,1,10.00,2,18570.00
2025-05-15T09:50:00.000Z,2025-05-15T10:36:00.000Z,SELL,0.01,1,1,10.00,1,18580.00
2025-05-15T10:36:00.000Z,2025-05-15T10:45:00.000Z,SELL,0.01,1,1,10.00,1,18590.00
2025-05-15T10:45:00.000Z,2025-05-15T11:52:00.000Z,SELL,0.01,2,1,10.00,2,18600.00
2025-05-15T11:52:00.000Z,2025-05-15T16:04:00.000Z,SELL,0.01,2,1,10.00,2,18610.00
2025-05-15T16:04:00.000Z,2025-05-15T19:20:00.000Z,SELL,0.01,2,1,10.00,2,18620.00
2025-05-15T19:20:00.000Z,2025-05-16T01:55:00.000Z,SELL,0.01,2,1,10.00,2,18630.00
2025-05-16T01:55:00.000Z,2025-05-16T02:37:00.000Z,SELL,0.01,1,1,10.00,1,18640.00
2025-05-16T02:37:00.000Z,2025-05-16T04:10:00.000Z,SELL,0.01,1,1,10.00,1,18650.00
2025-05-16T04:10:00.000Z,2025-05-16T04:45:00.000Z,SELL,0.01,1,1,10.00,1,18660.00
2025-05-16T04:45:00.000Z,2025-05-16T06:11:00.000Z,SELL,0.01,1,1,10.00,1,18670.00
2025-05-16T06:11:00.000Z,2025-05-16T11:13:00.000Z,SELL,0.01,3,1,10.00,3,18680.00
2025-05-16T11:13:00.000Z,2025-05-16T13:49:00.000Z,SELL,0.01,1,1,10.00,1,18690.00
2025-05-16T13:49:00.000Z,2025-05-16T13:51:00.000Z,SELL,0.01,1,1,10.00,1,18700.00
2025-05-16T13:51:00.000Z,2025-05-16T14:53:00.000Z,SELL,0.01,1,1,10.00,1,18710.00
2025-05-16T14:53:00.000Z,2025-05-16T14:54:00.000Z,SELL,0.01,1,1,10.00,1,18720.00
2025-05-16T14:54:00.000Z,2025-05-16T19:57:00.000Z,SELL,0.01,2,1,10.00,2,18730.00
2025-05-16T19:57:00.000Z,2025-05-19T01:00:00.000Z,SELL,0.01,2,1,10.00,2,18740.00
2025-05-19T01:00:00.000Z,2025-05-19T01:01:00.000Z,SELL,0.01,1,1,10.00,1,18750.00
2025-05-19T01:01:00.000Z,2025-05-19T01:48:00.000Z,SELL,0.01,2,1,10.00,2,18760.00
2025-05-19T01:48:00.000Z,2025-05-19T02:49:00.000Z,SELL,0.01,1,1,10.00,1,18770.00
2025-05-19T02:49:00.000Z,2025-05-19T04:55:00.000Z,SELL,0.01,3,1,10.00,3,18780.00
2025-05-19T04:55:00.000Z,2025-05-19T07:05:00.000Z,SELL,0.01,1,1,10.00,1,18790.00
2025-05-19T07:05:00.000Z,2025-05-19T11:16:00.000Z,SELL,0.01,2,1,10.00,2,18800.00
2025-05-19T11:16:00.000Z,2025-05-19T16:33:00.000Z,SELL,0.01,1,1,10.00,1,18810.00
2025-05-19T16:33:00.000Z,2025-05-20T03:25:00.000Z,SELL,0.01,1,1,10.00,1,18820.00
2025-05-20T03:25:00.000Z,2025-05-20T05:47:00.000Z,SELL,0.01,1,1,10.00,1,18830.00
2025-05-20T05:47:00.000Z,2025-05-20T12:00:00.000Z,SELL,0.01,2,1,10.00,2,18840.00
2025-05-20T12:00:00.000Z,2025-05-20T17:03:00.000Z,SELL,0.01,2,1,10.00,2,18850.00
2025-05-20T17:03:00.000Z,2025-05-21T01:08:00.000Z,SELL,0.01,2,1,10.00,2,18860.00
2025-05-21T01:08:00.000Z,2025-05-21T04:25:00.000Z,SELL,0.01,1,1,10.00,1,18870.00
2025-05-21T04:25:00.000Z,2025-05-21T08:53:00.000Z,SELL,0.01,2,1,10.00,2,18880.00
2025-05-21T08:53:00.000Z,2025-05-21T11:09:00.000Z,SELL,0.01,1,1,10.00,1,18890.00
2025-05-21T11:09:00.000Z,2025-05-21T15:28:00.000Z,SELL,0.01,1,1,10.00,1,18900.00
2025-05-21T15:28:00.000Z,2025-05-22T04:04:00.000Z,SELL,0.01,2,1,10.00,2,18910.00
2025-05-22T04:04:00.000Z,2025-05-22T11:30:00.000Z,SELL,0.01,1,1,10.00,1,18920.00
2025-05-22T11:30:00.000Z,2025-05-22T12:24:00.000Z,SELL,0.01,1,1,10.00,1,18930.00
2025-05-22T12:24:00.000Z,2025-05-22T13:31:00.000Z,SELL,0.01,1,1,10.00,1,18940.00
2025-05-22T13:31:00.000Z,2025-05-22T14:00:00.000Z,SELL,0.01,1,1,10.00,1,18950.00
2025-05-22T14:00:00.000Z,2025-05-22T16:15:00.000Z,SELL,0.01,2,1,10.00,2,18960.00
2025-05-22T16:15:00.000Z,2025-05-22T16:45:00.000Z,SELL,0.01,1,1,10.00,1,18970.00
2025-05-22T16:45:00.000Z,2025-05-22T16:51:00.000Z,SELL,0.01,1,1,10.00,1,18980.00
2025-05-22T16:51:00.000Z,2025-05-22T17:00:00.000Z,SELL,0.01,1,1,10.00,1,18990.00
2025-05-22T17:00:00.000Z,2025-05-23T07:46:00.000Z,SELL,0.01,4,1,10.00,4,19000.00
2025-05-23T07:46:00.000Z,2025-05-23T14:49:00.000Z,SELL,0.01,2,1,10.00,2,19010.00
2025-05-23T14:49:00.000Z,2025-05-26T03:15:00.000Z,SELL,0.01,5,1,10.00,5,19020.00
2025-05-26T03:15:00.000Z,2025-05-26T12:26:00.000Z,SELL,0.01,3,1,10.00,3,19030.00
2025-05-26T12:26:00.000Z,2025-05-27T09:45:00.000Z,SELL,0.01,3,1,10.00,3,19040.00
2025-05-27T09:45:00.000Z,2025-05-27T10:08:00.000Z,SELL,0.01,1,1,10.00,1,19050.00
2025-05-27T10:08:00.000Z,2025-05-27T10:55:00.000Z,SELL,0.01,1,1,10.00,1,19060.00
2025-05-27T10:55:00.000Z,2025-05-28T11:14:00.000Z,SELL,0.01,4,1,10.00,4,19070.00
2025-05-28T11:14:00.000Z,2025-05-28T13:48:00.000Z,SELL,0.01,1,1,10.00,1,19080.00
2025-05-28T13:48:00.000Z,2025-05-28T16:40:00.000Z,SELL,0.01,1,1,10.00,1,19090.00
2025-05-28T16:40:00.000Z,2025-05-28T18:30:00.000Z,SELL,0.01,1,1,10.00,1,19100.00
2025-05-28T18:30:00.000Z,2025-05-28T23:51:00.000Z,SELL,0.01,1,1,10.00,1,19110.00
2025-05-28T23:51:00.000Z,2025-05-29T02:10:00.000Z,SELL,0.01,1,1,10.00,1,19120.00
2025-05-29T02:10:00.000Z,2025-05-29T02:23:00.000Z,SELL,0.01,1,1,10.00,1,19130.00
2025-05-29T02:23:00.000Z,2025-05-29T02:44:00.000Z,SELL,0.01,1,1,10.00,1,19140.00
2025-05-29T02:44:00.000Z,2025-05-29T10:15:00.000Z,SELL,0.01,2,1,10.00,2,19150.00
2025-05-29T10:15:00.000Z,2025-05-29T15:30:00.000Z,SELL,0.01,2,1,10.00,2,19160.00
2025-05-29T15:30:00.000Z,2025-05-30T05:21:00.000Z,SELL,0.01,1,1,10.00,1,19170.00
2025-05-30T05:21:00.000Z,2025-05-30T06:45:00.000Z,SELL,0.01,1,1,10.00,1,19180.00
2025-05-30T06:45:00.000Z,2025-05-30T16:53:00.000Z,SELL,0.01,1,1,10.00,1,19190.00
2025-05-30T16:53:00.000Z,2025-06-02T01:52:00.000Z,SELL,0.01,2,1,10.00,2,19200.00
2025-06-02T01:52:00.000Z,2025-06-02T09:41:00.000Z,SELL,0.01,2,1,10.00,2,19210.00
2025-06-02T09:41:00.000Z,2025-06-02T16:54:00.000Z,SELL,0.01,2,1,10.00,2,19220.00
2025-06-02T16:54:00.000Z,2025-06-03T06:44:00.000Z,SELL,0.01,3,1,10.00,3,19230.00
2025-06-03T06:44:00.000Z,2025-06-03T15:07:00.000Z,SELL,0.01,1,1,10.00,1,19240.00
2025-06-03T15:07:00.000Z,2025-06-03T17:00:00.000Z,SELL,0.01,1,1,10.00,1,19250.00
2025-06-03T17:00:00.000Z,2025-06-04T04:53:00.000Z,SELL,0.01,2,1,10.00,2,19260.00
2025-06-04T04:53:00.000Z,2025-06-04T06:45:00.000Z,SELL,0.01,1,1,10.00,1,19270.00
2025-06-04T06:45:00.000Z,2025-06-04T08:27:00.000Z,SELL,0.01,1,1,10.00,1,19280.00
2025-06-04T08:27:00.000Z,2025-06-04T17:40:00.000Z,SELL,0.01,2,1,10.00,2,19290.00
2025-06-04T17:40:00.000Z,2025-06-05T05:14:00.000Z,SELL,0.01,1,1,10.00,1,19300.00
2025-06-05T05:14:00.000Z,2025-06-05T13:57:00.000Z,SELL,0.01,2,1,10.00,2,19310.00
2025-06-05T13:57:00.000Z,2025-06-05T15:49:00.000Z,SELL,0.01,1,1,10.00,1,19320.00
2025-06-05T15:49:00.000Z,2025-06-05T15:50:00.000Z,SELL,0.01,1,1,10.00,1,19330.00
2025-06-05T15:50:00.000Z,2025-06-05T17:05:00.000Z,SELL,0.01,1,1,10.00,1,19340.00
2025-06-05T17:05:00.000Z,2025-06-05T18:31:00.000Z,SELL,0.01,1,1,10.00,1,19350.00
2025-06-05T18:31:00.000Z,2025-06-05T18:42:00.000Z,SELL,0.01,1,1,10.00,1,19360.00
2025-06-05T18:42:00.000Z,2025-06-06T17:02:00.000Z,SELL,0.01,3,1,10.00,3,19370.00
2025-06-06T17:02:00.000Z,2025-06-06T17:16:00.000Z,SELL,0.01,1,1,10.00,1,19380.00
2025-06-06T17:16:00.000Z,2025-06-06T17:23:00.000Z,SELL,0.01,1,1,10.00,1,19390.00
2025-06-06T17:23:00.000Z,2025-06-06T23:09:00.000Z,SELL,0.01,1,1,10.00,1,19400.00
2025-06-06T23:09:00.000Z,2025-06-09T04:58:00.000Z,SELL,0.01,1,1,10.00,1,19410.00
2025-06-09T04:58:00.000Z,2025-06-09T10:23:00.000Z,SELL,0.01,2,1,10.00,2,19420.00
2025-06-09T10:23:00.000Z,2025-06-09T12:24:00.000Z,SELL,0.01,1,1,10.00,1,19430.00
2025-06-09T12:24:00.000Z,2025-06-10T04:33:00.000Z,SELL,0.01,3,1,10.00,3,19440.00
2025-06-10T04:33:00.000Z,2025-06-10T14:09:00.000Z,SELL,0.01,2,1,10.00,2,19450.00
2025-06-10T14:09:00.000Z,2025-06-10T17:51:00.000Z,SELL,0.01,1,1,10.00,1,19460.00
2025-06-10T17:51:00.000Z,2025-06-11T02:22:00.000Z,SELL,0.01,1,1,10.00,1,19470.00
2025-06-11T02:22:00.000Z,2025-06-11T10:50:00.000Z,SELL,0.01,2,1,10.00,2,19480.00
2025-06-11T10:50:00.000Z,2025-06-11T12:07:00.000Z,SELL,0.01,1,1,10.00,1,19490.00
2025-06-11T12:07:00.000Z,2025-06-11T20:11:00.000Z,SELL,0.01,3,1,10.00,3,19500.00
2025-06-11T20:11:00.000Z,2025-06-12T01:00:00.000Z,SELL,0.01,2,1,10.00,2,19510.00
2025-06-12T01:00:00.000Z,2025-06-12T10:42:00.000Z,SELL,0.01,3,1,10.00,3,19520.00
2025-06-12T10:42:00.000Z,2025-06-12T13:25:00.000Z,SELL,0.01,2,1,10.00,2,19530.00
2025-06-12T13:25:00.000Z,2025-06-13T03:07:00.000Z,SELL,0.01,2,1,10.00,2,19540.00
2025-06-13T03:07:00.000Z,2025-06-13T05:25:00.000Z,SELL,0.01,2,1,10.00,2,19550.00
2025-06-13T05:25:00.000Z,2025-06-13T06:17:00.000Z,SELL,0.01,1,1,10.00,1,19560.00
2025-06-13T06:17:00.000Z,2025-06-13T09:47:00.000Z,SELL,0.01,1,1,10.00,1,19570.00
2025-06-13T09:47:00.000Z,2025-06-13T16:35:00.000Z,SELL,0.01,2,1,10.00,2,19580.00
2025-06-13T16:35:00.000Z,2025-06-13T16:54:00.000Z,SELL,0.01,1,1,10.00,1,19590.00
2025-06-13T16:54:00.000Z,2025-06-13T17:58:00.000Z,SELL,0.01,1,1,10.00,1,19600.00
2025-06-13T17:58:00.000Z,2025-06-16T09:27:00.000Z,SELL,0.01,3,1,10.00,3,19610.00
2025-06-16T09:27:00.000Z,2025-06-16T16:42:00.000Z,SELL,0.01,1,1,10.00,1,19620.00
2025-06-16T16:42:00.000Z,2025-06-16T16:54:00.000Z,SELL,0.01,1,1,10.00,1,19630.00
2025-06-16T16:54:00.000Z,2025-06-16T16:56:00.000Z,SELL,0.01,1,1,10.00,1,19640.00
2025-06-16T16:56:00.000Z,2025-06-17T06:23:00.000Z,SELL,0.01,3,1,10.00,3,19650.00
2025-06-17T06:23:00.000Z,2025-06-18T07:18:00.000Z,SELL,0.01,5,0,-2420.00,5,17230.00
2025-06-18T07:18:00.000Z,2025-06-18T09:20:00.000Z,SELL,0.01,1,1,10.00,1,17240.00
2025-06-18T09:20:00.000Z,2025-06-18T22:13:00.000Z,SELL,0.01,1,1,10.00,1,17250.00
2025-06-18T22:13:00.000Z,2025-06-19T08:52:00.000Z,SELL,0.01,1,1,10.00,1,17260.00
2025-06-19T08:52:00.000Z,2025-06-19T09:10:00.000Z,SELL,0.01,1,1,10.00,1,17270.00
2025-06-19T09:10:00.000Z,2025-06-20T09:32:00.000Z,SELL,0.01,3,1,10.00,3,17280.00
2025-06-20T09:32:00.000Z,2025-06-20T16:54:00.000Z,SELL,0.01,2,1,10.00,2,17290.00
2025-06-20T16:54:00.000Z,2025-06-23T03:31:00.000Z,SELL,0.01,3,1,10.00,3,17300.00
2025-06-23T03:31:00.000Z,2025-06-23T08:33:00.000Z,SELL,0.01,1,1,10.00,1,17310.00
2025-06-23T08:33:00.000Z,2025-06-23T14:22:00.000Z,SELL,0.01,2,1,10.00,2,17320.00
2025-06-23T14:22:00.000Z,2025-06-23T15:10:00.000Z,SELL,0.01,1,1,10.00,1,17330.00
2025-06-23T15:10:00.000Z,2025-06-23T15:20:00.000Z,SELL,0.01,1,1,10.00,1,17340.00
2025-06-23T15:20:00.000Z,2025-06-23T19:21:00.000Z,SELL,0.01,2,1,10.00,2,17350.00
2025-06-23T19:21:00.000Z,2025-06-23T19:42:00.000Z,SELL,0.01,1,1,10.00,1,17360.00
2025-06-23T19:42:00.000Z,2025-06-23T23:30:00.000Z,SELL,0.01,1,1,10.00,1,17370.00
2025-06-23T23:30:00.000Z,2025-06-24T01:03:00.000Z,SELL,0.01,1,1,10.00,1,17380.00
2025-06-24T01:03:00.000Z,2025-06-24T02:18:00.000Z,SELL,0.01,1,1,10.00,1,17390.00
2025-06-24T02:18:00.000Z,2025-06-24T03:01:00.000Z,SELL,0.01,1,1,10.00,1,17400.00
2025-06-24T03:01:00.000Z,2025-06-24T08:52:00.000Z,SELL,0.01,1,1,10.00,1,17410.00
2025-06-24T08:52:00.000Z,2025-06-24T09:34:00.000Z,SELL,0.01,1,1,10.00,1,17420.00
2025-06-24T09:34:00.000Z,2025-06-24T15:31:00.000Z,SELL,0.01,1,1,10.00,1,17430.00
2025-06-24T15:31:00.000Z,2025-06-24T16:40:00.000Z,SELL,0.01,1,1,10.00,1,17440.00
2025-06-24T16:40:00.000Z,2025-06-25T03:30:00.000Z,SELL,0.01,2,1,10.00,2,17450.00
2025-06-25T03:30:00.000Z,2025-06-25T15:45:00.000Z,SELL,0.01,1,1,10.00,1,17460.00
2025-06-25T15:45:00.000Z,2025-06-26T11:49:00.000Z,SELL,0.01,2,1,10.00,2,17470.00
2025-06-26T11:49:00.000Z,2025-06-26T13:22:00.000Z,SELL,0.01,1,1,10.00,1,17480.00
2025-06-26T13:22:00.000Z,2025-06-26T15:52:00.000Z,SELL,0.01,1,1,10.00,1,17490.00
2025-06-26T15:52:00.000Z,2025-06-26T16:09:00.000Z,SELL,0.01,1,1,10.00,1,17500.00
2025-06-26T16:09:00.000Z,2025-06-27T06:06:00.000Z,SELL,0.01,1,1,10.00,1,17510.00
2025-06-27T06:06:00.000Z,2025-06-27T06:45:00.000Z,SELL,0.01,1,1,10.00,1,17520.00
2025-06-27T06:45:00.000Z,2025-06-27T09:39:00.000Z,SELL,0.01,1,1,10.00,1,17530.00
2025-06-27T09:39:00.000Z,2025-06-27T14:51:00.000Z,SELL,0.01,1,1,10.00,1,17540.00
2025-06-27T14:51:00.000Z,2025-06-27T16:01:00.000Z,SELL,0.01,1,1,10.00,1,17550.00
2025-06-27T16:01:00.000Z,2025-06-27T16:28:00.000Z,SELL,0.01,1,1,10.00,1,17560.00
2025-06-27T16:28:00.000Z,2025-06-30T08:00:00.000Z,SELL,0.01,4,1,10.00,4,17570.00
2025-06-30T08:00:00.000Z,2025-06-30T14:23:00.000Z,SELL,0.01,1,1,10.00,1,17580.00
2025-06-30T14:23:00.000Z,2025-06-30T22:18:00.000Z,SELL,0.01,2,1,10.00,2,17590.00
2025-06-30T22:18:00.000Z,2025-07-01T10:12:00.000Z,SELL,0.01,2,1,10.00,2,17600.00
2025-07-01T10:12:00.000Z,2025-07-03T15:37:00.000Z,SELL,0.01,5,1,10.00,5,17610.00
2025-07-03T15:37:00.000Z,2025-07-03T15:43:00.000Z,SELL,0.01,1,1,10.00,1,17620.00
2025-07-03T15:43:00.000Z,2025-07-07T07:27:00.000Z,SELL,0.01,3,1,10.00,3,17630.00
2025-07-07T07:27:00.000Z,2025-07-07T20:36:00.000Z,SELL,0.01,2,1,10.00,2,17640.00
2025-07-07T20:36:00.000Z,2025-07-08T11:21:00.000Z,SELL,0.01,1,1,10.00,1,17650.00
2025-07-08T11:21:00.000Z,2025-07-08T16:49:00.000Z,SELL,0.01,1,1,10.00,1,17660.00
2025-07-08T16:49:00.000Z,2025-07-08T17:18:00.000Z,SELL,0.01,1,1,10.00,1,17670.00
2025-07-08T17:18:00.000Z,2025-07-08T17:50:00.000Z,SELL,0.01,1,1,10.00,1,17680.00
2025-07-08T17:50:00.000Z,2025-07-09T11:20:00.000Z,SELL,0.01,1,1,10.00,1,17690.00
2025-07-09T11:20:00.000Z,2025-07-09T20:12:00.000Z,SELL,0.01,2,1,10.00,2,17700.00
2025-07-09T20:12:00.000Z,2025-07-11T13:26:00.000Z,SELL,0.01,2,1,10.00,2,17710.00
2025-07-11T13:26:00.000Z,2025-07-14T10:29:00.000Z,SELL,0.01,2,1,10.00,2,17720.00
2025-07-14T10:29:00.000Z,2025-07-14T14:59:00.000Z,SELL,0.01,1,1,10.00,1,17730.00
2025-07-14T14:59:00.000Z,2025-07-14T15:37:00.000Z,SELL,0.01,1,1,10.00,1,17740.00
2025-07-14T15:37:00.000Z,2025-07-14T17:40:00.000Z,SELL,0.01,1,1,10.00,1,17750.00
2025-07-14T17:40:00.000Z,2025-07-15T18:29:00.000Z,SELL,0.01,3,1,10.00,3,17760.00
2025-07-15T18:29:00.000Z,2025-07-15T19:13:00.000Z,SELL,0.01,1,1,10.00,1,17770.00
2025-07-15T19:13:00.000Z,2025-07-16T18:09:00.000Z,SELL,0.01,4,1,10.00,4,17780.00
2025-07-16T18:09:00.000Z,2025-07-16T18:55:00.000Z,SELL,0.01,3,1,10.00,3,17790.00
2025-07-16T18:55:00.000Z,2025-07-17T09:13:00.000Z,SELL,0.01,1,1,10.00,1,17800.00
2025-07-17T09:13:00.000Z,2025-07-17T15:05:00.000Z,SELL,0.01,1,1,10.00,1,17810.00
2025-07-17T15:05:00.000Z,2025-07-17T15:45:00.000Z,SELL,0.01,1,1,10.00,1,17820.00
2025-07-17T15:45:00.000Z,2025-07-18T01:37:00.000Z,SELL,0.01,2,1,10.00,2,17830.00
2025-07-18T01:37:00.000Z,2025-07-18T09:05:00.000Z,SELL,0.01,1,1,10.00,1,17840.00
2025-07-18T09:05:00.000Z,2025-07-21T08:11:00.000Z,SELL,0.01,2,1,10.00,2,17850.00
2025-07-21T08:11:00.000Z,2025-07-21T16:46:00.000Z,SELL,0.01,2,1,10.00,2,17860.00
2025-07-21T16:46:00.000Z,2025-07-22T17:27:00.000Z,SELL,0.01,2,1,10.00,2,17870.00
2025-07-22T17:27:00.000Z,2025-07-23T16:22:00.000Z,SELL,0.01,1,1,10.00,1,17880.00
2025-07-23T16:22:00.000Z,2025-07-23T18:57:00.000Z,SELL,0.01,1,1,10.00,1,17890.00
2025-07-23T18:57:00.000Z,2025-07-23T19:01:00.000Z,SELL,0.01,1,1,10.00,1,17900.00
2025-07-23T19:01:00.000Z,2025-07-24T06:02:00.000Z,SELL,0.01,1,1,10.00,1,17910.00
2025-07-24T06:02:00.000Z,2025-07-24T09:30:00.000Z,SELL,0.01,1,1,10.00,1,17920.00
2025-07-24T09:30:00.000Z,2025-07-24T15:01:00.000Z,SELL,0.01,1,1,10.00,1,17930.00
2025-07-24T15:01:00.000Z,2025-07-25T11:19:00.000Z,SELL,0.01,1,1,10.00,1,17940.00
2025-07-25T11:19:00.000Z,2025-07-25T14:28:00.000Z,SELL,0.01,1,1,10.00,1,17950.00
2025-07-25T14:28:00.000Z,2025-07-25T18:00:00.000Z,SELL,0.01,1,1,10.00,1,17960.00
2025-07-25T18:00:00.000Z,2025-07-28T16:47:00.000Z,SELL,0.01,1,1,10.00,1,17970.00
2025-07-28T16:47:00.000Z,2025-07-28T16:53:00.000Z,SELL,0.01,1,1,10.00,1,17980.00
2025-07-28T16:53:00.000Z,2025-07-30T16:56:00.000Z,SELL,0.01,3,1,10.00,3,17990.00
2025-07-30T16:56:00.000Z,2025-07-30T18:37:00.000Z,SELL,0.01,1,1,10.00,1,18000.00
2025-07-30T18:37:00.000Z,2025-07-30T22:01:00.000Z,SELL,0.01,1,1,10.00,1,18010.00
2025-07-30T22:01:00.000Z,2025-07-30T22:37:00.000Z,SELL,0.01,1,1,10.00,1,18020.00
2025-07-30T22:37:00.000Z,2025-07-31T06:01:00.000Z,SELL,0.01,2,1,10.00,2,18030.00
2025-07-31T06:01:00.000Z,2025-08-01T03:00:00.000Z,SELL,0.01,1,1,10.00,1,18040.00
2025-08-01T03:00:00.000Z,2025-08-01T15:31:00.000Z,SELL,0.01,2,1,10.00,2,18050.00
2025-08-01T15:31:00.000Z,2025-08-01T16:10:00.000Z,SELL,0.01,2,1,10.00,2,18060.00
2025-08-01T16:10:00.000Z,2025-08-04T16:32:00.000Z,SELL,0.01,2,1,10.00,2,18070.00
2025-08-04T16:32:00.000Z,2025-08-05T08:18:00.000Z,SELL,0.01,1,1,10.00,1,18080.00
2025-08-05T08:18:00.000Z,2025-08-05T13:09:00.000Z,SELL,0.01,1,1,10.00,1,18090.00
2025-08-05T13:09:00.000Z,2025-08-05T18:18:00.000Z,SELL,0.01,2,1,10.00,2,18100.00
2025-08-05T18:18:00.000Z,2025-08-05T19:31:00.000Z,SELL,0.01,1,1,10.00,1,18110.00
2025-08-05T19:31:00.000Z,2025-08-06T11:18:00.000Z,SELL,0.01,1,1,10.00,1,18120.00
2025-08-06T11:18:00.000Z,2025-08-07T10:51:00.000Z,SELL,0.01,2,1,10.00,2,18130.00
2025-08-07T10:51:00.000Z,2025-08-07T11:06:00.000Z,SELL,0.01,1,1,10.00,1,18140.00
2025-08-07T11:06:00.000Z,2025-08-07T11:20:00.000Z,SELL,0.01,1,1,10.00,1,18150.00
2025-08-07T11:20:00.000Z,2025-08-08T01:05:00.000Z,SELL,0.01,2,1,10.00,2,18160.00
2025-08-08T01:05:00.000Z,2025-08-08T01:10:00.000Z,SELL,0.01,1,1,10.00,1,18170.00
2025-08-08T01:10:00.000Z,2025-08-08T04:07:00.000Z,SELL,0.01,1,1,10.00,1,18180.00
2025-08-08T04:07:00.000Z,2025-08-11T04:07:00.000Z,SELL,0.01,1,1,10.00,1,18190.00
2025-08-11T04:07:00.000Z,2025-08-11T09:31:00.000Z,SELL,0.01,1,1,10.00,1,18200.00
2025-08-11T09:31:00.000Z,2025-08-11T12:15:00.000Z,SELL,0.01,1,1,10.00,1,18210.00
2025-08-11T12:15:00.000Z,2025-08-11T15:30:00.000Z,SELL,0.01,1,1,10.00,1,18220.00
2025-08-11T15:30:00.000Z,2025-08-12T17:15:00.000Z,SELL,0.01,1,1,10.00,1,18230.00
2025-08-12T17:15:00.000Z,2025-08-13T12:42:00.000Z,SELL,0.01,2,1,10.00,2,18240.00
2025-08-13T12:42:00.000Z,2025-08-13T16:09:00.000Z,SELL,0.01,1,1,10.00,1,18250.00
2025-08-13T16:09:00.000Z,2025-08-14T10:58:00.000Z,SELL,0.01,3,1,10.00,3,18260.00
2025-08-14T10:58:00.000Z,2025-08-14T19:13:00.000Z,SELL,0.01,1,1,10.00,1,18270.00
2025-08-14T19:13:00.000Z,2025-08-18T02:18:00.000Z,SELL,0.01,1,1,10.00,1,18280.00
2025-08-18T02:18:00.000Z,2025-08-18T07:32:00.000Z,SELL,0.01,2,1,10.00,2,18290.00
2025-08-18T07:32:00.000Z,2025-08-18T15:57:00.000Z,SELL,0.01,1,1,10.00,1,18300.00
2025-08-18T15:57:00.000Z,2025-08-18T17:01:00.000Z,SELL,0.01,1,1,10.00,1,18310.00
2025-08-18T17:01:00.000Z,2025-08-19T17:47:00.000Z,SELL,0.01,1,1,10.00,1,18320.00
2025-08-19T17:47:00.000Z,2025-08-20T02:53:00.000Z,SELL,0.01,1,1,10.00,1,18330.00
2025-08-20T02:53:00.000Z,2025-08-20T15:53:00.000Z,SELL,0.01,2,1,10.00,2,18340.00
2025-08-20T15:53:00.000Z,2025-08-21T13:40:00.000Z,SELL,0.01,1,1,10.00,1,18350.00
2025-08-21T13:40:00.000Z,2025-08-22T15:32:00.000Z,SELL,0.01,1,1,10.00,1,18360.00
2025-08-22T15:32:00.000Z,2025-08-22T17:02:00.000Z,SELL,0.01,2,1,10.00,2,18370.00
2025-08-22T17:02:00.000Z,2025-08-26T03:43:00.000Z,SELL,0.01,4,1,10.00,4,18380.00
2025-08-26T03:43:00.000Z,2025-08-26T04:36:00.000Z,SELL,0.01,1,1,10.00,1,18390.00
2025-08-26T04:36:00.000Z,2025-08-28T14:25:00.000Z,SELL,0.01,2,1,10.00,2,18400.00
2025-08-28T14:25:00.000Z,2025-08-29T17:05:00.000Z,SELL,0.01,2,1,10.00,2,18410.00
2025-08-29T17:05:00.000Z,2025-09-01T05:07:00.000Z,SELL,0.01,2,1,10.00,2,18420.00
2025-09-01T05:07:00.000Z,2025-09-02T04:17:00.000Z,SELL,0.01,2,1,10.00,2,18430.00
2025-09-02T04:17:00.000Z,2025-09-02T10:20:00.000Z,SELL,0.01,1,1,10.00,1,18440.00
2025-09-02T10:20:00.000Z,2025-09-02T11:05:00.000Z,SELL,0.01,1,1,10.00,1,18450.00
2025-09-02T11:05:00.000Z,2025-09-02T17:24:00.000Z,SELL,0.01,2,1,10.00,2,18460.00
2025-09-02T17:24:00.000Z,2025-09-02T21:38:00.000Z,SELL,0.01,2,1,10.00,2,18470.00
2025-09-02T21:38:00.000Z,2025-09-03T17:23:00.000Z,SELL,0.01,2,1,10.00,2,18480.00
2025-09-03T17:23:00.000Z,2025-09-04T04:31:00.000Z,SELL,0.01,1,1,10.00,1,18490.00
2025-09-04T04:31:00.000Z,2025-09-04T05:13:00.000Z,SELL,0.01,1,1,10.00,1,18500.00
2025-09-04T05:13:00.000Z,2025-09-04T05:49:00.000Z,SELL,0.01,1,1,10.00,1,18510.00
2025-09-04T05:49:00.000Z,2025-09-04T06:12:00.000Z,SELL,0.01,1,1,10.00,1,18520.00
2025-09-04T06:12:00.000Z,2025-09-04T15:15:00.000Z,SELL,0.01,2,1,10.00,2,18530.00
2025-09-04T15:15:00.000Z,2025-09-04T16:08:00.000Z,SELL,0.01,1,1,10.00,1,18540.00
2025-09-04T16:08:00.000Z,2025-09-05T15:30:00.000Z,SELL,0.01,2,1,10.00,2,18550.00
2025-09-05T15:30:00.000Z,2025-09-08T10:10:00.000Z,SELL,0.01,2,1,10.00,2,18560.00
2025-09-08T10:10:00.000Z,2025-09-08T16:14:00.000Z,SELL,0.01,2,1,10.00,2,18570.00
2025-09-08T16:14:00.000Z,2025-09-09T16:27:00.000Z,SELL,0.01,2,1,10.00,2,18580.00
2025-09-09T16:27:00.000Z,2025-09-09T17:07:00.000Z,SELL,0.01,1,1,10.00,1,18590.00
2025-09-09T17:07:00.000Z,2025-09-09T17:35:00.000Z,SELL,0.01,1,1,10.00,1,18600.00
2025-09-09T17:35:00.000Z,2025-09-09T18:16:00.000Z,SELL,0.01,1,1,10.00,1,18610.00
2025-09-09T18:16:00.000Z,2025-09-11T12:14:00.000Z,SELL,0.01,3,1,10.00,3,18620.00
2025-09-11T12:14:00.000Z,2025-09-12T05:23:00.000Z,SELL,0.01,4,1,10.00,4,18630.00
2025-09-12T05:23:00.000Z,2025-09-12T12:05:00.000Z,SELL,0.01,1,1,10.00,1,18640.00
2025-09-12T12:05:00.000Z,2025-09-15T04:01:00.000Z,SELL,0.01,1,1,10.00,1,18650.00
2025-09-15T04:01:00.000Z,2025-09-15T16:37:00.000Z,SELL,0.01,2,1,10.00,2,18660.00
2025-09-15T16:37:00.000Z,2025-09-16T04:00:00.000Z,SELL,0.01,2,1,10.00,2,18670.00
2025-09-16T04:00:00.000Z,2025-09-16T04:15:00.000Z,SELL,0.01,1,1,10.00,1,18680.00
2025-09-16T04:15:00.000Z,2025-09-17T10:29:00.000Z,SELL,0.01,3,1,10.00,3,18690.00
2025-09-17T10:29:00.000Z,2025-09-17T21:01:00.000Z,SELL,0.01,3,1,10.00,3,18700.00
2025-09-17T21:01:00.000Z,2025-09-17T21:02:00.000Z,SELL,0.01,2,1,10.00,2,18710.00
2025-09-17T21:02:00.000Z,2025-09-17T21:32:00.000Z,SELL,0.01,1,1,10.00,1,18720.00
2025-09-17T21:32:00.000Z,2025-09-17T21:37:00.000Z,SELL,0.01,1,1,10.00,1,18730.00
2025-09-17T21:37:00.000Z,2025-09-17T21:46:00.000Z,SELL,0.01,1,1,10.00,1,18740.00
2025-09-17T21:46:00.000Z,2025-09-17T21:52:00.000Z,SELL,0.01,1,1,10.00,1,18750.00
2025-09-17T21:52:00.000Z,2025-09-18T09:10:00.000Z,SELL,0.01,3,1,10.00,3,18760.00
2025-09-18T09:10:00.000Z,2025-09-18T12:05:00.000Z,SELL,0.01,2,1,10.00,2,18770.00
2025-09-18T12:05:00.000Z,2025-09-18T16:06:00.000Z,SELL,0.01,1,1,10.00,1,18780.00
2025-09-18T16:06:00.000Z,2025-09-18T16:34:00.000Z,SELL,0.01,1,1,10.00,1,18790.00
2025-09-18T16:34:00.000Z,2025-09-18T16:40:00.000Z,SELL,0.01,1,1,10.00,1,18800.00
2025-09-18T16:40:00.000Z,2025-09-19T17:53:00.000Z,SELL,0.01,2,1,10.00,2,18810.00
2025-09-19T17:53:00.000Z,2025-09-22T04:15:00.000Z,SELL,0.01,2,1,10.00,2,18820.00
2025-09-22T04:15:00.000Z,2025-09-22T05:46:00.000Z,SELL,0.01,1,1,10.00,1,18830.00
2025-09-22T05:46:00.000Z,2025-09-22T09:44:00.000Z,SELL,0.01,2,1,10.00,2,18840.00
2025-09-22T09:44:00.000Z,2025-09-22T20:46:00.000Z,SELL,0.01,2,1,10.00,2,18850.00
2025-09-22T20:46:00.000Z,2025-09-23T12:03:00.000Z,SELL,0.01,2,1,10.00,2,18860.00
2025-09-23T12:03:00.000Z,2025-09-23T19:36:00.000Z,SELL,0.01,1,1,10.00,1,18870.00
2025-09-23T19:36:00.000Z,2025-09-23T22:00:00.000Z,SELL,0.01,1,1,10.00,1,18880.00
2025-09-23T22:00:00.000Z,2025-09-24T18:35:00.000Z,SELL,0.01,3,1,10.00,3,18890.00
2025-09-24T18:35:00.000Z,2025-09-24T19:46:00.000Z,SELL,0.01,1,1,10.00,1,18900.00
2025-09-24T19:46:00.000Z,2025-09-24T21:57:00.000Z,SELL,0.01,1,1,10.00,1,18910.00
2025-09-24T21:57:00.000Z,2025-09-25T11:02:00.000Z,SELL,0.01,2,1,10.00,2,18920.00
2025-09-25T11:02:00.000Z,2025-09-25T14:11:00.000Z,SELL,0.01,1,1,10.00,1,18930.00
2025-09-25T14:11:00.000Z,2025-09-25T15:50:00.000Z,SELL,0.01,1,1,10.00,1,18940.00
2025-09-25T15:50:00.000Z,2025-09-25T16:46:00.000Z,SELL,0.01,1,1,10.00,1,18950.00
2025-09-25T16:46:00.000Z,2025-09-25T21:38:00.000Z,SELL,0.01,2,1,10.00,2,18960.00
2025-09-25T21:38:00.000Z,2025-09-26T02:16:00.000Z,SELL,0.01,1,1,10.00,1,18970.00
2025-09-26T02:16:00.000Z,2025-09-26T17:09:00.000Z,SELL,0.01,2,1,10.00,2,18980.00
2025-09-26T17:09:00.000Z,2025-09-26T23:41:00.000Z,SELL,0.01,1,1,10.00,1,18990.00
2025-09-26T23:41:00.000Z,2025-09-29T05:21:00.000Z,SELL,0.01,2,1,10.00,2,19000.00
2025-09-29T05:21:00.000Z,2025-09-29T14:25:00.000Z,SELL,0.01,2,1,10.00,2,19010.00
2025-09-29T14:25:00.000Z,2025-09-29T15:32:00.000Z,SELL,0.01,1,1,10.00,1,19020.00
2025-09-29T15:32:00.000Z,2025-09-30T04:01:00.000Z,SELL,0.01,2,1,10.00,2,19030.00
2025-09-30T04:01:00.000Z,2025-09-30T11:09:00.000Z,SELL,0.01,3,1,10.00,3,19040.00
2025-09-30T11:09:00.000Z,2025-09-30T11:22:00.000Z,SELL,0.01,1,1,10.00,1,19050.00
2025-09-30T11:22:00.000Z,2025-09-30T11:37:00.000Z,SELL,0.01,1,1,10.00,1,19060.00
2025-09-30T11:37:00.000Z,2025-09-30T12:12:00.000Z,SELL,0.01,1,1,10.00,1,19070.00
2025-09-30T12:12:00.000Z,2025-09-30T17:06:00.000Z,SELL,0.01,2,1,10.00,2,19080.00
2025-09-30T17:06:00.000Z,2025-10-01T02:48:00.000Z,SELL,0.01,4,1,10.00,4,19090.00
2025-10-01T02:48:00.000Z,2025-10-01T11:19:00.000Z,SELL,0.01,2,1,10.00,2,19100.00
2025-10-01T11:19:00.000Z,2025-10-01T14:13:00.000Z,SELL,0.01,1,1,10.00,1,19110.00
2025-10-01T14:13:00.000Z,2025-10-01T15:41:00.000Z,SELL,0.01,1,1,10.00,1,19120.00
2025-10-01T15:41:00.000Z,2025-10-01T17:48:00.000Z,SELL,0.01,1,1,10.00,1,19130.00
2025-10-01T17:48:00.000Z,2025-10-02T15:08:00.000Z,SELL,0.01,2,1,10.00,2,19140.00
2025-10-02T15:08:00.000Z,2025-10-02T15:17:00.000Z,SELL,0.01,1,1,10.00,1,19150.00
2025-10-02T15:17:00.000Z,2025-10-02T17:04:00.000Z,SELL,0.01,1,1,10.00,1,19160.00
2025-10-02T17:04:00.000Z,2025-10-02T17:25:00.000Z,SELL,0.01,1,1,10.00,1,19170.00
2025-10-02T17:25:00.000Z,2025-10-02T17:37:00.000Z,SELL,0.01,1,1,10.00,1,19180.00
2025-10-02T17:37:00.000Z,2025-10-02T17:42:00.000Z,SELL,0.01,1,1,10.00,1,19190.00
2025-10-02T17:42:00.000Z,2025-10-02T17:47:00.000Z,SELL,0.01,1,1,10.00,1,19200.00
2025-10-02T17:47:00.000Z,2025-10-02T18:38:00.000Z,SELL,0.01,1,1,10.00,1,19210.00
2025-10-02T18:38:00.000Z,2025-10-02T21:50:00.000Z,SELL,0.01,2,1,10.00,2,19220.00
2025-10-02T21:50:00.000Z,2025-10-03T06:29:00.000Z,SELL,0.01,1,1,10.00,1,19230.00
2025-10-03T06:29:00.000Z,2025-10-03T15:41:00.000Z,SELL,0.01,2,1,10.00,2,19240.00
2025-10-03T15:41:00.000Z,2025-10-06T01:59:00.000Z,SELL,0.01,4,1,10.00,4,19250.00
2025-10-06T01:59:00.000Z,2025-10-06T06:46:00.000Z,SELL,0.01,4,1,10.00,4,19260.00
2025-10-06T06:46:00.000Z,2025-10-06T18:55:00.000Z,SELL,0.01,2,1,10.00,2,19270.00
2025-10-06T18:55:00.000Z,2025-10-06T19:13:00.000Z,SELL,0.01,1,1,10.00,1,19280.00
2025-10-06T19:13:00.000Z,2025-10-07T15:57:00.000Z,SELL,0.01,4,1,10.00,4,19290.00
2025-10-07T15:57:00.000Z,2025-10-07T17:15:00.000Z,SELL,0.01,1,1,10.00,1,19300.00
2025-10-07T17:15:00.000Z,2025-10-08T04:55:00.000Z,SELL,0.01,4,1,10.00,4,19310.00
2025-10-08T04:55:00.000Z,2025-10-08T08:11:00.000Z,SELL,0.01,2,1,10.00,2,19320.00
2025-10-08T08:11:00.000Z,2025-10-09T01:09:00.000Z,SELL,0.01,5,1,10.00,5,19330.00
2025-10-09T01:09:00.000Z,2025-10-09T02:48:00.000Z,SELL,0.01,1,1,10.00,1,19340.00
2025-10-09T02:48:00.000Z,2025-10-09T07:34:00.000Z,SELL,0.01,4,1,10.00,4,19350.00
2025-10-09T07:34:00.000Z,2025-10-09T09:41:00.000Z,SELL,0.01,1,1,10.00,1,19360.00
2025-10-09T09:41:00.000Z,2025-10-09T16:57:00.000Z,SELL,0.01,3,1,10.00,3,19370.00
2025-10-09T16:57:00.000Z,2025-10-09T17:28:00.000Z,SELL,0.01,1,1,10.00,1,19380.00
2025-10-09T17:28:00.000Z,2025-10-09T19:34:00.000Z,SELL,0.01,3,1,10.00,3,19390.00
2025-10-09T19:34:00.000Z,2025-10-09T19:39:00.000Z,SELL,0.01,1,1,10.00,1,19400.00
2025-10-09T19:39:00.000Z,2025-10-09T19:42:00.000Z,SELL,0.01,1,1,10.00,1,19410.00
2025-10-09T19:42:00.000Z,2025-10-09T19:55:00.000Z,SELL,0.01,1,1,10.00,1,19420.00
2025-10-09T19:55:00.000Z,2025-10-09T20:13:00.000Z,SELL,0.01,1,1,10.00,1,19430.00
2025-10-09T20:13:00.000Z,2025-10-09T20:16:00.000Z,SELL,0.01,1,1,10.00,1,19440.00
2025-10-09T20:16:00.000Z,2025-10-09T22:27:00.000Z,SELL,0.01,4,1,10.00,4,19450.00
2025-10-09T22:27:00.000Z,2025-10-10T01:12:00.000Z,SELL,0.01,1,1,10.00,1,19460.00
2025-10-10T01:12:00.000Z,2025-10-10T07:08:00.000Z,SELL,0.01,3,1,10.00,3,19470.00
2025-10-10T07:08:00.000Z,2025-10-10T11:11:00.000Z,SELL,0.01,4,1,10.00,4,19480.00
2025-10-10T11:11:00.000Z,2025-10-10T16:58:00.000Z,SELL,0.01,3,1,10.00,3,19490.00
2025-10-10T16:58:00.000Z,2025-10-10T18:06:00.000Z,SELL,0.01,2,1,10.00,2,19500.00
2025-10-10T18:06:00.000Z,2025-10-10T18:47:00.000Z,SELL,0.01,1,1,10.00,1,19510.00
2025-10-10T18:47:00.000Z,2025-10-10T19:06:00.000Z,SELL,0.01,1,1,10.00,1,19520.00
2025-10-10T19:06:00.000Z,2025-10-10T20:09:00.000Z,SELL,0.01,1,1,10.00,1,19530.00
2025-10-10T20:09:00.000Z,2025-10-10T21:23:00.000Z,SELL,0.01,2,1,10.00,2,19540.00
2025-10-10T21:23:00.000Z,2025-10-10T21:40:00.000Z,SELL,0.01,1,1,10.00,1,19550.00
2025-10-10T21:40:00.000Z,2025-10-13T01:01:00.000Z,SELL,0.01,2,1,10.00,2,19560.00
2025-10-13T01:01:00.000Z,2025-10-13T01:03:00.000Z,SELL,0.01,1,1,10.00,1,19570.00
2025-10-13T01:03:00.000Z,2025-10-13T01:26:00.000Z,SELL,0.01,2,1,10.00,2,19580.00
2025-10-13T01:26:00.000Z,2025-10-13T01:30:00.000Z,SELL,0.01,1,1,10.00,1,19590.00
2025-10-13T01:30:00.000Z,2025-10-13T03:22:00.000Z,SELL,0.01,3,1,10.00,3,19600.00
2025-10-13T03:22:00.000Z,2025-10-13T03:44:00.000Z,SELL,0.01,2,1,10.00,2,19610.00
2025-10-13T03:44:00.000Z,2025-10-13T03:48:00.000Z,SELL,0.01,1,1,10.00,1,19620.00
2025-10-13T03:48:00.000Z,2025-10-13T08:32:00.000Z,SELL,0.01,2,1,10.00,2,19630.00
2025-10-13T08:32:00.000Z,2025-10-13T08:58:00.000Z,SELL,0.01,1,1,10.00,1,19640.00
2025-10-13T08:58:00.000Z,2025-10-13T16:52:00.000Z,SELL,0.01,2,1,10.00,2,19650.00
2025-10-13T16:52:00.000Z,2025-10-14T02:34:00.000Z,SELL,0.01,4,1,10.00,4,19660.00
2025-10-14T02:34:00.000Z,2025-10-14T06:12:00.000Z,SELL,0.01,2,1,10.00,2,19670.00
2025-10-14T06:12:00.000Z,2025-10-14T08:39:00.000Z,SELL,0.01,3,1,10.00,3,19680.00
2025-10-14T08:39:00.000Z,2025-10-14T08:41:00.000Z,SELL,0.01,1,1,10.00,1,19690.00
2025-10-14T08:41:00.000Z,2025-10-14T08:44:00.000Z,SELL,0.01,1,1,10.00,1,19700.00
2025-10-14T08:44:00.000Z,2025-10-14T08:57:00.000Z,SELL,0.01,1,1,10.00,1,19710.00
2025-10-14T08:57:00.000Z,2025-10-14T09:22:00.000Z,SELL,0.01,3,1,10.00,3,19720.00
2025-10-14T09:22:00.000Z,2025-10-14T09:23:00.000Z,SELL,0.01,1,1,10.00,1,19730.00
2025-10-14T09:23:00.000Z,2025-10-14T10:17:00.000Z,SELL,0.01,4,1,10.00,4,19740.00
2025-10-14T10:17:00.000Z,2025-10-14T15:32:00.000Z,SELL,0.01,5,1,10.00,5,19750.00
2025-10-14T15:32:00.000Z,2025-10-14T16:00:00.000Z,SELL,0.01,1,1,10.00,1,19760.00
2025-10-14T16:00:00.000Z,2025-10-14T17:10:00.000Z,SELL,0.01,2,1,10.00,2,19770.00
2025-10-14T17:10:00.000Z,2025-10-15T01:15:00.000Z,SELL,0.01,2,1,10.00,2,19780.00
2025-10-15T01:15:00.000Z,2025-10-15T01:26:00.000Z,SELL,0.01,1,1,10.00,1,19790.00
2025-10-15T01:26:00.000Z,2025-10-15T04:12:00.000Z,SELL,0.01,2,1,10.00,2,19800.00
2025-10-15T04:12:00.000Z,2025-10-15T05:31:00.000Z,SELL,0.01,1,1,10.00,1,19810.00
2025-10-15T05:31:00.000Z,2025-10-15T10:37:00.000Z,SELL,0.01,2,1,10.00,2,19820.00
2025-10-15T10:37:00.000Z,2025-10-15T12:19:00.000Z,SELL,0.01,1,1,10.00,1,19830.00
2025-10-15T12:19:00.000Z,2025-10-15T12:21:00.000Z,SELL,0.01,1,1,10.00,1,19840.00
2025-10-15T12:21:00.000Z,2025-10-15T12:21:00.000Z,SELL,0.01,1,1,10.00,1,19850.00
2025-10-15T12:21:00.000Z,2025-10-15T13:15:00.000Z,SELL,0.01,2,1,10.00,2,19860.00
2025-10-15T13:15:00.000Z,2025-10-15T15:15:00.000Z,SELL,0.01,1,1,10.00,1,19870.00
2025-10-15T15:15:00.000Z,2025-10-15T15:24:00.000Z,SELL,0.01,1,1,10.00,1,19880.00
2025-10-15T15:24:00.000Z,2025-10-15T17:12:00.000Z,SELL,0.01,2,1,10.00,2,19890.00
2025-10-15T17:12:00.000Z,2025-10-15T17:35:00.000Z,SELL,0.01,1,1,10.00,1,19900.00
2025-10-15T17:35:00.000Z,2025-10-15T18:34:00.000Z,SELL,0.01,1,1,10.00,1,19910.00
2025-10-15T18:34:00.000Z,2025-10-16T03:22:00.000Z,SELL,0.01,2,1,10.00,2,19920.00
2025-10-16T03:22:00.000Z,2025-10-16T08:33:00.000Z,SELL,0.01,3,1,10.00,3,19930.00
2025-10-16T08:33:00.000Z,2025-10-16T12:58:00.000Z,SELL,0.01,2,1,10.00,2,19940.00
2025-10-16T12:58:00.000Z,2025-10-16T15:40:00.000Z,SELL,0.01,1,1,10.00,1,19950.00
2025-10-16T15:40:00.000Z,2025-10-16T17:05:00.000Z,SELL,0.01,2,1,10.00,2,19960.00
2025-10-16T17:05:00.000Z,2025-10-16T19:19:00.000Z,SELL,0.01,2,1,10.00,2,19970.00
2025-10-16T19:19:00.000Z,2025-10-16T19:34:00.000Z,SELL,0.01,1,1,10.00,1,19980.00
2025-10-16T19:34:00.000Z,2025-10-16T19:36:00.000Z,SELL,0.01,1,1,10.00,1,19990.00
2025-10-16T19:36:00.000Z,2025-10-16T22:53:00.000Z,SELL,0.01,2,1,10.00,2,20000.00
2025-10-16T22:53:00.000Z,2025-10-16T23:54:00.000Z,SELL,0.01,2,1,10.00,2,20010.00
2025-10-16T23:54:00.000Z,2025-10-17T01:10:00.000Z,SELL,0.01,2,1,10.00,2,20020.00
2025-10-17T01:10:00.000Z,2025-10-17T01:35:00.000Z,SELL,0.01,3,1,10.00,3,20030.00
2025-10-17T01:35:00.000Z,2025-10-17T02:51:00.000Z,SELL,0.01,2,1,10.00,2,20040.00
2025-10-17T02:51:00.000Z,2025-10-17T02:54:00.000Z,SELL,0.01,1,1,10.00,1,20050.00
2025-10-17T02:54:00.000Z,2025-10-17T03:13:00.000Z,SELL,0.01,1,1,10.00,1,20060.00
2025-10-17T03:13:00.000Z,2025-10-17T04:03:00.000Z,SELL,0.01,1,1,10.00,1,20070.00
2025-10-17T04:03:00.000Z,2025-10-17T04:17:00.000Z,SELL,0.01,1,1,10.00,1,20080.00
2025-10-17T04:17:00.000Z,2025-10-17T04:17:00.000Z,SELL,0.01,1,1,10.00,1,20090.00
2025-10-17T04:17:00.000Z,2025-10-17T04:38:00.000Z,SELL,0.01,1,1,10.00,1,20100.00
2025-10-17T04:38:00.000Z,2025-10-17T04:42:00.000Z,SELL,0.01,1,1,10.00,1,20110.00
2025-10-17T04:42:00.000Z,2025-10-17T04:43:00.000Z,SELL,0.01,1,1,10.00,1,20120.00
2025-10-17T04:43:00.000Z,2025-10-17T04:44:00.000Z,SELL,0.01,1,1,10.00,1,20130.00
2025-10-17T04:44:00.000Z,2025-10-17T05:00:00.000Z,SELL,0.01,2,1,10.00,2,20140.00
2025-10-17T05:00:00.000Z,2025-10-17T05:50:00.000Z,SELL,0.01,2,1,10.00,2,20150.00
2025-10-17T05:50:00.000Z,2025-10-17T07:59:00.000Z,SELL,0.01,2,1,10.00,2,20160.00
2025-10-17T07:59:00.000Z,2025-10-17T08:02:00.000Z,SELL,0.01,1,1,10.00,1,20170.00
2025-10-17T08:02:00.000Z,2025-10-17T08:31:00.000Z,SELL,0.01,1,1,10.00,1,20180.00
2025-10-17T08:31:00.000Z,2025-10-17T08:32:00.000Z,SELL,0.01,1,1,10.00,1,20190.00
2025-10-17T08:32:00.000Z,2025-10-17T10:20:00.000Z,SELL,0.01,3,1,10.00,3,20200.00
2025-10-17T10:20:00.000Z,2025-10-17T10:20:00.000Z,SELL,0.01,1,1,10.00,1,20210.00
2025-10-17T10:20:00.000Z,2025-10-17T10:20:00.000Z,SELL,0.01,1,1,10.00,1,20220.00
2025-10-17T10:20:00.000Z,2025-10-17T10:24:00.000Z,SELL,0.01,2,1,10.00,2,20230.00
2025-10-17T10:24:00.000Z,2025-10-17T10:30:00.000Z,SELL,0.01,1,1,10.00,1,20240.00
2025-10-17T10:30:00.000Z,2025-10-17T11:07:00.000Z,SELL,0.01,1,1,10.00,1,20250.00
2025-10-17T11:07:00.000Z,2025-10-17T14:31:00.000Z,SELL,0.01,3,1,10.00,3,20260.00
2025-10-17T14:31:00.000Z,2025-10-17T14:44:00.000Z,SELL,0.01,1,1,10.00,1,20270.00
2025-10-17T14:44:00.000Z,2025-10-17T14:56:00.000Z,SELL,0.01,1,1,10.00,1,20280.00
2025-10-17T14:56:00.000Z,2025-10-17T15:01:00.000Z,SELL,0.01,1,1,10.00,1,20290.00
2025-10-17T15:01:00.000Z,2025-10-17T15:13:00.000Z,SELL,0.01,2,1,10.00,2,20300.00
2025-10-17T15:13:00.000Z,2025-10-17T15:20:00.000Z,SELL,0.01,1,1,10.00,1,20310.00
2025-10-17T15:20:00.000Z,2025-10-17T15:25:00.000Z,SELL,0.01,1,1,10.00,1,20320.00
2025-10-17T15:25:00.000Z,2025-10-17T16:35:00.000Z,SELL,0.01,3,1,10.00,3,20330.00
2025-10-17T16:35:00.000Z,2025-10-17T16:35:00.000Z,SELL,0.01,1,1,10.00,1,20340.00
2025-10-17T16:35:00.000Z,2025-10-17T16:35:00.000Z,SELL,0.01,1,1,10.00,1,20350.00
2025-10-17T16:35:00.000Z,2025-10-17T16:46:00.000Z,SELL,0.01,2,1,10.00,2,20360.00
2025-10-17T16:46:00.000Z,2025-10-17T16:48:00.000Z,SELL,0.01,1,1,10.00,1,20370.00
2025-10-17T16:48:00.000Z,2025-10-17T17:00:00.000Z,SELL,0.01,1,1,10.00,1,20380.00
2025-10-17T17:00:00.000Z,2025-10-17T17:01:00.000Z,SELL,0.01,1,1,10.00,1,20390.00
2025-10-17T17:01:00.000Z,2025-10-17T17:03:00.000Z,SELL,0.01,1,1,10.00,1,20400.00
2025-10-17T17:03:00.000Z,2025-10-17T17:03:00.000Z,SELL,0.01,1,1,10.00,1,20410.00
2025-10-17T17:03:00.000Z,2025-10-17T17:05:00.000Z,SELL,0.01,1,1,10.00,1,20420.00
2025-10-17T17:05:00.000Z,2025-10-17T17:14:00.000Z,SELL,0.01,3,1,10.00,3,20430.00
2025-10-17T17:14:00.000Z,2025-10-17T17:38:00.000Z,SELL,0.01,4,1,10.00,4,20440.00
2025-10-17T17:38:00.000Z,2025-10-17T18:14:00.000Z,SELL,0.01,1,1,10.00,1,20450.00
2025-10-17T18:14:00.000Z,2025-10-17T19:07:00.000Z,SELL,0.01,1,1,10.00,1,20460.00
2025-10-17T19:07:00.000Z,2025-10-17T19:29:00.000Z,SELL,0.01,1,1,10.00,1,20470.00
2025-10-17T19:29:00.000Z,2025-10-17T19:34:00.000Z,SELL,0.01,1,1,10.00,1,20480.00
2025-10-17T19:34:00.000Z,2025-10-17T20:02:00.000Z,SELL,0.01,1,1,10.00,1,20490.00
2025-10-17T20:02:00.000Z,2025-10-17T20:04:00.000Z,SELL,0.01,1,1,10.00,1,20500.00
2025-10-17T20:04:00.000Z,2025-10-17T20:41:00.000Z,SELL,0.01,2,1,10.00,2,20510.00
2025-10-17T20:41:00.000Z,2025-10-17T23:46:00.000Z,SELL,0.01,4,1,10.00,4,20520.00
2025-10-17T23:46:00.000Z,2025-10-20T01:00:00.000Z,SELL,0.01,1,1,10.00,1,20530.00
2025-10-20T01:00:00.000Z,2025-10-20T01:03:00.000Z,SELL,0.01,2,1,10.00,2,20540.00
2025-10-20T01:03:00.000Z,2025-10-20T01:05:00.000Z,SELL,0.01,1,1,10.00,1,20550.00
2025-10-20T01:05:00.000Z,2025-10-20T01:33:00.000Z,SELL,0.01,1,1,10.00,1,20560.00
2025-10-20T01:33:00.000Z,2025-10-20T02:51:00.000Z,SELL,0.01,1,1,10.00,1,20570.00
2025-10-20T02:51:00.000Z,2025-10-20T03:12:00.000Z,SELL,0.01,1,1,10.00,1,20580.00
2025-10-20T03:12:00.000Z,2025-10-20T04:16:00.000Z,SELL,0.01,2,1,10.00,2,20590.00
2025-10-20T04:16:00.000Z,2025-10-20T08:23:00.000Z,SELL,0.01,1,1,10.00,1,20600.00
2025-10-20T08:23:00.000Z,2025-10-20T09:00:00.000Z,SELL,0.01,1,1,10.00,1,20610.00
2025-10-20T09:00:00.000Z,2025-10-20T09:29:00.000Z,SELL,0.01,1,1,10.00,1,20620.00
2025-10-20T09:29:00.000Z,2025-10-20T10:16:00.000Z,SELL,0.01,2,1,10.00,2,20630.00
2025-10-20T10:16:00.000Z,2025-10-20T13:08:00.000Z,SELL,0.01,1,1,10.00,1,20640.00
2025-10-20T13:08:00.000Z,2025-10-20T14:59:00.000Z,SELL,0.01,2,1,10.00,2,20650.00
2025-10-20T14:59:00.000Z,2025-10-20T15:35:00.000Z,SELL,0.01,2,1,10.00,2,20660.00
2025-10-20T15:35:00.000Z,2025-10-20T17:00:00.000Z,SELL,0.01,3,1,10.00,3,20670.00
2025-10-20T17:00:00.000Z,2025-10-20T17:20:00.000Z,SELL,0.01,2,1,10.00,2,20680.00
2025-10-20T17:20:00.000Z,2025-10-20T21:29:00.000Z,SELL,0.01,2,1,10.00,2,20690.00
2025-10-20T21:29:00.000Z,2025-10-21T04:30:00.000Z,SELL,0.01,3,1,10.00,3,20700.00
2025-10-21T04:30:00.000Z,2025-10-21T04:37:00.000Z,SELL,0.01,1,1,10.00,1,20710.00
2025-10-21T04:37:00.000Z,2025-10-21T08:31:00.000Z,SELL,0.01,1,1,10.00,1,20720.00
2025-10-21T08:31:00.000Z,2025-10-21T10:33:00.000Z,SELL,0.01,1,1,10.00,1,20730.00
2025-10-21T10:33:00.000Z,2025-10-21T10:34:00.000Z,SELL,0.01,1,1,10.00,1,20740.00
2025-10-21T10:34:00.000Z,2025-10-21T10:36:00.000Z,SELL,0.01,1,1,10.00,1,20750.00
2025-10-21T10:36:00.000Z,2025-10-21T11:03:00.000Z,SELL,0.01,1,1,10.00,1,20760.00
2025-10-21T11:03:00.000Z,2025-10-21T11:04:00.000Z,SELL,0.01,1,1,10.00,1,20770.00
2025-10-21T11:04:00.000Z,2025-10-21T11:12:00.000Z,SELL,0.01,1,1,10.00,1,20780.00
2025-10-21T11:12:00.000Z,2025-10-21T11:13:00.000Z,SELL,0.01,1,1,10.00,1,20790.00
2025-10-21T11:13:00.000Z,2025-10-21T15:10:00.000Z,SELL,0.01,3,1,10.00,3,20800.00
2025-10-21T15:10:00.000Z,2025-10-21T15:10:00.000Z,SELL,0.01,1,1,10.00,1,20810.00
2025-10-21T15:10:00.000Z,2025-10-21T15:10:00.000Z,SELL,0.01,1,1,10.00,1,20820.00
2025-10-21T15:10:00.000Z,2025-10-21T15:46:00.000Z,SELL,0.01,1,1,10.00,1,20830.00
2025-10-21T15:46:00.000Z,2025-10-21T16:01:00.000Z,SELL,0.01,1,1,10.00,1,20840.00
2025-10-21T16:01:00.000Z,2025-10-21T16:02:00.000Z,SELL,0.01,1,1,10.00,1,20850.00
2025-10-21T16:02:00.000Z,2025-10-21T16:37:00.000Z,SELL,0.01,2,1,10.00,2,20860.00
2025-10-21T16:37:00.000Z,2025-10-21T16:41:00.000Z,SELL,0.01,1,1,10.00,1,20870.00
2025-10-21T16:41:00.000Z,2025-10-21T16:44:00.000Z,SELL,0.01,1,1,10.00,1,20880.00
2025-10-21T16:44:00.000Z,2025-10-21T16:47:00.000Z,SELL,0.01,1,1,10.00,1,20890.00
2025-10-21T16:47:00.000Z,2025-10-21T16:48:00.000Z,SELL,0.01,1,1,10.00,1,20900.00
2025-10-21T16:48:00.000Z,2025-10-21T16:49:00.000Z,SELL,0.01,1,1,10.00,1,20910.00
2025-10-21T16:49:00.000Z,2025-10-21T17:20:00.000Z,SELL,0.01,1,1,10.00,1,20920.00
2025-10-21T17:20:00.000Z,2025-10-21T17:24:00.000Z,SELL,0.01,1,1,10.00,1,20930.00
2025-10-21T17:24:00.000Z,2025-10-21T17:28:00.000Z,SELL,0.01,1,1,10.00,1,20940.00
2025-10-21T17:28:00.000Z,2025-10-21T17:29:00.000Z,SELL,0.01,1,1,10.00,1,20950.00
2025-10-21T17:29:00.000Z,2025-10-21T17:38:00.000Z,SELL,0.01,1,1,10.00,1,20960.00
2025-10-21T17:38:00.000Z,2025-10-21T17:42:00.000Z,SELL,0.01,1,1,10.00,1,20970.00
2025-10-21T17:42:00.000Z,2025-10-21T17:43:00.000Z,SELL,0.01,1,1,10.00,1,20980.00
2025-10-21T17:43:00.000Z,2025-10-21T17:45:00.000Z,SELL,0.01,1,1,10.00,1,20990.00
2025-10-21T17:45:00.000Z,2025-10-21T17:50:00.000Z,SELL,0.01,2,1,10.00,2,21000.00
2025-10-21T17:50:00.000Z,2025-10-21T18:11:00.000Z,SELL,0.01,2,1,10.00,2,21010.00
2025-10-21T18:11:00.000Z,2025-10-21T18:15:00.000Z,SELL,0.01,1,1,10.00,1,21020.00
2025-10-21T18:15:00.000Z,2025-10-21T18:20:00.000Z,SELL,0.01,1,1,10.00,1,21030.00
2025-10-21T18:20:00.000Z,2025-10-21T19:22:00.000Z,SELL,0.01,1,1,10.00,1,21040.00
2025-10-21T19:22:00.000Z,2025-10-21T19:38:00.000Z,SELL,0.01,1,1,10.00,1,21050.00
2025-10-21T19:38:00.000Z,2025-10-21T20:27:00.000Z,SELL,0.01,1,1,10.00,1,21060.00
2025-10-21T20:27:00.000Z,2025-10-21T23:35:00.000Z,SELL,0.01,2,1,10.00,2,21070.00
2025-10-21T23:35:00.000Z,2025-10-22T01:05:00.000Z,SELL,0.01,1,1,10.00,1,21080.00
2025-10-22T01:05:00.000Z,2025-10-22T02:50:00.000Z,SELL,0.01,1,1,10.00,1,21090.00
2025-10-22T02:50:00.000Z,2025-10-22T02:56:00.000Z,SELL,0.01,1,1,10.00,1,21100.00
2025-10-22T02:56:00.000Z,2025-10-22T03:00:00.000Z,SELL,0.01,1,1,10.00,1,21110.00
2025-10-22T03:00:00.000Z,2025-10-22T03:02:00.000Z,SELL,0.01,1,1,10.00,1,21120.00
2025-10-22T03:02:00.000Z,2025-10-22T03:02:00.000Z,SELL,0.01,1,1,10.00,1,21130.00
2025-10-22T03:02:00.000Z,2025-10-22T03:02:00.000Z,SELL,0.01,1,1,10.00,1,21140.00
2025-10-22T03:02:00.000Z,2025-10-22T03:06:00.000Z,SELL,0.01,1,1,10.00,1,21150.00
2025-10-22T03:06:00.000Z,2025-10-22T03:09:00.000Z,SELL,0.01,1,1,10.00,1,21160.00
2025-10-22T03:09:00.000Z,2025-10-22T03:10:00.000Z,SELL,0.01,1,1,10.00,1,21170.00
2025-10-22T03:10:00.000Z,2025-10-22T03:10:00.000Z,SELL,0.01,1,1,10.00,1,21180.00
2025-10-22T03:10:00.000Z,2025-10-22T03:12:00.000Z,SELL,0.01,1,1,10.00,1,21190.00
2025-10-22T03:12:00.000Z,2025-10-22T03:14:00.000Z,SELL,0.01,2,1,10.00,2,21200.00
2025-10-22T03:14:00.000Z,2025-10-22T03:34:00.000Z,SELL,0.01,2,1,10.00,2,21210.00
2025-10-22T03:34:00.000Z,2025-10-22T04:04:00.000Z,SELL,0.01,4,1,10.00,4,21220.00
2025-10-22T04:04:00.000Z,2025-10-22T04:40:00.000Z,SELL,0.01,3,1,10.00,3,21230.00
2025-10-22T04:40:00.000Z,2025-10-22T05:11:00.000Z,SELL,0.01,4,1,10.00,4,21240.00
2025-10-22T05:11:00.000Z,2025-10-22T05:39:00.000Z,SELL,0.01,1,1,10.00,1,21250.00
2025-10-22T05:39:00.000Z,2025-10-22T06:41:00.000Z,SELL,0.01,2,1,10.00,2,21260.00
2025-10-22T06:41:00.000Z,2025-10-22T07:05:00.000Z,SELL,0.01,1,1,10.00,1,21270.00
2025-10-22T07:05:00.000Z,2025-10-22T07:11:00.000Z,SELL,0.01,1,1,10.00,1,21280.00
2025-10-22T07:11:00.000Z,2025-10-22T08:17:00.000Z,SELL,0.01,2,1,10.00,2,21290.00
2025-10-22T08:17:00.000Z,2025-10-22T08:33:00.000Z,SELL,0.01,1,1,10.00,1,21300.00
2025-10-22T08:33:00.000Z,2025-10-22T11:02:00.000Z,SELL,0.01,3,1,10.00,3,21310.00
2025-10-22T11:02:00.000Z,2025-10-22T11:05:00.000Z,SELL,0.01,1,1,10.00,1,21320.00
2025-10-22T11:05:00.000Z,2025-10-22T11:09:00.000Z,SELL,0.01,1,1,10.00,1,21330.00
2025-10-22T11:09:00.000Z,2025-10-22T11:12:00.000Z,SELL,0.01,1,1,10.00,1,21340.00
2025-10-22T11:12:00.000Z,2025-10-22T11:15:00.000Z,SELL,0.01,1,1,10.00,1,21350.00
2025-10-22T11:15:00.000Z,2025-10-22T11:15:00.000Z,SELL,0.01,1,1,10.00,1,21360.00
2025-10-22T11:15:00.000Z,2025-10-22T11:15:00.000Z,SELL,0.01,1,1,10.00,1,21370.00
2025-10-22T11:15:00.000Z,2025-10-22T11:20:00.000Z,SELL,0.01,2,1,10.00,2,21380.00
2025-10-22T11:20:00.000Z,2025-10-22T11:46:00.000Z,SELL,0.01,3,1,10.00,3,21390.00
2025-10-22T11:46:00.000Z,2025-10-22T11:59:00.000Z,SELL,0.01,1,1,10.00,1,21400.00
2025-10-22T11:59:00.000Z,2025-10-22T12:45:00.000Z,SELL,0.01,3,1,10.00,3,21410.00
2025-10-22T12:45:00.000Z,2025-10-22T13:41:00.000Z,SELL,0.01,3,1,10.00,3,21420.00
2025-10-22T13:41:00.000Z,2025-10-22T13:54:00.000Z,SELL,0.01,1,1,10.00,1,21430.00
2025-10-22T13:54:00.000Z,2025-10-22T13:56:00.000Z,SELL,0.01,1,1,10.00,1,21440.00
2025-10-22T13:56:00.000Z,2025-10-22T14:02:00.000Z,SELL,0.01,1,1,10.00,1,21450.00
2025-10-22T14:02:00.000Z,2025-10-22T15:49:00.000Z,SELL,0.01,4,1,10.00,4,21460.00
2025-10-22T15:49:00.000Z,2025-10-22T15:49:00.000Z,SELL,0.01,1,1,10.00,1,21470.00
2025-10-22T15:49:00.000Z,2025-10-22T15:52:00.000Z,SELL,0.01,1,1,10.00,1,21480.00
2025-10-22T15:52:00.000Z,2025-10-22T16:03:00.000Z,SELL,0.01,2,1,10.00,2,21490.00
2025-10-22T16:03:00.000Z,2025-10-22T16:30:00.000Z,SELL,0.01,1,1,10.00,1,21500.00
2025-10-22T16:30:00.000Z,2025-10-22T16:39:00.000Z,SELL,0.01,2,1,10.00,2,21510.00
2025-10-22T16:39:00.000Z,2025-10-22T16:45:00.000Z,SELL,0.01,1,1,10.00,1,21520.00
2025-10-22T16:45:00.000Z,2025-10-22T17:09:00.000Z,SELL,0.01,1,1,10.00,1,21530.00
2025-10-22T17:09:00.000Z,2025-10-22T17:22:00.000Z,SELL,0.01,1,1,10.00,1,21540.00
2025-10-22T17:22:00.000Z,2025-10-22T17:32:00.000Z,SELL,0.01,1,1,10.00,1,21550.00
2025-10-22T17:32:00.000Z,2025-10-22T17:41:00.000Z,SELL,0.01,1,1,10.00,1,21560.00
2025-10-22T17:41:00.000Z,2025-10-22T17:46:00.000Z,SELL,0.01,1,1,10.00,1,21570.00
2025-10-22T17:46:00.000Z,2025-10-22T19:32:00.000Z,SELL,0.01,2,1,10.00,2,21580.00
2025-10-22T19:32:00.000Z,2025-10-22T21:35:00.000Z,SELL,0.01,2,1,10.00,2,21590.00
2025-10-22T21:35:00.000Z,2025-10-22T22:31:00.000Z,SELL,0.01,2,1,10.00,2,21600.00
2025-10-22T22:31:00.000Z,2025-10-22T23:01:00.000Z,SELL,0.01,1,1,10.00,1,21610.00
2025-10-22T23:01:00.000Z,2025-10-22T23:24:00.000Z,SELL,0.01,1,1,10.00,1,21620.00
2025-10-22T23:24:00.000Z,2025-10-23T03:21:00.000Z,SELL,0.01,3,1,10.00,3,21630.00
2025-10-23T03:21:00.000Z,2025-10-23T03:21:00.000Z,SELL,0.01,1,1,10.00,1,21640.00
2025-10-23T03:21:00.000Z,2025-10-23T06:23:00.000Z,SELL,0.01,2,1,10.00,2,21650.00
2025-10-23T06:23:00.000Z,2025-10-23T07:09:00.000Z,SELL,0.01,1,1,10.00,1,21660.00
2025-10-23T07:09:00.000Z,2025-10-23T09:04:00.000Z,SELL,0.01,2,1,10.00,2,21670.00
2025-10-23T09:04:00.000Z,2025-10-23T10:35:00.000Z,SELL,0.01,1,1,10.00,1,21680.00
2025-10-23T10:35:00.000Z,2025-10-23T10:37:00.000Z,SELL,0.01,1,1,10.00,1,21690.00
2025-10-23T10:37:00.000Z,2025-10-23T15:40:00.000Z,SELL,0.01,2,1,10.00,2,21700.00
2025-10-23T15:40:00.000Z,2025-10-23T22:58:00.000Z,SELL,0.01,3,1,10.00,3,21710.00
2025-10-23T22:58:00.000Z,2025-10-24T02:32:00.000Z,SELL,0.01,1,1,10.00,1,21720.00
2025-10-24T02:32:00.000Z,2025-10-24T04:05:00.000Z,SELL,0.01,2,1,10.00,2,21730.00
2025-10-24T04:05:00.000Z,2025-10-24T04:37:00.000Z,SELL,0.01,1,1,10.00,1,21740.00
2025-10-24T04:37:00.000Z,2025-10-24T04:51:00.000Z,SELL,0.01,1,1,10.00,1,21750.00
2025-10-24T04:51:00.000Z,2025-10-24T07:24:00.000Z,SELL,0.01,1,1,10.00,1,21760.00
2025-10-24T07:24:00.000Z,2025-10-24T09:03:00.000Z,SELL,0.01,1,1,10.00,1,21770.00
2025-10-24T09:03:00.000Z,2025-10-24T09:07:00.000Z,SELL,0.01,1,1,10.00,1,21780.00
2025-10-24T09:07:00.000Z,2025-10-24T10:52:00.000Z,SELL,0.01,1,1,10.00,1,21790.00
2025-10-24T10:52:00.000Z,2025-10-24T11:04:00.000Z,SELL,0.01,1,1,10.00,1,21800.00
2025-10-24T11:04:00.000Z,2025-10-24T11:10:00.000Z,SELL,0.01,1,1,10.00,1,21810.00
2025-10-24T11:10:00.000Z,2025-10-24T14:03:00.000Z,SELL,0.01,1,1,10.00,1,21820.00
2025-10-24T14:03:00.000Z,2025-10-24T15:30:00.000Z,SELL,0.01,2,1,10.00,2,21830.00
2025-10-24T15:30:00.000Z,2025-10-24T16:07:00.000Z,SELL,0.01,2,1,10.00,2,21840.00
2025-10-24T16:07:00.000Z,2025-10-24T17:14:00.000Z,SELL,0.01,2,1,10.00,2,21850.00
2025-10-24T17:14:00.000Z,2025-10-24T17:19:00.000Z,SELL,0.01,1,1,10.00,1,21860.00
2025-10-24T17:19:00.000Z,2025-10-24T17:53:00.000Z,SELL,0.01,1,1,10.00,1,21870.00
2025-10-24T17:53:00.000Z,2025-10-24T21:03:00.000Z,SELL,0.01,3,1,10.00,3,21880.00
2025-10-24T21:03:00.000Z,2025-10-27T00:00:00.000Z,SELL,0.01,1,1,10.00,1,21890.00
2025-10-27T00:00:00.000Z,2025-10-27T00:00:00.000Z,SELL,0.01,1,1,10.00,1,21900.00
2025-10-27T00:00:00.000Z,2025-10-27T00:01:00.000Z,SELL,0.01,1,1,10.00,1,21910.00
2025-10-27T00:01:00.000Z,2025-10-27T00:10:00.000Z,SELL,0.01,2,1,10.00,2,21920.00
2025-10-27T00:10:00.000Z,2025-10-27T00:28:00.000Z,SELL,0.01,1,1,10.00,1,21930.00
2025-10-27T00:28:00.000Z,2025-10-27T00:44:00.000Z,SELL,0.01,1,1,10.00,1,21940.00
2025-10-27T00:44:00.000Z,2025-10-27T00:47:00.000Z,SELL,0.01,1,1,10.00,1,21950.00
2025-10-27T00:47:00.000Z,2025-10-27T01:46:00.000Z,SELL,0.01,1,1,10.00,1,21960.00
2025-10-27T01:46:00.000Z,2025-10-27T03:09:00.000Z,SELL,0.01,2,1,10.00,2,21970.00
2025-10-27T03:09:00.000Z,2025-10-27T03:37:00.000Z,SELL,0.01,1,1,10.00,1,21980.00
2025-10-27T03:37:00.000Z,2025-10-27T04:08:00.000Z,SELL,0.01,1,1,10.00,1,21990.00
2025-10-27T04:08:00.000Z,2025-10-27T06:04:00.000Z,SELL,0.01,1,1,10.00,1,22000.00
2025-10-27T06:04:00.000Z,2025-10-27T10:53:00.000Z,SELL,0.01,3,1,10.00,3,22010.00
2025-10-27T10:53:00.000Z,2025-10-27T10:53:00.000Z,SELL,0.01,1,1,10.00,1,22020.00
2025-10-27T10:53:00.000Z,2025-10-27T10:55:00.000Z,SELL,0.01,1,1,10.00,1,22030.00
2025-10-27T10:55:00.000Z,2025-10-27T13:38:00.000Z,SELL,0.01,1,1,10.00,1,22040.00
2025-10-27T13:38:00.000Z,2025-10-27T16:03:00.000Z,SELL,0.01,3,1,10.00,3,22050.00
2025-10-27T16:03:00.000Z,2025-10-27T16:08:00.000Z,SELL,0.01,1,1,10.00,1,22060.00
2025-10-27T16:08:00.000Z,2025-10-27T16:17:00.000Z,SELL,0.01,1,1,10.00,1,22070.00
2025-10-27T16:17:00.000Z,2025-10-27T17:00:00.000Z,SELL,0.01,1,1,10.00,1,22080.00
2025-10-27T17:00:00.000Z,2025-10-27T20:06:00.000Z,SELL,0.01,2,1,10.00,2,22090.00
2025-10-27T20:06:00.000Z,2025-10-27T20:59:00.000Z,SELL,0.01,1,1,10.00,1,22100.00
2025-10-27T20:59:00.000Z,2025-10-27T21:29:00.000Z,SELL,0.01,1,1,10.00,1,22110.00
2025-10-27T21:29:00.000Z,2025-10-27T22:52:00.000Z,SELL,0.01,1,1,10.00,1,22120.00
2025-10-27T22:52:00.000Z,2025-10-28T02:52:00.000Z,SELL,0.01,4,1,10.00,4,22130.00
2025-10-28T02:52:00.000Z,2025-10-28T04:21:00.000Z,SELL,0.01,1,1,10.00,1,22140.00
2025-10-28T04:21:00.000Z,2025-10-28T04:39:00.000Z,SELL,0.01,1,1,10.00,1,22150.00
2025-10-28T04:39:00.000Z,2025-10-28T06:22:00.000Z,SELL,0.01,1,1,10.00,1,22160.00
2025-10-28T06:22:00.000Z,2025-10-28T06:26:00.000Z,SELL,0.01,1,1,10.00,1,22170.00
2025-10-28T06:26:00.000Z,2025-10-28T08:07:00.000Z,SELL,0.01,1,1,10.00,1,22180.00
2025-10-28T08:07:00.000Z,2025-10-28T08:39:00.000Z,SELL,0.01,1,1,10.00,1,22190.00
2025-10-28T08:39:00.000Z,2025-10-28T09:02:00.000Z,SELL,0.01,1,1,10.00,1,22200.00
2025-10-28T09:02:00.000Z,2025-10-28T09:31:00.000Z,SELL,0.01,1,1,10.00,1,22210.00
2025-10-28T09:31:00.000Z,2025-10-28T10:19:00.000Z,SELL,0.01,1,1,10.00,1,22220.00
2025-10-28T10:19:00.000Z,2025-10-28T10:41:00.000Z,SELL,0.01,1,1,10.00,1,22230.00
2025-10-28T10:41:00.000Z,2025-10-28T11:00:00.000Z,SELL,0.01,1,1,10.00,1,22240.00
2025-10-28T11:00:00.000Z,2025-10-28T12:53:00.000Z,SELL,0.01,2,1,10.00,2,22250.00
2025-10-28T12:53:00.000Z,2025-10-28T13:03:00.000Z,SELL,0.01,1,1,10.00,1,22260.00
2025-10-28T13:03:00.000Z,2025-10-28T14:53:00.000Z,SELL,0.01,1,1,10.00,1,22270.00
2025-10-28T14:53:00.000Z,2025-10-28T15:52:00.000Z,SELL,0.01,2,1,10.00,2,22280.00
2025-10-28T15:52:00.000Z,2025-10-28T17:47:00.000Z,SELL,0.01,2,1,10.00,2,22290.00
2025-10-28T17:47:00.000Z,2025-10-28T18:04:00.000Z,SELL,0.01,1,1,10.00,1,22300.00
2025-10-28T18:04:00.000Z,2025-10-28T20:32:00.000Z,SELL,0.01,1,1,10.00,1,22310.00
2025-10-28T20:32:00.000Z,2025-10-29T00:07:00.000Z,SELL,0.01,1,1,10.00,1,22320.00
2025-10-29T00:07:00.000Z,2025-10-29T00:07:00.000Z,SELL,0.01,1,1,10.00,1,22330.00
2025-10-29T00:07:00.000Z,2025-10-29T01:43:00.000Z,SELL,0.01,2,1,10.00,2,22340.00
2025-10-29T01:43:00.000Z,2025-10-29T04:36:00.000Z,SELL,0.01,3,1,10.00,3,22350.00
2025-10-29T04:36:00.000Z,2025-10-29T08:33:00.000Z,SELL,0.01,2,1,10.00,2,22360.00
2025-10-29T08:33:00.000Z,2025-10-29T10:01:00.000Z,SELL,0.01,2,1,10.00,2,22370.00
2025-10-29T10:01:00.000Z,2025-10-29T17:50:00.000Z,SELL,0.01,3,1,10.00,3,22380.00
2025-10-29T17:50:00.000Z,2025-10-29T20:01:00.000Z,SELL,0.01,1,1,10.00,1,22390.00
2025-10-29T20:01:00.000Z,2025-10-29T20:35:00.000Z,SELL,0.01,3,1,10.00,3,22400.00
2025-10-29T20:35:00.000Z,2025-10-29T20:35:00.000Z,SELL,0.01,1,1,10.00,1,22410.00
2025-10-29T20:35:00.000Z,2025-10-29T20:36:00.000Z,SELL,0.01,1,1,10.00,1,22420.00
2025-10-29T20:36:00.000Z,2025-10-29T20:42:00.000Z,SELL,0.01,1,1,10.00,1,22430.00
2025-10-29T20:42:00.000Z,2025-10-29T21:00:00.000Z,SELL,0.01,2,1,10.00,2,22440.00
2025-10-29T21:00:00.000Z,2025-10-29T21:02:00.000Z,SELL,0.01,1,1,10.00,1,22450.00
2025-10-29T21:02:00.000Z,2025-10-29T21:28:00.000Z,SELL,0.01,1,1,10.00,1,22460.00
2025-10-29T21:28:00.000Z,2025-10-29T21:33:00.000Z,SELL,0.01,1,1,10.00,1,22470.00
2025-10-29T21:33:00.000Z,2025-10-29T21:43:00.000Z,SELL,0.01,1,1,10.00,1,22480.00
2025-10-29T21:43:00.000Z,2025-10-30T00:00:00.000Z,SELL,0.01,3,1,10.00,3,22490.00
2025-10-30T00:00:00.000Z,2025-10-30T01:58:00.000Z,SELL,0.01,2,1,10.00,2,22500.00
2025-10-30T01:58:00.000Z,2025-10-30T02:44:00.000Z,SELL,0.01,1,1,10.00,1,22510.00
2025-10-30T02:44:00.000Z,2025-10-30T04:10:00.000Z,SELL,0.01,3,1,10.00,3,22520.00
2025-10-30T04:10:00.000Z,2025-10-30T04:59:00.000Z,SELL,0.01,1,1,10.00,1,22530.00
2025-10-30T04:59:00.000Z,2025-10-30T06:21:00.000Z,SELL,0.01,2,1,10.00,2,22540.00
2025-10-30T06:21:00.000Z,2025-10-30T06:37:00.000Z,SELL,0.01,2,1,10.00,2,22550.00
2025-10-30T06:37:00.000Z,2025-10-30T07:04:00.000Z,SELL,0.01,1,1,10.00,1,22560.00
2025-10-30T07:04:00.000Z,2025-10-30T07:14:00.000Z,SELL,0.01,1,1,10.00,1,22570.00
2025-10-30T07:14:00.000Z,2025-10-30T07:26:00.000Z,SELL,0.01,1,1,10.00,1,22580.00
2025-10-30T07:26:00.000Z,2025-10-30T11:00:00.000Z,SELL,0.01,2,1,10.00,2,22590.00
2025-10-30T11:00:00.000Z,2025-10-30T11:17:00.000Z,SELL,0.01,2,1,10.00,2,22600.00
2025-10-30T11:17:00.000Z,2025-10-30T11:26:00.000Z,SELL,0.01,1,1,10.00,1,22610.00
2025-10-30T11:26:00.000Z,2025-10-30T12:20:00.000Z,SELL,0.01,1,1,10.00,1,22620.00
2025-10-30T12:20:00.000Z,2025-10-30T12:34:00.000Z,SELL,0.01,1,1,10.00,1,22630.00
2025-10-30T12:34:00.000Z,2025-10-30T13:20:00.000Z,SELL,0.01,1,1,10.00,1,22640.00
2025-10-30T13:20:00.000Z,2025-10-30T16:04:00.000Z,SELL,0.01,2,1,10.00,2,22650.00
2025-10-30T16:04:00.000Z,2025-10-30T16:39:00.000Z,SELL,0.01,1,1,10.00,1,22660.00
2025-10-30T16:39:00.000Z,2025-10-30T21:04:00.000Z,SELL,0.01,2,1,10.00,2,22670.00
2025-10-30T21:04:00.000Z,2025-10-31T04:15:00.000Z,SELL,0.01,3,1,10.00,3,22680.00
2025-10-31T04:15:00.000Z,2025-10-31T05:13:00.000Z,SELL,0.01,1,1,10.00,1,22690.00
2025-10-31T05:13:00.000Z,2025-10-31T14:41:00.000Z,SELL,0.01,4,1,10.00,4,22700.00
2025-10-31T14:41:00.000Z,2025-10-31T15:37:00.000Z,SELL,0.01,1,1,10.00,1,22710.00
2025-10-31T15:37:00.000Z,2025-10-31T18:04:00.000Z,SELL,0.01,1,1,10.00,1,22720.00
2025-10-31T18:04:00.000Z,2025-10-31T18:09:00.000Z,SELL,0.01,1,1,10.00,1,22730.00
2025-10-31T18:09:00.000Z,2025-10-31T18:14:00.000Z,SELL,0.01,1,1,10.00,1,22740.00
2025-10-31T18:14:00.000Z,2025-10-31T18:15:00.000Z,SELL,0.01,1,1,10.00,1,22750.00
2025-10-31T18:15:00.000Z,2025-10-31T20:17:00.000Z,SELL,0.01,2,1,10.00,2,22760.00
2025-10-31T20:17:00.000Z,2025-10-31T21:16:00.000Z,SELL,0.01,1,1,10.00,1,22770.00
2025-10-31T21:16:00.000Z,2025-11-03T01:00:00.000Z,SELL,0.01,1,1,10.00,1,22780.00
2025-11-03T01:00:00.000Z,2025-11-03T02:13:00.000Z,SELL,0.01,1,1,10.00,1,22790.00
2025-11-03T02:13:00.000Z,2025-11-03T02:14:00.000Z,SELL,0.01,1,1,10.00,1,22800.00
2025-11-03T02:14:00.000Z,2025-11-03T03:27:00.000Z,SELL,0.01,2,1,10.00,2,22810.00
2025-11-03T03:27:00.000Z,2025-11-03T10:00:00.000Z,SELL,0.01,2,1,10.00,2,22820.00
2025-11-03T10:00:00.000Z,2025-11-03T10:24:00.000Z,SELL,0.01,1,1,10.00,1,22830.00
2025-11-03T10:24:00.000Z,2025-11-03T11:27:00.000Z,SELL,0.01,1,1,10.00,1,22840.00
2025-11-03T11:27:00.000Z,2025-11-03T11:44:00.000Z,SELL,0.01,1,1,10.00,1,22850.00
2025-11-03T11:44:00.000Z,2025-11-03T17:00:00.000Z,SELL,0.01,2,1,10.00,2,22860.00
2025-11-03T17:00:00.000Z,2025-11-03T17:25:00.000Z,SELL,0.01,1,1,10.00,1,22870.00
2025-11-03T17:25:00.000Z,2025-11-03T17:57:00.000Z,SELL,0.01,1,1,10.00,1,22880.00
2025-11-03T17:57:00.000Z,2025-11-03T18:19:00.000Z,SELL,0.01,1,1,10.00,1,22890.00
2025-11-03T18:19:00.000Z,2025-11-04T01:13:00.000Z,SELL,0.01,1,1,10.00,1,22900.00
2025-11-04T01:13:00.000Z,2025-11-04T07:45:00.000Z,SELL,0.01,1,1,10.00,1,22910.00
2025-11-04T07:45:00.000Z,2025-11-04T16:05:00.000Z,SELL,0.01,3,1,10.00,3,22920.00
2025-11-04T16:05:00.000Z,2025-11-04T16:29:00.000Z,SELL,0.01,1,1,10.00,1,22930.00
2025-11-04T16:29:00.000Z,2025-11-04T16:32:00.000Z,SELL,0.01,1,1,10.00,1,22940.00
2025-11-04T16:32:00.000Z,2025-11-04T16:34:00.000Z,SELL,0.01,1,1,10.00,1,22950.00
2025-11-04T16:34:00.000Z,2025-11-04T17:39:00.000Z,SELL,0.01,2,1,10.00,2,22960.00
2025-11-04T17:39:00.000Z,2025-11-04T19:57:00.000Z,SELL,0.01,1,1,10.00,1,22970.00
2025-11-04T19:57:00.000Z,2025-11-04T20:32:00.000Z,SELL,0.01,1,1,10.00,1,22980.00
2025-11-04T20:32:00.000Z,2025-11-04T20:39:00.000Z,SELL,0.01,1,1,10.00,1,22990.00
2025-11-04T20:39:00.000Z,2025-11-05T05:48:00.000Z,SELL,0.01,2,1,10.00,2,23000.00
2025-11-05T05:48:00.000Z,2025-11-06T09:00:00.000Z,SELL,0.01,4,1,10.00,4,23010.00
2025-11-06T09:00:00.000Z,2025-11-06T17:03:00.000Z,SELL,0.01,3,1,10.00,3,23020.00
2025-11-06T17:03:00.000Z,2025-11-06T19:21:00.000Z,SELL,0.01,1,1,10.00,1,23030.00
2025-11-06T19:21:00.000Z,2025-11-07T04:01:00.000Z,SELL,0.01,2,1,10.00,2,23040.00
2025-11-07T04:01:00.000Z,2025-11-07T04:31:00.000Z,SELL,0.01,1,1,10.00,1,23050.00
2025-11-07T04:31:00.000Z,2025-11-07T18:36:00.000Z,SELL,0.01,4,1,10.00,4,23060.00
2025-11-07T18:36:00.000Z,2025-11-07T18:55:00.000Z,SELL,0.01,1,1,10.00,1,23070.00
2025-11-07T18:55:00.000Z,2025-11-07T19:05:00.000Z,SELL,0.01,1,1,10.00,1,23080.00
2025-11-07T19:05:00.000Z,2025-11-10T03:18:00.000Z,SELL,0.01,2,1,10.00,2,23090.00
2025-11-10T03:18:00.000Z,2025-11-10T07:38:00.000Z,SELL,0.01,2,1,10.00,2,23100.00
2025-11-10T07:38:00.000Z,2025-11-10T14:17:00.000Z,SELL,0.01,2,1,10.00,2,23110.00
2025-11-10T14:17:00.000Z,2025-11-10T16:32:00.000Z,SELL,0.01,1,1,10.00,1,23120.00
2025-11-10T16:32:00.000Z,2025-11-10T20:27:00.000Z,SELL,0.01,2,1,10.00,2,23130.00
2025-11-10T20:27:00.000Z,2025-11-11T05:10:00.000Z,SELL,0.01,2,1,10.00,2,23140.00
2025-11-11T05:10:00.000Z,2025-11-11T07:34:00.000Z,SELL,0.01,1,1,10.00,1,23150.00
2025-11-11T07:34:00.000Z,2025-11-11T16:49:00.000Z,SELL,0.01,1,1,10.00,1,23160.00
2025-11-11T16:49:00.000Z,2025-11-11T17:21:00.000Z,SELL,0.01,1,1,10.00,1,23170.00
2025-11-11T17:21:00.000Z,2025-11-11T17:28:00.000Z,SELL,0.01,1,1,10.00,1,23180.00
2025-11-11T17:28:00.000Z,2025-11-11T22:53:00.000Z,SELL,0.01,2,1,10.00,2,23190.00
2025-11-11T22:53:00.000Z,2025-11-12T04:51:00.000Z,SELL,0.01,1,1,10.00,1,23200.00
2025-11-12T04:51:00.000Z,2025-11-12T06:02:00.000Z,SELL,0.01,1,1,10.00,1,23210.00
2025-11-12T06:02:00.000Z,2025-11-12T07:31:00.000Z,SELL,0.01,1,1,10.00,1,23220.00
2025-11-12T07:31:00.000Z,2025-11-12T10:25:00.000Z,SELL,0.01,2,1,10.00,2,23230.00
2025-11-12T10:25:00.000Z,2025-11-12T12:30:00.000Z,SELL,0.01,1,1,10.00,1,23240.00
2025-11-12T12:30:00.000Z,2025-11-12T17:10:00.000Z,SELL,0.01,2,1,10.00,2,23250.00
2025-11-12T17:10:00.000Z,2025-11-12T17:35:00.000Z,SELL,0.01,2,1,10.00,2,23260.00
2025-11-12T17:35:00.000Z,2025-11-12T20:27:00.000Z,SELL,0.01,2,1,10.00,2,23270.00
2025-11-12T20:27:00.000Z,2025-11-12T21:12:00.000Z,SELL,0.01,1,1,10.00,1,23280.00
2025-11-12T21:12:00.000Z,2025-11-13T01:38:00.000Z,SELL,0.01,1,1,10.00,1,23290.00
2025-11-13T01:38:00.000Z,2025-11-13T06:07:00.000Z,SELL,0.01,2,1,10.00,2,23300.00
2025-11-13T06:07:00.000Z,2025-11-13T06:23:00.000Z,SELL,0.01,1,1,10.00,1,23310.00
2025-11-13T06:23:00.000Z,2025-11-13T10:31:00.000Z,SELL,0.01,2,1,10.00,2,23320.00
2025-11-13T10:31:00.000Z,2025-11-13T11:04:00.000Z,SELL,0.01,1,1,10.00,1,23330.00
2025-11-13T11:04:00.000Z,2025-11-13T16:08:00.000Z,SELL,0.01,1,1,10.00,1,23340.00
2025-11-13T16:08:00.000Z,2025-11-13T16:28:00.000Z,SELL,0.01,1,1,10.00,1,23350.00
2025-11-13T16:28:00.000Z,2025-11-13T16:42:00.000Z,SELL,0.01,1,1,10.00,1,23360.00
2025-11-13T16:42:00.000Z,2025-11-13T16:44:00.000Z,SELL,0.01,1,1,10.00,1,23370.00
2025-11-13T16:44:00.000Z,2025-11-13T20:31:00.000Z,SELL,0.01,3,1,10.00,3,23380.00
2025-11-13T20:31:00.000Z,2025-11-13T20:32:00.000Z,SELL,0.01,1,1,10.00,1,23390.00
2025-11-13T20:32:00.000Z,2025-11-13T20:35:00.000Z,SELL,0.01,1,1,10.00,1,23400.00
2025-11-13T20:35:00.000Z,2025-11-13T20:38:00.000Z,SELL,0.01,1,1,10.00,1,23410.00
2025-11-13T20:38:00.000Z,2025-11-13T23:08:00.000Z,SELL,0.01,2,1,10.00,2,23420.00
2025-11-13T23:08:00.000Z,2025-11-14T04:50:00.000Z,SELL,0.01,2,1,10.00,2,23430.00
2025-11-14T04:50:00.000Z,2025-11-14T07:09:00.000Z,SELL,0.01,1,1,10.00,1,23440.00
2025-11-14T07:09:00.000Z,2025-11-14T07:15:00.000Z,SELL,0.01,1,1,10.00,1,23450.00
2025-11-14T07:15:00.000Z,2025-11-14T08:26:00.000Z,SELL,0.01,1,1,10.00,1,23460.00
2025-11-14T08:26:00.000Z,2025-11-14T09:21:00.000Z,SELL,0.01,1,1,10.00,1,23470.00
2025-11-14T09:21:00.000Z,2025-11-14T13:11:00.000Z,SELL,0.01,3,1,10.00,3,23480.00
2025-11-14T13:11:00.000Z,2025-11-14T13:17:00.000Z,SELL,0.01,1,1,10.00,1,23490.00
2025-11-14T13:17:00.000Z,2025-11-14T13:56:00.000Z,SELL,0.01,1,1,10.00,1,23500.00
2025-11-14T13:56:00.000Z,2025-11-14T14:12:00.000Z,SELL,0.01,1,1,10.00,1,23510.00
2025-11-14T14:12:00.000Z,2025-11-14T14:20:00.000Z,SELL,0.01,1,1,10.00,1,23520.00
2025-11-14T14:20:00.000Z,2025-11-14T15:11:00.000Z,SELL,0.01,1,1,10.00,1,23530.00
2025-11-14T15:11:00.000Z,2025-11-14T15:12:00.000Z,SELL,0.01,1,1,10.00,1,23540.00
2025-11-14T15:12:00.000Z,2025-11-14T15:19:00.000Z,SELL,0.01,1,1,10.00,1,23550.00
2025-11-14T15:19:00.000Z,2025-11-14T15:23:00.000Z,SELL,0.01,1,1,10.00,1,23560.00
2025-11-14T15:23:00.000Z,2025-11-14T15:26:00.000Z,SELL,0.01,1,1,10.00,1,23570.00
2025-11-14T15:26:00.000Z,2025-11-14T15:35:00.000Z,SELL,0.01,1,1,10.00,1,23580.00
2025-11-14T15:35:00.000Z,2025-11-14T15:50:00.000Z,SELL,0.01,1,1,10.00,1,23590.00
2025-11-14T15:50:00.000Z,2025-11-14T16:33:00.000Z,SELL,0.01,1,1,10.00,1,23600.00
2025-11-14T16:33:00.000Z,2025-11-14T16:38:00.000Z,SELL,0.01,2,1,10.00,2,23610.00
2025-11-14T16:38:00.000Z,2025-11-14T17:50:00.000Z,SELL,0.01,2,1,10.00,2,23620.00
2025-11-14T17:50:00.000Z,2025-11-14T17:56:00.000Z,SELL,0.01,1,1,10.00,1,23630.00
2025-11-14T17:56:00.000Z,2025-11-17T01:03:00.000Z,SELL,0.01,5,1,10.00,5,23640.00
2025-11-17T01:03:00.000Z,2025-11-17T01:09:00.000Z,SELL,0.01,2,1,10.00,2,23650.00
2025-11-17T01:09:00.000Z,2025-11-17T02:01:00.000Z,SELL,0.01,1,1,10.00,1,23660.00
2025-11-17T02:01:00.000Z,2025-11-17T02:27:00.000Z,SELL,0.01,1,1,10.00,1,23670.00
2025-11-17T02:27:00.000Z,2025-11-17T05:01:00.000Z,SELL,0.01,3,1,10.00,3,23680.00
2025-11-17T05:01:00.000Z,2025-11-17T07:26:00.000Z,SELL,0.01,1,1,10.00,1,23690.00
2025-11-17T07:26:00.000Z,2025-11-17T07:35:00.000Z,SELL,0.01,1,1,10.00,1,23700.00
2025-11-17T07:35:00.000Z,2025-11-17T09:39:00.000Z,SELL,0.01,2,1,10.00,2,23710.00
2025-11-17T09:39:00.000Z,2025-11-17T12:53:00.000Z,SELL,0.01,1,1,10.00,1,23720.00
2025-11-17T12:53:00.000Z,2025-11-17T16:01:00.000Z,SELL,0.01,3,1,10.00,3,23730.00
2025-11-17T16:01:00.000Z,2025-11-17T21:32:00.000Z,SELL,0.01,5,1,10.00,5,23740.00
2025-11-17T21:32:00.000Z,2025-11-17T21:33:00.000Z,SELL,0.01,1,1,10.00,1,23750.00
2025-11-17T21:33:00.000Z,2025-11-17T21:40:00.000Z,SELL,0.01,1,1,10.00,1,23760.00
2025-11-17T21:40:00.000Z,2025-11-17T21:42:00.000Z,SELL,0.01,1,1,10.00,1,23770.00
2025-11-17T21:42:00.000Z,2025-11-17T22:00:00.000Z,SELL,0.01,1,1,10.00,1,23780.00
2025-11-17T22:00:00.000Z,2025-11-17T22:56:00.000Z,SELL,0.01,2,1,10.00,2,23790.00
2025-11-17T22:56:00.000Z,2025-11-18T01:47:00.000Z,SELL,0.01,1,1,10.00,1,23800.00
2025-11-18T01:47:00.000Z,2025-11-18T04:53:00.000Z,SELL,0.01,1,1,10.00,1,23810.00
2025-11-18T04:53:00.000Z,2025-11-18T05:21:00.000Z,SELL,0.01,1,1,10.00,1,23820.00
2025-11-18T05:21:00.000Z,2025-11-18T09:38:00.000Z,SELL,0.01,1,1,10.00,1,23830.00
2025-11-18T09:38:00.000Z,2025-11-18T10:32:00.000Z,SELL,0.01,2,1,10.00,2,23840.00
2025-11-18T10:32:00.000Z,2025-11-18T15:35:00.000Z,SELL,0.01,2,1,10.00,2,23850.00
2025-11-18T15:35:00.000Z,2025-11-18T18:02:00.000Z,SELL,0.01,3,1,10.00,3,23860.00
2025-11-18T18:02:00.000Z,2025-11-18T21:13:00.000Z,SELL,0.01,2,1,10.00,2,23870.00
2025-11-18T21:13:00.000Z,2025-11-18T22:46:00.000Z,SELL,0.01,1,1,10.00,1,23880.00
2025-11-18T22:46:00.000Z,2025-11-19T03:56:00.000Z,SELL,0.01,1,1,10.00,1,23890.00
2025-11-19T03:56:00.000Z,2025-11-19T07:18:00.000Z,SELL,0.01,2,1,10.00,2,23900.00
2025-11-19T07:18:00.000Z,2025-11-19T12:06:00.000Z,SELL,0.01,2,1,10.00,2,23910.00
2025-11-19T12:06:00.000Z,2025-11-19T12:58:00.000Z,SELL,0.01,1,1,10.00,1,23920.00
2025-11-19T12:58:00.000Z,2025-11-19T17:53:00.000Z,SELL,0.01,3,1,10.00,3,23930.00
2025-11-19T17:53:00.000Z,2025-11-19T18:02:00.000Z,SELL,0.01,1,1,10.00,1,23940.00
2025-11-19T18:02:00.000Z,2025-11-19T18:26:00.000Z,SELL,0.01,1,1,10.00,1,23950.00
2025-11-19T18:26:00.000Z,2025-11-19T19:03:00.000Z,SELL,0.01,1,1,10.00,1,23960.00
2025-11-19T19:03:00.000Z,2025-11-19T19:04:00.000Z,SELL,0.01,1,1,10.00,1,23970.00
2025-11-19T19:04:00.000Z,2025-11-19T20:23:00.000Z,SELL,0.01,2,1,10.00,2,23980.00
2025-11-19T20:23:00.000Z,2025-11-19T20:33:00.000Z,SELL,0.01,1,1,10.00,1,23990.00
2025-11-19T20:33:00.000Z,2025-11-19T23:15:00.000Z,SELL,0.01,1,1,10.00,1,24000.00
2025-11-19T23:15:00.000Z,2025-11-20T01:38:00.000Z,SELL,0.01,2,1,10.00,2,24010.00
2025-11-20T01:38:00.000Z,2025-11-20T03:55:00.000Z,SELL,0.01,1,1,10.00,1,24020.00
2025-11-20T03:55:00.000Z,2025-11-20T04:01:00.000Z,SELL,0.01,1,1,10.00,1,24030.00
2025-11-20T04:01:00.000Z,2025-11-20T04:06:00.000Z,SELL,0.01,1,1,10.00,1,24040.00
2025-11-20T04:06:00.000Z,2025-11-20T04:17:00.000Z,SELL,0.01,1,1,10.00,1,24050.00
2025-11-20T04:17:00.000Z,2025-11-20T04:19:00.000Z,SELL,0.01,1,1,10.00,1,24060.00
2025-11-20T04:19:00.000Z,2025-11-20T05:03:00.000Z,SELL,0.01,2,1,10.00,2,24070.00
2025-11-20T05:03:00.000Z,2025-11-20T08:25:00.000Z,SELL,0.01,1,1,10.00,1,24080.00
2025-11-20T08:25:00.000Z,2025-11-20T09:46:00.000Z,SELL,0.01,1,1,10.00,1,24090.00
2025-11-20T09:46:00.000Z,2025-11-20T10:12:00.000Z,SELL,0.01,1,1,10.00,1,24100.00
2025-11-20T10:12:00.000Z,2025-11-20T14:12:00.000Z,SELL,0.01,2,1,10.00,2,24110.00
2025-11-20T14:12:00.000Z,2025-11-20T16:46:00.000Z,SELL,0.01,5,0,-2420.00,5,21690.00
2025-11-20T16:46:00.000Z,2025-11-20T17:08:00.000Z,SELL,0.01,1,1,10.00,1,21700.00
2025-11-20T17:08:00.000Z,2025-11-20T17:59:00.000Z,SELL,0.01,1,1,10.00,1,21710.00
2025-11-20T17:59:00.000Z,2025-11-20T18:26:00.000Z,SELL,0.01,1,1,10.00,1,21720.00
2025-11-20T18:26:00.000Z,2025-11-20T18:56:00.000Z,SELL,0.01,1,1,10.00,1,21730.00
2025-11-20T18:56:00.000Z,2025-11-20T21:23:00.000Z,SELL,0.01,2,1,10.00,2,21740.00
2025-11-20T21:23:00.000Z,2025-11-21T02:23:00.000Z,SELL,0.01,1,1,10.00,1,21750.00
2025-11-21T02:23:00.000Z,2025-11-21T03:25:00.000Z,SELL,0.01,1,1,10.00,1,21760.00
2025-11-21T03:25:00.000Z,2025-11-21T05:17:00.000Z,SELL,0.01,1,1,10.00,1,21770.00
2025-11-21T05:17:00.000Z,2025-11-21T07:53:00.000Z,SELL,0.01,1,1,10.00,1,21780.00
2025-11-21T07:53:00.000Z,2025-11-21T08:28:00.000Z,SELL,0.01,3,1,10.00,3,21790.00
2025-11-21T08:28:00.000Z,2025-11-21T11:19:00.000Z,SELL,0.01,2,1,10.00,2,21800.00
2025-11-21T11:19:00.000Z,2025-11-21T11:42:00.000Z,SELL,0.01,1,1,10.00,1,21810.00
2025-11-21T11:42:00.000Z,2025-11-21T12:10:00.000Z,SELL,0.01,1,1,10.00,1,21820.00
2025-11-21T12:10:00.000Z,2025-11-21T14:45:00.000Z,SELL,0.01,2,1,10.00,2,21830.00
2025-11-21T14:45:00.000Z,2025-11-21T14:54:00.000Z,SELL,0.01,1,1,10.00,1,21840.00
2025-11-21T14:54:00.000Z,2025-11-21T18:50:00.000Z,SELL,0.01,4,1,10.00,4,21850.00
2025-11-21T18:50:00.000Z,2025-11-21T19:20:00.000Z,SELL,0.01,1,1,10.00,1,21860.00
2025-11-21T19:20:00.000Z,2025-11-21T22:23:00.000Z,SELL,0.01,1,1,10.00,1,21870.00
2025-11-21T22:23:00.000Z,2025-11-21T22:33:00.000Z,SELL,0.01,1,1,10.00,1,21880.00
2025-11-21T22:33:00.000Z,2025-11-24T03:23:00.000Z,SELL,0.01,1,1,10.00,1,21890.00
2025-11-24T03:23:00.000Z,2025-11-24T14:44:00.000Z,SELL,0.01,2,1,10.00,2,21900.00
2025-11-24T14:44:00.000Z,2025-11-24T16:40:00.000Z,SELL,0.01,1,1,10.00,1,21910.00
2025-11-24T16:40:00.000Z,2025-11-24T19:01:00.000Z,SELL,0.01,2,1,10.00,2,21920.00
2025-11-24T19:01:00.000Z,2025-11-24T19:18:00.000Z,SELL,0.01,1,1,10.00,1,21930.00
2025-11-24T19:18:00.000Z,2025-11-24T20:52:00.000Z,SELL,0.01,2,1,10.00,2,21940.00
2025-11-24T20:52:00.000Z,2025-11-25T04:44:00.000Z,SELL,0.01,2,1,10.00,2,21950.00
2025-11-25T04:44:00.000Z,2025-11-25T08:35:00.000Z,SELL,0.01,1,1,10.00,1,21960.00
2025-11-25T08:35:00.000Z,2025-11-25T10:35:00.000Z,SELL,0.01,1,1,10.00,1,21970.00
2025-11-25T10:35:00.000Z,2025-11-25T10:51:00.000Z,SELL,0.01,1,1,10.00,1,21980.00
2025-11-25T10:51:00.000Z,2025-11-25T15:30:00.000Z,SELL,0.01,4,1,10.00,4,21990.00
2025-11-25T15:30:00.000Z,2025-11-25T16:07:00.000Z,SELL,0.01,1,1,10.00,1,22000.00
2025-11-25T16:07:00.000Z,2025-11-25T16:31:00.000Z,SELL,0.01,1,1,10.00,1,22010.00
2025-11-25T16:31:00.000Z,2025-11-25T16:39:00.000Z,SELL,0.01,1,1,10.00,1,22020.00
2025-11-25T16:39:00.000Z,2025-11-25T19:00:00.000Z,SELL,0.01,2,1,10.00,2,22030.00
2025-11-25T19:00:00.000Z,2025-11-25T20:38:00.000Z,SELL,0.01,1,1,10.00,1,22040.00
2025-11-25T20:38:00.000Z,2025-11-25T23:03:00.000Z,SELL,0.01,1,1,10.00,1,22050.00
2025-11-25T23:03:00.000Z,2025-11-26T04:22:00.000Z,SELL,0.01,2,1,10.00,2,22060.00
2025-11-26T04:22:00.000Z,2025-11-26T08:38:00.000Z,SELL,0.01,1,1,10.00,1,22070.00
2025-11-26T08:38:00.000Z,2025-11-26T17:00:00.000Z,SELL,0.01,3,1,10.00,3,22080.00
2025-11-26T17:00:00.000Z,2025-11-26T18:41:00.000Z,SELL,0.01,2,1,10.00,2,22090.00
2025-11-26T18:41:00.000Z,2025-11-27T03:15:00.000Z,SELL,0.01,1,1,10.00,1,22100.00
2025-11-27T03:15:00.000Z,2025-11-27T04:50:00.000Z,SELL,0.01,1,1,10.00,1,22110.00
2025-11-27T04:50:00.000Z,2025-11-28T02:34:00.000Z,SELL,0.01,2,1,10.00,2,22120.00
2025-11-28T02:34:00.000Z,2025-11-28T10:20:00.000Z,SELL,0.01,1,1,10.00,1,22130.00
2025-11-28T10:20:00.000Z,2025-11-28T10:26:00.000Z,SELL,0.01,1,1,10.00,1,22140.00
2025-11-28T10:26:00.000Z,2025-11-28T16:00:00.000Z,SELL,0.01,2,1,10.00,2,22150.00
2025-11-28T16:00:00.000Z,2025-11-28T19:59:00.000Z,SELL,0.01,4,1,10.00,4,22160.00
2025-11-28T19:59:00.000Z,2025-12-01T03:55:00.000Z,SELL,0.01,2,1,10.00,2,22170.00
2025-12-01T03:55:00.000Z,2025-12-01T04:32:00.000Z,SELL,0.01,1,1,10.00,1,22180.00
2025-12-01T04:32:00.000Z,2025-12-01T07:17:00.000Z,SELL,0.01,1,1,10.00,1,22190.00
2025-12-01T07:17:00.000Z,2025-12-01T12:04:00.000Z,SELL,0.01,2,1,10.00,2,22200.00
2025-12-01T12:04:00.000Z,2025-12-01T14:55:00.000Z,SELL,0.01,1,1,10.00,1,22210.00
2025-12-01T14:55:00.000Z,2025-12-01T16:35:00.000Z,SELL,0.01,1,1,10.00,1,22220.00
2025-12-01T16:35:00.000Z,2025-12-01T16:42:00.000Z,SELL,0.01,1,1,10.00,1,22230.00
2025-12-01T16:42:00.000Z,2025-12-02T03:04:00.000Z,SELL,0.01,3,1,10.00,3,22240.00
2025-12-02T03:04:00.000Z,2025-12-02T03:09:00.000Z,SELL,0.01,1,1,10.00,1,22250.00
2025-12-02T03:09:00.000Z,2025-12-02T03:09:00.000Z,SELL,0.01,1,1,10.00,1,22260.00
2025-12-02T03:09:00.000Z,2025-12-02T04:50:00.000Z,SELL,0.01,2,1,10.00,2,22270.00
2025-12-02T04:50:00.000Z,2025-12-02T06:33:00.000Z,SELL,0.01,1,1,10.00,1,22280.00
2025-12-02T06:33:00.000Z,2025-12-02T08:30:00.000Z,SELL,0.01,1,1,10.00,1,22290.00
2025-12-02T08:30:00.000Z,2025-12-02T11:27:00.000Z,SELL,0.01,1,1,10.00,1,22300.00
2025-12-02T11:27:00.000Z,2025-12-02T11:36:00.000Z,SELL,0.01,1,1,10.00,1,22310.00
2025-12-02T11:36:00.000Z,2025-12-02T15:00:00.000Z,SELL,0.01,2,1,10.00,2,22320.00
2025-12-02T15:00:00.000Z,2025-12-02T15:12:00.000Z,SELL,0.01,1,1,10.00,1,22330.00
2025-12-02T15:12:00.000Z,2025-12-02T17:20:00.000Z,SELL,0.01,3,1,10.00,3,22340.00
2025-12-02T17:20:00.000Z,2025-12-02T17:36:00.000Z,SELL,0.01,1,1,10.00,1,22350.00
2025-12-02T17:36:00.000Z,2025-12-02T17:54:00.000Z,SELL,0.01,1,1,10.00,1,22360.00
2025-12-02T17:54:00.000Z,2025-12-02T22:33:00.000Z,SELL,0.01,2,1,10.00,2,22370.00
2025-12-02T22:33:00.000Z,2025-12-03T15:53:00.000Z,SELL,0.01,4,1,10.00,4,22380.00
2025-12-03T15:53:00.000Z,2025-12-03T16:08:00.000Z,SELL,0.01,1,1,10.00,1,22390.00
2025-12-03T16:08:00.000Z,2025-12-03T16:53:00.000Z,SELL,0.01,1,1,10.00,1,22400.00
2025-12-03T16:53:00.000Z,2025-12-03T18:56:00.000Z,SELL,0.01,1,1,10.00,1,22410.00
2025-12-03T18:56:00.000Z,2025-12-04T05:02:00.000Z,SELL,0.01,1,1,10.00,1,22420.00
2025-12-04T05:02:00.000Z,2025-12-04T07:44:00.000Z,SELL,0.01,1,1,10.00,1,22430.00
2025-12-04T07:44:00.000Z,2025-12-04T16:32:00.000Z,SELL,0.01,2,1,10.00,2,22440.00
2025-12-04T16:32:00.000Z,2025-12-04T16:39:00.000Z,SELL,0.01,1,1,10.00,1,22450.00
2025-12-04T16:39:00.000Z,2025-12-05T15:00:00.000Z,SELL,0.01,2,1,10.00,2,22460.00
2025-12-05T15:00:00.000Z,2025-12-05T18:10:00.000Z,SELL,0.01,3,1,10.00,3,22470.00
2025-12-05T18:10:00.000Z,2025-12-05T18:12:00.000Z,SELL,0.01,1,1,10.00,1,22480.00
2025-12-05T18:12:00.000Z,2025-12-05T18:20:00.000Z,SELL,0.01,1,1,10.00,1,22490.00
2025-12-05T18:20:00.000Z,2025-12-08T17:03:00.000Z,SELL,0.01,1,1,10.00,1,22500.00
2025-12-08T17:03:00.000Z,2025-12-08T17:07:00.000Z,SELL,0.01,1,1,10.00,1,22510.00
2025-12-08T17:07:00.000Z,2025-12-09T11:18:00.000Z,SELL,0.01,2,1,10.00,2,22520.00
2025-12-09T11:18:00.000Z,2025-12-09T14:19:00.000Z,SELL,0.01,1,1,10.00,1,22530.00
2025-12-09T14:19:00.000Z,2025-12-10T12:32:00.000Z,SELL,0.01,3,1,10.00,3,22540.00
2025-12-10T12:32:00.000Z,2025-12-10T21:11:00.000Z,SELL,0.01,2,1,10.00,2,22550.00
2025-12-10T21:11:00.000Z,2025-12-10T21:14:00.000Z,SELL,0.01,1,1,10.00,1,22560.00
2025-12-10T21:14:00.000Z,2025-12-10T21:28:00.000Z,SELL,0.01,1,1,10.00,1,22570.00
2025-12-10T21:28:00.000Z,2025-12-10T21:41:00.000Z,SELL,0.01,1,1,10.00,1,22580.00
2025-12-10T21:41:00.000Z,2025-12-10T22:03:00.000Z,SELL,0.01,2,1,10.00,2,22590.00
2025-12-10T22:03:00.000Z,2025-12-11T07:39:00.000Z,SELL,0.01,3,1,10.00,3,22600.00
2025-12-11T07:39:00.000Z,2025-12-11T16:35:00.000Z,SELL,0.01,2,1,10.00,2,22610.00
2025-12-11T16:35:00.000Z,2025-12-11T17:01:00.000Z,SELL,0.01,1,1,10.00,1,22620.00
2025-12-11T17:01:00.000Z,2025-12-11T17:50:00.000Z,SELL,0.01,2,1,10.00,2,22630.00
2025-12-11T17:50:00.000Z,2025-12-12T09:08:00.000Z,SELL,0.01,2,1,10.00,2,22640.00
2025-12-12T09:08:00.000Z,2025-12-12T11:54:00.000Z,SELL,0.01,2,1,10.00,2,22650.00
2025-12-12T11:54:00.000Z,2025-12-12T16:52:00.000Z,SELL,0.01,2,1,10.00,2,22660.00
2025-12-12T16:52:00.000Z,2025-12-12T17:16:00.000Z,SELL,0.01,1,1,10.00,1,22670.00
2025-12-12T17:16:00.000Z,2025-12-12T17:19:00.000Z,SELL,0.01,1,1,10.00,1,22680.00
2025-12-12T17:19:00.000Z,2025-12-12T17:21:00.000Z,SELL,0.01,1,1,10.00,1,22690.00
2025-12-12T17:21:00.000Z,2025-12-12T17:25:00.000Z,SELL,0.01,1,1,10.00,1,22700.00
2025-12-12T17:25:00.000Z,2025-12-12T17:30:00.000Z,SELL,0.01,1,1,10.00,1,22710.00
2025-12-12T17:30:00.000Z,2025-12-12T17:58:00.000Z,SELL,0.01,3,1,10.00,3,22720.00
2025-12-12T17:58:00.000Z,2025-12-12T18:04:00.000Z,SELL,0.01,1,1,10.00,1,22730.00
2025-12-12T18:04:00.000Z,2025-12-12T18:39:00.000Z,SELL,0.01,1,1,10.00,1,22740.00
2025-12-12T18:39:00.000Z,2025-12-12T19:48:00.000Z,SELL,0.01,2,1,10.00,2,22750.00
2025-12-12T19:48:00.000Z,2025-12-15T04:07:00.000Z,SELL,0.01,2,1,10.00,2,22760.00
2025-12-15T04:07:00.000Z,2025-12-15T17:01:00.000Z,SELL,0.01,3,1,10.00,3,22770.00
2025-12-15T17:01:00.000Z,2025-12-15T18:05:00.000Z,SELL,0.01,1,1,10.00,1,22780.00
2025-12-15T18:05:00.000Z,2025-12-15T18:22:00.000Z,SELL,0.01,1,1,10.00,1,22790.00
2025-12-15T18:22:00.000Z,2025-12-16T05:11:00.000Z,SELL,0.01,3,1,10.00,3,22800.00
2025-12-16T05:11:00.000Z,2025-12-16T07:30:00.000Z,SELL,0.01,1,1,10.00,1,22810.00
2025-12-16T07:30:00.000Z,2025-12-16T15:30:00.000Z,SELL,0.01,2,1,10.00,2,22820.00
2025-12-16T15:30:00.000Z,2025-12-16T17:08:00.000Z,SELL,0.01,2,1,10.00,2,22830.00
2025-12-16T17:08:00.000Z,2025-12-16T17:13:00.000Z,SELL,0.01,1,1,10.00,1,22840.00
2025-12-16T17:13:00.000Z,2025-12-16T17:20:00.000Z,SELL,0.01,1,1,10.00,1,22850.00
2025-12-16T17:20:00.000Z,2025-12-16T18:22:00.000Z,SELL,0.01,1,1,10.00,1,22860.00
2025-12-16T18:22:00.000Z,2025-12-16T18:40:00.000Z,SELL,0.01,1,1,10.00,1,22870.00
2025-12-16T18:40:00.000Z,2025-12-17T03:35:00.000Z,SELL,0.01,2,1,10.00,2,22880.00
2025-12-17T03:35:00.000Z,2025-12-17T04:48:00.000Z,SELL,0.01,1,1,10.00,1,22890.00
2025-12-17T04:48:00.000Z,2025-12-17T15:58:00.000Z,SELL,0.01,4,1,10.00,4,22900.00
2025-12-17T15:58:00.000Z,2025-12-17T16:12:00.000Z,SELL,0.01,1,1,10.00,1,22910.00
2025-12-17T16:12:00.000Z,2025-12-17T16:18:00.000Z,SELL,0.01,1,1,10.00,1,22920.00
2025-12-17T16:18:00.000Z,2025-12-18T15:52:00.000Z,SELL,0.01,5,0,-2420.00,5,20500.00
2025-12-18T15:52:00.000Z,2025-12-18T16:29:00.000Z,SELL,0.01,1,1,10.00,1,20510.00
2025-12-18T16:29:00.000Z,2025-12-18T16:41:00.000Z,SELL,0.01,1,1,10.00,1,20520.00
2025-12-18T16:41:00.000Z,2025-12-18T16:44:00.000Z,SELL,0.01,1,1,10.00,1,20530.00
2025-12-18T16:44:00.000Z,2025-12-18T18:02:00.000Z,SELL,0.01,2,1,10.00,2,20540.00
2025-12-18T18:02:00.000Z,2025-12-18T18:19:00.000Z,SELL,0.01,2,1,10.00,2,20550.00
2025-12-18T18:19:00.000Z,2025-12-18T18:52:00.000Z,SELL,0.01,1,1,10.00,1,20560.00
2025-12-18T18:52:00.000Z,2025-12-18T19:06:00.000Z,SELL,0.01,1,1,10.00,1,20570.00
2025-12-18T19:06:00.000Z,2025-12-18T19:08:00.000Z,SELL,0.01,1,1,10.00,1,20580.00
2025-12-18T19:08:00.000Z,2025-12-18T19:09:00.000Z,SELL,0.01,1,1,10.00,1,20590.00
2025-12-18T19:09:00.000Z,2025-12-19T03:01:00.000Z,SELL,0.01,1,1,10.00,1,20600.00
2025-12-19T03:01:00.000Z,2025-12-19T03:28:00.000Z,SELL,0.01,1,1,10.00,1,20610.00
2025-12-19T03:28:00.000Z,2025-12-19T17:06:00.000Z,SELL,0.01,2,1,10.00,2,20620.00
2025-12-19T17:06:00.000Z,2025-12-22T03:00:00.000Z,SELL,0.01,2,1,10.00,2,20630.00
2025-12-22T03:00:00.000Z,2025-12-22T06:51:00.000Z,SELL,0.01,2,1,10.00,2,20640.00
2025-12-22T06:51:00.000Z,2025-12-22T17:45:00.000Z,SELL,0.01,2,1,10.00,2,20650.00
2025-12-22T17:45:00.000Z,2025-12-23T02:05:00.000Z,SELL,0.01,2,1,10.00,2,20660.00
2025-12-23T02:05:00.000Z,2025-12-23T03:55:00.000Z,SELL,0.01,2,1,10.00,2,20670.00
2025-12-23T03:55:00.000Z,2025-12-23T06:50:00.000Z,SELL,0.01,1,1,10.00,1,20680.00
2025-12-23T06:50:00.000Z,2025-12-23T08:12:00.000Z,SELL,0.01,1,1,10.00,1,20690.00
2025-12-23T08:12:00.000Z,2025-12-23T16:05:00.000Z,SELL,0.01,3,1,10.00,3,20700.00
2025-12-23T16:05:00.000Z,2025-12-23T16:36:00.000Z,SELL,0.01,1,1,10.00,1,20710.00
2025-12-23T16:36:00.000Z,2025-12-23T17:02:00.000Z,SELL,0.01,1,1,10.00,1,20720.00
2025-12-23T17:02:00.000Z,2025-12-23T18:48:00.000Z,SELL,0.01,2,1,10.00,2,20730.00
2025-12-23T18:48:00.000Z,2025-12-23T22:59:00.000Z,SELL,0.01,2,1,10.00,2,20740.00
2025-12-23T22:59:00.000Z,2025-12-23T23:36:00.000Z,SELL,0.01,1,1,10.00,1,20750.00
2025-12-23T23:36:00.000Z,2025-12-24T03:00:00.000Z,SELL,0.01,2,1,10.00,2,20760.00
2025-12-24T03:00:00.000Z,2025-12-24T03:02:00.000Z,SELL,0.01,1,1,10.00,1,20770.00
2025-12-24T03:02:00.000Z,2025-12-24T04:57:00.000Z,SELL,0.01,1,1,10.00,1,20780.00
2025-12-24T04:57:00.000Z,2025-12-24T04:58:00.000Z,SELL,0.01,1,1,10.00,1,20790.00
2025-12-24T04:58:00.000Z,2025-12-24T04:59:00.000Z,SELL,0.01,1,1,10.00,1,20800.00
2025-12-24T04:59:00.000Z,2025-12-24T16:50:00.000Z,SELL,0.01,5,1,10.00,5,20810.00
2025-12-24T16:50:00.000Z,2025-12-24T17:37:00.000Z,SELL,0.01,1,1,10.00,1,20820.00
2025-12-24T17:37:00.000Z,2025-12-26T01:01:00.000Z,SELL,0.01,2,1,10.00,2,20830.00
2025-12-26T01:01:00.000Z,2025-12-26T03:00:00.000Z,SELL,0.01,2,1,10.00,2,20840.00
2025-12-26T03:00:00.000Z,2025-12-26T03:28:00.000Z,SELL,0.01,1,1,10.00,1,20850.00
2025-12-26T03:28:00.000Z,2025-12-26T04:31:00.000Z,SELL,0.01,1,1,10.00,1,20860.00
2025-12-26T04:31:00.000Z,2025-12-26T15:41:00.000Z,SELL,0.01,2,1,10.00,2,20870.00
2025-12-26T15:41:00.000Z,2025-12-26T15:50:00.000Z,SELL,0.01,1,1,10.00,1,20880.00
2025-12-26T15:50:00.000Z,2025-12-26T17:56:00.000Z,SELL,0.01,2,1,10.00,2,20890.00
2025-12-26T17:56:00.000Z,2025-12-26T18:13:00.000Z,SELL,0.01,1,1,10.00,1,20900.00
2025-12-26T18:13:00.000Z,2025-12-26T19:14:00.000Z,SELL,0.01,1,1,10.00,1,20910.00
2025-12-26T19:14:00.000Z,2025-12-26T19:31:00.000Z,SELL,0.01,1,1,10.00,1,20920.00
2025-12-26T19:31:00.000Z,2025-12-29T02:20:00.000Z,SELL,0.01,1,1,10.00,1,20930.00
2025-12-29T02:20:00.000Z,2025-12-29T02:23:00.000Z,SELL,0.01,1,1,10.00,1,20940.00
2025-12-29T02:23:00.000Z,2025-12-29T02:26:00.000Z,SELL,0.01,1,1,10.00,1,20950.00
2025-12-29T02:26:00.000Z,2025-12-29T02:30:00.000Z,SELL,0.01,1,1,10.00,1,20960.00
2025-12-29T02:30:00.000Z,2025-12-29T02:49:00.000Z,SELL,0.01,2,1,10.00,2,20970.00
2025-12-29T02:49:00.000Z,2025-12-29T03:00:00.000Z,SELL,0.01,1,1,10.00,1,20980.00
2025-12-29T03:00:00.000Z,2025-12-29T08:30:00.000Z,SELL,0.01,5,1,10.00,5,20990.00
2025-12-29T08:30:00.000Z,2025-12-29T08:53:00.000Z,SELL,0.01,1,1,10.00,1,21000.00
2025-12-29T08:53:00.000Z,2025-12-29T09:00:00.000Z,SELL,0.01,1,1,10.00,1,21010.00
2025-12-29T09:00:00.000Z,2025-12-29T09:03:00.000Z,SELL,0.01,1,1,10.00,1,21020.00
2025-12-29T09:03:00.000Z,2025-12-29T10:14:00.000Z,SELL,0.01,2,1,10.00,2,21030.00
2025-12-29T10:14:00.000Z,2025-12-29T10:38:00.000Z,SELL,0.01,1,1,10.00,1,21040.00
2025-12-29T10:38:00.000Z,2025-12-29T10:49:00.000Z,SELL,0.01,1,1,10.00,1,21050.00
2025-12-29T10:49:00.000Z,2025-12-29T10:56:00.000Z,SELL,0.01,1,1,10.00,1,21060.00
2025-12-29T10:56:00.000Z,2025-12-29T13:40:00.000Z,SELL,0.01,3,1,10.00,3,21070.00
2025-12-29T13:40:00.000Z,2025-12-29T15:42:00.000Z,SELL,0.01,3,1,10.00,3,21080.00
2025-12-29T15:42:00.000Z,2025-12-29T15:46:00.000Z,SELL,0.01,1,1,10.00,1,21090.00
2025-12-29T15:46:00.000Z,2025-12-29T15:50:00.000Z,SELL,0.01,1,1,10.00,1,21100.00
2025-12-29T15:50:00.000Z,2025-12-29T16:03:00.000Z,SELL,0.01,1,1,10.00,1,21110.00
2025-12-29T16:03:00.000Z,2025-12-29T16:06:00.000Z,SELL,0.01,1,1,10.00,1,21120.00
2025-12-29T16:06:00.000Z,2025-12-29T16:30:00.000Z,SELL,0.01,1,1,10.00,1,21130.00
2025-12-29T16:30:00.000Z,2025-12-29T16:30:00.000Z,SELL,0.01,1,1,10.00,1,21140.00
2025-12-29T16:30:00.000Z,2025-12-29T16:41:00.000Z,SELL,0.01,1,1,10.00,1,21150.00
2025-12-29T16:41:00.000Z,2025-12-29T17:00:00.000Z,SELL,0.01,3,1,10.00,3,21160.00
2025-12-29T17:00:00.000Z,2025-12-29T17:02:00.000Z,SELL,0.01,1,1,10.00,1,21170.00
2025-12-29T17:02:00.000Z,2025-12-29T17:07:00.000Z,SELL,0.01,1,1,10.00,1,21180.00
2025-12-29T17:07:00.000Z,2025-12-29T17:21:00.000Z,SELL,0.01,1,1,10.00,1,21190.00
2025-12-29T17:21:00.000Z,2025-12-29T17:22:00.000Z,SELL,0.01,1,1,10.00,1,21200.00
2025-12-29T17:22:00.000Z,2025-12-29T18:12:00.000Z,SELL,0.01,2,1,10.00,2,21210.00
2025-12-29T18:12:00.000Z,2025-12-29T18:15:00.000Z,SELL,0.01,1,1,10.00,1,21220.00
2025-12-29T18:15:00.000Z,2025-12-29T19:38:00.000Z,SELL,0.01,1,1,10.00,1,21230.00
2025-12-29T19:38:00.000Z,2025-12-30T02:20:00.000Z,SELL,0.01,2,1,10.00,2,21240.00
2025-12-30T02:20:00.000Z,2025-12-30T02:48:00.000Z,SELL,0.01,1,1,10.00,1,21250.00
2025-12-30T02:48:00.000Z,2025-12-30T03:04:00.000Z,SELL,0.01,1,1,10.00,1,21260.00
2025-12-30T03:04:00.000Z,2025-12-30T03:55:00.000Z,SELL,0.01,2,1,10.00,2,21270.00
2025-12-30T03:55:00.000Z,2025-12-30T04:36:00.000Z,SELL,0.01,1,1,10.00,1,21280.00
2025-12-30T04:36:00.000Z,2025-12-30T07:36:00.000Z,SELL,0.01,2,1,10.00,2,21290.00
2025-12-30T07:36:00.000Z,2025-12-30T08:18:00.000Z,SELL,0.01,1,1,10.00,1,21300.00
2025-12-30T08:18:00.000Z,2025-12-30T10:27:00.000Z,SELL,0.01,1,1,10.00,1,21310.00
2025-12-30T10:27:00.000Z,2025-12-30T12:31:00.000Z,SELL,0.01,2,1,10.00,2,21320.00
2025-12-30T12:31:00.000Z,2025-12-30T15:33:00.000Z,SELL,0.01,1,1,10.00,1,21330.00
2025-12-30T15:33:00.000Z,2025-12-30T16:41:00.000Z,SELL,0.01,1,1,10.00,1,21340.00
2025-12-30T16:41:00.000Z,2025-12-30T16:47:00.000Z,SELL,0.01,1,1,10.00,1,21350.00
2025-12-30T16:47:00.000Z,2025-12-30T21:49:00.000Z,SELL,0.01,3,1,10.00,3,21360.00
2025-12-30T21:49:00.000Z,2025-12-30T21:56:00.000Z,SELL,0.01,1,1,10.00,1,21370.00
2025-12-30T21:56:00.000Z,2025-12-31T03:38:00.000Z,SELL,0.01,2,1,10.00,2,21380.00
2025-12-31T03:38:00.000Z,2025-12-31T04:48:00.000Z,SELL,0.01,1,1,10.00,1,21390.00
2025-12-31T04:48:00.000Z,2025-12-31T04:57:00.000Z,SELL,0.01,1,1,10.00,1,21400.00
2025-12-31T04:57:00.000Z,2025-12-31T06:56:00.000Z,SELL,0.01,1,1,10.00,1,21410.00
2025-12-31T06:56:00.000Z,2025-12-31T07:40:00.000Z,SELL,0.01,1,1,10.00,1,21420.00
2025-12-31T07:40:00.000Z,2025-12-31T07:48:00.000Z,SELL,0.01,1,1,10.00,1,21430.00
2025-12-31T07:48:00.000Z,2025-12-31T07:50:00.000Z,SELL,0.01,1,1,10.00,1,21440.00
2025-12-31T07:50:00.000Z,2025-12-31T07:53:00.000Z,SELL,0.01,1,1,10.00,1,21450.00
2025-12-31T07:53:00.000Z,2025-12-31T07:53:00.000Z,SELL,0.01,1,1,10.00,1,21460.00
2025-12-31T07:53:00.000Z,2025-12-31T08:01:00.000Z,SELL,0.01,1,1,10.00,1,21470.00
2025-12-31T08:01:00.000Z,2025-12-31T08:19:00.000Z,SELL,0.01,2,1,10.00,2,21480.00
2025-12-31T08:19:00.000Z,2025-12-31T11:43:00.000Z,SELL,0.01,4,1,10.00,4,21490.00
2025-12-31T11:43:00.000Z,2025-12-31T12:12:00.000Z,SELL,0.01,1,1,10.00,1,21500.00
2025-12-31T12:12:00.000Z,2025-12-31T12:30:00.000Z,SELL,0.01,1,1,10.00,1,21510.00
2025-12-31T12:30:00.000Z,2025-12-31T12:50:00.000Z,SELL,0.01,1,1,10.00,1,21520.00
2025-12-31T12:50:00.000Z,2025-12-31T15:44:00.000Z,SELL,0.01,2,1,10.00,2,21530.00
2025-12-31T15:44:00.000Z,2025-12-31T18:14:00.000Z,SELL,0.01,1,1,10.00,1,21540.00
2025-12-31T18:14:00.000Z,2025-12-31T21:32:00.000Z,SELL,0.01,1,1,10.00,1,21550.00
2025-12-31T21:32:00.000Z,2026-01-02T01:36:00.000Z,SELL,0.01,2,1,10.00,2,21560.00
2026-01-02T01:36:00.000Z,2026-01-02T05:42:00.000Z,SELL,0.01,2,1,10.00,2,21570.00
2026-01-02T05:42:00.000Z,2026-01-02T15:57:00.000Z,SELL,0.01,3,1,10.00,3,21580.00
2026-01-02T15:57:00.000Z,2026-01-02T16:35:00.000Z,SELL,0.01,1,1,10.00,1,21590.00
2026-01-02T16:35:00.000Z,2026-01-02T17:04:00.000Z,SELL,0.01,1,1,10.00,1,21600.00
2026-01-02T17:04:00.000Z,2026-01-02T17:23:00.000Z,SELL,0.01,1,1,10.00,1,21610.00
2026-01-02T17:23:00.000Z,2026-01-02T18:06:00.000Z,SELL,0.01,1,1,10.00,1,21620.00
2026-01-02T18:06:00.000Z,2026-01-02T20:15:00.000Z,SELL,0.01,1,1,10.00,1,21630.00
2026-01-02T20:15:00.000Z,2026-01-05T01:00:00.000Z,SELL,0.01,2,1,10.00,2,21640.00
2026-01-05T01:00:00.000Z,2026-01-05T01:15:00.000Z,SELL,0.01,2,1,10.00,2,21650.00
2026-01-05T01:15:00.000Z,2026-01-05T01:19:00.000Z,SELL,0.01,1,1,10.00,1,21660.00
2026-01-05T01:19:00.000Z,2026-01-05T02:33:00.000Z,SELL,0.01,2,1,10.00,2,21670.00
2026-01-05T02:33:00.000Z,2026-01-05T08:25:00.000Z,SELL,0.01,4,1,10.00,4,21680.00
2026-01-05T08:25:00.000Z,2026-01-05T13:27:00.000Z,SELL,0.01,1,1,10.00,1,21690.00
2026-01-05T13:27:00.000Z,2026-01-05T15:29:00.000Z,SELL,0.01,1,1,10.00,1,21700.00
2026-01-05T15:29:00.000Z,2026-01-05T16:46:00.000Z,SELL,0.01,2,1,10.00,2,21710.00
2026-01-05T16:46:00.000Z,2026-01-06T05:12:00.000Z,SELL,0.01,4,1,10.00,4,21720.00
2026-01-06T05:12:00.000Z,2026-01-06T07:56:00.000Z,SELL,0.01,1,1,10.00,1,21730.00
2026-01-06T07:56:00.000Z,2026-01-06T16:36:00.000Z,SELL,0.01,4,1,10.00,4,21740.00
2026-01-06T16:36:00.000Z,2026-01-06T17:33:00.000Z,SELL,0.01,1,1,10.00,1,21750.00
2026-01-06T17:33:00.000Z,2026-01-07T04:00:00.000Z,SELL,0.01,3,1,10.00,3,21760.00
2026-01-07T04:00:00.000Z,2026-01-07T07:43:00.000Z,SELL,0.01,1,1,10.00,1,21770.00
2026-01-07T07:43:00.000Z,2026-01-07T14:18:00.000Z,SELL,0.01,3,1,10.00,3,21780.00
2026-01-07T14:18:00.000Z,2026-01-07T15:09:00.000Z,SELL,0.01,1,1,10.00,1,21790.00
2026-01-07T15:09:00.000Z,2026-01-07T18:22:00.000Z,SELL,0.01,4,1,10.00,4,21800.00
2026-01-07T18:22:00.000Z,2026-01-07T19:56:00.000Z,SELL,0.01,1,1,10.00,1,21810.00
2026-01-07T19:56:00.000Z,2026-01-08T04:30:00.000Z,SELL,0.01,1,1,10.00,1,21820.00
2026-01-08T04:30:00.000Z,2026-01-08T07:05:00.000Z,SELL,0.01,1,1,10.00,1,21830.00
2026-01-08T07:05:00.000Z,2026-01-08T07:34:00.000Z,SELL,0.01,1,1,10.00,1,21840.00
2026-01-08T07:34:00.000Z,2026-01-08T14:16:00.000Z,SELL,0.01,3,1,10.00,3,21850.00
2026-01-08T14:16:00.000Z,2026-01-08T16:50:00.000Z,SELL,0.01,2,1,10.00,2,21860.00
2026-01-08T16:50:00.000Z,2026-01-08T17:00:00.000Z,SELL,0.01,1,1,10.00,1,21870.00
2026-01-08T17:00:00.000Z,2026-01-08T18:33:00.000Z,SELL,0.01,2,1,10.00,2,21880.00
2026-01-08T18:33:00.000Z,2026-01-08T20:36:00.000Z,SELL,0.01,1,1,10.00,1,21890.00
2026-01-08T20:36:00.000Z,2026-01-08T23:00:00.000Z,SELL,0.01,2,1,10.00,2,21900.00
2026-01-08T23:00:00.000Z,2026-01-09T02:23:00.000Z,SELL,0.01,1,1,10.00,1,21910.00
2026-01-09T02:23:00.000Z,2026-01-09T03:05:00.000Z,SELL,0.01,1,1,10.00,1,21920.00
2026-01-09T03:05:00.000Z,2026-01-09T15:34:00.000Z,SELL,0.01,2,1,10.00,2,21930.00
2026-01-09T15:34:00.000Z,2026-01-12T01:00:00.000Z,SELL,0.01,4,1,10.00,4,21940.00
2026-01-12T01:00:00.000Z,2026-01-12T02:06:00.000Z,SELL,0.01,2,1,10.00,2,21950.00
2026-01-12T02:06:00.000Z,2026-01-12T02:32:00.000Z,SELL,0.01,2,1,10.00,2,21960.00
2026-01-12T02:32:00.000Z,2026-01-12T04:03:00.000Z,SELL,0.01,3,1,10.00,3,21970.00
2026-01-12T04:03:00.000Z,2026-01-12T10:51:00.000Z,SELL,0.01,2,1,10.00,2,21980.00
2026-01-12T10:51:00.000Z,2026-01-12T11:59:00.000Z,SELL,0.01,1,1,10.00,1,21990.00
2026-01-12T11:59:00.000Z,2026-01-12T15:51:00.000Z,SELL,0.01,2,1,10.00,2,22000.00
2026-01-12T15:51:00.000Z,2026-01-12T16:02:00.000Z,SELL,0.01,1,1,10.00,1,22010.00
2026-01-12T16:02:00.000Z,2026-01-12T16:10:00.000Z,SELL,0.01,1,1,10.00,1,22020.00
2026-01-12T16:10:00.000Z,2026-01-12T16:26:00.000Z,SELL,0.01,1,1,10.00,1,22030.00
2026-01-12T16:26:00.000Z,2026-01-12T17:09:00.000Z,SELL,0.01,2,1,10.00,2,22040.00
2026-01-12T17:09:00.000Z,2026-01-12T20:16:00.000Z,SELL,0.01,1,1,10.00,1,22050.00
2026-01-12T20:16:00.000Z,2026-01-12T22:42:00.000Z,SELL,0.01,1,1,10.00,1,22060.00
2026-01-12T22:42:00.000Z,2026-01-13T01:12:00.000Z,SELL,0.01,1,1,10.00,1,22070.00
2026-01-13T01:12:00.000Z,2026-01-13T03:32:00.000Z,SELL,0.01,1,1,10.00,1,22080.00
2026-01-13T03:32:00.000Z,2026-01-13T15:13:00.000Z,SELL,0.01,4,1,10.00,4,22090.00
2026-01-13T15:13:00.000Z,2026-01-13T18:27:00.000Z,SELL,0.01,3,1,10.00,3,22100.00
2026-01-13T18:27:00.000Z,2026-01-13T20:19:00.000Z,SELL,0.01,3,1,10.00,3,22110.00
2026-01-13T20:19:00.000Z,2026-01-13T22:34:00.000Z,SELL,0.01,1,1,10.00,1,22120.00
2026-01-13T22:34:00.000Z,2026-01-14T02:07:00.000Z,SELL,0.01,2,1,10.00,2,22130.00
2026-01-14T02:07:00.000Z,2026-01-14T07:01:00.000Z,SELL,0.01,2,1,10.00,2,22140.00
2026-01-14T07:01:00.000Z,2026-01-14T07:57:00.000Z,SELL,0.01,1,1,10.00,1,22150.00
2026-01-14T07:57:00.000Z,2026-01-14T16:43:00.000Z,SELL,0.01,1,1,10.00,1,22160.00
2026-01-14T16:43:00.000Z,2026-01-14T17:02:00.000Z,SELL,0.01,1,1,10.00,1,22170.00
2026-01-14T17:02:00.000Z,2026-01-14T20:51:00.000Z,SELL,0.01,4,1,10.00,4,22180.00
2026-01-14T20:51:00.000Z,2026-01-14T23:15:00.000Z,SELL,0.01,1,1,10.00,1,22190.00
2026-01-14T23:15:00.000Z,2026-01-15T01:09:00.000Z,SELL,0.01,1,1,10.00,1,22200.00
2026-01-15T01:09:00.000Z,2026-01-15T01:41:00.000Z,SELL,0.01,1,1,10.00,1,22210.00
2026-01-15T01:41:00.000Z,2026-01-15T03:31:00.000Z,SELL,0.01,1,1,10.00,1,22220.00
2026-01-15T03:31:00.000Z,2026-01-15T05:22:00.000Z,SELL,0.01,3,1,10.00,3,22230.00
2026-01-15T05:22:00.000Z,2026-01-15T09:19:00.000Z,SELL,0.01,2,1,10.00,2,22240.00
2026-01-15T09:19:00.000Z,2026-01-15T09:40:00.000Z,SELL,0.01,1,1,10.00,1,22250.00
2026-01-15T09:40:00.000Z,2026-01-15T15:35:00.000Z,SELL,0.01,1,1,10.00,1,22260.00
2026-01-15T15:35:00.000Z,2026-01-15T15:47:00.000Z,SELL,0.01,1,1,10.00,1,22270.00
2026-01-15T15:47:00.000Z,2026-01-15T16:54:00.000Z,SELL,0.01,2,1,10.00,2,22280.00
2026-01-15T16:54:00.000Z,2026-01-15T18:54:00.000Z,SELL,0.01,1,1,10.00,1,22290.00
2026-01-15T18:54:00.000Z,2026-01-16T04:37:00.000Z,SELL,0.01,1,1,10.00,1,22300.00
2026-01-16T04:37:00.000Z,2026-01-16T17:26:00.000Z,SELL,0.01,5,1,10.00,5,22310.00
2026-01-16T17:26:00.000Z,2026-01-16T17:29:00.000Z,SELL,0.01,1,1,10.00,1,22320.00
2026-01-16T17:29:00.000Z,2026-01-16T17:30:00.000Z,SELL,0.01,1,1,10.00,1,22330.00
2026-01-16T17:30:00.000Z,2026-01-16T17:33:00.000Z,SELL,0.01,1,1,10.00,1,22340.00
2026-01-16T17:33:00.000Z,2026-01-16T17:34:00.000Z,SELL,0.01,1,1,10.00,1,22350.00
2026-01-16T17:34:00.000Z,2026-01-16T17:48:00.000Z,SELL,0.01,2,1,10.00,2,22360.00
2026-01-16T17:48:00.000Z,2026-01-16T17:52:00.000Z,SELL,0.01,1,1,10.00,1,22370.00
2026-01-16T17:52:00.000Z,2026-01-16T18:10:00.000Z,SELL,0.01,2,1,10.00,2,22380.00
2026-01-16T18:10:00.000Z,2026-01-16T19:21:00.000Z,SELL,0.01,1,1,10.00,1,22390.00
2026-01-16T19:21:00.000Z,2026-01-19T01:00:00.000Z,SELL,0.01,2,1,10.00,2,22400.00
2026-01-19T01:00:00.000Z,2026-01-19T01:02:00.000Z,SELL,0.01,2,1,10.00,2,22410.00
2026-01-19T01:02:00.000Z,2026-01-19T01:03:00.000Z,SELL,0.01,1,1,10.00,1,22420.00
2026-01-19T01:03:00.000Z,2026-01-19T01:08:00.000Z,SELL,0.01,2,1,10.00,2,22430.00
2026-01-19T01:08:00.000Z,2026-01-19T01:32:00.000Z,SELL,0.01,2,1,10.00,2,22440.00
2026-01-19T01:32:00.000Z,2026-01-19T01:33:00.000Z,SELL,0.01,1,1,10.00,1,22450.00
2026-01-19T01:33:00.000Z,2026-01-19T01:40:00.000Z,SELL,0.01,1,1,10.00,1,22460.00
2026-01-19T01:40:00.000Z,2026-01-19T03:16:00.000Z,SELL,0.01,1,1,10.00,1,22470.00
2026-01-19T03:16:00.000Z,2026-01-20T06:35:00.000Z,SELL,0.01,4,1,10.00,4,22480.00
2026-01-20T06:35:00.000Z,2026-01-20T09:24:00.000Z,SELL,0.01,2,1,10.00,2,22490.00
2026-01-20T09:24:00.000Z,2026-01-20T16:28:00.000Z,SELL,0.01,2,1,10.00,2,22500.00
2026-01-20T16:28:00.000Z,2026-01-20T16:30:00.000Z,SELL,0.01,1,1,10.00,1,22510.00
2026-01-20T16:30:00.000Z,2026-01-20T16:36:00.000Z,SELL,0.01,1,1,10.00,1,22520.00
2026-01-20T16:36:00.000Z,2026-01-20T19:55:00.000Z,SELL,0.01,2,1,10.00,2,22530.00
2026-01-20T19:55:00.000Z,2026-01-20T22:23:00.000Z,SELL,0.01,1,1,10.00,1,22540.00
2026-01-20T22:23:00.000Z,2026-01-21T01:46:00.000Z,SELL,0.01,2,1,10.00,2,22550.00
2026-01-21T01:46:00.000Z,2026-01-21T03:14:00.000Z,SELL,0.01,2,1,10.00,2,22560.00
2026-01-21T03:14:00.000Z,2026-01-21T03:54:00.000Z,SELL,0.01,2,1,10.00,2,22570.00
2026-01-21T03:54:00.000Z,2026-01-21T04:12:00.000Z,SELL,0.01,1,1,10.00,1,22580.00
2026-01-21T04:12:00.000Z,2026-01-21T04:22:00.000Z,SELL,0.01,1,1,10.00,1,22590.00
2026-01-21T04:22:00.000Z,2026-01-21T05:11:00.000Z,SELL,0.01,2,1,10.00,2,22600.00
2026-01-21T05:11:00.000Z,2026-01-21T05:13:00.000Z,SELL,0.01,1,1,10.00,1,22610.00
2026-01-21T05:13:00.000Z,2026-01-21T05:15:00.000Z,SELL,0.01,1,1,10.00,1,22620.00
2026-01-21T05:15:00.000Z,2026-01-21T06:35:00.000Z,SELL,0.01,2,1,10.00,2,22630.00
2026-01-21T06:35:00.000Z,2026-01-21T08:27:00.000Z,SELL,0.01,2,1,10.00,2,22640.00
2026-01-21T08:27:00.000Z,2026-01-21T08:36:00.000Z,SELL,0.01,1,1,10.00,1,22650.00
2026-01-21T08:36:00.000Z,2026-01-21T08:40:00.000Z,SELL,0.01,1,1,10.00,1,22660.00
2026-01-21T08:40:00.000Z,2026-01-21T08:46:00.000Z,SELL,0.01,1,1,10.00,1,22670.00
2026-01-21T08:46:00.000Z,2026-01-21T08:57:00.000Z,SELL,0.01,1,1,10.00,1,22680.00
2026-01-21T08:57:00.000Z,2026-01-21T09:04:00.000Z,SELL,0.01,1,1,10.00,1,22690.00
2026-01-21T09:04:00.000Z,2026-01-21T10:20:00.000Z,SELL,0.01,2,1,10.00,2,22700.00
2026-01-21T10:20:00.000Z,2026-01-21T10:56:00.000Z,SELL,0.01,1,1,10.00,1,22710.00
2026-01-21T10:56:00.000Z,2026-01-21T16:05:00.000Z,SELL,0.01,5,1,10.00,5,22720.00
2026-01-21T16:05:00.000Z,2026-01-21T17:19:00.000Z,SELL,0.01,5,1,10.00,5,22730.00
2026-01-21T17:19:00.000Z,2026-01-21T17:21:00.000Z,SELL,0.01,1,1,10.00,1,22740.00
2026-01-21T17:21:00.000Z,2026-01-21T17:23:00.000Z,SELL,0.01,1,1,10.00,1,22750.00
2026-01-21T17:23:00.000Z,2026-01-21T17:53:00.000Z,SELL,0.01,2,1,10.00,2,22760.00
2026-01-21T17:53:00.000Z,2026-01-21T18:19:00.000Z,SELL,0.01,1,1,10.00,1,22770.00
2026-01-21T18:19:00.000Z,2026-01-21T18:52:00.000Z,SELL,0.01,1,1,10.00,1,22780.00
2026-01-21T18:52:00.000Z,2026-01-21T19:15:00.000Z,SELL,0.01,1,1,10.00,1,22790.00
2026-01-21T19:15:00.000Z,2026-01-21T19:32:00.000Z,SELL,0.01,1,1,10.00,1,22800.00
2026-01-21T19:32:00.000Z,2026-01-21T20:27:00.000Z,SELL,0.01,2,1,10.00,2,22810.00
2026-01-21T20:27:00.000Z,2026-01-21T21:27:00.000Z,SELL,0.01,1,1,10.00,1,22820.00
2026-01-21T21:27:00.000Z,2026-01-21T21:27:00.000Z,SELL,0.01,1,1,10.00,1,22830.00
2026-01-21T21:27:00.000Z,2026-01-21T21:30:00.000Z,SELL,0.01,1,1,10.00,1,22840.00
2026-01-21T21:30:00.000Z,2026-01-21T21:35:00.000Z,SELL,0.01,1,1,10.00,1,22850.00
2026-01-21T21:35:00.000Z,2026-01-21T21:36:00.000Z,SELL,0.01,1,1,10.00,1,22860.00
2026-01-21T21:36:00.000Z,2026-01-21T21:39:00.000Z,SELL,0.01,1,1,10.00,1,22870.00
2026-01-21T21:39:00.000Z,2026-01-21T21:46:00.000Z,SELL,0.01,1,1,10.00,1,22880.00
2026-01-21T21:46:00.000Z,2026-01-21T22:16:00.000Z,SELL,0.01,2,1,10.00,2,22890.00
2026-01-21T22:16:00.000Z,2026-01-21T22:50:00.000Z,SELL,0.01,2,1,10.00,2,22900.00
2026-01-21T22:50:00.000Z,2026-01-22T01:06:00.000Z,SELL,0.01,1,1,10.00,1,22910.00
2026-01-22T01:06:00.000Z,2026-01-22T01:09:00.000Z,SELL,0.01,1,1,10.00,1,22920.00
2026-01-22T01:09:00.000Z,2026-01-22T01:25:00.000Z,SELL,0.01,1,1,10.00,1,22930.00
2026-01-22T01:25:00.000Z,2026-01-22T01:58:00.000Z,SELL,0.01,1,1,10.00,1,22940.00
2026-01-22T01:58:00.000Z,2026-01-22T07:50:00.000Z,SELL,0.01,4,1,10.00,4,22950.00
2026-01-22T07:50:00.000Z,2026-01-22T16:33:00.000Z,SELL,0.01,4,1,10.00,4,22960.00
2026-01-22T16:33:00.000Z,2026-01-22T17:00:00.000Z,SELL,0.01,1,1,10.00,1,22970.00
2026-01-22T17:00:00.000Z,2026-01-22T17:34:00.000Z,SELL,0.01,2,1,10.00,2,22980.00
2026-01-22T17:34:00.000Z,2026-01-22T19:23:00.000Z,SELL,0.01,2,1,10.00,2,22990.00
2026-01-22T19:23:00.000Z,2026-01-22T21:07:00.000Z,SELL,0.01,2,1,10.00,2,23000.00
2026-01-22T21:07:00.000Z,2026-01-22T21:27:00.000Z,SELL,0.01,1,1,10.00,1,23010.00
2026-01-22T21:27:00.000Z,2026-01-23T01:00:00.000Z,SELL,0.01,2,1,10.00,2,23020.00
2026-01-23T01:00:00.000Z,2026-01-23T01:30:00.000Z,SELL,0.01,1,1,10.00,1,23030.00
2026-01-23T01:30:00.000Z,2026-01-23T02:02:00.000Z,SELL,0.01,2,1,10.00,2,23040.00
2026-01-23T02:02:00.000Z,2026-01-23T02:14:00.000Z,SELL,0.01,1,1,10.00,1,23050.00
2026-01-23T02:14:00.000Z,2026-01-23T03:02:00.000Z,SELL,0.01,1,1,10.00,1,23060.00
2026-01-23T03:02:00.000Z,2026-01-23T10:20:00.000Z,SELL,0.01,5,1,10.00,5,23070.00
2026-01-23T10:20:00.000Z,2026-01-23T10:25:00.000Z,SELL,0.01,1,1,10.00,1,23080.00
2026-01-23T10:25:00.000Z,2026-01-23T10:27:00.000Z,SELL,0.01,1,1,10.00,1,23090.00
2026-01-23T10:27:00.000Z,2026-01-23T11:29:00.000Z,SELL,0.01,1,1,10.00,1,23100.00
2026-01-23T11:29:00.000Z,2026-01-23T12:26:00.000Z,SELL,0.01,2,1,10.00,2,23110.00
2026-01-23T12:26:00.000Z,2026-01-23T13:04:00.000Z,SELL,0.01,1,1,10.00,1,23120.00
2026-01-23T13:04:00.000Z,2026-01-23T16:38:00.000Z,SELL,0.01,2,1,10.00,2,23130.00
2026-01-23T16:38:00.000Z,2026-01-23T17:00:00.000Z,SELL,0.01,1,1,10.00,1,23140.00
2026-01-23T17:00:00.000Z,2026-01-23T18:09:00.000Z,SELL,0.01,2,1,10.00,2,23150.00
2026-01-23T18:09:00.000Z,2026-01-23T20:49:00.000Z,SELL,0.01,1,1,10.00,1,23160.00
2026-01-23T20:49:00.000Z,2026-01-23T21:54:00.000Z,SELL,0.01,2,1,10.00,2,23170.00
2026-01-23T21:54:00.000Z,2026-01-23T22:00:00.000Z,SELL,0.01,1,1,10.00,1,23180.00
2026-01-23T22:00:00.000Z,2026-01-26T01:00:00.000Z,SELL,0.01,2,1,10.00,2,23190.00
2026-01-26T01:00:00.000Z,2026-01-26T01:54:00.000Z,SELL,0.01,2,1,10.00,2,23200.00
2026-01-26T01:54:00.000Z,2026-01-26T03:24:00.000Z,SELL,0.01,2,1,10.00,2,23210.00
2026-01-26T03:24:00.000Z,2026-01-26T06:46:00.000Z,SELL,0.01,3,1,10.00,3,23220.00
2026-01-26T06:46:00.000Z,2026-01-26T08:42:00.000Z,SELL,0.01,2,1,10.00,2,23230.00
2026-01-26T08:42:00.000Z,2026-01-26T08:58:00.000Z,SELL,0.01,3,1,10.00,3,23240.00
2026-01-26T08:58:00.000Z,2026-01-26T15:02:00.000Z,SELL,0.01,3,1,10.00,3,23250.00
2026-01-26T15:02:00.000Z,2026-01-26T15:32:00.000Z,SELL,0.01,1,1,10.00,1,23260.00
2026-01-26T15:32:00.000Z,2026-01-26T16:37:00.000Z,SELL,0.01,2,1,10.00,2,23270.00
2026-01-26T16:37:00.000Z,2026-01-26T17:34:00.000Z,SELL,0.01,1,1,10.00,1,23280.00
2026-01-26T17:34:00.000Z,2026-01-26T18:38:00.000Z,SELL,0.01,3,1,10.00,3,23290.00
2026-01-26T18:38:00.000Z,2026-01-26T19:05:00.000Z,SELL,0.01,2,1,10.00,2,23300.00
2026-01-26T19:05:00.000Z,2026-01-26T19:11:00.000Z,SELL,0.01,1,1,10.00,1,23310.00
2026-01-26T19:11:00.000Z,2026-01-26T20:14:00.000Z,SELL,0.01,1,1,10.00,1,23320.00
2026-01-26T20:14:00.000Z,2026-01-26T20:40:00.000Z,SELL,0.01,1,1,10.00,1,23330.00
2026-01-26T20:40:00.000Z,2026-01-26T21:02:00.000Z,SELL,0.01,1,1,10.00,1,23340.00
2026-01-26T21:02:00.000Z,2026-01-26T21:03:00.000Z,SELL,0.01,1,1,10.00,1,23350.00
2026-01-26T21:03:00.000Z,2026-01-26T21:20:00.000Z,SELL,0.01,1,1,10.00,1,23360.00
2026-01-26T21:20:00.000Z,2026-01-26T21:22:00.000Z,SELL,0.01,1,1,10.00,1,23370.00
2026-01-26T21:22:00.000Z,2026-01-26T21:48:00.000Z,SELL,0.01,1,1,10.00,1,23380.00
2026-01-26T21:48:00.000Z,2026-01-26T22:10:00.000Z,SELL,0.01,2,1,10.00,2,23390.00
2026-01-26T22:10:00.000Z,2026-01-26T23:14:00.000Z,SELL,0.01,1,1,10.00,1,23400.00
2026-01-26T23:14:00.000Z,2026-01-26T23:17:00.000Z,SELL,0.01,1,1,10.00,1,23410.00
2026-01-26T23:17:00.000Z,2026-01-26T23:22:00.000Z,SELL,0.01,1,1,10.00,1,23420.00
2026-01-26T23:22:00.000Z,2026-01-26T23:36:00.000Z,SELL,0.01,1,1,10.00,1,23430.00
2026-01-26T23:36:00.000Z,2026-01-26T23:36:00.000Z,SELL,0.01,1,1,10.00,1,23440.00
2026-01-26T23:36:00.000Z,2026-01-27T01:00:00.000Z,SELL,0.01,2,1,10.00,2,23450.00
2026-01-27T01:00:00.000Z,2026-01-27T01:41:00.000Z,SELL,0.01,2,1,10.00,2,23460.00
2026-01-27T01:41:00.000Z,2026-01-27T01:59:00.000Z,SELL,0.01,1,1,10.00,1,23470.00
2026-01-27T01:59:00.000Z,2026-01-27T02:42:00.000Z,SELL,0.01,1,1,10.00,1,23480.00
2026-01-27T02:42:00.000Z,2026-01-27T02:49:00.000Z,SELL,0.01,1,1,10.00,1,23490.00
2026-01-27T02:49:00.000Z,2026-01-27T03:10:00.000Z,SELL,0.01,2,1,10.00,2,23500.00
2026-01-27T03:10:00.000Z,2026-01-27T07:50:00.000Z,SELL,0.01,4,1,10.00,4,23510.00
2026-01-27T07:50:00.000Z,2026-01-27T13:51:00.000Z,SELL,0.01,1,1,10.00,1,23520.00
2026-01-27T13:51:00.000Z,2026-01-27T16:05:00.000Z,SELL,0.01,1,1,10.00,1,23530.00
2026-01-27T16:05:00.000Z,2026-01-27T16:16:00.000Z,SELL,0.01,1,1,10.00,1,23540.00
2026-01-27T16:16:00.000Z,2026-01-27T17:37:00.000Z,SELL,0.01,4,1,10.00,4,23550.00
2026-01-27T17:37:00.000Z,2026-01-27T22:03:00.000Z,SELL,0.01,4,1,10.00,4,23560.00
2026-01-27T22:03:00.000Z,2026-01-27T22:14:00.000Z,SELL,0.01,2,1,10.00,2,23570.00
2026-01-27T22:14:00.000Z,2026-01-27T22:17:00.000Z,SELL,0.01,1,1,10.00,1,23580.00
2026-01-27T22:17:00.000Z,2026-01-27T22:48:00.000Z,SELL,0.01,2,1,10.00,2,23590.00
2026-01-27T22:48:00.000Z,2026-01-28T03:06:00.000Z,SELL,0.01,4,1,10.00,4,23600.00
2026-01-28T03:06:00.000Z,2026-01-28T03:11:00.000Z,SELL,0.01,1,1,10.00,1,23610.00
2026-01-28T03:11:00.000Z,2026-01-28T03:44:00.000Z,SELL,0.01,2,1,10.00,2,23620.00
2026-01-28T03:44:00.000Z,2026-01-28T04:11:00.000Z,SELL,0.01,1,1,10.00,1,23630.00
2026-01-28T04:11:00.000Z,2026-01-28T04:54:00.000Z,SELL,0.01,2,1,10.00,2,23640.00
2026-01-28T04:54:00.000Z,2026-01-28T07:30:00.000Z,SELL,0.01,2,1,10.00,2,23650.00
2026-01-28T07:30:00.000Z,2026-01-28T07:33:00.000Z,SELL,0.01,1,1,10.00,1,23660.00
2026-01-28T07:33:00.000Z,2026-01-28T09:20:00.000Z,SELL,0.01,2,1,10.00,2,23670.00
2026-01-28T09:20:00.000Z,2026-01-28T11:19:00.000Z,SELL,0.01,3,1,10.00,3,23680.00
2026-01-28T11:19:00.000Z,2026-01-28T13:04:00.000Z,SELL,0.01,1,1,10.00,1,23690.00
2026-01-28T13:04:00.000Z,2026-01-28T13:04:00.000Z,SELL,0.01,1,1,10.00,1,23700.00
2026-01-28T13:04:00.000Z,2026-01-28T13:06:00.000Z,SELL,0.01,1,1,10.00,1,23710.00
2026-01-28T13:06:00.000Z,2026-01-28T14:43:00.000Z,SELL,0.01,2,1,10.00,2,23720.00
2026-01-28T14:43:00.000Z,2026-01-28T15:42:00.000Z,SELL,0.01,1,1,10.00,1,23730.00
2026-01-28T15:42:00.000Z,2026-01-28T16:06:00.000Z,SELL,0.01,1,1,10.00,1,23740.00
2026-01-28T16:06:00.000Z,2026-01-28T16:39:00.000Z,SELL,0.01,4,1,10.00,4,23750.00
2026-01-28T16:39:00.000Z,2026-01-28T16:54:00.000Z,SELL,0.01,1,1,10.00,1,23760.00
2026-01-28T16:54:00.000Z,2026-01-28T17:07:00.000Z,SELL,0.01,3,1,10.00,3,23770.00
2026-01-28T17:07:00.000Z,2026-01-28T17:08:00.000Z,SELL,0.01,1,1,10.00,1,23780.00
2026-01-28T17:08:00.000Z,2026-01-28T17:08:00.000Z,SELL,0.01,1,1,10.00,1,23790.00
2026-01-28T17:08:00.000Z,2026-01-28T17:23:00.000Z,SELL,0.01,2,1,10.00,2,23800.00
2026-01-28T17:23:00.000Z,2026-01-28T17:27:00.000Z,SELL,0.01,1,1,10.00,1,23810.00
2026-01-28T17:27:00.000Z,2026-01-28T18:16:00.000Z,SELL,0.01,2,1,10.00,2,23820.00
2026-01-28T18:16:00.000Z,2026-01-28T18:33:00.000Z,SELL,0.01,1,1,10.00,1,23830.00
2026-01-28T18:33:00.000Z,2026-01-28T20:18:00.000Z,SELL,0.01,2,1,10.00,2,23840.00
2026-01-28T20:18:00.000Z,2026-01-28T20:30:00.000Z,SELL,0.01,1,1,10.00,1,23850.00
2026-01-28T20:30:00.000Z,2026-01-28T20:31:00.000Z,SELL,0.01,1,1,10.00,1,23860.00
2026-01-28T20:31:00.000Z,2026-01-28T20:32:00.000Z,SELL,0.01,1,1,10.00,1,23870.00
2026-01-28T20:32:00.000Z,2026-01-28T21:43:00.000Z,SELL,0.01,2,1,10.00,2,23880.00
2026-01-28T21:43:00.000Z,2026-01-28T22:06:00.000Z,SELL,0.01,2,1,10.00,2,23890.00
2026-01-28T22:06:00.000Z,2026-01-28T22:07:00.000Z,SELL,0.01,1,1,10.00,1,23900.00
2026-01-28T22:07:00.000Z,2026-01-28T22:30:00.000Z,SELL,0.01,2,1,10.00,2,23910.00
2026-01-28T22:30:00.000Z,2026-01-28T22:42:00.000Z,SELL,0.01,2,1,10.00,2,23920.00
2026-01-28T22:42:00.000Z,2026-01-28T22:45:00.000Z,SELL,0.01,1,1,10.00,1,23930.00
2026-01-28T22:45:00.000Z,2026-01-28T22:54:00.000Z,SELL,0.01,1,1,10.00,1,23940.00
2026-01-28T22:54:00.000Z,2026-01-28T23:48:00.000Z,SELL,0.01,2,1,10.00,2,23950.00
2026-01-28T23:48:00.000Z,2026-01-29T01:01:00.000Z,SELL,0.01,2,1,10.00,2,23960.00
2026-01-29T01:01:00.000Z,2026-01-29T01:12:00.000Z,SELL,0.01,2,1,10.00,2,23970.00
2026-01-29T01:12:00.000Z,2026-01-29T01:16:00.000Z,SELL,0.01,2,1,10.00,2,23980.00
2026-01-29T01:16:00.000Z,2026-01-29T01:21:00.000Z,SELL,0.01,1,1,10.00,1,23990.00
2026-01-29T01:21:00.000Z,2026-01-29T01:35:00.000Z,SELL,0.01,2,1,10.00,2,24000.00
2026-01-29T01:35:00.000Z,2026-01-29T01:37:00.000Z,SELL,0.01,2,1,10.00,2,24010.00
2026-01-29T01:37:00.000Z,2026-01-29T01:38:00.000Z,SELL,0.01,2,1,10.00,2,24020.00
2026-01-29T01:38:00.000Z,2026-01-29T01:39:00.000Z,SELL,0.01,1,1,10.00,1,24030.00
2026-01-29T01:39:00.000Z,2026-01-29T01:39:00.000Z,SELL,0.01,2,1,10.00,2,24040.00
2026-01-29T01:39:00.000Z,2026-01-29T01:40:00.000Z,SELL,0.01,1,1,10.00,1,24050.00
2026-01-29T01:40:00.000Z,2026-01-29T01:40:00.000Z,SELL,0.01,1,1,10.00,1,24060.00
2026-01-29T01:40:00.000Z,2026-01-29T01:42:00.000Z,SELL,0.01,1,1,10.00,1,24070.00
2026-01-29T01:42:00.000Z,2026-01-29T01:44:00.000Z,SELL,0.01,1,1,10.00,1,24080.00
2026-01-29T01:44:00.000Z,2026-01-29T01:44:00.000Z,SELL,0.01,1,1,10.00,1,24090.00
2026-01-29T01:44:00.000Z,2026-01-29T01:44:00.000Z,SELL,0.01,1,1,10.00,1,24100.00
2026-01-29T01:44:00.000Z,2026-01-29T01:46:00.000Z,SELL,0.01,1,1,10.00,1,24110.00
2026-01-29T01:46:00.000Z,2026-01-29T01:47:00.000Z,SELL,0.01,1,1,10.00,1,24120.00
2026-01-29T01:47:00.000Z,2026-01-29T01:49:00.000Z,SELL,0.01,3,1,10.00,3,24130.00
2026-01-29T01:49:00.000Z,2026-01-29T01:55:00.000Z,SELL,0.01,1,1,10.00,1,24140.00
2026-01-29T01:55:00.000Z,2026-01-29T01:56:00.000Z,SELL,0.01,2,1,10.00,2,24150.00
2026-01-29T01:56:00.000Z,2026-01-29T02:00:00.000Z,SELL,0.01,1,1,10.00,1,24160.00
2026-01-29T02:00:00.000Z,2026-01-29T02:00:00.000Z,SELL,0.01,1,1,10.00,1,24170.00
2026-01-29T02:00:00.000Z,2026-01-29T02:01:00.000Z,SELL,0.01,1,1,10.00,1,24180.00
2026-01-29T02:01:00.000Z,2026-01-29T02:01:00.000Z,SELL,0.01,1,1,10.00,1,24190.00
2026-01-29T02:01:00.000Z,2026-01-29T02:01:00.000Z,SELL,0.01,1,1,10.00,1,24200.00
2026-01-29T02:01:00.000Z,2026-01-29T02:01:00.000Z,SELL,0.01,1,1,10.00,1,24210.00
2026-01-29T02:01:00.000Z,2026-01-29T02:02:00.000Z,SELL,0.01,2,1,10.00,2,24220.00
2026-01-29T02:02:00.000Z,2026-01-29T02:20:00.000Z,SELL,0.01,3,1,10.00,3,24230.00
2026-01-29T02:20:00.000Z,2026-01-29T02:32:00.000Z,SELL,0.01,2,1,10.00,2,24240.00
2026-01-29T02:32:00.000Z,2026-01-29T02:43:00.000Z,SELL,0.01,3,1,10.00,3,24250.00
2026-01-29T02:43:00.000Z,2026-01-29T02:52:00.000Z,SELL,0.01,2,1,10.00,2,24260.00
2026-01-29T02:52:00.000Z,2026-01-29T02:59:00.000Z,SELL,0.01,1,1,10.00,1,24270.00
2026-01-29T02:59:00.000Z,2026-01-29T03:00:00.000Z,SELL,0.01,1,1,10.00,1,24280.00
2026-01-29T03:00:00.000Z,2026-01-29T03:00:00.000Z,SELL,0.01,1,1,10.00,1,24290.00
2026-01-29T03:00:00.000Z,2026-01-29T03:02:00.000Z,SELL,0.01,1,1,10.00,1,24300.00
2026-01-29T03:02:00.000Z,2026-01-29T03:04:00.000Z,SELL,0.01,1,1,10.00,1,24310.00
2026-01-29T03:04:00.000Z,2026-01-29T03:09:00.000Z,SELL,0.01,1,1,10.00,1,24320.00
2026-01-29T03:09:00.000Z,2026-01-29T03:09:00.000Z,SELL,0.01,1,1,10.00,1,24330.00
2026-01-29T03:09:00.000Z,2026-01-29T03:13:00.000Z,SELL,0.01,2,1,10.00,2,24340.00
2026-01-29T03:13:00.000Z,2026-01-29T03:24:00.000Z,SELL,0.01,2,1,10.00,2,24350.00
2026-01-29T03:24:00.000Z,2026-01-29T03:41:00.000Z,SELL,0.01,2,1,10.00,2,24360.00
2026-01-29T03:41:00.000Z,2026-01-29T03:45:00.000Z,SELL,0.01,1,1,10.00,1,24370.00
2026-01-29T03:45:00.000Z,2026-01-29T04:02:00.000Z,SELL,0.01,1,1,10.00,1,24380.00
2026-01-29T04:02:00.000Z,2026-01-29T04:02:00.000Z,SELL,0.01,1,1,10.00,1,24390.00
2026-01-29T04:02:00.000Z,2026-01-29T04:33:00.000Z,SELL,0.01,4,1,10.00,4,24400.00
2026-01-29T04:33:00.000Z,2026-01-29T04:41:00.000Z,SELL,0.01,1,1,10.00,1,24410.00
2026-01-29T04:41:00.000Z,2026-01-29T04:42:00.000Z,SELL,0.01,1,1,10.00,1,24420.00
2026-01-29T04:42:00.000Z,2026-01-29T05:04:00.000Z,SELL,0.01,3,1,10.00,3,24430.00
2026-01-29T05:04:00.000Z,2026-01-29T05:14:00.000Z,SELL,0.01,2,1,10.00,2,24440.00
2026-01-29T05:14:00.000Z,2026-01-29T05:17:00.000Z,SELL,0.01,1,1,10.00,1,24450.00
2026-01-29T05:17:00.000Z,2026-01-29T06:34:00.000Z,SELL,0.01,2,1,10.00,2,24460.00
2026-01-29T06:34:00.000Z,2026-01-29T07:20:00.000Z,SELL,0.01,1,1,10.00,1,24470.00
2026-01-29T07:20:00.000Z,2026-01-29T07:21:00.000Z,SELL,0.01,1,1,10.00,1,24480.00
2026-01-29T07:21:00.000Z,2026-01-29T07:21:00.000Z,SELL,0.01,1,1,10.00,1,24490.00
2026-01-29T07:21:00.000Z,2026-01-29T07:24:00.000Z,SELL,0.01,1,1,10.00,1,24500.00
2026-01-29T07:24:00.000Z,2026-01-29T07:31:00.000Z,SELL,0.01,2,1,10.00,2,24510.00
2026-01-29T07:31:00.000Z,2026-01-29T08:02:00.000Z,SELL,0.01,2,1,10.00,2,24520.00
2026-01-29T08:02:00.000Z,2026-01-29T08:46:00.000Z,SELL,0.01,1,1,10.00,1,24530.00
2026-01-29T08:46:00.000Z,2026-01-29T08:58:00.000Z,SELL,0.01,1,1,10.00,1,24540.00
2026-01-29T08:58:00.000Z,2026-01-29T09:28:00.000Z,SELL,0.01,1,1,10.00,1,24550.00
2026-01-29T09:28:00.000Z,2026-01-29T09:28:00.000Z,SELL,0.01,1,1,10.00,1,24560.00
2026-01-29T09:28:00.000Z,2026-01-29T10:05:00.000Z,SELL,0.01,3,1,10.00,3,24570.00
2026-01-29T10:05:00.000Z,2026-01-29T10:39:00.000Z,SELL,0.01,1,1,10.00,1,24580.00
2026-01-29T10:39:00.000Z,2026-01-29T10:43:00.000Z,SELL,0.01,1,1,10.00,1,24590.00
2026-01-29T10:43:00.000Z,2026-01-29T10:43:00.000Z,SELL,0.01,1,1,10.00,1,24600.00
2026-01-29T10:43:00.000Z,2026-01-29T10:44:00.000Z,SELL,0.01,1,1,10.00,1,24610.00
2026-01-29T10:44:00.000Z,2026-01-29T10:44:00.000Z,SELL,0.01,1,1,10.00,1,24620.00
2026-01-29T10:44:00.000Z,2026-01-29T10:49:00.000Z,SELL,0.01,2,1,10.00,2,24630.00
2026-01-29T10:49:00.000Z,2026-01-29T12:56:00.000Z,SELL,0.01,3,1,10.00,3,24640.00
2026-01-29T12:56:00.000Z,2026-01-29T12:58:00.000Z,SELL,0.01,1,1,10.00,1,24650.00
2026-01-29T12:58:00.000Z,2026-01-29T13:03:00.000Z,SELL,0.01,1,1,10.00,1,24660.00
2026-01-29T13:03:00.000Z,2026-01-29T13:12:00.000Z,SELL,0.01,2,1,10.00,2,24670.00
2026-01-29T13:12:00.000Z,2026-01-29T14:13:00.000Z,SELL,0.01,2,1,10.00,2,24680.00
2026-01-29T14:13:00.000Z,2026-01-29T15:11:00.000Z,SELL,0.01,1,1,10.00,1,24690.00
2026-01-29T15:11:00.000Z,2026-01-29T15:12:00.000Z,SELL,0.01,1,1,10.00,1,24700.00
2026-01-29T15:12:00.000Z,2026-01-29T15:35:00.000Z,SELL,0.01,1,1,10.00,1,24710.00
2026-01-29T15:35:00.000Z,2026-01-29T16:08:00.000Z,SELL,0.01,2,1,10.00,2,24720.00
2026-01-29T16:08:00.000Z,2026-01-29T16:15:00.000Z,SELL,0.01,1,1,10.00,1,24730.00
2026-01-29T16:15:00.000Z,2026-01-29T16:35:00.000Z,SELL,0.01,3,1,10.00,3,24740.00
2026-01-29T16:35:00.000Z,2026-01-29T16:36:00.000Z,SELL,0.01,1,1,10.00,1,24750.00
2026-01-29T16:36:00.000Z,2026-01-29T16:39:00.000Z,SELL,0.01,2,1,10.00,2,24760.00
2026-01-29T16:39:00.000Z,2026-01-29T16:41:00.000Z,SELL,0.01,1,1,10.00,1,24770.00
2026-01-29T16:41:00.000Z,2026-01-29T16:42:00.000Z,SELL,0.01,1,1,10.00,1,24780.00
2026-01-29T16:42:00.000Z,2026-01-29T16:46:00.000Z,SELL,0.01,1,1,10.00,1,24790.00
2026-01-29T16:46:00.000Z,2026-01-29T16:47:00.000Z,SELL,0.01,1,1,10.00,1,24800.00
2026-01-29T16:47:00.000Z,2026-01-29T17:00:00.000Z,SELL,0.01,3,1,10.00,3,24810.00
2026-01-29T17:00:00.000Z,2026-01-29T17:01:00.000Z,SELL,0.01,1,1,10.00,1,24820.00
2026-01-29T17:01:00.000Z,2026-01-29T17:01:00.000Z,SELL,0.01,1,1,10.00,1,24830.00
2026-01-29T17:01:00.000Z,2026-01-29T17:02:00.000Z,SELL,0.01,1,1,10.00,1,24840.00
2026-01-29T17:02:00.000Z,2026-01-29T17:04:00.000Z,SELL,0.01,1,1,10.00,1,24850.00
2026-01-29T17:04:00.000Z,2026-01-29T17:05:00.000Z,SELL,0.01,2,1,10.00,2,24860.00
2026-01-29T17:05:00.000Z,2026-01-29T17:05:00.000Z,SELL,0.01,1,1,10.00,1,24870.00
2026-01-29T17:05:00.000Z,2026-01-29T17:06:00.000Z,SELL,0.01,1,1,10.00,1,24880.00
2026-01-29T17:06:00.000Z,2026-01-29T17:07:00.000Z,SELL,0.01,1,1,10.00,1,24890.00
2026-01-29T17:07:00.000Z,2026-01-29T17:07:00.000Z,SELL,0.01,1,1,10.00,1,24900.00
2026-01-29T17:07:00.000Z,2026-01-29T17:08:00.000Z,SELL,0.01,1,1,10.00,1,24910.00
2026-01-29T17:08:00.000Z,2026-01-29T17:09:00.000Z,SELL,0.01,1,1,10.00,1,24920.00
2026-01-29T17:09:00.000Z,2026-01-29T17:12:00.000Z,SELL,0.01,1,1,10.00,1,24930.00
2026-01-29T17:12:00.000Z,2026-01-29T17:14:00.000Z,SELL,0.01,3,1,10.00,3,24940.00
2026-01-29T17:14:00.000Z,2026-01-29T17:14:00.000Z,SELL,0.01,1,1,10.00,1,24950.00
2026-01-29T17:14:00.000Z,2026-01-29T17:14:00.000Z,SELL,0.01,1,1,10.00,1,24960.00
2026-01-29T17:14:00.000Z,2026-01-29T17:15:00.000Z,SELL,0.01,1,1,10.00,1,24970.00
2026-01-29T17:15:00.000Z,2026-01-29T17:15:00.000Z,SELL,0.01,1,1,10.00,1,24980.00
2026-01-29T17:15:00.000Z,2026-01-29T17:16:00.000Z,SELL,0.01,1,1,10.00,1,24990.00
2026-01-29T17:16:00.000Z,2026-01-29T17:16:00.000Z,SELL,0.01,1,1,10.00,1,25000.00
2026-01-29T17:16:00.000Z,2026-01-29T17:16:00.000Z,SELL,0.01,1,1,10.00,1,25010.00
2026-01-29T17:16:00.000Z,2026-01-29T17:16:00.000Z,SELL,0.01,1,1,10.00,1,25020.00
2026-01-29T17:16:00.000Z,2026-01-29T17:17:00.000Z,SELL,0.01,1,1,10.00,1,25030.00
2026-01-29T17:17:00.000Z,2026-01-29T17:17:00.000Z,SELL,0.01,1,1,10.00,1,25040.00
2026-01-29T17:17:00.000Z,2026-01-29T17:18:00.000Z,SELL,0.01,2,1,10.00,2,25050.00
2026-01-29T17:18:00.000Z,2026-01-29T17:18:00.000Z,SELL,0.01,2,1,10.00,2,25060.00
2026-01-29T17:18:00.000Z,2026-01-29T17:19:00.000Z,SELL,0.01,1,1,10.00,1,25070.00
2026-01-29T17:19:00.000Z,2026-01-29T17:19:00.000Z,SELL,0.01,1,1,10.00,1,25080.00
2026-01-29T17:19:00.000Z,2026-01-29T17:19:00.000Z,SELL,0.01,1,1,10.00,1,25090.00
2026-01-29T17:19:00.000Z,2026-01-29T17:20:00.000Z,SELL,0.01,2,1,10.00,2,25100.00
2026-01-29T17:20:00.000Z,2026-01-29T17:23:00.000Z,SELL,0.01,3,1,10.00,3,25110.00
2026-01-29T17:23:00.000Z,2026-01-29T17:24:00.000Z,SELL,0.01,1,1,10.00,1,25120.00
2026-01-29T17:24:00.000Z,2026-01-29T17:24:00.000Z,SELL,0.01,1,1,10.00,1,25130.00
2026-01-29T17:24:00.000Z,2026-01-29T17:24:00.000Z,SELL,0.01,1,1,10.00,1,25140.00
2026-01-29T17:24:00.000Z,2026-01-29T17:24:00.000Z,SELL,0.01,1,1,10.00,1,25150.00
2026-01-29T17:24:00.000Z,2026-01-29T17:26:00.000Z,SELL,0.01,1,1,10.00,1,25160.00
2026-01-29T17:26:00.000Z,2026-01-29T17:26:00.000Z,SELL,0.01,1,1,10.00,1,25170.00
2026-01-29T17:26:00.000Z,2026-01-29T17:26:00.000Z,SELL,0.01,1,1,10.00,1,25180.00
2026-01-29T17:26:00.000Z,2026-01-29T17:26:00.000Z,SELL,0.01,1,1,10.00,1,25190.00
2026-01-29T17:26:00.000Z,2026-01-29T17:26:00.000Z,SELL,0.01,1,1,10.00,1,25200.00
2026-01-29T17:26:00.000Z,2026-01-29T17:27:00.000Z,SELL,0.01,1,1,10.00,1,25210.00
2026-01-29T17:27:00.000Z,2026-01-29T17:27:00.000Z,SELL,0.01,1,1,10.00,1,25220.00
2026-01-29T17:27:00.000Z,2026-01-29T17:27:00.000Z,SELL,0.01,1,1,10.00,1,25230.00
2026-01-29T17:27:00.000Z,2026-01-29T17:27:00.000Z,SELL,0.01,1,1,10.00,1,25240.00
2026-01-29T17:27:00.000Z,2026-01-29T17:27:00.000Z,SELL,0.01,1,1,10.00,1,25250.00
2026-01-29T17:27:00.000Z,2026-01-29T17:27:00.000Z,SELL,0.01,1,1,10.00,1,25260.00
2026-01-29T17:27:00.000Z,2026-01-29T17:27:00.000Z,SELL,0.01,1,1,10.00,1,25270.00
2026-01-29T17:27:00.000Z,2026-01-29T17:27:00.000Z,SELL,0.01,1,1,10.00,1,25280.00
2026-01-29T17:27:00.000Z,2026-01-29T17:27:00.000Z,SELL,0.01,1,1,10.00,1,25290.00
2026-01-29T17:27:00.000Z,2026-01-29T17:27:00.000Z,SELL,0.01,1,1,10.00,1,25300.00
2026-01-29T17:27:00.000Z,2026-01-29T17:27:00.000Z,SELL,0.01,1,1,10.00,1,25310.00
2026-01-29T17:27:00.000Z,2026-01-29T17:28:00.000Z,SELL,0.01,1,1,10.00,1,25320.00
2026-01-29T17:28:00.000Z,2026-01-29T17:28:00.000Z,SELL,0.01,1,1,10.00,1,25330.00
2026-01-29T17:28:00.000Z,2026-01-29T17:28:00.000Z,SELL,0.01,1,1,10.00,1,25340.00
2026-01-29T17:28:00.000Z,2026-01-29T17:28:00.000Z,SELL,0.01,2,1,10.00,2,25350.00
2026-01-29T17:28:00.000Z,2026-01-29T17:28:00.000Z,SELL,0.01,2,1,10.00,2,25360.00
2026-01-29T17:28:00.000Z,2026-01-29T17:28:00.000Z,SELL,0.01,2,1,10.00,2,25370.00
2026-01-29T17:28:00.000Z,2026-01-29T17:28:00.000Z,SELL,0.01,3,1,10.00,3,25380.00
2026-01-29T17:28:00.000Z,2026-01-29T17:29:00.000Z,SELL,0.01,1,1,10.00,1,25390.00
2026-01-29T17:29:00.000Z,2026-01-29T17:29:00.000Z,SELL,0.01,1,1,10.00,1,25400.00
2026-01-29T17:29:00.000Z,2026-01-29T17:29:00.000Z,SELL,0.01,1,1,10.00,1,25410.00
2026-01-29T17:29:00.000Z,2026-01-29T17:29:00.000Z,SELL,0.01,1,1,10.00,1,25420.00
2026-01-29T17:29:00.000Z,2026-01-29T17:29:00.000Z,SELL,0.01,1,1,10.00,1,25430.00
2026-01-29T17:29:00.000Z,2026-01-29T17:29:00.000Z,SELL,0.01,2,1,10.00,2,25440.00
2026-01-29T17:29:00.000Z,2026-01-29T17:29:00.000Z,SELL,0.01,2,1,10.00,2,25450.00
2026-01-29T17:29:00.000Z,2026-01-29T17:30:00.000Z,SELL,0.01,1,1,10.00,1,25460.00
2026-01-29T17:30:00.000Z,2026-01-29T17:30:00.000Z,SELL,0.01,2,1,10.00,2,25470.00
2026-01-29T17:30:00.000Z,2026-01-29T17:30:00.000Z,SELL,0.01,2,1,10.00,2,25480.00
2026-01-29T17:30:00.000Z,2026-01-29T17:30:00.000Z,SELL,0.01,1,1,10.00,1,25490.00
2026-01-29T17:30:00.000Z,2026-01-29T17:31:00.000Z,SELL,0.01,3,1,10.00,3,25500.00
2026-01-29T17:31:00.000Z,2026-01-29T17:31:00.000Z,SELL,0.01,1,1,10.00,1,25510.00
2026-01-29T17:31:00.000Z,2026-01-29T17:31:00.000Z,SELL,0.01,1,1,10.00,1,25520.00
2026-01-29T17:31:00.000Z,2026-01-29T17:31:00.000Z,SELL,0.01,1,1,10.00,1,25530.00
2026-01-29T17:31:00.000Z,2026-01-29T17:31:00.000Z,SELL,0.01,1,1,10.00,1,25540.00
2026-01-29T17:31:00.000Z,2026-01-29T17:32:00.000Z,SELL,0.01,1,1,10.00,1,25550.00
2026-01-29T17:32:00.000Z,2026-01-29T17:32:00.000Z,SELL,0.01,1,1,10.00,1,25560.00
2026-01-29T17:32:00.000Z,2026-01-29T17:32:00.000Z,SELL,0.01,1,1,10.00,1,25570.00
2026-01-29T17:32:00.000Z,2026-01-29T17:33:00.000Z,SELL,0.01,1,1,10.00,1,25580.00
2026-01-29T17:33:00.000Z,2026-01-29T17:33:00.000Z,SELL,0.01,2,1,10.00,2,25590.00
2026-01-29T17:33:00.000Z,2026-01-29T17:34:00.000Z,SELL,0.01,3,1,10.00,3,25600.00
2026-01-29T17:34:00.000Z,2026-01-29T17:35:00.000Z,SELL,0.01,1,1,10.00,1,25610.00
2026-01-29T17:35:00.000Z,2026-01-29T17:35:00.000Z,SELL,0.01,1,1,10.00,1,25620.00
2026-01-29T17:35:00.000Z,2026-01-29T17:35:00.000Z,SELL,0.01,1,1,10.00,1,25630.00
2026-01-29T17:35:00.000Z,2026-01-29T17:36:00.000Z,SELL,0.01,1,1,10.00,1,25640.00
2026-01-29T17:36:00.000Z,2026-01-29T17:36:00.000Z,SELL,0.01,1,1,10.00,1,25650.00
2026-01-29T17:36:00.000Z,2026-01-29T17:36:00.000Z,SELL,0.01,2,1,10.00,2,25660.00
2026-01-29T17:36:00.000Z,2026-01-29T17:37:00.000Z,SELL,0.01,2,1,10.00,2,25670.00
2026-01-29T17:37:00.000Z,2026-01-29T17:38:00.000Z,SELL,0.01,2,1,10.00,2,25680.00
2026-01-29T17:38:00.000Z,2026-01-29T17:39:00.000Z,SELL,0.01,2,1,10.00,2,25690.00
2026-01-29T17:39:00.000Z,2026-01-29T17:39:00.000Z,SELL,0.01,1,1,10.00,1,25700.00
2026-01-29T17:39:00.000Z,2026-01-29T17:39:00.000Z,SELL,0.01,1,1,10.00,1,25710.00
2026-01-29T17:39:00.000Z,2026-01-29T17:40:00.000Z,SELL,0.01,1,1,10.00,1,25720.00
2026-01-29T17:40:00.000Z,2026-01-29T17:40:00.000Z,SELL,0.01,1,1,10.00,1,25730.00
2026-01-29T17:40:00.000Z,2026-01-29T17:40:00.000Z,SELL,0.01,1,1,10.00,1,25740.00
2026-01-29T17:40:00.000Z,2026-01-29T17:40:00.000Z,SELL,0.01,1,1,10.00,1,25750.00
2026-01-29T17:40:00.000Z,2026-01-29T17:42:00.000Z,SELL,0.01,1,1,10.00,1,25760.00
2026-01-29T17:42:00.000Z,2026-01-29T17:42:00.000Z,SELL,0.01,1,1,10.00,1,25770.00
2026-01-29T17:42:00.000Z,2026-01-29T17:42:00.000Z,SELL,0.01,1,1,10.00,1,25780.00
2026-01-29T17:42:00.000Z,2026-01-29T17:42:00.000Z,SELL,0.01,1,1,10.00,1,25790.00
2026-01-29T17:42:00.000Z,2026-01-29T17:44:00.000Z,SELL,0.01,3,1,10.00,3,25800.00
2026-01-29T17:44:00.000Z,2026-01-29T17:45:00.000Z,SELL,0.01,2,1,10.00,2,25810.00
2026-01-29T17:45:00.000Z,2026-01-29T17:47:00.000Z,SELL,0.01,2,1,10.00,2,25820.00
2026-01-29T17:47:00.000Z,2026-01-29T17:47:00.000Z,SELL,0.01,1,1,10.00,1,25830.00
2026-01-29T17:47:00.000Z,2026-01-29T17:47:00.000Z,SELL,0.01,1,1,10.00,1,25840.00
2026-01-29T17:47:00.000Z,2026-01-29T17:48:00.000Z,SELL,0.01,2,1,10.00,2,25850.00
2026-01-29T17:48:00.000Z,2026-01-29T17:48:00.000Z,SELL,0.01,1,1,10.00,1,25860.00
2026-01-29T17:48:00.000Z,2026-01-29T17:49:00.000Z,SELL,0.01,1,1,10.00,1,25870.00
2026-01-29T17:49:00.000Z,2026-01-29T17:50:00.000Z,SELL,0.01,2,1,10.00,2,25880.00
2026-01-29T17:50:00.000Z,2026-01-29T17:51:00.000Z,SELL,0.01,1,1,10.00,1,25890.00
2026-01-29T17:51:00.000Z,2026-01-29T17:57:00.000Z,SELL,0.01,3,1,10.00,3,25900.00
2026-01-29T17:57:00.000Z,2026-01-29T18:01:00.000Z,SELL,0.01,2,1,10.00,2,25910.00
2026-01-29T18:01:00.000Z,2026-01-29T18:04:00.000Z,SELL,0.01,2,1,10.00,2,25920.00
2026-01-29T18:04:00.000Z,2026-01-29T18:13:00.000Z,SELL,0.01,4,1,10.00,4,25930.00
2026-01-29T18:13:00.000Z,2026-01-29T18:16:00.000Z,SELL,0.01,1,1,10.00,1,25940.00
2026-01-29T18:16:00.000Z,2026-01-29T18:23:00.000Z,SELL,0.01,1,1,10.00,1,25950.00
2026-01-29T18:23:00.000Z,2026-01-29T18:24:00.000Z,SELL,0.01,2,1,10.00,2,25960.00
2026-01-29T18:24:00.000Z,2026-01-29T18:30:00.000Z,SELL,0.01,2,1,10.00,2,25970.00
2026-01-29T18:30:00.000Z,2026-01-29T18:34:00.000Z,SELL,0.01,1,1,10.00,1,25980.00
2026-01-29T18:34:00.000Z,2026-01-29T18:34:00.000Z,SELL,0.01,1,1,10.00,1,25990.00
2026-01-29T18:34:00.000Z,2026-01-29T18:35:00.000Z,SELL,0.01,1,1,10.00,1,26000.00
2026-01-29T18:35:00.000Z,2026-01-29T18:36:00.000Z,SELL,0.01,1,1,10.00,1,26010.00
2026-01-29T18:36:00.000Z,2026-01-29T18:40:00.000Z,SELL,0.01,1,1,10.00,1,26020.00
2026-01-29T18:40:00.000Z,2026-01-29T18:42:00.000Z,SELL,0.01,2,1,10.00,2,26030.00
2026-01-29T18:42:00.000Z,2026-01-29T18:43:00.000Z,SELL,0.01,1,1,10.00,1,26040.00
2026-01-29T18:43:00.000Z,2026-01-29T18:47:00.000Z,SELL,0.01,1,1,10.00,1,26050.00
2026-01-29T18:47:00.000Z,2026-01-29T18:52:00.000Z,SELL,0.01,1,1,10.00,1,26060.00
2026-01-29T18:52:00.000Z,2026-01-29T18:52:00.000Z,SELL,0.01,1,1,10.00,1,26070.00
2026-01-29T18:52:00.000Z,2026-01-29T19:00:00.000Z,SELL,0.01,2,1,10.00,2,26080.00
2026-01-29T19:00:00.000Z,2026-01-29T19:05:00.000Z,SELL,0.01,2,1,10.00,2,26090.00
2026-01-29T19:05:00.000Z,2026-01-29T19:06:00.000Z,SELL,0.01,1,1,10.00,1,26100.00
2026-01-29T19:06:00.000Z,2026-01-29T19:15:00.000Z,SELL,0.01,2,1,10.00,2,26110.00
2026-01-29T19:15:00.000Z,2026-01-29T19:26:00.000Z,SELL,0.01,2,1,10.00,2,26120.00
2026-01-29T19:26:00.000Z,2026-01-29T19:51:00.000Z,SELL,0.01,3,1,10.00,3,26130.00
2026-01-29T19:51:00.000Z,2026-01-29T19:56:00.000Z,SELL,0.01,1,1,10.00,1,26140.00
2026-01-29T19:56:00.000Z,2026-01-29T19:56:00.000Z,SELL,0.01,1,1,10.00,1,26150.00
2026-01-29T19:56:00.000Z,2026-01-29T20:01:00.000Z,SELL,0.01,2,1,10.00,2,26160.00
2026-01-29T20:01:00.000Z,2026-01-29T20:03:00.000Z,SELL,0.01,1,1,10.00,1,26170.00
2026-01-29T20:03:00.000Z,2026-01-29T20:24:00.000Z,SELL,0.01,3,1,10.00,3,26180.00
2026-01-29T20:24:00.000Z,2026-01-29T20:27:00.000Z,SELL,0.01,1,1,10.00,1,26190.00
2026-01-29T20:27:00.000Z,2026-01-29T20:32:00.000Z,SELL,0.01,2,1,10.00,2,26200.00
2026-01-29T20:32:00.000Z,2026-01-29T20:43:00.000Z,SELL,0.01,1,1,10.00,1,26210.00
2026-01-29T20:43:00.000Z,2026-01-29T21:00:00.000Z,SELL,0.01,3,1,10.00,3,26220.00
2026-01-29T21:00:00.000Z,2026-01-29T21:11:00.000Z,SELL,0.01,1,1,10.00,1,26230.00
2026-01-29T21:11:00.000Z,2026-01-29T21:14:00.000Z,SELL,0.01,1,1,10.00,1,26240.00
2026-01-29T21:14:00.000Z,2026-01-29T21:30:00.000Z,SELL,0.01,3,1,10.00,3,26250.00
2026-01-29T21:30:00.000Z,2026-01-29T21:42:00.000Z,SELL,0.01,2,1,10.00,2,26260.00
2026-01-29T21:42:00.000Z,2026-01-29T21:44:00.000Z,SELL,0.01,1,1,10.00,1,26270.00
2026-01-29T21:44:00.000Z,2026-01-29T21:54:00.000Z,SELL,0.01,1,1,10.00,1,26280.00
2026-01-29T21:54:00.000Z,2026-01-29T22:01:00.000Z,SELL,0.01,1,1,10.00,1,26290.00
2026-01-29T22:01:00.000Z,2026-01-29T22:03:00.000Z,SELL,0.01,1,1,10.00,1,26300.00
2026-01-29T22:03:00.000Z,2026-01-29T22:21:00.000Z,SELL,0.01,2,1,10.00,2,26310.00
2026-01-29T22:21:00.000Z,2026-01-29T22:38:00.000Z,SELL,0.01,2,1,10.00,2,26320.00
2026-01-29T22:38:00.000Z,2026-01-29T22:50:00.000Z,SELL,0.01,2,1,10.00,2,26330.00
2026-01-29T22:50:00.000Z,2026-01-29T22:57:00.000Z,SELL,0.01,2,1,10.00,2,26340.00
2026-01-29T22:57:00.000Z,2026-01-29T22:58:00.000Z,SELL,0.01,1,1,10.00,1,26350.00
2026-01-29T22:58:00.000Z,2026-01-29T23:06:00.000Z,SELL,0.01,1,1,10.00,1,26360.00
2026-01-29T23:06:00.000Z,2026-01-29T23:26:00.000Z,SELL,0.01,2,1,10.00,2,26370.00
2026-01-29T23:26:00.000Z,2026-01-29T23:30:00.000Z,SELL,0.01,1,1,10.00,1,26380.00
2026-01-29T23:30:00.000Z,2026-01-29T23:42:00.000Z,SELL,0.01,1,1,10.00,1,26390.00
2026-01-29T23:42:00.000Z,2026-01-29T23:44:00.000Z,SELL,0.01,1,1,10.00,1,26400.00
2026-01-29T23:44:00.000Z,2026-01-29T23:58:00.000Z,SELL,0.01,1,1,10.00,1,26410.00
2026-01-29T23:58:00.000Z,2026-01-30T01:01:00.000Z,SELL,0.01,2,1,10.00,2,26420.00
2026-01-30T01:01:00.000Z,2026-01-30T01:03:00.000Z,SELL,0.01,2,1,10.00,2,26430.00
2026-01-30T01:03:00.000Z,2026-01-30T01:04:00.000Z,SELL,0.01,1,1,10.00,1,26440.00
2026-01-30T01:04:00.000Z,2026-01-30T01:17:00.000Z,SELL,0.01,3,1,10.00,3,26450.00
2026-01-30T01:17:00.000Z,2026-01-30T01:17:00.000Z,SELL,0.01,1,1,10.00,1,26460.00
2026-01-30T01:17:00.000Z,2026-01-30T01:17:00.000Z,SELL,0.01,1,1,10.00,1,26470.00
2026-01-30T01:17:00.000Z,2026-01-30T01:33:00.000Z,SELL,0.01,2,1,10.00,2,26480.00
2026-01-30T01:33:00.000Z,2026-01-30T02:41:00.000Z,SELL,0.01,3,1,10.00,3,26490.00
2026-01-30T02:41:00.000Z,2026-01-30T02:47:00.000Z,SELL,0.01,1,1,10.00,1,26500.00
2026-01-30T02:47:00.000Z,2026-01-30T02:47:00.000Z,SELL,0.01,1,1,10.00,1,26510.00
2026-01-30T02:47:00.000Z,2026-01-30T03:02:00.000Z,SELL,0.01,3,1,10.00,3,26520.00
2026-01-30T03:02:00.000Z,2026-01-30T03:08:00.000Z,SELL,0.01,1,1,10.00,1,26530.00
2026-01-30T03:08:00.000Z,2026-01-30T03:11:00.000Z,SELL,0.01,1,1,10.00,1,26540.00
2026-01-30T03:11:00.000Z,2026-01-30T03:11:00.000Z,SELL,0.01,1,1,10.00,1,26550.00
2026-01-30T03:11:00.000Z,2026-01-30T03:11:00.000Z,SELL,0.01,1,1,10.00,1,26560.00
2026-01-30T03:11:00.000Z,2026-01-30T03:11:00.000Z,SELL,0.01,1,1,10.00,1,26570.00
2026-01-30T03:11:00.000Z,2026-01-30T03:14:00.000Z,SELL,0.01,1,1,10.00,1,26580.00
2026-01-30T03:14:00.000Z,2026-01-30T03:14:00.000Z,SELL,0.01,1,1,10.00,1,26590.00
2026-01-30T03:14:00.000Z,2026-01-30T03:20:00.000Z,SELL,0.01,2,1,10.00,2,26600.00
2026-01-30T03:20:00.000Z,2026-01-30T03:34:00.000Z,SELL,0.01,2,1,10.00,2,26610.00
2026-01-30T03:34:00.000Z,2026-01-30T03:36:00.000Z,SELL,0.01,1,1,10.00,1,26620.00
2026-01-30T03:36:00.000Z,2026-01-30T03:39:00.000Z,SELL,0.01,1,1,10.00,1,26630.00
2026-01-30T03:39:00.000Z,2026-01-30T03:45:00.000Z,SELL,0.01,1,1,10.00,1,26640.00
2026-01-30T03:45:00.000Z,2026-01-30T03:46:00.000Z,SELL,0.01,1,1,10.00,1,26650.00
2026-01-30T03:46:00.000Z,2026-01-30T03:48:00.000Z,SELL,0.01,1,1,10.00,1,26660.00
2026-01-30T03:48:00.000Z,2026-01-30T03:57:00.000Z,SELL,0.01,3,1,10.00,3,26670.00
2026-01-30T03:57:00.000Z,2026-01-30T03:59:00.000Z,SELL,0.01,1,1,10.00,1,26680.00
2026-01-30T03:59:00.000Z,2026-01-30T04:00:00.000Z,SELL,0.01,1,1,10.00,1,26690.00
2026-01-30T04:00:00.000Z,2026-01-30T04:09:00.000Z,SELL,0.01,3,1,10.00,3,26700.00
2026-01-30T04:09:00.000Z,2026-01-30T04:10:00.000Z,SELL,0.01,1,1,10.00,1,26710.00
2026-01-30T04:10:00.000Z,2026-01-30T04:10:00.000Z,SELL,0.01,1,1,10.00,1,26720.00
2026-01-30T04:10:00.000Z,2026-01-30T04:12:00.000Z,SELL,0.01,1,1,10.00,1,26730.00
2026-01-30T04:12:00.000Z,2026-01-30T04:12:00.000Z,SELL,0.01,1,1,10.00,1,26740.00
2026-01-30T04:12:00.000Z,2026-01-30T04:12:00.000Z,SELL,0.01,1,1,10.00,1,26750.00
2026-01-30T04:12:00.000Z,2026-01-30T04:14:00.000Z,SELL,0.01,1,1,10.00,1,26760.00
2026-01-30T04:14:00.000Z,2026-01-30T04:14:00.000Z,SELL,0.01,1,1,10.00,1,26770.00
2026-01-30T04:14:00.000Z,2026-01-30T04:14:00.000Z,SELL,0.01,1,1,10.00,1,26780.00
2026-01-30T04:14:00.000Z,2026-01-30T04:15:00.000Z,SELL,0.01,1,1,10.00,1,26790.00
2026-01-30T04:15:00.000Z,2026-01-30T04:17:00.000Z,SELL,0.01,3,1,10.00,3,26800.00
2026-01-30T04:17:00.000Z,2026-01-30T04:19:00.000Z,SELL,0.01,3,1,10.00,3,26810.00
2026-01-30T04:19:00.000Z,2026-01-30T04:19:00.000Z,SELL,0.01,1,1,10.00,1,26820.00
2026-01-30T04:19:00.000Z,2026-01-30T04:19:00.000Z,SELL,0.01,1,1,10.00,1,26830.00
2026-01-30T04:19:00.000Z,2026-01-30T04:21:00.000Z,SELL,0.01,3,1,10.00,3,26840.00
2026-01-30T04:21:00.000Z,2026-01-30T04:23:00.000Z,SELL,0.01,1,1,10.00,1,26850.00
2026-01-30T04:23:00.000Z,2026-01-30T04:23:00.000Z,SELL,0.01,1,1,10.00,1,26860.00
2026-01-30T04:23:00.000Z,2026-01-30T04:24:00.000Z,SELL,0.01,2,1,10.00,2,26870.00
2026-01-30T04:24:00.000Z,2026-01-30T04:24:00.000Z,SELL,0.01,2,1,10.00,2,26880.00
2026-01-30T04:24:00.000Z,2026-01-30T04:24:00.000Z,SELL,0.01,1,1,10.00,1,26890.00
2026-01-30T04:24:00.000Z,2026-01-30T04:29:00.000Z,SELL,0.01,3,1,10.00,3,26900.00
2026-01-30T04:29:00.000Z,2026-01-30T04:30:00.000Z,SELL,0.01,2,1,10.00,2,26910.00
2026-01-30T04:30:00.000Z,2026-01-30T04:31:00.000Z,SELL,0.01,1,1,10.00,1,26920.00
2026-01-30T04:31:00.000Z,2026-01-30T04:31:00.000Z,SELL,0.01,1,1,10.00,1,26930.00
2026-01-30T04:31:00.000Z,2026-01-30T04:31:00.000Z,SELL,0.01,1,1,10.00,1,26940.00
2026-01-30T04:31:00.000Z,2026-01-30T04:32:00.000Z,SELL,0.01,1,1,10.00,1,26950.00
2026-01-30T04:32:00.000Z,2026-01-30T04:34:00.000Z,SELL,0.01,2,1,10.00,2,26960.00
2026-01-30T04:34:00.000Z,2026-01-30T04:34:00.000Z,SELL,0.01,1,1,10.00,1,26970.00
2026-01-30T04:34:00.000Z,2026-01-30T04:36:00.000Z,SELL,0.01,2,1,10.00,2,26980.00
2026-01-30T04:36:00.000Z,2026-01-30T04:41:00.000Z,SELL,0.01,2,1,10.00,2,26990.00
2026-01-30T04:41:00.000Z,2026-01-30T04:57:00.000Z,SELL,0.01,3,1,10.00,3,27000.00
2026-01-30T04:57:00.000Z,2026-01-30T05:03:00.000Z,SELL,0.01,1,1,10.00,1,27010.00
2026-01-30T05:03:00.000Z,2026-01-30T05:05:00.000Z,SELL,0.01,1,1,10.00,1,27020.00
2026-01-30T05:05:00.000Z,2026-01-30T05:13:00.000Z,SELL,0.01,1,1,10.00,1,27030.00
2026-01-30T05:13:00.000Z,2026-01-30T05:14:00.000Z,SELL,0.01,1,1,10.00,1,27040.00
2026-01-30T05:14:00.000Z,2026-01-30T05:25:00.000Z,SELL,0.01,2,1,10.00,2,27050.00
2026-01-30T05:25:00.000Z,2026-01-30T05:34:00.000Z,SELL,0.01,3,1,10.00,3,27060.00
2026-01-30T05:34:00.000Z,2026-01-30T05:35:00.000Z,SELL,0.01,1,1,10.00,1,27070.00
2026-01-30T05:35:00.000Z,2026-01-30T05:39:00.000Z,SELL,0.01,1,1,10.00,1,27080.00
2026-01-30T05:39:00.000Z,2026-01-30T05:43:00.000Z,SELL,0.01,1,1,10.00,1,27090.00
2026-01-30T05:43:00.000Z,2026-01-30T05:56:00.000Z,SELL,0.01,2,1,10.00,2,27100.00
2026-01-30T05:56:00.000Z,2026-01-30T06:03:00.000Z,SELL,0.01,2,1,10.00,2,27110.00
2026-01-30T06:03:00.000Z,2026-01-30T06:04:00.000Z,SELL,0.01,1,1,10.00,1,27120.00
2026-01-30T06:04:00.000Z,2026-01-30T06:27:00.000Z,SELL,0.01,3,1,10.00,3,27130.00
2026-01-30T06:27:00.000Z,2026-01-30T07:15:00.000Z,SELL,0.01,2,1,10.00,2,27140.00
2026-01-30T07:15:00.000Z,2026-01-30T07:31:00.000Z,SELL,0.01,1,1,10.00,1,27150.00
2026-01-30T07:31:00.000Z,2026-01-30T07:55:00.000Z,SELL,0.01,3,1,10.00,3,27160.00
2026-01-30T07:55:00.000Z,2026-01-30T07:57:00.000Z,SELL,0.01,1,1,10.00,1,27170.00
2026-01-30T07:57:00.000Z,2026-01-30T07:58:00.000Z,SELL,0.01,1,1,10.00,1,27180.00
2026-01-30T07:58:00.000Z,2026-01-30T08:07:00.000Z,SELL,0.01,1,1,10.00,1,27190.00
2026-01-30T08:07:00.000Z,2026-01-30T08:17:00.000Z,SELL,0.01,3,1,10.00,3,27200.00
2026-01-30T08:17:00.000Z,2026-01-30T08:25:00.000Z,SELL,0.01,2,1,10.00,2,27210.00
2026-01-30T08:25:00.000Z,2026-01-30T08:26:00.000Z,SELL,0.01,1,1,10.00,1,27220.00
2026-01-30T08:26:00.000Z,2026-01-30T08:28:00.000Z,SELL,0.01,1,1,10.00,1,27230.00
2026-01-30T08:28:00.000Z,2026-01-30T08:29:00.000Z,SELL,0.01,1,1,10.00,1,27240.00
2026-01-30T08:29:00.000Z,2026-01-30T08:29:00.000Z,SELL,0.01,1,1,10.00,1,27250.00
2026-01-30T08:29:00.000Z,2026-01-30T08:57:00.000Z,SELL,0.01,3,1,10.00,3,27260.00
2026-01-30T08:57:00.000Z,2026-01-30T09:00:00.000Z,SELL,0.01,1,1,10.00,1,27270.00
2026-01-30T09:00:00.000Z,2026-01-30T09:00:00.000Z,SELL,0.01,1,1,10.00,1,27280.00
2026-01-30T09:00:00.000Z,2026-01-30T09:06:00.000Z,SELL,0.01,2,1,10.00,2,27290.00
2026-01-30T09:06:00.000Z,2026-01-30T09:13:00.000Z,SELL,0.01,2,1,10.00,2,27300.00
2026-01-30T09:13:00.000Z,2026-01-30T09:14:00.000Z,SELL,0.01,1,1,10.00,1,27310.00
2026-01-30T09:14:00.000Z,2026-01-30T09:16:00.000Z,SELL,0.01,1,1,10.00,1,27320.00
2026-01-30T09:16:00.000Z,2026-01-30T09:34:00.000Z,SELL,0.01,3,1,10.00,3,27330.00
2026-01-30T09:34:00.000Z,2026-01-30T09:35:00.000Z,SELL,0.01,1,1,10.00,1,27340.00
2026-01-30T09:35:00.000Z,2026-01-30T09:35:00.000Z,SELL,0.01,1,1,10.00,1,27350.00
2026-01-30T09:35:00.000Z,2026-01-30T09:35:00.000Z,SELL,0.01,1,1,10.00,1,27360.00
2026-01-30T09:35:00.000Z,2026-01-30T09:40:00.000Z,SELL,0.01,2,1,10.00,2,27370.00
2026-01-30T09:40:00.000Z,2026-01-30T09:41:00.000Z,SELL,0.01,1,1,10.00,1,27380.00
2026-01-30T09:41:00.000Z,2026-01-30T09:57:00.000Z,SELL,0.01,2,1,10.00,2,27390.00
2026-01-30T09:57:00.000Z,2026-01-30T10:01:00.000Z,SELL,0.01,1,1,10.00,1,27400.00
2026-01-30T10:01:00.000Z,2026-01-30T10:07:00.000Z,SELL,0.01,1,1,10.00,1,27410.00
2026-01-30T10:07:00.000Z,2026-01-30T10:09:00.000Z,SELL,0.01,1,1,10.00,1,27420.00
2026-01-30T10:09:00.000Z,2026-01-30T10:16:00.000Z,SELL,0.01,1,1,10.00,1,27430.00
2026-01-30T10:16:00.000Z,2026-01-30T10:21:00.000Z,SELL,0.01,2,1,10.00,2,27440.00
2026-01-30T10:21:00.000Z,2026-01-30T10:29:00.000Z,SELL,0.01,1,1,10.00,1,27450.00
2026-01-30T10:29:00.000Z,2026-01-30T10:30:00.000Z,SELL,0.01,1,1,10.00,1,27460.00
2026-01-30T10:30:00.000Z,2026-01-30T10:32:00.000Z,SELL,0.01,1,1,10.00,1,27470.00
2026-01-30T10:32:00.000Z,2026-01-30T10:33:00.000Z,SELL,0.01,1,1,10.00,1,27480.00
2026-01-30T10:33:00.000Z,2026-01-30T10:33:00.000Z,SELL,0.01,1,1,10.00,1,27490.00
2026-01-30T10:33:00.000Z,2026-01-30T10:33:00.000Z,SELL,0.01,1,1,10.00,1,27500.00
2026-01-30T10:33:00.000Z,2026-01-30T10:33:00.000Z,SELL,0.01,1,1,10.00,1,27510.00
2026-01-30T10:33:00.000Z,2026-01-30T10:33:00.000Z,SELL,0.01,1,1,10.00,1,27520.00
2026-01-30T10:33:00.000Z,2026-01-30T10:33:00.000Z,SELL,0.01,1,1,10.00,1,27530.00
2026-01-30T10:33:00.000Z,2026-01-30T10:33:00.000Z,SELL,0.01,1,1,10.00,1,27540.00
2026-01-30T10:33:00.000Z,2026-01-30T10:34:00.000Z,SELL,0.01,2,1,10.00,2,27550.00
2026-01-30T10:34:00.000Z,2026-01-30T10:34:00.000Z,SELL,0.01,1,1,10.00,1,27560.00
2026-01-30T10:34:00.000Z,2026-01-30T10:35:00.000Z,SELL,0.01,1,1,10.00,1,27570.00
2026-01-30T10:35:00.000Z,2026-01-30T10:35:00.000Z,SELL,0.01,1,1,10.00,1,27580.00
2026-01-30T10:35:00.000Z,2026-01-30T10:37:00.000Z,SELL,0.01,2,1,10.00,2,27590.00
2026-01-30T10:37:00.000Z,2026-01-30T10:38:00.000Z,SELL,0.01,1,1,10.00,1,27600.00
2026-01-30T10:38:00.000Z,2026-01-30T10:47:00.000Z,SELL,0.01,4,1,10.00,4,27610.00
2026-01-30T10:47:00.000Z,2026-01-30T11:05:00.000Z,SELL,0.01,3,1,10.00,3,27620.00
2026-01-30T11:05:00.000Z,2026-01-30T11:06:00.000Z,SELL,0.01,1,1,10.00,1,27630.00
2026-01-30T11:06:00.000Z,2026-01-30T11:07:00.000Z,SELL,0.01,1,1,10.00,1,27640.00
2026-01-30T11:07:00.000Z,2026-01-30T11:08:00.000Z,SELL,0.01,1,1,10.00,1,27650.00
2026-01-30T11:08:00.000Z,2026-01-30T11:09:00.000Z,SELL,0.01,1,1,10.00,1,27660.00
2026-01-30T11:09:00.000Z,2026-01-30T11:13:00.000Z,SELL,0.01,1,1,10.00,1,27670.00
2026-01-30T11:13:00.000Z,2026-01-30T11:13:00.000Z,SELL,0.01,1,1,10.00,1,27680.00
2026-01-30T11:13:00.000Z,2026-01-30T11:13:00.000Z,SELL,0.01,1,1,10.00,1,27690.00
2026-01-30T11:13:00.000Z,2026-01-30T11:14:00.000Z,SELL,0.01,1,1,10.00,1,27700.00
2026-01-30T11:14:00.000Z,2026-01-30T11:15:00.000Z,SELL,0.01,2,1,10.00,2,27710.00
2026-01-30T11:15:00.000Z,2026-01-30T11:16:00.000Z,SELL,0.01,1,1,10.00,1,27720.00
2026-01-30T11:16:00.000Z,2026-01-30T11:19:00.000Z,SELL,0.01,2,1,10.00,2,27730.00
2026-01-30T11:19:00.000Z,2026-01-30T11:20:00.000Z,SELL,0.01,1,1,10.00,1,27740.00
2026-01-30T11:20:00.000Z,2026-01-30T11:23:00.000Z,SELL,0.01,1,1,10.00,1,27750.00
2026-01-30T11:23:00.000Z,2026-01-30T11:25:00.000Z,SELL,0.01,1,1,10.00,1,27760.00
2026-01-30T11:25:00.000Z,2026-01-30T11:28:00.000Z,SELL,0.01,1,1,10.00,1,27770.00
2026-01-30T11:28:00.000Z,2026-01-30T11:31:00.000Z,SELL,0.01,2,1,10.00,2,27780.00
2026-01-30T11:31:00.000Z,2026-01-30T11:37:00.000Z,SELL,0.01,1,1,10.00,1,27790.00
2026-01-30T11:37:00.000Z,2026-01-30T11:39:00.000Z,SELL,0.01,1,1,10.00,1,27800.00
2026-01-30T11:39:00.000Z,2026-01-30T11:40:00.000Z,SELL,0.01,1,1,10.00,1,27810.00
2026-01-30T11:40:00.000Z,2026-01-30T11:42:00.000Z,SELL,0.01,1,1,10.00,1,27820.00
2026-01-30T11:42:00.000Z,2026-01-30T11:42:00.000Z,SELL,0.01,1,1,10.00,1,27830.00
2026-01-30T11:42:00.000Z,2026-01-30T11:43:00.000Z,SELL,0.01,1,1,10.00,1,27840.00
2026-01-30T11:43:00.000Z,2026-01-30T11:44:00.000Z,SELL,0.01,1,1,10.00,1,27850.00
2026-01-30T11:44:00.000Z,2026-01-30T11:45:00.000Z,SELL,0.01,1,1,10.00,1,27860.00
2026-01-30T11:45:00.000Z,2026-01-30T11:45:00.000Z,SELL,0.01,1,1,10.00,1,27870.00
2026-01-30T11:45:00.000Z,2026-01-30T11:45:00.000Z,SELL,0.01,1,1,10.00,1,27880.00
2026-01-30T11:45:00.000Z,2026-01-30T11:47:00.000Z,SELL,0.01,2,1,10.00,2,27890.00
2026-01-30T11:47:00.000Z,2026-01-30T11:49:00.000Z,SELL,0.01,1,1,10.00,1,27900.00
2026-01-30T11:49:00.000Z,2026-01-30T11:49:00.000Z,SELL,0.01,1,1,10.00,1,27910.00
2026-01-30T11:49:00.000Z,2026-01-30T11:50:00.000Z,SELL,0.01,1,1,10.00,1,27920.00
2026-01-30T11:50:00.000Z,2026-01-30T11:51:00.000Z,SELL,0.01,1,1,10.00,1,27930.00
2026-01-30T11:51:00.000Z,2026-01-30T11:52:00.000Z,SELL,0.01,2,1,10.00,2,27940.00
2026-01-30T11:52:00.000Z,2026-01-30T11:57:00.000Z,SELL,0.01,2,1,10.00,2,27950.00
2026-01-30T11:57:00.000Z,2026-01-30T12:00:00.000Z,SELL,0.01,2,1,10.00,2,27960.00
2026-01-30T12:00:00.000Z,2026-01-30T12:05:00.000Z,SELL,0.01,1,1,10.00,1,27970.00
2026-01-30T12:05:00.000Z,2026-01-30T12:06:00.000Z,SELL,0.01,1,1,10.00,1,27980.00
2026-01-30T12:06:00.000Z,2026-01-30T12:08:00.000Z,SELL,0.01,1,1,10.00,1,27990.00
2026-01-30T12:08:00.000Z,2026-01-30T12:11:00.000Z,SELL,0.01,2,1,10.00,2,28000.00
2026-01-30T12:11:00.000Z,2026-01-30T12:20:00.000Z,SELL,0.01,2,1,10.00,2,28010.00
2026-01-30T12:20:00.000Z,2026-01-30T12:22:00.000Z,SELL,0.01,1,1,10.00,1,28020.00
2026-01-30T12:22:00.000Z,2026-01-30T12:39:00.000Z,SELL,0.01,4,1,10.00,4,28030.00
2026-01-30T12:39:00.000Z,2026-01-30T12:40:00.000Z,SELL,0.01,1,1,10.00,1,28040.00
2026-01-30T12:40:00.000Z,2026-01-30T12:53:00.000Z,SELL,0.01,2,1,10.00,2,28050.00
2026-01-30T12:53:00.000Z,2026-01-30T12:54:00.000Z,SELL,0.01,1,1,10.00,1,28060.00
2026-01-30T12:54:00.000Z,2026-01-30T12:59:00.000Z,SELL,0.01,2,1,10.00,2,28070.00
2026-01-30T12:59:00.000Z,2026-01-30T13:00:00.000Z,SELL,0.01,1,1,10.00,1,28080.00
2026-01-30T13:00:00.000Z,2026-01-30T13:02:00.000Z,SELL,0.01,1,1,10.00,1,28090.00
2026-01-30T13:02:00.000Z,2026-01-30T13:04:00.000Z,SELL,0.01,1,1,10.00,1,28100.00
2026-01-30T13:04:00.000Z,2026-01-30T13:11:00.000Z,SELL,0.01,2,1,10.00,2,28110.00
2026-01-30T13:11:00.000Z,2026-01-30T13:18:00.000Z,SELL,0.01,1,1,10.00,1,28120.00
2026-01-30T13:18:00.000Z,2026-01-30T13:48:00.000Z,SELL,0.01,3,1,10.00,3,28130.00
2026-01-30T13:48:00.000Z,2026-01-30T13:49:00.000Z,SELL,0.01,1,1,10.00,1,28140.00
2026-01-30T13:49:00.000Z,2026-01-30T13:55:00.000Z,SELL,0.01,2,1,10.00,2,28150.00
2026-01-30T13:55:00.000Z,2026-01-30T14:27:00.000Z,SELL,0.01,3,1,10.00,3,28160.00
2026-01-30T14:27:00.000Z,2026-01-30T14:45:00.000Z,SELL,0.01,3,1,10.00,3,28170.00
2026-01-30T14:45:00.000Z,2026-01-30T14:46:00.000Z,SELL,0.01,1,1,10.00,1,28180.00
2026-01-30T14:46:00.000Z,2026-01-30T14:46:00.000Z,SELL,0.01,1,1,10.00,1,28190.00
2026-01-30T14:46:00.000Z,2026-01-30T14:47:00.000Z,SELL,0.01,1,1,10.00,1,28200.00
2026-01-30T14:47:00.000Z,2026-01-30T14:49:00.000Z,SELL,0.01,1,1,10.00,1,28210.00
2026-01-30T14:49:00.000Z,2026-01-30T14:53:00.000Z,SELL,0.01,2,1,10.00,2,28220.00
2026-01-30T14:53:00.000Z,2026-01-30T14:56:00.000Z,SELL,0.01,1,1,10.00,1,28230.00
2026-01-30T14:56:00.000Z,2026-01-30T14:59:00.000Z,SELL,0.01,1,1,10.00,1,28240.00
2026-01-30T14:59:00.000Z,2026-01-30T14:59:00.000Z,SELL,0.01,1,1,10.00,1,28250.00
2026-01-30T14:59:00.000Z,2026-01-30T15:02:00.000Z,SELL,0.01,4,1,10.00,4,28260.00
2026-01-30T15:02:00.000Z,2026-01-30T15:03:00.000Z,SELL,0.01,1,1,10.00,1,28270.00
2026-01-30T15:03:00.000Z,2026-01-30T15:15:00.000Z,SELL,0.01,3,1,10.00,3,28280.00
2026-01-30T15:15:00.000Z,2026-01-30T15:18:00.000Z,SELL,0.01,1,1,10.00,1,28290.00
2026-01-30T15:18:00.000Z,2026-01-30T15:23:00.000Z,SELL,0.01,1,1,10.00,1,28300.00
2026-01-30T15:23:00.000Z,2026-01-30T15:23:00.000Z,SELL,0.01,1,1,10.00,1,28310.00
2026-01-30T15:23:00.000Z,2026-01-30T15:23:00.000Z,SELL,0.01,1,1,10.00,1,28320.00
2026-01-30T15:23:00.000Z,2026-01-30T15:25:00.000Z,SELL,0.01,1,1,10.00,1,28330.00
2026-01-30T15:25:00.000Z,2026-01-30T15:35:00.000Z,SELL,0.01,4,1,10.00,4,28340.00
2026-01-30T15:35:00.000Z,2026-01-30T15:36:00.000Z,SELL,0.01,1,1,10.00,1,28350.00
2026-01-30T15:36:00.000Z,2026-01-30T15:46:00.000Z,SELL,0.01,1,1,10.00,1,28360.00
2026-01-30T15:46:00.000Z,2026-01-30T15:47:00.000Z,SELL,0.01,1,1,10.00,1,28370.00
2026-01-30T15:47:00.000Z,2026-01-30T15:47:00.000Z,SELL,0.01,1,1,10.00,1,28380.00
2026-01-30T15:47:00.000Z,2026-01-30T15:49:00.000Z,SELL,0.01,1,1,10.00,1,28390.00
2026-01-30T15:49:00.000Z,2026-01-30T16:00:00.000Z,SELL,0.01,2,1,10.00,2,28400.00
2026-01-30T16:00:00.000Z,2026-01-30T16:01:00.000Z,SELL,0.01,2,1,10.00,2,28410.00
2026-01-30T16:01:00.000Z,2026-01-30T16:08:00.000Z,SELL,0.01,1,1,10.00,1,28420.00
2026-01-30T16:08:00.000Z,2026-01-30T16:22:00.000Z,SELL,0.01,2,1,10.00,2,28430.00
2026-01-30T16:22:00.000Z,2026-01-30T16:26:00.000Z,SELL,0.01,1,1,10.00,1,28440.00
2026-01-30T16:26:00.000Z,2026-01-30T16:33:00.000Z,SELL,0.01,2,1,10.00,2,28450.00
2026-01-30T16:33:00.000Z,2026-01-30T16:36:00.000Z,SELL,0.01,1,1,10.00,1,28460.00
2026-01-30T16:36:00.000Z,2026-01-30T16:42:00.000Z,SELL,0.01,1,1,10.00,1,28470.00
2026-01-30T16:42:00.000Z,2026-01-30T16:54:00.000Z,SELL,0.01,3,1,10.00,3,28480.00
2026-01-30T16:54:00.000Z,2026-01-30T16:54:00.000Z,SELL,0.01,1,1,10.00,1,28490.00
2026-01-30T16:54:00.000Z,2026-01-30T16:54:00.000Z,SELL,0.01,1,1,10.00,1,28500.00
2026-01-30T16:54:00.000Z,2026-01-30T16:56:00.000Z,SELL,0.01,1,1,10.00,1,28510.00
2026-01-30T16:56:00.000Z,2026-01-30T16:57:00.000Z,SELL,0.01,1,1,10.00,1,28520.00
2026-01-30T16:57:00.000Z,2026-01-30T17:01:00.000Z,SELL,0.01,1,1,10.00,1,28530.00
2026-01-30T17:01:00.000Z,2026-01-30T17:01:00.000Z,SELL,0.01,1,1,10.00,1,28540.00
2026-01-30T17:01:00.000Z,2026-01-30T17:01:00.000Z,SELL,0.01,1,1,10.00,1,28550.00
2026-01-30T17:01:00.000Z,2026-01-30T17:02:00.000Z,SELL,0.01,1,1,10.00,1,28560.00
2026-01-30T17:02:00.000Z,2026-01-30T17:07:00.000Z,SELL,0.01,2,1,10.00,2,28570.00
2026-01-30T17:07:00.000Z,2026-01-30T17:08:00.000Z,SELL,0.01,1,1,10.00,1,28580.00
2026-01-30T17:08:00.000Z,2026-01-30T17:09:00.000Z,SELL,0.01,1,1,10.00,1,28590.00
2026-01-30T17:09:00.000Z,2026-01-30T17:11:00.000Z,SELL,0.01,2,1,10.00,2,28600.00
2026-01-30T17:11:00.000Z,2026-01-30T17:18:00.000Z,SELL,0.01,2,1,10.00,2,28610.00
2026-01-30T17:18:00.000Z,2026-01-30T17:21:00.000Z,SELL,0.01,1,1,10.00,1,28620.00
2026-01-30T17:21:00.000Z,2026-01-30T17:26:00.000Z,SELL,0.01,1,1,10.00,1,28630.00
2026-01-30T17:26:00.000Z,2026-01-30T17:35:00.000Z,SELL,0.01,2,1,10.00,2,28640.00
2026-01-30T17:35:00.000Z,2026-01-30T17:39:00.000Z,SELL,0.01,1,1,10.00,1,28650.00
2026-01-30T17:39:00.000Z,2026-01-30T17:54:00.000Z,SELL,0.01,5,1,10.00,5,28660.00
2026-01-30T17:54:00.000Z,2026-01-30T18:03:00.000Z,SELL,0.01,1,1,10.00,1,28670.00
2026-01-30T18:03:00.000Z,2026-01-30T18:11:00.000Z,SELL,0.01,1,1,10.00,1,28680.00
2026-01-30T18:11:00.000Z,2026-01-30T18:18:00.000Z,SELL,0.01,1,1,10.00,1,28690.00
2026-01-30T18:18:00.000Z,2026-01-30T18:22:00.000Z,SELL,0.01,1,1,10.00,1,28700.00
2026-01-30T18:22:00.000Z,2026-01-30T18:25:00.000Z,SELL,0.01,1,1,10.00,1,28710.00
2026-01-30T18:25:00.000Z,2026-01-30T18:35:00.000Z,SELL,0.01,3,1,10.00,3,28720.00
2026-01-30T18:35:00.000Z,2026-01-30T18:35:00.000Z,SELL,0.01,1,1,10.00,1,28730.00
2026-01-30T18:35:00.000Z,2026-01-30T18:42:00.000Z,SELL,0.01,2,1,10.00,2,28740.00
2026-01-30T18:42:00.000Z,2026-01-30T18:48:00.000Z,SELL,0.01,1,1,10.00,1,28750.00
2026-01-30T18:48:00.000Z,2026-01-30T18:49:00.000Z,SELL,0.01,1,1,10.00,1,28760.00
2026-01-30T18:49:00.000Z,2026-01-30T18:50:00.000Z,SELL,0.01,1,1,10.00,1,28770.00
2026-01-30T18:50:00.000Z,2026-01-30T18:51:00.000Z,SELL,0.01,1,1,10.00,1,28780.00
2026-01-30T18:51:00.000Z,2026-01-30T18:52:00.000Z,SELL,0.01,1,1,10.00,1,28790.00
2026-01-30T18:52:00.000Z,2026-01-30T18:53:00.000Z,SELL,0.01,2,1,10.00,2,28800.00
2026-01-30T18:53:00.000Z,2026-01-30T19:01:00.000Z,SELL,0.01,1,1,10.00,1,28810.00
2026-01-30T19:01:00.000Z,2026-01-30T19:06:00.000Z,SELL,0.01,1,1,10.00,1,28820.00
2026-01-30T19:06:00.000Z,2026-01-30T19:07:00.000Z,SELL,0.01,1,1,10.00,1,28830.00
2026-01-30T19:07:00.000Z,2026-01-30T19:07:00.000Z,SELL,0.01,1,1,10.00,1,28840.00
2026-01-30T19:07:00.000Z,2026-01-30T19:12:00.000Z,SELL,0.01,1,1,10.00,1,28850.00
2026-01-30T19:12:00.000Z,2026-01-30T19:12:00.000Z,SELL,0.01,1,1,10.00,1,28860.00
2026-01-30T19:12:00.000Z,2026-01-30T19:13:00.000Z,SELL,0.01,1,1,10.00,1,28870.00
2026-01-30T19:13:00.000Z,2026-01-30T19:16:00.000Z,SELL,0.01,2,1,10.00,2,28880.00
2026-01-30T19:16:00.000Z,2026-01-30T19:17:00.000Z,SELL,0.01,1,1,10.00,1,28890.00
2026-01-30T19:17:00.000Z,2026-01-30T19:17:00.000Z,SELL,0.01,1,1,10.00,1,28900.00
2026-01-30T19:17:00.000Z,2026-01-30T19:18:00.000Z,SELL,0.01,1,1,10.00,1,28910.00
2026-01-30T19:18:00.000Z,2026-01-30T19:25:00.000Z,SELL,0.01,2,1,10.00,2,28920.00
2026-01-30T19:25:00.000Z,2026-01-30T19:27:00.000Z,SELL,0.01,1,1,10.00,1,28930.00
2026-01-30T19:27:00.000Z,2026-01-30T19:28:00.000Z,SELL,0.01,1,1,10.00,1,28940.00
2026-01-30T19:28:00.000Z,2026-01-30T19:31:00.000Z,SELL,0.01,1,1,10.00,1,28950.00
2026-01-30T19:31:00.000Z,2026-01-30T19:33:00.000Z,SELL,0.01,1,1,10.00,1,28960.00
2026-01-30T19:33:00.000Z,2026-01-30T19:42:00.000Z,SELL,0.01,3,1,10.00,3,28970.00
2026-01-30T19:42:00.000Z,2026-01-30T19:42:00.000Z,SELL,0.01,1,1,10.00,1,28980.00
2026-01-30T19:42:00.000Z,2026-01-30T19:43:00.000Z,SELL,0.01,1,1,10.00,1,28990.00
2026-01-30T19:43:00.000Z,2026-01-30T19:44:00.000Z,SELL,0.01,1,1,10.00,1,29000.00
2026-01-30T19:44:00.000Z,2026-01-30T19:44:00.000Z,SELL,0.01,1,1,10.00,1,29010.00
2026-01-30T19:44:00.000Z,2026-01-30T19:47:00.000Z,SELL,0.01,2,1,10.00,2,29020.00
2026-01-30T19:47:00.000Z,2026-01-30T19:48:00.000Z,SELL,0.01,1,1,10.00,1,29030.00
2026-01-30T19:48:00.000Z,2026-01-30T19:50:00.000Z,SELL,0.01,1,1,10.00,1,29040.00
2026-01-30T19:50:00.000Z,2026-01-30T19:51:00.000Z,SELL,0.01,1,1,10.00,1,29050.00
2026-01-30T19:51:00.000Z,2026-01-30T19:52:00.000Z,SELL,0.01,1,1,10.00,1,29060.00
2026-01-30T19:52:00.000Z,2026-01-30T19:54:00.000Z,SELL,0.01,1,1,10.00,1,29070.00
2026-01-30T19:54:00.000Z,2026-01-30T19:54:00.000Z,SELL,0.01,1,1,10.00,1,29080.00
2026-01-30T19:54:00.000Z,2026-01-30T19:55:00.000Z,SELL,0.01,1,1,10.00,1,29090.00
2026-01-30T19:55:00.000Z,2026-01-30T19:56:00.000Z,SELL,0.01,2,1,10.00,2,29100.00
2026-01-30T19:56:00.000Z,2026-01-30T20:01:00.000Z,SELL,0.01,2,1,10.00,2,29110.00
2026-01-30T20:01:00.000Z,2026-01-30T20:07:00.000Z,SELL,0.01,3,1,10.00,3,29120.00
2026-01-30T20:07:00.000Z,2026-01-30T20:08:00.000Z,SELL,0.01,1,1,10.00,1,29130.00
2026-01-30T20:08:00.000Z,2026-01-30T20:08:00.000Z,SELL,0.01,1,1,10.00,1,29140.00
2026-01-30T20:08:00.000Z,2026-01-30T20:09:00.000Z,SELL,0.01,1,1,10.00,1,29150.00
2026-01-30T20:09:00.000Z,2026-01-30T20:09:00.000Z,SELL,0.01,1,1,10.00,1,29160.00
2026-01-30T20:09:00.000Z,2026-01-30T20:10:00.000Z,SELL,0.01,1,1,10.00,1,29170.00
2026-01-30T20:10:00.000Z,2026-01-30T20:12:00.000Z,SELL,0.01,3,1,10.00,3,29180.00
2026-01-30T20:12:00.000Z,2026-01-30T20:13:00.000Z,SELL,0.01,2,1,10.00,2,29190.00
2026-01-30T20:13:00.000Z,2026-01-30T20:13:00.000Z,SELL,0.01,1,1,10.00,1,29200.00
2026-01-30T20:13:00.000Z,2026-01-30T20:14:00.000Z,SELL,0.01,1,1,10.00,1,29210.00
2026-01-30T20:14:00.000Z,2026-01-30T20:16:00.000Z,SELL,0.01,1,1,10.00,1,29220.00
2026-01-30T20:16:00.000Z,2026-01-30T20:17:00.000Z,SELL,0.01,1,1,10.00,1,29230.00
2026-01-30T20:17:00.000Z,2026-01-30T20:18:00.000Z,SELL,0.01,1,1,10.00,1,29240.00
2026-01-30T20:18:00.000Z,2026-01-30T20:18:00.000Z,SELL,0.01,1,1,10.00,1,29250.00
2026-01-30T20:18:00.000Z,2026-01-30T20:20:00.000Z,SELL,0.01,1,1,10.00,1,29260.00
2026-01-30T20:20:00.000Z,2026-01-30T20:20:00.000Z,SELL,0.01,1,1,10.00,1,29270.00
2026-01-30T20:20:00.000Z,2026-01-30T20:21:00.000Z,SELL,0.01,1,1,10.00,1,29280.00
2026-01-30T20:21:00.000Z,2026-01-30T20:21:00.000Z,SELL,0.01,1,1,10.00,1,29290.00
2026-01-30T20:21:00.000Z,2026-01-30T20:21:00.000Z,SELL,0.01,1,1,10.00,1,29300.00
2026-01-30T20:21:00.000Z,2026-01-30T20:23:00.000Z,SELL,0.01,4,1,10.00,4,29310.00
2026-01-30T20:23:00.000Z,2026-01-30T20:24:00.000Z,SELL,0.01,1,1,10.00,1,29320.00
2026-01-30T20:24:00.000Z,2026-01-30T20:24:00.000Z,SELL,0.01,1,1,10.00,1,29330.00
2026-01-30T20:24:00.000Z,2026-01-30T20:26:00.000Z,SELL,0.01,2,1,10.00,2,29340.00
2026-01-30T20:26:00.000Z,2026-01-30T20:27:00.000Z,SELL,0.01,1,1,10.00,1,29350.00
2026-01-30T20:27:00.000Z,2026-01-30T20:28:00.000Z,SELL,0.01,1,1,10.00,1,29360.00
2026-01-30T20:28:00.000Z,2026-01-30T20:28:00.000Z,SELL,0.01,1,1,10.00,1,29370.00
2026-01-30T20:28:00.000Z,2026-01-30T20:28:00.000Z,SELL,0.01,1,1,10.00,1,29380.00
2026-01-30T20:28:00.000Z,2026-01-30T20:29:00.000Z,SELL,0.01,1,1,10.00,1,29390.00
2026-01-30T20:29:00.000Z,2026-01-30T20:29:00.000Z,SELL,0.01,2,1,10.00,2,29400.00
2026-01-30T20:29:00.000Z,2026-01-30T20:32:00.000Z,SELL,0.01,4,1,10.00,4,29410.00
2026-01-30T20:32:00.000Z,2026-01-30T20:35:00.000Z,SELL,0.01,1,1,10.00,1,29420.00
2026-01-30T20:35:00.000Z,2026-01-30T20:36:00.000Z,SELL,0.01,1,1,10.00,1,29430.00
2026-01-30T20:36:00.000Z,2026-01-30T20:36:00.000Z,SELL,0.01,1,1,10.00,1,29440.00
2026-01-30T20:36:00.000Z,2026-01-30T20:36:00.000Z,SELL,0.01,1,1,10.00,1,29450.00
2026-01-30T20:36:00.000Z,2026-01-30T20:38:00.000Z,SELL,0.01,1,1,10.00,1,29460.00
2026-01-30T20:38:00.000Z,2026-01-30T20:38:00.000Z,SELL,0.01,1,1,10.00,1,29470.00
2026-01-30T20:38:00.000Z,2026-01-30T20:39:00.000Z,SELL,0.01,1,1,10.00,1,29480.00
2026-01-30T20:39:00.000Z,2026-01-30T20:40:00.000Z,SELL,0.01,2,1,10.00,2,29490.00
2026-01-30T20:40:00.000Z,2026-01-30T20:42:00.000Z,SELL,0.01,2,1,10.00,2,29500.00
2026-01-30T20:42:00.000Z,2026-01-30T20:44:00.000Z,SELL,0.01,2,1,10.00,2,29510.00
2026-01-30T20:44:00.000Z,2026-01-30T20:45:00.000Z,SELL,0.01,2,1,10.00,2,29520.00
2026-01-30T20:45:00.000Z,2026-01-30T20:46:00.000Z,SELL,0.01,1,1,10.00,1,29530.00
2026-01-30T20:46:00.000Z,2026-01-30T20:47:00.000Z,SELL,0.01,2,1,10.00,2,29540.00
2026-01-30T20:47:00.000Z,2026-01-30T20:47:00.000Z,SELL,0.01,1,1,10.00,1,29550.00
2026-01-30T20:47:00.000Z,2026-01-30T20:51:00.000Z,SELL,0.01,2,1,10.00,2,29560.00
2026-01-30T20:51:00.000Z,2026-01-30T20:52:00.000Z,SELL,0.01,1,1,10.00,1,29570.00
2026-01-30T20:52:00.000Z,2026-01-30T20:52:00.000Z,SELL,0.01,1,1,10.00,1,29580.00
2026-01-30T20:52:00.000Z,2026-01-30T20:53:00.000Z,SELL,0.01,2,1,10.00,2,29590.00
2026-01-30T20:53:00.000Z,2026-01-30T20:56:00.000Z,SELL,0.01,2,1,10.00,2,29600.00
2026-01-30T20:56:00.000Z,2026-01-30T20:58:00.000Z,SELL,0.01,1,1,10.00,1,29610.00
2026-01-30T20:58:00.000Z,2026-01-30T20:58:00.000Z,SELL,0.01,1,1,10.00,1,29620.00
2026-01-30T20:58:00.000Z,2026-01-30T21:00:00.000Z,SELL,0.01,2,1,10.00,2,29630.00
2026-01-30T21:00:00.000Z,2026-01-30T21:02:00.000Z,SELL,0.01,3,1,10.00,3,29640.00
2026-01-30T21:02:00.000Z,2026-01-30T21:10:00.000Z,SELL,0.01,4,1,10.00,4,29650.00
2026-01-30T21:10:00.000Z,2026-01-30T21:11:00.000Z,SELL,0.01,1,1,10.00,1,29660.00
2026-01-30T21:11:00.000Z,2026-01-30T21:11:00.000Z,SELL,0.01,1,1,10.00,1,29670.00
2026-01-30T21:11:00.000Z,2026-01-30T21:13:00.000Z,SELL,0.01,1,1,10.00,1,29680.00
2026-01-30T21:13:00.000Z,2026-01-30T21:14:00.000Z,SELL,0.01,1,1,10.00,1,29690.00
2026-01-30T21:14:00.000Z,2026-01-30T21:23:00.000Z,SELL,0.01,5,1,10.00,5,29700.00
2026-01-30T21:23:00.000Z,2026-01-30T21:23:00.000Z,SELL,0.01,1,1,10.00,1,29710.00
2026-01-30T21:23:00.000Z,2026-01-30T21:27:00.000Z,SELL,0.01,2,1,10.00,2,29720.00
2026-01-30T21:27:00.000Z,2026-01-30T21:33:00.000Z,SELL,0.01,2,1,10.00,2,29730.00
2026-01-30T21:33:00.000Z,2026-01-30T21:35:00.000Z,SELL,0.01,1,1,10.00,1,29740.00
2026-01-30T21:35:00.000Z,2026-01-30T21:45:00.000Z,SELL,0.01,4,1,10.00,4,29750.00
2026-01-30T21:45:00.000Z,2026-01-30T21:46:00.000Z,SELL,0.01,1,1,10.00,1,29760.00
2026-01-30T21:46:00.000Z,2026-01-30T21:47:00.000Z,SELL,0.01,1,1,10.00,1,29770.00
2026-01-30T21:47:00.000Z,2026-01-30T21:54:00.000Z,SELL,0.01,2,1,10.00,2,29780.00
2026-01-30T21:54:00.000Z,2026-01-30T21:55:00.000Z,SELL,0.01,1,1,10.00,1,29790.00
2026-01-30T21:55:00.000Z,2026-01-30T22:00:00.000Z,SELL,0.01,1,1,10.00,1,29800.00
2026-01-30T22:00:00.000Z,2026-01-30T22:00:00.000Z,SELL,0.01,1,1,10.00,1,29810.00
2026-01-30T22:00:00.000Z,2026-01-30T22:01:00.000Z,SELL,0.01,1,1,10.00,1,29820.00
2026-01-30T22:01:00.000Z,2026-01-30T22:02:00.000Z,SELL,0.01,1,1,10.00,1,29830.00
2026-01-30T22:02:00.000Z,2026-01-30T22:05:00.000Z,SELL,0.01,2,1,10.00,2,29840.00
2026-01-30T22:05:00.000Z,2026-01-30T22:05:00.000Z,SELL,0.01,1,1,10.00,1,29850.00
2026-01-30T22:05:00.000Z,2026-01-30T22:06:00.000Z,SELL,0.01,1,1,10.00,1,29860.00
2026-01-30T22:06:00.000Z,2026-01-30T22:07:00.000Z,SELL,0.01,1,1,10.00,1,29870.00
2026-01-30T22:07:00.000Z,2026-01-30T22:32:00.000Z,SELL,0.01,3,1,10.00,3,29880.00
2026-01-30T22:32:00.000Z,2026-01-30T22:32:00.000Z,SELL,0.01,1,1,10.00,1,29890.00
2026-01-30T22:32:00.000Z,2026-01-30T22:33:00.000Z,SELL,0.01,1,1,10.00,1,29900.00
2026-01-30T22:33:00.000Z,2026-01-30T22:37:00.000Z,SELL,0.01,3,1,10.00,3,29910.00
2026-01-30T22:37:00.000Z,2026-01-30T22:47:00.000Z,SELL,0.01,2,1,10.00,2,29920.00
2026-01-30T22:47:00.000Z,2026-01-30T22:47:00.000Z,SELL,0.01,1,1,10.00,1,29930.00
2026-01-30T22:47:00.000Z,2026-01-30T22:50:00.000Z,SELL,0.01,1,1,10.00,1,29940.00
2026-01-30T22:50:00.000Z,2026-01-30T22:54:00.000Z,SELL,0.01,1,1,10.00,1,29950.00
2026-01-30T22:54:00.000Z,2026-01-30T22:54:00.000Z,SELL,0.01,1,1,10.00,1,29960.00
2026-01-30T22:54:00.000Z,2026-01-30T22:55:00.000Z,SELL,0.01,1,1,10.00,1,29970.00
2026-01-30T22:55:00.000Z,2026-01-30T22:56:00.000Z,SELL,0.01,1,1,10.00,1,29980.00
2026-01-30T22:56:00.000Z,2026-01-30T22:59:00.000Z,SELL,0.01,2,1,10.00,2,29990.00
2026-01-30T22:59:00.000Z,2026-01-30T23:00:00.000Z,SELL,0.01,1,1,10.00,1,30000.00
2026-01-30T23:00:00.000Z,2026-01-30T23:21:00.000Z,SELL,0.01,4,1,10.00,4,30010.00
2026-01-30T23:21:00.000Z,2026-01-30T23:38:00.000Z,SELL,0.01,3,1,10.00,3,30020.00
2026-01-30T23:38:00.000Z,2026-01-30T23:51:00.000Z,SELL,0.01,2,1,10.00,2,30030.00
2026-01-30T23:51:00.000Z,2026-02-02T01:00:00.000Z,SELL,0.01,1,1,10.00,1,30040.00
2026-02-02T01:00:00.000Z,2026-02-02T01:00:00.000Z,SELL,0.01,1,1,10.00,1,30050.00
2026-02-02T01:00:00.000Z,2026-02-02T01:00:00.000Z,SELL,0.01,1,1,10.00,1,30060.00
2026-02-02T01:00:00.000Z,2026-02-02T01:00:00.000Z,SELL,0.01,1,1,10.00,1,30070.00
2026-02-02T01:00:00.000Z,2026-02-02T01:00:00.000Z,SELL,0.01,1,1,10.00,1,30080.00
2026-02-02T01:00:00.000Z,2026-02-02T01:00:00.000Z,SELL,0.01,1,1,10.00,1,30090.00
2026-02-02T01:00:00.000Z,2026-02-02T01:00:00.000Z,SELL,0.01,1,1,10.00,1,30100.00
2026-02-02T01:00:00.000Z,2026-02-02T01:00:00.000Z,SELL,0.01,1,1,10.00,1,30110.00
2026-02-02T01:00:00.000Z,2026-02-02T01:00:00.000Z,SELL,0.01,1,1,10.00,1,30120.00
2026-02-02T01:00:00.000Z,2026-02-02T01:00:00.000Z,SELL,0.01,1,1,10.00,1,30130.00
2026-02-02T01:00:00.000Z,2026-02-02T01:00:00.000Z,SELL,0.01,1,1,10.00,1,30140.00
2026-02-02T01:00:00.000Z,2026-02-02T01:01:00.000Z,SELL,0.01,2,1,10.00,2,30150.00
2026-02-02T01:01:00.000Z,2026-02-02T01:02:00.000Z,SELL,0.01,2,1,10.00,2,30160.00
2026-02-02T01:02:00.000Z,2026-02-02T01:03:00.000Z,SELL,0.01,2,1,10.00,2,30170.00
2026-02-02T01:03:00.000Z,2026-02-02T01:03:00.000Z,SELL,0.01,1,1,10.00,1,30180.00
2026-02-02T01:03:00.000Z,2026-02-02T01:03:00.000Z,SELL,0.01,1,1,10.00,1,30190.00
2026-02-02T01:03:00.000Z,2026-02-02T01:04:00.000Z,SELL,0.01,1,1,10.00,1,30200.00
2026-02-02T01:04:00.000Z,2026-02-02T01:05:00.000Z,SELL,0.01,1,1,10.00,1,30210.00
2026-02-02T01:05:00.000Z,2026-02-02T01:05:00.000Z,SELL,0.01,1,1,10.00,1,30220.00
2026-02-02T01:05:00.000Z,2026-02-02T01:10:00.000Z,SELL,0.01,1,1,10.00,1,30230.00
2026-02-02T01:10:00.000Z,2026-02-02T01:10:00.000Z,SELL,0.01,1,1,10.00,1,30240.00
2026-02-02T01:10:00.000Z,2026-02-02T01:10:00.000Z,SELL,0.01,1,1,10.00,1,30250.00
2026-02-02T01:10:00.000Z,2026-02-02T01:10:00.000Z,SELL,0.01,1,1,10.00,1,30260.00
2026-02-02T01:10:00.000Z,2026-02-02T01:11:00.000Z,SELL,0.01,1,1,10.00,1,30270.00
2026-02-02T01:11:00.000Z,2026-02-02T01:11:00.000Z,SELL,0.01,1,1,10.00,1,30280.00
2026-02-02T01:11:00.000Z,2026-02-02T01:11:00.000Z,SELL,0.01,2,1,10.00,2,30290.00
2026-02-02T01:11:00.000Z,2026-02-02T01:11:00.000Z,SELL,0.01,1,1,10.00,1,30300.00
2026-02-02T01:11:00.000Z,2026-02-02T01:11:00.000Z,SELL,0.01,1,1,10.00,1,30310.00
2026-02-02T01:11:00.000Z,2026-02-02T01:11:00.000Z,SELL,0.01,1,1,10.00,1,30320.00
2026-02-02T01:11:00.000Z,2026-02-02T01:11:00.000Z,SELL,0.01,1,1,10.00,1,30330.00
2026-02-02T01:11:00.000Z,2026-02-02T01:11:00.000Z,SELL,0.01,1,1,10.00,1,30340.00
2026-02-02T01:11:00.000Z,2026-02-02T01:11:00.000Z,SELL,0.01,1,1,10.00,1,30350.00
2026-02-02T01:11:00.000Z,2026-02-02T01:12:00.000Z,SELL,0.01,2,1,10.00,2,30360.00
2026-02-02T01:12:00.000Z,2026-02-02T01:14:00.000Z,SELL,0.01,3,1,10.00,3,30370.00
2026-02-02T01:14:00.000Z,2026-02-02T01:15:00.000Z,SELL,0.01,3,1,10.00,3,30380.00
2026-02-02T01:15:00.000Z,2026-02-02T01:18:00.000Z,SELL,0.01,1,1,10.00,1,30390.00
2026-02-02T01:18:00.000Z,2026-02-02T01:18:00.000Z,SELL,0.01,1,1,10.00,1,30400.00
2026-02-02T01:18:00.000Z,2026-02-02T01:23:00.000Z,SELL,0.01,2,1,10.00,2,30410.00
2026-02-02T01:23:00.000Z,2026-02-02T01:24:00.000Z,SELL,0.01,1,1,10.00,1,30420.00
2026-02-02T01:24:00.000Z,2026-02-02T01:25:00.000Z,SELL,0.01,1,1,10.00,1,30430.00
2026-02-02T01:25:00.000Z,2026-02-02T01:34:00.000Z,SELL,0.01,4,1,10.00,4,30440.00
2026-02-02T01:34:00.000Z,2026-02-02T01:38:00.000Z,SELL,0.01,2,1,10.00,2,30450.00
2026-02-02T01:38:00.000Z,2026-02-02T01:45:00.000Z,SELL,0.01,1,1,10.00,1,30460.00
2026-02-02T01:45:00.000Z,2026-02-02T01:45:00.000Z,SELL,0.01,1,1,10.00,1,30470.00
2026-02-02T01:45:00.000Z,2026-02-02T01:45:00.000Z,SELL,0.01,1,1,10.00,1,30480.00
2026-02-02T01:45:00.000Z,2026-02-02T01:45:00.000Z,SELL,0.01,1,1,10.00,1,30490.00
2026-02-02T01:45:00.000Z,2026-02-02T01:47:00.000Z,SELL,0.01,3,1,10.00,3,30500.00
2026-02-02T01:47:00.000Z,2026-02-02T01:50:00.000Z,SELL,0.01,2,1,10.00,2,30510.00
2026-02-02T01:50:00.000Z,2026-02-02T01:51:00.000Z,SELL,0.01,1,1,10.00,1,30520.00
2026-02-02T01:51:00.000Z,2026-02-02T02:04:00.000Z,SELL,0.01,2,1,10.00,2,30530.00
2026-02-02T02:04:00.000Z,2026-02-02T02:08:00.000Z,SELL,0.01,2,1,10.00,2,30540.00
2026-02-02T02:08:00.000Z,2026-02-02T02:12:00.000Z,SELL,0.01,2,1,10.00,2,30550.00
2026-02-02T02:12:00.000Z,2026-02-02T02:12:00.000Z,SELL,0.01,1,1,10.00,1,30560.00
2026-02-02T02:12:00.000Z,2026-02-02T02:18:00.000Z,SELL,0.01,2,1,10.00,2,30570.00
2026-02-02T02:18:00.000Z,2026-02-02T02:25:00.000Z,SELL,0.01,3,1,10.00,3,30580.00
2026-02-02T02:25:00.000Z,2026-02-02T02:25:00.000Z,SELL,0.01,1,1,10.00,1,30590.00
2026-02-02T02:25:00.000Z,2026-02-02T02:31:00.000Z,SELL,0.01,1,1,10.00,1,30600.00
2026-02-02T02:31:00.000Z,2026-02-02T02:33:00.000Z,SELL,0.01,1,1,10.00,1,30610.00
2026-02-02T02:33:00.000Z,2026-02-02T02:36:00.000Z,SELL,0.01,2,1,10.00,2,30620.00
2026-02-02T02:36:00.000Z,2026-02-02T02:36:00.000Z,SELL,0.01,1,1,10.00,1,30630.00
2026-02-02T02:36:00.000Z,2026-02-02T02:39:00.000Z,SELL,0.01,1,1,10.00,1,30640.00
2026-02-02T02:39:00.000Z,2026-02-02T02:43:00.000Z,SELL,0.01,1,1,10.00,1,30650.00
2026-02-02T02:43:00.000Z,2026-02-02T02:44:00.000Z,SELL,0.01,1,1,10.00,1,30660.00
2026-02-02T02:44:00.000Z,2026-02-02T02:45:00.000Z,SELL,0.01,1,1,10.00,1,30670.00
2026-02-02T02:45:00.000Z,2026-02-02T02:47:00.000Z,SELL,0.01,1,1,10.00,1,30680.00
2026-02-02T02:47:00.000Z,2026-02-02T02:56:00.000Z,SELL,0.01,1,1,10.00,1,30690.00
2026-02-02T02:56:00.000Z,2026-02-02T02:56:00.000Z,SELL,0.01,1,1,10.00,1,30700.00
2026-02-02T02:56:00.000Z,2026-02-02T03:00:00.000Z,SELL,0.01,3,1,10.00,3,30710.00
2026-02-02T03:00:00.000Z,2026-02-02T03:00:00.000Z,SELL,0.01,1,1,10.00,1,30720.00
2026-02-02T03:00:00.000Z,2026-02-02T03:00:00.000Z,SELL,0.01,1,1,10.00,1,30730.00
2026-02-02T03:00:00.000Z,2026-02-02T03:02:00.000Z,SELL,0.01,2,1,10.00,2,30740.00
2026-02-02T03:02:00.000Z,2026-02-02T03:06:00.000Z,SELL,0.01,3,1,10.00,3,30750.00
2026-02-02T03:06:00.000Z,2026-02-02T03:06:00.000Z,SELL,0.01,1,1,10.00,1,30760.00
2026-02-02T03:06:00.000Z,2026-02-02T03:06:00.000Z,SELL,0.01,1,1,10.00,1,30770.00
2026-02-02T03:06:00.000Z,2026-02-02T03:07:00.000Z,SELL,0.01,1,1,10.00,1,30780.00
2026-02-02T03:07:00.000Z,2026-02-02T03:07:00.000Z,SELL,0.01,1,1,10.00,1,30790.00
2026-02-02T03:07:00.000Z,2026-02-02T03:07:00.000Z,SELL,0.01,1,1,10.00,1,30800.00
2026-02-02T03:07:00.000Z,2026-02-02T03:09:00.000Z,SELL,0.01,1,1,10.00,1,30810.00
2026-02-02T03:09:00.000Z,2026-02-02T03:09:00.000Z,SELL,0.01,1,1,10.00,1,30820.00
2026-02-02T03:09:00.000Z,2026-02-02T03:09:00.000Z,SELL,0.01,1,1,10.00,1,30830.00
2026-02-02T03:09:00.000Z,2026-02-02T03:09:00.000Z,SELL,0.01,1,1,10.00,1,30840.00
2026-02-02T03:09:00.000Z,2026-02-02T03:09:00.000Z,SELL,0.01,1,1,10.00,1,30850.00
2026-02-02T03:09:00.000Z,2026-02-02T03:10:00.000Z,SELL,0.01,1,1,10.00,1,30860.00
2026-02-02T03:10:00.000Z,2026-02-02T03:10:00.000Z,SELL,0.01,1,1,10.00,1,30870.00
2026-02-02T03:10:00.000Z,2026-02-02T03:10:00.000Z,SELL,0.01,1,1,10.00,1,30880.00
2026-02-02T03:10:00.000Z,2026-02-02T03:10:00.000Z,SELL,0.01,1,1,10.00,1,30890.00
2026-02-02T03:10:00.000Z,2026-02-02T03:10:00.000Z,SELL,0.01,1,1,10.00,1,30900.00
2026-02-02T03:10:00.000Z,2026-02-02T03:10:00.000Z,SELL,0.01,1,1,10.00,1,30910.00
2026-02-02T03:10:00.000Z,2026-02-02T03:11:00.000Z,SELL,0.01,2,1,10.00,2,30920.00
2026-02-02T03:11:00.000Z,2026-02-02T03:12:00.000Z,SELL,0.01,1,1,10.00,1,30930.00
2026-02-02T03:12:00.000Z,2026-02-02T03:12:00.000Z,SELL,0.01,1,1,10.00,1,30940.00
2026-02-02T03:12:00.000Z,2026-02-02T03:13:00.000Z,SELL,0.01,2,1,10.00,2,30950.00
2026-02-02T03:13:00.000Z,2026-02-02T03:15:00.000Z,SELL,0.01,4,1,10.00,4,30960.00
2026-02-02T03:15:00.000Z,2026-02-02T03:16:00.000Z,SELL,0.01,2,1,10.00,2,30970.00
2026-02-02T03:16:00.000Z,2026-02-02T03:17:00.000Z,SELL,0.01,1,1,10.00,1,30980.00
2026-02-02T03:17:00.000Z,2026-02-02T03:20:00.000Z,SELL,0.01,2,1,10.00,2,30990.00
2026-02-02T03:20:00.000Z,2026-02-02T03:21:00.000Z,SELL,0.01,1,1,10.00,1,31000.00
2026-02-02T03:21:00.000Z,2026-02-02T03:21:00.000Z,SELL,0.01,1,1,10.00,1,31010.00
2026-02-02T03:21:00.000Z,2026-02-02T03:23:00.000Z,SELL,0.01,1,1,10.00,1,31020.00
2026-02-02T03:23:00.000Z,2026-02-02T03:23:00.000Z,SELL,0.01,1,1,10.00,1,31030.00
2026-02-02T03:23:00.000Z,2026-02-02T03:23:00.000Z,SELL,0.01,1,1,10.00,1,31040.00
2026-02-02T03:23:00.000Z,2026-02-02T03:23:00.000Z,SELL,0.01,1,1,10.00,1,31050.00
2026-02-02T03:23:00.000Z,2026-02-02T03:25:00.000Z,SELL,0.01,2,1,10.00,2,31060.00
2026-02-02T03:25:00.000Z,2026-02-02T03:25:00.000Z,SELL,0.01,1,1,10.00,1,31070.00
2026-02-02T03:25:00.000Z,2026-02-02T03:28:00.000Z,SELL,0.01,2,1,10.00,2,31080.00
2026-02-02T03:28:00.000Z,2026-02-02T03:30:00.000Z,SELL,0.01,1,1,10.00,1,31090.00
2026-02-02T03:30:00.000Z,2026-02-02T03:30:00.000Z,SELL,0.01,1,1,10.00,1,31100.00
2026-02-02T03:30:00.000Z,2026-02-02T03:33:00.000Z,SELL,0.01,2,1,10.00,2,31110.00
2026-02-02T03:33:00.000Z,2026-02-02T03:34:00.000Z,SELL,0.01,1,1,10.00,1,31120.00
2026-02-02T03:34:00.000Z,2026-02-02T03:35:00.000Z,SELL,0.01,2,1,10.00,2,31130.00
2026-02-02T03:35:00.000Z,2026-02-02T03:38:00.000Z,SELL,0.01,1,1,10.00,1,31140.00
2026-02-02T03:38:00.000Z,2026-02-02T03:41:00.000Z,SELL,0.01,1,1,10.00,1,31150.00
2026-02-02T03:41:00.000Z,2026-02-02T03:41:00.000Z,SELL,0.01,1,1,10.00,1,31160.00
2026-02-02T03:41:00.000Z,2026-02-02T03:47:00.000Z,SELL,0.01,2,1,10.00,2,31170.00
2026-02-02T03:47:00.000Z,2026-02-02T04:03:00.000Z,SELL,0.01,5,1,10.00,5,31180.00
2026-02-02T04:03:00.000Z,2026-02-02T04:10:00.000Z,SELL,0.01,1,1,10.00,1,31190.00
2026-02-02T04:10:00.000Z,2026-02-02T04:14:00.000Z,SELL,0.01,2,1,10.00,2,31200.00
2026-02-02T04:14:00.000Z,2026-02-02T04:18:00.000Z,SELL,0.01,1,1,10.00,1,31210.00
2026-02-02T04:18:00.000Z,2026-02-02T04:32:00.000Z,SELL,0.01,2,1,10.00,2,31220.00
2026-02-02T04:32:00.000Z,2026-02-02T04:47:00.000Z,SELL,0.01,1,1,10.00,1,31230.00
2026-02-02T04:47:00.000Z,2026-02-02T04:48:00.000Z,SELL,0.01,1,1,10.00,1,31240.00
2026-02-02T04:48:00.000Z,2026-02-02T04:49:00.000Z,SELL,0.01,1,1,10.00,1,31250.00
2026-02-02T04:49:00.000Z,2026-02-02T04:57:00.000Z,SELL,0.01,1,1,10.00,1,31260.00
2026-02-02T04:57:00.000Z,2026-02-02T04:58:00.000Z,SELL,0.01,1,1,10.00,1,31270.00
2026-02-02T04:58:00.000Z,2026-02-02T05:14:00.000Z,SELL,0.01,3,1,10.00,3,31280.00
2026-02-02T05:14:00.000Z,2026-02-02T05:15:00.000Z,SELL,0.01,1,1,10.00,1,31290.00
2026-02-02T05:15:00.000Z,2026-02-02T05:15:00.000Z,SELL,0.01,1,1,10.00,1,31300.00
2026-02-02T05:15:00.000Z,2026-02-02T05:18:00.000Z,SELL,0.01,2,1,10.00,2,31310.00
2026-02-02T05:18:00.000Z,2026-02-02T05:31:00.000Z,SELL,0.01,3,1,10.00,3,31320.00
2026-02-02T05:31:00.000Z,2026-02-02T05:32:00.000Z,SELL,0.01,1,1,10.00,1,31330.00
2026-02-02T05:32:00.000Z,2026-02-02T05:35:00.000Z,SELL,0.01,1,1,10.00,1,31340.00
2026-02-02T05:35:00.000Z,2026-02-02T05:35:00.000Z,SELL,0.01,1,1,10.00,1,31350.00
2026-02-02T05:35:00.000Z,2026-02-02T05:36:00.000Z,SELL,0.01,1,1,10.00,1,31360.00
2026-02-02T05:36:00.000Z,2026-02-02T05:40:00.000Z,SELL,0.01,3,1,10.00,3,31370.00
2026-02-02T05:40:00.000Z,2026-02-02T05:44:00.000Z,SELL,0.01,2,1,10.00,2,31380.00
2026-02-02T05:44:00.000Z,2026-02-02T05:54:00.000Z,SELL,0.01,3,1,10.00,3,31390.00
2026-02-02T05:54:00.000Z,2026-02-02T05:57:00.000Z,SELL,0.01,1,1,10.00,1,31400.00
2026-02-02T05:57:00.000Z,2026-02-02T06:01:00.000Z,SELL,0.01,1,1,10.00,1,31410.00
2026-02-02T06:01:00.000Z,2026-02-02T06:01:00.000Z,SELL,0.01,1,1,10.00,1,31420.00
2026-02-02T06:01:00.000Z,2026-02-02T06:02:00.000Z,SELL,0.01,1,1,10.00,1,31430.00
2026-02-02T06:02:00.000Z,2026-02-02T06:03:00.000Z,SELL,0.01,1,1,10.00,1,31440.00
2026-02-02T06:03:00.000Z,2026-02-02T06:08:00.000Z,SELL,0.01,2,1,10.00,2,31450.00
2026-02-02T06:08:00.000Z,2026-02-02T06:15:00.000Z,SELL,0.01,4,1,10.00,4,31460.00
2026-02-02T06:15:00.000Z,2026-02-02T06:20:00.000Z,SELL,0.01,2,1,10.00,2,31470.00
2026-02-02T06:20:00.000Z,2026-02-02T06:20:00.000Z,SELL,0.01,1,1,10.00,1,31480.00
2026-02-02T06:20:00.000Z,2026-02-02T06:23:00.000Z,SELL,0.01,1,1,10.00,1,31490.00
2026-02-02T06:23:00.000Z,2026-02-02T06:39:00.000Z,SELL,0.01,3,1,10.00,3,31500.00
2026-02-02T06:39:00.000Z,2026-02-02T06:45:00.000Z,SELL,0.01,2,1,10.00,2,31510.00
2026-02-02T06:45:00.000Z,2026-02-02T06:49:00.000Z,SELL,0.01,1,1,10.00,1,31520.00
2026-02-02T06:49:00.000Z,2026-02-02T06:50:00.000Z,SELL,0.01,1,1,10.00,1,31530.00
2026-02-02T06:50:00.000Z,2026-02-02T07:07:00.000Z,SELL,0.01,1,1,10.00,1,31540.00
2026-02-02T07:07:00.000Z,2026-02-02T07:12:00.000Z,SELL,0.01,1,1,10.00,1,31550.00
2026-02-02T07:12:00.000Z,2026-02-02T07:30:00.000Z,SELL,0.01,1,1,10.00,1,31560.00
2026-02-02T07:30:00.000Z,2026-02-02T07:31:00.000Z,SELL,0.01,1,1,10.00,1,31570.00
2026-02-02T07:31:00.000Z,2026-02-02T07:31:00.000Z,SELL,0.01,1,1,10.00,1,31580.00
2026-02-02T07:31:00.000Z,2026-02-02T07:36:00.000Z,SELL,0.01,1,1,10.00,1,31590.00
2026-02-02T07:36:00.000Z,2026-02-02T07:37:00.000Z,SELL,0.01,1,1,10.00,1,31600.00
2026-02-02T07:37:00.000Z,2026-02-02T07:44:00.000Z,SELL,0.01,1,1,10.00,1,31610.00
2026-02-02T07:44:00.000Z,2026-02-02T07:44:00.000Z,SELL,0.01,1,1,10.00,1,31620.00
2026-02-02T07:44:00.000Z,2026-02-02T07:44:00.000Z,SELL,0.01,1,1,10.00,1,31630.00
2026-02-02T07:44:00.000Z,2026-02-02T07:45:00.000Z,SELL,0.01,1,1,10.00,1,31640.00
2026-02-02T07:45:00.000Z,2026-02-02T07:48:00.000Z,SELL,0.01,1,1,10.00,1,31650.00
2026-02-02T07:48:00.000Z,2026-02-02T07:49:00.000Z,SELL,0.01,1,1,10.00,1,31660.00
2026-02-02T07:49:00.000Z,2026-02-02T07:49:00.000Z,SELL,0.01,1,1,10.00,1,31670.00
2026-02-02T07:49:00.000Z,2026-02-02T07:50:00.000Z,SELL,0.01,2,1,10.00,2,31680.00
2026-02-02T07:50:00.000Z,2026-02-02T07:50:00.000Z,SELL,0.01,1,1,10.00,1,31690.00
2026-02-02T07:50:00.000Z,2026-02-02T07:50:00.000Z,SELL,0.01,1,1,10.00,1,31700.00
2026-02-02T07:50:00.000Z,2026-02-02T07:51:00.000Z,SELL,0.01,3,1,10.00,3,31710.00
2026-02-02T07:51:00.000Z,2026-02-02T07:52:00.000Z,SELL,0.01,1,1,10.00,1,31720.00
2026-02-02T07:52:00.000Z,2026-02-02T07:53:00.000Z,SELL,0.01,1,1,10.00,1,31730.00
2026-02-02T07:53:00.000Z,2026-02-02T07:53:00.000Z,SELL,0.01,1,1,10.00,1,31740.00
2026-02-02T07:53:00.000Z,2026-02-02T07:54:00.000Z,SELL,0.01,2,1,10.00,2,31750.00
2026-02-02T07:54:00.000Z,2026-02-02T07:57:00.000Z,SELL,0.01,1,1,10.00,1,31760.00
2026-02-02T07:57:00.000Z,2026-02-02T07:58:00.000Z,SELL,0.01,2,1,10.00,2,31770.00
2026-02-02T07:58:00.000Z,2026-02-02T07:59:00.000Z,SELL,0.01,1,1,10.00,1,31780.00
2026-02-02T07:59:00.000Z,2026-02-02T08:00:00.000Z,SELL,0.01,2,1,10.00,2,31790.00
2026-02-02T08:00:00.000Z,2026-02-02T08:01:00.000Z,SELL,0.01,1,1,10.00,1,31800.00
2026-02-02T08:01:00.000Z,2026-02-02T08:02:00.000Z,SELL,0.01,1,1,10.00,1,31810.00
2026-02-02T08:02:00.000Z,2026-02-02T08:06:00.000Z,SELL,0.01,1,1,10.00,1,31820.00
2026-02-02T08:06:00.000Z,2026-02-02T08:06:00.000Z,SELL,0.01,1,1,10.00,1,31830.00
2026-02-02T08:06:00.000Z,2026-02-02T08:08:00.000Z,SELL,0.01,1,1,10.00,1,31840.00
2026-02-02T08:08:00.000Z,2026-02-02T08:09:00.000Z,SELL,0.01,2,1,10.00,2,31850.00
2026-02-02T08:09:00.000Z,2026-02-02T08:12:00.000Z,SELL,0.01,1,1,10.00,1,31860.00
2026-02-02T08:12:00.000Z,2026-02-02T08:17:00.000Z,SELL,0.01,1,1,10.00,1,31870.00
2026-02-02T08:17:00.000Z,2026-02-02T08:17:00.000Z,SELL,0.01,1,1,10.00,1,31880.00
2026-02-02T08:17:00.000Z,2026-02-02T08:20:00.000Z,SELL,0.01,1,1,10.00,1,31890.00
2026-02-02T08:20:00.000Z,2026-02-02T08:21:00.000Z,SELL,0.01,1,1,10.00,1,31900.00
2026-02-02T08:21:00.000Z,2026-02-02T08:21:00.000Z,SELL,0.01,1,1,10.00,1,31910.00
2026-02-02T08:21:00.000Z,2026-02-02T08:23:00.000Z,SELL,0.01,1,1,10.00,1,31920.00
2026-02-02T08:23:00.000Z,2026-02-02T08:23:00.000Z,SELL,0.01,1,1,10.00,1,31930.00
2026-02-02T08:23:00.000Z,2026-02-02T08:24:00.000Z,SELL,0.01,1,1,10.00,1,31940.00
2026-02-02T08:24:00.000Z,2026-02-02T08:24:00.000Z,SELL,0.01,1,1,10.00,1,31950.00
2026-02-02T08:24:00.000Z,2026-02-02T08:25:00.000Z,SELL,0.01,2,1,10.00,2,31960.00
2026-02-02T08:25:00.000Z,2026-02-02T08:25:00.000Z,SELL,0.01,1,1,10.00,1,31970.00
2026-02-02T08:25:00.000Z,2026-02-02T08:26:00.000Z,SELL,0.01,1,1,10.00,1,31980.00
2026-02-02T08:26:00.000Z,2026-02-02T08:27:00.000Z,SELL,0.01,1,1,10.00,1,31990.00
2026-02-02T08:27:00.000Z,2026-02-02T08:27:00.000Z,SELL,0.01,1,1,10.00,1,32000.00
2026-02-02T08:27:00.000Z,2026-02-02T08:28:00.000Z,SELL,0.01,2,1,10.00,2,32010.00
2026-02-02T08:28:00.000Z,2026-02-02T08:30:00.000Z,SELL,0.01,2,1,10.00,2,32020.00
2026-02-02T08:30:00.000Z,2026-02-02T08:31:00.000Z,SELL,0.01,1,1,10.00,1,32030.00
2026-02-02T08:31:00.000Z,2026-02-02T08:32:00.000Z,SELL,0.01,1,1,10.00,1,32040.00
2026-02-02T08:32:00.000Z,2026-02-02T08:33:00.000Z,SELL,0.01,1,1,10.00,1,32050.00
2026-02-02T08:33:00.000Z,2026-02-02T08:36:00.000Z,SELL,0.01,1,1,10.00,1,32060.00
2026-02-02T08:36:00.000Z,2026-02-02T08:37:00.000Z,SELL,0.01,1,1,10.00,1,32070.00
2026-02-02T08:37:00.000Z,2026-02-02T08:37:00.000Z,SELL,0.01,1,1,10.00,1,32080.00
2026-02-02T08:37:00.000Z,2026-02-02T08:38:00.000Z,SELL,0.01,1,1,10.00,1,32090.00
2026-02-02T08:38:00.000Z,2026-02-02T08:38:00.000Z,SELL,0.01,1,1,10.00,1,32100.00
2026-02-02T08:38:00.000Z,2026-02-02T08:38:00.000Z,SELL,0.01,1,1,10.00,1,32110.00
2026-02-02T08:38:00.000Z,2026-02-02T08:42:00.000Z,SELL,0.01,4,1,10.00,4,32120.00
2026-02-02T08:42:00.000Z,2026-02-02T08:50:00.000Z,SELL,0.01,4,1,10.00,4,32130.00
2026-02-02T08:50:00.000Z,2026-02-02T08:55:00.000Z,SELL,0.01,2,1,10.00,2,32140.00
2026-02-02T08:55:00.000Z,2026-02-02T09:02:00.000Z,SELL,0.01,4,1,10.00,4,32150.00
2026-02-02T09:02:00.000Z,2026-02-02T09:15:00.000Z,SELL,0.01,2,1,10.00,2,32160.00
2026-02-02T09:15:00.000Z,2026-02-02T09:16:00.000Z,SELL,0.01,1,1,10.00,1,32170.00
2026-02-02T09:16:00.000Z,2026-02-02T09:16:00.000Z,SELL,0.01,1,1,10.00,1,32180.00
2026-02-02T09:16:00.000Z,2026-02-02T09:17:00.000Z,SELL,0.01,1,1,10.00,1,32190.00
2026-02-02T09:17:00.000Z,2026-02-02T09:24:00.000Z,SELL,0.01,2,1,10.00,2,32200.00
2026-02-02T09:24:00.000Z,2026-02-02T09:31:00.000Z,SELL,0.01,3,1,10.00,3,32210.00
2026-02-02T09:31:00.000Z,2026-02-02T09:32:00.000Z,SELL,0.01,1,1,10.00,1,32220.00
2026-02-02T09:32:00.000Z,2026-02-02T09:37:00.000Z,SELL,0.01,2,1,10.00,2,32230.00
2026-02-02T09:37:00.000Z,2026-02-02T09:38:00.000Z,SELL,0.01,1,1,10.00,1,32240.00
2026-02-02T09:38:00.000Z,2026-02-02T09:41:00.000Z,SELL,0.01,2,1,10.00,2,32250.00
2026-02-02T09:41:00.000Z,2026-02-02T09:42:00.000Z,SELL,0.01,1,1,10.00,1,32260.00
2026-02-02T09:42:00.000Z,2026-02-02T09:46:00.000Z,SELL,0.01,2,1,10.00,2,32270.00
2026-02-02T09:46:00.000Z,2026-02-02T09:47:00.000Z,SELL,0.01,1,1,10.00,1,32280.00
2026-02-02T09:47:00.000Z,2026-02-02T09:53:00.000Z,SELL,0.01,3,1,10.00,3,32290.00
2026-02-02T09:53:00.000Z,2026-02-02T10:02:00.000Z,SELL,0.01,3,1,10.00,3,32300.00
2026-02-02T10:02:00.000Z,2026-02-02T10:02:00.000Z,SELL,0.01,1,1,10.00,1,32310.00
2026-02-02T10:02:00.000Z,2026-02-02T10:07:00.000Z,SELL,0.01,2,1,10.00,2,32320.00
2026-02-02T10:07:00.000Z,2026-02-02T10:09:00.000Z,SELL,0.01,2,1,10.00,2,32330.00
2026-02-02T10:09:00.000Z,2026-02-02T10:12:00.000Z,SELL,0.01,1,1,10.00,1,32340.00
2026-02-02T10:12:00.000Z,2026-02-02T10:16:00.000Z,SELL,0.01,1,1,10.00,1,32350.00
2026-02-02T10:16:00.000Z,2026-02-02T10:19:00.000Z,SELL,0.01,2,1,10.00,2,32360.00
2026-02-02T10:19:00.000Z,2026-02-02T10:27:00.000Z,SELL,0.01,1,1,10.00,1,32370.00
2026-02-02T10:27:00.000Z,2026-02-02T10:38:00.000Z,SELL,0.01,3,1,10.00,3,32380.00
2026-02-02T10:38:00.000Z,2026-02-02T10:42:00.000Z,SELL,0.01,2,1,10.00,2,32390.00
2026-02-02T10:42:00.000Z,2026-02-02T10:52:00.000Z,SELL,0.01,1,1,10.00,1,32400.00
2026-02-02T10:52:00.000Z,2026-02-02T11:02:00.000Z,SELL,0.01,1,1,10.00,1,32410.00
2026-02-02T11:02:00.000Z,2026-02-02T11:03:00.000Z,SELL,0.01,1,1,10.00,1,32420.00
2026-02-02T11:03:00.000Z,2026-02-02T11:11:00.000Z,SELL,0.01,2,1,10.00,2,32430.00
2026-02-02T11:11:00.000Z,2026-02-02T11:20:00.000Z,SELL,0.01,1,1,10.00,1,32440.00
2026-02-02T11:20:00.000Z,2026-02-02T11:25:00.000Z,SELL,0.01,2,1,10.00,2,32450.00
2026-02-02T11:25:00.000Z,2026-02-02T11:28:00.000Z,SELL,0.01,2,1,10.00,2,32460.00
2026-02-02T11:28:00.000Z,2026-02-02T11:35:00.000Z,SELL,0.01,1,1,10.00,1,32470.00
2026-02-02T11:35:00.000Z,2026-02-02T11:41:00.000Z,SELL,0.01,2,1,10.00,2,32480.00
2026-02-02T11:41:00.000Z,2026-02-02T11:41:00.000Z,SELL,0.01,1,1,10.00,1,32490.00
2026-02-02T11:41:00.000Z,2026-02-02T11:42:00.000Z,SELL,0.01,1,1,10.00,1,32500.00
2026-02-02T11:42:00.000Z,2026-02-02T11:50:00.000Z,SELL,0.01,2,1,10.00,2,32510.00
2026-02-02T11:50:00.000Z,2026-02-02T11:50:00.000Z,SELL,0.01,1,1,10.00,1,32520.00
2026-02-02T11:50:00.000Z,2026-02-02T12:14:00.000Z,SELL,0.01,5,0,-2420.00,5,30100.00
2026-02-02T12:14:00.000Z,2026-02-02T12:16:00.000Z,SELL,0.01,1,1,10.00,1,30110.00
2026-02-02T12:16:00.000Z,2026-02-02T12:20:00.000Z,SELL,0.01,1,1,10.00,1,30120.00
2026-02-02T12:20:00.000Z,2026-02-02T12:21:00.000Z,SELL,0.01,1,1,10.00,1,30130.00
2026-02-02T12:21:00.000Z,2026-02-02T12:22:00.000Z,SELL,0.01,1,1,10.00,1,30140.00
2026-02-02T12:22:00.000Z,2026-02-02T12:26:00.000Z,SELL,0.01,1,1,10.00,1,30150.00
2026-02-02T12:26:00.000Z,2026-02-02T12:37:00.000Z,SELL,0.01,1,1,10.00,1,30160.00
2026-02-02T12:37:00.000Z,2026-02-02T12:40:00.000Z,SELL,0.01,2,1,10.00,2,30170.00
2026-02-02T12:40:00.000Z,2026-02-02T12:41:00.000Z,SELL,0.01,1,1,10.00,1,30180.00
2026-02-02T12:41:00.000Z,2026-02-02T12:41:00.000Z,SELL,0.01,1,1,10.00,1,30190.00
2026-02-02T12:41:00.000Z,2026-02-02T12:45:00.000Z,SELL,0.01,1,1,10.00,1,30200.00
2026-02-02T12:45:00.000Z,2026-02-02T12:45:00.000Z,SELL,0.01,1,1,10.00,1,30210.00
2026-02-02T12:45:00.000Z,2026-02-02T12:51:00.000Z,SELL,0.01,2,1,10.00,2,30220.00
2026-02-02T12:51:00.000Z,2026-02-02T13:00:00.000Z,SELL,0.01,2,1,10.00,2,30230.00
2026-02-02T13:00:00.000Z,2026-02-02T13:01:00.000Z,SELL,0.01,1,1,10.00,1,30240.00
2026-02-02T13:01:00.000Z,2026-02-02T13:13:00.000Z,SELL,0.01,2,1,10.00,2,30250.00
2026-02-02T13:13:00.000Z,2026-02-02T13:36:00.000Z,SELL,0.01,2,1,10.00,2,30260.00
2026-02-02T13:36:00.000Z,2026-02-02T14:03:00.000Z,SELL,0.01,1,1,10.00,1,30270.00
2026-02-02T14:03:00.000Z,2026-02-02T14:07:00.000Z,SELL,0.01,1,1,10.00,1,30280.00
2026-02-02T14:07:00.000Z,2026-02-02T14:19:00.000Z,SELL,0.01,2,1,10.00,2,30290.00
2026-02-02T14:19:00.000Z,2026-02-02T14:45:00.000Z,SELL,0.01,2,1,10.00,2,30300.00
2026-02-02T14:45:00.000Z,2026-02-02T14:48:00.000Z,SELL,0.01,1,1,10.00,1,30310.00
2026-02-02T14:48:00.000Z,2026-02-02T14:49:00.000Z,SELL,0.01,1,1,10.00,1,30320.00
2026-02-02T14:49:00.000Z,2026-02-02T14:51:00.000Z,SELL,0.01,1,1,10.00,1,30330.00
2026-02-02T14:51:00.000Z,2026-02-02T15:00:00.000Z,SELL,0.01,1,1,10.00,1,30340.00
2026-02-02T15:00:00.000Z,2026-02-02T15:00:00.000Z,SELL,0.01,1,1,10.00,1,30350.00
2026-02-02T15:00:00.000Z,2026-02-02T15:01:00.000Z,SELL,0.01,1,1,10.00,1,30360.00
2026-02-02T15:01:00.000Z,2026-02-02T15:02:00.000Z,SELL,0.01,1,1,10.00,1,30370.00
2026-02-02T15:02:00.000Z,2026-02-02T15:02:00.000Z,SELL,0.01,1,1,10.00,1,30380.00
2026-02-02T15:02:00.000Z,2026-02-02T15:06:00.000Z,SELL,0.01,2,1,10.00,2,30390.00
2026-02-02T15:06:00.000Z,2026-02-02T15:09:00.000Z,SELL,0.01,2,1,10.00,2,30400.00
2026-02-02T15:09:00.000Z,2026-02-02T15:15:00.000Z,SELL,0.01,1,1,10.00,1,30410.00
2026-02-02T15:15:00.000Z,2026-02-02T15:16:00.000Z,SELL,0.01,1,1,10.00,1,30420.00
2026-02-02T15:16:00.000Z,2026-02-02T15:18:00.000Z,SELL,0.01,1,1,10.00,1,30430.00
2026-02-02T15:18:00.000Z,2026-02-02T15:20:00.000Z,SELL,0.01,1,1,10.00,1,30440.00
2026-02-02T15:20:00.000Z,2026-02-02T15:20:00.000Z,SELL,0.01,1,1,10.00,1,30450.00
2026-02-02T15:20:00.000Z,2026-02-02T15:31:00.000Z,SELL,0.01,5,1,10.00,5,30460.00
2026-02-02T15:31:00.000Z,2026-02-02T15:33:00.000Z,SELL,0.01,1,1,10.00,1,30470.00
2026-02-02T15:33:00.000Z,2026-02-02T15:33:00.000Z,SELL,0.01,1,1,10.00,1,30480.00
2026-02-02T15:33:00.000Z,2026-02-02T15:36:00.000Z,SELL,0.01,1,1,10.00,1,30490.00
2026-02-02T15:36:00.000Z,2026-02-02T15:40:00.000Z,SELL,0.01,1,1,10.00,1,30500.00
2026-02-02T15:40:00.000Z,2026-02-02T15:42:00.000Z,SELL,0.01,1,1,10.00,1,30510.00
2026-02-02T15:42:00.000Z,2026-02-02T15:45:00.000Z,SELL,0.01,2,1,10.00,2,30520.00
2026-02-02T15:45:00.000Z,2026-02-02T15:47:00.000Z,SELL,0.01,1,1,10.00,1,30530.00
2026-02-02T15:47:00.000Z,2026-02-02T15:53:00.000Z,SELL,0.01,2,1,10.00,2,30540.00
2026-02-02T15:53:00.000Z,2026-02-02T15:54:00.000Z,SELL,0.01,1,1,10.00,1,30550.00
2026-02-02T15:54:00.000Z,2026-02-02T15:59:00.000Z,SELL,0.01,1,1,10.00,1,30560.00
2026-02-02T15:59:00.000Z,2026-02-02T16:12:00.000Z,SELL,0.01,4,1,10.00,4,30570.00
2026-02-02T16:12:00.000Z,2026-02-02T16:15:00.000Z,SELL,0.01,1,1,10.00,1,30580.00
2026-02-02T16:15:00.000Z,2026-02-02T16:19:00.000Z,SELL,0.01,1,1,10.00,1,30590.00
2026-02-02T16:19:00.000Z,2026-02-02T16:19:00.000Z,SELL,0.01,1,1,10.00,1,30600.00
2026-02-02T16:19:00.000Z,2026-02-02T16:20:00.000Z,SELL,0.01,1,1,10.00,1,30610.00
2026-02-02T16:20:00.000Z,2026-02-02T16:23:00.000Z,SELL,0.01,1,1,10.00,1,30620.00
2026-02-02T16:23:00.000Z,2026-02-02T16:27:00.000Z,SELL,0.01,2,1,10.00,2,30630.00
2026-02-02T16:27:00.000Z,2026-02-02T16:33:00.000Z,SELL,0.01,2,1,10.00,2,30640.00
2026-02-02T16:33:00.000Z,2026-02-02T16:37:00.000Z,SELL,0.01,2,1,10.00,2,30650.00
2026-02-02T16:37:00.000Z,2026-02-02T16:43:00.000Z,SELL,0.01,3,1,10.00,3,30660.00
2026-02-02T16:43:00.000Z,2026-02-02T16:45:00.000Z,SELL,0.01,1,1,10.00,1,30670.00
2026-02-02T16:45:00.000Z,2026-02-02T16:45:00.000Z,SELL,0.01,1,1,10.00,1,30680.00
2026-02-02T16:45:00.000Z,2026-02-02T16:49:00.000Z,SELL,0.01,3,1,10.00,3,30690.00
2026-02-02T16:49:00.000Z,2026-02-02T16:54:00.000Z,SELL,0.01,1,1,10.00,1,30700.00
2026-02-02T16:54:00.000Z,2026-02-02T16:55:00.000Z,SELL,0.01,1,1,10.00,1,30710.00
2026-02-02T16:55:00.000Z,2026-02-02T17:01:00.000Z,SELL,0.01,3,1,10.00,3,30720.00
2026-02-02T17:01:00.000Z,2026-02-02T17:03:00.000Z,SELL,0.01,2,1,10.00,2,30730.00
2026-02-02T17:03:00.000Z,2026-02-02T17:08:00.000Z,SELL,0.01,1,1,10.00,1,30740.00
2026-02-02T17:08:00.000Z,2026-02-02T17:12:00.000Z,SELL,0.01,1,1,10.00,1,30750.00
2026-02-02T17:12:00.000Z,2026-02-02T17:13:00.000Z,SELL,0.01,1,1,10.00,1,30760.00
2026-02-02T17:13:00.000Z,2026-02-02T17:24:00.000Z,SELL,0.01,3,1,10.00,3,30770.00
2026-02-02T17:24:00.000Z,2026-02-02T17:28:00.000Z,SELL,0.01,3,1,10.00,3,30780.00
2026-02-02T17:28:00.000Z,2026-02-02T17:30:00.000Z,SELL,0.01,1,1,10.00,1,30790.00
2026-02-02T17:30:00.000Z,2026-02-02T17:30:00.000Z,SELL,0.01,1,1,10.00,1,30800.00
2026-02-02T17:30:00.000Z,2026-02-02T17:35:00.000Z,SELL,0.01,2,1,10.00,2,30810.00
2026-02-02T17:35:00.000Z,2026-02-02T17:37:00.000Z,SELL,0.01,1,1,10.00,1,30820.00
2026-02-02T17:37:00.000Z,2026-02-02T17:45:00.000Z,SELL,0.01,3,1,10.00,3,30830.00
2026-02-02T17:45:00.000Z,2026-02-02T17:46:00.000Z,SELL,0.01,1,1,10.00,1,30840.00
2026-02-02T17:46:00.000Z,2026-02-02T17:53:00.000Z,SELL,0.01,1,1,10.00,1,30850.00
2026-02-02T17:53:00.000Z,2026-02-02T17:53:00.000Z,SELL,0.01,1,1,10.00,1,30860.00
2026-02-02T17:53:00.000Z,2026-02-02T17:57:00.000Z,SELL,0.01,1,1,10.00,1,30870.00
2026-02-02T17:57:00.000Z,2026-02-02T18:00:00.000Z,SELL,0.01,1,1,10.00,1,30880.00
2026-02-02T18:00:00.000Z,2026-02-02T18:01:00.000Z,SELL,0.01,1,1,10.00,1,30890.00
2026-02-02T18:01:00.000Z,2026-02-02T18:03:00.000Z,SELL,0.01,2,1,10.00,2,30900.00
2026-02-02T18:03:00.000Z,2026-02-02T18:06:00.000Z,SELL,0.01,2,1,10.00,2,30910.00
2026-02-02T18:06:00.000Z,2026-02-02T18:13:00.000Z,SELL,0.01,2,1,10.00,2,30920.00
2026-02-02T18:13:00.000Z,2026-02-02T18:16:00.000Z,SELL,0.01,1,1,10.00,1,30930.00
2026-02-02T18:16:00.000Z,2026-02-02T18:17:00.000Z,SELL,0.01,1,1,10.00,1,30940.00
2026-02-02T18:17:00.000Z,2026-02-02T18:21:00.000Z,SELL,0.01,2,1,10.00,2,30950.00
2026-02-02T18:21:00.000Z,2026-02-02T18:23:00.000Z,SELL,0.01,1,1,10.00,1,30960.00
2026-02-02T18:23:00.000Z,2026-02-02T18:26:00.000Z,SELL,0.01,1,1,10.00,1,30970.00
2026-02-02T18:26:00.000Z,2026-02-02T18:28:00.000Z,SELL,0.01,1,1,10.00,1,30980.00
2026-02-02T18:28:00.000Z,2026-02-02T18:29:00.000Z,SELL,0.01,1,1,10.00,1,30990.00
2026-02-02T18:29:00.000Z,2026-02-02T18:32:00.000Z,SELL,0.01,1,1,10.00,1,31000.00
2026-02-02T18:32:00.000Z,2026-02-02T18:40:00.000Z,SELL,0.01,2,1,10.00,2,31010.00
2026-02-02T18:40:00.000Z,2026-02-02T18:44:00.000Z,SELL,0.01,1,1,10.00,1,31020.00
2026-02-02T18:44:00.000Z,2026-02-02T18:45:00.000Z,SELL,0.01,1,1,10.00,1,31030.00
2026-02-02T18:45:00.000Z,2026-02-02T18:49:00.000Z,SELL,0.01,1,1,10.00,1,31040.00
2026-02-02T18:49:00.000Z,2026-02-02T19:01:00.000Z,SELL,0.01,2,1,10.00,2,31050.00
2026-02-02T19:01:00.000Z,2026-02-02T19:02:00.000Z,SELL,0.01,1,1,10.00,1,31060.00
2026-02-02T19:02:00.000Z,2026-02-02T19:07:00.000Z,SELL,0.01,2,1,10.00,2,31070.00
2026-02-02T19:07:00.000Z,2026-02-02T19:16:00.000Z,SELL,0.01,1,1,10.00,1,31080.00
2026-02-02T19:16:00.000Z,2026-02-02T19:17:00.000Z,SELL,0.01,1,1,10.00,1,31090.00
2026-02-02T19:17:00.000Z,2026-02-02T19:20:00.000Z,SELL,0.01,1,1,10.00,1,31100.00
2026-02-02T19:20:00.000Z,2026-02-02T19:29:00.000Z,SELL,0.01,1,1,10.00,1,31110.00
2026-02-02T19:29:00.000Z,2026-02-02T20:01:00.000Z,SELL,0.01,5,1,10.00,5,31120.00
2026-02-02T20:01:00.000Z,2026-02-02T20:14:00.000Z,SELL,0.01,3,1,10.00,3,31130.00
2026-02-02T20:14:00.000Z,2026-02-02T20:16:00.000Z,SELL,0.01,1,1,10.00,1,31140.00
2026-02-02T20:16:00.000Z,2026-02-02T20:19:00.000Z,SELL,0.01,1,1,10.00,1,31150.00
2026-02-02T20:19:00.000Z,2026-02-02T20:31:00.000Z,SELL,0.01,2,1,10.00,2,31160.00
2026-02-02T20:31:00.000Z,2026-02-02T21:09:00.000Z,SELL,0.01,5,1,10.00,5,31170.00
2026-02-02T21:09:00.000Z,2026-02-02T21:40:00.000Z,SELL,0.01,4,1,10.00,4,31180.00
2026-02-02T21:40:00.000Z,2026-02-02T21:45:00.000Z,SELL,0.01,2,1,10.00,2,31190.00
2026-02-02T21:45:00.000Z,2026-02-02T21:54:00.000Z,SELL,0.01,1,1,10.00,1,31200.00
2026-02-02T21:54:00.000Z,2026-02-02T21:56:00.000Z,SELL,0.01,1,1,10.00,1,31210.00
2026-02-02T21:56:00.000Z,2026-02-02T22:07:00.000Z,SELL,0.01,1,1,10.00,1,31220.00
2026-02-02T22:07:00.000Z,2026-02-02T22:11:00.000Z,SELL,0.01,2,1,10.00,2,31230.00
2026-02-02T22:11:00.000Z,2026-02-02T22:15:00.000Z,SELL,0.01,1,1,10.00,1,31240.00
2026-02-02T22:15:00.000Z,2026-02-02T22:19:00.000Z,SELL,0.01,1,1,10.00,1,31250.00
2026-02-02T22:19:00.000Z,2026-02-02T22:21:00.000Z,SELL,0.01,1,1,10.00,1,31260.00
2026-02-02T22:21:00.000Z,2026-02-02T22:22:00.000Z,SELL,0.01,1,1,10.00,1,31270.00
2026-02-02T22:22:00.000Z,2026-02-02T22:43:00.000Z,SELL,0.01,2,1,10.00,2,31280.00
2026-02-02T22:43:00.000Z,2026-02-02T22:45:00.000Z,SELL,0.01,1,1,10.00,1,31290.00
2026-02-02T22:45:00.000Z,2026-02-02T22:47:00.000Z,SELL,0.01,1,1,10.00,1,31300.00
2026-02-02T22:47:00.000Z,2026-02-02T22:58:00.000Z,SELL,0.01,1,1,10.00,1,31310.00
2026-02-02T22:58:00.000Z,2026-02-02T23:01:00.000Z,SELL,0.01,1,1,10.00,1,31320.00
2026-02-02T23:01:00.000Z,2026-02-02T23:15:00.000Z,SELL,0.01,2,1,10.00,2,31330.00
2026-02-02T23:15:00.000Z,2026-02-02T23:20:00.000Z,SELL,0.01,1,1,10.00,1,31340.00
2026-02-02T23:20:00.000Z,2026-02-02T23:50:00.000Z,SELL,0.01,3,1,10.00,3,31350.00
2026-02-02T23:50:00.000Z,2026-02-03T01:00:00.000Z,SELL,0.01,2,1,10.00,2,31360.00
2026-02-03T01:00:00.000Z,2026-02-03T01:00:00.000Z,SELL,0.01,1,1,10.00,1,31370.00
2026-02-03T01:00:00.000Z,2026-02-03T01:03:00.000Z,SELL,0.01,2,1,10.00,2,31380.00
2026-02-03T01:03:00.000Z,2026-02-03T01:06:00.000Z,SELL,0.01,1,1,10.00,1,31390.00
2026-02-03T01:06:00.000Z,2026-02-03T01:17:00.000Z,SELL,0.01,2,1,10.00,2,31400.00
2026-02-03T01:17:00.000Z,2026-02-03T01:24:00.000Z,SELL,0.01,2,1,10.00,2,31410.00
2026-02-03T01:24:00.000Z,2026-02-03T01:27:00.000Z,SELL,0.01,1,1,10.00,1,31420.00
2026-02-03T01:27:00.000Z,2026-02-03T01:30:00.000Z,SELL,0.01,1,1,10.00,1,31430.00
2026-02-03T01:30:00.000Z,2026-02-03T01:31:00.000Z,SELL,0.01,1,1,10.00,1,31440.00
2026-02-03T01:31:00.000Z,2026-02-03T01:50:00.000Z,SELL,0.01,2,1,10.00,2,31450.00
2026-02-03T01:50:00.000Z,2026-02-03T02:03:00.000Z,SELL,0.01,2,1,10.00,2,31460.00
2026-02-03T02:03:00.000Z,2026-02-03T02:07:00.000Z,SELL,0.01,1,1,10.00,1,31470.00
2026-02-03T02:07:00.000Z,2026-02-03T02:19:00.000Z,SELL,0.01,2,1,10.00,2,31480.00
2026-02-03T02:19:00.000Z,2026-02-03T02:55:00.000Z,SELL,0.01,3,1,10.00,3,31490.00
2026-02-03T02:55:00.000Z,2026-02-03T02:56:00.000Z,SELL,0.01,1,1,10.00,1,31500.00
2026-02-03T02:56:00.000Z,2026-02-03T02:59:00.000Z,SELL,0.01,1,1,10.00,1,31510.00
2026-02-03T02:59:00.000Z,2026-02-03T03:02:00.000Z,SELL,0.01,4,1,10.00,4,31520.00
2026-02-03T03:02:00.000Z,2026-02-03T03:06:00.000Z,SELL,0.01,1,1,10.00,1,31530.00
2026-02-03T03:06:00.000Z,2026-02-03T03:13:00.000Z,SELL,0.01,2,1,10.00,2,31540.00
2026-02-03T03:13:00.000Z,2026-02-03T03:28:00.000Z,SELL,0.01,4,1,10.00,4,31550.00
2026-02-03T03:28:00.000Z,2026-02-03T03:32:00.000Z,SELL,0.01,1,1,10.00,1,31560.00
2026-02-03T03:32:00.000Z,2026-02-03T03:38:00.000Z,SELL,0.01,1,1,10.00,1,31570.00
2026-02-03T03:38:00.000Z,2026-02-03T03:50:00.000Z,SELL,0.01,1,1,10.00,1,31580.00
2026-02-03T03:50:00.000Z,2026-02-03T04:04:00.000Z,SELL,0.01,3,1,10.00,3,31590.00
2026-02-03T04:04:00.000Z,2026-02-03T04:07:00.000Z,SELL,0.01,1,1,10.00,1,31600.00
2026-02-03T04:07:00.000Z,2026-02-03T04:13:00.000Z,SELL,0.01,3,1,10.00,3,31610.00
2026-02-03T04:13:00.000Z,2026-02-03T04:18:00.000Z,SELL,0.01,1,1,10.00,1,31620.00
2026-02-03T04:18:00.000Z,2026-02-03T04:18:00.000Z,SELL,0.01,1,1,10.00,1,31630.00
2026-02-03T04:18:00.000Z,2026-02-03T04:26:00.000Z,SELL,0.01,3,1,10.00,3,31640.00
2026-02-03T04:26:00.000Z,2026-02-03T04:45:00.000Z,SELL,0.01,3,1,10.00,3,31650.00
2026-02-03T04:45:00.000Z,2026-02-03T04:59:00.000Z,SELL,0.01,2,1,10.00,2,31660.00
2026-02-03T04:59:00.000Z,2026-02-03T05:10:00.000Z,SELL,0.01,1,1,10.00,1,31670.00
2026-02-03T05:10:00.000Z,2026-02-03T05:16:00.000Z,SELL,0.01,1,1,10.00,1,31680.00
2026-02-03T05:16:00.000Z,2026-02-03T05:36:00.000Z,SELL,0.01,2,1,10.00,2,31690.00
2026-02-03T05:36:00.000Z,2026-02-03T06:05:00.000Z,SELL,0.01,4,1,10.00,4,31700.00
2026-02-03T06:05:00.000Z,2026-02-03T06:16:00.000Z,SELL,0.01,1,1,10.00,1,31710.00
2026-02-03T06:16:00.000Z,2026-02-03T06:24:00.000Z,SELL,0.01,1,1,10.00,1,31720.00
2026-02-03T06:24:00.000Z,2026-02-03T07:28:00.000Z,SELL,0.01,2,1,10.00,2,31730.00
2026-02-03T07:28:00.000Z,2026-02-03T07:36:00.000Z,SELL,0.01,1,1,10.00,1,31740.00
2026-02-03T07:36:00.000Z,2026-02-03T08:17:00.000Z,SELL,0.01,2,1,10.00,2,31750.00
2026-02-03T08:17:00.000Z,2026-02-03T08:40:00.000Z,SELL,0.01,2,1,10.00,2,31760.00
2026-02-03T08:40:00.000Z,2026-02-03T08:50:00.000Z,SELL,0.01,1,1,10.00,1,31770.00
2026-02-03T08:50:00.000Z,2026-02-03T09:26:00.000Z,SELL,0.01,2,1,10.00,2,31780.00
2026-02-03T09:26:00.000Z,2026-02-03T09:39:00.000Z,SELL,0.01,2,1,10.00,2,31790.00
2026-02-03T09:39:00.000Z,2026-02-03T09:41:00.000Z,SELL,0.01,1,1,10.00,1,31800.00
2026-02-03T09:41:00.000Z,2026-02-03T10:00:00.000Z,SELL,0.01,1,1,10.00,1,31810.00
2026-02-03T10:00:00.000Z,2026-02-03T10:05:00.000Z,SELL,0.01,1,1,10.00,1,31820.00
2026-02-03T10:05:00.000Z,2026-02-03T10:12:00.000Z,SELL,0.01,2,1,10.00,2,31830.00
2026-02-03T10:12:00.000Z,2026-02-03T10:58:00.000Z,SELL,0.01,1,1,10.00,1,31840.00
2026-02-03T10:58:00.000Z,2026-02-03T11:03:00.000Z,SELL,0.01,1,1,10.00,1,31850.00
2026-02-03T11:03:00.000Z,2026-02-03T11:25:00.000Z,SELL,0.01,1,1,10.00,1,31860.00
2026-02-03T11:25:00.000Z,2026-02-03T11:30:00.000Z,SELL,0.01,1,1,10.00,1,31870.00
2026-02-03T11:30:00.000Z,2026-02-03T11:42:00.000Z,SELL,0.01,2,1,10.00,2,31880.00
2026-02-03T11:42:00.000Z,2026-02-03T12:56:00.000Z,SELL,0.01,1,1,10.00,1,31890.00
2026-02-03T12:56:00.000Z,2026-02-03T13:00:00.000Z,SELL,0.01,1,1,10.00,1,31900.00
2026-02-03T13:00:00.000Z,2026-02-03T13:24:00.000Z,SELL,0.01,1,1,10.00,1,31910.00
2026-02-03T13:24:00.000Z,2026-02-03T13:37:00.000Z,SELL,0.01,2,1,10.00,2,31920.00
2026-02-03T13:37:00.000Z,2026-02-03T13:48:00.000Z,SELL,0.01,1,1,10.00,1,31930.00
2026-02-03T13:48:00.000Z,2026-02-03T14:25:00.000Z,SELL,0.01,3,1,10.00,3,31940.00
2026-02-03T14:25:00.000Z,2026-02-03T15:05:00.000Z,SELL,0.01,2,1,10.00,2,31950.00
2026-02-03T15:05:00.000Z,2026-02-03T15:11:00.000Z,SELL,0.01,1,1,10.00,1,31960.00
2026-02-03T15:11:00.000Z,2026-02-03T15:46:00.000Z,SELL,0.01,2,1,10.00,2,31970.00
2026-02-03T15:46:00.000Z,2026-02-03T15:51:00.000Z,SELL,0.01,1,1,10.00,1,31980.00
2026-02-03T15:51:00.000Z,2026-02-03T15:53:00.000Z,SELL,0.01,1,1,10.00,1,31990.00
2026-02-03T15:53:00.000Z,2026-02-03T16:15:00.000Z,SELL,0.01,1,1,10.00,1,32000.00
2026-02-03T16:15:00.000Z,2026-02-03T16:17:00.000Z,SELL,0.01,1,1,10.00,1,32010.00
2026-02-03T16:17:00.000Z,2026-02-03T16:17:00.000Z,SELL,0.01,1,1,10.00,1,32020.00
2026-02-03T16:17:00.000Z,2026-02-03T16:30:00.000Z,SELL,0.01,2,1,10.00,2,32030.00
2026-02-03T16:30:00.000Z,2026-02-03T16:31:00.000Z,SELL,0.01,1,1,10.00,1,32040.00
2026-02-03T16:31:00.000Z,2026-02-03T16:32:00.000Z,SELL,0.01,1,1,10.00,1,32050.00
2026-02-03T16:32:00.000Z,2026-02-03T16:35:00.000Z,SELL,0.01,1,1,10.00,1,32060.00
2026-02-03T16:35:00.000Z,2026-02-03T16:52:00.000Z,SELL,0.01,2,1,10.00,2,32070.00
2026-02-03T16:52:00.000Z,2026-02-03T16:57:00.000Z,SELL,0.01,1,1,10.00,1,32080.00
2026-02-03T16:57:00.000Z,2026-02-03T17:02:00.000Z,SELL,0.01,1,1,10.00,1,32090.00
2026-02-03T17:02:00.000Z,2026-02-03T17:08:00.000Z,SELL,0.01,2,1,10.00,2,32100.00
2026-02-03T17:08:00.000Z,2026-02-03T17:20:00.000Z,SELL,0.01,1,1,10.00,1,32110.00
2026-02-03T17:20:00.000Z,2026-02-03T17:24:00.000Z,SELL,0.01,1,1,10.00,1,32120.00
2026-02-03T17:24:00.000Z,2026-02-03T18:02:00.000Z,SELL,0.01,2,1,10.00,2,32130.00
2026-02-03T18:02:00.000Z,2026-02-03T18:06:00.000Z,SELL,0.01,1,1,10.00,1,32140.00
2026-02-03T18:06:00.000Z,2026-02-03T18:16:00.000Z,SELL,0.01,2,1,10.00,2,32150.00
2026-02-03T18:16:00.000Z,2026-02-03T18:53:00.000Z,SELL,0.01,3,1,10.00,3,32160.00
2026-02-03T18:53:00.000Z,2026-02-03T19:08:00.000Z,SELL,0.01,1,1,10.00,1,32170.00
2026-02-03T19:08:00.000Z,2026-02-03T19:11:00.000Z,SELL,0.01,1,1,10.00,1,32180.00
2026-02-03T19:11:00.000Z,2026-02-03T19:11:00.000Z,SELL,0.01,1,1,10.00,1,32190.00
2026-02-03T19:11:00.000Z,2026-02-03T19:17:00.000Z,SELL,0.01,2,1,10.00,2,32200.00
2026-02-03T19:17:00.000Z,2026-02-03T19:40:00.000Z,SELL,0.01,1,1,10.00,1,32210.00
2026-02-03T19:40:00.000Z,2026-02-03T19:41:00.000Z,SELL,0.01,1,1,10.00,1,32220.00
2026-02-03T19:41:00.000Z,2026-02-03T19:42:00.000Z,SELL,0.01,1,1,10.00,1,32230.00
2026-02-03T19:42:00.000Z,2026-02-03T19:46:00.000Z,SELL,0.01,1,1,10.00,1,32240.00
2026-02-03T19:46:00.000Z,2026-02-03T19:51:00.000Z,SELL,0.01,2,1,10.00,2,32250.00
2026-02-03T19:51:00.000Z,2026-02-03T19:57:00.000Z,SELL,0.01,1,1,10.00,1,32260.00
2026-02-03T19:57:00.000Z,2026-02-03T20:24:00.000Z,SELL,0.01,3,1,10.00,3,32270.00
2026-02-03T20:24:00.000Z,2026-02-03T20:29:00.000Z,SELL,0.01,1,1,10.00,1,32280.00
2026-02-03T20:29:00.000Z,2026-02-03T20:32:00.000Z,SELL,0.01,1,1,10.00,1,32290.00
2026-02-03T20:32:00.000Z,2026-02-03T20:32:00.000Z,SELL,0.01,1,1,10.00,1,32300.00
2026-02-03T20:32:00.000Z,2026-02-03T21:09:00.000Z,SELL,0.01,5,1,10.00,5,32310.00
2026-02-03T21:09:00.000Z,2026-02-03T21:13:00.000Z,SELL,0.01,2,1,10.00,2,32320.00
2026-02-03T21:13:00.000Z,2026-02-03T21:39:00.000Z,SELL,0.01,2,1,10.00,2,32330.00
2026-02-03T21:39:00.000Z,2026-02-03T21:48:00.000Z,SELL,0.01,1,1,10.00,1,32340.00
2026-02-03T21:48:00.000Z,2026-02-03T21:53:00.000Z,SELL,0.01,1,1,10.00,1,32350.00
2026-02-03T21:53:00.000Z,2026-02-03T22:01:00.000Z,SELL,0.01,1,1,10.00,1,32360.00
2026-02-03T22:01:00.000Z,2026-02-03T22:27:00.000Z,SELL,0.01,2,1,10.00,2,32370.00
2026-02-03T22:27:00.000Z,2026-02-04T01:02:00.000Z,SELL,0.01,4,1,10.00,4,32380.00
2026-02-04T01:02:00.000Z,2026-02-04T01:04:00.000Z,SELL,0.01,1,1,10.00,1,32390.00
2026-02-04T01:04:00.000Z,2026-02-04T01:05:00.000Z,SELL,0.01,1,1,10.00,1,32400.00
2026-02-04T01:05:00.000Z,2026-02-04T01:07:00.000Z,SELL,0.01,1,1,10.00,1,32410.00
2026-02-04T01:07:00.000Z,2026-02-04T01:07:00.000Z,SELL,0.01,1,1,10.00,1,32420.00
2026-02-04T01:07:00.000Z,2026-02-04T01:07:00.000Z,SELL,0.01,1,1,10.00,1,32430.00
2026-02-04T01:07:00.000Z,2026-02-04T01:42:00.000Z,SELL,0.01,2,1,10.00,2,32440.00
2026-02-04T01:42:00.000Z,2026-02-04T02:13:00.000Z,SELL,0.01,2,1,10.00,2,32450.00
2026-02-04T02:13:00.000Z,2026-02-04T02:32:00.000Z,SELL,0.01,3,1,10.00,3,32460.00
2026-02-04T02:32:00.000Z,2026-02-04T02:47:00.000Z,SELL,0.01,2,1,10.00,2,32470.00
2026-02-04T02:47:00.000Z,2026-02-04T03:00:00.000Z,SELL,0.01,1,1,10.00,1,32480.00
2026-02-04T03:00:00.000Z,2026-02-04T03:06:00.000Z,SELL,0.01,2,1,10.00,2,32490.00
2026-02-04T03:06:00.000Z,2026-02-04T03:11:00.000Z,SELL,0.01,2,1,10.00,2,32500.00
2026-02-04T03:11:00.000Z,2026-02-04T03:13:00.000Z,SELL,0.01,1,1,10.00,1,32510.00
2026-02-04T03:13:00.000Z,2026-02-04T03:30:00.000Z,SELL,0.01,1,1,10.00,1,32520.00
2026-02-04T03:30:00.000Z,2026-02-04T03:38:00.000Z,SELL,0.01,1,1,10.00,1,32530.00
2026-02-04T03:38:00.000Z,2026-02-04T03:49:00.000Z,SELL,0.01,2,1,10.00,2,32540.00
2026-02-04T03:49:00.000Z,2026-02-04T03:54:00.000Z,SELL,0.01,1,1,10.00,1,32550.00
2026-02-04T03:54:00.000Z,2026-02-04T05:35:00.000Z,SELL,0.01,4,1,10.00,4,32560.00
2026-02-04T05:35:00.000Z,2026-02-04T06:24:00.000Z,SELL,0.01,1,1,10.00,1,32570.00
2026-02-04T06:24:00.000Z,2026-02-04T07:46:00.000Z,SELL,0.01,2,1,10.00,2,32580.00
2026-02-04T07:46:00.000Z,2026-02-04T07:58:00.000Z,SELL,0.01,1,1,10.00,1,32590.00
2026-02-04T07:58:00.000Z,2026-02-04T08:06:00.000Z,SELL,0.01,1,1,10.00,1,32600.00
2026-02-04T08:06:00.000Z,2026-02-04T08:09:00.000Z,SELL,0.01,1,1,10.00,1,32610.00
2026-02-04T08:09:00.000Z,2026-02-04T09:26:00.000Z,SELL,0.01,2,1,10.00,2,32620.00
2026-02-04T09:26:00.000Z,2026-02-04T09:34:00.000Z,SELL,0.01,1,1,10.00,1,32630.00
2026-02-04T09:34:00.000Z,2026-02-04T11:15:00.000Z,SELL,0.01,1,1,10.00,1,32640.00
2026-02-04T11:15:00.000Z,2026-02-04T11:23:00.000Z,SELL,0.01,1,1,10.00,1,32650.00
2026-02-04T11:23:00.000Z,2026-02-04T11:32:00.000Z,SELL,0.01,1,1,10.00,1,32660.00
2026-02-04T11:32:00.000Z,2026-02-04T13:16:00.000Z,SELL,0.01,3,1,10.00,3,32670.00
2026-02-04T13:16:00.000Z,2026-02-04T13:16:00.000Z,SELL,0.01,1,1,10.00,1,32680.00
2026-02-04T13:16:00.000Z,2026-02-04T13:17:00.000Z,SELL,0.01,1,1,10.00,1,32690.00
2026-02-04T13:17:00.000Z,2026-02-04T13:53:00.000Z,SELL,0.01,2,1,10.00,2,32700.00
2026-02-04T13:53:00.000Z,2026-02-04T15:00:00.000Z,SELL,0.01,1,1,10.00,1,32710.00
2026-02-04T15:00:00.000Z,2026-02-04T15:10:00.000Z,SELL,0.01,1,1,10.00,1,32720.00
2026-02-04T15:10:00.000Z,2026-02-04T15:31:00.000Z,SELL,0.01,2,1,10.00,2,32730.00
2026-02-04T15:31:00.000Z,2026-02-04T15:41:00.000Z,SELL,0.01,1,1,10.00,1,32740.00
2026-02-04T15:41:00.000Z,2026-02-04T15:44:00.000Z,SELL,0.01,1,1,10.00,1,32750.00
2026-02-04T15:44:00.000Z,2026-02-04T16:31:00.000Z,SELL,0.01,3,1,10.00,3,32760.00
2026-02-04T16:31:00.000Z,2026-02-04T16:32:00.000Z,SELL,0.01,1,1,10.00,1,32770.00
2026-02-04T16:32:00.000Z,2026-02-04T16:37:00.000Z,SELL,0.01,1,1,10.00,1,32780.00
2026-02-04T16:37:00.000Z,2026-02-04T16:38:00.000Z,SELL,0.01,1,1,10.00,1,32790.00
2026-02-04T16:38:00.000Z,2026-02-04T16:38:00.000Z,SELL,0.01,1,1,10.00,1,32800.00
2026-02-04T16:38:00.000Z,2026-02-04T16:38:00.000Z,SELL,0.01,1,1,10.00,1,32810.00
2026-02-04T16:38:00.000Z,2026-02-04T16:50:00.000Z,SELL,0.01,4,1,10.00,4,32820.00
2026-02-04T16:50:00.000Z,2026-02-04T16:57:00.000Z,SELL,0.01,1,1,10.00,1,32830.00
2026-02-04T16:57:00.000Z,2026-02-04T16:58:00.000Z,SELL,0.01,1,1,10.00,1,32840.00
2026-02-04T16:58:00.000Z,2026-02-04T17:17:00.000Z,SELL,0.01,3,1,10.00,3,32850.00
2026-02-04T17:17:00.000Z,2026-02-04T17:22:00.000Z,SELL,0.01,1,1,10.00,1,32860.00
2026-02-04T17:22:00.000Z,2026-02-04T17:22:00.000Z,SELL,0.01,1,1,10.00,1,32870.00
2026-02-04T17:22:00.000Z,2026-02-04T17:31:00.000Z,SELL,0.01,3,1,10.00,3,32880.00
2026-02-04T17:31:00.000Z,2026-02-04T17:31:00.000Z,SELL,0.01,1,1,10.00,1,32890.00
2026-02-04T17:31:00.000Z,2026-02-04T17:33:00.000Z,SELL,0.01,1,1,10.00,1,32900.00
2026-02-04T17:33:00.000Z,2026-02-04T17:36:00.000Z,SELL,0.01,1,1,10.00,1,32910.00
2026-02-04T17:36:00.000Z,2026-02-04T17:36:00.000Z,SELL,0.01,1,1,10.00,1,32920.00
2026-02-04T17:36:00.000Z,2026-02-04T17:36:00.000Z,SELL,0.01,1,1,10.00,1,32930.00
2026-02-04T17:36:00.000Z,2026-02-04T17:40:00.000Z,SELL,0.01,2,1,10.00,2,32940.00
2026-02-04T17:40:00.000Z,2026-02-04T17:48:00.000Z,SELL,0.01,2,1,10.00,2,32950.00
2026-02-04T17:48:00.000Z,2026-02-04T17:49:00.000Z,SELL,0.01,1,1,10.00,1,32960.00
2026-02-04T17:49:00.000Z,2026-02-04T17:57:00.000Z,SELL,0.01,1,1,10.00,1,32970.00
2026-02-04T17:57:00.000Z,2026-02-04T17:57:00.000Z,SELL,0.01,1,1,10.00,1,32980.00
2026-02-04T17:57:00.000Z,2026-02-04T18:01:00.000Z,SELL,0.01,1,1,10.00,1,32990.00
2026-02-04T18:01:00.000Z,2026-02-04T18:03:00.000Z,SELL,0.01,1,1,10.00,1,33000.00
2026-02-04T18:03:00.000Z,2026-02-04T18:11:00.000Z,SELL,0.01,2,1,10.00,2,33010.00
2026-02-04T18:11:00.000Z,2026-02-04T18:18:00.000Z,SELL,0.01,1,1,10.00,1,33020.00
2026-02-04T18:18:00.000Z,2026-02-04T18:20:00.000Z,SELL,0.01,1,1,10.00,1,33030.00
2026-02-04T18:20:00.000Z,2026-02-04T18:21:00.000Z,SELL,0.01,1,1,10.00,1,33040.00
2026-02-04T18:21:00.000Z,2026-02-04T18:33:00.000Z,SELL,0.01,2,1,10.00,2,33050.00
2026-02-04T18:33:00.000Z,2026-02-04T18:37:00.000Z,SELL,0.01,1,1,10.00,1,33060.00
2026-02-04T18:37:00.000Z,2026-02-04T18:40:00.000Z,SELL,0.01,1,1,10.00,1,33070.00
2026-02-04T18:40:00.000Z,2026-02-04T18:42:00.000Z,SELL,0.01,1,1,10.00,1,33080.00
2026-02-04T18:42:00.000Z,2026-02-04T18:46:00.000Z,SELL,0.01,1,1,10.00,1,33090.00
2026-02-04T18:46:00.000Z,2026-02-04T18:48:00.000Z,SELL,0.01,1,1,10.00,1,33100.00
2026-02-04T18:48:00.000Z,2026-02-04T18:48:00.000Z,SELL,0.01,1,1,10.00,1,33110.00
2026-02-04T18:48:00.000Z,2026-02-04T18:48:00.000Z,SELL,0.01,1,1,10.00,1,33120.00
2026-02-04T18:48:00.000Z,2026-02-04T18:50:00.000Z,SELL,0.01,2,1,10.00,2,33130.00
2026-02-04T18:50:00.000Z,2026-02-04T19:12:00.000Z,SELL,0.01,2,1,10.00,2,33140.00
2026-02-04T19:12:00.000Z,2026-02-04T19:20:00.000Z,SELL,0.01,1,1,10.00,1,33150.00
2026-02-04T19:20:00.000Z,2026-02-04T19:25:00.000Z,SELL,0.01,1,1,10.00,1,33160.00
2026-02-04T19:25:00.000Z,2026-02-04T19:30:00.000Z,SELL,0.01,2,1,10.00,2,33170.00
2026-02-04T19:30:00.000Z,2026-02-04T19:32:00.000Z,SELL,0.01,1,1,10.00,1,33180.00
2026-02-04T19:32:00.000Z,2026-02-04T19:38:00.000Z,SELL,0.01,1,1,10.00,1,33190.00
2026-02-04T19:38:00.000Z,2026-02-04T20:00:00.000Z,SELL,0.01,1,1,10.00,1,33200.00
2026-02-04T20:00:00.000Z,2026-02-04T20:00:00.000Z,SELL,0.01,1,1,10.00,1,33210.00
2026-02-04T20:00:00.000Z,2026-02-04T20:00:00.000Z,SELL,0.01,1,1,10.00,1,33220.00
2026-02-04T20:00:00.000Z,2026-02-04T20:06:00.000Z,SELL,0.01,2,1,10.00,2,33230.00
2026-02-04T20:06:00.000Z,2026-02-04T20:28:00.000Z,SELL,0.01,2,1,10.00,2,33240.00
2026-02-04T20:28:00.000Z,2026-02-04T20:29:00.000Z,SELL,0.01,1,1,10.00,1,33250.00
2026-02-04T20:29:00.000Z,2026-02-04T20:38:00.000Z,SELL,0.01,1,1,10.00,1,33260.00
2026-02-04T20:38:00.000Z,2026-02-04T20:39:00.000Z,SELL,0.01,1,1,10.00,1,33270.00
2026-02-04T20:39:00.000Z,2026-02-04T21:08:00.000Z,SELL,0.01,2,1,10.00,2,33280.00
2026-02-04T21:08:00.000Z,2026-02-04T21:22:00.000Z,SELL,0.01,1,1,10.00,1,33290.00
2026-02-04T21:22:00.000Z,2026-02-04T21:52:00.000Z,SELL,0.01,2,1,10.00,2,33300.00
2026-02-04T21:52:00.000Z,2026-02-04T21:54:00.000Z,SELL,0.01,1,1,10.00,1,33310.00
2026-02-04T21:54:00.000Z,2026-02-04T21:55:00.000Z,SELL,0.01,1,1,10.00,1,33320.00
2026-02-04T21:55:00.000Z,2026-02-04T22:11:00.000Z,SELL,0.01,1,1,10.00,1,33330.00
2026-02-04T22:11:00.000Z,2026-02-04T23:14:00.000Z,SELL,0.01,2,1,10.00,2,33340.00
2026-02-04T23:14:00.000Z,2026-02-05T01:00:00.000Z,SELL,0.01,2,1,10.00,2,33350.00
2026-02-05T01:00:00.000Z,2026-02-05T01:01:00.000Z,SELL,0.01,1,1,10.00,1,33360.00
2026-02-05T01:01:00.000Z,2026-02-05T01:14:00.000Z,SELL,0.01,2,1,10.00,2,33370.00
2026-02-05T01:14:00.000Z,2026-02-05T03:01:00.000Z,SELL,0.01,3,1,10.00,3,33380.00
2026-02-05T03:01:00.000Z,2026-02-05T03:12:00.000Z,SELL,0.01,1,1,10.00,1,33390.00
2026-02-05T03:12:00.000Z,2026-02-05T03:14:00.000Z,SELL,0.01,1,1,10.00,1,33400.00
2026-02-05T03:14:00.000Z,2026-02-05T03:15:00.000Z,SELL,0.01,1,1,10.00,1,33410.00
2026-02-05T03:15:00.000Z,2026-02-05T03:15:00.000Z,SELL,0.01,1,1,10.00,1,33420.00
2026-02-05T03:15:00.000Z,2026-02-05T03:21:00.000Z,SELL,0.01,1,1,10.00,1,33430.00
2026-02-05T03:21:00.000Z,2026-02-05T03:34:00.000Z,SELL,0.01,2,1,10.00,2,33440.00
2026-02-05T03:34:00.000Z,2026-02-05T03:59:00.000Z,SELL,0.01,1,1,10.00,1,33450.00
2026-02-05T03:59:00.000Z,2026-02-05T04:00:00.000Z,SELL,0.01,1,1,10.00,1,33460.00
2026-02-05T04:00:00.000Z,2026-02-05T04:05:00.000Z,SELL,0.01,1,1,10.00,1,33470.00
2026-02-05T04:05:00.000Z,2026-02-05T04:11:00.000Z,SELL,0.01,1,1,10.00,1,33480.00
2026-02-05T04:11:00.000Z,2026-02-05T04:13:00.000Z,SELL,0.01,1,1,10.00,1,33490.00
2026-02-05T04:13:00.000Z,2026-02-05T04:14:00.000Z,SELL,0.01,1,1,10.00,1,33500.00
2026-02-05T04:14:00.000Z,2026-02-05T04:15:00.000Z,SELL,0.01,1,1,10.00,1,33510.00
2026-02-05T04:15:00.000Z,2026-02-05T04:23:00.000Z,SELL,0.01,2,1,10.00,2,33520.00
2026-02-05T04:23:00.000Z,2026-02-05T04:32:00.000Z,SELL,0.01,1,1,10.00,1,33530.00
2026-02-05T04:32:00.000Z,2026-02-05T04:39:00.000Z,SELL,0.01,1,1,10.00,1,33540.00
2026-02-05T04:39:00.000Z,2026-02-05T04:41:00.000Z,SELL,0.01,1,1,10.00,1,33550.00
2026-02-05T04:41:00.000Z,2026-02-05T04:45:00.000Z,SELL,0.01,1,1,10.00,1,33560.00
2026-02-05T04:45:00.000Z,2026-02-05T04:45:00.000Z,SELL,0.01,1,1,10.00,1,33570.00
2026-02-05T04:45:00.000Z,2026-02-05T04:47:00.000Z,SELL,0.01,1,1,10.00,1,33580.00
2026-02-05T04:47:00.000Z,2026-02-05T04:47:00.000Z,SELL,0.01,1,1,10.00,1,33590.00
2026-02-05T04:47:00.000Z,2026-02-05T04:47:00.000Z,SELL,0.01,1,1,10.00,1,33600.00
2026-02-05T04:47:00.000Z,2026-02-05T04:48:00.000Z,SELL,0.01,3,1,10.00,3,33610.00
2026-02-05T04:48:00.000Z,2026-02-05T04:51:00.000Z,SELL,0.01,3,1,10.00,3,33620.00
2026-02-05T04:51:00.000Z,2026-02-05T04:51:00.000Z,SELL,0.01,1,1,10.00,1,33630.00
2026-02-05T04:51:00.000Z,2026-02-05T04:52:00.000Z,SELL,0.01,1,1,10.00,1,33640.00
2026-02-05T04:52:00.000Z,2026-02-05T04:53:00.000Z,SELL,0.01,2,1,10.00,2,33650.00
2026-02-05T04:53:00.000Z,2026-02-05T04:59:00.000Z,SELL,0.01,1,1,10.00,1,33660.00
2026-02-05T04:59:00.000Z,2026-02-05T04:59:00.000Z,SELL,0.01,1,1,10.00,1,33670.00
2026-02-05T04:59:00.000Z,2026-02-05T05:00:00.000Z,SELL,0.01,1,1,10.00,1,33680.00
2026-02-05T05:00:00.000Z,2026-02-05T05:00:00.000Z,SELL,0.01,1,1,10.00,1,33690.00
2026-02-05T05:00:00.000Z,2026-02-05T05:03:00.000Z,SELL,0.01,2,1,10.00,2,33700.00
2026-02-05T05:03:00.000Z,2026-02-05T05:10:00.000Z,SELL,0.01,2,1,10.00,2,33710.00
2026-02-05T05:10:00.000Z,2026-02-05T05:12:00.000Z,SELL,0.01,1,1,10.00,1,33720.00
2026-02-05T05:12:00.000Z,2026-02-05T05:15:00.000Z,SELL,0.01,1,1,10.00,1,33730.00
2026-02-05T05:15:00.000Z,2026-02-05T05:20:00.000Z,SELL,0.01,2,1,10.00,2,33740.00
2026-02-05T05:20:00.000Z,2026-02-05T05:30:00.000Z,SELL,0.01,3,1,10.00,3,33750.00
2026-02-05T05:30:00.000Z,2026-02-05T05:36:00.000Z,SELL,0.01,1,1,10.00,1,33760.00
2026-02-05T05:36:00.000Z,2026-02-05T05:42:00.000Z,SELL,0.01,2,1,10.00,2,33770.00
2026-02-05T05:42:00.000Z,2026-02-05T05:44:00.000Z,SELL,0.01,1,1,10.00,1,33780.00
2026-02-05T05:44:00.000Z,2026-02-05T05:50:00.000Z,SELL,0.01,1,1,10.00,1,33790.00
2026-02-05T05:50:00.000Z,2026-02-05T05:56:00.000Z,SELL,0.01,2,1,10.00,2,33800.00
2026-02-05T05:56:00.000Z,2026-02-05T05:57:00.000Z,SELL,0.01,1,1,10.00,1,33810.00
2026-02-05T05:57:00.000Z,2026-02-05T06:11:00.000Z,SELL,0.01,1,1,10.00,1,33820.00
2026-02-05T06:11:00.000Z,2026-02-05T07:13:00.000Z,SELL,0.01,3,1,10.00,3,33830.00
2026-02-05T07:13:00.000Z,2026-02-05T07:22:00.000Z,SELL,0.01,1,1,10.00,1,33840.00
2026-02-05T07:22:00.000Z,2026-02-05T07:32:00.000Z,SELL,0.01,3,1,10.00,3,33850.00
2026-02-05T07:32:00.000Z,2026-02-05T07:41:00.000Z,SELL,0.01,2,1,10.00,2,33860.00
2026-02-05T07:41:00.000Z,2026-02-05T07:45:00.000Z,SELL,0.01,2,1,10.00,2,33870.00
2026-02-05T07:45:00.000Z,2026-02-05T08:01:00.000Z,SELL,0.01,1,1,10.00,1,33880.00
2026-02-05T08:01:00.000Z,2026-02-05T08:09:00.000Z,SELL,0.01,2,1,10.00,2,33890.00
2026-02-05T08:09:00.000Z,2026-02-05T08:15:00.000Z,SELL,0.01,1,1,10.00,1,33900.00
2026-02-05T08:15:00.000Z,2026-02-05T08:46:00.000Z,SELL,0.01,2,1,10.00,2,33910.00
2026-02-05T08:46:00.000Z,2026-02-05T08:47:00.000Z,SELL,0.01,1,1,10.00,1,33920.00
2026-02-05T08:47:00.000Z,2026-02-05T08:52:00.000Z,SELL,0.01,1,1,10.00,1,33930.00
2026-02-05T08:52:00.000Z,2026-02-05T08:55:00.000Z,SELL,0.01,1,1,10.00,1,33940.00
2026-02-05T08:55:00.000Z,2026-02-05T09:26:00.000Z,SELL,0.01,2,1,10.00,2,33950.00
2026-02-05T09:26:00.000Z,2026-02-05T09:33:00.000Z,SELL,0.01,1,1,10.00,1,33960.00
2026-02-05T09:33:00.000Z,2026-02-05T09:38:00.000Z,SELL,0.01,1,1,10.00,1,33970.00
2026-02-05T09:38:00.000Z,2026-02-05T09:41:00.000Z,SELL,0.01,1,1,10.00,1,33980.00
2026-02-05T09:41:00.000Z,2026-02-05T10:11:00.000Z,SELL,0.01,2,1,10.00,2,33990.00
2026-02-05T10:11:00.000Z,2026-02-05T10:26:00.000Z,SELL,0.01,1,1,10.00,1,34000.00
2026-02-05T10:26:00.000Z,2026-02-05T10:48:00.000Z,SELL,0.01,1,1,10.00,1,34010.00
2026-02-05T10:48:00.000Z,2026-02-05T11:01:00.000Z,SELL,0.01,1,1,10.00,1,34020.00
2026-02-05T11:01:00.000Z,2026-02-05T11:02:00.000Z,SELL,0.01,1,1,10.00,1,34030.00
2026-02-05T11:02:00.000Z,2026-02-05T11:05:00.000Z,SELL,0.01,1,1,10.00,1,34040.00
2026-02-05T11:05:00.000Z,2026-02-05T11:11:00.000Z,SELL,0.01,1,1,10.00,1,34050.00
2026-02-05T11:11:00.000Z,2026-02-05T11:20:00.000Z,SELL,0.01,1,1,10.00,1,34060.00
2026-02-05T11:20:00.000Z,2026-02-05T11:39:00.000Z,SELL,0.01,2,1,10.00,2,34070.00
2026-02-05T11:39:00.000Z,2026-02-05T11:41:00.000Z,SELL,0.01,1,1,10.00,1,34080.00
2026-02-05T11:41:00.000Z,2026-02-05T11:51:00.000Z,SELL,0.01,1,1,10.00,1,34090.00
2026-02-05T11:51:00.000Z,2026-02-05T11:55:00.000Z,SELL,0.01,1,1,10.00,1,34100.00
2026-02-05T11:55:00.000Z,2026-02-05T12:28:00.000Z,SELL,0.01,1,1,10.00,1,34110.00
2026-02-05T12:28:00.000Z,2026-02-05T12:43:00.000Z,SELL,0.01,2,1,10.00,2,34120.00
2026-02-05T12:43:00.000Z,2026-02-05T12:56:00.000Z,SELL,0.01,1,1,10.00,1,34130.00
2026-02-05T12:56:00.000Z,2026-02-05T14:06:00.000Z,SELL,0.01,3,1,10.00,3,34140.00
2026-02-05T14:06:00.000Z,2026-02-05T14:10:00.000Z,SELL,0.01,1,1,10.00,1,34150.00
2026-02-05T14:10:00.000Z,2026-02-05T14:11:00.000Z,SELL,0.01,1,1,10.00,1,34160.00
2026-02-05T14:11:00.000Z,2026-02-05T14:19:00.000Z,SELL,0.01,1,1,10.00,1,34170.00
2026-02-05T14:19:00.000Z,2026-02-05T14:25:00.000Z,SELL,0.01,1,1,10.00,1,34180.00
2026-02-05T14:25:00.000Z,2026-02-05T14:28:00.000Z,SELL,0.01,2,1,10.00,2,34190.00
2026-02-05T14:28:00.000Z,2026-02-05T15:00:00.000Z,SELL,0.01,5,1,10.00,5,34200.00
2026-02-05T15:00:00.000Z,2026-02-05T15:01:00.000Z,SELL,0.01,1,1,10.00,1,34210.00
2026-02-05T15:01:00.000Z,2026-02-05T15:01:00.000Z,SELL,0.01,1,1,10.00,1,34220.00
2026-02-05T15:01:00.000Z,2026-02-05T15:06:00.000Z,SELL,0.01,3,1,10.00,3,34230.00
2026-02-05T15:06:00.000Z,2026-02-05T15:11:00.000Z,SELL,0.01,2,1,10.00,2,34240.00
2026-02-05T15:11:00.000Z,2026-02-05T15:14:00.000Z,SELL,0.01,1,1,10.00,1,34250.00
2026-02-05T15:14:00.000Z,2026-02-05T15:23:00.000Z,SELL,0.01,2,1,10.00,2,34260.00
2026-02-05T15:23:00.000Z,2026-02-05T15:30:00.000Z,SELL,0.01,1,1,10.00,1,34270.00
2026-02-05T15:30:00.000Z,2026-02-05T15:40:00.000Z,SELL,0.01,3,1,10.00,3,34280.00
2026-02-05T15:40:00.000Z,2026-02-05T15:44:00.000Z,SELL,0.01,1,1,10.00,1,34290.00
2026-02-05T15:44:00.000Z,2026-02-05T16:14:00.000Z,SELL,0.01,5,1,10.00,5,34300.00
2026-02-05T16:14:00.000Z,2026-02-05T16:39:00.000Z,SELL,0.01,4,1,10.00,4,34310.00
2026-02-05T16:39:00.000Z,2026-02-05T17:00:00.000Z,SELL,0.01,5,0,-2420.00,5,31890.00
2026-02-05T17:00:00.000Z,2026-02-05T17:00:00.000Z,SELL,0.01,1,1,10.00,1,31900.00
2026-02-05T17:00:00.000Z,2026-02-05T17:00:00.000Z,SELL,0.01,1,1,10.00,1,31910.00
2026-02-05T17:00:00.000Z,2026-02-05T17:01:00.000Z,SELL,0.01,1,1,10.00,1,31920.00
2026-02-05T17:01:00.000Z,2026-02-05T17:05:00.000Z,SELL,0.01,1,1,10.00,1,31930.00
2026-02-05T17:05:00.000Z,2026-02-05T17:09:00.000Z,SELL,0.01,2,1,10.00,2,31940.00
2026-02-05T17:09:00.000Z,2026-02-05T17:10:00.000Z,SELL,0.01,1,1,10.00,1,31950.00
2026-02-05T17:10:00.000Z,2026-02-05T17:12:00.000Z,SELL,0.01,1,1,10.00,1,31960.00
2026-02-05T17:12:00.000Z,2026-02-05T17:27:00.000Z,SELL,0.01,1,1,10.00,1,31970.00
2026-02-05T17:27:00.000Z,2026-02-05T17:32:00.000Z,SELL,0.01,1,1,10.00,1,31980.00
2026-02-05T17:32:00.000Z,2026-02-05T17:47:00.000Z,SELL,0.01,3,1,10.00,3,31990.00
2026-02-05T17:47:00.000Z,2026-02-05T18:06:00.000Z,SELL,0.01,2,1,10.00,2,32000.00
2026-02-05T18:06:00.000Z,2026-02-05T18:13:00.000Z,SELL,0.01,1,1,10.00,1,32010.00
2026-02-05T18:13:00.000Z,2026-02-05T18:24:00.000Z,SELL,0.01,2,1,10.00,2,32020.00
2026-02-05T18:24:00.000Z,2026-02-05T18:49:00.000Z,SELL,0.01,2,1,10.00,2,32030.00
2026-02-05T18:49:00.000Z,2026-02-05T19:04:00.000Z,SELL,0.01,3,1,10.00,3,32040.00
2026-02-05T19:04:00.000Z,2026-02-05T19:23:00.000Z,SELL,0.01,1,1,10.00,1,32050.00
2026-02-05T19:23:00.000Z,2026-02-05T20:16:00.000Z,SELL,0.01,3,1,10.00,3,32060.00
2026-02-05T20:16:00.000Z,2026-02-05T21:30:00.000Z,SELL,0.01,3,1,10.00,3,32070.00
2026-02-05T21:30:00.000Z,2026-02-05T21:33:00.000Z,SELL,0.01,1,1,10.00,1,32080.00
2026-02-05T21:33:00.000Z,2026-02-05T22:00:00.000Z,SELL,0.01,1,1,10.00,1,32090.00
2026-02-05T22:00:00.000Z,2026-02-05T22:23:00.000Z,SELL,0.01,3,1,10.00,3,32100.00
2026-02-05T22:23:00.000Z,2026-02-05T22:54:00.000Z,SELL,0.01,3,1,10.00,3,32110.00
2026-02-05T22:54:00.000Z,2026-02-05T23:33:00.000Z,SELL,0.01,3,1,10.00,3,32120.00
2026-02-05T23:33:00.000Z,2026-02-05T23:34:00.000Z,SELL,0.01,1,1,10.00,1,32130.00
2026-02-05T23:34:00.000Z,2026-02-05T23:34:00.000Z,SELL,0.01,1,1,10.00,1,32140.00
2026-02-05T23:34:00.000Z,2026-02-06T01:01:00.000Z,SELL,0.01,3,1,10.00,3,32150.00
2026-02-06T01:01:00.000Z,2026-02-06T01:28:00.000Z,SELL,0.01,3,1,10.00,3,32160.00
2026-02-06T01:28:00.000Z,2026-02-06T01:38:00.000Z,SELL,0.01,1,1,10.00,1,32170.00
2026-02-06T01:38:00.000Z,2026-02-06T01:46:00.000Z,SELL,0.01,1,1,10.00,1,32180.00
2026-02-06T01:46:00.000Z,2026-02-06T01:49:00.000Z,SELL,0.01,1,1,10.00,1,32190.00
2026-02-06T01:49:00.000Z,2026-02-06T01:52:00.000Z,SELL,0.01,1,1,10.00,1,32200.00
2026-02-06T01:52:00.000Z,2026-02-06T02:02:00.000Z,SELL,0.01,1,1,10.00,1,32210.00
2026-02-06T02:02:00.000Z,2026-02-06T02:04:00.000Z,SELL,0.01,1,1,10.00,1,32220.00
2026-02-06T02:04:00.000Z,2026-02-06T02:15:00.000Z,SELL,0.01,1,1,10.00,1,32230.00
2026-02-06T02:15:00.000Z,2026-02-06T02:16:00.000Z,SELL,0.01,1,1,10.00,1,32240.00
2026-02-06T02:16:00.000Z,2026-02-06T02:17:00.000Z,SELL,0.01,1,1,10.00,1,32250.00
2026-02-06T02:17:00.000Z,2026-02-06T02:23:00.000Z,SELL,0.01,2,1,10.00,2,32260.00
2026-02-06T02:23:00.000Z,2026-02-06T02:27:00.000Z,SELL,0.01,2,1,10.00,2,32270.00
2026-02-06T02:27:00.000Z,2026-02-06T02:37:00.000Z,SELL,0.01,2,1,10.00,2,32280.00
2026-02-06T02:37:00.000Z,2026-02-06T02:38:00.000Z,SELL,0.01,1,1,10.00,1,32290.00
2026-02-06T02:38:00.000Z,2026-02-06T03:01:00.000Z,SELL,0.01,3,1,10.00,3,32300.00
2026-02-06T03:01:00.000Z,2026-02-06T03:02:00.000Z,SELL,0.01,1,1,10.00,1,32310.00
2026-02-06T03:02:00.000Z,2026-02-06T03:02:00.000Z,SELL,0.01,1,1,10.00,1,32320.00
2026-02-06T03:02:00.000Z,2026-02-06T03:02:00.000Z,SELL,0.01,1,1,10.00,1,32330.00
2026-02-06T03:02:00.000Z,2026-02-06T03:03:00.000Z,SELL,0.01,2,1,10.00,2,32340.00
2026-02-06T03:03:00.000Z,2026-02-06T03:07:00.000Z,SELL,0.01,2,1,10.00,2,32350.00
2026-02-06T03:07:00.000Z,2026-02-06T03:08:00.000Z,SELL,0.01,1,1,10.00,1,32360.00
2026-02-06T03:08:00.000Z,2026-02-06T03:09:00.000Z,SELL,0.01,1,1,10.00,1,32370.00
2026-02-06T03:09:00.000Z,2026-02-06T03:17:00.000Z,SELL,0.01,3,1,10.00,3,32380.00
2026-02-06T03:17:00.000Z,2026-02-06T03:19:00.000Z,SELL,0.01,1,1,10.00,1,32390.00
2026-02-06T03:19:00.000Z,2026-02-06T03:34:00.000Z,SELL,0.01,2,1,10.00,2,32400.00
2026-02-06T03:34:00.000Z,2026-02-06T03:39:00.000Z,SELL,0.01,1,1,10.00,1,32410.00
2026-02-06T03:39:00.000Z,2026-02-06T03:54:00.000Z,SELL,0.01,2,1,10.00,2,32420.00
2026-02-06T03:54:00.000Z,2026-02-06T04:10:00.000Z,SELL,0.01,4,1,10.00,4,32430.00
2026-02-06T04:10:00.000Z,2026-02-06T04:14:00.000Z,SELL,0.01,1,1,10.00,1,32440.00
2026-02-06T04:14:00.000Z,2026-02-06T04:28:00.000Z,SELL,0.01,2,1,10.00,2,32450.00
2026-02-06T04:28:00.000Z,2026-02-06T04:42:00.000Z,SELL,0.01,2,1,10.00,2,32460.00
2026-02-06T04:42:00.000Z,2026-02-06T04:43:00.000Z,SELL,0.01,1,1,10.00,1,32470.00
2026-02-06T04:43:00.000Z,2026-02-06T04:43:00.000Z,SELL,0.01,1,1,10.00,1,32480.00
2026-02-06T04:43:00.000Z,2026-02-06T04:51:00.000Z,SELL,0.01,1,1,10.00,1,32490.00
2026-02-06T04:51:00.000Z,2026-02-06T05:24:00.000Z,SELL,0.01,3,1,10.00,3,32500.00
2026-02-06T05:24:00.000Z,2026-02-06T07:23:00.000Z,SELL,0.01,4,1,10.00,4,32510.00
2026-02-06T07:23:00.000Z,2026-02-06T07:40:00.000Z,SELL,0.01,2,1,10.00,2,32520.00
2026-02-06T07:40:00.000Z,2026-02-06T07:57:00.000Z,SELL,0.01,2,1,10.00,2,32530.00
2026-02-06T07:57:00.000Z,2026-02-06T08:04:00.000Z,SELL,0.01,1,1,10.00,1,32540.00
2026-02-06T08:04:00.000Z,2026-02-06T08:08:00.000Z,SELL,0.01,1,1,10.00,1,32550.00
2026-02-06T08:08:00.000Z,2026-02-06T08:17:00.000Z,SELL,0.01,1,1,10.00,1,32560.00
2026-02-06T08:17:00.000Z,2026-02-06T08:26:00.000Z,SELL,0.01,1,1,10.00,1,32570.00
2026-02-06T08:26:00.000Z,2026-02-06T08:35:00.000Z,SELL,0.01,1,1,10.00,1,32580.00
2026-02-06T08:35:00.000Z,2026-02-06T08:56:00.000Z,SELL,0.01,1,1,10.00,1,32590.00
2026-02-06T08:56:00.000Z,2026-02-06T10:20:00.000Z,SELL,0.01,4,1,10.00,4,32600.00
2026-02-06T10:20:00.000Z,2026-02-06T11:03:00.000Z,SELL,0.01,3,1,10.00,3,32610.00
2026-02-06T11:03:00.000Z,2026-02-06T11:07:00.000Z,SELL,0.01,1,1,10.00,1,32620.00
2026-02-06T11:07:00.000Z,2026-02-06T11:35:00.000Z,SELL,0.01,2,1,10.00,2,32630.00
2026-02-06T11:35:00.000Z,2026-02-06T11:38:00.000Z,SELL,0.01,1,1,10.00,1,32640.00
2026-02-06T11:38:00.000Z,2026-02-06T13:23:00.000Z,SELL,0.01,2,1,10.00,2,32650.00
2026-02-06T13:23:00.000Z,2026-02-06T13:34:00.000Z,SELL,0.01,1,1,10.00,1,32660.00
2026-02-06T13:34:00.000Z,2026-02-06T15:00:00.000Z,SELL,0.01,4,1,10.00,4,32670.00
2026-02-06T15:00:00.000Z,2026-02-06T16:25:00.000Z,SELL,0.01,3,1,10.00,3,32680.00
2026-02-06T16:25:00.000Z,2026-02-06T16:37:00.000Z,SELL,0.01,2,1,10.00,2,32690.00
2026-02-06T16:37:00.000Z,2026-02-06T17:06:00.000Z,SELL,0.01,2,1,10.00,2,32700.00
2026-02-06T17:06:00.000Z,2026-02-06T17:12:00.000Z,SELL,0.01,1,1,10.00,1,32710.00
2026-02-06T17:12:00.000Z,2026-02-06T17:20:00.000Z,SELL,0.01,1,1,10.00,1,32720.00
2026-02-06T17:20:00.000Z,2026-02-06T17:45:00.000Z,SELL,0.01,3,1,10.00,3,32730.00
2026-02-06T17:45:00.000Z,2026-02-06T19:10:00.000Z,SELL,0.01,4,1,10.00,4,32740.00
2026-02-06T19:10:00.000Z,2026-02-06T19:36:00.000Z,SELL,0.01,1,1,10.00,1,32750.00
2026-02-06T19:36:00.000Z,2026-02-06T22:36:00.000Z,SELL,0.01,3,1,10.00,3,32760.00
2026-02-06T22:36:00.000Z,2026-02-09T01:00:00.000Z,SELL,0.01,2,1,10.00,2,32770.00
2026-02-09T01:00:00.000Z,2026-02-09T01:18:00.000Z,SELL,0.01,5,0,-2420.00,5,30350.00
2026-02-09T01:18:00.000Z,2026-02-09T01:28:00.000Z,SELL,0.01,2,1,10.00,2,30360.00
2026-02-09T01:28:00.000Z,2026-02-09T03:07:00.000Z,SELL,0.01,5,1,10.00,5,30370.00
2026-02-09T03:07:00.000Z,2026-02-09T03:32:00.000Z,SELL,0.01,3,1,10.00,3,30380.00
2026-02-09T03:32:00.000Z,2026-02-09T03:36:00.000Z,SELL,0.01,1,1,10.00,1,30390.00
2026-02-09T03:36:00.000Z,2026-02-09T03:38:00.000Z,SELL,0.01,1,1,10.00,1,30400.00
2026-02-09T03:38:00.000Z,2026-02-09T03:44:00.000Z,SELL,0.01,2,1,10.00,2,30410.00
2026-02-09T03:44:00.000Z,2026-02-09T03:46:00.000Z,SELL,0.01,1,1,10.00,1,30420.00
2026-02-09T03:46:00.000Z,2026-02-09T03:58:00.000Z,SELL,0.01,1,1,10.00,1,30430.00
2026-02-09T03:58:00.000Z,2026-02-09T04:00:00.000Z,SELL,0.01,1,1,10.00,1,30440.00
2026-02-09T04:00:00.000Z,2026-02-09T04:51:00.000Z,SELL,0.01,2,1,10.00,2,30450.00
2026-02-09T04:51:00.000Z,2026-02-09T07:42:00.000Z,SELL,0.01,4,1,10.00,4,30460.00
2026-02-09T07:42:00.000Z,2026-02-09T07:45:00.000Z,SELL,0.01,1,1,10.00,1,30470.00
2026-02-09T07:45:00.000Z,2026-02-09T08:22:00.000Z,SELL,0.01,1,1,10.00,1,30480.00
2026-02-09T08:22:00.000Z,2026-02-09T09:22:00.000Z,SELL,0.01,3,1,10.00,3,30490.00
2026-02-09T09:22:00.000Z,2026-02-09T11:03:00.000Z,SELL,0.01,2,1,10.00,2,30500.00
2026-02-09T11:03:00.000Z,2026-02-09T11:08:00.000Z,SELL,0.01,1,1,10.00,1,30510.00
2026-02-09T11:08:00.000Z,2026-02-09T11:27:00.000Z,SELL,0.01,1,1,10.00,1,30520.00
2026-02-09T11:27:00.000Z,2026-02-09T11:54:00.000Z,SELL,0.01,1,1,10.00,1,30530.00
2026-02-09T11:54:00.000Z,2026-02-09T12:27:00.000Z,SELL,0.01,1,1,10.00,1,30540.00
2026-02-09T12:27:00.000Z,2026-02-09T12:30:00.000Z,SELL,0.01,1,1,10.00,1,30550.00
2026-02-09T12:30:00.000Z,2026-02-09T13:54:00.000Z,SELL,0.01,2,1,10.00,2,30560.00
2026-02-09T13:54:00.000Z,2026-02-09T15:29:00.000Z,SELL,0.01,1,1,10.00,1,30570.00
2026-02-09T15:29:00.000Z,2026-02-09T15:43:00.000Z,SELL,0.01,1,1,10.00,1,30580.00
2026-02-09T15:43:00.000Z,2026-02-09T16:30:00.000Z,SELL,0.01,2,1,10.00,2,30590.00
2026-02-09T16:30:00.000Z,2026-02-09T17:34:00.000Z,SELL,0.01,2,1,10.00,2,30600.00
2026-02-09T17:34:00.000Z,2026-02-09T19:58:00.000Z,SELL,0.01,3,1,10.00,3,30610.00
2026-02-09T19:58:00.000Z,2026-02-09T21:30:00.000Z,SELL,0.01,2,1,10.00,2,30620.00
2026-02-09T21:30:00.000Z,2026-02-09T23:14:00.000Z,SELL,0.01,1,1,10.00,1,30630.00
2026-02-09T23:14:00.000Z,2026-02-09T23:28:00.000Z,SELL,0.01,1,1,10.00,1,30640.00
2026-02-09T23:28:00.000Z,2026-02-10T01:09:00.000Z,SELL,0.01,3,1,10.00,3,30650.00
2026-02-10T01:09:00.000Z,2026-02-10T01:10:00.000Z,SELL,0.01,1,1,10.00,1,30660.00
2026-02-10T01:10:00.000Z,2026-02-10T01:10:00.000Z,SELL,0.01,1,1,10.00,1,30670.00
2026-02-10T01:10:00.000Z,2026-02-10T01:10:00.000Z,SELL,0.01,1,1,10.00,1,30680.00
2026-02-10T01:10:00.000Z,2026-02-10T01:12:00.000Z,SELL,0.01,1,1,10.00,1,30690.00
2026-02-10T01:12:00.000Z,2026-02-10T01:12:00.000Z,SELL,0.01,1,1,10.00,1,30700.00
2026-02-10T01:12:00.000Z,2026-02-10T01:13:00.000Z,SELL,0.01,2,1,10.00,2,30710.00
2026-02-10T01:13:00.000Z,2026-02-10T01:14:00.000Z,SELL,0.01,1,1,10.00,1,30720.00
2026-02-10T01:14:00.000Z,2026-02-10T01:23:00.000Z,SELL,0.01,1,1,10.00,1,30730.00
2026-02-10T01:23:00.000Z,2026-02-10T01:43:00.000Z,SELL,0.01,2,1,10.00,2,30740.00
2026-02-10T01:43:00.000Z,2026-02-10T02:35:00.000Z,SELL,0.01,1,1,10.00,1,30750.00
2026-02-10T02:35:00.000Z,2026-02-10T02:47:00.000Z,SELL,0.01,1,1,10.00,1,30760.00
2026-02-10T02:47:00.000Z,2026-02-10T04:07:00.000Z,SELL,0.01,2,1,10.00,2,30770.00
2026-02-10T04:07:00.000Z,2026-02-10T05:05:00.000Z,SELL,0.01,1,1,10.00,1,30780.00
2026-02-10T05:05:00.000Z,2026-02-10T05:15:00.000Z,SELL,0.01,1,1,10.00,1,30790.00
2026-02-10T05:15:00.000Z,2026-02-10T07:27:00.000Z,SELL,0.01,1,1,10.00,1,30800.00
2026-02-10T07:27:00.000Z,2026-02-10T08:06:00.000Z,SELL,0.01,2,1,10.00,2,30810.00
2026-02-10T08:06:00.000Z,2026-02-10T08:26:00.000Z,SELL,0.01,1,1,10.00,1,30820.00
2026-02-10T08:26:00.000Z,2026-02-10T08:53:00.000Z,SELL,0.01,1,1,10.00,1,30830.00
2026-02-10T08:53:00.000Z,2026-02-10T10:45:00.000Z,SELL,0.01,2,1,10.00,2,30840.00
2026-02-10T10:45:00.000Z,2026-02-10T10:56:00.000Z,SELL,0.01,1,1,10.00,1,30850.00
2026-02-10T10:56:00.000Z,2026-02-10T14:44:00.000Z,SELL,0.01,3,1,10.00,3,30860.00
2026-02-10T14:44:00.000Z,2026-02-10T14:53:00.000Z,SELL,0.01,1,1,10.00,1,30870.00
2026-02-10T14:53:00.000Z,2026-02-10T15:32:00.000Z,SELL,0.01,2,1,10.00,2,30880.00
2026-02-10T15:32:00.000Z,2026-02-10T16:47:00.000Z,SELL,0.01,3,1,10.00,3,30890.00
2026-02-10T16:47:00.000Z,2026-02-10T16:48:00.000Z,SELL,0.01,1,1,10.00,1,30900.00
2026-02-10T16:48:00.000Z,2026-02-10T17:37:00.000Z,SELL,0.01,1,1,10.00,1,30910.00
2026-02-10T17:37:00.000Z,2026-02-10T17:38:00.000Z,SELL,0.01,1,1,10.00,1,30920.00
2026-02-10T17:38:00.000Z,2026-02-10T17:38:00.000Z,SELL,0.01,1,1,10.00,1,30930.00
2026-02-10T17:38:00.000Z,2026-02-10T17:55:00.000Z,SELL,0.01,2,1,10.00,2,30940.00
2026-02-10T17:55:00.000Z,2026-02-10T17:59:00.000Z,SELL,0.01,1,1,10.00,1,30950.00
2026-02-10T17:59:00.000Z,2026-02-10T18:07:00.000Z,SELL,0.01,1,1,10.00,1,30960.00
2026-02-10T18:07:00.000Z,2026-02-10T19:29:00.000Z,SELL,0.01,2,1,10.00,2,30970.00
2026-02-10T19:29:00.000Z,2026-02-10T19:53:00.000Z,SELL,0.01,1,1,10.00,1,30980.00
2026-02-10T19:53:00.000Z,2026-02-10T20:06:00.000Z,SELL,0.01,1,1,10.00,1,30990.00
2026-02-10T20:06:00.000Z,2026-02-10T20:24:00.000Z,SELL,0.01,1,1,10.00,1,31000.00
2026-02-10T20:24:00.000Z,2026-02-10T22:48:00.000Z,SELL,0.01,2,1,10.00,2,31010.00
2026-02-10T22:48:00.000Z,2026-02-10T23:03:00.000Z,SELL,0.01,1,1,10.00,1,31020.00
2026-02-10T23:03:00.000Z,2026-02-11T05:23:00.000Z,SELL,0.01,2,1,10.00,2,31030.00
2026-02-11T05:23:00.000Z,2026-02-11T06:52:00.000Z,SELL,0.01,1,1,10.00,1,31040.00
2026-02-11T06:52:00.000Z,2026-02-11T12:40:00.000Z,SELL,0.01,4,1,10.00,4,31050.00
2026-02-11T12:40:00.000Z,2026-02-11T13:29:00.000Z,SELL,0.01,2,1,10.00,2,31060.00
2026-02-11T13:29:00.000Z,2026-02-11T14:17:00.000Z,SELL,0.01,1,1,10.00,1,31070.00
2026-02-11T14:17:00.000Z,2026-02-11T14:20:00.000Z,SELL,0.01,1,1,10.00,1,31080.00
2026-02-11T14:20:00.000Z,2026-02-11T14:41:00.000Z,SELL,0.01,1,1,10.00,1,31090.00
2026-02-11T14:41:00.000Z,2026-02-11T14:41:00.000Z,SELL,0.01,1,1,10.00,1,31100.00
2026-02-11T14:41:00.000Z,2026-02-11T14:41:00.000Z,SELL,0.01,1,1,10.00,1,31110.00
2026-02-11T14:41:00.000Z,2026-02-11T15:01:00.000Z,SELL,0.01,2,1,10.00,2,31120.00
2026-02-11T15:01:00.000Z,2026-02-11T15:13:00.000Z,SELL,0.01,1,1,10.00,1,31130.00
2026-02-11T15:13:00.000Z,2026-02-11T15:18:00.000Z,SELL,0.01,1,1,10.00,1,31140.00
2026-02-11T15:18:00.000Z,2026-02-11T15:30:00.000Z,SELL,0.01,3,1,10.00,3,31150.00
2026-02-11T15:30:00.000Z,2026-02-11T15:30:00.000Z,SELL,0.01,1,1,10.00,1,31160.00
2026-02-11T15:30:00.000Z,2026-02-11T15:30:00.000Z,SELL,0.01,1,1,10.00,1,31170.00
2026-02-11T15:30:00.000Z,2026-02-11T15:30:00.000Z,SELL,0.01,1,1,10.00,1,31180.00
2026-02-11T15:30:00.000Z,2026-02-11T15:37:00.000Z,SELL,0.01,2,1,10.00,2,31190.00
2026-02-11T15:37:00.000Z,2026-02-11T16:39:00.000Z,SELL,0.01,3,1,10.00,3,31200.00
2026-02-11T16:39:00.000Z,2026-02-11T17:05:00.000Z,SELL,0.01,2,1,10.00,2,31210.00
2026-02-11T17:05:00.000Z,2026-02-11T17:16:00.000Z,SELL,0.01,1,1,10.00,1,31220.00
2026-02-11T17:16:00.000Z,2026-02-11T17:24:00.000Z,SELL,0.01,1,1,10.00,1,31230.00
2026-02-11T17:24:00.000Z,2026-02-11T17:28:00.000Z,SELL,0.01,1,1,10.00,1,31240.00
2026-02-11T17:28:00.000Z,2026-02-11T18:34:00.000Z,SELL,0.01,4,1,10.00,4,31250.00
2026-02-11T18:34:00.000Z,2026-02-12T01:00:00.000Z,SELL,0.01,5,0,-2420.00,5,28830.00
2026-02-12T01:00:00.000Z,2026-02-12T01:06:00.000Z,SELL,0.01,1,1,10.00,1,28840.00
2026-02-12T01:06:00.000Z,2026-02-12T01:10:00.000Z,SELL,0.01,1,1,10.00,1,28850.00
2026-02-12T01:10:00.000Z,2026-02-12T01:11:00.000Z,SELL,0.01,1,1,10.00,1,28860.00
2026-02-12T01:11:00.000Z,2026-02-12T02:12:00.000Z,SELL,0.01,1,1,10.00,1,28870.00
2026-02-12T02:12:00.000Z,2026-02-12T10:07:00.000Z,SELL,0.01,5,0,-2420.00,5,26450.00
2026-02-12T10:07:00.000Z,2026-02-12T10:25:00.000Z,SELL,0.01,1,1,10.00,1,26460.00
2026-02-12T10:25:00.000Z,2026-02-12T14:52:00.000Z,SELL,0.01,1,1,10.00,1,26470.00
2026-02-12T14:52:00.000Z,2026-02-12T15:56:00.000Z,SELL,0.01,2,1,10.00,2,26480.00
2026-02-12T15:56:00.000Z,2026-02-12T16:03:00.000Z,SELL,0.01,1,1,10.00,1,26490.00
2026-02-12T16:03:00.000Z,2026-02-12T16:14:00.000Z,SELL,0.01,1,1,10.00,1,26500.00
2026-02-12T16:14:00.000Z,2026-02-12T16:52:00.000Z,SELL,0.01,1,1,10.00,1,26510.00
2026-02-12T16:52:00.000Z,2026-02-12T16:56:00.000Z,SELL,0.01,1,1,10.00,1,26520.00
2026-02-12T16:56:00.000Z,2026-02-12T17:30:00.000Z,SELL,0.01,2,1,10.00,2,26530.00
2026-02-12T17:30:00.000Z,2026-02-12T17:59:00.000Z,SELL,0.01,1,1,10.00,1,26540.00
2026-02-12T17:59:00.000Z,2026-02-12T18:09:00.000Z,SELL,0.01,1,1,10.00,1,26550.00
2026-02-12T18:09:00.000Z,2026-02-12T18:10:00.000Z,SELL,0.01,1,1,10.00,1,26560.00
2026-02-12T18:10:00.000Z,2026-02-12T18:11:00.000Z,SELL,0.01,1,1,10.00,1,26570.00
2026-02-12T18:11:00.000Z,2026-02-12T18:11:00.000Z,SELL,0.01,1,1,10.00,1,26580.00
2026-02-12T18:11:00.000Z,2026-02-12T18:12:00.000Z,SELL,0.01,1,1,10.00,1,26590.00
2026-02-12T18:12:00.000Z,2026-02-12T18:13:00.000Z,SELL,0.01,1,1,10.00,1,26600.00
2026-02-12T18:13:00.000Z,2026-02-12T18:13:00.000Z,SELL,0.01,1,1,10.00,1,26610.00
2026-02-12T18:13:00.000Z,2026-02-12T18:14:00.000Z,SELL,0.01,1,1,10.00,1,26620.00
2026-02-12T18:14:00.000Z,2026-02-12T18:14:00.000Z,SELL,0.01,1,1,10.00,1,26630.00
2026-02-12T18:14:00.000Z,2026-02-12T18:14:00.000Z,SELL,0.01,1,1,10.00,1,26640.00
2026-02-12T18:14:00.000Z,2026-02-12T18:15:00.000Z,SELL,0.01,1,1,10.00,1,26650.00
2026-02-12T18:15:00.000Z,2026-02-12T18:17:00.000Z,SELL,0.01,1,1,10.00,1,26660.00
2026-02-12T18:17:00.000Z,2026-02-12T18:17:00.000Z,SELL,0.01,1,1,10.00,1,26670.00
2026-02-12T18:17:00.000Z,2026-02-12T18:18:00.000Z,SELL,0.01,1,1,10.00,1,26680.00
2026-02-12T18:18:00.000Z,2026-02-12T18:26:00.000Z,SELL,0.01,3,1,10.00,3,26690.00
2026-02-12T18:26:00.000Z,2026-02-12T18:26:00.000Z,SELL,0.01,1,1,10.00,1,26700.00
2026-02-12T18:26:00.000Z,2026-02-12T18:28:00.000Z,SELL,0.01,1,1,10.00,1,26710.00
2026-02-12T18:28:00.000Z,2026-02-12T18:30:00.000Z,SELL,0.01,2,1,10.00,2,26720.00
2026-02-12T18:30:00.000Z,2026-02-12T18:35:00.000Z,SELL,0.01,2,1,10.00,2,26730.00
2026-02-12T18:35:00.000Z,2026-02-12T18:36:00.000Z,SELL,0.01,1,1,10.00,1,26740.00
2026-02-12T18:36:00.000Z,2026-02-12T18:41:00.000Z,SELL,0.01,2,1,10.00,2,26750.00
2026-02-12T18:41:00.000Z,2026-02-12T18:42:00.000Z,SELL,0.01,1,1,10.00,1,26760.00
2026-02-12T18:42:00.000Z,2026-02-12T18:46:00.000Z,SELL,0.01,1,1,10.00,1,26770.00
2026-02-12T18:46:00.000Z,2026-02-12T18:47:00.000Z,SELL,0.01,1,1,10.00,1,26780.00
2026-02-12T18:47:00.000Z,2026-02-12T19:07:00.000Z,SELL,0.01,4,1,10.00,4,26790.00
2026-02-12T19:07:00.000Z,2026-02-12T19:08:00.000Z,SELL,0.01,1,1,10.00,1,26800.00
2026-02-12T19:08:00.000Z,2026-02-12T19:54:00.000Z,SELL,0.01,3,1,10.00,3,26810.00
2026-02-12T19:54:00.000Z,2026-02-12T20:00:00.000Z,SELL,0.01,1,1,10.00,1,26820.00
2026-02-12T20:00:00.000Z,2026-02-12T20:08:00.000Z,SELL,0.01,1,1,10.00,1,26830.00
2026-02-12T20:08:00.000Z,2026-02-12T20:18:00.000Z,SELL,0.01,1,1,10.00,1,26840.00
2026-02-12T20:18:00.000Z,2026-02-12T20:43:00.000Z,SELL,0.01,2,1,10.00,2,26850.00
2026-02-12T20:43:00.000Z,2026-02-12T20:59:00.000Z,SELL,0.01,1,1,10.00,1,26860.00
2026-02-12T20:59:00.000Z,2026-02-12T22:28:00.000Z,SELL,0.01,3,1,10.00,3,26870.00
2026-02-12T22:28:00.000Z,2026-02-12T22:30:00.000Z,SELL,0.01,1,1,10.00,1,26880.00
2026-02-12T22:30:00.000Z,2026-02-13T01:00:00.000Z,SELL,0.01,1,1,10.00,1,26890.00
2026-02-13T01:00:00.000Z,2026-02-13T01:00:00.000Z,SELL,0.01,1,1,10.00,1,26900.00
2026-02-13T01:00:00.000Z,2026-02-13T01:18:00.000Z,SELL,0.01,2,1,10.00,2,26910.00
2026-02-13T01:18:00.000Z,2026-02-13T01:30:00.000Z,SELL,0.01,1,1,10.00,1,26920.00
2026-02-13T01:30:00.000Z,2026-02-13T02:08:00.000Z,SELL,0.01,2,1,10.00,2,26930.00
2026-02-13T02:08:00.000Z,2026-02-13T02:42:00.000Z,SELL,0.01,1,1,10.00,1,26940.00
2026-02-13T02:42:00.000Z,2026-02-13T03:09:00.000Z,SELL,0.01,2,1,10.00,2,26950.00
2026-02-13T03:09:00.000Z,2026-02-13T06:16:00.000Z,SELL,0.01,2,1,10.00,2,26960.00
2026-02-13T06:16:00.000Z,2026-02-13T06:35:00.000Z,SELL,0.01,1,1,10.00,1,26970.00
2026-02-13T06:35:00.000Z,2026-02-13T07:18:00.000Z,SELL,0.01,1,1,10.00,1,26980.00
2026-02-13T07:18:00.000Z,2026-02-13T07:43:00.000Z,SELL,0.01,1,1,10.00,1,26990.00
2026-02-13T07:43:00.000Z,2026-02-13T07:55:00.000Z,SELL,0.01,1,1,10.00,1,27000.00
2026-02-13T07:55:00.000Z,2026-02-13T09:39:00.000Z,SELL,0.01,2,1,10.00,2,27010.00
2026-02-13T09:39:00.000Z,2026-02-13T09:42:00.000Z,SELL,0.01,1,1,10.00,1,27020.00
2026-02-13T09:42:00.000Z,2026-02-13T11:30:00.000Z,SELL,0.01,1,1,10.00,1,27030.00
2026-02-13T11:30:00.000Z,2026-02-13T12:58:00.000Z,SELL,0.01,1,1,10.00,1,27040.00
2026-02-13T12:58:00.000Z,2026-02-13T13:24:00.000Z,SELL,0.01,1,1,10.00,1,27050.00
2026-02-13T13:24:00.000Z,2026-02-13T14:21:00.000Z,SELL,0.01,2,1,10.00,2,27060.00
2026-02-13T14:21:00.000Z,2026-02-13T15:20:00.000Z,SELL,0.01,1,1,10.00,1,27070.00
2026-02-13T15:20:00.000Z,2026-02-13T15:30:00.000Z,SELL,0.01,2,1,10.00,2,27080.00
2026-02-13T15:30:00.000Z,2026-02-13T15:45:00.000Z,SELL,0.01,1,1,10.00,1,27090.00
2026-02-13T15:45:00.000Z,2026-02-13T16:33:00.000Z,SELL,0.01,2,1,10.00,2,27100.00
2026-02-13T16:33:00.000Z,2026-02-13T16:37:00.000Z,SELL,0.01,1,1,10.00,1,27110.00
2026-02-13T16:37:00.000Z,2026-02-13T16:39:00.000Z,SELL,0.01,1,1,10.00,1,27120.00
2026-02-13T16:39:00.000Z,2026-02-13T16:40:00.000Z,SELL,0.01,1,1,10.00,1,27130.00
2026-02-13T16:40:00.000Z,2026-02-13T16:41:00.000Z,SELL,0.01,1,1,10.00,1,27140.00
2026-02-13T16:41:00.000Z,2026-02-13T16:46:00.000Z,SELL,0.01,2,1,10.00,2,27150.00
2026-02-13T16:46:00.000Z,2026-02-13T16:50:00.000Z,SELL,0.01,1,1,10.00,1,27160.00
2026-02-13T16:50:00.000Z,2026-02-13T17:36:00.000Z,SELL,0.01,2,1,10.00,2,27170.00
2026-02-13T17:36:00.000Z,2026-02-13T17:38:00.000Z,SELL,0.01,1,1,10.00,1,27180.00
2026-02-13T17:38:00.000Z,2026-02-13T17:47:00.000Z,SELL,0.01,1,1,10.00,1,27190.00
2026-02-13T17:47:00.000Z,2026-02-13T17:53:00.000Z,SELL,0.01,1,1,10.00,1,27200.00
2026-02-13T17:53:00.000Z,2026-02-13T17:57:00.000Z,SELL,0.01,1,1,10.00,1,27210.00
2026-02-13T17:57:00.000Z,2026-02-13T18:20:00.000Z,SELL,0.01,2,1,10.00,2,27220.00
2026-02-13T18:20:00.000Z,2026-02-13T21:06:00.000Z,SELL,0.01,4,1,10.00,4,27230.00
2026-02-13T21:06:00.000Z,2026-02-13T21:59:00.000Z,SELL,0.01,1,1,10.00,1,27240.00
2026-02-13T21:59:00.000Z,2026-02-16T01:02:00.000Z,SELL,0.01,1,1,10.00,1,27250.00
2026-02-16T01:02:00.000Z,2026-02-16T02:03:00.000Z,SELL,0.01,1,1,10.00,1,27260.00
2026-02-16T02:03:00.000Z,2026-02-16T04:45:00.000Z,SELL,0.01,3,1,10.00,3,27270.00
2026-02-16T04:45:00.000Z,2026-02-16T05:49:00.000Z,SELL,0.01,1,1,10.00,1,27280.00
2026-02-16T05:49:00.000Z,2026-02-16T05:49:00.000Z,SELL,0.01,1,1,10.00,1,27290.00
2026-02-16T05:49:00.000Z,2026-02-16T07:03:00.000Z,SELL,0.01,1,1,10.00,1,27300.00
2026-02-16T07:03:00.000Z,2026-02-16T08:39:00.000Z,SELL,0.01,2,1,10.00,2,27310.00
2026-02-16T08:39:00.000Z,2026-02-16T16:43:00.000Z,SELL,0.01,3,1,10.00,3,27320.00
2026-02-16T16:43:00.000Z,2026-02-16T17:03:00.000Z,SELL,0.01,1,1,10.00,1,27330.00
2026-02-16T17:03:00.000Z,2026-02-17T02:52:00.000Z,SELL,0.01,3,1,10.00,3,27340.00
2026-02-17T02:52:00.000Z,2026-02-17T02:52:00.000Z,SELL,0.01,1,1,10.00,1,27350.00
2026-02-17T02:52:00.000Z,2026-02-17T02:57:00.000Z,SELL,0.01,1,1,10.00,1,27360.00
2026-02-17T02:57:00.000Z,2026-02-17T02:58:00.000Z,SELL,0.01,1,1,10.00,1,27370.00
2026-02-17T02:58:00.000Z,2026-02-17T03:03:00.000Z,SELL,0.01,1,1,10.00,1,27380.00
2026-02-17T03:03:00.000Z,2026-02-17T03:26:00.000Z,SELL,0.01,2,1,10.00,2,27390.00
2026-02-17T03:26:00.000Z,2026-02-17T07:06:00.000Z,SELL,0.01,1,1,10.00,1,27400.00
2026-02-17T07:06:00.000Z,2026-02-17T07:14:00.000Z,SELL,0.01,1,1,10.00,1,27410.00
2026-02-17T07:14:00.000Z,2026-02-17T07:15:00.000Z,SELL,0.01,1,1,10.00,1,27420.00
2026-02-17T07:15:00.000Z,2026-02-17T07:16:00.000Z,SELL,0.01,1,1,10.00,1,27430.00
2026-02-17T07:16:00.000Z,2026-02-17T07:17:00.000Z,SELL,0.01,1,1,10.00,1,27440.00
2026-02-17T07:17:00.000Z,2026-02-17T07:22:00.000Z,SELL,0.01,1,1,10.00,1,27450.00
2026-02-17T07:22:00.000Z,2026-02-17T07:31:00.000Z,SELL,0.01,1,1,10.00,1,27460.00
2026-02-17T07:31:00.000Z,2026-02-17T07:32:00.000Z,SELL,0.01,1,1,10.00,1,27470.00
2026-02-17T07:32:00.000Z,2026-02-17T07:32:00.000Z,SELL,0.01,1,1,10.00,1,27480.00
2026-02-17T07:32:00.000Z,2026-02-17T07:52:00.000Z,SELL,0.01,2,1,10.00,2,27490.00
2026-02-17T07:52:00.000Z,2026-02-17T10:01:00.000Z,SELL,0.01,2,1,10.00,2,27500.00
2026-02-17T10:01:00.000Z,2026-02-17T12:51:00.000Z,SELL,0.01,1,1,10.00,1,27510.00
2026-02-17T12:51:00.000Z,2026-02-17T14:15:00.000Z,SELL,0.01,2,1,10.00,2,27520.00
2026-02-17T14:15:00.000Z,2026-02-17T14:55:00.000Z,SELL,0.01,1,1,10.00,1,27530.00
2026-02-17T14:55:00.000Z,2026-02-17T15:11:00.000Z,SELL,0.01,1,1,10.00,1,27540.00
2026-02-17T15:11:00.000Z,2026-02-17T15:20:00.000Z,SELL,0.01,1,1,10.00,1,27550.00
2026-02-17T15:20:00.000Z,2026-02-17T15:56:00.000Z,SELL,0.01,1,1,10.00,1,27560.00
2026-02-17T15:56:00.000Z,2026-02-17T15:57:00.000Z,SELL,0.01,1,1,10.00,1,27570.00
2026-02-17T15:57:00.000Z,2026-02-17T15:58:00.000Z,SELL,0.01,1,1,10.00,1,27580.00
2026-02-17T15:58:00.000Z,2026-02-17T15:58:00.000Z,SELL,0.01,1,1,10.00,1,27590.00
2026-02-17T15:58:00.000Z,2026-02-17T16:01:00.000Z,SELL,0.01,1,1,10.00,1,27600.00
2026-02-17T16:01:00.000Z,2026-02-17T16:01:00.000Z,SELL,0.01,1,1,10.00,1,27610.00
2026-02-17T16:01:00.000Z,2026-02-17T16:05:00.000Z,SELL,0.01,2,1,10.00,2,27620.00
2026-02-17T16:05:00.000Z,2026-02-17T16:44:00.000Z,SELL,0.01,3,1,10.00,3,27630.00
2026-02-17T16:44:00.000Z,2026-02-17T16:50:00.000Z,SELL,0.01,1,1,10.00,1,27640.00
2026-02-17T16:50:00.000Z,2026-02-17T17:00:00.000Z,SELL,0.01,3,1,10.00,3,27650.00
2026-02-17T17:00:00.000Z,2026-02-17T17:58:00.000Z,SELL,0.01,2,1,10.00,2,27660.00
2026-02-17T17:58:00.000Z,2026-02-17T18:57:00.000Z,SELL,0.01,1,1,10.00,1,27670.00
2026-02-17T18:57:00.000Z,2026-02-17T19:00:00.000Z,SELL,0.01,1,1,10.00,1,27680.00
2026-02-17T19:00:00.000Z,2026-02-17T20:25:00.000Z,SELL,0.01,2,1,10.00,2,27690.00
2026-02-17T20:25:00.000Z,2026-02-17T21:31:00.000Z,SELL,0.01,3,1,10.00,3,27700.00
2026-02-17T21:31:00.000Z,2026-02-18T01:01:00.000Z,SELL,0.01,1,1,10.00,1,27710.00
2026-02-18T01:01:00.000Z,2026-02-18T01:53:00.000Z,SELL,0.01,1,1,10.00,1,27720.00
2026-02-18T01:53:00.000Z,2026-02-18T03:03:00.000Z,SELL,0.01,2,1,10.00,2,27730.00
2026-02-18T03:03:00.000Z,2026-02-18T05:21:00.000Z,SELL,0.01,2,1,10.00,2,27740.00
2026-02-18T05:21:00.000Z,2026-02-18T13:45:00.000Z,SELL,0.01,3,1,10.00,3,27750.00
2026-02-18T13:45:00.000Z,2026-02-18T14:57:00.000Z,SELL,0.01,2,1,10.00,2,27760.00
2026-02-18T14:57:00.000Z,2026-02-18T15:37:00.000Z,SELL,0.01,2,1,10.00,2,27770.00
2026-02-18T15:37:00.000Z,2026-02-18T15:40:00.000Z,SELL,0.01,1,1,10.00,1,27780.00
2026-02-18T15:40:00.000Z,2026-02-18T16:46:00.000Z,SELL,0.01,2,1,10.00,2,27790.00
2026-02-18T16:46:00.000Z,2026-02-18T21:27:00.000Z,SELL,0.01,3,1,10.00,3,27800.00
2026-02-18T21:27:00.000Z,2026-02-19T01:01:00.000Z,SELL,0.01,1,1,10.00,1,27810.00
2026-02-19T01:01:00.000Z,2026-02-19T01:01:00.000Z,SELL,0.01,1,1,10.00,1,27820.00
2026-02-19T01:01:00.000Z,2026-02-19T01:33:00.000Z,SELL,0.01,2,1,10.00,2,27830.00
2026-02-19T01:33:00.000Z,2026-02-19T01:45:00.000Z,SELL,0.01,1,1,10.00,1,27840.00
2026-02-19T01:45:00.000Z,2026-02-19T02:01:00.000Z,SELL,0.01,1,1,10.00,1,27850.00
2026-02-19T02:01:00.000Z,2026-02-19T07:45:00.000Z,SELL,0.01,2,1,10.00,2,27860.00
2026-02-19T07:45:00.000Z,2026-02-19T12:09:00.000Z,SELL,0.01,3,1,10.00,3,27870.00
2026-02-19T12:09:00.000Z,2026-02-19T15:02:00.000Z,SELL,0.01,1,1,10.00,1,27880.00
2026-02-19T15:02:00.000Z,2026-02-19T16:34:00.000Z,SELL,0.01,3,1,10.00,3,27890.00
2026-02-19T16:34:00.000Z,2026-02-19T16:48:00.000Z,SELL,0.01,2,1,10.00,2,27900.00
2026-02-19T16:48:00.000Z,2026-02-19T19:53:00.000Z,SELL,0.01,3,1,10.00,3,27910.00
2026-02-19T19:53:00.000Z,2026-02-19T20:44:00.000Z,SELL,0.01,1,1,10.00,1,27920.00
2026-02-19T20:44:00.000Z,2026-02-20T01:08:00.000Z,SELL,0.01,2,1,10.00,2,27930.00
2026-02-20T01:08:00.000Z,2026-02-20T01:17:00.000Z,SELL,0.01,1,1,10.00,1,27940.00
2026-02-20T01:17:00.000Z,2026-02-20T05:42:00.000Z,SELL,0.01,1,1,10.00,1,27950.00
2026-02-20T05:42:00.000Z,2026-02-20T08:01:00.000Z,SELL,0.01,2,1,10.00,2,27960.00
2026-02-20T08:01:00.000Z,2026-02-20T15:51:00.000Z,SELL,0.01,4,1,10.00,4,27970.00
2026-02-20T15:51:00.000Z,2026-02-20T17:03:00.000Z,SELL,0.01,1,1,10.00,1,27980.00
2026-02-20T17:03:00.000Z,2026-02-20T17:03:00.000Z,SELL,0.01,1,1,10.00,1,27990.00
2026-02-20T17:03:00.000Z,2026-02-20T17:05:00.000Z,SELL,0.01,1,1,10.00,1,28000.00
2026-02-20T17:05:00.000Z,2026-02-20T17:06:00.000Z,SELL,0.01,1,1,10.00,1,28010.00
2026-02-20T17:06:00.000Z,2026-02-20T17:06:00.000Z,SELL,0.01,1,1,10.00,1,28020.00
2026-02-20T17:06:00.000Z,2026-02-20T17:08:00.000Z,SELL,0.01,2,1,10.00,2,28030.00
2026-02-20T17:08:00.000Z,2026-02-20T17:10:00.000Z,SELL,0.01,1,1,10.00,1,28040.00
2026-02-20T17:10:00.000Z,2026-02-20T17:18:00.000Z,SELL,0.01,2,1,10.00,2,28050.00
2026-02-20T17:18:00.000Z,2026-02-20T17:21:00.000Z,SELL,0.01,1,1,10.00,1,28060.00
2026-02-20T17:21:00.000Z,2026-02-20T17:24:00.000Z,SELL,0.01,1,1,10.00,1,28070.00
2026-02-20T17:24:00.000Z,2026-02-20T17:27:00.000Z,SELL,0.01,1,1,10.00,1,28080.00
2026-02-20T17:27:00.000Z,2026-02-20T17:43:00.000Z,SELL,0.01,2,1,10.00,2,28090.00
2026-02-20T17:43:00.000Z,2026-02-20T19:13:00.000Z,SELL,0.01,2,1,10.00,2,28100.00
2026-02-20T19:13:00.000Z,2026-02-20T19:18:00.000Z,SELL,0.01,1,1,10.00,1,28110.00
2026-02-20T19:18:00.000Z,2026-02-20T22:57:00.000Z,SELL,0.01,2,1,10.00,2,28120.00
2026-02-20T22:57:00.000Z,2026-02-23T01:06:00.000Z,SELL,0.01,2,1,10.00,2,28130.00
2026-02-23T01:06:00.000Z,2026-02-23T01:40:00.000Z,SELL,0.01,2,1,10.00,2,28140.00
2026-02-23T01:40:00.000Z,2026-02-23T02:01:00.000Z,SELL,0.01,1,1,10.00,1,28150.00
2026-02-23T02:01:00.000Z,2026-02-23T02:15:00.000Z,SELL,0.01,1,1,10.00,1,28160.00
2026-02-23T02:15:00.000Z,2026-02-23T03:40:00.000Z,SELL,0.01,2,1,10.00,2,28170.00
2026-02-23T03:40:00.000Z,2026-02-23T05:12:00.000Z,SELL,0.01,1,1,10.00,1,28180.00
2026-02-23T05:12:00.000Z,2026-02-23T09:00:00.000Z,SELL,0.01,1,1,10.00,1,28190.00
2026-02-23T09:00:00.000Z,2026-02-23T09:26:00.000Z,SELL,0.01,1,1,10.00,1,28200.00
2026-02-23T09:26:00.000Z,2026-02-23T12:55:00.000Z,SELL,0.01,2,1,10.00,2,28210.00
2026-02-23T12:55:00.000Z,2026-02-23T13:15:00.000Z,SELL,0.01,1,1,10.00,1,28220.00
2026-02-23T13:15:00.000Z,2026-02-23T16:37:00.000Z,SELL,0.01,2,1,10.00,2,28230.00
2026-02-23T16:37:00.000Z,2026-02-23T18:18:00.000Z,SELL,0.01,4,1,10.00,4,28240.00
2026-02-23T18:18:00.000Z,2026-02-23T19:14:00.000Z,SELL,0.01,1,1,10.00,1,28250.00
2026-02-23T19:14:00.000Z,2026-02-23T22:52:00.000Z,SELL,0.01,2,1,10.00,2,28260.00
2026-02-23T22:52:00.000Z,2026-02-24T02:01:00.000Z,SELL,0.01,1,1,10.00,1,28270.00
2026-02-24T02:01:00.000Z,2026-02-24T03:00:00.000Z,SELL,0.01,1,1,10.00,1,28280.00
2026-02-24T03:00:00.000Z,2026-02-24T03:06:00.000Z,SELL,0.01,1,1,10.00,1,28290.00
2026-02-24T03:06:00.000Z,2026-02-24T03:13:00.000Z,SELL,0.01,1,1,10.00,1,28300.00
2026-02-24T03:13:00.000Z,2026-02-24T03:15:00.000Z,SELL,0.01,1,1,10.00,1,28310.00
2026-02-24T03:15:00.000Z,2026-02-24T03:15:00.000Z,SELL,0.01,1,1,10.00,1,28320.00
2026-02-24T03:15:00.000Z,2026-02-24T03:15:00.000Z,SELL,0.01,1,1,10.00,1,28330.00
2026-02-24T03:15:00.000Z,2026-02-24T03:16:00.000Z,SELL,0.01,1,1,10.00,1,28340.00
2026-02-24T03:16:00.000Z,2026-02-24T03:46:00.000Z,SELL,0.01,4,1,10.00,4,28350.00
2026-02-24T03:46:00.000Z,2026-02-24T03:53:00.000Z,SELL,0.01,1,1,10.00,1,28360.00
2026-02-24T03:53:00.000Z,2026-02-24T08:35:00.000Z,SELL,0.01,3,1,10.00,3,28370.00
2026-02-24T08:35:00.000Z,2026-02-24T14:19:00.000Z,SELL,0.01,3,1,10.00,3,28380.00
2026-02-24T14:19:00.000Z,2026-02-24T15:39:00.000Z,SELL,0.01,1,1,10.00,1,28390.00
2026-02-24T15:39:00.000Z,2026-02-24T15:49:00.000Z,SELL,0.01,1,1,10.00,1,28400.00
2026-02-24T15:49:00.000Z,2026-02-24T15:59:00.000Z,SELL,0.01,1,1,10.00,1,28410.00
2026-02-24T15:59:00.000Z,2026-02-24T16:13:00.000Z,SELL,0.01,1,1,10.00,1,28420.00
2026-02-24T16:13:00.000Z,2026-02-24T16:13:00.000Z,SELL,0.01,1,1,10.00,1,28430.00
2026-02-24T16:13:00.000Z,2026-02-24T16:36:00.000Z,SELL,0.01,2,1,10.00,2,28440.00
2026-02-24T16:36:00.000Z,2026-02-24T19:11:00.000Z,SELL,0.01,2,1,10.00,2,28450.00
2026-02-24T19:11:00.000Z,2026-02-24T21:22:00.000Z,SELL,0.01,1,1,10.00,1,28460.00
2026-02-24T21:22:00.000Z,2026-02-25T01:01:00.000Z,SELL,0.01,3,1,10.00,3,28470.00
2026-02-25T01:01:00.000Z,2026-02-25T01:01:00.000Z,SELL,0.01,1,1,10.00,1,28480.00
2026-02-25T01:01:00.000Z,2026-02-25T03:03:00.000Z,SELL,0.01,2,1,10.00,2,28490.00
2026-02-25T03:03:00.000Z,2026-02-25T03:22:00.000Z,SELL,0.01,2,1,10.00,2,28500.00
2026-02-25T03:22:00.000Z,2026-02-25T03:58:00.000Z,SELL,0.01,1,1,10.00,1,28510.00
2026-02-25T03:58:00.000Z,2026-02-25T07:49:00.000Z,SELL,0.01,2,1,10.00,2,28520.00
2026-02-25T07:49:00.000Z,2026-02-25T08:02:00.000Z,SELL,0.01,1,1,10.00,1,28530.00
2026-02-25T08:02:00.000Z,2026-02-25T08:08:00.000Z,SELL,0.01,1,1,10.00,1,28540.00
2026-02-25T08:08:00.000Z,2026-02-25T12:20:00.000Z,SELL,0.01,1,1,10.00,1,28550.00
2026-02-25T12:20:00.000Z,2026-02-25T13:10:00.000Z,SELL,0.01,1,1,10.00,1,28560.00
2026-02-25T13:10:00.000Z,2026-02-25T17:02:00.000Z,SELL,0.01,4,1,10.00,4,28570.00
2026-02-25T17:02:00.000Z,2026-02-25T17:24:00.000Z,SELL,0.01,1,1,10.00,1,28580.00
2026-02-25T17:24:00.000Z,2026-02-25T17:28:00.000Z,SELL,0.01,1,1,10.00,1,28590.00
2026-02-25T17:28:00.000Z,2026-02-25T18:24:00.000Z,SELL,0.01,2,1,10.00,2,28600.00
2026-02-25T18:24:00.000Z,2026-02-25T21:09:00.000Z,SELL,0.01,1,1,10.00,1,28610.00
2026-02-25T21:09:00.000Z,2026-02-25T22:16:00.000Z,SELL,0.01,1,1,10.00,1,28620.00
2026-02-25T22:16:00.000Z,2026-02-25T22:45:00.000Z,SELL,0.01,1,1,10.00,1,28630.00
2026-02-25T22:45:00.000Z,2026-02-25T22:57:00.000Z,SELL,0.01,1,1,10.00,1,28640.00
2026-02-25T22:57:00.000Z,2026-02-25T22:58:00.000Z,SELL,0.01,1,1,10.00,1,28650.00
2026-02-25T22:58:00.000Z,2026-02-26T02:28:00.000Z,SELL,0.01,2,1,10.00,2,28660.00
2026-02-26T02:28:00.000Z,2026-02-26T10:33:00.000Z,SELL,0.01,3,1,10.00,3,28670.00
2026-02-26T10:33:00.000Z,2026-02-26T13:54:00.000Z,SELL,0.01,1,1,10.00,1,28680.00
2026-02-26T13:54:00.000Z,2026-02-26T16:30:00.000Z,SELL,0.01,3,1,10.00,3,28690.00
2026-02-26T16:30:00.000Z,2026-02-26T16:30:00.000Z,SELL,0.01,1,1,10.00,1,28700.00
2026-02-26T16:30:00.000Z,2026-02-26T16:36:00.000Z,SELL,0.01,2,1,10.00,2,28710.00
2026-02-26T16:36:00.000Z,2026-02-26T16:40:00.000Z,SELL,0.01,1,1,10.00,1,28720.00
2026-02-26T16:40:00.000Z,2026-02-26T17:18:00.000Z,SELL,0.01,1,1,10.00,1,28730.00
2026-02-26T17:18:00.000Z,2026-02-26T17:27:00.000Z,SELL,0.01,1,1,10.00,1,28740.00
2026-02-26T17:27:00.000Z,2026-02-26T17:27:00.000Z,SELL,0.01,1,1,10.00,1,28750.00
2026-02-26T17:27:00.000Z,2026-02-26T17:35:00.000Z,SELL,0.01,2,1,10.00,2,28760.00
2026-02-26T17:35:00.000Z,2026-02-26T17:53:00.000Z,SELL,0.01,2,1,10.00,2,28770.00
2026-02-26T17:53:00.000Z,2026-02-26T18:00:00.000Z,SELL,0.01,1,1,10.00,1,28780.00
2026-02-26T18:00:00.000Z,2026-02-26T19:49:00.000Z,SELL,0.01,1,1,10.00,1,28790.00
2026-02-26T19:49:00.000Z,2026-02-26T20:35:00.000Z,SELL,0.01,1,1,10.00,1,28800.00
2026-02-26T20:35:00.000Z,2026-02-27T03:40:00.000Z,SELL,0.01,2,1,10.00,2,28810.00
2026-02-27T03:40:00.000Z,2026-02-27T04:36:00.000Z,SELL,0.01,1,1,10.00,1,28820.00
2026-02-27T04:36:00.000Z,2026-02-27T12:12:00.000Z,SELL,0.01,1,1,10.00,1,28830.00
2026-02-27T12:12:00.000Z,2026-02-27T15:07:00.000Z,SELL,0.01,2,1,10.00,2,28840.00
2026-02-27T15:07:00.000Z,2026-02-27T15:23:00.000Z,SELL,0.01,2,1,10.00,2,28850.00
2026-02-27T15:23:00.000Z,2026-02-27T15:35:00.000Z,SELL,0.01,1,1,10.00,1,28860.00
2026-02-27T15:35:00.000Z,2026-02-27T15:41:00.000Z,SELL,0.01,1,1,10.00,1,28870.00
2026-02-27T15:41:00.000Z,2026-02-27T17:15:00.000Z,SELL,0.01,2,1,10.00,2,28880.00
2026-02-27T17:15:00.000Z,2026-02-27T17:16:00.000Z,SELL,0.01,1,1,10.00,1,28890.00
2026-02-27T17:16:00.000Z,2026-02-27T17:22:00.000Z,SELL,0.01,1,1,10.00,1,28900.00
2026-02-27T17:22:00.000Z,2026-02-27T18:11:00.000Z,SELL,0.01,2,1,10.00,2,28910.00
2026-02-27T18:11:00.000Z,2026-02-27T18:22:00.000Z,SELL,0.01,1,1,10.00,1,28920.00
2026-02-27T18:22:00.000Z,2026-02-27T18:24:00.000Z,SELL,0.01,1,1,10.00,1,28930.00
2026-02-27T18:24:00.000Z,2026-02-27T22:21:00.000Z,SELL,0.01,2,1,10.00,2,28940.00
2026-02-27T22:21:00.000Z,2026-03-02T01:00:00.000Z,SELL,0.01,2,1,10.00,2,28950.00
2026-03-02T01:00:00.000Z,2026-03-02T01:00:00.000Z,SELL,0.01,2,1,10.00,2,28960.00
2026-03-02T01:00:00.000Z,2026-03-02T01:00:00.000Z,SELL,0.01,2,1,10.00,2,28970.00
2026-03-02T01:00:00.000Z,2026-03-02T01:00:00.000Z,SELL,0.01,1,1,10.00,1,28980.00
2026-03-02T01:00:00.000Z,2026-03-02T01:00:00.000Z,SELL,0.01,1,1,10.00,1,28990.00
2026-03-02T01:00:00.000Z,2026-03-02T01:00:00.000Z,SELL,0.01,1,1,10.00,1,29000.00
2026-03-02T01:00:00.000Z,2026-03-02T01:01:00.000Z,SELL,0.01,1,1,10.00,1,29010.00
2026-03-02T01:01:00.000Z,2026-03-02T01:02:00.000Z,SELL,0.01,2,1,10.00,2,29020.00
2026-03-02T01:02:00.000Z,2026-03-02T01:05:00.000Z,SELL,0.01,2,1,10.00,2,29030.00
2026-03-02T01:05:00.000Z,2026-03-02T01:06:00.000Z,SELL,0.01,1,1,10.00,1,29040.00
2026-03-02T01:06:00.000Z,2026-03-02T01:06:00.000Z,SELL,0.01,1,1,10.00,1,29050.00
2026-03-02T01:06:00.000Z,2026-03-02T01:06:00.000Z,SELL,0.01,1,1,10.00,1,29060.00
2026-03-02T01:06:00.000Z,2026-03-02T01:07:00.000Z,SELL,0.01,1,1,10.00,1,29070.00
2026-03-02T01:07:00.000Z,2026-03-02T01:09:00.000Z,SELL,0.01,2,1,10.00,2,29080.00
2026-03-02T01:09:00.000Z,2026-03-02T01:11:00.000Z,SELL,0.01,1,1,10.00,1,29090.00
2026-03-02T01:11:00.000Z,2026-03-02T01:38:00.000Z,SELL,0.01,2,1,10.00,2,29100.00
2026-03-02T01:38:00.000Z,2026-03-02T02:09:00.000Z,SELL,0.01,1,1,10.00,1,29110.00
2026-03-02T02:09:00.000Z,2026-03-02T02:20:00.000Z,SELL,0.01,1,1,10.00,1,29120.00
2026-03-02T02:20:00.000Z,2026-03-02T02:53:00.000Z,SELL,0.01,1,1,10.00,1,29130.00
2026-03-02T02:53:00.000Z,2026-03-02T03:00:00.000Z,SELL,0.01,1,1,10.00,1,29140.00
2026-03-02T03:00:00.000Z,2026-03-02T03:01:00.000Z,SELL,0.01,1,1,10.00,1,29150.00
2026-03-02T03:01:00.000Z,2026-03-02T03:29:00.000Z,SELL,0.01,3,1,10.00,3,29160.00
2026-03-02T03:29:00.000Z,2026-03-02T03:29:00.000Z,SELL,0.01,1,1,10.00,1,29170.00
2026-03-02T03:29:00.000Z,2026-03-02T03:40:00.000Z,SELL,0.01,2,1,10.00,2,29180.00
2026-03-02T03:40:00.000Z,2026-03-02T03:58:00.000Z,SELL,0.01,1,1,10.00,1,29190.00
2026-03-02T03:58:00.000Z,2026-03-02T05:04:00.000Z,SELL,0.01,2,1,10.00,2,29200.00
2026-03-02T05:04:00.000Z,2026-03-02T07:16:00.000Z,SELL,0.01,1,1,10.00,1,29210.00
2026-03-02T07:16:00.000Z,2026-03-02T08:07:00.000Z,SELL,0.01,2,1,10.00,2,29220.00
2026-03-02T08:07:00.000Z,2026-03-02T09:12:00.000Z,SELL,0.01,2,1,10.00,2,29230.00
2026-03-02T09:12:00.000Z,2026-03-02T10:55:00.000Z,SELL,0.01,1,1,10.00,1,29240.00
2026-03-02T10:55:00.000Z,2026-03-02T12:02:00.000Z,SELL,0.01,1,1,10.00,1,29250.00
2026-03-02T12:02:00.000Z,2026-03-02T15:31:00.000Z,SELL,0.01,4,1,10.00,4,29260.00
2026-03-02T15:31:00.000Z,2026-03-02T15:33:00.000Z,SELL,0.01,1,1,10.00,1,29270.00
2026-03-02T15:33:00.000Z,2026-03-02T15:43:00.000Z,SELL,0.01,1,1,10.00,1,29280.00
2026-03-02T15:43:00.000Z,2026-03-02T16:01:00.000Z,SELL,0.01,1,1,10.00,1,29290.00
2026-03-02T16:01:00.000Z,2026-03-02T16:09:00.000Z,SELL,0.01,1,1,10.00,1,29300.00
2026-03-02T16:09:00.000Z,2026-03-02T16:18:00.000Z,SELL,0.01,1,1,10.00,1,29310.00
2026-03-02T16:18:00.000Z,2026-03-02T16:22:00.000Z,SELL,0.01,1,1,10.00,1,29320.00
2026-03-02T16:22:00.000Z,2026-03-02T16:25:00.000Z,SELL,0.01,1,1,10.00,1,29330.00
2026-03-02T16:25:00.000Z,2026-03-02T16:25:00.000Z,SELL,0.01,1,1,10.00,1,29340.00
2026-03-02T16:25:00.000Z,2026-03-02T16:26:00.000Z,SELL,0.01,1,1,10.00,1,29350.00
2026-03-02T16:26:00.000Z,2026-03-02T16:26:00.000Z,SELL,0.01,1,1,10.00,1,29360.00
2026-03-02T16:26:00.000Z,2026-03-02T16:37:00.000Z,SELL,0.01,4,1,10.00,4,29370.00
2026-03-02T16:37:00.000Z,2026-03-02T16:52:00.000Z,SELL,0.01,1,1,10.00,1,29380.00
2026-03-02T16:52:00.000Z,2026-03-02T16:52:00.000Z,SELL,0.01,1,1,10.00,1,29390.00
2026-03-02T16:52:00.000Z,2026-03-02T17:58:00.000Z,SELL,0.01,5,1,10.00,5,29400.00
2026-03-02T17:58:00.000Z,2026-03-02T18:00:00.000Z,SELL,0.01,1,1,10.00,1,29410.00
2026-03-02T18:00:00.000Z,2026-03-02T18:00:00.000Z,SELL,0.01,1,1,10.00,1,29420.00
2026-03-02T18:00:00.000Z,2026-03-02T18:01:00.000Z,SELL,0.01,1,1,10.00,1,29430.00
2026-03-02T18:01:00.000Z,2026-03-02T18:01:00.000Z,SELL,0.01,1,1,10.00,1,29440.00
2026-03-02T18:01:00.000Z,2026-03-02T18:13:00.000Z,SELL,0.01,2,1,10.00,2,29450.00
2026-03-02T18:13:00.000Z,2026-03-02T18:17:00.000Z,SELL,0.01,1,1,10.00,1,29460.00
2026-03-02T18:17:00.000Z,2026-03-02T19:07:00.000Z,SELL,0.01,5,0,-2420.00,5,27040.00
2026-03-02T19:07:00.000Z,2026-03-02T19:11:00.000Z,SELL,0.01,1,1,10.00,1,27050.00
2026-03-02T19:11:00.000Z,2026-03-02T21:09:00.000Z,SELL,0.01,4,1,10.00,4,27060.00
2026-03-02T21:09:00.000Z,2026-03-02T21:16:00.000Z,SELL,0.01,1,1,10.00,1,27070.00
2026-03-02T21:16:00.000Z,2026-03-03T02:14:00.000Z,SELL,0.01,2,1,10.00,2,27080.00
2026-03-03T02:14:00.000Z,2026-03-03T03:22:00.000Z,SELL,0.01,2,1,10.00,2,27090.00
2026-03-03T03:22:00.000Z,2026-03-03T03:37:00.000Z,SELL,0.01,1,1,10.00,1,27100.00
2026-03-03T03:37:00.000Z,2026-03-03T03:46:00.000Z,SELL,0.01,1,1,10.00,1,27110.00
2026-03-03T03:46:00.000Z,2026-03-03T03:47:00.000Z,SELL,0.01,1,1,10.00,1,27120.00
2026-03-03T03:47:00.000Z,2026-03-03T03:59:00.000Z,SELL,0.01,1,1,10.00,1,27130.00
2026-03-03T03:59:00.000Z,2026-03-03T05:00:00.000Z,SELL,0.01,2,1,10.00,2,27140.00
2026-03-03T05:00:00.000Z,2026-03-03T07:00:00.000Z,SELL,0.01,1,1,10.00,1,27150.00
2026-03-03T07:00:00.000Z,2026-03-03T07:32:00.000Z,SELL,0.01,1,1,10.00,1,27160.00
2026-03-03T07:32:00.000Z,2026-03-03T07:38:00.000Z,SELL,0.01,1,1,10.00,1,27170.00
2026-03-03T07:38:00.000Z,2026-03-03T07:48:00.000Z,SELL,0.01,1,1,10.00,1,27180.00
2026-03-03T07:48:00.000Z,2026-03-03T07:54:00.000Z,SELL,0.01,1,1,10.00,1,27190.00
2026-03-03T07:54:00.000Z,2026-03-03T07:56:00.000Z,SELL,0.01,1,1,10.00,1,27200.00
2026-03-03T07:56:00.000Z,2026-03-03T08:12:00.000Z,SELL,0.01,1,1,10.00,1,27210.00
2026-03-03T08:12:00.000Z,2026-03-03T08:14:00.000Z,SELL,0.01,1,1,10.00,1,27220.00
2026-03-03T08:14:00.000Z,2026-03-03T08:28:00.000Z,SELL,0.01,2,1,10.00,2,27230.00
2026-03-03T08:28:00.000Z,2026-03-03T08:37:00.000Z,SELL,0.01,1,1,10.00,1,27240.00
2026-03-03T08:37:00.000Z,2026-03-03T08:38:00.000Z,SELL,0.01,1,1,10.00,1,27250.00
2026-03-03T08:38:00.000Z,2026-03-03T09:39:00.000Z,SELL,0.01,2,1,10.00,2,27260.00
2026-03-03T09:39:00.000Z,2026-03-03T10:23:00.000Z,SELL,0.01,1,1,10.00,1,27270.00
2026-03-03T10:23:00.000Z,2026-03-03T10:33:00.000Z,SELL,0.01,1,1,10.00,1,27280.00
2026-03-03T10:33:00.000Z,2026-03-03T10:55:00.000Z,SELL,0.01,1,1,10.00,1,27290.00
2026-03-03T10:55:00.000Z,2026-03-03T11:05:00.000Z,SELL,0.01,1,1,10.00,1,27300.00
2026-03-03T11:05:00.000Z,2026-03-03T11:25:00.000Z,SELL,0.01,1,1,10.00,1,27310.00
2026-03-03T11:25:00.000Z,2026-03-03T11:25:00.000Z,SELL,0.01,1,1,10.00,1,27320.00
2026-03-03T11:25:00.000Z,2026-03-03T11:25:00.000Z,SELL,0.01,1,1,10.00,1,27330.00
2026-03-03T11:25:00.000Z,2026-03-03T11:26:00.000Z,SELL,0.01,1,1,10.00,1,27340.00
2026-03-03T11:26:00.000Z,2026-03-03T11:27:00.000Z,SELL,0.01,1,1,10.00,1,27350.00
2026-03-03T11:27:00.000Z,2026-03-03T11:32:00.000Z,SELL,0.01,2,1,10.00,2,27360.00
2026-03-03T11:32:00.000Z,2026-03-03T12:38:00.000Z,SELL,0.01,3,1,10.00,3,27370.00
2026-03-03T12:38:00.000Z,2026-03-03T12:53:00.000Z,SELL,0.01,1,1,10.00,1,27380.00
2026-03-03T12:53:00.000Z,2026-03-03T13:07:00.000Z,SELL,0.01,3,1,10.00,3,27390.00
2026-03-03T13:07:00.000Z,2026-03-03T13:07:00.000Z,SELL,0.01,1,1,10.00,1,27400.00
2026-03-03T13:07:00.000Z,2026-03-03T13:07:00.000Z,SELL,0.01,1,1,10.00,1,27410.00
2026-03-03T13:07:00.000Z,2026-03-03T13:07:00.000Z,SELL,0.01,1,1,10.00,1,27420.00
2026-03-03T13:07:00.000Z,2026-03-03T13:08:00.000Z,SELL,0.01,1,1,10.00,1,27430.00
2026-03-03T13:08:00.000Z,2026-03-03T13:09:00.000Z,SELL,0.01,1,1,10.00,1,27440.00
2026-03-03T13:09:00.000Z,2026-03-03T13:09:00.000Z,SELL,0.01,1,1,10.00,1,27450.00
2026-03-03T13:09:00.000Z,2026-03-03T13:09:00.000Z,SELL,0.01,1,1,10.00,1,27460.00
2026-03-03T13:09:00.000Z,2026-03-03T13:10:00.000Z,SELL,0.01,2,1,10.00,2,27470.00
2026-03-03T13:10:00.000Z,2026-03-03T13:17:00.000Z,SELL,0.01,1,1,10.00,1,27480.00
2026-03-03T13:17:00.000Z,2026-03-03T13:27:00.000Z,SELL,0.01,3,1,10.00,3,27490.00
2026-03-03T13:27:00.000Z,2026-03-03T13:28:00.000Z,SELL,0.01,1,1,10.00,1,27500.00
2026-03-03T13:28:00.000Z,2026-03-03T13:29:00.000Z,SELL,0.01,1,1,10.00,1,27510.00
2026-03-03T13:29:00.000Z,2026-03-03T13:29:00.000Z,SELL,0.01,1,1,10.00,1,27520.00
2026-03-03T13:29:00.000Z,2026-03-03T13:29:00.000Z,SELL,0.01,1,1,10.00,1,27530.00
2026-03-03T13:29:00.000Z,2026-03-03T13:29:00.000Z,SELL,0.01,1,1,10.00,1,27540.00
2026-03-03T13:29:00.000Z,2026-03-03T13:31:00.000Z,SELL,0.01,3,1,10.00,3,27550.00
2026-03-03T13:31:00.000Z,2026-03-03T13:31:00.000Z,SELL,0.01,1,1,10.00,1,27560.00
2026-03-03T13:31:00.000Z,2026-03-03T13:31:00.000Z,SELL,0.01,1,1,10.00,1,27570.00
2026-03-03T13:31:00.000Z,2026-03-03T13:31:00.000Z,SELL,0.01,1,1,10.00,1,27580.00
2026-03-03T13:31:00.000Z,2026-03-03T13:34:00.000Z,SELL,0.01,4,1,10.00,4,27590.00
2026-03-03T13:34:00.000Z,2026-03-03T13:39:00.000Z,SELL,0.01,2,1,10.00,2,27600.00
2026-03-03T13:39:00.000Z,2026-03-03T13:40:00.000Z,SELL,0.01,1,1,10.00,1,27610.00
2026-03-03T13:40:00.000Z,2026-03-03T13:41:00.000Z,SELL,0.01,1,1,10.00,1,27620.00
2026-03-03T13:41:00.000Z,2026-03-03T13:41:00.000Z,SELL,0.01,1,1,10.00,1,27630.00
2026-03-03T13:41:00.000Z,2026-03-03T13:45:00.000Z,SELL,0.01,2,1,10.00,2,27640.00
2026-03-03T13:45:00.000Z,2026-03-03T14:06:00.000Z,SELL,0.01,2,1,10.00,2,27650.00
2026-03-03T14:06:00.000Z,2026-03-03T14:24:00.000Z,SELL,0.01,2,1,10.00,2,27660.00
2026-03-03T14:24:00.000Z,2026-03-03T15:01:00.000Z,SELL,0.01,3,1,10.00,3,27670.00
2026-03-03T15:01:00.000Z,2026-03-03T15:03:00.000Z,SELL,0.01,1,1,10.00,1,27680.00
2026-03-03T15:03:00.000Z,2026-03-03T15:07:00.000Z,SELL,0.01,1,1,10.00,1,27690.00
2026-03-03T15:07:00.000Z,2026-03-03T15:07:00.000Z,SELL,0.01,1,1,10.00,1,27700.00
2026-03-03T15:07:00.000Z,2026-03-03T15:10:00.000Z,SELL,0.01,1,1,10.00,1,27710.00
2026-03-03T15:10:00.000Z,2026-03-03T15:12:00.000Z,SELL,0.01,2,1,10.00,2,27720.00
2026-03-03T15:12:00.000Z,2026-03-03T15:13:00.000Z,SELL,0.01,1,1,10.00,1,27730.00
2026-03-03T15:13:00.000Z,2026-03-03T15:14:00.000Z,SELL,0.01,1,1,10.00,1,27740.00
2026-03-03T15:14:00.000Z,2026-03-03T15:45:00.000Z,SELL,0.01,3,1,10.00,3,27750.00
2026-03-03T15:45:00.000Z,2026-03-03T15:46:00.000Z,SELL,0.01,1,1,10.00,1,27760.00
2026-03-03T15:46:00.000Z,2026-03-03T16:01:00.000Z,SELL,0.01,2,1,10.00,2,27770.00
2026-03-03T16:01:00.000Z,2026-03-03T16:02:00.000Z,SELL,0.01,1,1,10.00,1,27780.00
2026-03-03T16:02:00.000Z,2026-03-03T16:18:00.000Z,SELL,0.01,3,1,10.00,3,27790.00
2026-03-03T16:18:00.000Z,2026-03-03T16:21:00.000Z,SELL,0.01,1,1,10.00,1,27800.00
2026-03-03T16:21:00.000Z,2026-03-03T16:30:00.000Z,SELL,0.01,1,1,10.00,1,27810.00
2026-03-03T16:30:00.000Z,2026-03-03T16:31:00.000Z,SELL,0.01,1,1,10.00,1,27820.00
2026-03-03T16:31:00.000Z,2026-03-03T16:36:00.000Z,SELL,0.01,1,1,10.00,1,27830.00
2026-03-03T16:36:00.000Z,2026-03-03T16:41:00.000Z,SELL,0.01,3,1,10.00,3,27840.00
2026-03-03T16:41:00.000Z,2026-03-03T16:41:00.000Z,SELL,0.01,1,1,10.00,1,27850.00
2026-03-03T16:41:00.000Z,2026-03-03T16:44:00.000Z,SELL,0.01,1,1,10.00,1,27860.00
2026-03-03T16:44:00.000Z,2026-03-03T16:44:00.000Z,SELL,0.01,1,1,10.00,1,27870.00
2026-03-03T16:44:00.000Z,2026-03-03T16:45:00.000Z,SELL,0.01,1,1,10.00,1,27880.00
2026-03-03T16:45:00.000Z,2026-03-03T16:50:00.000Z,SELL,0.01,3,1,10.00,3,27890.00
2026-03-03T16:50:00.000Z,2026-03-03T16:50:00.000Z,SELL,0.01,1,1,10.00,1,27900.00
2026-03-03T16:50:00.000Z,2026-03-03T16:51:00.000Z,SELL,0.01,1,1,10.00,1,27910.00
2026-03-03T16:51:00.000Z,2026-03-03T16:55:00.000Z,SELL,0.01,2,1,10.00,2,27920.00
2026-03-03T16:55:00.000Z,2026-03-03T16:59:00.000Z,SELL,0.01,1,1,10.00,1,27930.00
2026-03-03T16:59:00.000Z,2026-03-03T17:04:00.000Z,SELL,0.01,3,1,10.00,3,27940.00
2026-03-03T17:04:00.000Z,2026-03-03T17:07:00.000Z,SELL,0.01,2,1,10.00,2,27950.00
2026-03-03T17:07:00.000Z,2026-03-03T17:07:00.000Z,SELL,0.01,1,1,10.00,1,27960.00
2026-03-03T17:07:00.000Z,2026-03-03T17:10:00.000Z,SELL,0.01,1,1,10.00,1,27970.00
2026-03-03T17:10:00.000Z,2026-03-03T17:13:00.000Z,SELL,0.01,1,1,10.00,1,27980.00
2026-03-03T17:13:00.000Z,2026-03-03T17:16:00.000Z,SELL,0.01,1,1,10.00,1,27990.00
2026-03-03T17:16:00.000Z,2026-03-03T17:16:00.000Z,SELL,0.01,1,1,10.00,1,28000.00
2026-03-03T17:16:00.000Z,2026-03-03T17:17:00.000Z,SELL,0.01,1,1,10.00,1,28010.00
2026-03-03T17:17:00.000Z,2026-03-03T17:20:00.000Z,SELL,0.01,2,1,10.00,2,28020.00
2026-03-03T17:20:00.000Z,2026-03-03T17:31:00.000Z,SELL,0.01,2,1,10.00,2,28030.00
2026-03-03T17:31:00.000Z,2026-03-03T17:57:00.000Z,SELL,0.01,2,1,10.00,2,28040.00
2026-03-03T17:57:00.000Z,2026-03-03T18:07:00.000Z,SELL,0.01,2,1,10.00,2,28050.00
2026-03-03T18:07:00.000Z,2026-03-03T18:09:00.000Z,SELL,0.01,1,1,10.00,1,28060.00
2026-03-03T18:09:00.000Z,2026-03-03T18:17:00.000Z,SELL,0.01,1,1,10.00,1,28070.00
2026-03-03T18:17:00.000Z,2026-03-03T18:37:00.000Z,SELL,0.01,2,1,10.00,2,28080.00
2026-03-03T18:37:00.000Z,2026-03-03T18:39:00.000Z,SELL,0.01,1,1,10.00,1,28090.00
2026-03-03T18:39:00.000Z,2026-03-03T18:44:00.000Z,SELL,0.01,1,1,10.00,1,28100.00
2026-03-03T18:44:00.000Z,2026-03-03T18:55:00.000Z,SELL,0.01,1,1,10.00,1,28110.00
2026-03-03T18:55:00.000Z,2026-03-03T19:02:00.000Z,SELL,0.01,1,1,10.00,1,28120.00
2026-03-03T19:02:00.000Z,2026-03-03T19:30:00.000Z,SELL,0.01,3,1,10.00,3,28130.00
2026-03-03T19:30:00.000Z,2026-03-03T19:35:00.000Z,SELL,0.01,1,1,10.00,1,28140.00
2026-03-03T19:35:00.000Z,2026-03-03T20:09:00.000Z,SELL,0.01,2,1,10.00,2,28150.00
2026-03-03T20:09:00.000Z,2026-03-03T20:39:00.000Z,SELL,0.01,2,1,10.00,2,28160.00
2026-03-03T20:39:00.000Z,2026-03-03T21:11:00.000Z,SELL,0.01,3,1,10.00,3,28170.00
2026-03-03T21:11:00.000Z,2026-03-03T21:16:00.000Z,SELL,0.01,1,1,10.00,1,28180.00
2026-03-03T21:16:00.000Z,2026-03-03T22:51:00.000Z,SELL,0.01,5,1,10.00,5,28190.00
2026-03-03T22:51:00.000Z,2026-03-03T22:52:00.000Z,SELL,0.01,1,1,10.00,1,28200.00
2026-03-03T22:52:00.000Z,2026-03-04T01:03:00.000Z,SELL,0.01,5,0,-2420.00,5,25780.00
2026-03-04T01:03:00.000Z,2026-03-04T02:43:00.000Z,SELL,0.01,4,1,10.00,4,25790.00
2026-03-04T02:43:00.000Z,2026-03-04T03:48:00.000Z,SELL,0.01,2,1,10.00,2,25800.00
2026-03-04T03:48:00.000Z,2026-03-04T04:59:00.000Z,SELL,0.01,3,1,10.00,3,25810.00
2026-03-04T04:59:00.000Z,2026-03-04T05:03:00.000Z,SELL,0.01,1,1,10.00,1,25820.00
2026-03-04T05:03:00.000Z,2026-03-04T05:57:00.000Z,SELL,0.01,2,1,10.00,2,25830.00
2026-03-04T05:57:00.000Z,2026-03-04T06:21:00.000Z,SELL,0.01,1,1,10.00,1,25840.00
2026-03-04T06:21:00.000Z,2026-03-04T06:42:00.000Z,SELL,0.01,1,1,10.00,1,25850.00
2026-03-04T06:42:00.000Z,2026-03-04T08:01:00.000Z,SELL,0.01,1,1,10.00,1,25860.00
2026-03-04T08:01:00.000Z,2026-03-04T08:06:00.000Z,SELL,0.01,1,1,10.00,1,25870.00
2026-03-04T08:06:00.000Z,2026-03-04T08:06:00.000Z,SELL,0.01,1,1,10.00,1,25880.00
2026-03-04T08:06:00.000Z,2026-03-04T08:38:00.000Z,SELL,0.01,2,1,10.00,2,25890.00
2026-03-04T08:38:00.000Z,2026-03-04T12:04:00.000Z,SELL,0.01,4,1,10.00,4,25900.00
2026-03-04T12:04:00.000Z,2026-03-04T14:27:00.000Z,SELL,0.01,3,1,10.00,3,25910.00
2026-03-04T14:27:00.000Z,2026-03-04T14:40:00.000Z,SELL,0.01,1,1,10.00,1,25920.00
2026-03-04T14:40:00.000Z,2026-03-04T15:13:00.000Z,SELL,0.01,2,1,10.00,2,25930.00
2026-03-04T15:13:00.000Z,2026-03-04T15:20:00.000Z,SELL,0.01,1,1,10.00,1,25940.00
2026-03-04T15:20:00.000Z,2026-03-04T15:56:00.000Z,SELL,0.01,1,1,10.00,1,25950.00
2026-03-04T15:56:00.000Z,2026-03-04T16:13:00.000Z,SELL,0.01,1,1,10.00,1,25960.00
2026-03-04T16:13:00.000Z,2026-03-04T16:48:00.000Z,SELL,0.01,3,1,10.00,3,25970.00
2026-03-04T16:48:00.000Z,2026-03-04T16:48:00.000Z,SELL,0.01,1,1,10.00,1,25980.00
2026-03-04T16:48:00.000Z,2026-03-04T17:14:00.000Z,SELL,0.01,1,1,10.00,1,25990.00
2026-03-04T17:14:00.000Z,2026-03-04T17:35:00.000Z,SELL,0.01,2,1,10.00,2,26000.00
2026-03-04T17:35:00.000Z,2026-03-04T17:39:00.000Z,SELL,0.01,1,1,10.00,1,26010.00
2026-03-04T17:39:00.000Z,2026-03-04T17:43:00.000Z,SELL,0.01,1,1,10.00,1,26020.00
2026-03-04T17:43:00.000Z,2026-03-04T19:23:00.000Z,SELL,0.01,1,1,10.00,1,26030.00
2026-03-04T19:23:00.000Z,2026-03-04T19:23:00.000Z,SELL,0.01,1,1,10.00,1,26040.00
2026-03-04T19:23:00.000Z,2026-03-04T20:20:00.000Z,SELL,0.01,3,1,10.00,3,26050.00
2026-03-04T20:20:00.000Z,2026-03-04T22:38:00.000Z,SELL,0.01,2,1,10.00,2,26060.00
2026-03-04T22:38:00.000Z,2026-03-04T23:33:00.000Z,SELL,0.01,1,1,10.00,1,26070.00
2026-03-04T23:33:00.000Z,2026-03-05T01:46:00.000Z,SELL,0.01,2,1,10.00,2,26080.00
2026-03-05T01:46:00.000Z,2026-03-05T04:59:00.000Z,SELL,0.01,2,1,10.00,2,26090.00
2026-03-05T04:59:00.000Z,2026-03-05T05:30:00.000Z,SELL,0.01,1,1,10.00,1,26100.00
2026-03-05T05:30:00.000Z,2026-03-05T06:47:00.000Z,SELL,0.01,1,1,10.00,1,26110.00
2026-03-05T06:47:00.000Z,2026-03-05T07:50:00.000Z,SELL,0.01,1,1,10.00,1,26120.00
2026-03-05T07:50:00.000Z,2026-03-05T07:58:00.000Z,SELL,0.01,1,1,10.00,1,26130.00
2026-03-05T07:58:00.000Z,2026-03-05T08:08:00.000Z,SELL,0.01,1,1,10.00,1,26140.00
2026-03-05T08:08:00.000Z,2026-03-05T08:10:00.000Z,SELL,0.01,1,1,10.00,1,26150.00
2026-03-05T08:10:00.000Z,2026-03-05T08:12:00.000Z,SELL,0.01,1,1,10.00,1,26160.00
2026-03-05T08:12:00.000Z,2026-03-05T08:37:00.000Z,SELL,0.01,2,1,10.00,2,26170.00
2026-03-05T08:37:00.000Z,2026-03-05T10:15:00.000Z,SELL,0.01,3,1,10.00,3,26180.00
2026-03-05T10:15:00.000Z,2026-03-05T11:06:00.000Z,SELL,0.01,2,1,10.00,2,26190.00
2026-03-05T11:06:00.000Z,2026-03-05T11:39:00.000Z,SELL,0.01,1,1,10.00,1,26200.00
2026-03-05T11:39:00.000Z,2026-03-05T12:04:00.000Z,SELL,0.01,1,1,10.00,1,26210.00
2026-03-05T12:04:00.000Z,2026-03-05T15:16:00.000Z,SELL,0.01,3,1,10.00,3,26220.00
2026-03-05T15:16:00.000Z,2026-03-05T15:17:00.000Z,SELL,0.01,1,1,10.00,1,26230.00
2026-03-05T15:17:00.000Z,2026-03-05T15:20:00.000Z,SELL,0.01,1,1,10.00,1,26240.00
2026-03-05T15:20:00.000Z,2026-03-05T15:22:00.000Z,SELL,0.01,1,1,10.00,1,26250.00
2026-03-05T15:22:00.000Z,2026-03-05T15:22:00.000Z,SELL,0.01,1,1,10.00,1,26260.00
2026-03-05T15:22:00.000Z,2026-03-05T15:23:00.000Z,SELL,0.01,1,1,10.00,1,26270.00
2026-03-05T15:23:00.000Z,2026-03-05T15:28:00.000Z,SELL,0.01,2,1,10.00,2,26280.00
2026-03-05T15:28:00.000Z,2026-03-05T16:17:00.000Z,SELL,0.01,1,1,10.00,1,26290.00
2026-03-05T16:17:00.000Z,2026-03-05T16:39:00.000Z,SELL,0.01,1,1,10.00,1,26300.00
2026-03-05T16:39:00.000Z,2026-03-05T17:07:00.000Z,SELL,0.01,3,1,10.00,3,26310.00
2026-03-05T17:07:00.000Z,2026-03-05T17:08:00.000Z,SELL,0.01,1,1,10.00,1,26320.00
2026-03-05T17:08:00.000Z,2026-03-05T17:08:00.000Z,SELL,0.01,1,1,10.00,1,26330.00
2026-03-05T17:08:00.000Z,2026-03-05T17:54:00.000Z,SELL,0.01,2,1,10.00,2,26340.00
2026-03-05T17:54:00.000Z,2026-03-05T18:06:00.000Z,SELL,0.01,1,1,10.00,1,26350.00
2026-03-05T18:06:00.000Z,2026-03-05T18:09:00.000Z,SELL,0.01,1,1,10.00,1,26360.00
2026-03-05T18:09:00.000Z,2026-03-05T18:21:00.000Z,SELL,0.01,1,1,10.00,1,26370.00
2026-03-05T18:21:00.000Z,2026-03-05T18:30:00.000Z,SELL,0.01,1,1,10.00,1,26380.00
2026-03-05T18:30:00.000Z,2026-03-05T19:04:00.000Z,SELL,0.01,2,1,10.00,2,26390.00
2026-03-05T19:04:00.000Z,2026-03-05T19:28:00.000Z,SELL,0.01,1,1,10.00,1,26400.00
2026-03-05T19:28:00.000Z,2026-03-05T19:35:00.000Z,SELL,0.01,1,1,10.00,1,26410.00
2026-03-05T19:35:00.000Z,2026-03-05T19:36:00.000Z,SELL,0.01,1,1,10.00,1,26420.00
2026-03-05T19:36:00.000Z,2026-03-05T22:16:00.000Z,SELL,0.01,2,1,10.00,2,26430.00
2026-03-05T22:16:00.000Z,2026-03-05T22:36:00.000Z,SELL,0.01,1,1,10.00,1,26440.00
2026-03-05T22:36:00.000Z,2026-03-06T03:37:00.000Z,SELL,0.01,4,1,10.00,4,26450.00
2026-03-06T03:37:00.000Z,2026-03-06T03:51:00.000Z,SELL,0.01,2,1,10.00,2,26460.00
2026-03-06T03:51:00.000Z,2026-03-06T04:40:00.000Z,SELL,0.01,1,1,10.00,1,26470.00
2026-03-06T04:40:00.000Z,2026-03-06T07:50:00.000Z,SELL,0.01,1,1,10.00,1,26480.00
2026-03-06T07:50:00.000Z,2026-03-06T10:25:00.000Z,SELL,0.01,1,1,10.00,1,26490.00
2026-03-06T10:25:00.000Z,2026-03-06T11:15:00.000Z,SELL,0.01,1,1,10.00,1,26500.00
2026-03-06T11:15:00.000Z,2026-03-06T11:57:00.000Z,SELL,0.01,1,1,10.00,1,26510.00
2026-03-06T11:57:00.000Z,2026-03-06T13:55:00.000Z,SELL,0.01,1,1,10.00,1,26520.00
2026-03-06T13:55:00.000Z,2026-03-06T13:56:00.000Z,SELL,0.01,1,1,10.00,1,26530.00
2026-03-06T13:56:00.000Z,2026-03-06T14:19:00.000Z,SELL,0.01,2,1,10.00,2,26540.00
2026-03-06T14:19:00.000Z,2026-03-06T14:57:00.000Z,SELL,0.01,1,1,10.00,1,26550.00
2026-03-06T14:57:00.000Z,2026-03-06T15:01:00.000Z,SELL,0.01,1,1,10.00,1,26560.00
2026-03-06T15:01:00.000Z,2026-03-06T15:30:00.000Z,SELL,0.01,2,1,10.00,2,26570.00
2026-03-06T15:30:00.000Z,2026-03-06T15:56:00.000Z,SELL,0.01,3,1,10.00,3,26580.00
2026-03-06T15:56:00.000Z,2026-03-06T15:57:00.000Z,SELL,0.01,1,1,10.00,1,26590.00
2026-03-06T15:57:00.000Z,2026-03-06T16:30:00.000Z,SELL,0.01,2,1,10.00,2,26600.00
2026-03-06T16:30:00.000Z,2026-03-06T16:30:00.000Z,SELL,0.01,1,1,10.00,1,26610.00
2026-03-06T16:30:00.000Z,2026-03-06T16:35:00.000Z,SELL,0.01,1,1,10.00,1,26620.00
2026-03-06T16:35:00.000Z,2026-03-06T16:57:00.000Z,SELL,0.01,2,1,10.00,2,26630.00
2026-03-06T16:57:00.000Z,2026-03-06T17:02:00.000Z,SELL,0.01,2,1,10.00,2,26640.00
2026-03-06T17:02:00.000Z,2026-03-06T17:12:00.000Z,SELL,0.01,1,1,10.00,1,26650.00
2026-03-06T17:12:00.000Z,2026-03-06T18:39:00.000Z,SELL,0.01,3,1,10.00,3,26660.00
2026-03-06T18:39:00.000Z,2026-03-06T20:42:00.000Z,SELL,0.01,2,1,10.00,2,26670.00
2026-03-06T20:42:00.000Z,2026-03-06T22:32:00.000Z,SELL,0.01,1,1,10.00,1,26680.00
2026-03-06T22:32:00.000Z,2026-03-09T01:00:00.000Z,SELL,0.01,3,1,10.00,3,26690.00
2026-03-09T01:00:00.000Z,2026-03-09T01:00:00.000Z,SELL,0.01,1,1,10.00,1,26700.00
2026-03-09T01:00:00.000Z,2026-03-09T01:02:00.000Z,SELL,0.01,1,1,10.00,1,26710.00
2026-03-09T01:02:00.000Z,2026-03-09T01:04:00.000Z,SELL,0.01,1,1,10.00,1,26720.00
2026-03-09T01:04:00.000Z,2026-03-09T01:10:00.000Z,SELL,0.01,1,1,10.00,1,26730.00
2026-03-09T01:10:00.000Z,2026-03-09T01:35:00.000Z,SELL,0.01,1,1,10.00,1,26740.00
2026-03-09T01:35:00.000Z,2026-03-09T01:37:00.000Z,SELL,0.01,1,1,10.00,1,26750.00
2026-03-09T01:37:00.000Z,2026-03-09T01:39:00.000Z,SELL,0.01,1,1,10.00,1,26760.00
2026-03-09T01:39:00.000Z,2026-03-09T01:42:00.000Z,SELL,0.01,1,1,10.00,1,26770.00
2026-03-09T01:42:00.000Z,2026-03-09T01:42:00.000Z,SELL,0.01,1,1,10.00,1,26780.00
2026-03-09T01:42:00.000Z,2026-03-09T01:58:00.000Z,SELL,0.01,2,1,10.00,2,26790.00
2026-03-09T01:58:00.000Z,2026-03-09T02:00:00.000Z,SELL,0.01,1,1,10.00,1,26800.00
2026-03-09T02:00:00.000Z,2026-03-09T02:02:00.000Z,SELL,0.01,1,1,10.00,1,26810.00
2026-03-09T02:02:00.000Z,2026-03-09T02:10:00.000Z,SELL,0.01,1,1,10.00,1,26820.00
2026-03-09T02:10:00.000Z,2026-03-09T02:13:00.000Z,SELL,0.01,1,1,10.00,1,26830.00
2026-03-09T02:13:00.000Z,2026-03-09T03:00:00.000Z,SELL,0.01,3,1,10.00,3,26840.00
2026-03-09T03:00:00.000Z,2026-03-09T03:01:00.000Z,SELL,0.01,1,1,10.00,1,26850.00
2026-03-09T03:01:00.000Z,2026-03-09T03:05:00.000Z,SELL,0.01,2,1,10.00,2,26860.00
2026-03-09T03:05:00.000Z,2026-03-09T03:15:00.000Z,SELL,0.01,2,1,10.00,2,26870.00
2026-03-09T03:15:00.000Z,2026-03-09T03:52:00.000Z,SELL,0.01,1,1,10.00,1,26880.00
2026-03-09T03:52:00.000Z,2026-03-09T04:03:00.000Z,SELL,0.01,1,1,10.00,1,26890.00
2026-03-09T04:03:00.000Z,2026-03-09T04:10:00.000Z,SELL,0.01,2,1,10.00,2,26900.00
2026-03-09T04:10:00.000Z,2026-03-09T04:20:00.000Z,SELL,0.01,1,1,10.00,1,26910.00
2026-03-09T04:20:00.000Z,2026-03-09T07:33:00.000Z,SELL,0.01,2,1,10.00,2,26920.00
2026-03-09T07:33:00.000Z,2026-03-09T07:49:00.000Z,SELL,0.01,2,1,10.00,2,26930.00
2026-03-09T07:49:00.000Z,2026-03-09T07:54:00.000Z,SELL,0.01,1,1,10.00,1,26940.00
2026-03-09T07:54:00.000Z,2026-03-09T08:38:00.000Z,SELL,0.01,1,1,10.00,1,26950.00
2026-03-09T08:38:00.000Z,2026-03-09T08:43:00.000Z,SELL,0.01,1,1,10.00,1,26960.00
2026-03-09T08:43:00.000Z,2026-03-09T09:00:00.000Z,SELL,0.01,1,1,10.00,1,26970.00
2026-03-09T09:00:00.000Z,2026-03-09T11:29:00.000Z,SELL,0.01,2,1,10.00,2,26980.00
2026-03-09T11:29:00.000Z,2026-03-09T11:41:00.000Z,SELL,0.01,1,1,10.00,1,26990.00
2026-03-09T11:41:00.000Z,2026-03-09T11:44:00.000Z,SELL,0.01,1,1,10.00,1,27000.00
2026-03-09T11:44:00.000Z,2026-03-09T12:30:00.000Z,SELL,0.01,1,1,10.00,1,27010.00
2026-03-09T12:30:00.000Z,2026-03-09T12:51:00.000Z,SELL,0.01,1,1,10.00,1,27020.00
2026-03-09T12:51:00.000Z,2026-03-09T15:43:00.000Z,SELL,0.01,5,1,10.00,5,27030.00
2026-03-09T15:43:00.000Z,2026-03-09T16:11:00.000Z,SELL,0.01,1,1,10.00,1,27040.00
2026-03-09T16:11:00.000Z,2026-03-09T16:38:00.000Z,SELL,0.01,2,1,10.00,2,27050.00
2026-03-09T16:38:00.000Z,2026-03-09T17:04:00.000Z,SELL,0.01,3,1,10.00,3,27060.00
2026-03-09T17:04:00.000Z,2026-03-09T20:36:00.000Z,SELL,0.01,2,1,10.00,2,27070.00
2026-03-09T20:36:00.000Z,2026-03-09T22:00:00.000Z,SELL,0.01,2,1,10.00,2,27080.00
2026-03-09T22:00:00.000Z,2026-03-09T22:55:00.000Z,SELL,0.01,1,1,10.00,1,27090.00
2026-03-09T22:55:00.000Z,2026-03-10T03:25:00.000Z,SELL,0.01,4,1,10.00,4,27100.00
2026-03-10T03:25:00.000Z,2026-03-10T03:31:00.000Z,SELL,0.01,1,1,10.00,1,27110.00
2026-03-10T03:31:00.000Z,2026-03-10T03:59:00.000Z,SELL,0.01,2,1,10.00,2,27120.00
2026-03-10T03:59:00.000Z,2026-03-10T04:08:00.000Z,SELL,0.01,1,1,10.00,1,27130.00
2026-03-10T04:08:00.000Z,2026-03-10T05:27:00.000Z,SELL,0.01,1,1,10.00,1,27140.00
2026-03-10T05:27:00.000Z,2026-03-10T10:40:00.000Z,SELL,0.01,2,1,10.00,2,27150.00
2026-03-10T10:40:00.000Z,2026-03-10T10:56:00.000Z,SELL,0.01,1,1,10.00,1,27160.00
2026-03-10T10:56:00.000Z,2026-03-10T12:30:00.000Z,SELL,0.01,1,1,10.00,1,27170.00
2026-03-10T12:30:00.000Z,2026-03-10T12:37:00.000Z,SELL,0.01,1,1,10.00,1,27180.00
2026-03-10T12:37:00.000Z,2026-03-10T15:00:00.000Z,SELL,0.01,4,1,10.00,4,27190.00
2026-03-10T15:00:00.000Z,2026-03-10T15:24:00.000Z,SELL,0.01,2,1,10.00,2,27200.00
2026-03-10T15:24:00.000Z,2026-03-10T15:33:00.000Z,SELL,0.01,1,1,10.00,1,27210.00
2026-03-10T15:33:00.000Z,2026-03-10T15:46:00.000Z,SELL,0.01,1,1,10.00,1,27220.00
2026-03-10T15:46:00.000Z,2026-03-10T16:07:00.000Z,SELL,0.01,1,1,10.00,1,27230.00
2026-03-10T16:07:00.000Z,2026-03-10T17:13:00.000Z,SELL,0.01,2,1,10.00,2,27240.00
2026-03-10T17:13:00.000Z,2026-03-10T20:16:00.000Z,SELL,0.01,1,1,10.00,1,27250.00
2026-03-10T20:16:00.000Z,2026-03-10T20:17:00.000Z,SELL,0.01,1,1,10.00,1,27260.00
2026-03-10T20:17:00.000Z,2026-03-10T20:17:00.000Z,SELL,0.01,1,1,10.00,1,27270.00
2026-03-10T20:17:00.000Z,2026-03-10T20:18:00.000Z,SELL,0.01,1,1,10.00,1,27280.00
2026-03-10T20:18:00.000Z,2026-03-10T20:19:00.000Z,SELL,0.01,1,1,10.00,1,27290.00
2026-03-10T20:19:00.000Z,2026-03-10T20:27:00.000Z,SELL,0.01,2,1,10.00,2,27300.00
2026-03-10T20:27:00.000Z,2026-03-10T20:39:00.000Z,SELL,0.01,1,1,10.00,1,27310.00
2026-03-10T20:39:00.000Z,2026-03-10T21:35:00.000Z,SELL,0.01,1,1,10.00,1,27320.00
2026-03-10T21:35:00.000Z,2026-03-11T02:23:00.000Z,SELL,0.01,2,1,10.00,2,27330.00
2026-03-11T02:23:00.000Z,2026-03-11T04:02:00.000Z,SELL,0.01,1,1,10.00,1,27340.00
2026-03-11T04:02:00.000Z,2026-03-11T09:35:00.000Z,SELL,0.01,3,1,10.00,3,27350.00
2026-03-11T09:35:00.000Z,2026-03-11T10:38:00.000Z,SELL,0.01,1,1,10.00,1,27360.00
2026-03-11T10:38:00.000Z,2026-03-11T14:47:00.000Z,SELL,0.01,1,1,10.00,1,27370.00
2026-03-11T14:47:00.000Z,2026-03-11T15:49:00.000Z,SELL,0.01,1,1,10.00,1,27380.00
2026-03-11T15:49:00.000Z,2026-03-11T16:05:00.000Z,SELL,0.01,2,1,10.00,2,27390.00
2026-03-11T16:05:00.000Z,2026-03-11T16:08:00.000Z,SELL,0.01,1,1,10.00,1,27400.00
2026-03-11T16:08:00.000Z,2026-03-11T17:15:00.000Z,SELL,0.01,1,1,10.00,1,27410.00
2026-03-11T17:15:00.000Z,2026-03-11T19:38:00.000Z,SELL,0.01,1,1,10.00,1,27420.00
2026-03-11T19:38:00.000Z,2026-03-12T00:56:00.000Z,SELL,0.01,3,1,10.00,3,27430.00
2026-03-12T00:56:00.000Z,2026-03-12T00:56:00.000Z,SELL,0.01,1,1,10.00,1,27440.00
2026-03-12T00:56:00.000Z,2026-03-12T02:00:00.000Z,SELL,0.01,3,1,10.00,3,27450.00
2026-03-12T02:00:00.000Z,2026-03-12T02:28:00.000Z,SELL,0.01,2,1,10.00,2,27460.00
2026-03-12T02:28:00.000Z,2026-03-12T04:51:00.000Z,SELL,0.01,1,1,10.00,1,27470.00
2026-03-12T04:51:00.000Z,2026-03-12T07:25:00.000Z,SELL,0.01,1,1,10.00,1,27480.00
2026-03-12T07:25:00.000Z,2026-03-12T08:41:00.000Z,SELL,0.01,2,1,10.00,2,27490.00
2026-03-12T08:41:00.000Z,2026-03-12T15:42:00.000Z,SELL,0.01,3,1,10.00,3,27500.00
2026-03-12T15:42:00.000Z,2026-03-12T15:56:00.000Z,SELL,0.01,1,1,10.00,1,27510.00
2026-03-12T15:56:00.000Z,2026-03-12T17:02:00.000Z,SELL,0.01,1,1,10.00,1,27520.00
2026-03-12T17:02:00.000Z,2026-03-12T17:11:00.000Z,SELL,0.01,1,1,10.00,1,27530.00
2026-03-12T17:11:00.000Z,2026-03-12T17:11:00.000Z,SELL,0.01,1,1,10.00,1,27540.00
2026-03-12T17:11:00.000Z,2026-03-12T19:41:00.000Z,SELL,0.01,3,1,10.00,3,27550.00
2026-03-12T19:41:00.000Z,2026-03-12T20:47:00.000Z,SELL,0.01,1,1,10.00,1,27560.00
2026-03-12T20:47:00.000Z,2026-03-12T21:02:00.000Z,SELL,0.01,1,1,10.00,1,27570.00
2026-03-12T21:02:00.000Z,2026-03-12T22:26:00.000Z,SELL,0.01,1,1,10.00,1,27580.00
2026-03-12T22:26:00.000Z,2026-03-12T22:30:00.000Z,SELL,0.01,1,1,10.00,1,27590.00
2026-03-12T22:30:00.000Z,2026-03-13T00:24:00.000Z,SELL,0.01,2,1,10.00,2,27600.00
2026-03-13T00:24:00.000Z,2026-03-13T04:00:00.000Z,SELL,0.01,2,1,10.00,2,27610.00
2026-03-13T04:00:00.000Z,2026-03-13T04:46:00.000Z,SELL,0.01,1,1,10.00,1,27620.00
2026-03-13T04:46:00.000Z,2026-03-13T06:24:00.000Z,SELL,0.01,1,1,10.00,1,27630.00
2026-03-13T06:24:00.000Z,2026-03-13T08:25:00.000Z,SELL,0.01,1,1,10.00,1,27640.00
2026-03-13T08:25:00.000Z,2026-03-13T09:00:00.000Z,SELL,0.01,1,1,10.00,1,27650.00
2026-03-13T09:00:00.000Z,2026-03-13T09:21:00.000Z,SELL,0.01,1,1,10.00,1,27660.00
2026-03-13T09:21:00.000Z,2026-03-13T10:22:00.000Z,SELL,0.01,1,1,10.00,1,27670.00
2026-03-13T10:22:00.000Z,2026-03-13T11:04:00.000Z,SELL,0.01,2,1,10.00,2,27680.00
2026-03-13T11:04:00.000Z,2026-03-13T12:33:00.000Z,SELL,0.01,1,1,10.00,1,27690.00
2026-03-13T12:33:00.000Z,2026-03-13T14:01:00.000Z,SELL,0.01,2,1,10.00,2,27700.00
2026-03-13T14:01:00.000Z,2026-03-13T15:33:00.000Z,SELL,0.01,1,1,10.00,1,27710.00
2026-03-13T15:33:00.000Z,2026-03-13T16:14:00.000Z,SELL,0.01,1,1,10.00,1,27720.00
2026-03-13T16:14:00.000Z,2026-03-13T16:36:00.000Z,SELL,0.01,1,1,10.00,1,27730.00
2026-03-13T16:36:00.000Z,2026-03-13T16:50:00.000Z,SELL,0.01,1,1,10.00,1,27740.00
2026-03-13T16:50:00.000Z,2026-03-13T16:52:00.000Z,SELL,0.01,1,1,10.00,1,27750.00
2026-03-13T16:52:00.000Z,2026-03-13T16:55:00.000Z,SELL,0.01,1,1,10.00,1,27760.00
2026-03-13T16:55:00.000Z,2026-03-13T16:56:00.000Z,SELL,0.01,1,1,10.00,1,27770.00
2026-03-13T16:56:00.000Z,2026-03-13T18:00:00.000Z,SELL,0.01,3,1,10.00,3,27780.00
2026-03-13T18:00:00.000Z,2026-03-13T18:06:00.000Z,SELL,0.01,1,1,10.00,1,27790.00
2026-03-13T18:06:00.000Z,2026-03-13T18:36:00.000Z,SELL,0.01,2,1,10.00,2,27800.00
2026-03-13T18:36:00.000Z,2026-03-13T20:13:00.000Z,SELL,0.01,1,1,10.00,1,27810.00
2026-03-13T20:13:00.000Z,2026-03-13T21:35:00.000Z,SELL,0.01,1,1,10.00,1,27820.00
2026-03-13T21:35:00.000Z,2026-03-13T21:46:00.000Z,SELL,0.01,1,1,10.00,1,27830.00
2026-03-13T21:46:00.000Z,2026-03-13T21:52:00.000Z,SELL,0.01,1,1,10.00,1,27840.00
2026-03-13T21:52:00.000Z,2026-03-16T01:20:00.000Z,SELL,0.01,3,1,10.00,3,27850.00
2026-03-16T01:20:00.000Z,2026-03-16T01:20:00.000Z,SELL,0.01,1,1,10.00,1,27860.00
2026-03-16T01:20:00.000Z,2026-03-16T01:22:00.000Z,SELL,0.01,1,1,10.00,1,27870.00
2026-03-16T01:22:00.000Z,2026-03-16T01:23:00.000Z,SELL,0.01,1,1,10.00,1,27880.00
2026-03-16T01:23:00.000Z,2026-03-16T02:00:00.000Z,SELL,0.01,2,1,10.00,2,27890.00
2026-03-16T02:00:00.000Z,2026-03-16T02:34:00.000Z,SELL,0.01,2,1,10.00,2,27900.00
2026-03-16T02:34:00.000Z,2026-03-16T02:51:00.000Z,SELL,0.01,1,1,10.00,1,27910.00
2026-03-16T02:51:00.000Z,2026-03-16T03:12:00.000Z,SELL,0.01,1,1,10.00,1,27920.00
2026-03-16T03:12:00.000Z,2026-03-16T03:13:00.000Z,SELL,0.01,1,1,10.00,1,27930.00
2026-03-16T03:13:00.000Z,2026-03-16T03:14:00.000Z,SELL,0.01,1,1,10.00,1,27940.00
2026-03-16T03:14:00.000Z,2026-03-16T04:00:00.000Z,SELL,0.01,2,1,10.00,2,27950.00
2026-03-16T04:00:00.000Z,2026-03-16T04:31:00.000Z,SELL,0.01,1,1,10.00,1,27960.00
2026-03-16T04:31:00.000Z,2026-03-16T09:37:00.000Z,SELL,0.01,3,1,10.00,3,27970.00
2026-03-16T09:37:00.000Z,2026-03-16T10:39:00.000Z,SELL,0.01,1,1,10.00,1,27980.00
2026-03-16T10:39:00.000Z,2026-03-16T11:46:00.000Z,SELL,0.01,1,1,10.00,1,27990.00
2026-03-16T11:46:00.000Z,2026-03-16T13:18:00.000Z,SELL,0.01,2,1,10.00,2,28000.00
2026-03-16T13:18:00.000Z,2026-03-16T13:54:00.000Z,SELL,0.01,1,1,10.00,1,28010.00
2026-03-16T13:54:00.000Z,2026-03-16T15:15:00.000Z,SELL,0.01,2,1,10.00,2,28020.00
2026-03-16T15:15:00.000Z,2026-03-16T16:28:00.000Z,SELL,0.01,1,1,10.00,1,28030.00
2026-03-16T16:28:00.000Z,2026-03-16T16:39:00.000Z,SELL,0.01,1,1,10.00,1,28040.00
2026-03-16T16:39:00.000Z,2026-03-16T16:47:00.000Z,SELL,0.01,1,1,10.00,1,28050.00
2026-03-16T16:47:00.000Z,2026-03-16T17:29:00.000Z,SELL,0.01,1,1,10.00,1,28060.00
2026-03-16T17:29:00.000Z,2026-03-16T18:35:00.000Z,SELL,0.01,1,1,10.00,1,28070.00
2026-03-16T18:35:00.000Z,2026-03-16T20:27:00.000Z,SELL,0.01,2,1,10.00,2,28080.00
2026-03-16T20:27:00.000Z,2026-03-17T03:03:00.000Z,SELL,0.01,1,1,10.00,1,28090.00
2026-03-17T03:03:00.000Z,2026-03-17T03:51:00.000Z,SELL,0.01,2,1,10.00,2,28100.00
2026-03-17T03:51:00.000Z,2026-03-17T08:01:00.000Z,SELL,0.01,1,1,10.00,1,28110.00
2026-03-17T08:01:00.000Z,2026-03-17T12:06:00.000Z,SELL,0.01,1,1,10.00,1,28120.00
2026-03-17T12:06:00.000Z,2026-03-17T12:42:00.000Z,SELL,0.01,1,1,10.00,1,28130.00
2026-03-17T12:42:00.000Z,2026-03-17T15:32:00.000Z,SELL,0.01,2,1,10.00,2,28140.00
2026-03-17T15:32:00.000Z,2026-03-17T15:52:00.000Z,SELL,0.01,1,1,10.00,1,28150.00
2026-03-17T15:52:00.000Z,2026-03-17T16:31:00.000Z,SELL,0.01,1,1,10.00,1,28160.00
2026-03-17T16:31:00.000Z,2026-03-17T17:29:00.000Z,SELL,0.01,1,1,10.00,1,28170.00
2026-03-17T17:29:00.000Z,2026-03-17T17:36:00.000Z,SELL,0.01,1,1,10.00,1,28180.00
2026-03-17T17:36:00.000Z,2026-03-17T17:41:00.000Z,SELL,0.01,1,1,10.00,1,28190.00
2026-03-17T17:41:00.000Z,2026-03-17T18:25:00.000Z,SELL,0.01,2,1,10.00,2,28200.00
2026-03-17T18:25:00.000Z,2026-03-18T03:52:00.000Z,SELL,0.01,1,1,10.00,1,28210.00
2026-03-18T03:52:00.000Z,2026-03-18T06:39:00.000Z,SELL,0.01,1,1,10.00,1,28220.00
2026-03-18T06:39:00.000Z,2026-03-18T08:34:00.000Z,SELL,0.01,2,1,10.00,2,28230.00
2026-03-18T08:34:00.000Z,2026-03-18T09:44:00.000Z,SELL,0.01,1,1,10.00,1,28240.00
2026-03-18T09:44:00.000Z,2026-03-18T09:51:00.000Z,SELL,0.01,1,1,10.00,1,28250.00
2026-03-18T09:51:00.000Z,2026-03-18T10:45:00.000Z,SELL,0.01,1,1,10.00,1,28260.00
2026-03-18T10:45:00.000Z,2026-03-18T12:35:00.000Z,SELL,0.01,1,1,10.00,1,28270.00
2026-03-18T12:35:00.000Z,2026-03-18T12:35:00.000Z,SELL,0.01,1,1,10.00,1,28280.00
2026-03-18T12:35:00.000Z,2026-03-18T13:08:00.000Z,SELL,0.01,1,1,10.00,1,28290.00
2026-03-18T13:08:00.000Z,2026-03-18T13:41:00.000Z,SELL,0.01,3,1,10.00,3,28300.00
2026-03-18T13:41:00.000Z,2026-03-18T13:48:00.000Z,SELL,0.01,1,1,10.00,1,28310.00
2026-03-18T13:48:00.000Z,2026-03-18T14:07:00.000Z,SELL,0.01,1,1,10.00,1,28320.00
2026-03-18T14:07:00.000Z,2026-03-18T14:10:00.000Z,SELL,0.01,1,1,10.00,1,28330.00
2026-03-18T14:10:00.000Z,2026-03-18T14:17:00.000Z,SELL,0.01,1,1,10.00,1,28340.00
2026-03-18T14:17:00.000Z,2026-03-18T14:32:00.000Z,SELL,0.01,1,1,10.00,1,28350.00
2026-03-18T14:32:00.000Z,2026-03-18T14:38:00.000Z,SELL,0.01,1,1,10.00,1,28360.00
2026-03-18T14:38:00.000Z,2026-03-18T15:00:00.000Z,SELL,0.01,1,1,10.00,1,28370.00
2026-03-18T15:00:00.000Z,2026-03-18T15:00:00.000Z,SELL,0.01,1,1,10.00,1,28380.00
2026-03-18T15:00:00.000Z,2026-03-18T15:15:00.000Z,SELL,0.01,1,1,10.00,1,28390.00
2026-03-18T15:15:00.000Z,2026-03-18T15:18:00.000Z,SELL,0.01,1,1,10.00,1,28400.00
2026-03-18T15:18:00.000Z,2026-03-18T15:39:00.000Z,SELL,0.01,2,1,10.00,2,28410.00
2026-03-18T15:39:00.000Z,2026-03-18T16:31:00.000Z,SELL,0.01,3,1,10.00,3,28420.00
2026-03-18T16:31:00.000Z,2026-03-18T18:54:00.000Z,SELL,0.01,2,1,10.00,2,28430.00
2026-03-18T18:54:00.000Z,2026-03-18T20:25:00.000Z,SELL,0.01,1,1,10.00,1,28440.00
2026-03-18T20:25:00.000Z,2026-03-18T20:49:00.000Z,SELL,0.01,1,1,10.00,1,28450.00
2026-03-18T20:49:00.000Z,2026-03-18T20:58:00.000Z,SELL,0.01,1,1,10.00,1,28460.00
2026-03-18T20:58:00.000Z,2026-03-18T21:00:00.000Z,SELL,0.01,1,1,10.00,1,28470.00
2026-03-18T21:00:00.000Z,2026-03-18T22:09:00.000Z,SELL,0.01,1,1,10.00,1,28480.00
2026-03-18T22:09:00.000Z,2026-03-18T22:14:00.000Z,SELL,0.01,1,1,10.00,1,28490.00
2026-03-18T22:14:00.000Z,2026-03-18T22:28:00.000Z,SELL,0.01,1,1,10.00,1,28500.00
2026-03-18T22:28:00.000Z,2026-03-18T22:31:00.000Z,SELL,0.01,1,1,10.00,1,28510.00
2026-03-18T22:31:00.000Z,2026-03-19T00:02:00.000Z,SELL,0.01,2,1,10.00,2,28520.00
2026-03-19T00:02:00.000Z,2026-03-19T00:04:00.000Z,SELL,0.01,1,1,10.00,1,28530.00
2026-03-19T00:04:00.000Z,2026-03-19T00:14:00.000Z,SELL,0.01,1,1,10.00,1,28540.00
2026-03-19T00:14:00.000Z,2026-03-19T00:21:00.000Z,SELL,0.01,1,1,10.00,1,28550.00
2026-03-19T00:21:00.000Z,2026-03-19T00:48:00.000Z,SELL,0.01,2,1,10.00,2,28560.00
2026-03-19T00:48:00.000Z,2026-03-19T03:41:00.000Z,SELL,0.01,2,1,10.00,2,28570.00
2026-03-19T03:41:00.000Z,2026-03-19T03:48:00.000Z,SELL,0.01,1,1,10.00,1,28580.00
2026-03-19T03:48:00.000Z,2026-03-19T04:05:00.000Z,SELL,0.01,1,1,10.00,1,28590.00
2026-03-19T04:05:00.000Z,2026-03-19T07:39:00.000Z,SELL,0.01,3,1,10.00,3,28600.00
2026-03-19T07:39:00.000Z,2026-03-19T08:17:00.000Z,SELL,0.01,1,1,10.00,1,28610.00
2026-03-19T08:17:00.000Z,2026-03-19T08:29:00.000Z,SELL,0.01,1,1,10.00,1,28620.00
2026-03-19T08:29:00.000Z,2026-03-19T08:35:00.000Z,SELL,0.01,1,1,10.00,1,28630.00
2026-03-19T08:35:00.000Z,2026-03-19T08:37:00.000Z,SELL,0.01,1,1,10.00,1,28640.00
2026-03-19T08:37:00.000Z,2026-03-19T08:42:00.000Z,SELL,0.01,1,1,10.00,1,28650.00
2026-03-19T08:42:00.000Z,2026-03-19T08:46:00.000Z,SELL,0.01,1,1,10.00,1,28660.00
2026-03-19T08:46:00.000Z,2026-03-19T08:47:00.000Z,SELL,0.01,1,1,10.00,1,28670.00
2026-03-19T08:47:00.000Z,2026-03-19T08:50:00.000Z,SELL,0.01,1,1,10.00,1,28680.00
2026-03-19T08:50:00.000Z,2026-03-19T09:13:00.000Z,SELL,0.01,2,1,10.00,2,28690.00
2026-03-19T09:13:00.000Z,2026-03-19T09:20:00.000Z,SELL,0.01,1,1,10.00,1,28700.00
2026-03-19T09:20:00.000Z,2026-03-19T09:24:00.000Z,SELL,0.01,1,1,10.00,1,28710.00
2026-03-19T09:24:00.000Z,2026-03-19T09:42:00.000Z,SELL,0.01,1,1,10.00,1,28720.00
2026-03-19T09:42:00.000Z,2026-03-19T09:44:00.000Z,SELL,0.01,1,1,10.00,1,28730.00
2026-03-19T09:44:00.000Z,2026-03-19T09:59:00.000Z,SELL,0.01,1,1,10.00,1,28740.00
2026-03-19T09:59:00.000Z,2026-03-19T10:05:00.000Z,SELL,0.01,1,1,10.00,1,28750.00
2026-03-19T10:05:00.000Z,2026-03-19T10:11:00.000Z,SELL,0.01,1,1,10.00,1,28760.00
2026-03-19T10:11:00.000Z,2026-03-19T10:14:00.000Z,SELL,0.01,1,1,10.00,1,28770.00
2026-03-19T10:14:00.000Z,2026-03-19T10:17:00.000Z,SELL,0.01,2,1,10.00,2,28780.00
2026-03-19T10:17:00.000Z,2026-03-19T10:29:00.000Z,SELL,0.01,1,1,10.00,1,28790.00
2026-03-19T10:29:00.000Z,2026-03-19T10:33:00.000Z,SELL,0.01,1,1,10.00,1,28800.00
2026-03-19T10:33:00.000Z,2026-03-19T10:34:00.000Z,SELL,0.01,1,1,10.00,1,28810.00
2026-03-19T10:34:00.000Z,2026-03-19T10:42:00.000Z,SELL,0.01,1,1,10.00,1,28820.00
2026-03-19T10:42:00.000Z,2026-03-19T11:01:00.000Z,SELL,0.01,2,1,10.00,2,28830.00
2026-03-19T11:01:00.000Z,2026-03-19T11:06:00.000Z,SELL,0.01,1,1,10.00,1,28840.00
2026-03-19T11:06:00.000Z,2026-03-19T11:08:00.000Z,SELL,0.01,1,1,10.00,1,28850.00
2026-03-19T11:08:00.000Z,2026-03-19T11:13:00.000Z,SELL,0.01,1,1,10.00,1,28860.00
2026-03-19T11:13:00.000Z,2026-03-19T11:22:00.000Z,SELL,0.01,2,1,10.00,2,28870.00
2026-03-19T11:22:00.000Z,2026-03-19T11:26:00.000Z,SELL,0.01,1,1,10.00,1,28880.00
2026-03-19T11:26:00.000Z,2026-03-19T11:51:00.000Z,SELL,0.01,1,1,10.00,1,28890.00
2026-03-19T11:51:00.000Z,2026-03-19T12:17:00.000Z,SELL,0.01,3,1,10.00,3,28900.00
2026-03-19T12:17:00.000Z,2026-03-19T12:20:00.000Z,SELL,0.01,1,1,10.00,1,28910.00
2026-03-19T12:20:00.000Z,2026-03-19T12:53:00.000Z,SELL,0.01,3,1,10.00,3,28920.00
2026-03-19T12:53:00.000Z,2026-03-19T13:02:00.000Z,SELL,0.01,2,1,10.00,2,28930.00
2026-03-19T13:02:00.000Z,2026-03-19T13:04:00.000Z,SELL,0.01,1,1,10.00,1,28940.00
2026-03-19T13:04:00.000Z,2026-03-19T13:15:00.000Z,SELL,0.01,1,1,10.00,1,28950.00
2026-03-19T13:15:00.000Z,2026-03-19T13:42:00.000Z,SELL,0.01,1,1,10.00,1,28960.00
2026-03-19T13:42:00.000Z,2026-03-19T13:46:00.000Z,SELL,0.01,1,1,10.00,1,28970.00
2026-03-19T13:46:00.000Z,2026-03-19T14:01:00.000Z,SELL,0.01,1,1,10.00,1,28980.00
2026-03-19T14:01:00.000Z,2026-03-19T14:03:00.000Z,SELL,0.01,1,1,10.00,1,28990.00
2026-03-19T14:03:00.000Z,2026-03-19T14:04:00.000Z,SELL,0.01,1,1,10.00,1,29000.00
2026-03-19T14:04:00.000Z,2026-03-19T14:11:00.000Z,SELL,0.01,1,1,10.00,1,29010.00
2026-03-19T14:11:00.000Z,2026-03-19T14:24:00.000Z,SELL,0.01,1,1,10.00,1,29020.00
2026-03-19T14:24:00.000Z,2026-03-19T14:42:00.000Z,SELL,0.01,1,1,10.00,1,29030.00
2026-03-19T14:42:00.000Z,2026-03-19T14:43:00.000Z,SELL,0.01,1,1,10.00,1,29040.00
2026-03-19T14:43:00.000Z,2026-03-19T14:43:00.000Z,SELL,0.01,1,1,10.00,1,29050.00
2026-03-19T14:43:00.000Z,2026-03-19T14:44:00.000Z,SELL,0.01,1,1,10.00,1,29060.00
2026-03-19T14:44:00.000Z,2026-03-19T14:45:00.000Z,SELL,0.01,1,1,10.00,1,29070.00
2026-03-19T14:45:00.000Z,2026-03-19T14:47:00.000Z,SELL,0.01,1,1,10.00,1,29080.00
2026-03-19T14:47:00.000Z,2026-03-19T14:47:00.000Z,SELL,0.01,1,1,10.00,1,29090.00
2026-03-19T14:47:00.000Z,2026-03-19T14:51:00.000Z,SELL,0.01,2,1,10.00,2,29100.00
2026-03-19T14:51:00.000Z,2026-03-19T15:00:00.000Z,SELL,0.01,3,1,10.00,3,29110.00
2026-03-19T15:00:00.000Z,2026-03-19T15:01:00.000Z,SELL,0.01,1,1,10.00,1,29120.00
2026-03-19T15:01:00.000Z,2026-03-19T15:01:00.000Z,SELL,0.01,1,1,10.00,1,29130.00
2026-03-19T15:01:00.000Z,2026-03-19T15:02:00.000Z,SELL,0.01,1,1,10.00,1,29140.00
2026-03-19T15:02:00.000Z,2026-03-19T15:02:00.000Z,SELL,0.01,1,1,10.00,1,29150.00
2026-03-19T15:02:00.000Z,2026-03-19T15:02:00.000Z,SELL,0.01,1,1,10.00,1,29160.00
2026-03-19T15:02:00.000Z,2026-03-19T15:03:00.000Z,SELL,0.01,2,1,10.00,2,29170.00
2026-03-19T15:03:00.000Z,2026-03-19T15:05:00.000Z,SELL,0.01,2,1,10.00,2,29180.00
2026-03-19T15:05:00.000Z,2026-03-19T15:06:00.000Z,SELL,0.01,1,1,10.00,1,29190.00
2026-03-19T15:06:00.000Z,2026-03-19T15:06:00.000Z,SELL,0.01,1,1,10.00,1,29200.00
2026-03-19T15:06:00.000Z,2026-03-19T15:09:00.000Z,SELL,0.01,3,1,10.00,3,29210.00
2026-03-19T15:09:00.000Z,2026-03-19T15:18:00.000Z,SELL,0.01,2,1,10.00,2,29220.00
2026-03-19T15:18:00.000Z,2026-03-19T15:40:00.000Z,SELL,0.01,3,1,10.00,3,29230.00
2026-03-19T15:40:00.000Z,2026-03-19T15:47:00.000Z,SELL,0.01,1,1,10.00,1,29240.00
2026-03-19T15:47:00.000Z,2026-03-19T15:51:00.000Z,SELL,0.01,2,1,10.00,2,29250.00
2026-03-19T15:51:00.000Z,2026-03-19T15:56:00.000Z,SELL,0.01,2,1,10.00,2,29260.00
2026-03-19T15:56:00.000Z,2026-03-19T16:00:00.000Z,SELL,0.01,2,1,10.00,2,29270.00
2026-03-19T16:00:00.000Z,2026-03-19T16:08:00.000Z,SELL,0.01,1,1,10.00,1,29280.00
2026-03-19T16:08:00.000Z,2026-03-19T16:17:00.000Z,SELL,0.01,3,1,10.00,3,29290.00
2026-03-19T16:17:00.000Z,2026-03-19T16:23:00.000Z,SELL,0.01,1,1,10.00,1,29300.00
2026-03-19T16:23:00.000Z,2026-03-19T16:27:00.000Z,SELL,0.01,1,1,10.00,1,29310.00
2026-03-19T16:27:00.000Z,2026-03-19T16:44:00.000Z,SELL,0.01,2,1,10.00,2,29320.00
2026-03-19T16:44:00.000Z,2026-03-19T16:45:00.000Z,SELL,0.01,1,1,10.00,1,29330.00
2026-03-19T16:45:00.000Z,2026-03-19T16:59:00.000Z,SELL,0.01,1,1,10.00,1,29340.00
2026-03-19T16:59:00.000Z,2026-03-19T17:06:00.000Z,SELL,0.01,2,1,10.00,2,29350.00
2026-03-19T17:06:00.000Z,2026-03-19T17:07:00.000Z,SELL,0.01,1,1,10.00,1,29360.00
2026-03-19T17:07:00.000Z,2026-03-19T17:17:00.000Z,SELL,0.01,1,1,10.00,1,29370.00
2026-03-19T17:17:00.000Z,2026-03-19T17:26:00.000Z,SELL,0.01,1,1,10.00,1,29380.00
2026-03-19T17:26:00.000Z,2026-03-19T17:31:00.000Z,SELL,0.01,1,1,10.00,1,29390.00
2026-03-19T17:31:00.000Z,2026-03-19T17:33:00.000Z,SELL,0.01,1,1,10.00,1,29400.00
2026-03-19T17:33:00.000Z,2026-03-19T17:45:00.000Z,SELL,0.01,1,1,10.00,1,29410.00
2026-03-19T17:45:00.000Z,2026-03-19T17:56:00.000Z,SELL,0.01,2,1,10.00,2,29420.00
2026-03-19T17:56:00.000Z,2026-03-19T18:33:00.000Z,SELL,0.01,3,1,10.00,3,29430.00
2026-03-19T18:33:00.000Z,2026-03-19T18:52:00.000Z,SELL,0.01,1,1,10.00,1,29440.00
2026-03-19T18:52:00.000Z,2026-03-19T19:22:00.000Z,SELL,0.01,2,1,10.00,2,29450.00
2026-03-19T19:22:00.000Z,2026-03-19T20:36:00.000Z,SELL,0.01,3,1,10.00,3,29460.00
2026-03-19T20:36:00.000Z,2026-03-19T21:00:00.000Z,SELL,0.01,2,1,10.00,2,29470.00
2026-03-19T21:00:00.000Z,2026-03-19T21:11:00.000Z,SELL,0.01,2,1,10.00,2,29480.00
2026-03-19T21:11:00.000Z,2026-03-19T21:13:00.000Z,SELL,0.01,1,1,10.00,1,29490.00
2026-03-19T21:13:00.000Z,2026-03-19T21:26:00.000Z,SELL,0.01,1,1,10.00,1,29500.00
2026-03-19T21:26:00.000Z,2026-03-20T00:13:00.000Z,SELL,0.01,2,1,10.00,2,29510.00
2026-03-20T00:13:00.000Z,2026-03-20T00:33:00.000Z,SELL,0.01,1,1,10.00,1,29520.00
2026-03-20T00:33:00.000Z,2026-03-20T00:44:00.000Z,SELL,0.01,1,1,10.00,1,29530.00
2026-03-20T00:44:00.000Z,2026-03-20T00:59:00.000Z,SELL,0.01,1,1,10.00,1,29540.00
2026-03-20T00:59:00.000Z,2026-03-20T03:03:00.000Z,SELL,0.01,2,1,10.00,2,29550.00
2026-03-20T03:03:00.000Z,2026-03-20T03:12:00.000Z,SELL,0.01,1,1,10.00,1,29560.00
2026-03-20T03:12:00.000Z,2026-03-20T03:44:00.000Z,SELL,0.01,2,1,10.00,2,29570.00
2026-03-20T03:44:00.000Z,2026-03-20T03:56:00.000Z,SELL,0.01,1,1,10.00,1,29580.00
2026-03-20T03:56:00.000Z,2026-03-20T05:04:00.000Z,SELL,0.01,2,1,10.00,2,29590.00
2026-03-20T05:04:00.000Z,2026-03-20T07:53:00.000Z,SELL,0.01,3,1,10.00,3,29600.00
2026-03-20T07:53:00.000Z,2026-03-20T07:59:00.000Z,SELL,0.01,1,1,10.00,1,29610.00
2026-03-20T07:59:00.000Z,2026-03-20T08:38:00.000Z,SELL,0.01,1,1,10.00,1,29620.00
2026-03-20T08:38:00.000Z,2026-03-20T08:40:00.000Z,SELL,0.01,1,1,10.00,1,29630.00
2026-03-20T08:40:00.000Z,2026-03-20T09:41:00.000Z,SELL,0.01,2,1,10.00,2,29640.00
2026-03-20T09:41:00.000Z,2026-03-20T10:20:00.000Z,SELL,0.01,2,1,10.00,2,29650.00
2026-03-20T10:20:00.000Z,2026-03-20T10:30:00.000Z,SELL,0.01,1,1,10.00,1,29660.00
2026-03-20T10:30:00.000Z,2026-03-20T10:33:00.000Z,SELL,0.01,1,1,10.00,1,29670.00
2026-03-20T10:33:00.000Z,2026-03-20T10:45:00.000Z,SELL,0.01,1,1,10.00,1,29680.00
2026-03-20T10:45:00.000Z,2026-03-20T11:05:00.000Z,SELL,0.01,1,1,10.00,1,29690.00
2026-03-20T11:05:00.000Z,2026-03-20T11:40:00.000Z,SELL,0.01,1,1,10.00,1,29700.00
2026-03-20T11:40:00.000Z,2026-03-20T11:53:00.000Z,SELL,0.01,1,1,10.00,1,29710.00
2026-03-20T11:53:00.000Z,2026-03-20T12:01:00.000Z,SELL,0.01,1,1,10.00,1,29720.00
2026-03-20T12:01:00.000Z,2026-03-20T12:55:00.000Z,SELL,0.01,1,1,10.00,1,29730.00
2026-03-20T12:55:00.000Z,2026-03-20T13:42:00.000Z,SELL,0.01,2,1,10.00,2,29740.00
2026-03-20T13:42:00.000Z,2026-03-20T13:50:00.000Z,SELL,0.01,1,1,10.00,1,29750.00
2026-03-20T13:50:00.000Z,2026-03-20T14:11:00.000Z,SELL,0.01,2,1,10.00,2,29760.00
2026-03-20T14:11:00.000Z,2026-03-20T14:14:00.000Z,SELL,0.01,1,1,10.00,1,29770.00
2026-03-20T14:14:00.000Z,2026-03-20T14:31:00.000Z,SELL,0.01,1,1,10.00,1,29780.00
2026-03-20T14:31:00.000Z,2026-03-20T14:40:00.000Z,SELL,0.01,1,1,10.00,1,29790.00
2026-03-20T14:40:00.000Z,2026-03-20T15:31:00.000Z,SELL,0.01,1,1,10.00,1,29800.00
2026-03-20T15:31:00.000Z,2026-03-20T15:34:00.000Z,SELL,0.01,1,1,10.00,1,29810.00
2026-03-20T15:34:00.000Z,2026-03-20T15:51:00.000Z,SELL,0.01,3,1,10.00,3,29820.00
2026-03-20T15:51:00.000Z,2026-03-20T15:53:00.000Z,SELL,0.01,1,1,10.00,1,29830.00
2026-03-20T15:53:00.000Z,2026-03-20T16:00:00.000Z,SELL,0.01,1,1,10.00,1,29840.00
2026-03-20T16:00:00.000Z,2026-03-20T16:08:00.000Z,SELL,0.01,1,1,10.00,1,29850.00
2026-03-20T16:08:00.000Z,2026-03-20T16:13:00.000Z,SELL,0.01,1,1,10.00,1,29860.00
2026-03-20T16:13:00.000Z,2026-03-20T16:15:00.000Z,SELL,0.01,1,1,10.00,1,29870.00
2026-03-20T16:15:00.000Z,2026-03-20T16:18:00.000Z,SELL,0.01,1,1,10.00,1,29880.00
2026-03-20T16:18:00.000Z,2026-03-20T16:24:00.000Z,SELL,0.01,1,1,10.00,1,29890.00
2026-03-20T16:24:00.000Z,2026-03-20T16:55:00.000Z,SELL,0.01,3,1,10.00,3,29900.00
2026-03-20T16:55:00.000Z,2026-03-20T18:03:00.000Z,SELL,0.01,5,0,-2420.00,5,27480.00
2026-03-20T18:03:00.000Z,2026-03-20T18:19:00.000Z,SELL,0.01,2,1,10.00,2,27490.00
2026-03-20T18:19:00.000Z,2026-03-20T18:26:00.000Z,SELL,0.01,1,1,10.00,1,27500.00
2026-03-20T18:26:00.000Z,2026-03-20T18:30:00.000Z,SELL,0.01,1,1,10.00,1,27510.00
2026-03-20T18:30:00.000Z,2026-03-20T18:48:00.000Z,SELL,0.01,1,1,10.00,1,27520.00
2026-03-20T18:48:00.000Z,2026-03-20T19:08:00.000Z,SELL,0.01,2,1,10.00,2,27530.00
2026-03-20T19:08:00.000Z,2026-03-20T19:11:00.000Z,SELL,0.01,1,1,10.00,1,27540.00
2026-03-20T19:11:00.000Z,2026-03-20T19:15:00.000Z,SELL,0.01,1,1,10.00,1,27550.00
2026-03-20T19:15:00.000Z,2026-03-20T19:24:00.000Z,SELL,0.01,1,1,10.00,1,27560.00
2026-03-20T19:24:00.000Z,2026-03-20T19:35:00.000Z,SELL,0.01,1,1,10.00,1,27570.00
2026-03-20T19:35:00.000Z,2026-03-20T20:22:00.000Z,SELL,0.01,3,1,10.00,3,27580.00
2026-03-20T20:22:00.000Z,2026-03-20T20:22:00.000Z,SELL,0.01,1,1,10.00,1,27590.00
2026-03-20T20:22:00.000Z,2026-03-20T20:43:00.000Z,SELL,0.01,3,1,10.00,3,27600.00
2026-03-20T20:43:00.000Z,2026-03-20T20:47:00.000Z,SELL,0.01,1,1,10.00,1,27610.00
2026-03-20T20:47:00.000Z,2026-03-20T20:50:00.000Z,SELL,0.01,1,1,10.00,1,27620.00
2026-03-20T20:50:00.000Z,2026-03-20T20:55:00.000Z,SELL,0.01,1,1,10.00,1,27630.00
2026-03-20T20:55:00.000Z,2026-03-20T20:55:00.000Z,SELL,0.01,1,1,10.00,1,27640.00
2026-03-20T20:55:00.000Z,2026-03-20T21:30:00.000Z,SELL,0.01,5,0,-2420.00,5,25220.00
2026-03-20T21:30:00.000Z,2026-03-20T21:35:00.000Z,SELL,0.01,1,1,10.00,1,25230.00
2026-03-20T21:35:00.000Z,2026-03-23T00:01:00.000Z,SELL,0.01,3,1,10.00,3,25240.00
2026-03-23T00:01:00.000Z,2026-03-23T00:02:00.000Z,SELL,0.01,1,1,10.00,1,25250.00
2026-03-23T00:02:00.000Z,2026-03-23T00:02:00.000Z,SELL,0.01,1,1,10.00,1,25260.00
2026-03-23T00:02:00.000Z,2026-03-23T00:03:00.000Z,SELL,0.01,1,1,10.00,1,25270.00
2026-03-23T00:03:00.000Z,2026-03-23T00:05:00.000Z,SELL,0.01,2,1,10.00,2,25280.00
2026-03-23T00:05:00.000Z,2026-03-23T00:07:00.000Z,SELL,0.01,2,1,10.00,2,25290.00
2026-03-23T00:07:00.000Z,2026-03-23T00:08:00.000Z,SELL,0.01,1,1,10.00,1,25300.00
2026-03-23T00:08:00.000Z,2026-03-23T00:08:00.000Z,SELL,0.01,1,1,10.00,1,25310.00
2026-03-23T00:08:00.000Z,2026-03-23T00:22:00.000Z,SELL,0.01,4,1,10.00,4,25320.00
2026-03-23T00:22:00.000Z,2026-03-23T00:33:00.000Z,SELL,0.01,1,1,10.00,1,25330.00
2026-03-23T00:33:00.000Z,2026-03-23T00:55:00.000Z,SELL,0.01,1,1,10.00,1,25340.00
2026-03-23T00:55:00.000Z,2026-03-23T00:57:00.000Z,SELL,0.01,1,1,10.00,1,25350.00
2026-03-23T00:57:00.000Z,2026-03-23T01:25:00.000Z,SELL,0.01,1,1,10.00,1,25360.00
2026-03-23T01:25:00.000Z,2026-03-23T01:36:00.000Z,SELL,0.01,1,1,10.00,1,25370.00
2026-03-23T01:36:00.000Z,2026-03-23T01:48:00.000Z,SELL,0.01,3,1,10.00,3,25380.00
2026-03-23T01:48:00.000Z,2026-03-23T01:54:00.000Z,SELL,0.01,1,1,10.00,1,25390.00
2026-03-23T01:54:00.000Z,2026-03-23T02:03:00.000Z,SELL,0.01,3,1,10.00,3,25400.00
2026-03-23T02:03:00.000Z,2026-03-23T02:05:00.000Z,SELL,0.01,1,1,10.00,1,25410.00
2026-03-23T02:05:00.000Z,2026-03-23T02:15:00.000Z,SELL,0.01,3,1,10.00,3,25420.00
2026-03-23T02:15:00.000Z,2026-03-23T02:15:00.000Z,SELL,0.01,1,1,10.00,1,25430.00
2026-03-23T02:15:00.000Z,2026-03-23T02:25:00.000Z,SELL,0.01,2,1,10.00,2,25440.00
2026-03-23T02:25:00.000Z,2026-03-23T02:27:00.000Z,SELL,0.01,1,1,10.00,1,25450.00
2026-03-23T02:27:00.000Z,2026-03-23T02:32:00.000Z,SELL,0.01,1,1,10.00,1,25460.00
2026-03-23T02:32:00.000Z,2026-03-23T02:34:00.000Z,SELL,0.01,1,1,10.00,1,25470.00
2026-03-23T02:34:00.000Z,2026-03-23T02:34:00.000Z,SELL,0.01,1,1,10.00,1,25480.00
2026-03-23T02:34:00.000Z,2026-03-23T02:35:00.000Z,SELL,0.01,1,1,10.00,1,25490.00
2026-03-23T02:35:00.000Z,2026-03-23T02:35:00.000Z,SELL,0.01,1,1,10.00,1,25500.00
2026-03-23T02:35:00.000Z,2026-03-23T02:35:00.000Z,SELL,0.01,1,1,10.00,1,25510.00
2026-03-23T02:35:00.000Z,2026-03-23T02:36:00.000Z,SELL,0.01,1,1,10.00,1,25520.00
2026-03-23T02:36:00.000Z,2026-03-23T02:36:00.000Z,SELL,0.01,1,1,10.00,1,25530.00
2026-03-23T02:36:00.000Z,2026-03-23T02:36:00.000Z,SELL,0.01,1,1,10.00,1,25540.00
2026-03-23T02:36:00.000Z,2026-03-23T02:52:00.000Z,SELL,0.01,3,1,10.00,3,25550.00
2026-03-23T02:52:00.000Z,2026-03-23T02:58:00.000Z,SELL,0.01,2,1,10.00,2,25560.00
2026-03-23T02:58:00.000Z,2026-03-23T03:00:00.000Z,SELL,0.01,1,1,10.00,1,25570.00
2026-03-23T03:00:00.000Z,2026-03-23T03:00:00.000Z,SELL,0.01,1,1,10.00,1,25580.00
2026-03-23T03:00:00.000Z,2026-03-23T03:04:00.000Z,SELL,0.01,2,1,10.00,2,25590.00
2026-03-23T03:04:00.000Z,2026-03-23T03:08:00.000Z,SELL,0.01,2,1,10.00,2,25600.00
2026-03-23T03:08:00.000Z,2026-03-23T03:18:00.000Z,SELL,0.01,2,1,10.00,2,25610.00
2026-03-23T03:18:00.000Z,2026-03-23T03:30:00.000Z,SELL,0.01,1,1,10.00,1,25620.00
2026-03-23T03:30:00.000Z,2026-03-23T03:33:00.000Z,SELL,0.01,2,1,10.00,2,25630.00
2026-03-23T03:33:00.000Z,2026-03-23T03:34:00.000Z,SELL,0.01,1,1,10.00,1,25640.00
2026-03-23T03:34:00.000Z,2026-03-23T03:44:00.000Z,SELL,0.01,1,1,10.00,1,25650.00
2026-03-23T03:44:00.000Z,2026-03-23T03:48:00.000Z,SELL,0.01,1,1,10.00,1,25660.00
2026-03-23T03:48:00.000Z,2026-03-23T03:51:00.000Z,SELL,0.01,1,1,10.00,1,25670.00
2026-03-23T03:51:00.000Z,2026-03-23T03:57:00.000Z,SELL,0.01,1,1,10.00,1,25680.00
2026-03-23T03:57:00.000Z,2026-03-23T03:58:00.000Z,SELL,0.01,1,1,10.00,1,25690.00
2026-03-23T03:58:00.000Z,2026-03-23T04:02:00.000Z,SELL,0.01,2,1,10.00,2,25700.00
2026-03-23T04:02:00.000Z,2026-03-23T04:09:00.000Z,SELL,0.01,1,1,10.00,1,25710.00
2026-03-23T04:09:00.000Z,2026-03-23T04:12:00.000Z,SELL,0.01,1,1,10.00,1,25720.00
2026-03-23T04:12:00.000Z,2026-03-23T04:32:00.000Z,SELL,0.01,3,1,10.00,3,25730.00
2026-03-23T04:32:00.000Z,2026-03-23T04:37:00.000Z,SELL,0.01,1,1,10.00,1,25740.00
2026-03-23T04:37:00.000Z,2026-03-23T04:53:00.000Z,SELL,0.01,1,1,10.00,1,25750.00
2026-03-23T04:53:00.000Z,2026-03-23T04:53:00.000Z,SELL,0.01,1,1,10.00,1,25760.00
2026-03-23T04:53:00.000Z,2026-03-23T05:36:00.000Z,SELL,0.01,3,1,10.00,3,25770.00
2026-03-23T05:36:00.000Z,2026-03-23T05:42:00.000Z,SELL,0.01,1,1,10.00,1,25780.00
2026-03-23T05:42:00.000Z,2026-03-23T06:00:00.000Z,SELL,0.01,2,1,10.00,2,25790.00
2026-03-23T06:00:00.000Z,2026-03-23T06:52:00.000Z,SELL,0.01,1,1,10.00,1,25800.00
2026-03-23T06:52:00.000Z,2026-03-23T07:30:00.000Z,SELL,0.01,3,1,10.00,3,25810.00
2026-03-23T07:30:00.000Z,2026-03-23T07:30:00.000Z,SELL,0.01,1,1,10.00,1,25820.00
2026-03-23T07:30:00.000Z,2026-03-23T07:33:00.000Z,SELL,0.01,1,1,10.00,1,25830.00
2026-03-23T07:33:00.000Z,2026-03-23T07:52:00.000Z,SELL,0.01,1,1,10.00,1,25840.00
2026-03-23T07:52:00.000Z,2026-03-23T07:54:00.000Z,SELL,0.01,1,1,10.00,1,25850.00
2026-03-23T07:54:00.000Z,2026-03-23T08:02:00.000Z,SELL,0.01,1,1,10.00,1,25860.00
2026-03-23T08:02:00.000Z,2026-03-23T08:05:00.000Z,SELL,0.01,1,1,10.00,1,25870.00
2026-03-23T08:05:00.000Z,2026-03-23T08:07:00.000Z,SELL,0.01,1,1,10.00,1,25880.00
2026-03-23T08:07:00.000Z,2026-03-23T08:15:00.000Z,SELL,0.01,2,1,10.00,2,25890.00
2026-03-23T08:15:00.000Z,2026-03-23T08:16:00.000Z,SELL,0.01,1,1,10.00,1,25900.00
2026-03-23T08:16:00.000Z,2026-03-23T08:17:00.000Z,SELL,0.01,1,1,10.00,1,25910.00
2026-03-23T08:17:00.000Z,2026-03-23T08:22:00.000Z,SELL,0.01,1,1,10.00,1,25920.00
2026-03-23T08:22:00.000Z,2026-03-23T08:28:00.000Z,SELL,0.01,1,1,10.00,1,25930.00
2026-03-23T08:28:00.000Z,2026-03-23T08:28:00.000Z,SELL,0.01,1,1,10.00,1,25940.00
2026-03-23T08:28:00.000Z,2026-03-23T08:29:00.000Z,SELL,0.01,1,1,10.00,1,25950.00
2026-03-23T08:29:00.000Z,2026-03-23T08:31:00.000Z,SELL,0.01,1,1,10.00,1,25960.00
2026-03-23T08:31:00.000Z,2026-03-23T08:36:00.000Z,SELL,0.01,1,1,10.00,1,25970.00
2026-03-23T08:36:00.000Z,2026-03-23T08:43:00.000Z,SELL,0.01,3,1,10.00,3,25980.00
2026-03-23T08:43:00.000Z,2026-03-23T08:43:00.000Z,SELL,0.01,1,1,10.00,1,25990.00
2026-03-23T08:43:00.000Z,2026-03-23T08:44:00.000Z,SELL,0.01,1,1,10.00,1,26000.00
2026-03-23T08:44:00.000Z,2026-03-23T08:47:00.000Z,SELL,0.01,1,1,10.00,1,26010.00
2026-03-23T08:47:00.000Z,2026-03-23T08:47:00.000Z,SELL,0.01,1,1,10.00,1,26020.00
2026-03-23T08:47:00.000Z,2026-03-23T08:49:00.000Z,SELL,0.01,2,1,10.00,2,26030.00
2026-03-23T08:49:00.000Z,2026-03-23T08:52:00.000Z,SELL,0.01,2,1,10.00,2,26040.00
2026-03-23T08:52:00.000Z,2026-03-23T08:54:00.000Z,SELL,0.01,1,1,10.00,1,26050.00
2026-03-23T08:54:00.000Z,2026-03-23T08:59:00.000Z,SELL,0.01,1,1,10.00,1,26060.00
2026-03-23T08:59:00.000Z,2026-03-23T09:01:00.000Z,SELL,0.01,1,1,10.00,1,26070.00
2026-03-23T09:01:00.000Z,2026-03-23T09:01:00.000Z,SELL,0.01,1,1,10.00,1,26080.00
2026-03-23T09:01:00.000Z,2026-03-23T09:05:00.000Z,SELL,0.01,1,1,10.00,1,26090.00
2026-03-23T09:05:00.000Z,2026-03-23T09:06:00.000Z,SELL,0.01,1,1,10.00,1,26100.00
2026-03-23T09:06:00.000Z,2026-03-23T09:06:00.000Z,SELL,0.01,1,1,10.00,1,26110.00
2026-03-23T09:06:00.000Z,2026-03-23T09:08:00.000Z,SELL,0.01,1,1,10.00,1,26120.00
2026-03-23T09:08:00.000Z,2026-03-23T09:08:00.000Z,SELL,0.01,1,1,10.00,1,26130.00
2026-03-23T09:08:00.000Z,2026-03-23T09:10:00.000Z,SELL,0.01,2,1,10.00,2,26140.00
2026-03-23T09:10:00.000Z,2026-03-23T09:11:00.000Z,SELL,0.01,1,1,10.00,1,26150.00
2026-03-23T09:11:00.000Z,2026-03-23T09:11:00.000Z,SELL,0.01,1,1,10.00,1,26160.00
2026-03-23T09:11:00.000Z,2026-03-23T09:13:00.000Z,SELL,0.01,1,1,10.00,1,26170.00
2026-03-23T09:13:00.000Z,2026-03-23T09:14:00.000Z,SELL,0.01,1,1,10.00,1,26180.00
2026-03-23T09:14:00.000Z,2026-03-23T09:17:00.000Z,SELL,0.01,2,1,10.00,2,26190.00
2026-03-23T09:17:00.000Z,2026-03-23T09:17:00.000Z,SELL,0.01,1,1,10.00,1,26200.00
2026-03-23T09:17:00.000Z,2026-03-23T09:18:00.000Z,SELL,0.01,1,1,10.00,1,26210.00
2026-03-23T09:18:00.000Z,2026-03-23T09:18:00.000Z,SELL,0.01,1,1,10.00,1,26220.00
2026-03-23T09:18:00.000Z,2026-03-23T09:18:00.000Z,SELL,0.01,1,1,10.00,1,26230.00
2026-03-23T09:18:00.000Z,2026-03-23T09:20:00.000Z,SELL,0.01,1,1,10.00,1,26240.00
2026-03-23T09:20:00.000Z,2026-03-23T09:24:00.000Z,SELL,0.01,2,1,10.00,2,26250.00
2026-03-23T09:24:00.000Z,2026-03-23T09:25:00.000Z,SELL,0.01,1,1,10.00,1,26260.00
2026-03-23T09:25:00.000Z,2026-03-23T09:25:00.000Z,SELL,0.01,1,1,10.00,1,26270.00
2026-03-23T09:25:00.000Z,2026-03-23T09:31:00.000Z,SELL,0.01,4,1,10.00,4,26280.00
2026-03-23T09:31:00.000Z,2026-03-23T09:32:00.000Z,SELL,0.01,1,1,10.00,1,26290.00
2026-03-23T09:32:00.000Z,2026-03-23T09:36:00.000Z,SELL,0.01,2,1,10.00,2,26300.00
2026-03-23T09:36:00.000Z,2026-03-23T09:38:00.000Z,SELL,0.01,2,1,10.00,2,26310.00
2026-03-23T09:38:00.000Z,2026-03-23T09:39:00.000Z,SELL,0.01,1,1,10.00,1,26320.00
2026-03-23T09:39:00.000Z,2026-03-23T09:40:00.000Z,SELL,0.01,1,1,10.00,1,26330.00
2026-03-23T09:40:00.000Z,2026-03-23T09:41:00.000Z,SELL,0.01,2,1,10.00,2,26340.00
2026-03-23T09:41:00.000Z,2026-03-23T09:42:00.000Z,SELL,0.01,1,1,10.00,1,26350.00
2026-03-23T09:42:00.000Z,2026-03-23T09:46:00.000Z,SELL,0.01,2,1,10.00,2,26360.00
2026-03-23T09:46:00.000Z,2026-03-23T09:49:00.000Z,SELL,0.01,1,1,10.00,1,26370.00
2026-03-23T09:49:00.000Z,2026-03-23T09:52:00.000Z,SELL,0.01,1,1,10.00,1,26380.00
2026-03-23T09:52:00.000Z,2026-03-23T09:53:00.000Z,SELL,0.01,1,1,10.00,1,26390.00
2026-03-23T09:53:00.000Z,2026-03-23T10:00:00.000Z,SELL,0.01,2,1,10.00,2,26400.00
2026-03-23T10:00:00.000Z,2026-03-23T10:02:00.000Z,SELL,0.01,1,1,10.00,1,26410.00
2026-03-23T10:02:00.000Z,2026-03-23T10:11:00.000Z,SELL,0.01,2,1,10.00,2,26420.00
2026-03-23T10:11:00.000Z,2026-03-23T10:16:00.000Z,SELL,0.01,1,1,10.00,1,26430.00
2026-03-23T10:16:00.000Z,2026-03-23T10:17:00.000Z,SELL,0.01,1,1,10.00,1,26440.00
2026-03-23T10:17:00.000Z,2026-03-23T10:19:00.000Z,SELL,0.01,1,1,10.00,1,26450.00
2026-03-23T10:19:00.000Z,2026-03-23T10:31:00.000Z,SELL,0.01,2,1,10.00,2,26460.00
2026-03-23T10:31:00.000Z,2026-03-23T10:50:00.000Z,SELL,0.01,5,1,10.00,5,26470.00
2026-03-23T10:50:00.000Z,2026-03-23T10:56:00.000Z,SELL,0.01,1,1,10.00,1,26480.00
2026-03-23T10:56:00.000Z,2026-03-23T10:59:00.000Z,SELL,0.01,2,1,10.00,2,26490.00
2026-03-23T10:59:00.000Z,2026-03-23T11:16:00.000Z,SELL,0.01,2,1,10.00,2,26500.00
2026-03-23T11:16:00.000Z,2026-03-23T11:36:00.000Z,SELL,0.01,3,1,10.00,3,26510.00
2026-03-23T11:36:00.000Z,2026-03-23T11:37:00.000Z,SELL,0.01,1,1,10.00,1,26520.00
2026-03-23T11:37:00.000Z,2026-03-23T11:39:00.000Z,SELL,0.01,1,1,10.00,1,26530.00
2026-03-23T11:39:00.000Z,2026-03-23T11:39:00.000Z,SELL,0.01,1,1,10.00,1,26540.00
2026-03-23T11:39:00.000Z,2026-03-23T11:43:00.000Z,SELL,0.01,1,1,10.00,1,26550.00
2026-03-23T11:43:00.000Z,2026-03-23T12:04:00.000Z,SELL,0.01,2,1,10.00,2,26560.00
2026-03-23T12:04:00.000Z,2026-03-23T12:37:00.000Z,SELL,0.01,1,1,10.00,1,26570.00
2026-03-23T12:37:00.000Z,2026-03-23T12:50:00.000Z,SELL,0.01,2,1,10.00,2,26580.00
2026-03-23T12:50:00.000Z,2026-03-23T12:51:00.000Z,SELL,0.01,1,1,10.00,1,26590.00
2026-03-23T12:51:00.000Z,2026-03-23T12:55:00.000Z,SELL,0.01,1,1,10.00,1,26600.00
2026-03-23T12:55:00.000Z,2026-03-23T13:01:00.000Z,SELL,0.01,2,1,10.00,2,26610.00
2026-03-23T13:01:00.000Z,2026-03-23T13:03:00.000Z,SELL,0.01,1,1,10.00,1,26620.00
2026-03-23T13:03:00.000Z,2026-03-23T13:05:00.000Z,SELL,0.01,2,1,10.00,2,26630.00
2026-03-23T13:05:00.000Z,2026-03-23T13:05:00.000Z,SELL,0.01,2,1,10.00,2,26640.00
2026-03-23T13:05:00.000Z,2026-03-23T13:06:00.000Z,SELL,0.01,2,1,10.00,2,26650.00
2026-03-23T13:06:00.000Z,2026-03-23T13:07:00.000Z,SELL,0.01,2,1,10.00,2,26660.00
2026-03-23T13:07:00.000Z,2026-03-23T13:08:00.000Z,SELL,0.01,3,1,10.00,3,26670.00
2026-03-23T13:08:00.000Z,2026-03-23T13:08:00.000Z,SELL,0.01,1,1,10.00,1,26680.00
2026-03-23T13:08:00.000Z,2026-03-23T13:09:00.000Z,SELL,0.01,2,1,10.00,2,26690.00
2026-03-23T13:09:00.000Z,2026-03-23T13:10:00.000Z,SELL,0.01,1,1,10.00,1,26700.00
2026-03-23T13:10:00.000Z,2026-03-23T13:10:00.000Z,SELL,0.01,2,1,10.00,2,26710.00
2026-03-23T13:10:00.000Z,2026-03-23T13:11:00.000Z,SELL,0.01,2,1,10.00,2,26720.00
2026-03-23T13:11:00.000Z,2026-03-23T13:11:00.000Z,SELL,0.01,1,1,10.00,1,26730.00
2026-03-23T13:11:00.000Z,2026-03-23T13:11:00.000Z,SELL,0.01,1,1,10.00,1,26740.00
2026-03-23T13:11:00.000Z,2026-03-23T13:11:00.000Z,SELL,0.01,1,1,10.00,1,26750.00
2026-03-23T13:11:00.000Z,2026-03-23T13:11:00.000Z,SELL,0.01,1,1,10.00,1,26760.00
2026-03-23T13:11:00.000Z,2026-03-23T13:14:00.000Z,SELL,0.01,2,1,10.00,2,26770.00
2026-03-23T13:14:00.000Z,2026-03-23T13:15:00.000Z,SELL,0.01,1,1,10.00,1,26780.00
2026-03-23T13:15:00.000Z,2026-03-23T13:15:00.000Z,SELL,0.01,1,1,10.00,1,26790.00
2026-03-23T13:15:00.000Z,2026-03-23T13:16:00.000Z,SELL,0.01,1,1,10.00,1,26800.00
2026-03-23T13:16:00.000Z,2026-03-23T13:16:00.000Z,SELL,0.01,1,1,10.00,1,26810.00
2026-03-23T13:16:00.000Z,2026-03-23T13:18:00.000Z,SELL,0.01,1,1,10.00,1,26820.00
2026-03-23T13:18:00.000Z,2026-03-23T13:19:00.000Z,SELL,0.01,1,1,10.00,1,26830.00
2026-03-23T13:19:00.000Z,2026-03-23T13:20:00.000Z,SELL,0.01,1,1,10.00,1,26840.00
2026-03-23T13:20:00.000Z,2026-03-23T13:21:00.000Z,SELL,0.01,1,1,10.00,1,26850.00
2026-03-23T13:21:00.000Z,2026-03-23T13:22:00.000Z,SELL,0.01,1,1,10.00,1,26860.00
2026-03-23T13:22:00.000Z,2026-03-23T13:25:00.000Z,SELL,0.01,2,1,10.00,2,26870.00
2026-03-23T13:25:00.000Z,2026-03-23T13:28:00.000Z,SELL,0.01,1,1,10.00,1,26880.00
2026-03-23T13:28:00.000Z,2026-03-23T13:31:00.000Z,SELL,0.01,2,1,10.00,2,26890.00
2026-03-23T13:31:00.000Z,2026-03-23T13:38:00.000Z,SELL,0.01,3,1,10.00,3,26900.00
2026-03-23T13:38:00.000Z,2026-03-23T13:40:00.000Z,SELL,0.01,1,1,10.00,1,26910.00
2026-03-23T13:40:00.000Z,2026-03-23T13:45:00.000Z,SELL,0.01,2,1,10.00,2,26920.00
2026-03-23T13:45:00.000Z,2026-03-23T13:46:00.000Z,SELL,0.01,1,1,10.00,1,26930.00
2026-03-23T13:46:00.000Z,2026-03-23T13:47:00.000Z,SELL,0.01,1,1,10.00,1,26940.00
2026-03-23T13:47:00.000Z,2026-03-23T13:48:00.000Z,SELL,0.01,1,1,10.00,1,26950.00
2026-03-23T13:48:00.000Z,2026-03-23T13:54:00.000Z,SELL,0.01,2,1,10.00,2,26960.00
2026-03-23T13:54:00.000Z,2026-03-23T13:54:00.000Z,SELL,0.01,1,1,10.00,1,26970.00
2026-03-23T13:54:00.000Z,2026-03-23T13:55:00.000Z,SELL,0.01,1,1,10.00,1,26980.00
2026-03-23T13:55:00.000Z,2026-03-23T13:56:00.000Z,SELL,0.01,1,1,10.00,1,26990.00
2026-03-23T13:56:00.000Z,2026-03-23T13:57:00.000Z,SELL,0.01,1,1,10.00,1,27000.00
2026-03-23T13:57:00.000Z,2026-03-23T13:58:00.000Z,SELL,0.01,1,1,10.00,1,27010.00
2026-03-23T13:58:00.000Z,2026-03-23T14:03:00.000Z,SELL,0.01,1,1,10.00,1,27020.00
2026-03-23T14:03:00.000Z,2026-03-23T14:05:00.000Z,SELL,0.01,1,1,10.00,1,27030.00
2026-03-23T14:05:00.000Z,2026-03-23T14:10:00.000Z,SELL,0.01,2,1,10.00,2,27040.00
2026-03-23T14:10:00.000Z,2026-03-23T14:13:00.000Z,SELL,0.01,1,1,10.00,1,27050.00
2026-03-23T14:13:00.000Z,2026-03-23T14:14:00.000Z,SELL,0.01,1,1,10.00,1,27060.00
2026-03-23T14:14:00.000Z,2026-03-23T14:17:00.000Z,SELL,0.01,2,1,10.00,2,27070.00
2026-03-23T14:17:00.000Z,2026-03-23T14:37:00.000Z,SELL,0.01,4,1,10.00,4,27080.00
2026-03-23T14:37:00.000Z,2026-03-23T14:38:00.000Z,SELL,0.01,1,1,10.00,1,27090.00
2026-03-23T14:38:00.000Z,2026-03-23T14:42:00.000Z,SELL,0.01,2,1,10.00,2,27100.00
2026-03-23T14:42:00.000Z,2026-03-23T14:49:00.000Z,SELL,0.01,2,1,10.00,2,27110.00
2026-03-23T14:49:00.000Z,2026-03-23T15:01:00.000Z,SELL,0.01,3,1,10.00,3,27120.00
2026-03-23T15:01:00.000Z,2026-03-23T15:02:00.000Z,SELL,0.01,1,1,10.00,1,27130.00
2026-03-23T15:02:00.000Z,2026-03-23T15:07:00.000Z,SELL,0.01,1,1,10.00,1,27140.00
2026-03-23T15:07:00.000Z,2026-03-23T15:22:00.000Z,SELL,0.01,3,1,10.00,3,27150.00
2026-03-23T15:22:00.000Z,2026-03-23T15:25:00.000Z,SELL,0.01,1,1,10.00,1,27160.00
2026-03-23T15:25:00.000Z,2026-03-23T15:41:00.000Z,SELL,0.01,2,1,10.00,2,27170.00
2026-03-23T15:41:00.000Z,2026-03-23T15:44:00.000Z,SELL,0.01,1,1,10.00,1,27180.00
2026-03-23T15:44:00.000Z,2026-03-23T15:45:00.000Z,SELL,0.01,1,1,10.00,1,27190.00
2026-03-23T15:45:00.000Z,2026-03-23T15:51:00.000Z,SELL,0.01,2,1,10.00,2,27200.00
2026-03-23T15:51:00.000Z,2026-03-23T15:55:00.000Z,SELL,0.01,1,1,10.00,1,27210.00
2026-03-23T15:55:00.000Z,2026-03-23T16:01:00.000Z,SELL,0.01,2,1,10.00,2,27220.00
2026-03-23T16:01:00.000Z,2026-03-23T16:05:00.000Z,SELL,0.01,1,1,10.00,1,27230.00
2026-03-23T16:05:00.000Z,2026-03-23T16:18:00.000Z,SELL,0.01,2,1,10.00,2,27240.00
2026-03-23T16:18:00.000Z,2026-03-23T16:30:00.000Z,SELL,0.01,3,1,10.00,3,27250.00
2026-03-23T16:30:00.000Z,2026-03-23T16:45:00.000Z,SELL,0.01,3,1,10.00,3,27260.00
2026-03-23T16:45:00.000Z,2026-03-23T16:50:00.000Z,SELL,0.01,1,1,10.00,1,27270.00
2026-03-23T16:50:00.000Z,2026-03-23T17:16:00.000Z,SELL,0.01,3,1,10.00,3,27280.00
2026-03-23T17:16:00.000Z,2026-03-23T17:18:00.000Z,SELL,0.01,1,1,10.00,1,27290.00
2026-03-23T17:18:00.000Z,2026-03-23T17:18:00.000Z,SELL,0.01,1,1,10.00,1,27300.00
2026-03-23T17:18:00.000Z,2026-03-23T17:24:00.000Z,SELL,0.01,2,1,10.00,2,27310.00
2026-03-23T17:24:00.000Z,2026-03-23T17:26:00.000Z,SELL,0.01,1,1,10.00,1,27320.00
2026-03-23T17:26:00.000Z,2026-03-23T17:34:00.000Z,SELL,0.01,1,1,10.00,1,27330.00
2026-03-23T17:34:00.000Z,2026-03-23T17:35:00.000Z,SELL,0.01,1,1,10.00,1,27340.00
2026-03-23T17:35:00.000Z,2026-03-23T17:38:00.000Z,SELL,0.01,1,1,10.00,1,27350.00
2026-03-23T17:38:00.000Z,2026-03-23T17:44:00.000Z,SELL,0.01,1,1,10.00,1,27360.00
2026-03-23T17:44:00.000Z,2026-03-23T17:47:00.000Z,SELL,0.01,1,1,10.00,1,27370.00
2026-03-23T17:47:00.000Z,2026-03-23T17:52:00.000Z,SELL,0.01,1,1,10.00,1,27380.00
2026-03-23T17:52:00.000Z,2026-03-23T17:55:00.000Z,SELL,0.01,1,1,10.00,1,27390.00
2026-03-23T17:55:00.000Z,2026-03-23T17:56:00.000Z,SELL,0.01,1,1,10.00,1,27400.00
2026-03-23T17:56:00.000Z,2026-03-23T17:57:00.000Z,SELL,0.01,1,1,10.00,1,27410.00
2026-03-23T17:57:00.000Z,2026-03-23T18:12:00.000Z,SELL,0.01,4,1,10.00,4,27420.00
2026-03-23T18:12:00.000Z,2026-03-23T18:17:00.000Z,SELL,0.01,1,1,10.00,1,27430.00
2026-03-23T18:17:00.000Z,2026-03-23T18:19:00.000Z,SELL,0.01,1,1,10.00,1,27440.00
2026-03-23T18:19:00.000Z,2026-03-23T18:25:00.000Z,SELL,0.01,1,1,10.00,1,27450.00
2026-03-23T18:25:00.000Z,2026-03-23T18:37:00.000Z,SELL,0.01,2,1,10.00,2,27460.00
2026-03-23T18:37:00.000Z,2026-03-23T18:39:00.000Z,SELL,0.01,1,1,10.00,1,27470.00
2026-03-23T18:39:00.000Z,2026-03-23T19:13:00.000Z,SELL,0.01,2,1,10.00,2,27480.00
2026-03-23T19:13:00.000Z,2026-03-23T19:16:00.000Z,SELL,0.01,1,1,10.00,1,27490.00
2026-03-23T19:16:00.000Z,2026-03-23T19:33:00.000Z,SELL,0.01,2,1,10.00,2,27500.00
2026-03-23T19:33:00.000Z,2026-03-23T19:47:00.000Z,SELL,0.01,1,1,10.00,1,27510.00
2026-03-23T19:47:00.000Z,2026-03-23T19:49:00.000Z,SELL,0.01,1,1,10.00,1,27520.00
2026-03-23T19:49:00.000Z,2026-03-23T20:31:00.000Z,SELL,0.01,4,1,10.00,4,27530.00
2026-03-23T20:31:00.000Z,2026-03-23T20:49:00.000Z,SELL,0.01,2,1,10.00,2,27540.00
2026-03-23T20:49:00.000Z,2026-03-23T20:51:00.000Z,SELL,0.01,1,1,10.00,1,27550.00
2026-03-23T20:51:00.000Z,2026-03-23T21:01:00.000Z,SELL,0.01,1,1,10.00,1,27560.00
2026-03-23T21:01:00.000Z,2026-03-23T21:06:00.000Z,SELL,0.01,1,1,10.00,1,27570.00
2026-03-23T21:06:00.000Z,2026-03-23T21:11:00.000Z,SELL,0.01,1,1,10.00,1,27580.00
2026-03-23T21:11:00.000Z,2026-03-23T21:13:00.000Z,SELL,0.01,1,1,10.00,1,27590.00
2026-03-23T21:13:00.000Z,2026-03-23T21:14:00.000Z,SELL,0.01,1,1,10.00,1,27600.00
2026-03-23T21:14:00.000Z,2026-03-23T21:20:00.000Z,SELL,0.01,1,1,10.00,1,27610.00
2026-03-23T21:20:00.000Z,2026-03-23T21:46:00.000Z,SELL,0.01,2,1,10.00,2,27620.00
2026-03-23T21:46:00.000Z,2026-03-23T21:50:00.000Z,SELL,0.01,1,1,10.00,1,27630.00
2026-03-23T21:50:00.000Z,2026-03-23T21:56:00.000Z,SELL,0.01,1,1,10.00,1,27640.00
2026-03-23T21:56:00.000Z,2026-03-23T22:00:00.000Z,SELL,0.01,1,1,10.00,1,27650.00
2026-03-23T22:00:00.000Z,2026-03-24T00:05:00.000Z,SELL,0.01,3,1,10.00,3,27660.00
2026-03-24T00:05:00.000Z,2026-03-24T00:06:00.000Z,SELL,0.01,1,1,10.00,1,27670.00
2026-03-24T00:06:00.000Z,2026-03-24T00:06:00.000Z,SELL,0.01,1,1,10.00,1,27680.00
2026-03-24T00:06:00.000Z,2026-03-24T00:12:00.000Z,SELL,0.01,2,1,10.00,2,27690.00
2026-03-24T00:12:00.000Z,2026-03-24T00:52:00.000Z,SELL,0.01,2,1,10.00,2,27700.00
2026-03-24T00:52:00.000Z,2026-03-24T02:17:00.000Z,SELL,0.01,3,1,10.00,3,27710.00
2026-03-24T02:17:00.000Z,2026-03-24T02:26:00.000Z,SELL,0.01,1,1,10.00,1,27720.00
2026-03-24T02:26:00.000Z,2026-03-24T02:27:00.000Z,SELL,0.01,1,1,10.00,1,27730.00
2026-03-24T02:27:00.000Z,2026-03-24T02:27:00.000Z,SELL,0.01,1,1,10.00,1,27740.00
2026-03-24T02:27:00.000Z,2026-03-24T02:28:00.000Z,SELL,0.01,1,1,10.00,1,27750.00
2026-03-24T02:28:00.000Z,2026-03-24T02:34:00.000Z,SELL,0.01,1,1,10.00,1,27760.00
2026-03-24T02:34:00.000Z,2026-03-24T02:39:00.000Z,SELL,0.01,1,1,10.00,1,27770.00
2026-03-24T02:39:00.000Z,2026-03-24T02:39:00.000Z,SELL,0.01,1,1,10.00,1,27780.00
2026-03-24T02:39:00.000Z,2026-03-24T02:48:00.000Z,SELL,0.01,2,1,10.00,2,27790.00
2026-03-24T02:48:00.000Z,2026-03-24T03:01:00.000Z,SELL,0.01,1,1,10.00,1,27800.00
2026-03-24T03:01:00.000Z,2026-03-24T03:08:00.000Z,SELL,0.01,1,1,10.00,1,27810.00
2026-03-24T03:08:00.000Z,2026-03-24T03:14:00.000Z,SELL,0.01,1,1,10.00,1,27820.00
2026-03-24T03:14:00.000Z,2026-03-24T03:14:00.000Z,SELL,0.01,1,1,10.00,1,27830.00
2026-03-24T03:14:00.000Z,2026-03-24T03:22:00.000Z,SELL,0.01,2,1,10.00,2,27840.00
2026-03-24T03:22:00.000Z,2026-03-24T03:41:00.000Z,SELL,0.01,1,1,10.00,1,27850.00
2026-03-24T03:41:00.000Z,2026-03-24T03:41:00.000Z,SELL,0.01,1,1,10.00,1,27860.00
2026-03-24T03:41:00.000Z,2026-03-24T03:43:00.000Z,SELL,0.01,1,1,10.00,1,27870.00
2026-03-24T03:43:00.000Z,2026-03-24T03:47:00.000Z,SELL,0.01,1,1,10.00,1,27880.00
2026-03-24T03:47:00.000Z,2026-03-24T04:12:00.000Z,SELL,0.01,1,1,10.00,1,27890.00
2026-03-24T04:12:00.000Z,2026-03-24T04:22:00.000Z,SELL,0.01,2,1,10.00,2,27900.00
2026-03-24T04:22:00.000Z,2026-03-24T04:33:00.000Z,SELL,0.01,2,1,10.00,2,27910.00
2026-03-24T04:33:00.000Z,2026-03-24T04:40:00.000Z,SELL,0.01,1,1,10.00,1,27920.00
2026-03-24T04:40:00.000Z,2026-03-24T05:33:00.000Z,SELL,0.01,3,1,10.00,3,27930.00
2026-03-24T05:33:00.000Z,2026-03-24T05:46:00.000Z,SELL,0.01,1,1,10.00,1,27940.00
2026-03-24T05:46:00.000Z,2026-03-24T07:05:00.000Z,SELL,0.01,3,1,10.00,3,27950.00
2026-03-24T07:05:00.000Z,2026-03-24T07:40:00.000Z,SELL,0.01,4,1,10.00,4,27960.00
2026-03-24T07:40:00.000Z,2026-03-24T07:57:00.000Z,SELL,0.01,1,1,10.00,1,27970.00
2026-03-24T07:57:00.000Z,2026-03-24T08:22:00.000Z,SELL,0.01,2,1,10.00,2,27980.00
2026-03-24T08:22:00.000Z,2026-03-24T09:00:00.000Z,SELL,0.01,4,1,10.00,4,27990.00
2026-03-24T09:00:00.000Z,2026-03-24T10:20:00.000Z,SELL,0.01,3,1,10.00,3,28000.00
2026-03-24T10:20:00.000Z,2026-03-24T11:57:00.000Z,SELL,0.01,4,1,10.00,4,28010.00
2026-03-24T11:57:00.000Z,2026-03-24T12:02:00.000Z,SELL,0.01,1,1,10.00,1,28020.00
2026-03-24T12:02:00.000Z,2026-03-24T13:01:00.000Z,SELL,0.01,3,1,10.00,3,28030.00
2026-03-24T13:01:00.000Z,2026-03-24T13:01:00.000Z,SELL,0.01,1,1,10.00,1,28040.00
2026-03-24T13:01:00.000Z,2026-03-24T13:01:00.000Z,SELL,0.01,1,1,10.00,1,28050.00
2026-03-24T13:01:00.000Z,2026-03-24T13:01:00.000Z,SELL,0.01,1,1,10.00,1,28060.00
2026-03-24T13:01:00.000Z,2026-03-24T13:02:00.000Z,SELL,0.01,2,1,10.00,2,28070.00
2026-03-24T13:02:00.000Z,2026-03-24T13:53:00.000Z,SELL,0.01,3,1,10.00,3,28080.00
2026-03-24T13:53:00.000Z,2026-03-24T14:15:00.000Z,SELL,0.01,2,1,10.00,2,28090.00
2026-03-24T14:15:00.000Z,2026-03-24T14:21:00.000Z,SELL,0.01,1,1,10.00,1,28100.00
2026-03-24T14:21:00.000Z,2026-03-24T14:22:00.000Z,SELL,0.01,1,1,10.00,1,28110.00
2026-03-24T14:22:00.000Z,2026-03-24T14:32:00.000Z,SELL,0.01,1,1,10.00,1,28120.00
2026-03-24T14:32:00.000Z,2026-03-24T14:33:00.000Z,SELL,0.01,1,1,10.00,1,28130.00
2026-03-24T14:33:00.000Z,2026-03-24T14:37:00.000Z,SELL,0.01,1,1,10.00,1,28140.00
2026-03-24T14:37:00.000Z,2026-03-24T14:39:00.000Z,SELL,0.01,1,1,10.00,1,28150.00
2026-03-24T14:39:00.000Z,2026-03-24T15:34:00.000Z,SELL,0.01,3,1,10.00,3,28160.00
2026-03-24T15:34:00.000Z,2026-03-24T15:57:00.000Z,SELL,0.01,2,1,10.00,2,28170.00
2026-03-24T15:57:00.000Z,2026-03-24T15:58:00.000Z,SELL,0.01,1,1,10.00,1,28180.00
2026-03-24T15:58:00.000Z,2026-03-24T16:10:00.000Z,SELL,0.01,2,1,10.00,2,28190.00
2026-03-24T16:10:00.000Z,2026-03-24T16:12:00.000Z,SELL,0.01,1,1,10.00,1,28200.00
2026-03-24T16:12:00.000Z,2026-03-24T16:52:00.000Z,SELL,0.01,2,1,10.00,2,28210.00
2026-03-24T16:52:00.000Z,2026-03-24T16:59:00.000Z,SELL,0.01,1,1,10.00,1,28220.00
2026-03-24T16:59:00.000Z,2026-03-24T17:09:00.000Z,SELL,0.01,1,1,10.00,1,28230.00
2026-03-24T17:09:00.000Z,2026-03-24T19:08:00.000Z,SELL,0.01,3,1,10.00,3,28240.00
2026-03-24T19:08:00.000Z,2026-03-24T19:33:00.000Z,SELL,0.01,1,1,10.00,1,28250.00
2026-03-24T19:33:00.000Z,2026-03-24T20:30:00.000Z,SELL,0.01,2,1,10.00,2,28260.00
2026-03-24T20:30:00.000Z,2026-03-24T20:43:00.000Z,SELL,0.01,1,1,10.00,1,28270.00
2026-03-24T20:43:00.000Z,2026-03-24T20:58:00.000Z,SELL,0.01,1,1,10.00,1,28280.00
2026-03-24T20:58:00.000Z,2026-03-24T22:22:00.000Z,SELL,0.01,2,1,10.00,2,28290.00
2026-03-24T22:22:00.000Z,2026-03-24T22:24:00.000Z,SELL,0.01,2,1,10.00,2,28300.00
2026-03-24T22:24:00.000Z,2026-03-24T22:26:00.000Z,SELL,0.01,2,1,10.00,2,28310.00
2026-03-24T22:26:00.000Z,2026-03-24T22:27:00.000Z,SELL,0.01,1,1,10.00,1,28320.00
2026-03-24T22:27:00.000Z,2026-03-24T22:27:00.000Z,SELL,0.01,1,1,10.00,1,28330.00
2026-03-24T22:27:00.000Z,2026-03-24T22:29:00.000Z,SELL,0.01,1,1,10.00,1,28340.00
2026-03-24T22:29:00.000Z,2026-03-24T22:54:00.000Z,SELL,0.01,4,1,10.00,4,28350.00
2026-03-24T22:54:00.000Z,2026-03-25T00:02:00.000Z,SELL,0.01,1,1,10.00,1,28360.00
2026-03-25T00:02:00.000Z,2026-03-25T00:32:00.000Z,SELL,0.01,1,1,10.00,1,28370.00
2026-03-25T00:32:00.000Z,2026-03-25T01:16:00.000Z,SELL,0.01,2,1,10.00,2,28380.00
2026-03-25T01:16:00.000Z,2026-03-25T01:36:00.000Z,SELL,0.01,2,1,10.00,2,28390.00
2026-03-25T01:36:00.000Z,2026-03-25T01:50:00.000Z,SELL,0.01,2,1,10.00,2,28400.00
2026-03-25T01:50:00.000Z,2026-03-25T01:50:00.000Z,SELL,0.01,1,1,10.00,1,28410.00
2026-03-25T01:50:00.000Z,2026-03-25T02:44:00.000Z,SELL,0.01,2,1,10.00,2,28420.00
2026-03-25T02:44:00.000Z,2026-03-25T03:00:00.000Z,SELL,0.01,1,1,10.00,1,28430.00
2026-03-25T03:00:00.000Z,2026-03-25T03:39:00.000Z,SELL,0.01,2,1,10.00,2,28440.00
2026-03-25T03:39:00.000Z,2026-03-25T05:03:00.000Z,SELL,0.01,1,1,10.00,1,28450.00
2026-03-25T05:03:00.000Z,2026-03-25T05:45:00.000Z,SELL,0.01,1,1,10.00,1,28460.00
2026-03-25T05:45:00.000Z,2026-03-25T07:26:00.000Z,SELL,0.01,1,1,10.00,1,28470.00
2026-03-25T07:26:00.000Z,2026-03-25T08:02:00.000Z,SELL,0.01,1,1,10.00,1,28480.00
2026-03-25T08:02:00.000Z,2026-03-25T08:13:00.000Z,SELL,0.01,1,1,10.00,1,28490.00
2026-03-25T08:13:00.000Z,2026-03-25T11:48:00.000Z,SELL,0.01,5,1,10.00,5,28500.00
2026-03-25T11:48:00.000Z,2026-03-25T12:01:00.000Z,SELL,0.01,2,1,10.00,2,28510.00
2026-03-25T12:01:00.000Z,2026-03-25T14:28:00.000Z,SELL,0.01,3,1,10.00,3,28520.00
2026-03-25T14:28:00.000Z,2026-03-25T14:31:00.000Z,SELL,0.01,1,1,10.00,1,28530.00
2026-03-25T14:31:00.000Z,2026-03-25T14:31:00.000Z,SELL,0.01,1,1,10.00,1,28540.00
2026-03-25T14:31:00.000Z,2026-03-25T15:03:00.000Z,SELL,0.01,2,1,10.00,2,28550.00
2026-03-25T15:03:00.000Z,2026-03-25T15:50:00.000Z,SELL,0.01,1,1,10.00,1,28560.00
2026-03-25T15:50:00.000Z,2026-03-25T16:00:00.000Z,SELL,0.01,1,1,10.00,1,28570.00
2026-03-25T16:00:00.000Z,2026-03-25T16:42:00.000Z,SELL,0.01,2,1,10.00,2,28580.00
2026-03-25T16:42:00.000Z,2026-03-25T17:07:00.000Z,SELL,0.01,1,1,10.00,1,28590.00
2026-03-25T17:07:00.000Z,2026-03-25T17:16:00.000Z,SELL,0.01,1,1,10.00,1,28600.00
2026-03-25T17:16:00.000Z,2026-03-25T17:17:00.000Z,SELL,0.01,1,1,10.00,1,28610.00
2026-03-25T17:17:00.000Z,2026-03-25T17:18:00.000Z,SELL,0.01,1,1,10.00,1,28620.00
2026-03-25T17:18:00.000Z,2026-03-25T17:22:00.000Z,SELL,0.01,2,1,10.00,2,28630.00
2026-03-25T17:22:00.000Z,2026-03-25T18:21:00.000Z,SELL,0.01,1,1,10.00,1,28640.00
2026-03-25T18:21:00.000Z,2026-03-25T20:55:00.000Z,SELL,0.01,3,1,10.00,3,28650.00
2026-03-25T20:55:00.000Z,2026-03-25T21:08:00.000Z,SELL,0.01,1,1,10.00,1,28660.00
2026-03-25T21:08:00.000Z,2026-03-25T21:09:00.000Z,SELL,0.01,1,1,10.00,1,28670.00
2026-03-25T21:09:00.000Z,2026-03-25T21:09:00.000Z,SELL,0.01,1,1,10.00,1,28680.00
2026-03-25T21:09:00.000Z,2026-03-25T21:11:00.000Z,SELL,0.01,1,1,10.00,1,28690.00
2026-03-25T21:11:00.000Z,2026-03-25T21:42:00.000Z,SELL,0.01,2,1,10.00,2,28700.00
2026-03-25T21:42:00.000Z,2026-03-25T21:49:00.000Z,SELL,0.01,1,1,10.00,1,28710.00
2026-03-25T21:49:00.000Z,2026-03-25T22:38:00.000Z,SELL,0.01,3,1,10.00,3,28720.00
2026-03-25T22:38:00.000Z,2026-03-26T00:44:00.000Z,SELL,0.01,2,1,10.00,2,28730.00
2026-03-26T00:44:00.000Z,2026-03-26T00:48:00.000Z,SELL,0.01,1,1,10.00,1,28740.00
2026-03-26T00:48:00.000Z,2026-03-26T00:57:00.000Z,SELL,0.01,1,1,10.00,1,28750.00
2026-03-26T00:57:00.000Z,2026-03-26T01:05:00.000Z,SELL,0.01,1,1,10.00,1,28760.00
2026-03-26T01:05:00.000Z,2026-03-26T01:37:00.000Z,SELL,0.01,1,1,10.00,1,28770.00
2026-03-26T01:37:00.000Z,2026-03-26T02:13:00.000Z,SELL,0.01,2,1,10.00,2,28780.00
2026-03-26T02:13:00.000Z,2026-03-26T04:37:00.000Z,SELL,0.01,3,1,10.00,3,28790.00
2026-03-26T04:37:00.000Z,2026-03-26T05:02:00.000Z,SELL,0.01,1,1,10.00,1,28800.00
2026-03-26T05:02:00.000Z,2026-03-26T07:27:00.000Z,SELL,0.01,3,1,10.00,3,28810.00
2026-03-26T07:27:00.000Z,2026-03-26T07:30:00.000Z,SELL,0.01,1,1,10.00,1,28820.00
2026-03-26T07:30:00.000Z,2026-03-26T07:47:00.000Z,SELL,0.01,1,1,10.00,1,28830.00
2026-03-26T07:47:00.000Z,2026-03-26T07:54:00.000Z,SELL,0.01,1,1,10.00,1,28840.00
2026-03-26T07:54:00.000Z,2026-03-26T07:56:00.000Z,SELL,0.01,1,1,10.00,1,28850.00
2026-03-26T07:56:00.000Z,2026-03-26T07:59:00.000Z,SELL,0.01,1,1,10.00,1,28860.00
2026-03-26T07:59:00.000Z,2026-03-26T08:01:00.000Z,SELL,0.01,1,1,10.00,1,28870.00
2026-03-26T08:01:00.000Z,2026-03-26T08:14:00.000Z,SELL,0.01,1,1,10.00,1,28880.00
2026-03-26T08:14:00.000Z,2026-03-26T08:46:00.000Z,SELL,0.01,2,1,10.00,2,28890.00
2026-03-26T08:46:00.000Z,2026-03-26T09:20:00.000Z,SELL,0.01,1,1,10.00,1,28900.00
2026-03-26T09:20:00.000Z,2026-03-26T10:24:00.000Z,SELL,0.01,3,1,10.00,3,28910.00
2026-03-26T10:24:00.000Z,2026-03-26T10:43:00.000Z,SELL,0.01,1,1,10.00,1,28920.00
2026-03-26T10:43:00.000Z,2026-03-26T13:20:00.000Z,SELL,0.01,4,1,10.00,4,28930.00
2026-03-26T13:20:00.000Z,2026-03-26T13:44:00.000Z,SELL,0.01,1,1,10.00,1,28940.00
2026-03-26T13:44:00.000Z,2026-03-26T13:49:00.000Z,SELL,0.01,1,1,10.00,1,28950.00
2026-03-26T13:49:00.000Z,2026-03-26T13:59:00.000Z,SELL,0.01,1,1,10.00,1,28960.00
2026-03-26T13:59:00.000Z,2026-03-26T15:23:00.000Z,SELL,0.01,2,1,10.00,2,28970.00
2026-03-26T15:23:00.000Z,2026-03-26T15:33:00.000Z,SELL,0.01,1,1,10.00,1,28980.00
2026-03-26T15:33:00.000Z,2026-03-26T16:22:00.000Z,SELL,0.01,4,1,10.00,4,28990.00
2026-03-26T16:22:00.000Z,2026-03-26T16:25:00.000Z,SELL,0.01,1,1,10.00,1,29000.00
2026-03-26T16:25:00.000Z,2026-03-26T16:55:00.000Z,SELL,0.01,3,1,10.00,3,29010.00
2026-03-26T16:55:00.000Z,2026-03-26T17:39:00.000Z,SELL,0.01,3,1,10.00,3,29020.00
2026-03-26T17:39:00.000Z,2026-03-26T18:01:00.000Z,SELL,0.01,1,1,10.00,1,29030.00
2026-03-26T18:01:00.000Z,2026-03-26T18:20:00.000Z,SELL,0.01,1,1,10.00,1,29040.00
2026-03-26T18:20:00.000Z,2026-03-26T18:21:00.000Z,SELL,0.01,1,1,10.00,1,29050.00
2026-03-26T18:21:00.000Z,2026-03-26T18:22:00.000Z,SELL,0.01,1,1,10.00,1,29060.00
2026-03-26T18:22:00.000Z,2026-03-26T18:25:00.000Z,SELL,0.01,1,1,10.00,1,29070.00
2026-03-26T18:25:00.000Z,2026-03-26T18:32:00.000Z,SELL,0.01,1,1,10.00,1,29080.00
2026-03-26T18:32:00.000Z,2026-03-26T21:54:00.000Z,SELL,0.01,5,1,10.00,5,29090.00
2026-03-26T21:54:00.000Z,2026-03-26T22:03:00.000Z,SELL,0.01,1,1,10.00,1,29100.00
2026-03-26T22:03:00.000Z,2026-03-26T22:12:00.000Z,SELL,0.01,2,1,10.00,2,29110.00
2026-03-26T22:12:00.000Z,2026-03-26T22:39:00.000Z,SELL,0.01,4,1,10.00,4,29120.00
2026-03-26T22:39:00.000Z,2026-03-26T22:44:00.000Z,SELL,0.01,1,1,10.00,1,29130.00
2026-03-26T22:44:00.000Z,2026-03-26T22:50:00.000Z,SELL,0.01,1,1,10.00,1,29140.00
2026-03-26T22:50:00.000Z,2026-03-26T22:51:00.000Z,SELL,0.01,1,1,10.00,1,29150.00
2026-03-26T22:51:00.000Z,2026-03-26T22:53:00.000Z,SELL,0.01,1,1,10.00,1,29160.00
2026-03-26T22:53:00.000Z,2026-03-27T00:15:00.000Z,SELL,0.01,2,1,10.00,2,29170.00
2026-03-27T00:15:00.000Z,2026-03-27T00:27:00.000Z,SELL,0.01,1,1,10.00,1,29180.00
2026-03-27T00:27:00.000Z,2026-03-27T02:23:00.000Z,SELL,0.01,3,1,10.00,3,29190.00
2026-03-27T02:23:00.000Z,2026-03-27T03:31:00.000Z,SELL,0.01,2,1,10.00,2,29200.00
2026-03-27T03:31:00.000Z,2026-03-27T05:40:00.000Z,SELL,0.01,2,1,10.00,2,29210.00
2026-03-27T05:40:00.000Z,2026-03-27T05:45:00.000Z,SELL,0.01,1,1,10.00,1,29220.00
2026-03-27T05:45:00.000Z,2026-03-27T07:35:00.000Z,SELL,0.01,2,1,10.00,2,29230.00
2026-03-27T07:35:00.000Z,2026-03-27T07:58:00.000Z,SELL,0.01,1,1,10.00,1,29240.00
2026-03-27T07:58:00.000Z,2026-03-27T09:54:00.000Z,SELL,0.01,1,1,10.00,1,29250.00
2026-03-27T09:54:00.000Z,2026-03-27T10:26:00.000Z,SELL,0.01,1,1,10.00,1,29260.00
2026-03-27T10:26:00.000Z,2026-03-27T11:08:00.000Z,SELL,0.01,1,1,10.00,1,29270.00
2026-03-27T11:08:00.000Z,2026-03-27T12:43:00.000Z,SELL,0.01,1,1,10.00,1,29280.00
2026-03-27T12:43:00.000Z,2026-03-27T14:50:00.000Z,SELL,0.01,2,1,10.00,2,29290.00
2026-03-27T14:50:00.000Z,2026-03-27T15:03:00.000Z,SELL,0.01,1,1,10.00,1,29300.00
2026-03-27T15:03:00.000Z,2026-03-27T15:26:00.000Z,SELL,0.01,1,1,10.00,1,29310.00
2026-03-27T15:26:00.000Z,2026-03-27T16:03:00.000Z,SELL,0.01,2,1,10.00,2,29320.00
2026-03-27T16:03:00.000Z,2026-03-27T16:50:00.000Z,SELL,0.01,2,1,10.00,2,29330.00
2026-03-27T16:50:00.000Z,2026-03-27T16:59:00.000Z,SELL,0.01,2,1,10.00,2,29340.00
2026-03-27T16:59:00.000Z,2026-03-27T17:00:00.000Z,SELL,0.01,1,1,10.00,1,29350.00
2026-03-27T17:00:00.000Z,2026-03-27T17:14:00.000Z,SELL,0.01,2,1,10.00,2,29360.00
2026-03-27T17:14:00.000Z,2026-03-27T17:16:00.000Z,SELL,0.01,1,1,10.00,1,29370.00
2026-03-27T17:16:00.000Z,2026-03-27T17:23:00.000Z,SELL,0.01,2,1,10.00,2,29380.00
2026-03-27T17:23:00.000Z,2026-03-27T17:24:00.000Z,SELL,0.01,1,1,10.00,1,29390.00
2026-03-27T17:24:00.000Z,2026-03-27T17:40:00.000Z,SELL,0.01,1,1,10.00,1,29400.00
2026-03-27T17:40:00.000Z,2026-03-27T17:55:00.000Z,SELL,0.01,1,1,10.00,1,29410.00
2026-03-27T17:55:00.000Z,2026-03-27T18:39:00.000Z,SELL,0.01,1,1,10.00,1,29420.00
2026-03-27T18:39:00.000Z,2026-03-27T19:17:00.000Z,SELL,0.01,1,1,10.00,1,29430.00
2026-03-27T19:17:00.000Z,2026-03-27T19:26:00.000Z,SELL,0.01,1,1,10.00,1,29440.00
2026-03-27T19:26:00.000Z,2026-03-27T20:36:00.000Z,SELL,0.01,2,1,10.00,2,29450.00
2026-03-27T20:36:00.000Z,2026-03-27T21:03:00.000Z,SELL,0.01,1,1,10.00,1,29460.00
2026-03-27T21:03:00.000Z,2026-03-27T22:44:00.000Z,SELL,0.01,1,1,10.00,1,29470.00
2026-03-27T22:44:00.000Z,2026-03-30T01:00:00.000Z,SELL,0.01,1,1,10.00,1,29480.00
2026-03-30T01:00:00.000Z,2026-03-30T01:00:00.000Z,SELL,0.01,1,1,10.00,1,29490.00
2026-03-30T01:00:00.000Z,2026-03-30T01:00:00.000Z,SELL,0.01,1,1,10.00,1,29500.00
2026-03-30T01:00:00.000Z,2026-03-30T01:02:00.000Z,SELL,0.01,2,1,10.00,2,29510.00
2026-03-30T01:02:00.000Z,2026-03-30T01:08:00.000Z,SELL,0.01,1,1,10.00,1,29520.00
2026-03-30T01:08:00.000Z,2026-03-30T02:05:00.000Z,SELL,0.01,3,1,10.00,3,29530.00
2026-03-30T02:05:00.000Z,2026-03-30T02:06:00.000Z,SELL,0.01,1,1,10.00,1,29540.00
2026-03-30T02:06:00.000Z,2026-03-30T02:32:00.000Z,SELL,0.01,1,1,10.00,1,29550.00
2026-03-30T02:32:00.000Z,2026-03-30T02:37:00.000Z,SELL,0.01,1,1,10.00,1,29560.00
2026-03-30T02:37:00.000Z,2026-03-30T03:00:00.000Z,SELL,0.01,1,1,10.00,1,29570.00
2026-03-30T03:00:00.000Z,2026-03-30T03:08:00.000Z,SELL,0.01,1,1,10.00,1,29580.00
2026-03-30T03:08:00.000Z,2026-03-30T03:21:00.000Z,SELL,0.01,2,1,10.00,2,29590.00
2026-03-30T03:21:00.000Z,2026-03-30T03:29:00.000Z,SELL,0.01,1,1,10.00,1,29600.00
2026-03-30T03:29:00.000Z,2026-03-30T03:40:00.000Z,SELL,0.01,1,1,10.00,1,29610.00
2026-03-30T03:40:00.000Z,2026-03-30T04:34:00.000Z,SELL,0.01,2,1,10.00,2,29620.00
2026-03-30T04:34:00.000Z,2026-03-30T05:44:00.000Z,SELL,0.01,2,1,10.00,2,29630.00
2026-03-30T05:44:00.000Z,2026-03-30T05:52:00.000Z,SELL,0.01,1,1,10.00,1,29640.00
2026-03-30T05:52:00.000Z,2026-03-30T08:49:00.000Z,SELL,0.01,4,1,10.00,4,29650.00
2026-03-30T08:49:00.000Z,2026-03-30T09:48:00.000Z,SELL,0.01,2,1,10.00,2,29660.00
2026-03-30T09:48:00.000Z,2026-03-30T09:53:00.000Z,SELL,0.01,1,1,10.00,1,29670.00
2026-03-30T09:53:00.000Z,2026-03-30T10:02:00.000Z,SELL,0.01,1,1,10.00,1,29680.00
2026-03-30T10:02:00.000Z,2026-03-30T10:34:00.000Z,SELL,0.01,1,1,10.00,1,29690.00
2026-03-30T10:34:00.000Z,2026-03-30T14:26:00.000Z,SELL,0.01,2,1,10.00,2,29700.00
2026-03-30T14:26:00.000Z,2026-03-30T14:28:00.000Z,SELL,0.01,1,1,10.00,1,29710.00
2026-03-30T14:28:00.000Z,2026-03-30T14:45:00.000Z,SELL,0.01,2,1,10.00,2,29720.00
2026-03-30T14:45:00.000Z,2026-03-30T14:59:00.000Z,SELL,0.01,1,1,10.00,1,29730.00
2026-03-30T14:59:00.000Z,2026-03-30T15:02:00.000Z,SELL,0.01,1,1,10.00,1,29740.00
2026-03-30T15:02:00.000Z,2026-03-30T15:43:00.000Z,SELL,0.01,2,1,10.00,2,29750.00
2026-03-30T15:43:00.000Z,2026-03-30T15:49:00.000Z,SELL,0.01,1,1,10.00,1,29760.00
2026-03-30T15:49:00.000Z,2026-03-30T16:35:00.000Z,SELL,0.01,1,1,10.00,1,29770.00
2026-03-30T16:35:00.000Z,2026-03-30T16:42:00.000Z,SELL,0.01,1,1,10.00,1,29780.00
2026-03-30T16:42:00.000Z,2026-03-30T16:49:00.000Z,SELL,0.01,1,1,10.00,1,29790.00
2026-03-30T16:49:00.000Z,2026-03-30T16:58:00.000Z,SELL,0.01,1,1,10.00,1,29800.00
2026-03-30T16:58:00.000Z,2026-03-30T17:21:00.000Z,SELL,0.01,1,1,10.00,1,29810.00
2026-03-30T17:21:00.000Z,2026-03-30T18:35:00.000Z,SELL,0.01,2,1,10.00,2,29820.00
2026-03-30T18:35:00.000Z,2026-03-30T19:30:00.000Z,SELL,0.01,1,1,10.00,1,29830.00
2026-03-30T19:30:00.000Z,2026-03-30T20:14:00.000Z,SELL,0.01,1,1,10.00,1,29840.00
2026-03-30T20:14:00.000Z,2026-03-30T20:55:00.000Z,SELL,0.01,1,1,10.00,1,29850.00
2026-03-30T20:55:00.000Z,2026-03-30T21:57:00.000Z,SELL,0.01,1,1,10.00,1,29860.00
2026-03-30T21:57:00.000Z,2026-03-30T22:21:00.000Z,SELL,0.01,1,1,10.00,1,29870.00
2026-03-30T22:21:00.000Z,2026-03-31T03:02:00.000Z,SELL,0.01,4,1,10.00,4,29880.00
2026-03-31T03:02:00.000Z,2026-03-31T03:15:00.000Z,SELL,0.01,1,1,10.00,1,29890.00
2026-03-31T03:15:00.000Z,2026-03-31T03:16:00.000Z,SELL,0.01,1,1,10.00,1,29900.00
2026-03-31T03:16:00.000Z,2026-03-31T03:20:00.000Z,SELL,0.01,1,1,10.00,1,29910.00
2026-03-31T03:20:00.000Z,2026-03-31T03:36:00.000Z,SELL,0.01,2,1,10.00,2,29920.00
2026-03-31T03:36:00.000Z,2026-03-31T04:18:00.000Z,SELL,0.01,2,1,10.00,2,29930.00
2026-03-31T04:18:00.000Z,2026-03-31T04:24:00.000Z,SELL,0.01,2,1,10.00,2,29940.00
2026-03-31T04:24:00.000Z,2026-03-31T04:43:00.000Z,SELL,0.01,2,1,10.00,2,29950.00
2026-03-31T04:43:00.000Z,2026-03-31T04:47:00.000Z,SELL,0.01,1,1,10.00,1,29960.00
2026-03-31T04:47:00.000Z,2026-03-31T05:02:00.000Z,SELL,0.01,1,1,10.00,1,29970.00
2026-03-31T05:02:00.000Z,2026-03-31T05:25:00.000Z,SELL,0.01,1,1,10.00,1,29980.00
2026-03-31T05:25:00.000Z,2026-03-31T05:48:00.000Z,SELL,0.01,1,1,10.00,1,29990.00
2026-03-31T05:48:00.000Z,2026-03-31T06:24:00.000Z,SELL,0.01,1,1,10.00,1,30000.00
2026-03-31T06:24:00.000Z,2026-03-31T06:44:00.000Z,SELL,0.01,1,1,10.00,1,30010.00
2026-03-31T06:44:00.000Z,2026-03-31T08:49:00.000Z,SELL,0.01,2,1,10.00,2,30020.00
2026-03-31T08:49:00.000Z,2026-03-31T08:55:00.000Z,SELL,0.01,1,1,10.00,1,30030.00
2026-03-31T08:55:00.000Z,2026-03-31T09:01:00.000Z,SELL,0.01,1,1,10.00,1,30040.00
2026-03-31T09:01:00.000Z,2026-03-31T10:14:00.000Z,SELL,0.01,1,1,10.00,1,30050.00
2026-03-31T10:14:00.000Z,2026-03-31T13:38:00.000Z,SELL,0.01,3,1,10.00,3,30060.00
2026-03-31T13:38:00.000Z,2026-03-31T13:40:00.000Z,SELL,0.01,1,1,10.00,1,30070.00
2026-03-31T13:40:00.000Z,2026-03-31T14:11:00.000Z,SELL,0.01,2,1,10.00,2,30080.00
2026-03-31T14:11:00.000Z,2026-03-31T14:11:00.000Z,SELL,0.01,1,1,10.00,1,30090.00
2026-03-31T14:11:00.000Z,2026-03-31T14:26:00.000Z,SELL,0.01,2,1,10.00,2,30100.00
2026-03-31T14:26:00.000Z,2026-03-31T14:33:00.000Z,SELL,0.01,1,1,10.00,1,30110.00
2026-03-31T14:33:00.000Z,2026-03-31T16:53:00.000Z,SELL,0.01,4,1,10.00,4,30120.00
2026-03-31T16:53:00.000Z,2026-03-31T17:34:00.000Z,SELL,0.01,2,1,10.00,2,30130.00
2026-03-31T17:34:00.000Z,2026-03-31T17:35:00.000Z,SELL,0.01,1,1,10.00,1,30140.00
2026-03-31T17:35:00.000Z,2026-03-31T17:37:00.000Z,SELL,0.01,1,1,10.00,1,30150.00
2026-03-31T17:37:00.000Z,2026-03-31T17:55:00.000Z,SELL,0.01,1,1,10.00,1,30160.00
2026-03-31T17:55:00.000Z,2026-03-31T19:39:00.000Z,SELL,0.01,2,1,10.00,2,30170.00
2026-03-31T19:39:00.000Z,2026-03-31T20:34:00.000Z,SELL,0.01,2,1,10.00,2,30180.00
2026-03-31T20:34:00.000Z,2026-03-31T20:36:00.000Z,SELL,0.01,1,1,10.00,1,30190.00
2026-03-31T20:36:00.000Z,2026-03-31T22:21:00.000Z,SELL,0.01,2,1,10.00,2,30200.00
2026-03-31T22:21:00.000Z,2026-04-01T01:00:00.000Z,SELL,0.01,1,1,10.00,1,30210.00
2026-04-01T01:00:00.000Z,2026-04-01T02:55:00.000Z,SELL,0.01,4,1,10.00,4,30220.00
2026-04-01T02:55:00.000Z,2026-04-01T04:39:00.000Z,SELL,0.01,3,1,10.00,3,30230.00
2026-04-01T04:39:00.000Z,2026-04-01T07:03:00.000Z,SELL,0.01,1,1,10.00,1,30240.00
2026-04-01T07:03:00.000Z,2026-04-01T07:17:00.000Z,SELL,0.01,1,1,10.00,1,30250.00
2026-04-01T07:17:00.000Z,2026-04-01T08:37:00.000Z,SELL,0.01,2,1,10.00,2,30260.00
2026-04-01T08:37:00.000Z,2026-04-01T08:58:00.000Z,SELL,0.01,1,1,10.00,1,30270.00
2026-04-01T08:58:00.000Z,2026-04-01T09:45:00.000Z,SELL,0.01,2,1,10.00,2,30280.00
2026-04-01T09:45:00.000Z,2026-04-01T10:38:00.000Z,SELL,0.01,2,1,10.00,2,30290.00
2026-04-01T10:38:00.000Z,2026-04-01T10:40:00.000Z,SELL,0.01,1,1,10.00,1,30300.00
2026-04-01T10:40:00.000Z,2026-04-01T10:45:00.000Z,SELL,0.01,1,1,10.00,1,30310.00
2026-04-01T10:45:00.000Z,2026-04-01T10:51:00.000Z,SELL,0.01,1,1,10.00,1,30320.00
2026-04-01T10:51:00.000Z,2026-04-01T14:30:00.000Z,SELL,0.01,4,1,10.00,4,30330.00
2026-04-01T14:30:00.000Z,2026-04-01T15:19:00.000Z,SELL,0.01,1,1,10.00,1,30340.00
2026-04-01T15:19:00.000Z,2026-04-01T15:26:00.000Z,SELL,0.01,1,1,10.00,1,30350.00
2026-04-01T15:26:00.000Z,2026-04-01T17:05:00.000Z,SELL,0.01,5,0,-2420.00,5,27930.00
2026-04-01T17:05:00.000Z,2026-04-01T17:26:00.000Z,SELL,0.01,1,1,10.00,1,27940.00
2026-04-01T17:26:00.000Z,2026-04-01T17:53:00.000Z,SELL,0.01,2,1,10.00,2,27950.00
2026-04-01T17:53:00.000Z,2026-04-01T21:22:00.000Z,SELL,0.01,3,1,10.00,3,27960.00
2026-04-01T21:22:00.000Z,2026-04-01T21:37:00.000Z,SELL,0.01,1,1,10.00,1,27970.00
2026-04-01T21:37:00.000Z,2026-04-01T22:39:00.000Z,SELL,0.01,2,1,10.00,2,27980.00
2026-04-01T22:39:00.000Z,2026-04-01T22:50:00.000Z,SELL,0.01,1,1,10.00,1,27990.00
2026-04-01T22:50:00.000Z,2026-04-02T01:03:00.000Z,SELL,0.01,1,1,10.00,1,28000.00
2026-04-02T01:03:00.000Z,2026-04-02T02:06:00.000Z,SELL,0.01,2,1,10.00,2,28010.00
2026-04-02T02:06:00.000Z,2026-04-02T04:00:00.000Z,SELL,0.01,1,1,10.00,1,28020.00
2026-04-02T04:00:00.000Z,2026-04-02T04:03:00.000Z,SELL,0.01,1,1,10.00,1,28030.00
2026-04-02T04:03:00.000Z,2026-04-02T04:03:00.000Z,SELL,0.01,1,1,10.00,1,28040.00
2026-04-02T04:03:00.000Z,2026-04-02T04:04:00.000Z,SELL,0.01,1,1,10.00,1,28050.00
2026-04-02T04:04:00.000Z,2026-04-02T04:05:00.000Z,SELL,0.01,1,1,10.00,1,28060.00
2026-04-02T04:05:00.000Z,2026-04-02T04:11:00.000Z,SELL,0.01,2,1,10.00,2,28070.00
2026-04-02T04:11:00.000Z,2026-04-02T04:12:00.000Z,SELL,0.01,1,1,10.00,1,28080.00
2026-04-02T04:12:00.000Z,2026-04-02T04:16:00.000Z,SELL,0.01,1,1,10.00,1,28090.00
2026-04-02T04:16:00.000Z,2026-04-02T04:17:00.000Z,SELL,0.01,1,1,10.00,1,28100.00
2026-04-02T04:17:00.000Z,2026-04-02T04:20:00.000Z,SELL,0.01,1,1,10.00,1,28110.00
2026-04-02T04:20:00.000Z,2026-04-02T04:20:00.000Z,SELL,0.01,1,1,10.00,1,28120.00
2026-04-02T04:20:00.000Z,2026-04-02T04:25:00.000Z,SELL,0.01,3,1,10.00,3,28130.00
2026-04-02T04:25:00.000Z,2026-04-02T04:26:00.000Z,SELL,0.01,1,1,10.00,1,28140.00
2026-04-02T04:26:00.000Z,2026-04-02T04:31:00.000Z,SELL,0.01,1,1,10.00,1,28150.00
2026-04-02T04:31:00.000Z,2026-04-02T04:32:00.000Z,SELL,0.01,1,1,10.00,1,28160.00
2026-04-02T04:32:00.000Z,2026-04-02T04:32:00.000Z,SELL,0.01,1,1,10.00,1,28170.00
2026-04-02T04:32:00.000Z,2026-04-02T04:32:00.000Z,SELL,0.01,1,1,10.00,1,28180.00
2026-04-02T04:32:00.000Z,2026-04-02T04:34:00.000Z,SELL,0.01,2,1,10.00,2,28190.00
2026-04-02T04:34:00.000Z,2026-04-02T04:51:00.000Z,SELL,0.01,2,1,10.00,2,28200.00
2026-04-02T04:51:00.000Z,2026-04-02T04:53:00.000Z,SELL,0.01,1,1,10.00,1,28210.00
2026-04-02T04:53:00.000Z,2026-04-02T04:58:00.000Z,SELL,0.01,1,1,10.00,1,28220.00
2026-04-02T04:58:00.000Z,2026-04-02T05:11:00.000Z,SELL,0.01,1,1,10.00,1,28230.00
2026-04-02T05:11:00.000Z,2026-04-02T05:33:00.000Z,SELL,0.01,3,1,10.00,3,28240.00
2026-04-02T05:33:00.000Z,2026-04-02T05:37:00.000Z,SELL,0.01,1,1,10.00,1,28250.00
2026-04-02T05:37:00.000Z,2026-04-02T06:12:00.000Z,SELL,0.01,2,1,10.00,2,28260.00
2026-04-02T06:12:00.000Z,2026-04-02T06:49:00.000Z,SELL,0.01,1,1,10.00,1,28270.00
2026-04-02T06:49:00.000Z,2026-04-02T07:06:00.000Z,SELL,0.01,1,1,10.00,1,28280.00
2026-04-02T07:06:00.000Z,2026-04-02T07:42:00.000Z,SELL,0.01,1,1,10.00,1,28290.00
2026-04-02T07:42:00.000Z,2026-04-02T08:33:00.000Z,SELL,0.01,3,1,10.00,3,28300.00
2026-04-02T08:33:00.000Z,2026-04-02T08:34:00.000Z,SELL,0.01,1,1,10.00,1,28310.00
2026-04-02T08:34:00.000Z,2026-04-02T08:45:00.000Z,SELL,0.01,1,1,10.00,1,28320.00
2026-04-02T08:45:00.000Z,2026-04-02T08:46:00.000Z,SELL,0.01,1,1,10.00,1,28330.00
2026-04-02T08:46:00.000Z,2026-04-02T08:47:00.000Z,SELL,0.01,1,1,10.00,1,28340.00
2026-04-02T08:47:00.000Z,2026-04-02T08:49:00.000Z,SELL,0.01,1,1,10.00,1,28350.00
2026-04-02T08:49:00.000Z,2026-04-02T08:50:00.000Z,SELL,0.01,1,1,10.00,1,28360.00
2026-04-02T08:50:00.000Z,2026-04-02T09:07:00.000Z,SELL,0.01,3,1,10.00,3,28370.00
2026-04-02T09:07:00.000Z,2026-04-02T09:08:00.000Z,SELL,0.01,1,1,10.00,1,28380.00
2026-04-02T09:08:00.000Z,2026-04-02T09:11:00.000Z,SELL,0.01,1,1,10.00,1,28390.00
2026-04-02T09:11:00.000Z,2026-04-02T09:18:00.000Z,SELL,0.01,2,1,10.00,2,28400.00
2026-04-02T09:18:00.000Z,2026-04-02T10:12:00.000Z,SELL,0.01,2,1,10.00,2,28410.00
2026-04-02T10:12:00.000Z,2026-04-02T10:48:00.000Z,SELL,0.01,2,1,10.00,2,28420.00
2026-04-02T10:48:00.000Z,2026-04-02T11:05:00.000Z,SELL,0.01,1,1,10.00,1,28430.00
2026-04-02T11:05:00.000Z,2026-04-02T11:45:00.000Z,SELL,0.01,1,1,10.00,1,28440.00
2026-04-02T11:45:00.000Z,2026-04-02T12:03:00.000Z,SELL,0.01,1,1,10.00,1,28450.00
2026-04-02T12:03:00.000Z,2026-04-02T13:22:00.000Z,SELL,0.01,1,1,10.00,1,28460.00
2026-04-02T13:22:00.000Z,2026-04-02T14:43:00.000Z,SELL,0.01,3,1,10.00,3,28470.00
2026-04-02T14:43:00.000Z,2026-04-02T15:22:00.000Z,SELL,0.01,2,1,10.00,2,28480.00
2026-04-02T15:22:00.000Z,2026-04-02T15:47:00.000Z,SELL,0.01,1,1,10.00,1,28490.00
2026-04-02T15:47:00.000Z,2026-04-02T15:58:00.000Z,SELL,0.01,1,1,10.00,1,28500.00
2026-04-02T15:58:00.000Z,2026-04-02T16:00:00.000Z,SELL,0.01,1,1,10.00,1,28510.00
2026-04-02T16:00:00.000Z,2026-04-02T16:00:00.000Z,SELL,0.01,1,1,10.00,1,28520.00
2026-04-02T16:00:00.000Z,2026-04-02T16:47:00.000Z,SELL,0.01,4,1,10.00,4,28530.00
2026-04-02T16:47:00.000Z,2026-04-02T16:57:00.000Z,SELL,0.01,2,1,10.00,2,28540.00
2026-04-02T16:57:00.000Z,2026-04-02T17:01:00.000Z,SELL,0.01,1,1,10.00,1,28550.00
2026-04-02T17:01:00.000Z,2026-04-02T17:20:00.000Z,SELL,0.01,2,1,10.00,2,28560.00
2026-04-02T17:20:00.000Z,2026-04-02T17:37:00.000Z,SELL,0.01,2,1,10.00,2,28570.00
2026-04-02T17:37:00.000Z,2026-04-02T17:38:00.000Z,SELL,0.01,1,1,10.00,1,28580.00
2026-04-02T17:38:00.000Z,2026-04-02T17:39:00.000Z,SELL,0.01,1,1,10.00,1,28590.00
2026-04-02T17:39:00.000Z,2026-04-02T18:20:00.000Z,SELL,0.01,3,1,10.00,3,28600.00
2026-04-02T18:20:00.000Z,2026-04-02T18:51:00.000Z,SELL,0.01,1,1,10.00,1,28610.00
2026-04-02T18:51:00.000Z,2026-04-06T01:00:00.000Z,SELL,0.01,3,1,10.00,3,28620.00
2026-04-06T01:00:00.000Z,2026-04-06T01:00:00.000Z,SELL,0.01,1,1,10.00,1,28630.00
2026-04-06T01:00:00.000Z,2026-04-06T01:01:00.000Z,SELL,0.01,2,1,10.00,2,28640.00
2026-04-06T01:01:00.000Z,2026-04-06T01:02:00.000Z,SELL,0.01,1,1,10.00,1,28650.00
2026-04-06T01:02:00.000Z,2026-04-06T01:02:00.000Z,SELL,0.01,1,1,10.00,1,28660.00
2026-04-06T01:02:00.000Z,2026-04-06T01:04:00.000Z,SELL,0.01,1,1,10.00,1,28670.00
2026-04-06T01:04:00.000Z,2026-04-06T01:10:00.000Z,SELL,0.01,1,1,10.00,1,28680.00
2026-04-06T01:10:00.000Z,2026-04-06T01:47:00.000Z,SELL,0.01,3,1,10.00,3,28690.00
2026-04-06T01:47:00.000Z,2026-04-06T01:48:00.000Z,SELL,0.01,2,1,10.00,2,28700.00
2026-04-06T01:48:00.000Z,2026-04-06T01:54:00.000Z,SELL,0.01,1,1,10.00,1,28710.00
2026-04-06T01:54:00.000Z,2026-04-06T01:54:00.000Z,SELL,0.01,1,1,10.00,1,28720.00
2026-04-06T01:54:00.000Z,2026-04-06T01:55:00.000Z,SELL,0.01,2,1,10.00,2,28730.00
2026-04-06T01:55:00.000Z,2026-04-06T01:55:00.000Z,SELL,0.01,1,1,10.00,1,28740.00
2026-04-06T01:55:00.000Z,2026-04-06T02:09:00.000Z,SELL,0.01,1,1,10.00,1,28750.00
2026-04-06T02:09:00.000Z,2026-04-06T02:23:00.000Z,SELL,0.01,1,1,10.00,1,28760.00
2026-04-06T02:23:00.000Z,2026-04-06T02:25:00.000Z,SELL,0.01,1,1,10.00,1,28770.00
2026-04-06T02:25:00.000Z,2026-04-06T04:08:00.000Z,SELL,0.01,2,1,10.00,2,28780.00
2026-04-06T04:08:00.000Z,2026-04-06T04:17:00.000Z,SELL,0.01,1,1,10.00,1,28790.00
2026-04-06T04:17:00.000Z,2026-04-06T05:19:00.000Z,SELL,0.01,2,1,10.00,2,28800.00
2026-04-06T05:19:00.000Z,2026-04-06T05:35:00.000Z,SELL,0.01,1,1,10.00,1,28810.00
2026-04-06T05:35:00.000Z,2026-04-06T06:02:00.000Z,SELL,0.01,1,1,10.00,1,28820.00
2026-04-06T06:02:00.000Z,2026-04-06T06:14:00.000Z,SELL,0.01,1,1,10.00,1,28830.00
2026-04-06T06:14:00.000Z,2026-04-06T07:59:00.000Z,SELL,0.01,2,1,10.00,2,28840.00
2026-04-06T07:59:00.000Z,2026-04-06T09:00:00.000Z,SELL,0.01,3,1,10.00,3,28850.00
2026-04-06T09:00:00.000Z,2026-04-06T10:51:00.000Z,SELL,0.01,2,1,10.00,2,28860.00
2026-04-06T10:51:00.000Z,2026-04-06T15:20:00.000Z,SELL,0.01,3,1,10.00,3,28870.00
2026-04-06T15:20:00.000Z,2026-04-06T18:15:00.000Z,SELL,0.01,5,1,10.00,5,28880.00
2026-04-06T18:15:00.000Z,2026-04-06T20:14:00.000Z,SELL,0.01,1,1,10.00,1,28890.00
2026-04-06T20:14:00.000Z,2026-04-07T04:00:00.000Z,SELL,0.01,1,1,10.00,1,28900.00
2026-04-07T04:00:00.000Z,2026-04-07T04:52:00.000Z,SELL,0.01,5,1,10.00,5,28910.00
2026-04-07T04:52:00.000Z,2026-04-07T04:56:00.000Z,SELL,0.01,1,1,10.00,1,28920.00
2026-04-07T04:56:00.000Z,2026-04-07T05:46:00.000Z,SELL,0.01,2,1,10.00,2,28930.00
2026-04-07T05:46:00.000Z,2026-04-07T08:27:00.000Z,SELL,0.01,1,1,10.00,1,28940.00
2026-04-07T08:27:00.000Z,2026-04-07T08:30:00.000Z,SELL,0.01,1,1,10.00,1,28950.00
2026-04-07T08:30:00.000Z,2026-04-07T10:11:00.000Z,SELL,0.01,2,1,10.00,2,28960.00
2026-04-07T10:11:00.000Z,2026-04-07T10:23:00.000Z,SELL,0.01,1,1,10.00,1,28970.00
2026-04-07T10:23:00.000Z,2026-04-07T11:21:00.000Z,SELL,0.01,2,1,10.00,2,28980.00
2026-04-07T11:21:00.000Z,2026-04-07T12:43:00.000Z,SELL,0.01,1,1,10.00,1,28990.00
2026-04-07T12:43:00.000Z,2026-04-07T13:43:00.000Z,SELL,0.01,1,1,10.00,1,29000.00
2026-04-07T13:43:00.000Z,2026-04-07T14:10:00.000Z,SELL,0.01,1,1,10.00,1,29010.00
2026-04-07T14:10:00.000Z,2026-04-07T14:14:00.000Z,SELL,0.01,1,1,10.00,1,29020.00
2026-04-07T14:14:00.000Z,2026-04-07T15:22:00.000Z,SELL,0.01,2,1,10.00,2,29030.00
2026-04-07T15:22:00.000Z,2026-04-07T15:45:00.000Z,SELL,0.01,1,1,10.00,1,29040.00
2026-04-07T15:45:00.000Z,2026-04-07T16:35:00.000Z,SELL,0.01,1,1,10.00,1,29050.00
2026-04-07T16:35:00.000Z,2026-04-07T17:01:00.000Z,SELL,0.01,1,1,10.00,1,29060.00
2026-04-07T17:01:00.000Z,2026-04-07T17:04:00.000Z,SELL,0.01,1,1,10.00,1,29070.00
2026-04-07T17:04:00.000Z,2026-04-07T17:06:00.000Z,SELL,0.01,1,1,10.00,1,29080.00
2026-04-07T17:06:00.000Z,2026-04-07T17:24:00.000Z,SELL,0.01,2,1,10.00,2,29090.00
2026-04-07T17:24:00.000Z,2026-04-07T17:59:00.000Z,SELL,0.01,1,1,10.00,1,29100.00
2026-04-07T17:59:00.000Z,2026-04-07T19:03:00.000Z,SELL,0.01,2,1,10.00,2,29110.00
2026-04-07T19:03:00.000Z,2026-04-07T19:08:00.000Z,SELL,0.01,1,1,10.00,1,29120.00
2026-04-07T19:08:00.000Z,2026-04-07T20:37:00.000Z,SELL,0.01,2,1,10.00,2,29130.00
2026-04-07T20:37:00.000Z,2026-04-07T20:43:00.000Z,SELL,0.01,1,1,10.00,1,29140.00
2026-04-07T20:43:00.000Z,2026-04-07T21:55:00.000Z,SELL,0.01,1,1,10.00,1,29150.00
2026-04-07T21:55:00.000Z,2026-04-07T22:20:00.000Z,SELL,0.01,2,1,10.00,2,29160.00
2026-04-07T22:20:00.000Z,2026-04-07T22:31:00.000Z,SELL,0.01,1,1,10.00,1,29170.00
2026-04-07T22:31:00.000Z,2026-04-07T22:46:00.000Z,SELL,0.01,2,1,10.00,2,29180.00
2026-04-07T22:46:00.000Z,2026-04-07T22:52:00.000Z,SELL,0.01,1,1,10.00,1,29190.00
2026-04-07T22:52:00.000Z,2026-04-08T01:00:00.000Z,SELL,0.01,2,1,10.00,2,29200.00
2026-04-08T01:00:00.000Z,2026-04-08T01:32:00.000Z,SELL,0.01,3,1,10.00,3,29210.00
2026-04-08T01:32:00.000Z,2026-04-08T01:34:00.000Z,SELL,0.01,2,1,10.00,2,29220.00
2026-04-08T01:34:00.000Z,2026-04-08T01:53:00.000Z,SELL,0.01,2,1,10.00,2,29230.00
2026-04-08T01:53:00.000Z,2026-04-08T01:56:00.000Z,SELL,0.01,2,1,10.00,2,29240.00
2026-04-08T01:56:00.000Z,2026-04-08T02:00:00.000Z,SELL,0.01,1,1,10.00,1,29250.00
2026-04-08T02:00:00.000Z,2026-04-08T02:58:00.000Z,SELL,0.01,2,1,10.00,2,29260.00
2026-04-08T02:58:00.000Z,2026-04-08T03:25:00.000Z,SELL,0.01,3,1,10.00,3,29270.00
2026-04-08T03:25:00.000Z,2026-04-08T03:36:00.000Z,SELL,0.01,1,1,10.00,1,29280.00
2026-04-08T03:36:00.000Z,2026-04-08T04:19:00.000Z,SELL,0.01,1,1,10.00,1,29290.00
2026-04-08T04:19:00.000Z,2026-04-08T04:31:00.000Z,SELL,0.01,1,1,10.00,1,29300.00
2026-04-08T04:31:00.000Z,2026-04-08T05:02:00.000Z,SELL,0.01,2,1,10.00,2,29310.00
2026-04-08T05:02:00.000Z,2026-04-08T05:24:00.000Z,SELL,0.01,1,1,10.00,1,29320.00
2026-04-08T05:24:00.000Z,2026-04-08T05:55:00.000Z,SELL,0.01,1,1,10.00,1,29330.00
2026-04-08T05:55:00.000Z,2026-04-08T07:23:00.000Z,SELL,0.01,1,1,10.00,1,29340.00
2026-04-08T07:23:00.000Z,2026-04-08T08:34:00.000Z,SELL,0.01,2,1,10.00,2,29350.00
2026-04-08T08:34:00.000Z,2026-04-08T10:02:00.000Z,SELL,0.01,3,1,10.00,3,29360.00
2026-04-08T10:02:00.000Z,2026-04-08T11:26:00.000Z,SELL,0.01,1,1,10.00,1,29370.00
2026-04-08T11:26:00.000Z,2026-04-08T12:43:00.000Z,SELL,0.01,1,1,10.00,1,29380.00
2026-04-08T12:43:00.000Z,2026-04-08T12:44:00.000Z,SELL,0.01,1,1,10.00,1,29390.00
2026-04-08T12:44:00.000Z,2026-04-08T15:22:00.000Z,SELL,0.01,3,1,10.00,3,29400.00
2026-04-08T15:22:00.000Z,2026-04-08T15:46:00.000Z,SELL,0.01,2,1,10.00,2,29410.00
2026-04-08T15:46:00.000Z,2026-04-08T16:29:00.000Z,SELL,0.01,1,1,10.00,1,29420.00
2026-04-08T16:29:00.000Z,2026-04-08T16:31:00.000Z,SELL,0.01,1,1,10.00,1,29430.00
2026-04-08T16:31:00.000Z,2026-04-08T16:55:00.000Z,SELL,0.01,1,1,10.00,1,29440.00
2026-04-08T16:55:00.000Z,2026-04-08T17:31:00.000Z,SELL,0.01,3,1,10.00,3,29450.00
2026-04-08T17:31:00.000Z,2026-04-08T17:52:00.000Z,SELL,0.01,1,1,10.00,1,29460.00
2026-04-08T17:52:00.000Z,2026-04-08T17:56:00.000Z,SELL,0.01,1,1,10.00,1,29470.00
2026-04-08T17:56:00.000Z,2026-04-08T21:18:00.000Z,SELL,0.01,3,1,10.00,3,29480.00
2026-04-08T21:18:00.000Z,2026-04-08T21:18:00.000Z,SELL,0.01,1,1,10.00,1,29490.00
2026-04-08T21:18:00.000Z,2026-04-08T21:50:00.000Z,SELL,0.01,1,1,10.00,1,29500.00
2026-04-08T21:50:00.000Z,2026-04-09T10:08:00.000Z,SELL,0.01,5,0,-2420.00,5,27080.00
2026-04-09T10:08:00.000Z,2026-04-09T10:19:00.000Z,SELL,0.01,1,1,10.00,1,27090.00
2026-04-09T10:19:00.000Z,2026-04-09T10:28:00.000Z,SELL,0.01,1,1,10.00,1,27100.00
2026-04-09T10:28:00.000Z,2026-04-09T13:24:00.000Z,SELL,0.01,2,1,10.00,2,27110.00
2026-04-09T13:24:00.000Z,2026-04-09T16:38:00.000Z,SELL,0.01,4,1,10.00,4,27120.00
2026-04-09T16:38:00.000Z,2026-04-09T17:33:00.000Z,SELL,0.01,1,1,10.00,1,27130.00
2026-04-09T17:33:00.000Z,2026-04-09T18:32:00.000Z,SELL,0.01,2,1,10.00,2,27140.00
2026-04-09T18:32:00.000Z,2026-04-09T21:31:00.000Z,SELL,0.01,1,1,10.00,1,27150.00
2026-04-09T21:31:00.000Z,2026-04-10T01:02:00.000Z,SELL,0.01,1,1,10.00,1,27160.00
2026-04-10T01:02:00.000Z,2026-04-10T03:00:00.000Z,SELL,0.01,1,1,10.00,1,27170.00
2026-04-10T03:00:00.000Z,2026-04-10T05:20:00.000Z,SELL,0.01,3,1,10.00,3,27180.00
2026-04-10T05:20:00.000Z,2026-04-10T11:47:00.000Z,SELL,0.01,3,1,10.00,3,27190.00
2026-04-10T11:47:00.000Z,2026-04-10T14:44:00.000Z,SELL,0.01,2,1,10.00,2,27200.00
2026-04-10T14:44:00.000Z,2026-04-10T19:03:00.000Z,SELL,0.01,3,1,10.00,3,27210.00
2026-04-10T19:03:00.000Z,2026-04-13T01:00:00.000Z,SELL,0.01,1,1,10.00,1,27220.00
2026-04-13T01:00:00.000Z,2026-04-13T01:00:00.000Z,SELL,0.01,1,1,10.00,1,27230.00
2026-04-13T01:00:00.000Z,2026-04-13T01:00:00.000Z,SELL,0.01,1,1,10.00,1,27240.00
2026-04-13T01:00:00.000Z,2026-04-13T01:00:00.000Z,SELL,0.01,1,1,10.00,1,27250.00
2026-04-13T01:00:00.000Z,2026-04-13T01:00:00.000Z,SELL,0.01,1,1,10.00,1,27260.00
2026-04-13T01:00:00.000Z,2026-04-13T01:00:00.000Z,SELL,0.01,1,1,10.00,1,27270.00
2026-04-13T01:00:00.000Z,2026-04-13T01:00:00.000Z,SELL,0.01,1,1,10.00,1,27280.00
2026-04-13T01:00:00.000Z,2026-04-13T01:00:00.000Z,SELL,0.01,1,1,10.00,1,27290.00
2026-04-13T01:00:00.000Z,2026-04-13T01:00:00.000Z,SELL,0.01,1,1,10.00,1,27300.00
2026-04-13T01:00:00.000Z,2026-04-13T01:00:00.000Z,SELL,0.01,1,1,10.00,1,27310.00
2026-04-13T01:00:00.000Z,2026-04-13T01:00:00.000Z,SELL,0.01,1,1,10.00,1,27320.00
2026-04-13T01:00:00.000Z,2026-04-13T01:00:00.000Z,SELL,0.01,1,1,10.00,1,27330.00
2026-04-13T01:00:00.000Z,2026-04-13T01:00:00.000Z,SELL,0.01,1,1,10.00,1,27340.00
2026-04-13T01:00:00.000Z,2026-04-13T01:00:00.000Z,SELL,0.01,1,1,10.00,1,27350.00
2026-04-13T01:00:00.000Z,2026-04-13T01:00:00.000Z,SELL,0.01,1,1,10.00,1,27360.00
2026-04-13T01:00:00.000Z,2026-04-13T01:00:00.000Z,SELL,0.01,1,1,10.00,1,27370.00
2026-04-13T01:00:00.000Z,2026-04-13T01:00:00.000Z,SELL,0.01,2,1,10.00,2,27380.00
2026-04-13T01:00:00.000Z,2026-04-13T01:00:00.000Z,SELL,0.01,2,1,10.00,2,27390.00
2026-04-13T01:00:00.000Z,2026-04-13T01:01:00.000Z,SELL,0.01,2,1,10.00,2,27400.00
2026-04-13T01:01:00.000Z,2026-04-13T01:01:00.000Z,SELL,0.01,1,1,10.00,1,27410.00
2026-04-13T01:01:00.000Z,2026-04-13T01:23:00.000Z,SELL,0.01,3,1,10.00,3,27420.00
2026-04-13T01:23:00.000Z,2026-04-13T01:25:00.000Z,SELL,0.01,1,1,10.00,1,27430.00
2026-04-13T01:25:00.000Z,2026-04-13T03:34:00.000Z,SELL,0.01,2,1,10.00,2,27440.00
2026-04-13T03:34:00.000Z,2026-04-13T04:10:00.000Z,SELL,0.01,2,1,10.00,2,27450.00
2026-04-13T04:10:00.000Z,2026-04-13T16:50:00.000Z,SELL,0.01,4,1,10.00,4,27460.00
2026-04-13T16:50:00.000Z,2026-04-13T16:52:00.000Z,SELL,0.01,1,1,10.00,1,27470.00
2026-04-13T16:52:00.000Z,2026-04-13T17:17:00.000Z,SELL,0.01,1,1,10.00,1,27480.00
2026-04-13T17:17:00.000Z,2026-04-13T17:23:00.000Z,SELL,0.01,1,1,10.00,1,27490.00
2026-04-13T17:23:00.000Z,2026-04-13T19:44:00.000Z,SELL,0.01,2,1,10.00,2,27500.00
2026-04-13T19:44:00.000Z,2026-04-13T20:07:00.000Z,SELL,0.01,1,1,10.00,1,27510.00
2026-04-13T20:07:00.000Z,2026-04-14T02:00:00.000Z,SELL,0.01,4,1,10.00,4,27520.00
2026-04-14T02:00:00.000Z,2026-04-14T10:02:00.000Z,SELL,0.01,2,1,10.00,2,27530.00
2026-04-14T10:02:00.000Z,2026-04-14T10:23:00.000Z,SELL,0.01,1,1,10.00,1,27540.00
2026-04-14T10:23:00.000Z,2026-04-14T10:25:00.000Z,SELL,0.01,1,1,10.00,1,27550.00
2026-04-14T10:25:00.000Z,2026-04-14T13:39:00.000Z,SELL,0.01,3,1,10.00,3,27560.00
2026-04-14T13:39:00.000Z,2026-04-14T16:21:00.000Z,SELL,0.01,2,1,10.00,2,27570.00
2026-04-14T16:21:00.000Z,2026-04-14T19:28:00.000Z,SELL,0.01,2,1,10.00,2,27580.00
2026-04-14T19:28:00.000Z,2026-04-15T01:02:00.000Z,SELL,0.01,2,1,10.00,2,27590.00
2026-04-15T01:02:00.000Z,2026-04-15T01:19:00.000Z,SELL,0.01,1,1,10.00,1,27600.00
2026-04-15T01:19:00.000Z,2026-04-15T03:33:00.000Z,SELL,0.01,1,1,10.00,1,27610.00
2026-04-15T03:33:00.000Z,2026-04-15T04:16:00.000Z,SELL,0.01,2,1,10.00,2,27620.00
2026-04-15T04:16:00.000Z,2026-04-15T04:20:00.000Z,SELL,0.01,1,1,10.00,1,27630.00
2026-04-15T04:20:00.000Z,2026-04-15T05:21:00.000Z,SELL,0.01,1,1,10.00,1,27640.00
2026-04-15T05:21:00.000Z,2026-04-15T05:32:00.000Z,SELL,0.01,1,1,10.00,1,27650.00
2026-04-15T05:32:00.000Z,2026-04-15T06:04:00.000Z,SELL,0.01,1,1,10.00,1,27660.00
2026-04-15T06:04:00.000Z,2026-04-15T10:01:00.000Z,SELL,0.01,1,1,10.00,1,27670.00
2026-04-15T10:01:00.000Z,2026-04-15T12:11:00.000Z,SELL,0.01,1,1,10.00,1,27680.00
2026-04-15T12:11:00.000Z,2026-04-15T12:47:00.000Z,SELL,0.01,1,1,10.00,1,27690.00
2026-04-15T12:47:00.000Z,2026-04-15T16:20:00.000Z,SELL,0.01,2,1,10.00,2,27700.00
2026-04-15T16:20:00.000Z,2026-04-15T18:06:00.000Z,SELL,0.01,1,1,10.00,1,27710.00
2026-04-15T18:06:00.000Z,2026-04-15T18:30:00.000Z,SELL,0.01,1,1,10.00,1,27720.00
2026-04-15T18:30:00.000Z,2026-04-16T02:48:00.000Z,SELL,0.01,2,1,10.00,2,27730.00
2026-04-16T02:48:00.000Z,2026-04-16T04:37:00.000Z,SELL,0.01,1,1,10.00,1,27740.00
2026-04-16T04:37:00.000Z,2026-04-16T13:15:00.000Z,SELL,0.01,3,1,10.00,3,27750.00
2026-04-16T13:15:00.000Z,2026-04-16T16:52:00.000Z,SELL,0.01,1,1,10.00,1,27760.00
2026-04-16T16:52:00.000Z,2026-04-16T16:55:00.000Z,SELL,0.01,1,1,10.00,1,27770.00
2026-04-16T16:55:00.000Z,2026-04-16T17:40:00.000Z,SELL,0.01,3,1,10.00,3,27780.00
2026-04-16T17:40:00.000Z,2026-04-16T18:06:00.000Z,SELL,0.01,2,1,10.00,2,27790.00
2026-04-16T18:06:00.000Z,2026-04-16T19:33:00.000Z,SELL,0.01,1,1,10.00,1,27800.00
2026-04-16T19:33:00.000Z,2026-04-16T20:34:00.000Z,SELL,0.01,1,1,10.00,1,27810.00
2026-04-16T20:34:00.000Z,2026-04-17T04:12:00.000Z,SELL,0.01,1,1,10.00,1,27820.00
2026-04-17T04:12:00.000Z,2026-04-17T07:59:00.000Z,SELL,0.01,2,1,10.00,2,27830.00
2026-04-17T07:59:00.000Z,2026-04-17T08:57:00.000Z,SELL,0.01,1,1,10.00,1,27840.00
2026-04-17T08:57:00.000Z,2026-04-17T09:29:00.000Z,SELL,0.01,1,1,10.00,1,27850.00
2026-04-17T09:29:00.000Z,2026-04-17T15:25:00.000Z,SELL,0.01,2,1,10.00,2,27860.00
2026-04-17T15:25:00.000Z,2026-04-17T15:53:00.000Z,SELL,0.01,2,1,10.00,2,27870.00
2026-04-17T15:53:00.000Z,2026-04-17T16:10:00.000Z,SELL,0.01,2,1,10.00,2,27880.00
2026-04-17T16:10:00.000Z,2026-04-17T16:18:00.000Z,SELL,0.01,1,1,10.00,1,27890.00
2026-04-17T16:18:00.000Z,2026-04-17T16:21:00.000Z,SELL,0.01,1,1,10.00,1,27900.00
2026-04-17T16:21:00.000Z,2026-04-17T17:00:00.000Z,SELL,0.01,4,1,10.00,4,27910.00
2026-04-17T17:00:00.000Z,2026-04-17T17:06:00.000Z,SELL,0.01,1,1,10.00,1,27920.00
2026-04-17T17:06:00.000Z,2026-04-17T17:12:00.000Z,SELL,0.01,1,1,10.00,1,27930.00
2026-04-17T17:12:00.000Z,2026-04-20T01:00:00.000Z,SELL,0.01,3,1,10.00,3,27940.00
2026-04-20T01:00:00.000Z,2026-04-20T01:00:00.000Z,SELL,0.01,1,1,10.00,1,27950.00
2026-04-20T01:00:00.000Z,2026-04-20T01:00:00.000Z,SELL,0.01,1,1,10.00,1,27960.00
2026-04-20T01:00:00.000Z,2026-04-20T01:00:00.000Z,SELL,0.01,1,1,10.00,1,27970.00
2026-04-20T01:00:00.000Z,2026-04-20T01:00:00.000Z,SELL,0.01,1,1,10.00,1,27980.00
2026-04-20T01:00:00.000Z,2026-04-20T01:00:00.000Z,SELL,0.01,1,1,10.00,1,27990.00
2026-04-20T01:00:00.000Z,2026-04-20T01:00:00.000Z,SELL,0.01,1,1,10.00,1,28000.00
2026-04-20T01:00:00.000Z,2026-04-20T01:00:00.000Z,SELL,0.01,1,1,10.00,1,28010.00
2026-04-20T01:00:00.000Z,2026-04-20T01:00:00.000Z,SELL,0.01,1,1,10.00,1,28020.00
2026-04-20T01:00:00.000Z,2026-04-20T01:00:00.000Z,SELL,0.01,1,1,10.00,1,28030.00
2026-04-20T01:00:00.000Z,2026-04-20T01:09:00.000Z,SELL,0.01,2,1,10.00,2,28040.00
2026-04-20T01:09:00.000Z,2026-04-20T01:43:00.000Z,SELL,0.01,1,1,10.00,1,28050.00
2026-04-20T01:43:00.000Z,2026-04-20T02:23:00.000Z,SELL,0.01,1,1,10.00,1,28060.00
2026-04-20T02:23:00.000Z,2026-04-20T02:39:00.000Z,SELL,0.01,1,1,10.00,1,28070.00
2026-04-20T02:39:00.000Z,2026-04-20T02:43:00.000Z,SELL,0.01,1,1,10.00,1,28080.00
2026-04-20T02:43:00.000Z,2026-04-20T02:46:00.000Z,SELL,0.01,1,1,10.00,1,28090.00
2026-04-20T02:46:00.000Z,2026-04-20T03:58:00.000Z,SELL,0.01,2,1,10.00,2,28100.00
2026-04-20T03:58:00.000Z,2026-04-20T04:25:00.000Z,SELL,0.01,2,1,10.00,2,28110.00
2026-04-20T04:25:00.000Z,2026-04-20T06:19:00.000Z,SELL,0.01,1,1,10.00,1,28120.00
2026-04-20T06:19:00.000Z,2026-04-20T15:20:00.000Z,SELL,0.01,2,1,10.00,2,28130.00
2026-04-20T15:20:00.000Z,2026-04-20T15:27:00.000Z,SELL,0.01,1,1,10.00,1,28140.00
2026-04-20T15:27:00.000Z,2026-04-20T17:51:00.000Z,SELL,0.01,1,1,10.00,1,28150.00
2026-04-20T17:51:00.000Z,2026-04-21T01:01:00.000Z,SELL,0.01,2,1,10.00,2,28160.00
2026-04-21T01:01:00.000Z,2026-04-21T03:30:00.000Z,SELL,0.01,1,1,10.00,1,28170.00
2026-04-21T03:30:00.000Z,2026-04-21T04:55:00.000Z,SELL,0.01,1,1,10.00,1,28180.00
2026-04-21T04:55:00.000Z,2026-04-21T06:18:00.000Z,SELL,0.01,1,1,10.00,1,28190.00
2026-04-21T06:18:00.000Z,2026-04-21T08:00:00.000Z,SELL,0.01,1,1,10.00,1,28200.00
2026-04-21T08:00:00.000Z,2026-04-21T09:02:00.000Z,SELL,0.01,1,1,10.00,1,28210.00
2026-04-21T09:02:00.000Z,2026-04-21T15:30:00.000Z,SELL,0.01,3,1,10.00,3,28220.00
2026-04-21T15:30:00.000Z,2026-04-21T17:40:00.000Z,SELL,0.01,5,1,10.00,5,28230.00
2026-04-21T17:40:00.000Z,2026-04-21T17:44:00.000Z,SELL,0.01,1,1,10.00,1,28240.00
2026-04-21T17:44:00.000Z,2026-04-21T17:46:00.000Z,SELL,0.01,1,1,10.00,1,28250.00
2026-04-21T17:46:00.000Z,2026-04-21T17:48:00.000Z,SELL,0.01,1,1,10.00,1,28260.00
2026-04-21T17:48:00.000Z,2026-04-21T18:19:00.000Z,SELL,0.01,2,1,10.00,2,28270.00
2026-04-21T18:19:00.000Z,2026-04-21T18:25:00.000Z,SELL,0.01,1,1,10.00,1,28280.00
2026-04-21T18:25:00.000Z,2026-04-21T19:09:00.000Z,SELL,0.01,1,1,10.00,1,28290.00
2026-04-21T19:09:00.000Z,2026-04-21T19:27:00.000Z,SELL,0.01,1,1,10.00,1,28300.00
2026-04-21T19:27:00.000Z,2026-04-21T19:51:00.000Z,SELL,0.01,1,1,10.00,1,28310.00
2026-04-21T19:51:00.000Z,2026-04-21T20:11:00.000Z,SELL,0.01,1,1,10.00,1,28320.00
2026-04-21T20:11:00.000Z,2026-04-21T21:22:00.000Z,SELL,0.01,1,1,10.00,1,28330.00
2026-04-21T21:22:00.000Z,2026-04-21T22:42:00.000Z,SELL,0.01,3,1,10.00,3,28340.00
2026-04-21T22:42:00.000Z,2026-04-21T22:43:00.000Z,SELL,0.01,1,1,10.00,1,28350.00
2026-04-21T22:43:00.000Z,2026-04-22T01:00:00.000Z,SELL,0.01,2,1,10.00,2,28360.00
2026-04-22T01:00:00.000Z,2026-04-22T02:45:00.000Z,SELL,0.01,2,1,10.00,2,28370.00
2026-04-22T02:45:00.000Z,2026-04-22T06:31:00.000Z,SELL,0.01,2,1,10.00,2,28380.00
2026-04-22T06:31:00.000Z,2026-04-22T07:39:00.000Z,SELL,0.01,1,1,10.00,1,28390.00
2026-04-22T07:39:00.000Z,2026-04-22T15:48:00.000Z,SELL,0.01,1,1,10.00,1,28400.00
2026-04-22T15:48:00.000Z,2026-04-22T17:32:00.000Z,SELL,0.01,1,1,10.00,1,28410.00
2026-04-22T17:32:00.000Z,2026-04-23T03:01:00.000Z,SELL,0.01,1,1,10.00,1,28420.00
2026-04-23T03:01:00.000Z,2026-04-23T03:10:00.000Z,SELL,0.01,1,1,10.00,1,28430.00
2026-04-23T03:10:00.000Z,2026-04-23T03:14:00.000Z,SELL,0.01,1,1,10.00,1,28440.00
2026-04-23T03:14:00.000Z,2026-04-23T03:22:00.000Z,SELL,0.01,2,1,10.00,2,28450.00
2026-04-23T03:22:00.000Z,2026-04-23T04:59:00.000Z,SELL,0.01,3,1,10.00,3,28460.00
2026-04-23T04:59:00.000Z,2026-04-23T05:09:00.000Z,SELL,0.01,1,1,10.00,1,28470.00
2026-04-23T05:09:00.000Z,2026-04-23T05:44:00.000Z,SELL,0.01,1,1,10.00,1,28480.00
2026-04-23T05:44:00.000Z,2026-04-23T13:09:00.000Z,SELL,0.01,3,1,10.00,3,28490.00
2026-04-23T13:09:00.000Z,2026-04-23T15:00:00.000Z,SELL,0.01,2,1,10.00,2,28500.00
2026-04-23T15:00:00.000Z,2026-04-23T20:09:00.000Z,SELL,0.01,3,1,10.00,3,28510.00
2026-04-23T20:09:00.000Z,2026-04-23T20:36:00.000Z,SELL,0.01,1,1,10.00,1,28520.00
2026-04-23T20:36:00.000Z,2026-04-23T20:41:00.000Z,SELL,0.01,1,1,10.00,1,28530.00
2026-04-23T20:41:00.000Z,2026-04-23T20:42:00.000Z,SELL,0.01,1,1,10.00,1,28540.00
2026-04-23T20:42:00.000Z,2026-04-23T20:46:00.000Z,SELL,0.01,1,1,10.00,1,28550.00
2026-04-23T20:46:00.000Z,2026-04-23T20:53:00.000Z,SELL,0.01,2,1,10.00,2,28560.00
2026-04-23T20:53:00.000Z,2026-04-23T22:35:00.000Z,SELL,0.01,3,1,10.00,3,28570.00
2026-04-23T22:35:00.000Z,2026-04-24T05:42:00.000Z,SELL,0.01,3,1,10.00,3,28580.00
2026-04-24T05:42:00.000Z,2026-04-24T06:07:00.000Z,SELL,0.01,1,1,10.00,1,28590.00
2026-04-24T06:07:00.000Z,2026-04-24T07:25:00.000Z,SELL,0.01,1,1,10.00,1,28600.00
2026-04-24T07:25:00.000Z,2026-04-24T10:46:00.000Z,SELL,0.01,2,1,10.00,2,28610.00
2026-04-24T10:46:00.000Z,2026-04-24T12:33:00.000Z,SELL,0.01,1,1,10.00,1,28620.00
2026-04-24T12:33:00.000Z,2026-04-24T14:24:00.000Z,SELL,0.01,2,1,10.00,2,28630.00
2026-04-24T14:24:00.000Z,2026-04-24T15:44:00.000Z,SELL,0.01,1,1,10.00,1,28640.00
2026-04-24T15:44:00.000Z,2026-04-24T17:09:00.000Z,SELL,0.01,2,1,10.00,2,28650.00
2026-04-24T17:09:00.000Z,2026-04-24T18:07:00.000Z,SELL,0.01,1,1,10.00,1,28660.00
2026-04-24T18:07:00.000Z,2026-04-27T01:00:00.000Z,SELL,0.01,1,1,10.00,1,28670.00
2026-04-27T01:00:00.000Z,2026-04-27T01:00:00.000Z,SELL,0.01,1,1,10.00,1,28680.00
2026-04-27T01:00:00.000Z,2026-04-27T01:06:00.000Z,SELL,0.01,1,1,10.00,1,28690.00
2026-04-27T01:06:00.000Z,2026-04-27T02:01:00.000Z,SELL,0.01,1,1,10.00,1,28700.00
2026-04-27T02:01:00.000Z,2026-04-27T04:03:00.000Z,SELL,0.01,2,1,10.00,2,28710.00
2026-04-27T04:03:00.000Z,2026-04-27T04:07:00.000Z,SELL,0.01,1,1,10.00,1,28720.00
2026-04-27T04:07:00.000Z,2026-04-27T06:41:00.000Z,SELL,0.01,2,1,10.00,2,28730.00
2026-04-27T06:41:00.000Z,2026-04-27T08:15:00.000Z,SELL,0.01,1,1,10.00,1,28740.00
2026-04-27T08:15:00.000Z,2026-04-27T11:30:00.000Z,SELL,0.01,1,1,10.00,1,28750.00
2026-04-27T11:30:00.000Z,2026-04-27T15:42:00.000Z,SELL,0.01,1,1,10.00,1,28760.00
2026-04-27T15:42:00.000Z,2026-04-27T17:27:00.000Z,SELL,0.01,1,1,10.00,1,28770.00
2026-04-27T17:27:00.000Z,2026-04-27T17:56:00.000Z,SELL,0.01,1,1,10.00,1,28780.00
2026-04-27T17:56:00.000Z,2026-04-28T08:00:00.000Z,SELL,0.01,3,1,10.00,3,28790.00
2026-04-28T08:00:00.000Z,2026-04-28T08:06:00.000Z,SELL,0.01,1,1,10.00,1,28800.00
2026-04-28T08:06:00.000Z,2026-04-28T08:30:00.000Z,SELL,0.01,1,1,10.00,1,28810.00
2026-04-28T08:30:00.000Z,2026-04-28T08:40:00.000Z,SELL,0.01,1,1,10.00,1,28820.00
2026-04-28T08:40:00.000Z,2026-04-28T08:44:00.000Z,SELL,0.01,1,1,10.00,1,28830.00
2026-04-28T08:44:00.000Z,2026-04-28T11:11:00.000Z,SELL,0.01,1,1,10.00,1,28840.00
2026-04-28T11:11:00.000Z,2026-04-28T12:58:00.000Z,SELL,0.01,3,1,10.00,3,28850.00
2026-04-28T12:58:00.000Z,2026-04-28T14:20:00.000Z,SELL,0.01,1,1,10.00,1,28860.00
2026-04-28T14:20:00.000Z,2026-04-28T14:36:00.000Z,SELL,0.01,1,1,10.00,1,28870.00
2026-04-28T14:36:00.000Z,2026-04-28T14:39:00.000Z,SELL,0.01,1,1,10.00,1,28880.00
2026-04-28T14:39:00.000Z,2026-04-28T14:48:00.000Z,SELL,0.01,1,1,10.00,1,28890.00
2026-04-28T14:48:00.000Z,2026-04-28T15:20:00.000Z,SELL,0.01,2,1,10.00,2,28900.00
2026-04-28T15:20:00.000Z,2026-04-28T15:21:00.000Z,SELL,0.01,1,1,10.00,1,28910.00
2026-04-28T15:21:00.000Z,2026-04-28T15:30:00.000Z,SELL,0.01,1,1,10.00,1,28920.00
2026-04-28T15:30:00.000Z,2026-04-28T17:36:00.000Z,SELL,0.01,3,1,10.00,3,28930.00
2026-04-28T17:36:00.000Z,2026-04-28T19:52:00.000Z,SELL,0.01,2,1,10.00,2,28940.00
2026-04-28T19:52:00.000Z,2026-04-29T04:04:00.000Z,SELL,0.01,1,1,10.00,1,28950.00
2026-04-29T04:04:00.000Z,2026-04-29T10:26:00.000Z,SELL,0.01,3,1,10.00,3,28960.00
2026-04-29T10:26:00.000Z,2026-04-29T11:34:00.000Z,SELL,0.01,1,1,10.00,1,28970.00
2026-04-29T11:34:00.000Z,2026-04-29T12:50:00.000Z,SELL,0.01,1,1,10.00,1,28980.00
2026-04-29T12:50:00.000Z,2026-04-29T15:56:00.000Z,SELL,0.01,3,1,10.00,3,28990.00
2026-04-29T15:56:00.000Z,2026-04-29T16:30:00.000Z,SELL,0.01,1,1,10.00,1,29000.00
2026-04-29T16:30:00.000Z,2026-04-29T16:40:00.000Z,SELL,0.01,1,1,10.00,1,29010.00
2026-04-29T16:40:00.000Z,2026-04-29T16:45:00.000Z,SELL,0.01,1,1,10.00,1,29020.00
2026-04-29T16:45:00.000Z,2026-04-29T17:33:00.000Z,SELL,0.01,2,1,10.00,2,29030.00
2026-04-29T17:33:00.000Z,2026-04-29T21:10:00.000Z,SELL,0.01,3,1,10.00,3,29040.00
2026-04-29T21:10:00.000Z,2026-04-29T21:34:00.000Z,SELL,0.01,1,1,10.00,1,29050.00
2026-04-29T21:34:00.000Z,2026-04-30T01:31:00.000Z,SELL,0.01,4,1,10.00,4,29060.00
2026-04-30T01:31:00.000Z,2026-04-30T04:29:00.000Z,SELL,0.01,2,1,10.00,2,29070.00
2026-04-30T04:29:00.000Z,2026-04-30T05:30:00.000Z,SELL,0.01,1,1,10.00,1,29080.00
2026-04-30T05:30:00.000Z,2026-04-30T05:43:00.000Z,SELL,0.01,1,1,10.00,1,29090.00
2026-04-30T05:43:00.000Z,2026-04-30T07:23:00.000Z,SELL,0.01,1,1,10.00,1,29100.00
2026-04-30T07:23:00.000Z,2026-04-30T09:51:00.000Z,SELL,0.01,2,1,10.00,2,29110.00
2026-04-30T09:51:00.000Z,2026-04-30T11:04:00.000Z,SELL,0.01,2,1,10.00,2,29120.00
2026-04-30T11:04:00.000Z,2026-04-30T13:27:00.000Z,SELL,0.01,2,1,10.00,2,29130.00
2026-04-30T13:27:00.000Z,2026-04-30T14:32:00.000Z,SELL,0.01,1,1,10.00,1,29140.00
2026-04-30T14:32:00.000Z,2026-04-30T16:46:00.000Z,SELL,0.01,1,1,10.00,1,29150.00
2026-04-30T16:46:00.000Z,2026-04-30T19:16:00.000Z,SELL,0.01,1,1,10.00,1,29160.00
2026-04-30T19:16:00.000Z,2026-05-01T09:19:00.000Z,SELL,0.01,3,1,10.00,3,29170.00
2026-05-01T09:19:00.000Z,2026-05-01T10:22:00.000Z,SELL,0.01,1,1,10.00,1,29180.00
2026-05-01T10:22:00.000Z,2026-05-01T10:56:00.000Z,SELL,0.01,1,1,10.00,1,29190.00
2026-05-01T10:56:00.000Z,2026-05-01T11:24:00.000Z,SELL,0.01,1,1,10.00,1,29200.00
2026-05-01T11:24:00.000Z,2026-05-01T15:25:00.000Z,SELL,0.01,2,1,10.00,2,29210.00
2026-05-01T15:25:00.000Z,2026-05-01T16:17:00.000Z,SELL,0.01,1,1,10.00,1,29220.00
2026-05-01T16:17:00.000Z,2026-05-01T16:54:00.000Z,SELL,0.01,2,1,10.00,2,29230.00
2026-05-01T16:54:00.000Z,2026-05-01T17:12:00.000Z,SELL,0.01,2,1,10.00,2,29240.00
2026-05-01T17:12:00.000Z,2026-05-01T17:36:00.000Z,SELL,0.01,1,1,10.00,1,29250.00
2026-05-01T17:36:00.000Z,2026-05-01T17:50:00.000Z,SELL,0.01,1,1,10.00,1,29260.00
2026-05-01T17:50:00.000Z,2026-05-01T21:13:00.000Z,SELL,0.01,3,1,10.00,3,29270.00
2026-05-01T21:13:00.000Z,2026-05-04T03:01:00.000Z,SELL,0.01,1,1,10.00,1,29280.00
2026-05-04T03:01:00.000Z,2026-05-04T04:10:00.000Z,SELL,0.01,1,1,10.00,1,29290.00
2026-05-04T04:10:00.000Z,2026-05-04T09:38:00.000Z,SELL,0.01,5,1,10.00,5,29300.00
2026-05-04T09:38:00.000Z,2026-05-04T11:04:00.000Z,SELL,0.01,1,1,10.00,1,29310.00
2026-05-04T11:04:00.000Z,2026-05-04T13:02:00.000Z,SELL,0.01,1,1,10.00,1,29320.00
2026-05-04T13:02:00.000Z,2026-05-04T13:04:00.000Z,SELL,0.01,1,1,10.00,1,29330.00
2026-05-04T13:04:00.000Z,2026-05-04T13:06:00.000Z,SELL,0.01,1,1,10.00,1,29340.00
2026-05-04T13:06:00.000Z,2026-05-04T13:18:00.000Z,SELL,0.01,1,1,10.00,1,29350.00
2026-05-04T13:18:00.000Z,2026-05-04T13:48:00.000Z,SELL,0.01,2,1,10.00,2,29360.00
2026-05-04T13:48:00.000Z,2026-05-04T14:35:00.000Z,SELL,0.01,1,1,10.00,1,29370.00
2026-05-04T14:35:00.000Z,2026-05-04T18:18:00.000Z,SELL,0.01,5,1,10.00,5,29380.00
2026-05-04T18:18:00.000Z,2026-05-04T18:20:00.000Z,SELL,0.01,1,1,10.00,1,29390.00
2026-05-04T18:20:00.000Z,2026-05-04T18:21:00.000Z,SELL,0.01,1,1,10.00,1,29400.00
2026-05-04T18:21:00.000Z,2026-05-04T18:23:00.000Z,SELL,0.01,1,1,10.00,1,29410.00
2026-05-04T18:23:00.000Z,2026-05-04T19:10:00.000Z,SELL,0.01,3,1,10.00,3,29420.00
2026-05-04T19:10:00.000Z,2026-05-05T04:04:00.000Z,SELL,0.01,2,1,10.00,2,29430.00
2026-05-05T04:04:00.000Z,2026-05-05T14:42:00.000Z,SELL,0.01,2,1,10.00,2,29440.00
2026-05-05T14:42:00.000Z,2026-05-05T19:32:00.000Z,SELL,0.01,3,1,10.00,3,29450.00
2026-05-05T19:32:00.000Z,2026-05-06T02:12:00.000Z,SELL,0.01,2,1,10.00,2,29460.00
2026-05-06T02:12:00.000Z,2026-05-06T03:55:00.000Z,SELL,0.01,2,1,10.00,2,29470.00
2026-05-06T03:55:00.000Z,2026-05-06T06:06:00.000Z,SELL,0.01,2,1,10.00,2,29480.00
2026-05-06T06:06:00.000Z,2026-05-06T10:45:00.000Z,SELL,0.01,2,1,10.00,2,29490.00
2026-05-06T10:45:00.000Z,2026-05-06T12:00:00.000Z,SELL,0.01,2,1,10.00,2,29500.00
2026-05-06T12:00:00.000Z,2026-05-06T12:04:00.000Z,SELL,0.01,1,1,10.00,1,29510.00
2026-05-06T12:04:00.000Z,2026-05-06T15:03:00.000Z,SELL,0.01,3,1,10.00,3,29520.00
2026-05-06T15:03:00.000Z,2026-05-06T15:14:00.000Z,SELL,0.01,1,1,10.00,1,29530.00
2026-05-06T15:14:00.000Z,2026-05-06T15:19:00.000Z,SELL,0.01,1,1,10.00,1,29540.00
2026-05-06T15:19:00.000Z,2026-05-06T16:33:00.000Z,SELL,0.01,2,1,10.00,2,29550.00
2026-05-06T16:33:00.000Z,2026-05-06T19:07:00.000Z,SELL,0.01,3,1,10.00,3,29560.00
2026-05-06T19:07:00.000Z,2026-05-07T04:15:00.000Z,SELL,0.01,2,1,10.00,2,29570.00
2026-05-07T04:15:00.000Z,2026-05-07T04:30:00.000Z,SELL,0.01,1,1,10.00,1,29580.00
2026-05-07T04:30:00.000Z,2026-05-07T09:32:00.000Z,SELL,0.01,2,1,10.00,2,29590.00
2026-05-07T09:32:00.000Z,2026-05-07T12:03:00.000Z,SELL,0.01,3,1,10.00,3,29600.00
2026-05-07T12:03:00.000Z,2026-05-07T15:45:00.000Z,SELL,0.01,2,1,10.00,2,29610.00
2026-05-07T15:45:00.000Z,2026-05-07T16:00:00.000Z,SELL,0.01,1,1,10.00,1,29620.00
2026-05-07T16:00:00.000Z,2026-05-07T16:13:00.000Z,SELL,0.01,1,1,10.00,1,29630.00
2026-05-07T16:13:00.000Z,2026-05-07T17:54:00.000Z,SELL,0.01,2,1,10.00,2,29640.00
2026-05-07T17:54:00.000Z,2026-05-07T18:21:00.000Z,SELL,0.01,1,1,10.00,1,29650.00
2026-05-07T18:21:00.000Z,2026-05-07T18:26:00.000Z,SELL,0.01,1,1,10.00,1,29660.00
2026-05-07T18:26:00.000Z,2026-05-07T18:52:00.000Z,SELL,0.01,1,1,10.00,1,29670.00
2026-05-07T18:52:00.000Z,2026-05-07T19:07:00.000Z,SELL,0.01,1,1,10.00,1,29680.00
2026-05-07T19:07:00.000Z,2026-05-07T19:18:00.000Z,SELL,0.01,1,1,10.00,1,29690.00
2026-05-07T19:18:00.000Z,2026-05-07T20:26:00.000Z,SELL,0.01,1,1,10.00,1,29700.00
2026-05-07T20:26:00.000Z,2026-05-07T20:27:00.000Z,SELL,0.01,1,1,10.00,1,29710.00
2026-05-07T20:27:00.000Z,2026-05-08T01:00:00.000Z,SELL,0.01,3,1,10.00,3,29720.00
2026-05-08T01:00:00.000Z,2026-05-08T04:01:00.000Z,SELL,0.01,2,1,10.00,2,29730.00
2026-05-08T04:01:00.000Z,2026-05-08T08:50:00.000Z,SELL,0.01,5,0,-2420.00,5,27310.00
2026-05-08T08:50:00.000Z,2026-05-08T09:00:00.000Z,SELL,0.01,1,1,10.00,1,27320.00
2026-05-08T09:00:00.000Z,2026-05-08T10:22:00.000Z,SELL,0.01,1,1,10.00,1,27330.00
2026-05-08T10:22:00.000Z,2026-05-08T10:25:00.000Z,SELL,0.01,1,1,10.00,1,27340.00
2026-05-08T10:25:00.000Z,2026-05-08T15:43:00.000Z,SELL,0.01,2,1,10.00,2,27350.00
2026-05-08T15:43:00.000Z,2026-05-08T16:09:00.000Z,SELL,0.01,1,1,10.00,1,27360.00
2026-05-08T16:09:00.000Z,2026-05-08T17:00:00.000Z,SELL,0.01,2,1,10.00,2,27370.00
2026-05-08T17:00:00.000Z,2026-05-08T17:05:00.000Z,SELL,0.01,1,1,10.00,1,27380.00
2026-05-08T17:05:00.000Z,2026-05-08T17:08:00.000Z,SELL,0.01,1,1,10.00,1,27390.00
2026-05-08T17:08:00.000Z,2026-05-08T17:29:00.000Z,SELL,0.01,1,1,10.00,1,27400.00
2026-05-08T17:29:00.000Z,2026-05-08T18:14:00.000Z,SELL,0.01,1,1,10.00,1,27410.00
2026-05-08T18:14:00.000Z,2026-05-11T01:00:00.000Z,SELL,0.01,3,1,10.00,3,27420.00
2026-05-11T01:00:00.000Z,2026-05-11T01:02:00.000Z,SELL,0.01,1,1,10.00,1,27430.00
2026-05-11T01:02:00.000Z,2026-05-11T03:17:00.000Z,SELL,0.01,1,1,10.00,1,27440.00
2026-05-11T03:17:00.000Z,2026-05-11T08:43:00.000Z,SELL,0.01,3,1,10.00,3,27450.00
2026-05-11T08:43:00.000Z,2026-05-11T08:51:00.000Z,SELL,0.01,1,1,10.00,1,27460.00
2026-05-11T08:51:00.000Z,2026-05-11T15:23:00.000Z,SELL,0.01,4,1,10.00,4,27470.00
2026-05-11T15:23:00.000Z,2026-05-11T16:09:00.000Z,SELL,0.01,2,1,10.00,2,27480.00
2026-05-11T16:09:00.000Z,2026-05-11T16:45:00.000Z,SELL,0.01,2,1,10.00,2,27490.00
2026-05-11T16:45:00.000Z,2026-05-11T16:50:00.000Z,SELL,0.01,1,1,10.00,1,27500.00
2026-05-11T16:50:00.000Z,2026-05-11T17:06:00.000Z,SELL,0.01,1,1,10.00,1,27510.00
2026-05-11T17:06:00.000Z,2026-05-11T17:32:00.000Z,SELL,0.01,1,1,10.00,1,27520.00
2026-05-11T17:32:00.000Z,2026-05-12T01:46:00.000Z,SELL,0.01,4,1,10.00,4,27530.00
2026-05-12T01:46:00.000Z,2026-05-12T04:27:00.000Z,SELL,0.01,3,1,10.00,3,27540.00
2026-05-12T04:27:00.000Z,2026-05-12T04:39:00.000Z,SELL,0.01,1,1,10.00,1,27550.00
2026-05-12T04:39:00.000Z,2026-05-12T07:54:00.000Z,SELL,0.01,1,1,10.00,1,27560.00
2026-05-12T07:54:00.000Z,2026-05-12T09:00:00.000Z,SELL,0.01,1,1,10.00,1,27570.00
2026-05-12T09:00:00.000Z,2026-05-12T09:55:00.000Z,SELL,0.01,1,1,10.00,1,27580.00
2026-05-12T09:55:00.000Z,2026-05-12T16:15:00.000Z,SELL,0.01,1,1,10.00,1,27590.00
2026-05-12T16:15:00.000Z,2026-05-12T17:33:00.000Z,SELL,0.01,1,1,10.00,1,27600.00
2026-05-12T17:33:00.000Z,2026-05-12T18:15:00.000Z,SELL,0.01,1,1,10.00,1,27610.00
2026-05-12T18:15:00.000Z,2026-05-12T18:22:00.000Z,SELL,0.01,1,1,10.00,1,27620.00
2026-05-12T18:22:00.000Z,2026-05-12T18:23:00.000Z,SELL,0.01,1,1,10.00,1,27630.00
2026-05-12T18:23:00.000Z,2026-05-12T19:16:00.000Z,SELL,0.01,2,1,10.00,2,27640.00
2026-05-12T19:16:00.000Z,2026-05-12T22:24:00.000Z,SELL,0.01,2,1,10.00,2,27650.00
2026-05-12T22:24:00.000Z,2026-05-13T05:47:00.000Z,SELL,0.01,3,1,10.00,3,27660.00
2026-05-13T05:47:00.000Z,2026-05-13T15:30:00.000Z,SELL,0.01,3,1,10.00,3,27670.00
2026-05-13T15:30:00.000Z,2026-05-13T16:46:00.000Z,SELL,0.01,1,1,10.00,1,27680.00
2026-05-13T16:46:00.000Z,2026-05-13T19:10:00.000Z,SELL,0.01,2,1,10.00,2,27690.00
2026-05-13T19:10:00.000Z,2026-05-13T20:34:00.000Z,SELL,0.01,1,1,10.00,1,27700.00
2026-05-13T20:34:00.000Z,2026-05-13T21:46:00.000Z,SELL,0.01,1,1,10.00,1,27710.00
2026-05-13T21:46:00.000Z,2026-05-14T07:00:00.000Z,SELL,0.01,3,1,10.00,3,27720.00
2026-05-14T07:00:00.000Z,2026-05-14T07:26:00.000Z,SELL,0.01,2,1,10.00,2,27730.00
2026-05-14T07:26:00.000Z,2026-05-14T08:59:00.000Z,SELL,0.01,1,1,10.00,1,27740.00
2026-05-14T08:59:00.000Z,2026-05-14T16:37:00.000Z,SELL,0.01,3,1,10.00,3,27750.00
2026-05-14T16:37:00.000Z,2026-05-14T16:42:00.000Z,SELL,0.01,1,1,10.00,1,27760.00
2026-05-14T16:42:00.000Z,2026-05-14T22:38:00.000Z,SELL,0.01,3,1,10.00,3,27770.00
2026-05-14T22:38:00.000Z,2026-05-15T01:00:00.000Z,SELL,0.01,1,1,10.00,1,27780.00
2026-05-15T01:00:00.000Z,2026-05-15T03:25:00.000Z,SELL,0.01,1,1,10.00,1,27790.00
2026-05-15T03:25:00.000Z,2026-05-15T03:25:00.000Z,SELL,0.01,1,1,10.00,1,27800.00
2026-05-15T03:25:00.000Z,2026-05-15T03:39:00.000Z,SELL,0.01,1,1,10.00,1,27810.00
2026-05-15T03:39:00.000Z,2026-05-15T04:10:00.000Z,SELL,0.01,1,1,10.00,1,27820.00
2026-05-15T04:10:00.000Z,2026-05-15T08:02:00.000Z,SELL,0.01,1,1,10.00,1,27830.00
2026-05-15T08:02:00.000Z,2026-05-15T08:11:00.000Z,SELL,0.01,1,1,10.00,1,27840.00
2026-05-15T08:11:00.000Z,2026-05-15T08:31:00.000Z,SELL,0.01,1,1,10.00,1,27850.00
2026-05-15T08:31:00.000Z,2026-05-15T08:34:00.000Z,SELL,0.01,1,1,10.00,1,27860.00
2026-05-15T08:34:00.000Z,2026-05-15T08:59:00.000Z,SELL,0.01,1,1,10.00,1,27870.00
2026-05-15T08:59:00.000Z,2026-05-15T10:20:00.000Z,SELL,0.01,2,1,10.00,2,27880.00
2026-05-15T10:20:00.000Z,2026-05-15T10:33:00.000Z,SELL,0.01,1,1,10.00,1,27890.00
2026-05-15T10:33:00.000Z,2026-05-15T11:00:00.000Z,SELL,0.01,1,1,10.00,1,27900.00
2026-05-15T11:00:00.000Z,2026-05-15T11:04:00.000Z,SELL,0.01,1,1,10.00,1,27910.00
2026-05-15T11:04:00.000Z,2026-05-15T12:12:00.000Z,SELL,0.01,1,1,10.00,1,27920.00
2026-05-15T12:12:00.000Z,2026-05-15T12:50:00.000Z,SELL,0.01,1,1,10.00,1,27930.00
2026-05-15T12:50:00.000Z,2026-05-15T13:51:00.000Z,SELL,0.01,2,1,10.00,2,27940.00
2026-05-15T13:51:00.000Z,2026-05-15T14:36:00.000Z,SELL,0.01,1,1,10.00,1,27950.00
2026-05-15T14:36:00.000Z,2026-05-15T15:01:00.000Z,SELL,0.01,1,1,10.00,1,27960.00
2026-05-15T15:01:00.000Z,2026-05-15T16:09:00.000Z,SELL,0.01,1,1,10.00,1,27970.00
2026-05-15T16:09:00.000Z,2026-05-15T16:41:00.000Z,SELL,0.01,3,1,10.00,3,27980.00
2026-05-15T16:41:00.000Z,2026-05-15T16:45:00.000Z,SELL,0.01,1,1,10.00,1,27990.00
2026-05-15T16:45:00.000Z,2026-05-15T17:13:00.000Z,SELL,0.01,2,1,10.00,2,28000.00
2026-05-15T17:13:00.000Z,2026-05-15T18:55:00.000Z,SELL,0.01,3,1,10.00,3,28010.00
2026-05-15T18:55:00.000Z,2026-05-18T01:02:00.000Z,SELL,0.01,3,1,10.00,3,28020.00
2026-05-18T01:02:00.000Z,2026-05-18T01:02:00.000Z,SELL,0.01,1,1,10.00,1,28030.00
2026-05-18T01:02:00.000Z,2026-05-18T01:02:00.000Z,SELL,0.01,1,1,10.00,1,28040.00
2026-05-18T01:02:00.000Z,2026-05-18T01:02:00.000Z,SELL,0.01,2,1,10.00,2,28050.00
2026-05-18T01:02:00.000Z,2026-05-18T03:08:00.000Z,SELL,0.01,1,1,10.00,1,28060.00
2026-05-18T03:08:00.000Z,2026-05-18T03:29:00.000Z,SELL,0.01,1,1,10.00,1,28070.00
2026-05-18T03:29:00.000Z,2026-05-18T03:33:00.000Z,SELL,0.01,1,1,10.00,1,28080.00
2026-05-18T03:33:00.000Z,2026-05-18T03:34:00.000Z,SELL,0.01,1,1,10.00,1,28090.00
2026-05-18T03:34:00.000Z,2026-05-18T03:44:00.000Z,SELL,0.01,1,1,10.00,1,28100.00
2026-05-18T03:44:00.000Z,2026-05-18T03:59:00.000Z,SELL,0.01,2,1,10.00,2,28110.00
2026-05-18T03:59:00.000Z,2026-05-18T04:00:00.000Z,SELL,0.01,1,1,10.00,1,28120.00
2026-05-18T04:00:00.000Z,2026-05-18T04:03:00.000Z,SELL,0.01,1,1,10.00,1,28130.00
2026-05-18T04:03:00.000Z,2026-05-18T04:48:00.000Z,SELL,0.01,2,1,10.00,2,28140.00
2026-05-18T04:48:00.000Z,2026-05-18T10:30:00.000Z,SELL,0.01,2,1,10.00,2,28150.00
2026-05-18T10:30:00.000Z,2026-05-18T10:50:00.000Z,SELL,0.01,1,1,10.00,1,28160.00
2026-05-18T10:50:00.000Z,2026-05-18T13:34:00.000Z,SELL,0.01,1,1,10.00,1,28170.00
2026-05-18T13:34:00.000Z,2026-05-18T14:41:00.000Z,SELL,0.01,2,1,10.00,2,28180.00
2026-05-18T14:41:00.000Z,2026-05-18T14:50:00.000Z,SELL,0.01,1,1,10.00,1,28190.00
2026-05-18T14:50:00.000Z,2026-05-18T16:54:00.000Z,SELL,0.01,2,1,10.00,2,28200.00
2026-05-18T16:54:00.000Z,2026-05-18T17:00:00.000Z,SELL,0.01,1,1,10.00,1,28210.00
2026-05-18T17:00:00.000Z,2026-05-18T17:05:00.000Z,SELL,0.01,1,1,10.00,1,28220.00
2026-05-18T17:05:00.000Z,2026-05-18T17:33:00.000Z,SELL,0.01,1,1,10.00,1,28230.00
2026-05-18T17:33:00.000Z,2026-05-18T17:40:00.000Z,SELL,0.01,1,1,10.00,1,28240.00
2026-05-18T17:40:00.000Z,2026-05-19T01:05:00.000Z,SELL,0.01,2,1,10.00,2,28250.00
2026-05-19T01:05:00.000Z,2026-05-19T03:59:00.000Z,SELL,0.01,1,1,10.00,1,28260.00
2026-05-19T03:59:00.000Z,2026-05-19T05:40:00.000Z,SELL,0.01,1,1,10.00,1,28270.00
2026-05-19T05:40:00.000Z,2026-05-19T07:09:00.000Z,SELL,0.01,1,1,10.00,1,28280.00
2026-05-19T07:09:00.000Z,2026-05-19T13:43:00.000Z,SELL,0.01,1,1,10.00,1,28290.00
2026-05-19T13:43:00.000Z,2026-05-19T16:06:00.000Z,SELL,0.01,1,1,10.00,1,28300.00
2026-05-19T16:06:00.000Z,2026-05-19T16:22:00.000Z,SELL,0.01,1,1,10.00,1,28310.00
2026-05-19T16:22:00.000Z,2026-05-19T16:26:00.000Z,SELL,0.01,1,1,10.00,1,28320.00
2026-05-19T16:26:00.000Z,2026-05-19T16:30:00.000Z,SELL,0.01,1,1,10.00,1,28330.00
2026-05-19T16:30:00.000Z,2026-05-19T16:31:00.000Z,SELL,0.01,1,1,10.00,1,28340.00
2026-05-19T16:31:00.000Z,2026-05-19T16:31:00.000Z,SELL,0.01,1,1,10.00,1,28350.00
2026-05-19T16:31:00.000Z,2026-05-19T16:54:00.000Z,SELL,0.01,2,1,10.00,2,28360.00
2026-05-19T16:54:00.000Z,2026-05-19T17:21:00.000Z,SELL,0.01,1,1,10.00,1,28370.00
2026-05-19T17:21:00.000Z,2026-05-20T01:16:00.000Z,SELL,0.01,3,1,10.00,3,28380.00
2026-05-20T01:16:00.000Z,2026-05-20T04:32:00.000Z,SELL,0.01,3,1,10.00,3,28390.00
2026-05-20T04:32:00.000Z,2026-05-20T04:36:00.000Z,SELL,0.01,1,1,10.00,1,28400.00
2026-05-20T04:36:00.000Z,2026-05-20T04:50:00.000Z,SELL,0.01,2,1,10.00,2,28410.00
2026-05-20T04:50:00.000Z,2026-05-20T04:51:00.000Z,SELL,0.01,1,1,10.00,1,28420.00
2026-05-20T04:51:00.000Z,2026-05-20T05:32:00.000Z,SELL,0.01,1,1,10.00,1,28430.00
2026-05-20T05:32:00.000Z,2026-05-20T06:06:00.000Z,SELL,0.01,1,1,10.00,1,28440.00
2026-05-20T06:06:00.000Z,2026-05-20T11:30:00.000Z,SELL,0.01,2,1,10.00,2,28450.00
2026-05-20T11:30:00.000Z,2026-05-20T11:42:00.000Z,SELL,0.01,1,1,10.00,1,28460.00
2026-05-20T11:42:00.000Z,2026-05-20T17:13:00.000Z,SELL,0.01,3,1,10.00,3,28470.00
2026-05-20T17:13:00.000Z,2026-05-20T17:16:00.000Z,SELL,0.01,2,1,10.00,2,28480.00
2026-05-20T17:16:00.000Z,2026-05-20T17:34:00.000Z,SELL,0.01,2,1,10.00,2,28490.00
2026-05-20T17:34:00.000Z,2026-05-20T17:37:00.000Z,SELL,0.01,1,1,10.00,1,28500.00
2026-05-20T17:37:00.000Z,2026-05-20T18:15:00.000Z,SELL,0.01,2,1,10.00,2,28510.00
2026-05-20T18:15:00.000Z,2026-05-20T18:24:00.000Z,SELL,0.01,1,1,10.00,1,28520.00
2026-05-20T18:24:00.000Z,2026-05-20T19:21:00.000Z,SELL,0.01,1,1,10.00,1,28530.00
2026-05-20T19:21:00.000Z,2026-05-21T04:11:00.000Z,SELL,0.01,2,1,10.00,2,28540.00
2026-05-21T04:11:00.000Z,2026-05-21T05:21:00.000Z,SELL,0.01,1,1,10.00,1,28550.00
2026-05-21T05:21:00.000Z,2026-05-21T05:30:00.000Z,SELL,0.01,1,1,10.00,1,28560.00
2026-05-21T05:30:00.000Z,2026-05-21T08:21:00.000Z,SELL,0.01,1,1,10.00,1,28570.00
2026-05-21T08:21:00.000Z,2026-05-21T10:28:00.000Z,SELL,0.01,1,1,10.00,1,28580.00
2026-05-21T10:28:00.000Z,2026-05-21T13:40:00.000Z,SELL,0.01,3,1,10.00,3,28590.00
2026-05-21T13:40:00.000Z,2026-05-21T16:31:00.000Z,SELL,0.01,1,1,10.00,1,28600.00
2026-05-21T16:31:00.000Z,2026-05-21T20:10:00.000Z,SELL,0.01,2,1,10.00,2,28610.00
2026-05-21T20:10:00.000Z,2026-05-21T20:51:00.000Z,SELL,0.01,2,1,10.00,2,28620.00
2026-05-21T20:51:00.000Z,2026-05-21T21:04:00.000Z,SELL,0.01,1,1,10.00,1,28630.00
2026-05-21T21:04:00.000Z,2026-05-21T21:52:00.000Z,SELL,0.01,1,1,10.00,1,28640.00
2026-05-21T21:52:00.000Z,2026-05-22T04:05:00.000Z,SELL,0.01,1,1,10.00,1,28650.00
2026-05-22T04:05:00.000Z,2026-05-22T08:57:00.000Z,SELL,0.01,1,1,10.00,1,28660.00
2026-05-22T08:57:00.000Z,2026-05-22T17:03:00.000Z,SELL,0.01,5,1,10.00,5,28670.00
2026-05-22T17:03:00.000Z,2026-05-22T17:14:00.000Z,SELL,0.01,1,1,10.00,1,28680.00
2026-05-22T17:14:00.000Z,2026-05-22T19:25:00.000Z,SELL,0.01,2,1,10.00,2,28690.00
2026-05-22T19:25:00.000Z,2026-05-22T19:51:00.000Z,SELL,0.01,1,1,10.00,1,28700.00
2026-05-22T19:51:00.000Z,2026-05-25T01:00:00.000Z,SELL,0.01,2,1,10.00,2,28710.00
2026-05-25T01:00:00.000Z,2026-05-25T02:08:00.000Z,SELL,0.01,2,1,10.00,2,28720.00
2026-05-25T02:08:00.000Z,2026-05-25T04:07:00.000Z,SELL,0.01,1,1,10.00,1,28730.00
2026-05-25T04:07:00.000Z,2026-05-25T08:30:00.000Z,SELL,0.01,1,1,10.00,1,28740.00
2026-05-25T08:30:00.000Z,2026-05-26T03:18:00.000Z,SELL,0.01,5,1,10.00,5,28750.00
2026-05-26T03:18:00.000Z,2026-05-26T04:38:00.000Z,SELL,0.01,1,1,10.00,1,28760.00
2026-05-26T04:38:00.000Z,2026-05-26T10:17:00.000Z,SELL,0.01,1,1,10.00,1,28770.00
2026-05-26T10:17:00.000Z,2026-05-26T14:35:00.000Z,SELL,0.01,1,1,10.00,1,28780.00
2026-05-26T14:35:00.000Z,2026-05-26T15:31:00.000Z,SELL,0.01,1,1,10.00,1,28790.00
2026-05-26T15:31:00.000Z,2026-05-26T20:58:00.000Z,SELL,0.01,3,1,10.00,3,28800.00
2026-05-26T20:58:00.000Z,2026-05-27T01:00:00.000Z,SELL,0.01,2,1,10.00,2,28810.00
2026-05-27T01:00:00.000Z,2026-05-27T01:02:00.000Z,SELL,0.01,1,1,10.00,1,28820.00
2026-05-27T01:02:00.000Z,2026-05-27T01:34:00.000Z,SELL,0.01,1,1,10.00,1,28830.00
2026-05-27T01:34:00.000Z,2026-05-27T09:18:00.000Z,SELL,0.01,3,1,10.00,3,28840.00
2026-05-27T09:18:00.000Z,2026-05-27T09:31:00.000Z,SELL,0.01,1,1,10.00,1,28850.00
2026-05-27T09:31:00.000Z,2026-05-27T13:39:00.000Z,SELL,0.01,1,1,10.00,1,28860.00
2026-05-27T13:39:00.000Z,2026-05-27T13:46:00.000Z,SELL,0.01,1,1,10.00,1,28870.00
2026-05-27T13:46:00.000Z,2026-05-27T13:46:00.000Z,SELL,0.01,1,1,10.00,1,28880.00
2026-05-27T13:46:00.000Z,2026-05-27T14:30:00.000Z,SELL,0.01,1,1,10.00,1,28890.00
2026-05-27T14:30:00.000Z,2026-05-27T14:57:00.000Z,SELL,0.01,1,1,10.00,1,28900.00
2026-05-27T14:57:00.000Z,2026-05-27T15:22:00.000Z,SELL,0.01,2,1,10.00,2,28910.00
2026-05-27T15:22:00.000Z,2026-05-27T15:33:00.000Z,SELL,0.01,1,1,10.00,1,28920.00
2026-05-27T15:33:00.000Z,2026-05-27T15:58:00.000Z,SELL,0.01,1,1,10.00,1,28930.00
2026-05-27T15:58:00.000Z,2026-05-27T16:05:00.000Z,SELL,0.01,1,1,10.00,1,28940.00
2026-05-27T16:05:00.000Z,2026-05-27T16:07:00.000Z,SELL,0.01,1,1,10.00,1,28950.00
2026-05-27T16:07:00.000Z,2026-05-27T16:20:00.000Z,SELL,0.01,1,1,10.00,1,28960.00
2026-05-27T16:20:00.000Z,2026-05-27T17:04:00.000Z,SELL,0.01,2,1,10.00,2,28970.00
2026-05-27T17:04:00.000Z,2026-05-28T04:23:00.000Z,SELL,0.01,3,1,10.00,3,28980.00
2026-05-28T04:23:00.000Z,2026-05-28T04:28:00.000Z,SELL,0.01,1,1,10.00,1,28990.00
2026-05-28T04:28:00.000Z,2026-05-28T04:55:00.000Z,SELL,0.01,1,1,10.00,1,29000.00
2026-05-28T04:55:00.000Z,2026-05-28T05:13:00.000Z,SELL,0.01,1,1,10.00,1,29010.00
2026-05-28T05:13:00.000Z,2026-05-28T06:18:00.000Z,SELL,0.01,1,1,10.00,1,29020.00
2026-05-28T06:18:00.000Z,2026-05-28T06:37:00.000Z,SELL,0.01,1,1,10.00,1,29030.00
2026-05-28T06:37:00.000Z,2026-05-28T15:48:00.000Z,SELL,0.01,4,1,10.00,4,29040.00
2026-05-28T15:48:00.000Z,2026-05-28T16:05:00.000Z,SELL,0.01,2,1,10.00,2,29050.00
2026-05-28T16:05:00.000Z,2026-05-28T16:08:00.000Z,SELL,0.01,1,1,10.00,1,29060.00
2026-05-28T16:08:00.000Z,2026-05-28T17:13:00.000Z,SELL,0.01,2,1,10.00,2,29070.00
2026-05-28T17:13:00.000Z,2026-05-28T19:15:00.000Z,SELL,0.01,2,1,10.00,2,29080.00
2026-05-28T19:15:00.000Z,2026-05-28T21:03:00.000Z,SELL,0.01,2,1,10.00,2,29090.00
2026-05-28T21:03:00.000Z,2026-05-28T21:15:00.000Z,SELL,0.01,1,1,10.00,1,29100.00
2026-05-28T21:15:00.000Z,2026-05-29T01:00:00.000Z,SELL,0.01,1,1,10.00,1,29110.00
2026-05-29T01:00:00.000Z,2026-05-29T10:44:00.000Z,SELL,0.01,4,1,10.00,4,29120.00
2026-05-29T10:44:00.000Z,2026-05-29T11:14:00.000Z,SELL,0.01,1,1,10.00,1,29130.00
2026-05-29T11:14:00.000Z,2026-05-29T17:02:00.000Z,SELL,0.01,4,1,10.00,4,29140.00
2026-05-29T17:02:00.000Z,2026-05-29T17:22:00.000Z,SELL,0.01,1,1,10.00,1,29150.00
2026-05-29T17:22:00.000Z,2026-05-29T17:53:00.000Z,SELL,0.01,2,1,10.00,2,29160.00
2026-05-29T17:53:00.000Z,2026-05-29T20:43:00.000Z,SELL,0.01,3,1,10.00,3,29170.00
2026-05-29T20:43:00.000Z,2026-05-29T22:57:00.000Z,SELL,0.01,1,1,10.00,1,29180.00
2026-05-29T22:57:00.000Z,2026-06-01T01:00:00.000Z,SELL,0.01,1,1,10.00,1,29190.00
2026-06-01T01:00:00.000Z,2026-06-01T01:00:00.000Z,SELL,0.01,1,1,10.00,1,29200.00
2026-06-01T01:00:00.000Z,2026-06-01T01:00:00.000Z,SELL,0.01,1,1,10.00,1,29210.00
2026-06-01T01:00:00.000Z,2026-06-01T02:28:00.000Z,SELL,0.01,2,1,10.00,2,29220.00
2026-06-01T02:28:00.000Z,2026-06-01T04:03:00.000Z,SELL,0.01,1,1,10.00,1,29230.00
2026-06-01T04:03:00.000Z,2026-06-01T04:57:00.000Z,SELL,0.01,1,1,10.00,1,29240.00
2026-06-01T04:57:00.000Z,2026-06-01T06:42:00.000Z,SELL,0.01,1,1,10.00,1,29250.00
2026-06-01T06:42:00.000Z,2026-06-01T09:36:00.000Z,SELL,0.01,1,1,10.00,1,29260.00
2026-06-01T09:36:00.000Z,2026-06-01T10:52:00.000Z,SELL,0.01,1,1,10.00,1,29270.00
2026-06-01T10:52:00.000Z,2026-06-01T16:11:00.000Z,SELL,0.01,3,1,10.00,3,29280.00
2026-06-01T16:11:00.000Z,2026-06-01T16:12:00.000Z,SELL,0.01,1,1,10.00,1,29290.00
2026-06-01T16:12:00.000Z,2026-06-01T16:30:00.000Z,SELL,0.01,1,1,10.00,1,29300.00
2026-06-01T16:30:00.000Z,2026-06-01T16:55:00.000Z,SELL,0.01,1,1,10.00,1,29310.00
2026-06-01T16:55:00.000Z,2026-06-01T19:55:00.000Z,SELL,0.01,2,1,10.00,2,29320.00
2026-06-01T19:55:00.000Z,2026-06-01T20:09:00.000Z,SELL,0.01,1,1,10.00,1,29330.00
2026-06-01T20:09:00.000Z,2026-06-02T07:06:00.000Z,SELL,0.01,4,1,10.00,4,29340.00
2026-06-02T07:06:00.000Z,2026-06-02T09:28:00.000Z,SELL,0.01,2,1,10.00,2,29350.00
2026-06-02T09:28:00.000Z,2026-06-02T12:40:00.000Z,SELL,0.01,1,1,10.00,1,29360.00
2026-06-02T12:40:00.000Z,2026-06-02T16:21:00.000Z,SELL,0.01,1,1,10.00,1,29370.00
2026-06-02T16:21:00.000Z,2026-06-02T17:00:00.000Z,SELL,0.01,1,1,10.00,1,29380.00
2026-06-02T17:00:00.000Z,2026-06-02T17:22:00.000Z,SELL,0.01,1,1,10.00,1,29390.00
2026-06-02T17:22:00.000Z,2026-06-02T21:43:00.000Z,SELL,0.01,1,1,10.00,1,29400.00
2026-06-02T21:43:00.000Z,2026-06-03T02:19:00.000Z,SELL,0.01,1,1,10.00,1,29410.00
2026-06-03T02:19:00.000Z,2026-06-03T08:31:00.000Z,SELL,0.01,3,1,10.00,3,29420.00
2026-06-03T08:31:00.000Z,2026-06-03T11:51:00.000Z,SELL,0.01,1,1,10.00,1,29430.00
2026-06-03T11:51:00.000Z,2026-06-03T12:29:00.000Z,SELL,0.01,1,1,10.00,1,29440.00
2026-06-03T12:29:00.000Z,2026-06-03T16:44:00.000Z,SELL,0.01,3,1,10.00,3,29450.00
2026-06-03T16:44:00.000Z,2026-06-03T17:53:00.000Z,SELL,0.01,2,1,10.00,2,29460.00
2026-06-03T17:53:00.000Z,2026-06-03T18:07:00.000Z,SELL,0.01,1,1,10.00,1,29470.00
2026-06-03T18:07:00.000Z,2026-06-03T18:37:00.000Z,SELL,0.01,1,1,10.00,1,29480.00
2026-06-03T18:37:00.000Z,2026-06-04T01:15:00.000Z,SELL,0.01,1,1,10.00,1,29490.00
2026-06-04T01:15:00.000Z,2026-06-04T02:45:00.000Z,SELL,0.01,2,1,10.00,2,29500.00
2026-06-04T02:45:00.000Z,2026-06-04T03:26:00.000Z,SELL,0.01,1,1,10.00,1,29510.00
2026-06-04T03:26:00.000Z,2026-06-04T07:31:00.000Z,SELL,0.01,2,1,10.00,2,29520.00
2026-06-04T07:31:00.000Z,2026-06-04T08:48:00.000Z,SELL,0.01,1,1,10.00,1,29530.00
2026-06-04T08:48:00.000Z,2026-06-04T14:46:00.000Z,SELL,0.01,2,1,10.00,2,29540.00
2026-06-04T14:46:00.000Z,2026-06-04T17:09:00.000Z,SELL,0.01,1,1,10.00,1,29550.00
2026-06-04T17:09:00.000Z,2026-06-04T17:38:00.000Z,SELL,0.01,1,1,10.00,1,29560.00
2026-06-04T17:38:00.000Z,2026-06-04T17:48:00.000Z,SELL,0.01,1,1,10.00,1,29570.00
2026-06-04T17:48:00.000Z,2026-06-04T17:53:00.000Z,SELL,0.01,1,1,10.00,1,29580.00
2026-06-04T17:53:00.000Z,2026-06-05T04:42:00.000Z,SELL,0.01,3,1,10.00,3,29590.00
2026-06-05T04:42:00.000Z,2026-06-05T06:03:00.000Z,SELL,0.01,1,1,10.00,1,29600.00
2026-06-05T06:03:00.000Z,2026-06-05T10:29:00.000Z,SELL,0.01,2,1,10.00,2,29610.00
2026-06-05T10:29:00.000Z,2026-06-05T15:30:00.000Z,SELL,0.01,1,1,10.00,1,29620.00
2026-06-05T15:30:00.000Z,2026-06-05T15:36:00.000Z,SELL,0.01,1,1,10.00,1,29630.00
2026-06-05T15:36:00.000Z,2026-06-05T15:50:00.000Z,SELL,0.01,1,1,10.00,1,29640.00
2026-06-05T15:50:00.000Z,2026-06-05T15:52:00.000Z,SELL,0.01,1,1,10.00,1,29650.00
2026-06-05T15:52:00.000Z,2026-06-05T15:55:00.000Z,SELL,0.01,1,1,10.00,1,29660.00
2026-06-05T15:55:00.000Z,2026-06-05T15:59:00.000Z,SELL,0.01,1,1,10.00,1,29670.00
2026-06-05T15:59:00.000Z,2026-06-05T16:37:00.000Z,SELL,0.01,1,1,10.00,1,29680.00
2026-06-05T16:37:00.000Z,2026-06-05T16:47:00.000Z,SELL,0.01,1,1,10.00,1,29690.00
2026-06-05T16:47:00.000Z,2026-06-05T16:59:00.000Z,SELL,0.01,1,1,10.00,1,29700.00
2026-06-05T16:59:00.000Z,2026-06-05T17:01:00.000Z,SELL,0.01,1,1,10.00,1,29710.00
2026-06-05T17:01:00.000Z,2026-06-05T17:25:00.000Z,SELL,0.01,1,1,10.00,1,29720.00
2026-06-05T17:25:00.000Z,2026-06-05T18:37:00.000Z,SELL,0.01,1,1,10.00,1,29730.00
2026-06-05T18:37:00.000Z,2026-06-05T19:00:00.000Z,SELL,0.01,1,1,10.00,1,29740.00
2026-06-05T19:00:00.000Z,2026-06-05T19:34:00.000Z,SELL,0.01,1,1,10.00,1,29750.00
2026-06-05T19:34:00.000Z,2026-06-08T01:02:00.000Z,SELL,0.01,3,1,10.00,3,29760.00
2026-06-08T01:02:00.000Z,2026-06-08T02:49:00.000Z,SELL,0.01,2,1,10.00,2,29770.00
2026-06-08T02:49:00.000Z,2026-06-08T04:07:00.000Z,SELL,0.01,1,1,10.00,1,29780.00
2026-06-08T04:07:00.000Z,2026-06-08T04:15:00.000Z,SELL,0.01,1,1,10.00,1,29790.00
2026-06-08T04:15:00.000Z,2026-06-08T04:21:00.000Z,SELL,0.01,1,1,10.00,1,29800.00
2026-06-08T04:21:00.000Z,2026-06-08T04:30:00.000Z,SELL,0.01,1,1,10.00,1,29810.00
2026-06-08T04:30:00.000Z,2026-06-08T08:34:00.000Z,SELL,0.01,3,1,10.00,3,29820.00
2026-06-08T08:34:00.000Z,2026-06-08T08:36:00.000Z,SELL,0.01,1,1,10.00,1,29830.00
2026-06-08T08:36:00.000Z,2026-06-08T08:37:00.000Z,SELL,0.01,1,1,10.00,1,29840.00
2026-06-08T08:37:00.000Z,2026-06-08T09:00:00.000Z,SELL,0.01,2,1,10.00,2,29850.00
2026-06-08T09:00:00.000Z,2026-06-08T11:01:00.000Z,SELL,0.01,1,1,10.00,1,29860.00
2026-06-08T11:01:00.000Z,2026-06-08T12:29:00.000Z,SELL,0.01,1,1,10.00,1,29870.00
2026-06-08T12:29:00.000Z,2026-06-08T14:10:00.000Z,SELL,0.01,2,1,10.00,2,29880.00
2026-06-08T14:10:00.000Z,2026-06-08T16:37:00.000Z,SELL,0.01,2,1,10.00,2,29890.00
2026-06-08T16:37:00.000Z,2026-06-08T16:50:00.000Z,SELL,0.01,1,1,10.00,1,29900.00
2026-06-08T16:50:00.000Z,2026-06-08T17:05:00.000Z,SELL,0.01,1,1,10.00,1,29910.00
2026-06-08T17:05:00.000Z,2026-06-09T08:43:00.000Z,SELL,0.01,4,1,10.00,4,29920.00
2026-06-09T08:43:00.000Z,2026-06-09T09:13:00.000Z,SELL,0.01,1,1,10.00,1,29930.00
2026-06-09T09:13:00.000Z,2026-06-09T10:00:00.000Z,SELL,0.01,1,1,10.00,1,29940.00
2026-06-09T10:00:00.000Z,2026-06-09T16:49:00.000Z,SELL,0.01,2,1,10.00,2,29950.00
2026-06-09T16:49:00.000Z,2026-06-09T16:50:00.000Z,SELL,0.01,1,1,10.00,1,29960.00
2026-06-09T16:50:00.000Z,2026-06-09T16:51:00.000Z,SELL,0.01,1,1,10.00,1,29970.00
2026-06-09T16:51:00.000Z,2026-06-09T16:56:00.000Z,SELL,0.01,1,1,10.00,1,29980.00
2026-06-09T16:56:00.000Z,2026-06-09T17:15:00.000Z,SELL,0.01,1,1,10.00,1,29990.00
2026-06-09T17:15:00.000Z,2026-06-09T17:18:00.000Z,SELL,0.01,1,1,10.00,1,30000.00
2026-06-09T17:18:00.000Z,2026-06-09T17:43:00.000Z,SELL,0.01,1,1,10.00,1,30010.00
2026-06-09T17:43:00.000Z,2026-06-09T17:44:00.000Z,SELL,0.01,1,1,10.00,1,30020.00
2026-06-09T17:44:00.000Z,2026-06-09T18:29:00.000Z,SELL,0.01,1,1,10.00,1,30030.00
2026-06-09T18:29:00.000Z,2026-06-09T18:31:00.000Z,SELL,0.01,1,1,10.00,1,30040.00
2026-06-09T18:31:00.000Z,2026-06-09T19:19:00.000Z,SELL,0.01,1,1,10.00,1,30050.00
2026-06-09T19:19:00.000Z,2026-06-09T19:38:00.000Z,SELL,0.01,1,1,10.00,1,30060.00
2026-06-09T19:38:00.000Z,2026-06-09T19:39:00.000Z,SELL,0.01,1,1,10.00,1,30070.00
2026-06-09T19:39:00.000Z,2026-06-09T20:22:00.000Z,SELL,0.01,2,1,10.00,2,30080.00
2026-06-09T20:22:00.000Z,2026-06-09T20:49:00.000Z,SELL,0.01,1,1,10.00,1,30090.00
2026-06-09T20:49:00.000Z,2026-06-10T01:00:00.000Z,SELL,0.01,1,1,10.00,1,30100.00
2026-06-10T01:00:00.000Z,2026-06-10T01:51:00.000Z,SELL,0.01,1,1,10.00,1,30110.00
2026-06-10T01:51:00.000Z,2026-06-10T02:23:00.000Z,SELL,0.01,1,1,10.00,1,30120.00
2026-06-10T02:23:00.000Z,2026-06-10T02:45:00.000Z,SELL,0.01,1,1,10.00,1,30130.00
2026-06-10T02:45:00.000Z,2026-06-10T03:35:00.000Z,SELL,0.01,1,1,10.00,1,30140.00
2026-06-10T03:35:00.000Z,2026-06-10T04:04:00.000Z,SELL,0.01,1,1,10.00,1,30150.00
2026-06-10T04:04:00.000Z,2026-06-10T04:43:00.000Z,SELL,0.01,3,1,10.00,3,30160.00
2026-06-10T04:43:00.000Z,2026-06-10T05:33:00.000Z,SELL,0.01,1,1,10.00,1,30170.00
2026-06-10T05:33:00.000Z,2026-06-10T08:49:00.000Z,SELL,0.01,2,1,10.00,2,30180.00
2026-06-10T08:49:00.000Z,2026-06-10T10:26:00.000Z,SELL,0.01,1,1,10.00,1,30190.00
2026-06-10T10:26:00.000Z,2026-06-10T10:52:00.000Z,SELL,0.01,1,1,10.00,1,30200.00
2026-06-10T10:52:00.000Z,2026-06-10T11:02:00.000Z,SELL,0.01,1,1,10.00,1,30210.00
2026-06-10T11:02:00.000Z,2026-06-10T11:04:00.000Z,SELL,0.01,1,1,10.00,1,30220.00
2026-06-10T11:04:00.000Z,2026-06-10T14:05:00.000Z,SELL,0.01,1,1,10.00,1,30230.00
2026-06-10T14:05:00.000Z,2026-06-10T15:10:00.000Z,SELL,0.01,1,1,10.00,1,30240.00
2026-06-10T15:10:00.000Z,2026-06-10T15:27:00.000Z,SELL,0.01,1,1,10.00,1,30250.00
2026-06-10T15:27:00.000Z,2026-06-10T15:30:00.000Z,SELL,0.01,2,1,10.00,2,30260.00
2026-06-10T15:30:00.000Z,2026-06-10T15:51:00.000Z,SELL,0.01,1,1,10.00,1,30270.00
2026-06-10T15:51:00.000Z,2026-06-10T15:58:00.000Z,SELL,0.01,1,1,10.00,1,30280.00
2026-06-10T15:58:00.000Z,2026-06-10T16:42:00.000Z,SELL,0.01,2,1,10.00,2,30290.00
2026-06-10T16:42:00.000Z,2026-06-10T17:28:00.000Z,SELL,0.01,1,1,10.00,1,30300.00
2026-06-10T17:28:00.000Z,2026-06-10T17:44:00.000Z,SELL,0.01,1,1,10.00,1,30310.00
2026-06-10T17:44:00.000Z,2026-06-10T17:48:00.000Z,SELL,0.01,1,1,10.00,1,30320.00
2026-06-10T17:48:00.000Z,2026-06-10T17:56:00.000Z,SELL,0.01,1,1,10.00,1,30330.00
2026-06-10T17:56:00.000Z,2026-06-10T17:57:00.000Z,SELL,0.01,1,1,10.00,1,30340.00
2026-06-10T17:57:00.000Z,2026-06-10T18:48:00.000Z,SELL,0.01,1,1,10.00,1,30350.00
2026-06-10T18:48:00.000Z,2026-06-10T20:45:00.000Z,SELL,0.01,3,1,10.00,3,30360.00
2026-06-10T20:45:00.000Z,2026-06-10T22:11:00.000Z,SELL,0.01,1,1,10.00,1,30370.00
2026-06-10T22:11:00.000Z,2026-06-11T01:00:00.000Z,SELL,0.01,1,1,10.00,1,30380.00
2026-06-11T01:00:00.000Z,2026-06-11T01:00:00.000Z,SELL,0.01,1,1,10.00,1,30390.00
2026-06-11T01:00:00.000Z,2026-06-11T01:02:00.000Z,SELL,0.01,1,1,10.00,1,30400.00
2026-06-11T01:02:00.000Z,2026-06-11T01:15:00.000Z,SELL,0.01,1,1,10.00,1,30410.00
2026-06-11T01:15:00.000Z,2026-06-11T01:20:00.000Z,SELL,0.01,1,1,10.00,1,30420.00
2026-06-11T01:20:00.000Z,2026-06-11T02:13:00.000Z,SELL,0.01,3,1,10.00,3,30430.00
2026-06-11T02:13:00.000Z,2026-06-11T02:26:00.000Z,SELL,0.01,2,1,10.00,2,30440.00
2026-06-11T02:26:00.000Z,2026-06-11T02:45:00.000Z,SELL,0.01,1,1,10.00,1,30450.00
2026-06-11T02:45:00.000Z,2026-06-11T03:10:00.000Z,SELL,0.01,1,1,10.00,1,30460.00
2026-06-11T03:10:00.000Z,2026-06-11T03:17:00.000Z,SELL,0.01,2,1,10.00,2,30470.00
2026-06-11T03:17:00.000Z,2026-06-11T03:25:00.000Z,SELL,0.01,1,1,10.00,1,30480.00
2026-06-11T03:25:00.000Z,2026-06-11T04:00:00.000Z,SELL,0.01,2,1,10.00,2,30490.00
2026-06-11T04:00:00.000Z,2026-06-11T04:00:00.000Z,SELL,0.01,1,1,10.00,1,30500.00
2026-06-11T04:00:00.000Z,2026-06-11T04:07:00.000Z,SELL,0.01,1,1,10.00,1,30510.00
2026-06-11T04:07:00.000Z,2026-06-11T04:16:00.000Z,SELL,0.01,2,1,10.00,2,30520.00
2026-06-11T04:16:00.000Z,2026-06-11T05:16:00.000Z,SELL,0.01,1,1,10.00,1,30530.00
2026-06-11T05:16:00.000Z,2026-06-11T05:31:00.000Z,SELL,0.01,1,1,10.00,1,30540.00
2026-06-11T05:31:00.000Z,2026-06-11T05:39:00.000Z,SELL,0.01,1,1,10.00,1,30550.00
2026-06-11T05:39:00.000Z,2026-06-11T05:41:00.000Z,SELL,0.01,1,1,10.00,1,30560.00
2026-06-11T05:41:00.000Z,2026-06-11T08:32:00.000Z,SELL,0.01,4,1,10.00,4,30570.00
2026-06-11T08:32:00.000Z,2026-06-11T09:11:00.000Z,SELL,0.01,1,1,10.00,1,30580.00
2026-06-11T09:11:00.000Z,2026-06-11T10:24:00.000Z,SELL,0.01,2,1,10.00,2,30590.00
2026-06-11T10:24:00.000Z,2026-06-11T11:30:00.000Z,SELL,0.01,1,1,10.00,1,30600.00
2026-06-11T11:30:00.000Z,2026-06-11T11:55:00.000Z,SELL,0.01,1,1,10.00,1,30610.00
2026-06-11T11:55:00.000Z,2026-06-11T15:10:00.000Z,SELL,0.01,1,1,10.00,1,30620.00
2026-06-11T15:10:00.000Z,2026-06-11T15:22:00.000Z,SELL,0.01,1,1,10.00,1,30630.00
2026-06-11T15:22:00.000Z,2026-06-11T17:11:00.000Z,SELL,0.01,3,1,10.00,3,30640.00
2026-06-11T17:11:00.000Z,2026-06-11T18:08:00.000Z,SELL,0.01,2,1,10.00,2,30650.00
2026-06-11T18:08:00.000Z,2026-06-11T18:25:00.000Z,SELL,0.01,1,1,10.00,1,30660.00
2026-06-11T18:25:00.000Z,2026-06-11T19:15:00.000Z,SELL,0.01,2,1,10.00,2,30670.00
2026-06-11T19:15:00.000Z,2026-06-11T19:21:00.000Z,SELL,0.01,1,1,10.00,1,30680.00
2026-06-11T19:21:00.000Z,2026-06-11T19:25:00.000Z,SELL,0.01,1,1,10.00,1,30690.00
2026-06-11T19:25:00.000Z,2026-06-11T20:02:00.000Z,SELL,0.01,1,1,10.00,1,30700.00
2026-06-11T20:02:00.000Z,2026-06-11T20:30:00.000Z,SELL,0.01,2,1,10.00,2,30710.00
2026-06-11T20:30:00.000Z,2026-06-11T20:32:00.000Z,SELL,0.01,2,1,10.00,2,30720.00
2026-06-11T20:32:00.000Z,2026-06-11T20:42:00.000Z,SELL,0.01,2,1,10.00,2,30730.00
2026-06-11T20:42:00.000Z,2026-06-11T20:49:00.000Z,SELL,0.01,1,1,10.00,1,30740.00
2026-06-11T20:49:00.000Z,2026-06-11T21:03:00.000Z,SELL,0.01,1,1,10.00,1,30750.00
2026-06-11T21:03:00.000Z,2026-06-11T21:06:00.000Z,SELL,0.01,1,1,10.00,1,30760.00
2026-06-11T21:06:00.000Z,2026-06-11T21:44:00.000Z,SELL,0.01,2,1,10.00,2,30770.00
2026-06-11T21:44:00.000Z,2026-06-11T22:17:00.000Z,SELL,0.01,2,1,10.00,2,30780.00
2026-06-11T22:17:00.000Z,2026-06-12T01:43:00.000Z,SELL,0.01,2,1,10.00,2,30790.00
2026-06-12T01:43:00.000Z,2026-06-12T03:01:00.000Z,SELL,0.01,3,1,10.00,3,30800.00
2026-06-12T03:01:00.000Z,2026-06-12T03:44:00.000Z,SELL,0.01,1,1,10.00,1,30810.00
2026-06-12T03:44:00.000Z,2026-06-12T04:02:00.000Z,SELL,0.01,1,1,10.00,1,30820.00
2026-06-12T04:02:00.000Z,2026-06-12T04:05:00.000Z,SELL,0.01,1,1,10.00,1,30830.00
2026-06-12T04:05:00.000Z,2026-06-12T04:36:00.000Z,SELL,0.01,1,1,10.00,1,30840.00
2026-06-12T04:36:00.000Z,2026-06-12T06:29:00.000Z,SELL,0.01,2,1,10.00,2,30850.00
2026-06-12T06:29:00.000Z,2026-06-12T07:01:00.000Z,SELL,0.01,1,1,10.00,1,30860.00
2026-06-12T07:01:00.000Z,2026-06-12T08:11:00.000Z,SELL,0.01,1,1,10.00,1,30870.00
2026-06-12T08:11:00.000Z,2026-06-12T08:58:00.000Z,SELL,0.01,1,1,10.00,1,30880.00
2026-06-12T08:58:00.000Z,2026-06-12T11:04:00.000Z,SELL,0.01,2,1,10.00,2,30890.00
2026-06-12T11:04:00.000Z,2026-06-12T15:40:00.000Z,SELL,0.01,3,1,10.00,3,30900.00
2026-06-12T15:40:00.000Z,2026-06-12T17:32:00.000Z,SELL,0.01,1,1,10.00,1,30910.00
2026-06-12T17:32:00.000Z,2026-06-12T18:10:00.000Z,SELL,0.01,2,1,10.00,2,30920.00
2026-06-12T18:10:00.000Z,2026-06-12T21:20:00.000Z,SELL,0.01,5,0,-2420.00,5,28500.00
2026-06-12T21:20:00.000Z,2026-06-12T21:51:00.000Z,SELL,0.01,1,1,10.00,1,28510.00
2026-06-12T21:51:00.000Z,2026-06-12T22:24:00.000Z,SELL,0.01,1,1,10.00,1,28520.00
2026-06-12T22:24:00.000Z,2026-06-22T21:06:00.000Z,SELL,0.01,1,1,10.00,1,28530.00
2026-06-22T21:06:00.000Z,2026-06-22T21:06:00.000Z,SELL,0.01,1,1,10.00,1,28540.00
2026-06-22T21:06:00.000Z,2026-06-23T03:11:00.000Z,SELL,0.01,1,1,10.00,1,28550.00
2026-06-23T03:11:00.000Z,2026-06-23T04:33:00.000Z,SELL,0.01,1,1,10.00,1,28560.00
2026-06-23T04:33:00.000Z,2026-06-23T04:42:00.000Z,SELL,0.01,1,1,10.00,1,28570.00
2026-06-23T04:42:00.000Z,2026-06-23T05:10:00.000Z,SELL,0.01,1,1,10.00,1,28580.00
2026-06-23T05:10:00.000Z,2026-06-23T06:11:00.000Z,SELL,0.01,1,1,10.00,1,28590.00
2026-06-23T06:11:00.000Z,2026-06-23T07:56:00.000Z,SELL,0.01,1,1,10.00,1,28600.00
2026-06-23T07:56:00.000Z,2026-06-23T07:59:00.000Z,SELL,0.01,1,1,10.00,1,28610.00
2026-06-23T07:59:00.000Z,2026-06-23T10:41:00.000Z,SELL,0.01,1,1,10.00,1,28620.00
2026-06-23T10:41:00.000Z,2026-06-23T10:54:00.000Z,SELL,0.01,1,1,10.00,1,28630.00
2026-06-23T10:54:00.000Z,2026-06-23T13:00:00.000Z,SELL,0.01,2,1,10.00,2,28640.00
2026-06-23T13:00:00.000Z,2026-06-23T14:01:00.000Z,SELL,0.01,1,1,10.00,1,28650.00
2026-06-23T14:01:00.000Z,2026-06-23T16:01:00.000Z,SELL,0.01,1,1,10.00,1,28660.00
2026-06-23T16:01:00.000Z,2026-06-23T16:52:00.000Z,SELL,0.01,2,1,10.00,2,28670.00
2026-06-23T16:52:00.000Z,2026-06-23T17:32:00.000Z,SELL,0.01,1,1,10.00,1,28680.00
2026-06-23T17:32:00.000Z,2026-06-23T21:42:00.000Z,SELL,0.01,1,1,10.00,1,28690.00
2026-06-23T21:42:00.000Z,2026-06-24T01:20:00.000Z,SELL,0.01,1,1,10.00,1,28700.00
2026-06-24T01:20:00.000Z,2026-06-24T01:34:00.000Z,SELL,0.01,1,1,10.00,1,28710.00
2026-06-24T01:34:00.000Z,2026-06-24T02:38:00.000Z,SELL,0.01,1,1,10.00,1,28720.00
2026-06-24T02:38:00.000Z,2026-06-24T04:03:00.000Z,SELL,0.01,3,1,10.00,3,28730.00
2026-06-24T04:03:00.000Z,2026-06-24T05:31:00.000Z,SELL,0.01,3,1,10.00,3,28740.00
2026-06-24T05:31:00.000Z,2026-06-24T05:42:00.000Z,SELL,0.01,1,1,10.00,1,28750.00
2026-06-24T05:42:00.000Z,2026-06-24T08:33:00.000Z,SELL,0.01,2,1,10.00,2,28760.00
2026-06-24T08:33:00.000Z,2026-06-24T08:40:00.000Z,SELL,0.01,1,1,10.00,1,28770.00
2026-06-24T08:40:00.000Z,2026-06-24T12:40:00.000Z,SELL,0.01,3,1,10.00,3,28780.00
2026-06-24T12:40:00.000Z,2026-06-24T13:17:00.000Z,SELL,0.01,1,1,10.00,1,28790.00
2026-06-24T13:17:00.000Z,2026-06-24T14:14:00.000Z,SELL,0.01,1,1,10.00,1,28800.00
2026-06-24T14:14:00.000Z,2026-06-24T15:24:00.000Z,SELL,0.01,1,1,10.00,1,28810.00
2026-06-24T15:24:00.000Z,2026-06-24T15:25:00.000Z,SELL,0.01,1,1,10.00,1,28820.00
2026-06-24T15:25:00.000Z,2026-06-24T15:25:00.000Z,SELL,0.01,1,1,10.00,1,28830.00
2026-06-24T15:25:00.000Z,2026-06-24T15:49:00.000Z,SELL,0.01,1,1,10.00,1,28840.00
2026-06-24T15:49:00.000Z,2026-06-24T15:58:00.000Z,SELL,0.01,1,1,10.00,1,28850.00
2026-06-24T15:58:00.000Z,2026-06-24T16:00:00.000Z,SELL,0.01,1,1,10.00,1,28860.00
2026-06-24T16:00:00.000Z,2026-06-24T16:01:00.000Z,SELL,0.01,1,1,10.00,1,28870.00
2026-06-24T16:01:00.000Z,2026-06-24T16:39:00.000Z,SELL,0.01,4,1,10.00,4,28880.00
2026-06-24T16:39:00.000Z,2026-06-24T16:51:00.000Z,SELL,0.01,2,1,10.00,2,28890.00
2026-06-24T16:51:00.000Z,2026-06-24T17:04:00.000Z,SELL,0.01,1,1,10.00,1,28900.00
2026-06-24T17:04:00.000Z,2026-06-24T17:43:00.000Z,SELL,0.01,1,1,10.00,1,28910.00
2026-06-24T17:43:00.000Z,2026-06-24T18:04:00.000Z,SELL,0.01,1,1,10.00,1,28920.00
2026-06-24T18:04:00.000Z,2026-06-24T20:25:00.000Z,SELL,0.01,1,1,10.00,1,28930.00
2026-06-24T20:25:00.000Z,2026-06-24T20:46:00.000Z,SELL,0.01,1,1,10.00,1,28940.00
2026-06-24T20:46:00.000Z,2026-06-24T21:00:00.000Z,SELL,0.01,1,1,10.00,1,28950.00
2026-06-24T21:00:00.000Z,2026-06-24T21:03:00.000Z,SELL,0.01,1,1,10.00,1,28960.00
2026-06-24T21:03:00.000Z,2026-06-24T21:11:00.000Z,SELL,0.01,2,1,10.00,2,28970.00
2026-06-24T21:11:00.000Z,2026-06-24T21:21:00.000Z,SELL,0.01,1,1,10.00,1,28980.00
2026-06-24T21:21:00.000Z,2026-06-25T02:35:00.000Z,SELL,0.01,2,1,10.00,2,28990.00
2026-06-25T02:35:00.000Z,2026-06-25T03:18:00.000Z,SELL,0.01,1,1,10.00,1,29000.00
2026-06-25T03:18:00.000Z,2026-06-25T03:32:00.000Z,SELL,0.01,1,1,10.00,1,29010.00
2026-06-25T03:32:00.000Z,2026-06-25T03:47:00.000Z,SELL,0.01,1,1,10.00,1,29020.00
2026-06-25T03:47:00.000Z,2026-06-25T05:08:00.000Z,SELL,0.01,3,1,10.00,3,29030.00
2026-06-25T05:08:00.000Z,2026-06-25T06:56:00.000Z,SELL,0.01,4,1,10.00,4,29040.00
2026-06-25T06:56:00.000Z,2026-06-25T07:14:00.000Z,SELL,0.01,1,1,10.00,1,29050.00
2026-06-25T07:14:00.000Z,2026-06-25T09:14:00.000Z,SELL,0.01,1,1,10.00,1,29060.00
2026-06-25T09:14:00.000Z,2026-06-25T15:30:00.000Z,SELL,0.01,4,1,10.00,4,29070.00
2026-06-25T15:30:00.000Z,2026-06-25T15:31:00.000Z,SELL,0.01,1,1,10.00,1,29080.00
2026-06-25T15:31:00.000Z,2026-06-25T15:35:00.000Z,SELL,0.01,1,1,10.00,1,29090.00
2026-06-25T15:35:00.000Z,2026-06-25T16:00:00.000Z,SELL,0.01,2,1,10.00,2,29100.00
2026-06-25T16:00:00.000Z,2026-06-25T16:46:00.000Z,SELL,0.01,1,1,10.00,1,29110.00
2026-06-25T16:46:00.000Z,2026-06-25T17:00:00.000Z,SELL,0.01,1,1,10.00,1,29120.00
2026-06-25T17:00:00.000Z,2026-06-25T18:22:00.000Z,SELL,0.01,2,1,10.00,2,29130.00
2026-06-25T18:22:00.000Z,2026-06-26T02:48:00.000Z,SELL,0.01,1,1,10.00,1,29140.00
2026-06-26T02:48:00.000Z,2026-06-26T05:22:00.000Z,SELL,0.01,1,1,10.00,1,29150.00
2026-06-26T05:22:00.000Z,2026-06-26T05:37:00.000Z,SELL,0.01,1,1,10.00,1,29160.00
2026-06-26T05:37:00.000Z,2026-06-26T05:53:00.000Z,SELL,0.01,1,1,10.00,1,29170.00
2026-06-26T05:53:00.000Z,2026-06-26T08:15:00.000Z,SELL,0.01,2,1,10.00,2,29180.00
2026-06-26T08:15:00.000Z,2026-06-26T08:46:00.000Z,SELL,0.01,1,1,10.00,1,29190.00
2026-06-26T08:46:00.000Z,2026-06-26T10:27:00.000Z,SELL,0.01,2,1,10.00,2,29200.00
2026-06-26T10:27:00.000Z,2026-06-26T11:01:00.000Z,SELL,0.01,1,1,10.00,1,29210.00
2026-06-26T11:01:00.000Z,2026-06-26T15:58:00.000Z,SELL,0.01,2,1,10.00,2,29220.00
2026-06-26T15:58:00.000Z,2026-06-26T16:08:00.000Z,SELL,0.01,1,1,10.00,1,29230.00
2026-06-26T16:08:00.000Z,2026-06-26T16:58:00.000Z,SELL,0.01,2,1,10.00,2,29240.00
2026-06-26T16:58:00.000Z,2026-06-26T21:59:00.000Z,SELL,0.01,1,1,10.00,1,29250.00
2026-06-26T21:59:00.000Z,2026-06-29T01:18:00.000Z,SELL,0.01,1,1,10.00,1,29260.00
2026-06-29T01:18:00.000Z,2026-06-29T08:30:00.000Z,SELL,0.01,1,1,10.00,1,29270.00
2026-06-29T08:30:00.000Z,2026-06-29T12:50:00.000Z,SELL,0.01,3,1,10.00,3,29280.00
2026-06-29T12:50:00.000Z,2026-06-29T12:57:00.000Z,SELL,0.01,1,1,10.00,1,29290.00
2026-06-29T12:57:00.000Z,2026-06-29T17:06:00.000Z,SELL,0.01,3,1,10.00,3,29300.00
2026-06-29T17:06:00.000Z,2026-06-29T17:15:00.000Z,SELL,0.01,1,1,10.00,1,29310.00
2026-06-29T17:15:00.000Z,2026-06-30T03:39:00.000Z,SELL,0.01,3,1,10.00,3,29320.00
2026-06-30T03:39:00.000Z,2026-06-30T03:56:00.000Z,SELL,0.01,1,1,10.00,1,29330.00
2026-06-30T03:56:00.000Z,2026-06-30T04:06:00.000Z,SELL,0.01,1,1,10.00,1,29340.00
2026-06-30T04:06:00.000Z,2026-06-30T04:06:00.000Z,SELL,0.01,1,1,10.00,1,29350.00
2026-06-30T04:06:00.000Z,2026-06-30T04:07:00.000Z,SELL,0.01,1,1,10.00,1,29360.00
2026-06-30T04:07:00.000Z,2026-06-30T04:07:00.000Z,SELL,0.01,1,1,10.00,1,29370.00
2026-06-30T04:07:00.000Z,2026-06-30T04:20:00.000Z,SELL,0.01,2,1,10.00,2,29380.00
2026-06-30T04:20:00.000Z,2026-06-30T04:47:00.000Z,SELL,0.01,1,1,10.00,1,29390.00
2026-06-30T04:47:00.000Z,2026-06-30T05:11:00.000Z,SELL,0.01,1,1,10.00,1,29400.00
2026-06-30T05:11:00.000Z,2026-06-30T07:30:00.000Z,SELL,0.01,2,1,10.00,2,29410.00
2026-06-30T07:30:00.000Z,2026-06-30T09:30:00.000Z,SELL,0.01,2,1,10.00,2,29420.00
2026-06-30T09:30:00.000Z,2026-06-30T17:09:00.000Z,SELL,0.01,5,0,-2420.00,5,27000.00
2026-06-30T17:09:00.000Z,2026-06-30T18:22:00.000Z,SELL,0.01,3,1,10.00,3,27010.00
2026-06-30T18:22:00.000Z,2026-06-30T23:27:00.000Z,SELL,0.01,1,1,10.00,1,27020.00
2026-06-30T23:27:00.000Z,2026-07-01T03:19:00.000Z,SELL,0.01,1,1,10.00,1,27030.00
2026-07-01T03:19:00.000Z,2026-07-01T04:02:00.000Z,SELL,0.01,1,1,10.00,1,27040.00
2026-07-01T04:02:00.000Z,2026-07-01T04:10:00.000Z,SELL,0.01,1,1,10.00,1,27050.00
2026-07-01T04:10:00.000Z,2026-07-01T05:05:00.000Z,SELL,0.01,1,1,10.00,1,27060.00
2026-07-01T05:05:00.000Z,2026-07-01T10:07:00.000Z,SELL,0.01,1,1,10.00,1,27070.00
2026-07-01T10:07:00.000Z,2026-07-01T13:33:00.000Z,SELL,0.01,2,1,10.00,2,27080.00
2026-07-01T13:33:00.000Z,2026-07-01T14:18:00.000Z,SELL,0.01,2,1,10.00,2,27090.00
2026-07-01T14:18:00.000Z,2026-07-01T16:30:00.000Z,SELL,0.01,2,1,10.00,2,27100.00
2026-07-01T16:30:00.000Z,2026-07-01T16:30:00.000Z,SELL,0.01,1,1,10.00,1,27110.00
2026-07-01T16:30:00.000Z,2026-07-01T16:39:00.000Z,SELL,0.01,2,1,10.00,2,27120.00
2026-07-01T16:39:00.000Z,2026-07-01T16:45:00.000Z,SELL,0.01,2,1,10.00,2,27130.00
2026-07-01T16:45:00.000Z,2026-07-01T16:46:00.000Z,SELL,0.01,1,1,10.00,1,27140.00
2026-07-01T16:46:00.000Z,2026-07-01T18:23:00.000Z,SELL,0.01,3,1,10.00,3,27150.00
2026-07-01T18:23:00.000Z,2026-07-01T19:51:00.000Z,SELL,0.01,1,1,10.00,1,27160.00
2026-07-01T19:51:00.000Z,2026-07-01T21:50:00.000Z,SELL,0.01,1,1,10.00,1,27170.00
2026-07-01T21:50:00.000Z,2026-07-01T22:50:00.000Z,SELL,0.01,1,1,10.00,1,27180.00
2026-07-01T22:50:00.000Z,2026-07-01T22:52:00.000Z,SELL,0.01,1,1,10.00,1,27190.00
2026-07-01T22:52:00.000Z,2026-07-01T23:04:00.000Z,SELL,0.01,1,1,10.00,1,27200.00
2026-07-01T23:04:00.000Z,2026-07-02T04:00:00.000Z,SELL,0.01,2,1,10.00,2,27210.00
2026-07-02T04:00:00.000Z,2026-07-02T04:32:00.000Z,SELL,0.01,1,1,10.00,1,27220.00
2026-07-02T04:32:00.000Z,2026-07-02T11:56:00.000Z,SELL,0.01,2,1,10.00,2,27230.00
2026-07-02T11:56:00.000Z,2026-07-02T12:08:00.000Z,SELL,0.01,1,1,10.00,1,27240.00
2026-07-02T12:08:00.000Z,2026-07-02T14:06:00.000Z,SELL,0.01,1,1,10.00,1,27250.00
2026-07-02T14:06:00.000Z,2026-07-02T15:30:00.000Z,SELL,0.01,2,1,10.00,2,27260.00
2026-07-02T15:30:00.000Z,2026-07-02T15:30:00.000Z,SELL,0.01,2,1,10.00,2,27270.00
2026-07-02T15:30:00.000Z,2026-07-02T15:31:00.000Z,SELL,0.01,1,1,10.00,1,27280.00
2026-07-02T15:31:00.000Z,2026-07-02T15:40:00.000Z,SELL,0.01,2,1,10.00,2,27290.00
2026-07-02T15:40:00.000Z,2026-07-02T15:46:00.000Z,SELL,0.01,1,1,10.00,1,27300.00
2026-07-02T15:46:00.000Z,2026-07-02T15:55:00.000Z,SELL,0.01,1,1,10.00,1,27310.00
2026-07-02T15:55:00.000Z,2026-07-02T19:30:00.000Z,SELL,0.01,3,1,10.00,3,27320.00
2026-07-02T19:30:00.000Z,2026-07-03T03:22:00.000Z,SELL,0.01,2,1,10.00,2,27330.00
2026-07-03T03:22:00.000Z,2026-07-03T04:08:00.000Z,SELL,0.01,2,1,10.00,2,27340.00
2026-07-03T04:08:00.000Z,2026-07-03T17:08:00.000Z,SELL,0.01,3,1,10.00,3,27350.00
2026-07-03T17:08:00.000Z,2026-07-06T01:36:00.000Z,SELL,0.01,2,1,10.00,2,27360.00
2026-07-06T01:36:00.000Z,2026-07-06T02:47:00.000Z,SELL,0.01,1,1,10.00,1,27370.00
2026-07-06T02:47:00.000Z,2026-07-06T06:02:00.000Z,SELL,0.01,3,1,10.00,3,27380.00
2026-07-06T06:02:00.000Z,2026-07-06T08:02:00.000Z,SELL,0.01,1,1,10.00,1,27390.00
2026-07-06T08:02:00.000Z,2026-07-06T08:59:00.000Z,SELL,0.01,1,1,10.00,1,27400.00
2026-07-06T08:59:00.000Z,2026-07-06T12:32:00.000Z,SELL,0.01,1,1,10.00,1,27410.00
2026-07-06T12:32:00.000Z,2026-07-06T21:36:00.000Z,SELL,0.01,4,1,10.00,4,27420.00
2026-07-06T21:36:00.000Z,2026-07-07T03:00:00.000Z,SELL,0.01,1,1,10.00,1,27430.00
2026-07-07T03:00:00.000Z,2026-07-07T03:59:00.000Z,SELL,0.01,1,1,10.00,1,27440.00
2026-07-07T03:59:00.000Z,2026-07-07T04:16:00.000Z,SELL,0.01,1,1,10.00,1,27450.00
2026-07-07T04:16:00.000Z,2026-07-07T04:28:00.000Z,SELL,0.01,1,1,10.00,1,27460.00
2026-07-07T04:28:00.000Z,2026-07-07T14:59:00.000Z,SELL,0.01,4,1,10.00,4,27470.00
2026-07-07T14:59:00.000Z,2026-07-07T17:41:00.000Z,SELL,0.01,3,1,10.00,3,27480.00
2026-07-07T17:41:00.000Z,2026-07-07T21:49:00.000Z,SELL,0.01,1,1,10.00,1,27490.00
2026-07-07T21:49:00.000Z,2026-07-07T21:54:00.000Z,SELL,0.01,1,1,10.00,1,27500.00
2026-07-07T21:54:00.000Z,2026-07-07T22:07:00.000Z,SELL,0.01,1,1,10.00,1,27510.00
2026-07-07T22:07:00.000Z,2026-07-07T22:11:00.000Z,SELL,0.01,1,1,10.00,1,27520.00
2026-07-07T22:11:00.000Z,2026-07-07T22:18:00.000Z,SELL,0.01,1,1,10.00,1,27530.00
2026-07-07T22:18:00.000Z,2026-07-08T03:40:00.000Z,SELL,0.01,2,1,10.00,2,27540.00
2026-07-08T03:40:00.000Z,2026-07-08T03:56:00.000Z,SELL,0.01,1,1,10.00,1,27550.00
2026-07-08T03:56:00.000Z,2026-07-08T04:05:00.000Z,SELL,0.01,1,1,10.00,1,27560.00
2026-07-08T04:05:00.000Z,2026-07-08T11:17:00.000Z,SELL,0.01,3,1,10.00,3,27570.00
2026-07-08T11:17:00.000Z,2026-07-08T11:18:00.000Z,SELL,0.01,1,1,10.00,1,27580.00
2026-07-08T11:18:00.000Z,2026-07-08T11:36:00.000Z,SELL,0.01,1,1,10.00,1,27590.00
2026-07-08T11:36:00.000Z,2026-07-08T11:40:00.000Z,SELL,0.01,1,1,10.00,1,27600.00
2026-07-08T11:40:00.000Z,2026-07-08T11:58:00.000Z,SELL,0.01,1,1,10.00,1,27610.00
2026-07-08T11:58:00.000Z,2026-07-08T12:58:00.000Z,SELL,0.01,1,1,10.00,1,27620.00
2026-07-08T12:58:00.000Z,2026-07-08T14:46:00.000Z,SELL,0.01,2,1,10.00,2,27630.00
2026-07-08T14:46:00.000Z,2026-07-08T14:49:00.000Z,SELL,0.01,1,1,10.00,1,27640.00
2026-07-08T14:49:00.000Z,2026-07-08T17:16:00.000Z,SELL,0.01,3,1,10.00,3,27650.00
2026-07-08T17:16:00.000Z,2026-07-08T17:43:00.000Z,SELL,0.01,1,1,10.00,1,27660.00
2026-07-08T17:43:00.000Z,2026-07-08T18:15:00.000Z,SELL,0.01,1,1,10.00,1,27670.00
2026-07-08T18:15:00.000Z,2026-07-08T19:52:00.000Z,SELL,0.01,2,1,10.00,2,27680.00
2026-07-08T19:52:00.000Z,2026-07-09T09:00:00.000Z,SELL,0.01,4,1,10.00,4,27690.00
2026-07-09T09:00:00.000Z,2026-07-09T15:40:00.000Z,SELL,0.01,2,1,10.00,2,27700.00
2026-07-09T15:40:00.000Z,2026-07-09T15:46:00.000Z,SELL,0.01,1,1,10.00,1,27710.00
2026-07-09T15:46:00.000Z,2026-07-10T11:36:00.000Z,SELL,0.01,5,1,10.00,5,27720.00
2026-07-10T11:36:00.000Z,2026-07-10T16:27:00.000Z,SELL,0.01,1,1,10.00,1,27730.00
2026-07-10T16:27:00.000Z,2026-07-10T17:33:00.000Z,SELL,0.01,1,1,10.00,1,27740.00
2026-07-10T17:33:00.000Z,2026-07-10T18:52:00.000Z,SELL,0.01,2,1,10.00,2,27750.00
2026-07-10T18:52:00.000Z,2026-07-10T20:59:00.000Z,SELL,0.01,1,1,10.00,1,27760.00
2026-07-10T20:59:00.000Z,2026-07-13T01:05:00.000Z,SELL,0.01,1,1,10.00,1,27770.00
2026-07-13T01:05:00.000Z,2026-07-13T01:40:00.000Z,SELL,0.01,1,1,10.00,1,27780.00
2026-07-13T01:40:00.000Z,2026-07-13T02:04:00.000Z,SELL,0.01,1,1,10.00,1,27790.00
2026-07-13T02:04:00.000Z,2026-07-13T06:07:00.000Z,SELL,0.01,5,1,10.00,5,27800.00
2026-07-13T06:07:00.000Z,2026-07-13T09:04:00.000Z,SELL,0.01,1,1,10.00,1,27810.00
2026-07-13T09:04:00.000Z,2026-07-13T11:22:00.000Z,SELL,0.01,2,1,10.00,2,27820.00
2026-07-13T11:22:00.000Z,2026-07-13T12:56:00.000Z,SELL,0.01,1,1,10.00,1,27830.00
2026-07-13T12:56:00.000Z,2026-07-13T13:41:00.000Z,SELL,0.01,1,1,10.00,1,27840.00
2026-07-13T13:41:00.000Z,2026-07-13T13:42:00.000Z,SELL,0.01,1,1,10.00,1,27850.00
2026-07-13T13:42:00.000Z,2026-07-13T17:03:00.000Z,SELL,0.01,3,1,10.00,3,27860.00
2026-07-13T17:03:00.000Z,2026-07-13T17:16:00.000Z,SELL,0.01,1,1,10.00,1,27870.00
2026-07-13T17:16:00.000Z,2026-07-13T17:16:00.000Z,SELL,0.01,1,1,10.00,1,27880.00
2026-07-13T17:16:00.000Z,2026-07-13T17:17:00.000Z,SELL,0.01,1,1,10.00,1,27890.00
2026-07-13T17:17:00.000Z,2026-07-13T19:33:00.000Z,SELL,0.01,3,1,10.00,3,27900.00
2026-07-13T19:33:00.000Z,2026-07-13T19:55:00.000Z,SELL,0.01,1,1,10.00,1,27910.00
2026-07-13T19:55:00.000Z,2026-07-14T05:14:00.000Z,SELL,0.01,2,1,10.00,2,27920.00
2026-07-14T05:14:00.000Z,2026-07-14T15:30:00.000Z,SELL,0.01,2,1,10.00,2,27930.00
2026-07-14T15:30:00.000Z,2026-07-14T15:30:00.000Z,SELL,0.01,2,1,10.00,2,27940.00
2026-07-14T15:30:00.000Z,2026-07-14T18:42:00.000Z,SELL,0.01,5,1,10.00,5,27950.00
2026-07-14T18:42:00.000Z,2026-07-14T20:14:00.000Z,SELL,0.01,1,1,10.00,1,27960.00
2026-07-14T20:14:00.000Z,2026-07-14T21:41:00.000Z,SELL,0.01,1,1,10.00,1,27970.00
2026-07-14T21:41:00.000Z,2026-07-15T04:58:00.000Z,SELL,0.01,1,1,10.00,1,27980.00
2026-07-15T04:58:00.000Z,2026-07-15T08:11:00.000Z,SELL,0.01,1,1,10.00,1,27990.00
2026-07-15T08:11:00.000Z,2026-07-15T15:35:00.000Z,SELL,0.01,2,1,10.00,2,28000.00
2026-07-15T15:35:00.000Z,2026-07-15T18:14:00.000Z,SELL,0.01,1,1,10.00,1,28010.00
2026-07-15T18:14:00.000Z,2026-07-15T19:19:00.000Z,SELL,0.01,1,1,10.00,1,28020.00
2026-07-15T19:19:00.000Z,2026-07-15T20:46:00.000Z,SELL,0.01,2,1,10.00,2,28030.00
2026-07-15T20:46:00.000Z,2026-07-15T22:20:00.000Z,SELL,0.01,1,1,10.00,1,28040.00
2026-07-15T22:20:00.000Z,2026-07-16T03:59:00.000Z,SELL,0.01,1,1,10.00,1,28050.00
2026-07-16T03:59:00.000Z,2026-07-16T04:28:00.000Z,SELL,0.01,1,1,10.00,1,28060.00
2026-07-16T04:28:00.000Z,2026-07-16T05:41:00.000Z,SELL,0.01,1,1,10.00,1,28070.00
2026-07-16T05:41:00.000Z,2026-07-16T15:16:00.000Z,SELL,0.01,1,1,10.00,1,28080.00
2026-07-16T15:16:00.000Z,2026-07-16T15:43:00.000Z,SELL,0.01,1,1,10.00,1,28090.00
2026-07-16T15:43:00.000Z,2026-07-16T15:55:00.000Z,SELL,0.01,1,1,10.00,1,28100.00
2026-07-16T15:55:00.000Z,2026-07-16T16:02:00.000Z,SELL,0.01,1,1,10.00,1,28110.00
2026-07-16T16:02:00.000Z,2026-07-16T18:25:00.000Z,SELL,0.01,4,1,10.00,4,28120.00
2026-07-16T18:25:00.000Z,2026-07-16T19:02:00.000Z,SELL,0.01,1,1,10.00,1,28130.00
2026-07-16T19:02:00.000Z,2026-07-16T19:12:00.000Z,SELL,0.01,1,1,10.00,1,28140.00
2026-07-16T19:12:00.000Z,2026-07-16T19:20:00.000Z,SELL,0.01,1,1,10.00,1,28150.00
2026-07-16T19:20:00.000Z,2026-07-16T22:35:00.000Z,SELL,0.01,1,1,10.00,1,28160.00
2026-07-16T22:35:00.000Z,2026-07-17T06:19:00.000Z,SELL,0.01,4,1,10.00,4,28170.00
2026-07-17T06:19:00.000Z,2026-07-17T06:56:00.000Z,SELL,0.01,1,1,10.00,1,28180.00
2026-07-17T06:56:00.000Z,2026-07-17T07:38:00.000Z,SELL,0.01,1,1,10.00,1,28190.00
2026-07-17T07:38:00.000Z,2026-07-17T15:43:00.000Z,SELL,0.01,3,1,10.00,3,28200.00
2026-07-17T15:43:00.000Z,2026-07-17T16:01:00.000Z,SELL,0.01,1,1,10.00,1,28210.00
2026-07-17T16:01:00.000Z,2026-07-17T16:38:00.000Z,SELL,0.01,2,1,10.00,2,28220.00
2026-07-17T16:38:00.000Z,2026-07-17T16:45:00.000Z,SELL,0.01,1,1,10.00,1,28230.00
2026-07-17T16:45:00.000Z,2026-07-17T18:04:00.000Z,SELL,0.01,2,1,10.00,2,28240.00
2026-07-17T18:04:00.000Z,2026-07-20T01:05:00.000Z,SELL,0.01,1,1,10.00,1,28250.00
2026-07-20T01:05:00.000Z,2026-07-20T02:14:00.000Z,SELL,0.01,1,1,10.00,1,28260.00
2026-07-20T02:14:00.000Z,2026-07-20T05:48:00.000Z,SELL,0.01,2,1,10.00,2,28270.00
2026-07-20T05:48:00.000Z,2026-07-20T08:25:00.000Z,SELL,0.01,1,1,10.00,1,28280.00
2026-07-20T08:25:00.000Z,2026-07-20T14:34:00.000Z,SELL,0.01,2,1,10.00,2,28290.00
2026-07-20T14:34:00.000Z,2026-07-20T14:36:00.000Z,SELL,0.01,1,1,10.00,1,28300.00
2026-07-20T14:36:00.000Z,2026-07-20T15:00:00.000Z,SELL,0.01,1,1,10.00,1,28310.00
2026-07-20T15:00:00.000Z,2026-07-20T15:20:00.000Z,SELL,0.01,1,1,10.00,1,28320.00
2026-07-20T15:20:00.000Z,2026-07-20T17:10:00.000Z,SELL,0.01,1,1,10.00,1,28330.00
2026-07-20T17:10:00.000Z,2026-07-21T04:14:00.000Z,SELL,0.01,4,1,10.00,4,28340.00
2026-07-21T04:14:00.000Z,2026-07-21T08:33:00.000Z,SELL,0.01,2,1,10.00,2,28350.00
2026-07-21T08:33:00.000Z,2026-07-21T16:31:00.000Z,SELL,0.01,3,1,10.00,3,28360.00
2026-07-21T16:31:00.000Z,2026-07-21T18:32:00.000Z,SELL,0.01,2,1,10.00,2,28370.00
2026-07-21T18:32:00.000Z,2026-07-21T20:19:00.000Z,SELL,0.01,1,1,10.00,1,28380.00
2026-07-21T20:19:00.000Z,2026-07-22T03:30:00.000Z,SELL,0.01,2,1,10.00,2,28390.00
2026-07-22T03:30:00.000Z,2026-07-22T05:32:00.000Z,SELL,0.01,2,1,10.00,2,28400.00
2026-07-22T05:32:00.000Z,2026-07-22T09:26:00.000Z,SELL,0.01,1,1,10.00,1,28410.00
2026-07-22T09:26:00.000Z,2026-07-22T15:56:00.000Z,SELL,0.01,1,1,10.00,1,28420.00
2026-07-22T15:56:00.000Z,2026-07-22T16:31:00.000Z,SELL,0.01,2,1,10.00,2,28430.00
2026-07-22T16:31:00.000Z,2026-07-22T23:46:00.000Z,SELL,0.01,3,1,10.00,3,28440.00
2026-07-22T23:46:00.000Z,2026-07-23T02:00:00.000Z,SELL,0.01,1,1,10.00,1,28450.00
2026-07-23T02:00:00.000Z,2026-07-23T10:10:00.000Z,SELL,0.01,3,1,10.00,3,28460.00
2026-07-23T10:10:00.000Z,2026-07-23T10:42:00.000Z,SELL,0.01,1,1,10.00,1,28470.00
2026-07-23T10:42:00.000Z,2026-07-23T11:48:00.000Z,SELL,0.01,1,1,10.00,1,28480.00
2026-07-23T11:48:00.000Z,2026-07-23T14:40:00.000Z,SELL,0.01,1,1,10.00,1,28490.00
2026-07-23T14:40:00.000Z,2026-07-23T15:36:00.000Z,SELL,0.01,1,1,10.00,1,28500.00
2026-07-23T15:36:00.000Z,2026-07-23T16:01:00.000Z,SELL,0.01,1,1,10.00,1,28510.00
2026-07-23T16:01:00.000Z,2026-07-23T16:07:00.000Z,SELL,0.01,1,1,10.00,1,28520.00
2026-07-23T16:07:00.000Z,2026-07-24T05:47:00.000Z,SELL,0.01,3,1,10.00,3,28530.00
2026-07-24T05:47:00.000Z,2026-07-24T05:50:00.000Z,SELL,0.01,1,1,10.00,1,28540.00
2026-07-24T05:50:00.000Z,2026-07-24T11:51:00.000Z,SELL,0.01,2,1,10.00,2,28550.00
2026-07-24T11:51:00.000Z,2026-07-24T16:10:00.000Z,SELL,0.01,1,1,10.00,1,28560.00
2026-07-24T16:10:00.000Z,2026-07-24T18:14:00.000Z,SELL,0.01,2,1,10.00,2,28570.00
2026-07-24T18:14:00.000Z,2026-07-24T19:47:00.000Z,SELL,0.01,1,1,10.00,1,28580.00
2026-07-24T19:47:00.000Z,2026-07-24T21:28:00.000Z,SELL,0.01,1,1,10.00,1,28590.00
2026-07-24T21:28:00.000Z,2026-07-27T01:05:00.000Z,SELL,0.01,2,1,10.00,2,28600.00
2026-07-27T01:05:00.000Z,2026-07-27T03:12:00.000Z,SELL,0.01,2,1,10.00,2,28610.00
2026-07-27T03:12:00.000Z,2026-07-27T03:20:00.000Z,SELL,0.01,1,1,10.00,1,28620.00
2026-07-27T03:20:00.000Z,2026-07-27T03:26:00.000Z,SELL,0.01,1,1,10.00,1,28630.00
2026-07-27T03:26:00.000Z,2026-07-27T08:46:00.000Z,SELL,0.01,1,1,10.00,1,28640.00
2026-07-27T08:46:00.000Z,2026-07-27T16:56:00.000Z,SELL,0.01,3,1,10.00,3,28650.00
2026-07-27T16:56:00.000Z,2026-07-28T03:05:00.000Z,SELL,0.01,1,1,10.00,1,28660.00
2026-07-28T03:05:00.000Z,2026-07-28T04:01:00.000Z,SELL,0.01,1,1,10.00,1,28670.00
2026-07-28T04:01:00.000Z,2026-07-28T04:34:00.000Z,SELL,0.01,1,1,10.00,1,28680.00
2026-07-28T04:34:00.000Z,2026-07-28T12:35:00.000Z,SELL,0.01,1,1,10.00,1,28690.00
2026-07-28T12:35:00.000Z,2026-07-28T12:57:00.000Z,SELL,0.01,1,1,10.00,1,28700.00
2026-07-28T12:57:00.000Z,2026-07-28T17:22:00.000Z,SELL,0.01,1,1,10.00,1,28710.00
2026-07-28T17:22:00.000Z,2026-07-28T18:46:00.000Z,SELL,0.01,2,1,10.00,2,28720.00
2026-07-28T18:46:00.000Z,2026-07-28T20:36:00.000Z,SELL,0.01,1,1,10.00,1,28730.00
2026-07-28T20:36:00.000Z,2026-07-28T21:54:00.000Z,SELL,0.01,1,1,10.00,1,28740.00
2026-07-28T21:54:00.000Z,2026-07-29T04:04:00.000Z,SELL,0.01,1,1,10.00,1,28750.00
2026-07-29T04:04:00.000Z,2026-07-29T09:24:00.000Z,SELL,0.01,2,1,10.00,2,28760.00
2026-07-29T09:24:00.000Z,2026-07-29T12:30:00.000Z,SELL,0.01,1,1,10.00,1,28770.00
2026-07-29T12:30:00.000Z,2026-07-29T15:17:00.000Z,SELL,0.01,1,1,10.00,1,28780.00
2026-07-29T15:17:00.000Z,2026-07-29T15:30:00.000Z,SELL,0.01,1,1,10.00,1,28790.00
2026-07-29T15:30:00.000Z,2026-07-29T17:03:00.000Z,SELL,0.01,1,1,10.00,1,28800.00
2026-07-29T17:03:00.000Z,2026-07-29T19:56:00.000Z,SELL,0.01,2,1,10.00,2,28810.00
2026-07-29T19:56:00.000Z,2026-07-29T21:00:00.000Z,SELL,0.01,2,1,10.00,2,28820.00
2026-07-29T21:00:00.000Z,2026-07-29T21:46:00.000Z,SELL,0.01,4,1,10.00,4,28830.00
2026-07-29T21:46:00.000Z,2026-07-29T22:27:00.000Z,SELL,0.01,3,1,10.00,3,28840.00
2026-07-29T22:27:00.000Z,2026-07-29T22:33:00.000Z,SELL,0.01,1,1,10.00,1,28850.00
2026-07-29T22:33:00.000Z,2026-07-29T22:55:00.000Z,SELL,0.01,1,1,10.00,1,28860.00
2026-07-29T22:55:00.000Z,2026-07-29T22:58:00.000Z,SELL,0.01,1,1,10.00,1,28870.00
2026-07-29T22:58:00.000Z,2026-07-30T01:44:00.000Z,SELL,0.01,2,1,10.00,2,28880.00
2026-07-30T01:44:00.000Z,2026-07-30T03:38:00.000Z,SELL,0.01,3,1,10.00,3,28890.00
2026-07-30T03:38:00.000Z,2026-07-30T06:19:00.000Z,SELL,0.01,3,1,10.00,3,28900.00
2026-07-30T06:19:00.000Z,2026-07-30T07:38:00.000Z,SELL,0.01,1,1,10.00,1,28910.00
2026-07-30T07:38:00.000Z,2026-07-30T08:18:00.000Z,SELL,0.01,1,1,10.00,1,28920.00
2026-07-30T08:18:00.000Z,2026-07-30T08:38:00.000Z,SELL,0.01,1,1,10.00,1,28930.00
2026-07-30T08:38:00.000Z,2026-07-30T11:21:00.000Z,SELL,0.01,2,1,10.00,2,28940.00
2026-07-30T11:21:00.000Z,2026-07-30T16:37:00.000Z,SELL,0.01,2,1,10.00,2,28950.00
2026-07-30T16:37:00.000Z,2026-07-30T17:00:00.000Z,SELL,0.01,2,1,10.00,2,28960.00
2026-07-30T17:00:00.000Z,2026-07-30T17:02:00.000Z,SELL,0.01,1,1,10.00,1,28970.00
2026-07-30T17:02:00.000Z,2026-07-30T17:07:00.000Z,SELL,0.01,1,1,10.00,1,28980.00
2026-07-30T17:07:00.000Z,2026-07-30T17:20:00.000Z,SELL,0.01,1,1,10.00,1,28990.00
2026-07-30T17:20:00.000Z,2026-07-30T19:24:00.000Z,SELL,0.01,4,1,10.00,4,29000.00
2026-07-30T19:24:00.000Z,2026-07-30T19:45:00.000Z,SELL,0.01,1,1,10.00,1,29010.00
2026-07-30T19:45:00.000Z,2026-07-31T03:28:00.000Z,SELL,0.01,1,1,10.00,1,29020.00
2026-07-31T03:28:00.000Z,2026-07-31T04:15:00.000Z,SELL,0.01,1,1,10.00,1,29030.00
2026-07-31T04:15:00.000Z,2026-07-31T05:42:00.000Z,SELL,0.01,1,1,10.00,1,29040.00
2026-07-31T05:42:00.000Z,2026-07-31T11:00:00.000Z,SELL,0.01,1,1,10.00,1,29050.00
2026-07-31T11:00:00.000Z,2026-07-31T11:31:00.000Z,SELL,0.01,1,1,10.00,1,29060.00
2026-07-31T11:31:00.000Z,2026-07-31T15:30:00.000Z,SELL,0.01,1,1,10.00,1,29070.00
2026-07-31T15:30:00.000Z,2026-07-31T16:00:00.000Z,SELL,0.01,1,1,10.00,1,29080.00
2026-07-31T16:00:00.000Z,2026-07-31T16:42:00.000Z,SELL,0.01,1,1,10.00,1,29090.00
2026-07-31T16:42:00.000Z,2026-08-03T01:05:00.000Z,SELL,0.01,2,1,10.00,2,29100.00
2026-08-03T01:05:00.000Z,2026-08-03T14:23:00.000Z,SELL,0.01,3,1,10.00,3,29110.00
2026-08-03T14:23:00.000Z,2026-08-03T16:19:00.000Z,SELL,0.01,1,1,10.00,1,29120.00
2026-08-03T16:19:00.000Z,2026-08-03T16:38:00.000Z,SELL,0.01,1,1,10.00,1,29130.00
2026-08-03T16:38:00.000Z,2026-08-03T22:30:00.000Z,SELL,0.01,2,1,10.00,2,29140.00
2026-08-03T22:30:00.000Z,2026-08-04T04:05:00.000Z,SELL,0.01,1,1,10.00,1,29150.00
2026-08-04T04:05:00.000Z,2026-08-04T14:48:00.000Z,SELL,0.01,2,1,10.00,2,29160.00
2026-08-04T14:48:00.000Z,2026-08-04T15:07:00.000Z,SELL,0.01,1,1,10.00,1,29170.00
2026-08-04T15:07:00.000Z,2026-08-04T20:00:00.000Z,SELL,0.01,2,1,10.00,2,29180.00
2026-08-04T20:00:00.000Z,2026-08-04T21:28:00.000Z,SELL,0.01,1,1,10.00,1,29190.00
2026-08-04T21:28:00.000Z,2026-08-05T02:00:00.000Z,SELL,0.01,1,1,10.00,1,29200.00
2026-08-05T02:00:00.000Z,2026-08-05T05:25:00.000Z,SELL,0.01,2,1,10.00,2,29210.00
2026-08-05T05:25:00.000Z,2026-08-05T05:55:00.000Z,SELL,0.01,2,1,10.00,2,29220.00
2026-08-05T05:55:00.000Z,2026-08-05T08:46:00.000Z,SELL,0.01,2,1,10.00,2,29230.00
2026-08-05T08:46:00.000Z,2026-08-05T12:56:00.000Z,SELL,0.01,1,1,10.00,1,29240.00
2026-08-05T12:56:00.000Z,2026-08-05T14:36:00.000Z,SELL,0.01,2,1,10.00,2,29250.00
2026-08-05T14:36:00.000Z,2026-08-05T17:05:00.000Z,SELL,0.01,4,1,10.00,4,29260.00
2026-08-05T17:05:00.000Z,2026-08-05T17:48:00.000Z,SELL,0.01,2,1,10.00,2,29270.00
2026-08-05T17:48:00.000Z,2026-08-05T17:53:00.000Z,SELL,0.01,1,1,10.00,1,29280.00
2026-08-05T17:53:00.000Z,2026-08-05T18:26:00.000Z,SELL,0.01,2,1,10.00,2,29290.00
2026-08-05T18:26:00.000Z,2026-08-05T18:43:00.000Z,SELL,0.01,1,1,10.00,1,29300.00
2026-08-05T18:43:00.000Z,2026-08-05T18:52:00.000Z,SELL,0.01,1,1,10.00,1,29310.00
2026-08-05T18:52:00.000Z,2026-08-05T18:58:00.000Z,SELL,0.01,1,1,10.00,1,29320.00
2026-08-05T18:58:00.000Z,2026-08-05T21:22:00.000Z,SELL,0.01,2,1,10.00,2,29330.00
2026-08-05T21:22:00.000Z,2026-08-05T22:19:00.000Z,SELL,0.01,1,1,10.00,1,29340.00
2026-08-05T22:19:00.000Z,2026-08-06T03:23:00.000Z,SELL,0.01,2,1,10.00,2,29350.00
2026-08-06T03:23:00.000Z,2026-08-06T03:29:00.000Z,SELL,0.01,1,1,10.00,1,29360.00
2026-08-06T03:29:00.000Z,2026-08-06T05:05:00.000Z,SELL,0.01,2,1,10.00,2,29370.00
2026-08-06T05:05:00.000Z,2026-08-06T05:11:00.000Z,SELL,0.01,1,1,10.00,1,29380.00
2026-08-06T05:11:00.000Z,2026-08-06T05:33:00.000Z,SELL,0.01,1,1,10.00,1,29390.00
2026-08-06T05:33:00.000Z,2026-08-06T06:15:00.000Z,SELL,0.01,1,1,10.00,1,29400.00
2026-08-06T06:15:00.000Z,2026-08-06T06:25:00.000Z,SELL,0.01,1,1,10.00,1,29410.00
2026-08-06T06:25:00.000Z,2026-08-06T08:30:00.000Z,SELL,0.01,1,1,10.00,1,29420.00
2026-08-06T08:30:00.000Z,2026-08-06T12:01:00.000Z,SELL,0.01,2,1,10.00,2,29430.00
2026-08-06T12:01:00.000Z,2026-08-06T12:54:00.000Z,SELL,0.01,1,1,10.00,1,29440.00
2026-08-06T12:54:00.000Z,2026-08-06T14:23:00.000Z,SELL,0.01,1,1,10.00,1,29450.00
2026-08-06T14:23:00.000Z,2026-08-06T15:56:00.000Z,SELL,0.01,1,1,10.00,1,29460.00
2026-08-06T15:56:00.000Z,2026-08-06T16:08:00.000Z,SELL,0.01,1,1,10.00,1,29470.00
2026-08-06T16:08:00.000Z,2026-08-06T16:42:00.000Z,SELL,0.01,2,1,10.00,2,29480.00
2026-08-06T16:42:00.000Z,2026-08-06T17:26:00.000Z,SELL,0.01,1,1,10.00,1,29490.00
2026-08-06T17:26:00.000Z,2026-08-06T18:34:00.000Z,SELL,0.01,1,1,10.00,1,29500.00
2026-08-06T18:34:00.000Z,2026-08-06T18:54:00.000Z,SELL,0.01,1,1,10.00,1,29510.00
2026-08-06T18:54:00.000Z,2026-08-06T18:55:00.000Z,SELL,0.01,1,1,10.00,1,29520.00
2026-08-06T18:55:00.000Z,2026-08-07T05:01:00.000Z,SELL,0.01,4,1,10.00,4,29530.00
2026-08-07T05:01:00.000Z,2026-08-07T05:45:00.000Z,SELL,0.01,1,1,10.00,1,29540.00
2026-08-07T05:45:00.000Z,2026-08-07T08:51:00.000Z,SELL,0.01,2,1,10.00,2,29550.00
2026-08-07T08:51:00.000Z,2026-08-07T11:33:00.000Z,SELL,0.01,2,1,10.00,2,29560.00
2026-08-07T11:33:00.000Z,2026-08-07T15:30:00.000Z,SELL,0.01,2,1,10.00,2,29570.00
2026-08-07T15:30:00.000Z,2026-08-07T15:43:00.000Z,SELL,0.01,2,1,10.00,2,29580.00
2026-08-07T15:43:00.000Z,2026-08-07T15:56:00.000Z,SELL,0.01,1,1,10.00,1,29590.00
2026-08-07T15:56:00.000Z,2026-08-07T16:04:00.000Z,SELL,0.01,1,1,10.00,1,29600.00
2026-08-07T16:04:00.000Z,2026-08-07T17:02:00.000Z,SELL,0.01,1,1,10.00,1,29610.00
2026-08-07T17:02:00.000Z,2026-08-07T17:12:00.000Z,SELL,0.01,1,1,10.00,1,29620.00
2026-08-07T17:12:00.000Z,2026-08-10T04:29:00.000Z,SELL,0.01,5,1,10.00,5,29630.00
2026-08-10T04:29:00.000Z,2026-08-10T08:51:00.000Z,SELL,0.01,2,1,10.00,2,29640.00
2026-08-10T08:51:00.000Z,2026-08-10T13:43:00.000Z,SELL,0.01,1,1,10.00,1,29650.00
2026-08-10T13:43:00.000Z,2026-08-10T15:23:00.000Z,SELL,0.01,1,1,10.00,1,29660.00
2026-08-10T15:23:00.000Z,2026-08-10T16:58:00.000Z,SELL,0.01,1,1,10.00,1,29670.00
2026-08-10T16:58:00.000Z,2026-08-10T17:28:00.000Z,SELL,0.01,2,1,10.00,2,29680.00
2026-08-10T17:28:00.000Z,2026-08-10T21:31:00.000Z,SELL,0.01,2,1,10.00,2,29690.00
2026-08-10T21:31:00.000Z,2026-08-11T03:10:00.000Z,SELL,0.01,2,1,10.00,2,29700.00
2026-08-11T03:10:00.000Z,2026-08-11T04:01:00.000Z,SELL,0.01,1,1,10.00,1,29710.00
2026-08-11T04:01:00.000Z,2026-08-11T04:50:00.000Z,SELL,0.01,2,1,10.00,2,29720.00
2026-08-11T04:50:00.000Z,2026-08-11T05:38:00.000Z,SELL,0.01,1,1,10.00,1,29730.00
2026-08-11T05:38:00.000Z,2026-08-11T07:50:00.000Z,SELL,0.01,1,1,10.00,1,29740.00
2026-08-11T07:50:00.000Z,2026-08-11T08:21:00.000Z,SELL,0.01,1,1,10.00,1,29750.00
2026-08-11T08:21:00.000Z,2026-08-11T08:30:00.000Z,SELL,0.01,1,1,10.00,1,29760.00
2026-08-11T08:30:00.000Z,2026-08-11T08:32:00.000Z,SELL,0.01,1,1,10.00,1,29770.00
2026-08-11T08:32:00.000Z,2026-08-11T09:29:00.000Z,SELL,0.01,1,1,10.00,1,29780.00
2026-08-11T09:29:00.000Z,2026-08-11T15:13:00.000Z,SELL,0.01,2,1,10.00,2,29790.00
2026-08-11T15:13:00.000Z,2026-08-11T16:54:00.000Z,SELL,0.01,1,1,10.00,1,29800.00
2026-08-11T16:54:00.000Z,2026-08-11T18:36:00.000Z,SELL,0.01,1,1,10.00,1,29810.00
2026-08-11T18:36:00.000Z,2026-08-11T21:02:00.000Z,SELL,0.01,1,1,10.00,1,29820.00
2026-08-11T21:02:00.000Z,2026-08-12T04:48:00.000Z,SELL,0.01,2,1,10.00,2,29830.00
2026-08-12T04:48:00.000Z,2026-08-12T08:52:00.000Z,SELL,0.01,3,1,10.00,3,29840.00
2026-08-12T08:52:00.000Z,2026-08-12T12:15:00.000Z,SELL,0.01,2,1,10.00,2,29850.00
2026-08-12T12:15:00.000Z,2026-08-12T15:30:00.000Z,SELL,0.01,1,1,10.00,1,29860.00
2026-08-12T15:30:00.000Z,2026-08-12T15:30:00.000Z,SELL,0.01,1,1,10.00,1,29870.00
2026-08-12T15:30:00.000Z,2026-08-12T15:30:00.000Z,SELL,0.01,1,1,10.00,1,29880.00
2026-08-12T15:30:00.000Z,2026-08-12T15:32:00.000Z,SELL,0.01,2,1,10.00,2,29890.00
2026-08-12T15:32:00.000Z,2026-08-12T19:49:00.000Z,SELL,0.01,5,1,10.00,5,29900.00
2026-08-12T19:49:00.000Z,2026-08-13T03:23:00.000Z,SELL,0.01,2,1,10.00,2,29910.00
2026-08-13T03:23:00.000Z,2026-08-13T04:01:00.000Z,SELL,0.01,1,1,10.00,1,29920.00
2026-08-13T04:01:00.000Z,2026-08-13T04:46:00.000Z,SELL,0.01,1,1,10.00,1,29930.00
2026-08-13T04:46:00.000Z,2026-08-13T05:30:00.000Z,SELL,0.01,1,1,10.00,1,29940.00
2026-08-13T05:30:00.000Z,2026-08-13T07:11:00.000Z,SELL,0.01,1,1,10.00,1,29950.00
2026-08-13T07:11:00.000Z,2026-08-13T08:59:00.000Z,SELL,0.01,1,1,10.00,1,29960.00
2026-08-13T08:59:00.000Z,2026-08-13T09:33:00.000Z,SELL,0.01,1,1,10.00,1,29970.00
2026-08-13T09:33:00.000Z,2026-08-13T17:30:00.000Z,SELL,0.01,3,1,10.00,3,29980.00
2026-08-13T17:30:00.000Z,2026-08-13T19:17:00.000Z,SELL,0.01,3,1,10.00,3,29990.00
2026-08-13T19:17:00.000Z,2026-08-14T03:26:00.000Z,SELL,0.01,3,1,10.00,3,30000.00
2026-08-14T03:26:00.000Z,2026-08-14T03:48:00.000Z,SELL,0.01,1,1,10.00,1,30010.00
2026-08-14T03:48:00.000Z,2026-08-14T04:18:00.000Z,SELL,0.01,1,1,10.00,1,30020.00
2026-08-14T04:18:00.000Z,2026-08-14T05:14:00.000Z,SELL,0.01,1,1,10.00,1,30030.00
2026-08-14T05:14:00.000Z,2026-08-14T10:45:00.000Z,SELL,0.01,2,1,10.00,2,30040.00
2026-08-14T10:45:00.000Z,2026-08-14T15:00:00.000Z,SELL,0.01,2,1,10.00,2,30050.00
2026-08-14T15:00:00.000Z,2026-08-17T03:58:00.000Z,SELL,0.01,4,1,10.00,4,30060.00
2026-08-17T03:58:00.000Z,2026-08-17T05:21:00.000Z,SELL,0.01,1,1,10.00,1,30070.00