start_time,end_time,start_direction,base_lot,terminal_level,won,pnl,trades,end_balance
2020-01-02T06:00:00.000Z,2020-01-02T16:37:00.000Z,BUY,0.01,1,1,10.00,1,10010.00
2020-01-02T16:37:00.000Z,2020-01-03T04:27:00.000Z,BUY,0.01,1,1,10.00,1,10020.00
2020-01-03T04:27:00.000Z,2020-01-03T13:43:00.000Z,BUY,0.01,1,1,10.00,1,10030.00
2020-01-03T13:43:00.000Z,2020-01-06T01:05:00.000Z,BUY,0.01,1,1,10.00,1,10040.00
2020-01-06T01:05:00.000Z,2020-01-06T01:05:00.000Z,BUY,0.01,1,1,10.00,1,10050.00
2020-01-06T01:05:00.000Z,2020-01-06T01:06:00.000Z,BUY,0.01,1,1,10.00,1,10060.00
2020-01-06T01:06:00.000Z,2020-01-08T01:24:00.000Z,BUY,0.01,3,1,10.00,3,10070.00
2020-01-08T01:24:00.000Z,2020-01-08T02:11:00.000Z,BUY,0.01,1,1,10.00,1,10080.00
2020-01-08T02:11:00.000Z,2020-01-08T15:00:00.000Z,BUY,0.01,2,1,10.00,2,10090.00
2020-01-08T15:00:00.000Z,2020-01-09T08:38:00.000Z,BUY,0.01,2,1,10.00,2,10100.00
2020-01-09T08:38:00.000Z,2020-01-09T14:31:00.000Z,BUY,0.01,1,1,10.00,1,10110.00
2020-01-09T14:31:00.000Z,2020-01-10T23:41:00.000Z,BUY,0.01,1,1,10.00,1,10120.00
2020-01-10T23:41:00.000Z,2020-01-24T17:26:00.000Z,BUY,0.01,3,1,10.00,3,10130.00
2020-01-24T17:26:00.000Z,2020-01-27T01:06:00.000Z,BUY,0.01,1,1,10.00,1,10140.00
2020-01-27T01:06:00.000Z,2020-02-04T17:27:00.000Z,BUY,0.01,4,1,10.00,4,10150.00
2020-02-04T17:27:00.000Z,2020-02-06T11:26:00.000Z,BUY,0.01,1,1,10.00,1,10160.00
2020-02-06T11:26:00.000Z,2020-02-07T16:34:00.000Z,BUY,0.01,1,1,10.00,1,10170.00
2020-02-07T16:34:00.000Z,2020-02-14T20:09:00.000Z,BUY,0.01,1,1,10.00,1,10180.00
2020-02-14T20:09:00.000Z,2020-02-18T17:21:00.000Z,BUY,0.01,1,1,10.00,1,10190.00
2020-02-18T17:21:00.000Z,2020-02-18T18:23:00.000Z,BUY,0.01,1,1,10.00,1,10200.00
2020-02-18T18:23:00.000Z,2020-02-20T13:48:00.000Z,BUY,0.01,1,1,10.00,1,10210.00
2020-02-20T13:48:00.000Z,2020-02-21T05:18:00.000Z,BUY,0.01,1,1,10.00,1,10220.00
2020-02-21T05:18:00.000Z,2020-02-21T09:38:00.000Z,BUY,0.01,1,1,10.00,1,10230.00
2020-02-21T09:38:00.000Z,2020-02-21T15:49:00.000Z,BUY,0.01,1,1,10.00,1,10240.00
2020-02-21T15:49:00.000Z,2020-02-24T01:05:00.000Z,BUY,0.01,1,1,10.00,1,10250.00
2020-02-24T01:05:00.000Z,2020-02-24T01:11:00.000Z,BUY,0.01,1,1,10.00,1,10260.00
2020-02-24T01:11:00.000Z,2020-02-24T01:12:00.000Z,BUY,0.01,1,1,10.00,1,10270.00
2020-02-24T01:12:00.000Z,2020-02-24T11:16:00.000Z,BUY,0.01,1,1,10.00,1,10280.00
2020-02-24T11:16:00.000Z,2020-02-24T21:29:00.000Z,BUY,0.01,2,1,10.00,2,10290.00
2020-02-24T21:29:00.000Z,2020-02-25T22:59:00.000Z,BUY,0.01,4,1,10.00,4,10300.00
2020-02-25T22:59:00.000Z,2020-02-25T23:07:00.000Z,BUY,0.01,1,1,10.00,1,10310.00
2020-02-25T23:07:00.000Z,2020-02-26T09:01:00.000Z,BUY,0.01,1,1,10.00,1,10320.00
2020-02-26T09:01:00.000Z,2020-02-27T16:46:00.000Z,BUY,0.01,3,1,10.00,3,10330.00
2020-02-27T16:46:00.000Z,2020-02-28T08:12:00.000Z,BUY,0.01,2,1,10.00,2,10340.00
2020-02-28T08:12:00.000Z,2020-02-28T10:14:00.000Z,BUY,0.01,1,1,10.00,1,10350.00
2020-02-28T10:14:00.000Z,2020-02-28T17:06:00.000Z,BUY,0.01,2,1,10.00,2,10360.00
2020-02-28T17:06:00.000Z,2020-02-28T17:41:00.000Z,BUY,0.01,2,1,10.00,2,10370.00
2020-02-28T17:41:00.000Z,2020-02-28T17:44:00.000Z,BUY,0.01,1,1,10.00,1,10380.00
2020-02-28T17:44:00.000Z,2020-03-02T02:55:00.000Z,BUY,0.01,3,1,10.00,3,10390.00
2020-03-02T02:55:00.000Z,2020-03-02T11:18:00.000Z,BUY,0.01,1,1,10.00,1,10400.00
2020-03-02T11:18:00.000Z,2020-03-03T17:01:00.000Z,BUY,0.01,3,1,10.00,3,10410.00
2020-03-03T17:01:00.000Z,2020-03-03T17:21:00.000Z,BUY,0.01,1,1,10.00,1,10420.00
2020-03-03T17:21:00.000Z,2020-03-03T17:39:00.000Z,BUY,0.01,1,1,10.00,1,10430.00
2020-03-03T17:39:00.000Z,2020-03-03T19:35:00.000Z,BUY,0.01,1,1,10.00,1,10440.00
2020-03-03T19:35:00.000Z,2020-03-05T16:32:00.000Z,BUY,0.01,3,1,10.00,3,10450.00
2020-03-05T16:32:00.000Z,2020-03-05T21:09:00.000Z,BUY,0.01,1,1,10.00,1,10460.00
2020-03-05T21:09:00.000Z,2020-03-06T07:27:00.000Z,BUY,0.01,1,1,10.00,1,10470.00
2020-03-06T07:27:00.000Z,2020-03-06T12:20:00.000Z,BUY,0.01,1,1,10.00,1,10480.00
2020-03-06T12:20:00.000Z,2020-03-06T17:27:00.000Z,BUY,0.01,2,1,10.00,2,10490.00
2020-03-06T17:27:00.000Z,2020-03-06T18:23:00.000Z,BUY,0.01,1,1,10.00,1,10500.00
2020-03-06T18:23:00.000Z,2020-03-06T21:34:00.000Z,BUY,0.01,1,1,10.00,1,10510.00
2020-03-06T21:34:00.000Z,2020-03-06T22:06:00.000Z,BUY,0.01,1,1,10.00,1,10520.00
2020-03-06T22:06:00.000Z,2020-03-09T01:33:00.000Z,BUY,0.01,3,1,10.00,3,10530.00
2020-03-09T01:33:00.000Z,2020-03-09T06:22:00.000Z,BUY,0.01,2,1,10.00,2,10540.00
2020-03-09T06:22:00.000Z,2020-03-09T09:23:00.000Z,BUY,0.01,1,1,10.00,1,10550.00
2020-03-09T09:23:00.000Z,2020-03-10T08:00:00.000Z,BUY,0.01,2,1,10.00,2,10560.00
2020-03-10T08:00:00.000Z,2020-03-10T08:47:00.000Z,BUY,0.01,1,1,10.00,1,10570.00
2020-03-10T08:47:00.000Z,2020-03-12T04:00:00.000Z,BUY,0.01,4,1,10.00,4,10580.00
2020-03-12T04:00:00.000Z,2020-03-12T09:54:00.000Z,BUY,0.01,1,1,10.00,1,10590.00
2020-03-12T09:54:00.000Z,2020-03-12T14:31:00.000Z,BUY,0.01,2,1,10.00,2,10600.00
2020-03-12T14:31:00.000Z,2020-03-12T16:11:00.000Z,BUY,0.01,2,1,10.00,2,10610.00
2020-03-12T16:11:00.000Z,2020-03-12T18:58:00.000Z,BUY,0.01,3,1,10.00,3,10620.00
2020-03-12T18:58:00.000Z,2020-03-12T19:01:00.000Z,BUY,0.01,1,1,10.00,1,10630.00
2020-03-12T19:01:00.000Z,2020-03-12T21:22:00.000Z,BUY,0.01,2,1,10.00,2,10640.00
2020-03-12T21:22:00.000Z,2020-03-13T01:37:00.000Z,BUY,0.01,1,1,10.00,1,10650.00
2020-03-13T01:37:00.000Z,2020-03-13T04:01:00.000Z,BUY,0.01,2,1,10.00,2,10660.00
2020-03-13T04:01:00.000Z,2020-03-13T04:20:00.000Z,BUY,0.01,1,1,10.00,1,10670.00
2020-03-13T04:20:00.000Z,2020-03-13T06:37:00.000Z,BUY,0.01,1,1,10.00,1,10680.00
2020-03-13T06:37:00.000Z,2020-03-13T06:39:00.000Z,BUY,0.01,1,1,10.00,1,10690.00
2020-03-13T06:39:00.000Z,2020-03-13T09:38:00.000Z,BUY,0.01,1,1,10.00,1,10700.00
2020-03-13T09:38:00.000Z,2020-03-13T16:59:00.000Z,BUY,0.01,2,1,10.00,2,10710.00
2020-03-13T16:59:00.000Z,2020-03-13T17:48:00.000Z,BUY,0.01,2,1,10.00,2,10720.00
2020-03-13T17:48:00.000Z,2020-03-13T17:53:00.000Z,BUY,0.01,1,1,10.00,1,10730.00
2020-03-13T17:53:00.000Z,2020-03-13T18:38:00.000Z,BUY,0.01,2,1,10.00,2,10740.00
2020-03-13T18:38:00.000Z,2020-03-13T18:51:00.000Z,BUY,0.01,1,1,10.00,1,10750.00
2020-03-13T18:51:00.000Z,2020-03-13T20:09:00.000Z,BUY,0.01,1,1,10.00,1,10760.00
2020-03-13T20:09:00.000Z,2020-03-16T01:05:00.000Z,BUY,0.01,3,1,10.00,3,10770.00
2020-03-16T01:05:00.000Z,2020-03-16T01:13:00.000Z,BUY,0.01,1,1,10.00,1,10780.00
2020-03-16T01:13:00.000Z,2020-03-16T03:27:00.000Z,BUY,0.01,2,1,10.00,2,10790.00
2020-03-16T03:27:00.000Z,2020-03-16T03:50:00.000Z,BUY,0.01,1,1,10.00,1,10800.00
2020-03-16T03:50:00.000Z,2020-03-16T04:38:00.000Z,BUY,0.01,1,1,10.00,1,10810.00
2020-03-16T04:38:00.000Z,2020-03-16T11:36:00.000Z,BUY,0.01,2,1,10.00,2,10820.00
2020-03-16T11:36:00.000Z,2020-03-16T11:40:00.000Z,BUY,0.01,1,1,10.00,1,10830.00
2020-03-16T11:40:00.000Z,2020-03-16T12:53:00.000Z,BUY,0.01,2,1,10.00,2,10840.00
2020-03-16T12:53:00.000Z,2020-03-16T13:01:00.000Z,BUY,0.01,2,1,10.00,2,10850.00
2020-03-16T13:01:00.000Z,2020-03-16T13:03:00.000Z,BUY,0.01,1,1,10.00,1,10860.00
2020-03-16T13:03:00.000Z,2020-03-16T16:36:00.000Z,BUY,0.01,3,1,10.00,3,10870.00
2020-03-16T16:36:00.000Z,2020-03-16T16:59:00.000Z,BUY,0.01,1,1,10.00,1,10880.00
2020-03-16T16:59:00.000Z,2020-03-16T17:15:00.000Z,BUY,0.01,1,1,10.00,1,10890.00
2020-03-16T17:15:00.000Z,2020-03-16T17:25:00.000Z,BUY,0.01,1,1,10.00,1,10900.00
2020-03-16T17:25:00.000Z,2020-03-16T19:29:00.000Z,BUY,0.01,2,1,10.00,2,10910.00
2020-03-16T19:29:00.000Z,2020-03-16T19:48:00.000Z,BUY,0.01,1,1,10.00,1,10920.00
2020-03-16T19:48:00.000Z,2020-03-16T20:53:00.000Z,BUY,0.01,1,1,10.00,1,10930.00
2020-03-16T20:53:00.000Z,2020-03-16T22:50:00.000Z,BUY,0.01,1,1,10.00,1,10940.00
2020-03-16T22:50:00.000Z,2020-03-17T04:11:00.000Z,BUY,0.01,2,1,10.00,2,10950.00
2020-03-17T04:11:00.000Z,2020-03-17T05:40:00.000Z,BUY,0.01,1,1,10.00,1,10960.00
2020-03-17T05:40:00.000Z,2020-03-17T12:57:00.000Z,BUY,0.01,2,1,10.00,2,10970.00
2020-03-17T12:57:00.000Z,2020-03-17T14:02:00.000Z,BUY,0.01,1,1,10.00,1,10980.00
2020-03-17T14:02:00.000Z,2020-03-17T15:09:00.000Z,BUY,0.01,1,1,10.00,1,10990.00
2020-03-17T15:09:00.000Z,2020-03-17T15:32:00.000Z,BUY,0.01,1,1,10.00,1,11000.00
2020-03-17T15:32:00.000Z,2020-03-17T16:25:00.000Z,BUY,0.01,1,1,10.00,1,11010.00
2020-03-17T16:25:00.000Z,2020-03-17T16:45:00.000Z,BUY,0.01,1,1,10.00,1,11020.00
2020-03-17T16:45:00.000Z,2020-03-17T16:49:00.000Z,BUY,0.01,1,1,10.00,1,11030.00
2020-03-17T16:49:00.000Z,2020-03-17T17:02:00.000Z,BUY,0.01,1,1,10.00,1,11040.00
2020-03-17T17:02:00.000Z,2020-03-17T17:06:00.000Z,BUY,0.01,1,1,10.00,1,11050.00
2020-03-17T17:06:00.000Z,2020-03-18T07:51:00.000Z,BUY,0.01,2,1,10.00,2,11060.00
2020-03-18T07:51:00.000Z,2020-03-18T10:49:00.000Z,BUY,0.01,2,1,10.00,2,11070.00
2020-03-18T10:49:00.000Z,2020-03-18T11:23:00.000Z,BUY,0.01,1,1,10.00,1,11080.00
2020-03-18T11:23:00.000Z,2020-03-18T12:13:00.000Z,BUY,0.01,1,1,10.00,1,11090.00
2020-03-18T12:13:00.000Z,2020-03-18T14:02:00.000Z,BUY,0.01,1,1,10.00,1,11100.00
2020-03-18T14:02:00.000Z,2020-03-18T17:05:00.000Z,BUY,0.01,2,1,10.00,2,11110.00
2020-03-18T17:05:00.000Z,2020-03-18T20:54:00.000Z,BUY,0.01,1,1,10.00,1,11120.00
2020-03-18T20:54:00.000Z,2020-03-19T05:00:00.000Z,BUY,0.01,2,1,10.00,2,11130.00
2020-03-19T05:00:00.000Z,2020-03-19T08:15:00.000Z,BUY,0.01,1,1,10.00,1,11140.00
2020-03-19T08:15:00.000Z,2020-03-19T08:50:00.000Z,BUY,0.01,1,1,10.00,1,11150.00
2020-03-19T08:50:00.000Z,2020-03-20T08:41:00.000Z,BUY,0.01,5,1,10.00,5,11160.00
2020-03-20T08:41:00.000Z,2020-03-20T10:01:00.000Z,BUY,0.01,1,1,10.00,1,11170.00
2020-03-20T10:01:00.000Z,2020-03-20T18:23:00.000Z,BUY,0.01,2,1,10.00,2,11180.00
2020-03-20T18:23:00.000Z,2020-03-20T21:54:00.000Z,BUY,0.01,1,1,10.00,1,11190.00
2020-03-20T21:54:00.000Z,2020-03-23T14:01:00.000Z,BUY,0.01,1,1,10.00,1,11200.00
2020-03-23T14:01:00.000Z,2020-03-23T14:05:00.000Z,BUY,0.01,1,1,10.00,1,11210.00
2020-03-23T14:05:00.000Z,2020-03-23T14:12:00.000Z,BUY,0.01,1,1,10.00,1,11220.00
2020-03-23T14:12:00.000Z,2020-03-23T17:02:00.000Z,BUY,0.01,1,1,10.00,1,11230.00
2020-03-23T17:02:00.000Z,2020-03-23T17:25:00.000Z,BUY,0.01,1,1,10.00,1,11240.00
2020-03-23T17:25:00.000Z,2020-03-23T19:12:00.000Z,BUY,0.01,1,1,10.00,1,11250.00
2020-03-23T19:12:00.000Z,2020-03-24T01:05:00.000Z,BUY,0.01,1,1,10.00,1,11260.00
2020-03-24T01:05:00.000Z,2020-03-24T03:00:00.000Z,BUY,0.01,1,1,10.00,1,11270.00
2020-03-24T03:00:00.000Z,2020-03-24T04:42:00.000Z,BUY,0.01,1,1,10.00,1,11280.00
2020-03-24T04:42:00.000Z,2020-03-24T11:54:00.000Z,BUY,0.01,3,1,10.00,3,11290.00
2020-03-24T11:54:00.000Z,2020-03-24T12:50:00.000Z,BUY,0.01,1,1,10.00,1,11300.00
2020-03-24T12:50:00.000Z,2020-03-24T13:04:00.000Z,BUY,0.01,5,0,-2420.00,5,8880.00
2020-03-24T13:04:00.000Z,2020-03-24T13:08:00.000Z,BUY,0.01,1,1,10.00,1,8890.00
2020-03-24T13:08:00.000Z,2020-03-24T13:08:00.000Z,BUY,0.01,1,1,10.00,1,8900.00
2020-03-24T13:08:00.000Z,2020-03-24T13:20:00.000Z,BUY,0.01,3,1,10.00,3,8910.00
2020-03-24T13:20:00.000Z,2020-03-24T13:22:00.000Z,BUY,0.01,2,1,10.00,2,8920.00
2020-03-24T13:22:00.000Z,2020-03-24T13:41:00.000Z,BUY,0.01,1,1,10.00,1,8930.00
2020-03-24T13:41:00.000Z,2020-03-24T15:18:00.000Z,BUY,0.01,1,1,10.00,1,8940.00
2020-03-24T15:18:00.000Z,2020-03-24T17:53:00.000Z,BUY,0.01,3,1,10.00,3,8950.00
2020-03-24T17:53:00.000Z,2020-03-24T19:17:00.000Z,BUY,0.01,1,1,10.00,1,8960.00
2020-03-24T19:17:00.000Z,2020-03-25T01:14:00.000Z,BUY,0.01,1,1,10.00,1,8970.00
2020-03-25T01:14:00.000Z,2020-03-25T04:43:00.000Z,BUY,0.01,2,1,10.00,2,8980.00
2020-03-25T04:43:00.000Z,2020-03-25T05:03:00.000Z,BUY,0.01,1,1,10.00,1,8990.00
2020-03-25T05:03:00.000Z,2020-03-25T12:34:00.000Z,BUY,0.01,1,1,10.00,1,9000.00
2020-03-25T12:34:00.000Z,2020-03-25T13:34:00.000Z,BUY,0.01,2,1,10.00,2,9010.00
2020-03-25T13:34:00.000Z,2020-03-25T13:36:00.000Z,BUY,0.01,1,1,10.00,1,9020.00
2020-03-25T13:36:00.000Z,2020-03-25T13:44:00.000Z,BUY,0.01,1,1,10.00,1,9030.00
2020-03-25T13:44:00.000Z,2020-03-26T14:41:00.000Z,BUY,0.01,3,1,10.00,3,9040.00
2020-03-26T14:41:00.000Z,2020-03-26T16:06:00.000Z,BUY,0.01,1,1,10.00,1,9050.00
2020-03-26T16:06:00.000Z,2020-03-31T11:44:00.000Z,BUY,0.01,2,1,10.00,2,9060.00
2020-03-31T11:44:00.000Z,2020-03-31T22:58:00.000Z,BUY,0.01,2,1,10.00,2,9070.00
2020-03-31T22:58:00.000Z,2020-04-01T07:45:00.000Z,BUY,0.01,1,1,10.00,1,9080.00
2020-04-01T07:45:00.000Z,2020-04-01T10:43:00.000Z,BUY,0.01,1,1,10.00,1,9090.00
2020-04-01T10:43:00.000Z,2020-04-02T15:31:00.000Z,BUY,0.01,3,1,10.00,3,9100.00
2020-04-02T15:31:00.000Z,2020-04-02T22:08:00.000Z,BUY,0.01,1,1,10.00,1,9110.00
2020-04-02T22:08:00.000Z,2020-04-06T09:40:00.000Z,BUY,0.01,1,1,10.00,1,9120.00
2020-04-06T09:40:00.000Z,2020-04-06T14:21:00.000Z,BUY,0.01,1,1,10.00,1,9130.00
2020-04-06T14:21:00.000Z,2020-04-06T16:59:00.000Z,BUY,0.01,1,1,10.00,1,9140.00
2020-04-06T16:59:00.000Z,2020-04-06T21:21:00.000Z,BUY,0.01,1,1,10.00,1,9150.00
2020-04-06T21:21:00.000Z,2020-04-06T22:45:00.000Z,BUY,0.01,1,1,10.00,1,9160.00
2020-04-06T22:45:00.000Z,2020-04-09T16:23:00.000Z,BUY,0.01,3,1,10.00,3,9170.00
2020-04-09T16:23:00.000Z,2020-04-09T20:11:00.000Z,BUY,0.01,1,1,10.00,1,9180.00
2020-04-09T20:11:00.000Z,2020-04-13T18:05:00.000Z,BUY,0.01,1,1,10.00,1,9190.00
2020-04-13T18:05:00.000Z,2020-04-13T18:26:00.000Z,BUY,0.01,1,1,10.00,1,9200.00
2020-04-13T18:26:00.000Z,2020-04-13T21:04:00.000Z,BUY,0.01,1,1,10.00,1,9210.00
2020-04-13T21:04:00.000Z,2020-04-14T16:20:00.000Z,BUY,0.01,1,1,10.00,1,9220.00
2020-04-14T16:20:00.000Z,2020-04-14T17:20:00.000Z,BUY,0.01,1,1,10.00,1,9230.00
2020-04-14T17:20:00.000Z,2020-04-15T09:53:00.000Z,BUY,0.01,2,1,10.00,2,9240.00
2020-04-15T09:53:00.000Z,2020-04-15T13:34:00.000Z,BUY,0.01,1,1,10.00,1,9250.00
2020-04-15T13:34:00.000Z,2020-04-16T13:54:00.000Z,BUY,0.01,1,1,10.00,1,9260.00
2020-04-16T13:54:00.000Z,2020-04-17T07:23:00.000Z,BUY,0.01,2,1,10.00,2,9270.00
2020-04-17T07:23:00.000Z,2020-04-20T03:17:00.000Z,BUY,0.01,2,1,10.00,2,9280.00
2020-04-20T03:17:00.000Z,2020-04-20T06:20:00.000Z,BUY,0.01,1,1,10.00,1,9290.00
2020-04-20T06:20:00.000Z,2020-04-20T16:42:00.000Z,BUY,0.01,1,1,10.00,1,9300.00
2020-04-20T16:42:00.000Z,2020-04-20T19:04:00.000Z,BUY,0.01,1,1,10.00,1,9310.00
2020-04-20T19:04:00.000Z,2020-04-21T12:21:00.000Z,BUY,0.01,2,1,10.00,2,9320.00
2020-04-21T12:21:00.000Z,2020-04-21T12:28:00.000Z,BUY,0.01,1,1,10.00,1,9330.00
2020-04-21T12:28:00.000Z,2020-04-22T10:47:00.000Z,BUY,0.01,3,1,10.00,3,9340.00
2020-04-22T10:47:00.000Z,2020-04-22T12:17:00.000Z,BUY,0.01,1,1,10.00,1,9350.00
2020-04-22T12:17:00.000Z,2020-04-22T19:24:00.000Z,BUY,0.01,1,1,10.00,1,9360.00
2020-04-22T19:24:00.000Z,2020-04-23T11:20:00.000Z,BUY,0.01,1,1,10.00,1,9370.00
2020-04-23T11:20:00.000Z,2020-04-23T17:03:00.000Z,BUY,0.01,1,1,10.00,1,9380.00
2020-04-23T17:03:00.000Z,2020-04-28T03:21:00.000Z,BUY,0.01,2,1,10.00,2,9390.00
2020-04-28T03:21:00.000Z,2020-04-28T12:25:00.000Z,BUY,0.01,1,1,10.00,1,9400.00
2020-04-28T12:25:00.000Z,2020-04-30T19:16:00.000Z,BUY,0.01,4,1,10.00,4,9410.00
2020-04-30T19:16:00.000Z,2020-05-01T18:27:00.000Z,BUY,0.01,1,1,10.00,1,9420.00
2020-05-01T18:27:00.000Z,2020-05-01T22:12:00.000Z,BUY,0.01,1,1,10.00,1,9430.00
2020-05-01T22:12:00.000Z,2020-05-07T19:41:00.000Z,BUY,0.01,3,1,10.00,3,9440.00
2020-05-07T19:41:00.000Z,2020-05-14T16:39:00.000Z,BUY,0.01,3,1,10.00,3,9450.00
2020-05-14T16:39:00.000Z,2020-05-14T19:20:00.000Z,BUY,0.01,1,1,10.00,1,9460.00
2020-05-14T19:20:00.000Z,2020-05-15T18:07:00.000Z,BUY,0.01,1,1,10.00,1,9470.00
2020-05-15T18:07:00.000Z,2020-05-18T02:47:00.000Z,BUY,0.01,1,1,10.00,1,9480.00
2020-05-18T02:47:00.000Z,2020-05-19T09:40:00.000Z,BUY,0.01,2,1,10.00,2,9490.00
2020-05-19T09:40:00.000Z,2020-05-19T11:39:00.000Z,BUY,0.01,1,1,10.00,1,9500.00
2020-05-19T11:39:00.000Z,2020-05-19T22:05:00.000Z,BUY,0.01,1,1,10.00,1,9510.00
2020-05-19T22:05:00.000Z,2020-05-26T17:02:00.000Z,BUY,0.01,2,1,10.00,2,9520.00
2020-05-26T17:02:00.000Z,2020-05-28T16:35:00.000Z,BUY,0.01,3,1,10.00,3,9530.00
2020-05-28T16:35:00.000Z,2020-05-29T21:52:00.000Z,BUY,0.01,1,1,10.00,1,9540.00
2020-05-29T21:52:00.000Z,2020-06-03T15:57:00.000Z,BUY,0.01,2,1,10.00,2,9550.00
2020-06-03T15:57:00.000Z,2020-06-04T15:54:00.000Z,BUY,0.01,1,1,10.00,1,9560.00
2020-06-04T15:54:00.000Z,2020-06-05T15:40:00.000Z,BUY,0.01,2,1,10.00,2,9570.00
2020-06-05T15:40:00.000Z,2020-06-08T19:47:00.000Z,BUY,0.01,1,1,10.00,1,9580.00
2020-06-08T19:47:00.000Z,2020-06-09T12:10:00.000Z,BUY,0.01,1,1,10.00,1,9590.00
2020-06-09T12:10:00.000Z,2020-06-09T16:50:00.000Z,BUY,0.01,1,1,10.00,1,9600.00
2020-06-09T16:50:00.000Z,2020-06-10T21:13:00.000Z,BUY,0.01,1,1,10.00,1,9610.00
2020-06-10T21:13:00.000Z,2020-06-10T22:48:00.000Z,BUY,0.01,1,1,10.00,1,9620.00
2020-06-10T22:48:00.000Z,2020-06-15T13:20:00.000Z,BUY,0.01,2,1,10.00,2,9630.00
2020-06-15T13:20:00.000Z,2020-06-15T17:44:00.000Z,BUY,0.01,1,1,10.00,1,9640.00
2020-06-15T17:44:00.000Z,2020-06-16T04:56:00.000Z,BUY,0.01,1,1,10.00,1,9650.00
2020-06-16T04:56:00.000Z,2020-06-19T17:34:00.000Z,BUY,0.01,1,1,10.00,1,9660.00
2020-06-19T17:34:00.000Z,2020-06-22T01:24:00.000Z,BUY,0.01,1,1,10.00,1,9670.00
2020-06-22T01:24:00.000Z,2020-06-22T16:41:00.000Z,BUY,0.01,1,1,10.00,1,9680.00
2020-06-22T16:41:00.000Z,2020-06-23T22:34:00.000Z,BUY,0.01,1,1,10.00,1,9690.00
2020-06-23T22:34:00.000Z,2020-06-30T17:45:00.000Z,BUY,0.01,3,1,10.00,3,9700.00
2020-06-30T17:45:00.000Z,2020-07-07T17:04:00.000Z,BUY,0.01,3,1,10.00,3,9710.00
2020-07-07T17:04:00.000Z,2020-07-08T11:29:00.000Z,BUY,0.01,1,1,10.00,1,9720.00
2020-07-08T11:29:00.000Z,2020-07-08T16:22:00.000Z,BUY,0.01,1,1,10.00,1,9730.00
2020-07-08T16:22:00.000Z,2020-07-21T09:37:00.000Z,BUY,0.01,3,1,10.00,3,9740.00
2020-07-21T09:37:00.000Z,2020-07-21T15:11:00.000Z,BUY,0.01,1,1,10.00,1,9750.00
2020-07-21T15:11:00.000Z,2020-07-21T19:56:00.000Z,BUY,0.01,1,1,10.00,1,9760.00
2020-07-21T19:56:00.000Z,2020-07-22T04:07:00.000Z,BUY,0.01,1,1,10.00,1,9770.00
2020-07-22T04:07:00.000Z,2020-07-22T04:13:00.000Z,BUY,0.01,1,1,10.00,1,9780.00
2020-07-22T04:13:00.000Z,2020-07-23T01:05:00.000Z,BUY,0.01,1,1,10.00,1,9790.00
2020-07-23T01:05:00.000Z,2020-07-23T11:32:00.000Z,BUY,0.01,1,1,10.00,1,9800.00
2020-07-23T11:32:00.000Z,2020-07-23T18:28:00.000Z,BUY,0.01,1,1,10.00,1,9810.00
2020-07-23T18:28:00.000Z,2020-07-24T16:05:00.000Z,BUY,0.01,1,1,10.00,1,9820.00
2020-07-24T16:05:00.000Z,2020-07-27T02:24:00.000Z,BUY,0.01,1,1,10.00,1,9830.00
2020-07-27T02:24:00.000Z,2020-07-27T05:37:00.000Z,BUY,0.01,1,1,10.00,1,9840.00
2020-07-27T05:37:00.000Z,2020-07-27T06:12:00.000Z,BUY,0.01,1,1,10.00,1,9850.00
2020-07-27T06:12:00.000Z,2020-07-27T06:16:00.000Z,BUY,0.01,1,1,10.00,1,9860.00
2020-07-27T06:16:00.000Z,2020-07-28T02:09:00.000Z,BUY,0.01,1,1,10.00,1,9870.00
2020-07-28T02:09:00.000Z,2020-07-28T02:42:00.000Z,BUY,0.01,1,1,10.00,1,9880.00
2020-07-28T02:42:00.000Z,2020-07-28T04:09:00.000Z,BUY,0.01,1,1,10.00,1,9890.00
2020-07-28T04:09:00.000Z,2020-07-28T06:04:00.000Z,BUY,0.01,2,1,10.00,2,9900.00
2020-07-28T06:04:00.000Z,2020-07-28T10:39:00.000Z,BUY,0.01,2,1,10.00,2,9910.00
2020-07-28T10:39:00.000Z,2020-07-28T11:25:00.000Z,BUY,0.01,1,1,10.00,1,9920.00
2020-07-28T11:25:00.000Z,2020-07-28T12:38:00.000Z,BUY,0.01,1,1,10.00,1,9930.00
2020-07-28T12:38:00.000Z,2020-07-28T17:19:00.000Z,BUY,0.01,1,1,10.00,1,9940.00
2020-07-28T17:19:00.000Z,2020-07-28T17:59:00.000Z,BUY,0.01,1,1,10.00,1,9950.00
2020-07-28T17:59:00.000Z,2020-07-29T21:10:00.000Z,BUY,0.01,1,1,10.00,1,9960.00
2020-07-29T21:10:00.000Z,2020-07-29T21:44:00.000Z,BUY,0.01,1,1,10.00,1,9970.00
2020-07-29T21:44:00.000Z,2020-07-30T12:11:00.000Z,BUY,0.01,2,1,10.00,2,9980.00
2020-07-30T12:11:00.000Z,2020-07-30T14:31:00.000Z,BUY,0.01,1,1,10.00,1,9990.00
2020-07-30T14:31:00.000Z,2020-07-31T04:46:00.000Z,BUY,0.01,1,1,10.00,1,10000.00
2020-07-31T04:46:00.000Z,2020-07-31T09:53:00.000Z,BUY,0.01,1,1,10.00,1,10010.00
2020-07-31T09:53:00.000Z,2020-08-04T17:37:00.000Z,BUY,0.01,1,1,10.00,1,10020.00
2020-08-04T17:37:00.000Z,2020-08-04T19:02:00.000Z,BUY,0.01,1,1,10.00,1,10030.00
2020-08-04T19:02:00.000Z,2020-08-04T21:00:00.000Z,BUY,0.01,1,1,10.00,1,10040.00
2020-08-04T21:00:00.000Z,2020-08-04T23:00:00.000Z,BUY,0.01,1,1,10.00,1,10050.00
2020-08-04T23:00:00.000Z,2020-08-05T02:47:00.000Z,BUY,0.01,1,1,10.00,1,10060.00
2020-08-05T02:47:00.000Z,2020-08-05T10:42:00.000Z,BUY,0.01,1,1,10.00,1,10070.00
2020-08-05T10:42:00.000Z,2020-08-05T17:15:00.000Z,BUY,0.01,1,1,10.00,1,10080.00
2020-08-05T17:15:00.000Z,2020-08-06T14:44:00.000Z,BUY,0.01,3,1,10.00,3,10090.00
2020-08-06T14:44:00.000Z,2020-08-06T17:03:00.000Z,BUY,0.01,1,1,10.00,1,10100.00
2020-08-06T17:03:00.000Z,2020-08-07T17:02:00.000Z,BUY,0.01,2,1,10.00,2,10110.00
2020-08-07T17:02:00.000Z,2020-08-10T17:12:00.000Z,BUY,0.01,3,1,10.00,3,10120.00
2020-08-10T17:12:00.000Z,2020-08-11T03:37:00.000Z,BUY,0.01,2,1,10.00,2,10130.00
2020-08-11T03:37:00.000Z,2020-08-11T11:07:00.000Z,BUY,0.01,2,1,10.00,2,10140.00
2020-08-11T11:07:00.000Z,2020-08-11T15:50:00.000Z,BUY,0.01,2,1,10.00,2,10150.00
2020-08-11T15:50:00.000Z,2020-08-11T20:52:00.000Z,BUY,0.01,2,1,10.00,2,10160.00
2020-08-11T20:52:00.000Z,2020-08-12T04:45:00.000Z,BUY,0.01,2,1,10.00,2,10170.00
2020-08-12T04:45:00.000Z,2020-08-12T07:29:00.000Z,BUY,0.01,2,1,10.00,2,10180.00
2020-08-12T07:29:00.000Z,2020-08-12T07:46:00.000Z,BUY,0.01,1,1,10.00,1,10190.00
2020-08-12T07:46:00.000Z,2020-08-12T09:10:00.000Z,BUY,0.01,1,1,10.00,1,10200.00
2020-08-12T09:10:00.000Z,2020-08-12T09:27:00.000Z,BUY,0.01,1,1,10.00,1,10210.00
2020-08-12T09:27:00.000Z,2020-08-12T09:49:00.000Z,BUY,0.01,1,1,10.00,1,10220.00
2020-08-12T09:49:00.000Z,2020-08-12T09:52:00.000Z,BUY,0.01,1,1,10.00,1,10230.00
2020-08-12T09:52:00.000Z,2020-08-12T10:35:00.000Z,BUY,0.01,1,1,10.00,1,10240.00
2020-08-12T10:35:00.000Z,2020-08-12T11:10:00.000Z,BUY,0.01,1,1,10.00,1,10250.00
2020-08-12T11:10:00.000Z,2020-08-12T22:58:00.000Z,BUY,0.01,4,1,10.00,4,10260.00
2020-08-12T22:58:00.000Z,2020-08-12T23:29:00.000Z,BUY,0.01,1,1,10.00,1,10270.00
2020-08-12T23:29:00.000Z,2020-08-13T03:16:00.000Z,BUY,0.01,1,1,10.00,1,10280.00
2020-08-13T03:16:00.000Z,2020-08-13T04:09:00.000Z,BUY,0.01,1,1,10.00,1,10290.00
2020-08-13T04:09:00.000Z,2020-08-13T19:50:00.000Z,BUY,0.01,3,1,10.00,3,10300.00
2020-08-13T19:50:00.000Z,2020-08-13T20:27:00.000Z,BUY,0.01,1,1,10.00,1,10310.00
2020-08-13T20:27:00.000Z,2020-08-14T20:00:00.000Z,BUY,0.01,4,1,10.00,4,10320.00
2020-08-14T20:00:00.000Z,2020-08-14T20:29:00.000Z,BUY,0.01,1,1,10.00,1,10330.00
2020-08-14T20:29:00.000Z,2020-08-17T10:00:00.000Z,BUY,0.01,1,1,10.00,1,10340.00
2020-08-17T10:00:00.000Z,2020-08-17T16:28:00.000Z,BUY,0.01,1,1,10.00,1,10350.00
2020-08-17T16:28:00.000Z,2020-08-17T16:45:00.000Z,BUY,0.01,1,1,10.00,1,10360.00
2020-08-17T16:45:00.000Z,2020-08-17T17:27:00.000Z,BUY,0.01,1,1,10.00,1,10370.00
2020-08-17T17:27:00.000Z,2020-08-18T04:49:00.000Z,BUY,0.01,1,1,10.00,1,10380.00
2020-08-18T04:49:00.000Z,2020-08-18T09:27:00.000Z,BUY,0.01,1,1,10.00,1,10390.00
2020-08-18T09:27:00.000Z,2020-08-18T15:41:00.000Z,BUY,0.01,1,1,10.00,1,10400.00
2020-08-18T15:41:00.000Z,2020-08-18T17:28:00.000Z,BUY,0.01,2,1,10.00,2,10410.00
2020-08-18T17:28:00.000Z,2020-08-18T17:45:00.000Z,BUY,0.01,1,1,10.00,1,10420.00
2020-08-18T17:45:00.000Z,2020-08-18T18:50:00.000Z,BUY,0.01,1,1,10.00,1,10430.00
2020-08-18T18:50:00.000Z,2020-08-19T17:44:00.000Z,BUY,0.01,2,1,10.00,2,10440.00
2020-08-19T17:44:00.000Z,2020-08-19T21:16:00.000Z,BUY,0.01,2,1,10.00,2,10450.00
2020-08-19T21:16:00.000Z,2020-08-20T07:18:00.000Z,BUY,0.01,3,1,10.00,3,10460.00
2020-08-20T07:18:00.000Z,2020-08-20T13:17:00.000Z,BUY,0.01,2,1,10.00,2,10470.00
2020-08-20T13:17:00.000Z,2020-08-20T14:22:00.000Z,BUY,0.01,1,1,10.00,1,10480.00
2020-08-20T14:22:00.000Z,2020-08-20T15:36:00.000Z,BUY,0.01,1,1,10.00,1,10490.00
2020-08-20T15:36:00.000Z,2020-08-21T03:02:00.000Z,BUY,0.01,1,1,10.00,1,10500.00
2020-08-21T03:02:00.000Z,2020-08-21T14:39:00.000Z,BUY,0.01,2,1,10.00,2,10510.00
2020-08-21T14:39:00.000Z,2020-08-21T15:48:00.000Z,BUY,0.01,1,1,10.00,1,10520.00
2020-08-21T15:48:00.000Z,2020-08-24T10:32:00.000Z,BUY,0.01,1,1,10.00,1,10530.00
2020-08-24T10:32:00.000Z,2020-08-24T15:04:00.000Z,BUY,0.01,1,1,10.00,1,10540.00
2020-08-24T15:04:00.000Z,2020-08-24T21:53:00.000Z,BUY,0.01,2,1,10.00,2,10550.00
2020-08-24T21:53:00.000Z,2020-08-25T06:34:00.000Z,BUY,0.01,1,1,10.00,1,10560.00
2020-08-25T06:34:00.000Z,2020-08-26T15:31:00.000Z,BUY,0.01,2,1,10.00,2,10570.00
2020-08-26T15:31:00.000Z,2020-08-26T16:08:00.000Z,BUY,0.01,1,1,10.00,1,10580.00
2020-08-26T16:08:00.000Z,2020-08-26T16:36:00.000Z,BUY,0.01,1,1,10.00,1,10590.00
2020-08-26T16:36:00.000Z,2020-08-26T17:26:00.000Z,BUY,0.01,1,1,10.00,1,10600.00
2020-08-26T17:26:00.000Z,2020-08-26T20:02:00.000Z,BUY,0.01,1,1,10.00,1,10610.00
2020-08-26T20:02:00.000Z,2020-08-27T16:14:00.000Z,BUY,0.01,1,1,10.00,1,10620.00
2020-08-27T16:14:00.000Z,2020-08-27T16:16:00.000Z,BUY,0.01,1,1,10.00,1,10630.00
2020-08-27T16:16:00.000Z,2020-08-27T16:46:00.000Z,BUY,0.01,2,1,10.00,2,10640.00
2020-08-27T16:46:00.000Z,2020-08-28T09:47:00.000Z,BUY,0.01,3,1,10.00,3,10650.00
2020-08-28T09:47:00.000Z,2020-08-28T11:53:00.000Z,BUY,0.01,1,1,10.00,1,10660.00
2020-08-28T11:53:00.000Z,2020-08-28T18:27:00.000Z,BUY,0.01,1,1,10.00,1,10670.00
2020-08-28T18:27:00.000Z,2020-09-01T05:03:00.000Z,BUY,0.01,1,1,10.00,1,10680.00
2020-09-01T05:03:00.000Z,2020-09-01T06:30:00.000Z,BUY,0.01,1,1,10.00,1,10690.00
2020-09-01T06:30:00.000Z,2020-09-02T04:09:00.000Z,BUY,0.01,2,1,10.00,2,10700.00
2020-09-02T04:09:00.000Z,2020-09-02T12:10:00.000Z,BUY,0.01,1,1,10.00,1,10710.00
2020-09-02T12:10:00.000Z,2020-09-02T17:40:00.000Z,BUY,0.01,2,1,10.00,2,10720.00
2020-09-02T17:40:00.000Z,2020-09-03T05:11:00.000Z,BUY,0.01,1,1,10.00,1,10730.00
2020-09-03T05:11:00.000Z,2020-09-04T16:02:00.000Z,BUY,0.01,2,1,10.00,2,10740.00
2020-09-04T16:02:00.000Z,2020-09-04T16:31:00.000Z,BUY,0.01,1,1,10.00,1,10750.00
2020-09-04T16:31:00.000Z,2020-09-07T04:54:00.000Z,BUY,0.01,1,1,10.00,1,10760.00
2020-09-07T04:54:00.000Z,2020-09-08T14:47:00.000Z,BUY,0.01,2,1,10.00,2,10770.00
2020-09-08T14:47:00.000Z,2020-09-08T15:25:00.000Z,BUY,0.01,1,1,10.00,1,10780.00
2020-09-08T15:25:00.000Z,2020-09-08T19:04:00.000Z,BUY,0.01,1,1,10.00,1,10790.00
2020-09-08T19:04:00.000Z,2020-09-08T20:53:00.000Z,BUY,0.01,1,1,10.00,1,10800.00
2020-09-08T20:53:00.000Z,2020-09-10T13:58:00.000Z,BUY,0.01,3,1,10.00,3,10810.00
2020-09-10T13:58:00.000Z,2020-09-10T16:12:00.000Z,BUY,0.01,1,1,10.00,1,10820.00
2020-09-10T16:12:00.000Z,2020-09-15T13:58:00.000Z,BUY,0.01,3,1,10.00,3,10830.00
2020-09-15T13:58:00.000Z,2020-09-17T06:12:00.000Z,BUY,0.01,4,1,10.00,4,10840.00
2020-09-17T06:12:00.000Z,2020-09-18T03:13:00.000Z,BUY,0.01,1,1,10.00,1,10850.00
2020-09-18T03:13:00.000Z,2020-09-21T15:32:00.000Z,BUY,0.01,2,1,10.00,2,10860.00
2020-09-21T15:32:00.000Z,2020-09-21T17:29:00.000Z,BUY,0.01,2,1,10.00,2,10870.00
2020-09-21T17:29:00.000Z,2020-09-21T18:02:00.000Z,BUY,0.01,1,1,10.00,1,10880.00
2020-09-21T18:02:00.000Z,2020-09-21T23:08:00.000Z,BUY,0.01,1,1,10.00,1,10890.00
2020-09-21T23:08:00.000Z,2020-09-23T09:09:00.000Z,BUY,0.01,2,1,10.00,2,10900.00
2020-09-23T09:09:00.000Z,2020-09-23T13:28:00.000Z,BUY,0.01,1,1,10.00,1,10910.00
2020-09-23T13:28:00.000Z,2020-09-23T19:05:00.000Z,BUY,0.01,2,1,10.00,2,10920.00
2020-09-23T19:05:00.000Z,2020-09-24T19:06:00.000Z,BUY,0.01,1,1,10.00,1,10930.00
2020-09-24T19:06:00.000Z,2020-09-28T23:47:00.000Z,BUY,0.01,3,1,10.00,3,10940.00
2020-09-28T23:47:00.000Z,2020-09-29T19:27:00.000Z,BUY,0.01,1,1,10.00,1,10950.00
2020-09-29T19:27:00.000Z,2020-10-01T15:21:00.000Z,BUY,0.01,1,1,10.00,1,10960.00
2020-10-01T15:21:00.000Z,2020-10-02T09:25:00.000Z,BUY,0.01,1,1,10.00,1,10970.00
2020-10-02T09:25:00.000Z,2020-10-06T23:11:00.000Z,BUY,0.01,4,1,10.00,4,10980.00
2020-10-06T23:11:00.000Z,2020-10-07T09:58:00.000Z,BUY,0.01,1,1,10.00,1,10990.00
2020-10-07T09:58:00.000Z,2020-10-09T04:38:00.000Z,BUY,0.01,1,1,10.00,1,11000.00
2020-10-09T04:38:00.000Z,2020-10-09T11:01:00.000Z,BUY,0.01,1,1,10.00,1,11010.00
2020-10-09T11:01:00.000Z,2020-10-09T16:58:00.000Z,BUY,0.01,1,1,10.00,1,11020.00
2020-10-09T16:58:00.000Z,2020-10-13T16:38:00.000Z,BUY,0.01,2,1,10.00,2,11030.00
2020-10-13T16:38:00.000Z,2020-10-14T15:24:00.000Z,BUY,0.01,1,1,10.00,1,11040.00
2020-10-14T15:24:00.000Z,2020-10-19T15:09:00.000Z,BUY,0.01,1,1,10.00,1,11050.00
2020-10-19T15:09:00.000Z,2020-10-21T15:52:00.000Z,BUY,0.01,3,1,10.00,3,11060.00
2020-10-21T15:52:00.000Z,2020-10-22T17:23:00.000Z,BUY,0.01,2,1,10.00,2,11070.00
2020-10-22T17:23:00.000Z,2020-10-22T20:56:00.000Z,BUY,0.01,1,1,10.00,1,11080.00
2020-10-22T20:56:00.000Z,2020-10-28T15:54:00.000Z,BUY,0.01,2,1,10.00,2,11090.00
2020-10-28T15:54:00.000Z,2020-10-30T14:49:00.000Z,BUY,0.01,1,1,10.00,1,11100.00
2020-10-30T14:49:00.000Z,2020-11-03T01:27:00.000Z,BUY,0.01,1,1,10.00,1,11110.00
2020-11-03T01:27:00.000Z,2020-11-03T15:29:00.000Z,BUY,0.01,1,1,10.00,1,11120.00
2020-11-03T15:29:00.000Z,2020-11-05T10:25:00.000Z,BUY,0.01,3,1,10.00,3,11130.00
2020-11-05T10:25:00.000Z,2020-11-05T14:44:00.000Z,BUY,0.01,1,1,10.00,1,11140.00
2020-11-05T14:44:00.000Z,2020-11-05T17:03:00.000Z,BUY,0.01,1,1,10.00,1,11150.00
2020-11-05T17:03:00.000Z,2020-11-05T17:20:00.000Z,BUY,0.01,1,1,10.00,1,11160.00
2020-11-05T17:20:00.000Z,2020-11-06T13:23:00.000Z,BUY,0.01,1,1,10.00,1,11170.00
2020-11-06T13:23:00.000Z,2020-11-09T14:03:00.000Z,BUY,0.01,2,1,10.00,2,11180.00
2020-11-09T14:03:00.000Z,2020-11-09T15:12:00.000Z,BUY,0.01,2,1,10.00,2,11190.00
2020-11-09T15:12:00.000Z,2020-11-09T16:54:00.000Z,BUY,0.01,2,1,10.00,2,11200.00
2020-11-09T16:54:00.000Z,2020-11-10T04:09:00.000Z,BUY,0.01,1,1,10.00,1,11210.00
2020-11-10T04:09:00.000Z,2020-11-10T08:50:00.000Z,BUY,0.01,1,1,10.00,1,11220.00
2020-11-10T08:50:00.000Z,2020-11-11T16:00:00.000Z,BUY,0.01,2,1,10.00,2,11230.00
2020-11-11T16:00:00.000Z,2020-11-12T03:32:00.000Z,BUY,0.01,1,1,10.00,1,11240.00
2020-11-12T03:32:00.000Z,2020-11-12T15:56:00.000Z,BUY,0.01,1,1,10.00,1,11250.00
2020-11-12T15:56:00.000Z,2020-11-13T15:04:00.000Z,BUY,0.01,1,1,10.00,1,11260.00
2020-11-13T15:04:00.000Z,2020-11-16T04:13:00.000Z,BUY,0.01,1,1,10.00,1,11270.00
2020-11-16T04:13:00.000Z,2020-11-16T13:53:00.000Z,BUY,0.01,2,1,10.00,2,11280.00
2020-11-16T13:53:00.000Z,2020-11-16T15:02:00.000Z,BUY,0.01,1,1,10.00,1,11290.00
2020-11-16T15:02:00.000Z,2020-11-16T16:35:00.000Z,BUY,0.01,1,1,10.00,1,11300.00
2020-11-16T16:35:00.000Z,2020-11-19T07:45:00.000Z,BUY,0.01,2,1,10.00,2,11310.00
2020-11-19T07:45:00.000Z,2020-11-20T08:09:00.000Z,BUY,0.01,1,1,10.00,1,11320.00
2020-11-20T08:09:00.000Z,2020-11-23T17:00:00.000Z,BUY,0.01,2,1,10.00,2,11330.00
2020-11-23T17:00:00.000Z,2020-11-24T13:27:00.000Z,BUY,0.01,2,1,10.00,2,11340.00
2020-11-24T13:27:00.000Z,2020-11-27T15:53:00.000Z,BUY,0.01,2,1,10.00,2,11350.00
2020-11-27T15:53:00.000Z,2020-12-01T09:51:00.000Z,BUY,0.01,1,1,10.00,1,11360.00
2020-12-01T09:51:00.000Z,2020-12-01T13:00:00.000Z,BUY,0.01,1,1,10.00,1,11370.00
2020-12-01T13:00:00.000Z,2020-12-01T15:21:00.000Z,BUY,0.01,1,1,10.00,1,11380.00
2020-12-01T15:21:00.000Z,2020-12-02T10:32:00.000Z,BUY,0.01,1,1,10.00,1,11390.00
2020-12-02T10:32:00.000Z,2020-12-02T12:31:00.000Z,BUY,0.01,1,1,10.00,1,11400.00
2020-12-02T12:31:00.000Z,2020-12-03T09:47:00.000Z,BUY,0.01,1,1,10.00,1,11410.00
2020-12-03T09:47:00.000Z,2020-12-07T16:51:00.000Z,BUY,0.01,1,1,10.00,1,11420.00
2020-12-07T16:51:00.000Z,2020-12-07T17:06:00.000Z,BUY,0.01,1,1,10.00,1,11430.00
2020-12-07T17:06:00.000Z,2020-12-08T06:07:00.000Z,BUY,0.01,1,1,10.00,1,11440.00
2020-12-08T06:07:00.000Z,2020-12-09T16:59:00.000Z,BUY,0.01,2,1,10.00,2,11450.00
2020-12-09T16:59:00.000Z,2020-12-15T15:31:00.000Z,BUY,0.01,3,1,10.00,3,11460.00
2020-12-15T15:31:00.000Z,2020-12-16T10:47:00.000Z,BUY,0.01,1,1,10.00,1,11470.00
2020-12-16T10:47:00.000Z,2020-12-17T09:19:00.000Z,BUY,0.01,1,1,10.00,1,11480.00
2020-12-17T09:19:00.000Z,2020-12-17T10:37:00.000Z,BUY,0.01,1,1,10.00,1,11490.00
2020-12-17T10:37:00.000Z,2020-12-17T16:42:00.000Z,BUY,0.01,1,1,10.00,1,11500.00
2020-12-17T16:42:00.000Z,2020-12-21T08:09:00.000Z,BUY,0.01,1,1,10.00,1,11510.00
2020-12-21T08:09:00.000Z,2020-12-21T12:05:00.000Z,BUY,0.01,2,1,10.00,2,11520.00
2020-12-21T12:05:00.000Z,2020-12-21T14:05:00.000Z,BUY,0.01,1,1,10.00,1,11530.00
2020-12-21T14:05:00.000Z,2020-12-28T03:04:00.000Z,BUY,0.01,3,1,10.00,3,11540.00
2020-12-28T03:04:00.000Z,2021-01-04T01:05:00.000Z,BUY,0.01,5,1,10.00,5,11550.00
2021-01-04T01:05:00.000Z,2021-01-04T01:34:00.000Z,BUY,0.01,1,1,10.00,1,11560.00
2021-01-04T01:34:00.000Z,2021-01-04T05:39:00.000Z,BUY,0.01,1,1,10.00,1,11570.00
2021-01-04T05:39:00.000Z,2021-01-04T10:27:00.000Z,BUY,0.01,1,1,10.00,1,11580.00
2021-01-04T10:27:00.000Z,2021-01-05T01:18:00.000Z,BUY,0.01,1,1,10.00,1,11590.00
2021-01-05T01:18:00.000Z,2021-01-06T03:04:00.000Z,BUY,0.01,1,1,10.00,1,11600.00
2021-01-06T03:04:00.000Z,2021-01-06T17:26:00.000Z,BUY,0.01,2,1,10.00,2,11610.00
2021-01-06T17:26:00.000Z,2021-01-08T10:00:00.000Z,BUY,0.01,4,1,10.00,4,11620.00
2021-01-08T10:00:00.000Z,2021-01-08T16:50:00.000Z,BUY,0.01,2,1,10.00,2,11630.00
2021-01-08T16:50:00.000Z,2021-01-08T20:17:00.000Z,BUY,0.01,2,1,10.00,2,11640.00
2021-01-08T20:17:00.000Z,2021-01-08T21:34:00.000Z,BUY,0.01,1,1,10.00,1,11650.00
2021-01-08T21:34:00.000Z,2021-01-12T07:39:00.000Z,BUY,0.01,3,1,10.00,3,11660.00
2021-01-12T07:39:00.000Z,2021-01-15T17:51:00.000Z,BUY,0.01,4,1,10.00,4,11670.00
2021-01-15T17:51:00.000Z,2021-01-18T07:37:00.000Z,BUY,0.01,1,1,10.00,1,11680.00
2021-01-18T07:37:00.000Z,2021-01-20T03:04:00.000Z,BUY,0.01,1,1,10.00,1,11690.00
2021-01-20T03:04:00.000Z,2021-01-20T09:59:00.000Z,BUY,0.01,1,1,10.00,1,11700.00
2021-01-20T09:59:00.000Z,2021-01-20T17:17:00.000Z,BUY,0.01,3,1,10.00,3,11710.00
2021-01-20T17:17:00.000Z,2021-01-27T16:36:00.000Z,BUY,0.01,4,1,10.00,4,11720.00
2021-01-27T16:36:00.000Z,2021-01-27T17:10:00.000Z,BUY,0.01,1,1,10.00,1,11730.00
2021-01-27T17:10:00.000Z,2021-01-28T15:53:00.000Z,BUY,0.01,1,1,10.00,1,11740.00
2021-01-28T15:53:00.000Z,2021-01-29T14:44:00.000Z,BUY,0.01,3,1,10.00,3,11750.00
2021-01-29T14:44:00.000Z,2021-02-02T15:19:00.000Z,BUY,0.01,4,1,10.00,4,11760.00
2021-02-02T15:19:00.000Z,2021-02-04T15:57:00.000Z,BUY,0.01,2,1,10.00,2,11770.00
2021-02-04T15:57:00.000Z,2021-02-08T01:11:00.000Z,BUY,0.01,3,1,10.00,3,11780.00
2021-02-08T01:11:00.000Z,2021-02-08T15:38:00.000Z,BUY,0.01,1,1,10.00,1,11790.00
2021-02-08T15:38:00.000Z,2021-02-08T17:40:00.000Z,BUY,0.01,1,1,10.00,1,11800.00
2021-02-08T17:40:00.000Z,2021-02-09T11:56:00.000Z,BUY,0.01,1,1,10.00,1,11810.00
2021-02-09T11:56:00.000Z,2021-02-12T09:51:00.000Z,BUY,0.01,2,1,10.00,2,11820.00
2021-02-12T09:51:00.000Z,2021-02-12T17:53:00.000Z,BUY,0.01,1,1,10.00,1,11830.00
2021-02-12T17:53:00.000Z,2021-02-16T15:45:00.000Z,BUY,0.01,2,1,10.00,2,11840.00
2021-02-16T15:45:00.000Z,2021-02-16T17:18:00.000Z,BUY,0.01,1,1,10.00,1,11850.00
2021-02-16T17:18:00.000Z,2021-02-17T15:25:00.000Z,BUY,0.01,2,1,10.00,2,11860.00
2021-02-17T15:25:00.000Z,2021-02-18T10:55:00.000Z,BUY,0.01,1,1,10.00,1,11870.00
2021-02-18T10:55:00.000Z,2021-02-22T15:13:00.000Z,BUY,0.01,3,1,10.00,3,11880.00
2021-02-22T15:13:00.000Z,2021-02-22T17:42:00.000Z,BUY,0.01,1,1,10.00,1,11890.00
2021-02-22T17:42:00.000Z,2021-02-25T15:30:00.000Z,BUY,0.01,2,1,10.00,2,11900.00
2021-02-25T15:30:00.000Z,2021-02-26T16:50:00.000Z,BUY,0.01,2,1,10.00,2,11910.00
2021-02-26T16:50:00.000Z,2021-02-26T18:25:00.000Z,BUY,0.01,2,1,10.00,2,11920.00
2021-02-26T18:25:00.000Z,2021-02-26T20:27:00.000Z,BUY,0.01,1,1,10.00,1,11930.00
2021-02-26T20:27:00.000Z,2021-03-01T02:13:00.000Z,BUY,0.01,1,1,10.00,1,11940.00
2021-03-01T02:13:00.000Z,2021-03-01T05:11:00.000Z,BUY,0.01,1,1,10.00,1,11950.00
2021-03-01T05:11:00.000Z,2021-03-01T22:06:00.000Z,BUY,0.01,2,1,10.00,2,11960.00
2021-03-01T22:06:00.000Z,2021-03-02T12:42:00.000Z,BUY,0.01,1,1,10.00,1,11970.00
2021-03-02T12:42:00.000Z,2021-03-04T19:37:00.000Z,BUY,0.01,2,1,10.00,2,11980.00
2021-03-04T19:37:00.000Z,2021-03-08T01:18:00.000Z,BUY,0.01,1,1,10.00,1,11990.00
2021-03-08T01:18:00.000Z,2021-03-08T17:43:00.000Z,BUY,0.01,2,1,10.00,2,12000.00
2021-03-08T17:43:00.000Z,2021-03-09T05:34:00.000Z,BUY,0.01,1,1,10.00,1,12010.00
2021-03-09T05:34:00.000Z,2021-03-09T10:58:00.000Z,BUY,0.01,1,1,10.00,1,12020.00
2021-03-09T10:58:00.000Z,2021-03-09T13:49:00.000Z,BUY,0.01,1,1,10.00,1,12030.00
2021-03-09T13:49:00.000Z,2021-03-10T15:34:00.000Z,BUY,0.01,1,1,10.00,1,12040.00
2021-03-10T15:34:00.000Z,2021-03-11T04:33:00.000Z,BUY,0.01,1,1,10.00,1,12050.00
2021-03-11T04:33:00.000Z,2021-03-12T11:27:00.000Z,BUY,0.01,2,1,10.00,2,12060.00
2021-03-12T11:27:00.000Z,2021-03-12T18:25:00.000Z,BUY,0.01,1,1,10.00,1,12070.00
2021-03-12T18:25:00.000Z,2021-03-12T19:48:00.000Z,BUY,0.01,1,1,10.00,1,12080.00
2021-03-12T19:48:00.000Z,2021-03-15T03:15:00.000Z,BUY,0.01,1,1,10.00,1,12090.00
2021-03-15T03:15:00.000Z,2021-03-17T20:13:00.000Z,BUY,0.01,1,1,10.00,1,12100.00
2021-03-17T20:13:00.000Z,2021-03-18T03:20:00.000Z,BUY,0.01,1,1,10.00,1,12110.00
2021-03-18T03:20:00.000Z,2021-03-18T15:09:00.000Z,BUY,0.01,2,1,10.00,2,12120.00
2021-03-18T15:09:00.000Z,2021-03-18T18:10:00.000Z,BUY,0.01,1,1,10.00,1,12130.00
2021-03-18T18:10:00.000Z,2021-03-19T09:30:00.000Z,BUY,0.01,1,1,10.00,1,12140.00
2021-03-19T09:30:00.000Z,2021-03-29T16:42:00.000Z,BUY,0.01,2,1,10.00,2,12150.00
2021-03-29T16:42:00.000Z,2021-03-30T15:29:00.000Z,BUY,0.01,2,1,10.00,2,12160.00
2021-03-30T15:29:00.000Z,2021-03-31T16:51:00.000Z,BUY,0.01,1,1,10.00,1,12170.00
2021-03-31T16:51:00.000Z,2021-03-31T17:51:00.000Z,BUY,0.01,1,1,10.00,1,12180.00
2021-03-31T17:51:00.000Z,2021-03-31T20:11:00.000Z,BUY,0.01,1,1,10.00,1,12190.00
2021-03-31T20:11:00.000Z,2021-04-01T16:04:00.000Z,BUY,0.01,1,1,10.00,1,12200.00
2021-04-01T16:04:00.000Z,2021-04-06T04:30:00.000Z,BUY,0.01,1,1,10.00,1,12210.00
2021-04-06T04:30:00.000Z,2021-04-06T18:27:00.000Z,BUY,0.01,1,1,10.00,1,12220.00
2021-04-06T18:27:00.000Z,2021-04-08T16:37:00.000Z,BUY,0.01,1,1,10.00,1,12230.00
2021-04-08T16:37:00.000Z,2021-04-13T08:38:00.000Z,BUY,0.01,2,1,10.00,2,12240.00
2021-04-13T08:38:00.000Z,2021-04-13T15:38:00.000Z,BUY,0.01,1,1,10.00,1,12250.00
2021-04-13T15:38:00.000Z,2021-04-13T16:36:00.000Z,BUY,0.01,1,1,10.00,1,12260.00
2021-04-13T16:36:00.000Z,2021-04-15T16:50:00.000Z,BUY,0.01,1,1,10.00,1,12270.00
2021-04-15T16:50:00.000Z,2021-04-15T17:49:00.000Z,BUY,0.01,1,1,10.00,1,12280.00
2021-04-15T17:49:00.000Z,2021-04-16T13:55:00.000Z,BUY,0.01,1,1,10.00,1,12290.00
2021-04-16T13:55:00.000Z,2021-04-19T10:50:00.000Z,BUY,0.01,1,1,10.00,1,12300.00
2021-04-19T10:50:00.000Z,2021-04-21T16:58:00.000Z,BUY,0.01,3,1,10.00,3,12310.00
2021-04-21T16:58:00.000Z,2021-04-28T04:40:00.000Z,BUY,0.01,2,1,10.00,2,12320.00
2021-04-28T04:40:00.000Z,2021-04-28T21:35:00.000Z,BUY,0.01,1,1,10.00,1,12330.00
2021-04-28T21:35:00.000Z,2021-04-29T04:19:00.000Z,BUY,0.01,1,1,10.00,1,12340.00
2021-04-29T04:19:00.000Z,2021-04-29T16:59:00.000Z,BUY,0.01,2,1,10.00,2,12350.00
2021-04-29T16:59:00.000Z,2021-04-29T17:50:00.000Z,BUY,0.01,1,1,10.00,1,12360.00
2021-04-29T17:50:00.000Z,2021-05-03T09:32:00.000Z,BUY,0.01,1,1,10.00,1,12370.00
2021-05-03T09:32:00.000Z,2021-05-03T16:17:00.000Z,BUY,0.01,1,1,10.00,1,12380.00
2021-05-03T16:17:00.000Z,2021-05-04T17:05:00.000Z,BUY,0.01,1,1,10.00,1,12390.00
2021-05-04T17:05:00.000Z,2021-05-06T16:47:00.000Z,BUY,0.01,3,1,10.00,3,12400.00
2021-05-06T16:47:00.000Z,2021-05-07T06:02:00.000Z,BUY,0.01,1,1,10.00,1,12410.00
2021-05-07T06:02:00.000Z,2021-05-07T15:31:00.000Z,BUY,0.01,1,1,10.00,1,12420.00
2021-05-07T15:31:00.000Z,2021-05-07T15:42:00.000Z,BUY,0.01,1,1,10.00,1,12430.00
2021-05-07T15:42:00.000Z,2021-05-13T13:21:00.000Z,BUY,0.01,4,1,10.00,4,12440.00
2021-05-13T13:21:00.000Z,2021-05-13T15:31:00.000Z,BUY,0.01,1,1,10.00,1,12450.00
2021-05-13T15:31:00.000Z,2021-05-14T09:24:00.000Z,BUY,0.01,1,1,10.00,1,12460.00
2021-05-14T09:24:00.000Z,2021-05-14T16:38:00.000Z,BUY,0.01,1,1,10.00,1,12470.00
2021-05-14T16:38:00.000Z,2021-05-17T04:20:00.000Z,BUY,0.01,1,1,10.00,1,12480.00
2021-05-17T04:20:00.000Z,2021-05-17T17:21:00.000Z,BUY,0.01,1,1,10.00,1,12490.00
2021-05-17T17:21:00.000Z,2021-05-18T04:25:00.000Z,BUY,0.01,1,1,10.00,1,12500.00
2021-05-18T04:25:00.000Z,2021-05-19T16:39:00.000Z,BUY,0.01,1,1,10.00,1,12510.00
2021-05-19T16:39:00.000Z,2021-05-25T17:03:00.000Z,BUY,0.01,1,1,10.00,1,12520.00
2021-05-25T17:03:00.000Z,2021-05-26T04:01:00.000Z,BUY,0.01,1,1,10.00,1,12530.00
2021-05-26T04:01:00.000Z,2021-05-26T15:30:00.000Z,BUY,0.01,1,1,10.00,1,12540.00
2021-05-26T15:30:00.000Z,2021-06-03T16:01:00.000Z,BUY,0.01,4,1,10.00,4,12550.00
2021-06-03T16:01:00.000Z,2021-06-04T17:08:00.000Z,BUY,0.01,3,1,10.00,3,12560.00
2021-06-04T17:08:00.000Z,2021-06-08T04:02:00.000Z,BUY,0.01,1,1,10.00,1,12570.00
2021-06-08T04:02:00.000Z,2021-06-10T15:30:00.000Z,BUY,0.01,2,1,10.00,2,12580.00
2021-06-10T15:30:00.000Z,2021-06-10T15:34:00.000Z,BUY,0.01,1,1,10.00,1,12590.00
2021-06-10T15:34:00.000Z,2021-06-10T16:00:00.000Z,BUY,0.01,1,1,10.00,1,12600.00
2021-06-10T16:00:00.000Z,2021-06-11T10:21:00.000Z,BUY,0.01,1,1,10.00,1,12610.00
2021-06-11T10:21:00.000Z,2021-06-14T03:01:00.000Z,BUY,0.01,2,1,10.00,2,12620.00
2021-06-14T03:01:00.000Z,2021-06-16T21:05:00.000Z,BUY,0.01,2,1,10.00,2,12630.00
2021-06-16T21:05:00.000Z,2021-06-16T23:42:00.000Z,BUY,0.01,2,1,10.00,2,12640.00
2021-06-16T23:42:00.000Z,2021-06-17T05:04:00.000Z,BUY,0.01,1,1,10.00,1,12650.00
2021-06-17T05:04:00.000Z,2021-06-17T14:43:00.000Z,BUY,0.01,2,1,10.00,2,12660.00
2021-06-17T14:43:00.000Z,2021-06-18T22:59:00.000Z,BUY,0.01,4,1,10.00,4,12670.00
2021-06-18T22:59:00.000Z,2021-06-21T04:00:00.000Z,BUY,0.01,1,1,10.00,1,12680.00
2021-06-21T04:00:00.000Z,2021-06-21T11:14:00.000Z,BUY,0.01,1,1,10.00,1,12690.00
2021-06-21T11:14:00.000Z,2021-06-23T16:52:00.000Z,BUY,0.01,1,1,10.00,1,12700.00
2021-06-23T16:52:00.000Z,2021-06-29T14:17:00.000Z,BUY,0.01,2,1,10.00,2,12710.00
2021-06-29T14:17:00.000Z,2021-06-29T15:13:00.000Z,BUY,0.01,1,1,10.00,1,12720.00
2021-06-29T15:13:00.000Z,2021-07-02T13:32:00.000Z,BUY,0.01,3,1,10.00,3,12730.00
2021-07-02T13:32:00.000Z,2021-07-02T16:05:00.000Z,BUY,0.01,1,1,10.00,1,12740.00
2021-07-02T16:05:00.000Z,2021-07-06T09:00:00.000Z,BUY,0.01,1,1,10.00,1,12750.00
2021-07-06T09:00:00.000Z,2021-07-08T11:39:00.000Z,BUY,0.01,1,1,10.00,1,12760.00
2021-07-08T11:39:00.000Z,2021-07-14T15:12:00.000Z,BUY,0.01,3,1,10.00,3,12770.00
2021-07-14T15:12:00.000Z,2021-07-19T15:30:00.000Z,BUY,0.01,2,1,10.00,2,12780.00
2021-07-19T15:30:00.000Z,2021-07-19T15:52:00.000Z,BUY,0.01,1,1,10.00,1,12790.00
2021-07-19T15:52:00.000Z,2021-07-20T04:02:00.000Z,BUY,0.01,1,1,10.00,1,12800.00
2021-07-20T04:02:00.000Z,2021-07-29T14:17:00.000Z,BUY,0.01,3,1,10.00,3,12810.00
2021-07-29T14:17:00.000Z,2021-08-06T13:51:00.000Z,BUY,0.01,4,1,10.00,4,12820.00
2021-08-06T13:51:00.000Z,2021-08-06T16:45:00.000Z,BUY,0.01,2,1,10.00,2,12830.00
2021-08-06T16:45:00.000Z,2021-08-09T01:51:00.000Z,BUY,0.01,2,1,10.00,2,12840.00
2021-08-09T01:51:00.000Z,2021-08-09T01:58:00.000Z,BUY,0.01,2,1,10.00,2,12850.00
2021-08-09T01:58:00.000Z,2021-08-09T02:43:00.000Z,BUY,0.01,5,1,10.00,5,12860.00
2021-08-09T02:43:00.000Z,2021-08-09T03:55:00.000Z,BUY,0.01,1,1,10.00,1,12870.00
2021-08-09T03:55:00.000Z,2021-08-09T04:05:00.000Z,BUY,0.01,1,1,10.00,1,12880.00
2021-08-09T04:05:00.000Z,2021-08-09T09:44:00.000Z,BUY,0.01,1,1,10.00,1,12890.00
2021-08-09T09:44:00.000Z,2021-08-12T10:38:00.000Z,BUY,0.01,3,1,10.00,3,12900.00
2021-08-12T10:38:00.000Z,2021-08-13T17:01:00.000Z,BUY,0.01,1,1,10.00,1,12910.00
2021-08-13T17:01:00.000Z,2021-08-13T18:37:00.000Z,BUY,0.01,1,1,10.00,1,12920.00
2021-08-13T18:37:00.000Z,2021-08-16T17:37:00.000Z,BUY,0.01,1,1,10.00,1,12930.00
2021-08-16T17:37:00.000Z,2021-08-23T15:34:00.000Z,BUY,0.01,1,1,10.00,1,12940.00
2021-08-23T15:34:00.000Z,2021-08-24T15:42:00.000Z,BUY,0.01,1,1,10.00,1,12950.00
2021-08-24T15:42:00.000Z,2021-08-27T22:23:00.000Z,BUY,0.01,3,1,10.00,3,12960.00
2021-08-27T22:23:00.000Z,2021-09-03T15:32:00.000Z,BUY,0.01,1,1,10.00,1,12970.00
2021-09-03T15:32:00.000Z,2021-09-07T17:15:00.000Z,BUY,0.01,2,1,10.00,2,12980.00
2021-09-07T17:15:00.000Z,2021-09-16T15:08:00.000Z,BUY,0.01,2,1,10.00,2,12990.00
2021-09-16T15:08:00.000Z,2021-09-21T18:10:00.000Z,BUY,0.01,3,1,10.00,3,13000.00
2021-09-21T18:10:00.000Z,2021-09-23T17:51:00.000Z,BUY,0.01,2,1,10.00,2,13010.00
2021-09-23T17:51:00.000Z,2021-09-27T04:52:00.000Z,BUY,0.01,1,1,10.00,1,13020.00
2021-09-27T04:52:00.000Z,2021-09-28T15:42:00.000Z,BUY,0.01,2,1,10.00,2,13030.00
2021-09-28T15:42:00.000Z,2021-09-28T16:28:00.000Z,BUY,0.01,1,1,10.00,1,13040.00
2021-09-28T16:28:00.000Z,2021-09-30T17:25:00.000Z,BUY,0.01,1,1,10.00,1,13050.00
2021-09-30T17:25:00.000Z,2021-09-30T18:08:00.000Z,BUY,0.01,1,1,10.00,1,13060.00
2021-09-30T18:08:00.000Z,2021-10-04T17:54:00.000Z,BUY,0.01,1,1,10.00,1,13070.00
2021-10-04T17:54:00.000Z,2021-10-08T16:21:00.000Z,BUY,0.01,3,1,10.00,3,13080.00
2021-10-08T16:21:00.000Z,2021-10-11T15:55:00.000Z,BUY,0.01,2,1,10.00,2,13090.00
2021-10-11T15:55:00.000Z,2021-10-12T08:30:00.000Z,BUY,0.01,1,1,10.00,1,13100.00
2021-10-12T08:30:00.000Z,2021-10-13T13:48:00.000Z,BUY,0.01,1,1,10.00,1,13110.00
2021-10-13T13:48:00.000Z,2021-10-13T16:57:00.000Z,BUY,0.01,1,1,10.00,1,13120.00
2021-10-13T16:57:00.000Z,2021-10-13T17:35:00.000Z,BUY,0.01,1,1,10.00,1,13130.00
2021-10-13T17:35:00.000Z,2021-10-18T11:29:00.000Z,BUY,0.01,2,1,10.00,2,13140.00
2021-10-18T11:29:00.000Z,2021-10-19T04:48:00.000Z,BUY,0.01,1,1,10.00,1,13150.00
2021-10-19T04:48:00.000Z,2021-10-19T10:42:00.000Z,BUY,0.01,1,1,10.00,1,13160.00
2021-10-19T10:42:00.000Z,2021-10-22T09:42:00.000Z,BUY,0.01,1,1,10.00,1,13170.00
2021-10-22T09:42:00.000Z,2021-10-22T15:42:00.000Z,BUY,0.01,1,1,10.00,1,13180.00
2021-10-22T15:42:00.000Z,2021-10-22T18:00:00.000Z,BUY,0.01,1,1,10.00,1,13190.00
2021-10-22T18:00:00.000Z,2021-10-26T17:25:00.000Z,BUY,0.01,2,1,10.00,2,13200.00
2021-10-26T17:25:00.000Z,2021-10-26T20:18:00.000Z,BUY,0.01,1,1,10.00,1,13210.00
2021-10-26T20:18:00.000Z,2021-10-28T09:30:00.000Z,BUY,0.01,1,1,10.00,1,13220.00
2021-10-28T09:30:00.000Z,2021-10-29T16:45:00.000Z,BUY,0.01,2,1,10.00,2,13230.00
2021-10-29T16:45:00.000Z,2021-10-29T21:16:00.000Z,BUY,0.01,1,1,10.00,1,13240.00
2021-10-29T21:16:00.000Z,2021-11-01T16:00:00.000Z,BUY,0.01,1,1,10.00,1,13250.00
2021-11-01T16:00:00.000Z,2021-11-03T16:00:00.000Z,BUY,0.01,2,1,10.00,2,13260.00
2021-11-03T16:00:00.000Z,2021-11-03T20:52:00.000Z,BUY,0.01,1,1,10.00,1,13270.00
2021-11-03T20:52:00.000Z,2021-11-04T14:20:00.000Z,BUY,0.01,1,1,10.00,1,13280.00
2021-11-04T14:20:00.000Z,2021-11-04T15:41:00.000Z,BUY,0.01,1,1,10.00,1,13290.00
2021-11-04T15:41:00.000Z,2021-11-05T17:14:00.000Z,BUY,0.01,1,1,10.00,1,13300.00
2021-11-05T17:14:00.000Z,2021-11-05T18:26:00.000Z,BUY,0.01,1,1,10.00,1,13310.00
2021-11-05T18:26:00.000Z,2021-11-08T16:19:00.000Z,BUY,0.01,1,1,10.00,1,13320.00
2021-11-08T16:19:00.000Z,2021-11-10T15:33:00.000Z,BUY,0.01,1,1,10.00,1,13330.00
2021-11-10T15:33:00.000Z,2021-11-10T15:37:00.000Z,BUY,0.01,1,1,10.00,1,13340.00
2021-11-10T15:37:00.000Z,2021-11-10T16:17:00.000Z,BUY,0.01,1,1,10.00,1,13350.00
2021-11-10T16:17:00.000Z,2021-11-10T16:39:00.000Z,BUY,0.01,1,1,10.00,1,13360.00
2021-11-10T16:39:00.000Z,2021-11-16T15:12:00.000Z,BUY,0.01,3,1,10.00,3,13370.00
2021-11-16T15:12:00.000Z,2021-11-19T19:42:00.000Z,BUY,0.01,2,1,10.00,2,13380.00
2021-11-19T19:42:00.000Z,2021-11-22T16:17:00.000Z,BUY,0.01,2,1,10.00,2,13390.00
2021-11-22T16:17:00.000Z,2021-11-23T15:24:00.000Z,BUY,0.01,2,1,10.00,2,13400.00
2021-11-23T15:24:00.000Z,2021-11-26T05:05:00.000Z,BUY,0.01,1,1,10.00,1,13410.00
2021-11-26T05:05:00.000Z,2021-11-26T09:53:00.000Z,BUY,0.01,1,1,10.00,1,13420.00
2021-11-26T09:53:00.000Z,2021-11-30T18:00:00.000Z,BUY,0.01,4,1,10.00,4,13430.00
2021-11-30T18:00:00.000Z,2021-12-01T07:57:00.000Z,BUY,0.01,1,1,10.00,1,13440.00
2021-12-01T07:57:00.000Z,2021-12-15T21:00:00.000Z,BUY,0.01,4,1,10.00,4,13450.00
2021-12-15T21:00:00.000Z,2021-12-15T21:40:00.000Z,BUY,0.01,1,1,10.00,1,13460.00
2021-12-15T21:40:00.000Z,2021-12-15T22:21:00.000Z,BUY,0.01,1,1,10.00,1,13470.00
2021-12-15T22:21:00.000Z,2021-12-16T13:13:00.000Z,BUY,0.01,1,1,10.00,1,13480.00
2021-12-16T13:13:00.000Z,2021-12-16T17:16:00.000Z,BUY,0.01,1,1,10.00,1,13490.00
2021-12-16T17:16:00.000Z,2021-12-17T09:49:00.000Z,BUY,0.01,1,1,10.00,1,13500.00
2021-12-17T09:49:00.000Z,2021-12-28T15:28:00.000Z,BUY,0.01,3,1,10.00,3,13510.00
2021-12-28T15:28:00.000Z,2022-01-03T01:05:00.000Z,BUY,0.01,3,1,10.00,3,13520.00
2022-01-03T01:05:00.000Z,2022-01-03T18:09:00.000Z,BUY,0.01,2,1,10.00,2,13530.00
2022-01-03T18:09:00.000Z,2022-01-04T16:00:00.000Z,BUY,0.01,1,1,10.00,1,13540.00
2022-01-04T16:00:00.000Z,2022-01-05T11:32:00.000Z,BUY,0.01,1,1,10.00,1,13550.00
2022-01-05T11:32:00.000Z,2022-01-05T16:52:00.000Z,BUY,0.01,1,1,10.00,1,13560.00
2022-01-05T16:52:00.000Z,2022-01-06T10:27:00.000Z,BUY,0.01,2,1,10.00,2,13570.00
2022-01-06T10:27:00.000Z,2022-01-11T08:22:00.000Z,BUY,0.01,1,1,10.00,1,13580.00
2022-01-11T08:22:00.000Z,2022-01-11T20:56:00.000Z,BUY,0.01,1,1,10.00,1,13590.00
2022-01-11T20:56:00.000Z,2022-01-19T17:04:00.000Z,BUY,0.01,1,1,10.00,1,13600.00
2022-01-19T17:04:00.000Z,2022-01-19T18:36:00.000Z,BUY,0.01,1,1,10.00,1,13610.00
2022-01-19T18:36:00.000Z,2022-01-25T16:46:00.000Z,BUY,0.01,1,1,10.00,1,13620.00
2022-01-25T16:46:00.000Z,2022-01-26T21:43:00.000Z,BUY,0.01,2,1,10.00,2,13630.00
2022-01-26T21:43:00.000Z,2022-01-28T11:16:00.000Z,BUY,0.01,2,1,10.00,2,13640.00
2022-01-28T11:16:00.000Z,2022-02-01T07:15:00.000Z,BUY,0.01,1,1,10.00,1,13650.00
2022-02-01T07:15:00.000Z,2022-02-04T11:55:00.000Z,BUY,0.01,1,1,10.00,1,13660.00
2022-02-04T11:55:00.000Z,2022-02-07T21:14:00.000Z,BUY,0.01,1,1,10.00,1,13670.00
2022-02-07T21:14:00.000Z,2022-02-09T15:01:00.000Z,BUY,0.01,1,1,10.00,1,13680.00
2022-02-09T15:01:00.000Z,2022-02-10T18:57:00.000Z,BUY,0.01,1,1,10.00,1,13690.00
2022-02-10T18:57:00.000Z,2022-02-11T20:46:00.000Z,BUY,0.01,3,1,10.00,3,13700.00
2022-02-11T20:46:00.000Z,2022-02-11T22:03:00.000Z,BUY,0.01,1,1,10.00,1,13710.00
2022-02-11T22:03:00.000Z,2022-02-14T20:55:00.000Z,BUY,0.01,1,1,10.00,1,13720.00
2022-02-14T20:55:00.000Z,2022-02-17T10:26:00.000Z,BUY,0.01,3,1,10.00,3,13730.00
2022-02-17T10:26:00.000Z,2022-02-17T11:29:00.000Z,BUY,0.01,1,1,10.00,1,13740.00
2022-02-17T11:29:00.000Z,2022-02-21T01:05:00.000Z,BUY,0.01,1,1,10.00,1,13750.00
2022-02-21T01:05:00.000Z,2022-02-22T01:07:00.000Z,BUY,0.01,1,1,10.00,1,13760.00
2022-02-22T01:07:00.000Z,2022-02-24T05:06:00.000Z,BUY,0.01,3,1,10.00,3,13770.00
2022-02-24T05:06:00.000Z,2022-02-24T06:10:00.000Z,BUY,0.01,1,1,10.00,1,13780.00
2022-02-24T06:10:00.000Z,2022-02-24T06:12:00.000Z,BUY,0.01,1,1,10.00,1,13790.00
2022-02-24T06:12:00.000Z,2022-02-24T12:01:00.000Z,BUY,0.01,1,1,10.00,1,13800.00
2022-02-24T12:01:00.000Z,2022-02-24T12:17:00.000Z,BUY,0.01,1,1,10.00,1,13810.00
2022-02-24T12:17:00.000Z,2022-02-24T16:41:00.000Z,BUY,0.01,2,1,10.00,2,13820.00
2022-02-24T16:41:00.000Z,2022-02-24T21:14:00.000Z,BUY,0.01,2,1,10.00,2,13830.00
2022-02-24T21:14:00.000Z,2022-02-25T03:01:00.000Z,BUY,0.01,3,1,10.00,3,13840.00
2022-02-25T03:01:00.000Z,2022-02-25T17:04:00.000Z,BUY,0.01,2,1,10.00,2,13850.00
2022-02-25T17:04:00.000Z,2022-02-28T01:05:00.000Z,BUY,0.01,1,1,10.00,1,13860.00
2022-02-28T01:05:00.000Z,2022-02-28T01:05:00.000Z,BUY,0.01,1,1,10.00,1,13870.00
2022-02-28T01:05:00.000Z,2022-02-28T01:05:00.000Z,BUY,0.01,1,1,10.00,1,13880.00
2022-02-28T01:05:00.000Z,2022-02-28T01:07:00.000Z,BUY,0.01,1,1,10.00,1,13890.00
2022-02-28T01:07:00.000Z,2022-02-28T09:30:00.000Z,BUY,0.01,2,1,10.00,2,13900.00
2022-02-28T09:30:00.000Z,2022-02-28T12:54:00.000Z,BUY,0.01,1,1,10.00,1,13910.00
2022-02-28T12:54:00.000Z,2022-02-28T15:52:00.000Z,BUY,0.01,1,1,10.00,1,13920.00
2022-02-28T15:52:00.000Z,2022-03-01T16:56:00.000Z,BUY,0.01,3,1,10.00,3,13930.00
2022-03-01T16:56:00.000Z,2022-03-01T20:14:00.000Z,BUY,0.01,1,1,10.00,1,13940.00
2022-03-01T20:14:00.000Z,2022-03-01T23:02:00.000Z,BUY,0.01,1,1,10.00,1,13950.00
2022-03-01T23:02:00.000Z,2022-03-02T12:26:00.000Z,BUY,0.01,2,1,10.00,2,13960.00
2022-03-02T12:26:00.000Z,2022-03-02T12:27:00.000Z,BUY,0.01,1,1,10.00,1,13970.00
2022-03-02T12:27:00.000Z,2022-03-03T13:32:00.000Z,BUY,0.01,1,1,10.00,1,13980.00
2022-03-03T13:32:00.000Z,2022-03-04T02:37:00.000Z,BUY,0.01,1,1,10.00,1,13990.00
2022-03-04T02:37:00.000Z,2022-03-04T16:38:00.000Z,BUY,0.01,1,1,10.00,1,14000.00
2022-03-04T16:38:00.000Z,2022-03-04T21:39:00.000Z,BUY,0.01,1,1,10.00,1,14010.00
2022-03-04T21:39:00.000Z,2022-03-07T01:05:00.000Z,BUY,0.01,1,1,10.00,1,14020.00
2022-03-07T01:05:00.000Z,2022-03-07T01:13:00.000Z,BUY,0.01,1,1,10.00,1,14030.00
2022-03-07T01:13:00.000Z,2022-03-07T03:43:00.000Z,BUY,0.01,1,1,10.00,1,14040.00
2022-03-07T03:43:00.000Z,2022-03-07T15:32:00.000Z,BUY,0.01,4,1,10.00,4,14050.00
2022-03-07T15:32:00.000Z,2022-03-07T15:56:00.000Z,BUY,0.01,1,1,10.00,1,14060.00
2022-03-07T15:56:00.000Z,2022-03-07T17:37:00.000Z,BUY,0.01,1,1,10.00,1,14070.00
2022-03-07T17:37:00.000Z,2022-03-07T23:23:00.000Z,BUY,0.01,1,1,10.00,1,14080.00
2022-03-07T23:23:00.000Z,2022-03-08T08:44:00.000Z,BUY,0.01,1,1,10.00,1,14090.00
2022-03-08T08:44:00.000Z,2022-03-08T08:58:00.000Z,BUY,0.01,1,1,10.00,1,14100.00
2022-03-08T08:58:00.000Z,2022-03-08T16:40:00.000Z,BUY,0.01,3,1,10.00,3,14110.00
2022-03-08T16:40:00.000Z,2022-03-08T16:53:00.000Z,BUY,0.01,1,1,10.00,1,14120.00
2022-03-08T16:53:00.000Z,2022-03-08T17:06:00.000Z,BUY,0.01,1,1,10.00,1,14130.00
2022-03-08T17:06:00.000Z,2022-03-08T17:07:00.000Z,BUY,0.01,1,1,10.00,1,14140.00
2022-03-08T17:07:00.000Z,2022-03-08T19:19:00.000Z,BUY,0.01,2,1,10.00,2,14150.00
2022-03-08T19:19:00.000Z,2022-03-08T19:22:00.000Z,BUY,0.01,1,1,10.00,1,14160.00
2022-03-08T19:22:00.000Z,2022-03-08T20:42:00.000Z,BUY,0.01,3,1,10.00,3,14170.00
2022-03-08T20:42:00.000Z,2022-03-09T11:43:00.000Z,BUY,0.01,4,1,10.00,4,14180.00
2022-03-09T11:43:00.000Z,2022-03-09T15:26:00.000Z,BUY,0.01,2,1,10.00,2,14190.00
2022-03-09T15:26:00.000Z,2022-03-09T18:12:00.000Z,BUY,0.01,1,1,10.00,1,14200.00
2022-03-09T18:12:00.000Z,2022-03-10T03:19:00.000Z,BUY,0.01,2,1,10.00,2,14210.00
2022-03-10T03:19:00.000Z,2022-03-10T07:45:00.000Z,BUY,0.01,1,1,10.00,1,14220.00
2022-03-10T07:45:00.000Z,2022-03-10T12:12:00.000Z,BUY,0.01,1,1,10.00,1,14230.00
2022-03-10T12:12:00.000Z,2022-03-10T13:06:00.000Z,BUY,0.01,1,1,10.00,1,14240.00
2022-03-10T13:06:00.000Z,2022-03-11T13:43:00.000Z,BUY,0.01,4,1,10.00,4,14250.00
2022-03-11T13:43:00.000Z,2022-03-11T13:52:00.000Z,BUY,0.01,1,1,10.00,1,14260.00
2022-03-11T13:52:00.000Z,2022-03-14T15:55:00.000Z,BUY,0.01,4,1,10.00,4,14270.00
2022-03-14T15:55:00.000Z,2022-03-15T12:58:00.000Z,BUY,0.01,2,1,10.00,2,14280.00
2022-03-15T12:58:00.000Z,2022-03-17T03:31:00.000Z,BUY,0.01,3,1,10.00,3,14290.00
2022-03-17T03:31:00.000Z,2022-03-17T12:00:00.000Z,BUY,0.01,1,1,10.00,1,14300.00
2022-03-17T12:00:00.000Z,2022-03-22T16:06:00.000Z,BUY,0.01,2,1,10.00,2,14310.00
2022-03-22T16:06:00.000Z,2022-03-22T20:31:00.000Z,BUY,0.01,1,1,10.00,1,14320.00
2022-03-22T20:31:00.000Z,2022-03-23T13:03:00.000Z,BUY,0.01,1,1,10.00,1,14330.00
2022-03-23T13:03:00.000Z,2022-03-23T21:41:00.000Z,BUY,0.01,1,1,10.00,1,14340.00
2022-03-23T21:41:00.000Z,2022-03-24T13:48:00.000Z,BUY,0.01,1,1,10.00,1,14350.00
2022-03-24T13:48:00.000Z,2022-03-24T16:34:00.000Z,BUY,0.01,1,1,10.00,1,14360.00
2022-03-24T16:34:00.000Z,2022-03-28T08:54:00.000Z,BUY,0.01,2,1,10.00,2,14370.00
2022-03-28T08:54:00.000Z,2022-03-28T15:20:00.000Z,BUY,0.01,1,1,10.00,1,14380.00
2022-03-28T15:20:00.000Z,2022-03-29T11:38:00.000Z,BUY,0.01,2,1,10.00,2,14390.00
2022-03-29T11:38:00.000Z,2022-03-30T05:14:00.000Z,BUY,0.01,3,1,10.00,3,14400.00
2022-03-30T05:14:00.000Z,2022-03-30T17:34:00.000Z,BUY,0.01,1,1,10.00,1,14410.00
2022-03-30T17:34:00.000Z,2022-03-31T20:05:00.000Z,BUY,0.01,1,1,10.00,1,14420.00
2022-03-31T20:05:00.000Z,2022-04-04T07:21:00.000Z,BUY,0.01,2,1,10.00,2,14430.00
2022-04-04T07:21:00.000Z,2022-04-04T09:52:00.000Z,BUY,0.01,1,1,10.00,1,14440.00
2022-04-04T09:52:00.000Z,2022-04-04T15:32:00.000Z,BUY,0.01,1,1,10.00,1,14450.00
2022-04-04T15:32:00.000Z,2022-04-08T17:10:00.000Z,BUY,0.01,3,1,10.00,3,14460.00
2022-04-08T17:10:00.000Z,2022-04-11T11:44:00.000Z,BUY,0.01,1,1,10.00,1,14470.00
2022-04-11T11:44:00.000Z,2022-04-11T15:39:00.000Z,BUY,0.01,1,1,10.00,1,14480.00
2022-04-11T15:39:00.000Z,2022-04-12T17:54:00.000Z,BUY,0.01,3,1,10.00,3,14490.00
2022-04-12T17:54:00.000Z,2022-04-18T02:58:00.000Z,BUY,0.01,1,1,10.00,1,14500.00
2022-04-18T02:58:00.000Z,2022-04-18T15:39:00.000Z,BUY,0.01,1,1,10.00,1,14510.00
2022-04-18T15:39:00.000Z,2022-04-19T15:46:00.000Z,BUY,0.01,2,1,10.00,2,14520.00
2022-04-19T15:46:00.000Z,2022-04-21T14:43:00.000Z,BUY,0.01,2,1,10.00,2,14530.00
2022-04-21T14:43:00.000Z,2022-04-21T15:37:00.000Z,BUY,0.01,1,1,10.00,1,14540.00
2022-04-21T15:37:00.000Z,2022-04-25T07:43:00.000Z,BUY,0.01,2,1,10.00,2,14550.00
2022-04-25T07:43:00.000Z,2022-04-27T11:12:00.000Z,BUY,0.01,2,1,10.00,2,14560.00
2022-04-27T11:12:00.000Z,2022-04-27T12:39:00.000Z,BUY,0.01,1,1,10.00,1,14570.00
2022-04-27T12:39:00.000Z,2022-04-29T08:27:00.000Z,BUY,0.01,3,1,10.00,3,14580.00
2022-04-29T08:27:00.000Z,2022-04-29T14:54:00.000Z,BUY,0.01,1,1,10.00,1,14590.00
2022-04-29T14:54:00.000Z,2022-05-02T05:13:00.000Z,BUY,0.01,2,1,10.00,2,14600.00
2022-05-02T05:13:00.000Z,2022-05-02T16:33:00.000Z,BUY,0.01,2,1,10.00,2,14610.00
2022-05-02T16:33:00.000Z,2022-05-02T18:41:00.000Z,BUY,0.01,1,1,10.00,1,14620.00
2022-05-02T18:41:00.000Z,2022-05-04T21:46:00.000Z,BUY,0.01,1,1,10.00,1,14630.00
2022-05-04T21:46:00.000Z,2022-05-04T22:10:00.000Z,BUY,0.01,1,1,10.00,1,14640.00
2022-05-04T22:10:00.000Z,2022-05-05T04:01:00.000Z,BUY,0.01,1,1,10.00,1,14650.00
2022-05-05T04:01:00.000Z,2022-05-05T15:50:00.000Z,BUY,0.01,1,1,10.00,1,14660.00
2022-05-05T15:50:00.000Z,2022-05-05T18:09:00.000Z,BUY,0.01,2,1,10.00,2,14670.00
2022-05-05T18:09:00.000Z,2022-05-06T15:38:00.000Z,BUY,0.01,1,1,10.00,1,14680.00
2022-05-06T15:38:00.000Z,2022-05-09T13:21:00.000Z,BUY,0.01,2,1,10.00,2,14690.00
2022-05-09T13:21:00.000Z,2022-05-09T16:18:00.000Z,BUY,0.01,1,1,10.00,1,14700.00
2022-05-09T16:18:00.000Z,2022-05-10T20:23:00.000Z,BUY,0.01,2,1,10.00,2,14710.00
2022-05-10T20:23:00.000Z,2022-05-11T10:16:00.000Z,BUY,0.01,1,1,10.00,1,14720.00
2022-05-11T10:16:00.000Z,2022-05-13T01:27:00.000Z,BUY,0.01,2,1,10.00,2,14730.00
2022-05-13T01:27:00.000Z,2022-05-16T10:53:00.000Z,BUY,0.01,2,1,10.00,2,14740.00
2022-05-16T10:53:00.000Z,2022-05-16T11:16:00.000Z,BUY,0.01,1,1,10.00,1,14750.00
2022-05-16T11:16:00.000Z,2022-05-16T17:11:00.000Z,BUY,0.01,1,1,10.00,1,14760.00
2022-05-16T17:11:00.000Z,2022-05-16T21:56:00.000Z,BUY,0.01,1,1,10.00,1,14770.00
2022-05-16T21:56:00.000Z,2022-05-17T14:32:00.000Z,BUY,0.01,1,1,10.00,1,14780.00
2022-05-17T14:32:00.000Z,2022-05-19T17:03:00.000Z,BUY,0.01,3,1,10.00,3,14790.00
2022-05-19T17:03:00.000Z,2022-05-23T03:49:00.000Z,BUY,0.01,1,1,10.00,1,14800.00
2022-05-23T03:49:00.000Z,2022-05-23T11:22:00.000Z,BUY,0.01,1,1,10.00,1,14810.00
2022-05-23T11:22:00.000Z,2022-06-01T07:49:00.000Z,BUY,0.01,4,1,10.00,4,14820.00
2022-06-01T07:49:00.000Z,2022-06-01T15:43:00.000Z,BUY,0.01,1,1,10.00,1,14830.00
2022-06-01T15:43:00.000Z,2022-06-02T09:49:00.000Z,BUY,0.01,1,1,10.00,1,14840.00
2022-06-02T09:49:00.000Z,2022-06-02T16:28:00.000Z,BUY,0.01,1,1,10.00,1,14850.00
2022-06-02T16:28:00.000Z,2022-06-03T03:31:00.000Z,BUY,0.01,1,1,10.00,1,14860.00
2022-06-03T03:31:00.000Z,2022-06-06T04:35:00.000Z,BUY,0.01,2,1,10.00,2,14870.00
2022-06-06T04:35:00.000Z,2022-06-06T04:36:00.000Z,BUY,0.01,1,1,10.00,1,14880.00
2022-06-06T04:36:00.000Z,2022-06-10T18:30:00.000Z,BUY,0.01,3,1,10.00,3,14890.00
2022-06-10T18:30:00.000Z,2022-06-10T19:25:00.000Z,BUY,0.01,1,1,10.00,1,14900.00
2022-06-10T19:25:00.000Z,2022-06-13T15:46:00.000Z,BUY,0.01,2,1,10.00,2,14910.00
2022-06-13T15:46:00.000Z,2022-06-14T17:12:00.000Z,BUY,0.01,2,1,10.00,2,14920.00
2022-06-14T17:12:00.000Z,2022-06-15T10:41:00.000Z,BUY,0.01,1,1,10.00,1,14930.00
2022-06-15T10:41:00.000Z,2022-06-15T14:40:00.000Z,BUY,0.01,1,1,10.00,1,14940.00
2022-06-15T14:40:00.000Z,2022-06-16T18:31:00.000Z,BUY,0.01,3,1,10.00,3,14950.00
2022-06-16T18:31:00.000Z,2022-06-16T23:02:00.000Z,BUY,0.01,1,1,10.00,1,14960.00
2022-06-16T23:02:00.000Z,2022-06-22T08:41:00.000Z,BUY,0.01,2,1,10.00,2,14970.00
2022-06-22T08:41:00.000Z,2022-06-22T14:09:00.000Z,BUY,0.01,1,1,10.00,1,14980.00
2022-06-22T14:09:00.000Z,2022-06-22T15:46:00.000Z,BUY,0.01,1,1,10.00,1,14990.00
2022-06-22T15:46:00.000Z,2022-06-29T12:30:00.000Z,BUY,0.01,4,1,10.00,4,15000.00
2022-06-29T12:30:00.000Z,2022-06-29T13:42:00.000Z,BUY,0.01,1,1,10.00,1,15010.00
2022-06-29T13:42:00.000Z,2022-07-01T08:39:00.000Z,BUY,0.01,2,1,10.00,2,15020.00
2022-07-01T08:39:00.000Z,2022-07-01T18:09:00.000Z,BUY,0.01,1,1,10.00,1,15030.00
2022-07-01T18:09:00.000Z,2022-07-05T17:05:00.000Z,BUY,0.01,2,1,10.00,2,15040.00
2022-07-05T17:05:00.000Z,2022-07-06T17:58:00.000Z,BUY,0.01,2,1,10.00,2,15050.00
2022-07-06T17:58:00.000Z,2022-07-13T15:33:00.000Z,BUY,0.01,2,1,10.00,2,15060.00
2022-07-13T15:33:00.000Z,2022-07-13T16:40:00.000Z,BUY,0.01,1,1,10.00,1,15070.00
2022-07-13T16:40:00.000Z,2022-07-13T17:47:00.000Z,BUY,0.01,1,1,10.00,1,15080.00
2022-07-13T17:47:00.000Z,2022-07-14T16:02:00.000Z,BUY,0.01,2,1,10.00,2,15090.00
2022-07-14T16:02:00.000Z,2022-07-15T05:18:00.000Z,BUY,0.01,1,1,10.00,1,15100.00
2022-07-15T05:18:00.000Z,2022-07-21T10:13:00.000Z,BUY,0.01,2,1,10.00,2,15110.00
2022-07-21T10:13:00.000Z,2022-07-21T15:39:00.000Z,BUY,0.01,1,1,10.00,1,15120.00
2022-07-21T15:39:00.000Z,2022-07-21T15:59:00.000Z,BUY,0.01,1,1,10.00,1,15130.00
2022-07-21T15:59:00.000Z,2022-07-21T18:05:00.000Z,BUY,0.01,1,1,10.00,1,15140.00
2022-07-21T18:05:00.000Z,2022-07-22T14:36:00.000Z,BUY,0.01,1,1,10.00,1,15150.00
2022-07-22T14:36:00.000Z,2022-07-22T17:04:00.000Z,BUY,0.01,1,1,10.00,1,15160.00
2022-07-22T17:04:00.000Z,2022-07-28T11:15:00.000Z,BUY,0.01,3,1,10.00,3,15170.00
2022-07-28T11:15:00.000Z,2022-07-29T06:13:00.000Z,BUY,0.01,1,1,10.00,1,15180.00
2022-07-29T06:13:00.000Z,2022-08-01T12:37:00.000Z,BUY,0.01,1,1,10.00,1,15190.00
2022-08-01T12:37:00.000Z,2022-08-02T03:40:00.000Z,BUY,0.01,1,1,10.00,1,15200.00
2022-08-02T03:40:00.000Z,2022-08-04T18:21:00.000Z,BUY,0.01,3,1,10.00,3,15210.00
2022-08-04T18:21:00.000Z,2022-08-09T16:32:00.000Z,BUY,0.01,3,1,10.00,3,15220.00
2022-08-09T16:32:00.000Z,2022-08-17T14:18:00.000Z,BUY,0.01,2,1,10.00,2,15230.00
2022-08-17T14:18:00.000Z,2022-08-22T10:17:00.000Z,BUY,0.01,2,1,10.00,2,15240.00
2022-08-22T10:17:00.000Z,2022-08-23T17:00:00.000Z,BUY,0.01,1,1,10.00,1,15250.00
2022-08-23T17:00:00.000Z,2022-08-25T09:32:00.000Z,BUY,0.01,1,1,10.00,1,15260.00
2022-08-25T09:32:00.000Z,2022-08-29T04:24:00.000Z,BUY,0.01,2,1,10.00,2,15270.00
2022-08-29T04:24:00.000Z,2022-08-29T16:09:00.000Z,BUY,0.01,1,1,10.00,1,15280.00
2022-08-29T16:09:00.000Z,2022-08-31T13:46:00.000Z,BUY,0.01,2,1,10.00,2,15290.00
2022-08-31T13:46:00.000Z,2022-08-31T17:26:00.000Z,BUY,0.01,1,1,10.00,1,15300.00
2022-08-31T17:26:00.000Z,2022-09-01T17:45:00.000Z,BUY,0.01,2,1,10.00,2,15310.00
2022-09-01T17:45:00.000Z,2022-09-02T06:24:00.000Z,BUY,0.01,1,1,10.00,1,15320.00
2022-09-02T06:24:00.000Z,2022-09-02T15:30:00.000Z,BUY,0.01,1,1,10.00,1,15330.00
2022-09-02T15:30:00.000Z,2022-09-06T03:34:00.000Z,BUY,0.01,1,1,10.00,1,15340.00
2022-09-06T03:34:00.000Z,2022-09-12T15:01:00.000Z,BUY,0.01,3,1,10.00,3,15350.00
2022-09-12T15:01:00.000Z,2022-09-13T16:02:00.000Z,BUY,0.01,2,1,10.00,2,15360.00
2022-09-13T16:02:00.000Z,2022-09-15T17:52:00.000Z,BUY,0.01,2,1,10.00,2,15370.00
2022-09-15T17:52:00.000Z,2022-09-21T21:35:00.000Z,BUY,0.01,1,1,10.00,1,15380.00
2022-09-21T21:35:00.000Z,2022-09-23T13:45:00.000Z,BUY,0.01,4,1,10.00,4,15390.00
2022-09-23T13:45:00.000Z,2022-09-28T09:18:00.000Z,BUY,0.01,2,1,10.00,2,15400.00
2022-09-28T09:18:00.000Z,2022-09-28T13:24:00.000Z,BUY,0.01,1,1,10.00,1,15410.00
2022-09-28T13:24:00.000Z,2022-09-28T16:24:00.000Z,BUY,0.01,1,1,10.00,1,15420.00
2022-09-28T16:24:00.000Z,2022-09-28T16:49:00.000Z,BUY,0.01,1,1,10.00,1,15430.00
2022-09-28T16:49:00.000Z,2022-09-28T20:19:00.000Z,BUY,0.01,1,1,10.00,1,15440.00
2022-09-28T20:19:00.000Z,2022-09-30T10:09:00.000Z,BUY,0.01,3,1,10.00,3,15450.00
2022-09-30T10:09:00.000Z,2022-10-03T17:22:00.000Z,BUY,0.01,1,1,10.00,1,15460.00
2022-10-03T17:22:00.000Z,2022-10-03T18:10:00.000Z,BUY,0.01,1,1,10.00,1,15470.00
2022-10-03T18:10:00.000Z,2022-10-04T08:52:00.000Z,BUY,0.01,1,1,10.00,1,15480.00
2022-10-04T08:52:00.000Z,2022-10-04T16:06:00.000Z,BUY,0.01,1,1,10.00,1,15490.00
2022-10-04T16:06:00.000Z,2022-10-04T18:08:00.000Z,BUY,0.01,1,1,10.00,1,15500.00
2022-10-04T18:08:00.000Z,2022-10-07T15:50:00.000Z,BUY,0.01,4,1,10.00,4,15510.00
2022-10-07T15:50:00.000Z,2022-10-07T16:13:00.000Z,BUY,0.01,1,1,10.00,1,15520.00
2022-10-07T16:13:00.000Z,2022-10-10T16:30:00.000Z,BUY,0.01,2,1,10.00,2,15530.00
2022-10-10T16:30:00.000Z,2022-10-13T16:33:00.000Z,BUY,0.01,2,1,10.00,2,15540.00
2022-10-13T16:33:00.000Z,2022-10-13T18:09:00.000Z,BUY,0.01,1,1,10.00,1,15550.00
2022-10-13T18:09:00.000Z,2022-10-13T18:36:00.000Z,BUY,0.01,1,1,10.00,1,15560.00
2022-10-13T18:36:00.000Z,2022-10-19T13:30:00.000Z,BUY,0.01,4,1,10.00,4,15570.00
2022-10-19T13:30:00.000Z,2022-10-20T17:57:00.000Z,BUY,0.01,1,1,10.00,1,15580.00
2022-10-20T17:57:00.000Z,2022-10-21T21:50:00.000Z,BUY,0.01,3,1,10.00,3,15590.00
2022-10-21T21:50:00.000Z,2022-10-24T02:42:00.000Z,BUY,0.01,1,1,10.00,1,15600.00
2022-10-24T02:42:00.000Z,2022-10-31T15:18:00.000Z,BUY,0.01,4,1,10.00,4,15610.00
2022-10-31T15:18:00.000Z,2022-11-01T08:56:00.000Z,BUY,0.01,1,1,10.00,1,15620.00
2022-11-01T08:56:00.000Z,2022-11-01T14:16:00.000Z,BUY,0.01,1,1,10.00,1,15630.00
2022-11-01T14:16:00.000Z,2022-11-02T20:30:00.000Z,BUY,0.01,1,1,10.00,1,15640.00
2022-11-02T20:30:00.000Z,2022-11-02T21:54:00.000Z,BUY,0.01,2,1,10.00,2,15650.00
2022-11-02T21:54:00.000Z,2022-11-04T06:55:00.000Z,BUY,0.01,1,1,10.00,1,15660.00
2022-11-04T06:55:00.000Z,2022-11-04T14:36:00.000Z,BUY,0.01,1,1,10.00,1,15670.00
2022-11-04T14:36:00.000Z,2022-11-04T15:16:00.000Z,BUY,0.01,1,1,10.00,1,15680.00
2022-11-04T15:16:00.000Z,2022-11-04T20:30:00.000Z,BUY,0.01,1,1,10.00,1,15690.00
2022-11-04T20:30:00.000Z,2022-11-08T17:09:00.000Z,BUY,0.01,1,1,10.00,1,15700.00
2022-11-08T17:09:00.000Z,2022-11-08T17:10:00.000Z,BUY,0.01,1,1,10.00,1,15710.00
2022-11-08T17:10:00.000Z,2022-11-08T17:19:00.000Z,BUY,0.01,1,1,10.00,1,15720.00
2022-11-08T17:19:00.000Z,2022-11-09T17:09:00.000Z,BUY,0.01,1,1,10.00,1,15730.00
2022-11-09T17:09:00.000Z,2022-11-10T15:30:00.000Z,BUY,0.01,1,1,10.00,1,15740.00
2022-11-10T15:30:00.000Z,2022-11-10T16:10:00.000Z,BUY,0.01,1,1,10.00,1,15750.00
2022-11-10T16:10:00.000Z,2022-11-10T17:08:00.000Z,BUY,0.01,1,1,10.00,1,15760.00
2022-11-10T17:08:00.000Z,2022-11-11T07:30:00.000Z,BUY,0.01,1,1,10.00,1,15770.00
2022-11-11T07:30:00.000Z,2022-11-11T23:40:00.000Z,BUY,0.01,1,1,10.00,1,15780.00
2022-11-11T23:40:00.000Z,2022-11-15T09:32:00.000Z,BUY,0.01,1,1,10.00,1,15790.00
2022-11-15T09:32:00.000Z,2022-11-18T21:00:00.000Z,BUY,0.01,2,1,10.00,2,15800.00
2022-11-18T21:00:00.000Z,2022-11-25T04:54:00.000Z,BUY,0.01,3,1,10.00,3,15810.00
2022-11-25T04:54:00.000Z,2022-11-30T22:36:00.000Z,BUY,0.01,1,1,10.00,1,15820.00
2022-11-30T22:36:00.000Z,2022-12-01T03:04:00.000Z,BUY,0.01,1,1,10.00,1,15830.00
2022-12-01T03:04:00.000Z,2022-12-01T15:30:00.000Z,BUY,0.01,1,1,10.00,1,15840.00
2022-12-01T15:30:00.000Z,2022-12-01T16:32:00.000Z,BUY,0.01,1,1,10.00,1,15850.00
2022-12-01T16:32:00.000Z,2022-12-05T19:10:00.000Z,BUY,0.01,4,1,10.00,4,15860.00
2022-12-05T19:10:00.000Z,2022-12-06T14:32:00.000Z,BUY,0.01,1,1,10.00,1,15870.00
2022-12-06T14:32:00.000Z,2022-12-08T15:36:00.000Z,BUY,0.01,1,1,10.00,1,15880.00
2022-12-08T15:36:00.000Z,2022-12-09T13:58:00.000Z,BUY,0.01,1,1,10.00,1,15890.00
2022-12-09T13:58:00.000Z,2022-12-13T15:30:00.000Z,BUY,0.01,3,1,10.00,3,15900.00
2022-12-13T15:30:00.000Z,2022-12-13T16:48:00.000Z,BUY,0.01,1,1,10.00,1,15910.00
2022-12-13T16:48:00.000Z,2022-12-15T06:21:00.000Z,BUY,0.01,2,1,10.00,2,15920.00
2022-12-15T06:21:00.000Z,2022-12-20T10:44:00.000Z,BUY,0.01,1,1,10.00,1,15930.00
2022-12-20T10:44:00.000Z,2022-12-20T16:49:00.000Z,BUY,0.01,1,1,10.00,1,15940.00
2022-12-20T16:49:00.000Z,2022-12-21T17:37:00.000Z,BUY,0.01,1,1,10.00,1,15950.00
2022-12-21T17:37:00.000Z,2022-12-22T20:00:00.000Z,BUY,0.01,2,1,10.00,2,15960.00
2022-12-22T20:00:00.000Z,2022-12-23T18:12:00.000Z,BUY,0.01,1,1,10.00,1,15970.00
2022-12-23T18:12:00.000Z,2022-12-27T17:05:00.000Z,BUY,0.01,1,1,10.00,1,15980.00
2022-12-27T17:05:00.000Z,2022-12-27T17:33:00.000Z,BUY,0.01,1,1,10.00,1,15990.00
2022-12-27T17:33:00.000Z,2022-12-27T17:36:00.000Z,BUY,0.01,1,1,10.00,1,16000.00
2022-12-27T17:36:00.000Z,2022-12-28T10:59:00.000Z,BUY,0.01,2,1,10.00,2,16010.00
2022-12-28T10:59:00.000Z,2022-12-29T16:33:00.000Z,BUY,0.01,1,1,10.00,1,16020.00
2022-12-29T16:33:00.000Z,2022-12-30T16:06:00.000Z,BUY,0.01,1,1,10.00,1,16030.00
2022-12-30T16:06:00.000Z,2023-01-03T04:40:00.000Z,BUY,0.01,1,1,10.00,1,16040.00
2023-01-03T04:40:00.000Z,2023-01-03T08:19:00.000Z,BUY,0.01,1,1,10.00,1,16050.00
2023-01-03T08:19:00.000Z,2023-01-04T09:32:00.000Z,BUY,0.01,1,1,10.00,1,16060.00
2023-01-04T09:32:00.000Z,2023-01-04T10:31:00.000Z,BUY,0.01,1,1,10.00,1,16070.00
2023-01-04T10:31:00.000Z,2023-01-05T15:56:00.000Z,BUY,0.01,2,1,10.00,2,16080.00
2023-01-05T15:56:00.000Z,2023-01-06T15:42:00.000Z,BUY,0.01,1,1,10.00,1,16090.00
2023-01-06T15:42:00.000Z,2023-01-06T17:05:00.000Z,BUY,0.01,1,1,10.00,1,16100.00
2023-01-06T17:05:00.000Z,2023-01-06T20:33:00.000Z,BUY,0.01,1,1,10.00,1,16110.00
2023-01-06T20:33:00.000Z,2023-01-09T04:03:00.000Z,BUY,0.01,1,1,10.00,1,16120.00
2023-01-09T04:03:00.000Z,2023-01-11T10:51:00.000Z,BUY,0.01,1,1,10.00,1,16130.00
2023-01-11T10:51:00.000Z,2023-01-12T15:35:00.000Z,BUY,0.01,1,1,10.00,1,16140.00
2023-01-12T15:35:00.000Z,2023-01-13T10:33:00.000Z,BUY,0.01,1,1,10.00,1,16150.00
2023-01-13T10:33:00.000Z,2023-01-13T19:33:00.000Z,BUY,0.01,1,1,10.00,1,16160.00
2023-01-13T19:33:00.000Z,2023-01-16T04:50:00.000Z,BUY,0.01,1,1,10.00,1,16170.00
2023-01-16T04:50:00.000Z,2023-01-18T07:37:00.000Z,BUY,0.01,2,1,10.00,2,16180.00
2023-01-18T07:37:00.000Z,2023-01-18T09:26:00.000Z,BUY,0.01,1,1,10.00,1,16190.00
2023-01-18T09:26:00.000Z,2023-01-18T14:15:00.000Z,BUY,0.01,1,1,10.00,1,16200.00
2023-01-18T14:15:00.000Z,2023-01-19T21:26:00.000Z,BUY,0.01,1,1,10.00,1,16210.00
2023-01-19T21:26:00.000Z,2023-01-24T08:32:00.000Z,BUY,0.01,1,1,10.00,1,16220.00
2023-01-24T08:32:00.000Z,2023-01-25T22:05:00.000Z,BUY,0.01,3,1,10.00,3,16230.00
2023-01-25T22:05:00.000Z,2023-01-27T17:48:00.000Z,BUY,0.01,2,1,10.00,2,16240.00
2023-01-27T17:48:00.000Z,2023-01-27T18:15:00.000Z,BUY,0.01,1,1,10.00,1,16250.00
2023-01-27T18:15:00.000Z,2023-02-01T21:44:00.000Z,BUY,0.01,3,1,10.00,3,16260.00
2023-02-01T21:44:00.000Z,2023-02-01T22:33:00.000Z,BUY,0.01,1,1,10.00,1,16270.00
2023-02-01T22:33:00.000Z,2023-02-02T09:14:00.000Z,BUY,0.01,1,1,10.00,1,16280.00
2023-02-02T09:14:00.000Z,2023-02-02T16:54:00.000Z,BUY,0.01,2,1,10.00,2,16290.00
2023-02-02T16:54:00.000Z,2023-02-03T15:30:00.000Z,BUY,0.01,2,1,10.00,2,16300.00
2023-02-03T15:30:00.000Z,2023-02-03T18:17:00.000Z,BUY,0.01,2,1,10.00,2,16310.00
2023-02-03T18:17:00.000Z,2023-02-06T10:05:00.000Z,BUY,0.01,1,1,10.00,1,16320.00
2023-02-06T10:05:00.000Z,2023-02-09T15:58:00.000Z,BUY,0.01,1,1,10.00,1,16330.00
2023-02-09T15:58:00.000Z,2023-02-09T22:33:00.000Z,BUY,0.01,2,1,10.00,2,16340.00
2023-02-09T22:33:00.000Z,2023-02-10T10:06:00.000Z,BUY,0.01,1,1,10.00,1,16350.00
2023-02-10T10:06:00.000Z,2023-02-15T09:32:00.000Z,BUY,0.01,2,1,10.00,2,16360.00
2023-02-15T09:32:00.000Z,2023-02-24T16:44:00.000Z,BUY,0.01,4,1,10.00,4,16370.00
2023-02-24T16:44:00.000Z,2023-02-27T17:19:00.000Z,BUY,0.01,1,1,10.00,1,16380.00
2023-02-27T17:19:00.000Z,2023-02-28T19:26:00.000Z,BUY,0.01,1,1,10.00,1,16390.00
2023-02-28T19:26:00.000Z,2023-03-01T14:58:00.000Z,BUY,0.01,1,1,10.00,1,16400.00
2023-03-01T14:58:00.000Z,2023-03-03T21:29:00.000Z,BUY,0.01,1,1,10.00,1,16410.00
2023-03-03T21:29:00.000Z,2023-03-07T17:30:00.000Z,BUY,0.01,2,1,10.00,2,16420.00
2023-03-07T17:30:00.000Z,2023-03-09T16:47:00.000Z,BUY,0.01,1,1,10.00,1,16430.00
2023-03-09T16:47:00.000Z,2023-03-10T15:34:00.000Z,BUY,0.01,1,1,10.00,1,16440.00
2023-03-10T15:34:00.000Z,2023-03-10T16:32:00.000Z,BUY,0.01,1,1,10.00,1,16450.00
2023-03-10T16:32:00.000Z,2023-03-10T17:03:00.000Z,BUY,0.01,1,1,10.00,1,16460.00
2023-03-10T17:03:00.000Z,2023-03-13T00:02:00.000Z,BUY,0.01,1,1,10.00,1,16470.00
2023-03-13T00:02:00.000Z,2023-03-13T00:02:00.000Z,BUY,0.01,1,1,10.00,1,16480.00
2023-03-13T00:02:00.000Z,2023-03-13T00:08:00.000Z,BUY,0.01,1,1,10.00,1,16490.00
2023-03-13T00:08:00.000Z,2023-03-13T14:50:00.000Z,BUY,0.01,3,1,10.00,3,16500.00
2023-03-13T14:50:00.000Z,2023-03-13T16:47:00.000Z,BUY,0.01,1,1,10.00,1,16510.00
2023-03-13T16:47:00.000Z,2023-03-15T14:04:00.000Z,BUY,0.01,3,1,10.00,3,16520.00
2023-03-15T14:04:00.000Z,2023-03-15T18:20:00.000Z,BUY,0.01,1,1,10.00,1,16530.00
2023-03-15T18:20:00.000Z,2023-03-17T14:30:00.000Z,BUY,0.01,5,1,10.00,5,16540.00
2023-03-17T14:30:00.000Z,2023-03-17T16:00:00.000Z,BUY,0.01,1,1,10.00,1,16550.00
2023-03-17T16:00:00.000Z,2023-03-17T16:52:00.000Z,BUY,0.01,1,1,10.00,1,16560.00
2023-03-17T16:52:00.000Z,2023-03-17T19:55:00.000Z,BUY,0.01,1,1,10.00,1,16570.00
2023-03-17T19:55:00.000Z,2023-03-17T20:50:00.000Z,BUY,0.01,1,1,10.00,1,16580.00
2023-03-17T20:50:00.000Z,2023-03-20T09:06:00.000Z,BUY,0.01,1,1,10.00,1,16590.00
2023-03-20T09:06:00.000Z,2023-03-20T09:25:00.000Z,BUY,0.01,1,1,10.00,1,16600.00
2023-03-20T09:25:00.000Z,2023-03-20T12:35:00.000Z,BUY,0.01,2,1,10.00,2,16610.00
2023-03-20T12:35:00.000Z,2023-03-20T13:18:00.000Z,BUY,0.01,1,1,10.00,1,16620.00
2023-03-20T13:18:00.000Z,2023-03-21T15:46:00.000Z,BUY,0.01,2,1,10.00,2,16630.00
2023-03-21T15:46:00.000Z,2023-03-22T20:38:00.000Z,BUY,0.01,3,1,10.00,3,16640.00
2023-03-22T20:38:00.000Z,2023-03-22T20:43:00.000Z,BUY,0.01,1,1,10.00,1,16650.00
2023-03-22T20:43:00.000Z,2023-03-23T17:24:00.000Z,BUY,0.01,3,1,10.00,3,16660.00
2023-03-23T17:24:00.000Z,2023-03-23T19:34:00.000Z,BUY,0.01,1,1,10.00,1,16670.00
2023-03-23T19:34:00.000Z,2023-03-27T10:32:00.000Z,BUY,0.01,2,1,10.00,2,16680.00
2023-03-27T10:32:00.000Z,2023-03-30T19:01:00.000Z,BUY,0.01,3,1,10.00,3,16690.00
2023-03-30T19:01:00.000Z,2023-03-31T15:32:00.000Z,BUY,0.01,1,1,10.00,1,16700.00
2023-03-31T15:32:00.000Z,2023-04-03T05:42:00.000Z,BUY,0.01,2,1,10.00,2,16710.00
2023-04-03T05:42:00.000Z,2023-04-03T12:02:00.000Z,BUY,0.01,1,1,10.00,1,16720.00
2023-04-03T12:02:00.000Z,2023-04-03T14:36:00.000Z,BUY,0.01,1,1,10.00,1,16730.00
2023-04-03T14:36:00.000Z,2023-04-03T17:27:00.000Z,BUY,0.01,1,1,10.00,1,16740.00
2023-04-03T17:27:00.000Z,2023-04-04T17:00:00.000Z,BUY,0.01,1,1,10.00,1,16750.00
2023-04-04T17:00:00.000Z,2023-04-04T17:06:00.000Z,BUY,0.01,1,1,10.00,1,16760.00
2023-04-04T17:06:00.000Z,2023-04-04T17:15:00.000Z,BUY,0.01,1,1,10.00,1,16770.00
2023-04-04T17:15:00.000Z,2023-04-05T10:33:00.000Z,BUY,0.01,1,1,10.00,1,16780.00
2023-04-05T10:33:00.000Z,2023-04-10T01:04:00.000Z,BUY,0.01,2,1,10.00,2,16790.00
2023-04-10T01:04:00.000Z,2023-04-12T04:24:00.000Z,BUY,0.01,1,1,10.00,1,16800.00
2023-04-12T04:24:00.000Z,2023-04-12T05:39:00.000Z,BUY,0.01,1,1,10.00,1,16810.00
2023-04-12T05:39:00.000Z,2023-04-13T11:34:00.000Z,BUY,0.01,1,1,10.00,1,16820.00
2023-04-13T11:34:00.000Z,2023-04-13T15:48:00.000Z,BUY,0.01,1,1,10.00,1,16830.00
2023-04-13T15:48:00.000Z,2023-04-14T17:21:00.000Z,BUY,0.01,2,1,10.00,2,16840.00
2023-04-14T17:21:00.000Z,2023-04-19T11:41:00.000Z,BUY,0.01,4,1,10.00,4,16850.00
2023-04-19T11:41:00.000Z,2023-04-19T16:35:00.000Z,BUY,0.01,1,1,10.00,1,16860.00
2023-04-19T16:35:00.000Z,2023-04-20T09:44:00.000Z,BUY,0.01,1,1,10.00,1,16870.00
2023-04-20T09:44:00.000Z,2023-04-20T15:32:00.000Z,BUY,0.01,1,1,10.00,1,16880.00
2023-04-20T15:32:00.000Z,2023-04-21T16:49:00.000Z,BUY,0.01,2,1,10.00,2,16890.00
2023-04-21T16:49:00.000Z,2023-04-24T20:23:00.000Z,BUY,0.01,1,1,10.00,1,16900.00
2023-04-24T20:23:00.000Z,2023-04-25T03:46:00.000Z,BUY,0.01,1,1,10.00,1,16910.00
2023-04-25T03:46:00.000Z,2023-05-01T18:55:00.000Z,BUY,0.01,5,0,-2420.00,5,14490.00
2023-05-01T18:55:00.000Z,2023-05-02T17:00:00.000Z,BUY,0.01,1,1,10.00,1,14500.00
2023-05-02T17:00:00.000Z,2023-05-02T17:20:00.000Z,BUY,0.01,1,1,10.00,1,14510.00
2023-05-02T17:20:00.000Z,2023-05-02T17:42:00.000Z,BUY,0.01,1,1,10.00,1,14520.00
2023-05-02T17:42:00.000Z,2023-05-03T17:52:00.000Z,BUY,0.01,1,1,10.00,1,14530.00
2023-05-03T17:52:00.000Z,2023-05-03T21:00:00.000Z,BUY,0.01,1,1,10.00,1,14540.00
2023-05-03T21:00:00.000Z,2023-05-04T01:02:00.000Z,BUY,0.01,1,1,10.00,1,14550.00
2023-05-04T01:02:00.000Z,2023-05-04T01:02:00.000Z,BUY,0.01,1,1,10.00,1,14560.00
2023-05-04T01:02:00.000Z,2023-05-04T01:02:00.000Z,BUY,0.01,1,1,10.00,1,14570.00
2023-05-04T01:02:00.000Z,2023-05-04T10:32:00.000Z,BUY,0.01,2,1,10.00,2,14580.00
2023-05-04T10:32:00.000Z,2023-05-04T14:07:00.000Z,BUY,0.01,1,1,10.00,1,14590.00
2023-05-04T14:07:00.000Z,2023-05-04T17:25:00.000Z,BUY,0.01,1,1,10.00,1,14600.00
2023-05-04T17:25:00.000Z,2023-05-05T15:30:00.000Z,BUY,0.01,2,1,10.00,2,14610.00
2023-05-05T15:30:00.000Z,2023-05-09T20:03:00.000Z,BUY,0.01,3,1,10.00,3,14620.00
2023-05-09T20:03:00.000Z,2023-05-10T15:32:00.000Z,BUY,0.01,1,1,10.00,1,14630.00
2023-05-10T15:32:00.000Z,2023-05-11T16:52:00.000Z,BUY,0.01,2,1,10.00,2,14640.00
2023-05-11T16:52:00.000Z,2023-05-17T15:22:00.000Z,BUY,0.01,2,1,10.00,2,14650.00
2023-05-17T15:22:00.000Z,2023-05-18T18:02:00.000Z,BUY,0.01,2,1,10.00,2,14660.00
2023-05-18T18:02:00.000Z,2023-05-19T07:17:00.000Z,BUY,0.01,1,1,10.00,1,14670.00
2023-05-19T07:17:00.000Z,2023-05-19T18:17:00.000Z,BUY,0.01,1,1,10.00,1,14680.00
2023-05-19T18:17:00.000Z,2023-05-24T15:21:00.000Z,BUY,0.01,3,1,10.00,3,14690.00
2023-05-24T15:21:00.000Z,2023-05-25T15:32:00.000Z,BUY,0.01,2,1,10.00,2,14700.00
2023-05-25T15:32:00.000Z,2023-05-31T08:58:00.000Z,BUY,0.01,3,1,10.00,3,14710.00
2023-05-31T08:58:00.000Z,2023-05-31T17:42:00.000Z,BUY,0.01,1,1,10.00,1,14720.00
2023-05-31T17:42:00.000Z,2023-06-05T05:35:00.000Z,BUY,0.01,4,1,10.00,4,14730.00
2023-06-05T05:35:00.000Z,2023-06-05T17:01:00.000Z,BUY,0.01,1,1,10.00,1,14740.00
2023-06-05T17:01:00.000Z,2023-06-06T15:20:00.000Z,BUY,0.01,1,1,10.00,1,14750.00
2023-06-06T15:20:00.000Z,2023-06-15T04:32:00.000Z,BUY,0.01,4,1,10.00,4,14760.00
2023-06-15T04:32:00.000Z,2023-06-15T16:43:00.000Z,BUY,0.01,1,1,10.00,1,14770.00
2023-06-15T16:43:00.000Z,2023-06-15T17:07:00.000Z,BUY,0.01,1,1,10.00,1,14780.00
2023-06-15T17:07:00.000Z,2023-06-16T14:03:00.000Z,BUY,0.01,1,1,10.00,1,14790.00
2023-06-16T14:03:00.000Z,2023-06-20T16:39:00.000Z,BUY,0.01,2,1,10.00,2,14800.00
2023-06-20T16:39:00.000Z,2023-06-28T14:35:00.000Z,BUY,0.01,4,1,10.00,4,14810.00
2023-06-28T14:35:00.000Z,2023-06-30T17:06:00.000Z,BUY,0.01,1,1,10.00,1,14820.00
2023-06-30T17:06:00.000Z,2023-07-03T16:51:00.000Z,BUY,0.01,1,1,10.00,1,14830.00
2023-07-03T16:51:00.000Z,2023-07-11T09:40:00.000Z,BUY,0.01,3,1,10.00,3,14840.00
2023-07-11T09:40:00.000Z,2023-07-12T15:36:00.000Z,BUY,0.01,1,1,10.00,1,14850.00
2023-07-12T15:36:00.000Z,2023-07-12T16:54:00.000Z,BUY,0.01,1,1,10.00,1,14860.00
2023-07-12T16:54:00.000Z,2023-07-18T14:16:00.000Z,BUY,0.01,1,1,10.00,1,14870.00
2023-07-18T14:16:00.000Z,2023-07-18T17:10:00.000Z,BUY,0.01,1,1,10.00,1,14880.00
2023-07-18T17:10:00.000Z,2023-07-27T16:40:00.000Z,BUY,0.01,4,1,10.00,4,14890.00
2023-07-27T16:40:00.000Z,2023-07-28T14:30:00.000Z,BUY,0.01,1,1,10.00,1,14900.00
2023-07-28T14:30:00.000Z,2023-07-31T16:34:00.000Z,BUY,0.01,1,1,10.00,1,14910.00
2023-07-31T16:34:00.000Z,2023-08-02T17:18:00.000Z,BUY,0.01,2,1,10.00,2,14920.00
2023-08-02T17:18:00.000Z,2023-08-14T15:20:00.000Z,BUY,0.01,2,1,10.00,2,14930.00
2023-08-14T15:20:00.000Z,2023-08-23T16:56:00.000Z,BUY,0.01,3,1,10.00,3,14940.00
2023-08-23T16:56:00.000Z,2023-08-29T17:02:00.000Z,BUY,0.01,1,1,10.00,1,14950.00
2023-08-29T17:02:00.000Z,2023-08-30T14:29:00.000Z,BUY,0.01,1,1,10.00,1,14960.00
2023-08-30T14:29:00.000Z,2023-08-30T17:18:00.000Z,BUY,0.01,1,1,10.00,1,14970.00
2023-08-30T17:18:00.000Z,2023-09-06T17:26:00.000Z,BUY,0.01,2,1,10.00,2,14980.00
2023-09-06T17:26:00.000Z,2023-09-08T17:00:00.000Z,BUY,0.01,1,1,10.00,1,14990.00
2023-09-08T17:00:00.000Z,2023-09-20T16:44:00.000Z,BUY,0.01,3,1,10.00,3,15000.00
2023-09-20T16:44:00.000Z,2023-09-26T15:37:00.000Z,BUY,0.01,2,1,10.00,2,15010.00
2023-09-26T15:37:00.000Z,2023-09-27T19:04:00.000Z,BUY,0.01,2,1,10.00,2,15020.00
2023-09-27T19:04:00.000Z,2023-09-29T21:16:00.000Z,BUY,0.01,4,1,10.00,4,15030.00
2023-09-29T21:16:00.000Z,2023-10-03T05:10:00.000Z,BUY,0.01,2,1,10.00,2,15040.00
2023-10-03T05:10:00.000Z,2023-10-03T15:19:00.000Z,BUY,0.01,1,1,10.00,1,15050.00
2023-10-03T15:19:00.000Z,2023-10-09T01:00:00.000Z,BUY,0.01,1,1,10.00,1,15060.00
2023-10-09T01:00:00.000Z,2023-10-09T01:01:00.000Z,BUY,0.01,1,1,10.00,1,15070.00
2023-10-09T01:01:00.000Z,2023-10-09T22:15:00.000Z,BUY,0.01,1,1,10.00,1,15080.00
2023-10-09T22:15:00.000Z,2023-10-11T12:07:00.000Z,BUY,0.01,1,1,10.00,1,15090.00
2023-10-11T12:07:00.000Z,2023-10-12T09:38:00.000Z,BUY,0.01,1,1,10.00,1,15100.00
2023-10-12T09:38:00.000Z,2023-10-13T14:07:00.000Z,BUY,0.01,1,1,10.00,1,15110.00
2023-10-13T14:07:00.000Z,2023-10-13T15:26:00.000Z,BUY,0.01,1,1,10.00,1,15120.00
2023-10-13T15:26:00.000Z,2023-10-13T15:31:00.000Z,BUY,0.01,1,1,10.00,1,15130.00
2023-10-13T15:31:00.000Z,2023-10-13T18:29:00.000Z,BUY,0.01,1,1,10.00,1,15140.00
2023-10-13T18:29:00.000Z,2023-10-13T23:56:00.000Z,BUY,0.01,1,1,10.00,1,15150.00
2023-10-13T23:56:00.000Z,2023-10-18T05:07:00.000Z,BUY,0.01,3,1,10.00,3,15160.00
2023-10-18T05:07:00.000Z,2023-10-18T16:31:00.000Z,BUY,0.01,1,1,10.00,1,15170.00
2023-10-18T16:31:00.000Z,2023-10-19T20:06:00.000Z,BUY,0.01,1,1,10.00,1,15180.00
2023-10-19T20:06:00.000Z,2023-10-19T21:00:00.000Z,BUY,0.01,1,1,10.00,1,15190.00
2023-10-19T21:00:00.000Z,2023-10-20T11:18:00.000Z,BUY,0.01,1,1,10.00,1,15200.00
2023-10-20T11:18:00.000Z,2023-10-20T18:07:00.000Z,BUY,0.01,1,1,10.00,1,15210.00
2023-10-20T18:07:00.000Z,2023-10-24T13:47:00.000Z,BUY,0.01,2,1,10.00,2,15220.00
2023-10-24T13:47:00.000Z,2023-10-24T19:30:00.000Z,BUY,0.01,1,1,10.00,1,15230.00
2023-10-24T19:30:00.000Z,2023-10-25T16:51:00.000Z,BUY,0.01,1,1,10.00,1,15240.00
2023-10-25T16:51:00.000Z,2023-10-27T20:39:00.000Z,BUY,0.01,3,1,10.00,3,15250.00
2023-10-27T20:39:00.000Z,2023-10-27T21:15:00.000Z,BUY,0.01,1,1,10.00,1,15260.00
2023-10-27T21:15:00.000Z,2023-11-01T18:44:00.000Z,BUY,0.01,2,1,10.00,2,15270.00
2023-11-01T18:44:00.000Z,2023-11-02T01:28:00.000Z,BUY,0.01,1,1,10.00,1,15280.00
2023-11-02T01:28:00.000Z,2023-11-03T14:30:00.000Z,BUY,0.01,1,1,10.00,1,15290.00
2023-11-03T14:30:00.000Z,2023-11-07T11:03:00.000Z,BUY,0.01,2,1,10.00,2,15300.00
2023-11-07T11:03:00.000Z,2023-11-10T20:24:00.000Z,BUY,0.01,4,1,10.00,4,15310.00
2023-11-10T20:24:00.000Z,2023-11-13T18:33:00.000Z,BUY,0.01,1,1,10.00,1,15320.00
2023-11-13T18:33:00.000Z,2023-11-14T15:30:00.000Z,BUY,0.01,1,1,10.00,1,15330.00
2023-11-14T15:30:00.000Z,2023-11-14T16:38:00.000Z,BUY,0.01,1,1,10.00,1,15340.00
2023-11-14T16:38:00.000Z,2023-11-16T16:42:00.000Z,BUY,0.01,1,1,10.00,1,15350.00
2023-11-16T16:42:00.000Z,2023-11-16T17:31:00.000Z,BUY,0.01,1,1,10.00,1,15360.00
2023-11-16T17:31:00.000Z,2023-11-21T15:30:00.000Z,BUY,0.01,3,1,10.00,3,15370.00
2023-11-21T15:30:00.000Z,2023-11-21T16:53:00.000Z,BUY,0.01,1,1,10.00,1,15380.00
2023-11-21T16:53:00.000Z,2023-11-27T03:27:00.000Z,BUY,0.01,3,1,10.00,3,15390.00
2023-11-27T03:27:00.000Z,2023-11-28T16:24:00.000Z,BUY,0.01,1,1,10.00,1,15400.00
2023-11-28T16:24:00.000Z,2023-11-28T18:22:00.000Z,BUY,0.01,1,1,10.00,1,15410.00
2023-11-28T18:22:00.000Z,2023-11-29T02:47:00.000Z,BUY,0.01,1,1,10.00,1,15420.00
2023-11-29T02:47:00.000Z,2023-12-01T18:25:00.000Z,BUY,0.01,1,1,10.00,1,15430.00
2023-12-01T18:25:00.000Z,2023-12-01T20:15:00.000Z,BUY,0.01,1,1,10.00,1,15440.00
2023-12-01T20:15:00.000Z,2023-12-04T01:16:00.000Z,BUY,0.01,1,1,10.00,1,15450.00
2023-12-04T01:16:00.000Z,2023-12-04T01:16:00.000Z,BUY,0.01,1,1,10.00,1,15460.00
2023-12-04T01:16:00.000Z,2023-12-04T01:19:00.000Z,BUY,0.01,1,1,10.00,1,15470.00
2023-12-04T01:19:00.000Z,2023-12-04T01:21:00.000Z,BUY,0.01,1,1,10.00,1,15480.00
2023-12-04T01:21:00.000Z,2023-12-04T01:25:00.000Z,BUY,0.01,1,1,10.00,1,15490.00
2023-12-04T01:25:00.000Z,2023-12-04T01:27:00.000Z,BUY,0.01,1,1,10.00,1,15500.00
2023-12-04T01:27:00.000Z,2023-12-04T01:33:00.000Z,BUY,0.01,1,1,10.00,1,15510.00
2023-12-04T01:33:00.000Z,2023-12-04T01:41:00.000Z,BUY,0.01,2,1,10.00,2,15520.00
2023-12-04T01:41:00.000Z,2023-12-04T01:45:00.000Z,BUY,0.01,1,1,10.00,1,15530.00
2023-12-04T01:45:00.000Z,2023-12-04T01:49:00.000Z,BUY,0.01,1,1,10.00,1,15540.00
2023-12-04T01:49:00.000Z,2023-12-04T02:37:00.000Z,BUY,0.01,2,1,10.00,2,15550.00
2023-12-04T02:37:00.000Z,2023-12-04T09:42:00.000Z,BUY,0.01,2,1,10.00,2,15560.00
2023-12-04T09:42:00.000Z,2023-12-04T17:23:00.000Z,BUY,0.01,2,1,10.00,2,15570.00
2023-12-04T17:23:00.000Z,2023-12-05T17:52:00.000Z,BUY,0.01,4,1,10.00,4,15580.00
2023-12-05T17:52:00.000Z,2023-12-05T22:05:00.000Z,BUY,0.01,1,1,10.00,1,15590.00
2023-12-05T22:05:00.000Z,2023-12-06T09:43:00.000Z,BUY,0.01,1,1,10.00,1,15600.00
2023-12-06T09:43:00.000Z,2023-12-08T19:02:00.000Z,BUY,0.01,2,1,10.00,2,15610.00
2023-12-08T19:02:00.000Z,2023-12-13T21:37:00.000Z,BUY,0.01,3,1,10.00,3,15620.00
2023-12-13T21:37:00.000Z,2023-12-13T22:35:00.000Z,BUY,0.01,1,1,10.00,1,15630.00
2023-12-13T22:35:00.000Z,2023-12-14T01:49:00.000Z,BUY,0.01,1,1,10.00,1,15640.00
2023-12-14T01:49:00.000Z,2023-12-14T16:32:00.000Z,BUY,0.01,1,1,10.00,1,15650.00
2023-12-14T16:32:00.000Z,2023-12-22T01:42:00.000Z,BUY,0.01,3,1,10.00,3,15660.00
2023-12-22T01:42:00.000Z,2023-12-22T13:29:00.000Z,BUY,0.01,1,1,10.00,1,15670.00
2023-12-22T13:29:00.000Z,2023-12-27T17:13:00.000Z,BUY,0.01,1,1,10.00,1,15680.00
2023-12-27T17:13:00.000Z,2023-12-27T20:02:00.000Z,BUY,0.01,1,1,10.00,1,15690.00
2023-12-27T20:02:00.000Z,2024-01-03T12:29:00.000Z,BUY,0.01,2,1,10.00,2,15700.00
2024-01-03T12:29:00.000Z,2024-01-05T17:11:00.000Z,BUY,0.01,3,1,10.00,3,15710.00
2024-01-05T17:11:00.000Z,2024-01-08T07:34:00.000Z,BUY,0.01,2,1,10.00,2,15720.00
2024-01-08T07:34:00.000Z,2024-01-11T15:30:00.000Z,BUY,0.01,1,1,10.00,1,15730.00
2024-01-11T15:30:00.000Z,2024-01-11T19:57:00.000Z,BUY,0.01,2,1,10.00,2,15740.00
2024-01-11T19:57:00.000Z,2024-01-11T21:28:00.000Z,BUY,0.01,1,1,10.00,1,15750.00
2024-01-11T21:28:00.000Z,2024-01-12T01:12:00.000Z,BUY,0.01,1,1,10.00,1,15760.00
2024-01-12T01:12:00.000Z,2024-01-12T12:50:00.000Z,BUY,0.01,1,1,10.00,1,15770.00
2024-01-12T12:50:00.000Z,2024-01-12T15:31:00.000Z,BUY,0.01,1,1,10.00,1,15780.00
2024-01-12T15:31:00.000Z,2024-01-17T05:43:00.000Z,BUY,0.01,2,1,10.00,2,15790.00
2024-01-17T05:43:00.000Z,2024-01-19T14:38:00.000Z,BUY,0.01,3,1,10.00,3,15800.00
2024-01-19T14:38:00.000Z,2024-01-30T16:17:00.000Z,BUY,0.01,3,1,10.00,3,15810.00
2024-01-30T16:17:00.000Z,2024-01-31T16:53:00.000Z,BUY,0.01,1,1,10.00,1,15820.00
2024-01-31T16:53:00.000Z,2024-02-01T18:45:00.000Z,BUY,0.01,3,1,10.00,3,15830.00
2024-02-01T18:45:00.000Z,2024-02-02T15:40:00.000Z,BUY,0.01,2,1,10.00,2,15840.00
2024-02-02T15:40:00.000Z,2024-02-13T15:56:00.000Z,BUY,0.01,4,1,10.00,4,15850.00
2024-02-13T15:56:00.000Z,2024-02-19T01:00:00.000Z,BUY,0.01,3,1,10.00,3,15860.00
2024-02-19T01:00:00.000Z,2024-02-20T12:24:00.000Z,BUY,0.01,1,1,10.00,1,15870.00
2024-02-20T12:24:00.000Z,2024-02-23T18:33:00.000Z,BUY,0.01,1,1,10.00,1,15880.00
2024-02-23T18:33:00.000Z,2024-02-29T15:45:00.000Z,BUY,0.01,1,1,10.00,1,15890.00
2024-02-29T15:45:00.000Z,2024-03-01T13:36:00.000Z,BUY,0.01,1,1,10.00,1,15900.00
2024-03-01T13:36:00.000Z,2024-03-01T17:46:00.000Z,BUY,0.01,1,1,10.00,1,15910.00
2024-03-01T17:46:00.000Z,2024-03-01T18:36:00.000Z,BUY,0.01,1,1,10.00,1,15920.00
2024-03-01T18:36:00.000Z,2024-03-01T20:19:00.000Z,BUY,0.01,1,1,10.00,1,15930.00
2024-03-01T20:19:00.000Z,2024-03-04T16:29:00.000Z,BUY,0.01,1,1,10.00,1,15940.00
2024-03-04T16:29:00.000Z,2024-03-04T17:57:00.000Z,BUY,0.01,1,1,10.00,1,15950.00
2024-03-04T17:57:00.000Z,2024-03-04T18:34:00.000Z,BUY,0.01,1,1,10.00,1,15960.00
2024-03-04T18:34:00.000Z,2024-03-05T15:09:00.000Z,BUY,0.01,1,1,10.00,1,15970.00
2024-03-05T15:09:00.000Z,2024-03-05T15:33:00.000Z,BUY,0.01,1,1,10.00,1,15980.00
2024-03-05T15:33:00.000Z,2024-03-06T16:48:00.000Z,BUY,0.01,1,1,10.00,1,15990.00
2024-03-06T16:48:00.000Z,2024-03-07T06:05:00.000Z,BUY,0.01,1,1,10.00,1,16000.00
2024-03-07T06:05:00.000Z,2024-03-08T11:54:00.000Z,BUY,0.01,1,1,10.00,1,16010.00
2024-03-08T11:54:00.000Z,2024-03-08T15:31:00.000Z,BUY,0.01,1,1,10.00,1,16020.00
2024-03-08T15:31:00.000Z,2024-03-08T19:05:00.000Z,BUY,0.01,1,1,10.00,1,16030.00
2024-03-08T19:05:00.000Z,2024-03-12T15:05:00.000Z,BUY,0.01,2,1,10.00,2,16040.00
2024-03-12T15:05:00.000Z,2024-03-13T15:39:00.000Z,BUY,0.01,1,1,10.00,1,16050.00
2024-03-13T15:39:00.000Z,2024-03-20T20:54:00.000Z,BUY,0.01,3,1,10.00,3,16060.00
2024-03-20T20:54:00.000Z,2024-03-21T00:11:00.000Z,BUY,0.01,1,1,10.00,1,16070.00
2024-03-21T00:11:00.000Z,2024-03-21T00:16:00.000Z,BUY,0.01,1,1,10.00,1,16080.00
2024-03-21T00:16:00.000Z,2024-03-21T00:16:00.000Z,BUY,0.01,1,1,10.00,1,16090.00
2024-03-21T00:16:00.000Z,2024-03-21T00:16:00.000Z,BUY,0.01,1,1,10.00,1,16100.00
2024-03-21T00:16:00.000Z,2024-03-21T16:00:00.000Z,BUY,0.01,2,1,10.00,2,16110.00
2024-03-21T16:00:00.000Z,2024-03-22T19:22:00.000Z,BUY,0.01,2,1,10.00,2,16120.00
2024-03-22T19:22:00.000Z,2024-03-25T03:16:00.000Z,BUY,0.01,1,1,10.00,1,16130.00
2024-03-25T03:16:00.000Z,2024-03-26T11:13:00.000Z,BUY,0.01,1,1,10.00,1,16140.00
2024-03-26T11:13:00.000Z,2024-03-26T11:41:00.000Z,BUY,0.01,1,1,10.00,1,16150.00
2024-03-26T11:41:00.000Z,2024-03-28T12:22:00.000Z,BUY,0.01,3,1,10.00,3,16160.00
2024-03-28T12:22:00.000Z,2024-03-28T12:46:00.000Z,BUY,0.01,1,1,10.00,1,16170.00
2024-03-28T12:46:00.000Z,2024-03-28T18:38:00.000Z,BUY,0.01,1,1,10.00,1,16180.00
2024-03-28T18:38:00.000Z,2024-03-28T22:49:00.000Z,BUY,0.01,1,1,10.00,1,16190.00
2024-03-28T22:49:00.000Z,2024-04-01T01:00:00.000Z,BUY,0.01,1,1,10.00,1,16200.00
2024-04-01T01:00:00.000Z,2024-04-01T03:32:00.000Z,BUY,0.01,1,1,10.00,1,16210.00
2024-04-01T03:32:00.000Z,2024-04-01T06:40:00.000Z,BUY,0.01,1,1,10.00,1,16220.00
2024-04-01T06:40:00.000Z,2024-04-01T17:18:00.000Z,BUY,0.01,2,1,10.00,2,16230.00
2024-04-01T17:18:00.000Z,2024-04-01T22:59:00.000Z,BUY,0.01,1,1,10.00,1,16240.00
2024-04-01T22:59:00.000Z,2024-04-02T01:26:00.000Z,BUY,0.01,1,1,10.00,1,16250.00
2024-04-02T01:26:00.000Z,2024-04-02T12:30:00.000Z,BUY,0.01,1,1,10.00,1,16260.00
2024-04-02T12:30:00.000Z,2024-04-02T17:23:00.000Z,BUY,0.01,1,1,10.00,1,16270.00
2024-04-02T17:23:00.000Z,2024-04-03T01:17:00.000Z,BUY,0.01,3,1,10.00,3,16280.00
2024-04-03T01:17:00.000Z,2024-04-03T19:32:00.000Z,BUY,0.01,1,1,10.00,1,16290.00
2024-04-03T19:32:00.000Z,2024-04-04T21:56:00.000Z,BUY,0.01,1,1,10.00,1,16300.00
2024-04-04T21:56:00.000Z,2024-04-05T04:15:00.000Z,BUY,0.01,2,1,10.00,2,16310.00
2024-04-05T04:15:00.000Z,2024-04-05T10:13:00.000Z,BUY,0.01,1,1,10.00,1,16320.00
2024-04-05T10:13:00.000Z,2024-04-05T13:13:00.000Z,BUY,0.01,1,1,10.00,1,16330.00
2024-04-05T13:13:00.000Z,2024-04-05T17:24:00.000Z,BUY,0.01,1,1,10.00,1,16340.00
2024-04-05T17:24:00.000Z,2024-04-05T17:33:00.000Z,BUY,0.01,1,1,10.00,1,16350.00
2024-04-05T17:33:00.000Z,2024-04-05T18:20:00.000Z,BUY,0.01,1,1,10.00,1,16360.00
2024-04-05T18:20:00.000Z,2024-04-08T05:36:00.000Z,BUY,0.01,3,1,10.00,3,16370.00
2024-04-08T05:36:00.000Z,2024-04-08T05:38:00.000Z,BUY,0.01,1,1,10.00,1,16380.00
2024-04-08T05:38:00.000Z,2024-04-09T11:28:00.000Z,BUY,0.01,3,1,10.00,3,16390.00
2024-04-09T11:28:00.000Z,2024-04-10T16:12:00.000Z,BUY,0.01,2,1,10.00,2,16400.00
2024-04-10T16:12:00.000Z,2024-04-10T17:07:00.000Z,BUY,0.01,1,1,10.00,1,16410.00
2024-04-10T17:07:00.000Z,2024-04-10T17:19:00.000Z,BUY,0.01,1,1,10.00,1,16420.00
2024-04-10T17:19:00.000Z,2024-04-11T21:02:00.000Z,BUY,0.01,3,1,10.00,3,16430.00
2024-04-11T21:02:00.000Z,2024-04-11T22:42:00.000Z,BUY,0.01,1,1,10.00,1,16440.00
2024-04-11T22:42:00.000Z,2024-04-12T01:24:00.000Z,BUY,0.01,1,1,10.00,1,16450.00
2024-04-12T01:24:00.000Z,2024-04-12T04:06:00.000Z,BUY,0.01,1,1,10.00,1,16460.00
2024-04-12T04:06:00.000Z,2024-04-12T10:15:00.000Z,BUY,0.01,1,1,10.00,1,16470.00
2024-04-12T10:15:00.000Z,2024-04-12T17:11:00.000Z,BUY,0.01,1,1,10.00,1,16480.00
2024-04-12T17:11:00.000Z,2024-04-12T17:18:00.000Z,BUY,0.01,1,1,10.00,1,16490.00
2024-04-12T17:18:00.000Z,2024-04-12T18:00:00.000Z,BUY,0.01,1,1,10.00,1,16500.00
2024-04-12T18:00:00.000Z,2024-04-12T18:25:00.000Z,BUY,0.01,2,1,10.00,2,16510.00
2024-04-12T18:25:00.000Z,2024-04-12T19:31:00.000Z,BUY,0.01,2,1,10.00,2,16520.00
2024-04-12T19:31:00.000Z,2024-04-12T21:42:00.000Z,BUY,0.01,2,1,10.00,2,16530.00
2024-04-12T21:42:00.000Z,2024-04-15T01:00:00.000Z,BUY,0.01,1,1,10.00,1,16540.00
2024-04-15T01:00:00.000Z,2024-04-15T01:00:00.000Z,BUY,0.01,1,1,10.00,1,16550.00
2024-04-15T01:00:00.000Z,2024-04-15T01:07:00.000Z,BUY,0.01,1,1,10.00,1,16560.00
2024-04-15T01:07:00.000Z,2024-04-15T17:05:00.000Z,BUY,0.01,2,1,10.00,2,16570.00
2024-04-15T17:05:00.000Z,2024-04-15T17:53:00.000Z,BUY,0.01,1,1,10.00,1,16580.00
2024-04-15T17:53:00.000Z,2024-04-15T20:25:00.000Z,BUY,0.01,1,1,10.00,1,16590.00
2024-04-15T20:25:00.000Z,2024-04-15T21:48:00.000Z,BUY,0.01,1,1,10.00,1,16600.00
2024-04-15T21:48:00.000Z,2024-04-15T22:09:00.000Z,BUY,0.01,1,1,10.00,1,16610.00
2024-04-15T22:09:00.000Z,2024-04-16T01:18:00.000Z,BUY,0.01,1,1,10.00,1,16620.00
2024-04-16T01:18:00.000Z,2024-04-17T19:45:00.000Z,BUY,0.01,4,1,10.00,4,16630.00
2024-04-17T19:45:00.000Z,2024-04-17T19:59:00.000Z,BUY,0.01,1,1,10.00,1,16640.00
2024-04-17T19:59:00.000Z,2024-04-18T13:25:00.000Z,BUY,0.01,1,1,10.00,1,16650.00
2024-04-18T13:25:00.000Z,2024-04-18T16:31:00.000Z,BUY,0.01,1,1,10.00,1,16660.00
2024-04-18T16:31:00.000Z,2024-04-19T04:31:00.000Z,BUY,0.01,3,1,10.00,3,16670.00
2024-04-19T04:31:00.000Z,2024-04-19T04:43:00.000Z,BUY,0.01,1,1,10.00,1,16680.00
2024-04-19T04:43:00.000Z,2024-04-19T07:42:00.000Z,BUY,0.01,2,1,10.00,2,16690.00
2024-04-19T07:42:00.000Z,2024-04-19T10:13:00.000Z,BUY,0.01,1,1,10.00,1,16700.00
2024-04-19T10:13:00.000Z,2024-04-22T06:18:00.000Z,BUY,0.01,2,1,10.00,2,16710.00
2024-04-22T06:18:00.000Z,2024-04-22T07:24:00.000Z,BUY,0.01,1,1,10.00,1,16720.00
2024-04-22T07:24:00.000Z,2024-04-22T14:18:00.000Z,BUY,0.01,2,1,10.00,2,16730.00
2024-04-22T14:18:00.000Z,2024-04-23T04:40:00.000Z,BUY,0.01,2,1,10.00,2,16740.00
2024-04-23T04:40:00.000Z,2024-04-23T16:45:00.000Z,BUY,0.01,3,1,10.00,3,16750.00
2024-04-23T16:45:00.000Z,2024-04-24T18:00:00.000Z,BUY,0.01,1,1,10.00,1,16760.00
2024-04-24T18:00:00.000Z,2024-04-25T17:40:00.000Z,BUY,0.01,5,1,10.00,5,16770.00
2024-04-25T17:40:00.000Z,2024-04-30T08:30:00.000Z,BUY,0.01,5,0,-2420.00,5,14350.00
2024-04-30T08:30:00.000Z,2024-04-30T17:59:00.000Z,BUY,0.01,2,1,10.00,2,14360.00
2024-04-30T17:59:00.000Z,2024-05-01T17:00:00.000Z,BUY,0.01,1,1,10.00,1,14370.00
2024-05-01T17:00:00.000Z,2024-05-01T21:34:00.000Z,BUY,0.01,1,1,10.00,1,14380.00
2024-05-01T21:34:00.000Z,2024-05-01T21:44:00.000Z,BUY,0.01,1,1,10.00,1,14390.00
2024-05-01T21:44:00.000Z,2024-05-02T15:59:00.000Z,BUY,0.01,2,1,10.00,2,14400.00
2024-05-02T15:59:00.000Z,2024-05-02T17:58:00.000Z,BUY,0.01,1,1,10.00,1,14410.00
2024-05-02T17:58:00.000Z,2024-05-03T15:30:00.000Z,BUY,0.01,1,1,10.00,1,14420.00
2024-05-03T15:30:00.000Z,2024-05-03T16:33:00.000Z,BUY,0.01,2,1,10.00,2,14430.00
2024-05-03T16:33:00.000Z,2024-05-03T17:00:00.000Z,BUY,0.01,1,1,10.00,1,14440.00
2024-05-03T17:00:00.000Z,2024-05-06T01:00:00.000Z,BUY,0.01,1,1,10.00,1,14450.00
2024-05-06T01:00:00.000Z,2024-05-06T10:26:00.000Z,BUY,0.01,1,1,10.00,1,14460.00
2024-05-06T10:26:00.000Z,2024-05-06T15:45:00.000Z,BUY,0.01,1,1,10.00,1,14470.00
2024-05-06T15:45:00.000Z,2024-05-09T17:20:00.000Z,BUY,0.01,3,1,10.00,3,14480.00
2024-05-09T17:20:00.000Z,2024-05-09T23:14:00.000Z,BUY,0.01,1,1,10.00,1,14490.00
2024-05-09T23:14:00.000Z,2024-05-10T08:43:00.000Z,BUY,0.01,1,1,10.00,1,14500.00
2024-05-10T08:43:00.000Z,2024-05-10T09:51:00.000Z,BUY,0.01,1,1,10.00,1,14510.00
2024-05-10T09:51:00.000Z,2024-05-10T13:31:00.000Z,BUY,0.01,1,1,10.00,1,14520.00
2024-05-10T13:31:00.000Z,2024-05-13T10:44:00.000Z,BUY,0.01,2,1,10.00,2,14530.00
2024-05-13T10:44:00.000Z,2024-05-14T21:05:00.000Z,BUY,0.01,1,1,10.00,1,14540.00
2024-05-14T21:05:00.000Z,2024-05-15T11:27:00.000Z,BUY,0.01,1,1,10.00,1,14550.00
2024-05-15T11:27:00.000Z,2024-05-15T15:30:00.000Z,BUY,0.01,1,1,10.00,1,14560.00
2024-05-15T15:30:00.000Z,2024-05-15T20:11:00.000Z,BUY,0.01,3,1,10.00,3,14570.00
2024-05-15T20:11:00.000Z,2024-05-17T16:02:00.000Z,BUY,0.01,1,1,10.00,1,14580.00
2024-05-17T16:02:00.000Z,2024-05-17T17:40:00.000Z,BUY,0.01,1,1,10.00,1,14590.00
2024-05-17T17:40:00.000Z,2024-05-17T18:05:00.000Z,BUY,0.01,1,1,10.00,1,14600.00
2024-05-17T18:05:00.000Z,2024-05-20T04:00:00.000Z,BUY,0.01,1,1,10.00,1,14610.00
2024-05-20T04:00:00.000Z,2024-05-20T04:10:00.000Z,BUY,0.01,1,1,10.00,1,14620.00
2024-05-20T04:10:00.000Z,2024-05-20T08:46:00.000Z,BUY,0.01,1,1,10.00,1,14630.00
2024-05-20T08:46:00.000Z,2024-05-20T15:20:00.000Z,BUY,0.01,2,1,10.00,2,14640.00
2024-05-20T15:20:00.000Z,2024-05-20T20:12:00.000Z,BUY,0.01,1,1,10.00,1,14650.00
2024-05-20T20:12:00.000Z,2024-05-22T17:09:00.000Z,BUY,0.01,4,1,10.00,4,14660.00
2024-05-22T17:09:00.000Z,2024-05-23T04:27:00.000Z,BUY,0.01,2,1,10.00,2,14670.00
2024-05-23T04:27:00.000Z,2024-05-23T20:08:00.000Z,BUY,0.01,2,1,10.00,2,14680.00
2024-05-23T20:08:00.000Z,2024-05-27T16:18:00.000Z,BUY,0.01,1,1,10.00,1,14690.00
2024-05-27T16:18:00.000Z,2024-05-28T16:17:00.000Z,BUY,0.01,1,1,10.00,1,14700.00
2024-05-28T16:17:00.000Z,2024-05-30T05:41:00.000Z,BUY,0.01,2,1,10.00,2,14710.00
2024-05-30T05:41:00.000Z,2024-05-30T13:59:00.000Z,BUY,0.01,1,1,10.00,1,14720.00
2024-05-30T13:59:00.000Z,2024-05-30T17:01:00.000Z,BUY,0.01,1,1,10.00,1,14730.00
2024-05-30T17:01:00.000Z,2024-05-31T22:17:00.000Z,BUY,0.01,2,1,10.00,2,14740.00
2024-05-31T22:17:00.000Z,2024-06-03T04:22:00.000Z,BUY,0.01,1,1,10.00,1,14750.00
2024-06-03T04:22:00.000Z,2024-06-03T17:00:00.000Z,BUY,0.01,1,1,10.00,1,14760.00
2024-06-03T17:00:00.000Z,2024-06-03T20:03:00.000Z,BUY,0.01,1,1,10.00,1,14770.00
2024-06-03T20:03:00.000Z,2024-06-04T17:13:00.000Z,BUY,0.01,2,1,10.00,2,14780.00
2024-06-04T17:13:00.000Z,2024-06-05T05:12:00.000Z,BUY,0.01,1,1,10.00,1,14790.00
2024-06-05T05:12:00.000Z,2024-06-05T15:53:00.000Z,BUY,0.01,1,1,10.00,1,14800.00
2024-06-05T15:53:00.000Z,2024-06-05T18:01:00.000Z,BUY,0.01,1,1,10.00,1,14810.00
2024-06-05T18:01:00.000Z,2024-06-06T04:14:00.000Z,BUY,0.01,1,1,10.00,1,14820.00
2024-06-06T04:14:00.000Z,2024-06-06T04:31:00.000Z,BUY,0.01,1,1,10.00,1,14830.00
2024-06-06T04:31:00.000Z,2024-06-07T07:25:00.000Z,BUY,0.01,1,1,10.00,1,14840.00
2024-06-07T07:25:00.000Z,2024-06-07T11:07:00.000Z,BUY,0.01,2,1,10.00,2,14850.00
2024-06-07T11:07:00.000Z,2024-06-07T15:30:00.000Z,BUY,0.01,2,1,10.00,2,14860.00
2024-06-07T15:30:00.000Z,2024-06-07T22:46:00.000Z,BUY,0.01,2,1,10.00,2,14870.00
2024-06-07T22:46:00.000Z,2024-06-10T14:55:00.000Z,BUY,0.01,1,1,10.00,1,14880.00
2024-06-10T14:55:00.000Z,2024-06-10T19:35:00.000Z,BUY,0.01,1,1,10.00,1,14890.00
2024-06-10T19:35:00.000Z,2024-06-12T15:30:00.000Z,BUY,0.01,1,1,10.00,1,14900.00
2024-06-12T15:30:00.000Z,2024-06-12T15:50:00.000Z,BUY,0.01,1,1,10.00,1,14910.00
2024-06-12T15:50:00.000Z,2024-06-13T18:47:00.000Z,BUY,0.01,2,1,10.00,2,14920.00
2024-06-13T18:47:00.000Z,2024-06-14T10:48:00.000Z,BUY,0.01,1,1,10.00,1,14930.00
2024-06-14T10:48:00.000Z,2024-06-14T13:12:00.000Z,BUY,0.01,1,1,10.00,1,14940.00
2024-06-14T13:12:00.000Z,2024-06-14T14:42:00.000Z,BUY,0.01,1,1,10.00,1,14950.00
2024-06-14T14:42:00.000Z,2024-06-20T08:37:00.000Z,BUY,0.01,3,1,10.00,3,14960.00
2024-06-20T08:37:00.000Z,2024-06-20T17:20:00.000Z,BUY,0.01,1,1,10.00,1,14970.00
2024-06-20T17:20:00.000Z,2024-06-20T18:08:00.000Z,BUY,0.01,1,1,10.00,1,14980.00
2024-06-20T18:08:00.000Z,2024-06-21T16:55:00.000Z,BUY,0.01,2,1,10.00,2,14990.00
2024-06-21T16:55:00.000Z,2024-06-26T14:26:00.000Z,BUY,0.01,2,1,10.00,2,15000.00
2024-06-26T14:26:00.000Z,2024-06-26T15:04:00.000Z,BUY,0.01,1,1,10.00,1,15010.00
2024-06-26T15:04:00.000Z,2024-06-27T17:01:00.000Z,BUY,0.01,3,1,10.00,3,15020.00
2024-06-27T17:01:00.000Z,2024-06-28T13:32:00.000Z,BUY,0.01,1,1,10.00,1,15030.00
2024-06-28T13:32:00.000Z,2024-07-03T10:57:00.000Z,BUY,0.01,1,1,10.00,1,15040.00
2024-07-03T10:57:00.000Z,2024-07-03T16:43:00.000Z,BUY,0.01,1,1,10.00,1,15050.00
2024-07-03T16:43:00.000Z,2024-07-05T10:43:00.000Z,BUY,0.01,1,1,10.00,1,15060.00
2024-07-05T10:43:00.000Z,2024-07-05T16:10:00.000Z,BUY,0.01,1,1,10.00,1,15070.00
2024-07-05T16:10:00.000Z,2024-07-05T18:33:00.000Z,BUY,0.01,1,1,10.00,1,15080.00
2024-07-05T18:33:00.000Z,2024-07-08T18:48:00.000Z,BUY,0.01,2,1,10.00,2,15090.00
2024-07-08T18:48:00.000Z,2024-07-09T06:56:00.000Z,BUY,0.01,1,1,10.00,1,15100.00
2024-07-09T06:56:00.000Z,2024-07-10T14:48:00.000Z,BUY,0.01,1,1,10.00,1,15110.00
2024-07-10T14:48:00.000Z,2024-07-11T15:30:00.000Z,BUY,0.01,1,1,10.00,1,15120.00
2024-07-11T15:30:00.000Z,2024-07-11T15:32:00.000Z,BUY,0.01,1,1,10.00,1,15130.00
2024-07-11T15:32:00.000Z,2024-07-11T15:45:00.000Z,BUY,0.01,1,1,10.00,1,15140.00
2024-07-11T15:45:00.000Z,2024-07-11T18:09:00.000Z,BUY,0.01,1,1,10.00,1,15150.00
2024-07-11T18:09:00.000Z,2024-07-15T17:53:00.000Z,BUY,0.01,3,1,10.00,3,15160.00
2024-07-15T17:53:00.000Z,2024-07-15T19:42:00.000Z,BUY,0.01,1,1,10.00,1,15170.00
2024-07-15T19:42:00.000Z,2024-07-16T17:35:00.000Z,BUY,0.01,1,1,10.00,1,15180.00
2024-07-16T17:35:00.000Z,2024-07-16T18:22:00.000Z,BUY,0.01,1,1,10.00,1,15190.00
2024-07-16T18:22:00.000Z,2024-07-17T03:40:00.000Z,BUY,0.01,1,1,10.00,1,15200.00
2024-07-17T03:40:00.000Z,2024-07-17T04:54:00.000Z,BUY,0.01,1,1,10.00,1,15210.00
2024-07-17T04:54:00.000Z,2024-07-18T22:04:00.000Z,BUY,0.01,2,1,10.00,2,15220.00
2024-07-18T22:04:00.000Z,2024-07-19T09:06:00.000Z,BUY,0.01,2,1,10.00,2,15230.00
2024-07-19T09:06:00.000Z,2024-07-22T15:33:00.000Z,BUY,0.01,2,1,10.00,2,15240.00
2024-07-22T15:33:00.000Z,2024-07-23T04:02:00.000Z,BUY,0.01,1,1,10.00,1,15250.00
2024-07-23T04:02:00.000Z,2024-07-23T14:24:00.000Z,BUY,0.01,1,1,10.00,1,15260.00
2024-07-23T14:24:00.000Z,2024-07-24T15:54:00.000Z,BUY,0.01,1,1,10.00,1,15270.00
2024-07-24T15:54:00.000Z,2024-07-24T17:53:00.000Z,BUY,0.01,1,1,10.00,1,15280.00
2024-07-24T17:53:00.000Z,2024-07-24T22:55:00.000Z,BUY,0.01,2,1,10.00,2,15290.00
2024-07-24T22:55:00.000Z,2024-07-25T04:42:00.000Z,BUY,0.01,2,1,10.00,2,15300.00
2024-07-25T04:42:00.000Z,2024-07-25T13:56:00.000Z,BUY,0.01,1,1,10.00,1,15310.00
2024-07-25T13:56:00.000Z,2024-07-29T01:12:00.000Z,BUY,0.01,3,1,10.00,3,15320.00
2024-07-29T01:12:00.000Z,2024-07-29T01:16:00.000Z,BUY,0.01,1,1,10.00,1,15330.00
2024-07-29T01:16:00.000Z,2024-07-29T18:17:00.000Z,BUY,0.01,2,1,10.00,2,15340.00
2024-07-29T18:17:00.000Z,2024-07-29T20:23:00.000Z,BUY,0.01,1,1,10.00,1,15350.00
2024-07-29T20:23:00.000Z,2024-07-30T16:16:00.000Z,BUY,0.01,1,1,10.00,1,15360.00
2024-07-30T16:16:00.000Z,2024-07-30T20:01:00.000Z,BUY,0.01,1,1,10.00,1,15370.00
2024-07-30T20:01:00.000Z,2024-07-31T06:12:00.000Z,BUY,0.01,1,1,10.00,1,15380.00
2024-07-31T06:12:00.000Z,2024-07-31T09:28:00.000Z,BUY,0.01,1,1,10.00,1,15390.00
2024-07-31T09:28:00.000Z,2024-07-31T21:49:00.000Z,BUY,0.01,1,1,10.00,1,15400.00
2024-07-31T21:49:00.000Z,2024-07-31T22:28:00.000Z,BUY,0.01,1,1,10.00,1,15410.00
2024-07-31T22:28:00.000Z,2024-08-01T04:18:00.000Z,BUY,0.01,1,1,10.00,1,15420.00
2024-08-01T04:18:00.000Z,2024-08-02T08:52:00.000Z,BUY,0.01,3,1,10.00,3,15430.00
2024-08-02T08:52:00.000Z,2024-08-02T15:35:00.000Z,BUY,0.01,1,1,10.00,1,15440.00
2024-08-02T15:35:00.000Z,2024-08-02T17:37:00.000Z,BUY,0.01,2,1,10.00,2,15450.00
2024-08-02T17:37:00.000Z,2024-08-02T18:13:00.000Z,BUY,0.01,2,1,10.00,2,15460.00
2024-08-02T18:13:00.000Z,2024-08-02T18:23:00.000Z,BUY,0.01,1,1,10.00,1,15470.00
2024-08-02T18:23:00.000Z,2024-08-02T19:00:00.000Z,BUY,0.01,1,1,10.00,1,15480.00
2024-08-02T19:00:00.000Z,2024-08-05T01:00:00.000Z,BUY,0.01,1,1,10.00,1,15490.00
2024-08-05T01:00:00.000Z,2024-08-05T03:17:00.000Z,BUY,0.01,2,1,10.00,2,15500.00
2024-08-05T03:17:00.000Z,2024-08-05T03:20:00.000Z,BUY,0.01,1,1,10.00,1,15510.00
2024-08-05T03:20:00.000Z,2024-08-05T04:19:00.000Z,BUY,0.01,1,1,10.00,1,15520.00
2024-08-05T04:19:00.000Z,2024-08-05T05:54:00.000Z,BUY,0.01,1,1,10.00,1,15530.00
2024-08-05T05:54:00.000Z,2024-08-05T07:13:00.000Z,BUY,0.01,1,1,10.00,1,15540.00
2024-08-05T07:13:00.000Z,2024-08-05T09:18:00.000Z,BUY,0.01,2,1,10.00,2,15550.00
2024-08-05T09:18:00.000Z,2024-08-05T10:22:00.000Z,BUY,0.01,1,1,10.00,1,15560.00
2024-08-05T10:22:00.000Z,2024-08-05T14:00:00.000Z,BUY,0.01,2,1,10.00,2,15570.00
2024-08-05T14:00:00.000Z,2024-08-05T15:21:00.000Z,BUY,0.01,2,1,10.00,2,15580.00
2024-08-05T15:21:00.000Z,2024-08-05T16:05:00.000Z,BUY,0.01,1,1,10.00,1,15590.00
2024-08-05T16:05:00.000Z,2024-08-05T16:49:00.000Z,BUY,0.01,1,1,10.00,1,15600.00
2024-08-05T16:49:00.000Z,2024-08-05T18:10:00.000Z,BUY,0.01,1,1,10.00,1,15610.00
2024-08-05T18:10:00.000Z,2024-08-06T03:48:00.000Z,BUY,0.01,1,1,10.00,1,15620.00
2024-08-06T03:48:00.000Z,2024-08-06T17:31:00.000Z,BUY,0.01,2,1,10.00,2,15630.00
2024-08-06T17:31:00.000Z,2024-08-07T09:29:00.000Z,BUY,0.01,1,1,10.00,1,15640.00
2024-08-07T09:29:00.000Z,2024-08-08T14:09:00.000Z,BUY,0.01,1,1,10.00,1,15650.00
2024-08-08T14:09:00.000Z,2024-08-08T17:10:00.000Z,BUY,0.01,1,1,10.00,1,15660.00
2024-08-08T17:10:00.000Z,2024-08-09T05:00:00.000Z,BUY,0.01,1,1,10.00,1,15670.00
2024-08-09T05:00:00.000Z,2024-08-12T10:15:00.000Z,BUY,0.01,1,1,10.00,1,15680.00
2024-08-12T10:15:00.000Z,2024-08-12T16:31:00.000Z,BUY,0.01,1,1,10.00,1,15690.00
2024-08-12T16:31:00.000Z,2024-08-12T18:14:00.000Z,BUY,0.01,1,1,10.00,1,15700.00
2024-08-12T18:14:00.000Z,2024-08-12T21:09:00.000Z,BUY,0.01,1,1,10.00,1,15710.00
2024-08-12T21:09:00.000Z,2024-08-14T15:30:00.000Z,BUY,0.01,1,1,10.00,1,15720.00
2024-08-14T15:30:00.000Z,2024-08-14T17:34:00.000Z,BUY,0.01,2,1,10.00,2,15730.00
2024-08-14T17:34:00.000Z,2024-08-15T13:08:00.000Z,BUY,0.01,1,1,10.00,1,15740.00
2024-08-15T13:08:00.000Z,2024-08-15T15:26:00.000Z,BUY,0.01,1,1,10.00,1,15750.00
2024-08-15T15:26:00.000Z,2024-08-15T16:00:00.000Z,BUY,0.01,2,1,10.00,2,15760.00
2024-08-15T16:00:00.000Z,2024-08-15T16:26:00.000Z,BUY,0.01,1,1,10.00,1,15770.00
2024-08-15T16:26:00.000Z,2024-08-15T22:05:00.000Z,BUY,0.01,1,1,10.00,1,15780.00
2024-08-15T22:05:00.000Z,2024-08-16T14:18:00.000Z,BUY,0.01,1,1,10.00,1,15790.00
2024-08-16T14:18:00.000Z,2024-08-16T15:51:00.000Z,BUY,0.01,1,1,10.00,1,15800.00
2024-08-16T15:51:00.000Z,2024-08-16T15:59:00.000Z,BUY,0.01,1,1,10.00,1,15810.00
2024-08-16T15:59:00.000Z,2024-08-16T21:37:00.000Z,BUY,0.01,1,1,10.00,1,15820.00
2024-08-16T21:37:00.000Z,2024-08-20T10:44:00.000Z,BUY,0.01,1,1,10.00,1,15830.00
2024-08-20T10:44:00.000Z,2024-08-20T11:48:00.000Z,BUY,0.01,1,1,10.00,1,15840.00
2024-08-20T11:48:00.000Z,2024-08-22T16:21:00.000Z,BUY,0.01,2,1,10.00,2,15850.00
2024-08-22T16:21:00.000Z,2024-08-23T14:56:00.000Z,BUY,0.01,3,1,10.00,3,15860.00
2024-08-23T14:56:00.000Z,2024-08-23T17:05:00.000Z,BUY,0.01,1,1,10.00,1,15870.00
2024-08-23T17:05:00.000Z,2024-08-26T11:02:00.000Z,BUY,0.01,1,1,10.00,1,15880.00
2024-08-26T11:02:00.000Z,2024-09-02T05:29:00.000Z,BUY,0.01,4,1,10.00,4,15890.00
2024-09-02T05:29:00.000Z,2024-09-02T11:39:00.000Z,BUY,0.01,1,1,10.00,1,15900.00
2024-09-02T11:39:00.000Z,2024-09-04T11:54:00.000Z,BUY,0.01,2,1,10.00,2,15910.00
2024-09-04T11:54:00.000Z,2024-09-04T12:53:00.000Z,BUY,0.01,1,1,10.00,1,15920.00
2024-09-04T12:53:00.000Z,2024-09-04T17:00:00.000Z,BUY,0.01,1,1,10.00,1,15930.00
2024-09-04T17:00:00.000Z,2024-09-05T09:10:00.000Z,BUY,0.01,1,1,10.00,1,15940.00
2024-09-05T09:10:00.000Z,2024-09-05T11:26:00.000Z,BUY,0.01,1,1,10.00,1,15950.00
2024-09-05T11:26:00.000Z,2024-09-06T15:30:00.000Z,BUY,0.01,1,1,10.00,1,15960.00
2024-09-06T15:30:00.000Z,2024-09-06T19:15:00.000Z,BUY,0.01,2,1,10.00,2,15970.00
2024-09-06T19:15:00.000Z,2024-09-09T16:13:00.000Z,BUY,0.01,1,1,10.00,1,15980.00
2024-09-09T16:13:00.000Z,2024-09-10T16:01:00.000Z,BUY,0.01,1,1,10.00,1,15990.00
2024-09-10T16:01:00.000Z,2024-09-11T09:11:00.000Z,BUY,0.01,1,1,10.00,1,16000.00
2024-09-11T09:11:00.000Z,2024-09-12T15:46:00.000Z,BUY,0.01,3,1,10.00,3,16010.00
2024-09-12T15:46:00.000Z,2024-09-12T16:40:00.000Z,BUY,0.01,1,1,10.00,1,16020.00
2024-09-12T16:40:00.000Z,2024-09-12T21:36:00.000Z,BUY,0.01,1,1,10.00,1,16030.00
2024-09-12T21:36:00.000Z,2024-09-13T04:09:00.000Z,BUY,0.01,1,1,10.00,1,16040.00
2024-09-13T04:09:00.000Z,2024-09-13T16:00:00.000Z,BUY,0.01,1,1,10.00,1,16050.00
2024-09-13T16:00:00.000Z,2024-09-16T06:05:00.000Z,BUY,0.01,1,1,10.00,1,16060.00
2024-09-16T06:05:00.000Z,2024-09-18T21:22:00.000Z,BUY,0.01,3,1,10.00,3,16070.00
2024-09-18T21:22:00.000Z,2024-09-18T22:01:00.000Z,BUY,0.01,2,1,10.00,2,16080.00
2024-09-18T22:01:00.000Z,2024-09-19T09:03:00.000Z,BUY,0.01,1,1,10.00,1,16090.00
2024-09-19T09:03:00.000Z,2024-09-19T12:16:00.000Z,BUY,0.01,1,1,10.00,1,16100.00
2024-09-19T12:16:00.000Z,2024-09-20T09:04:00.000Z,BUY,0.01,1,1,10.00,1,16110.00
2024-09-20T09:04:00.000Z,2024-09-20T10:06:00.000Z,BUY,0.01,1,1,10.00,1,16120.00
2024-09-20T10:06:00.000Z,2024-09-20T15:21:00.000Z,BUY,0.01,1,1,10.00,1,16130.00
2024-09-20T15:21:00.000Z,2024-09-23T06:07:00.000Z,BUY,0.01,1,1,10.00,1,16140.00
2024-09-23T06:07:00.000Z,2024-09-24T07:56:00.000Z,BUY,0.01,1,1,10.00,1,16150.00
2024-09-24T07:56:00.000Z,2024-09-24T18:27:00.000Z,BUY,0.01,1,1,10.00,1,16160.00
2024-09-24T18:27:00.000Z,2024-09-24T22:15:00.000Z,BUY,0.01,1,1,10.00,1,16170.00
2024-09-24T22:15:00.000Z,2024-09-25T05:59:00.000Z,BUY,0.01,1,1,10.00,1,16180.00
2024-09-25T05:59:00.000Z,2024-09-26T14:07:00.000Z,BUY,0.01,1,1,10.00,1,16190.00
2024-09-26T14:07:00.000Z,2024-09-27T18:03:00.000Z,BUY,0.01,2,1,10.00,2,16200.00
2024-09-27T18:03:00.000Z,2024-09-27T23:55:00.000Z,BUY,0.01,1,1,10.00,1,16210.00
2024-09-27T23:55:00.000Z,2024-09-30T17:16:00.000Z,BUY,0.01,2,1,10.00,2,16220.00
2024-09-30T17:16:00.000Z,2024-09-30T20:00:00.000Z,BUY,0.01,1,1,10.00,1,16230.00
2024-09-30T20:00:00.000Z,2024-10-01T13:07:00.000Z,BUY,0.01,1,1,10.00,1,16240.00
2024-10-01T13:07:00.000Z,2024-10-01T16:33:00.000Z,BUY,0.01,1,1,10.00,1,16250.00
2024-10-01T16:33:00.000Z,2024-10-01T16:51:00.000Z,BUY,0.01,1,1,10.00,1,16260.00
2024-10-01T16:51:00.000Z,2024-10-03T17:00:00.000Z,BUY,0.01,2,1,10.00,2,16270.00
2024-10-03T17:00:00.000Z,2024-10-03T17:07:00.000Z,BUY,0.01,1,1,10.00,1,16280.00
2024-10-03T17:07:00.000Z,2024-10-03T19:41:00.000Z,BUY,0.01,1,1,10.00,1,16290.00
2024-10-03T19:41:00.000Z,2024-10-08T11:19:00.000Z,BUY,0.01,4,1,10.00,4,16300.00
2024-10-08T11:19:00.000Z,2024-10-08T12:50:00.000Z,BUY,0.01,1,1,10.00,1,16310.00
2024-10-08T12:50:00.000Z,2024-10-08T14:42:00.000Z,BUY,0.01,1,1,10.00,1,16320.00
2024-10-08T14:42:00.000Z,2024-10-08T17:36:00.000Z,BUY,0.01,2,1,10.00,2,16330.00
2024-10-08T17:36:00.000Z,2024-10-10T22:30:00.000Z,BUY,0.01,1,1,10.00,1,16340.00
2024-10-10T22:30:00.000Z,2024-10-11T05:33:00.000Z,BUY,0.01,1,1,10.00,1,16350.00
2024-10-11T05:33:00.000Z,2024-10-11T16:36:00.000Z,BUY,0.01,1,1,10.00,1,16360.00
2024-10-11T16:36:00.000Z,2024-10-14T09:22:00.000Z,BUY,0.01,1,1,10.00,1,16370.00
2024-10-14T09:22:00.000Z,2024-10-16T09:13:00.000Z,BUY,0.01,3,1,10.00,3,16380.00
2024-10-16T09:13:00.000Z,2024-10-16T12:49:00.000Z,BUY,0.01,1,1,10.00,1,16390.00
2024-10-16T12:49:00.000Z,2024-10-17T17:38:00.000Z,BUY,0.01,1,1,10.00,1,16400.00
2024-10-17T17:38:00.000Z,2024-10-18T04:35:00.000Z,BUY,0.01,1,1,10.00,1,16410.00
2024-10-18T04:35:00.000Z,2024-10-18T08:38:00.000Z,BUY,0.01,1,1,10.00,1,16420.00
2024-10-18T08:38:00.000Z,2024-10-21T01:52:00.000Z,BUY,0.01,1,1,10.00,1,16430.00
2024-10-21T01:52:00.000Z,2024-10-21T12:09:00.000Z,BUY,0.01,1,1,10.00,1,16440.00
2024-10-21T12:09:00.000Z,2024-10-22T18:09:00.000Z,BUY,0.01,1,1,10.00,1,16450.00
2024-10-22T18:09:00.000Z,2024-10-23T10:36:00.000Z,BUY,0.01,1,1,10.00,1,16460.00
2024-10-23T10:36:00.000Z,2024-10-23T17:27:00.000Z,BUY,0.01,2,1,10.00,2,16470.00
2024-10-23T17:27:00.000Z,2024-10-24T09:32:00.000Z,BUY,0.01,1,1,10.00,1,16480.00
2024-10-24T09:32:00.000Z,2024-10-25T20:54:00.000Z,BUY,0.01,1,1,10.00,1,16490.00
2024-10-25T20:54:00.000Z,2024-10-29T04:02:00.000Z,BUY,0.01,3,1,10.00,3,16500.00
2024-10-29T04:02:00.000Z,2024-10-29T16:03:00.000Z,BUY,0.01,1,1,10.00,1,16510.00
2024-10-29T16:03:00.000Z,2024-10-30T02:01:00.000Z,BUY,0.01,1,1,10.00,1,16520.00
2024-10-30T02:01:00.000Z,2024-10-30T08:10:00.000Z,BUY,0.01,1,1,10.00,1,16530.00
2024-10-30T08:10:00.000Z,2024-10-31T15:50:00.000Z,BUY,0.01,2,1,10.00,2,16540.00
2024-10-31T15:50:00.000Z,2024-11-05T04:44:00.000Z,BUY,0.01,4,1,10.00,4,16550.00
2024-11-05T04:44:00.000Z,2024-11-05T05:56:00.000Z,BUY,0.01,1,1,10.00,1,16560.00
2024-11-05T05:56:00.000Z,2024-11-05T15:54:00.000Z,BUY,0.01,1,1,10.00,1,16570.00
2024-11-05T15:54:00.000Z,2024-11-06T08:29:00.000Z,BUY,0.01,2,1,10.00,2,16580.00
2024-11-06T08:29:00.000Z,2024-11-06T09:18:00.000Z,BUY,0.01,1,1,10.00,1,16590.00
2024-11-06T09:18:00.000Z,2024-11-06T13:58:00.000Z,BUY,0.01,2,1,10.00,2,16600.00
2024-11-06T13:58:00.000Z,2024-11-06T14:05:00.000Z,BUY,0.01,1,1,10.00,1,16610.00
2024-11-06T14:05:00.000Z,2024-11-06T15:27:00.000Z,BUY,0.01,2,1,10.00,2,16620.00
2024-11-06T15:27:00.000Z,2024-11-07T03:20:00.000Z,BUY,0.01,4,1,10.00,4,16630.00
2024-11-07T03:20:00.000Z,2024-11-07T04:15:00.000Z,BUY,0.01,1,1,10.00,1,16640.00
2024-11-07T04:15:00.000Z,2024-11-07T09:25:00.000Z,BUY,0.01,1,1,10.00,1,16650.00
2024-11-07T09:25:00.000Z,2024-11-07T15:11:00.000Z,BUY,0.01,1,1,10.00,1,16660.00
2024-11-07T15:11:00.000Z,2024-11-07T16:18:00.000Z,BUY,0.01,1,1,10.00,1,16670.00
2024-11-07T16:18:00.000Z,2024-11-07T17:24:00.000Z,BUY,0.01,1,1,10.00,1,16680.00
2024-11-07T17:24:00.000Z,2024-11-07T22:15:00.000Z,BUY,0.01,1,1,10.00,1,16690.00
2024-11-07T22:15:00.000Z,2024-11-11T03:05:00.000Z,BUY,0.01,2,1,10.00,2,16700.00
2024-11-11T03:05:00.000Z,2024-11-11T15:32:00.000Z,BUY,0.01,2,1,10.00,2,16710.00
2024-11-11T15:32:00.000Z,2024-11-11T16:44:00.000Z,BUY,0.01,2,1,10.00,2,16720.00
2024-11-11T16:44:00.000Z,2024-11-13T18:34:00.000Z,BUY,0.01,4,1,10.00,4,16730.00
2024-11-13T18:34:00.000Z,2024-11-14T07:37:00.000Z,BUY,0.01,2,1,10.00,2,16740.00
2024-11-14T07:37:00.000Z,2024-11-14T17:11:00.000Z,BUY,0.01,3,1,10.00,3,16750.00
2024-11-14T17:11:00.000Z,2024-11-18T03:00:00.000Z,BUY,0.01,1,1,10.00,1,16760.00
2024-11-18T03:00:00.000Z,2024-11-18T03:22:00.000Z,BUY,0.01,1,1,10.00,1,16770.00
2024-11-18T03:22:00.000Z,2024-11-18T15:26:00.000Z,BUY,0.01,1,1,10.00,1,16780.00
2024-11-18T15:26:00.000Z,2024-11-18T16:34:00.000Z,BUY,0.01,1,1,10.00,1,16790.00
2024-11-18T16:34:00.000Z,2024-11-19T04:30:00.000Z,BUY,0.01,1,1,10.00,1,16800.00
2024-11-19T04:30:00.000Z,2024-11-19T11:19:00.000Z,BUY,0.01,1,1,10.00,1,16810.00
2024-11-19T11:19:00.000Z,2024-11-20T03:01:00.000Z,BUY,0.01,1,1,10.00,1,16820.00
2024-11-20T03:01:00.000Z,2024-11-20T18:48:00.000Z,BUY,0.01,3,1,10.00,3,16830.00
2024-11-20T18:48:00.000Z,2024-11-21T08:18:00.000Z,BUY,0.01,1,1,10.00,1,16840.00
2024-11-21T08:18:00.000Z,2024-11-21T11:02:00.000Z,BUY,0.01,1,1,10.00,1,16850.00
2024-11-21T11:02:00.000Z,2024-11-22T04:20:00.000Z,BUY,0.01,1,1,10.00,1,16860.00
2024-11-22T04:20:00.000Z,2024-11-22T06:48:00.000Z,BUY,0.01,1,1,10.00,1,16870.00
2024-11-22T06:48:00.000Z,2024-11-22T11:35:00.000Z,BUY,0.01,1,1,10.00,1,16880.00
2024-11-22T11:35:00.000Z,2024-11-22T23:44:00.000Z,BUY,0.01,1,1,10.00,1,16890.00
2024-11-22T23:44:00.000Z,2024-11-25T05:26:00.000Z,BUY,0.01,4,1,10.00,4,16900.00
2024-11-25T05:26:00.000Z,2024-11-25T16:18:00.000Z,BUY,0.01,4,1,10.00,4,16910.00
2024-11-25T16:18:00.000Z,2024-11-25T20:17:00.000Z,BUY,0.01,2,1,10.00,2,16920.00
2024-11-25T20:17:00.000Z,2024-11-26T03:34:00.000Z,BUY,0.01,1,1,10.00,1,16930.00
2024-11-26T03:34:00.000Z,2024-11-27T07:31:00.000Z,BUY,0.01,3,1,10.00,3,16940.00
2024-11-27T07:31:00.000Z,2024-11-27T10:55:00.000Z,BUY,0.01,1,1,10.00,1,16950.00
2024-11-27T10:55:00.000Z,2024-11-28T03:21:00.000Z,BUY,0.01,2,1,10.00,2,16960.00
2024-11-28T03:21:00.000Z,2024-11-28T06:18:00.000Z,BUY,0.01,1,1,10.00,1,16970.00
2024-11-28T06:18:00.000Z,2024-11-28T10:53:00.000Z,BUY,0.01,1,1,10.00,1,16980.00
2024-11-28T10:53:00.000Z,2024-11-29T04:12:00.000Z,BUY,0.01,1,1,10.00,1,16990.00
2024-11-29T04:12:00.000Z,2024-11-29T06:40:00.000Z,BUY,0.01,1,1,10.00,1,17000.00
2024-11-29T06:40:00.000Z,2024-12-02T02:43:00.000Z,BUY,0.01,2,1,10.00,2,17010.00
2024-12-02T02:43:00.000Z,2024-12-02T13:22:00.000Z,BUY,0.01,1,1,10.00,1,17020.00
2024-12-02T13:22:00.000Z,2024-12-03T16:00:00.000Z,BUY,0.01,1,1,10.00,1,17030.00
2024-12-03T16:00:00.000Z,2024-12-05T19:43:00.000Z,BUY,0.01,4,1,10.00,4,17040.00
2024-12-05T19:43:00.000Z,2024-12-06T05:24:00.000Z,BUY,0.01,1,1,10.00,1,17050.00
2024-12-06T05:24:00.000Z,2024-12-06T06:27:00.000Z,BUY,0.01,1,1,10.00,1,17060.00
2024-12-06T06:27:00.000Z,2024-12-09T11:40:00.000Z,BUY,0.01,3,1,10.00,3,17070.00
2024-12-09T11:40:00.000Z,2024-12-09T15:50:00.000Z,BUY,0.01,1,1,10.00,1,17080.00
2024-12-09T15:50:00.000Z,2024-12-09T16:57:00.000Z,BUY,0.01,1,1,10.00,1,17090.00
2024-12-09T16:57:00.000Z,2024-12-10T16:26:00.000Z,BUY,0.01,1,1,10.00,1,17100.00
2024-12-10T16:26:00.000Z,2024-12-10T19:55:00.000Z,BUY,0.01,1,1,10.00,1,17110.00
2024-12-10T19:55:00.000Z,2024-12-11T16:55:00.000Z,BUY,0.01,3,1,10.00,3,17120.00
2024-12-11T16:55:00.000Z,2024-12-11T17:41:00.000Z,BUY,0.01,1,1,10.00,1,17130.00
2024-12-11T17:41:00.000Z,2024-12-12T16:20:00.000Z,BUY,0.01,2,1,10.00,2,17140.00
2024-12-12T16:20:00.000Z,2024-12-13T17:24:00.000Z,BUY,0.01,2,1,10.00,2,17150.00
2024-12-13T17:24:00.000Z,2024-12-18T21:03:00.000Z,BUY,0.01,2,1,10.00,2,17160.00
2024-12-18T21:03:00.000Z,2024-12-18T22:29:00.000Z,BUY,0.01,2,1,10.00,2,17170.00
2024-12-18T22:29:00.000Z,2024-12-19T03:33:00.000Z,BUY,0.01,1,1,10.00,1,17180.00
2024-12-19T03:33:00.000Z,2024-12-19T03:45:00.000Z,BUY,0.01,1,1,10.00,1,17190.00
2024-12-19T03:45:00.000Z,2024-12-20T17:31:00.000Z,BUY,0.01,3,1,10.00,3,17200.00
2024-12-20T17:31:00.000Z,2024-12-26T17:32:00.000Z,BUY,0.01,1,1,10.00,1,17210.00
2024-12-26T17:32:00.000Z,2024-12-30T15:58:00.000Z,BUY,0.01,2,1,10.00,2,17220.00
2024-12-30T15:58:00.000Z,2024-12-31T10:56:00.000Z,BUY,0.01,1,1,10.00,1,17230.00
2024-12-31T10:56:00.000Z,2024-12-31T19:19:00.000Z,BUY,0.01,1,1,10.00,1,17240.00
2024-12-31T19:19:00.000Z,2025-01-02T10:48:00.000Z,BUY,0.01,1,1,10.00,1,17250.00
2025-01-02T10:48:00.000Z,2025-01-02T16:15:00.000Z,BUY,0.01,1,1,10.00,1,17260.00
2025-01-02T16:15:00.000Z,2025-01-02T18:40:00.000Z,BUY,0.01,1,1,10.00,1,17270.00
2025-01-02T18:40:00.000Z,2025-01-06T09:32:00.000Z,BUY,0.01,2,1,10.00,2,17280.00
2025-01-06T09:32:00.000Z,2025-01-06T13:15:00.000Z,BUY,0.01,1,1,10.00,1,17290.00
2025-01-06T13:15:00.000Z,2025-01-06T13:43:00.000Z,BUY,0.01,1,1,10.00,1,17300.00
2025-01-06T13:43:00.000Z,2025-01-06T16:16:00.000Z,BUY,0.01,2,1,10.00,2,17310.00
2025-01-06T16:16:00.000Z,2025-01-06T16:48:00.000Z,BUY,0.01,1,1,10.00,1,17320.00
2025-01-06T16:48:00.000Z,2025-01-06T17:28:00.000Z,BUY,0.01,1,1,10.00,1,17330.00
2025-01-06T17:28:00.000Z,2025-01-07T14:07:00.000Z,BUY,0.01,1,1,10.00,1,17340.00
2025-01-07T14:07:00.000Z,2025-01-07T15:20:00.000Z,BUY,0.01,1,1,10.00,1,17350.00
2025-01-07T15:20:00.000Z,2025-01-08T18:53:00.000Z,BUY,0.01,1,1,10.00,1,17360.00
2025-01-08T18:53:00.000Z,2025-01-10T10:23:00.000Z,BUY,0.01,3,1,10.00,3,17370.00
2025-01-10T10:23:00.000Z,2025-01-10T16:29:00.000Z,BUY,0.01,1,1,10.00,1,17380.00
2025-01-10T16:29:00.000Z,2025-01-13T19:04:00.000Z,BUY,0.01,2,1,10.00,2,17390.00
2025-01-13T19:04:00.000Z,2025-01-14T02:44:00.000Z,BUY,0.01,1,1,10.00,1,17400.00
2025-01-14T02:44:00.000Z,2025-01-15T08:11:00.000Z,BUY,0.01,1,1,10.00,1,17410.00
2025-01-15T08:11:00.000Z,2025-01-15T15:30:00.000Z,BUY,0.01,1,1,10.00,1,17420.00
2025-01-15T15:30:00.000Z,2025-01-16T03:34:00.000Z,BUY,0.01,1,1,10.00,1,17430.00
2025-01-16T03:34:00.000Z,2025-01-16T15:27:00.000Z,BUY,0.01,1,1,10.00,1,17440.00
2025-01-16T15:27:00.000Z,2025-01-16T18:53:00.000Z,BUY,0.01,1,1,10.00,1,17450.00
2025-01-16T18:53:00.000Z,2025-01-20T01:28:00.000Z,BUY,0.01,2,1,10.00,2,17460.00
2025-01-20T01:28:00.000Z,2025-01-20T05:32:00.000Z,BUY,0.01,1,1,10.00,1,17470.00
2025-01-20T05:32:00.000Z,2025-01-20T08:52:00.000Z,BUY,0.01,1,1,10.00,1,17480.00
2025-01-20T08:52:00.000Z,2025-01-21T04:13:00.000Z,BUY,0.01,1,1,10.00,1,17490.00
2025-01-21T04:13:00.000Z,2025-01-21T09:41:00.000Z,BUY,0.01,1,1,10.00,1,17500.00
2025-01-21T09:41:00.000Z,2025-01-21T18:19:00.000Z,BUY,0.01,1,1,10.00,1,17510.00
2025-01-21T18:19:00.000Z,2025-01-22T07:27:00.000Z,BUY,0.01,1,1,10.00,1,17520.00
2025-01-22T07:27:00.000Z,2025-01-22T12:36:00.000Z,BUY,0.01,1,1,10.00,1,17530.00
2025-01-22T12:36:00.000Z,2025-01-24T04:46:00.000Z,BUY,0.01,3,1,10.00,3,17540.00
2025-01-24T04:46:00.000Z,2025-01-24T15:44:00.000Z,BUY,0.01,1,1,10.00,1,17550.00
2025-01-24T15:44:00.000Z,2025-01-27T07:42:00.000Z,BUY,0.01,2,1,10.00,2,17560.00
2025-01-27T07:42:00.000Z,2025-01-27T11:11:00.000Z,BUY,0.01,1,1,10.00,1,17570.00
2025-01-27T11:11:00.000Z,2025-01-27T18:51:00.000Z,BUY,0.01,2,1,10.00,2,17580.00
2025-01-27T18:51:00.000Z,2025-01-28T01:29:00.000Z,BUY,0.01,1,1,10.00,1,17590.00
2025-01-28T01:29:00.000Z,2025-01-28T16:29:00.000Z,BUY,0.01,1,1,10.00,1,17600.00
2025-01-28T16:29:00.000Z,2025-01-28T21:32:00.000Z,BUY,0.01,1,1,10.00,1,17610.00
2025-01-28T21:32:00.000Z,2025-01-30T10:53:00.000Z,BUY,0.01,3,1,10.00,3,17620.00
2025-01-30T10:53:00.000Z,2025-01-30T15:57:00.000Z,BUY,0.01,1,1,10.00,1,17630.00
2025-01-30T15:57:00.000Z,2025-01-30T17:53:00.000Z,BUY,0.01,1,1,10.00,1,17640.00
2025-01-30T17:53:00.000Z,2025-01-31T14:20:00.000Z,BUY,0.01,1,1,10.00,1,17650.00
2025-01-31T14:20:00.000Z,2025-01-31T17:12:00.000Z,BUY,0.01,1,1,10.00,1,17660.00
2025-01-31T17:12:00.000Z,2025-02-03T01:33:00.000Z,BUY,0.01,2,1,10.00,2,17670.00
2025-02-03T01:33:00.000Z,2025-02-03T02:06:00.000Z,BUY,0.01,1,1,10.00,1,17680.00
2025-02-03T02:06:00.000Z,2025-02-03T14:38:00.000Z,BUY,0.01,3,1,10.00,3,17690.00
2025-02-03T14:38:00.000Z,2025-02-03T16:35:00.000Z,BUY,0.01,1,1,10.00,1,17700.00
2025-02-03T16:35:00.000Z,2025-02-03T16:50:00.000Z,BUY,0.01,1,1,10.00,1,17710.00
2025-02-03T16:50:00.000Z,2025-02-04T16:29:00.000Z,BUY,0.01,3,1,10.00,3,17720.00
2025-02-04T16:29:00.000Z,2025-02-05T02:34:00.000Z,BUY,0.01,1,1,10.00,1,17730.00
2025-02-05T02:34:00.000Z,2025-02-05T06:14:00.000Z,BUY,0.01,1,1,10.00,1,17740.00
2025-02-05T06:14:00.000Z,2025-02-05T10:42:00.000Z,BUY,0.01,1,1,10.00,1,17750.00
2025-02-05T10:42:00.000Z,2025-02-05T17:45:00.000Z,BUY,0.01,1,1,10.00,1,17760.00
2025-02-05T17:45:00.000Z,2025-02-06T16:50:00.000Z,BUY,0.01,2,1,10.00,2,17770.00
2025-02-06T16:50:00.000Z,2025-02-07T01:40:00.000Z,BUY,0.01,1,1,10.00,1,17780.00
2025-02-07T01:40:00.000Z,2025-02-07T04:19:00.000Z,BUY,0.01,1,1,10.00,1,17790.00
2025-02-07T04:19:00.000Z,2025-02-07T17:07:00.000Z,BUY,0.01,1,1,10.00,1,17800.00
2025-02-07T17:07:00.000Z,2025-02-10T08:47:00.000Z,BUY,0.01,3,1,10.00,3,17810.00
2025-02-10T08:47:00.000Z,2025-02-10T11:06:00.000Z,BUY,0.01,1,1,10.00,1,17820.00
2025-02-10T11:06:00.000Z,2025-02-10T15:20:00.000Z,BUY,0.01,1,1,10.00,1,17830.00
2025-02-10T15:20:00.000Z,2025-02-11T01:40:00.000Z,BUY,0.01,1,1,10.00,1,17840.00
2025-02-11T01:40:00.000Z,2025-02-11T03:13:00.000Z,BUY,0.01,1,1,10.00,1,17850.00
2025-02-11T03:13:00.000Z,2025-02-11T04:13:00.000Z,BUY,0.01,1,1,10.00,1,17860.00
2025-02-11T04:13:00.000Z,2025-02-11T04:40:00.000Z,BUY,0.01,2,1,10.00,2,17870.00
2025-02-11T04:40:00.000Z,2025-02-11T04:52:00.000Z,BUY,0.01,1,1,10.00,1,17880.00
2025-02-11T04:52:00.000Z,2025-02-11T14:54:00.000Z,BUY,0.01,2,1,10.00,2,17890.00
2025-02-11T14:54:00.000Z,2025-02-11T16:07:00.000Z,BUY,0.01,1,1,10.00,1,17900.00
2025-02-11T16:07:00.000Z,2025-02-12T15:30:00.000Z,BUY,0.01,2,1,10.00,2,17910.00
2025-02-12T15:30:00.000Z,2025-02-12T15:58:00.000Z,BUY,0.01,1,1,10.00,1,17920.00
2025-02-12T15:58:00.000Z,2025-02-12T16:13:00.000Z,BUY,0.01,1,1,10.00,1,17930.00
2025-02-12T16:13:00.000Z,2025-02-12T18:54:00.000Z,BUY,0.01,1,1,10.00,1,17940.00
2025-02-12T18:54:00.000Z,2025-02-13T05:20:00.000Z,BUY,0.01,1,1,10.00,1,17950.00
2025-02-13T05:20:00.000Z,2025-02-13T07:23:00.000Z,BUY,0.01,1,1,10.00,1,17960.00
2025-02-13T07:23:00.000Z,2025-02-14T01:38:00.000Z,BUY,0.01,1,1,10.00,1,17970.00
2025-02-14T01:38:00.000Z,2025-02-14T17:27:00.000Z,BUY,0.01,2,1,10.00,2,17980.00
2025-02-14T17:27:00.000Z,2025-02-18T07:02:00.000Z,BUY,0.01,3,1,10.00,3,17990.00
2025-02-18T07:02:00.000Z,2025-02-18T16:28:00.000Z,BUY,0.01,1,1,10.00,1,18000.00
2025-02-18T16:28:00.000Z,2025-02-18T18:51:00.000Z,BUY,0.01,1,1,10.00,1,18010.00
2025-02-18T18:51:00.000Z,2025-02-19T11:15:00.000Z,BUY,0.01,1,1,10.00,1,18020.00
2025-02-19T11:15:00.000Z,2025-02-20T09:37:00.000Z,BUY,0.01,3,1,10.00,3,18030.00
2025-02-20T09:37:00.000Z,2025-02-21T10:15:00.000Z,BUY,0.01,2,1,10.00,2,18040.00
2025-02-21T10:15:00.000Z,2025-02-21T13:14:00.000Z,BUY,0.01,1,1,10.00,1,18050.00
2025-02-21T13:14:00.000Z,2025-02-24T05:16:00.000Z,BUY,0.01,1,1,10.00,1,18060.00
2025-02-24T05:16:00.000Z,2025-02-24T15:59:00.000Z,BUY,0.01,1,1,10.00,1,18070.00
2025-02-24T15:59:00.000Z,2025-02-25T14:44:00.000Z,BUY,0.01,2,1,10.00,2,18080.00
2025-02-25T14:44:00.000Z,2025-02-25T15:41:00.000Z,BUY,0.01,1,1,10.00,1,18090.00
2025-02-25T15:41:00.000Z,2025-02-25T16:36:00.000Z,BUY,0.01,1,1,10.00,1,18100.00
2025-02-25T16:36:00.000Z,2025-02-25T17:24:00.000Z,BUY,0.01,2,1,10.00,2,18110.00
2025-02-25T17:24:00.000Z,2025-02-26T02:15:00.000Z,BUY,0.01,3,1,10.00,3,18120.00
2025-02-26T02:15:00.000Z,2025-02-26T16:11:00.000Z,BUY,0.01,2,1,10.00,2,18130.00
2025-02-26T16:11:00.000Z,2025-02-26T16:52:00.000Z,BUY,0.01,1,1,10.00,1,18140.00
2025-02-26T16:52:00.000Z,2025-02-26T18:03:00.000Z,BUY,0.01,1,1,10.00,1,18150.00
2025-02-26T18:03:00.000Z,2025-02-27T10:11:00.000Z,BUY,0.01,2,1,10.00,2,18160.00
2025-02-27T10:11:00.000Z,2025-02-28T10:15:00.000Z,BUY,0.01,2,1,10.00,2,18170.00
2025-02-28T10:15:00.000Z,2025-03-03T01:01:00.000Z,BUY,0.01,3,1,10.00,3,18180.00
2025-03-03T01:01:00.000Z,2025-03-03T01:10:00.000Z,BUY,0.01,1,1,10.00,1,18190.00
2025-03-03T01:10:00.000Z,2025-03-03T17:23:00.000Z,BUY,0.01,1,1,10.00,1,18200.00
2025-03-03T17:23:00.000Z,2025-03-04T09:27:00.000Z,BUY,0.01,1,1,10.00,1,18210.00
2025-03-04T09:27:00.000Z,2025-03-04T10:16:00.000Z,BUY,0.01,1,1,10.00,1,18220.00
2025-03-04T10:16:00.000Z,2025-03-04T10:37:00.000Z,BUY,0.01,1,1,10.00,1,18230.00
2025-03-04T10:37:00.000Z,2025-03-04T15:07:00.000Z,BUY,0.01,1,1,10.00,1,18240.00
2025-03-04T15:07:00.000Z,2025-03-05T15:49:00.000Z,BUY,0.01,2,1,10.00,2,18250.00
2025-03-05T15:49:00.000Z,2025-03-05T16:30:00.000Z,BUY,0.01,1,1,10.00,1,18260.00
2025-03-05T16:30:00.000Z,2025-03-05T17:05:00.000Z,BUY,0.01,1,1,10.00,1,18270.00
2025-03-05T17:05:00.000Z,2025-03-05T18:20:00.000Z,BUY,0.01,1,1,10.00,1,18280.00
2025-03-05T18:20:00.000Z,2025-03-06T11:36:00.000Z,BUY,0.01,2,1,10.00,2,18290.00
2025-03-06T11:36:00.000Z,2025-03-06T15:16:00.000Z,BUY,0.01,1,1,10.00,1,18300.00
2025-03-06T15:16:00.000Z,2025-03-06T17:00:00.000Z,BUY,0.01,1,1,10.00,1,18310.00
2025-03-06T17:00:00.000Z,2025-03-07T16:56:00.000Z,BUY,0.01,3,1,10.00,3,18320.00
2025-03-07T16:56:00.000Z,2025-03-10T10:47:00.000Z,BUY,0.01,2,1,10.00,2,18330.00
2025-03-10T10:47:00.000Z,2025-03-10T11:14:00.000Z,BUY,0.01,1,1,10.00,1,18340.00
2025-03-10T11:14:00.000Z,2025-03-11T15:38:00.000Z,BUY,0.01,3,1,10.00,3,18350.00
2025-03-11T15:38:00.000Z,2025-03-12T17:55:00.000Z,BUY,0.01,1,1,10.00,1,18360.00
2025-03-12T17:55:00.000Z,2025-03-12T19:26:00.000Z,BUY,0.01,1,1,10.00,1,18370.00
2025-03-12T19:26:00.000Z,2025-03-13T15:36:00.000Z,BUY,0.01,1,1,10.00,1,18380.00
2025-03-13T15:36:00.000Z,2025-03-13T16:41:00.000Z,BUY,0.01,1,1,10.00,1,18390.00
2025-03-13T16:41:00.000Z,2025-03-13T16:49:00.000Z,BUY,0.01,1,1,10.00,1,18400.00
2025-03-13T16:49:00.000Z,2025-03-13T18:31:00.000Z,BUY,0.01,1,1,10.00,1,18410.00
2025-03-13T18:31:00.000Z,2025-03-14T05:51:00.000Z,BUY,0.01,1,1,10.00,1,18420.00
2025-03-14T05:51:00.000Z,2025-03-14T12:12:00.000Z,BUY,0.01,1,1,10.00,1,18430.00
2025-03-14T12:12:00.000Z,2025-03-18T04:54:00.000Z,BUY,0.01,3,1,10.00,3,18440.00
2025-03-18T04:54:00.000Z,2025-03-18T10:22:00.000Z,BUY,0.01,1,1,10.00,1,18450.00
2025-03-18T10:22:00.000Z,2025-03-18T14:34:00.000Z,BUY,0.01,1,1,10.00,1,18460.00
2025-03-18T14:34:00.000Z,2025-03-19T07:37:00.000Z,BUY,0.01,1,1,10.00,1,18470.00
2025-03-19T07:37:00.000Z,2025-03-20T02:03:00.000Z,BUY,0.01,1,1,10.00,1,18480.00
2025-03-20T02:03:00.000Z,2025-03-21T07:42:00.000Z,BUY,0.01,2,1,10.00,2,18490.00
2025-03-21T07:42:00.000Z,2025-03-21T08:10:00.000Z,BUY,0.01,1,1,10.00,1,18500.00
2025-03-21T08:10:00.000Z,2025-03-21T16:07:00.000Z,BUY,0.01,2,1,10.00,2,18510.00
2025-03-21T16:07:00.000Z,2025-03-21T16:46:00.000Z,BUY,0.01,1,1,10.00,1,18520.00
2025-03-21T16:46:00.000Z,2025-03-21T22:26:00.000Z,BUY,0.01,1,1,10.00,1,18530.00
2025-03-21T22:26:00.000Z,2025-03-24T12:30:00.000Z,BUY,0.01,1,1,10.00,1,18540.00
2025-03-24T12:30:00.000Z,2025-03-24T20:11:00.000Z,BUY,0.01,2,1,10.00,2,18550.00
2025-03-24T20:11:00.000Z,2025-03-24T22:41:00.000Z,BUY,0.01,1,1,10.00,1,18560.00
2025-03-24T22:41:00.000Z,2025-03-25T12:00:00.000Z,BUY,0.01,1,1,10.00,1,18570.00
2025-03-25T12:00:00.000Z,2025-03-25T16:04:00.000Z,BUY,0.01,1,1,10.00,1,18580.00
2025-03-25T16:04:00.000Z,2025-03-27T12:07:00.000Z,BUY,0.01,3,1,10.00,3,18590.00
2025-03-27T12:07:00.000Z,2025-03-27T12:30:00.000Z,BUY,0.01,1,1,10.00,1,18600.00
2025-03-27T12:30:00.000Z,2025-03-28T03:05:00.000Z,BUY,0.01,3,1,10.00,3,18610.00
2025-03-28T03:05:00.000Z,2025-03-28T04:04:00.000Z,BUY,0.01,1,1,10.00,1,18620.00
2025-03-28T04:04:00.000Z,2025-03-28T09:07:00.000Z,BUY,0.01,1,1,10.00,1,18630.00
2025-03-28T09:07:00.000Z,2025-03-31T01:08:00.000Z,BUY,0.01,1,1,10.00,1,18640.00
2025-03-31T01:08:00.000Z,2025-03-31T05:22:00.000Z,BUY,0.01,1,1,10.00,1,18650.00
2025-03-31T05:22:00.000Z,2025-03-31T07:53:00.000Z,BUY,0.01,1,1,10.00,1,18660.00
2025-03-31T07:53:00.000Z,2025-03-31T09:13:00.000Z,BUY,0.01,1,1,10.00,1,18670.00
2025-03-31T09:13:00.000Z,2025-04-01T04:45:00.000Z,BUY,0.01,3,1,10.00,3,18680.00
2025-04-01T04:45:00.000Z,2025-04-01T06:53:00.000Z,BUY,0.01,1,1,10.00,1,18690.00
2025-04-01T06:53:00.000Z,2025-04-01T18:57:00.000Z,BUY,0.01,2,1,10.00,2,18700.00
2025-04-01T18:57:00.000Z,2025-04-02T04:07:00.000Z,BUY,0.01,1,1,10.00,1,18710.00
2025-04-02T04:07:00.000Z,2025-04-02T23:29:00.000Z,BUY,0.01,5,1,10.00,5,18720.00
2025-04-02T23:29:00.000Z,2025-04-03T01:16:00.000Z,BUY,0.01,1,1,10.00,1,18730.00
2025-04-03T01:16:00.000Z,2025-04-03T02:15:00.000Z,BUY,0.01,1,1,10.00,1,18740.00
2025-04-03T02:15:00.000Z,2025-04-03T02:52:00.000Z,BUY,0.01,1,1,10.00,1,18750.00
2025-04-03T02:52:00.000Z,2025-04-03T08:01:00.000Z,BUY,0.01,2,1,10.00,2,18760.00
2025-04-03T08:01:00.000Z,2025-04-03T13:26:00.000Z,BUY,0.01,2,1,10.00,2,18770.00
2025-04-03T13:26:00.000Z,2025-04-03T15:26:00.000Z,BUY,0.01,2,1,10.00,2,18780.00
2025-04-03T15:26:00.000Z,2025-04-03T16:41:00.000Z,BUY,0.01,3,1,10.00,3,18790.00
2025-04-03T16:41:00.000Z,2025-04-03T17:03:00.000Z,BUY,0.01,1,1,10.00,1,18800.00
2025-04-03T17:03:00.000Z,2025-04-03T17:10:00.000Z,BUY,0.01,1,1,10.00,1,18810.00
2025-04-03T17:10:00.000Z,2025-04-03T17:16:00.000Z,BUY,0.01,1,1,10.00,1,18820.00
2025-04-03T17:16:00.000Z,2025-04-03T17:45:00.000Z,BUY,0.01,1,1,10.00,1,18830.00
2025-04-03T17:45:00.000Z,2025-04-04T05:37:00.000Z,BUY,0.01,2,1,10.00,2,18840.00
2025-04-04T05:37:00.000Z,2025-04-04T09:00:00.000Z,BUY,0.01,1,1,10.00,1,18850.00
2025-04-04T09:00:00.000Z,2025-04-04T11:43:00.000Z,BUY,0.01,2,1,10.00,2,18860.00
2025-04-04T11:43:00.000Z,2025-04-04T12:02:00.000Z,BUY,0.01,1,1,10.00,1,18870.00
2025-04-04T12:02:00.000Z,2025-04-04T13:07:00.000Z,BUY,0.01,1,1,10.00,1,18880.00
2025-04-04T13:07:00.000Z,2025-04-04T13:32:00.000Z,BUY,0.01,1,1,10.00,1,18890.00
2025-04-04T13:32:00.000Z,2025-04-04T14:07:00.000Z,BUY,0.01,1,1,10.00,1,18900.00
2025-04-04T14:07:00.000Z,2025-04-04T14:10:00.000Z,BUY,0.01,1,1,10.00,1,18910.00
2025-04-04T14:10:00.000Z,2025-04-04T14:45:00.000Z,BUY,0.01,2,1,10.00,2,18920.00
2025-04-04T14:45:00.000Z,2025-04-04T14:49:00.000Z,BUY,0.01,1,1,10.00,1,18930.00
2025-04-04T14:49:00.000Z,2025-04-04T15:39:00.000Z,BUY,0.01,2,1,10.00,2,18940.00
2025-04-04T15:39:00.000Z,2025-04-04T17:06:00.000Z,BUY,0.01,2,1,10.00,2,18950.00
2025-04-04T17:06:00.000Z,2025-04-04T18:37:00.000Z,BUY,0.01,2,1,10.00,2,18960.00
2025-04-04T18:37:00.000Z,2025-04-04T19:29:00.000Z,BUY,0.01,1,1,10.00,1,18970.00
2025-04-04T19:29:00.000Z,2025-04-07T01:06:00.000Z,BUY,0.01,4,1,10.00,4,18980.00
2025-04-07T01:06:00.000Z,2025-04-07T01:06:00.000Z,BUY,0.01,3,1,10.00,3,18990.00
2025-04-07T01:06:00.000Z,2025-04-07T01:08:00.000Z,BUY,0.01,1,1,10.00,1,19000.00
2025-04-07T01:08:00.000Z,2025-04-07T01:14:00.000Z,BUY,0.01,1,1,10.00,1,19010.00
2025-04-07T01:14:00.000Z,2025-04-07T01:22:00.000Z,BUY,0.01,2,1,10.00,2,19020.00
2025-04-07T01:22:00.000Z,2025-04-07T01:23:00.000Z,BUY,0.01,1,1,10.00,1,19030.00
2025-04-07T01:23:00.000Z,2025-04-07T02:30:00.000Z,BUY,0.01,2,1,10.00,2,19040.00
2025-04-07T02:30:00.000Z,2025-04-07T02:48:00.000Z,BUY,0.01,1,1,10.00,1,19050.00
2025-04-07T02:48:00.000Z,2025-04-07T03:00:00.000Z,BUY,0.01,1,1,10.00,1,19060.00
2025-04-07T03:00:00.000Z,2025-04-07T03:10:00.000Z,BUY,0.01,2,1,10.00,2,19070.00
2025-04-07T03:10:00.000Z,2025-04-07T03:11:00.000Z,BUY,0.01,1,1,10.00,1,19080.00
2025-04-07T03:11:00.000Z,2025-04-07T04:01:00.000Z,BUY,0.01,1,1,10.00,1,19090.00
2025-04-07T04:01:00.000Z,2025-04-07T04:12:00.000Z,BUY,0.01,3,1,10.00,3,19100.00
2025-04-07T04:12:00.000Z,2025-04-07T04:17:00.000Z,BUY,0.01,1,1,10.00,1,19110.00
2025-04-07T04:17:00.000Z,2025-04-07T04:32:00.000Z,BUY,0.01,1,1,10.00,1,19120.00
2025-04-07T04:32:00.000Z,2025-04-07T04:39:00.000Z,BUY,0.01,1,1,10.00,1,19130.00
2025-04-07T04:39:00.000Z,2025-04-07T04:39:00.000Z,BUY,0.01,1,1,10.00,1,19140.00
2025-04-07T04:39:00.000Z,2025-04-07T04:44:00.000Z,BUY,0.01,1,1,10.00,1,19150.00
2025-04-07T04:44:00.000Z,2025-04-07T05:59:00.000Z,BUY,0.01,2,1,10.00,2,19160.00
2025-04-07T05:59:00.000Z,2025-04-07T07:57:00.000Z,BUY,0.01,1,1,10.00,1,19170.00
2025-04-07T07:57:00.000Z,2025-04-07T14:36:00.000Z,BUY,0.01,3,1,10.00,3,19180.00
2025-04-07T14:36:00.000Z,2025-04-07T16:34:00.000Z,BUY,0.01,2,1,10.00,2,19190.00
2025-04-07T16:34:00.000Z,2025-04-07T17:11:00.000Z,BUY,0.01,1,1,10.00,1,19200.00
2025-04-07T17:11:00.000Z,2025-04-07T17:15:00.000Z,BUY,0.01,1,1,10.00,1,19210.00
2025-04-07T17:15:00.000Z,2025-04-07T17:28:00.000Z,BUY,0.01,2,1,10.00,2,19220.00
2025-04-07T17:28:00.000Z,2025-04-07T19:45:00.000Z,BUY,0.01,2,1,10.00,2,19230.00
2025-04-07T19:45:00.000Z,2025-04-07T23:24:00.000Z,BUY,0.01,1,1,10.00,1,19240.00
2025-04-07T23:24:00.000Z,2025-04-08T04:09:00.000Z,BUY,0.01,1,1,10.00,1,19250.00
2025-04-08T04:09:00.000Z,2025-04-08T08:54:00.000Z,BUY,0.01,1,1,10.00,1,19260.00
2025-04-08T08:54:00.000Z,2025-04-08T14:53:00.000Z,BUY,0.01,1,1,10.00,1,19270.00
2025-04-08T14:53:00.000Z,2025-04-08T19:42:00.000Z,BUY,0.01,2,1,10.00,2,19280.00
2025-04-08T19:42:00.000Z,2025-04-09T04:32:00.000Z,BUY,0.01,1,1,10.00,1,19290.00
2025-04-09T04:32:00.000Z,2025-04-09T04:51:00.000Z,BUY,0.01,1,1,10.00,1,19300.00
2025-04-09T04:51:00.000Z,2025-04-09T08:13:00.000Z,BUY,0.01,1,1,10.00,1,19310.00
2025-04-09T08:13:00.000Z,2025-04-09T09:20:00.000Z,BUY,0.01,1,1,10.00,1,19320.00
2025-04-09T09:20:00.000Z,2025-04-09T09:55:00.000Z,BUY,0.01,1,1,10.00,1,19330.00
2025-04-09T09:55:00.000Z,2025-04-09T10:11:00.000Z,BUY,0.01,1,1,10.00,1,19340.00
2025-04-09T10:11:00.000Z,2025-04-09T14:20:00.000Z,BUY,0.01,1,1,10.00,1,19350.00
2025-04-09T14:20:00.000Z,2025-04-09T14:48:00.000Z,BUY,0.01,1,1,10.00,1,19360.00
2025-04-09T14:48:00.000Z,2025-04-09T17:16:00.000Z,BUY,0.01,3,1,10.00,3,19370.00
2025-04-09T17:16:00.000Z,2025-04-09T19:13:00.000Z,BUY,0.01,1,1,10.00,1,19380.00
2025-04-09T19:13:00.000Z,2025-04-09T20:21:00.000Z,BUY,0.01,1,1,10.00,1,19390.00
2025-04-09T20:21:00.000Z,2025-04-09T20:26:00.000Z,BUY,0.01,2,1,10.00,2,19400.00
2025-04-09T20:26:00.000Z,2025-04-09T22:07:00.000Z,BUY,0.01,3,1,10.00,3,19410.00
2025-04-09T22:07:00.000Z,2025-04-09T22:10:00.000Z,BUY,0.01,1,1,10.00,1,19420.00
2025-04-09T22:10:00.000Z,2025-04-09T22:45:00.000Z,BUY,0.01,1,1,10.00,1,19430.00
2025-04-09T22:45:00.000Z,2025-04-10T05:09:00.000Z,BUY,0.01,5,1,10.00,5,19440.00
2025-04-10T05:09:00.000Z,2025-04-10T05:57:00.000Z,BUY,0.01,1,1,10.00,1,19450.00
2025-04-10T05:57:00.000Z,2025-04-10T06:21:00.000Z,BUY,0.01,1,1,10.00,1,19460.00
2025-04-10T06:21:00.000Z,2025-04-10T17:08:00.000Z,BUY,0.01,3,1,10.00,3,19470.00
2025-04-10T17:08:00.000Z,2025-04-10T17:37:00.000Z,BUY,0.01,1,1,10.00,1,19480.00
2025-04-10T17:37:00.000Z,2025-04-10T18:15:00.000Z,BUY,0.01,1,1,10.00,1,19490.00
2025-04-10T18:15:00.000Z,2025-04-10T18:30:00.000Z,BUY,0.01,1,1,10.00,1,19500.00
2025-04-10T18:30:00.000Z,2025-04-11T01:33:00.000Z,BUY,0.01,1,1,10.00,1,19510.00
2025-04-11T01:33:00.000Z,2025-04-11T03:20:00.000Z,BUY,0.01,1,1,10.00,1,19520.00
2025-04-11T03:20:00.000Z,2025-04-11T03:35:00.000Z,BUY,0.01,1,1,10.00,1,19530.00
2025-04-11T03:35:00.000Z,2025-04-11T03:43:00.000Z,BUY,0.01,1,1,10.00,1,19540.00
2025-04-11T03:43:00.000Z,2025-04-11T11:22:00.000Z,BUY,0.01,3,1,10.00,3,19550.00
2025-04-11T11:22:00.000Z,2025-04-11T13:13:00.000Z,BUY,0.01,1,1,10.00,1,19560.00
2025-04-11T13:13:00.000Z,2025-04-11T16:33:00.000Z,BUY,0.01,3,1,10.00,3,19570.00
2025-04-11T16:33:00.000Z,2025-04-14T01:01:00.000Z,BUY,0.01,4,1,10.00,4,19580.00
2025-04-14T01:01:00.000Z,2025-04-14T01:03:00.000Z,BUY,0.01,1,1,10.00,1,19590.00
2025-04-14T01:03:00.000Z,2025-04-14T04:34:00.000Z,BUY,0.01,1,1,10.00,1,19600.00
2025-04-14T04:34:00.000Z,2025-04-14T04:55:00.000Z,BUY,0.01,1,1,10.00,1,19610.00
2025-04-14T04:55:00.000Z,2025-04-14T13:20:00.000Z,BUY,0.01,2,1,10.00,2,19620.00
2025-04-14T13:20:00.000Z,2025-04-14T14:18:00.000Z,BUY,0.01,1,1,10.00,1,19630.00
2025-04-14T14:18:00.000Z,2025-04-14T16:16:00.000Z,BUY,0.01,2,1,10.00,2,19640.00
2025-04-14T16:16:00.000Z,2025-04-14T16:27:00.000Z,BUY,0.01,1,1,10.00,1,19650.00
2025-04-14T16:27:00.000Z,2025-04-14T17:49:00.000Z,BUY,0.01,1,1,10.00,1,19660.00
2025-04-14T17:49:00.000Z,2025-04-15T04:23:00.000Z,BUY,0.01,1,1,10.00,1,19670.00
2025-04-15T04:23:00.000Z,2025-04-16T01:29:00.000Z,BUY,0.01,1,1,10.00,1,19680.00
2025-04-16T01:29:00.000Z,2025-04-16T02:36:00.000Z,BUY,0.01,1,1,10.00,1,19690.00
2025-04-16T02:36:00.000Z,2025-04-16T03:00:00.000Z,BUY,0.01,1,1,10.00,1,19700.00
2025-04-16T03:00:00.000Z,2025-04-16T03:33:00.000Z,BUY,0.01,1,1,10.00,1,19710.00
2025-04-16T03:33:00.000Z,2025-04-16T06:28:00.000Z,BUY,0.01,1,1,10.00,1,19720.00
2025-04-16T06:28:00.000Z,2025-04-16T07:56:00.000Z,BUY,0.01,1,1,10.00,1,19730.00
2025-04-16T07:56:00.000Z,2025-04-16T10:02:00.000Z,BUY,0.01,1,1,10.00,1,19740.00
2025-04-16T10:02:00.000Z,2025-04-16T11:04:00.000Z,BUY,0.01,1,1,10.00,1,19750.00
2025-04-16T11:04:00.000Z,2025-04-16T11:17:00.000Z,BUY,0.01,1,1,10.00,1,19760.00
2025-04-16T11:17:00.000Z,2025-04-16T18:54:00.000Z,BUY,0.01,3,1,10.00,3,19770.00
2025-04-16T18:54:00.000Z,2025-04-16T21:25:00.000Z,BUY,0.01,1,1,10.00,1,19780.00
2025-04-16T21:25:00.000Z,2025-04-17T01:01:00.000Z,BUY,0.01,1,1,10.00,1,19790.00
2025-04-17T01:01:00.000Z,2025-04-17T01:20:00.000Z,BUY,0.01,1,1,10.00,1,19800.00
2025-04-17T01:20:00.000Z,2025-04-17T04:51:00.000Z,BUY,0.01,2,1,10.00,2,19810.00
2025-04-17T04:51:00.000Z,2025-04-17T05:21:00.000Z,BUY,0.01,1,1,10.00,1,19820.00
2025-04-17T05:21:00.000Z,2025-04-17T17:02:00.000Z,BUY,0.01,4,1,10.00,4,19830.00
2025-04-17T17:02:00.000Z,2025-04-17T19:52:00.000Z,BUY,0.01,3,1,10.00,3,19840.00
2025-04-17T19:52:00.000Z,2025-04-17T23:48:00.000Z,BUY,0.01,1,1,10.00,1,19850.00
2025-04-17T23:48:00.000Z,2025-04-21T01:14:00.000Z,BUY,0.01,1,1,10.00,1,19860.00
2025-04-21T01:14:00.000Z,2025-04-21T01:20:00.000Z,BUY,0.01,1,1,10.00,1,19870.00
2025-04-21T01:20:00.000Z,2025-04-21T03:33:00.000Z,BUY,0.01,1,1,10.00,1,19880.00
2025-04-21T03:33:00.000Z,2025-04-21T03:44:00.000Z,BUY,0.01,1,1,10.00,1,19890.00
2025-04-21T03:44:00.000Z,2025-04-21T05:01:00.000Z,BUY,0.01,1,1,10.00,1,19900.00
2025-04-21T05:01:00.000Z,2025-04-21T09:20:00.000Z,BUY,0.01,1,1,10.00,1,19910.00
2025-04-21T09:20:00.000Z,2025-04-21T14:37:00.000Z,BUY,0.01,1,1,10.00,1,19920.00
2025-04-21T14:37:00.000Z,2025-04-21T15:47:00.000Z,BUY,0.01,1,1,10.00,1,19930.00
2025-04-21T15:47:00.000Z,2025-04-21T16:01:00.000Z,BUY,0.01,1,1,10.00,1,19940.00
2025-04-21T16:01:00.000Z,2025-04-22T01:07:00.000Z,BUY,0.01,1,1,10.00,1,19950.00
2025-04-22T01:07:00.000Z,2025-04-22T02:19:00.000Z,BUY,0.01,1,1,10.00,1,19960.00
2025-04-22T02:19:00.000Z,2025-04-22T04:38:00.000Z,BUY,0.01,3,1,10.00,3,19970.00
2025-04-22T04:38:00.000Z,2025-04-22T05:34:00.000Z,BUY,0.01,1,1,10.00,1,19980.00
2025-04-22T05:34:00.000Z,2025-04-22T05:45:00.000Z,BUY,0.01,1,1,10.00,1,19990.00
2025-04-22T05:45:00.000Z,2025-04-22T06:18:00.000Z,BUY,0.01,1,1,10.00,1,20000.00
2025-04-22T06:18:00.000Z,2025-04-22T06:40:00.000Z,BUY,0.01,1,1,10.00,1,20010.00
2025-04-22T06:40:00.000Z,2025-04-22T10:14:00.000Z,BUY,0.01,2,1,10.00,2,20020.00
2025-04-22T10:14:00.000Z,2025-04-22T10:34:00.000Z,BUY,0.01,1,1,10.00,1,20030.00
2025-04-22T10:34:00.000Z,2025-04-22T15:44:00.000Z,BUY,0.01,2,1,10.00,2,20040.00
2025-04-22T15:44:00.000Z,2025-04-22T16:44:00.000Z,BUY,0.01,4,1,10.00,4,20050.00
2025-04-22T16:44:00.000Z,2025-04-22T16:48:00.000Z,BUY,0.01,1,1,10.00,1,20060.00
2025-04-22T16:48:00.000Z,2025-04-22T17:01:00.000Z,BUY,0.01,1,1,10.00,1,20070.00
2025-04-22T17:01:00.000Z,2025-04-22T19:16:00.000Z,BUY,0.01,2,1,10.00,2,20080.00
2025-04-22T19:16:00.000Z,2025-04-22T19:38:00.000Z,BUY,0.01,2,1,10.00,2,20090.00
2025-04-22T19:38:00.000Z,2025-04-22T19:44:00.000Z,BUY,0.01,1,1,10.00,1,20100.00
2025-04-22T19:44:00.000Z,2025-04-22T19:58:00.000Z,BUY,0.01,1,1,10.00,1,20110.00
2025-04-22T19:58:00.000Z,2025-04-22T20:21:00.000Z,BUY,0.01,1,1,10.00,1,20120.00
2025-04-22T20:21:00.000Z,2025-04-22T21:55:00.000Z,BUY,0.01,2,1,10.00,2,20130.00
2025-04-22T21:55:00.000Z,2025-04-22T22:00:00.000Z,BUY,0.01,1,1,10.00,1,20140.00
2025-04-22T22:00:00.000Z,2025-04-23T01:00:00.000Z,BUY,0.01,2,1,10.00,2,20150.00
2025-04-23T01:00:00.000Z,2025-04-23T01:00:00.000Z,BUY,0.01,2,1,10.00,2,20160.00
2025-04-23T01:00:00.000Z,2025-04-23T01:01:00.000Z,BUY,0.01,1,1,10.00,1,20170.00
2025-04-23T01:01:00.000Z,2025-04-23T01:02:00.000Z,BUY,0.01,1,1,10.00,1,20180.00
2025-04-23T01:02:00.000Z,2025-04-23T03:32:00.000Z,BUY,0.01,5,1,10.00,5,20190.00
2025-04-23T03:32:00.000Z,2025-04-23T03:52:00.000Z,BUY,0.01,1,1,10.00,1,20200.00
2025-04-23T03:52:00.000Z,2025-04-23T04:00:00.000Z,BUY,0.01,1,1,10.00,1,20210.00
2025-04-23T04:00:00.000Z,2025-04-23T04:44:00.000Z,BUY,0.01,1,1,10.00,1,20220.00
2025-04-23T04:44:00.000Z,2025-04-23T05:56:00.000Z,BUY,0.01,2,1,10.00,2,20230.00
2025-04-23T05:56:00.000Z,2025-04-23T08:40:00.000Z,BUY,0.01,2,1,10.00,2,20240.00
2025-04-23T08:40:00.000Z,2025-04-23T09:55:00.000Z,BUY,0.01,2,1,10.00,2,20250.00
2025-04-23T09:55:00.000Z,2025-04-23T10:01:00.000Z,BUY,0.01,1,1,10.00,1,20260.00
2025-04-23T10:01:00.000Z,2025-04-23T10:42:00.000Z,BUY,0.01,1,1,10.00,1,20270.00
2025-04-23T10:42:00.000Z,2025-04-23T12:04:00.000Z,BUY,0.01,1,1,10.00,1,20280.00
2025-04-23T12:04:00.000Z,2025-04-23T12:19:00.000Z,BUY,0.01,1,1,10.00,1,20290.00
2025-04-23T12:19:00.000Z,2025-04-23T16:04:00.000Z,BUY,0.01,2,1,10.00,2,20300.00
2025-04-23T16:04:00.000Z,2025-04-23T16:50:00.000Z,BUY,0.01,2,1,10.00,2,20310.00
2025-04-23T16:50:00.000Z,2025-04-23T17:44:00.000Z,BUY,0.01,1,1,10.00,1,20320.00
2025-04-23T17:44:00.000Z,2025-04-23T19:38:00.000Z,BUY,0.01,1,1,10.00,1,20330.00
2025-04-23T19:38:00.000Z,2025-04-24T01:05:00.000Z,BUY,0.01,1,1,10.00,1,20340.00
2025-04-24T01:05:00.000Z,2025-04-24T03:09:00.000Z,BUY,0.01,1,1,10.00,1,20350.00
2025-04-24T03:09:00.000Z,2025-04-24T03:26:00.000Z,BUY,0.01,1,1,10.00,1,20360.00
2025-04-24T03:26:00.000Z,2025-04-24T03:33:00.000Z,BUY,0.01,1,1,10.00,1,20370.00
2025-04-24T03:33:00.000Z,2025-04-24T04:06:00.000Z,BUY,0.01,1,1,10.00,1,20380.00
2025-04-24T04:06:00.000Z,2025-04-24T04:18:00.000Z,BUY,0.01,1,1,10.00,1,20390.00
2025-04-24T04:18:00.000Z,2025-04-24T06:24:00.000Z,BUY,0.01,2,1,10.00,2,20400.00
2025-04-24T06:24:00.000Z,2025-04-24T10:08:00.000Z,BUY,0.01,1,1,10.00,1,20410.00
2025-04-24T10:08:00.000Z,2025-04-24T17:06:00.000Z,BUY,0.01,2,1,10.00,2,20420.00
2025-04-24T17:06:00.000Z,2025-04-24T17:27:00.000Z,BUY,0.01,1,1,10.00,1,20430.00
2025-04-24T17:27:00.000Z,2025-04-24T17:46:00.000Z,BUY,0.01,1,1,10.00,1,20440.00
2025-04-24T17:46:00.000Z,2025-04-24T21:10:00.000Z,BUY,0.01,1,1,10.00,1,20450.00
2025-04-24T21:10:00.000Z,2025-04-24T23:53:00.000Z,BUY,0.01,1,1,10.00,1,20460.00
2025-04-24T23:53:00.000Z,2025-04-25T01:26:00.000Z,BUY,0.01,1,1,10.00,1,20470.00
2025-04-25T01:26:00.000Z,2025-04-25T01:30:00.000Z,BUY,0.01,1,1,10.00,1,20480.00
2025-04-25T01:30:00.000Z,2025-04-25T06:47:00.000Z,BUY,0.01,2,1,10.00,2,20490.00
2025-04-25T06:47:00.000Z,2025-04-25T08:42:00.000Z,BUY,0.01,2,1,10.00,2,20500.00
2025-04-25T08:42:00.000Z,2025-04-25T16:02:00.000Z,BUY,0.01,4,1,10.00,4,20510.00
2025-04-25T16:02:00.000Z,2025-04-25T20:19:00.000Z,BUY,0.01,1,1,10.00,1,20520.00
2025-04-25T20:19:00.000Z,2025-04-25T22:36:00.000Z,BUY,0.01,1,1,10.00,1,20530.00
2025-04-25T22:36:00.000Z,2025-04-25T22:50:00.000Z,BUY,0.01,1,1,10.00,1,20540.00
2025-04-25T22:50:00.000Z,2025-04-28T01:00:00.000Z,BUY,0.01,1,1,10.00,1,20550.00
2025-04-28T01:00:00.000Z,2025-04-28T01:00:00.000Z,BUY,0.01,1,1,10.00,1,20560.00
2025-04-28T01:00:00.000Z,2025-04-28T02:21:00.000Z,BUY,0.01,2,1,10.00,2,20570.00
2025-04-28T02:21:00.000Z,2025-04-28T02:28:00.000Z,BUY,0.01,1,1,10.00,1,20580.00
2025-04-28T02:28:00.000Z,2025-04-28T04:40:00.000Z,BUY,0.01,2,1,10.00,2,20590.00
2025-04-28T04:40:00.000Z,2025-04-28T06:18:00.000Z,BUY,0.01,1,1,10.00,1,20600.00
2025-04-28T06:18:00.000Z,2025-04-28T15:29:00.000Z,BUY,0.01,1,1,10.00,1,20610.00
2025-04-28T15:29:00.000Z,2025-04-28T17:22:00.000Z,BUY,0.01,1,1,10.00,1,20620.00
2025-04-28T17:22:00.000Z,2025-04-28T17:35:00.000Z,BUY,0.01,1,1,10.00,1,20630.00
2025-04-28T17:35:00.000Z,2025-04-28T17:47:00.000Z,BUY,0.01,1,1,10.00,1,20640.00
2025-04-28T17:47:00.000Z,2025-04-28T21:24:00.000Z,BUY,0.01,1,1,10.00,1,20650.00
2025-04-28T21:24:00.000Z,2025-04-28T22:58:00.000Z,BUY,0.01,1,1,10.00,1,20660.00
2025-04-28T22:58:00.000Z,2025-04-29T04:53:00.000Z,BUY,0.01,2,1,10.00,2,20670.00
2025-04-29T04:53:00.000Z,2025-04-29T05:19:00.000Z,BUY,0.01,1,1,10.00,1,20680.00
2025-04-29T05:19:00.000Z,2025-04-29T15:21:00.000Z,BUY,0.01,2,1,10.00,2,20690.00
2025-04-29T15:21:00.000Z,2025-04-29T15:54:00.000Z,BUY,0.01,1,1,10.00,1,20700.00
2025-04-29T15:54:00.000Z,2025-04-29T19:38:00.000Z,BUY,0.01,1,1,10.00,1,20710.00
2025-04-29T19:38:00.000Z,2025-04-30T11:11:00.000Z,BUY,0.01,2,1,10.00,2,20720.00
2025-04-30T11:11:00.000Z,2025-04-30T15:49:00.000Z,BUY,0.01,3,1,10.00,3,20730.00
2025-04-30T15:49:00.000Z,2025-04-30T16:36:00.000Z,BUY,0.01,1,1,10.00,1,20740.00
2025-04-30T16:36:00.000Z,2025-04-30T23:36:00.000Z,BUY,0.01,4,1,10.00,4,20750.00
2025-04-30T23:36:00.000Z,2025-05-01T03:24:00.000Z,BUY,0.01,2,1,10.00,2,20760.00
2025-05-01T03:24:00.000Z,2025-05-01T07:20:00.000Z,BUY,0.01,2,1,10.00,2,20770.00
2025-05-01T07:20:00.000Z,2025-05-01T08:35:00.000Z,BUY,0.01,1,1,10.00,1,20780.00
2025-05-01T08:35:00.000Z,2025-05-01T14:53:00.000Z,BUY,0.01,2,1,10.00,2,20790.00
2025-05-01T14:53:00.000Z,2025-05-01T15:24:00.000Z,BUY,0.01,1,1,10.00,1,20800.00
2025-05-01T15:24:00.000Z,2025-05-01T15:31:00.000Z,BUY,0.01,1,1,10.00,1,20810.00
2025-05-01T15:31:00.000Z,2025-05-01T23:14:00.000Z,BUY,0.01,3,1,10.00,3,20820.00
2025-05-01T23:14:00.000Z,2025-05-02T05:18:00.000Z,BUY,0.01,1,1,10.00,1,20830.00
2025-05-02T05:18:00.000Z,2025-05-02T06:37:00.000Z,BUY,0.01,1,1,10.00,1,20840.00
2025-05-02T06:37:00.000Z,2025-05-02T12:44:00.000Z,BUY,0.01,1,1,10.00,1,20850.00
2025-05-02T12:44:00.000Z,2025-05-02T18:37:00.000Z,BUY,0.01,2,1,10.00,2,20860.00
2025-05-02T18:37:00.000Z,2025-05-05T02:32:00.000Z,BUY,0.01,1,1,10.00,1,20870.00
2025-05-05T02:32:00.000Z,2025-05-05T04:10:00.000Z,BUY,0.01,1,1,10.00,1,20880.00
2025-05-05T04:10:00.000Z,2025-05-05T04:31:00.000Z,BUY,0.01,1,1,10.00,1,20890.00
2025-05-05T04:31:00.000Z,2025-05-05T11:43:00.000Z,BUY,0.01,1,1,10.00,1,20900.00
2025-05-05T11:43:00.000Z,2025-05-05T12:02:00.000Z,BUY,0.01,1,1,10.00,1,20910.00
2025-05-05T12:02:00.000Z,2025-05-05T12:21:00.000Z,BUY,0.01,1,1,10.00,1,20920.00
2025-05-05T12:21:00.000Z,2025-05-05T12:58:00.000Z,BUY,0.01,1,1,10.00,1,20930.00
2025-05-05T12:58:00.000Z,2025-05-05T13:21:00.000Z,BUY,0.01,1,1,10.00,1,20940.00
2025-05-05T13:21:00.000Z,2025-05-05T17:07:00.000Z,BUY,0.01,1,1,10.00,1,20950.00
2025-05-05T17:07:00.000Z,2025-05-06T04:01:00.000Z,BUY,0.01,3,1,10.00,3,20960.00
2025-05-06T04:01:00.000Z,2025-05-06T04:02:00.000Z,BUY,0.01,1,1,10.00,1,20970.00
2025-05-06T04:02:00.000Z,2025-05-06T04:09:00.000Z,BUY,0.01,1,1,10.00,1,20980.00
2025-05-06T04:09:00.000Z,2025-05-06T04:37:00.000Z,BUY,0.01,1,1,10.00,1,20990.00
2025-05-06T04:37:00.000Z,2025-05-06T04:42:00.000Z,BUY,0.01,1,1,10.00,1,21000.00
2025-05-06T04:42:00.000Z,2025-05-06T15:40:00.000Z,BUY,0.01,3,1,10.00,3,21010.00
2025-05-06T15:40:00.000Z,2025-05-06T18:33:00.000Z,BUY,0.01,1,1,10.00,1,21020.00
2025-05-06T18:33:00.000Z,2025-05-06T19:46:00.000Z,BUY,0.01,1,1,10.00,1,21030.00
2025-05-06T19:46:00.000Z,2025-05-06T22:48:00.000Z,BUY,0.01,1,1,10.00,1,21040.00
2025-05-06T22:48:00.000Z,2025-05-06T23:48:00.000Z,BUY,0.01,1,1,10.00,1,21050.00
2025-05-06T23:48:00.000Z,2025-05-07T01:09:00.000Z,BUY,0.01,2,1,10.00,2,21060.00
2025-05-07T01:09:00.000Z,2025-05-07T01:10:00.000Z,BUY,0.01,1,1,10.00,1,21070.00
2025-05-07T01:10:00.000Z,2025-05-07T02:00:00.000Z,BUY,0.01,2,1,10.00,2,21080.00
2025-05-07T02:00:00.000Z,2025-05-07T02:10:00.000Z,BUY,0.01,1,1,10.00,1,21090.00
2025-05-07T02:10:00.000Z,2025-05-07T02:52:00.000Z,BUY,0.01,1,1,10.00,1,21100.00
2025-05-07T02:52:00.000Z,2025-05-07T03:42:00.000Z,BUY,0.01,2,1,10.00,2,21110.00
2025-05-07T03:42:00.000Z,2025-05-07T04:02:00.000Z,BUY,0.01,1,1,10.00,1,21120.00
2025-05-07T04:02:00.000Z,2025-05-07T05:22:00.000Z,BUY,0.01,3,1,10.00,3,21130.00
2025-05-07T05:22:00.000Z,2025-05-07T22:15:00.000Z,BUY,0.01,5,0,-2420.00,5,18710.00
2025-05-07T22:15:00.000Z,2025-05-08T03:18:00.000Z,BUY,0.01,1,1,10.00,1,18720.00
2025-05-08T03:18:00.000Z,2025-05-08T04:03:00.000Z,BUY,0.01,1,1,10.00,1,18730.00
2025-05-08T04:03:00.000Z,2025-05-08T04:52:00.000Z,BUY,0.01,1,1,10.00,1,18740.00
2025-05-08T04:52:00.000Z,2025-05-08T05:01:00.000Z,BUY,0.01,1,1,10.00,1,18750.00
2025-05-08T05:01:00.000Z,2025-05-08T07:59:00.000Z,BUY,0.01,2,1,10.00,2,18760.00
2025-05-08T07:59:00.000Z,2025-05-08T09:00:00.000Z,BUY,0.01,2,1,10.00,2,18770.00
2025-05-08T09:00:00.000Z,2025-05-08T09:48:00.000Z,BUY,0.01,2,1,10.00,2,18780.00
2025-05-08T09:48:00.000Z,2025-05-08T10:02:00.000Z,BUY,0.01,1,1,10.00,1,18790.00
2025-05-08T10:02:00.000Z,2025-05-08T10:34:00.000Z,BUY,0.01,1,1,10.00,1,18800.00
2025-05-08T10:34:00.000Z,2025-05-08T15:24:00.000Z,BUY,0.01,1,1,10.00,1,18810.00
2025-05-08T15:24:00.000Z,2025-05-08T16:18:00.000Z,BUY,0.01,1,1,10.00,1,18820.00
2025-05-08T16:18:00.000Z,2025-05-08T18:46:00.000Z,BUY,0.01,2,1,10.00,2,18830.00
2025-05-08T18:46:00.000Z,2025-05-08T20:04:00.000Z,BUY,0.01,2,1,10.00,2,18840.00
2025-05-08T20:04:00.000Z,2025-05-09T01:07:00.000Z,BUY,0.01,1,1,10.00,1,18850.00
2025-05-09T01:07:00.000Z,2025-05-09T05:09:00.000Z,BUY,0.01,2,1,10.00,2,18860.00
2025-05-09T05:09:00.000Z,2025-05-09T05:41:00.000Z,BUY,0.01,1,1,10.00,1,18870.00
2025-05-09T05:41:00.000Z,2025-05-09T05:53:00.000Z,BUY,0.01,1,1,10.00,1,18880.00
2025-05-09T05:53:00.000Z,2025-05-09T07:11:00.000Z,BUY,0.01,1,1,10.00,1,18890.00
2025-05-09T07:11:00.000Z,2025-05-09T07:56:00.000Z,BUY,0.01,1,1,10.00,1,18900.00
2025-05-09T07:56:00.000Z,2025-05-09T14:27:00.000Z,BUY,0.01,1,1,10.00,1,18910.00
2025-05-09T14:27:00.000Z,2025-05-09T18:38:00.000Z,BUY,0.01,1,1,10.00,1,18920.00
2025-05-09T18:38:00.000Z,2025-05-12T01:00:00.000Z,BUY,0.01,2,1,10.00,2,18930.00
2025-05-12T01:00:00.000Z,2025-05-12T01:00:00.000Z,BUY,0.01,2,1,10.00,2,18940.00
2025-05-12T01:00:00.000Z,2025-05-12T01:01:00.000Z,BUY,0.01,1,1,10.00,1,18950.00
2025-05-12T01:01:00.000Z,2025-05-12T04:12:00.000Z,BUY,0.01,2,1,10.00,2,18960.00
2025-05-12T04:12:00.000Z,2025-05-12T04:49:00.000Z,BUY,0.01,1,1,10.00,1,18970.00
2025-05-12T04:49:00.000Z,2025-05-12T10:07:00.000Z,BUY,0.01,2,1,10.00,2,18980.00
2025-05-12T10:07:00.000Z,2025-05-12T12:55:00.000Z,BUY,0.01,2,1,10.00,2,18990.00
2025-05-12T12:55:00.000Z,2025-05-12T14:52:00.000Z,BUY,0.01,1,1,10.00,1,19000.00
2025-05-12T14:52:00.000Z,2025-05-12T16:00:00.000Z,BUY,0.01,1,1,10.00,1,19010.00
2025-05-12T16:00:00.000Z,2025-05-12T16:08:00.000Z,BUY,0.01,1,1,10.00,1,19020.00
2025-05-12T16:08:00.000Z,2025-05-13T04:45:00.000Z,BUY,0.01,2,1,10.00,2,19030.00
2025-05-13T04:45:00.000Z,2025-05-13T04:50:00.000Z,BUY,0.01,1,1,10.00,1,19040.00
2025-05-13T04:50:00.000Z,2025-05-13T05:42:00.000Z,BUY,0.01,1,1,10.00,1,19050.00
2025-05-13T05:42:00.000Z,2025-05-13T07:41:00.000Z,BUY,0.01,1,1,10.00,1,19060.00
2025-05-13T07:41:00.000Z,2025-05-13T08:13:00.000Z,BUY,0.01,1,1,10.00,1,19070.00
2025-05-13T08:13:00.000Z,2025-05-13T16:59:00.000Z,BUY,0.01,2,1,10.00,2,19080.00
2025-05-13T16:59:00.000Z,2025-05-13T17:19:00.000Z,BUY,0.01,1,1,10.00,1,19090.00
2025-05-13T17:19:00.000Z,2025-05-13T17:44:00.000Z,BUY,0.01,1,1,10.00,1,19100.00
2025-05-13T17:44:00.000Z,2025-05-14T15:02:00.000Z,BUY,0.01,2,1,10.00,2,19110.00
2025-05-14T15:02:00.000Z,2025-05-14T15:54:00.000Z,BUY,0.01,2,1,10.00,2,19120.00
2025-05-14T15:54:00.000Z,2025-05-14T16:53:00.000Z,BUY,0.01,1,1,10.00,1,19130.00
2025-05-14T16:53:00.000Z,2025-05-14T22:02:00.000Z,BUY,0.01,2,1,10.00,2,19140.00
2025-05-14T22:02:00.000Z,2025-05-14T22:40:00.000Z,BUY,0.01,1,1,10.00,1,19150.00
2025-05-14T22:40:00.000Z,2025-05-15T04:00:00.000Z,BUY,0.01,1,1,10.00,1,19160.00
2025-05-15T04:00:00.000Z,2025-05-15T05:38:00.000Z,BUY,0.01,2,1,10.00,2,19170.00
2025-05-15T05:38:00.000Z,2025-05-15T08:55:00.000Z,BUY,0.01,2,1,10.00,2,19180.00
2025-05-15T08:55:00.000Z,2025-05-15T09:26:00.000Z,BUY,0.01,1,1,10.00,1,19190.00
2025-05-15T09:26:00.000Z,2025-05-15T09:40:00.000Z,BUY,0.01,1,1,10.00,1,19200.00
2025-05-15T09:40:00.000Z,2025-05-15T11:43:00.000Z,BUY,0.01,1,1,10.00,1,19210.00
2025-05-15T11:43:00.000Z,2025-05-15T12:19:00.000Z,BUY,0.01,1,1,10.00,1,19220.00
2025-05-15T12:19:00.000Z,2025-05-15T14:01:00.000Z,BUY,0.01,1,1,10.00,1,19230.00
2025-05-15T14:01:00.000Z,2025-05-15T16:03:00.000Z,BUY,0.01,1,1,10.00,1,19240.00
2025-05-15T16:03:00.000Z,2025-05-15T17:10:00.000Z,BUY,0.01,1,1,10.00,1,19250.00
2025-05-15T17:10:00.000Z,2025-05-15T18:09:00.000Z,BUY,0.01,1,1,10.00,1,19260.00
2025-05-15T18:09:00.000Z,2025-05-15T19:20:00.000Z,BUY,0.01,1,1,10.00,1,19270.00
2025-05-15T19:20:00.000Z,2025-05-15T22:52:00.000Z,BUY,0.01,1,1,10.00,1,19280.00
2025-05-15T22:52:00.000Z,2025-05-16T01:03:00.000Z,BUY,0.01,1,1,10.00,1,19290.00
2025-05-16T01:03:00.000Z,2025-05-16T01:57:00.000Z,BUY,0.01,1,1,10.00,1,19300.00
2025-05-16T01:57:00.000Z,2025-05-16T04:26:00.000Z,BUY,0.01,2,1,10.00,2,19310.00
2025-05-16T04:26:00.000Z,2025-05-16T13:46:00.000Z,BUY,0.01,2,1,10.00,2,19320.00
2025-05-16T13:46:00.000Z,2025-05-16T14:54:00.000Z,BUY,0.01,2,1,10.00,2,19330.00
2025-05-16T14:54:00.000Z,2025-05-16T15:23:00.000Z,BUY,0.01,1,1,10.00,1,19340.00
2025-05-16T15:23:00.000Z,2025-05-16T16:00:00.000Z,BUY,0.01,1,1,10.00,1,19350.00
2025-05-16T16:00:00.000Z,2025-05-16T22:07:00.000Z,BUY,0.01,1,1,10.00,1,19360.00
2025-05-16T22:07:00.000Z,2025-05-16T23:05:00.000Z,BUY,0.01,1,1,10.00,1,19370.00
2025-05-16T23:05:00.000Z,2025-05-19T01:00:00.000Z,BUY,0.01,1,1,10.00,1,19380.00
2025-05-19T01:00:00.000Z,2025-05-19T01:16:00.000Z,BUY,0.01,1,1,10.00,1,19390.00
2025-05-19T01:16:00.000Z,2025-05-19T01:19:00.000Z,BUY,0.01,1,1,10.00,1,19400.00
2025-05-19T01:19:00.000Z,2025-05-19T02:03:00.000Z,BUY,0.01,1,1,10.00,1,19410.00
2025-05-19T02:03:00.000Z,2025-05-19T06:48:00.000Z,BUY,0.01,2,1,10.00,2,19420.00
2025-05-19T06:48:00.000Z,2025-05-19T08:59:00.000Z,BUY,0.01,1,1,10.00,1,19430.00
2025-05-19T08:59:00.000Z,2025-05-19T10:50:00.000Z,BUY,0.01,1,1,10.00,1,19440.00
2025-05-19T10:50:00.000Z,2025-05-19T11:55:00.000Z,BUY,0.01,1,1,10.00,1,19450.00
2025-05-19T11:55:00.000Z,2025-05-20T05:10:00.000Z,BUY,0.01,2,1,10.00,2,19460.00
2025-05-20T05:10:00.000Z,2025-05-20T10:46:00.000Z,BUY,0.01,1,1,10.00,1,19470.00
2025-05-20T10:46:00.000Z,2025-05-20T11:59:00.000Z,BUY,0.01,1,1,10.00,1,19480.00
2025-05-20T11:59:00.000Z,2025-05-20T15:32:00.000Z,BUY,0.01,1,1,10.00,1,19490.00
2025-05-20T15:32:00.000Z,2025-05-20T16:57:00.000Z,BUY,0.01,1,1,10.00,1,19500.00
2025-05-20T16:57:00.000Z,2025-05-20T17:03:00.000Z,BUY,0.01,1,1,10.00,1,19510.00
2025-05-20T17:03:00.000Z,2025-05-20T17:08:00.000Z,BUY,0.01,1,1,10.00,1,19520.00
2025-05-20T17:08:00.000Z,2025-05-20T20:39:00.000Z,BUY,0.01,1,1,10.00,1,19530.00
2025-05-20T20:39:00.000Z,2025-05-21T01:08:00.000Z,BUY,0.01,1,1,10.00,1,19540.00
2025-05-21T01:08:00.000Z,2025-05-21T04:00:00.000Z,BUY,0.01,1,1,10.00,1,19550.00
2025-05-21T04:00:00.000Z,2025-05-21T08:53:00.000Z,BUY,0.01,3,1,10.00,3,19560.00
2025-05-21T08:53:00.000Z,2025-05-22T04:05:00.000Z,BUY,0.01,3,1,10.00,3,19570.00
2025-05-22T04:05:00.000Z,2025-05-22T04:24:00.000Z,BUY,0.01,1,1,10.00,1,19580.00
2025-05-22T04:24:00.000Z,2025-05-22T12:01:00.000Z,BUY,0.01,2,1,10.00,2,19590.00
2025-05-22T12:01:00.000Z,2025-05-23T03:52:00.000Z,BUY,0.01,5,0,-2420.00,5,17170.00
2025-05-23T03:52:00.000Z,2025-05-23T03:56:00.000Z,BUY,0.01,1,1,10.00,1,17180.00
2025-05-23T03:56:00.000Z,2025-05-23T07:17:00.000Z,BUY,0.01,1,1,10.00,1,17190.00
2025-05-23T07:17:00.000Z,2025-05-23T08:15:00.000Z,BUY,0.01,1,1,10.00,1,17200.00
2025-05-23T08:15:00.000Z,2025-05-23T09:03:00.000Z,BUY,0.01,1,1,10.00,1,17210.00
2025-05-23T09:03:00.000Z,2025-05-23T14:47:00.000Z,BUY,0.01,1,1,10.00,1,17220.00
2025-05-23T14:47:00.000Z,2025-05-23T14:50:00.000Z,BUY,0.01,1,1,10.00,1,17230.00
2025-05-23T14:50:00.000Z,2025-05-23T15:37:00.000Z,BUY,0.01,1,1,10.00,1,17240.00
2025-05-23T15:37:00.000Z,2025-05-26T12:25:00.000Z,BUY,0.01,4,1,10.00,4,17250.00
2025-05-26T12:25:00.000Z,2025-05-26T18:18:00.000Z,BUY,0.01,1,1,10.00,1,17260.00
2025-05-26T18:18:00.000Z,2025-05-27T03:14:00.000Z,BUY,0.01,1,1,10.00,1,17270.00
2025-05-27T03:14:00.000Z,2025-05-27T08:46:00.000Z,BUY,0.01,2,1,10.00,2,17280.00
2025-05-27T08:46:00.000Z,2025-05-27T14:21:00.000Z,BUY,0.01,2,1,10.00,2,17290.00
2025-05-27T14:21:00.000Z,2025-05-27T16:31:00.000Z,BUY,0.01,1,1,10.00,1,17300.00
2025-05-27T16:31:00.000Z,2025-05-28T02:25:00.000Z,BUY,0.01,1,1,10.00,1,17310.00
2025-05-28T02:25:00.000Z,2025-05-28T10:48:00.000Z,BUY,0.01,1,1,10.00,1,17320.00
2025-05-28T10:48:00.000Z,2025-05-28T19:45:00.000Z,BUY,0.01,2,1,10.00,2,17330.00
2025-05-28T19:45:00.000Z,2025-05-28T21:08:00.000Z,BUY,0.01,1,1,10.00,1,17340.00
2025-05-28T21:08:00.000Z,2025-05-29T02:11:00.000Z,BUY,0.01,2,1,10.00,2,17350.00
2025-05-29T02:11:00.000Z,2025-05-29T10:15:00.000Z,BUY,0.01,3,1,10.00,3,17360.00
2025-05-29T10:15:00.000Z,2025-05-29T13:16:00.000Z,BUY,0.01,1,1,10.00,1,17370.00
2025-05-29T13:16:00.000Z,2025-05-29T14:29:00.000Z,BUY,0.01,1,1,10.00,1,17380.00
2025-05-29T14:29:00.000Z,2025-05-29T15:30:00.000Z,BUY,0.01,1,1,10.00,1,17390.00
2025-05-29T15:30:00.000Z,2025-05-29T16:32:00.000Z,BUY,0.01,1,1,10.00,1,17400.00
2025-05-29T16:32:00.000Z,2025-05-30T06:45:00.000Z,BUY,0.01,2,1,10.00,2,17410.00
2025-05-30T06:45:00.000Z,2025-05-30T08:51:00.000Z,BUY,0.01,1,1,10.00,1,17420.00
2025-05-30T08:51:00.000Z,2025-05-30T17:02:00.000Z,BUY,0.01,2,1,10.00,2,17430.00
2025-05-30T17:02:00.000Z,2025-05-30T17:08:00.000Z,BUY,0.01,1,1,10.00,1,17440.00
2025-05-30T17:08:00.000Z,2025-05-30T18:44:00.000Z,BUY,0.01,1,1,10.00,1,17450.00
2025-05-30T18:44:00.000Z,2025-06-02T01:01:00.000Z,BUY,0.01,1,1,10.00,1,17460.00
2025-06-02T01:01:00.000Z,2025-06-02T01:56:00.000Z,BUY,0.01,1,1,10.00,1,17470.00
2025-06-02T01:56:00.000Z,2025-06-02T08:44:00.000Z,BUY,0.01,1,1,10.00,1,17480.00
2025-06-02T08:44:00.000Z,2025-06-02T09:19:00.000Z,BUY,0.01,1,1,10.00,1,17490.00
2025-06-02T09:19:00.000Z,2025-06-02T09:44:00.000Z,BUY,0.01,1,1,10.00,1,17500.00
2025-06-02T09:44:00.000Z,2025-06-02T10:15:00.000Z,BUY,0.01,1,1,10.00,1,17510.00
2025-06-02T10:15:00.000Z,2025-06-02T16:42:00.000Z,BUY,0.01,1,1,10.00,1,17520.00
2025-06-02T16:42:00.000Z,2025-06-02T16:54:00.000Z,BUY,0.01,1,1,10.00,1,17530.00
2025-06-02T16:54:00.000Z,2025-06-03T01:00:00.000Z,BUY,0.01,1,1,10.00,1,17540.00
2025-06-03T01:00:00.000Z,2025-06-03T09:42:00.000Z,BUY,0.01,2,1,10.00,2,17550.00
2025-06-03T09:42:00.000Z,2025-06-03T11:05:00.000Z,BUY,0.01,1,1,10.00,1,17560.00
2025-06-03T11:05:00.000Z,2025-06-03T17:03:00.000Z,BUY,0.01,2,1,10.00,2,17570.00
2025-06-03T17:03:00.000Z,2025-06-03T17:27:00.000Z,BUY,0.01,1,1,10.00,1,17580.00
2025-06-03T17:27:00.000Z,2025-06-03T22:08:00.000Z,BUY,0.01,1,1,10.00,1,17590.00
2025-06-03T22:08:00.000Z,2025-06-04T04:32:00.000Z,BUY,0.01,1,1,10.00,1,17600.00
2025-06-04T04:32:00.000Z,2025-06-04T17:37:00.000Z,BUY,0.01,3,1,10.00,3,17610.00
2025-06-04T17:37:00.000Z,2025-06-05T12:28:00.000Z,BUY,0.01,1,1,10.00,1,17620.00
2025-06-05T12:28:00.000Z,2025-06-05T13:31:00.000Z,BUY,0.01,1,1,10.00,1,17630.00
2025-06-05T13:31:00.000Z,2025-06-05T17:48:00.000Z,BUY,0.01,2,1,10.00,2,17640.00
2025-06-05T17:48:00.000Z,2025-06-06T17:07:00.000Z,BUY,0.01,4,1,10.00,4,17650.00
2025-06-06T17:07:00.000Z,2025-06-09T03:18:00.000Z,BUY,0.01,2,1,10.00,2,17660.00
2025-06-09T03:18:00.000Z,2025-06-09T08:49:00.000Z,BUY,0.01,1,1,10.00,1,17670.00
2025-06-09T08:49:00.000Z,2025-06-09T10:23:00.000Z,BUY,0.01,1,1,10.00,1,17680.00
2025-06-09T10:23:00.000Z,2025-06-09T19:50:00.000Z,BUY,0.01,1,1,10.00,1,17690.00
2025-06-09T19:50:00.000Z,2025-06-10T04:33:00.000Z,BUY,0.01,2,1,10.00,2,17700.00
2025-06-10T04:33:00.000Z,2025-06-10T08:35:00.000Z,BUY,0.01,1,1,10.00,1,17710.00
2025-06-10T08:35:00.000Z,2025-06-10T09:31:00.000Z,BUY,0.01,1,1,10.00,1,17720.00
2025-06-10T09:31:00.000Z,2025-06-10T14:10:00.000Z,BUY,0.01,1,1,10.00,1,17730.00
2025-06-10T14:10:00.000Z,2025-06-10T16:45:00.000Z,BUY,0.01,1,1,10.00,1,17740.00
2025-06-10T16:45:00.000Z,2025-06-11T02:21:00.000Z,BUY,0.01,2,1,10.00,2,17750.00
2025-06-11T02:21:00.000Z,2025-06-11T03:06:00.000Z,BUY,0.01,1,1,10.00,1,17760.00
2025-06-11T03:06:00.000Z,2025-06-11T05:48:00.000Z,BUY,0.01,1,1,10.00,1,17770.00
2025-06-11T05:48:00.000Z,2025-06-11T15:30:00.000Z,BUY,0.01,1,1,10.00,1,17780.00
2025-06-11T15:30:00.000Z,2025-06-11T15:35:00.000Z,BUY,0.01,1,1,10.00,1,17790.00
2025-06-11T15:35:00.000Z,2025-06-11T16:45:00.000Z,BUY,0.01,2,1,10.00,2,17800.00
2025-06-11T16:45:00.000Z,2025-06-11T17:42:00.000Z,BUY,0.01,1,1,10.00,1,17810.00
2025-06-11T17:42:00.000Z,2025-06-11T23:25:00.000Z,BUY,0.01,3,1,10.00,3,17820.00
2025-06-11T23:25:00.000Z,2025-06-12T01:09:00.000Z,BUY,0.01,1,1,10.00,1,17830.00
2025-06-12T01:09:00.000Z,2025-06-12T02:00:00.000Z,BUY,0.01,1,1,10.00,1,17840.00
2025-06-12T02:00:00.000Z,2025-06-12T10:44:00.000Z,BUY,0.01,2,1,10.00,2,17850.00
2025-06-12T10:44:00.000Z,2025-06-12T11:02:00.000Z,BUY,0.01,1,1,10.00,1,17860.00
2025-06-12T11:02:00.000Z,2025-06-12T11:33:00.000Z,BUY,0.01,1,1,10.00,1,17870.00
2025-06-12T11:33:00.000Z,2025-06-12T13:18:00.000Z,BUY,0.01,1,1,10.00,1,17880.00
2025-06-12T13:18:00.000Z,2025-06-12T13:30:00.000Z,BUY,0.01,1,1,10.00,1,17890.00
2025-06-12T13:30:00.000Z,2025-06-12T16:03:00.000Z,BUY,0.01,1,1,10.00,1,17900.00
2025-06-12T16:03:00.000Z,2025-06-13T03:02:00.000Z,BUY,0.01,1,1,10.00,1,17910.00
2025-06-13T03:02:00.000Z,2025-06-13T03:10:00.000Z,BUY,0.01,1,1,10.00,1,17920.00
2025-06-13T03:10:00.000Z,2025-06-13T04:13:00.000Z,BUY,0.01,1,1,10.00,1,17930.00
2025-06-13T04:13:00.000Z,2025-06-13T04:46:00.000Z,BUY,0.01,1,1,10.00,1,17940.00
2025-06-13T04:46:00.000Z,2025-06-13T05:54:00.000Z,BUY,0.01,1,1,10.00,1,17950.00
2025-06-13T05:54:00.000Z,2025-06-13T09:47:00.000Z,BUY,0.01,2,1,10.00,2,17960.00
2025-06-13T09:47:00.000Z,2025-06-13T11:14:00.000Z,BUY,0.01,1,1,10.00,1,17970.00
2025-06-13T11:14:00.000Z,2025-06-13T15:37:00.000Z,BUY,0.01,1,1,10.00,1,17980.00
2025-06-13T15:37:00.000Z,2025-06-13T16:26:00.000Z,BUY,0.01,1,1,10.00,1,17990.00
2025-06-13T16:26:00.000Z,2025-06-16T10:11:00.000Z,BUY,0.01,4,1,10.00,4,18000.00
2025-06-16T10:11:00.000Z,2025-06-16T16:56:00.000Z,BUY,0.01,2,1,10.00,2,18010.00
2025-06-16T16:56:00.000Z,2025-06-16T17:01:00.000Z,BUY,0.01,1,1,10.00,1,18020.00
2025-06-16T17:01:00.000Z,2025-06-16T18:25:00.000Z,BUY,0.01,1,1,10.00,1,18030.00
2025-06-16T18:25:00.000Z,2025-06-17T06:23:00.000Z,BUY,0.01,2,1,10.00,2,18040.00
2025-06-17T06:23:00.000Z,2025-06-17T06:28:00.000Z,BUY,0.01,1,1,10.00,1,18050.00
2025-06-17T06:28:00.000Z,2025-06-17T07:46:00.000Z,BUY,0.01,1,1,10.00,1,18060.00
2025-06-17T07:46:00.000Z,2025-06-18T17:20:00.000Z,BUY,0.01,5,0,-2420.00,5,15640.00
2025-06-18T17:20:00.000Z,2025-06-18T17:30:00.000Z,BUY,0.01,1,1,10.00,1,15650.00
2025-06-18T17:30:00.000Z,2025-06-18T19:01:00.000Z,BUY,0.01,1,1,10.00,1,15660.00
2025-06-18T19:01:00.000Z,2025-06-18T22:30:00.000Z,BUY,0.01,2,1,10.00,2,15670.00
2025-06-18T22:30:00.000Z,2025-06-19T01:13:00.000Z,BUY,0.01,1,1,10.00,1,15680.00
2025-06-19T01:13:00.000Z,2025-06-19T04:05:00.000Z,BUY,0.01,1,1,10.00,1,15690.00
2025-06-19T04:05:00.000Z,2025-06-19T09:08:00.000Z,BUY,0.01,2,1,10.00,2,15700.00
2025-06-19T09:08:00.000Z,2025-06-19T10:39:00.000Z,BUY,0.01,1,1,10.00,1,15710.00
2025-06-19T10:39:00.000Z,2025-06-19T13:23:00.000Z,BUY,0.01,1,1,10.00,1,15720.00
2025-06-19T13:23:00.000Z,2025-06-20T06:11:00.000Z,BUY,0.01,2,1,10.00,2,15730.00
2025-06-20T06:11:00.000Z,2025-06-20T06:58:00.000Z,BUY,0.01,1,1,10.00,1,15740.00
2025-06-20T06:58:00.000Z,2025-06-20T16:45:00.000Z,BUY,0.01,1,1,10.00,1,15750.00
2025-06-20T16:45:00.000Z,2025-06-23T01:00:00.000Z,BUY,0.01,1,1,10.00,1,15760.00
2025-06-23T01:00:00.000Z,2025-06-23T01:00:00.000Z,BUY,0.01,1,1,10.00,1,15770.00
2025-06-23T01:00:00.000Z,2025-06-23T04:22:00.000Z,BUY,0.01,2,1,10.00,2,15780.00
2025-06-23T04:22:00.000Z,2025-06-23T12:14:00.000Z,BUY,0.01,1,1,10.00,1,15790.00
2025-06-23T12:14:00.000Z,2025-06-23T14:19:00.000Z,BUY,0.01,1,1,10.00,1,15800.00
2025-06-23T14:19:00.000Z,2025-06-23T16:52:00.000Z,BUY,0.01,3,1,10.00,3,15810.00
2025-06-23T16:52:00.000Z,2025-06-24T01:14:00.000Z,BUY,0.01,2,1,10.00,2,15820.00
2025-06-24T01:14:00.000Z,2025-06-24T08:54:00.000Z,BUY,0.01,4,1,10.00,4,15830.00
2025-06-24T08:54:00.000Z,2025-06-24T16:40:00.000Z,BUY,0.01,2,1,10.00,2,15840.00
2025-06-24T16:40:00.000Z,2025-06-24T17:09:00.000Z,BUY,0.01,1,1,10.00,1,15850.00
2025-06-24T17:09:00.000Z,2025-06-24T19:53:00.000Z,BUY,0.01,1,1,10.00,1,15860.00
2025-06-24T19:53:00.000Z,2025-06-25T03:22:00.000Z,BUY,0.01,1,1,10.00,1,15870.00
2025-06-25T03:22:00.000Z,2025-06-26T02:51:00.000Z,BUY,0.01,1,1,10.00,1,15880.00
2025-06-26T02:51:00.000Z,2025-06-26T11:49:00.000Z,BUY,0.01,1,1,10.00,1,15890.00
2025-06-26T11:49:00.000Z,2025-06-26T16:09:00.000Z,BUY,0.01,2,1,10.00,2,15900.00
2025-06-26T16:09:00.000Z,2025-06-26T19:21:00.000Z,BUY,0.01,1,1,10.00,1,15910.00
2025-06-26T19:21:00.000Z,2025-06-27T06:41:00.000Z,BUY,0.01,2,1,10.00,2,15920.00
2025-06-27T06:41:00.000Z,2025-06-27T16:00:00.000Z,BUY,0.01,2,1,10.00,2,15930.00
2025-06-27T16:00:00.000Z,2025-06-27T20:48:00.000Z,BUY,0.01,1,1,10.00,1,15940.00
2025-06-27T20:48:00.000Z,2025-06-30T01:28:00.000Z,BUY,0.01,2,1,10.00,2,15950.00
2025-06-30T01:28:00.000Z,2025-06-30T01:35:00.000Z,BUY,0.01,1,1,10.00,1,15960.00
2025-06-30T01:35:00.000Z,2025-06-30T02:02:00.000Z,BUY,0.01,1,1,10.00,1,15970.00
2025-06-30T02:02:00.000Z,2025-06-30T05:03:00.000Z,BUY,0.01,1,1,10.00,1,15980.00
2025-06-30T05:03:00.000Z,2025-06-30T08:51:00.000Z,BUY,0.01,1,1,10.00,1,15990.00
2025-06-30T08:51:00.000Z,2025-06-30T22:08:00.000Z,BUY,0.01,1,1,10.00,1,16000.00
2025-06-30T22:08:00.000Z,2025-07-01T01:50:00.000Z,BUY,0.01,1,1,10.00,1,16010.00
2025-07-01T01:50:00.000Z,2025-07-01T04:26:00.000Z,BUY,0.01,1,1,10.00,1,16020.00
2025-07-01T04:26:00.000Z,2025-07-01T08:32:00.000Z,BUY,0.01,1,1,10.00,1,16030.00
2025-07-01T08:32:00.000Z,2025-07-01T11:03:00.000Z,BUY,0.01,1,1,10.00,1,16040.00
2025-07-01T11:03:00.000Z,2025-07-01T14:04:00.000Z,BUY,0.01,1,1,10.00,1,16050.00
2025-07-01T14:04:00.000Z,2025-07-03T01:15:00.000Z,BUY,0.01,3,1,10.00,3,16060.00
2025-07-03T01:15:00.000Z,2025-07-03T15:30:00.000Z,BUY,0.01,2,1,10.00,2,16070.00
2025-07-03T15:30:00.000Z,2025-07-04T10:42:00.000Z,BUY,0.01,3,1,10.00,3,16080.00
2025-07-04T10:42:00.000Z,2025-07-07T04:14:00.000Z,BUY,0.01,2,1,10.00,2,16090.00
2025-07-07T04:14:00.000Z,2025-07-07T19:12:00.000Z,BUY,0.01,1,1,10.00,1,16100.00
2025-07-07T19:12:00.000Z,2025-07-07T20:14:00.000Z,BUY,0.01,1,1,10.00,1,16110.00
2025-07-07T20:14:00.000Z,2025-07-08T01:05:00.000Z,BUY,0.01,1,1,10.00,1,16120.00
2025-07-08T01:05:00.000Z,2025-07-08T17:04:00.000Z,BUY,0.01,2,1,10.00,2,16130.00
2025-07-08T17:04:00.000Z,2025-07-10T04:17:00.000Z,BUY,0.01,3,1,10.00,3,16140.00
2025-07-10T04:17:00.000Z,2025-07-11T03:32:00.000Z,BUY,0.01,1,1,10.00,1,16150.00
2025-07-11T03:32:00.000Z,2025-07-11T09:25:00.000Z,BUY,0.01,1,1,10.00,1,16160.00
2025-07-11T09:25:00.000Z,2025-07-11T15:42:00.000Z,BUY,0.01,1,1,10.00,1,16170.00
2025-07-11T15:42:00.000Z,2025-07-11T18:05:00.000Z,BUY,0.01,1,1,10.00,1,16180.00
2025-07-11T18:05:00.000Z,2025-07-14T10:29:00.000Z,BUY,0.01,1,1,10.00,1,16190.00
2025-07-14T10:29:00.000Z,2025-07-14T17:39:00.000Z,BUY,0.01,2,1,10.00,2,16200.00
2025-07-14T17:39:00.000Z,2025-07-15T06:12:00.000Z,BUY,0.01,1,1,10.00,1,16210.00
2025-07-15T06:12:00.000Z,2025-07-15T08:24:00.000Z,BUY,0.01,1,1,10.00,1,16220.00
2025-07-15T08:24:00.000Z,2025-07-15T18:29:00.000Z,BUY,0.01,2,1,10.00,2,16230.00
2025-07-15T18:29:00.000Z,2025-07-16T18:03:00.000Z,BUY,0.01,1,1,10.00,1,16240.00
2025-07-16T18:03:00.000Z,2025-07-16T18:16:00.000Z,BUY,0.01,1,1,10.00,1,16250.00
2025-07-16T18:16:00.000Z,2025-07-16T18:16:00.000Z,BUY,0.01,1,1,10.00,1,16260.00
2025-07-16T18:16:00.000Z,2025-07-16T18:30:00.000Z,BUY,0.01,1,1,10.00,1,16270.00
2025-07-16T18:30:00.000Z,2025-07-16T18:55:00.000Z,BUY,0.01,2,1,10.00,2,16280.00
2025-07-16T18:55:00.000Z,2025-07-16T20:48:00.000Z,BUY,0.01,1,1,10.00,1,16290.00
2025-07-16T20:48:00.000Z,2025-07-17T10:50:00.000Z,BUY,0.01,2,1,10.00,2,16300.00
2025-07-17T10:50:00.000Z,2025-07-17T18:01:00.000Z,BUY,0.01,1,1,10.00,1,16310.00
2025-07-17T18:01:00.000Z,2025-07-18T10:23:00.000Z,BUY,0.01,1,1,10.00,1,16320.00
2025-07-18T10:23:00.000Z,2025-07-18T14:46:00.000Z,BUY,0.01,1,1,10.00,1,16330.00
2025-07-18T14:46:00.000Z,2025-07-21T08:26:00.000Z,BUY,0.01,1,1,10.00,1,16340.00
2025-07-21T08:26:00.000Z,2025-07-21T15:02:00.000Z,BUY,0.01,1,1,10.00,1,16350.00
2025-07-21T15:02:00.000Z,2025-07-21T15:43:00.000Z,BUY,0.01,1,1,10.00,1,16360.00
2025-07-21T15:43:00.000Z,2025-07-21T17:27:00.000Z,BUY,0.01,1,1,10.00,1,16370.00
2025-07-21T17:27:00.000Z,2025-07-22T15:59:00.000Z,BUY,0.01,1,1,10.00,1,16380.00
2025-07-22T15:59:00.000Z,2025-07-22T16:43:00.000Z,BUY,0.01,1,1,10.00,1,16390.00
2025-07-22T16:43:00.000Z,2025-07-22T18:03:00.000Z,BUY,0.01,1,1,10.00,1,16400.00
2025-07-22T18:03:00.000Z,2025-07-23T03:24:00.000Z,BUY,0.01,1,1,10.00,1,16410.00
2025-07-23T03:24:00.000Z,2025-07-23T16:23:00.000Z,BUY,0.01,2,1,10.00,2,16420.00
2025-07-23T16:23:00.000Z,2025-07-23T17:05:00.000Z,BUY,0.01,1,1,10.00,1,16430.00
2025-07-23T17:05:00.000Z,2025-07-23T19:02:00.000Z,BUY,0.01,2,1,10.00,2,16440.00
2025-07-23T19:02:00.000Z,2025-07-24T15:01:00.000Z,BUY,0.01,2,1,10.00,2,16450.00
2025-07-24T15:01:00.000Z,2025-07-24T16:46:00.000Z,BUY,0.01,1,1,10.00,1,16460.00
2025-07-24T16:46:00.000Z,2025-07-25T14:40:00.000Z,BUY,0.01,2,1,10.00,2,16470.00
2025-07-25T14:40:00.000Z,2025-07-28T16:53:00.000Z,BUY,0.01,2,1,10.00,2,16480.00
2025-07-28T16:53:00.000Z,2025-07-29T04:42:00.000Z,BUY,0.01,1,1,10.00,1,16490.00
2025-07-29T04:42:00.000Z,2025-07-29T11:19:00.000Z,BUY,0.01,1,1,10.00,1,16500.00
2025-07-29T11:19:00.000Z,2025-07-30T16:56:00.000Z,BUY,0.01,2,1,10.00,2,16510.00
2025-07-30T16:56:00.000Z,2025-07-30T22:37:00.000Z,BUY,0.01,2,1,10.00,2,16520.00
2025-07-30T22:37:00.000Z,2025-07-31T01:18:00.000Z,BUY,0.01,1,1,10.00,1,16530.00
2025-07-31T01:18:00.000Z,2025-07-31T04:09:00.000Z,BUY,0.01,1,1,10.00,1,16540.00
2025-07-31T04:09:00.000Z,2025-07-31T08:57:00.000Z,BUY,0.01,1,1,10.00,1,16550.00
2025-07-31T08:57:00.000Z,2025-07-31T11:18:00.000Z,BUY,0.01,1,1,10.00,1,16560.00
2025-07-31T11:18:00.000Z,2025-08-01T15:32:00.000Z,BUY,0.01,3,1,10.00,3,16570.00
2025-08-01T15:32:00.000Z,2025-08-01T15:35:00.000Z,BUY,0.01,1,1,10.00,1,16580.00
2025-08-01T15:35:00.000Z,2025-08-01T15:46:00.000Z,BUY,0.01,1,1,10.00,1,16590.00
2025-08-01T15:46:00.000Z,2025-08-01T16:16:00.000Z,BUY,0.01,1,1,10.00,1,16600.00
2025-08-01T16:16:00.000Z,2025-08-01T23:32:00.000Z,BUY,0.01,1,1,10.00,1,16610.00
2025-08-01T23:32:00.000Z,2025-08-04T16:03:00.000Z,BUY,0.01,1,1,10.00,1,16620.00
2025-08-04T16:03:00.000Z,2025-08-04T16:48:00.000Z,BUY,0.01,1,1,10.00,1,16630.00
2025-08-04T16:48:00.000Z,2025-08-05T14:00:00.000Z,BUY,0.01,2,1,10.00,2,16640.00
2025-08-05T14:00:00.000Z,2025-08-05T15:30:00.000Z,BUY,0.01,1,1,10.00,1,16650.00
2025-08-05T15:30:00.000Z,2025-08-05T16:31:00.000Z,BUY,0.01,1,1,10.00,1,16660.00
2025-08-05T16:31:00.000Z,2025-08-05T17:35:00.000Z,BUY,0.01,1,1,10.00,1,16670.00
2025-08-05T17:35:00.000Z,2025-08-07T10:27:00.000Z,BUY,0.01,3,1,10.00,3,16680.00
2025-08-07T10:27:00.000Z,2025-08-08T01:05:00.000Z,BUY,0.01,3,1,10.00,3,16690.00
2025-08-08T01:05:00.000Z,2025-08-11T03:44:00.000Z,BUY,0.01,5,0,-2420.00,5,14270.00
2025-08-11T03:44:00.000Z,2025-08-11T12:54:00.000Z,BUY,0.01,2,1,10.00,2,14280.00
2025-08-11T12:54:00.000Z,2025-08-11T13:21:00.000Z,BUY,0.01,1,1,10.00,1,14290.00
2025-08-11T13:21:00.000Z,2025-08-12T17:17:00.000Z,BUY,0.01,2,1,10.00,2,14300.00
2025-08-12T17:17:00.000Z,2025-08-12T18:13:00.000Z,BUY,0.01,1,1,10.00,1,14310.00
2025-08-12T18:13:00.000Z,2025-08-12T18:28:00.000Z,BUY,0.01,1,1,10.00,1,14320.00
2025-08-12T18:28:00.000Z,2025-08-13T12:42:00.000Z,BUY,0.01,1,1,10.00,1,14330.00
2025-08-13T12:42:00.000Z,2025-08-14T03:30:00.000Z,BUY,0.01,1,1,10.00,1,14340.00
2025-08-14T03:30:00.000Z,2025-08-14T10:58:00.000Z,BUY,0.01,2,1,10.00,2,14350.00
2025-08-14T10:58:00.000Z,2025-08-14T12:14:00.000Z,BUY,0.01,1,1,10.00,1,14360.00
2025-08-14T12:14:00.000Z,2025-08-18T02:17:00.000Z,BUY,0.01,2,1,10.00,2,14370.00
2025-08-18T02:17:00.000Z,2025-08-18T03:14:00.000Z,BUY,0.01,1,1,10.00,1,14380.00
2025-08-18T03:14:00.000Z,2025-08-18T04:41:00.000Z,BUY,0.01,1,1,10.00,1,14390.00
2025-08-18T04:41:00.000Z,2025-08-18T07:42:00.000Z,BUY,0.01,1,1,10.00,1,14400.00
2025-08-18T07:42:00.000Z,2025-08-19T17:44:00.000Z,BUY,0.01,2,1,10.00,2,14410.00
2025-08-19T17:44:00.000Z,2025-08-20T15:17:00.000Z,BUY,0.01,1,1,10.00,1,14420.00
2025-08-20T15:17:00.000Z,2025-08-20T16:44:00.000Z,BUY,0.01,1,1,10.00,1,14430.00
2025-08-20T16:44:00.000Z,2025-08-22T17:10:00.000Z,BUY,0.01,5,1,10.00,5,14440.00
2025-08-22T17:10:00.000Z,2025-08-22T17:19:00.000Z,BUY,0.01,1,1,10.00,1,14450.00
2025-08-22T17:19:00.000Z,2025-08-22T18:04:00.000Z,BUY,0.01,1,1,10.00,1,14460.00
2025-08-22T18:04:00.000Z,2025-08-26T18:56:00.000Z,BUY,0.01,3,1,10.00,3,14470.00
2025-08-26T18:56:00.000Z,2025-08-27T19:48:00.000Z,BUY,0.01,1,1,10.00,1,14480.00
2025-08-27T19:48:00.000Z,2025-08-28T14:33:00.000Z,BUY,0.01,1,1,10.00,1,14490.00
2025-08-28T14:33:00.000Z,2025-08-28T19:49:00.000Z,BUY,0.01,1,1,10.00,1,14500.00
2025-08-28T19:49:00.000Z,2025-08-29T16:58:00.000Z,BUY,0.01,1,1,10.00,1,14510.00
2025-08-29T16:58:00.000Z,2025-08-29T17:31:00.000Z,BUY,0.01,1,1,10.00,1,14520.00
2025-08-29T17:31:00.000Z,2025-08-29T19:55:00.000Z,BUY,0.01,1,1,10.00,1,14530.00
2025-08-29T19:55:00.000Z,2025-09-01T04:59:00.000Z,BUY,0.01,1,1,10.00,1,14540.00
2025-09-01T04:59:00.000Z,2025-09-01T05:08:00.000Z,BUY,0.01,1,1,10.00,1,14550.00
2025-09-01T05:08:00.000Z,2025-09-01T05:56:00.000Z,BUY,0.01,1,1,10.00,1,14560.00
2025-09-01T05:56:00.000Z,2025-09-01T09:38:00.000Z,BUY,0.01,1,1,10.00,1,14570.00
2025-09-01T09:38:00.000Z,2025-09-02T04:41:00.000Z,BUY,0.01,3,1,10.00,3,14580.00
2025-09-02T04:41:00.000Z,2025-09-02T17:44:00.000Z,BUY,0.01,3,1,10.00,3,14590.00
2025-09-02T17:44:00.000Z,2025-09-02T18:59:00.000Z,BUY,0.01,1,1,10.00,1,14600.00
2025-09-02T18:59:00.000Z,2025-09-02T20:30:00.000Z,BUY,0.01,1,1,10.00,1,14610.00
2025-09-02T20:30:00.000Z,2025-09-03T03:24:00.000Z,BUY,0.01,1,1,10.00,1,14620.00
2025-09-03T03:24:00.000Z,2025-09-03T15:56:00.000Z,BUY,0.01,1,1,10.00,1,14630.00
2025-09-03T15:56:00.000Z,2025-09-03T16:29:00.000Z,BUY,0.01,1,1,10.00,1,14640.00
2025-09-03T16:29:00.000Z,2025-09-03T19:57:00.000Z,BUY,0.01,1,1,10.00,1,14650.00
2025-09-03T19:57:00.000Z,2025-09-04T05:13:00.000Z,BUY,0.01,2,1,10.00,2,14660.00
2025-09-04T05:13:00.000Z,2025-09-04T15:15:00.000Z,BUY,0.01,3,1,10.00,3,14670.00
2025-09-04T15:15:00.000Z,2025-09-05T15:30:00.000Z,BUY,0.01,1,1,10.00,1,14680.00
2025-09-05T15:30:00.000Z,2025-09-05T15:30:00.000Z,BUY,0.01,1,1,10.00,1,14690.00
2025-09-05T15:30:00.000Z,2025-09-05T15:33:00.000Z,BUY,0.01,1,1,10.00,1,14700.00
2025-09-05T15:33:00.000Z,2025-09-05T16:48:00.000Z,BUY,0.01,1,1,10.00,1,14710.00
2025-09-05T16:48:00.000Z,2025-09-08T10:10:00.000Z,BUY,0.01,1,1,10.00,1,14720.00
2025-09-08T10:10:00.000Z,2025-09-08T10:39:00.000Z,BUY,0.01,1,1,10.00,1,14730.00
2025-09-08T10:39:00.000Z,2025-09-08T15:54:00.000Z,BUY,0.01,1,1,10.00,1,14740.00
2025-09-08T15:54:00.000Z,2025-09-08T16:45:00.000Z,BUY,0.01,1,1,10.00,1,14750.00
2025-09-08T16:45:00.000Z,2025-09-08T18:01:00.000Z,BUY,0.01,1,1,10.00,1,14760.00
2025-09-08T18:01:00.000Z,2025-09-09T05:30:00.000Z,BUY,0.01,1,1,10.00,1,14770.00
2025-09-09T05:30:00.000Z,2025-09-09T16:35:00.000Z,BUY,0.01,1,1,10.00,1,14780.00
2025-09-09T16:35:00.000Z,2025-09-09T18:15:00.000Z,BUY,0.01,2,1,10.00,2,14790.00
2025-09-09T18:15:00.000Z,2025-09-09T18:48:00.000Z,BUY,0.01,1,1,10.00,1,14800.00
2025-09-09T18:48:00.000Z,2025-09-10T12:48:00.000Z,BUY,0.01,3,1,10.00,3,14810.00
2025-09-10T12:48:00.000Z,2025-09-11T08:55:00.000Z,BUY,0.01,2,1,10.00,2,14820.00
2025-09-11T08:55:00.000Z,2025-09-11T09:35:00.000Z,BUY,0.01,1,1,10.00,1,14830.00
2025-09-11T09:35:00.000Z,2025-09-12T04:32:00.000Z,BUY,0.01,3,1,10.00,3,14840.00
2025-09-12T04:32:00.000Z,2025-09-12T07:31:00.000Z,BUY,0.01,1,1,10.00,1,14850.00
2025-09-12T07:31:00.000Z,2025-09-15T18:09:00.000Z,BUY,0.01,3,1,10.00,3,14860.00
2025-09-15T18:09:00.000Z,2025-09-15T18:54:00.000Z,BUY,0.01,1,1,10.00,1,14870.00
2025-09-15T18:54:00.000Z,2025-09-16T03:57:00.000Z,BUY,0.01,1,1,10.00,1,14880.00
2025-09-16T03:57:00.000Z,2025-09-16T11:15:00.000Z,BUY,0.01,1,1,10.00,1,14890.00
2025-09-16T11:15:00.000Z,2025-09-17T11:01:00.000Z,BUY,0.01,2,1,10.00,2,14900.00
2025-09-17T11:01:00.000Z,2025-09-17T15:47:00.000Z,BUY,0.01,1,1,10.00,1,14910.00
2025-09-17T15:47:00.000Z,2025-09-17T18:13:00.000Z,BUY,0.01,1,1,10.00,1,14920.00
2025-09-17T18:13:00.000Z,2025-09-17T21:00:00.000Z,BUY,0.01,1,1,10.00,1,14930.00
2025-09-17T21:00:00.000Z,2025-09-17T21:01:00.000Z,BUY,0.01,2,1,10.00,2,14940.00
2025-09-17T21:01:00.000Z,2025-09-17T21:01:00.000Z,BUY,0.01,1,1,10.00,1,14950.00
2025-09-17T21:01:00.000Z,2025-09-17T21:02:00.000Z,BUY,0.01,1,1,10.00,1,14960.00
2025-09-17T21:02:00.000Z,2025-09-17T21:04:00.000Z,BUY,0.01,1,1,10.00,1,14970.00
2025-09-17T21:04:00.000Z,2025-09-17T21:37:00.000Z,BUY,0.01,2,1,10.00,2,14980.00
2025-09-17T21:37:00.000Z,2025-09-18T09:10:00.000Z,BUY,0.01,4,1,10.00,4,14990.00
2025-09-18T09:10:00.000Z,2025-09-18T10:19:00.000Z,BUY,0.01,1,1,10.00,1,15000.00
2025-09-18T10:19:00.000Z,2025-09-18T10:42:00.000Z,BUY,0.01,1,1,10.00,1,15010.00
2025-09-18T10:42:00.000Z,2025-09-18T12:10:00.000Z,BUY,0.01,1,1,10.00,1,15020.00
2025-09-18T12:10:00.000Z,2025-09-18T16:40:00.000Z,BUY,0.01,2,1,10.00,2,15030.00
2025-09-18T16:40:00.000Z,2025-09-19T04:08:00.000Z,BUY,0.01,1,1,10.00,1,15040.00
2025-09-19T04:08:00.000Z,2025-09-19T07:07:00.000Z,BUY,0.01,1,1,10.00,1,15050.00
2025-09-19T07:07:00.000Z,2025-09-19T18:03:00.000Z,BUY,0.01,1,1,10.00,1,15060.00
2025-09-19T18:03:00.000Z,2025-09-19T21:00:00.000Z,BUY,0.01,1,1,10.00,1,15070.00
2025-09-19T21:00:00.000Z,2025-09-22T01:23:00.000Z,BUY,0.01,1,1,10.00,1,15080.00
2025-09-22T01:23:00.000Z,2025-09-22T08:50:00.000Z,BUY,0.01,1,1,10.00,1,15090.00
2025-09-22T08:50:00.000Z,2025-09-22T09:37:00.000Z,BUY,0.01,1,1,10.00,1,15100.00
2025-09-22T09:37:00.000Z,2025-09-22T11:43:00.000Z,BUY,0.01,1,1,10.00,1,15110.00
2025-09-22T11:43:00.000Z,2025-09-22T18:29:00.000Z,BUY,0.01,1,1,10.00,1,15120.00
2025-09-22T18:29:00.000Z,2025-09-22T20:09:00.000Z,BUY,0.01,1,1,10.00,1,15130.00
2025-09-22T20:09:00.000Z,2025-09-23T03:46:00.000Z,BUY,0.01,1,1,10.00,1,15140.00
2025-09-23T03:46:00.000Z,2025-09-23T11:31:00.000Z,BUY,0.01,1,1,10.00,1,15150.00
2025-09-23T11:31:00.000Z,2025-09-23T11:47:00.000Z,BUY,0.01,1,1,10.00,1,15160.00
2025-09-23T11:47:00.000Z,2025-09-23T12:10:00.000Z,BUY,0.01,1,1,10.00,1,15170.00
2025-09-23T12:10:00.000Z,2025-09-23T22:17:00.000Z,BUY,0.01,2,1,10.00,2,15180.00
2025-09-23T22:17:00.000Z,2025-09-23T22:35:00.000Z,BUY,0.01,1,1,10.00,1,15190.00
2025-09-23T22:35:00.000Z,2025-09-24T08:23:00.000Z,BUY,0.01,1,1,10.00,1,15200.00
2025-09-24T08:23:00.000Z,2025-09-24T18:57:00.000Z,BUY,0.01,2,1,10.00,2,15210.00
2025-09-24T18:57:00.000Z,2025-09-25T10:45:00.000Z,BUY,0.01,3,1,10.00,3,15220.00
2025-09-25T10:45:00.000Z,2025-09-25T16:47:00.000Z,BUY,0.01,2,1,10.00,2,15230.00
2025-09-25T16:47:00.000Z,2025-09-25T16:59:00.000Z,BUY,0.01,1,1,10.00,1,15240.00
2025-09-25T16:59:00.000Z,2025-09-25T20:17:00.000Z,BUY,0.01,1,1,10.00,1,15250.00
2025-09-25T20:17:00.000Z,2025-09-25T21:36:00.000Z,BUY,0.01,1,1,10.00,1,15260.00
2025-09-25T21:36:00.000Z,2025-09-26T16:10:00.000Z,BUY,0.01,1,1,10.00,1,15270.00
2025-09-26T16:10:00.000Z,2025-09-26T17:09:00.000Z,BUY,0.01,1,1,10.00,1,15280.00
2025-09-26T17:09:00.000Z,2025-09-29T03:45:00.000Z,BUY,0.01,1,1,10.00,1,15290.00
2025-09-29T03:45:00.000Z,2025-09-29T05:21:00.000Z,BUY,0.01,1,1,10.00,1,15300.00
2025-09-29T05:21:00.000Z,2025-09-29T07:38:00.000Z,BUY,0.01,1,1,10.00,1,15310.00
2025-09-29T07:38:00.000Z,2025-09-29T09:00:00.000Z,BUY,0.01,1,1,10.00,1,15320.00
2025-09-29T09:00:00.000Z,2025-09-29T14:31:00.000Z,BUY,0.01,1,1,10.00,1,15330.00
2025-09-29T14:31:00.000Z,2025-09-30T03:04:00.000Z,BUY,0.01,1,1,10.00,1,15340.00
2025-09-30T03:04:00.000Z,2025-09-30T04:24:00.000Z,BUY,0.01,1,1,10.00,1,15350.00
2025-09-30T04:24:00.000Z,2025-09-30T06:18:00.000Z,BUY,0.01,1,1,10.00,1,15360.00
2025-09-30T06:18:00.000Z,2025-09-30T06:53:00.000Z,BUY,0.01,1,1,10.00,1,15370.00
2025-09-30T06:53:00.000Z,2025-09-30T11:07:00.000Z,BUY,0.01,2,1,10.00,2,15380.00
2025-09-30T11:07:00.000Z,2025-09-30T12:12:00.000Z,BUY,0.01,2,1,10.00,2,15390.00
2025-09-30T12:12:00.000Z,2025-09-30T14:35:00.000Z,BUY,0.01,1,1,10.00,1,15400.00
2025-09-30T14:35:00.000Z,2025-09-30T16:47:00.000Z,BUY,0.01,1,1,10.00,1,15410.00
2025-09-30T16:47:00.000Z,2025-09-30T17:08:00.000Z,BUY,0.01,1,1,10.00,1,15420.00
2025-09-30T17:08:00.000Z,2025-09-30T17:13:00.000Z,BUY,0.01,1,1,10.00,1,15430.00
2025-09-30T17:13:00.000Z,2025-09-30T22:52:00.000Z,BUY,0.01,1,1,10.00,1,15440.00
2025-09-30T22:52:00.000Z,2025-10-01T04:49:00.000Z,BUY,0.01,1,1,10.00,1,15450.00
2025-10-01T04:49:00.000Z,2025-10-01T10:52:00.000Z,BUY,0.01,1,1,10.00,1,15460.00
2025-10-01T10:52:00.000Z,2025-10-01T11:12:00.000Z,BUY,0.01,1,1,10.00,1,15470.00
2025-10-01T11:12:00.000Z,2025-10-01T17:48:00.000Z,BUY,0.01,2,1,10.00,2,15480.00
2025-10-01T17:48:00.000Z,2025-10-01T17:50:00.000Z,BUY,0.01,1,1,10.00,1,15490.00
2025-10-01T17:50:00.000Z,2025-10-02T11:57:00.000Z,BUY,0.01,1,1,10.00,1,15500.00
2025-10-02T11:57:00.000Z,2025-10-02T15:05:00.000Z,BUY,0.01,1,1,10.00,1,15510.00
2025-10-02T15:05:00.000Z,2025-10-02T17:26:00.000Z,BUY,0.01,2,1,10.00,2,15520.00
2025-10-02T17:26:00.000Z,2025-10-02T17:50:00.000Z,BUY,0.01,2,1,10.00,2,15530.00
2025-10-02T17:50:00.000Z,2025-10-02T17:58:00.000Z,BUY,0.01,1,1,10.00,1,15540.00
2025-10-02T17:58:00.000Z,2025-10-02T21:50:00.000Z,BUY,0.01,1,1,10.00,1,15550.00
2025-10-02T21:50:00.000Z,2025-10-03T02:32:00.000Z,BUY,0.01,1,1,10.00,1,15560.00
2025-10-03T02:32:00.000Z,2025-10-03T15:41:00.000Z,BUY,0.01,3,1,10.00,3,15570.00
2025-10-03T15:41:00.000Z,2025-10-03T16:19:00.000Z,BUY,0.01,1,1,10.00,1,15580.00
2025-10-03T16:19:00.000Z,2025-10-03T16:45:00.000Z,BUY,0.01,1,1,10.00,1,15590.00
2025-10-03T16:45:00.000Z,2025-10-06T01:59:00.000Z,BUY,0.01,3,1,10.00,3,15600.00
2025-10-06T01:59:00.000Z,2025-10-06T02:03:00.000Z,BUY,0.01,1,1,10.00,1,15610.00
2025-10-06T02:03:00.000Z,2025-10-06T02:05:00.000Z,BUY,0.01,1,1,10.00,1,15620.00
2025-10-06T02:05:00.000Z,2025-10-06T06:47:00.000Z,BUY,0.01,3,1,10.00,3,15630.00
2025-10-06T06:47:00.000Z,2025-10-06T08:06:00.000Z,BUY,0.01,1,1,10.00,1,15640.00
2025-10-06T08:06:00.000Z,2025-10-06T17:33:00.000Z,BUY,0.01,1,1,10.00,1,15650.00
2025-10-06T17:33:00.000Z,2025-10-06T18:55:00.000Z,BUY,0.01,1,1,10.00,1,15660.00
2025-10-06T18:55:00.000Z,2025-10-07T01:11:00.000Z,BUY,0.01,1,1,10.00,1,15670.00
2025-10-07T01:11:00.000Z,2025-10-07T11:06:00.000Z,BUY,0.01,2,1,10.00,2,15680.00
2025-10-07T11:06:00.000Z,2025-10-07T11:23:00.000Z,BUY,0.01,1,1,10.00,1,15690.00
2025-10-07T11:23:00.000Z,2025-10-07T12:24:00.000Z,BUY,0.01,1,1,10.00,1,15700.00
2025-10-07T12:24:00.000Z,2025-10-07T15:42:00.000Z,BUY,0.01,1,1,10.00,1,15710.00
2025-10-07T15:42:00.000Z,2025-10-07T16:07:00.000Z,BUY,0.01,1,1,10.00,1,15720.00
2025-10-07T16:07:00.000Z,2025-10-08T02:47:00.000Z,BUY,0.01,3,1,10.00,3,15730.00
2025-10-08T02:47:00.000Z,2025-10-08T05:13:00.000Z,BUY,0.01,1,1,10.00,1,15740.00
2025-10-08T05:13:00.000Z,2025-10-08T06:05:00.000Z,BUY,0.01,1,1,10.00,1,15750.00
2025-10-08T06:05:00.000Z,2025-10-08T07:50:00.000Z,BUY,0.01,1,1,10.00,1,15760.00
2025-10-08T07:50:00.000Z,2025-10-08T08:24:00.000Z,BUY,0.01,1,1,10.00,1,15770.00
2025-10-08T08:24:00.000Z,2025-10-08T12:46:00.000Z,BUY,0.01,1,1,10.00,1,15780.00
2025-10-08T12:46:00.000Z,2025-10-08T19:11:00.000Z,BUY,0.01,1,1,10.00,1,15790.00
2025-10-08T19:11:00.000Z,2025-10-09T01:09:00.000Z,BUY,0.01,2,1,10.00,2,15800.00
2025-10-09T01:09:00.000Z,2025-10-09T04:33:00.000Z,BUY,0.01,3,1,10.00,3,15810.00
2025-10-09T04:33:00.000Z,2025-10-09T05:17:00.000Z,BUY,0.01,2,1,10.00,2,15820.00
2025-10-09T05:17:00.000Z,2025-10-09T05:38:00.000Z,BUY,0.01,1,1,10.00,1,15830.00
2025-10-09T05:38:00.000Z,2025-10-09T06:31:00.000Z,BUY,0.01,1,1,10.00,1,15840.00
2025-10-09T06:31:00.000Z,2025-10-09T07:22:00.000Z,BUY,0.01,1,1,10.00,1,15850.00
2025-10-09T07:22:00.000Z,2025-10-09T14:00:00.000Z,BUY,0.01,1,1,10.00,1,15860.00
2025-10-09T14:00:00.000Z,2025-10-09T16:07:00.000Z,BUY,0.01,1,1,10.00,1,15870.00
2025-10-09T16:07:00.000Z,2025-10-09T16:46:00.000Z,BUY,0.01,2,1,10.00,2,15880.00
2025-10-09T16:46:00.000Z,2025-10-09T19:35:00.000Z,BUY,0.01,4,1,10.00,4,15890.00
2025-10-09T19:35:00.000Z,2025-10-09T19:56:00.000Z,BUY,0.01,2,1,10.00,2,15900.00
2025-10-09T19:56:00.000Z,2025-10-09T22:27:00.000Z,BUY,0.01,5,1,10.00,5,15910.00
2025-10-09T22:27:00.000Z,2025-10-10T02:36:00.000Z,BUY,0.01,1,1,10.00,1,15920.00
2025-10-10T02:36:00.000Z,2025-10-10T07:08:00.000Z,BUY,0.01,2,1,10.00,2,15930.00
2025-10-10T07:08:00.000Z,2025-10-10T07:59:00.000Z,BUY,0.01,1,1,10.00,1,15940.00
2025-10-10T07:59:00.000Z,2025-10-10T08:21:00.000Z,BUY,0.01,1,1,10.00,1,15950.00
2025-10-10T08:21:00.000Z,2025-10-10T11:14:00.000Z,BUY,0.01,3,1,10.00,3,15960.00
2025-10-10T11:14:00.000Z,2025-10-10T12:10:00.000Z,BUY,0.01,1,1,10.00,1,15970.00
2025-10-10T12:10:00.000Z,2025-10-10T18:06:00.000Z,BUY,0.01,3,1,10.00,3,15980.00
2025-10-10T18:06:00.000Z,2025-10-10T18:26:00.000Z,BUY,0.01,1,1,10.00,1,15990.00
2025-10-10T18:26:00.000Z,2025-10-10T19:06:00.000Z,BUY,0.01,2,1,10.00,2,16000.00
2025-10-10T19:06:00.000Z,2025-10-10T21:15:00.000Z,BUY,0.01,1,1,10.00,1,16010.00
2025-10-10T21:15:00.000Z,2025-10-10T21:23:00.000Z,BUY,0.01,1,1,10.00,1,16020.00
2025-10-10T21:23:00.000Z,2025-10-10T22:55:00.000Z,BUY,0.01,1,1,10.00,1,16030.00
2025-10-10T22:55:00.000Z,2025-10-13T01:01:00.000Z,BUY,0.01,1,1,10.00,1,16040.00
2025-10-13T01:01:00.000Z,2025-10-13T01:24:00.000Z,BUY,0.01,3,1,10.00,3,16050.00
2025-10-13T01:24:00.000Z,2025-10-13T02:04:00.000Z,BUY,0.01,1,1,10.00,1,16060.00
2025-10-13T02:04:00.000Z,2025-10-13T02:09:00.000Z,BUY,0.01,1,1,10.00,1,16070.00
2025-10-13T02:09:00.000Z,2025-10-13T03:07:00.000Z,BUY,0.01,2,1,10.00,2,16080.00
2025-10-13T03:07:00.000Z,2025-10-13T03:27:00.000Z,BUY,0.01,1,1,10.00,1,16090.00
2025-10-13T03:27:00.000Z,2025-10-13T03:39:00.000Z,BUY,0.01,1,1,10.00,1,16100.00
2025-10-13T03:39:00.000Z,2025-10-13T08:04:00.000Z,BUY,0.01,1,1,10.00,1,16110.00
2025-10-13T08:04:00.000Z,2025-10-13T08:24:00.000Z,BUY,0.01,1,1,10.00,1,16120.00
2025-10-13T08:24:00.000Z,2025-10-13T13:49:00.000Z,BUY,0.01,1,1,10.00,1,16130.00
2025-10-13T13:49:00.000Z,2025-10-13T16:25:00.000Z,BUY,0.01,1,1,10.00,1,16140.00
2025-10-13T16:25:00.000Z,2025-10-13T17:52:00.000Z,BUY,0.01,1,1,10.00,1,16150.00
2025-10-13T17:52:00.000Z,2025-10-13T19:09:00.000Z,BUY,0.01,1,1,10.00,1,16160.00
2025-10-13T19:09:00.000Z,2025-10-14T02:34:00.000Z,BUY,0.01,3,1,10.00,3,16170.00
2025-10-14T02:34:00.000Z,2025-10-14T02:50:00.000Z,BUY,0.01,1,1,10.00,1,16180.00
2025-10-14T02:50:00.000Z,2025-10-14T04:16:00.000Z,BUY,0.01,1,1,10.00,1,16190.00
2025-10-14T04:16:00.000Z,2025-10-14T06:09:00.000Z,BUY,0.01,1,1,10.00,1,16200.00
2025-10-14T06:09:00.000Z,2025-10-14T06:41:00.000Z,BUY,0.01,1,1,10.00,1,16210.00
2025-10-14T06:41:00.000Z,2025-10-14T08:07:00.000Z,BUY,0.01,1,1,10.00,1,16220.00
2025-10-14T08:07:00.000Z,2025-10-14T08:39:00.000Z,BUY,0.01,2,1,10.00,2,16230.00
2025-10-14T08:39:00.000Z,2025-10-14T08:58:00.000Z,BUY,0.01,2,1,10.00,2,16240.00
2025-10-14T08:58:00.000Z,2025-10-14T09:00:00.000Z,BUY,0.01,1,1,10.00,1,16250.00
2025-10-14T09:00:00.000Z,2025-10-14T09:04:00.000Z,BUY,0.01,1,1,10.00,1,16260.00
2025-10-14T09:04:00.000Z,2025-10-14T09:21:00.000Z,BUY,0.01,2,1,10.00,2,16270.00
2025-10-14T09:21:00.000Z,2025-10-14T09:29:00.000Z,BUY,0.01,1,1,10.00,1,16280.00
2025-10-14T09:29:00.000Z,2025-10-14T10:17:00.000Z,BUY,0.01,3,1,10.00,3,16290.00
2025-10-14T10:17:00.000Z,2025-10-14T11:11:00.000Z,BUY,0.01,1,1,10.00,1,16300.00
2025-10-14T11:11:00.000Z,2025-10-14T11:30:00.000Z,BUY,0.01,1,1,10.00,1,16310.00
2025-10-14T11:30:00.000Z,2025-10-14T15:32:00.000Z,BUY,0.01,2,1,10.00,2,16320.00
2025-10-14T15:32:00.000Z,2025-10-14T16:41:00.000Z,BUY,0.01,1,1,10.00,1,16330.00
2025-10-14T16:41:00.000Z,2025-10-14T17:11:00.000Z,BUY,0.01,1,1,10.00,1,16340.00
2025-10-14T17:11:00.000Z,2025-10-14T19:47:00.000Z,BUY,0.01,1,1,10.00,1,16350.00
2025-10-14T19:47:00.000Z,2025-10-14T19:51:00.000Z,BUY,0.01,1,1,10.00,1,16360.00
2025-10-14T19:51:00.000Z,2025-10-15T02:36:00.000Z,BUY,0.01,3,1,10.00,3,16370.00
2025-10-15T02:36:00.000Z,2025-10-15T04:05:00.000Z,BUY,0.01,1,1,10.00,1,16380.00
2025-10-15T04:05:00.000Z,2025-10-15T04:26:00.000Z,BUY,0.01,1,1,10.00,1,16390.00
2025-10-15T04:26:00.000Z,2025-10-15T09:46:00.000Z,BUY,0.01,1,1,10.00,1,16400.00
2025-10-15T09:46:00.000Z,2025-10-15T10:38:00.000Z,BUY,0.01,1,1,10.00,1,16410.00
2025-10-15T10:38:00.000Z,2025-10-15T11:17:00.000Z,BUY,0.01,1,1,10.00,1,16420.00
2025-10-15T11:17:00.000Z,2025-10-15T12:20:00.000Z,BUY,0.01,2,1,10.00,2,16430.00
2025-10-15T12:20:00.000Z,2025-10-15T13:08:00.000Z,BUY,0.01,3,1,10.00,3,16440.00
2025-10-15T13:08:00.000Z,2025-10-15T17:10:00.000Z,BUY,0.01,3,1,10.00,3,16450.00
2025-10-15T17:10:00.000Z,2025-10-16T03:19:00.000Z,BUY,0.01,3,1,10.00,3,16460.00
2025-10-16T03:19:00.000Z,2025-10-16T04:28:00.000Z,BUY,0.01,1,1,10.00,1,16470.00
2025-10-16T04:28:00.000Z,2025-10-16T05:55:00.000Z,BUY,0.01,1,1,10.00,1,16480.00
2025-10-16T05:55:00.000Z,2025-10-16T08:33:00.000Z,BUY,0.01,2,1,10.00,2,16490.00
2025-10-16T08:33:00.000Z,2025-10-16T09:05:00.000Z,BUY,0.01,1,1,10.00,1,16500.00
2025-10-16T09:05:00.000Z,2025-10-16T10:09:00.000Z,BUY,0.01,1,1,10.00,1,16510.00
2025-10-16T10:09:00.000Z,2025-10-16T12:58:00.000Z,BUY,0.01,1,1,10.00,1,16520.00
2025-10-16T12:58:00.000Z,2025-10-16T15:35:00.000Z,BUY,0.01,1,1,10.00,1,16530.00
2025-10-16T15:35:00.000Z,2025-10-16T17:05:00.000Z,BUY,0.01,3,1,10.00,3,16540.00
2025-10-16T17:05:00.000Z,2025-10-16T18:07:00.000Z,BUY,0.01,1,1,10.00,1,16550.00
2025-10-16T18:07:00.000Z,2025-10-16T19:13:00.000Z,BUY,0.01,1,1,10.00,1,16560.00
2025-10-16T19:13:00.000Z,2025-10-16T19:27:00.000Z,BUY,0.01,1,1,10.00,1,16570.00
2025-10-16T19:27:00.000Z,2025-10-16T22:53:00.000Z,BUY,0.01,3,1,10.00,3,16580.00
2025-10-16T22:53:00.000Z,2025-10-16T22:55:00.000Z,BUY,0.01,1,1,10.00,1,16590.00
2025-10-16T22:55:00.000Z,2025-10-16T23:45:00.000Z,BUY,0.01,1,1,10.00,1,16600.00
2025-10-16T23:45:00.000Z,2025-10-17T01:00:00.000Z,BUY,0.01,1,1,10.00,1,16610.00
2025-10-17T01:00:00.000Z,2025-10-17T01:01:00.000Z,BUY,0.01,1,1,10.00,1,16620.00
2025-10-17T01:01:00.000Z,2025-10-17T01:09:00.000Z,BUY,0.01,1,1,10.00,1,16630.00
2025-10-17T01:09:00.000Z,2025-10-17T01:18:00.000Z,BUY,0.01,1,1,10.00,1,16640.00
2025-10-17T01:18:00.000Z,2025-10-17T01:19:00.000Z,BUY,0.01,1,1,10.00,1,16650.00
2025-10-17T01:19:00.000Z,2025-10-17T04:16:00.000Z,BUY,0.01,4,1,10.00,4,16660.00
2025-10-17T04:16:00.000Z,2025-10-17T04:40:00.000Z,BUY,0.01,2,1,10.00,2,16670.00
2025-10-17T04:40:00.000Z,2025-10-17T04:44:00.000Z,BUY,0.01,2,1,10.00,2,16680.00
2025-10-17T04:44:00.000Z,2025-10-17T04:45:00.000Z,BUY,0.01,1,1,10.00,1,16690.00
2025-10-17T04:45:00.000Z,2025-10-17T04:46:00.000Z,BUY,0.01,1,1,10.00,1,16700.00
2025-10-17T04:46:00.000Z,2025-10-17T04:59:00.000Z,BUY,0.01,1,1,10.00,1,16710.00
2025-10-17T04:59:00.000Z,2025-10-17T05:01:00.000Z,BUY,0.01,1,1,10.00,1,16720.00
2025-10-17T05:01:00.000Z,2025-10-17T05:10:00.000Z,BUY,0.01,1,1,10.00,1,16730.00
2025-10-17T05:10:00.000Z,2025-10-17T05:31:00.000Z,BUY,0.01,1,1,10.00,1,16740.00
2025-10-17T05:31:00.000Z,2025-10-17T06:10:00.000Z,BUY,0.01,1,1,10.00,1,16750.00
2025-10-17T06:10:00.000Z,2025-10-17T06:55:00.000Z,BUY,0.01,1,1,10.00,1,16760.00
2025-10-17T06:55:00.000Z,2025-10-17T07:02:00.000Z,BUY,0.01,1,1,10.00,1,16770.00
2025-10-17T07:02:00.000Z,2025-10-17T08:33:00.000Z,BUY,0.01,2,1,10.00,2,16780.00
2025-10-17T08:33:00.000Z,2025-10-17T08:34:00.000Z,BUY,0.01,1,1,10.00,1,16790.00
2025-10-17T08:34:00.000Z,2025-10-17T08:48:00.000Z,BUY,0.01,1,1,10.00,1,16800.00
2025-10-17T08:48:00.000Z,2025-10-17T10:20:00.000Z,BUY,0.01,2,1,10.00,2,16810.00
2025-10-17T10:20:00.000Z,2025-10-17T10:24:00.000Z,BUY,0.01,3,1,10.00,3,16820.00
2025-10-17T10:24:00.000Z,2025-10-17T14:30:00.000Z,BUY,0.01,4,1,10.00,4,16830.00
2025-10-17T14:30:00.000Z,2025-10-17T15:01:00.000Z,BUY,0.01,2,1,10.00,2,16840.00
2025-10-17T15:01:00.000Z,2025-10-17T15:05:00.000Z,BUY,0.01,1,1,10.00,1,16850.00
2025-10-17T15:05:00.000Z,2025-10-17T15:08:00.000Z,BUY,0.01,1,1,10.00,1,16860.00
2025-10-17T15:08:00.000Z,2025-10-17T15:14:00.000Z,BUY,0.01,1,1,10.00,1,16870.00
2025-10-17T15:14:00.000Z,2025-10-17T16:35:00.000Z,BUY,0.01,4,1,10.00,4,16880.00
2025-10-17T16:35:00.000Z,2025-10-17T17:02:00.000Z,BUY,0.01,4,1,10.00,4,16890.00
2025-10-17T17:02:00.000Z,2025-10-17T17:05:00.000Z,BUY,0.01,2,1,10.00,2,16900.00
2025-10-17T17:05:00.000Z,2025-10-17T17:06:00.000Z,BUY,0.01,1,1,10.00,1,16910.00
2025-10-17T17:06:00.000Z,2025-10-17T17:10:00.000Z,BUY,0.01,1,1,10.00,1,16920.00
2025-10-17T17:10:00.000Z,2025-10-17T17:39:00.000Z,BUY,0.01,3,1,10.00,3,16930.00
2025-10-17T17:39:00.000Z,2025-10-17T19:07:00.000Z,BUY,0.01,4,1,10.00,4,16940.00
2025-10-17T19:07:00.000Z,2025-10-17T19:11:00.000Z,BUY,0.01,1,1,10.00,1,16950.00
2025-10-17T19:11:00.000Z,2025-10-17T19:34:00.000Z,BUY,0.01,2,1,10.00,2,16960.00
2025-10-17T19:34:00.000Z,2025-10-17T19:39:00.000Z,BUY,0.01,1,1,10.00,1,16970.00
2025-10-17T19:39:00.000Z,2025-10-17T20:04:00.000Z,BUY,0.01,2,1,10.00,2,16980.00
2025-10-17T20:04:00.000Z,2025-10-17T20:05:00.000Z,BUY,0.01,1,1,10.00,1,16990.00
2025-10-17T20:05:00.000Z,2025-10-17T20:22:00.000Z,BUY,0.01,1,1,10.00,1,17000.00
2025-10-17T20:22:00.000Z,2025-10-17T20:41:00.000Z,BUY,0.01,1,1,10.00,1,17010.00
2025-10-17T20:41:00.000Z,2025-10-17T20:42:00.000Z,BUY,0.01,1,1,10.00,1,17020.00
2025-10-17T20:42:00.000Z,2025-10-17T21:09:00.000Z,BUY,0.01,1,1,10.00,1,17030.00
2025-10-17T21:09:00.000Z,2025-10-17T23:39:00.000Z,BUY,0.01,3,1,10.00,3,17040.00
2025-10-17T23:39:00.000Z,2025-10-20T01:02:00.000Z,BUY,0.01,1,1,10.00,1,17050.00
2025-10-20T01:02:00.000Z,2025-10-20T01:03:00.000Z,BUY,0.01,1,1,10.00,1,17060.00
2025-10-20T01:03:00.000Z,2025-10-20T02:51:00.000Z,BUY,0.01,2,1,10.00,2,17070.00
2025-10-20T02:51:00.000Z,2025-10-20T03:56:00.000Z,BUY,0.01,1,1,10.00,1,17080.00
2025-10-20T03:56:00.000Z,2025-10-20T04:16:00.000Z,BUY,0.01,1,1,10.00,1,17090.00
2025-10-20T04:16:00.000Z,2025-10-20T05:30:00.000Z,BUY,0.01,1,1,10.00,1,17100.00
2025-10-20T05:30:00.000Z,2025-10-20T09:00:00.000Z,BUY,0.01,2,1,10.00,2,17110.00
2025-10-20T09:00:00.000Z,2025-10-20T10:10:00.000Z,BUY,0.01,1,1,10.00,1,17120.00
2025-10-20T10:10:00.000Z,2025-10-20T10:21:00.000Z,BUY,0.01,1,1,10.00,1,17130.00
2025-10-20T10:21:00.000Z,2025-10-20T14:56:00.000Z,BUY,0.01,1,1,10.00,1,17140.00
2025-10-20T14:56:00.000Z,2025-10-20T15:00:00.000Z,BUY,0.01,1,1,10.00,1,17150.00
2025-10-20T15:00:00.000Z,2025-10-20T15:19:00.000Z,BUY,0.01,1,1,10.00,1,17160.00
2025-10-20T15:19:00.000Z,2025-10-20T15:33:00.000Z,BUY,0.01,1,1,10.00,1,17170.00
2025-10-20T15:33:00.000Z,2025-10-20T15:36:00.000Z,BUY,0.01,1,1,10.00,1,17180.00
2025-10-20T15:36:00.000Z,2025-10-20T15:42:00.000Z,BUY,0.01,1,1,10.00,1,17190.00
2025-10-20T15:42:00.000Z,2025-10-20T17:20:00.000Z,BUY,0.01,3,1,10.00,3,17200.00
2025-10-20T17:20:00.000Z,2025-10-20T18:06:00.000Z,BUY,0.01,1,1,10.00,1,17210.00
2025-10-20T18:06:00.000Z,2025-10-20T18:18:00.000Z,BUY,0.01,1,1,10.00,1,17220.00
2025-10-20T18:18:00.000Z,2025-10-20T21:35:00.000Z,BUY,0.01,1,1,10.00,1,17230.00
2025-10-20T21:35:00.000Z,2025-10-20T22:50:00.000Z,BUY,0.01,1,1,10.00,1,17240.00
2025-10-20T22:50:00.000Z,2025-10-21T04:30:00.000Z,BUY,0.01,4,1,10.00,4,17250.00
2025-10-21T04:30:00.000Z,2025-10-21T05:22:00.000Z,BUY,0.01,1,1,10.00,1,17260.00
2025-10-21T05:22:00.000Z,2025-10-21T08:34:00.000Z,BUY,0.01,2,1,10.00,2,17270.00
2025-10-21T08:34:00.000Z,2025-10-21T09:41:00.000Z,BUY,0.01,1,1,10.00,1,17280.00
2025-10-21T09:41:00.000Z,2025-10-21T09:49:00.000Z,BUY,0.01,1,1,10.00,1,17290.00
2025-10-21T09:49:00.000Z,2025-10-21T10:33:00.000Z,BUY,0.01,2,1,10.00,2,17300.00
2025-10-21T10:33:00.000Z,2025-10-21T11:03:00.000Z,BUY,0.01,2,1,10.00,2,17310.00
2025-10-21T11:03:00.000Z,2025-10-21T11:14:00.000Z,BUY,0.01,2,1,10.00,2,17320.00
2025-10-21T11:14:00.000Z,2025-10-21T11:18:00.000Z,BUY,0.01,1,1,10.00,1,17330.00
2025-10-21T11:18:00.000Z,2025-10-21T11:45:00.000Z,BUY,0.01,1,1,10.00,1,17340.00
2025-10-21T11:45:00.000Z,2025-10-21T15:10:00.000Z,BUY,0.01,2,1,10.00,2,17350.00
2025-10-21T15:10:00.000Z,2025-10-21T15:46:00.000Z,BUY,0.01,2,1,10.00,2,17360.00
2025-10-21T15:46:00.000Z,2025-10-21T16:37:00.000Z,BUY,0.01,3,1,10.00,3,17370.00
2025-10-21T16:37:00.000Z,2025-10-21T16:47:00.000Z,BUY,0.01,2,1,10.00,2,17380.00
2025-10-21T16:47:00.000Z,2025-10-21T17:20:00.000Z,BUY,0.01,2,1,10.00,2,17390.00
2025-10-21T17:20:00.000Z,2025-10-21T17:29:00.000Z,BUY,0.01,2,1,10.00,2,17400.00
2025-10-21T17:29:00.000Z,2025-10-21T17:43:00.000Z,BUY,0.01,2,1,10.00,2,17410.00
2025-10-21T17:43:00.000Z,2025-10-21T17:50:00.000Z,BUY,0.01,3,1,10.00,3,17420.00
2025-10-21T17:50:00.000Z,2025-10-21T17:54:00.000Z,BUY,0.01,1,1,10.00,1,17430.00
2025-10-21T17:54:00.000Z,2025-10-21T17:59:00.000Z,BUY,0.01,1,1,10.00,1,17440.00
2025-10-21T17:59:00.000Z,2025-10-21T18:11:00.000Z,BUY,0.01,1,1,10.00,1,17450.00
2025-10-21T18:11:00.000Z,2025-10-21T19:30:00.000Z,BUY,0.01,4,1,10.00,4,17460.00
2025-10-21T19:30:00.000Z,2025-10-21T19:53:00.000Z,BUY,0.01,1,1,10.00,1,17470.00
2025-10-21T19:53:00.000Z,2025-10-21T20:27:00.000Z,BUY,0.01,2,1,10.00,2,17480.00
2025-10-21T20:27:00.000Z,2025-10-21T20:31:00.000Z,BUY,0.01,1,1,10.00,1,17490.00
2025-10-21T20:31:00.000Z,2025-10-21T20:35:00.000Z,BUY,0.01,1,1,10.00,1,17500.00
2025-10-21T20:35:00.000Z,2025-10-21T23:33:00.000Z,BUY,0.01,1,1,10.00,1,17510.00
2025-10-21T23:33:00.000Z,2025-10-22T02:58:00.000Z,BUY,0.01,2,1,10.00,2,17520.00
2025-10-22T02:58:00.000Z,2025-10-22T03:02:00.000Z,BUY,0.01,2,1,10.00,2,17530.00
2025-10-22T03:02:00.000Z,2025-10-22T03:09:00.000Z,BUY,0.01,2,1,10.00,2,17540.00
2025-10-22T03:09:00.000Z,2025-10-22T03:12:00.000Z,BUY,0.01,2,1,10.00,2,17550.00
2025-10-22T03:12:00.000Z,2025-10-22T03:13:00.000Z,BUY,0.01,1,1,10.00,1,17560.00
2025-10-22T03:13:00.000Z,2025-10-22T03:14:00.000Z,BUY,0.01,1,1,10.00,1,17570.00
2025-10-22T03:14:00.000Z,2025-10-22T03:14:00.000Z,BUY,0.01,1,1,10.00,1,17580.00
2025-10-22T03:14:00.000Z,2025-10-22T03:18:00.000Z,BUY,0.01,1,1,10.00,1,17590.00
2025-10-22T03:18:00.000Z,2025-10-22T03:19:00.000Z,BUY,0.01,1,1,10.00,1,17600.00
2025-10-22T03:19:00.000Z,2025-10-22T03:34:00.000Z,BUY,0.01,1,1,10.00,1,17610.00
2025-10-22T03:34:00.000Z,2025-10-22T03:35:00.000Z,BUY,0.01,1,1,10.00,1,17620.00
2025-10-22T03:35:00.000Z,2025-10-22T03:48:00.000Z,BUY,0.01,1,1,10.00,1,17630.00
2025-10-22T03:48:00.000Z,2025-10-22T04:04:00.000Z,BUY,0.01,3,1,10.00,3,17640.00
2025-10-22T04:04:00.000Z,2025-10-22T04:06:00.000Z,BUY,0.01,1,1,10.00,1,17650.00
2025-10-22T04:06:00.000Z,2025-10-22T04:11:00.000Z,BUY,0.01,1,1,10.00,1,17660.00
2025-10-22T04:11:00.000Z,2025-10-22T04:40:00.000Z,BUY,0.01,2,1,10.00,2,17670.00
2025-10-22T04:40:00.000Z,2025-10-22T04:43:00.000Z,BUY,0.01,1,1,10.00,1,17680.00
2025-10-22T04:43:00.000Z,2025-10-22T05:09:00.000Z,BUY,0.01,1,1,10.00,1,17690.00
2025-10-22T05:09:00.000Z,2025-10-22T06:25:00.000Z,BUY,0.01,1,1,10.00,1,17700.00
2025-10-22T06:25:00.000Z,2025-10-22T06:34:00.000Z,BUY,0.01,1,1,10.00,1,17710.00
2025-10-22T06:34:00.000Z,2025-10-22T06:42:00.000Z,BUY,0.01,1,1,10.00,1,17720.00
2025-10-22T06:42:00.000Z,2025-10-22T07:12:00.000Z,BUY,0.01,2,1,10.00,2,17730.00
2025-10-22T07:12:00.000Z,2025-10-22T07:13:00.000Z,BUY,0.01,1,1,10.00,1,17740.00
2025-10-22T07:13:00.000Z,2025-10-22T07:23:00.000Z,BUY,0.01,1,1,10.00,1,17750.00
2025-10-22T07:23:00.000Z,2025-10-22T08:07:00.000Z,BUY,0.01,1,1,10.00,1,17760.00
2025-10-22T08:07:00.000Z,2025-10-22T09:40:00.000Z,BUY,0.01,1,1,10.00,1,17770.00
2025-10-22T09:40:00.000Z,2025-10-22T09:48:00.000Z,BUY,0.01,1,1,10.00,1,17780.00
2025-10-22T09:48:00.000Z,2025-10-22T10:06:00.000Z,BUY,0.01,2,1,10.00,2,17790.00
2025-10-22T10:06:00.000Z,2025-10-22T10:10:00.000Z,BUY,0.01,1,1,10.00,1,17800.00
2025-10-22T10:10:00.000Z,2025-10-22T11:05:00.000Z,BUY,0.01,2,1,10.00,2,17810.00
2025-10-22T11:05:00.000Z,2025-10-22T11:15:00.000Z,BUY,0.01,2,1,10.00,2,17820.00
2025-10-22T11:15:00.000Z,2025-10-22T11:20:00.000Z,BUY,0.01,3,1,10.00,3,17830.00
2025-10-22T11:20:00.000Z,2025-10-22T11:21:00.000Z,BUY,0.01,1,1,10.00,1,17840.00
2025-10-22T11:21:00.000Z,2025-10-22T11:23:00.000Z,BUY,0.01,1,1,10.00,1,17850.00
2025-10-22T11:23:00.000Z,2025-10-22T11:46:00.000Z,BUY,0.01,2,1,10.00,2,17860.00
2025-10-22T11:46:00.000Z,2025-10-22T11:52:00.000Z,BUY,0.01,1,1,10.00,1,17870.00
2025-10-22T11:52:00.000Z,2025-10-22T12:49:00.000Z,BUY,0.01,4,1,10.00,4,17880.00
2025-10-22T12:49:00.000Z,2025-10-22T12:58:00.000Z,BUY,0.01,1,1,10.00,1,17890.00
2025-10-22T12:58:00.000Z,2025-10-22T13:24:00.000Z,BUY,0.01,1,1,10.00,1,17900.00
2025-10-22T13:24:00.000Z,2025-10-22T13:41:00.000Z,BUY,0.01,2,1,10.00,2,17910.00
2025-10-22T13:41:00.000Z,2025-10-22T14:02:00.000Z,BUY,0.01,2,1,10.00,2,17920.00
2025-10-22T14:02:00.000Z,2025-10-22T14:05:00.000Z,BUY,0.01,1,1,10.00,1,17930.00
2025-10-22T14:05:00.000Z,2025-10-22T14:24:00.000Z,BUY,0.01,1,1,10.00,1,17940.00
2025-10-22T14:24:00.000Z,2025-10-22T16:00:00.000Z,BUY,0.01,5,1,10.00,5,17950.00
2025-10-22T16:00:00.000Z,2025-10-22T16:04:00.000Z,BUY,0.01,1,1,10.00,1,17960.00
2025-10-22T16:04:00.000Z,2025-10-22T16:37:00.000Z,BUY,0.01,1,1,10.00,1,17970.00
2025-10-22T16:37:00.000Z,2025-10-22T16:40:00.000Z,BUY,0.01,1,1,10.00,1,17980.00
2025-10-22T16:40:00.000Z,2025-10-22T17:22:00.000Z,BUY,0.01,2,1,10.00,2,17990.00
2025-10-22T17:22:00.000Z,2025-10-22T17:45:00.000Z,BUY,0.01,2,1,10.00,2,18000.00
2025-10-22T17:45:00.000Z,2025-10-22T18:08:00.000Z,BUY,0.01,1,1,10.00,1,18010.00
2025-10-22T18:08:00.000Z,2025-10-22T18:13:00.000Z,BUY,0.01,1,1,10.00,1,18020.00
2025-10-22T18:13:00.000Z,2025-10-22T19:32:00.000Z,BUY,0.01,5,1,10.00,5,18030.00
2025-10-22T19:32:00.000Z,2025-10-22T20:49:00.000Z,BUY,0.01,1,1,10.00,1,18040.00
2025-10-22T20:49:00.000Z,2025-10-22T21:05:00.000Z,BUY,0.01,1,1,10.00,1,18050.00
2025-10-22T21:05:00.000Z,2025-10-22T22:03:00.000Z,BUY,0.01,1,1,10.00,1,18060.00
2025-10-22T22:03:00.000Z,2025-10-22T22:23:00.000Z,BUY,0.01,1,1,10.00,1,18070.00
2025-10-22T22:23:00.000Z,2025-10-22T22:31:00.000Z,BUY,0.01,1,1,10.00,1,18080.00
2025-10-22T22:31:00.000Z,2025-10-23T01:03:00.000Z,BUY,0.01,1,1,10.00,1,18090.00
2025-10-23T01:03:00.000Z,2025-10-23T02:12:00.000Z,BUY,0.01,2,1,10.00,2,18100.00
2025-10-23T02:12:00.000Z,2025-10-23T03:03:00.000Z,BUY,0.01,1,1,10.00,1,18110.00
2025-10-23T03:03:00.000Z,2025-10-23T03:22:00.000Z,BUY,0.01,2,1,10.00,2,18120.00
2025-10-23T03:22:00.000Z,2025-10-23T03:30:00.000Z,BUY,0.01,1,1,10.00,1,18130.00
2025-10-23T03:30:00.000Z,2025-10-23T04:22:00.000Z,BUY,0.01,1,1,10.00,1,18140.00
2025-10-23T04:22:00.000Z,2025-10-23T06:20:00.000Z,BUY,0.01,1,1,10.00,1,18150.00
2025-10-23T06:20:00.000Z,2025-10-23T08:56:00.000Z,BUY,0.01,1,1,10.00,1,18160.00
2025-10-23T08:56:00.000Z,2025-10-23T09:04:00.000Z,BUY,0.01,1,1,10.00,1,18170.00
2025-10-23T09:04:00.000Z,2025-10-23T09:09:00.000Z,BUY,0.01,1,1,10.00,1,18180.00
2025-10-23T09:09:00.000Z,2025-10-23T10:36:00.000Z,BUY,0.01,2,1,10.00,2,18190.00
2025-10-23T10:36:00.000Z,2025-10-23T11:03:00.000Z,BUY,0.01,1,1,10.00,1,18200.00
2025-10-23T11:03:00.000Z,2025-10-23T11:21:00.000Z,BUY,0.01,1,1,10.00,1,18210.00
2025-10-23T11:21:00.000Z,2025-10-23T15:51:00.000Z,BUY,0.01,1,1,10.00,1,18220.00
2025-10-23T15:51:00.000Z,2025-10-23T16:18:00.000Z,BUY,0.01,1,1,10.00,1,18230.00
2025-10-23T16:18:00.000Z,2025-10-23T16:27:00.000Z,BUY,0.01,1,1,10.00,1,18240.00
2025-10-23T16:27:00.000Z,2025-10-23T22:39:00.000Z,BUY,0.01,2,1,10.00,2,18250.00
2025-10-23T22:39:00.000Z,2025-10-24T01:00:00.000Z,BUY,0.01,1,1,10.00,1,18260.00
2025-10-24T01:00:00.000Z,2025-10-24T04:07:00.000Z,BUY,0.01,3,1,10.00,3,18270.00
2025-10-24T04:07:00.000Z,2025-10-24T06:00:00.000Z,BUY,0.01,2,1,10.00,2,18280.00
2025-10-24T06:00:00.000Z,2025-10-24T06:48:00.000Z,BUY,0.01,1,1,10.00,1,18290.00
2025-10-24T06:48:00.000Z,2025-10-24T09:06:00.000Z,BUY,0.01,2,1,10.00,2,18300.00
2025-10-24T09:06:00.000Z,2025-10-24T11:10:00.000Z,BUY,0.01,2,1,10.00,2,18310.00
2025-10-24T11:10:00.000Z,2025-10-24T12:05:00.000Z,BUY,0.01,1,1,10.00,1,18320.00
2025-10-24T12:05:00.000Z,2025-10-24T15:30:00.000Z,BUY,0.01,3,1,10.00,3,18330.00
2025-10-24T15:30:00.000Z,2025-10-24T15:30:00.000Z,BUY,0.01,1,1,10.00,1,18340.00
2025-10-24T15:30:00.000Z,2025-10-24T16:06:00.000Z,BUY,0.01,1,1,10.00,1,18350.00
2025-10-24T16:06:00.000Z,2025-10-24T16:09:00.000Z,BUY,0.01,1,1,10.00,1,18360.00
2025-10-24T16:09:00.000Z,2025-10-24T16:18:00.000Z,BUY,0.01,1,1,10.00,1,18370.00
2025-10-24T16:18:00.000Z,2025-10-24T17:14:00.000Z,BUY,0.01,3,1,10.00,3,18380.00
2025-10-24T17:14:00.000Z,2025-10-24T23:03:00.000Z,BUY,0.01,2,1,10.00,2,18390.00
2025-10-24T23:03:00.000Z,2025-10-24T23:49:00.000Z,BUY,0.01,1,1,10.00,1,18400.00
2025-10-24T23:49:00.000Z,2025-10-27T00:00:00.000Z,BUY,0.01,2,1,10.00,2,18410.00
2025-10-27T00:00:00.000Z,2025-10-27T00:09:00.000Z,BUY,0.01,1,1,10.00,1,18420.00
2025-10-27T00:09:00.000Z,2025-10-27T00:10:00.000Z,BUY,0.01,1,1,10.00,1,18430.00
2025-10-27T00:10:00.000Z,2025-10-27T00:47:00.000Z,BUY,0.01,2,1,10.00,2,18440.00
2025-10-27T00:47:00.000Z,2025-10-27T00:56:00.000Z,BUY,0.01,1,1,10.00,1,18450.00
2025-10-27T00:56:00.000Z,2025-10-27T03:09:00.000Z,BUY,0.01,3,1,10.00,3,18460.00
2025-10-27T03:09:00.000Z,2025-10-27T06:02:00.000Z,BUY,0.01,2,1,10.00,2,18470.00
2025-10-27T06:02:00.000Z,2025-10-27T07:04:00.000Z,BUY,0.01,1,1,10.00,1,18480.00
2025-10-27T07:04:00.000Z,2025-10-27T07:27:00.000Z,BUY,0.01,1,1,10.00,1,18490.00
2025-10-27T07:27:00.000Z,2025-10-27T10:53:00.000Z,BUY,0.01,2,1,10.00,2,18500.00
2025-10-27T10:53:00.000Z,2025-10-27T13:11:00.000Z,BUY,0.01,2,1,10.00,2,18510.00
2025-10-27T13:11:00.000Z,2025-10-27T14:02:00.000Z,BUY,0.01,1,1,10.00,1,18520.00
2025-10-27T14:02:00.000Z,2025-10-27T14:49:00.000Z,BUY,0.01,1,1,10.00,1,18530.00
2025-10-27T14:49:00.000Z,2025-10-27T15:48:00.000Z,BUY,0.01,2,1,10.00,2,18540.00
2025-10-27T15:48:00.000Z,2025-10-27T15:50:00.000Z,BUY,0.01,1,1,10.00,1,18550.00
2025-10-27T15:50:00.000Z,2025-10-27T16:17:00.000Z,BUY,0.01,2,1,10.00,2,18560.00
2025-10-27T16:17:00.000Z,2025-10-27T16:29:00.000Z,BUY,0.01,1,1,10.00,1,18570.00
2025-10-27T16:29:00.000Z,2025-10-27T17:08:00.000Z,BUY,0.01,2,1,10.00,2,18580.00
2025-10-27T17:08:00.000Z,2025-10-27T17:19:00.000Z,BUY,0.01,1,1,10.00,1,18590.00
2025-10-27T17:19:00.000Z,2025-10-27T18:13:00.000Z,BUY,0.01,1,1,10.00,1,18600.00
2025-10-27T18:13:00.000Z,2025-10-27T19:28:00.000Z,BUY,0.01,1,1,10.00,1,18610.00
2025-10-27T19:28:00.000Z,2025-10-28T02:20:00.000Z,BUY,0.01,2,1,10.00,2,18620.00
2025-10-28T02:20:00.000Z,2025-10-28T02:22:00.000Z,BUY,0.01,1,1,10.00,1,18630.00
2025-10-28T02:22:00.000Z,2025-10-28T02:33:00.000Z,BUY,0.01,1,1,10.00,1,18640.00
2025-10-28T02:33:00.000Z,2025-10-28T02:51:00.000Z,BUY,0.01,1,1,10.00,1,18650.00
2025-10-28T02:51:00.000Z,2025-10-28T03:05:00.000Z,BUY,0.01,1,1,10.00,1,18660.00
2025-10-28T03:05:00.000Z,2025-10-28T04:52:00.000Z,BUY,0.01,2,1,10.00,2,18670.00
2025-10-28T04:52:00.000Z,2025-10-28T08:11:00.000Z,BUY,0.01,2,1,10.00,2,18680.00
2025-10-28T08:11:00.000Z,2025-10-28T09:32:00.000Z,BUY,0.01,2,1,10.00,2,18690.00
2025-10-28T09:32:00.000Z,2025-10-28T09:49:00.000Z,BUY,0.01,1,1,10.00,1,18700.00
2025-10-28T09:49:00.000Z,2025-10-28T10:42:00.000Z,BUY,0.01,2,1,10.00,2,18710.00
2025-10-28T10:42:00.000Z,2025-10-28T12:39:00.000Z,BUY,0.01,1,1,10.00,1,18720.00
2025-10-28T12:39:00.000Z,2025-10-28T12:53:00.000Z,BUY,0.01,1,1,10.00,1,18730.00
2025-10-28T12:53:00.000Z,2025-10-28T15:58:00.000Z,BUY,0.01,3,1,10.00,3,18740.00
2025-10-28T15:58:00.000Z,2025-10-28T16:26:00.000Z,BUY,0.01,1,1,10.00,1,18750.00
2025-10-28T16:26:00.000Z,2025-10-28T17:11:00.000Z,BUY,0.01,1,1,10.00,1,18760.00
2025-10-28T17:11:00.000Z,2025-10-28T17:50:00.000Z,BUY,0.01,1,1,10.00,1,18770.00
2025-10-28T17:50:00.000Z,2025-10-29T00:07:00.000Z,BUY,0.01,2,1,10.00,2,18780.00
2025-10-29T00:07:00.000Z,2025-10-29T00:29:00.000Z,BUY,0.01,3,1,10.00,3,18790.00
2025-10-29T00:29:00.000Z,2025-10-29T01:43:00.000Z,BUY,0.01,1,1,10.00,1,18800.00
2025-10-29T01:43:00.000Z,2025-10-29T02:04:00.000Z,BUY,0.01,1,1,10.00,1,18810.00
2025-10-29T02:04:00.000Z,2025-10-29T02:41:00.000Z,BUY,0.01,1,1,10.00,1,18820.00
2025-10-29T02:41:00.000Z,2025-10-29T04:35:00.000Z,BUY,0.01,2,1,10.00,2,18830.00
2025-10-29T04:35:00.000Z,2025-10-29T04:49:00.000Z,BUY,0.01,1,1,10.00,1,18840.00
2025-10-29T04:49:00.000Z,2025-10-29T05:24:00.000Z,BUY,0.01,1,1,10.00,1,18850.00
2025-10-29T05:24:00.000Z,2025-10-29T08:43:00.000Z,BUY,0.01,1,1,10.00,1,18860.00
2025-10-29T08:43:00.000Z,2025-10-29T09:10:00.000Z,BUY,0.01,1,1,10.00,1,18870.00
2025-10-29T09:10:00.000Z,2025-10-29T09:58:00.000Z,BUY,0.01,1,1,10.00,1,18880.00
2025-10-29T09:58:00.000Z,2025-10-29T10:10:00.000Z,BUY,0.01,1,1,10.00,1,18890.00
2025-10-29T10:10:00.000Z,2025-10-29T11:09:00.000Z,BUY,0.01,1,1,10.00,1,18900.00
2025-10-29T11:09:00.000Z,2025-10-29T17:51:00.000Z,BUY,0.01,2,1,10.00,2,18910.00
2025-10-29T17:51:00.000Z,2025-10-29T18:19:00.000Z,BUY,0.01,1,1,10.00,1,18920.00
2025-10-29T18:19:00.000Z,2025-10-29T20:35:00.000Z,BUY,0.01,4,1,10.00,4,18930.00
2025-10-29T20:35:00.000Z,2025-10-29T21:33:00.000Z,BUY,0.01,4,1,10.00,4,18940.00
2025-10-29T21:33:00.000Z,2025-10-29T22:24:00.000Z,BUY,0.01,1,1,10.00,1,18950.00
2025-10-29T22:24:00.000Z,2025-10-30T00:00:00.000Z,BUY,0.01,2,1,10.00,2,18960.00
2025-10-30T00:00:00.000Z,2025-10-30T00:07:00.000Z,BUY,0.01,1,1,10.00,1,18970.00
2025-10-30T00:07:00.000Z,2025-10-30T00:16:00.000Z,BUY,0.01,1,1,10.00,1,18980.00
2025-10-30T00:16:00.000Z,2025-10-30T01:29:00.000Z,BUY,0.01,1,1,10.00,1,18990.00
2025-10-30T01:29:00.000Z,2025-10-30T02:01:00.000Z,BUY,0.01,1,1,10.00,1,19000.00
2025-10-30T02:01:00.000Z,2025-10-30T04:10:00.000Z,BUY,0.01,4,1,10.00,4,19010.00
2025-10-30T04:10:00.000Z,2025-10-30T04:38:00.000Z,BUY,0.01,1,1,10.00,1,19020.00
2025-10-30T04:38:00.000Z,2025-10-30T06:21:00.000Z,BUY,0.01,3,1,10.00,3,19030.00
2025-10-30T06:21:00.000Z,2025-10-30T06:30:00.000Z,BUY,0.01,1,1,10.00,1,19040.00
2025-10-30T06:30:00.000Z,2025-10-30T06:35:00.000Z,BUY,0.01,1,1,10.00,1,19050.00
2025-10-30T06:35:00.000Z,2025-10-30T11:01:00.000Z,BUY,0.01,3,1,10.00,3,19060.00
2025-10-30T11:01:00.000Z,2025-10-30T11:05:00.000Z,BUY,0.01,1,1,10.00,1,19070.00
2025-10-30T11:05:00.000Z,2025-10-30T11:11:00.000Z,BUY,0.01,1,1,10.00,1,19080.00
2025-10-30T11:11:00.000Z,2025-10-30T13:18:00.000Z,BUY,0.01,2,1,10.00,2,19090.00
2025-10-30T13:18:00.000Z,2025-10-30T14:15:00.000Z,BUY,0.01,1,1,10.00,1,19100.00
2025-10-30T14:15:00.000Z,2025-10-30T15:57:00.000Z,BUY,0.01,3,1,10.00,3,19110.00
2025-10-30T15:57:00.000Z,2025-10-30T16:07:00.000Z,BUY,0.01,1,1,10.00,1,19120.00
2025-10-30T16:07:00.000Z,2025-10-30T16:10:00.000Z,BUY,0.01,1,1,10.00,1,19130.00
2025-10-30T16:10:00.000Z,2025-10-30T21:06:00.000Z,BUY,0.01,3,1,10.00,3,19140.00
2025-10-30T21:06:00.000Z,2025-10-31T00:50:00.000Z,BUY,0.01,1,1,10.00,1,19150.00
2025-10-31T00:50:00.000Z,2025-10-31T00:55:00.000Z,BUY,0.01,1,1,10.00,1,19160.00
2025-10-31T00:55:00.000Z,2025-10-31T03:54:00.000Z,BUY,0.01,2,1,10.00,2,19170.00
2025-10-31T03:54:00.000Z,2025-10-31T09:32:00.000Z,BUY,0.01,3,1,10.00,3,19180.00
2025-10-31T09:32:00.000Z,2025-10-31T14:48:00.000Z,BUY,0.01,3,1,10.00,3,19190.00
2025-10-31T14:48:00.000Z,2025-10-31T18:04:00.000Z,BUY,0.01,2,1,10.00,2,19200.00
2025-10-31T18:04:00.000Z,2025-10-31T18:15:00.000Z,BUY,0.01,2,1,10.00,2,19210.00
2025-10-31T18:15:00.000Z,2025-10-31T18:24:00.000Z,BUY,0.01,1,1,10.00,1,19220.00
2025-10-31T18:24:00.000Z,2025-10-31T19:42:00.000Z,BUY,0.01,1,1,10.00,1,19230.00
2025-10-31T19:42:00.000Z,2025-10-31T20:13:00.000Z,BUY,0.01,1,1,10.00,1,19240.00
2025-10-31T20:13:00.000Z,2025-11-03T02:13:00.000Z,BUY,0.01,2,1,10.00,2,19250.00
2025-11-03T02:13:00.000Z,2025-11-03T03:10:00.000Z,BUY,0.01,1,1,10.00,1,19260.00
2025-11-03T03:10:00.000Z,2025-11-03T03:27:00.000Z,BUY,0.01,1,1,10.00,1,19270.00
2025-11-03T03:27:00.000Z,2025-11-03T05:01:00.000Z,BUY,0.01,1,1,10.00,1,19280.00
2025-11-03T05:01:00.000Z,2025-11-03T07:31:00.000Z,BUY,0.01,1,1,10.00,1,19290.00
2025-11-03T07:31:00.000Z,2025-11-03T10:05:00.000Z,BUY,0.01,1,1,10.00,1,19300.00
2025-11-03T10:05:00.000Z,2025-11-03T11:44:00.000Z,BUY,0.01,2,1,10.00,2,19310.00
2025-11-03T11:44:00.000Z,2025-11-03T13:48:00.000Z,BUY,0.01,1,1,10.00,1,19320.00
2025-11-03T13:48:00.000Z,2025-11-03T15:03:00.000Z,BUY,0.01,1,1,10.00,1,19330.00
2025-11-03T15:03:00.000Z,2025-11-03T17:00:00.000Z,BUY,0.01,1,1,10.00,1,19340.00
2025-11-03T17:00:00.000Z,2025-11-03T18:18:00.000Z,BUY,0.01,2,1,10.00,2,19350.00
2025-11-03T18:18:00.000Z,2025-11-03T18:48:00.000Z,BUY,0.01,1,1,10.00,1,19360.00
2025-11-03T18:48:00.000Z,2025-11-04T02:43:00.000Z,BUY,0.01,2,1,10.00,2,19370.00
2025-11-04T02:43:00.000Z,2025-11-04T02:49:00.000Z,BUY,0.01,1,1,10.00,1,19380.00
2025-11-04T02:49:00.000Z,2025-11-04T05:39:00.000Z,BUY,0.01,1,1,10.00,1,19390.00
2025-11-04T05:39:00.000Z,2025-11-04T08:04:00.000Z,BUY,0.01,2,1,10.00,2,19400.00
2025-11-04T08:04:00.000Z,2025-11-04T08:40:00.000Z,BUY,0.01,1,1,10.00,1,19410.00
2025-11-04T08:40:00.000Z,2025-11-04T09:10:00.000Z,BUY,0.01,1,1,10.00,1,19420.00
2025-11-04T09:10:00.000Z,2025-11-04T10:26:00.000Z,BUY,0.01,1,1,10.00,1,19430.00
2025-11-04T10:26:00.000Z,2025-11-04T16:03:00.000Z,BUY,0.01,2,1,10.00,2,19440.00
2025-11-04T16:03:00.000Z,2025-11-04T16:34:00.000Z,BUY,0.01,2,1,10.00,2,19450.00
2025-11-04T16:34:00.000Z,2025-11-04T16:55:00.000Z,BUY,0.01,1,1,10.00,1,19460.00
2025-11-04T16:55:00.000Z,2025-11-04T16:59:00.000Z,BUY,0.01,1,1,10.00,1,19470.00
2025-11-04T16:59:00.000Z,2025-11-04T18:17:00.000Z,BUY,0.01,1,1,10.00,1,19480.00
2025-11-04T18:17:00.000Z,2025-11-04T20:35:00.000Z,BUY,0.01,2,1,10.00,2,19490.00
2025-11-04T20:35:00.000Z,2025-11-05T04:56:00.000Z,BUY,0.01,1,1,10.00,1,19500.00
2025-11-05T04:56:00.000Z,2025-11-05T05:45:00.000Z,BUY,0.01,1,1,10.00,1,19510.00
2025-11-05T05:45:00.000Z,2025-11-05T06:41:00.000Z,BUY,0.01,1,1,10.00,1,19520.00
2025-11-05T06:41:00.000Z,2025-11-05T10:05:00.000Z,BUY,0.01,1,1,10.00,1,19530.00
2025-11-05T10:05:00.000Z,2025-11-06T08:55:00.000Z,BUY,0.01,3,1,10.00,3,19540.00
2025-11-06T08:55:00.000Z,2025-11-06T09:20:00.000Z,BUY,0.01,1,1,10.00,1,19550.00
2025-11-06T09:20:00.000Z,2025-11-06T10:17:00.000Z,BUY,0.01,1,1,10.00,1,19560.00
2025-11-06T10:17:00.000Z,2025-11-06T17:03:00.000Z,BUY,0.01,2,1,10.00,2,19570.00
2025-11-06T17:03:00.000Z,2025-11-06T21:11:00.000Z,BUY,0.01,1,1,10.00,1,19580.00
2025-11-06T21:11:00.000Z,2025-11-07T03:43:00.000Z,BUY,0.01,1,1,10.00,1,19590.00
2025-11-07T03:43:00.000Z,2025-11-07T11:15:00.000Z,BUY,0.01,1,1,10.00,1,19600.00
2025-11-07T11:15:00.000Z,2025-11-07T18:36:00.000Z,BUY,0.01,3,1,10.00,3,19610.00
2025-11-07T18:36:00.000Z,2025-11-07T19:18:00.000Z,BUY,0.01,2,1,10.00,2,19620.00
2025-11-07T19:18:00.000Z,2025-11-07T19:55:00.000Z,BUY,0.01,1,1,10.00,1,19630.00
2025-11-07T19:55:00.000Z,2025-11-10T02:00:00.000Z,BUY,0.01,1,1,10.00,1,19640.00
2025-11-10T02:00:00.000Z,2025-11-10T02:47:00.000Z,BUY,0.01,1,1,10.00,1,19650.00
2025-11-10T02:47:00.000Z,2025-11-10T03:19:00.000Z,BUY,0.01,1,1,10.00,1,19660.00
2025-11-10T03:19:00.000Z,2025-11-10T03:22:00.000Z,BUY,0.01,1,1,10.00,1,19670.00
2025-11-10T03:22:00.000Z,2025-11-10T06:03:00.000Z,BUY,0.01,1,1,10.00,1,19680.00
2025-11-10T06:03:00.000Z,2025-11-10T07:42:00.000Z,BUY,0.01,1,1,10.00,1,19690.00
2025-11-10T07:42:00.000Z,2025-11-10T08:34:00.000Z,BUY,0.01,1,1,10.00,1,19700.00
2025-11-10T08:34:00.000Z,2025-11-10T10:38:00.000Z,BUY,0.01,1,1,10.00,1,19710.00
2025-11-10T10:38:00.000Z,2025-11-10T14:21:00.000Z,BUY,0.01,1,1,10.00,1,19720.00
2025-11-10T14:21:00.000Z,2025-11-10T15:03:00.000Z,BUY,0.01,1,1,10.00,1,19730.00
2025-11-10T15:03:00.000Z,2025-11-10T16:35:00.000Z,BUY,0.01,2,1,10.00,2,19740.00
2025-11-10T16:35:00.000Z,2025-11-10T16:55:00.000Z,BUY,0.01,1,1,10.00,1,19750.00
2025-11-10T16:55:00.000Z,2025-11-10T19:00:00.000Z,BUY,0.01,1,1,10.00,1,19760.00
2025-11-10T19:00:00.000Z,2025-11-10T20:16:00.000Z,BUY,0.01,1,1,10.00,1,19770.00
2025-11-10T20:16:00.000Z,2025-11-10T23:52:00.000Z,BUY,0.01,1,1,10.00,1,19780.00
2025-11-10T23:52:00.000Z,2025-11-11T02:30:00.000Z,BUY,0.01,1,1,10.00,1,19790.00
2025-11-11T02:30:00.000Z,2025-11-11T03:28:00.000Z,BUY,0.01,1,1,10.00,1,19800.00
2025-11-11T03:28:00.000Z,2025-11-11T05:33:00.000Z,BUY,0.01,1,1,10.00,1,19810.00
2025-11-11T05:33:00.000Z,2025-11-11T17:19:00.000Z,BUY,0.01,2,1,10.00,2,19820.00
2025-11-11T17:19:00.000Z,2025-11-11T22:14:00.000Z,BUY,0.01,3,1,10.00,3,19830.00
2025-11-11T22:14:00.000Z,2025-11-12T01:24:00.000Z,BUY,0.01,1,1,10.00,1,19840.00
2025-11-12T01:24:00.000Z,2025-11-12T06:04:00.000Z,BUY,0.01,2,1,10.00,2,19850.00
2025-11-12T06:04:00.000Z,2025-11-12T08:38:00.000Z,BUY,0.01,1,1,10.00,1,19860.00
2025-11-12T08:38:00.000Z,2025-11-12T10:24:00.000Z,BUY,0.01,1,1,10.00,1,19870.00
2025-11-12T10:24:00.000Z,2025-11-12T14:32:00.000Z,BUY,0.01,1,1,10.00,1,19880.00
2025-11-12T14:32:00.000Z,2025-11-12T17:10:00.000Z,BUY,0.01,1,1,10.00,1,19890.00
2025-11-12T17:10:00.000Z,2025-11-12T17:11:00.000Z,BUY,0.01,1,1,10.00,1,19900.00
2025-11-12T17:11:00.000Z,2025-11-12T17:17:00.000Z,BUY,0.01,1,1,10.00,1,19910.00
2025-11-12T17:17:00.000Z,2025-11-12T17:34:00.000Z,BUY,0.01,1,1,10.00,1,19920.00
2025-11-12T17:34:00.000Z,2025-11-12T18:31:00.000Z,BUY,0.01,1,1,10.00,1,19930.00
2025-11-12T18:31:00.000Z,2025-11-12T19:01:00.000Z,BUY,0.01,1,1,10.00,1,19940.00
2025-11-12T19:01:00.000Z,2025-11-12T20:27:00.000Z,BUY,0.01,1,1,10.00,1,19950.00
2025-11-12T20:27:00.000Z,2025-11-13T03:18:00.000Z,BUY,0.01,2,1,10.00,2,19960.00
2025-11-13T03:18:00.000Z,2025-11-13T03:24:00.000Z,BUY,0.01,1,1,10.00,1,19970.00
2025-11-13T03:24:00.000Z,2025-11-13T05:08:00.000Z,BUY,0.01,1,1,10.00,1,19980.00
2025-11-13T05:08:00.000Z,2025-11-13T05:51:00.000Z,BUY,0.01,1,1,10.00,1,19990.00
2025-11-13T05:51:00.000Z,2025-11-13T10:00:00.000Z,BUY,0.01,1,1,10.00,1,20000.00
2025-11-13T10:00:00.000Z,2025-11-13T10:15:00.000Z,BUY,0.01,1,1,10.00,1,20010.00
2025-11-13T10:15:00.000Z,2025-11-13T14:56:00.000Z,BUY,0.01,1,1,10.00,1,20020.00
2025-11-13T14:56:00.000Z,2025-11-13T16:26:00.000Z,BUY,0.01,2,1,10.00,2,20030.00
2025-11-13T16:26:00.000Z,2025-11-13T20:31:00.000Z,BUY,0.01,2,1,10.00,2,20040.00
2025-11-13T20:31:00.000Z,2025-11-13T20:36:00.000Z,BUY,0.01,2,1,10.00,2,20050.00
2025-11-13T20:36:00.000Z,2025-11-13T20:50:00.000Z,BUY,0.01,1,1,10.00,1,20060.00
2025-11-13T20:50:00.000Z,2025-11-13T23:08:00.000Z,BUY,0.01,1,1,10.00,1,20070.00
2025-11-13T23:08:00.000Z,2025-11-14T01:21:00.000Z,BUY,0.01,1,1,10.00,1,20080.00
2025-11-14T01:21:00.000Z,2025-11-14T03:54:00.000Z,BUY,0.01,1,1,10.00,1,20090.00
2025-11-14T03:54:00.000Z,2025-11-14T04:30:00.000Z,BUY,0.01,1,1,10.00,1,20100.00
2025-11-14T04:30:00.000Z,2025-11-14T08:49:00.000Z,BUY,0.01,2,1,10.00,2,20110.00
2025-11-14T08:49:00.000Z,2025-11-14T10:19:00.000Z,BUY,0.01,1,1,10.00,1,20120.00
2025-11-14T10:19:00.000Z,2025-11-14T13:12:00.000Z,BUY,0.01,2,1,10.00,2,20130.00
2025-11-14T13:12:00.000Z,2025-11-14T14:17:00.000Z,BUY,0.01,2,1,10.00,2,20140.00
2025-11-14T14:17:00.000Z,2025-11-14T15:12:00.000Z,BUY,0.01,2,1,10.00,2,20150.00
2025-11-14T15:12:00.000Z,2025-11-14T15:26:00.000Z,BUY,0.01,2,1,10.00,2,20160.00
2025-11-14T15:26:00.000Z,2025-11-14T16:33:00.000Z,BUY,0.01,2,1,10.00,2,20170.00
2025-11-14T16:33:00.000Z,2025-11-14T16:35:00.000Z,BUY,0.01,1,1,10.00,1,20180.00
2025-11-14T16:35:00.000Z,2025-11-14T16:36:00.000Z,BUY,0.01,1,1,10.00,1,20190.00
2025-11-14T16:36:00.000Z,2025-11-14T16:38:00.000Z,BUY,0.01,1,1,10.00,1,20200.00
2025-11-14T16:38:00.000Z,2025-11-14T16:53:00.000Z,BUY,0.01,1,1,10.00,1,20210.00
2025-11-14T16:53:00.000Z,2025-11-14T17:47:00.000Z,BUY,0.01,1,1,10.00,1,20220.00
2025-11-14T17:47:00.000Z,2025-11-14T17:50:00.000Z,BUY,0.01,1,1,10.00,1,20230.00
2025-11-14T17:50:00.000Z,2025-11-14T18:38:00.000Z,BUY,0.01,1,1,10.00,1,20240.00
2025-11-14T18:38:00.000Z,2025-11-17T01:03:00.000Z,BUY,0.01,2,1,10.00,2,20250.00
2025-11-17T01:03:00.000Z,2025-11-17T01:03:00.000Z,BUY,0.01,1,1,10.00,1,20260.00
2025-11-17T01:03:00.000Z,2025-11-17T01:07:00.000Z,BUY,0.01,1,1,10.00,1,20270.00
2025-11-17T01:07:00.000Z,2025-11-17T01:23:00.000Z,BUY,0.01,1,1,10.00,1,20280.00
2025-11-17T01:23:00.000Z,2025-11-17T05:00:00.000Z,BUY,0.01,2,1,10.00,2,20290.00
2025-11-17T05:00:00.000Z,2025-11-17T05:17:00.000Z,BUY,0.01,1,1,10.00,1,20300.00
2025-11-17T05:17:00.000Z,2025-11-17T07:32:00.000Z,BUY,0.01,2,1,10.00,2,20310.00
2025-11-17T07:32:00.000Z,2025-11-17T08:05:00.000Z,BUY,0.01,1,1,10.00,1,20320.00
2025-11-17T08:05:00.000Z,2025-11-17T09:19:00.000Z,BUY,0.01,1,1,10.00,1,20330.00
2025-11-17T09:19:00.000Z,2025-11-17T09:46:00.000Z,BUY,0.01,1,1,10.00,1,20340.00
2025-11-17T09:46:00.000Z,2025-11-17T18:04:00.000Z,BUY,0.01,4,1,10.00,4,20350.00
2025-11-17T18:04:00.000Z,2025-11-17T18:23:00.000Z,BUY,0.01,1,1,10.00,1,20360.00
2025-11-17T18:23:00.000Z,2025-11-17T19:18:00.000Z,BUY,0.01,1,1,10.00,1,20370.00
2025-11-17T19:18:00.000Z,2025-11-17T21:32:00.000Z,BUY,0.01,2,1,10.00,2,20380.00
2025-11-17T21:32:00.000Z,2025-11-17T21:43:00.000Z,BUY,0.01,2,1,10.00,2,20390.00
2025-11-17T21:43:00.000Z,2025-11-17T22:29:00.000Z,BUY,0.01,1,1,10.00,1,20400.00
2025-11-17T22:29:00.000Z,2025-11-17T22:51:00.000Z,BUY,0.01,1,1,10.00,1,20410.00
2025-11-17T22:51:00.000Z,2025-11-18T01:00:00.000Z,BUY,0.01,1,1,10.00,1,20420.00
2025-11-18T01:00:00.000Z,2025-11-18T04:54:00.000Z,BUY,0.01,2,1,10.00,2,20430.00
2025-11-18T04:54:00.000Z,2025-11-18T10:32:00.000Z,BUY,0.01,1,1,10.00,1,20440.00
2025-11-18T10:32:00.000Z,2025-11-18T10:35:00.000Z,BUY,0.01,1,1,10.00,1,20450.00
2025-11-18T10:35:00.000Z,2025-11-18T12:46:00.000Z,BUY,0.01,1,1,10.00,1,20460.00
2025-11-18T12:46:00.000Z,2025-11-18T15:35:00.000Z,BUY,0.01,1,1,10.00,1,20470.00
2025-11-18T15:35:00.000Z,2025-11-18T15:49:00.000Z,BUY,0.01,1,1,10.00,1,20480.00
2025-11-18T15:49:00.000Z,2025-11-18T16:17:00.000Z,BUY,0.01,1,1,10.00,1,20490.00
2025-11-18T16:17:00.000Z,2025-11-18T17:51:00.000Z,BUY,0.01,2,1,10.00,2,20500.00
2025-11-18T17:51:00.000Z,2025-11-18T18:18:00.000Z,BUY,0.01,1,1,10.00,1,20510.00
2025-11-18T18:18:00.000Z,2025-11-18T19:04:00.000Z,BUY,0.01,1,1,10.00,1,20520.00
2025-11-18T19:04:00.000Z,2025-11-18T21:14:00.000Z,BUY,0.01,1,1,10.00,1,20530.00
2025-11-18T21:14:00.000Z,2025-11-19T07:21:00.000Z,BUY,0.01,3,1,10.00,3,20540.00
2025-11-19T07:21:00.000Z,2025-11-19T11:46:00.000Z,BUY,0.01,1,1,10.00,1,20550.00
2025-11-19T11:46:00.000Z,2025-11-19T11:56:00.000Z,BUY,0.01,1,1,10.00,1,20560.00
2025-11-19T11:56:00.000Z,2025-11-19T16:55:00.000Z,BUY,0.01,1,1,10.00,1,20570.00
2025-11-19T16:55:00.000Z,2025-11-19T17:15:00.000Z,BUY,0.01,1,1,10.00,1,20580.00
2025-11-19T17:15:00.000Z,2025-11-19T17:53:00.000Z,BUY,0.01,2,1,10.00,2,20590.00
2025-11-19T17:53:00.000Z,2025-11-19T18:37:00.000Z,BUY,0.01,2,1,10.00,2,20600.00
2025-11-19T18:37:00.000Z,2025-11-19T19:51:00.000Z,BUY,0.01,1,1,10.00,1,20610.00
2025-11-19T19:51:00.000Z,2025-11-20T01:37:00.000Z,BUY,0.01,1,1,10.00,1,20620.00
2025-11-20T01:37:00.000Z,2025-11-20T01:48:00.000Z,BUY,0.01,1,1,10.00,1,20630.00
2025-11-20T01:48:00.000Z,2025-11-20T04:02:00.000Z,BUY,0.01,2,1,10.00,2,20640.00
2025-11-20T04:02:00.000Z,2025-11-20T04:19:00.000Z,BUY,0.01,2,1,10.00,2,20650.00
2025-11-20T04:19:00.000Z,2025-11-20T04:21:00.000Z,BUY,0.01,1,1,10.00,1,20660.00
2025-11-20T04:21:00.000Z,2025-11-20T04:45:00.000Z,BUY,0.01,1,1,10.00,1,20670.00
2025-11-20T04:45:00.000Z,2025-11-20T05:00:00.000Z,BUY,0.01,1,1,10.00,1,20680.00
2025-11-20T05:00:00.000Z,2025-11-20T05:07:00.000Z,BUY,0.01,1,1,10.00,1,20690.00
2025-11-20T05:07:00.000Z,2025-11-20T10:04:00.000Z,BUY,0.01,2,1,10.00,2,20700.00
2025-11-20T10:04:00.000Z,2025-11-20T10:56:00.000Z,BUY,0.01,1,1,10.00,1,20710.00
2025-11-20T10:56:00.000Z,2025-11-20T14:11:00.000Z,BUY,0.01,1,1,10.00,1,20720.00
2025-11-20T14:11:00.000Z,2025-11-20T15:00:00.000Z,BUY,0.01,1,1,10.00,1,20730.00
2025-11-20T15:00:00.000Z,2025-11-20T15:06:00.000Z,BUY,0.01,1,1,10.00,1,20740.00
2025-11-20T15:06:00.000Z,2025-11-20T16:49:00.000Z,BUY,0.01,5,1,10.00,5,20750.00
2025-11-20T16:49:00.000Z,2025-11-20T17:59:00.000Z,BUY,0.01,2,1,10.00,2,20760.00
2025-11-20T17:59:00.000Z,2025-11-20T21:23:00.000Z,BUY,0.01,3,1,10.00,3,20770.00
2025-11-20T21:23:00.000Z,2025-11-21T05:04:00.000Z,BUY,0.01,2,1,10.00,2,20780.00
2025-11-21T05:04:00.000Z,2025-11-21T08:00:00.000Z,BUY,0.01,1,1,10.00,1,20790.00
2025-11-21T08:00:00.000Z,2025-11-21T08:28:00.000Z,BUY,0.01,2,1,10.00,2,20800.00
2025-11-21T08:28:00.000Z,2025-11-21T10:16:00.000Z,BUY,0.01,1,1,10.00,1,20810.00
2025-11-21T10:16:00.000Z,2025-11-21T11:13:00.000Z,BUY,0.01,1,1,10.00,1,20820.00
2025-11-21T11:13:00.000Z,2025-11-21T14:45:00.000Z,BUY,0.01,3,1,10.00,3,20830.00
2025-11-21T14:45:00.000Z,2025-11-21T15:45:00.000Z,BUY,0.01,1,1,10.00,1,20840.00
2025-11-21T15:45:00.000Z,2025-11-21T18:50:00.000Z,BUY,0.01,3,1,10.00,3,20850.00
2025-11-21T18:50:00.000Z,2025-11-21T18:51:00.000Z,BUY,0.01,1,1,10.00,1,20860.00
2025-11-21T18:51:00.000Z,2025-11-21T22:30:00.000Z,BUY,0.01,2,1,10.00,2,20870.00
2025-11-21T22:30:00.000Z,2025-11-24T01:08:00.000Z,BUY,0.01,1,1,10.00,1,20880.00
2025-11-24T01:08:00.000Z,2025-11-24T03:56:00.000Z,BUY,0.01,2,1,10.00,2,20890.00
2025-11-24T03:56:00.000Z,2025-11-24T05:38:00.000Z,BUY,0.01,1,1,10.00,1,20900.00
2025-11-24T05:38:00.000Z,2025-11-24T09:44:00.000Z,BUY,0.01,1,1,10.00,1,20910.00
2025-11-24T09:44:00.000Z,2025-11-24T12:03:00.000Z,BUY,0.01,1,1,10.00,1,20920.00
2025-11-24T12:03:00.000Z,2025-11-24T17:05:00.000Z,BUY,0.01,1,1,10.00,1,20930.00
2025-11-24T17:05:00.000Z,2025-11-24T18:33:00.000Z,BUY,0.01,1,1,10.00,1,20940.00
2025-11-24T18:33:00.000Z,2025-11-24T20:38:00.000Z,BUY,0.01,1,1,10.00,1,20950.00
2025-11-24T20:38:00.000Z,2025-11-24T20:52:00.000Z,BUY,0.01,1,1,10.00,1,20960.00
2025-11-24T20:52:00.000Z,2025-11-24T22:31:00.000Z,BUY,0.01,1,1,10.00,1,20970.00
2025-11-24T22:31:00.000Z,2025-11-24T23:42:00.000Z,BUY,0.01,1,1,10.00,1,20980.00
2025-11-24T23:42:00.000Z,2025-11-25T04:39:00.000Z,BUY,0.01,1,1,10.00,1,20990.00
2025-11-25T04:39:00.000Z,2025-11-25T10:51:00.000Z,BUY,0.01,2,1,10.00,2,21000.00
2025-11-25T10:51:00.000Z,2025-11-25T11:13:00.000Z,BUY,0.01,1,1,10.00,1,21010.00
2025-11-25T11:13:00.000Z,2025-11-25T12:16:00.000Z,BUY,0.01,1,1,10.00,1,21020.00
2025-11-25T12:16:00.000Z,2025-11-25T15:30:00.000Z,BUY,0.01,3,1,10.00,3,21030.00
2025-11-25T15:30:00.000Z,2025-11-25T16:39:00.000Z,BUY,0.01,2,1,10.00,2,21040.00
2025-11-25T16:39:00.000Z,2025-11-25T17:09:00.000Z,BUY,0.01,1,1,10.00,1,21050.00
2025-11-25T17:09:00.000Z,2025-11-25T18:17:00.000Z,BUY,0.01,1,1,10.00,1,21060.00
2025-11-25T18:17:00.000Z,2025-11-25T19:02:00.000Z,BUY,0.01,1,1,10.00,1,21070.00
2025-11-25T19:02:00.000Z,2025-11-26T04:25:00.000Z,BUY,0.01,3,1,10.00,3,21080.00
2025-11-26T04:25:00.000Z,2025-11-26T13:32:00.000Z,BUY,0.01,1,1,10.00,1,21090.00
2025-11-26T13:32:00.000Z,2025-11-26T16:08:00.000Z,BUY,0.01,2,1,10.00,2,21100.00
2025-11-26T16:08:00.000Z,2025-11-26T16:32:00.000Z,BUY,0.01,1,1,10.00,1,21110.00
2025-11-26T16:32:00.000Z,2025-11-26T17:31:00.000Z,BUY,0.01,1,1,10.00,1,21120.00
2025-11-26T17:31:00.000Z,2025-11-26T20:12:00.000Z,BUY,0.01,1,1,10.00,1,21130.00
2025-11-26T20:12:00.000Z,2025-11-28T02:34:00.000Z,BUY,0.01,3,1,10.00,3,21140.00
2025-11-28T02:34:00.000Z,2025-11-28T03:08:00.000Z,BUY,0.01,1,1,10.00,1,21150.00
2025-11-28T03:08:00.000Z,2025-11-28T10:24:00.000Z,BUY,0.01,2,1,10.00,2,21160.00
2025-11-28T10:24:00.000Z,2025-11-28T10:58:00.000Z,BUY,0.01,1,1,10.00,1,21170.00
2025-11-28T10:58:00.000Z,2025-11-28T15:57:00.000Z,BUY,0.01,1,1,10.00,1,21180.00
2025-11-28T15:57:00.000Z,2025-11-28T16:16:00.000Z,BUY,0.01,1,1,10.00,1,21190.00
2025-11-28T16:16:00.000Z,2025-11-28T16:39:00.000Z,BUY,0.01,1,1,10.00,1,21200.00
2025-11-28T16:39:00.000Z,2025-11-28T19:47:00.000Z,BUY,0.01,1,1,10.00,1,21210.00
2025-11-28T19:47:00.000Z,2025-11-28T20:31:00.000Z,BUY,0.01,1,1,10.00,1,21220.00
2025-11-28T20:31:00.000Z,2025-12-01T02:54:00.000Z,BUY,0.01,1,1,10.00,1,21230.00
2025-12-01T02:54:00.000Z,2025-12-01T03:39:00.000Z,BUY,0.01,1,1,10.00,1,21240.00
2025-12-01T03:39:00.000Z,2025-12-01T03:58:00.000Z,BUY,0.01,1,1,10.00,1,21250.00
2025-12-01T03:58:00.000Z,2025-12-01T07:22:00.000Z,BUY,0.01,2,1,10.00,2,21260.00
2025-12-01T07:22:00.000Z,2025-12-01T08:14:00.000Z,BUY,0.01,1,1,10.00,1,21270.00
2025-12-01T08:14:00.000Z,2025-12-01T09:56:00.000Z,BUY,0.01,1,1,10.00,1,21280.00
2025-12-01T09:56:00.000Z,2025-12-01T12:04:00.000Z,BUY,0.01,1,1,10.00,1,21290.00
2025-12-01T12:04:00.000Z,2025-12-01T15:42:00.000Z,BUY,0.01,1,1,10.00,1,21300.00
2025-12-01T15:42:00.000Z,2025-12-01T16:35:00.000Z,BUY,0.01,2,1,10.00,2,21310.00
2025-12-01T16:35:00.000Z,2025-12-01T17:00:00.000Z,BUY,0.01,1,1,10.00,1,21320.00
2025-12-01T17:00:00.000Z,2025-12-02T03:04:00.000Z,BUY,0.01,4,1,10.00,4,21330.00
2025-12-02T03:04:00.000Z,2025-12-02T05:05:00.000Z,BUY,0.01,3,1,10.00,3,21340.00
2025-12-02T05:05:00.000Z,2025-12-02T11:26:00.000Z,BUY,0.01,2,1,10.00,2,21350.00
2025-12-02T11:26:00.000Z,2025-12-02T13:57:00.000Z,BUY,0.01,1,1,10.00,1,21360.00
2025-12-02T13:57:00.000Z,2025-12-02T16:02:00.000Z,BUY,0.01,1,1,10.00,1,21370.00
2025-12-02T16:02:00.000Z,2025-12-02T16:25:00.000Z,BUY,0.01,1,1,10.00,1,21380.00
2025-12-02T16:25:00.000Z,2025-12-02T17:20:00.000Z,BUY,0.01,2,1,10.00,2,21390.00
2025-12-02T17:20:00.000Z,2025-12-02T17:58:00.000Z,BUY,0.01,2,1,10.00,2,21400.00
2025-12-02T17:58:00.000Z,2025-12-02T18:13:00.000Z,BUY,0.01,1,1,10.00,1,21410.00
2025-12-02T18:13:00.000Z,2025-12-02T18:36:00.000Z,BUY,0.01,1,1,10.00,1,21420.00
2025-12-02T18:36:00.000Z,2025-12-02T19:49:00.000Z,BUY,0.01,1,1,10.00,1,21430.00
2025-12-02T19:49:00.000Z,2025-12-02T22:36:00.000Z,BUY,0.01,1,1,10.00,1,21440.00
2025-12-02T22:36:00.000Z,2025-12-03T03:00:00.000Z,BUY,0.01,1,1,10.00,1,21450.00
2025-12-03T03:00:00.000Z,2025-12-03T04:34:00.000Z,BUY,0.01,1,1,10.00,1,21460.00
2025-12-03T04:34:00.000Z,2025-12-03T11:10:00.000Z,BUY,0.01,2,1,10.00,2,21470.00
2025-12-03T11:10:00.000Z,2025-12-03T13:58:00.000Z,BUY,0.01,1,1,10.00,1,21480.00
2025-12-03T13:58:00.000Z,2025-12-03T15:15:00.000Z,BUY,0.01,1,1,10.00,1,21490.00
2025-12-03T15:15:00.000Z,2025-12-03T15:52:00.000Z,BUY,0.01,1,1,10.00,1,21500.00
2025-12-03T15:52:00.000Z,2025-12-03T15:55:00.000Z,BUY,0.01,1,1,10.00,1,21510.00
2025-12-03T15:55:00.000Z,2025-12-03T16:54:00.000Z,BUY,0.01,2,1,10.00,2,21520.00
2025-12-03T16:54:00.000Z,2025-12-03T17:07:00.000Z,BUY,0.01,1,1,10.00,1,21530.00
2025-12-03T17:07:00.000Z,2025-12-03T17:34:00.000Z,BUY,0.01,1,1,10.00,1,21540.00
2025-12-03T17:34:00.000Z,2025-12-03T18:56:00.000Z,BUY,0.01,2,1,10.00,2,21550.00
2025-12-03T18:56:00.000Z,2025-12-03T19:08:00.000Z,BUY,0.01,1,1,10.00,1,21560.00
2025-12-03T19:08:00.000Z,2025-12-04T07:51:00.000Z,BUY,0.01,2,1,10.00,2,21570.00
2025-12-04T07:51:00.000Z,2025-12-04T08:44:00.000Z,BUY,0.01,1,1,10.00,1,21580.00
2025-12-04T08:44:00.000Z,2025-12-04T11:54:00.000Z,BUY,0.01,1,1,10.00,1,21590.00
2025-12-04T11:54:00.000Z,2025-12-04T16:22:00.000Z,BUY,0.01,1,1,10.00,1,21600.00
2025-12-04T16:22:00.000Z,2025-12-05T07:28:00.000Z,BUY,0.01,1,1,10.00,1,21610.00
2025-12-05T07:28:00.000Z,2025-12-05T09:10:00.000Z,BUY,0.01,1,1,10.00,1,21620.00
2025-12-05T09:10:00.000Z,2025-12-05T16:47:00.000Z,BUY,0.01,1,1,10.00,1,21630.00
2025-12-05T16:47:00.000Z,2025-12-05T17:32:00.000Z,BUY,0.01,1,1,10.00,1,21640.00
2025-12-05T17:32:00.000Z,2025-12-05T18:10:00.000Z,BUY,0.01,2,1,10.00,2,21650.00
2025-12-05T18:10:00.000Z,2025-12-08T17:00:00.000Z,BUY,0.01,2,1,10.00,2,21660.00
2025-12-08T17:00:00.000Z,2025-12-09T11:05:00.000Z,BUY,0.01,3,1,10.00,3,21670.00
2025-12-09T11:05:00.000Z,2025-12-09T11:19:00.000Z,BUY,0.01,1,1,10.00,1,21680.00
2025-12-09T11:19:00.000Z,2025-12-09T18:45:00.000Z,BUY,0.01,3,1,10.00,3,21690.00
2025-12-09T18:45:00.000Z,2025-12-10T12:31:00.000Z,BUY,0.01,2,1,10.00,2,21700.00
2025-12-10T12:31:00.000Z,2025-12-10T14:10:00.000Z,BUY,0.01,1,1,10.00,1,21710.00
2025-12-10T14:10:00.000Z,2025-12-10T21:00:00.000Z,BUY,0.01,1,1,10.00,1,21720.00
2025-12-10T21:00:00.000Z,2025-12-10T22:04:00.000Z,BUY,0.01,3,1,10.00,3,21730.00
2025-12-10T22:04:00.000Z,2025-12-10T22:12:00.000Z,BUY,0.01,1,1,10.00,1,21740.00
2025-12-10T22:12:00.000Z,2025-12-11T02:14:00.000Z,BUY,0.01,1,1,10.00,1,21750.00
2025-12-11T02:14:00.000Z,2025-12-11T05:10:00.000Z,BUY,0.01,2,1,10.00,2,21760.00
2025-12-11T05:10:00.000Z,2025-12-11T12:04:00.000Z,BUY,0.01,1,1,10.00,1,21770.00
2025-12-11T12:04:00.000Z,2025-12-11T16:30:00.000Z,BUY,0.01,1,1,10.00,1,21780.00
2025-12-11T16:30:00.000Z,2025-12-11T16:39:00.000Z,BUY,0.01,1,1,10.00,1,21790.00
2025-12-11T16:39:00.000Z,2025-12-11T17:41:00.000Z,BUY,0.01,1,1,10.00,1,21800.00
2025-12-11T17:41:00.000Z,2025-12-11T18:45:00.000Z,BUY,0.01,1,1,10.00,1,21810.00
2025-12-11T18:45:00.000Z,2025-12-11T18:48:00.000Z,BUY,0.01,1,1,10.00,1,21820.00
2025-12-11T18:48:00.000Z,2025-12-11T20:10:00.000Z,BUY,0.01,1,1,10.00,1,21830.00
2025-12-11T20:10:00.000Z,2025-12-12T10:12:00.000Z,BUY,0.01,3,1,10.00,3,21840.00
2025-12-12T10:12:00.000Z,2025-12-12T10:49:00.000Z,BUY,0.01,1,1,10.00,1,21850.00
2025-12-12T10:49:00.000Z,2025-12-12T11:13:00.000Z,BUY,0.01,1,1,10.00,1,21860.00
2025-12-12T11:13:00.000Z,2025-12-12T12:40:00.000Z,BUY,0.01,1,1,10.00,1,21870.00
2025-12-12T12:40:00.000Z,2025-12-12T13:05:00.000Z,BUY,0.01,1,1,10.00,1,21880.00
2025-12-12T13:05:00.000Z,2025-12-12T15:32:00.000Z,BUY,0.01,1,1,10.00,1,21890.00
2025-12-12T15:32:00.000Z,2025-12-12T17:22:00.000Z,BUY,0.01,2,1,10.00,2,21900.00
2025-12-12T17:22:00.000Z,2025-12-12T17:58:00.000Z,BUY,0.01,4,1,10.00,4,21910.00
2025-12-12T17:58:00.000Z,2025-12-12T18:00:00.000Z,BUY,0.01,1,1,10.00,1,21920.00
2025-12-12T18:00:00.000Z,2025-12-12T18:39:00.000Z,BUY,0.01,2,1,10.00,2,21930.00
2025-12-12T18:39:00.000Z,2025-12-12T18:45:00.000Z,BUY,0.01,1,1,10.00,1,21940.00
2025-12-12T18:45:00.000Z,2025-12-12T19:21:00.000Z,BUY,0.01,1,1,10.00,1,21950.00
2025-12-12T19:21:00.000Z,2025-12-12T19:48:00.000Z,BUY,0.01,1,1,10.00,1,21960.00
2025-12-12T19:48:00.000Z,2025-12-15T01:32:00.000Z,BUY,0.01,1,1,10.00,1,21970.00
2025-12-15T01:32:00.000Z,2025-12-15T03:30:00.000Z,BUY,0.01,1,1,10.00,1,21980.00
2025-12-15T03:30:00.000Z,2025-12-15T04:30:00.000Z,BUY,0.01,1,1,10.00,1,21990.00
2025-12-15T04:30:00.000Z,2025-12-15T07:32:00.000Z,BUY,0.01,1,1,10.00,1,22000.00
2025-12-15T07:32:00.000Z,2025-12-15T10:48:00.000Z,BUY,0.01,1,1,10.00,1,22010.00
2025-12-15T10:48:00.000Z,2025-12-15T16:54:00.000Z,BUY,0.01,2,1,10.00,2,22020.00
2025-12-15T16:54:00.000Z,2025-12-15T18:36:00.000Z,BUY,0.01,2,1,10.00,2,22030.00
2025-12-15T18:36:00.000Z,2025-12-15T18:50:00.000Z,BUY,0.01,1,1,10.00,1,22040.00
2025-12-15T18:50:00.000Z,2025-12-15T20:34:00.000Z,BUY,0.01,1,1,10.00,1,22050.00
2025-12-15T20:34:00.000Z,2025-12-16T07:30:00.000Z,BUY,0.01,2,1,10.00,2,22060.00
2025-12-16T07:30:00.000Z,2025-12-16T08:09:00.000Z,BUY,0.01,1,1,10.00,1,22070.00
2025-12-16T08:09:00.000Z,2025-12-16T15:21:00.000Z,BUY,0.01,1,1,10.00,1,22080.00
2025-12-16T15:21:00.000Z,2025-12-16T15:31:00.000Z,BUY,0.01,1,1,10.00,1,22090.00
2025-12-16T15:31:00.000Z,2025-12-16T16:03:00.000Z,BUY,0.01,1,1,10.00,1,22100.00
2025-12-16T16:03:00.000Z,2025-12-16T16:22:00.000Z,BUY,0.01,1,1,10.00,1,22110.00
2025-12-16T16:22:00.000Z,2025-12-16T18:35:00.000Z,BUY,0.01,2,1,10.00,2,22120.00
2025-12-16T18:35:00.000Z,2025-12-16T19:07:00.000Z,BUY,0.01,1,1,10.00,1,22130.00
2025-12-16T19:07:00.000Z,2025-12-17T03:12:00.000Z,BUY,0.01,1,1,10.00,1,22140.00
2025-12-17T03:12:00.000Z,2025-12-17T06:42:00.000Z,BUY,0.01,1,1,10.00,1,22150.00
2025-12-17T06:42:00.000Z,2025-12-17T07:46:00.000Z,BUY,0.01,1,1,10.00,1,22160.00
2025-12-17T07:46:00.000Z,2025-12-17T10:09:00.000Z,BUY,0.01,2,1,10.00,2,22170.00
2025-12-17T10:09:00.000Z,2025-12-17T10:50:00.000Z,BUY,0.01,1,1,10.00,1,22180.00
2025-12-17T10:50:00.000Z,2025-12-17T15:20:00.000Z,BUY,0.01,1,1,10.00,1,22190.00
2025-12-17T15:20:00.000Z,2025-12-17T15:46:00.000Z,BUY,0.01,1,1,10.00,1,22200.00
2025-12-17T15:46:00.000Z,2025-12-18T16:41:00.000Z,BUY,0.01,5,0,-2420.00,5,19780.00
2025-12-18T16:41:00.000Z,2025-12-18T17:01:00.000Z,BUY,0.01,1,1,10.00,1,19790.00
2025-12-18T17:01:00.000Z,2025-12-18T18:01:00.000Z,BUY,0.01,1,1,10.00,1,19800.00
2025-12-18T18:01:00.000Z,2025-12-18T18:11:00.000Z,BUY,0.01,1,1,10.00,1,19810.00
2025-12-18T18:11:00.000Z,2025-12-18T18:12:00.000Z,BUY,0.01,1,1,10.00,1,19820.00
2025-12-18T18:12:00.000Z,2025-12-18T18:19:00.000Z,BUY,0.01,1,1,10.00,1,19830.00
2025-12-18T18:19:00.000Z,2025-12-18T19:08:00.000Z,BUY,0.01,2,1,10.00,2,19840.00
2025-12-18T19:08:00.000Z,2025-12-19T03:28:00.000Z,BUY,0.01,2,1,10.00,2,19850.00
2025-12-19T03:28:00.000Z,2025-12-19T03:53:00.000Z,BUY,0.01,1,1,10.00,1,19860.00
2025-12-19T03:53:00.000Z,2025-12-19T11:45:00.000Z,BUY,0.01,1,1,10.00,1,19870.00
2025-12-19T11:45:00.000Z,2025-12-19T17:06:00.000Z,BUY,0.01,1,1,10.00,1,19880.00
2025-12-19T17:06:00.000Z,2025-12-19T18:01:00.000Z,BUY,0.01,1,1,10.00,1,19890.00
2025-12-19T18:01:00.000Z,2025-12-22T02:07:00.000Z,BUY,0.01,1,1,10.00,1,19900.00
2025-12-22T02:07:00.000Z,2025-12-22T03:38:00.000Z,BUY,0.01,1,1,10.00,1,19910.00
2025-12-22T03:38:00.000Z,2025-12-22T03:47:00.000Z,BUY,0.01,1,1,10.00,1,19920.00
2025-12-22T03:47:00.000Z,2025-12-22T05:49:00.000Z,BUY,0.01,1,1,10.00,1,19930.00
2025-12-22T05:49:00.000Z,2025-12-22T07:27:00.000Z,BUY,0.01,1,1,10.00,1,19940.00
2025-12-22T07:27:00.000Z,2025-12-22T08:53:00.000Z,BUY,0.01,1,1,10.00,1,19950.00
2025-12-22T08:53:00.000Z,2025-12-22T15:11:00.000Z,BUY,0.01,1,1,10.00,1,19960.00
2025-12-22T15:11:00.000Z,2025-12-22T17:57:00.000Z,BUY,0.01,1,1,10.00,1,19970.00
2025-12-22T17:57:00.000Z,2025-12-22T23:26:00.000Z,BUY,0.01,1,1,10.00,1,19980.00
2025-12-22T23:26:00.000Z,2025-12-23T01:18:00.000Z,BUY,0.01,1,1,10.00,1,19990.00
2025-12-23T01:18:00.000Z,2025-12-23T02:13:00.000Z,BUY,0.01,1,1,10.00,1,20000.00
2025-12-23T02:13:00.000Z,2025-12-23T03:01:00.000Z,BUY,0.01,1,1,10.00,1,20010.00
2025-12-23T03:01:00.000Z,2025-12-23T03:12:00.000Z,BUY,0.01,1,1,10.00,1,20020.00
2025-12-23T03:12:00.000Z,2025-12-23T04:42:00.000Z,BUY,0.01,1,1,10.00,1,20030.00
2025-12-23T04:42:00.000Z,2025-12-23T16:05:00.000Z,BUY,0.01,4,1,10.00,4,20040.00
2025-12-23T16:05:00.000Z,2025-12-23T17:02:00.000Z,BUY,0.01,2,1,10.00,2,20050.00
2025-12-23T17:02:00.000Z,2025-12-23T17:13:00.000Z,BUY,0.01,1,1,10.00,1,20060.00
2025-12-23T17:13:00.000Z,2025-12-23T17:48:00.000Z,BUY,0.01,1,1,10.00,1,20070.00
2025-12-23T17:48:00.000Z,2025-12-23T18:45:00.000Z,BUY,0.01,1,1,10.00,1,20080.00
2025-12-23T18:45:00.000Z,2025-12-23T19:03:00.000Z,BUY,0.01,1,1,10.00,1,20090.00
2025-12-23T19:03:00.000Z,2025-12-23T21:01:00.000Z,BUY,0.01,1,1,10.00,1,20100.00
2025-12-23T21:01:00.000Z,2025-12-23T22:58:00.000Z,BUY,0.01,1,1,10.00,1,20110.00
2025-12-23T22:58:00.000Z,2025-12-24T02:05:00.000Z,BUY,0.01,1,1,10.00,1,20120.00
2025-12-24T02:05:00.000Z,2025-12-24T03:00:00.000Z,BUY,0.01,1,1,10.00,1,20130.00
2025-12-24T03:00:00.000Z,2025-12-24T04:58:00.000Z,BUY,0.01,2,1,10.00,2,20140.00
2025-12-24T04:58:00.000Z,2025-12-24T06:39:00.000Z,BUY,0.01,3,1,10.00,3,20150.00
2025-12-24T06:39:00.000Z,2025-12-24T16:50:00.000Z,BUY,0.01,4,1,10.00,4,20160.00
2025-12-24T16:50:00.000Z,2025-12-24T19:05:00.000Z,BUY,0.01,3,1,10.00,3,20170.00
2025-12-24T19:05:00.000Z,2025-12-26T01:01:00.000Z,BUY,0.01,1,1,10.00,1,20180.00
2025-12-26T01:01:00.000Z,2025-12-26T01:01:00.000Z,BUY,0.01,1,1,10.00,1,20190.00
2025-12-26T01:01:00.000Z,2025-12-26T02:49:00.000Z,BUY,0.01,1,1,10.00,1,20200.00
2025-12-26T02:49:00.000Z,2025-12-26T03:00:00.000Z,BUY,0.01,1,1,10.00,1,20210.00
2025-12-26T03:00:00.000Z,2025-12-26T03:05:00.000Z,BUY,0.01,1,1,10.00,1,20220.00
2025-12-26T03:05:00.000Z,2025-12-26T03:42:00.000Z,BUY,0.01,2,1,10.00,2,20230.00
2025-12-26T03:42:00.000Z,2025-12-26T05:11:00.000Z,BUY,0.01,1,1,10.00,1,20240.00
2025-12-26T05:11:00.000Z,2025-12-26T12:18:00.000Z,BUY,0.01,1,1,10.00,1,20250.00
2025-12-26T12:18:00.000Z,2025-12-26T16:34:00.000Z,BUY,0.01,1,1,10.00,1,20260.00
2025-12-26T16:34:00.000Z,2025-12-26T17:37:00.000Z,BUY,0.01,1,1,10.00,1,20270.00
2025-12-26T17:37:00.000Z,2025-12-26T19:34:00.000Z,BUY,0.01,2,1,10.00,2,20280.00
2025-12-26T19:34:00.000Z,2025-12-26T19:47:00.000Z,BUY,0.01,1,1,10.00,1,20290.00
2025-12-26T19:47:00.000Z,2025-12-26T20:53:00.000Z,BUY,0.01,1,1,10.00,1,20300.00
2025-12-26T20:53:00.000Z,2025-12-29T02:22:00.000Z,BUY,0.01,2,1,10.00,2,20310.00
2025-12-29T02:22:00.000Z,2025-12-29T03:11:00.000Z,BUY,0.01,3,1,10.00,3,20320.00
2025-12-29T03:11:00.000Z,2025-12-29T08:46:00.000Z,BUY,0.01,4,1,10.00,4,20330.00
2025-12-29T08:46:00.000Z,2025-12-29T09:03:00.000Z,BUY,0.01,2,1,10.00,2,20340.00
2025-12-29T09:03:00.000Z,2025-12-29T09:08:00.000Z,BUY,0.01,1,1,10.00,1,20350.00
2025-12-29T09:08:00.000Z,2025-12-29T09:13:00.000Z,BUY,0.01,1,1,10.00,1,20360.00
2025-12-29T09:13:00.000Z,2025-12-29T10:13:00.000Z,BUY,0.01,1,1,10.00,1,20370.00
2025-12-29T10:13:00.000Z,2025-12-29T10:56:00.000Z,BUY,0.01,2,1,10.00,2,20380.00
2025-12-29T10:56:00.000Z,2025-12-29T10:58:00.000Z,BUY,0.01,1,1,10.00,1,20390.00
2025-12-29T10:58:00.000Z,2025-12-29T11:44:00.000Z,BUY,0.01,1,1,10.00,1,20400.00
2025-12-29T11:44:00.000Z,2025-12-29T13:40:00.000Z,BUY,0.01,2,1,10.00,2,20410.00
2025-12-29T13:40:00.000Z,2025-12-29T14:07:00.000Z,BUY,0.01,1,1,10.00,1,20420.00
2025-12-29T14:07:00.000Z,2025-12-29T14:40:00.000Z,BUY,0.01,1,1,10.00,1,20430.00
2025-12-29T14:40:00.000Z,2025-12-29T15:42:00.000Z,BUY,0.01,2,1,10.00,2,20440.00
2025-12-29T15:42:00.000Z,2025-12-29T16:03:00.000Z,BUY,0.01,2,1,10.00,2,20450.00
2025-12-29T16:03:00.000Z,2025-12-29T16:30:00.000Z,BUY,0.01,2,1,10.00,2,20460.00
2025-12-29T16:30:00.000Z,2025-12-29T16:35:00.000Z,BUY,0.01,1,1,10.00,1,20470.00
2025-12-29T16:35:00.000Z,2025-12-29T17:00:00.000Z,BUY,0.01,4,1,10.00,4,20480.00
2025-12-29T17:00:00.000Z,2025-12-29T17:21:00.000Z,BUY,0.01,2,1,10.00,2,20490.00
2025-12-29T17:21:00.000Z,2025-12-29T17:35:00.000Z,BUY,0.01,3,1,10.00,3,20500.00
2025-12-29T17:35:00.000Z,2025-12-29T18:54:00.000Z,BUY,0.01,1,1,10.00,1,20510.00
2025-12-29T18:54:00.000Z,2025-12-30T03:50:00.000Z,BUY,0.01,5,1,10.00,5,20520.00
2025-12-30T03:50:00.000Z,2025-12-30T04:55:00.000Z,BUY,0.01,1,1,10.00,1,20530.00
2025-12-30T04:55:00.000Z,2025-12-30T07:25:00.000Z,BUY,0.01,1,1,10.00,1,20540.00
2025-12-30T07:25:00.000Z,2025-12-30T12:30:00.000Z,BUY,0.01,3,1,10.00,3,20550.00
2025-12-30T12:30:00.000Z,2025-12-30T14:13:00.000Z,BUY,0.01,1,1,10.00,1,20560.00
2025-12-30T14:13:00.000Z,2025-12-30T16:42:00.000Z,BUY,0.01,2,1,10.00,2,20570.00
2025-12-30T16:42:00.000Z,2025-12-30T17:19:00.000Z,BUY,0.01,1,1,10.00,1,20580.00
2025-12-30T17:19:00.000Z,2025-12-30T21:52:00.000Z,BUY,0.01,4,1,10.00,4,20590.00
2025-12-30T21:52:00.000Z,2025-12-31T03:22:00.000Z,BUY,0.01,1,1,10.00,1,20600.00
2025-12-31T03:22:00.000Z,2025-12-31T03:38:00.000Z,BUY,0.01,1,1,10.00,1,20610.00
2025-12-31T03:38:00.000Z,2025-12-31T06:56:00.000Z,BUY,0.01,2,1,10.00,2,20620.00
2025-12-31T06:56:00.000Z,2025-12-31T07:50:00.000Z,BUY,0.01,2,1,10.00,2,20630.00
2025-12-31T07:50:00.000Z,2025-12-31T07:55:00.000Z,BUY,0.01,2,1,10.00,2,20640.00
2025-12-31T07:55:00.000Z,2025-12-31T07:56:00.000Z,BUY,0.01,1,1,10.00,1,20650.00
2025-12-31T07:56:00.000Z,2025-12-31T08:11:00.000Z,BUY,0.01,1,1,10.00,1,20660.00
2025-12-31T08:11:00.000Z,2025-12-31T08:28:00.000Z,BUY,0.01,1,1,10.00,1,20670.00
2025-12-31T08:28:00.000Z,2025-12-31T08:39:00.000Z,BUY,0.01,1,1,10.00,1,20680.00
2025-12-31T08:39:00.000Z,2025-12-31T08:59:00.000Z,BUY,0.01,1,1,10.00,1,20690.00
2025-12-31T08:59:00.000Z,2025-12-31T15:46:00.000Z,BUY,0.01,5,1,10.00,5,20700.00
2025-12-31T15:46:00.000Z,2025-12-31T15:58:00.000Z,BUY,0.01,1,1,10.00,1,20710.00
2025-12-31T15:58:00.000Z,2025-12-31T18:46:00.000Z,BUY,0.01,2,1,10.00,2,20720.00
2025-12-31T18:46:00.000Z,2025-12-31T19:01:00.000Z,BUY,0.01,1,1,10.00,1,20730.00
2025-12-31T19:01:00.000Z,2026-01-02T01:23:00.000Z,BUY,0.01,3,1,10.00,3,20740.00
2026-01-02T01:23:00.000Z,2026-01-02T01:56:00.000Z,BUY,0.01,1,1,10.00,1,20750.00
2026-01-02T01:56:00.000Z,2026-01-02T04:51:00.000Z,BUY,0.01,1,1,10.00,1,20760.00
2026-01-02T04:51:00.000Z,2026-01-02T05:13:00.000Z,BUY,0.01,1,1,10.00,1,20770.00
2026-01-02T05:13:00.000Z,2026-01-02T07:11:00.000Z,BUY,0.01,1,1,10.00,1,20780.00
2026-01-02T07:11:00.000Z,2026-01-02T10:44:00.000Z,BUY,0.01,1,1,10.00,1,20790.00
2026-01-02T10:44:00.000Z,2026-01-02T15:14:00.000Z,BUY,0.01,1,1,10.00,1,20800.00
2026-01-02T15:14:00.000Z,2026-01-02T15:33:00.000Z,BUY,0.01,2,1,10.00,2,20810.00
2026-01-02T15:33:00.000Z,2026-01-02T17:06:00.000Z,BUY,0.01,2,1,10.00,2,20820.00
2026-01-02T17:06:00.000Z,2026-01-02T17:09:00.000Z,BUY,0.01,1,1,10.00,1,20830.00
2026-01-02T17:09:00.000Z,2026-01-02T18:16:00.000Z,BUY,0.01,2,1,10.00,2,20840.00
2026-01-02T18:16:00.000Z,2026-01-02T19:01:00.000Z,BUY,0.01,1,1,10.00,1,20850.00
2026-01-02T19:01:00.000Z,2026-01-05T01:00:00.000Z,BUY,0.01,3,1,10.00,3,20860.00
2026-01-05T01:00:00.000Z,2026-01-05T01:00:00.000Z,BUY,0.01,1,1,10.00,1,20870.00
2026-01-05T01:00:00.000Z,2026-01-05T01:03:00.000Z,BUY,0.01,1,1,10.00,1,20880.00
2026-01-05T01:03:00.000Z,2026-01-05T01:15:00.000Z,BUY,0.01,1,1,10.00,1,20890.00
2026-01-05T01:15:00.000Z,2026-01-05T02:18:00.000Z,BUY,0.01,1,1,10.00,1,20900.00
2026-01-05T02:18:00.000Z,2026-01-05T02:33:00.000Z,BUY,0.01,1,1,10.00,1,20910.00
2026-01-05T02:33:00.000Z,2026-01-05T03:02:00.000Z,BUY,0.01,1,1,10.00,1,20920.00
2026-01-05T03:02:00.000Z,2026-01-05T03:04:00.000Z,BUY,0.01,1,1,10.00,1,20930.00
2026-01-05T03:04:00.000Z,2026-01-05T08:25:00.000Z,BUY,0.01,3,1,10.00,3,20940.00
2026-01-05T08:25:00.000Z,2026-01-05T10:50:00.000Z,BUY,0.01,1,1,10.00,1,20950.00
2026-01-05T10:50:00.000Z,2026-01-05T15:22:00.000Z,BUY,0.01,2,1,10.00,2,20960.00
2026-01-05T15:22:00.000Z,2026-01-05T15:40:00.000Z,BUY,0.01,1,1,10.00,1,20970.00
2026-01-05T15:40:00.000Z,2026-01-05T16:03:00.000Z,BUY,0.01,1,1,10.00,1,20980.00
2026-01-05T16:03:00.000Z,2026-01-05T16:47:00.000Z,BUY,0.01,1,1,10.00,1,20990.00
2026-01-05T16:47:00.000Z,2026-01-05T17:00:00.000Z,BUY,0.01,1,1,10.00,1,21000.00
2026-01-05T17:00:00.000Z,2026-01-05T17:05:00.000Z,BUY,0.01,1,1,10.00,1,21010.00
2026-01-05T17:05:00.000Z,2026-01-06T05:12:00.000Z,BUY,0.01,5,1,10.00,5,21020.00
2026-01-06T05:12:00.000Z,2026-01-06T10:27:00.000Z,BUY,0.01,1,1,10.00,1,21030.00
2026-01-06T10:27:00.000Z,2026-01-06T12:00:00.000Z,BUY,0.01,2,1,10.00,2,21040.00
2026-01-06T12:00:00.000Z,2026-01-06T12:36:00.000Z,BUY,0.01,1,1,10.00,1,21050.00
2026-01-06T12:36:00.000Z,2026-01-06T14:22:00.000Z,BUY,0.01,1,1,10.00,1,21060.00
2026-01-06T14:22:00.000Z,2026-01-06T16:33:00.000Z,BUY,0.01,1,1,10.00,1,21070.00
2026-01-06T16:33:00.000Z,2026-01-06T16:45:00.000Z,BUY,0.01,1,1,10.00,1,21080.00
2026-01-06T16:45:00.000Z,2026-01-06T22:58:00.000Z,BUY,0.01,3,1,10.00,3,21090.00
2026-01-06T22:58:00.000Z,2026-01-07T03:35:00.000Z,BUY,0.01,2,1,10.00,2,21100.00
2026-01-07T03:35:00.000Z,2026-01-07T04:31:00.000Z,BUY,0.01,1,1,10.00,1,21110.00
2026-01-07T04:31:00.000Z,2026-01-07T07:45:00.000Z,BUY,0.01,2,1,10.00,2,21120.00
2026-01-07T07:45:00.000Z,2026-01-07T08:00:00.000Z,BUY,0.01,1,1,10.00,1,21130.00
2026-01-07T08:00:00.000Z,2026-01-07T10:10:00.000Z,BUY,0.01,1,1,10.00,1,21140.00
2026-01-07T10:10:00.000Z,2026-01-07T15:08:00.000Z,BUY,0.01,2,1,10.00,2,21150.00
2026-01-07T15:08:00.000Z,2026-01-07T15:27:00.000Z,BUY,0.01,1,1,10.00,1,21160.00
2026-01-07T15:27:00.000Z,2026-01-07T18:22:00.000Z,BUY,0.01,3,1,10.00,3,21170.00
2026-01-07T18:22:00.000Z,2026-01-07T18:43:00.000Z,BUY,0.01,1,1,10.00,1,21180.00
2026-01-07T18:43:00.000Z,2026-01-08T04:33:00.000Z,BUY,0.01,2,1,10.00,2,21190.00
2026-01-08T04:33:00.000Z,2026-01-08T17:10:00.000Z,BUY,0.01,5,1,10.00,5,21200.00
2026-01-08T17:10:00.000Z,2026-01-08T18:02:00.000Z,BUY,0.01,1,1,10.00,1,21210.00
2026-01-08T18:02:00.000Z,2026-01-08T22:25:00.000Z,BUY,0.01,1,1,10.00,1,21220.00
2026-01-08T22:25:00.000Z,2026-01-08T22:36:00.000Z,BUY,0.01,1,1,10.00,1,21230.00
2026-01-08T22:36:00.000Z,2026-01-09T15:34:00.000Z,BUY,0.01,3,1,10.00,3,21240.00
2026-01-09T15:34:00.000Z,2026-01-09T17:04:00.000Z,BUY,0.01,1,1,10.00,1,21250.00
2026-01-09T17:04:00.000Z,2026-01-09T17:24:00.000Z,BUY,0.01,1,1,10.00,1,21260.00
2026-01-09T17:24:00.000Z,2026-01-12T01:00:00.000Z,BUY,0.01,3,1,10.00,3,21270.00
2026-01-12T01:00:00.000Z,2026-01-12T01:10:00.000Z,BUY,0.01,1,1,10.00,1,21280.00
2026-01-12T01:10:00.000Z,2026-01-12T01:41:00.000Z,BUY,0.01,1,1,10.00,1,21290.00
2026-01-12T01:41:00.000Z,2026-01-12T02:07:00.000Z,BUY,0.01,1,1,10.00,1,21300.00
2026-01-12T02:07:00.000Z,2026-01-12T02:17:00.000Z,BUY,0.01,1,1,10.00,1,21310.00
2026-01-12T02:17:00.000Z,2026-01-12T02:32:00.000Z,BUY,0.01,1,1,10.00,1,21320.00
2026-01-12T02:32:00.000Z,2026-01-12T02:36:00.000Z,BUY,0.01,1,1,10.00,1,21330.00
2026-01-12T02:36:00.000Z,2026-01-12T02:43:00.000Z,BUY,0.01,1,1,10.00,1,21340.00
2026-01-12T02:43:00.000Z,2026-01-12T02:55:00.000Z,BUY,0.01,1,1,10.00,1,21350.00
2026-01-12T02:55:00.000Z,2026-01-12T03:59:00.000Z,BUY,0.01,2,1,10.00,2,21360.00
2026-01-12T03:59:00.000Z,2026-01-12T04:46:00.000Z,BUY,0.01,1,1,10.00,1,21370.00
2026-01-12T04:46:00.000Z,2026-01-12T10:47:00.000Z,BUY,0.01,1,1,10.00,1,21380.00
2026-01-12T10:47:00.000Z,2026-01-12T15:08:00.000Z,BUY,0.01,1,1,10.00,1,21390.00
2026-01-12T15:08:00.000Z,2026-01-12T15:40:00.000Z,BUY,0.01,1,1,10.00,1,21400.00
2026-01-12T15:40:00.000Z,2026-01-12T17:26:00.000Z,BUY,0.01,3,1,10.00,3,21410.00
2026-01-12T17:26:00.000Z,2026-01-12T22:46:00.000Z,BUY,0.01,2,1,10.00,2,21420.00
2026-01-12T22:46:00.000Z,2026-01-13T01:00:00.000Z,BUY,0.01,1,1,10.00,1,21430.00
2026-01-13T01:00:00.000Z,2026-01-13T15:30:00.000Z,BUY,0.01,3,1,10.00,3,21440.00
2026-01-13T15:30:00.000Z,2026-01-13T16:24:00.000Z,BUY,0.01,1,1,10.00,1,21450.00
2026-01-13T16:24:00.000Z,2026-01-13T16:47:00.000Z,BUY,0.01,1,1,10.00,1,21460.00
2026-01-13T16:47:00.000Z,2026-01-13T17:20:00.000Z,BUY,0.01,2,1,10.00,2,21470.00
2026-01-13T17:20:00.000Z,2026-01-13T17:33:00.000Z,BUY,0.01,1,1,10.00,1,21480.00
2026-01-13T17:33:00.000Z,2026-01-13T20:21:00.000Z,BUY,0.01,4,1,10.00,4,21490.00
2026-01-13T20:21:00.000Z,2026-01-13T20:31:00.000Z,BUY,0.01,1,1,10.00,1,21500.00
2026-01-13T20:31:00.000Z,2026-01-14T02:05:00.000Z,BUY,0.01,3,1,10.00,3,21510.00
2026-01-14T02:05:00.000Z,2026-01-14T03:02:00.000Z,BUY,0.01,1,1,10.00,1,21520.00
2026-01-14T03:02:00.000Z,2026-01-14T05:39:00.000Z,BUY,0.01,1,1,10.00,1,21530.00
2026-01-14T05:39:00.000Z,2026-01-14T07:01:00.000Z,BUY,0.01,1,1,10.00,1,21540.00
2026-01-14T07:01:00.000Z,2026-01-14T17:02:00.000Z,BUY,0.01,2,1,10.00,2,21550.00
2026-01-14T17:02:00.000Z,2026-01-14T17:13:00.000Z,BUY,0.01,1,1,10.00,1,21560.00
2026-01-14T17:13:00.000Z,2026-01-14T17:22:00.000Z,BUY,0.01,1,1,10.00,1,21570.00
2026-01-14T17:22:00.000Z,2026-01-14T20:52:00.000Z,BUY,0.01,3,1,10.00,3,21580.00
2026-01-14T20:52:00.000Z,2026-01-15T01:41:00.000Z,BUY,0.01,2,1,10.00,2,21590.00
2026-01-15T01:41:00.000Z,2026-01-15T01:56:00.000Z,BUY,0.01,1,1,10.00,1,21600.00
2026-01-15T01:56:00.000Z,2026-01-15T03:31:00.000Z,BUY,0.01,2,1,10.00,2,21610.00
2026-01-15T03:31:00.000Z,2026-01-15T03:34:00.000Z,BUY,0.01,1,1,10.00,1,21620.00
2026-01-15T03:34:00.000Z,2026-01-15T03:52:00.000Z,BUY,0.01,1,1,10.00,1,21630.00
2026-01-15T03:52:00.000Z,2026-01-15T12:36:00.000Z,BUY,0.01,3,1,10.00,3,21640.00
2026-01-15T12:36:00.000Z,2026-01-15T15:45:00.000Z,BUY,0.01,2,1,10.00,2,21650.00
2026-01-15T15:45:00.000Z,2026-01-15T16:09:00.000Z,BUY,0.01,1,1,10.00,1,21660.00
2026-01-15T16:09:00.000Z,2026-01-15T16:30:00.000Z,BUY,0.01,1,1,10.00,1,21670.00
2026-01-15T16:30:00.000Z,2026-01-15T17:16:00.000Z,BUY,0.01,1,1,10.00,1,21680.00
2026-01-15T17:16:00.000Z,2026-01-16T15:16:00.000Z,BUY,0.01,2,1,10.00,2,21690.00
2026-01-16T15:16:00.000Z,2026-01-16T15:35:00.000Z,BUY,0.01,1,1,10.00,1,21700.00
2026-01-16T15:35:00.000Z,2026-01-16T16:11:00.000Z,BUY,0.01,1,1,10.00,1,21710.00
2026-01-16T16:11:00.000Z,2026-01-16T17:05:00.000Z,BUY,0.01,1,1,10.00,1,21720.00
2026-01-16T17:05:00.000Z,2026-01-16T17:25:00.000Z,BUY,0.01,2,1,10.00,2,21730.00
2026-01-16T17:25:00.000Z,2026-01-16T17:31:00.000Z,BUY,0.01,2,1,10.00,2,21740.00
2026-01-16T17:31:00.000Z,2026-01-16T17:47:00.000Z,BUY,0.01,3,1,10.00,3,21750.00
2026-01-16T17:47:00.000Z,2026-01-16T18:03:00.000Z,BUY,0.01,1,1,10.00,1,21760.00
2026-01-16T18:03:00.000Z,2026-01-16T18:07:00.000Z,BUY,0.01,1,1,10.00,1,21770.00
2026-01-16T18:07:00.000Z,2026-01-16T18:42:00.000Z,BUY,0.01,1,1,10.00,1,21780.00
2026-01-16T18:42:00.000Z,2026-01-19T01:00:00.000Z,BUY,0.01,3,1,10.00,3,21790.00
2026-01-19T01:00:00.000Z,2026-01-19T01:00:00.000Z,BUY,0.01,1,1,10.00,1,21800.00
2026-01-19T01:00:00.000Z,2026-01-19T01:00:00.000Z,BUY,0.01,1,1,10.00,1,21810.00
2026-01-19T01:00:00.000Z,2026-01-19T01:02:00.000Z,BUY,0.01,1,1,10.00,1,21820.00
2026-01-19T01:02:00.000Z,2026-01-19T01:03:00.000Z,BUY,0.01,1,1,10.00,1,21830.00
2026-01-19T01:03:00.000Z,2026-01-19T01:08:00.000Z,BUY,0.01,1,1,10.00,1,21840.00
2026-01-19T01:08:00.000Z,2026-01-19T01:22:00.000Z,BUY,0.01,1,1,10.00,1,21850.00
2026-01-19T01:22:00.000Z,2026-01-19T01:28:00.000Z,BUY,0.01,1,1,10.00,1,21860.00
2026-01-19T01:28:00.000Z,2026-01-20T06:35:00.000Z,BUY,0.01,3,1,10.00,3,21870.00
2026-01-20T06:35:00.000Z,2026-01-20T07:07:00.000Z,BUY,0.01,1,1,10.00,1,21880.00
2026-01-20T07:07:00.000Z,2026-01-20T07:55:00.000Z,BUY,0.01,1,1,10.00,1,21890.00
2026-01-20T07:55:00.000Z,2026-01-20T09:26:00.000Z,BUY,0.01,1,1,10.00,1,21900.00
2026-01-20T09:26:00.000Z,2026-01-20T11:29:00.000Z,BUY,0.01,1,1,10.00,1,21910.00
2026-01-20T11:29:00.000Z,2026-01-20T16:01:00.000Z,BUY,0.01,1,1,10.00,1,21920.00
2026-01-20T16:01:00.000Z,2026-01-20T18:55:00.000Z,BUY,0.01,1,1,10.00,1,21930.00
2026-01-20T18:55:00.000Z,2026-01-20T20:01:00.000Z,BUY,0.01,1,1,10.00,1,21940.00
2026-01-20T20:01:00.000Z,2026-01-21T01:44:00.000Z,BUY,0.01,1,1,10.00,1,21950.00
2026-01-21T01:44:00.000Z,2026-01-21T02:33:00.000Z,BUY,0.01,1,1,10.00,1,21960.00
2026-01-21T02:33:00.000Z,2026-01-21T03:04:00.000Z,BUY,0.01,1,1,10.00,1,21970.00
2026-01-21T03:04:00.000Z,2026-01-21T03:13:00.000Z,BUY,0.01,1,1,10.00,1,21980.00
2026-01-21T03:13:00.000Z,2026-01-21T03:19:00.000Z,BUY,0.01,1,1,10.00,1,21990.00
2026-01-21T03:19:00.000Z,2026-01-21T03:28:00.000Z,BUY,0.01,1,1,10.00,1,22000.00
2026-01-21T03:28:00.000Z,2026-01-21T03:30:00.000Z,BUY,0.01,1,1,10.00,1,22010.00
2026-01-21T03:30:00.000Z,2026-01-21T05:03:00.000Z,BUY,0.01,1,1,10.00,1,22020.00
2026-01-21T05:03:00.000Z,2026-01-21T06:33:00.000Z,BUY,0.01,1,1,10.00,1,22030.00
2026-01-21T06:33:00.000Z,2026-01-21T06:43:00.000Z,BUY,0.01,1,1,10.00,1,22040.00
2026-01-21T06:43:00.000Z,2026-01-21T07:34:00.000Z,BUY,0.01,1,1,10.00,1,22050.00
2026-01-21T07:34:00.000Z,2026-01-21T08:27:00.000Z,BUY,0.01,1,1,10.00,1,22060.00
2026-01-21T08:27:00.000Z,2026-01-21T08:46:00.000Z,BUY,0.01,2,1,10.00,2,22070.00
2026-01-21T08:46:00.000Z,2026-01-21T08:53:00.000Z,BUY,0.01,1,1,10.00,1,22080.00
2026-01-21T08:53:00.000Z,2026-01-21T09:08:00.000Z,BUY,0.01,2,1,10.00,2,22090.00
2026-01-21T09:08:00.000Z,2026-01-21T09:28:00.000Z,BUY,0.01,1,1,10.00,1,22100.00
2026-01-21T09:28:00.000Z,2026-01-21T09:52:00.000Z,BUY,0.01,1,1,10.00,1,22110.00
2026-01-21T09:52:00.000Z,2026-01-21T10:19:00.000Z,BUY,0.01,1,1,10.00,1,22120.00
2026-01-21T10:19:00.000Z,2026-01-21T11:33:00.000Z,BUY,0.01,1,1,10.00,1,22130.00
2026-01-21T11:33:00.000Z,2026-01-21T16:05:00.000Z,BUY,0.01,4,1,10.00,4,22140.00
2026-01-21T16:05:00.000Z,2026-01-21T16:05:00.000Z,BUY,0.01,1,1,10.00,1,22150.00
2026-01-21T16:05:00.000Z,2026-01-21T16:10:00.000Z,BUY,0.01,1,1,10.00,1,22160.00
2026-01-21T16:10:00.000Z,2026-01-21T17:17:00.000Z,BUY,0.01,5,0,-2420.00,5,19740.00
2026-01-21T17:17:00.000Z,2026-01-21T17:23:00.000Z,BUY,0.01,2,1,10.00,2,19750.00
2026-01-21T17:23:00.000Z,2026-01-21T17:28:00.000Z,BUY,0.01,1,1,10.00,1,19760.00
2026-01-21T17:28:00.000Z,2026-01-21T17:33:00.000Z,BUY,0.01,1,1,10.00,1,19770.00
2026-01-21T17:33:00.000Z,2026-01-21T17:53:00.000Z,BUY,0.01,1,1,10.00,1,19780.00
2026-01-21T17:53:00.000Z,2026-01-21T19:04:00.000Z,BUY,0.01,2,1,10.00,2,19790.00
2026-01-21T19:04:00.000Z,2026-01-21T19:06:00.000Z,BUY,0.01,1,1,10.00,1,19800.00
2026-01-21T19:06:00.000Z,2026-01-21T20:31:00.000Z,BUY,0.01,3,1,10.00,3,19810.00
2026-01-21T20:31:00.000Z,2026-01-21T20:58:00.000Z,BUY,0.01,1,1,10.00,1,19820.00
2026-01-21T20:58:00.000Z,2026-01-21T21:27:00.000Z,BUY,0.01,2,1,10.00,2,19830.00
2026-01-21T21:27:00.000Z,2026-01-21T21:35:00.000Z,BUY,0.01,2,1,10.00,2,19840.00
2026-01-21T21:35:00.000Z,2026-01-21T21:51:00.000Z,BUY,0.01,2,1,10.00,2,19850.00
2026-01-21T21:51:00.000Z,2026-01-21T21:54:00.000Z,BUY,0.01,1,1,10.00,1,19860.00
2026-01-21T21:54:00.000Z,2026-01-21T21:57:00.000Z,BUY,0.01,1,1,10.00,1,19870.00
2026-01-21T21:57:00.000Z,2026-01-21T22:15:00.000Z,BUY,0.01,1,1,10.00,1,19880.00
2026-01-21T22:15:00.000Z,2026-01-21T22:20:00.000Z,BUY,0.01,1,1,10.00,1,19890.00
2026-01-21T22:20:00.000Z,2026-01-21T22:31:00.000Z,BUY,0.01,1,1,10.00,1,19900.00
2026-01-21T22:31:00.000Z,2026-01-21T22:44:00.000Z,BUY,0.01,1,1,10.00,1,19910.00
2026-01-21T22:44:00.000Z,2026-01-21T23:19:00.000Z,BUY,0.01,1,1,10.00,1,19920.00
2026-01-21T23:19:00.000Z,2026-01-22T01:23:00.000Z,BUY,0.01,2,1,10.00,2,19930.00
2026-01-22T01:23:00.000Z,2026-01-22T07:50:00.000Z,BUY,0.01,5,1,10.00,5,19940.00
2026-01-22T07:50:00.000Z,2026-01-22T07:59:00.000Z,BUY,0.01,1,1,10.00,1,19950.00
2026-01-22T07:59:00.000Z,2026-01-22T09:04:00.000Z,BUY,0.01,1,1,10.00,1,19960.00
2026-01-22T09:04:00.000Z,2026-01-22T16:33:00.000Z,BUY,0.01,3,1,10.00,3,19970.00
2026-01-22T16:33:00.000Z,2026-01-22T17:26:00.000Z,BUY,0.01,1,1,10.00,1,19980.00
2026-01-22T17:26:00.000Z,2026-01-22T17:34:00.000Z,BUY,0.01,1,1,10.00,1,19990.00
2026-01-22T17:34:00.000Z,2026-01-22T17:53:00.000Z,BUY,0.01,1,1,10.00,1,20000.00
2026-01-22T17:53:00.000Z,2026-01-22T18:38:00.000Z,BUY,0.01,1,1,10.00,1,20010.00
2026-01-22T18:38:00.000Z,2026-01-22T19:27:00.000Z,BUY,0.01,1,1,10.00,1,20020.00
2026-01-22T19:27:00.000Z,2026-01-22T19:49:00.000Z,BUY,0.01,1,1,10.00,1,20030.00
2026-01-22T19:49:00.000Z,2026-01-22T20:08:00.000Z,BUY,0.01,1,1,10.00,1,20040.00
2026-01-22T20:08:00.000Z,2026-01-22T21:07:00.000Z,BUY,0.01,1,1,10.00,1,20050.00
2026-01-22T21:07:00.000Z,2026-01-22T23:34:00.000Z,BUY,0.01,1,1,10.00,1,20060.00
2026-01-22T23:34:00.000Z,2026-01-23T01:00:00.000Z,BUY,0.01,1,1,10.00,1,20070.00
2026-01-23T01:00:00.000Z,2026-01-23T01:08:00.000Z,BUY,0.01,1,1,10.00,1,20080.00
2026-01-23T01:08:00.000Z,2026-01-23T02:59:00.000Z,BUY,0.01,3,1,10.00,3,20090.00
2026-01-23T02:59:00.000Z,2026-01-23T10:20:00.000Z,BUY,0.01,4,1,10.00,4,20100.00
2026-01-23T10:20:00.000Z,2026-01-23T10:28:00.000Z,BUY,0.01,2,1,10.00,2,20110.00
2026-01-23T10:28:00.000Z,2026-01-23T10:30:00.000Z,BUY,0.01,1,1,10.00,1,20120.00
2026-01-23T10:30:00.000Z,2026-01-23T10:43:00.000Z,BUY,0.01,1,1,10.00,1,20130.00
2026-01-23T10:43:00.000Z,2026-01-23T14:15:00.000Z,BUY,0.01,3,1,10.00,3,20140.00
2026-01-23T14:15:00.000Z,2026-01-23T15:06:00.000Z,BUY,0.01,1,1,10.00,1,20150.00
2026-01-23T15:06:00.000Z,2026-01-23T16:49:00.000Z,BUY,0.01,3,1,10.00,3,20160.00
2026-01-23T16:49:00.000Z,2026-01-23T18:04:00.000Z,BUY,0.01,1,1,10.00,1,20170.00
2026-01-23T18:04:00.000Z,2026-01-23T18:10:00.000Z,BUY,0.01,1,1,10.00,1,20180.00
2026-01-23T18:10:00.000Z,2026-01-23T18:27:00.000Z,BUY,0.01,1,1,10.00,1,20190.00
2026-01-23T18:27:00.000Z,2026-01-26T01:00:00.000Z,BUY,0.01,3,1,10.00,3,20200.00
2026-01-26T01:00:00.000Z,2026-01-26T01:00:00.000Z,BUY,0.01,1,1,10.00,1,20210.00
2026-01-26T01:00:00.000Z,2026-01-26T01:01:00.000Z,BUY,0.01,1,1,10.00,1,20220.00
2026-01-26T01:01:00.000Z,2026-01-26T01:02:00.000Z,BUY,0.01,1,1,10.00,1,20230.00
2026-01-26T01:02:00.000Z,2026-01-26T01:53:00.000Z,BUY,0.01,3,1,10.00,3,20240.00
2026-01-26T01:53:00.000Z,2026-01-26T02:33:00.000Z,BUY,0.01,1,1,10.00,1,20250.00
2026-01-26T02:33:00.000Z,2026-01-26T03:13:00.000Z,BUY,0.01,1,1,10.00,1,20260.00
2026-01-26T03:13:00.000Z,2026-01-26T03:23:00.000Z,BUY,0.01,1,1,10.00,1,20270.00
2026-01-26T03:23:00.000Z,2026-01-26T03:32:00.000Z,BUY,0.01,1,1,10.00,1,20280.00
2026-01-26T03:32:00.000Z,2026-01-26T04:22:00.000Z,BUY,0.01,1,1,10.00,1,20290.00
2026-01-26T04:22:00.000Z,2026-01-26T06:46:00.000Z,BUY,0.01,2,1,10.00,2,20300.00
2026-01-26T06:46:00.000Z,2026-01-26T06:56:00.000Z,BUY,0.01,1,1,10.00,1,20310.00
2026-01-26T06:56:00.000Z,2026-01-26T08:01:00.000Z,BUY,0.01,1,1,10.00,1,20320.00
2026-01-26T08:01:00.000Z,2026-01-26T08:43:00.000Z,BUY,0.01,1,1,10.00,1,20330.00
2026-01-26T08:43:00.000Z,2026-01-26T08:45:00.000Z,BUY,0.01,1,1,10.00,1,20340.00
2026-01-26T08:45:00.000Z,2026-01-26T08:48:00.000Z,BUY,0.01,1,1,10.00,1,20350.00
2026-01-26T08:48:00.000Z,2026-01-26T08:58:00.000Z,BUY,0.01,2,1,10.00,2,20360.00
2026-01-26T08:58:00.000Z,2026-01-26T09:08:00.000Z,BUY,0.01,1,1,10.00,1,20370.00
2026-01-26T09:08:00.000Z,2026-01-26T15:32:00.000Z,BUY,0.01,2,1,10.00,2,20380.00
2026-01-26T15:32:00.000Z,2026-01-26T15:42:00.000Z,BUY,0.01,1,1,10.00,1,20390.00
2026-01-26T15:42:00.000Z,2026-01-26T16:27:00.000Z,BUY,0.01,1,1,10.00,1,20400.00
2026-01-26T16:27:00.000Z,2026-01-26T16:40:00.000Z,BUY,0.01,1,1,10.00,1,20410.00
2026-01-26T16:40:00.000Z,2026-01-26T18:04:00.000Z,BUY,0.01,1,1,10.00,1,20420.00
2026-01-26T18:04:00.000Z,2026-01-26T18:29:00.000Z,BUY,0.01,2,1,10.00,2,20430.00
2026-01-26T18:29:00.000Z,2026-01-26T18:30:00.000Z,BUY,0.01,1,1,10.00,1,20440.00
2026-01-26T18:30:00.000Z,2026-01-26T18:58:00.000Z,BUY,0.01,1,1,10.00,1,20450.00
2026-01-26T18:58:00.000Z,2026-01-26T19:44:00.000Z,BUY,0.01,1,1,10.00,1,20460.00
2026-01-26T19:44:00.000Z,2026-01-26T20:34:00.000Z,BUY,0.01,2,1,10.00,2,20470.00
2026-01-26T20:34:00.000Z,2026-01-26T20:50:00.000Z,BUY,0.01,1,1,10.00,1,20480.00
2026-01-26T20:50:00.000Z,2026-01-26T21:02:00.000Z,BUY,0.01,2,1,10.00,2,20490.00
2026-01-26T21:02:00.000Z,2026-01-26T21:08:00.000Z,BUY,0.01,1,1,10.00,1,20500.00
2026-01-26T21:08:00.000Z,2026-01-26T21:21:00.000Z,BUY,0.01,2,1,10.00,2,20510.00
2026-01-26T21:21:00.000Z,2026-01-26T21:34:00.000Z,BUY,0.01,1,1,10.00,1,20520.00
2026-01-26T21:34:00.000Z,2026-01-26T21:48:00.000Z,BUY,0.01,2,1,10.00,2,20530.00
2026-01-26T21:48:00.000Z,2026-01-26T21:52:00.000Z,BUY,0.01,1,1,10.00,1,20540.00
2026-01-26T21:52:00.000Z,2026-01-26T22:00:00.000Z,BUY,0.01,1,1,10.00,1,20550.00
2026-01-26T22:00:00.000Z,2026-01-26T22:05:00.000Z,BUY,0.01,1,1,10.00,1,20560.00
2026-01-26T22:05:00.000Z,2026-01-26T22:12:00.000Z,BUY,0.01,1,1,10.00,1,20570.00
2026-01-26T22:12:00.000Z,2026-01-26T23:17:00.000Z,BUY,0.01,2,1,10.00,2,20580.00
2026-01-26T23:17:00.000Z,2026-01-26T23:36:00.000Z,BUY,0.01,2,1,10.00,2,20590.00
2026-01-26T23:36:00.000Z,2026-01-26T23:40:00.000Z,BUY,0.01,1,1,10.00,1,20600.00
2026-01-26T23:40:00.000Z,2026-01-26T23:41:00.000Z,BUY,0.01,1,1,10.00,1,20610.00
2026-01-26T23:41:00.000Z,2026-01-27T01:00:00.000Z,BUY,0.01,1,1,10.00,1,20620.00
2026-01-27T01:00:00.000Z,2026-01-27T01:04:00.000Z,BUY,0.01,1,1,10.00,1,20630.00
2026-01-27T01:04:00.000Z,2026-01-27T01:16:00.000Z,BUY,0.01,1,1,10.00,1,20640.00
2026-01-27T01:16:00.000Z,2026-01-27T01:41:00.000Z,BUY,0.01,1,1,10.00,1,20650.00
2026-01-27T01:41:00.000Z,2026-01-27T02:48:00.000Z,BUY,0.01,2,1,10.00,2,20660.00
2026-01-27T02:48:00.000Z,2026-01-27T02:58:00.000Z,BUY,0.01,1,1,10.00,1,20670.00
2026-01-27T02:58:00.000Z,2026-01-27T03:06:00.000Z,BUY,0.01,1,1,10.00,1,20680.00
2026-01-27T03:06:00.000Z,2026-01-27T03:10:00.000Z,BUY,0.01,1,1,10.00,1,20690.00
2026-01-27T03:10:00.000Z,2026-01-27T03:13:00.000Z,BUY,0.01,1,1,10.00,1,20700.00
2026-01-27T03:13:00.000Z,2026-01-27T04:40:00.000Z,BUY,0.01,1,1,10.00,1,20710.00
2026-01-27T04:40:00.000Z,2026-01-27T08:01:00.000Z,BUY,0.01,1,1,10.00,1,20720.00
2026-01-27T08:01:00.000Z,2026-01-27T09:32:00.000Z,BUY,0.01,1,1,10.00,1,20730.00
2026-01-27T09:32:00.000Z,2026-01-27T16:05:00.000Z,BUY,0.01,4,1,10.00,4,20740.00
2026-01-27T16:05:00.000Z,2026-01-27T16:36:00.000Z,BUY,0.01,3,1,10.00,3,20750.00
2026-01-27T16:36:00.000Z,2026-01-27T17:38:00.000Z,BUY,0.01,3,1,10.00,3,20760.00
2026-01-27T17:38:00.000Z,2026-01-27T18:12:00.000Z,BUY,0.01,1,1,10.00,1,20770.00
2026-01-27T18:12:00.000Z,2026-01-27T22:03:00.000Z,BUY,0.01,3,1,10.00,3,20780.00
2026-01-27T22:03:00.000Z,2026-01-27T22:03:00.000Z,BUY,0.01,1,1,10.00,1,20790.00
2026-01-27T22:03:00.000Z,2026-01-27T22:10:00.000Z,BUY,0.01,1,1,10.00,1,20800.00
2026-01-27T22:10:00.000Z,2026-01-27T22:11:00.000Z,BUY,0.01,1,1,10.00,1,20810.00
2026-01-27T22:11:00.000Z,2026-01-27T22:20:00.000Z,BUY,0.01,1,1,10.00,1,20820.00
2026-01-27T22:20:00.000Z,2026-01-27T22:47:00.000Z,BUY,0.01,1,1,10.00,1,20830.00
2026-01-27T22:47:00.000Z,2026-01-27T22:48:00.000Z,BUY,0.01,1,1,10.00,1,20840.00
2026-01-27T22:48:00.000Z,2026-01-27T22:55:00.000Z,BUY,0.01,1,1,10.00,1,20850.00
2026-01-27T22:55:00.000Z,2026-01-27T23:49:00.000Z,BUY,0.01,1,1,10.00,1,20860.00
2026-01-27T23:49:00.000Z,2026-01-28T01:24:00.000Z,BUY,0.01,2,1,10.00,2,20870.00
2026-01-28T01:24:00.000Z,2026-01-28T01:27:00.000Z,BUY,0.01,1,1,10.00,1,20880.00
2026-01-28T01:27:00.000Z,2026-01-28T02:55:00.000Z,BUY,0.01,1,1,10.00,1,20890.00
2026-01-28T02:55:00.000Z,2026-01-28T03:06:00.000Z,BUY,0.01,1,1,10.00,1,20900.00
2026-01-28T03:06:00.000Z,2026-01-28T03:07:00.000Z,BUY,0.01,1,1,10.00,1,20910.00
2026-01-28T03:07:00.000Z,2026-01-28T03:42:00.000Z,BUY,0.01,3,1,10.00,3,20920.00
2026-01-28T03:42:00.000Z,2026-01-28T03:46:00.000Z,BUY,0.01,1,1,10.00,1,20930.00
2026-01-28T03:46:00.000Z,2026-01-28T04:54:00.000Z,BUY,0.01,1,1,10.00,1,20940.00
2026-01-28T04:54:00.000Z,2026-01-28T05:06:00.000Z,BUY,0.01,1,1,10.00,1,20950.00
2026-01-28T05:06:00.000Z,2026-01-28T07:07:00.000Z,BUY,0.01,1,1,10.00,1,20960.00
2026-01-28T07:07:00.000Z,2026-01-28T07:28:00.000Z,BUY,0.01,1,1,10.00,1,20970.00
2026-01-28T07:28:00.000Z,2026-01-28T09:09:00.000Z,BUY,0.01,1,1,10.00,1,20980.00
2026-01-28T09:09:00.000Z,2026-01-28T09:20:00.000Z,BUY,0.01,1,1,10.00,1,20990.00
2026-01-28T09:20:00.000Z,2026-01-28T09:54:00.000Z,BUY,0.01,1,1,10.00,1,21000.00
2026-01-28T09:54:00.000Z,2026-01-28T10:30:00.000Z,BUY,0.01,1,1,10.00,1,21010.00
2026-01-28T10:30:00.000Z,2026-01-28T11:18:00.000Z,BUY,0.01,2,1,10.00,2,21020.00
2026-01-28T11:18:00.000Z,2026-01-28T12:10:00.000Z,BUY,0.01,1,1,10.00,1,21030.00
2026-01-28T12:10:00.000Z,2026-01-28T13:04:00.000Z,BUY,0.01,2,1,10.00,2,21040.00
2026-01-28T13:04:00.000Z,2026-01-28T13:47:00.000Z,BUY,0.01,1,1,10.00,1,21050.00
2026-01-28T13:47:00.000Z,2026-01-28T14:54:00.000Z,BUY,0.01,1,1,10.00,1,21060.00
2026-01-28T14:54:00.000Z,2026-01-28T15:02:00.000Z,BUY,0.01,1,1,10.00,1,21070.00
2026-01-28T15:02:00.000Z,2026-01-28T16:06:00.000Z,BUY,0.01,2,1,10.00,2,21080.00
2026-01-28T16:06:00.000Z,2026-01-28T16:11:00.000Z,BUY,0.01,1,1,10.00,1,21090.00
2026-01-28T16:11:00.000Z,2026-01-28T16:35:00.000Z,BUY,0.01,1,1,10.00,1,21100.00
2026-01-28T16:35:00.000Z,2026-01-28T16:58:00.000Z,BUY,0.01,1,1,10.00,1,21110.00
2026-01-28T16:58:00.000Z,2026-01-28T17:00:00.000Z,BUY,0.01,1,1,10.00,1,21120.00
2026-01-28T17:00:00.000Z,2026-01-28T17:07:00.000Z,BUY,0.01,2,1,10.00,2,21130.00
2026-01-28T17:07:00.000Z,2026-01-28T17:30:00.000Z,BUY,0.01,3,1,10.00,3,21140.00
2026-01-28T17:30:00.000Z,2026-01-28T18:07:00.000Z,BUY,0.01,1,1,10.00,1,21150.00
2026-01-28T18:07:00.000Z,2026-01-28T18:46:00.000Z,BUY,0.01,1,1,10.00,1,21160.00
2026-01-28T18:46:00.000Z,2026-01-28T19:01:00.000Z,BUY,0.01,1,1,10.00,1,21170.00
2026-01-28T19:01:00.000Z,2026-01-28T20:21:00.000Z,BUY,0.01,3,1,10.00,3,21180.00
2026-01-28T20:21:00.000Z,2026-01-28T20:31:00.000Z,BUY,0.01,2,1,10.00,2,21190.00
2026-01-28T20:31:00.000Z,2026-01-28T21:14:00.000Z,BUY,0.01,1,1,10.00,1,21200.00
2026-01-28T21:14:00.000Z,2026-01-28T21:41:00.000Z,BUY,0.01,1,1,10.00,1,21210.00
2026-01-28T21:41:00.000Z,2026-01-28T21:48:00.000Z,BUY,0.01,1,1,10.00,1,21220.00
2026-01-28T21:48:00.000Z,2026-01-28T21:57:00.000Z,BUY,0.01,1,1,10.00,1,21230.00
2026-01-28T21:57:00.000Z,2026-01-28T22:06:00.000Z,BUY,0.01,1,1,10.00,1,21240.00
2026-01-28T22:06:00.000Z,2026-01-28T22:26:00.000Z,BUY,0.01,1,1,10.00,1,21250.00
2026-01-28T22:26:00.000Z,2026-01-28T22:30:00.000Z,BUY,0.01,1,1,10.00,1,21260.00
2026-01-28T22:30:00.000Z,2026-01-28T22:36:00.000Z,BUY,0.01,1,1,10.00,1,21270.00
2026-01-28T22:36:00.000Z,2026-01-28T22:39:00.000Z,BUY,0.01,1,1,10.00,1,21280.00
2026-01-28T22:39:00.000Z,2026-01-28T22:42:00.000Z,BUY,0.01,1,1,10.00,1,21290.00
2026-01-28T22:42:00.000Z,2026-01-28T23:48:00.000Z,BUY,0.01,3,1,10.00,3,21300.00
2026-01-28T23:48:00.000Z,2026-01-28T23:53:00.000Z,BUY,0.01,1,1,10.00,1,21310.00
2026-01-28T23:53:00.000Z,2026-01-29T01:00:00.000Z,BUY,0.01,1,1,10.00,1,21320.00
2026-01-29T01:00:00.000Z,2026-01-29T01:01:00.000Z,BUY,0.01,1,1,10.00,1,21330.00
2026-01-29T01:01:00.000Z,2026-01-29T01:01:00.000Z,BUY,0.01,1,1,10.00,1,21340.00
2026-01-29T01:01:00.000Z,2026-01-29T01:01:00.000Z,BUY,0.01,1,1,10.00,1,21350.00
2026-01-29T01:01:00.000Z,2026-01-29T01:12:00.000Z,BUY,0.01,1,1,10.00,1,21360.00
2026-01-29T01:12:00.000Z,2026-01-29T01:14:00.000Z,BUY,0.01,1,1,10.00,1,21370.00
2026-01-29T01:14:00.000Z,2026-01-29T01:16:00.000Z,BUY,0.01,1,1,10.00,1,21380.00
2026-01-29T01:16:00.000Z,2026-01-29T01:17:00.000Z,BUY,0.01,1,1,10.00,1,21390.00
2026-01-29T01:17:00.000Z,2026-01-29T01:30:00.000Z,BUY,0.01,1,1,10.00,1,21400.00
2026-01-29T01:30:00.000Z,2026-01-29T01:35:00.000Z,BUY,0.01,1,1,10.00,1,21410.00
2026-01-29T01:35:00.000Z,2026-01-29T01:36:00.000Z,BUY,0.01,1,1,10.00,1,21420.00
2026-01-29T01:36:00.000Z,2026-01-29T01:37:00.000Z,BUY,0.01,1,1,10.00,1,21430.00
2026-01-29T01:37:00.000Z,2026-01-29T01:37:00.000Z,BUY,0.01,1,1,10.00,1,21440.00
2026-01-29T01:37:00.000Z,2026-01-29T01:38:00.000Z,BUY,0.01,1,1,10.00,1,21450.00
2026-01-29T01:38:00.000Z,2026-01-29T01:38:00.000Z,BUY,0.01,1,1,10.00,1,21460.00
2026-01-29T01:38:00.000Z,2026-01-29T01:38:00.000Z,BUY,0.01,1,1,10.00,1,21470.00
2026-01-29T01:38:00.000Z,2026-01-29T01:39:00.000Z,BUY,0.01,3,1,10.00,3,21480.00
2026-01-29T01:39:00.000Z,2026-01-29T01:39:00.000Z,BUY,0.01,1,1,10.00,1,21490.00
2026-01-29T01:39:00.000Z,2026-01-29T01:40:00.000Z,BUY,0.01,2,1,10.00,2,21500.00
2026-01-29T01:40:00.000Z,2026-01-29T01:41:00.000Z,BUY,0.01,1,1,10.00,1,21510.00
2026-01-29T01:41:00.000Z,2026-01-29T01:44:00.000Z,BUY,0.01,2,1,10.00,2,21520.00
2026-01-29T01:44:00.000Z,2026-01-29T01:46:00.000Z,BUY,0.01,2,1,10.00,2,21530.00
2026-01-29T01:46:00.000Z,2026-01-29T01:48:00.000Z,BUY,0.01,1,1,10.00,1,21540.00
2026-01-29T01:48:00.000Z,2026-01-29T01:54:00.000Z,BUY,0.01,2,1,10.00,2,21550.00
2026-01-29T01:54:00.000Z,2026-01-29T01:56:00.000Z,BUY,0.01,1,1,10.00,1,21560.00
2026-01-29T01:56:00.000Z,2026-01-29T01:56:00.000Z,BUY,0.01,1,1,10.00,1,21570.00
2026-01-29T01:56:00.000Z,2026-01-29T01:56:00.000Z,BUY,0.01,1,1,10.00,1,21580.00
2026-01-29T01:56:00.000Z,2026-01-29T02:00:00.000Z,BUY,0.01,2,1,10.00,2,21590.00
2026-01-29T02:00:00.000Z,2026-01-29T02:01:00.000Z,BUY,0.01,2,1,10.00,2,21600.00
2026-01-29T02:01:00.000Z,2026-01-29T02:02:00.000Z,BUY,0.01,1,1,10.00,1,21610.00
2026-01-29T02:02:00.000Z,2026-01-29T02:02:00.000Z,BUY,0.01,1,1,10.00,1,21620.00
2026-01-29T02:02:00.000Z,2026-01-29T02:06:00.000Z,BUY,0.01,1,1,10.00,1,21630.00
2026-01-29T02:06:00.000Z,2026-01-29T02:08:00.000Z,BUY,0.01,1,1,10.00,1,21640.00
2026-01-29T02:08:00.000Z,2026-01-29T02:20:00.000Z,BUY,0.01,2,1,10.00,2,21650.00
2026-01-29T02:20:00.000Z,2026-01-29T02:25:00.000Z,BUY,0.01,1,1,10.00,1,21660.00
2026-01-29T02:25:00.000Z,2026-01-29T02:27:00.000Z,BUY,0.01,1,1,10.00,1,21670.00
2026-01-29T02:27:00.000Z,2026-01-29T02:32:00.000Z,BUY,0.01,1,1,10.00,1,21680.00
2026-01-29T02:32:00.000Z,2026-01-29T02:33:00.000Z,BUY,0.01,1,1,10.00,1,21690.00
2026-01-29T02:33:00.000Z,2026-01-29T02:35:00.000Z,BUY,0.01,1,1,10.00,1,21700.00
2026-01-29T02:35:00.000Z,2026-01-29T02:42:00.000Z,BUY,0.01,2,1,10.00,2,21710.00
2026-01-29T02:42:00.000Z,2026-01-29T02:43:00.000Z,BUY,0.01,1,1,10.00,1,21720.00
2026-01-29T02:43:00.000Z,2026-01-29T02:47:00.000Z,BUY,0.01,1,1,10.00,1,21730.00
2026-01-29T02:47:00.000Z,2026-01-29T03:00:00.000Z,BUY,0.01,2,1,10.00,2,21740.00
2026-01-29T03:00:00.000Z,2026-01-29T03:01:00.000Z,BUY,0.01,1,1,10.00,1,21750.00
2026-01-29T03:01:00.000Z,2026-01-29T03:09:00.000Z,BUY,0.01,2,1,10.00,2,21760.00
2026-01-29T03:09:00.000Z,2026-01-29T03:12:00.000Z,BUY,0.01,3,1,10.00,3,21770.00
2026-01-29T03:12:00.000Z,2026-01-29T03:15:00.000Z,BUY,0.01,1,1,10.00,1,21780.00
2026-01-29T03:15:00.000Z,2026-01-29T03:19:00.000Z,BUY,0.01,1,1,10.00,1,21790.00
2026-01-29T03:19:00.000Z,2026-01-29T03:24:00.000Z,BUY,0.01,1,1,10.00,1,21800.00
2026-01-29T03:24:00.000Z,2026-01-29T03:30:00.000Z,BUY,0.01,1,1,10.00,1,21810.00
2026-01-29T03:30:00.000Z,2026-01-29T03:40:00.000Z,BUY,0.01,1,1,10.00,1,21820.00
2026-01-29T03:40:00.000Z,2026-01-29T03:41:00.000Z,BUY,0.01,1,1,10.00,1,21830.00
2026-01-29T03:41:00.000Z,2026-01-29T03:42:00.000Z,BUY,0.01,1,1,10.00,1,21840.00
2026-01-29T03:42:00.000Z,2026-01-29T04:02:00.000Z,BUY,0.01,4,1,10.00,4,21850.00
2026-01-29T04:02:00.000Z,2026-01-29T04:11:00.000Z,BUY,0.01,1,1,10.00,1,21860.00
2026-01-29T04:11:00.000Z,2026-01-29T04:33:00.000Z,BUY,0.01,1,1,10.00,1,21870.00
2026-01-29T04:33:00.000Z,2026-01-29T04:37:00.000Z,BUY,0.01,1,1,10.00,1,21880.00
2026-01-29T04:37:00.000Z,2026-01-29T04:42:00.000Z,BUY,0.01,2,1,10.00,2,21890.00
2026-01-29T04:42:00.000Z,2026-01-29T04:44:00.000Z,BUY,0.01,1,1,10.00,1,21900.00
2026-01-29T04:44:00.000Z,2026-01-29T04:49:00.000Z,BUY,0.01,1,1,10.00,1,21910.00
2026-01-29T04:49:00.000Z,2026-01-29T05:04:00.000Z,BUY,0.01,2,1,10.00,2,21920.00
2026-01-29T05:04:00.000Z,2026-01-29T05:05:00.000Z,BUY,0.01,1,1,10.00,1,21930.00
2026-01-29T05:05:00.000Z,2026-01-29T05:11:00.000Z,BUY,0.01,1,1,10.00,1,21940.00
2026-01-29T05:11:00.000Z,2026-01-29T05:52:00.000Z,BUY,0.01,1,1,10.00,1,21950.00
2026-01-29T05:52:00.000Z,2026-01-29T06:08:00.000Z,BUY,0.01,1,1,10.00,1,21960.00
2026-01-29T06:08:00.000Z,2026-01-29T06:34:00.000Z,BUY,0.01,1,1,10.00,1,21970.00
2026-01-29T06:34:00.000Z,2026-01-29T07:21:00.000Z,BUY,0.01,2,1,10.00,2,21980.00
2026-01-29T07:21:00.000Z,2026-01-29T07:29:00.000Z,BUY,0.01,1,1,10.00,1,21990.00
2026-01-29T07:29:00.000Z,2026-01-29T07:31:00.000Z,BUY,0.01,1,1,10.00,1,22000.00
2026-01-29T07:31:00.000Z,2026-01-29T07:49:00.000Z,BUY,0.01,1,1,10.00,1,22010.00
2026-01-29T07:49:00.000Z,2026-01-29T08:01:00.000Z,BUY,0.01,1,1,10.00,1,22020.00
2026-01-29T08:01:00.000Z,2026-01-29T08:04:00.000Z,BUY,0.01,1,1,10.00,1,22030.00
2026-01-29T08:04:00.000Z,2026-01-29T08:22:00.000Z,BUY,0.01,1,1,10.00,1,22040.00
2026-01-29T08:22:00.000Z,2026-01-29T08:47:00.000Z,BUY,0.01,2,1,10.00,2,22050.00
2026-01-29T08:47:00.000Z,2026-01-29T08:49:00.000Z,BUY,0.01,1,1,10.00,1,22060.00
2026-01-29T08:49:00.000Z,2026-01-29T09:28:00.000Z,BUY,0.01,2,1,10.00,2,22070.00
2026-01-29T09:28:00.000Z,2026-01-29T09:34:00.000Z,BUY,0.01,1,1,10.00,1,22080.00
2026-01-29T09:34:00.000Z,2026-01-29T10:06:00.000Z,BUY,0.01,2,1,10.00,2,22090.00
2026-01-29T10:06:00.000Z,2026-01-29T10:07:00.000Z,BUY,0.01,1,1,10.00,1,22100.00
2026-01-29T10:07:00.000Z,2026-01-29T10:43:00.000Z,BUY,0.01,2,1,10.00,2,22110.00
2026-01-29T10:43:00.000Z,2026-01-29T10:52:00.000Z,BUY,0.01,3,1,10.00,3,22120.00
2026-01-29T10:52:00.000Z,2026-01-29T11:40:00.000Z,BUY,0.01,1,1,10.00,1,22130.00
2026-01-29T11:40:00.000Z,2026-01-29T12:56:00.000Z,BUY,0.01,4,1,10.00,4,22140.00
2026-01-29T12:56:00.000Z,2026-01-29T13:12:00.000Z,BUY,0.01,3,1,10.00,3,22150.00
2026-01-29T13:12:00.000Z,2026-01-29T13:22:00.000Z,BUY,0.01,1,1,10.00,1,22160.00
2026-01-29T13:22:00.000Z,2026-01-29T13:47:00.000Z,BUY,0.01,1,1,10.00,1,22170.00
2026-01-29T13:47:00.000Z,2026-01-29T14:13:00.000Z,BUY,0.01,1,1,10.00,1,22180.00
2026-01-29T14:13:00.000Z,2026-01-29T15:35:00.000Z,BUY,0.01,2,1,10.00,2,22190.00
2026-01-29T15:35:00.000Z,2026-01-29T15:39:00.000Z,BUY,0.01,1,1,10.00,1,22200.00
2026-01-29T15:39:00.000Z,2026-01-29T15:42:00.000Z,BUY,0.01,1,1,10.00,1,22210.00
2026-01-29T15:42:00.000Z,2026-01-29T16:08:00.000Z,BUY,0.01,1,1,10.00,1,22220.00
2026-01-29T16:08:00.000Z,2026-01-29T16:27:00.000Z,BUY,0.01,1,1,10.00,1,22230.00
2026-01-29T16:27:00.000Z,2026-01-29T16:35:00.000Z,BUY,0.01,2,1,10.00,2,22240.00
2026-01-29T16:35:00.000Z,2026-01-29T16:38:00.000Z,BUY,0.01,1,1,10.00,1,22250.00
2026-01-29T16:38:00.000Z,2026-01-29T16:39:00.000Z,BUY,0.01,1,1,10.00,1,22260.00
2026-01-29T16:39:00.000Z,2026-01-29T16:46:00.000Z,BUY,0.01,2,1,10.00,2,22270.00
2026-01-29T16:46:00.000Z,2026-01-29T16:49:00.000Z,BUY,0.01,1,1,10.00,1,22280.00
2026-01-29T16:49:00.000Z,2026-01-29T17:00:00.000Z,BUY,0.01,4,1,10.00,4,22290.00
2026-01-29T17:00:00.000Z,2026-01-29T17:02:00.000Z,BUY,0.01,2,1,10.00,2,22300.00
2026-01-29T17:02:00.000Z,2026-01-29T17:05:00.000Z,BUY,0.01,1,1,10.00,1,22310.00
2026-01-29T17:05:00.000Z,2026-01-29T17:07:00.000Z,BUY,0.01,2,1,10.00,2,22320.00
2026-01-29T17:07:00.000Z,2026-01-29T17:10:00.000Z,BUY,0.01,2,1,10.00,2,22330.00
2026-01-29T17:10:00.000Z,2026-01-29T17:10:00.000Z,BUY,0.01,1,1,10.00,1,22340.00
2026-01-29T17:10:00.000Z,2026-01-29T17:11:00.000Z,BUY,0.01,1,1,10.00,1,22350.00
2026-01-29T17:11:00.000Z,2026-01-29T17:14:00.000Z,BUY,0.01,4,1,10.00,4,22360.00
2026-01-29T17:14:00.000Z,2026-01-29T17:14:00.000Z,BUY,0.01,2,1,10.00,2,22370.00
2026-01-29T17:14:00.000Z,2026-01-29T17:14:00.000Z,BUY,0.01,1,1,10.00,1,22380.00
2026-01-29T17:14:00.000Z,2026-01-29T17:15:00.000Z,BUY,0.01,2,1,10.00,2,22390.00
2026-01-29T17:15:00.000Z,2026-01-29T17:16:00.000Z,BUY,0.01,2,1,10.00,2,22400.00
2026-01-29T17:16:00.000Z,2026-01-29T17:17:00.000Z,BUY,0.01,2,1,10.00,2,22410.00
2026-01-29T17:17:00.000Z,2026-01-29T17:17:00.000Z,BUY,0.01,1,1,10.00,1,22420.00
2026-01-29T17:17:00.000Z,2026-01-29T17:18:00.000Z,BUY,0.01,1,1,10.00,1,22430.00
2026-01-29T17:18:00.000Z,2026-01-29T17:18:00.000Z,BUY,0.01,1,1,10.00,1,22440.00
2026-01-29T17:18:00.000Z,2026-01-29T17:18:00.000Z,BUY,0.01,1,1,10.00,1,22450.00
2026-01-29T17:18:00.000Z,2026-01-29T17:18:00.000Z,BUY,0.01,1,1,10.00,1,22460.00
2026-01-29T17:18:00.000Z,2026-01-29T17:18:00.000Z,BUY,0.01,1,1,10.00,1,22470.00
2026-01-29T17:18:00.000Z,2026-01-29T17:19:00.000Z,BUY,0.01,2,1,10.00,2,22480.00
2026-01-29T17:19:00.000Z,2026-01-29T17:19:00.000Z,BUY,0.01,1,1,10.00,1,22490.00
2026-01-29T17:19:00.000Z,2026-01-29T17:20:00.000Z,BUY,0.01,1,1,10.00,1,22500.00
2026-01-29T17:20:00.000Z,2026-01-29T17:20:00.000Z,BUY,0.01,1,1,10.00,1,22510.00
2026-01-29T17:20:00.000Z,2026-01-29T17:21:00.000Z,BUY,0.01,1,1,10.00,1,22520.00
2026-01-29T17:21:00.000Z,2026-01-29T17:23:00.000Z,BUY,0.01,2,1,10.00,2,22530.00
2026-01-29T17:23:00.000Z,2026-01-29T17:24:00.000Z,BUY,0.01,2,1,10.00,2,22540.00
2026-01-29T17:24:00.000Z,2026-01-29T17:25:00.000Z,BUY,0.01,1,1,10.00,1,22550.00
2026-01-29T17:25:00.000Z,2026-01-29T17:26:00.000Z,BUY,0.01,2,1,10.00,2,22560.00
2026-01-29T17:26:00.000Z,2026-01-29T17:26:00.000Z,BUY,0.01,2,1,10.00,2,22570.00
2026-01-29T17:26:00.000Z,2026-01-29T17:27:00.000Z,BUY,0.01,1,1,10.00,1,22580.00
2026-01-29T17:27:00.000Z,2026-01-29T17:27:00.000Z,BUY,0.01,2,1,10.00,2,22590.00
2026-01-29T17:27:00.000Z,2026-01-29T17:27:00.000Z,BUY,0.01,2,1,10.00,2,22600.00
2026-01-29T17:27:00.000Z,2026-01-29T17:27:00.000Z,BUY,0.01,2,1,10.00,2,22610.00
2026-01-29T17:27:00.000Z,2026-01-29T17:27:00.000Z,BUY,0.01,2,1,10.00,2,22620.00
2026-01-29T17:27:00.000Z,2026-01-29T17:28:00.000Z,BUY,0.01,2,1,10.00,2,22630.00
2026-01-29T17:28:00.000Z,2026-01-29T17:28:00.000Z,BUY,0.01,1,1,10.00,1,22640.00
2026-01-29T17:28:00.000Z,2026-01-29T17:28:00.000Z,BUY,0.01,1,1,10.00,1,22650.00
2026-01-29T17:28:00.000Z,2026-01-29T17:28:00.000Z,BUY,0.01,1,1,10.00,1,22660.00
2026-01-29T17:28:00.000Z,2026-01-29T17:28:00.000Z,BUY,0.01,1,1,10.00,1,22670.00
2026-01-29T17:28:00.000Z,2026-01-29T17:28:00.000Z,BUY,0.01,1,1,10.00,1,22680.00
2026-01-29T17:28:00.000Z,2026-01-29T17:28:00.000Z,BUY,0.01,1,1,10.00,1,22690.00
2026-01-29T17:28:00.000Z,2026-01-29T17:28:00.000Z,BUY,0.01,1,1,10.00,1,22700.00
2026-01-29T17:28:00.000Z,2026-01-29T17:28:00.000Z,BUY,0.01,1,1,10.00,1,22710.00
2026-01-29T17:28:00.000Z,2026-01-29T17:28:00.000Z,BUY,0.01,1,1,10.00,1,22720.00
2026-01-29T17:28:00.000Z,2026-01-29T17:28:00.000Z,BUY,0.01,1,1,10.00,1,22730.00
2026-01-29T17:28:00.000Z,2026-01-29T17:28:00.000Z,BUY,0.01,2,1,10.00,2,22740.00
2026-01-29T17:28:00.000Z,2026-01-29T17:29:00.000Z,BUY,0.01,2,1,10.00,2,22750.00
2026-01-29T17:29:00.000Z,2026-01-29T17:29:00.000Z,BUY,0.01,3,1,10.00,3,22760.00
2026-01-29T17:29:00.000Z,2026-01-29T17:29:00.000Z,BUY,0.01,1,1,10.00,1,22770.00
2026-01-29T17:29:00.000Z,2026-01-29T17:29:00.000Z,BUY,0.01,1,1,10.00,1,22780.00
2026-01-29T17:29:00.000Z,2026-01-29T17:29:00.000Z,BUY,0.01,1,1,10.00,1,22790.00
2026-01-29T17:29:00.000Z,2026-01-29T17:30:00.000Z,BUY,0.01,1,1,10.00,1,22800.00
2026-01-29T17:30:00.000Z,2026-01-29T17:30:00.000Z,BUY,0.01,1,1,10.00,1,22810.00
2026-01-29T17:30:00.000Z,2026-01-29T17:30:00.000Z,BUY,0.01,1,1,10.00,1,22820.00
2026-01-29T17:30:00.000Z,2026-01-29T17:30:00.000Z,BUY,0.01,1,1,10.00,1,22830.00
2026-01-29T17:30:00.000Z,2026-01-29T17:30:00.000Z,BUY,0.01,1,1,10.00,1,22840.00
2026-01-29T17:30:00.000Z,2026-01-29T17:30:00.000Z,BUY,0.01,1,1,10.00,1,22850.00
2026-01-29T17:30:00.000Z,2026-01-29T17:31:00.000Z,BUY,0.01,2,1,10.00,2,22860.00
2026-01-29T17:31:00.000Z,2026-01-29T17:31:00.000Z,BUY,0.01,2,1,10.00,2,22870.00
2026-01-29T17:31:00.000Z,2026-01-29T17:32:00.000Z,BUY,0.01,2,1,10.00,2,22880.00
2026-01-29T17:32:00.000Z,2026-01-29T17:33:00.000Z,BUY,0.01,2,1,10.00,2,22890.00
2026-01-29T17:33:00.000Z,2026-01-29T17:33:00.000Z,BUY,0.01,1,1,10.00,1,22900.00
2026-01-29T17:33:00.000Z,2026-01-29T17:33:00.000Z,BUY,0.01,1,1,10.00,1,22910.00
2026-01-29T17:33:00.000Z,2026-01-29T17:33:00.000Z,BUY,0.01,1,1,10.00,1,22920.00
2026-01-29T17:33:00.000Z,2026-01-29T17:33:00.000Z,BUY,0.01,1,1,10.00,1,22930.00
2026-01-29T17:33:00.000Z,2026-01-29T17:34:00.000Z,BUY,0.01,1,1,10.00,1,22940.00
2026-01-29T17:34:00.000Z,2026-01-29T17:34:00.000Z,BUY,0.01,2,1,10.00,2,22950.00
2026-01-29T17:34:00.000Z,2026-01-29T17:35:00.000Z,BUY,0.01,1,1,10.00,1,22960.00
2026-01-29T17:35:00.000Z,2026-01-29T17:35:00.000Z,BUY,0.01,2,1,10.00,2,22970.00
2026-01-29T17:35:00.000Z,2026-01-29T17:36:00.000Z,BUY,0.01,2,1,10.00,2,22980.00
2026-01-29T17:36:00.000Z,2026-01-29T17:36:00.000Z,BUY,0.01,1,1,10.00,1,22990.00
2026-01-29T17:36:00.000Z,2026-01-29T17:36:00.000Z,BUY,0.01,1,1,10.00,1,23000.00
2026-01-29T17:36:00.000Z,2026-01-29T17:36:00.000Z,BUY,0.01,1,1,10.00,1,23010.00
2026-01-29T17:36:00.000Z,2026-01-29T17:36:00.000Z,BUY,0.01,1,1,10.00,1,23020.00
2026-01-29T17:36:00.000Z,2026-01-29T17:37:00.000Z,BUY,0.01,1,1,10.00,1,23030.00
2026-01-29T17:37:00.000Z,2026-01-29T17:37:00.000Z,BUY,0.01,1,1,10.00,1,23040.00
2026-01-29T17:37:00.000Z,2026-01-29T17:38:00.000Z,BUY,0.01,1,1,10.00,1,23050.00
2026-01-29T17:38:00.000Z,2026-01-29T17:38:00.000Z,BUY,0.01,1,1,10.00,1,23060.00
2026-01-29T17:38:00.000Z,2026-01-29T17:38:00.000Z,BUY,0.01,1,1,10.00,1,23070.00
2026-01-29T17:38:00.000Z,2026-01-29T17:38:00.000Z,BUY,0.01,1,1,10.00,1,23080.00
2026-01-29T17:38:00.000Z,2026-01-29T17:38:00.000Z,BUY,0.01,1,1,10.00,1,23090.00
2026-01-29T17:38:00.000Z,2026-01-29T17:39:00.000Z,BUY,0.01,1,1,10.00,1,23100.00
2026-01-29T17:39:00.000Z,2026-01-29T17:39:00.000Z,BUY,0.01,2,1,10.00,2,23110.00
2026-01-29T17:39:00.000Z,2026-01-29T17:40:00.000Z,BUY,0.01,2,1,10.00,2,23120.00
2026-01-29T17:40:00.000Z,2026-01-29T17:41:00.000Z,BUY,0.01,1,1,10.00,1,23130.00
2026-01-29T17:41:00.000Z,2026-01-29T17:42:00.000Z,BUY,0.01,2,1,10.00,2,23140.00
2026-01-29T17:42:00.000Z,2026-01-29T17:42:00.000Z,BUY,0.01,2,1,10.00,2,23150.00
2026-01-29T17:42:00.000Z,2026-01-29T17:43:00.000Z,BUY,0.01,1,1,10.00,1,23160.00
2026-01-29T17:43:00.000Z,2026-01-29T17:43:00.000Z,BUY,0.01,1,1,10.00,1,23170.00
2026-01-29T17:43:00.000Z,2026-01-29T17:44:00.000Z,BUY,0.01,2,1,10.00,2,23180.00
2026-01-29T17:44:00.000Z,2026-01-29T17:44:00.000Z,BUY,0.01,1,1,10.00,1,23190.00
2026-01-29T17:44:00.000Z,2026-01-29T17:45:00.000Z,BUY,0.01,1,1,10.00,1,23200.00
2026-01-29T17:45:00.000Z,2026-01-29T17:45:00.000Z,BUY,0.01,1,1,10.00,1,23210.00
2026-01-29T17:45:00.000Z,2026-01-29T17:45:00.000Z,BUY,0.01,1,1,10.00,1,23220.00
2026-01-29T17:45:00.000Z,2026-01-29T17:45:00.000Z,BUY,0.01,1,1,10.00,1,23230.00
2026-01-29T17:45:00.000Z,2026-01-29T17:47:00.000Z,BUY,0.01,1,1,10.00,1,23240.00
2026-01-29T17:47:00.000Z,2026-01-29T17:47:00.000Z,BUY,0.01,1,1,10.00,1,23250.00
2026-01-29T17:47:00.000Z,2026-01-29T17:47:00.000Z,BUY,0.01,2,1,10.00,2,23260.00
2026-01-29T17:47:00.000Z,2026-01-29T17:48:00.000Z,BUY,0.01,1,1,10.00,1,23270.00
2026-01-29T17:48:00.000Z,2026-01-29T17:48:00.000Z,BUY,0.01,1,1,10.00,1,23280.00
2026-01-29T17:48:00.000Z,2026-01-29T17:50:00.000Z,BUY,0.01,1,1,10.00,1,23290.00
2026-01-29T17:50:00.000Z,2026-01-29T17:50:00.000Z,BUY,0.01,1,1,10.00,1,23300.00
2026-01-29T17:50:00.000Z,2026-01-29T17:53:00.000Z,BUY,0.01,1,1,10.00,1,23310.00
2026-01-29T17:53:00.000Z,2026-01-29T17:57:00.000Z,BUY,0.01,2,1,10.00,2,23320.00
2026-01-29T17:57:00.000Z,2026-01-29T17:58:00.000Z,BUY,0.01,1,1,10.00,1,23330.00
2026-01-29T17:58:00.000Z,2026-01-29T18:00:00.000Z,BUY,0.01,1,1,10.00,1,23340.00
2026-01-29T18:00:00.000Z,2026-01-29T18:01:00.000Z,BUY,0.01,1,1,10.00,1,23350.00
2026-01-29T18:01:00.000Z,2026-01-29T18:02:00.000Z,BUY,0.01,1,1,10.00,1,23360.00
2026-01-29T18:02:00.000Z,2026-01-29T18:03:00.000Z,BUY,0.01,1,1,10.00,1,23370.00
2026-01-29T18:03:00.000Z,2026-01-29T18:05:00.000Z,BUY,0.01,1,1,10.00,1,23380.00
2026-01-29T18:05:00.000Z,2026-01-29T18:05:00.000Z,BUY,0.01,1,1,10.00,1,23390.00
2026-01-29T18:05:00.000Z,2026-01-29T18:05:00.000Z,BUY,0.01,1,1,10.00,1,23400.00
2026-01-29T18:05:00.000Z,2026-01-29T18:08:00.000Z,BUY,0.01,2,1,10.00,2,23410.00
2026-01-29T18:08:00.000Z,2026-01-29T18:08:00.000Z,BUY,0.01,1,1,10.00,1,23420.00
2026-01-29T18:08:00.000Z,2026-01-29T18:08:00.000Z,BUY,0.01,1,1,10.00,1,23430.00
2026-01-29T18:08:00.000Z,2026-01-29T18:12:00.000Z,BUY,0.01,1,1,10.00,1,23440.00
2026-01-29T18:12:00.000Z,2026-01-29T18:13:00.000Z,BUY,0.01,1,1,10.00,1,23450.00
2026-01-29T18:13:00.000Z,2026-01-29T18:14:00.000Z,BUY,0.01,1,1,10.00,1,23460.00
2026-01-29T18:14:00.000Z,2026-01-29T18:17:00.000Z,BUY,0.01,2,1,10.00,2,23470.00
2026-01-29T18:17:00.000Z,2026-01-29T18:17:00.000Z,BUY,0.01,1,1,10.00,1,23480.00
2026-01-29T18:17:00.000Z,2026-01-29T18:19:00.000Z,BUY,0.01,1,1,10.00,1,23490.00
2026-01-29T18:19:00.000Z,2026-01-29T18:23:00.000Z,BUY,0.01,2,1,10.00,2,23500.00
2026-01-29T18:23:00.000Z,2026-01-29T18:23:00.000Z,BUY,0.01,1,1,10.00,1,23510.00
2026-01-29T18:23:00.000Z,2026-01-29T18:23:00.000Z,BUY,0.01,1,1,10.00,1,23520.00
2026-01-29T18:23:00.000Z,2026-01-29T18:24:00.000Z,BUY,0.01,1,1,10.00,1,23530.00
2026-01-29T18:24:00.000Z,2026-01-29T18:26:00.000Z,BUY,0.01,1,1,10.00,1,23540.00
2026-01-29T18:26:00.000Z,2026-01-29T18:26:00.000Z,BUY,0.01,1,1,10.00,1,23550.00
2026-01-29T18:26:00.000Z,2026-01-29T18:30:00.000Z,BUY,0.01,1,1,10.00,1,23560.00
2026-01-29T18:30:00.000Z,2026-01-29T18:30:00.000Z,BUY,0.01,1,1,10.00,1,23570.00
2026-01-29T18:30:00.000Z,2026-01-29T18:35:00.000Z,BUY,0.01,2,1,10.00,2,23580.00
2026-01-29T18:35:00.000Z,2026-01-29T18:40:00.000Z,BUY,0.01,2,1,10.00,2,23590.00
2026-01-29T18:40:00.000Z,2026-01-29T18:40:00.000Z,BUY,0.01,1,1,10.00,1,23600.00
2026-01-29T18:40:00.000Z,2026-01-29T18:41:00.000Z,BUY,0.01,1,1,10.00,1,23610.00
2026-01-29T18:41:00.000Z,2026-01-29T18:42:00.000Z,BUY,0.01,1,1,10.00,1,23620.00
2026-01-29T18:42:00.000Z,2026-01-29T18:52:00.000Z,BUY,0.01,2,1,10.00,2,23630.00
2026-01-29T18:52:00.000Z,2026-01-29T18:59:00.000Z,BUY,0.01,3,1,10.00,3,23640.00
2026-01-29T18:59:00.000Z,2026-01-29T19:00:00.000Z,BUY,0.01,1,1,10.00,1,23650.00
2026-01-29T19:00:00.000Z,2026-01-29T19:00:00.000Z,BUY,0.01,1,1,10.00,1,23660.00
2026-01-29T19:00:00.000Z,2026-01-29T19:01:00.000Z,BUY,0.01,1,1,10.00,1,23670.00
2026-01-29T19:01:00.000Z,2026-01-29T19:15:00.000Z,BUY,0.01,1,1,10.00,1,23680.00
2026-01-29T19:15:00.000Z,2026-01-29T19:15:00.000Z,BUY,0.01,1,1,10.00,1,23690.00
2026-01-29T19:15:00.000Z,2026-01-29T19:16:00.000Z,BUY,0.01,1,1,10.00,1,23700.00
2026-01-29T19:16:00.000Z,2026-01-29T19:18:00.000Z,BUY,0.01,1,1,10.00,1,23710.00
2026-01-29T19:18:00.000Z,2026-01-29T19:24:00.000Z,BUY,0.01,1,1,10.00,1,23720.00
2026-01-29T19:24:00.000Z,2026-01-29T19:26:00.000Z,BUY,0.01,1,1,10.00,1,23730.00
2026-01-29T19:26:00.000Z,2026-01-29T19:26:00.000Z,BUY,0.01,1,1,10.00,1,23740.00
2026-01-29T19:26:00.000Z,2026-01-29T19:37:00.000Z,BUY,0.01,3,1,10.00,3,23750.00
2026-01-29T19:37:00.000Z,2026-01-29T19:50:00.000Z,BUY,0.01,2,1,10.00,2,23760.00
2026-01-29T19:50:00.000Z,2026-01-29T20:07:00.000Z,BUY,0.01,3,1,10.00,3,23770.00
2026-01-29T20:07:00.000Z,2026-01-29T20:24:00.000Z,BUY,0.01,2,1,10.00,2,23780.00
2026-01-29T20:24:00.000Z,2026-01-29T20:25:00.000Z,BUY,0.01,1,1,10.00,1,23790.00
2026-01-29T20:25:00.000Z,2026-01-29T20:31:00.000Z,BUY,0.01,3,1,10.00,3,23800.00
2026-01-29T20:31:00.000Z,2026-01-29T20:32:00.000Z,BUY,0.01,1,1,10.00,1,23810.00
2026-01-29T20:32:00.000Z,2026-01-29T21:01:00.000Z,BUY,0.01,2,1,10.00,2,23820.00
2026-01-29T21:01:00.000Z,2026-01-29T21:02:00.000Z,BUY,0.01,1,1,10.00,1,23830.00
2026-01-29T21:02:00.000Z,2026-01-29T21:04:00.000Z,BUY,0.01,1,1,10.00,1,23840.00
2026-01-29T21:04:00.000Z,2026-01-29T21:11:00.000Z,BUY,0.01,2,1,10.00,2,23850.00
2026-01-29T21:11:00.000Z,2026-01-29T21:12:00.000Z,BUY,0.01,1,1,10.00,1,23860.00
2026-01-29T21:12:00.000Z,2026-01-29T21:30:00.000Z,BUY,0.01,2,1,10.00,2,23870.00
2026-01-29T21:30:00.000Z,2026-01-29T21:32:00.000Z,BUY,0.01,1,1,10.00,1,23880.00
2026-01-29T21:32:00.000Z,2026-01-29T21:37:00.000Z,BUY,0.01,1,1,10.00,1,23890.00
2026-01-29T21:37:00.000Z,2026-01-29T21:37:00.000Z,BUY,0.01,1,1,10.00,1,23900.00
2026-01-29T21:37:00.000Z,2026-01-29T22:01:00.000Z,BUY,0.01,2,1,10.00,2,23910.00
2026-01-29T22:01:00.000Z,2026-01-29T22:10:00.000Z,BUY,0.01,1,1,10.00,1,23920.00
2026-01-29T22:10:00.000Z,2026-01-29T22:21:00.000Z,BUY,0.01,1,1,10.00,1,23930.00
2026-01-29T22:21:00.000Z,2026-01-29T22:24:00.000Z,BUY,0.01,1,1,10.00,1,23940.00
2026-01-29T22:24:00.000Z,2026-01-29T22:37:00.000Z,BUY,0.01,1,1,10.00,1,23950.00
2026-01-29T22:37:00.000Z,2026-01-29T22:39:00.000Z,BUY,0.01,1,1,10.00,1,23960.00
2026-01-29T22:39:00.000Z,2026-01-29T22:43:00.000Z,BUY,0.01,1,1,10.00,1,23970.00
2026-01-29T22:43:00.000Z,2026-01-29T22:46:00.000Z,BUY,0.01,1,1,10.00,1,23980.00
2026-01-29T22:46:00.000Z,2026-01-29T22:50:00.000Z,BUY,0.01,1,1,10.00,1,23990.00
2026-01-29T22:50:00.000Z,2026-01-29T22:51:00.000Z,BUY,0.01,1,1,10.00,1,24000.00
2026-01-29T22:51:00.000Z,2026-01-29T22:52:00.000Z,BUY,0.01,1,1,10.00,1,24010.00
2026-01-29T22:52:00.000Z,2026-01-29T23:25:00.000Z,BUY,0.01,1,1,10.00,1,24020.00
2026-01-29T23:25:00.000Z,2026-01-29T23:27:00.000Z,BUY,0.01,1,1,10.00,1,24030.00
2026-01-29T23:27:00.000Z,2026-01-29T23:44:00.000Z,BUY,0.01,2,1,10.00,2,24040.00
2026-01-29T23:44:00.000Z,2026-01-29T23:46:00.000Z,BUY,0.01,1,1,10.00,1,24050.00
2026-01-29T23:46:00.000Z,2026-01-30T01:02:00.000Z,BUY,0.01,3,1,10.00,3,24060.00
2026-01-30T01:02:00.000Z,2026-01-30T01:03:00.000Z,BUY,0.01,1,1,10.00,1,24070.00
2026-01-30T01:03:00.000Z,2026-01-30T01:03:00.000Z,BUY,0.01,1,1,10.00,1,24080.00
2026-01-30T01:03:00.000Z,2026-01-30T01:06:00.000Z,BUY,0.01,1,1,10.00,1,24090.00
2026-01-30T01:06:00.000Z,2026-01-30T01:17:00.000Z,BUY,0.01,2,1,10.00,2,24100.00
2026-01-30T01:17:00.000Z,2026-01-30T01:28:00.000Z,BUY,0.01,3,1,10.00,3,24110.00
2026-01-30T01:28:00.000Z,2026-01-30T01:35:00.000Z,BUY,0.01,1,1,10.00,1,24120.00
2026-01-30T01:35:00.000Z,2026-01-30T01:45:00.000Z,BUY,0.01,1,1,10.00,1,24130.00
2026-01-30T01:45:00.000Z,2026-01-30T02:09:00.000Z,BUY,0.01,1,1,10.00,1,24140.00
2026-01-30T02:09:00.000Z,2026-01-30T02:29:00.000Z,BUY,0.01,2,1,10.00,2,24150.00
2026-01-30T02:29:00.000Z,2026-01-30T02:34:00.000Z,BUY,0.01,1,1,10.00,1,24160.00
2026-01-30T02:34:00.000Z,2026-01-30T02:47:00.000Z,BUY,0.01,2,1,10.00,2,24170.00
2026-01-30T02:47:00.000Z,2026-01-30T02:53:00.000Z,BUY,0.01,1,1,10.00,1,24180.00
2026-01-30T02:53:00.000Z,2026-01-30T02:55:00.000Z,BUY,0.01,1,1,10.00,1,24190.00
2026-01-30T02:55:00.000Z,2026-01-30T03:01:00.000Z,BUY,0.01,2,1,10.00,2,24200.00
2026-01-30T03:01:00.000Z,2026-01-30T03:11:00.000Z,BUY,0.01,2,1,10.00,2,24210.00
2026-01-30T03:11:00.000Z,2026-01-30T03:11:00.000Z,BUY,0.01,2,1,10.00,2,24220.00
2026-01-30T03:11:00.000Z,2026-01-30T03:12:00.000Z,BUY,0.01,1,1,10.00,1,24230.00
2026-01-30T03:12:00.000Z,2026-01-30T03:14:00.000Z,BUY,0.01,2,1,10.00,2,24240.00
2026-01-30T03:14:00.000Z,2026-01-30T03:16:00.000Z,BUY,0.01,1,1,10.00,1,24250.00
2026-01-30T03:16:00.000Z,2026-01-30T03:16:00.000Z,BUY,0.01,1,1,10.00,1,24260.00
2026-01-30T03:16:00.000Z,2026-01-30T03:20:00.000Z,BUY,0.01,1,1,10.00,1,24270.00
2026-01-30T03:20:00.000Z,2026-01-30T03:25:00.000Z,BUY,0.01,1,1,10.00,1,24280.00
2026-01-30T03:25:00.000Z,2026-01-30T03:27:00.000Z,BUY,0.01,1,1,10.00,1,24290.00
2026-01-30T03:27:00.000Z,2026-01-30T03:34:00.000Z,BUY,0.01,1,1,10.00,1,24300.00
2026-01-30T03:34:00.000Z,2026-01-30T03:45:00.000Z,BUY,0.01,2,1,10.00,2,24310.00
2026-01-30T03:45:00.000Z,2026-01-30T03:57:00.000Z,BUY,0.01,4,1,10.00,4,24320.00
2026-01-30T03:57:00.000Z,2026-01-30T04:00:00.000Z,BUY,0.01,2,1,10.00,2,24330.00
2026-01-30T04:00:00.000Z,2026-01-30T04:00:00.000Z,BUY,0.01,1,1,10.00,1,24340.00
2026-01-30T04:00:00.000Z,2026-01-30T04:01:00.000Z,BUY,0.01,1,1,10.00,1,24350.00
2026-01-30T04:01:00.000Z,2026-01-30T04:09:00.000Z,BUY,0.01,2,1,10.00,2,24360.00
2026-01-30T04:09:00.000Z,2026-01-30T04:12:00.000Z,BUY,0.01,2,1,10.00,2,24370.00
2026-01-30T04:12:00.000Z,2026-01-30T04:14:00.000Z,BUY,0.01,2,1,10.00,2,24380.00
2026-01-30T04:14:00.000Z,2026-01-30T04:17:00.000Z,BUY,0.01,2,1,10.00,2,24390.00
2026-01-30T04:17:00.000Z,2026-01-30T04:17:00.000Z,BUY,0.01,1,1,10.00,1,24400.00
2026-01-30T04:17:00.000Z,2026-01-30T04:19:00.000Z,BUY,0.01,2,1,10.00,2,24410.00
2026-01-30T04:19:00.000Z,2026-01-30T04:21:00.000Z,BUY,0.01,4,1,10.00,4,24420.00
2026-01-30T04:21:00.000Z,2026-01-30T04:22:00.000Z,BUY,0.01,1,1,10.00,1,24430.00
2026-01-30T04:22:00.000Z,2026-01-30T04:23:00.000Z,BUY,0.01,2,1,10.00,2,24440.00
2026-01-30T04:23:00.000Z,2026-01-30T04:23:00.000Z,BUY,0.01,1,1,10.00,1,24450.00
2026-01-30T04:23:00.000Z,2026-01-30T04:23:00.000Z,BUY,0.01,1,1,10.00,1,24460.00
2026-01-30T04:23:00.000Z,2026-01-30T04:24:00.000Z,BUY,0.01,1,1,10.00,1,24470.00
2026-01-30T04:24:00.000Z,2026-01-30T04:24:00.000Z,BUY,0.01,1,1,10.00,1,24480.00
2026-01-30T04:24:00.000Z,2026-01-30T04:24:00.000Z,BUY,0.01,1,1,10.00,1,24490.00
2026-01-30T04:24:00.000Z,2026-01-30T04:24:00.000Z,BUY,0.01,1,1,10.00,1,24500.00
2026-01-30T04:24:00.000Z,2026-01-30T04:25:00.000Z,BUY,0.01,1,1,10.00,1,24510.00
2026-01-30T04:25:00.000Z,2026-01-30T04:29:00.000Z,BUY,0.01,2,1,10.00,2,24520.00
2026-01-30T04:29:00.000Z,2026-01-30T04:29:00.000Z,BUY,0.01,1,1,10.00,1,24530.00
2026-01-30T04:29:00.000Z,2026-01-30T04:30:00.000Z,BUY,0.01,1,1,10.00,1,24540.00
2026-01-30T04:30:00.000Z,2026-01-30T04:32:00.000Z,BUY,0.01,2,1,10.00,2,24550.00
2026-01-30T04:32:00.000Z,2026-01-30T04:32:00.000Z,BUY,0.01,1,1,10.00,1,24560.00
2026-01-30T04:32:00.000Z,2026-01-30T04:33:00.000Z,BUY,0.01,1,1,10.00,1,24570.00
2026-01-30T04:33:00.000Z,2026-01-30T04:36:00.000Z,BUY,0.01,1,1,10.00,1,24580.00
2026-01-30T04:36:00.000Z,2026-01-30T04:36:00.000Z,BUY,0.01,1,1,10.00,1,24590.00
2026-01-30T04:36:00.000Z,2026-01-30T04:37:00.000Z,BUY,0.01,1,1,10.00,1,24600.00
2026-01-30T04:37:00.000Z,2026-01-30T04:38:00.000Z,BUY,0.01,1,1,10.00,1,24610.00
2026-01-30T04:38:00.000Z,2026-01-30T04:39:00.000Z,BUY,0.01,1,1,10.00,1,24620.00
2026-01-30T04:39:00.000Z,2026-01-30T04:42:00.000Z,BUY,0.01,1,1,10.00,1,24630.00
2026-01-30T04:42:00.000Z,2026-01-30T04:48:00.000Z,BUY,0.01,1,1,10.00,1,24640.00
2026-01-30T04:48:00.000Z,2026-01-30T04:58:00.000Z,BUY,0.01,2,1,10.00,2,24650.00
2026-01-30T04:58:00.000Z,2026-01-30T04:58:00.000Z,BUY,0.01,1,1,10.00,1,24660.00
2026-01-30T04:58:00.000Z,2026-01-30T05:00:00.000Z,BUY,0.01,1,1,10.00,1,24670.00
2026-01-30T05:00:00.000Z,2026-01-30T05:05:00.000Z,BUY,0.01,2,1,10.00,2,24680.00
2026-01-30T05:05:00.000Z,2026-01-30T05:10:00.000Z,BUY,0.01,1,1,10.00,1,24690.00
2026-01-30T05:10:00.000Z,2026-01-30T05:14:00.000Z,BUY,0.01,2,1,10.00,2,24700.00
2026-01-30T05:14:00.000Z,2026-01-30T05:15:00.000Z,BUY,0.01,1,1,10.00,1,24710.00
2026-01-30T05:15:00.000Z,2026-01-30T05:25:00.000Z,BUY,0.01,1,1,10.00,1,24720.00
2026-01-30T05:25:00.000Z,2026-01-30T05:30:00.000Z,BUY,0.01,1,1,10.00,1,24730.00
2026-01-30T05:30:00.000Z,2026-01-30T05:31:00.000Z,BUY,0.01,1,1,10.00,1,24740.00
2026-01-30T05:31:00.000Z,2026-01-30T05:34:00.000Z,BUY,0.01,2,1,10.00,2,24750.00
2026-01-30T05:34:00.000Z,2026-01-30T05:43:00.000Z,BUY,0.01,2,1,10.00,2,24760.00
2026-01-30T05:43:00.000Z,2026-01-30T05:47:00.000Z,BUY,0.01,1,1,10.00,1,24770.00
2026-01-30T05:47:00.000Z,2026-01-30T05:54:00.000Z,BUY,0.01,1,1,10.00,1,24780.00
2026-01-30T05:54:00.000Z,2026-01-30T05:55:00.000Z,BUY,0.01,1,1,10.00,1,24790.00
2026-01-30T05:55:00.000Z,2026-01-30T06:00:00.000Z,BUY,0.01,1,1,10.00,1,24800.00
2026-01-30T06:00:00.000Z,2026-01-30T06:02:00.000Z,BUY,0.01,1,1,10.00,1,24810.00
2026-01-30T06:02:00.000Z,2026-01-30T06:07:00.000Z,BUY,0.01,1,1,10.00,1,24820.00
2026-01-30T06:07:00.000Z,2026-01-30T06:20:00.000Z,BUY,0.01,1,1,10.00,1,24830.00
2026-01-30T06:20:00.000Z,2026-01-30T06:26:00.000Z,BUY,0.01,2,1,10.00,2,24840.00
2026-01-30T06:26:00.000Z,2026-01-30T06:29:00.000Z,BUY,0.01,1,1,10.00,1,24850.00
2026-01-30T06:29:00.000Z,2026-01-30T06:33:00.000Z,BUY,0.01,1,1,10.00,1,24860.00
2026-01-30T06:33:00.000Z,2026-01-30T07:16:00.000Z,BUY,0.01,3,1,10.00,3,24870.00
2026-01-30T07:16:00.000Z,2026-01-30T07:56:00.000Z,BUY,0.01,2,1,10.00,2,24880.00
2026-01-30T07:56:00.000Z,2026-01-30T08:15:00.000Z,BUY,0.01,5,0,-2420.00,5,22460.00
2026-01-30T08:15:00.000Z,2026-01-30T08:24:00.000Z,BUY,0.01,3,1,10.00,3,22470.00
2026-01-30T08:24:00.000Z,2026-01-30T08:29:00.000Z,BUY,0.01,2,1,10.00,2,22480.00
2026-01-30T08:29:00.000Z,2026-01-30T08:36:00.000Z,BUY,0.01,1,1,10.00,1,22490.00
2026-01-30T08:36:00.000Z,2026-01-30T09:00:00.000Z,BUY,0.01,4,1,10.00,4,22500.00
2026-01-30T09:00:00.000Z,2026-01-30T09:05:00.000Z,BUY,0.01,1,1,10.00,1,22510.00
2026-01-30T09:05:00.000Z,2026-01-30T09:07:00.000Z,BUY,0.01,1,1,10.00,1,22520.00
2026-01-30T09:07:00.000Z,2026-01-30T09:08:00.000Z,BUY,0.01,1,1,10.00,1,22530.00
2026-01-30T09:08:00.000Z,2026-01-30T09:12:00.000Z,BUY,0.01,1,1,10.00,1,22540.00
2026-01-30T09:12:00.000Z,2026-01-30T09:34:00.000Z,BUY,0.01,2,1,10.00,2,22550.00
2026-01-30T09:34:00.000Z,2026-01-30T09:35:00.000Z,BUY,0.01,2,1,10.00,2,22560.00
2026-01-30T09:35:00.000Z,2026-01-30T09:35:00.000Z,BUY,0.01,1,1,10.00,1,22570.00
2026-01-30T09:35:00.000Z,2026-01-30T09:37:00.000Z,BUY,0.01,1,1,10.00,1,22580.00
2026-01-30T09:37:00.000Z,2026-01-30T09:40:00.000Z,BUY,0.01,1,1,10.00,1,22590.00
2026-01-30T09:40:00.000Z,2026-01-30T09:52:00.000Z,BUY,0.01,1,1,10.00,1,22600.00
2026-01-30T09:52:00.000Z,2026-01-30T09:57:00.000Z,BUY,0.01,1,1,10.00,1,22610.00
2026-01-30T09:57:00.000Z,2026-01-30T09:59:00.000Z,BUY,0.01,1,1,10.00,1,22620.00
2026-01-30T09:59:00.000Z,2026-01-30T10:07:00.000Z,BUY,0.01,2,1,10.00,2,22630.00
2026-01-30T10:07:00.000Z,2026-01-30T10:22:00.000Z,BUY,0.01,3,1,10.00,3,22640.00
2026-01-30T10:22:00.000Z,2026-01-30T10:31:00.000Z,BUY,0.01,2,1,10.00,2,22650.00
2026-01-30T10:31:00.000Z,2026-01-30T10:33:00.000Z,BUY,0.01,2,1,10.00,2,22660.00
2026-01-30T10:33:00.000Z,2026-01-30T10:33:00.000Z,BUY,0.01,2,1,10.00,2,22670.00
2026-01-30T10:33:00.000Z,2026-01-30T10:34:00.000Z,BUY,0.01,1,1,10.00,1,22680.00
2026-01-30T10:34:00.000Z,2026-01-30T10:34:00.000Z,BUY,0.01,1,1,10.00,1,22690.00
2026-01-30T10:34:00.000Z,2026-01-30T10:34:00.000Z,BUY,0.01,1,1,10.00,1,22700.00
2026-01-30T10:34:00.000Z,2026-01-30T10:35:00.000Z,BUY,0.01,2,1,10.00,2,22710.00
2026-01-30T10:35:00.000Z,2026-01-30T10:37:00.000Z,BUY,0.01,1,1,10.00,1,22720.00
2026-01-30T10:37:00.000Z,2026-01-30T10:37:00.000Z,BUY,0.01,1,1,10.00,1,22730.00
2026-01-30T10:37:00.000Z,2026-01-30T10:41:00.000Z,BUY,0.01,1,1,10.00,1,22740.00
2026-01-30T10:41:00.000Z,2026-01-30T10:42:00.000Z,BUY,0.01,2,1,10.00,2,22750.00
2026-01-30T10:42:00.000Z,2026-01-30T10:43:00.000Z,BUY,0.01,1,1,10.00,1,22760.00
2026-01-30T10:43:00.000Z,2026-01-30T10:45:00.000Z,BUY,0.01,1,1,10.00,1,22770.00
2026-01-30T10:45:00.000Z,2026-01-30T10:47:00.000Z,BUY,0.01,1,1,10.00,1,22780.00
2026-01-30T10:47:00.000Z,2026-01-30T10:48:00.000Z,BUY,0.01,1,1,10.00,1,22790.00
2026-01-30T10:48:00.000Z,2026-01-30T10:49:00.000Z,BUY,0.01,1,1,10.00,1,22800.00
2026-01-30T10:49:00.000Z,2026-01-30T11:06:00.000Z,BUY,0.01,4,1,10.00,4,22810.00
2026-01-30T11:06:00.000Z,2026-01-30T11:09:00.000Z,BUY,0.01,2,1,10.00,2,22820.00
2026-01-30T11:09:00.000Z,2026-01-30T11:13:00.000Z,BUY,0.01,2,1,10.00,2,22830.00
2026-01-30T11:13:00.000Z,2026-01-30T11:15:00.000Z,BUY,0.01,3,1,10.00,3,22840.00
2026-01-30T11:15:00.000Z,2026-01-30T11:17:00.000Z,BUY,0.01,1,1,10.00,1,22850.00
2026-01-30T11:17:00.000Z,2026-01-30T11:19:00.000Z,BUY,0.01,1,1,10.00,1,22860.00
2026-01-30T11:19:00.000Z,2026-01-30T11:25:00.000Z,BUY,0.01,2,1,10.00,2,22870.00
2026-01-30T11:25:00.000Z,2026-01-30T11:26:00.000Z,BUY,0.01,1,1,10.00,1,22880.00
2026-01-30T11:26:00.000Z,2026-01-30T11:32:00.000Z,BUY,0.01,3,1,10.00,3,22890.00
2026-01-30T11:32:00.000Z,2026-01-30T11:33:00.000Z,BUY,0.01,1,1,10.00,1,22900.00
2026-01-30T11:33:00.000Z,2026-01-30T11:38:00.000Z,BUY,0.01,2,1,10.00,2,22910.00
2026-01-30T11:38:00.000Z,2026-01-30T11:42:00.000Z,BUY,0.01,2,1,10.00,2,22920.00
2026-01-30T11:42:00.000Z,2026-01-30T11:44:00.000Z,BUY,0.01,2,1,10.00,2,22930.00
2026-01-30T11:44:00.000Z,2026-01-30T11:47:00.000Z,BUY,0.01,3,1,10.00,3,22940.00
2026-01-30T11:47:00.000Z,2026-01-30T11:49:00.000Z,BUY,0.01,2,1,10.00,2,22950.00
2026-01-30T11:49:00.000Z,2026-01-30T11:49:00.000Z,BUY,0.01,1,1,10.00,1,22960.00
2026-01-30T11:49:00.000Z,2026-01-30T11:49:00.000Z,BUY,0.01,1,1,10.00,1,22970.00
2026-01-30T11:49:00.000Z,2026-01-30T11:51:00.000Z,BUY,0.01,2,1,10.00,2,22980.00
2026-01-30T11:51:00.000Z,2026-01-30T11:51:00.000Z,BUY,0.01,1,1,10.00,1,22990.00
2026-01-30T11:51:00.000Z,2026-01-30T11:52:00.000Z,BUY,0.01,1,1,10.00,1,23000.00
2026-01-30T11:52:00.000Z,2026-01-30T11:52:00.000Z,BUY,0.01,1,1,10.00,1,23010.00
2026-01-30T11:52:00.000Z,2026-01-30T11:52:00.000Z,BUY,0.01,1,1,10.00,1,23020.00
2026-01-30T11:52:00.000Z,2026-01-30T11:57:00.000Z,BUY,0.01,1,1,10.00,1,23030.00
2026-01-30T11:57:00.000Z,2026-01-30T11:57:00.000Z,BUY,0.01,1,1,10.00,1,23040.00
2026-01-30T11:57:00.000Z,2026-01-30T11:57:00.000Z,BUY,0.01,1,1,10.00,1,23050.00
2026-01-30T11:57:00.000Z,2026-01-30T12:00:00.000Z,BUY,0.01,1,1,10.00,1,23060.00
2026-01-30T12:00:00.000Z,2026-01-30T12:02:00.000Z,BUY,0.01,1,1,10.00,1,23070.00
2026-01-30T12:02:00.000Z,2026-01-30T12:03:00.000Z,BUY,0.01,1,1,10.00,1,23080.00
2026-01-30T12:03:00.000Z,2026-01-30T12:05:00.000Z,BUY,0.01,2,1,10.00,2,23090.00
2026-01-30T12:05:00.000Z,2026-01-30T12:11:00.000Z,BUY,0.01,3,1,10.00,3,23100.00
2026-01-30T12:11:00.000Z,2026-01-30T12:14:00.000Z,BUY,0.01,1,1,10.00,1,23110.00
2026-01-30T12:14:00.000Z,2026-01-30T12:19:00.000Z,BUY,0.01,1,1,10.00,1,23120.00
2026-01-30T12:19:00.000Z,2026-01-30T12:20:00.000Z,BUY,0.01,1,1,10.00,1,23130.00
2026-01-30T12:20:00.000Z,2026-01-30T12:26:00.000Z,BUY,0.01,1,1,10.00,1,23140.00
2026-01-30T12:26:00.000Z,2026-01-30T12:39:00.000Z,BUY,0.01,3,1,10.00,3,23150.00
2026-01-30T12:39:00.000Z,2026-01-30T12:47:00.000Z,BUY,0.01,1,1,10.00,1,23160.00
2026-01-30T12:47:00.000Z,2026-01-30T12:58:00.000Z,BUY,0.01,1,1,10.00,1,23170.00
2026-01-30T12:58:00.000Z,2026-01-30T12:59:00.000Z,BUY,0.01,1,1,10.00,1,23180.00
2026-01-30T12:59:00.000Z,2026-01-30T13:13:00.000Z,BUY,0.01,3,1,10.00,3,23190.00
2026-01-30T13:13:00.000Z,2026-01-30T13:41:00.000Z,BUY,0.01,1,1,10.00,1,23200.00
2026-01-30T13:41:00.000Z,2026-01-30T13:47:00.000Z,BUY,0.01,2,1,10.00,2,23210.00
2026-01-30T13:47:00.000Z,2026-01-30T13:48:00.000Z,BUY,0.01,1,1,10.00,1,23220.00
2026-01-30T13:48:00.000Z,2026-01-30T13:55:00.000Z,BUY,0.01,3,1,10.00,3,23230.00
2026-01-30T13:55:00.000Z,2026-01-30T13:56:00.000Z,BUY,0.01,1,1,10.00,1,23240.00
2026-01-30T13:56:00.000Z,2026-01-30T14:01:00.000Z,BUY,0.01,1,1,10.00,1,23250.00
2026-01-30T14:01:00.000Z,2026-01-30T14:19:00.000Z,BUY,0.01,2,1,10.00,2,23260.00
2026-01-30T14:19:00.000Z,2026-01-30T14:21:00.000Z,BUY,0.01,1,1,10.00,1,23270.00
2026-01-30T14:21:00.000Z,2026-01-30T14:31:00.000Z,BUY,0.01,1,1,10.00,1,23280.00
2026-01-30T14:31:00.000Z,2026-01-30T14:37:00.000Z,BUY,0.01,2,1,10.00,2,23290.00
2026-01-30T14:37:00.000Z,2026-01-30T14:41:00.000Z,BUY,0.01,1,1,10.00,1,23300.00
2026-01-30T14:41:00.000Z,2026-01-30T14:46:00.000Z,BUY,0.01,2,1,10.00,2,23310.00
2026-01-30T14:46:00.000Z,2026-01-30T14:54:00.000Z,BUY,0.01,3,1,10.00,3,23320.00
2026-01-30T14:54:00.000Z,2026-01-30T14:59:00.000Z,BUY,0.01,2,1,10.00,2,23330.00
2026-01-30T14:59:00.000Z,2026-01-30T15:00:00.000Z,BUY,0.01,1,1,10.00,1,23340.00
2026-01-30T15:00:00.000Z,2026-01-30T15:02:00.000Z,BUY,0.01,3,1,10.00,3,23350.00
2026-01-30T15:02:00.000Z,2026-01-30T15:04:00.000Z,BUY,0.01,1,1,10.00,1,23360.00
2026-01-30T15:04:00.000Z,2026-01-30T15:15:00.000Z,BUY,0.01,2,1,10.00,2,23370.00
2026-01-30T15:15:00.000Z,2026-01-30T15:23:00.000Z,BUY,0.01,2,1,10.00,2,23380.00
2026-01-30T15:23:00.000Z,2026-01-30T15:35:00.000Z,BUY,0.01,5,1,10.00,5,23390.00
2026-01-30T15:35:00.000Z,2026-01-30T15:47:00.000Z,BUY,0.01,4,1,10.00,4,23400.00
2026-01-30T15:47:00.000Z,2026-01-30T16:00:00.000Z,BUY,0.01,3,1,10.00,3,23410.00
2026-01-30T16:00:00.000Z,2026-01-30T16:01:00.000Z,BUY,0.01,1,1,10.00,1,23420.00
2026-01-30T16:01:00.000Z,2026-01-30T16:01:00.000Z,BUY,0.01,1,1,10.00,1,23430.00
2026-01-30T16:01:00.000Z,2026-01-30T16:03:00.000Z,BUY,0.01,1,1,10.00,1,23440.00
2026-01-30T16:03:00.000Z,2026-01-30T16:05:00.000Z,BUY,0.01,1,1,10.00,1,23450.00
2026-01-30T16:05:00.000Z,2026-01-30T16:22:00.000Z,BUY,0.01,3,1,10.00,3,23460.00
2026-01-30T16:22:00.000Z,2026-01-30T16:32:00.000Z,BUY,0.01,3,1,10.00,3,23470.00
2026-01-30T16:32:00.000Z,2026-01-30T16:33:00.000Z,BUY,0.01,1,1,10.00,1,23480.00
2026-01-30T16:33:00.000Z,2026-01-30T16:34:00.000Z,BUY,0.01,1,1,10.00,1,23490.00
2026-01-30T16:34:00.000Z,2026-01-30T16:37:00.000Z,BUY,0.01,2,1,10.00,2,23500.00
2026-01-30T16:37:00.000Z,2026-01-30T16:37:00.000Z,BUY,0.01,1,1,10.00,1,23510.00
2026-01-30T16:37:00.000Z,2026-01-30T16:54:00.000Z,BUY,0.01,4,1,10.00,4,23520.00
2026-01-30T16:54:00.000Z,2026-01-30T16:56:00.000Z,BUY,0.01,2,1,10.00,2,23530.00
2026-01-30T16:56:00.000Z,2026-01-30T17:01:00.000Z,BUY,0.01,2,1,10.00,2,23540.00
2026-01-30T17:01:00.000Z,2026-01-30T17:07:00.000Z,BUY,0.01,1,1,10.00,1,23550.00
2026-01-30T17:07:00.000Z,2026-01-30T17:11:00.000Z,BUY,0.01,3,1,10.00,3,23560.00
2026-01-30T17:11:00.000Z,2026-01-30T17:11:00.000Z,BUY,0.01,1,1,10.00,1,23570.00
2026-01-30T17:11:00.000Z,2026-01-30T17:12:00.000Z,BUY,0.01,1,1,10.00,1,23580.00
2026-01-30T17:12:00.000Z,2026-01-30T17:17:00.000Z,BUY,0.01,1,1,10.00,1,23590.00
2026-01-30T17:17:00.000Z,2026-01-30T17:35:00.000Z,BUY,0.01,3,1,10.00,3,23600.00
2026-01-30T17:35:00.000Z,2026-01-30T17:42:00.000Z,BUY,0.01,1,1,10.00,1,23610.00
2026-01-30T17:42:00.000Z,2026-01-30T17:54:00.000Z,BUY,0.01,4,1,10.00,4,23620.00
2026-01-30T17:54:00.000Z,2026-01-30T17:56:00.000Z,BUY,0.01,1,1,10.00,1,23630.00
2026-01-30T17:56:00.000Z,2026-01-30T18:11:00.000Z,BUY,0.01,2,1,10.00,2,23640.00
2026-01-30T18:11:00.000Z,2026-01-30T18:14:00.000Z,BUY,0.01,1,1,10.00,1,23650.00
2026-01-30T18:14:00.000Z,2026-01-30T18:22:00.000Z,BUY,0.01,2,1,10.00,2,23660.00
2026-01-30T18:22:00.000Z,2026-01-30T18:32:00.000Z,BUY,0.01,1,1,10.00,1,23670.00
2026-01-30T18:32:00.000Z,2026-01-30T18:35:00.000Z,BUY,0.01,2,1,10.00,2,23680.00
2026-01-30T18:35:00.000Z,2026-01-30T18:40:00.000Z,BUY,0.01,3,1,10.00,3,23690.00
2026-01-30T18:40:00.000Z,2026-01-30T18:42:00.000Z,BUY,0.01,1,1,10.00,1,23700.00
2026-01-30T18:42:00.000Z,2026-01-30T18:43:00.000Z,BUY,0.01,1,1,10.00,1,23710.00
2026-01-30T18:43:00.000Z,2026-01-30T18:48:00.000Z,BUY,0.01,2,1,10.00,2,23720.00
2026-01-30T18:48:00.000Z,2026-01-30T18:52:00.000Z,BUY,0.01,2,1,10.00,2,23730.00
2026-01-30T18:52:00.000Z,2026-01-30T18:52:00.000Z,BUY,0.01,1,1,10.00,1,23740.00
2026-01-30T18:52:00.000Z,2026-01-30T18:53:00.000Z,BUY,0.01,1,1,10.00,1,23750.00
2026-01-30T18:53:00.000Z,2026-01-30T18:55:00.000Z,BUY,0.01,1,1,10.00,1,23760.00
2026-01-30T18:55:00.000Z,2026-01-30T19:06:00.000Z,BUY,0.01,2,1,10.00,2,23770.00
2026-01-30T19:06:00.000Z,2026-01-30T19:12:00.000Z,BUY,0.01,2,1,10.00,2,23780.00
2026-01-30T19:12:00.000Z,2026-01-30T19:16:00.000Z,BUY,0.01,3,1,10.00,3,23790.00
2026-01-30T19:16:00.000Z,2026-01-30T19:19:00.000Z,BUY,0.01,2,1,10.00,2,23800.00
2026-01-30T19:19:00.000Z,2026-01-30T19:20:00.000Z,BUY,0.01,1,1,10.00,1,23810.00
2026-01-30T19:20:00.000Z,2026-01-30T19:22:00.000Z,BUY,0.01,1,1,10.00,1,23820.00
2026-01-30T19:22:00.000Z,2026-01-30T19:25:00.000Z,BUY,0.01,1,1,10.00,1,23830.00
2026-01-30T19:25:00.000Z,2026-01-30T19:31:00.000Z,BUY,0.01,2,1,10.00,2,23840.00
2026-01-30T19:31:00.000Z,2026-01-30T19:34:00.000Z,BUY,0.01,1,1,10.00,1,23850.00
2026-01-30T19:34:00.000Z,2026-01-30T19:42:00.000Z,BUY,0.01,2,1,10.00,2,23860.00
2026-01-30T19:42:00.000Z,2026-01-30T19:44:00.000Z,BUY,0.01,2,1,10.00,2,23870.00
2026-01-30T19:44:00.000Z,2026-01-30T19:45:00.000Z,BUY,0.01,1,1,10.00,1,23880.00
2026-01-30T19:45:00.000Z,2026-01-30T19:47:00.000Z,BUY,0.01,1,1,10.00,1,23890.00
2026-01-30T19:47:00.000Z,2026-01-30T19:51:00.000Z,BUY,0.01,2,1,10.00,2,23900.00
2026-01-30T19:51:00.000Z,2026-01-30T19:54:00.000Z,BUY,0.01,2,1,10.00,2,23910.00
2026-01-30T19:54:00.000Z,2026-01-30T19:56:00.000Z,BUY,0.01,1,1,10.00,1,23920.00
2026-01-30T19:56:00.000Z,2026-01-30T19:56:00.000Z,BUY,0.01,1,1,10.00,1,23930.00
2026-01-30T19:56:00.000Z,2026-01-30T19:57:00.000Z,BUY,0.01,1,1,10.00,1,23940.00
2026-01-30T19:57:00.000Z,2026-01-30T20:00:00.000Z,BUY,0.01,1,1,10.00,1,23950.00
2026-01-30T20:00:00.000Z,2026-01-30T20:01:00.000Z,BUY,0.01,1,1,10.00,1,23960.00
2026-01-30T20:01:00.000Z,2026-01-30T20:04:00.000Z,BUY,0.01,1,1,10.00,1,23970.00
2026-01-30T20:04:00.000Z,2026-01-30T20:05:00.000Z,BUY,0.01,1,1,10.00,1,23980.00
2026-01-30T20:05:00.000Z,2026-01-30T20:07:00.000Z,BUY,0.01,2,1,10.00,2,23990.00
2026-01-30T20:07:00.000Z,2026-01-30T20:09:00.000Z,BUY,0.01,2,1,10.00,2,24000.00
2026-01-30T20:09:00.000Z,2026-01-30T20:12:00.000Z,BUY,0.01,4,1,10.00,4,24010.00
2026-01-30T20:12:00.000Z,2026-01-30T20:13:00.000Z,BUY,0.01,1,1,10.00,1,24020.00
2026-01-30T20:13:00.000Z,2026-01-30T20:13:00.000Z,BUY,0.01,1,1,10.00,1,24030.00
2026-01-30T20:13:00.000Z,2026-01-30T20:16:00.000Z,BUY,0.01,2,1,10.00,2,24040.00
2026-01-30T20:16:00.000Z,2026-01-30T20:18:00.000Z,BUY,0.01,2,1,10.00,2,24050.00
2026-01-30T20:18:00.000Z,2026-01-30T20:18:00.000Z,BUY,0.01,1,1,10.00,1,24060.00
2026-01-30T20:18:00.000Z,2026-01-30T20:20:00.000Z,BUY,0.01,2,1,10.00,2,24070.00
2026-01-30T20:20:00.000Z,2026-01-30T20:21:00.000Z,BUY,0.01,2,1,10.00,2,24080.00
2026-01-30T20:21:00.000Z,2026-01-30T20:21:00.000Z,BUY,0.01,1,1,10.00,1,24090.00
2026-01-30T20:21:00.000Z,2026-01-30T20:22:00.000Z,BUY,0.01,1,1,10.00,1,24100.00
2026-01-30T20:22:00.000Z,2026-01-30T20:23:00.000Z,BUY,0.01,3,1,10.00,3,24110.00
2026-01-30T20:23:00.000Z,2026-01-30T20:23:00.000Z,BUY,0.01,1,1,10.00,1,24120.00
2026-01-30T20:23:00.000Z,2026-01-30T20:24:00.000Z,BUY,0.01,2,1,10.00,2,24130.00
2026-01-30T20:24:00.000Z,2026-01-30T20:25:00.000Z,BUY,0.01,1,1,10.00,1,24140.00
2026-01-30T20:25:00.000Z,2026-01-30T20:25:00.000Z,BUY,0.01,1,1,10.00,1,24150.00
2026-01-30T20:25:00.000Z,2026-01-30T20:26:00.000Z,BUY,0.01,1,1,10.00,1,24160.00
2026-01-30T20:26:00.000Z,2026-01-30T20:28:00.000Z,BUY,0.01,2,1,10.00,2,24170.00
2026-01-30T20:28:00.000Z,2026-01-30T20:29:00.000Z,BUY,0.01,3,1,10.00,3,24180.00
2026-01-30T20:29:00.000Z,2026-01-30T20:29:00.000Z,BUY,0.01,1,1,10.00,1,24190.00
2026-01-30T20:29:00.000Z,2026-01-30T20:29:00.000Z,BUY,0.01,1,1,10.00,1,24200.00
2026-01-30T20:29:00.000Z,2026-01-30T20:32:00.000Z,BUY,0.01,3,1,10.00,3,24210.00
2026-01-30T20:32:00.000Z,2026-01-30T20:33:00.000Z,BUY,0.01,1,1,10.00,1,24220.00
2026-01-30T20:33:00.000Z,2026-01-30T20:36:00.000Z,BUY,0.01,2,1,10.00,2,24230.00
2026-01-30T20:36:00.000Z,2026-01-30T20:38:00.000Z,BUY,0.01,2,1,10.00,2,24240.00
2026-01-30T20:38:00.000Z,2026-01-30T20:40:00.000Z,BUY,0.01,3,1,10.00,3,24250.00
2026-01-30T20:40:00.000Z,2026-01-30T20:41:00.000Z,BUY,0.01,1,1,10.00,1,24260.00
2026-01-30T20:41:00.000Z,2026-01-30T20:42:00.000Z,BUY,0.01,1,1,10.00,1,24270.00
2026-01-30T20:42:00.000Z,2026-01-30T20:42:00.000Z,BUY,0.01,1,1,10.00,1,24280.00
2026-01-30T20:42:00.000Z,2026-01-30T20:42:00.000Z,BUY,0.01,1,1,10.00,1,24290.00
2026-01-30T20:42:00.000Z,2026-01-30T20:44:00.000Z,BUY,0.01,1,1,10.00,1,24300.00
2026-01-30T20:44:00.000Z,2026-01-30T20:44:00.000Z,BUY,0.01,1,1,10.00,1,24310.00
2026-01-30T20:44:00.000Z,2026-01-30T20:45:00.000Z,BUY,0.01,1,1,10.00,1,24320.00
2026-01-30T20:45:00.000Z,2026-01-30T20:45:00.000Z,BUY,0.01,1,1,10.00,1,24330.00
2026-01-30T20:45:00.000Z,2026-01-30T20:47:00.000Z,BUY,0.01,1,1,10.00,1,24340.00
2026-01-30T20:47:00.000Z,2026-01-30T20:47:00.000Z,BUY,0.01,1,1,10.00,1,24350.00
2026-01-30T20:47:00.000Z,2026-01-30T20:48:00.000Z,BUY,0.01,1,1,10.00,1,24360.00
2026-01-30T20:48:00.000Z,2026-01-30T20:51:00.000Z,BUY,0.01,3,1,10.00,3,24370.00
2026-01-30T20:51:00.000Z,2026-01-30T20:53:00.000Z,BUY,0.01,3,1,10.00,3,24380.00
2026-01-30T20:53:00.000Z,2026-01-30T20:54:00.000Z,BUY,0.01,1,1,10.00,1,24390.00
2026-01-30T20:54:00.000Z,2026-01-30T20:55:00.000Z,BUY,0.01,1,1,10.00,1,24400.00
2026-01-30T20:55:00.000Z,2026-01-30T20:56:00.000Z,BUY,0.01,1,1,10.00,1,24410.00
2026-01-30T20:56:00.000Z,2026-01-30T21:00:00.000Z,BUY,0.01,3,1,10.00,3,24420.00
2026-01-30T21:00:00.000Z,2026-01-30T21:00:00.000Z,BUY,0.01,1,1,10.00,1,24430.00
2026-01-30T21:00:00.000Z,2026-01-30T21:02:00.000Z,BUY,0.01,2,1,10.00,2,24440.00
2026-01-30T21:02:00.000Z,2026-01-30T21:03:00.000Z,BUY,0.01,1,1,10.00,1,24450.00
2026-01-30T21:03:00.000Z,2026-01-30T21:03:00.000Z,BUY,0.01,1,1,10.00,1,24460.00
2026-01-30T21:03:00.000Z,2026-01-30T21:04:00.000Z,BUY,0.01,1,1,10.00,1,24470.00
2026-01-30T21:04:00.000Z,2026-01-30T21:10:00.000Z,BUY,0.01,3,1,10.00,3,24480.00
2026-01-30T21:10:00.000Z,2026-01-30T21:11:00.000Z,BUY,0.01,2,1,10.00,2,24490.00
2026-01-30T21:11:00.000Z,2026-01-30T21:23:00.000Z,BUY,0.01,2,1,10.00,2,24500.00
2026-01-30T21:23:00.000Z,2026-01-30T21:24:00.000Z,BUY,0.01,1,1,10.00,1,24510.00
2026-01-30T21:24:00.000Z,2026-01-30T21:25:00.000Z,BUY,0.01,1,1,10.00,1,24520.00
2026-01-30T21:25:00.000Z,2026-01-30T21:27:00.000Z,BUY,0.01,1,1,10.00,1,24530.00
2026-01-30T21:27:00.000Z,2026-01-30T21:28:00.000Z,BUY,0.01,1,1,10.00,1,24540.00
2026-01-30T21:28:00.000Z,2026-01-30T21:33:00.000Z,BUY,0.01,1,1,10.00,1,24550.00
2026-01-30T21:33:00.000Z,2026-01-30T21:38:00.000Z,BUY,0.01,1,1,10.00,1,24560.00
2026-01-30T21:38:00.000Z,2026-01-30T21:44:00.000Z,BUY,0.01,3,1,10.00,3,24570.00
2026-01-30T21:44:00.000Z,2026-01-30T21:53:00.000Z,BUY,0.01,1,1,10.00,1,24580.00
2026-01-30T21:53:00.000Z,2026-01-30T22:00:00.000Z,BUY,0.01,2,1,10.00,2,24590.00
2026-01-30T22:00:00.000Z,2026-01-30T22:05:00.000Z,BUY,0.01,3,1,10.00,3,24600.00
2026-01-30T22:05:00.000Z,2026-01-30T22:07:00.000Z,BUY,0.01,2,1,10.00,2,24610.00
2026-01-30T22:07:00.000Z,2026-01-30T22:09:00.000Z,BUY,0.01,1,1,10.00,1,24620.00
2026-01-30T22:09:00.000Z,2026-01-30T22:21:00.000Z,BUY,0.01,1,1,10.00,1,24630.00
2026-01-30T22:21:00.000Z,2026-01-30T22:32:00.000Z,BUY,0.01,2,1,10.00,2,24640.00
2026-01-30T22:32:00.000Z,2026-01-30T22:37:00.000Z,BUY,0.01,4,1,10.00,4,24650.00
2026-01-30T22:37:00.000Z,2026-01-30T22:39:00.000Z,BUY,0.01,1,1,10.00,1,24660.00
2026-01-30T22:39:00.000Z,2026-01-30T22:42:00.000Z,BUY,0.01,1,1,10.00,1,24670.00
2026-01-30T22:42:00.000Z,2026-01-30T22:47:00.000Z,BUY,0.01,1,1,10.00,1,24680.00
2026-01-30T22:47:00.000Z,2026-01-30T22:51:00.000Z,BUY,0.01,2,1,10.00,2,24690.00
2026-01-30T22:51:00.000Z,2026-01-30T22:51:00.000Z,BUY,0.01,1,1,10.00,1,24700.00
2026-01-30T22:51:00.000Z,2026-01-30T22:55:00.000Z,BUY,0.01,2,1,10.00,2,24710.00
2026-01-30T22:55:00.000Z,2026-01-30T22:57:00.000Z,BUY,0.01,3,1,10.00,3,24720.00
2026-01-30T22:57:00.000Z,2026-01-30T22:59:00.000Z,BUY,0.01,1,1,10.00,1,24730.00
2026-01-30T22:59:00.000Z,2026-01-30T23:03:00.000Z,BUY,0.01,1,1,10.00,1,24740.00
2026-01-30T23:03:00.000Z,2026-01-30T23:21:00.000Z,BUY,0.01,3,1,10.00,3,24750.00
2026-01-30T23:21:00.000Z,2026-01-30T23:23:00.000Z,BUY,0.01,1,1,10.00,1,24760.00
2026-01-30T23:23:00.000Z,2026-01-30T23:38:00.000Z,BUY,0.01,2,1,10.00,2,24770.00
2026-01-30T23:38:00.000Z,2026-01-30T23:45:00.000Z,BUY,0.01,1,1,10.00,1,24780.00
2026-01-30T23:45:00.000Z,2026-01-30T23:51:00.000Z,BUY,0.01,1,1,10.00,1,24790.00
2026-01-30T23:51:00.000Z,2026-01-30T23:51:00.000Z,BUY,0.01,1,1,10.00,1,24800.00
2026-01-30T23:51:00.000Z,2026-01-30T23:52:00.000Z,BUY,0.01,1,1,10.00,1,24810.00
2026-01-30T23:52:00.000Z,2026-02-02T01:00:00.000Z,BUY,0.01,2,1,10.00,2,24820.00
2026-02-02T01:00:00.000Z,2026-02-02T01:00:00.000Z,BUY,0.01,2,1,10.00,2,24830.00
2026-02-02T01:00:00.000Z,2026-02-02T01:00:00.000Z,BUY,0.01,2,1,10.00,2,24840.00
2026-02-02T01:00:00.000Z,2026-02-02T01:00:00.000Z,BUY,0.01,2,1,10.00,2,24850.00
2026-02-02T01:00:00.000Z,2026-02-02T01:00:00.000Z,BUY,0.01,1,1,10.00,1,24860.00
2026-02-02T01:00:00.000Z,2026-02-02T01:01:00.000Z,BUY,0.01,1,1,10.00,1,24870.00
2026-02-02T01:01:00.000Z,2026-02-02T01:01:00.000Z,BUY,0.01,1,1,10.00,1,24880.00
2026-02-02T01:01:00.000Z,2026-02-02T01:02:00.000Z,BUY,0.01,1,1,10.00,1,24890.00
2026-02-02T01:02:00.000Z,2026-02-02T01:02:00.000Z,BUY,0.01,1,1,10.00,1,24900.00
2026-02-02T01:02:00.000Z,2026-02-02T01:02:00.000Z,BUY,0.01,1,1,10.00,1,24910.00
2026-02-02T01:02:00.000Z,2026-02-02T01:02:00.000Z,BUY,0.01,1,1,10.00,1,24920.00
2026-02-02T01:02:00.000Z,2026-02-02T01:03:00.000Z,BUY,0.01,1,1,10.00,1,24930.00
2026-02-02T01:03:00.000Z,2026-02-02T01:03:00.000Z,BUY,0.01,1,1,10.00,1,24940.00
2026-02-02T01:03:00.000Z,2026-02-02T01:03:00.000Z,BUY,0.01,2,1,10.00,2,24950.00
2026-02-02T01:03:00.000Z,2026-02-02T01:10:00.000Z,BUY,0.01,2,1,10.00,2,24960.00
2026-02-02T01:10:00.000Z,2026-02-02T01:10:00.000Z,BUY,0.01,2,1,10.00,2,24970.00
2026-02-02T01:10:00.000Z,2026-02-02T01:11:00.000Z,BUY,0.01,3,1,10.00,3,24980.00
2026-02-02T01:11:00.000Z,2026-02-02T01:11:00.000Z,BUY,0.01,1,1,10.00,1,24990.00
2026-02-02T01:11:00.000Z,2026-02-02T01:11:00.000Z,BUY,0.01,2,1,10.00,2,25000.00
2026-02-02T01:11:00.000Z,2026-02-02T01:11:00.000Z,BUY,0.01,2,1,10.00,2,25010.00
2026-02-02T01:11:00.000Z,2026-02-02T01:12:00.000Z,BUY,0.01,3,1,10.00,3,25020.00
2026-02-02T01:12:00.000Z,2026-02-02T01:12:00.000Z,BUY,0.01,1,1,10.00,1,25030.00
2026-02-02T01:12:00.000Z,2026-02-02T01:13:00.000Z,BUY,0.01,1,1,10.00,1,25040.00
2026-02-02T01:13:00.000Z,2026-02-02T01:13:00.000Z,BUY,0.01,1,1,10.00,1,25050.00
2026-02-02T01:13:00.000Z,2026-02-02T01:14:00.000Z,BUY,0.01,2,1,10.00,2,25060.00
2026-02-02T01:14:00.000Z,2026-02-02T01:15:00.000Z,BUY,0.01,1,1,10.00,1,25070.00
2026-02-02T01:15:00.000Z,2026-02-02T01:18:00.000Z,BUY,0.01,2,1,10.00,2,25080.00
2026-02-02T01:18:00.000Z,2026-02-02T01:23:00.000Z,BUY,0.01,3,1,10.00,3,25090.00
2026-02-02T01:23:00.000Z,2026-02-02T01:34:00.000Z,BUY,0.01,5,1,10.00,5,25100.00
2026-02-02T01:34:00.000Z,2026-02-02T01:35:00.000Z,BUY,0.01,1,1,10.00,1,25110.00
2026-02-02T01:35:00.000Z,2026-02-02T01:37:00.000Z,BUY,0.01,1,1,10.00,1,25120.00
2026-02-02T01:37:00.000Z,2026-02-02T01:38:00.000Z,BUY,0.01,1,1,10.00,1,25130.00
2026-02-02T01:38:00.000Z,2026-02-02T01:40:00.000Z,BUY,0.01,1,1,10.00,1,25140.00
2026-02-02T01:40:00.000Z,2026-02-02T01:45:00.000Z,BUY,0.01,2,1,10.00,2,25150.00
2026-02-02T01:45:00.000Z,2026-02-02T01:47:00.000Z,BUY,0.01,4,1,10.00,4,25160.00
2026-02-02T01:47:00.000Z,2026-02-02T01:49:00.000Z,BUY,0.01,1,1,10.00,1,25170.00
2026-02-02T01:49:00.000Z,2026-02-02T01:49:00.000Z,BUY,0.01,1,1,10.00,1,25180.00
2026-02-02T01:49:00.000Z,2026-02-02T01:50:00.000Z,BUY,0.01,1,1,10.00,1,25190.00
2026-02-02T01:50:00.000Z,2026-02-02T01:50:00.000Z,BUY,0.01,1,1,10.00,1,25200.00
2026-02-02T01:50:00.000Z,2026-02-02T02:04:00.000Z,BUY,0.01,3,1,10.00,3,25210.00
2026-02-02T02:04:00.000Z,2026-02-02T02:06:00.000Z,BUY,0.01,1,1,10.00,1,25220.00
2026-02-02T02:06:00.000Z,2026-02-02T02:08:00.000Z,BUY,0.01,1,1,10.00,1,25230.00
2026-02-02T02:08:00.000Z,2026-02-02T02:08:00.000Z,BUY,0.01,1,1,10.00,1,25240.00
2026-02-02T02:08:00.000Z,2026-02-02T02:09:00.000Z,BUY,0.01,1,1,10.00,1,25250.00
2026-02-02T02:09:00.000Z,2026-02-02T02:11:00.000Z,BUY,0.01,1,1,10.00,1,25260.00
2026-02-02T02:11:00.000Z,2026-02-02T02:13:00.000Z,BUY,0.01,1,1,10.00,1,25270.00
2026-02-02T02:13:00.000Z,2026-02-02T02:15:00.000Z,BUY,0.01,1,1,10.00,1,25280.00
2026-02-02T02:15:00.000Z,2026-02-02T02:18:00.000Z,BUY,0.01,1,1,10.00,1,25290.00
2026-02-02T02:18:00.000Z,2026-02-02T02:18:00.000Z,BUY,0.01,1,1,10.00,1,25300.00
2026-02-02T02:18:00.000Z,2026-02-02T02:21:00.000Z,BUY,0.01,3,1,10.00,3,25310.00
2026-02-02T02:21:00.000Z,2026-02-02T02:25:00.000Z,BUY,0.01,2,1,10.00,2,25320.00
2026-02-02T02:25:00.000Z,2026-02-02T02:33:00.000Z,BUY,0.01,4,1,10.00,4,25330.00
2026-02-02T02:33:00.000Z,2026-02-02T02:36:00.000Z,BUY,0.01,1,1,10.00,1,25340.00
2026-02-02T02:36:00.000Z,2026-02-02T02:36:00.000Z,BUY,0.01,1,1,10.00,1,25350.00
2026-02-02T02:36:00.000Z,2026-02-02T02:43:00.000Z,BUY,0.01,2,1,10.00,2,25360.00
2026-02-02T02:43:00.000Z,2026-02-02T02:48:00.000Z,BUY,0.01,2,1,10.00,2,25370.00
2026-02-02T02:48:00.000Z,2026-02-02T02:48:00.000Z,BUY,0.01,1,1,10.00,1,25380.00
2026-02-02T02:48:00.000Z,2026-02-02T02:56:00.000Z,BUY,0.01,2,1,10.00,2,25390.00
2026-02-02T02:56:00.000Z,2026-02-02T02:57:00.000Z,BUY,0.01,1,1,10.00,1,25400.00
2026-02-02T02:57:00.000Z,2026-02-02T02:59:00.000Z,BUY,0.01,1,1,10.00,1,25410.00
2026-02-02T02:59:00.000Z,2026-02-02T03:00:00.000Z,BUY,0.01,2,1,10.00,2,25420.00
2026-02-02T03:00:00.000Z,2026-02-02T03:02:00.000Z,BUY,0.01,3,1,10.00,3,25430.00
2026-02-02T03:02:00.000Z,2026-02-02T03:02:00.000Z,BUY,0.01,1,1,10.00,1,25440.00
2026-02-02T03:02:00.000Z,2026-02-02T03:03:00.000Z,BUY,0.01,1,1,10.00,1,25450.00
2026-02-02T03:03:00.000Z,2026-02-02T03:06:00.000Z,BUY,0.01,2,1,10.00,2,25460.00
2026-02-02T03:06:00.000Z,2026-02-02T03:07:00.000Z,BUY,0.01,2,1,10.00,2,25470.00
2026-02-02T03:07:00.000Z,2026-02-02T03:09:00.000Z,BUY,0.01,2,1,10.00,2,25480.00
2026-02-02T03:09:00.000Z,2026-02-02T03:09:00.000Z,BUY,0.01,2,1,10.00,2,25490.00
2026-02-02T03:09:00.000Z,2026-02-02T03:10:00.000Z,BUY,0.01,2,1,10.00,2,25500.00
2026-02-02T03:10:00.000Z,2026-02-02T03:10:00.000Z,BUY,0.01,2,1,10.00,2,25510.00
2026-02-02T03:10:00.000Z,2026-02-02T03:11:00.000Z,BUY,0.01,1,1,10.00,1,25520.00
2026-02-02T03:11:00.000Z,2026-02-02T03:11:00.000Z,BUY,0.01,1,1,10.00,1,25530.00
2026-02-02T03:11:00.000Z,2026-02-02T03:12:00.000Z,BUY,0.01,2,1,10.00,2,25540.00
2026-02-02T03:12:00.000Z,2026-02-02T03:13:00.000Z,BUY,0.01,1,1,10.00,1,25550.00
2026-02-02T03:13:00.000Z,2026-02-02T03:13:00.000Z,BUY,0.01,1,1,10.00,1,25560.00
2026-02-02T03:13:00.000Z,2026-02-02T03:13:00.000Z,BUY,0.01,1,1,10.00,1,25570.00
2026-02-02T03:13:00.000Z,2026-02-02T03:13:00.000Z,BUY,0.01,1,1,10.00,1,25580.00
2026-02-02T03:13:00.000Z,2026-02-02T03:13:00.000Z,BUY,0.01,1,1,10.00,1,25590.00
2026-02-02T03:13:00.000Z,2026-02-02T03:15:00.000Z,BUY,0.01,3,1,10.00,3,25600.00
2026-02-02T03:15:00.000Z,2026-02-02T03:15:00.000Z,BUY,0.01,1,1,10.00,1,25610.00
2026-02-02T03:15:00.000Z,2026-02-02T03:16:00.000Z,BUY,0.01,1,1,10.00,1,25620.00
2026-02-02T03:16:00.000Z,2026-02-02T03:16:00.000Z,BUY,0.01,1,1,10.00,1,25630.00
2026-02-02T03:16:00.000Z,2026-02-02T03:17:00.000Z,BUY,0.01,1,1,10.00,1,25640.00
2026-02-02T03:17:00.000Z,2026-02-02T03:20:00.000Z,BUY,0.01,3,1,10.00,3,25650.00
2026-02-02T03:20:00.000Z,2026-02-02T03:23:00.000Z,BUY,0.01,2,1,10.00,2,25660.00
2026-02-02T03:23:00.000Z,2026-02-02T03:26:00.000Z,BUY,0.01,3,1,10.00,3,25670.00
2026-02-02T03:26:00.000Z,2026-02-02T03:28:00.000Z,BUY,0.01,1,1,10.00,1,25680.00
2026-02-02T03:28:00.000Z,2026-02-02T03:28:00.000Z,BUY,0.01,1,1,10.00,1,25690.00
2026-02-02T03:28:00.000Z,2026-02-02T03:30:00.000Z,BUY,0.01,2,1,10.00,2,25700.00
2026-02-02T03:30:00.000Z,2026-02-02T03:31:00.000Z,BUY,0.01,1,1,10.00,1,25710.00
2026-02-02T03:31:00.000Z,2026-02-02T03:33:00.000Z,BUY,0.01,1,1,10.00,1,25720.00
2026-02-02T03:33:00.000Z,2026-02-02T03:33:00.000Z,BUY,0.01,1,1,10.00,1,25730.00
2026-02-02T03:33:00.000Z,2026-02-02T03:35:00.000Z,BUY,0.01,1,1,10.00,1,25740.00
2026-02-02T03:35:00.000Z,2026-02-02T03:36:00.000Z,BUY,0.01,1,1,10.00,1,25750.00
2026-02-02T03:36:00.000Z,2026-02-02T03:36:00.000Z,BUY,0.01,1,1,10.00,1,25760.00
2026-02-02T03:36:00.000Z,2026-02-02T03:40:00.000Z,BUY,0.01,2,1,10.00,2,25770.00
2026-02-02T03:40:00.000Z,2026-02-02T03:40:00.000Z,BUY,0.01,1,1,10.00,1,25780.00
2026-02-02T03:40:00.000Z,2026-02-02T03:47:00.000Z,BUY,0.01,3,1,10.00,3,25790.00
2026-02-02T03:47:00.000Z,2026-02-02T03:51:00.000Z,BUY,0.01,1,1,10.00,1,25800.00
2026-02-02T03:51:00.000Z,2026-02-02T03:51:00.000Z,BUY,0.01,1,1,10.00,1,25810.00
2026-02-02T03:51:00.000Z,2026-02-02T04:03:00.000Z,BUY,0.01,4,1,10.00,4,25820.00
2026-02-02T04:03:00.000Z,2026-02-02T04:04:00.000Z,BUY,0.01,1,1,10.00,1,25830.00
2026-02-02T04:04:00.000Z,2026-02-02T04:10:00.000Z,BUY,0.01,2,1,10.00,2,25840.00
2026-02-02T04:10:00.000Z,2026-02-02T04:11:00.000Z,BUY,0.01,1,1,10.00,1,25850.00
2026-02-02T04:11:00.000Z,2026-02-02T04:13:00.000Z,BUY,0.01,1,1,10.00,1,25860.00
2026-02-02T04:13:00.000Z,2026-02-02T04:13:00.000Z,BUY,0.01,1,1,10.00,1,25870.00
2026-02-02T04:13:00.000Z,2026-02-02T04:14:00.000Z,BUY,0.01,1,1,10.00,1,25880.00
2026-02-02T04:14:00.000Z,2026-02-02T04:32:00.000Z,BUY,0.01,3,1,10.00,3,25890.00
2026-02-02T04:32:00.000Z,2026-02-02T04:32:00.000Z,BUY,0.01,1,1,10.00,1,25900.00
2026-02-02T04:32:00.000Z,2026-02-02T04:33:00.000Z,BUY,0.01,1,1,10.00,1,25910.00
2026-02-02T04:33:00.000Z,2026-02-02T04:48:00.000Z,BUY,0.01,4,1,10.00,4,25920.00
2026-02-02T04:48:00.000Z,2026-02-02T04:57:00.000Z,BUY,0.01,2,1,10.00,2,25930.00
2026-02-02T04:57:00.000Z,2026-02-02T05:00:00.000Z,BUY,0.01,1,1,10.00,1,25940.00
2026-02-02T05:00:00.000Z,2026-02-02T05:14:00.000Z,BUY,0.01,2,1,10.00,2,25950.00
2026-02-02T05:14:00.000Z,2026-02-02T05:18:00.000Z,BUY,0.01,3,1,10.00,3,25960.00
2026-02-02T05:18:00.000Z,2026-02-02T05:19:00.000Z,BUY,0.01,1,1,10.00,1,25970.00
2026-02-02T05:19:00.000Z,2026-02-02T05:21:00.000Z,BUY,0.01,1,1,10.00,1,25980.00
2026-02-02T05:21:00.000Z,2026-02-02T05:31:00.000Z,BUY,0.01,2,1,10.00,2,25990.00
2026-02-02T05:31:00.000Z,2026-02-02T05:35:00.000Z,BUY,0.01,2,1,10.00,2,26000.00
2026-02-02T05:35:00.000Z,2026-02-02T05:37:00.000Z,BUY,0.01,1,1,10.00,1,26010.00
2026-02-02T05:37:00.000Z,2026-02-02T05:40:00.000Z,BUY,0.01,2,1,10.00,2,26020.00
2026-02-02T05:40:00.000Z,2026-02-02T05:41:00.000Z,BUY,0.01,1,1,10.00,1,26030.00
2026-02-02T05:41:00.000Z,2026-02-02T05:43:00.000Z,BUY,0.01,1,1,10.00,1,26040.00
2026-02-02T05:43:00.000Z,2026-02-02T05:44:00.000Z,BUY,0.01,1,1,10.00,1,26050.00
2026-02-02T05:44:00.000Z,2026-02-02T05:48:00.000Z,BUY,0.01,1,1,10.00,1,26060.00
2026-02-02T05:48:00.000Z,2026-02-02T05:49:00.000Z,BUY,0.01,1,1,10.00,1,26070.00
2026-02-02T05:49:00.000Z,2026-02-02T05:54:00.000Z,BUY,0.01,2,1,10.00,2,26080.00
2026-02-02T05:54:00.000Z,2026-02-02T06:01:00.000Z,BUY,0.01,2,1,10.00,2,26090.00
2026-02-02T06:01:00.000Z,2026-02-02T06:08:00.000Z,BUY,0.01,3,1,10.00,3,26100.00
2026-02-02T06:08:00.000Z,2026-02-02T06:09:00.000Z,BUY,0.01,1,1,10.00,1,26110.00
2026-02-02T06:09:00.000Z,2026-02-02T06:15:00.000Z,BUY,0.01,3,1,10.00,3,26120.00
2026-02-02T06:15:00.000Z,2026-02-02T06:16:00.000Z,BUY,0.01,1,1,10.00,1,26130.00
2026-02-02T06:16:00.000Z,2026-02-02T06:19:00.000Z,BUY,0.01,1,1,10.00,1,26140.00
2026-02-02T06:19:00.000Z,2026-02-02T06:19:00.000Z,BUY,0.01,1,1,10.00,1,26150.00
2026-02-02T06:19:00.000Z,2026-02-02T06:20:00.000Z,BUY,0.01,1,1,10.00,1,26160.00
2026-02-02T06:20:00.000Z,2026-02-02T06:26:00.000Z,BUY,0.01,2,1,10.00,2,26170.00
2026-02-02T06:26:00.000Z,2026-02-02T06:27:00.000Z,BUY,0.01,1,1,10.00,1,26180.00
2026-02-02T06:27:00.000Z,2026-02-02T06:31:00.000Z,BUY,0.01,1,1,10.00,1,26190.00
2026-02-02T06:31:00.000Z,2026-02-02T06:40:00.000Z,BUY,0.01,2,1,10.00,2,26200.00
2026-02-02T06:40:00.000Z,2026-02-02T06:41:00.000Z,BUY,0.01,1,1,10.00,1,26210.00
2026-02-02T06:41:00.000Z,2026-02-02T06:44:00.000Z,BUY,0.01,1,1,10.00,1,26220.00
2026-02-02T06:44:00.000Z,2026-02-02T06:45:00.000Z,BUY,0.01,1,1,10.00,1,26230.00
2026-02-02T06:45:00.000Z,2026-02-02T06:46:00.000Z,BUY,0.01,1,1,10.00,1,26240.00
2026-02-02T06:46:00.000Z,2026-02-02T06:50:00.000Z,BUY,0.01,2,1,10.00,2,26250.00
2026-02-02T06:50:00.000Z,2026-02-02T06:50:00.000Z,BUY,0.01,1,1,10.00,1,26260.00
2026-02-02T06:50:00.000Z,2026-02-02T07:12:00.000Z,BUY,0.01,2,1,10.00,2,26270.00
2026-02-02T07:12:00.000Z,2026-02-02T07:15:00.000Z,BUY,0.01,1,1,10.00,1,26280.00
2026-02-02T07:15:00.000Z,2026-02-02T07:30:00.000Z,BUY,0.01,2,1,10.00,2,26290.00
2026-02-02T07:30:00.000Z,2026-02-02T07:37:00.000Z,BUY,0.01,2,1,10.00,2,26300.00
2026-02-02T07:37:00.000Z,2026-02-02T07:38:00.000Z,BUY,0.01,1,1,10.00,1,26310.00
2026-02-02T07:38:00.000Z,2026-02-02T07:44:00.000Z,BUY,0.01,2,1,10.00,2,26320.00
2026-02-02T07:44:00.000Z,2026-02-02T07:47:00.000Z,BUY,0.01,2,1,10.00,2,26330.00
2026-02-02T07:47:00.000Z,2026-02-02T07:49:00.000Z,BUY,0.01,2,1,10.00,2,26340.00
2026-02-02T07:49:00.000Z,2026-02-02T07:49:00.000Z,BUY,0.01,1,1,10.00,1,26350.00
2026-02-02T07:49:00.000Z,2026-02-02T07:49:00.000Z,BUY,0.01,1,1,10.00,1,26360.00
2026-02-02T07:49:00.000Z,2026-02-02T07:50:00.000Z,BUY,0.01,1,1,10.00,1,26370.00
2026-02-02T07:50:00.000Z,2026-02-02T07:50:00.000Z,BUY,0.01,1,1,10.00,1,26380.00
2026-02-02T07:50:00.000Z,2026-02-02T07:50:00.000Z,BUY,0.01,2,1,10.00,2,26390.00
2026-02-02T07:50:00.000Z,2026-02-02T07:50:00.000Z,BUY,0.01,1,1,10.00,1,26400.00
2026-02-02T07:50:00.000Z,2026-02-02T07:51:00.000Z,BUY,0.01,1,1,10.00,1,26410.00
2026-02-02T07:51:00.000Z,2026-02-02T07:51:00.000Z,BUY,0.01,2,1,10.00,2,26420.00
2026-02-02T07:51:00.000Z,2026-02-02T07:53:00.000Z,BUY,0.01,2,1,10.00,2,26430.00
2026-02-02T07:53:00.000Z,2026-02-02T07:53:00.000Z,BUY,0.01,1,1,10.00,1,26440.00
2026-02-02T07:53:00.000Z,2026-02-02T07:53:00.000Z,BUY,0.01,1,1,10.00,1,26450.00
2026-02-02T07:53:00.000Z,2026-02-02T07:54:00.000Z,BUY,0.01,1,1,10.00,1,26460.00
2026-02-02T07:54:00.000Z,2026-02-02T07:55:00.000Z,BUY,0.01,1,1,10.00,1,26470.00
2026-02-02T07:55:00.000Z,2026-02-02T07:58:00.000Z,BUY,0.01,1,1,10.00,1,26480.00
2026-02-02T07:58:00.000Z,2026-02-02T07:58:00.000Z,BUY,0.01,1,1,10.00,1,26490.00
2026-02-02T07:58:00.000Z,2026-02-02T08:00:00.000Z,BUY,0.01,1,1,10.00,1,26500.00
2026-02-02T08:00:00.000Z,2026-02-02T08:06:00.000Z,BUY,0.01,2,1,10.00,2,26510.00
2026-02-02T08:06:00.000Z,2026-02-02T08:09:00.000Z,BUY,0.01,1,1,10.00,1,26520.00
2026-02-02T08:09:00.000Z,2026-02-02T08:09:00.000Z,BUY,0.01,1,1,10.00,1,26530.00
2026-02-02T08:09:00.000Z,2026-02-02T08:17:00.000Z,BUY,0.01,2,1,10.00,2,26540.00
2026-02-02T08:17:00.000Z,2026-02-02T08:21:00.000Z,BUY,0.01,2,1,10.00,2,26550.00
2026-02-02T08:21:00.000Z,2026-02-02T08:23:00.000Z,BUY,0.01,2,1,10.00,2,26560.00
2026-02-02T08:23:00.000Z,2026-02-02T08:23:00.000Z,BUY,0.01,1,1,10.00,1,26570.00
2026-02-02T08:23:00.000Z,2026-02-02T08:24:00.000Z,BUY,0.01,2,1,10.00,2,26580.00
2026-02-02T08:24:00.000Z,2026-02-02T08:25:00.000Z,BUY,0.01,1,1,10.00,1,26590.00
2026-02-02T08:25:00.000Z,2026-02-02T08:25:00.000Z,BUY,0.01,1,1,10.00,1,26600.00
2026-02-02T08:25:00.000Z,2026-02-02T08:27:00.000Z,BUY,0.01,2,1,10.00,2,26610.00
2026-02-02T08:27:00.000Z,2026-02-02T08:27:00.000Z,BUY,0.01,1,1,10.00,1,26620.00
2026-02-02T08:27:00.000Z,2026-02-02T08:28:00.000Z,BUY,0.01,1,1,10.00,1,26630.00
2026-02-02T08:28:00.000Z,2026-02-02T08:28:00.000Z,BUY,0.01,1,1,10.00,1,26640.00
2026-02-02T08:28:00.000Z,2026-02-02T08:29:00.000Z,BUY,0.01,1,1,10.00,1,26650.00
2026-02-02T08:29:00.000Z,2026-02-02T08:29:00.000Z,BUY,0.01,1,1,10.00,1,26660.00
2026-02-02T08:29:00.000Z,2026-02-02T08:36:00.000Z,BUY,0.01,2,1,10.00,2,26670.00
2026-02-02T08:36:00.000Z,2026-02-02T08:37:00.000Z,BUY,0.01,2,1,10.00,2,26680.00
2026-02-02T08:37:00.000Z,2026-02-02T08:38:00.000Z,BUY,0.01,2,1,10.00,2,26690.00
2026-02-02T08:38:00.000Z,2026-02-02T08:39:00.000Z,BUY,0.01,1,1,10.00,1,26700.00
2026-02-02T08:39:00.000Z,2026-02-02T08:39:00.000Z,BUY,0.01,1,1,10.00,1,26710.00
2026-02-02T08:39:00.000Z,2026-02-02T08:42:00.000Z,BUY,0.01,1,1,10.00,1,26720.00
2026-02-02T08:42:00.000Z,2026-02-02T08:42:00.000Z,BUY,0.01,1,1,10.00,1,26730.00
2026-02-02T08:42:00.000Z,2026-02-02T08:44:00.000Z,BUY,0.01,1,1,10.00,1,26740.00
2026-02-02T08:44:00.000Z,2026-02-02T08:50:00.000Z,BUY,0.01,3,1,10.00,3,26750.00
2026-02-02T08:50:00.000Z,2026-02-02T08:52:00.000Z,BUY,0.01,1,1,10.00,1,26760.00
2026-02-02T08:52:00.000Z,2026-02-02T08:54:00.000Z,BUY,0.01,1,1,10.00,1,26770.00
2026-02-02T08:54:00.000Z,2026-02-02T08:55:00.000Z,BUY,0.01,1,1,10.00,1,26780.00
2026-02-02T08:55:00.000Z,2026-02-02T08:56:00.000Z,BUY,0.01,1,1,10.00,1,26790.00
2026-02-02T08:56:00.000Z,2026-02-02T08:57:00.000Z,BUY,0.01,1,1,10.00,1,26800.00
2026-02-02T08:57:00.000Z,2026-02-02T09:02:00.000Z,BUY,0.01,3,1,10.00,3,26810.00
2026-02-02T09:02:00.000Z,2026-02-02T09:03:00.000Z,BUY,0.01,1,1,10.00,1,26820.00
2026-02-02T09:03:00.000Z,2026-02-02T09:07:00.000Z,BUY,0.01,1,1,10.00,1,26830.00
2026-02-02T09:07:00.000Z,2026-02-02T09:15:00.000Z,BUY,0.01,1,1,10.00,1,26840.00
2026-02-02T09:15:00.000Z,2026-02-02T09:17:00.000Z,BUY,0.01,2,1,10.00,2,26850.00
2026-02-02T09:17:00.000Z,2026-02-02T09:17:00.000Z,BUY,0.01,1,1,10.00,1,26860.00
2026-02-02T09:17:00.000Z,2026-02-02T09:21:00.000Z,BUY,0.01,1,1,10.00,1,26870.00
2026-02-02T09:21:00.000Z,2026-02-02T09:24:00.000Z,BUY,0.01,1,1,10.00,1,26880.00
2026-02-02T09:24:00.000Z,2026-02-02T09:25:00.000Z,BUY,0.01,1,1,10.00,1,26890.00
2026-02-02T09:25:00.000Z,2026-02-02T09:32:00.000Z,BUY,0.01,2,1,10.00,2,26900.00
2026-02-02T09:32:00.000Z,2026-02-02T09:37:00.000Z,BUY,0.01,1,1,10.00,1,26910.00
2026-02-02T09:37:00.000Z,2026-02-02T09:37:00.000Z,BUY,0.01,1,1,10.00,1,26920.00
2026-02-02T09:37:00.000Z,2026-02-02T09:39:00.000Z,BUY,0.01,1,1,10.00,1,26930.00
2026-02-02T09:39:00.000Z,2026-02-02T09:40:00.000Z,BUY,0.01,1,1,10.00,1,26940.00
2026-02-02T09:40:00.000Z,2026-02-02T09:41:00.000Z,BUY,0.01,1,1,10.00,1,26950.00
2026-02-02T09:41:00.000Z,2026-02-02T09:46:00.000Z,BUY,0.01,3,1,10.00,3,26960.00
2026-02-02T09:46:00.000Z,2026-02-02T09:49:00.000Z,BUY,0.01,1,1,10.00,1,26970.00
2026-02-02T09:49:00.000Z,2026-02-02T10:00:00.000Z,BUY,0.01,4,1,10.00,4,26980.00
2026-02-02T10:00:00.000Z,2026-02-02T10:07:00.000Z,BUY,0.01,1,1,10.00,1,26990.00
2026-02-02T10:07:00.000Z,2026-02-02T10:08:00.000Z,BUY,0.01,1,1,10.00,1,27000.00
2026-02-02T10:08:00.000Z,2026-02-02T10:09:00.000Z,BUY,0.01,1,1,10.00,1,27010.00
2026-02-02T10:09:00.000Z,2026-02-02T10:09:00.000Z,BUY,0.01,1,1,10.00,1,27020.00
2026-02-02T10:09:00.000Z,2026-02-02T10:19:00.000Z,BUY,0.01,1,1,10.00,1,27030.00
2026-02-02T10:19:00.000Z,2026-02-02T10:20:00.000Z,BUY,0.01,1,1,10.00,1,27040.00
2026-02-02T10:20:00.000Z,2026-02-02T10:38:00.000Z,BUY,0.01,4,1,10.00,4,27050.00
2026-02-02T10:38:00.000Z,2026-02-02T10:39:00.000Z,BUY,0.01,1,1,10.00,1,27060.00
2026-02-02T10:39:00.000Z,2026-02-02T10:39:00.000Z,BUY,0.01,1,1,10.00,1,27070.00
2026-02-02T10:39:00.000Z,2026-02-02T10:42:00.000Z,BUY,0.01,1,1,10.00,1,27080.00
2026-02-02T10:42:00.000Z,2026-02-02T11:03:00.000Z,BUY,0.01,2,1,10.00,2,27090.00
2026-02-02T11:03:00.000Z,2026-02-02T11:04:00.000Z,BUY,0.01,1,1,10.00,1,27100.00
2026-02-02T11:04:00.000Z,2026-02-02T11:05:00.000Z,BUY,0.01,1,1,10.00,1,27110.00
2026-02-02T11:05:00.000Z,2026-02-02T11:11:00.000Z,BUY,0.01,1,1,10.00,1,27120.00
2026-02-02T11:11:00.000Z,2026-02-02T11:12:00.000Z,BUY,0.01,1,1,10.00,1,27130.00
2026-02-02T11:12:00.000Z,2026-02-02T11:25:00.000Z,BUY,0.01,3,1,10.00,3,27140.00
2026-02-02T11:25:00.000Z,2026-02-02T11:26:00.000Z,BUY,0.01,1,1,10.00,1,27150.00
2026-02-02T11:26:00.000Z,2026-02-02T11:27:00.000Z,BUY,0.01,1,1,10.00,1,27160.00
2026-02-02T11:27:00.000Z,2026-02-02T11:28:00.000Z,BUY,0.01,1,1,10.00,1,27170.00
2026-02-02T11:28:00.000Z,2026-02-02T11:31:00.000Z,BUY,0.01,1,1,10.00,1,27180.00
2026-02-02T11:31:00.000Z,2026-02-02T11:41:00.000Z,BUY,0.01,3,1,10.00,3,27190.00
2026-02-02T11:41:00.000Z,2026-02-02T11:55:00.000Z,BUY,0.01,3,1,10.00,3,27200.00
2026-02-02T11:55:00.000Z,2026-02-02T12:02:00.000Z,BUY,0.01,1,1,10.00,1,27210.00
2026-02-02T12:02:00.000Z,2026-02-02T12:08:00.000Z,BUY,0.01,2,1,10.00,2,27220.00
2026-02-02T12:08:00.000Z,2026-02-02T12:08:00.000Z,BUY,0.01,1,1,10.00,1,27230.00
2026-02-02T12:08:00.000Z,2026-02-02T12:12:00.000Z,BUY,0.01,1,1,10.00,1,27240.00
2026-02-02T12:12:00.000Z,2026-02-02T12:21:00.000Z,BUY,0.01,2,1,10.00,2,27250.00
2026-02-02T12:21:00.000Z,2026-02-02T12:37:00.000Z,BUY,0.01,2,1,10.00,2,27260.00
2026-02-02T12:37:00.000Z,2026-02-02T12:38:00.000Z,BUY,0.01,1,1,10.00,1,27270.00
2026-02-02T12:38:00.000Z,2026-02-02T12:39:00.000Z,BUY,0.01,1,1,10.00,1,27280.00
2026-02-02T12:39:00.000Z,2026-02-02T12:40:00.000Z,BUY,0.01,1,1,10.00,1,27290.00
2026-02-02T12:40:00.000Z,2026-02-02T12:45:00.000Z,BUY,0.01,2,1,10.00,2,27300.00
2026-02-02T12:45:00.000Z,2026-02-02T12:48:00.000Z,BUY,0.01,1,1,10.00,1,27310.00
2026-02-02T12:48:00.000Z,2026-02-02T12:51:00.000Z,BUY,0.01,1,1,10.00,1,27320.00
2026-02-02T12:51:00.000Z,2026-02-02T12:52:00.000Z,BUY,0.01,1,1,10.00,1,27330.00
2026-02-02T12:52:00.000Z,2026-02-02T12:55:00.000Z,BUY,0.01,1,1,10.00,1,27340.00
2026-02-02T12:55:00.000Z,2026-02-02T13:00:00.000Z,BUY,0.01,1,1,10.00,1,27350.00
2026-02-02T13:00:00.000Z,2026-02-02T13:12:00.000Z,BUY,0.01,1,1,10.00,1,27360.00
2026-02-02T13:12:00.000Z,2026-02-02T13:13:00.000Z,BUY,0.01,1,1,10.00,1,27370.00
2026-02-02T13:13:00.000Z,2026-02-02T13:14:00.000Z,BUY,0.01,1,1,10.00,1,27380.00
2026-02-02T13:14:00.000Z,2026-02-02T13:23:00.000Z,BUY,0.01,1,1,10.00,1,27390.00
2026-02-02T13:23:00.000Z,2026-02-02T13:36:00.000Z,BUY,0.01,1,1,10.00,1,27400.00
2026-02-02T13:36:00.000Z,2026-02-02T13:40:00.000Z,BUY,0.01,1,1,10.00,1,27410.00
2026-02-02T13:40:00.000Z,2026-02-02T14:07:00.000Z,BUY,0.01,2,1,10.00,2,27420.00
2026-02-02T14:07:00.000Z,2026-02-02T14:09:00.000Z,BUY,0.01,1,1,10.00,1,27430.00
2026-02-02T14:09:00.000Z,2026-02-02T14:10:00.000Z,BUY,0.01,1,1,10.00,1,27440.00
2026-02-02T14:10:00.000Z,2026-02-02T14:23:00.000Z,BUY,0.01,1,1,10.00,1,27450.00
2026-02-02T14:23:00.000Z,2026-02-02T14:23:00.000Z,BUY,0.01,1,1,10.00,1,27460.00
2026-02-02T14:23:00.000Z,2026-02-02T14:45:00.000Z,BUY,0.01,1,1,10.00,1,27470.00
2026-02-02T14:45:00.000Z,2026-02-02T14:46:00.000Z,BUY,0.01,1,1,10.00,1,27480.00
2026-02-02T14:46:00.000Z,2026-02-02T14:51:00.000Z,BUY,0.01,2,1,10.00,2,27490.00
2026-02-02T14:51:00.000Z,2026-02-02T14:51:00.000Z,BUY,0.01,1,1,10.00,1,27500.00
2026-02-02T14:51:00.000Z,2026-02-02T15:00:00.000Z,BUY,0.01,2,1,10.00,2,27510.00
2026-02-02T15:00:00.000Z,2026-02-02T15:02:00.000Z,BUY,0.01,2,1,10.00,2,27520.00
2026-02-02T15:02:00.000Z,2026-02-02T15:03:00.000Z,BUY,0.01,1,1,10.00,1,27530.00
2026-02-02T15:03:00.000Z,2026-02-02T15:04:00.000Z,BUY,0.01,1,1,10.00,1,27540.00
2026-02-02T15:04:00.000Z,2026-02-02T15:07:00.000Z,BUY,0.01,1,1,10.00,1,27550.00
2026-02-02T15:07:00.000Z,2026-02-02T15:07:00.000Z,BUY,0.01,1,1,10.00,1,27560.00
2026-02-02T15:07:00.000Z,2026-02-02T15:08:00.000Z,BUY,0.01,1,1,10.00,1,27570.00
2026-02-02T15:08:00.000Z,2026-02-02T15:10:00.000Z,BUY,0.01,1,1,10.00,1,27580.00
2026-02-02T15:10:00.000Z,2026-02-02T15:11:00.000Z,BUY,0.01,1,1,10.00,1,27590.00
2026-02-02T15:11:00.000Z,2026-02-02T15:16:00.000Z,BUY,0.01,2,1,10.00,2,27600.00
2026-02-02T15:16:00.000Z,2026-02-02T15:20:00.000Z,BUY,0.01,2,1,10.00,2,27610.00
2026-02-02T15:20:00.000Z,2026-02-02T15:22:00.000Z,BUY,0.01,1,1,10.00,1,27620.00
2026-02-02T15:22:00.000Z,2026-02-02T15:31:00.000Z,BUY,0.01,2,1,10.00,2,27630.00
2026-02-02T15:31:00.000Z,2026-02-02T15:37:00.000Z,BUY,0.01,2,1,10.00,2,27640.00
2026-02-02T15:37:00.000Z,2026-02-02T15:45:00.000Z,BUY,0.01,3,1,10.00,3,27650.00
2026-02-02T15:45:00.000Z,2026-02-02T15:53:00.000Z,BUY,0.01,1,1,10.00,1,27660.00
2026-02-02T15:53:00.000Z,2026-02-02T15:53:00.000Z,BUY,0.01,1,1,10.00,1,27670.00
2026-02-02T15:53:00.000Z,2026-02-02T16:13:00.000Z,BUY,0.01,5,1,10.00,5,27680.00
2026-02-02T16:13:00.000Z,2026-02-02T16:19:00.000Z,BUY,0.01,2,1,10.00,2,27690.00
2026-02-02T16:19:00.000Z,2026-02-02T16:27:00.000Z,BUY,0.01,3,1,10.00,3,27700.00
2026-02-02T16:27:00.000Z,2026-02-02T16:28:00.000Z,BUY,0.01,1,1,10.00,1,27710.00
2026-02-02T16:28:00.000Z,2026-02-02T16:33:00.000Z,BUY,0.01,1,1,10.00,1,27720.00
2026-02-02T16:33:00.000Z,2026-02-02T16:33:00.000Z,BUY,0.01,1,1,10.00,1,27730.00
2026-02-02T16:33:00.000Z,2026-02-02T16:34:00.000Z,BUY,0.01,1,1,10.00,1,27740.00
2026-02-02T16:34:00.000Z,2026-02-02T16:35:00.000Z,BUY,0.01,1,1,10.00,1,27750.00
2026-02-02T16:35:00.000Z,2026-02-02T16:37:00.000Z,BUY,0.01,1,1,10.00,1,27760.00
2026-02-02T16:37:00.000Z,2026-02-02T16:38:00.000Z,BUY,0.01,1,1,10.00,1,27770.00
2026-02-02T16:38:00.000Z,2026-02-02T16:44:00.000Z,BUY,0.01,2,1,10.00,2,27780.00
2026-02-02T16:44:00.000Z,2026-02-02T16:54:00.000Z,BUY,0.01,2,1,10.00,2,27790.00
2026-02-02T16:54:00.000Z,2026-02-02T17:01:00.000Z,BUY,0.01,4,1,10.00,4,27800.00
2026-02-02T17:01:00.000Z,2026-02-02T17:02:00.000Z,BUY,0.01,1,1,10.00,1,27810.00
2026-02-02T17:02:00.000Z,2026-02-02T17:02:00.000Z,BUY,0.01,1,1,10.00,1,27820.00
2026-02-02T17:02:00.000Z,2026-02-02T17:03:00.000Z,BUY,0.01,1,1,10.00,1,27830.00
2026-02-02T17:03:00.000Z,2026-02-02T17:05:00.000Z,BUY,0.01,1,1,10.00,1,27840.00
2026-02-02T17:05:00.000Z,2026-02-02T17:06:00.000Z,BUY,0.01,1,1,10.00,1,27850.00
2026-02-02T17:06:00.000Z,2026-02-02T17:08:00.000Z,BUY,0.01,2,1,10.00,2,27860.00
2026-02-02T17:08:00.000Z,2026-02-02T17:09:00.000Z,BUY,0.01,1,1,10.00,1,27870.00
2026-02-02T17:09:00.000Z,2026-02-02T17:13:00.000Z,BUY,0.01,2,1,10.00,2,27880.00
2026-02-02T17:13:00.000Z,2026-02-02T17:14:00.000Z,BUY,0.01,1,1,10.00,1,27890.00
2026-02-02T17:14:00.000Z,2026-02-02T17:15:00.000Z,BUY,0.01,1,1,10.00,1,27900.00
2026-02-02T17:15:00.000Z,2026-02-02T17:17:00.000Z,BUY,0.01,1,1,10.00,1,27910.00
2026-02-02T17:17:00.000Z,2026-02-02T17:22:00.000Z,BUY,0.01,2,1,10.00,2,27920.00
2026-02-02T17:22:00.000Z,2026-02-02T17:25:00.000Z,BUY,0.01,1,1,10.00,1,27930.00
2026-02-02T17:25:00.000Z,2026-02-02T17:28:00.000Z,BUY,0.01,2,1,10.00,2,27940.00
2026-02-02T17:28:00.000Z,2026-02-02T17:35:00.000Z,BUY,0.01,3,1,10.00,3,27950.00
2026-02-02T17:35:00.000Z,2026-02-02T17:39:00.000Z,BUY,0.01,1,1,10.00,1,27960.00
2026-02-02T17:39:00.000Z,2026-02-02T17:45:00.000Z,BUY,0.01,2,1,10.00,2,27970.00
2026-02-02T17:45:00.000Z,2026-02-02T17:53:00.000Z,BUY,0.01,2,1,10.00,2,27980.00
2026-02-02T17:53:00.000Z,2026-02-02T18:01:00.000Z,BUY,0.01,2,1,10.00,2,27990.00
2026-02-02T18:01:00.000Z,2026-02-02T18:02:00.000Z,BUY,0.01,1,1,10.00,1,28000.00
2026-02-02T18:02:00.000Z,2026-02-02T18:03:00.000Z,BUY,0.01,1,1,10.00,1,28010.00
2026-02-02T18:03:00.000Z,2026-02-02T18:04:00.000Z,BUY,0.01,1,1,10.00,1,28020.00
2026-02-02T18:04:00.000Z,2026-02-02T18:05:00.000Z,BUY,0.01,1,1,10.00,1,28030.00
2026-02-02T18:05:00.000Z,2026-02-02T18:06:00.000Z,BUY,0.01,1,1,10.00,1,28040.00
2026-02-02T18:06:00.000Z,2026-02-02T18:07:00.000Z,BUY,0.01,1,1,10.00,1,28050.00
2026-02-02T18:07:00.000Z,2026-02-02T18:09:00.000Z,BUY,0.01,1,1,10.00,1,28060.00
2026-02-02T18:09:00.000Z,2026-02-02T18:11:00.000Z,BUY,0.01,1,1,10.00,1,28070.00
2026-02-02T18:11:00.000Z,2026-02-02T18:14:00.000Z,BUY,0.01,1,1,10.00,1,28080.00
2026-02-02T18:14:00.000Z,2026-02-02T18:28:00.000Z,BUY,0.01,4,1,10.00,4,28090.00
2026-02-02T18:28:00.000Z,2026-02-02T18:30:00.000Z,BUY,0.01,1,1,10.00,1,28100.00
2026-02-02T18:30:00.000Z,2026-02-02T18:33:00.000Z,BUY,0.01,2,1,10.00,2,28110.00
2026-02-02T18:33:00.000Z,2026-02-02T18:33:00.000Z,BUY,0.01,1,1,10.00,1,28120.00
2026-02-02T18:33:00.000Z,2026-02-02T18:38:00.000Z,BUY,0.01,1,1,10.00,1,28130.00
2026-02-02T18:38:00.000Z,2026-02-02T18:40:00.000Z,BUY,0.01,1,1,10.00,1,28140.00
2026-02-02T18:40:00.000Z,2026-02-02T18:51:00.000Z,BUY,0.01,2,1,10.00,2,28150.00
2026-02-02T18:51:00.000Z,2026-02-02T18:52:00.000Z,BUY,0.01,1,1,10.00,1,28160.00
2026-02-02T18:52:00.000Z,2026-02-02T18:55:00.000Z,BUY,0.01,1,1,10.00,1,28170.00
2026-02-02T18:55:00.000Z,2026-02-02T19:01:00.000Z,BUY,0.01,1,1,10.00,1,28180.00
2026-02-02T19:01:00.000Z,2026-02-02T19:06:00.000Z,BUY,0.01,1,1,10.00,1,28190.00
2026-02-02T19:06:00.000Z,2026-02-02T19:07:00.000Z,BUY,0.01,1,1,10.00,1,28200.00
2026-02-02T19:07:00.000Z,2026-02-02T19:09:00.000Z,BUY,0.01,1,1,10.00,1,28210.00
2026-02-02T19:09:00.000Z,2026-02-02T19:18:00.000Z,BUY,0.01,2,1,10.00,2,28220.00
2026-02-02T19:18:00.000Z,2026-02-02T20:00:00.000Z,BUY,0.01,5,0,-2420.00,5,25800.00
2026-02-02T20:00:00.000Z,2026-02-02T20:16:00.000Z,BUY,0.01,2,1,10.00,2,25810.00
2026-02-02T20:16:00.000Z,2026-02-02T20:22:00.000Z,BUY,0.01,1,1,10.00,1,25820.00
2026-02-02T20:22:00.000Z,2026-02-02T20:31:00.000Z,BUY,0.01,1,1,10.00,1,25830.00
2026-02-02T20:31:00.000Z,2026-02-02T20:35:00.000Z,BUY,0.01,1,1,10.00,1,25840.00
2026-02-02T20:35:00.000Z,2026-02-02T20:37:00.000Z,BUY,0.01,1,1,10.00,1,25850.00
2026-02-02T20:37:00.000Z,2026-02-02T21:01:00.000Z,BUY,0.01,2,1,10.00,2,25860.00
2026-02-02T21:01:00.000Z,2026-02-02T21:08:00.000Z,BUY,0.01,1,1,10.00,1,25870.00
2026-02-02T21:08:00.000Z,2026-02-02T21:39:00.000Z,BUY,0.01,3,1,10.00,3,25880.00
2026-02-02T21:39:00.000Z,2026-02-02T21:40:00.000Z,BUY,0.01,1,1,10.00,1,25890.00
2026-02-02T21:40:00.000Z,2026-02-02T21:41:00.000Z,BUY,0.01,1,1,10.00,1,25900.00
2026-02-02T21:41:00.000Z,2026-02-02T21:43:00.000Z,BUY,0.01,1,1,10.00,1,25910.00
2026-02-02T21:43:00.000Z,2026-02-02T21:45:00.000Z,BUY,0.01,1,1,10.00,1,25920.00
2026-02-02T21:45:00.000Z,2026-02-02T22:00:00.000Z,BUY,0.01,2,1,10.00,2,25930.00
2026-02-02T22:00:00.000Z,2026-02-02T22:01:00.000Z,BUY,0.01,1,1,10.00,1,25940.00
2026-02-02T22:01:00.000Z,2026-02-02T22:09:00.000Z,BUY,0.01,1,1,10.00,1,25950.00
2026-02-02T22:09:00.000Z,2026-02-02T22:21:00.000Z,BUY,0.01,2,1,10.00,2,25960.00
2026-02-02T22:21:00.000Z,2026-02-02T22:39:00.000Z,BUY,0.01,1,1,10.00,1,25970.00
2026-02-02T22:39:00.000Z,2026-02-02T22:42:00.000Z,BUY,0.01,1,1,10.00,1,25980.00
2026-02-02T22:42:00.000Z,2026-02-02T22:58:00.000Z,BUY,0.01,2,1,10.00,2,25990.00
2026-02-02T22:58:00.000Z,2026-02-02T23:04:00.000Z,BUY,0.01,1,1,10.00,1,26000.00
2026-02-02T23:04:00.000Z,2026-02-02T23:13:00.000Z,BUY,0.01,1,1,10.00,1,26010.00
2026-02-02T23:13:00.000Z,2026-02-02T23:29:00.000Z,BUY,0.01,1,1,10.00,1,26020.00
2026-02-02T23:29:00.000Z,2026-02-02T23:50:00.000Z,BUY,0.01,2,1,10.00,2,26030.00
2026-02-02T23:50:00.000Z,2026-02-03T01:00:00.000Z,BUY,0.01,1,1,10.00,1,26040.00
2026-02-03T01:00:00.000Z,2026-02-03T01:00:00.000Z,BUY,0.01,1,1,10.00,1,26050.00
2026-02-03T01:00:00.000Z,2026-02-03T01:00:00.000Z,BUY,0.01,1,1,10.00,1,26060.00
2026-02-03T01:00:00.000Z,2026-02-03T01:02:00.000Z,BUY,0.01,1,1,10.00,1,26070.00
2026-02-03T01:02:00.000Z,2026-02-03T01:03:00.000Z,BUY,0.01,1,1,10.00,1,26080.00
2026-02-03T01:03:00.000Z,2026-02-03T01:08:00.000Z,BUY,0.01,1,1,10.00,1,26090.00
2026-02-03T01:08:00.000Z,2026-02-03T01:18:00.000Z,BUY,0.01,1,1,10.00,1,26100.00
2026-02-03T01:18:00.000Z,2026-02-03T01:18:00.000Z,BUY,0.01,1,1,10.00,1,26110.00
2026-02-03T01:18:00.000Z,2026-02-03T01:21:00.000Z,BUY,0.01,1,1,10.00,1,26120.00
2026-02-03T01:21:00.000Z,2026-02-03T01:24:00.000Z,BUY,0.01,1,1,10.00,1,26130.00
2026-02-03T01:24:00.000Z,2026-02-03T01:31:00.000Z,BUY,0.01,2,1,10.00,2,26140.00
2026-02-03T01:31:00.000Z,2026-02-03T01:35:00.000Z,BUY,0.01,1,1,10.00,1,26150.00
2026-02-03T01:35:00.000Z,2026-02-03T01:39:00.000Z,BUY,0.01,1,1,10.00,1,26160.00
2026-02-03T01:39:00.000Z,2026-02-03T01:50:00.000Z,BUY,0.01,1,1,10.00,1,26170.00
2026-02-03T01:50:00.000Z,2026-02-03T01:52:00.000Z,BUY,0.01,1,1,10.00,1,26180.00
2026-02-03T01:52:00.000Z,2026-02-03T02:00:00.000Z,BUY,0.01,1,1,10.00,1,26190.00
2026-02-03T02:00:00.000Z,2026-02-03T02:03:00.000Z,BUY,0.01,1,1,10.00,1,26200.00
2026-02-03T02:03:00.000Z,2026-02-03T02:16:00.000Z,BUY,0.01,3,1,10.00,3,26210.00
2026-02-03T02:16:00.000Z,2026-02-03T02:19:00.000Z,BUY,0.01,1,1,10.00,1,26220.00
2026-02-03T02:19:00.000Z,2026-02-03T02:24:00.000Z,BUY,0.01,1,1,10.00,1,26230.00
2026-02-03T02:24:00.000Z,2026-02-03T02:55:00.000Z,BUY,0.01,2,1,10.00,2,26240.00
2026-02-03T02:55:00.000Z,2026-02-03T03:02:00.000Z,BUY,0.01,3,1,10.00,3,26250.00
2026-02-03T03:02:00.000Z,2026-02-03T03:03:00.000Z,BUY,0.01,1,1,10.00,1,26260.00
2026-02-03T03:03:00.000Z,2026-02-03T03:12:00.000Z,BUY,0.01,3,1,10.00,3,26270.00
2026-02-03T03:12:00.000Z,2026-02-03T03:15:00.000Z,BUY,0.01,1,1,10.00,1,26280.00
2026-02-03T03:15:00.000Z,2026-02-03T03:15:00.000Z,BUY,0.01,1,1,10.00,1,26290.00
2026-02-03T03:15:00.000Z,2026-02-03T03:24:00.000Z,BUY,0.01,1,1,10.00,1,26300.00
2026-02-03T03:24:00.000Z,2026-02-03T03:50:00.000Z,BUY,0.01,2,1,10.00,2,26310.00
2026-02-03T03:50:00.000Z,2026-02-03T03:54:00.000Z,BUY,0.01,1,1,10.00,1,26320.00
2026-02-03T03:54:00.000Z,2026-02-03T03:57:00.000Z,BUY,0.01,1,1,10.00,1,26330.00
2026-02-03T03:57:00.000Z,2026-02-03T04:04:00.000Z,BUY,0.01,2,1,10.00,2,26340.00
2026-02-03T04:04:00.000Z,2026-02-03T04:08:00.000Z,BUY,0.01,1,1,10.00,1,26350.00
2026-02-03T04:08:00.000Z,2026-02-03T04:13:00.000Z,BUY,0.01,2,1,10.00,2,26360.00
2026-02-03T04:13:00.000Z,2026-02-03T04:26:00.000Z,BUY,0.01,4,1,10.00,4,26370.00
2026-02-03T04:26:00.000Z,2026-02-03T04:28:00.000Z,BUY,0.01,1,1,10.00,1,26380.00
2026-02-03T04:28:00.000Z,2026-02-03T04:35:00.000Z,BUY,0.01,1,1,10.00,1,26390.00
2026-02-03T04:35:00.000Z,2026-02-03T04:45:00.000Z,BUY,0.01,2,1,10.00,2,26400.00
2026-02-03T04:45:00.000Z,2026-02-03T04:52:00.000Z,BUY,0.01,1,1,10.00,1,26410.00
2026-02-03T04:52:00.000Z,2026-02-03T04:54:00.000Z,BUY,0.01,1,1,10.00,1,26420.00
2026-02-03T04:54:00.000Z,2026-02-03T04:59:00.000Z,BUY,0.01,1,1,10.00,1,26430.00
2026-02-03T04:59:00.000Z,2026-02-03T05:05:00.000Z,BUY,0.01,1,1,10.00,1,26440.00
2026-02-03T05:05:00.000Z,2026-02-03T05:11:00.000Z,BUY,0.01,2,1,10.00,2,26450.00
2026-02-03T05:11:00.000Z,2026-02-03T05:21:00.000Z,BUY,0.01,1,1,10.00,1,26460.00
2026-02-03T05:21:00.000Z,2026-02-03T05:31:00.000Z,BUY,0.01,3,1,10.00,3,26470.00
2026-02-03T05:31:00.000Z,2026-02-03T05:37:00.000Z,BUY,0.01,1,1,10.00,1,26480.00
2026-02-03T05:37:00.000Z,2026-02-03T05:39:00.000Z,BUY,0.01,1,1,10.00,1,26490.00
2026-02-03T05:39:00.000Z,2026-02-03T06:02:00.000Z,BUY,0.01,1,1,10.00,1,26500.00
2026-02-03T06:02:00.000Z,2026-02-03T07:23:00.000Z,BUY,0.01,1,1,10.00,1,26510.00
2026-02-03T07:23:00.000Z,2026-02-03T07:29:00.000Z,BUY,0.01,1,1,10.00,1,26520.00
2026-02-03T07:29:00.000Z,2026-02-03T08:14:00.000Z,BUY,0.01,3,1,10.00,3,26530.00
2026-02-03T08:14:00.000Z,2026-02-03T08:19:00.000Z,BUY,0.01,1,1,10.00,1,26540.00
2026-02-03T08:19:00.000Z,2026-02-03T08:26:00.000Z,BUY,0.01,1,1,10.00,1,26550.00
2026-02-03T08:26:00.000Z,2026-02-03T08:35:00.000Z,BUY,0.01,1,1,10.00,1,26560.00
2026-02-03T08:35:00.000Z,2026-02-03T08:41:00.000Z,BUY,0.01,1,1,10.00,1,26570.00
2026-02-03T08:41:00.000Z,2026-02-03T09:25:00.000Z,BUY,0.01,3,1,10.00,3,26580.00
2026-02-03T09:25:00.000Z,2026-02-03T09:31:00.000Z,BUY,0.01,1,1,10.00,1,26590.00
2026-02-03T09:31:00.000Z,2026-02-03T09:33:00.000Z,BUY,0.01,1,1,10.00,1,26600.00
2026-02-03T09:33:00.000Z,2026-02-03T09:37:00.000Z,BUY,0.01,1,1,10.00,1,26610.00
2026-02-03T09:37:00.000Z,2026-02-03T10:16:00.000Z,BUY,0.01,3,1,10.00,3,26620.00
2026-02-03T10:16:00.000Z,2026-02-03T10:42:00.000Z,BUY,0.01,1,1,10.00,1,26630.00
2026-02-03T10:42:00.000Z,2026-02-03T10:58:00.000Z,BUY,0.01,2,1,10.00,2,26640.00
2026-02-03T10:58:00.000Z,2026-02-03T11:30:00.000Z,BUY,0.01,2,1,10.00,2,26650.00
2026-02-03T11:30:00.000Z,2026-02-03T11:32:00.000Z,BUY,0.01,1,1,10.00,1,26660.00
2026-02-03T11:32:00.000Z,2026-02-03T11:36:00.000Z,BUY,0.01,1,1,10.00,1,26670.00
2026-02-03T11:36:00.000Z,2026-02-03T11:42:00.000Z,BUY,0.01,1,1,10.00,1,26680.00
2026-02-03T11:42:00.000Z,2026-02-03T12:13:00.000Z,BUY,0.01,1,1,10.00,1,26690.00
2026-02-03T12:13:00.000Z,2026-02-03T13:00:00.000Z,BUY,0.01,2,1,10.00,2,26700.00
2026-02-03T13:00:00.000Z,2026-02-03T13:05:00.000Z,BUY,0.01,1,1,10.00,1,26710.00
2026-02-03T13:05:00.000Z,2026-02-03T14:00:00.000Z,BUY,0.01,3,1,10.00,3,26720.00
2026-02-03T14:00:00.000Z,2026-02-03T14:02:00.000Z,BUY,0.01,1,1,10.00,1,26730.00
2026-02-03T14:02:00.000Z,2026-02-03T14:23:00.000Z,BUY,0.01,2,1,10.00,2,26740.00
2026-02-03T14:23:00.000Z,2026-02-03T14:31:00.000Z,BUY,0.01,1,1,10.00,1,26750.00
2026-02-03T14:31:00.000Z,2026-02-03T15:04:00.000Z,BUY,0.01,1,1,10.00,1,26760.00
2026-02-03T15:04:00.000Z,2026-02-03T15:25:00.000Z,BUY,0.01,1,1,10.00,1,26770.00
2026-02-03T15:25:00.000Z,2026-02-03T15:42:00.000Z,BUY,0.01,1,1,10.00,1,26780.00
2026-02-03T15:42:00.000Z,2026-02-03T16:16:00.000Z,BUY,0.01,2,1,10.00,2,26790.00
2026-02-03T16:16:00.000Z,2026-02-03T16:29:00.000Z,BUY,0.01,1,1,10.00,1,26800.00
2026-02-03T16:29:00.000Z,2026-02-03T17:08:00.000Z,BUY,0.01,3,1,10.00,3,26810.00
2026-02-03T17:08:00.000Z,2026-02-03T17:10:00.000Z,BUY,0.01,1,1,10.00,1,26820.00
2026-02-03T17:10:00.000Z,2026-02-03T17:24:00.000Z,BUY,0.01,2,1,10.00,2,26830.00
2026-02-03T17:24:00.000Z,2026-02-03T17:27:00.000Z,BUY,0.01,1,1,10.00,1,26840.00
2026-02-03T17:27:00.000Z,2026-02-03T17:54:00.000Z,BUY,0.01,1,1,10.00,1,26850.00
2026-02-03T17:54:00.000Z,2026-02-03T18:02:00.000Z,BUY,0.01,1,1,10.00,1,26860.00
2026-02-03T18:02:00.000Z,2026-02-03T18:16:00.000Z,BUY,0.01,1,1,10.00,1,26870.00
2026-02-03T18:16:00.000Z,2026-02-03T18:16:00.000Z,BUY,0.01,1,1,10.00,1,26880.00
2026-02-03T18:16:00.000Z,2026-02-03T18:22:00.000Z,BUY,0.01,1,1,10.00,1,26890.00
2026-02-03T18:22:00.000Z,2026-02-03T18:35:00.000Z,BUY,0.01,1,1,10.00,1,26900.00
2026-02-03T18:35:00.000Z,2026-02-03T18:54:00.000Z,BUY,0.01,2,1,10.00,2,26910.00
2026-02-03T18:54:00.000Z,2026-02-03T18:57:00.000Z,BUY,0.01,1,1,10.00,1,26920.00
2026-02-03T18:57:00.000Z,2026-02-03T19:11:00.000Z,BUY,0.01,2,1,10.00,2,26930.00
2026-02-03T19:11:00.000Z,2026-02-03T19:13:00.000Z,BUY,0.01,1,1,10.00,1,26940.00
2026-02-03T19:13:00.000Z,2026-02-03T19:17:00.000Z,BUY,0.01,1,1,10.00,1,26950.00
2026-02-03T19:17:00.000Z,2026-02-03T19:18:00.000Z,BUY,0.01,1,1,10.00,1,26960.00
2026-02-03T19:18:00.000Z,2026-02-03T19:41:00.000Z,BUY,0.01,2,1,10.00,2,26970.00
2026-02-03T19:41:00.000Z,2026-02-03T19:51:00.000Z,BUY,0.01,3,1,10.00,3,26980.00
2026-02-03T19:51:00.000Z,2026-02-03T20:29:00.000Z,BUY,0.01,2,1,10.00,2,26990.00
2026-02-03T20:29:00.000Z,2026-02-03T21:03:00.000Z,BUY,0.01,5,0,-2420.00,5,24570.00
2026-02-03T21:03:00.000Z,2026-02-03T21:12:00.000Z,BUY,0.01,1,1,10.00,1,24580.00
2026-02-03T21:12:00.000Z,2026-02-03T21:14:00.000Z,BUY,0.01,1,1,10.00,1,24590.00
2026-02-03T21:14:00.000Z,2026-02-03T21:18:00.000Z,BUY,0.01,1,1,10.00,1,24600.00
2026-02-03T21:18:00.000Z,2026-02-03T21:35:00.000Z,BUY,0.01,1,1,10.00,1,24610.00
2026-02-03T21:35:00.000Z,2026-02-03T21:41:00.000Z,BUY,0.01,1,1,10.00,1,24620.00
2026-02-03T21:41:00.000Z,2026-02-03T22:01:00.000Z,BUY,0.01,2,1,10.00,2,24630.00
2026-02-03T22:01:00.000Z,2026-02-03T22:17:00.000Z,BUY,0.01,1,1,10.00,1,24640.00
2026-02-03T22:17:00.000Z,2026-02-03T22:24:00.000Z,BUY,0.01,1,1,10.00,1,24650.00
2026-02-03T22:24:00.000Z,2026-02-03T22:31:00.000Z,BUY,0.01,1,1,10.00,1,24660.00
2026-02-03T22:31:00.000Z,2026-02-03T23:11:00.000Z,BUY,0.01,1,1,10.00,1,24670.00
2026-02-03T23:11:00.000Z,2026-02-04T01:02:00.000Z,BUY,0.01,3,1,10.00,3,24680.00
2026-02-04T01:02:00.000Z,2026-02-04T01:07:00.000Z,BUY,0.01,2,1,10.00,2,24690.00
2026-02-04T01:07:00.000Z,2026-02-04T01:42:00.000Z,BUY,0.01,3,1,10.00,3,24700.00
2026-02-04T01:42:00.000Z,2026-02-04T02:03:00.000Z,BUY,0.01,1,1,10.00,1,24710.00
2026-02-04T02:03:00.000Z,2026-02-04T02:09:00.000Z,BUY,0.01,1,1,10.00,1,24720.00
2026-02-04T02:09:00.000Z,2026-02-04T02:13:00.000Z,BUY,0.01,1,1,10.00,1,24730.00
2026-02-04T02:13:00.000Z,2026-02-04T02:15:00.000Z,BUY,0.01,1,1,10.00,1,24740.00
2026-02-04T02:15:00.000Z,2026-02-04T02:22:00.000Z,BUY,0.01,1,1,10.00,1,24750.00
2026-02-04T02:22:00.000Z,2026-02-04T02:32:00.000Z,BUY,0.01,2,1,10.00,2,24760.00
2026-02-04T02:32:00.000Z,2026-02-04T02:33:00.000Z,BUY,0.01,1,1,10.00,1,24770.00
2026-02-04T02:33:00.000Z,2026-02-04T02:37:00.000Z,BUY,0.01,1,1,10.00,1,24780.00
2026-02-04T02:37:00.000Z,2026-02-04T02:48:00.000Z,BUY,0.01,1,1,10.00,1,24790.00
2026-02-04T02:48:00.000Z,2026-02-04T02:55:00.000Z,BUY,0.01,1,1,10.00,1,24800.00
2026-02-04T02:55:00.000Z,2026-02-04T03:06:00.000Z,BUY,0.01,3,1,10.00,3,24810.00
2026-02-04T03:06:00.000Z,2026-02-04T03:07:00.000Z,BUY,0.01,1,1,10.00,1,24820.00
2026-02-04T03:07:00.000Z,2026-02-04T03:10:00.000Z,BUY,0.01,1,1,10.00,1,24830.00
2026-02-04T03:10:00.000Z,2026-02-04T03:14:00.000Z,BUY,0.01,1,1,10.00,1,24840.00
2026-02-04T03:14:00.000Z,2026-02-04T03:37:00.000Z,BUY,0.01,2,1,10.00,2,24850.00
2026-02-04T03:37:00.000Z,2026-02-04T03:41:00.000Z,BUY,0.01,1,1,10.00,1,24860.00
2026-02-04T03:41:00.000Z,2026-02-04T03:46:00.000Z,BUY,0.01,1,1,10.00,1,24870.00
2026-02-04T03:46:00.000Z,2026-02-04T04:00:00.000Z,BUY,0.01,1,1,10.00,1,24880.00
2026-02-04T04:00:00.000Z,2026-02-04T04:02:00.000Z,BUY,0.01,1,1,10.00,1,24890.00
2026-02-04T04:02:00.000Z,2026-02-04T05:41:00.000Z,BUY,0.01,5,1,10.00,5,24900.00
2026-02-04T05:41:00.000Z,2026-02-04T07:05:00.000Z,BUY,0.01,1,1,10.00,1,24910.00
2026-02-04T07:05:00.000Z,2026-02-04T08:15:00.000Z,BUY,0.01,2,1,10.00,2,24920.00
2026-02-04T08:15:00.000Z,2026-02-04T08:17:00.000Z,BUY,0.01,1,1,10.00,1,24930.00
2026-02-04T08:17:00.000Z,2026-02-04T08:47:00.000Z,BUY,0.01,1,1,10.00,1,24940.00
2026-02-04T08:47:00.000Z,2026-02-04T09:25:00.000Z,BUY,0.01,1,1,10.00,1,24950.00
2026-02-04T09:25:00.000Z,2026-02-04T11:31:00.000Z,BUY,0.01,2,1,10.00,2,24960.00
2026-02-04T11:31:00.000Z,2026-02-04T11:42:00.000Z,BUY,0.01,1,1,10.00,1,24970.00
2026-02-04T11:42:00.000Z,2026-02-04T13:16:00.000Z,BUY,0.01,2,1,10.00,2,24980.00
2026-02-04T13:16:00.000Z,2026-02-04T13:52:00.000Z,BUY,0.01,1,1,10.00,1,24990.00
2026-02-04T13:52:00.000Z,2026-02-04T14:01:00.000Z,BUY,0.01,1,1,10.00,1,25000.00
2026-02-04T14:01:00.000Z,2026-02-04T15:10:00.000Z,BUY,0.01,2,1,10.00,2,25010.00
2026-02-04T15:10:00.000Z,2026-02-04T15:12:00.000Z,BUY,0.01,1,1,10.00,1,25020.00
2026-02-04T15:12:00.000Z,2026-02-04T15:20:00.000Z,BUY,0.01,1,1,10.00,1,25030.00
2026-02-04T15:20:00.000Z,2026-02-04T15:31:00.000Z,BUY,0.01,1,1,10.00,1,25040.00
2026-02-04T15:31:00.000Z,2026-02-04T16:31:00.000Z,BUY,0.01,4,1,10.00,4,25050.00
2026-02-04T16:31:00.000Z,2026-02-04T16:38:00.000Z,BUY,0.01,2,1,10.00,2,25060.00
2026-02-04T16:38:00.000Z,2026-02-04T16:50:00.000Z,BUY,0.01,5,1,10.00,5,25070.00
2026-02-04T16:50:00.000Z,2026-02-04T16:54:00.000Z,BUY,0.01,1,1,10.00,1,25080.00
2026-02-04T16:54:00.000Z,2026-02-04T16:58:00.000Z,BUY,0.01,2,1,10.00,2,25090.00
2026-02-04T16:58:00.000Z,2026-02-04T17:03:00.000Z,BUY,0.01,1,1,10.00,1,25100.00
2026-02-04T17:03:00.000Z,2026-02-04T17:07:00.000Z,BUY,0.01,1,1,10.00,1,25110.00
2026-02-04T17:07:00.000Z,2026-02-04T17:15:00.000Z,BUY,0.01,2,1,10.00,2,25120.00
2026-02-04T17:15:00.000Z,2026-02-04T17:18:00.000Z,BUY,0.01,1,1,10.00,1,25130.00
2026-02-04T17:18:00.000Z,2026-02-04T17:22:00.000Z,BUY,0.01,2,1,10.00,2,25140.00
2026-02-04T17:22:00.000Z,2026-02-04T17:25:00.000Z,BUY,0.01,1,1,10.00,1,25150.00
2026-02-04T17:25:00.000Z,2026-02-04T17:25:00.000Z,BUY,0.01,1,1,10.00,1,25160.00
2026-02-04T17:25:00.000Z,2026-02-04T17:31:00.000Z,BUY,0.01,2,1,10.00,2,25170.00
2026-02-04T17:31:00.000Z,2026-02-04T17:34:00.000Z,BUY,0.01,2,1,10.00,2,25180.00
2026-02-04T17:34:00.000Z,2026-02-04T17:35:00.000Z,BUY,0.01,1,1,10.00,1,25190.00
2026-02-04T17:35:00.000Z,2026-02-04T17:36:00.000Z,BUY,0.01,2,1,10.00,2,25200.00
2026-02-04T17:36:00.000Z,2026-02-04T17:37:00.000Z,BUY,0.01,1,1,10.00,1,25210.00
2026-02-04T17:37:00.000Z,2026-02-04T17:39:00.000Z,BUY,0.01,1,1,10.00,1,25220.00
2026-02-04T17:39:00.000Z,2026-02-04T17:40:00.000Z,BUY,0.01,1,1,10.00,1,25230.00
2026-02-04T17:40:00.000Z,2026-02-04T17:42:00.000Z,BUY,0.01,1,1,10.00,1,25240.00
2026-02-04T17:42:00.000Z,2026-02-04T17:44:00.000Z,BUY,0.01,1,1,10.00,1,25250.00
2026-02-04T17:44:00.000Z,2026-02-04T17:59:00.000Z,BUY,0.01,2,1,10.00,2,25260.00
2026-02-04T17:59:00.000Z,2026-02-04T18:11:00.000Z,BUY,0.01,3,1,10.00,3,25270.00
2026-02-04T18:11:00.000Z,2026-02-04T18:12:00.000Z,BUY,0.01,1,1,10.00,1,25280.00
2026-02-04T18:12:00.000Z,2026-02-04T18:20:00.000Z,BUY,0.01,2,1,10.00,2,25290.00
2026-02-04T18:20:00.000Z,2026-02-04T18:27:00.000Z,BUY,0.01,1,1,10.00,1,25300.00
2026-02-04T18:27:00.000Z,2026-02-04T18:33:00.000Z,BUY,0.01,1,1,10.00,1,25310.00
2026-02-04T18:33:00.000Z,2026-02-04T18:42:00.000Z,BUY,0.01,2,1,10.00,2,25320.00
2026-02-04T18:42:00.000Z,2026-02-04T18:48:00.000Z,BUY,0.01,2,1,10.00,2,25330.00
2026-02-04T18:48:00.000Z,2026-02-04T18:50:00.000Z,BUY,0.01,1,1,10.00,1,25340.00
2026-02-04T18:50:00.000Z,2026-02-04T18:51:00.000Z,BUY,0.01,1,1,10.00,1,25350.00
2026-02-04T18:51:00.000Z,2026-02-04T18:53:00.000Z,BUY,0.01,1,1,10.00,1,25360.00
2026-02-04T18:53:00.000Z,2026-02-04T18:59:00.000Z,BUY,0.01,1,1,10.00,1,25370.00
2026-02-04T18:59:00.000Z,2026-02-04T19:12:00.000Z,BUY,0.01,1,1,10.00,1,25380.00
2026-02-04T19:12:00.000Z,2026-02-04T19:27:00.000Z,BUY,0.01,2,1,10.00,2,25390.00
2026-02-04T19:27:00.000Z,2026-02-04T19:27:00.000Z,BUY,0.01,1,1,10.00,1,25400.00
2026-02-04T19:27:00.000Z,2026-02-04T19:28:00.000Z,BUY,0.01,1,1,10.00,1,25410.00
2026-02-04T19:28:00.000Z,2026-02-04T19:29:00.000Z,BUY,0.01,1,1,10.00,1,25420.00
2026-02-04T19:29:00.000Z,2026-02-04T19:31:00.000Z,BUY,0.01,1,1,10.00,1,25430.00
2026-02-04T19:31:00.000Z,2026-02-04T19:45:00.000Z,BUY,0.01,2,1,10.00,2,25440.00
2026-02-04T19:45:00.000Z,2026-02-04T20:07:00.000Z,BUY,0.01,3,1,10.00,3,25450.00
2026-02-04T20:07:00.000Z,2026-02-04T20:25:00.000Z,BUY,0.01,1,1,10.00,1,25460.00
2026-02-04T20:25:00.000Z,2026-02-04T20:28:00.000Z,BUY,0.01,1,1,10.00,1,25470.00
2026-02-04T20:28:00.000Z,2026-02-04T21:11:00.000Z,BUY,0.01,3,1,10.00,3,25480.00
2026-02-04T21:11:00.000Z,2026-02-04T21:52:00.000Z,BUY,0.01,3,1,10.00,3,25490.00
2026-02-04T21:52:00.000Z,2026-02-04T22:11:00.000Z,BUY,0.01,2,1,10.00,2,25500.00
2026-02-04T22:11:00.000Z,2026-02-04T22:13:00.000Z,BUY,0.01,1,1,10.00,1,25510.00
2026-02-04T22:13:00.000Z,2026-02-04T22:39:00.000Z,BUY,0.01,1,1,10.00,1,25520.00
2026-02-04T22:39:00.000Z,2026-02-04T23:14:00.000Z,BUY,0.01,1,1,10.00,1,25530.00
2026-02-04T23:14:00.000Z,2026-02-04T23:36:00.000Z,BUY,0.01,1,1,10.00,1,25540.00
2026-02-04T23:36:00.000Z,2026-02-05T01:00:00.000Z,BUY,0.01,1,1,10.00,1,25550.00
2026-02-05T01:00:00.000Z,2026-02-05T01:00:00.000Z,BUY,0.01,1,1,10.00,1,25560.00
2026-02-05T01:00:00.000Z,2026-02-05T01:02:00.000Z,BUY,0.01,1,1,10.00,1,25570.00
2026-02-05T01:02:00.000Z,2026-02-05T01:14:00.000Z,BUY,0.01,1,1,10.00,1,25580.00
2026-02-05T01:14:00.000Z,2026-02-05T01:16:00.000Z,BUY,0.01,1,1,10.00,1,25590.00
2026-02-05T01:16:00.000Z,2026-02-05T03:12:00.000Z,BUY,0.01,2,1,10.00,2,25600.00
2026-02-05T03:12:00.000Z,2026-02-05T03:15:00.000Z,BUY,0.01,2,1,10.00,2,25610.00
2026-02-05T03:15:00.000Z,2026-02-05T03:30:00.000Z,BUY,0.01,1,1,10.00,1,25620.00
2026-02-05T03:30:00.000Z,2026-02-05T03:35:00.000Z,BUY,0.01,1,1,10.00,1,25630.00
2026-02-05T03:35:00.000Z,2026-02-05T03:38:00.000Z,BUY,0.01,1,1,10.00,1,25640.00
2026-02-05T03:38:00.000Z,2026-02-05T04:00:00.000Z,BUY,0.01,2,1,10.00,2,25650.00
2026-02-05T04:00:00.000Z,2026-02-05T04:13:00.000Z,BUY,0.01,2,1,10.00,2,25660.00
2026-02-05T04:13:00.000Z,2026-02-05T04:25:00.000Z,BUY,0.01,3,1,10.00,3,25670.00
2026-02-05T04:25:00.000Z,2026-02-05T04:40:00.000Z,BUY,0.01,2,1,10.00,2,25680.00
2026-02-05T04:40:00.000Z,2026-02-05T04:42:00.000Z,BUY,0.01,1,1,10.00,1,25690.00
2026-02-05T04:42:00.000Z,2026-02-05T04:45:00.000Z,BUY,0.01,2,1,10.00,2,25700.00
2026-02-05T04:45:00.000Z,2026-02-05T04:47:00.000Z,BUY,0.01,2,1,10.00,2,25710.00
2026-02-05T04:47:00.000Z,2026-02-05T04:48:00.000Z,BUY,0.01,1,1,10.00,1,25720.00
2026-02-05T04:48:00.000Z,2026-02-05T04:48:00.000Z,BUY,0.01,2,1,10.00,2,25730.00
2026-02-05T04:48:00.000Z,2026-02-05T04:49:00.000Z,BUY,0.01,1,1,10.00,1,25740.00
2026-02-05T04:49:00.000Z,2026-02-05T04:49:00.000Z,BUY,0.01,1,1,10.00,1,25750.00
2026-02-05T04:49:00.000Z,2026-02-05T04:51:00.000Z,BUY,0.01,2,1,10.00,2,25760.00
2026-02-05T04:51:00.000Z,2026-02-05T04:53:00.000Z,BUY,0.01,3,1,10.00,3,25770.00
2026-02-05T04:53:00.000Z,2026-02-05T04:54:00.000Z,BUY,0.01,1,1,10.00,1,25780.00
2026-02-05T04:54:00.000Z,2026-02-05T04:59:00.000Z,BUY,0.01,2,1,10.00,2,25790.00
2026-02-05T04:59:00.000Z,2026-02-05T05:03:00.000Z,BUY,0.01,3,1,10.00,3,25800.00
2026-02-05T05:03:00.000Z,2026-02-05T05:04:00.000Z,BUY,0.01,1,1,10.00,1,25810.00
2026-02-05T05:04:00.000Z,2026-02-05T05:06:00.000Z,BUY,0.01,1,1,10.00,1,25820.00
2026-02-05T05:06:00.000Z,2026-02-05T05:10:00.000Z,BUY,0.01,3,1,10.00,3,25830.00
2026-02-05T05:10:00.000Z,2026-02-05T05:20:00.000Z,BUY,0.01,3,1,10.00,3,25840.00
2026-02-05T05:20:00.000Z,2026-02-05T05:21:00.000Z,BUY,0.01,1,1,10.00,1,25850.00
2026-02-05T05:21:00.000Z,2026-02-05T05:21:00.000Z,BUY,0.01,1,1,10.00,1,25860.00
2026-02-05T05:21:00.000Z,2026-02-05T05:30:00.000Z,BUY,0.01,2,1,10.00,2,25870.00
2026-02-05T05:30:00.000Z,2026-02-05T05:33:00.000Z,BUY,0.01,1,1,10.00,1,25880.00
2026-02-05T05:33:00.000Z,2026-02-05T05:42:00.000Z,BUY,0.01,3,1,10.00,3,25890.00
2026-02-05T05:42:00.000Z,2026-02-05T06:20:00.000Z,BUY,0.01,3,1,10.00,3,25900.00
2026-02-05T06:20:00.000Z,2026-02-05T07:08:00.000Z,BUY,0.01,2,1,10.00,2,25910.00
2026-02-05T07:08:00.000Z,2026-02-05T07:29:00.000Z,BUY,0.01,1,1,10.00,1,25920.00
2026-02-05T07:29:00.000Z,2026-02-05T07:32:00.000Z,BUY,0.01,2,1,10.00,2,25930.00
2026-02-05T07:32:00.000Z,2026-02-05T07:38:00.000Z,BUY,0.01,1,1,10.00,1,25940.00
2026-02-05T07:38:00.000Z,2026-02-05T07:39:00.000Z,BUY,0.01,1,1,10.00,1,25950.00
2026-02-05T07:39:00.000Z,2026-02-05T07:42:00.000Z,BUY,0.01,1,1,10.00,1,25960.00
2026-02-05T07:42:00.000Z,2026-02-05T07:43:00.000Z,BUY,0.01,1,1,10.00,1,25970.00
2026-02-05T07:43:00.000Z,2026-02-05T07:45:00.000Z,BUY,0.01,1,1,10.00,1,25980.00
2026-02-05T07:45:00.000Z,2026-02-05T07:45:00.000Z,BUY,0.01,1,1,10.00,1,25990.00
2026-02-05T07:45:00.000Z,2026-02-05T08:08:00.000Z,BUY,0.01,3,1,10.00,3,26000.00
2026-02-05T08:08:00.000Z,2026-02-05T08:19:00.000Z,BUY,0.01,1,1,10.00,1,26010.00
2026-02-05T08:19:00.000Z,2026-02-05T08:45:00.000Z,BUY,0.01,1,1,10.00,1,26020.00
2026-02-05T08:45:00.000Z,2026-02-05T08:55:00.000Z,BUY,0.01,2,1,10.00,2,26030.00
2026-02-05T08:55:00.000Z,2026-02-05T08:57:00.000Z,BUY,0.01,1,1,10.00,1,26040.00
2026-02-05T08:57:00.000Z,2026-02-05T08:59:00.000Z,BUY,0.01,1,1,10.00,1,26050.00
2026-02-05T08:59:00.000Z,2026-02-05T09:26:00.000Z,BUY,0.01,1,1,10.00,1,26060.00
2026-02-05T09:26:00.000Z,2026-02-05T09:41:00.000Z,BUY,0.01,2,1,10.00,2,26070.00
2026-02-05T09:41:00.000Z,2026-02-05T09:45:00.000Z,BUY,0.01,1,1,10.00,1,26080.00
2026-02-05T09:45:00.000Z,2026-02-05T10:00:00.000Z,BUY,0.01,1,1,10.00,1,26090.00
2026-02-05T10:00:00.000Z,2026-02-05T10:11:00.000Z,BUY,0.01,1,1,10.00,1,26100.00
2026-02-05T10:11:00.000Z,2026-02-05T10:15:00.000Z,BUY,0.01,1,1,10.00,1,26110.00
2026-02-05T10:15:00.000Z,2026-02-05T10:48:00.000Z,BUY,0.01,2,1,10.00,2,26120.00
2026-02-05T10:48:00.000Z,2026-02-05T11:04:00.000Z,BUY,0.01,2,1,10.00,2,26130.00
2026-02-05T11:04:00.000Z,2026-02-05T11:45:00.000Z,BUY,0.01,3,1,10.00,3,26140.00
2026-02-05T11:45:00.000Z,2026-02-05T11:55:00.000Z,BUY,0.01,2,1,10.00,2,26150.00
2026-02-05T11:55:00.000Z,2026-02-05T12:14:00.000Z,BUY,0.01,1,1,10.00,1,26160.00
2026-02-05T12:14:00.000Z,2026-02-05T12:46:00.000Z,BUY,0.01,3,1,10.00,3,26170.00
2026-02-05T12:46:00.000Z,2026-02-05T13:23:00.000Z,BUY,0.01,1,1,10.00,1,26180.00
2026-02-05T13:23:00.000Z,2026-02-05T14:01:00.000Z,BUY,0.01,2,1,10.00,2,26190.00
2026-02-05T14:01:00.000Z,2026-02-05T14:02:00.000Z,BUY,0.01,1,1,10.00,1,26200.00
2026-02-05T14:02:00.000Z,2026-02-05T14:10:00.000Z,BUY,0.01,2,1,10.00,2,26210.00
2026-02-05T14:10:00.000Z,2026-02-05T14:25:00.000Z,BUY,0.01,2,1,10.00,2,26220.00
2026-02-05T14:25:00.000Z,2026-02-05T14:26:00.000Z,BUY,0.01,1,1,10.00,1,26230.00
2026-02-05T14:26:00.000Z,2026-02-05T14:27:00.000Z,BUY,0.01,1,1,10.00,1,26240.00
2026-02-05T14:27:00.000Z,2026-02-05T14:28:00.000Z,BUY,0.01,1,1,10.00,1,26250.00
2026-02-05T14:28:00.000Z,2026-02-05T14:31:00.000Z,BUY,0.01,1,1,10.00,1,26260.00
2026-02-05T14:31:00.000Z,2026-02-05T14:35:00.000Z,BUY,0.01,1,1,10.00,1,26270.00
2026-02-05T14:35:00.000Z,2026-02-05T15:00:00.000Z,BUY,0.01,4,1,10.00,4,26280.00
2026-02-05T15:00:00.000Z,2026-02-05T15:06:00.000Z,BUY,0.01,2,1,10.00,2,26290.00
2026-02-05T15:06:00.000Z,2026-02-05T15:07:00.000Z,BUY,0.01,1,1,10.00,1,26300.00
2026-02-05T15:07:00.000Z,2026-02-05T15:07:00.000Z,BUY,0.01,1,1,10.00,1,26310.00
2026-02-05T15:07:00.000Z,2026-02-05T15:11:00.000Z,BUY,0.01,1,1,10.00,1,26320.00
2026-02-05T15:11:00.000Z,2026-02-05T15:19:00.000Z,BUY,0.01,1,1,10.00,1,26330.00
2026-02-05T15:19:00.000Z,2026-02-05T15:23:00.000Z,BUY,0.01,1,1,10.00,1,26340.00
2026-02-05T15:23:00.000Z,2026-02-05T15:32:00.000Z,BUY,0.01,1,1,10.00,1,26350.00
2026-02-05T15:32:00.000Z,2026-02-05T15:40:00.000Z,BUY,0.01,2,1,10.00,2,26360.00
2026-02-05T15:40:00.000Z,2026-02-05T16:06:00.000Z,BUY,0.01,3,1,10.00,3,26370.00
2026-02-05T16:06:00.000Z,2026-02-05T16:14:00.000Z,BUY,0.01,2,1,10.00,2,26380.00
2026-02-05T16:14:00.000Z,2026-02-05T16:24:00.000Z,BUY,0.01,1,1,10.00,1,26390.00
2026-02-05T16:24:00.000Z,2026-02-05T16:26:00.000Z,BUY,0.01,1,1,10.00,1,26400.00
2026-02-05T16:26:00.000Z,2026-02-05T16:33:00.000Z,BUY,0.01,2,1,10.00,2,26410.00
2026-02-05T16:33:00.000Z,2026-02-05T16:34:00.000Z,BUY,0.01,1,1,10.00,1,26420.00
2026-02-05T16:34:00.000Z,2026-02-05T16:34:00.000Z,BUY,0.01,1,1,10.00,1,26430.00
2026-02-05T16:34:00.000Z,2026-02-05T16:38:00.000Z,BUY,0.01,1,1,10.00,1,26440.00
2026-02-05T16:38:00.000Z,2026-02-05T16:39:00.000Z,BUY,0.01,1,1,10.00,1,26450.00
2026-02-05T16:39:00.000Z,2026-02-05T16:40:00.000Z,BUY,0.01,1,1,10.00,1,26460.00
2026-02-05T16:40:00.000Z,2026-02-05T16:51:00.000Z,BUY,0.01,1,1,10.00,1,26470.00
2026-02-05T16:51:00.000Z,2026-02-05T17:01:00.000Z,BUY,0.01,2,1,10.00,2,26480.00
2026-02-05T17:01:00.000Z,2026-02-05T17:08:00.000Z,BUY,0.01,1,1,10.00,1,26490.00
2026-02-05T17:08:00.000Z,2026-02-05T17:27:00.000Z,BUY,0.01,2,1,10.00,2,26500.00
2026-02-05T17:27:00.000Z,2026-02-05T17:38:00.000Z,BUY,0.01,1,1,10.00,1,26510.00
2026-02-05T17:38:00.000Z,2026-02-05T18:10:00.000Z,BUY,0.01,3,1,10.00,3,26520.00
2026-02-05T18:10:00.000Z,2026-02-05T18:23:00.000Z,BUY,0.01,3,1,10.00,3,26530.00
2026-02-05T18:23:00.000Z,2026-02-05T18:38:00.000Z,BUY,0.01,1,1,10.00,1,26540.00
2026-02-05T18:38:00.000Z,2026-02-05T18:43:00.000Z,BUY,0.01,1,1,10.00,1,26550.00
2026-02-05T18:43:00.000Z,2026-02-05T18:44:00.000Z,BUY,0.01,1,1,10.00,1,26560.00
2026-02-05T18:44:00.000Z,2026-02-05T18:50:00.000Z,BUY,0.01,1,1,10.00,1,26570.00
2026-02-05T18:50:00.000Z,2026-02-05T18:50:00.000Z,BUY,0.01,1,1,10.00,1,26580.00
2026-02-05T18:50:00.000Z,2026-02-05T19:04:00.000Z,BUY,0.01,2,1,10.00,2,26590.00
2026-02-05T19:04:00.000Z,2026-02-05T19:06:00.000Z,BUY,0.01,1,1,10.00,1,26600.00
2026-02-05T19:06:00.000Z,2026-02-05T21:05:00.000Z,BUY,0.01,4,1,10.00,4,26610.00
2026-02-05T21:05:00.000Z,2026-02-05T21:07:00.000Z,BUY,0.01,1,1,10.00,1,26620.00
2026-02-05T21:07:00.000Z,2026-02-05T21:33:00.000Z,BUY,0.01,2,1,10.00,2,26630.00
2026-02-05T21:33:00.000Z,2026-02-05T21:43:00.000Z,BUY,0.01,1,1,10.00,1,26640.00
2026-02-05T21:43:00.000Z,2026-02-05T22:23:00.000Z,BUY,0.01,4,1,10.00,4,26650.00
2026-02-05T22:23:00.000Z,2026-02-05T22:24:00.000Z,BUY,0.01,1,1,10.00,1,26660.00
2026-02-05T22:24:00.000Z,2026-02-05T23:33:00.000Z,BUY,0.01,4,1,10.00,4,26670.00
2026-02-05T23:33:00.000Z,2026-02-05T23:39:00.000Z,BUY,0.01,2,1,10.00,2,26680.00
2026-02-05T23:39:00.000Z,2026-02-05T23:40:00.000Z,BUY,0.01,1,1,10.00,1,26690.00
2026-02-05T23:40:00.000Z,2026-02-06T01:00:00.000Z,BUY,0.01,1,1,10.00,1,26700.00
2026-02-06T01:00:00.000Z,2026-02-06T01:00:00.000Z,BUY,0.01,1,1,10.00,1,26710.00
2026-02-06T01:00:00.000Z,2026-02-06T01:01:00.000Z,BUY,0.01,2,1,10.00,2,26720.00
2026-02-06T01:01:00.000Z,2026-02-06T01:02:00.000Z,BUY,0.01,1,1,10.00,1,26730.00
2026-02-06T01:02:00.000Z,2026-02-06T01:38:00.000Z,BUY,0.01,2,1,10.00,2,26740.00
2026-02-06T01:38:00.000Z,2026-02-06T01:42:00.000Z,BUY,0.01,1,1,10.00,1,26750.00
2026-02-06T01:42:00.000Z,2026-02-06T01:49:00.000Z,BUY,0.01,2,1,10.00,2,26760.00
2026-02-06T01:49:00.000Z,2026-02-06T02:03:00.000Z,BUY,0.01,2,1,10.00,2,26770.00
2026-02-06T02:03:00.000Z,2026-02-06T02:11:00.000Z,BUY,0.01,1,1,10.00,1,26780.00
2026-02-06T02:11:00.000Z,2026-02-06T02:15:00.000Z,BUY,0.01,2,1,10.00,2,26790.00
2026-02-06T02:15:00.000Z,2026-02-06T02:20:00.000Z,BUY,0.01,1,1,10.00,1,26800.00
2026-02-06T02:20:00.000Z,2026-02-06T02:24:00.000Z,BUY,0.01,1,1,10.00,1,26810.00
2026-02-06T02:24:00.000Z,2026-02-06T02:24:00.000Z,BUY,0.01,1,1,10.00,1,26820.00
2026-02-06T02:24:00.000Z,2026-02-06T02:26:00.000Z,BUY,0.01,1,1,10.00,1,26830.00
2026-02-06T02:26:00.000Z,2026-02-06T02:27:00.000Z,BUY,0.01,1,1,10.00,1,26840.00
2026-02-06T02:27:00.000Z,2026-02-06T02:35:00.000Z,BUY,0.01,1,1,10.00,1,26850.00
2026-02-06T02:35:00.000Z,2026-02-06T02:37:00.000Z,BUY,0.01,1,1,10.00,1,26860.00
2026-02-06T02:37:00.000Z,2026-02-06T02:42:00.000Z,BUY,0.01,1,1,10.00,1,26870.00
2026-02-06T02:42:00.000Z,2026-02-06T03:01:00.000Z,BUY,0.01,2,1,10.00,2,26880.00
2026-02-06T03:01:00.000Z,2026-02-06T03:02:00.000Z,BUY,0.01,2,1,10.00,2,26890.00
2026-02-06T03:02:00.000Z,2026-02-06T03:03:00.000Z,BUY,0.01,1,1,10.00,1,26900.00
2026-02-06T03:03:00.000Z,2026-02-06T03:03:00.000Z,BUY,0.01,1,1,10.00,1,26910.00
2026-02-06T03:03:00.000Z,2026-02-06T03:03:00.000Z,BUY,0.01,1,1,10.00,1,26920.00
2026-02-06T03:03:00.000Z,2026-02-06T03:04:00.000Z,BUY,0.01,1,1,10.00,1,26930.00
2026-02-06T03:04:00.000Z,2026-02-06T03:04:00.000Z,BUY,0.01,1,1,10.00,1,26940.00
2026-02-06T03:04:00.000Z,2026-02-06T03:08:00.000Z,BUY,0.01,1,1,10.00,1,26950.00
2026-02-06T03:08:00.000Z,2026-02-06T03:17:00.000Z,BUY,0.01,4,1,10.00,4,26960.00
2026-02-06T03:17:00.000Z,2026-02-06T03:33:00.000Z,BUY,0.01,5,1,10.00,5,26970.00
2026-02-06T03:33:00.000Z,2026-02-06T03:36:00.000Z,BUY,0.01,1,1,10.00,1,26980.00
2026-02-06T03:36:00.000Z,2026-02-06T03:51:00.000Z,BUY,0.01,1,1,10.00,1,26990.00
2026-02-06T03:51:00.000Z,2026-02-06T03:54:00.000Z,BUY,0.01,1,1,10.00,1,27000.00
2026-02-06T03:54:00.000Z,2026-02-06T03:55:00.000Z,BUY,0.01,1,1,10.00,1,27010.00
2026-02-06T03:55:00.000Z,2026-02-06T04:09:00.000Z,BUY,0.01,1,1,10.00,1,27020.00
2026-02-06T04:09:00.000Z,2026-02-06T04:19:00.000Z,BUY,0.01,1,1,10.00,1,27030.00
2026-02-06T04:19:00.000Z,2026-02-06T04:28:00.000Z,BUY,0.01,1,1,10.00,1,27040.00
2026-02-06T04:28:00.000Z,2026-02-06T04:29:00.000Z,BUY,0.01,1,1,10.00,1,27050.00
2026-02-06T04:29:00.000Z,2026-02-06T04:30:00.000Z,BUY,0.01,1,1,10.00,1,27060.00
2026-02-06T04:30:00.000Z,2026-02-06T04:38:00.000Z,BUY,0.01,1,1,10.00,1,27070.00
2026-02-06T04:38:00.000Z,2026-02-06T05:01:00.000Z,BUY,0.01,2,1,10.00,2,27080.00
2026-02-06T05:01:00.000Z,2026-02-06T05:03:00.000Z,BUY,0.01,1,1,10.00,1,27090.00
2026-02-06T05:03:00.000Z,2026-02-06T05:04:00.000Z,BUY,0.01,1,1,10.00,1,27100.00
2026-02-06T05:04:00.000Z,2026-02-06T07:25:00.000Z,BUY,0.01,5,1,10.00,5,27110.00
2026-02-06T07:25:00.000Z,2026-02-06T07:29:00.000Z,BUY,0.01,1,1,10.00,1,27120.00
2026-02-06T07:29:00.000Z,2026-02-06T07:38:00.000Z,BUY,0.01,1,1,10.00,1,27130.00
2026-02-06T07:38:00.000Z,2026-02-06T07:41:00.000Z,BUY,0.01,1,1,10.00,1,27140.00
2026-02-06T07:41:00.000Z,2026-02-06T07:52:00.000Z,BUY,0.01,1,1,10.00,1,27150.00
2026-02-06T07:52:00.000Z,2026-02-06T07:57:00.000Z,BUY,0.01,1,1,10.00,1,27160.00
2026-02-06T07:57:00.000Z,2026-02-06T08:00:00.000Z,BUY,0.01,1,1,10.00,1,27170.00
2026-02-06T08:00:00.000Z,2026-02-06T08:08:00.000Z,BUY,0.01,2,1,10.00,2,27180.00
2026-02-06T08:08:00.000Z,2026-02-06T08:35:00.000Z,BUY,0.01,2,1,10.00,2,27190.00
2026-02-06T08:35:00.000Z,2026-02-06T08:47:00.000Z,BUY,0.01,1,1,10.00,1,27200.00
2026-02-06T08:47:00.000Z,2026-02-06T10:20:00.000Z,BUY,0.01,5,1,10.00,5,27210.00
2026-02-06T10:20:00.000Z,2026-02-06T10:25:00.000Z,BUY,0.01,1,1,10.00,1,27220.00
2026-02-06T10:25:00.000Z,2026-02-06T11:07:00.000Z,BUY,0.01,2,1,10.00,2,27230.00
2026-02-06T11:07:00.000Z,2026-02-06T11:13:00.000Z,BUY,0.01,1,1,10.00,1,27240.00
2026-02-06T11:13:00.000Z,2026-02-06T11:24:00.000Z,BUY,0.01,1,1,10.00,1,27250.00
2026-02-06T11:24:00.000Z,2026-02-06T12:02:00.000Z,BUY,0.01,1,1,10.00,1,27260.00
2026-02-06T12:02:00.000Z,2026-02-06T13:01:00.000Z,BUY,0.01,3,1,10.00,3,27270.00
2026-02-06T13:01:00.000Z,2026-02-06T13:23:00.000Z,BUY,0.01,1,1,10.00,1,27280.00
2026-02-06T13:23:00.000Z,2026-02-06T15:00:00.000Z,BUY,0.01,3,1,10.00,3,27290.00
2026-02-06T15:00:00.000Z,2026-02-06T15:00:00.000Z,BUY,0.01,1,1,10.00,1,27300.00
2026-02-06T15:00:00.000Z,2026-02-06T15:01:00.000Z,BUY,0.01,1,1,10.00,1,27310.00
2026-02-06T15:01:00.000Z,2026-02-06T15:38:00.000Z,BUY,0.01,1,1,10.00,1,27320.00
2026-02-06T15:38:00.000Z,2026-02-06T16:23:00.000Z,BUY,0.01,2,1,10.00,2,27330.00
2026-02-06T16:23:00.000Z,2026-02-06T16:31:00.000Z,BUY,0.01,1,1,10.00,1,27340.00
2026-02-06T16:31:00.000Z,2026-02-06T16:32:00.000Z,BUY,0.01,1,1,10.00,1,27350.00
2026-02-06T16:32:00.000Z,2026-02-06T16:37:00.000Z,BUY,0.01,1,1,10.00,1,27360.00
2026-02-06T16:37:00.000Z,2026-02-06T16:37:00.000Z,BUY,0.01,1,1,10.00,1,27370.00
2026-02-06T16:37:00.000Z,2026-02-06T17:00:00.000Z,BUY,0.01,3,1,10.00,3,27380.00
2026-02-06T17:00:00.000Z,2026-02-06T18:26:00.000Z,BUY,0.01,2,1,10.00,2,27390.00
2026-02-06T18:26:00.000Z,2026-02-06T18:28:00.000Z,BUY,0.01,1,1,10.00,1,27400.00
2026-02-06T18:28:00.000Z,2026-02-06T18:40:00.000Z,BUY,0.01,1,1,10.00,1,27410.00
2026-02-06T18:40:00.000Z,2026-02-06T19:02:00.000Z,BUY,0.01,1,1,10.00,1,27420.00
2026-02-06T19:02:00.000Z,2026-02-06T19:30:00.000Z,BUY,0.01,1,1,10.00,1,27430.00
2026-02-06T19:30:00.000Z,2026-02-09T01:00:00.000Z,BUY,0.01,5,1,10.00,5,27440.00
2026-02-09T01:00:00.000Z,2026-02-09T01:00:00.000Z,BUY,0.01,1,1,10.00,1,27450.00
2026-02-09T01:00:00.000Z,2026-02-09T01:24:00.000Z,BUY,0.01,5,1,10.00,5,27460.00
2026-02-09T01:24:00.000Z,2026-02-09T01:25:00.000Z,BUY,0.01,1,1,10.00,1,27470.00
2026-02-09T01:25:00.000Z,2026-02-09T01:26:00.000Z,BUY,0.01,1,1,10.00,1,27480.00
2026-02-09T01:26:00.000Z,2026-02-09T01:30:00.000Z,BUY,0.01,1,1,10.00,1,27490.00
2026-02-09T01:30:00.000Z,2026-02-09T01:33:00.000Z,BUY,0.01,1,1,10.00,1,27500.00
2026-02-09T01:33:00.000Z,2026-02-09T03:07:00.000Z,BUY,0.01,4,1,10.00,4,27510.00
2026-02-09T03:07:00.000Z,2026-02-09T03:08:00.000Z,BUY,0.01,1,1,10.00,1,27520.00
2026-02-09T03:08:00.000Z,2026-02-09T03:18:00.000Z,BUY,0.01,1,1,10.00,1,27530.00
2026-02-09T03:18:00.000Z,2026-02-09T03:32:00.000Z,BUY,0.01,2,1,10.00,2,27540.00
2026-02-09T03:32:00.000Z,2026-02-09T03:44:00.000Z,BUY,0.01,3,1,10.00,3,27550.00
2026-02-09T03:44:00.000Z,2026-02-09T04:00:00.000Z,BUY,0.01,2,1,10.00,2,27560.00
2026-02-09T04:00:00.000Z,2026-02-09T04:07:00.000Z,BUY,0.01,1,1,10.00,1,27570.00
2026-02-09T04:07:00.000Z,2026-02-09T04:14:00.000Z,BUY,0.01,1,1,10.00,1,27580.00
2026-02-09T04:14:00.000Z,2026-02-09T04:51:00.000Z,BUY,0.01,1,1,10.00,1,27590.00
2026-02-09T04:51:00.000Z,2026-02-09T05:04:00.000Z,BUY,0.01,1,1,10.00,1,27600.00
2026-02-09T05:04:00.000Z,2026-02-09T05:31:00.000Z,BUY,0.01,1,1,10.00,1,27610.00
2026-02-09T05:31:00.000Z,2026-02-09T07:42:00.000Z,BUY,0.01,3,1,10.00,3,27620.00
2026-02-09T07:42:00.000Z,2026-02-09T09:14:00.000Z,BUY,0.01,2,1,10.00,2,27630.00
2026-02-09T09:14:00.000Z,2026-02-09T10:06:00.000Z,BUY,0.01,1,1,10.00,1,27640.00
2026-02-09T10:06:00.000Z,2026-02-09T10:17:00.000Z,BUY,0.01,1,1,10.00,1,27650.00
2026-02-09T10:17:00.000Z,2026-02-09T12:01:00.000Z,BUY,0.01,2,1,10.00,2,27660.00
2026-02-09T12:01:00.000Z,2026-02-09T12:06:00.000Z,BUY,0.01,1,1,10.00,1,27670.00
2026-02-09T12:06:00.000Z,2026-02-09T14:37:00.000Z,BUY,0.01,3,1,10.00,3,27680.00
2026-02-09T14:37:00.000Z,2026-02-09T16:31:00.000Z,BUY,0.01,3,1,10.00,3,27690.00
2026-02-09T16:31:00.000Z,2026-02-09T17:01:00.000Z,BUY,0.01,1,1,10.00,1,27700.00
2026-02-09T17:01:00.000Z,2026-02-09T17:34:00.000Z,BUY,0.01,1,1,10.00,1,27710.00
2026-02-09T17:34:00.000Z,2026-02-09T18:02:00.000Z,BUY,0.01,1,1,10.00,1,27720.00
2026-02-09T18:02:00.000Z,2026-02-09T18:22:00.000Z,BUY,0.01,1,1,10.00,1,27730.00
2026-02-09T18:22:00.000Z,2026-02-09T19:58:00.000Z,BUY,0.01,2,1,10.00,2,27740.00
2026-02-09T19:58:00.000Z,2026-02-09T20:03:00.000Z,BUY,0.01,1,1,10.00,1,27750.00
2026-02-09T20:03:00.000Z,2026-02-09T20:57:00.000Z,BUY,0.01,1,1,10.00,1,27760.00
2026-02-09T20:57:00.000Z,2026-02-09T21:28:00.000Z,BUY,0.01,1,1,10.00,1,27770.00
2026-02-09T21:28:00.000Z,2026-02-09T22:33:00.000Z,BUY,0.01,1,1,10.00,1,27780.00
2026-02-09T22:33:00.000Z,2026-02-09T23:28:00.000Z,BUY,0.01,2,1,10.00,2,27790.00
2026-02-09T23:28:00.000Z,2026-02-09T23:41:00.000Z,BUY,0.01,1,1,10.00,1,27800.00
2026-02-09T23:41:00.000Z,2026-02-10T01:01:00.000Z,BUY,0.01,1,1,10.00,1,27810.00
2026-02-10T01:01:00.000Z,2026-02-10T01:09:00.000Z,BUY,0.01,2,1,10.00,2,27820.00
2026-02-10T01:09:00.000Z,2026-02-10T01:10:00.000Z,BUY,0.01,2,1,10.00,2,27830.00
2026-02-10T01:10:00.000Z,2026-02-10T01:11:00.000Z,BUY,0.01,1,1,10.00,1,27840.00
2026-02-10T01:11:00.000Z,2026-02-10T01:12:00.000Z,BUY,0.01,2,1,10.00,2,27850.00
2026-02-10T01:12:00.000Z,2026-02-10T01:12:00.000Z,BUY,0.01,1,1,10.00,1,27860.00
2026-02-10T01:12:00.000Z,2026-02-10T01:13:00.000Z,BUY,0.01,1,1,10.00,1,27870.00
2026-02-10T01:13:00.000Z,2026-02-10T01:18:00.000Z,BUY,0.01,1,1,10.00,1,27880.00
2026-02-10T01:18:00.000Z,2026-02-10T01:43:00.000Z,BUY,0.01,3,1,10.00,3,27890.00
2026-02-10T01:43:00.000Z,2026-02-10T02:04:00.000Z,BUY,0.01,1,1,10.00,1,27900.00
2026-02-10T02:04:00.000Z,2026-02-10T02:46:00.000Z,BUY,0.01,2,1,10.00,2,27910.00
2026-02-10T02:46:00.000Z,2026-02-10T03:00:00.000Z,BUY,0.01,1,1,10.00,1,27920.00
2026-02-10T03:00:00.000Z,2026-02-10T03:15:00.000Z,BUY,0.01,1,1,10.00,1,27930.00
2026-02-10T03:15:00.000Z,2026-02-10T04:09:00.000Z,BUY,0.01,3,1,10.00,3,27940.00
2026-02-10T04:09:00.000Z,2026-02-10T07:27:00.000Z,BUY,0.01,2,1,10.00,2,27950.00
2026-02-10T07:27:00.000Z,2026-02-10T07:36:00.000Z,BUY,0.01,1,1,10.00,1,27960.00
2026-02-10T07:36:00.000Z,2026-02-10T07:47:00.000Z,BUY,0.01,1,1,10.00,1,27970.00
2026-02-10T07:47:00.000Z,2026-02-10T10:41:00.000Z,BUY,0.01,1,1,10.00,1,27980.00
2026-02-10T10:41:00.000Z,2026-02-10T11:09:00.000Z,BUY,0.01,1,1,10.00,1,27990.00
2026-02-10T11:09:00.000Z,2026-02-10T14:44:00.000Z,BUY,0.01,4,1,10.00,4,28000.00
2026-02-10T14:44:00.000Z,2026-02-10T15:08:00.000Z,BUY,0.01,1,1,10.00,1,28010.00
2026-02-10T15:08:00.000Z,2026-02-10T15:31:00.000Z,BUY,0.01,1,1,10.00,1,28020.00
2026-02-10T15:31:00.000Z,2026-02-10T15:33:00.000Z,BUY,0.01,1,1,10.00,1,28030.00
2026-02-10T15:33:00.000Z,2026-02-10T16:16:00.000Z,BUY,0.01,1,1,10.00,1,28040.00
2026-02-10T16:16:00.000Z,2026-02-10T16:31:00.000Z,BUY,0.01,1,1,10.00,1,28050.00
2026-02-10T16:31:00.000Z,2026-02-10T16:45:00.000Z,BUY,0.01,2,1,10.00,2,28060.00
2026-02-10T16:45:00.000Z,2026-02-10T17:37:00.000Z,BUY,0.01,2,1,10.00,2,28070.00
2026-02-10T17:37:00.000Z,2026-02-10T17:55:00.000Z,BUY,0.01,1,1,10.00,1,28080.00
2026-02-10T17:55:00.000Z,2026-02-10T19:29:00.000Z,BUY,0.01,3,1,10.00,3,28090.00
2026-02-10T19:29:00.000Z,2026-02-10T20:20:00.000Z,BUY,0.01,2,1,10.00,2,28100.00
2026-02-10T20:20:00.000Z,2026-02-10T21:18:00.000Z,BUY,0.01,1,1,10.00,1,28110.00
2026-02-10T21:18:00.000Z,2026-02-10T21:31:00.000Z,BUY,0.01,1,1,10.00,1,28120.00
2026-02-10T21:31:00.000Z,2026-02-10T22:48:00.000Z,BUY,0.01,1,1,10.00,1,28130.00
2026-02-10T22:48:00.000Z,2026-02-11T01:22:00.000Z,BUY,0.01,1,1,10.00,1,28140.00
2026-02-11T01:22:00.000Z,2026-02-11T05:31:00.000Z,BUY,0.01,3,1,10.00,3,28150.00
2026-02-11T05:31:00.000Z,2026-02-11T11:46:00.000Z,BUY,0.01,1,1,10.00,1,28160.00
2026-02-11T11:46:00.000Z,2026-02-11T12:40:00.000Z,BUY,0.01,1,1,10.00,1,28170.00
2026-02-11T12:40:00.000Z,2026-02-11T12:44:00.000Z,BUY,0.01,1,1,10.00,1,28180.00
2026-02-11T12:44:00.000Z,2026-02-11T12:45:00.000Z,BUY,0.01,1,1,10.00,1,28190.00
2026-02-11T12:45:00.000Z,2026-02-11T13:45:00.000Z,BUY,0.01,1,1,10.00,1,28200.00
2026-02-11T13:45:00.000Z,2026-02-11T14:35:00.000Z,BUY,0.01,2,1,10.00,2,28210.00
2026-02-11T14:35:00.000Z,2026-02-11T15:30:00.000Z,BUY,0.01,4,1,10.00,4,28220.00
2026-02-11T15:30:00.000Z,2026-02-11T15:30:00.000Z,BUY,0.01,2,1,10.00,2,28230.00
2026-02-11T15:30:00.000Z,2026-02-11T15:31:00.000Z,BUY,0.01,1,1,10.00,1,28240.00
2026-02-11T15:31:00.000Z,2026-02-11T15:31:00.000Z,BUY,0.01,1,1,10.00,1,28250.00
2026-02-11T15:31:00.000Z,2026-02-11T15:32:00.000Z,BUY,0.01,1,1,10.00,1,28260.00
2026-02-11T15:32:00.000Z,2026-02-11T15:39:00.000Z,BUY,0.01,1,1,10.00,1,28270.00
2026-02-11T15:39:00.000Z,2026-02-11T15:58:00.000Z,BUY,0.01,1,1,10.00,1,28280.00
2026-02-11T15:58:00.000Z,2026-02-11T16:16:00.000Z,BUY,0.01,1,1,10.00,1,28290.00
2026-02-11T16:16:00.000Z,2026-02-11T16:38:00.000Z,BUY,0.01,2,1,10.00,2,28300.00
2026-02-11T16:38:00.000Z,2026-02-11T16:56:00.000Z,BUY,0.01,1,1,10.00,1,28310.00
2026-02-11T16:56:00.000Z,2026-02-11T17:05:00.000Z,BUY,0.01,1,1,10.00,1,28320.00
2026-02-11T17:05:00.000Z,2026-02-11T17:37:00.000Z,BUY,0.01,2,1,10.00,2,28330.00
2026-02-11T17:37:00.000Z,2026-02-11T17:45:00.000Z,BUY,0.01,1,1,10.00,1,28340.00
2026-02-11T17:45:00.000Z,2026-02-11T18:02:00.000Z,BUY,0.01,1,1,10.00,1,28350.00
2026-02-11T18:02:00.000Z,2026-02-11T18:34:00.000Z,BUY,0.01,3,1,10.00,3,28360.00
2026-02-11T18:34:00.000Z,2026-02-11T19:11:00.000Z,BUY,0.01,1,1,10.00,1,28370.00
2026-02-11T19:11:00.000Z,2026-02-11T19:43:00.000Z,BUY,0.01,1,1,10.00,1,28380.00
2026-02-11T19:43:00.000Z,2026-02-12T01:10:00.000Z,BUY,0.01,5,0,-2420.00,5,25960.00
2026-02-12T01:10:00.000Z,2026-02-12T08:31:00.000Z,BUY,0.01,5,0,-2420.00,5,23540.00
2026-02-12T08:31:00.000Z,2026-02-12T09:14:00.000Z,BUY,0.01,1,1,10.00,1,23550.00
2026-02-12T09:14:00.000Z,2026-02-12T11:05:00.000Z,BUY,0.01,1,1,10.00,1,23560.00
2026-02-12T11:05:00.000Z,2026-02-12T16:56:00.000Z,BUY,0.01,4,1,10.00,4,23570.00
2026-02-12T16:56:00.000Z,2026-02-12T17:06:00.000Z,BUY,0.01,1,1,10.00,1,23580.00
2026-02-12T17:06:00.000Z,2026-02-12T17:15:00.000Z,BUY,0.01,1,1,10.00,1,23590.00
2026-02-12T17:15:00.000Z,2026-02-12T18:10:00.000Z,BUY,0.01,2,1,10.00,2,23600.00
2026-02-12T18:10:00.000Z,2026-02-12T18:12:00.000Z,BUY,0.01,2,1,10.00,2,23610.00
2026-02-12T18:12:00.000Z,2026-02-12T18:14:00.000Z,BUY,0.01,2,1,10.00,2,23620.00
2026-02-12T18:14:00.000Z,2026-02-12T18:15:00.000Z,BUY,0.01,2,1,10.00,2,23630.00
2026-02-12T18:15:00.000Z,2026-02-12T18:16:00.000Z,BUY,0.01,1,1,10.00,1,23640.00
2026-02-12T18:16:00.000Z,2026-02-12T18:17:00.000Z,BUY,0.01,2,1,10.00,2,23650.00
2026-02-12T18:17:00.000Z,2026-02-12T18:19:00.000Z,BUY,0.01,1,1,10.00,1,23660.00
2026-02-12T18:19:00.000Z,2026-02-12T18:26:00.000Z,BUY,0.01,2,1,10.00,2,23670.00
2026-02-12T18:26:00.000Z,2026-02-12T18:30:00.000Z,BUY,0.01,3,1,10.00,3,23680.00
2026-02-12T18:30:00.000Z,2026-02-12T18:31:00.000Z,BUY,0.01,1,1,10.00,1,23690.00
2026-02-12T18:31:00.000Z,2026-02-12T18:32:00.000Z,BUY,0.01,1,1,10.00,1,23700.00
2026-02-12T18:32:00.000Z,2026-02-12T18:35:00.000Z,BUY,0.01,1,1,10.00,1,23710.00
2026-02-12T18:35:00.000Z,2026-02-12T18:39:00.000Z,BUY,0.01,1,1,10.00,1,23720.00
2026-02-12T18:39:00.000Z,2026-02-12T18:41:00.000Z,BUY,0.01,1,1,10.00,1,23730.00
2026-02-12T18:41:00.000Z,2026-02-12T18:47:00.000Z,BUY,0.01,2,1,10.00,2,23740.00
2026-02-12T18:47:00.000Z,2026-02-12T18:50:00.000Z,BUY,0.01,1,1,10.00,1,23750.00
2026-02-12T18:50:00.000Z,2026-02-12T18:51:00.000Z,BUY,0.01,1,1,10.00,1,23760.00
2026-02-12T18:51:00.000Z,2026-02-12T19:20:00.000Z,BUY,0.01,3,1,10.00,3,23770.00
2026-02-12T19:20:00.000Z,2026-02-12T19:24:00.000Z,BUY,0.01,1,1,10.00,1,23780.00
2026-02-12T19:24:00.000Z,2026-02-12T19:51:00.000Z,BUY,0.01,2,1,10.00,2,23790.00
2026-02-12T19:51:00.000Z,2026-02-12T20:18:00.000Z,BUY,0.01,2,1,10.00,2,23800.00
2026-02-12T20:18:00.000Z,2026-02-12T20:21:00.000Z,BUY,0.01,1,1,10.00,1,23810.00
2026-02-12T20:21:00.000Z,2026-02-12T20:39:00.000Z,BUY,0.01,1,1,10.00,1,23820.00
2026-02-12T20:39:00.000Z,2026-02-12T20:51:00.000Z,BUY,0.01,1,1,10.00,1,23830.00
2026-02-12T20:51:00.000Z,2026-02-12T22:30:00.000Z,BUY,0.01,4,1,10.00,4,23840.00
2026-02-12T22:30:00.000Z,2026-02-13T01:00:00.000Z,BUY,0.01,1,1,10.00,1,23850.00
2026-02-13T01:00:00.000Z,2026-02-13T01:00:00.000Z,BUY,0.01,2,1,10.00,2,23860.00
2026-02-13T01:00:00.000Z,2026-02-13T01:09:00.000Z,BUY,0.01,1,1,10.00,1,23870.00
2026-02-13T01:09:00.000Z,2026-02-13T01:16:00.000Z,BUY,0.01,1,1,10.00,1,23880.00
2026-02-13T01:16:00.000Z,2026-02-13T02:06:00.000Z,BUY,0.01,1,1,10.00,1,23890.00
2026-02-13T02:06:00.000Z,2026-02-13T02:08:00.000Z,BUY,0.01,1,1,10.00,1,23900.00
2026-02-13T02:08:00.000Z,2026-02-13T03:01:00.000Z,BUY,0.01,1,1,10.00,1,23910.00
2026-02-13T03:01:00.000Z,2026-02-13T03:06:00.000Z,BUY,0.01,1,1,10.00,1,23920.00
2026-02-13T03:06:00.000Z,2026-02-13T03:19:00.000Z,BUY,0.01,1,1,10.00,1,23930.00
2026-02-13T03:19:00.000Z,2026-02-13T03:43:00.000Z,BUY,0.01,1,1,10.00,1,23940.00
2026-02-13T03:43:00.000Z,2026-02-13T06:16:00.000Z,BUY,0.01,1,1,10.00,1,23950.00
2026-02-13T06:16:00.000Z,2026-02-13T07:43:00.000Z,BUY,0.01,2,1,10.00,2,23960.00
2026-02-13T07:43:00.000Z,2026-02-13T09:18:00.000Z,BUY,0.01,1,1,10.00,1,23970.00
2026-02-13T09:18:00.000Z,2026-02-13T09:39:00.000Z,BUY,0.01,1,1,10.00,1,23980.00
2026-02-13T09:39:00.000Z,2026-02-13T12:58:00.000Z,BUY,0.01,2,1,10.00,2,23990.00
2026-02-13T12:58:00.000Z,2026-02-13T14:08:00.000Z,BUY,0.01,1,1,10.00,1,24000.00
2026-02-13T14:08:00.000Z,2026-02-13T14:23:00.000Z,BUY,0.01,1,1,10.00,1,24010.00
2026-02-13T14:23:00.000Z,2026-02-13T15:30:00.000Z,BUY,0.01,1,1,10.00,1,24020.00
2026-02-13T15:30:00.000Z,2026-02-13T15:30:00.000Z,BUY,0.01,1,1,10.00,1,24030.00
2026-02-13T15:30:00.000Z,2026-02-13T16:15:00.000Z,BUY,0.01,3,1,10.00,3,24040.00
2026-02-13T16:15:00.000Z,2026-02-13T16:41:00.000Z,BUY,0.01,2,1,10.00,2,24050.00
2026-02-13T16:41:00.000Z,2026-02-13T16:43:00.000Z,BUY,0.01,1,1,10.00,1,24060.00
2026-02-13T16:43:00.000Z,2026-02-13T16:45:00.000Z,BUY,0.01,1,1,10.00,1,24070.00
2026-02-13T16:45:00.000Z,2026-02-13T16:48:00.000Z,BUY,0.01,1,1,10.00,1,24080.00
2026-02-13T16:48:00.000Z,2026-02-13T17:36:00.000Z,BUY,0.01,1,1,10.00,1,24090.00
2026-02-13T17:36:00.000Z,2026-02-13T17:56:00.000Z,BUY,0.01,2,1,10.00,2,24100.00
2026-02-13T17:56:00.000Z,2026-02-13T18:07:00.000Z,BUY,0.01,1,1,10.00,1,24110.00
2026-02-13T18:07:00.000Z,2026-02-13T18:17:00.000Z,BUY,0.01,1,1,10.00,1,24120.00
2026-02-13T18:17:00.000Z,2026-02-13T18:26:00.000Z,BUY,0.01,1,1,10.00,1,24130.00
2026-02-13T18:26:00.000Z,2026-02-13T18:28:00.000Z,BUY,0.01,1,1,10.00,1,24140.00
2026-02-13T18:28:00.000Z,2026-02-13T21:01:00.000Z,BUY,0.01,1,1,10.00,1,24150.00
2026-02-13T21:01:00.000Z,2026-02-13T21:09:00.000Z,BUY,0.01,1,1,10.00,1,24160.00
2026-02-13T21:09:00.000Z,2026-02-16T01:02:00.000Z,BUY,0.01,4,1,10.00,4,24170.00
2026-02-16T01:02:00.000Z,2026-02-16T01:03:00.000Z,BUY,0.01,1,1,10.00,1,24180.00
2026-02-16T01:03:00.000Z,2026-02-16T04:48:00.000Z,BUY,0.01,4,1,10.00,4,24190.00
2026-02-16T04:48:00.000Z,2026-02-16T07:03:00.000Z,BUY,0.01,2,1,10.00,2,24200.00
2026-02-16T07:03:00.000Z,2026-02-16T07:04:00.000Z,BUY,0.01,1,1,10.00,1,24210.00
2026-02-16T07:04:00.000Z,2026-02-16T07:18:00.000Z,BUY,0.01,1,1,10.00,1,24220.00
2026-02-16T07:18:00.000Z,2026-02-16T08:39:00.000Z,BUY,0.01,1,1,10.00,1,24230.00
2026-02-16T08:39:00.000Z,2026-02-16T09:47:00.000Z,BUY,0.01,1,1,10.00,1,24240.00
2026-02-16T09:47:00.000Z,2026-02-16T17:03:00.000Z,BUY,0.01,2,1,10.00,2,24250.00
2026-02-16T17:03:00.000Z,2026-02-16T18:28:00.000Z,BUY,0.01,1,1,10.00,1,24260.00
2026-02-16T18:28:00.000Z,2026-02-16T20:45:00.000Z,BUY,0.01,1,1,10.00,1,24270.00
2026-02-16T20:45:00.000Z,2026-02-17T02:52:00.000Z,BUY,0.01,2,1,10.00,2,24280.00
2026-02-17T02:52:00.000Z,2026-02-17T02:58:00.000Z,BUY,0.01,2,1,10.00,2,24290.00
2026-02-17T02:58:00.000Z,2026-02-17T03:08:00.000Z,BUY,0.01,1,1,10.00,1,24300.00
2026-02-17T03:08:00.000Z,2026-02-17T03:30:00.000Z,BUY,0.01,1,1,10.00,1,24310.00
2026-02-17T03:30:00.000Z,2026-02-17T04:19:00.000Z,BUY,0.01,1,1,10.00,1,24320.00
2026-02-17T04:19:00.000Z,2026-02-17T07:07:00.000Z,BUY,0.01,2,1,10.00,2,24330.00
2026-02-17T07:07:00.000Z,2026-02-17T07:17:00.000Z,BUY,0.01,2,1,10.00,2,24340.00
2026-02-17T07:17:00.000Z,2026-02-17T07:31:00.000Z,BUY,0.01,2,1,10.00,2,24350.00
2026-02-17T07:31:00.000Z,2026-02-17T07:37:00.000Z,BUY,0.01,1,1,10.00,1,24360.00
2026-02-17T07:37:00.000Z,2026-02-17T08:19:00.000Z,BUY,0.01,1,1,10.00,1,24370.00
2026-02-17T08:19:00.000Z,2026-02-17T08:38:00.000Z,BUY,0.01,1,1,10.00,1,24380.00
2026-02-17T08:38:00.000Z,2026-02-17T09:39:00.000Z,BUY,0.01,1,1,10.00,1,24390.00
2026-02-17T09:39:00.000Z,2026-02-17T10:13:00.000Z,BUY,0.01,1,1,10.00,1,24400.00
2026-02-17T10:13:00.000Z,2026-02-17T14:15:00.000Z,BUY,0.01,3,1,10.00,3,24410.00
2026-02-17T14:15:00.000Z,2026-02-17T15:32:00.000Z,BUY,0.01,2,1,10.00,2,24420.00
2026-02-17T15:32:00.000Z,2026-02-17T15:40:00.000Z,BUY,0.01,1,1,10.00,1,24430.00
2026-02-17T15:40:00.000Z,2026-02-17T15:57:00.000Z,BUY,0.01,2,1,10.00,2,24440.00
2026-02-17T15:57:00.000Z,2026-02-17T16:01:00.000Z,BUY,0.01,2,1,10.00,2,24450.00
2026-02-17T16:01:00.000Z,2026-02-17T16:04:00.000Z,BUY,0.01,1,1,10.00,1,24460.00
2026-02-17T16:04:00.000Z,2026-02-17T16:05:00.000Z,BUY,0.01,1,1,10.00,1,24470.00
2026-02-17T16:05:00.000Z,2026-02-17T16:08:00.000Z,BUY,0.01,1,1,10.00,1,24480.00
2026-02-17T16:08:00.000Z,2026-02-17T16:22:00.000Z,BUY,0.01,1,1,10.00,1,24490.00
2026-02-17T16:22:00.000Z,2026-02-17T16:44:00.000Z,BUY,0.01,2,1,10.00,2,24500.00
2026-02-17T16:44:00.000Z,2026-02-17T17:58:00.000Z,BUY,0.01,3,1,10.00,3,24510.00
2026-02-17T17:58:00.000Z,2026-02-17T18:07:00.000Z,BUY,0.01,1,1,10.00,1,24520.00
2026-02-17T18:07:00.000Z,2026-02-17T19:00:00.000Z,BUY,0.01,2,1,10.00,2,24530.00
2026-02-17T19:00:00.000Z,2026-02-17T20:04:00.000Z,BUY,0.01,1,1,10.00,1,24540.00
2026-02-17T20:04:00.000Z,2026-02-17T20:20:00.000Z,BUY,0.01,1,1,10.00,1,24550.00
2026-02-17T20:20:00.000Z,2026-02-17T20:40:00.000Z,BUY,0.01,1,1,10.00,1,24560.00
2026-02-17T20:40:00.000Z,2026-02-17T20:56:00.000Z,BUY,0.01,1,1,10.00,1,24570.00
2026-02-17T20:56:00.000Z,2026-02-18T01:01:00.000Z,BUY,0.01,2,1,10.00,2,24580.00
2026-02-18T01:01:00.000Z,2026-02-18T01:14:00.000Z,BUY,0.01,1,1,10.00,1,24590.00
2026-02-18T01:14:00.000Z,2026-02-18T04:03:00.000Z,BUY,0.01,3,1,10.00,3,24600.00
2026-02-18T04:03:00.000Z,2026-02-18T04:25:00.000Z,BUY,0.01,1,1,10.00,1,24610.00
2026-02-18T04:25:00.000Z,2026-02-18T05:04:00.000Z,BUY,0.01,1,1,10.00,1,24620.00
2026-02-18T05:04:00.000Z,2026-02-18T06:07:00.000Z,BUY,0.01,1,1,10.00,1,24630.00
2026-02-18T06:07:00.000Z,2026-02-18T06:30:00.000Z,BUY,0.01,1,1,10.00,1,24640.00
2026-02-18T06:30:00.000Z,2026-02-18T14:59:00.000Z,BUY,0.01,3,1,10.00,3,24650.00
2026-02-18T14:59:00.000Z,2026-02-18T15:01:00.000Z,BUY,0.01,1,1,10.00,1,24660.00
2026-02-18T15:01:00.000Z,2026-02-18T15:36:00.000Z,BUY,0.01,1,1,10.00,1,24670.00
2026-02-18T15:36:00.000Z,2026-02-18T16:32:00.000Z,BUY,0.01,1,1,10.00,1,24680.00
2026-02-18T16:32:00.000Z,2026-02-18T16:38:00.000Z,BUY,0.01,1,1,10.00,1,24690.00
2026-02-18T16:38:00.000Z,2026-02-18T17:01:00.000Z,BUY,0.01,1,1,10.00,1,24700.00
2026-02-18T17:01:00.000Z,2026-02-18T17:03:00.000Z,BUY,0.01,1,1,10.00,1,24710.00
2026-02-18T17:03:00.000Z,2026-02-18T21:27:00.000Z,BUY,0.01,2,1,10.00,2,24720.00
2026-02-18T21:27:00.000Z,2026-02-18T22:43:00.000Z,BUY,0.01,1,1,10.00,1,24730.00
2026-02-18T22:43:00.000Z,2026-02-19T07:44:00.000Z,BUY,0.01,5,1,10.00,5,24740.00
2026-02-19T07:44:00.000Z,2026-02-19T08:33:00.000Z,BUY,0.01,1,1,10.00,1,24750.00
2026-02-19T08:33:00.000Z,2026-02-19T08:50:00.000Z,BUY,0.01,1,1,10.00,1,24760.00
2026-02-19T08:50:00.000Z,2026-02-19T12:09:00.000Z,BUY,0.01,2,1,10.00,2,24770.00
2026-02-19T12:09:00.000Z,2026-02-19T15:42:00.000Z,BUY,0.01,1,1,10.00,1,24780.00
2026-02-19T15:42:00.000Z,2026-02-19T16:34:00.000Z,BUY,0.01,2,1,10.00,2,24790.00
2026-02-19T16:34:00.000Z,2026-02-19T16:35:00.000Z,BUY,0.01,1,1,10.00,1,24800.00
2026-02-19T16:35:00.000Z,2026-02-19T16:43:00.000Z,BUY,0.01,1,1,10.00,1,24810.00
2026-02-19T16:43:00.000Z,2026-02-19T16:48:00.000Z,BUY,0.01,1,1,10.00,1,24820.00
2026-02-19T16:48:00.000Z,2026-02-19T16:56:00.000Z,BUY,0.01,1,1,10.00,1,24830.00
2026-02-19T16:56:00.000Z,2026-02-19T17:30:00.000Z,BUY,0.01,1,1,10.00,1,24840.00
2026-02-19T17:30:00.000Z,2026-02-19T19:37:00.000Z,BUY,0.01,2,1,10.00,2,24850.00
2026-02-19T19:37:00.000Z,2026-02-19T22:40:00.000Z,BUY,0.01,1,1,10.00,1,24860.00
2026-02-19T22:40:00.000Z,2026-02-20T03:00:00.000Z,BUY,0.01,1,1,10.00,1,24870.00
2026-02-20T03:00:00.000Z,2026-02-20T08:11:00.000Z,BUY,0.01,3,1,10.00,3,24880.00
2026-02-20T08:11:00.000Z,2026-02-20T08:25:00.000Z,BUY,0.01,1,1,10.00,1,24890.00
2026-02-20T08:25:00.000Z,2026-02-20T11:09:00.000Z,BUY,0.01,3,1,10.00,3,24900.00
2026-02-20T11:09:00.000Z,2026-02-20T14:30:00.000Z,BUY,0.01,2,1,10.00,2,24910.00
2026-02-20T14:30:00.000Z,2026-02-20T14:32:00.000Z,BUY,0.01,1,1,10.00,1,24920.00
2026-02-20T14:32:00.000Z,2026-02-20T15:17:00.000Z,BUY,0.01,1,1,10.00,1,24930.00
2026-02-20T15:17:00.000Z,2026-02-20T15:49:00.000Z,BUY,0.01,1,1,10.00,1,24940.00
2026-02-20T15:49:00.000Z,2026-02-20T16:32:00.000Z,BUY,0.01,1,1,10.00,1,24950.00
2026-02-20T16:32:00.000Z,2026-02-20T16:45:00.000Z,BUY,0.01,1,1,10.00,1,24960.00
2026-02-20T16:45:00.000Z,2026-02-20T17:03:00.000Z,BUY,0.01,2,1,10.00,2,24970.00
2026-02-20T17:03:00.000Z,2026-02-20T17:06:00.000Z,BUY,0.01,2,1,10.00,2,24980.00
2026-02-20T17:06:00.000Z,2026-02-20T17:08:00.000Z,BUY,0.01,1,1,10.00,1,24990.00
2026-02-20T17:08:00.000Z,2026-02-20T17:08:00.000Z,BUY,0.01,1,1,10.00,1,25000.00
2026-02-20T17:08:00.000Z,2026-02-20T17:09:00.000Z,BUY,0.01,1,1,10.00,1,25010.00
2026-02-20T17:09:00.000Z,2026-02-20T17:18:00.000Z,BUY,0.01,3,1,10.00,3,25020.00
2026-02-20T17:18:00.000Z,2026-02-20T17:47:00.000Z,BUY,0.01,3,1,10.00,3,25030.00
2026-02-20T17:47:00.000Z,2026-02-20T18:32:00.000Z,BUY,0.01,1,1,10.00,1,25040.00
2026-02-20T18:32:00.000Z,2026-02-20T19:07:00.000Z,BUY,0.01,1,1,10.00,1,25050.00
2026-02-20T19:07:00.000Z,2026-02-20T22:19:00.000Z,BUY,0.01,1,1,10.00,1,25060.00
2026-02-20T22:19:00.000Z,2026-02-20T22:57:00.000Z,BUY,0.01,1,1,10.00,1,25070.00
2026-02-20T22:57:00.000Z,2026-02-20T23:49:00.000Z,BUY,0.01,1,1,10.00,1,25080.00
2026-02-20T23:49:00.000Z,2026-02-23T01:02:00.000Z,BUY,0.01,1,1,10.00,1,25090.00
2026-02-23T01:02:00.000Z,2026-02-23T01:06:00.000Z,BUY,0.01,1,1,10.00,1,25100.00
2026-02-23T01:06:00.000Z,2026-02-23T01:08:00.000Z,BUY,0.01,1,1,10.00,1,25110.00
2026-02-23T01:08:00.000Z,2026-02-23T01:14:00.000Z,BUY,0.01,1,1,10.00,1,25120.00
2026-02-23T01:14:00.000Z,2026-02-23T01:40:00.000Z,BUY,0.01,1,1,10.00,1,25130.00
2026-02-23T01:40:00.000Z,2026-02-23T01:51:00.000Z,BUY,0.01,1,1,10.00,1,25140.00
2026-02-23T01:51:00.000Z,2026-02-23T02:12:00.000Z,BUY,0.01,2,1,10.00,2,25150.00
2026-02-23T02:12:00.000Z,2026-02-23T02:24:00.000Z,BUY,0.01,1,1,10.00,1,25160.00
2026-02-23T02:24:00.000Z,2026-02-23T02:30:00.000Z,BUY,0.01,1,1,10.00,1,25170.00
2026-02-23T02:30:00.000Z,2026-02-23T03:42:00.000Z,BUY,0.01,1,1,10.00,1,25180.00
2026-02-23T03:42:00.000Z,2026-02-23T04:41:00.000Z,BUY,0.01,1,1,10.00,1,25190.00
2026-02-23T04:41:00.000Z,2026-02-23T09:00:00.000Z,BUY,0.01,2,1,10.00,2,25200.00
2026-02-23T09:00:00.000Z,2026-02-23T12:24:00.000Z,BUY,0.01,3,1,10.00,3,25210.00
2026-02-23T12:24:00.000Z,2026-02-23T16:30:00.000Z,BUY,0.01,1,1,10.00,1,25220.00
2026-02-23T16:30:00.000Z,2026-02-23T16:36:00.000Z,BUY,0.01,1,1,10.00,1,25230.00
2026-02-23T16:36:00.000Z,2026-02-23T16:43:00.000Z,BUY,0.01,1,1,10.00,1,25240.00
2026-02-23T16:43:00.000Z,2026-02-23T16:45:00.000Z,BUY,0.01,1,1,10.00,1,25250.00
2026-02-23T16:45:00.000Z,2026-02-23T18:16:00.000Z,BUY,0.01,3,1,10.00,3,25260.00
2026-02-23T18:16:00.000Z,2026-02-23T18:19:00.000Z,BUY,0.01,1,1,10.00,1,25270.00
2026-02-23T18:19:00.000Z,2026-02-23T22:30:00.000Z,BUY,0.01,3,1,10.00,3,25280.00
2026-02-23T22:30:00.000Z,2026-02-23T22:58:00.000Z,BUY,0.01,1,1,10.00,1,25290.00
2026-02-23T22:58:00.000Z,2026-02-24T01:04:00.000Z,BUY,0.01,1,1,10.00,1,25300.00
2026-02-24T01:04:00.000Z,2026-02-24T03:00:00.000Z,BUY,0.01,2,1,10.00,2,25310.00
2026-02-24T03:00:00.000Z,2026-02-24T03:13:00.000Z,BUY,0.01,2,1,10.00,2,25320.00
2026-02-24T03:13:00.000Z,2026-02-24T03:15:00.000Z,BUY,0.01,2,1,10.00,2,25330.00
2026-02-24T03:15:00.000Z,2026-02-24T03:19:00.000Z,BUY,0.01,1,1,10.00,1,25340.00
2026-02-24T03:19:00.000Z,2026-02-24T03:45:00.000Z,BUY,0.01,1,1,10.00,1,25350.00
2026-02-24T03:45:00.000Z,2026-02-24T04:50:00.000Z,BUY,0.01,1,1,10.00,1,25360.00
2026-02-24T04:50:00.000Z,2026-02-24T08:35:00.000Z,BUY,0.01,2,1,10.00,2,25370.00
2026-02-24T08:35:00.000Z,2026-02-24T08:39:00.000Z,BUY,0.01,1,1,10.00,1,25380.00
2026-02-24T08:39:00.000Z,2026-02-24T09:19:00.000Z,BUY,0.01,1,1,10.00,1,25390.00
2026-02-24T09:19:00.000Z,2026-02-24T14:19:00.000Z,BUY,0.01,2,1,10.00,2,25400.00
2026-02-24T14:19:00.000Z,2026-02-24T14:22:00.000Z,BUY,0.01,1,1,10.00,1,25410.00
2026-02-24T14:22:00.000Z,2026-02-24T15:48:00.000Z,BUY,0.01,2,1,10.00,2,25420.00
2026-02-24T15:48:00.000Z,2026-02-24T16:13:00.000Z,BUY,0.01,2,1,10.00,2,25430.00
2026-02-24T16:13:00.000Z,2026-02-24T16:20:00.000Z,BUY,0.01,1,1,10.00,1,25440.00
2026-02-24T16:20:00.000Z,2026-02-24T16:25:00.000Z,BUY,0.01,1,1,10.00,1,25450.00
2026-02-24T16:25:00.000Z,2026-02-24T16:38:00.000Z,BUY,0.01,1,1,10.00,1,25460.00
2026-02-24T16:38:00.000Z,2026-02-24T17:16:00.000Z,BUY,0.01,1,1,10.00,1,25470.00
2026-02-24T17:16:00.000Z,2026-02-24T17:45:00.000Z,BUY,0.01,1,1,10.00,1,25480.00
2026-02-24T17:45:00.000Z,2026-02-24T19:18:00.000Z,BUY,0.01,1,1,10.00,1,25490.00
2026-02-24T19:18:00.000Z,2026-02-24T22:34:00.000Z,BUY,0.01,1,1,10.00,1,25500.00
2026-02-24T22:34:00.000Z,2026-02-24T23:50:00.000Z,BUY,0.01,2,1,10.00,2,25510.00
2026-02-24T23:50:00.000Z,2026-02-25T01:47:00.000Z,BUY,0.01,3,1,10.00,3,25520.00
2026-02-25T01:47:00.000Z,2026-02-25T03:04:00.000Z,BUY,0.01,1,1,10.00,1,25530.00
2026-02-25T03:04:00.000Z,2026-02-25T03:09:00.000Z,BUY,0.01,1,1,10.00,1,25540.00
2026-02-25T03:09:00.000Z,2026-02-25T03:18:00.000Z,BUY,0.01,1,1,10.00,1,25550.00
2026-02-25T03:18:00.000Z,2026-02-25T04:16:00.000Z,BUY,0.01,1,1,10.00,1,25560.00
2026-02-25T04:16:00.000Z,2026-02-25T07:43:00.000Z,BUY,0.01,3,1,10.00,3,25570.00
2026-02-25T07:43:00.000Z,2026-02-25T12:32:00.000Z,BUY,0.01,2,1,10.00,2,25580.00
2026-02-25T12:32:00.000Z,2026-02-25T13:59:00.000Z,BUY,0.01,1,1,10.00,1,25590.00
2026-02-25T13:59:00.000Z,2026-02-25T16:56:00.000Z,BUY,0.01,3,1,10.00,3,25600.00
2026-02-25T16:56:00.000Z,2026-02-25T18:22:00.000Z,BUY,0.01,3,1,10.00,3,25610.00
2026-02-25T18:22:00.000Z,2026-02-25T18:47:00.000Z,BUY,0.01,1,1,10.00,1,25620.00
2026-02-25T18:47:00.000Z,2026-02-25T22:30:00.000Z,BUY,0.01,2,1,10.00,2,25630.00
2026-02-25T22:30:00.000Z,2026-02-25T22:58:00.000Z,BUY,0.01,2,1,10.00,2,25640.00
2026-02-25T22:58:00.000Z,2026-02-25T23:10:00.000Z,BUY,0.01,1,1,10.00,1,25650.00
2026-02-25T23:10:00.000Z,2026-02-26T01:02:00.000Z,BUY,0.01,1,1,10.00,1,25660.00
2026-02-26T01:02:00.000Z,2026-02-26T02:28:00.000Z,BUY,0.01,1,1,10.00,1,25670.00
2026-02-26T02:28:00.000Z,2026-02-26T03:00:00.000Z,BUY,0.01,1,1,10.00,1,25680.00
2026-02-26T03:00:00.000Z,2026-02-26T07:25:00.000Z,BUY,0.01,1,1,10.00,1,25690.00
2026-02-26T07:25:00.000Z,2026-02-26T10:33:00.000Z,BUY,0.01,2,1,10.00,2,25700.00
2026-02-26T10:33:00.000Z,2026-02-26T11:48:00.000Z,BUY,0.01,1,1,10.00,1,25710.00
2026-02-26T11:48:00.000Z,2026-02-26T16:30:00.000Z,BUY,0.01,4,1,10.00,4,25720.00
2026-02-26T16:30:00.000Z,2026-02-26T16:34:00.000Z,BUY,0.01,1,1,10.00,1,25730.00
2026-02-26T16:34:00.000Z,2026-02-26T16:46:00.000Z,BUY,0.01,1,1,10.00,1,25740.00
2026-02-26T16:46:00.000Z,2026-02-26T17:27:00.000Z,BUY,0.01,2,1,10.00,2,25750.00
2026-02-26T17:27:00.000Z,2026-02-26T17:34:00.000Z,BUY,0.01,1,1,10.00,1,25760.00
2026-02-26T17:34:00.000Z,2026-02-26T17:38:00.000Z,BUY,0.01,1,1,10.00,1,25770.00
2026-02-26T17:38:00.000Z,2026-02-26T17:43:00.000Z,BUY,0.01,1,1,10.00,1,25780.00
2026-02-26T17:43:00.000Z,2026-02-26T17:48:00.000Z,BUY,0.01,1,1,10.00,1,25790.00
2026-02-26T17:48:00.000Z,2026-02-27T04:00:00.000Z,BUY,0.01,3,1,10.00,3,25800.00
2026-02-27T04:00:00.000Z,2026-02-27T15:07:00.000Z,BUY,0.01,5,1,10.00,5,25810.00
2026-02-27T15:07:00.000Z,2026-02-27T15:15:00.000Z,BUY,0.01,1,1,10.00,1,25820.00
2026-02-27T15:15:00.000Z,2026-02-27T15:21:00.000Z,BUY,0.01,1,1,10.00,1,25830.00
2026-02-27T15:21:00.000Z,2026-02-27T15:24:00.000Z,BUY,0.01,1,1,10.00,1,25840.00
2026-02-27T15:24:00.000Z,2026-02-27T18:10:00.000Z,BUY,0.01,5,1,10.00,5,25850.00
2026-02-27T18:10:00.000Z,2026-02-27T18:15:00.000Z,BUY,0.01,1,1,10.00,1,25860.00
2026-02-27T18:15:00.000Z,2026-02-27T18:24:00.000Z,BUY,0.01,2,1,10.00,2,25870.00
2026-02-27T18:24:00.000Z,2026-02-27T18:30:00.000Z,BUY,0.01,1,1,10.00,1,25880.00
2026-02-27T18:30:00.000Z,2026-02-27T21:01:00.000Z,BUY,0.01,1,1,10.00,1,25890.00
2026-02-27T21:01:00.000Z,2026-02-27T22:21:00.000Z,BUY,0.01,1,1,10.00,1,25900.00
2026-02-27T22:21:00.000Z,2026-02-27T23:39:00.000Z,BUY,0.01,1,1,10.00,1,25910.00
2026-02-27T23:39:00.000Z,2026-02-27T23:48:00.000Z,BUY,0.01,1,1,10.00,1,25920.00
2026-02-27T23:48:00.000Z,2026-03-02T01:00:00.000Z,BUY,0.01,1,1,10.00,1,25930.00
2026-03-02T01:00:00.000Z,2026-03-02T01:00:00.000Z,BUY,0.01,1,1,10.00,1,25940.00
2026-03-02T01:00:00.000Z,2026-03-02T01:00:00.000Z,BUY,0.01,1,1,10.00,1,25950.00
2026-03-02T01:00:00.000Z,2026-03-02T01:00:00.000Z,BUY,0.01,1,1,10.00,1,25960.00
2026-03-02T01:00:00.000Z,2026-03-02T01:00:00.000Z,BUY,0.01,1,1,10.00,1,25970.00
2026-03-02T01:00:00.000Z,2026-03-02T01:00:00.000Z,BUY,0.01,1,1,10.00,1,25980.00
2026-03-02T01:00:00.000Z,2026-03-02T01:00:00.000Z,BUY,0.01,1,1,10.00,1,25990.00
2026-03-02T01:00:00.000Z,2026-03-02T01:00:00.000Z,BUY,0.01,1,1,10.00,1,26000.00
2026-03-02T01:00:00.000Z,2026-03-02T01:00:00.000Z,BUY,0.01,2,1,10.00,2,26010.00
2026-03-02T01:00:00.000Z,2026-03-02T01:03:00.000Z,BUY,0.01,3,1,10.00,3,26020.00
2026-03-02T01:03:00.000Z,2026-03-02T01:03:00.000Z,BUY,0.01,1,1,10.00,1,26030.00
2026-03-02T01:03:00.000Z,2026-03-02T01:04:00.000Z,BUY,0.01,1,1,10.00,1,26040.00
2026-03-02T01:04:00.000Z,2026-03-02T01:05:00.000Z,BUY,0.01,1,1,10.00,1,26050.00
2026-03-02T01:05:00.000Z,2026-03-02T01:06:00.000Z,BUY,0.01,2,1,10.00,2,26060.00
2026-03-02T01:06:00.000Z,2026-03-02T01:09:00.000Z,BUY,0.01,1,1,10.00,1,26070.00
2026-03-02T01:09:00.000Z,2026-03-02T01:31:00.000Z,BUY,0.01,1,1,10.00,1,26080.00
2026-03-02T01:31:00.000Z,2026-03-02T01:37:00.000Z,BUY,0.01,1,1,10.00,1,26090.00
2026-03-02T01:37:00.000Z,2026-03-02T01:41:00.000Z,BUY,0.01,1,1,10.00,1,26100.00
2026-03-02T01:41:00.000Z,2026-03-02T01:42:00.000Z,BUY,0.01,1,1,10.00,1,26110.00
2026-03-02T01:42:00.000Z,2026-03-02T02:17:00.000Z,BUY,0.01,2,1,10.00,2,26120.00
2026-03-02T02:17:00.000Z,2026-03-02T02:34:00.000Z,BUY,0.01,1,1,10.00,1,26130.00
2026-03-02T02:34:00.000Z,2026-03-02T02:54:00.000Z,BUY,0.01,2,1,10.00,2,26140.00
2026-03-02T02:54:00.000Z,2026-03-02T02:57:00.000Z,BUY,0.01,1,1,10.00,1,26150.00
2026-03-02T02:57:00.000Z,2026-03-02T03:01:00.000Z,BUY,0.01,2,1,10.00,2,26160.00
2026-03-02T03:01:00.000Z,2026-03-02T03:02:00.000Z,BUY,0.01,1,1,10.00,1,26170.00
2026-03-02T03:02:00.000Z,2026-03-02T03:16:00.000Z,BUY,0.01,1,1,10.00,1,26180.00
2026-03-02T03:16:00.000Z,2026-03-02T03:29:00.000Z,BUY,0.01,2,1,10.00,2,26190.00
2026-03-02T03:29:00.000Z,2026-03-02T03:33:00.000Z,BUY,0.01,1,1,10.00,1,26200.00
2026-03-02T03:33:00.000Z,2026-03-02T03:39:00.000Z,BUY,0.01,1,1,10.00,1,26210.00
2026-03-02T03:39:00.000Z,2026-03-02T04:41:00.000Z,BUY,0.01,1,1,10.00,1,26220.00
2026-03-02T04:41:00.000Z,2026-03-02T05:04:00.000Z,BUY,0.01,1,1,10.00,1,26230.00
2026-03-02T05:04:00.000Z,2026-03-02T05:38:00.000Z,BUY,0.01,1,1,10.00,1,26240.00
2026-03-02T05:38:00.000Z,2026-03-02T08:07:00.000Z,BUY,0.01,3,1,10.00,3,26250.00
2026-03-02T08:07:00.000Z,2026-03-02T08:48:00.000Z,BUY,0.01,1,1,10.00,1,26260.00
2026-03-02T08:48:00.000Z,2026-03-02T09:07:00.000Z,BUY,0.01,1,1,10.00,1,26270.00
2026-03-02T09:07:00.000Z,2026-03-02T09:13:00.000Z,BUY,0.01,1,1,10.00,1,26280.00
2026-03-02T09:13:00.000Z,2026-03-02T09:17:00.000Z,BUY,0.01,1,1,10.00,1,26290.00
2026-03-02T09:17:00.000Z,2026-03-02T11:20:00.000Z,BUY,0.01,2,1,10.00,2,26300.00
2026-03-02T11:20:00.000Z,2026-03-02T11:22:00.000Z,BUY,0.01,1,1,10.00,1,26310.00
2026-03-02T11:22:00.000Z,2026-03-02T15:05:00.000Z,BUY,0.01,3,1,10.00,3,26320.00
2026-03-02T15:05:00.000Z,2026-03-02T16:05:00.000Z,BUY,0.01,4,1,10.00,4,26330.00
2026-03-02T16:05:00.000Z,2026-03-02T16:05:00.000Z,BUY,0.01,1,1,10.00,1,26340.00
2026-03-02T16:05:00.000Z,2026-03-02T16:22:00.000Z,BUY,0.01,2,1,10.00,2,26350.00
2026-03-02T16:22:00.000Z,2026-03-02T16:25:00.000Z,BUY,0.01,2,1,10.00,2,26360.00
2026-03-02T16:25:00.000Z,2026-03-02T16:29:00.000Z,BUY,0.01,1,1,10.00,1,26370.00
2026-03-02T16:29:00.000Z,2026-03-02T16:34:00.000Z,BUY,0.01,2,1,10.00,2,26380.00
2026-03-02T16:34:00.000Z,2026-03-02T16:34:00.000Z,BUY,0.01,1,1,10.00,1,26390.00
2026-03-02T16:34:00.000Z,2026-03-02T16:35:00.000Z,BUY,0.01,1,1,10.00,1,26400.00
2026-03-02T16:35:00.000Z,2026-03-02T16:37:00.000Z,BUY,0.01,1,1,10.00,1,26410.00
2026-03-02T16:37:00.000Z,2026-03-02T16:39:00.000Z,BUY,0.01,1,1,10.00,1,26420.00
2026-03-02T16:39:00.000Z,2026-03-02T17:03:00.000Z,BUY,0.01,2,1,10.00,2,26430.00
2026-03-02T17:03:00.000Z,2026-03-02T17:04:00.000Z,BUY,0.01,1,1,10.00,1,26440.00
2026-03-02T17:04:00.000Z,2026-03-02T17:07:00.000Z,BUY,0.01,1,1,10.00,1,26450.00
2026-03-02T17:07:00.000Z,2026-03-02T17:39:00.000Z,BUY,0.01,3,1,10.00,3,26460.00
2026-03-02T17:39:00.000Z,2026-03-02T17:57:00.000Z,BUY,0.01,2,1,10.00,2,26470.00
2026-03-02T17:57:00.000Z,2026-03-02T18:00:00.000Z,BUY,0.01,2,1,10.00,2,26480.00
2026-03-02T18:00:00.000Z,2026-03-02T18:12:00.000Z,BUY,0.01,3,1,10.00,3,26490.00
2026-03-02T18:12:00.000Z,2026-03-02T18:26:00.000Z,BUY,0.01,1,1,10.00,1,26500.00
2026-03-02T18:26:00.000Z,2026-03-02T19:34:00.000Z,BUY,0.01,5,1,10.00,5,26510.00
2026-03-02T19:34:00.000Z,2026-03-02T21:09:00.000Z,BUY,0.01,3,1,10.00,3,26520.00
2026-03-02T21:09:00.000Z,2026-03-02T22:08:00.000Z,BUY,0.01,1,1,10.00,1,26530.00
2026-03-02T22:08:00.000Z,2026-03-03T02:16:00.000Z,BUY,0.01,1,1,10.00,1,26540.00
2026-03-03T02:16:00.000Z,2026-03-03T02:30:00.000Z,BUY,0.01,1,1,10.00,1,26550.00
2026-03-03T02:30:00.000Z,2026-03-03T03:07:00.000Z,BUY,0.01,1,1,10.00,1,26560.00
2026-03-03T03:07:00.000Z,2026-03-03T03:57:00.000Z,BUY,0.01,2,1,10.00,2,26570.00
2026-03-03T03:57:00.000Z,2026-03-03T04:05:00.000Z,BUY,0.01,1,1,10.00,1,26580.00
2026-03-03T04:05:00.000Z,2026-03-03T04:30:00.000Z,BUY,0.01,1,1,10.00,1,26590.00
2026-03-03T04:30:00.000Z,2026-03-03T05:02:00.000Z,BUY,0.01,1,1,10.00,1,26600.00
2026-03-03T05:02:00.000Z,2026-03-03T07:37:00.000Z,BUY,0.01,2,1,10.00,2,26610.00
2026-03-03T07:37:00.000Z,2026-03-03T07:54:00.000Z,BUY,0.01,2,1,10.00,2,26620.00
2026-03-03T07:54:00.000Z,2026-03-03T08:00:00.000Z,BUY,0.01,1,1,10.00,1,26630.00
2026-03-03T08:00:00.000Z,2026-03-03T08:13:00.000Z,BUY,0.01,2,1,10.00,2,26640.00
2026-03-03T08:13:00.000Z,2026-03-03T08:18:00.000Z,BUY,0.01,1,1,10.00,1,26650.00
2026-03-03T08:18:00.000Z,2026-03-03T08:23:00.000Z,BUY,0.01,1,1,10.00,1,26660.00
2026-03-03T08:23:00.000Z,2026-03-03T09:38:00.000Z,BUY,0.01,3,1,10.00,3,26670.00
2026-03-03T09:38:00.000Z,2026-03-03T10:03:00.000Z,BUY,0.01,1,1,10.00,1,26680.00
2026-03-03T10:03:00.000Z,2026-03-03T10:34:00.000Z,BUY,0.01,2,1,10.00,2,26690.00
2026-03-03T10:34:00.000Z,2026-03-03T11:25:00.000Z,BUY,0.01,2,1,10.00,2,26700.00
2026-03-03T11:25:00.000Z,2026-03-03T11:27:00.000Z,BUY,0.01,2,1,10.00,2,26710.00
2026-03-03T11:27:00.000Z,2026-03-03T11:30:00.000Z,BUY,0.01,1,1,10.00,1,26720.00
2026-03-03T11:30:00.000Z,2026-03-03T11:32:00.000Z,BUY,0.01,1,1,10.00,1,26730.00
2026-03-03T11:32:00.000Z,2026-03-03T11:52:00.000Z,BUY,0.01,1,1,10.00,1,26740.00
2026-03-03T11:52:00.000Z,2026-03-03T12:03:00.000Z,BUY,0.01,1,1,10.00,1,26750.00
2026-03-03T12:03:00.000Z,2026-03-03T12:38:00.000Z,BUY,0.01,2,1,10.00,2,26760.00
2026-03-03T12:38:00.000Z,2026-03-03T12:41:00.000Z,BUY,0.01,1,1,10.00,1,26770.00
2026-03-03T12:41:00.000Z,2026-03-03T13:07:00.000Z,BUY,0.01,4,1,10.00,4,26780.00
2026-03-03T13:07:00.000Z,2026-03-03T13:07:00.000Z,BUY,0.01,2,1,10.00,2,26790.00
2026-03-03T13:07:00.000Z,2026-03-03T13:08:00.000Z,BUY,0.01,1,1,10.00,1,26800.00
2026-03-03T13:08:00.000Z,2026-03-03T13:09:00.000Z,BUY,0.01,2,1,10.00,2,26810.00
2026-03-03T13:09:00.000Z,2026-03-03T13:10:00.000Z,BUY,0.01,3,1,10.00,3,26820.00
2026-03-03T13:10:00.000Z,2026-03-03T13:12:00.000Z,BUY,0.01,1,1,10.00,1,26830.00
2026-03-03T13:12:00.000Z,2026-03-03T13:27:00.000Z,BUY,0.01,4,1,10.00,4,26840.00
2026-03-03T13:27:00.000Z,2026-03-03T13:29:00.000Z,BUY,0.01,2,1,10.00,2,26850.00
2026-03-03T13:29:00.000Z,2026-03-03T13:29:00.000Z,BUY,0.01,2,1,10.00,2,26860.00
2026-03-03T13:29:00.000Z,2026-03-03T13:29:00.000Z,BUY,0.01,1,1,10.00,1,26870.00
2026-03-03T13:29:00.000Z,2026-03-03T13:30:00.000Z,BUY,0.01,1,1,10.00,1,26880.00
2026-03-03T13:30:00.000Z,2026-03-03T13:31:00.000Z,BUY,0.01,2,1,10.00,2,26890.00
2026-03-03T13:31:00.000Z,2026-03-03T13:34:00.000Z,BUY,0.01,5,1,10.00,5,26900.00
2026-03-03T13:34:00.000Z,2026-03-03T13:35:00.000Z,BUY,0.01,1,1,10.00,1,26910.00
2026-03-03T13:35:00.000Z,2026-03-03T13:37:00.000Z,BUY,0.01,1,1,10.00,1,26920.00
2026-03-03T13:37:00.000Z,2026-03-03T13:43:00.000Z,BUY,0.01,2,1,10.00,2,26930.00
2026-03-03T13:43:00.000Z,2026-03-03T13:43:00.000Z,BUY,0.01,1,1,10.00,1,26940.00
2026-03-03T13:43:00.000Z,2026-03-03T13:44:00.000Z,BUY,0.01,1,1,10.00,1,26950.00
2026-03-03T13:44:00.000Z,2026-03-03T13:45:00.000Z,BUY,0.01,1,1,10.00,1,26960.00
2026-03-03T13:45:00.000Z,2026-03-03T13:47:00.000Z,BUY,0.01,1,1,10.00,1,26970.00
2026-03-03T13:47:00.000Z,2026-03-03T13:55:00.000Z,BUY,0.01,1,1,10.00,1,26980.00
2026-03-03T13:55:00.000Z,2026-03-03T14:06:00.000Z,BUY,0.01,1,1,10.00,1,26990.00
2026-03-03T14:06:00.000Z,2026-03-03T14:09:00.000Z,BUY,0.01,1,1,10.00,1,27000.00
2026-03-03T14:09:00.000Z,2026-03-03T14:13:00.000Z,BUY,0.01,1,1,10.00,1,27010.00
2026-03-03T14:13:00.000Z,2026-03-03T14:24:00.000Z,BUY,0.01,1,1,10.00,1,27020.00
2026-03-03T14:24:00.000Z,2026-03-03T14:27:00.000Z,BUY,0.01,1,1,10.00,1,27030.00
2026-03-03T14:27:00.000Z,2026-03-03T14:56:00.000Z,BUY,0.01,1,1,10.00,1,27040.00
2026-03-03T14:56:00.000Z,2026-03-03T15:01:00.000Z,BUY,0.01,2,1,10.00,2,27050.00
2026-03-03T15:01:00.000Z,2026-03-03T15:01:00.000Z,BUY,0.01,1,1,10.00,1,27060.00
2026-03-03T15:01:00.000Z,2026-03-03T15:06:00.000Z,BUY,0.01,2,1,10.00,2,27070.00
2026-03-03T15:06:00.000Z,2026-03-03T15:06:00.000Z,BUY,0.01,1,1,10.00,1,27080.00
2026-03-03T15:06:00.000Z,2026-03-03T15:09:00.000Z,BUY,0.01,2,1,10.00,2,27090.00
2026-03-03T15:09:00.000Z,2026-03-03T15:11:00.000Z,BUY,0.01,1,1,10.00,1,27100.00
2026-03-03T15:11:00.000Z,2026-03-03T15:12:00.000Z,BUY,0.01,1,1,10.00,1,27110.00
2026-03-03T15:12:00.000Z,2026-03-03T15:20:00.000Z,BUY,0.01,1,1,10.00,1,27120.00
2026-03-03T15:20:00.000Z,2026-03-03T15:43:00.000Z,BUY,0.01,4,1,10.00,4,27130.00
2026-03-03T15:43:00.000Z,2026-03-03T16:00:00.000Z,BUY,0.01,3,1,10.00,3,27140.00
2026-03-03T16:00:00.000Z,2026-03-03T16:08:00.000Z,BUY,0.01,1,1,10.00,1,27150.00
2026-03-03T16:08:00.000Z,2026-03-03T16:20:00.000Z,BUY,0.01,2,1,10.00,2,27160.00
2026-03-03T16:20:00.000Z,2026-03-03T16:35:00.000Z,BUY,0.01,2,1,10.00,2,27170.00
2026-03-03T16:35:00.000Z,2026-03-03T16:38:00.000Z,BUY,0.01,1,1,10.00,1,27180.00
2026-03-03T16:38:00.000Z,2026-03-03T16:39:00.000Z,BUY,0.01,1,1,10.00,1,27190.00
2026-03-03T16:39:00.000Z,2026-03-03T16:41:00.000Z,BUY,0.01,2,1,10.00,2,27200.00
2026-03-03T16:41:00.000Z,2026-03-03T16:44:00.000Z,BUY,0.01,2,1,10.00,2,27210.00
2026-03-03T16:44:00.000Z,2026-03-03T16:50:00.000Z,BUY,0.01,2,1,10.00,2,27220.00
2026-03-03T16:50:00.000Z,2026-03-03T16:54:00.000Z,BUY,0.01,3,1,10.00,3,27230.00
2026-03-03T16:54:00.000Z,2026-03-03T16:58:00.000Z,BUY,0.01,1,1,10.00,1,27240.00
2026-03-03T16:58:00.000Z,2026-03-03T17:05:00.000Z,BUY,0.01,4,1,10.00,4,27250.00
2026-03-03T17:05:00.000Z,2026-03-03T17:05:00.000Z,BUY,0.01,1,1,10.00,1,27260.00
2026-03-03T17:05:00.000Z,2026-03-03T17:06:00.000Z,BUY,0.01,1,1,10.00,1,27270.00
2026-03-03T17:06:00.000Z,2026-03-03T17:07:00.000Z,BUY,0.01,1,1,10.00,1,27280.00
2026-03-03T17:07:00.000Z,2026-03-03T17:13:00.000Z,BUY,0.01,2,1,10.00,2,27290.00
2026-03-03T17:13:00.000Z,2026-03-03T17:15:00.000Z,BUY,0.01,1,1,10.00,1,27300.00
2026-03-03T17:15:00.000Z,2026-03-03T17:16:00.000Z,BUY,0.01,2,1,10.00,2,27310.00
2026-03-03T17:16:00.000Z,2026-03-03T17:19:00.000Z,BUY,0.01,1,1,10.00,1,27320.00
2026-03-03T17:19:00.000Z,2026-03-03T17:20:00.000Z,BUY,0.01,1,1,10.00,1,27330.00
2026-03-03T17:20:00.000Z,2026-03-03T17:21:00.000Z,BUY,0.01,1,1,10.00,1,27340.00
2026-03-03T17:21:00.000Z,2026-03-03T17:28:00.000Z,BUY,0.01,1,1,10.00,1,27350.00
2026-03-03T17:28:00.000Z,2026-03-03T17:37:00.000Z,BUY,0.01,1,1,10.00,1,27360.00
2026-03-03T17:37:00.000Z,2026-03-03T17:48:00.000Z,BUY,0.01,1,1,10.00,1,27370.00
2026-03-03T17:48:00.000Z,2026-03-03T17:52:00.000Z,BUY,0.01,1,1,10.00,1,27380.00
2026-03-03T17:52:00.000Z,2026-03-03T17:58:00.000Z,BUY,0.01,1,1,10.00,1,27390.00
2026-03-03T17:58:00.000Z,2026-03-03T18:04:00.000Z,BUY,0.01,1,1,10.00,1,27400.00
2026-03-03T18:04:00.000Z,2026-03-03T18:05:00.000Z,BUY,0.01,1,1,10.00,1,27410.00
2026-03-03T18:05:00.000Z,2026-03-03T18:23:00.000Z,BUY,0.01,1,1,10.00,1,27420.00
2026-03-03T18:23:00.000Z,2026-03-03T19:01:00.000Z,BUY,0.01,2,1,10.00,2,27430.00
2026-03-03T19:01:00.000Z,2026-03-03T19:16:00.000Z,BUY,0.01,1,1,10.00,1,27440.00
2026-03-03T19:16:00.000Z,2026-03-03T19:31:00.000Z,BUY,0.01,2,1,10.00,2,27450.00
2026-03-03T19:31:00.000Z,2026-03-03T19:40:00.000Z,BUY,0.01,1,1,10.00,1,27460.00
2026-03-03T19:40:00.000Z,2026-03-03T20:06:00.000Z,BUY,0.01,1,1,10.00,1,27470.00
2026-03-03T20:06:00.000Z,2026-03-03T20:26:00.000Z,BUY,0.01,1,1,10.00,1,27480.00
2026-03-03T20:26:00.000Z,2026-03-03T20:29:00.000Z,BUY,0.01,1,1,10.00,1,27490.00
2026-03-03T20:29:00.000Z,2026-03-03T20:39:00.000Z,BUY,0.01,1,1,10.00,1,27500.00
2026-03-03T20:39:00.000Z,2026-03-03T20:43:00.000Z,BUY,0.01,1,1,10.00,1,27510.00
2026-03-03T20:43:00.000Z,2026-03-03T21:03:00.000Z,BUY,0.01,1,1,10.00,1,27520.00
2026-03-03T21:03:00.000Z,2026-03-03T21:12:00.000Z,BUY,0.01,2,1,10.00,2,27530.00
2026-03-03T21:12:00.000Z,2026-03-03T21:47:00.000Z,BUY,0.01,1,1,10.00,1,27540.00
2026-03-03T21:47:00.000Z,2026-03-03T22:51:00.000Z,BUY,0.01,2,1,10.00,2,27550.00
2026-03-03T22:51:00.000Z,2026-03-03T23:05:00.000Z,BUY,0.01,1,1,10.00,1,27560.00
2026-03-03T23:05:00.000Z,2026-03-04T01:12:00.000Z,BUY,0.01,5,1,10.00,5,27570.00
2026-03-04T01:12:00.000Z,2026-03-04T01:16:00.000Z,BUY,0.01,1,1,10.00,1,27580.00
2026-03-04T01:16:00.000Z,2026-03-04T02:46:00.000Z,BUY,0.01,3,1,10.00,3,27590.00
2026-03-04T02:46:00.000Z,2026-03-04T03:00:00.000Z,BUY,0.01,1,1,10.00,1,27600.00
2026-03-04T03:00:00.000Z,2026-03-04T03:02:00.000Z,BUY,0.01,1,1,10.00,1,27610.00
2026-03-04T03:02:00.000Z,2026-03-04T03:48:00.000Z,BUY,0.01,1,1,10.00,1,27620.00
2026-03-04T03:48:00.000Z,2026-03-04T04:09:00.000Z,BUY,0.01,1,1,10.00,1,27630.00
2026-03-04T04:09:00.000Z,2026-03-04T04:13:00.000Z,BUY,0.01,1,1,10.00,1,27640.00
2026-03-04T04:13:00.000Z,2026-03-04T04:57:00.000Z,BUY,0.01,2,1,10.00,2,27650.00
2026-03-04T04:57:00.000Z,2026-03-04T05:52:00.000Z,BUY,0.01,1,1,10.00,1,27660.00
2026-03-04T05:52:00.000Z,2026-03-04T06:10:00.000Z,BUY,0.01,1,1,10.00,1,27670.00
2026-03-04T06:10:00.000Z,2026-03-04T08:01:00.000Z,BUY,0.01,2,1,10.00,2,27680.00
2026-03-04T08:01:00.000Z,2026-03-04T08:59:00.000Z,BUY,0.01,5,1,10.00,5,27690.00
2026-03-04T08:59:00.000Z,2026-03-04T09:02:00.000Z,BUY,0.01,1,1,10.00,1,27700.00
2026-03-04T09:02:00.000Z,2026-03-04T10:48:00.000Z,BUY,0.01,3,1,10.00,3,27710.00
2026-03-04T10:48:00.000Z,2026-03-04T12:08:00.000Z,BUY,0.01,3,1,10.00,3,27720.00
2026-03-04T12:08:00.000Z,2026-03-04T12:17:00.000Z,BUY,0.01,1,1,10.00,1,27730.00
2026-03-04T12:17:00.000Z,2026-03-04T14:32:00.000Z,BUY,0.01,4,1,10.00,4,27740.00
2026-03-04T14:32:00.000Z,2026-03-04T15:01:00.000Z,BUY,0.01,1,1,10.00,1,27750.00
2026-03-04T15:01:00.000Z,2026-03-04T15:10:00.000Z,BUY,0.01,1,1,10.00,1,27760.00
2026-03-04T15:10:00.000Z,2026-03-04T16:25:00.000Z,BUY,0.01,2,1,10.00,2,27770.00
2026-03-04T16:25:00.000Z,2026-03-04T16:30:00.000Z,BUY,0.01,1,1,10.00,1,27780.00
2026-03-04T16:30:00.000Z,2026-03-04T16:32:00.000Z,BUY,0.01,1,1,10.00,1,27790.00
2026-03-04T16:32:00.000Z,2026-03-04T16:48:00.000Z,BUY,0.01,2,1,10.00,2,27800.00
2026-03-04T16:48:00.000Z,2026-03-04T17:01:00.000Z,BUY,0.01,1,1,10.00,1,27810.00
2026-03-04T17:01:00.000Z,2026-03-04T17:14:00.000Z,BUY,0.01,2,1,10.00,2,27820.00
2026-03-04T17:14:00.000Z,2026-03-04T17:16:00.000Z,BUY,0.01,1,1,10.00,1,27830.00
2026-03-04T17:16:00.000Z,2026-03-04T17:25:00.000Z,BUY,0.01,1,1,10.00,1,27840.00
2026-03-04T17:25:00.000Z,2026-03-04T17:35:00.000Z,BUY,0.01,1,1,10.00,1,27850.00
2026-03-04T17:35:00.000Z,2026-03-04T19:23:00.000Z,BUY,0.01,2,1,10.00,2,27860.00
2026-03-04T19:23:00.000Z,2026-03-04T19:52:00.000Z,BUY,0.01,1,1,10.00,1,27870.00
2026-03-04T19:52:00.000Z,2026-03-04T20:20:00.000Z,BUY,0.01,2,1,10.00,2,27880.00
2026-03-04T20:20:00.000Z,2026-03-04T20:22:00.000Z,BUY,0.01,1,1,10.00,1,27890.00
2026-03-04T20:22:00.000Z,2026-03-04T20:50:00.000Z,BUY,0.01,1,1,10.00,1,27900.00
2026-03-04T20:50:00.000Z,2026-03-04T22:42:00.000Z,BUY,0.01,1,1,10.00,1,27910.00
2026-03-04T22:42:00.000Z,2026-03-05T01:04:00.000Z,BUY,0.01,1,1,10.00,1,27920.00
2026-03-05T01:04:00.000Z,2026-03-05T01:57:00.000Z,BUY,0.01,1,1,10.00,1,27930.00
2026-03-05T01:57:00.000Z,2026-03-05T02:17:00.000Z,BUY,0.01,1,1,10.00,1,27940.00
2026-03-05T02:17:00.000Z,2026-03-05T03:10:00.000Z,BUY,0.01,1,1,10.00,1,27950.00
2026-03-05T03:10:00.000Z,2026-03-05T05:05:00.000Z,BUY,0.01,1,1,10.00,1,27960.00
2026-03-05T05:05:00.000Z,2026-03-05T07:34:00.000Z,BUY,0.01,2,1,10.00,2,27970.00
2026-03-05T07:34:00.000Z,2026-03-05T08:09:00.000Z,BUY,0.01,2,1,10.00,2,27980.00
2026-03-05T08:09:00.000Z,2026-03-05T08:30:00.000Z,BUY,0.01,1,1,10.00,1,27990.00
2026-03-05T08:30:00.000Z,2026-03-05T08:40:00.000Z,BUY,0.01,1,1,10.00,1,28000.00
2026-03-05T08:40:00.000Z,2026-03-05T08:58:00.000Z,BUY,0.01,1,1,10.00,1,28010.00
2026-03-05T08:58:00.000Z,2026-03-05T11:08:00.000Z,BUY,0.01,3,1,10.00,3,28020.00
2026-03-05T11:08:00.000Z,2026-03-05T15:16:00.000Z,BUY,0.01,2,1,10.00,2,28030.00
2026-03-05T15:16:00.000Z,2026-03-05T15:21:00.000Z,BUY,0.01,2,1,10.00,2,28040.00
2026-03-05T15:21:00.000Z,2026-03-05T15:23:00.000Z,BUY,0.01,2,1,10.00,2,28050.00
2026-03-05T15:23:00.000Z,2026-03-05T15:24:00.000Z,BUY,0.01,1,1,10.00,1,28060.00
2026-03-05T15:24:00.000Z,2026-03-05T15:25:00.000Z,BUY,0.01,1,1,10.00,1,28070.00
2026-03-05T15:25:00.000Z,2026-03-05T15:28:00.000Z,BUY,0.01,1,1,10.00,1,28080.00
2026-03-05T15:28:00.000Z,2026-03-05T15:29:00.000Z,BUY,0.01,1,1,10.00,1,28090.00
2026-03-05T15:29:00.000Z,2026-03-05T15:43:00.000Z,BUY,0.01,1,1,10.00,1,28100.00
2026-03-05T15:43:00.000Z,2026-03-05T16:17:00.000Z,BUY,0.01,2,1,10.00,2,28110.00
2026-03-05T16:17:00.000Z,2026-03-05T16:28:00.000Z,BUY,0.01,1,1,10.00,1,28120.00
2026-03-05T16:28:00.000Z,2026-03-05T17:07:00.000Z,BUY,0.01,4,1,10.00,4,28130.00
2026-03-05T17:07:00.000Z,2026-03-05T17:54:00.000Z,BUY,0.01,3,1,10.00,3,28140.00
2026-03-05T17:54:00.000Z,2026-03-05T18:21:00.000Z,BUY,0.01,2,1,10.00,2,28150.00
2026-03-05T18:21:00.000Z,2026-03-05T18:48:00.000Z,BUY,0.01,1,1,10.00,1,28160.00
2026-03-05T18:48:00.000Z,2026-03-05T19:05:00.000Z,BUY,0.01,1,1,10.00,1,28170.00
2026-03-05T19:05:00.000Z,2026-03-05T19:36:00.000Z,BUY,0.01,2,1,10.00,2,28180.00
2026-03-05T19:36:00.000Z,2026-03-05T19:38:00.000Z,BUY,0.01,1,1,10.00,1,28190.00
2026-03-05T19:38:00.000Z,2026-03-05T20:31:00.000Z,BUY,0.01,1,1,10.00,1,28200.00
2026-03-05T20:31:00.000Z,2026-03-05T22:16:00.000Z,BUY,0.01,3,1,10.00,3,28210.00
2026-03-05T22:16:00.000Z,2026-03-06T01:42:00.000Z,BUY,0.01,1,1,10.00,1,28220.00
2026-03-06T01:42:00.000Z,2026-03-06T03:00:00.000Z,BUY,0.01,2,1,10.00,2,28230.00
2026-03-06T03:00:00.000Z,2026-03-06T03:01:00.000Z,BUY,0.01,1,1,10.00,1,28240.00
2026-03-06T03:01:00.000Z,2026-03-06T03:31:00.000Z,BUY,0.01,1,1,10.00,1,28250.00
2026-03-06T03:31:00.000Z,2026-03-06T03:34:00.000Z,BUY,0.01,1,1,10.00,1,28260.00
2026-03-06T03:34:00.000Z,2026-03-06T03:40:00.000Z,BUY,0.01,1,1,10.00,1,28270.00
2026-03-06T03:40:00.000Z,2026-03-06T03:43:00.000Z,BUY,0.01,1,1,10.00,1,28280.00
2026-03-06T03:43:00.000Z,2026-03-06T03:50:00.000Z,BUY,0.01,1,1,10.00,1,28290.00
2026-03-06T03:50:00.000Z,2026-03-06T03:52:00.000Z,BUY,0.01,1,1,10.00,1,28300.00
2026-03-06T03:52:00.000Z,2026-03-06T08:01:00.000Z,BUY,0.01,2,1,10.00,2,28310.00
2026-03-06T08:01:00.000Z,2026-03-06T08:07:00.000Z,BUY,0.01,1,1,10.00,1,28320.00
2026-03-06T08:07:00.000Z,2026-03-06T11:36:00.000Z,BUY,0.01,2,1,10.00,2,28330.00
2026-03-06T11:36:00.000Z,2026-03-06T15:30:00.000Z,BUY,0.01,5,1,10.00,5,28340.00
2026-03-06T15:30:00.000Z,2026-03-06T15:30:00.000Z,BUY,0.01,1,1,10.00,1,28350.00
2026-03-06T15:30:00.000Z,2026-03-06T15:30:00.000Z,BUY,0.01,1,1,10.00,1,28360.00
2026-03-06T15:30:00.000Z,2026-03-06T15:56:00.000Z,BUY,0.01,2,1,10.00,2,28370.00
2026-03-06T15:56:00.000Z,2026-03-06T16:02:00.000Z,BUY,0.01,1,1,10.00,1,28380.00
2026-03-06T16:02:00.000Z,2026-03-06T16:30:00.000Z,BUY,0.01,1,1,10.00,1,28390.00
2026-03-06T16:30:00.000Z,2026-03-06T16:57:00.000Z,BUY,0.01,3,1,10.00,3,28400.00
2026-03-06T16:57:00.000Z,2026-03-06T17:00:00.000Z,BUY,0.01,1,1,10.00,1,28410.00
2026-03-06T17:00:00.000Z,2026-03-06T17:01:00.000Z,BUY,0.01,1,1,10.00,1,28420.00
2026-03-06T17:01:00.000Z,2026-03-06T17:02:00.000Z,BUY,0.01,1,1,10.00,1,28430.00
2026-03-06T17:02:00.000Z,2026-03-06T17:24:00.000Z,BUY,0.01,1,1,10.00,1,28440.00
2026-03-06T17:24:00.000Z,2026-03-06T18:39:00.000Z,BUY,0.01,2,1,10.00,2,28450.00
2026-03-06T18:39:00.000Z,2026-03-06T18:45:00.000Z,BUY,0.01,1,1,10.00,1,28460.00
2026-03-06T18:45:00.000Z,2026-03-06T20:38:00.000Z,BUY,0.01,1,1,10.00,1,28470.00
2026-03-06T20:38:00.000Z,2026-03-06T20:43:00.000Z,BUY,0.01,1,1,10.00,1,28480.00
2026-03-06T20:43:00.000Z,2026-03-06T21:16:00.000Z,BUY,0.01,1,1,10.00,1,28490.00
2026-03-06T21:16:00.000Z,2026-03-09T01:00:00.000Z,BUY,0.01,4,1,10.00,4,28500.00
2026-03-09T01:00:00.000Z,2026-03-09T01:03:00.000Z,BUY,0.01,2,1,10.00,2,28510.00
2026-03-09T01:03:00.000Z,2026-03-09T01:35:00.000Z,BUY,0.01,2,1,10.00,2,28520.00
2026-03-09T01:35:00.000Z,2026-03-09T01:42:00.000Z,BUY,0.01,2,1,10.00,2,28530.00
2026-03-09T01:42:00.000Z,2026-03-09T01:44:00.000Z,BUY,0.01,1,1,10.00,1,28540.00
2026-03-09T01:44:00.000Z,2026-03-09T01:45:00.000Z,BUY,0.01,1,1,10.00,1,28550.00
2026-03-09T01:45:00.000Z,2026-03-09T02:11:00.000Z,BUY,0.01,4,1,10.00,4,28560.00
2026-03-09T02:11:00.000Z,2026-03-09T02:32:00.000Z,BUY,0.01,1,1,10.00,1,28570.00
2026-03-09T02:32:00.000Z,2026-03-09T03:00:00.000Z,BUY,0.01,2,1,10.00,2,28580.00
2026-03-09T03:00:00.000Z,2026-03-09T03:02:00.000Z,BUY,0.01,1,1,10.00,1,28590.00
2026-03-09T03:02:00.000Z,2026-03-09T03:03:00.000Z,BUY,0.01,1,1,10.00,1,28600.00
2026-03-09T03:03:00.000Z,2026-03-09T03:06:00.000Z,BUY,0.01,1,1,10.00,1,28610.00
2026-03-09T03:06:00.000Z,2026-03-09T03:12:00.000Z,BUY,0.01,1,1,10.00,1,28620.00
2026-03-09T03:12:00.000Z,2026-03-09T03:15:00.000Z,BUY,0.01,1,1,10.00,1,28630.00
2026-03-09T03:15:00.000Z,2026-03-09T03:23:00.000Z,BUY,0.01,1,1,10.00,1,28640.00
2026-03-09T03:23:00.000Z,2026-03-09T04:03:00.000Z,BUY,0.01,2,1,10.00,2,28650.00
2026-03-09T04:03:00.000Z,2026-03-09T04:05:00.000Z,BUY,0.01,1,1,10.00,1,28660.00
2026-03-09T04:05:00.000Z,2026-03-09T04:07:00.000Z,BUY,0.01,1,1,10.00,1,28670.00
2026-03-09T04:07:00.000Z,2026-03-09T04:10:00.000Z,BUY,0.01,1,1,10.00,1,28680.00
2026-03-09T04:10:00.000Z,2026-03-09T04:57:00.000Z,BUY,0.01,1,1,10.00,1,28690.00
2026-03-09T04:57:00.000Z,2026-03-09T07:33:00.000Z,BUY,0.01,1,1,10.00,1,28700.00
2026-03-09T07:33:00.000Z,2026-03-09T07:43:00.000Z,BUY,0.01,1,1,10.00,1,28710.00
2026-03-09T07:43:00.000Z,2026-03-09T07:45:00.000Z,BUY,0.01,1,1,10.00,1,28720.00
2026-03-09T07:45:00.000Z,2026-03-09T07:49:00.000Z,BUY,0.01,1,1,10.00,1,28730.00
2026-03-09T07:49:00.000Z,2026-03-09T08:43:00.000Z,BUY,0.01,2,1,10.00,2,28740.00
2026-03-09T08:43:00.000Z,2026-03-09T11:16:00.000Z,BUY,0.01,3,1,10.00,3,28750.00
2026-03-09T11:16:00.000Z,2026-03-09T11:31:00.000Z,BUY,0.01,1,1,10.00,1,28760.00
2026-03-09T11:31:00.000Z,2026-03-09T11:45:00.000Z,BUY,0.01,2,1,10.00,2,28770.00
2026-03-09T11:45:00.000Z,2026-03-09T12:07:00.000Z,BUY,0.01,1,1,10.00,1,28780.00
2026-03-09T12:07:00.000Z,2026-03-09T15:41:00.000Z,BUY,0.01,5,0,-2420.00,5,26360.00
2026-03-09T15:41:00.000Z,2026-03-09T16:41:00.000Z,BUY,0.01,3,1,10.00,3,26370.00
2026-03-09T16:41:00.000Z,2026-03-09T16:44:00.000Z,BUY,0.01,1,1,10.00,1,26380.00
2026-03-09T16:44:00.000Z,2026-03-09T20:41:00.000Z,BUY,0.01,5,1,10.00,5,26390.00
2026-03-09T20:41:00.000Z,2026-03-09T21:01:00.000Z,BUY,0.01,1,1,10.00,1,26400.00
2026-03-09T21:01:00.000Z,2026-03-09T21:24:00.000Z,BUY,0.01,1,1,10.00,1,26410.00
2026-03-09T21:24:00.000Z,2026-03-10T01:00:00.000Z,BUY,0.01,1,1,10.00,1,26420.00
2026-03-10T01:00:00.000Z,2026-03-10T03:21:00.000Z,BUY,0.01,3,1,10.00,3,26430.00
2026-03-10T03:21:00.000Z,2026-03-10T03:49:00.000Z,BUY,0.01,1,1,10.00,1,26440.00
2026-03-10T03:49:00.000Z,2026-03-10T03:58:00.000Z,BUY,0.01,1,1,10.00,1,26450.00
2026-03-10T03:58:00.000Z,2026-03-10T10:40:00.000Z,BUY,0.01,3,1,10.00,3,26460.00
2026-03-10T10:40:00.000Z,2026-03-10T12:37:00.000Z,BUY,0.01,2,1,10.00,2,26470.00
2026-03-10T12:37:00.000Z,2026-03-10T12:46:00.000Z,BUY,0.01,1,1,10.00,1,26480.00
2026-03-10T12:46:00.000Z,2026-03-10T13:04:00.000Z,BUY,0.01,1,1,10.00,1,26490.00
2026-03-10T13:04:00.000Z,2026-03-10T15:00:00.000Z,BUY,0.01,1,1,10.00,1,26500.00
2026-03-10T15:00:00.000Z,2026-03-10T15:10:00.000Z,BUY,0.01,1,1,10.00,1,26510.00
2026-03-10T15:10:00.000Z,2026-03-10T15:18:00.000Z,BUY,0.01,1,1,10.00,1,26520.00
2026-03-10T15:18:00.000Z,2026-03-10T15:24:00.000Z,BUY,0.01,1,1,10.00,1,26530.00
2026-03-10T15:24:00.000Z,2026-03-10T16:07:00.000Z,BUY,0.01,2,1,10.00,2,26540.00
2026-03-10T16:07:00.000Z,2026-03-10T16:16:00.000Z,BUY,0.01,1,1,10.00,1,26550.00
2026-03-10T16:16:00.000Z,2026-03-10T16:20:00.000Z,BUY,0.01,1,1,10.00,1,26560.00
2026-03-10T16:20:00.000Z,2026-03-10T17:13:00.000Z,BUY,0.01,1,1,10.00,1,26570.00
2026-03-10T17:13:00.000Z,2026-03-10T17:33:00.000Z,BUY,0.01,1,1,10.00,1,26580.00
2026-03-10T17:33:00.000Z,2026-03-10T20:17:00.000Z,BUY,0.01,2,1,10.00,2,26590.00
2026-03-10T20:17:00.000Z,2026-03-10T20:19:00.000Z,BUY,0.01,2,1,10.00,2,26600.00
2026-03-10T20:19:00.000Z,2026-03-10T20:21:00.000Z,BUY,0.01,1,1,10.00,1,26610.00
2026-03-10T20:21:00.000Z,2026-03-10T20:24:00.000Z,BUY,0.01,1,1,10.00,1,26620.00
2026-03-10T20:24:00.000Z,2026-03-10T20:29:00.000Z,BUY,0.01,1,1,10.00,1,26630.00
2026-03-10T20:29:00.000Z,2026-03-11T02:27:00.000Z,BUY,0.01,5,1,10.00,5,26640.00
2026-03-11T02:27:00.000Z,2026-03-11T09:40:00.000Z,BUY,0.01,4,1,10.00,4,26650.00
2026-03-11T09:40:00.000Z,2026-03-11T09:50:00.000Z,BUY,0.01,1,1,10.00,1,26660.00
2026-03-11T09:50:00.000Z,2026-03-11T15:00:00.000Z,BUY,0.01,2,1,10.00,2,26670.00
2026-03-11T15:00:00.000Z,2026-03-11T15:04:00.000Z,BUY,0.01,1,1,10.00,1,26680.00
2026-03-11T15:04:00.000Z,2026-03-11T16:01:00.000Z,BUY,0.01,3,1,10.00,3,26690.00
2026-03-11T16:01:00.000Z,2026-03-11T16:30:00.000Z,BUY,0.01,1,1,10.00,1,26700.00
2026-03-11T16:30:00.000Z,2026-03-11T17:46:00.000Z,BUY,0.01,2,1,10.00,2,26710.00
2026-03-11T17:46:00.000Z,2026-03-11T18:40:00.000Z,BUY,0.01,1,1,10.00,1,26720.00
2026-03-11T18:40:00.000Z,2026-03-12T00:56:00.000Z,BUY,0.01,4,1,10.00,4,26730.00
2026-03-12T00:56:00.000Z,2026-03-12T01:27:00.000Z,BUY,0.01,1,1,10.00,1,26740.00
2026-03-12T01:27:00.000Z,2026-03-12T02:01:00.000Z,BUY,0.01,2,1,10.00,2,26750.00
2026-03-12T02:01:00.000Z,2026-03-12T02:09:00.000Z,BUY,0.01,1,1,10.00,1,26760.00
2026-03-12T02:09:00.000Z,2026-03-12T02:24:00.000Z,BUY,0.01,1,1,10.00,1,26770.00
2026-03-12T02:24:00.000Z,2026-03-12T02:28:00.000Z,BUY,0.01,1,1,10.00,1,26780.00
2026-03-12T02:28:00.000Z,2026-03-12T03:43:00.000Z,BUY,0.01,1,1,10.00,1,26790.00
2026-03-12T03:43:00.000Z,2026-03-12T07:25:00.000Z,BUY,0.01,2,1,10.00,2,26800.00
2026-03-12T07:25:00.000Z,2026-03-12T07:32:00.000Z,BUY,0.01,1,1,10.00,1,26810.00
2026-03-12T07:32:00.000Z,2026-03-12T07:57:00.000Z,BUY,0.01,1,1,10.00,1,26820.00
2026-03-12T07:57:00.000Z,2026-03-12T08:41:00.000Z,BUY,0.01,1,1,10.00,1,26830.00
2026-03-12T08:41:00.000Z,2026-03-12T09:42:00.000Z,BUY,0.01,1,1,10.00,1,26840.00
2026-03-12T09:42:00.000Z,2026-03-12T10:01:00.000Z,BUY,0.01,1,1,10.00,1,26850.00
2026-03-12T10:01:00.000Z,2026-03-12T15:40:00.000Z,BUY,0.01,2,1,10.00,2,26860.00
2026-03-12T15:40:00.000Z,2026-03-12T17:09:00.000Z,BUY,0.01,2,1,10.00,2,26870.00
2026-03-12T17:09:00.000Z,2026-03-12T20:45:00.000Z,BUY,0.01,2,1,10.00,2,26880.00
2026-03-12T20:45:00.000Z,2026-03-12T22:30:00.000Z,BUY,0.01,2,1,10.00,2,26890.00
2026-03-12T22:30:00.000Z,2026-03-12T22:48:00.000Z,BUY,0.01,1,1,10.00,1,26900.00
2026-03-12T22:48:00.000Z,2026-03-13T00:17:00.000Z,BUY,0.01,1,1,10.00,1,26910.00
2026-03-13T00:17:00.000Z,2026-03-13T01:24:00.000Z,BUY,0.01,1,1,10.00,1,26920.00
2026-03-13T01:24:00.000Z,2026-03-13T02:32:00.000Z,BUY,0.01,1,1,10.00,1,26930.00
2026-03-13T02:32:00.000Z,2026-03-13T03:00:00.000Z,BUY,0.01,1,1,10.00,1,26940.00
2026-03-13T03:00:00.000Z,2026-03-13T08:28:00.000Z,BUY,0.01,2,1,10.00,2,26950.00
2026-03-13T08:28:00.000Z,2026-03-13T13:57:00.000Z,BUY,0.01,3,1,10.00,3,26960.00
2026-03-13T13:57:00.000Z,2026-03-13T14:00:00.000Z,BUY,0.01,1,1,10.00,1,26970.00
2026-03-13T14:00:00.000Z,2026-03-13T14:46:00.000Z,BUY,0.01,1,1,10.00,1,26980.00
2026-03-13T14:46:00.000Z,2026-03-13T16:15:00.000Z,BUY,0.01,2,1,10.00,2,26990.00
2026-03-13T16:15:00.000Z,2026-03-13T16:52:00.000Z,BUY,0.01,2,1,10.00,2,27000.00
2026-03-13T16:52:00.000Z,2026-03-13T17:13:00.000Z,BUY,0.01,3,1,10.00,3,27010.00
2026-03-13T17:13:00.000Z,2026-03-13T17:53:00.000Z,BUY,0.01,2,1,10.00,2,27020.00
2026-03-13T17:53:00.000Z,2026-03-13T18:36:00.000Z,BUY,0.01,3,1,10.00,3,27030.00
2026-03-13T18:36:00.000Z,2026-03-13T19:16:00.000Z,BUY,0.01,1,1,10.00,1,27040.00
2026-03-13T19:16:00.000Z,2026-03-13T21:35:00.000Z,BUY,0.01,2,1,10.00,2,27050.00
2026-03-13T21:35:00.000Z,2026-03-16T00:21:00.000Z,BUY,0.01,2,1,10.00,2,27060.00
2026-03-16T00:21:00.000Z,2026-03-16T00:22:00.000Z,BUY,0.01,1,1,10.00,1,27070.00
2026-03-16T00:22:00.000Z,2026-03-16T00:50:00.000Z,BUY,0.01,1,1,10.00,1,27080.00
2026-03-16T00:50:00.000Z,2026-03-16T01:20:00.000Z,BUY,0.01,2,1,10.00,2,27090.00
2026-03-16T01:20:00.000Z,2026-03-16T02:00:00.000Z,BUY,0.01,3,1,10.00,3,27100.00
2026-03-16T02:00:00.000Z,2026-03-16T02:01:00.000Z,BUY,0.01,1,1,10.00,1,27110.00
2026-03-16T02:01:00.000Z,2026-03-16T02:04:00.000Z,BUY,0.01,1,1,10.00,1,27120.00
2026-03-16T02:04:00.000Z,2026-03-16T03:13:00.000Z,BUY,0.01,2,1,10.00,2,27130.00
2026-03-16T03:13:00.000Z,2026-03-16T03:18:00.000Z,BUY,0.01,1,1,10.00,1,27140.00
2026-03-16T03:18:00.000Z,2026-03-16T03:55:00.000Z,BUY,0.01,3,1,10.00,3,27150.00
2026-03-16T03:55:00.000Z,2026-03-16T06:01:00.000Z,BUY,0.01,1,1,10.00,1,27160.00
2026-03-16T06:01:00.000Z,2026-03-16T08:16:00.000Z,BUY,0.01,3,1,10.00,3,27170.00
2026-03-16T08:16:00.000Z,2026-03-16T09:15:00.000Z,BUY,0.01,2,1,10.00,2,27180.00
2026-03-16T09:15:00.000Z,2026-03-16T11:46:00.000Z,BUY,0.01,2,1,10.00,2,27190.00
2026-03-16T11:46:00.000Z,2026-03-16T11:50:00.000Z,BUY,0.01,1,1,10.00,1,27200.00
2026-03-16T11:50:00.000Z,2026-03-16T12:49:00.000Z,BUY,0.01,1,1,10.00,1,27210.00
2026-03-16T12:49:00.000Z,2026-03-16T13:11:00.000Z,BUY,0.01,1,1,10.00,1,27220.00
2026-03-16T13:11:00.000Z,2026-03-16T13:21:00.000Z,BUY,0.01,1,1,10.00,1,27230.00
2026-03-16T13:21:00.000Z,2026-03-16T14:28:00.000Z,BUY,0.01,3,1,10.00,3,27240.00
2026-03-16T14:28:00.000Z,2026-03-16T16:08:00.000Z,BUY,0.01,1,1,10.00,1,27250.00
2026-03-16T16:08:00.000Z,2026-03-16T16:40:00.000Z,BUY,0.01,2,1,10.00,2,27260.00
2026-03-16T16:40:00.000Z,2026-03-16T18:35:00.000Z,BUY,0.01,2,1,10.00,2,27270.00
2026-03-16T18:35:00.000Z,2026-03-16T18:40:00.000Z,BUY,0.01,1,1,10.00,1,27280.00
2026-03-16T18:40:00.000Z,2026-03-16T19:00:00.000Z,BUY,0.01,1,1,10.00,1,27290.00
2026-03-16T19:00:00.000Z,2026-03-16T20:27:00.000Z,BUY,0.01,1,1,10.00,1,27300.00
2026-03-16T20:27:00.000Z,2026-03-16T20:44:00.000Z,BUY,0.01,1,1,10.00,1,27310.00
2026-03-16T20:44:00.000Z,2026-03-17T03:54:00.000Z,BUY,0.01,3,1,10.00,3,27320.00
2026-03-17T03:54:00.000Z,2026-03-17T06:44:00.000Z,BUY,0.01,1,1,10.00,1,27330.00
2026-03-17T06:44:00.000Z,2026-03-17T08:24:00.000Z,BUY,0.01,2,1,10.00,2,27340.00
2026-03-17T08:24:00.000Z,2026-03-17T08:42:00.000Z,BUY,0.01,1,1,10.00,1,27350.00
2026-03-17T08:42:00.000Z,2026-03-17T09:38:00.000Z,BUY,0.01,1,1,10.00,1,27360.00
2026-03-17T09:38:00.000Z,2026-03-17T12:42:00.000Z,BUY,0.01,2,1,10.00,2,27370.00
2026-03-17T12:42:00.000Z,2026-03-17T13:16:00.000Z,BUY,0.01,1,1,10.00,1,27380.00
2026-03-17T13:16:00.000Z,2026-03-17T14:21:00.000Z,BUY,0.01,1,1,10.00,1,27390.00
2026-03-17T14:21:00.000Z,2026-03-17T15:40:00.000Z,BUY,0.01,1,1,10.00,1,27400.00
2026-03-17T15:40:00.000Z,2026-03-17T17:28:00.000Z,BUY,0.01,2,1,10.00,2,27410.00
2026-03-17T17:28:00.000Z,2026-03-17T19:24:00.000Z,BUY,0.01,3,1,10.00,3,27420.00
2026-03-17T19:24:00.000Z,2026-03-18T10:45:00.000Z,BUY,0.01,4,1,10.00,4,27430.00
2026-03-18T10:45:00.000Z,2026-03-18T10:47:00.000Z,BUY,0.01,1,1,10.00,1,27440.00
2026-03-18T10:47:00.000Z,2026-03-18T13:04:00.000Z,BUY,0.01,2,1,10.00,2,27450.00
2026-03-18T13:04:00.000Z,2026-03-18T13:14:00.000Z,BUY,0.01,1,1,10.00,1,27460.00
2026-03-18T13:14:00.000Z,2026-03-18T13:44:00.000Z,BUY,0.01,2,1,10.00,2,27470.00
2026-03-18T13:44:00.000Z,2026-03-18T14:13:00.000Z,BUY,0.01,2,1,10.00,2,27480.00
2026-03-18T14:13:00.000Z,2026-03-18T14:43:00.000Z,BUY,0.01,2,1,10.00,2,27490.00
2026-03-18T14:43:00.000Z,2026-03-18T14:53:00.000Z,BUY,0.01,1,1,10.00,1,27500.00
2026-03-18T14:53:00.000Z,2026-03-18T15:01:00.000Z,BUY,0.01,2,1,10.00,2,27510.00
2026-03-18T15:01:00.000Z,2026-03-18T15:39:00.000Z,BUY,0.01,3,1,10.00,3,27520.00
2026-03-18T15:39:00.000Z,2026-03-18T15:41:00.000Z,BUY,0.01,1,1,10.00,1,27530.00
2026-03-18T15:41:00.000Z,2026-03-18T16:05:00.000Z,BUY,0.01,1,1,10.00,1,27540.00
2026-03-18T16:05:00.000Z,2026-03-18T16:30:00.000Z,BUY,0.01,2,1,10.00,2,27550.00
2026-03-18T16:30:00.000Z,2026-03-18T16:47:00.000Z,BUY,0.01,1,1,10.00,1,27560.00
2026-03-18T16:47:00.000Z,2026-03-18T17:17:00.000Z,BUY,0.01,1,1,10.00,1,27570.00
2026-03-18T17:17:00.000Z,2026-03-18T18:56:00.000Z,BUY,0.01,1,1,10.00,1,27580.00
2026-03-18T18:56:00.000Z,2026-03-18T20:57:00.000Z,BUY,0.01,2,1,10.00,2,27590.00
2026-03-18T20:57:00.000Z,2026-03-18T22:14:00.000Z,BUY,0.01,2,1,10.00,2,27600.00
2026-03-18T22:14:00.000Z,2026-03-19T01:29:00.000Z,BUY,0.01,5,1,10.00,5,27610.00
2026-03-19T01:29:00.000Z,2026-03-19T03:01:00.000Z,BUY,0.01,1,1,10.00,1,27620.00
2026-03-19T03:01:00.000Z,2026-03-19T03:39:00.000Z,BUY,0.01,1,1,10.00,1,27630.00
2026-03-19T03:39:00.000Z,2026-03-19T07:45:00.000Z,BUY,0.01,2,1,10.00,2,27640.00
2026-03-19T07:45:00.000Z,2026-03-19T08:01:00.000Z,BUY,0.01,1,1,10.00,1,27650.00
2026-03-19T08:01:00.000Z,2026-03-19T08:34:00.000Z,BUY,0.01,2,1,10.00,2,27660.00
2026-03-19T08:34:00.000Z,2026-03-19T08:42:00.000Z,BUY,0.01,2,1,10.00,2,27670.00
2026-03-19T08:42:00.000Z,2026-03-19T08:53:00.000Z,BUY,0.01,2,1,10.00,2,27680.00
2026-03-19T08:53:00.000Z,2026-03-19T08:57:00.000Z,BUY,0.01,1,1,10.00,1,27690.00
2026-03-19T08:57:00.000Z,2026-03-19T09:01:00.000Z,BUY,0.01,1,1,10.00,1,27700.00
2026-03-19T09:01:00.000Z,2026-03-19T09:09:00.000Z,BUY,0.01,1,1,10.00,1,27710.00
2026-03-19T09:09:00.000Z,2026-03-19T09:43:00.000Z,BUY,0.01,2,1,10.00,2,27720.00
2026-03-19T09:43:00.000Z,2026-03-19T10:05:00.000Z,BUY,0.01,2,1,10.00,2,27730.00
2026-03-19T10:05:00.000Z,2026-03-19T10:17:00.000Z,BUY,0.01,3,1,10.00,3,27740.00
2026-03-19T10:17:00.000Z,2026-03-19T10:34:00.000Z,BUY,0.01,2,1,10.00,2,27750.00
2026-03-19T10:34:00.000Z,2026-03-19T10:35:00.000Z,BUY,0.01,1,1,10.00,1,27760.00
2026-03-19T10:35:00.000Z,2026-03-19T11:23:00.000Z,BUY,0.01,5,1,10.00,5,27770.00
2026-03-19T11:23:00.000Z,2026-03-19T12:17:00.000Z,BUY,0.01,2,1,10.00,2,27780.00
2026-03-19T12:17:00.000Z,2026-03-19T13:36:00.000Z,BUY,0.01,5,0,-2420.00,5,25360.00
2026-03-19T13:36:00.000Z,2026-03-19T13:38:00.000Z,BUY,0.01,1,1,10.00,1,25370.00
2026-03-19T13:38:00.000Z,2026-03-19T13:53:00.000Z,BUY,0.01,2,1,10.00,2,25380.00
2026-03-19T13:53:00.000Z,2026-03-19T14:10:00.000Z,BUY,0.01,2,1,10.00,2,25390.00
2026-03-19T14:10:00.000Z,2026-03-19T14:42:00.000Z,BUY,0.01,2,1,10.00,2,25400.00
2026-03-19T14:42:00.000Z,2026-03-19T14:44:00.000Z,BUY,0.01,2,1,10.00,2,25410.00
2026-03-19T14:44:00.000Z,2026-03-19T14:48:00.000Z,BUY,0.01,2,1,10.00,2,25420.00
2026-03-19T14:48:00.000Z,2026-03-19T14:49:00.000Z,BUY,0.01,1,1,10.00,1,25430.00
2026-03-19T14:49:00.000Z,2026-03-19T14:49:00.000Z,BUY,0.01,1,1,10.00,1,25440.00
2026-03-19T14:49:00.000Z,2026-03-19T14:51:00.000Z,BUY,0.01,1,1,10.00,1,25450.00
2026-03-19T14:51:00.000Z,2026-03-19T14:54:00.000Z,BUY,0.01,1,1,10.00,1,25460.00
2026-03-19T14:54:00.000Z,2026-03-19T14:57:00.000Z,BUY,0.01,1,1,10.00,1,25470.00
2026-03-19T14:57:00.000Z,2026-03-19T15:00:00.000Z,BUY,0.01,2,1,10.00,2,25480.00
2026-03-19T15:00:00.000Z,2026-03-19T15:02:00.000Z,BUY,0.01,2,1,10.00,2,25490.00
2026-03-19T15:02:00.000Z,2026-03-19T15:03:00.000Z,BUY,0.01,3,1,10.00,3,25500.00
2026-03-19T15:03:00.000Z,2026-03-19T15:04:00.000Z,BUY,0.01,1,1,10.00,1,25510.00
2026-03-19T15:04:00.000Z,2026-03-19T15:05:00.000Z,BUY,0.01,1,1,10.00,1,25520.00
2026-03-19T15:05:00.000Z,2026-03-19T15:08:00.000Z,BUY,0.01,1,1,10.00,1,25530.00
2026-03-19T15:08:00.000Z,2026-03-19T15:09:00.000Z,BUY,0.01,2,1,10.00,2,25540.00
2026-03-19T15:09:00.000Z,2026-03-19T15:13:00.000Z,BUY,0.01,1,1,10.00,1,25550.00
2026-03-19T15:13:00.000Z,2026-03-19T15:17:00.000Z,BUY,0.01,3,1,10.00,3,25560.00
2026-03-19T15:17:00.000Z,2026-03-19T15:19:00.000Z,BUY,0.01,1,1,10.00,1,25570.00
2026-03-19T15:19:00.000Z,2026-03-19T15:20:00.000Z,BUY,0.01,1,1,10.00,1,25580.00
2026-03-19T15:20:00.000Z,2026-03-19T15:47:00.000Z,BUY,0.01,4,1,10.00,4,25590.00
2026-03-19T15:47:00.000Z,2026-03-19T15:49:00.000Z,BUY,0.01,1,1,10.00,1,25600.00
2026-03-19T15:49:00.000Z,2026-03-19T15:50:00.000Z,BUY,0.01,1,1,10.00,1,25610.00
2026-03-19T15:50:00.000Z,2026-03-19T15:51:00.000Z,BUY,0.01,1,1,10.00,1,25620.00
2026-03-19T15:51:00.000Z,2026-03-19T15:53:00.000Z,BUY,0.01,1,1,10.00,1,25630.00
2026-03-19T15:53:00.000Z,2026-03-19T15:54:00.000Z,BUY,0.01,1,1,10.00,1,25640.00
2026-03-19T15:54:00.000Z,2026-03-19T15:56:00.000Z,BUY,0.01,1,1,10.00,1,25650.00
2026-03-19T15:56:00.000Z,2026-03-19T15:58:00.000Z,BUY,0.01,1,1,10.00,1,25660.00
2026-03-19T15:58:00.000Z,2026-03-19T16:00:00.000Z,BUY,0.01,1,1,10.00,1,25670.00
2026-03-19T16:00:00.000Z,2026-03-19T16:01:00.000Z,BUY,0.01,1,1,10.00,1,25680.00
2026-03-19T16:01:00.000Z,2026-03-19T16:12:00.000Z,BUY,0.01,1,1,10.00,1,25690.00
2026-03-19T16:12:00.000Z,2026-03-19T16:15:00.000Z,BUY,0.01,2,1,10.00,2,25700.00
2026-03-19T16:15:00.000Z,2026-03-19T16:28:00.000Z,BUY,0.01,2,1,10.00,2,25710.00
2026-03-19T16:28:00.000Z,2026-03-19T16:32:00.000Z,BUY,0.01,1,1,10.00,1,25720.00
2026-03-19T16:32:00.000Z,2026-03-19T16:35:00.000Z,BUY,0.01,1,1,10.00,1,25730.00
2026-03-19T16:35:00.000Z,2026-03-19T16:37:00.000Z,BUY,0.01,1,1,10.00,1,25740.00
2026-03-19T16:37:00.000Z,2026-03-19T17:05:00.000Z,BUY,0.01,3,1,10.00,3,25750.00
2026-03-19T17:05:00.000Z,2026-03-19T17:26:00.000Z,BUY,0.01,2,1,10.00,2,25760.00
2026-03-19T17:26:00.000Z,2026-03-19T17:45:00.000Z,BUY,0.01,2,1,10.00,2,25770.00
2026-03-19T17:45:00.000Z,2026-03-19T17:48:00.000Z,BUY,0.01,1,1,10.00,1,25780.00
2026-03-19T17:48:00.000Z,2026-03-19T17:51:00.000Z,BUY,0.01,1,1,10.00,1,25790.00
2026-03-19T17:51:00.000Z,2026-03-19T17:56:00.000Z,BUY,0.01,1,1,10.00,1,25800.00
2026-03-19T17:56:00.000Z,2026-03-19T17:57:00.000Z,BUY,0.01,1,1,10.00,1,25810.00
2026-03-19T17:57:00.000Z,2026-03-19T18:05:00.000Z,BUY,0.01,1,1,10.00,1,25820.00
2026-03-19T18:05:00.000Z,2026-03-19T18:33:00.000Z,BUY,0.01,2,1,10.00,2,25830.00
2026-03-19T18:33:00.000Z,2026-03-19T18:40:00.000Z,BUY,0.01,1,1,10.00,1,25840.00
2026-03-19T18:40:00.000Z,2026-03-19T19:22:00.000Z,BUY,0.01,3,1,10.00,3,25850.00
2026-03-19T19:22:00.000Z,2026-03-19T19:52:00.000Z,BUY,0.01,1,1,10.00,1,25860.00
2026-03-19T19:52:00.000Z,2026-03-19T21:00:00.000Z,BUY,0.01,3,1,10.00,3,25870.00
2026-03-19T21:00:00.000Z,2026-03-19T21:01:00.000Z,BUY,0.01,1,1,10.00,1,25880.00
2026-03-19T21:01:00.000Z,2026-03-19T21:06:00.000Z,BUY,0.01,1,1,10.00,1,25890.00
2026-03-19T21:06:00.000Z,2026-03-19T21:12:00.000Z,BUY,0.01,1,1,10.00,1,25900.00
2026-03-19T21:12:00.000Z,2026-03-20T00:15:00.000Z,BUY,0.01,3,1,10.00,3,25910.00
2026-03-20T00:15:00.000Z,2026-03-20T00:52:00.000Z,BUY,0.01,2,1,10.00,2,25920.00
2026-03-20T00:52:00.000Z,2026-03-20T02:02:00.000Z,BUY,0.01,1,1,10.00,1,25930.00
2026-03-20T02:02:00.000Z,2026-03-20T02:14:00.000Z,BUY,0.01,1,1,10.00,1,25940.00
2026-03-20T02:14:00.000Z,2026-03-20T03:06:00.000Z,BUY,0.01,3,1,10.00,3,25950.00
2026-03-20T03:06:00.000Z,2026-03-20T03:40:00.000Z,BUY,0.01,3,1,10.00,3,25960.00
2026-03-20T03:40:00.000Z,2026-03-20T03:45:00.000Z,BUY,0.01,1,1,10.00,1,25970.00
2026-03-20T03:45:00.000Z,2026-03-20T05:04:00.000Z,BUY,0.01,3,1,10.00,3,25980.00
2026-03-20T05:04:00.000Z,2026-03-20T05:05:00.000Z,BUY,0.01,1,1,10.00,1,25990.00
2026-03-20T05:05:00.000Z,2026-03-20T05:17:00.000Z,BUY,0.01,1,1,10.00,1,26000.00
2026-03-20T05:17:00.000Z,2026-03-20T05:18:00.000Z,BUY,0.01,1,1,10.00,1,26010.00
2026-03-20T05:18:00.000Z,2026-03-20T07:33:00.000Z,BUY,0.01,2,1,10.00,2,26020.00
2026-03-20T07:33:00.000Z,2026-03-20T07:40:00.000Z,BUY,0.01,1,1,10.00,1,26030.00
2026-03-20T07:40:00.000Z,2026-03-20T08:21:00.000Z,BUY,0.01,2,1,10.00,2,26040.00
2026-03-20T08:21:00.000Z,2026-03-20T09:40:00.000Z,BUY,0.01,3,1,10.00,3,26050.00
2026-03-20T09:40:00.000Z,2026-03-20T09:57:00.000Z,BUY,0.01,1,1,10.00,1,26060.00
2026-03-20T09:57:00.000Z,2026-03-20T10:11:00.000Z,BUY,0.01,1,1,10.00,1,26070.00
2026-03-20T10:11:00.000Z,2026-03-20T10:19:00.000Z,BUY,0.01,1,1,10.00,1,26080.00
2026-03-20T10:19:00.000Z,2026-03-20T10:45:00.000Z,BUY,0.01,2,1,10.00,2,26090.00
2026-03-20T10:45:00.000Z,2026-03-20T11:53:00.000Z,BUY,0.01,2,1,10.00,2,26100.00
2026-03-20T11:53:00.000Z,2026-03-20T14:00:00.000Z,BUY,0.01,3,1,10.00,3,26110.00
2026-03-20T14:00:00.000Z,2026-03-20T14:09:00.000Z,BUY,0.01,1,1,10.00,1,26120.00
2026-03-20T14:09:00.000Z,2026-03-20T15:10:00.000Z,BUY,0.01,2,1,10.00,2,26130.00
2026-03-20T15:10:00.000Z,2026-03-20T15:20:00.000Z,BUY,0.01,1,1,10.00,1,26140.00
2026-03-20T15:20:00.000Z,2026-03-20T15:51:00.000Z,BUY,0.01,2,1,10.00,2,26150.00
2026-03-20T15:51:00.000Z,2026-03-20T16:08:00.000Z,BUY,0.01,2,1,10.00,2,26160.00
2026-03-20T16:08:00.000Z,2026-03-20T16:10:00.000Z,BUY,0.01,1,1,10.00,1,26170.00
2026-03-20T16:10:00.000Z,2026-03-20T16:14:00.000Z,BUY,0.01,2,1,10.00,2,26180.00
2026-03-20T16:14:00.000Z,2026-03-20T16:25:00.000Z,BUY,0.01,2,1,10.00,2,26190.00
2026-03-20T16:25:00.000Z,2026-03-20T16:30:00.000Z,BUY,0.01,1,1,10.00,1,26200.00
2026-03-20T16:30:00.000Z,2026-03-20T16:33:00.000Z,BUY,0.01,1,1,10.00,1,26210.00
2026-03-20T16:33:00.000Z,2026-03-20T17:25:00.000Z,BUY,0.01,4,1,10.00,4,26220.00
2026-03-20T17:25:00.000Z,2026-03-20T17:29:00.000Z,BUY,0.01,1,1,10.00,1,26230.00
2026-03-20T17:29:00.000Z,2026-03-20T17:31:00.000Z,BUY,0.01,1,1,10.00,1,26240.00
2026-03-20T17:31:00.000Z,2026-03-20T18:05:00.000Z,BUY,0.01,3,1,10.00,3,26250.00
2026-03-20T18:05:00.000Z,2026-03-20T18:14:00.000Z,BUY,0.01,1,1,10.00,1,26260.00
2026-03-20T18:14:00.000Z,2026-03-20T18:19:00.000Z,BUY,0.01,1,1,10.00,1,26270.00
2026-03-20T18:19:00.000Z,2026-03-20T18:20:00.000Z,BUY,0.01,1,1,10.00,1,26280.00
2026-03-20T18:20:00.000Z,2026-03-20T18:31:00.000Z,BUY,0.01,2,1,10.00,2,26290.00
2026-03-20T18:31:00.000Z,2026-03-20T18:36:00.000Z,BUY,0.01,1,1,10.00,1,26300.00
2026-03-20T18:36:00.000Z,2026-03-20T19:08:00.000Z,BUY,0.01,3,1,10.00,3,26310.00
2026-03-20T19:08:00.000Z,2026-03-20T19:24:00.000Z,BUY,0.01,2,1,10.00,2,26320.00
2026-03-20T19:24:00.000Z,2026-03-20T20:22:00.000Z,BUY,0.01,2,1,10.00,2,26330.00
2026-03-20T20:22:00.000Z,2026-03-20T20:25:00.000Z,BUY,0.01,1,1,10.00,1,26340.00
2026-03-20T20:25:00.000Z,2026-03-20T20:47:00.000Z,BUY,0.01,2,1,10.00,2,26350.00
2026-03-20T20:47:00.000Z,2026-03-20T20:55:00.000Z,BUY,0.01,2,1,10.00,2,26360.00
2026-03-20T20:55:00.000Z,2026-03-20T20:59:00.000Z,BUY,0.01,1,1,10.00,1,26370.00
2026-03-20T20:59:00.000Z,2026-03-20T21:00:00.000Z,BUY,0.01,1,1,10.00,1,26380.00
2026-03-20T21:00:00.000Z,2026-03-23T00:01:00.000Z,BUY,0.01,4,1,10.00,4,26390.00
2026-03-23T00:01:00.000Z,2026-03-23T00:03:00.000Z,BUY,0.01,2,1,10.00,2,26400.00
2026-03-23T00:03:00.000Z,2026-03-23T00:04:00.000Z,BUY,0.01,1,1,10.00,1,26410.00
2026-03-23T00:04:00.000Z,2026-03-23T00:04:00.000Z,BUY,0.01,1,1,10.00,1,26420.00
2026-03-23T00:04:00.000Z,2026-03-23T00:05:00.000Z,BUY,0.01,1,1,10.00,1,26430.00
2026-03-23T00:05:00.000Z,2026-03-23T00:05:00.000Z,BUY,0.01,1,1,10.00,1,26440.00
2026-03-23T00:05:00.000Z,2026-03-23T00:07:00.000Z,BUY,0.01,1,1,10.00,1,26450.00
2026-03-23T00:07:00.000Z,2026-03-23T00:07:00.000Z,BUY,0.01,1,1,10.00,1,26460.00
2026-03-23T00:07:00.000Z,2026-03-23T00:21:00.000Z,BUY,0.01,3,1,10.00,3,26470.00
2026-03-23T00:21:00.000Z,2026-03-23T00:24:00.000Z,BUY,0.01,1,1,10.00,1,26480.00
2026-03-23T00:24:00.000Z,2026-03-23T00:55:00.000Z,BUY,0.01,2,1,10.00,2,26490.00
2026-03-23T00:55:00.000Z,2026-03-23T01:48:00.000Z,BUY,0.01,2,1,10.00,2,26500.00
2026-03-23T01:48:00.000Z,2026-03-23T02:03:00.000Z,BUY,0.01,2,1,10.00,2,26510.00
2026-03-23T02:03:00.000Z,2026-03-23T02:08:00.000Z,BUY,0.01,1,1,10.00,1,26520.00
2026-03-23T02:08:00.000Z,2026-03-23T02:15:00.000Z,BUY,0.01,2,1,10.00,2,26530.00
2026-03-23T02:15:00.000Z,2026-03-23T02:19:00.000Z,BUY,0.01,1,1,10.00,1,26540.00
2026-03-23T02:19:00.000Z,2026-03-23T02:25:00.000Z,BUY,0.01,1,1,10.00,1,26550.00
2026-03-23T02:25:00.000Z,2026-03-23T02:34:00.000Z,BUY,0.01,2,1,10.00,2,26560.00
2026-03-23T02:34:00.000Z,2026-03-23T02:35:00.000Z,BUY,0.01,2,1,10.00,2,26570.00
2026-03-23T02:35:00.000Z,2026-03-23T02:36:00.000Z,BUY,0.01,2,1,10.00,2,26580.00
2026-03-23T02:36:00.000Z,2026-03-23T02:44:00.000Z,BUY,0.01,3,1,10.00,3,26590.00
2026-03-23T02:44:00.000Z,2026-03-23T02:52:00.000Z,BUY,0.01,2,1,10.00,2,26600.00
2026-03-23T02:52:00.000Z,2026-03-23T02:56:00.000Z,BUY,0.01,1,1,10.00,1,26610.00
2026-03-23T02:56:00.000Z,2026-03-23T02:57:00.000Z,BUY,0.01,1,1,10.00,1,26620.00
2026-03-23T02:57:00.000Z,2026-03-23T02:58:00.000Z,BUY,0.01,1,1,10.00,1,26630.00
2026-03-23T02:58:00.000Z,2026-03-23T03:00:00.000Z,BUY,0.01,2,1,10.00,2,26640.00
2026-03-23T03:00:00.000Z,2026-03-23T03:00:00.000Z,BUY,0.01,1,1,10.00,1,26650.00
2026-03-23T03:00:00.000Z,2026-03-23T03:01:00.000Z,BUY,0.01,1,1,10.00,1,26660.00
2026-03-23T03:01:00.000Z,2026-03-23T03:03:00.000Z,BUY,0.01,1,1,10.00,1,26670.00
2026-03-23T03:03:00.000Z,2026-03-23T03:04:00.000Z,BUY,0.01,1,1,10.00,1,26680.00
2026-03-23T03:04:00.000Z,2026-03-23T03:05:00.000Z,BUY,0.01,1,1,10.00,1,26690.00
2026-03-23T03:05:00.000Z,2026-03-23T03:06:00.000Z,BUY,0.01,1,1,10.00,1,26700.00
2026-03-23T03:06:00.000Z,2026-03-23T03:08:00.000Z,BUY,0.01,1,1,10.00,1,26710.00
2026-03-23T03:08:00.000Z,2026-03-23T03:08:00.000Z,BUY,0.01,1,1,10.00,1,26720.00
2026-03-23T03:08:00.000Z,2026-03-23T03:16:00.000Z,BUY,0.01,3,1,10.00,3,26730.00
2026-03-23T03:16:00.000Z,2026-03-23T03:18:00.000Z,BUY,0.01,1,1,10.00,1,26740.00
2026-03-23T03:18:00.000Z,2026-03-23T03:32:00.000Z,BUY,0.01,1,1,10.00,1,26750.00
2026-03-23T03:32:00.000Z,2026-03-23T03:48:00.000Z,BUY,0.01,2,1,10.00,2,26760.00
2026-03-23T03:48:00.000Z,2026-03-23T03:59:00.000Z,BUY,0.01,2,1,10.00,2,26770.00
2026-03-23T03:59:00.000Z,2026-03-23T04:01:00.000Z,BUY,0.01,1,1,10.00,1,26780.00
2026-03-23T04:01:00.000Z,2026-03-23T04:01:00.000Z,BUY,0.01,1,1,10.00,1,26790.00
2026-03-23T04:01:00.000Z,2026-03-23T04:02:00.000Z,BUY,0.01,1,1,10.00,1,26800.00
2026-03-23T04:02:00.000Z,2026-03-23T04:32:00.000Z,BUY,0.01,4,1,10.00,4,26810.00
2026-03-23T04:32:00.000Z,2026-03-23T04:53:00.000Z,BUY,0.01,2,1,10.00,2,26820.00
2026-03-23T04:53:00.000Z,2026-03-23T04:58:00.000Z,BUY,0.01,1,1,10.00,1,26830.00
2026-03-23T04:58:00.000Z,2026-03-23T05:02:00.000Z,BUY,0.01,1,1,10.00,1,26840.00
2026-03-23T05:02:00.000Z,2026-03-23T05:26:00.000Z,BUY,0.01,2,1,10.00,2,26850.00
2026-03-23T05:26:00.000Z,2026-03-23T05:30:00.000Z,BUY,0.01,1,1,10.00,1,26860.00
2026-03-23T05:30:00.000Z,2026-03-23T06:00:00.000Z,BUY,0.01,3,1,10.00,3,26870.00
2026-03-23T06:00:00.000Z,2026-03-23T06:36:00.000Z,BUY,0.01,1,1,10.00,1,26880.00
2026-03-23T06:36:00.000Z,2026-03-23T07:30:00.000Z,BUY,0.01,4,1,10.00,4,26890.00
2026-03-23T07:30:00.000Z,2026-03-23T07:51:00.000Z,BUY,0.01,2,1,10.00,2,26900.00
2026-03-23T07:51:00.000Z,2026-03-23T08:03:00.000Z,BUY,0.01,2,1,10.00,2,26910.00
2026-03-23T08:03:00.000Z,2026-03-23T08:15:00.000Z,BUY,0.01,1,1,10.00,1,26920.00
2026-03-23T08:15:00.000Z,2026-03-23T08:15:00.000Z,BUY,0.01,1,1,10.00,1,26930.00
2026-03-23T08:15:00.000Z,2026-03-23T08:18:00.000Z,BUY,0.01,2,1,10.00,2,26940.00
2026-03-23T08:18:00.000Z,2026-03-23T08:29:00.000Z,BUY,0.01,2,1,10.00,2,26950.00
2026-03-23T08:29:00.000Z,2026-03-23T08:36:00.000Z,BUY,0.01,2,1,10.00,2,26960.00
2026-03-23T08:36:00.000Z,2026-03-23T08:38:00.000Z,BUY,0.01,1,1,10.00,1,26970.00
2026-03-23T08:38:00.000Z,2026-03-23T08:39:00.000Z,BUY,0.01,1,1,10.00,1,26980.00
2026-03-23T08:39:00.000Z,2026-03-23T08:43:00.000Z,BUY,0.01,2,1,10.00,2,26990.00
2026-03-23T08:43:00.000Z,2026-03-23T08:47:00.000Z,BUY,0.01,2,1,10.00,2,27000.00
2026-03-23T08:47:00.000Z,2026-03-23T08:48:00.000Z,BUY,0.01,1,1,10.00,1,27010.00
2026-03-23T08:48:00.000Z,2026-03-23T08:49:00.000Z,BUY,0.01,1,1,10.00,1,27020.00
2026-03-23T08:49:00.000Z,2026-03-23T08:50:00.000Z,BUY,0.01,1,1,10.00,1,27030.00
2026-03-23T08:50:00.000Z,2026-03-23T08:51:00.000Z,BUY,0.01,1,1,10.00,1,27040.00
2026-03-23T08:51:00.000Z,2026-03-23T08:52:00.000Z,BUY,0.01,1,1,10.00,1,27050.00
2026-03-23T08:52:00.000Z,2026-03-23T09:01:00.000Z,BUY,0.01,2,1,10.00,2,27060.00
2026-03-23T09:01:00.000Z,2026-03-23T09:05:00.000Z,BUY,0.01,2,1,10.00,2,27070.00
2026-03-23T09:05:00.000Z,2026-03-23T09:08:00.000Z,BUY,0.01,2,1,10.00,2,27080.00
2026-03-23T09:08:00.000Z,2026-03-23T09:09:00.000Z,BUY,0.01,1,1,10.00,1,27090.00
2026-03-23T09:09:00.000Z,2026-03-23T09:09:00.000Z,BUY,0.01,1,1,10.00,1,27100.00
2026-03-23T09:09:00.000Z,2026-03-23T09:10:00.000Z,BUY,0.01,1,1,10.00,1,27110.00
2026-03-23T09:10:00.000Z,2026-03-23T09:13:00.000Z,BUY,0.01,2,1,10.00,2,27120.00
2026-03-23T09:13:00.000Z,2026-03-23T09:17:00.000Z,BUY,0.01,1,1,10.00,1,27130.00
2026-03-23T09:17:00.000Z,2026-03-23T09:18:00.000Z,BUY,0.01,2,1,10.00,2,27140.00
2026-03-23T09:18:00.000Z,2026-03-23T09:24:00.000Z,BUY,0.01,3,1,10.00,3,27150.00
2026-03-23T09:24:00.000Z,2026-03-23T09:24:00.000Z,BUY,0.01,1,1,10.00,1,27160.00
2026-03-23T09:24:00.000Z,2026-03-23T09:31:00.000Z,BUY,0.01,3,1,10.00,3,27170.00
2026-03-23T09:31:00.000Z,2026-03-23T09:34:00.000Z,BUY,0.01,1,1,10.00,1,27180.00
2026-03-23T09:34:00.000Z,2026-03-23T09:36:00.000Z,BUY,0.01,1,1,10.00,1,27190.00
2026-03-23T09:36:00.000Z,2026-03-23T09:36:00.000Z,BUY,0.01,1,1,10.00,1,27200.00
2026-03-23T09:36:00.000Z,2026-03-23T09:38:00.000Z,BUY,0.01,1,1,10.00,1,27210.00
2026-03-23T09:38:00.000Z,2026-03-23T09:41:00.000Z,BUY,0.01,3,1,10.00,3,27220.00
2026-03-23T09:41:00.000Z,2026-03-23T09:44:00.000Z,BUY,0.01,1,1,10.00,1,27230.00
2026-03-23T09:44:00.000Z,2026-03-23T09:46:00.000Z,BUY,0.01,1,1,10.00,1,27240.00
2026-03-23T09:46:00.000Z,2026-03-23T09:53:00.000Z,BUY,0.01,2,1,10.00,2,27250.00
2026-03-23T09:53:00.000Z,2026-03-23T09:57:00.000Z,BUY,0.01,1,1,10.00,1,27260.00
2026-03-23T09:57:00.000Z,2026-03-23T10:00:00.000Z,BUY,0.01,1,1,10.00,1,27270.00
2026-03-23T10:00:00.000Z,2026-03-23T10:00:00.000Z,BUY,0.01,1,1,10.00,1,27280.00
2026-03-23T10:00:00.000Z,2026-03-23T10:06:00.000Z,BUY,0.01,1,1,10.00,1,27290.00
2026-03-23T10:06:00.000Z,2026-03-23T10:11:00.000Z,BUY,0.01,1,1,10.00,1,27300.00
2026-03-23T10:11:00.000Z,2026-03-23T10:14:00.000Z,BUY,0.01,1,1,10.00,1,27310.00
2026-03-23T10:14:00.000Z,2026-03-23T10:17:00.000Z,BUY,0.01,2,1,10.00,2,27320.00
2026-03-23T10:17:00.000Z,2026-03-23T10:30:00.000Z,BUY,0.01,1,1,10.00,1,27330.00
2026-03-23T10:30:00.000Z,2026-03-23T10:31:00.000Z,BUY,0.01,1,1,10.00,1,27340.00
2026-03-23T10:31:00.000Z,2026-03-23T10:32:00.000Z,BUY,0.01,1,1,10.00,1,27350.00
2026-03-23T10:32:00.000Z,2026-03-23T10:35:00.000Z,BUY,0.01,1,1,10.00,1,27360.00
2026-03-23T10:35:00.000Z,2026-03-23T10:39:00.000Z,BUY,0.01,2,1,10.00,2,27370.00
2026-03-23T10:39:00.000Z,2026-03-23T10:41:00.000Z,BUY,0.01,1,1,10.00,1,27380.00
2026-03-23T10:41:00.000Z,2026-03-23T10:42:00.000Z,BUY,0.01,1,1,10.00,1,27390.00
2026-03-23T10:42:00.000Z,2026-03-23T10:45:00.000Z,BUY,0.01,1,1,10.00,1,27400.00
2026-03-23T10:45:00.000Z,2026-03-23T10:50:00.000Z,BUY,0.01,2,1,10.00,2,27410.00
2026-03-23T10:50:00.000Z,2026-03-23T10:59:00.000Z,BUY,0.01,1,1,10.00,1,27420.00
2026-03-23T10:59:00.000Z,2026-03-23T11:00:00.000Z,BUY,0.01,1,1,10.00,1,27430.00
2026-03-23T11:00:00.000Z,2026-03-23T11:14:00.000Z,BUY,0.01,1,1,10.00,1,27440.00
2026-03-23T11:14:00.000Z,2026-03-23T11:15:00.000Z,BUY,0.01,1,1,10.00,1,27450.00
2026-03-23T11:15:00.000Z,2026-03-23T11:16:00.000Z,BUY,0.01,1,1,10.00,1,27460.00
2026-03-23T11:16:00.000Z,2026-03-23T11:21:00.000Z,BUY,0.01,1,1,10.00,1,27470.00
2026-03-23T11:21:00.000Z,2026-03-23T11:30:00.000Z,BUY,0.01,1,1,10.00,1,27480.00
2026-03-23T11:30:00.000Z,2026-03-23T11:36:00.000Z,BUY,0.01,2,1,10.00,2,27490.00
2026-03-23T11:36:00.000Z,2026-03-23T11:39:00.000Z,BUY,0.01,2,1,10.00,2,27500.00
2026-03-23T11:39:00.000Z,2026-03-23T12:02:00.000Z,BUY,0.01,3,1,10.00,3,27510.00
2026-03-23T12:02:00.000Z,2026-03-23T12:11:00.000Z,BUY,0.01,1,1,10.00,1,27520.00
2026-03-23T12:11:00.000Z,2026-03-23T12:50:00.000Z,BUY,0.01,3,1,10.00,3,27530.00
2026-03-23T12:50:00.000Z,2026-03-23T13:01:00.000Z,BUY,0.01,3,1,10.00,3,27540.00
2026-03-23T13:01:00.000Z,2026-03-23T13:05:00.000Z,BUY,0.01,1,1,10.00,1,27550.00
2026-03-23T13:05:00.000Z,2026-03-23T13:05:00.000Z,BUY,0.01,1,1,10.00,1,27560.00
2026-03-23T13:05:00.000Z,2026-03-23T13:05:00.000Z,BUY,0.01,1,1,10.00,1,27570.00
2026-03-23T13:05:00.000Z,2026-03-23T13:05:00.000Z,BUY,0.01,1,1,10.00,1,27580.00
2026-03-23T13:05:00.000Z,2026-03-23T13:05:00.000Z,BUY,0.01,1,1,10.00,1,27590.00
2026-03-23T13:05:00.000Z,2026-03-23T13:06:00.000Z,BUY,0.01,1,1,10.00,1,27600.00
2026-03-23T13:06:00.000Z,2026-03-23T13:06:00.000Z,BUY,0.01,1,1,10.00,1,27610.00
2026-03-23T13:06:00.000Z,2026-03-23T13:06:00.000Z,BUY,0.01,1,1,10.00,1,27620.00
2026-03-23T13:06:00.000Z,2026-03-23T13:06:00.000Z,BUY,0.01,1,1,10.00,1,27630.00
2026-03-23T13:06:00.000Z,2026-03-23T13:07:00.000Z,BUY,0.01,1,1,10.00,1,27640.00
2026-03-23T13:07:00.000Z,2026-03-23T13:07:00.000Z,BUY,0.01,1,1,10.00,1,27650.00
2026-03-23T13:07:00.000Z,2026-03-23T13:07:00.000Z,BUY,0.01,1,1,10.00,1,27660.00
2026-03-23T13:07:00.000Z,2026-03-23T13:08:00.000Z,BUY,0.01,2,1,10.00,2,27670.00
2026-03-23T13:08:00.000Z,2026-03-23T13:08:00.000Z,BUY,0.01,1,1,10.00,1,27680.00
2026-03-23T13:08:00.000Z,2026-03-23T13:09:00.000Z,BUY,0.01,1,1,10.00,1,27690.00
2026-03-23T13:09:00.000Z,2026-03-23T13:10:00.000Z,BUY,0.01,1,1,10.00,1,27700.00
2026-03-23T13:10:00.000Z,2026-03-23T13:10:00.000Z,BUY,0.01,1,1,10.00,1,27710.00
2026-03-23T13:10:00.000Z,2026-03-23T13:10:00.000Z,BUY,0.01,1,1,10.00,1,27720.00
2026-03-23T13:10:00.000Z,2026-03-23T13:11:00.000Z,BUY,0.01,1,1,10.00,1,27730.00
2026-03-23T13:11:00.000Z,2026-03-23T13:11:00.000Z,BUY,0.01,1,1,10.00,1,27740.00
2026-03-23T13:11:00.000Z,2026-03-23T13:11:00.000Z,BUY,0.01,2,1,10.00,2,27750.00
2026-03-23T13:11:00.000Z,2026-03-23T13:12:00.000Z,BUY,0.01,1,1,10.00,1,27760.00
2026-03-23T13:12:00.000Z,2026-03-23T13:14:00.000Z,BUY,0.01,1,1,10.00,1,27770.00
2026-03-23T13:14:00.000Z,2026-03-23T13:14:00.000Z,BUY,0.01,1,1,10.00,1,27780.00
2026-03-23T13:14:00.000Z,2026-03-23T13:15:00.000Z,BUY,0.01,2,1,10.00,2,27790.00
2026-03-23T13:15:00.000Z,2026-03-23T13:18:00.000Z,BUY,0.01,2,1,10.00,2,27800.00
2026-03-23T13:18:00.000Z,2026-03-23T13:20:00.000Z,BUY,0.01,1,1,10.00,1,27810.00
2026-03-23T13:20:00.000Z,2026-03-23T13:20:00.000Z,BUY,0.01,2,1,10.00,2,27820.00
2026-03-23T13:20:00.000Z,2026-03-23T13:25:00.000Z,BUY,0.01,1,1,10.00,1,27830.00
2026-03-23T13:25:00.000Z,2026-03-23T13:26:00.000Z,BUY,0.01,1,1,10.00,1,27840.00
2026-03-23T13:26:00.000Z,2026-03-23T13:31:00.000Z,BUY,0.01,3,1,10.00,3,27850.00
2026-03-23T13:31:00.000Z,2026-03-23T13:34:00.000Z,BUY,0.01,1,1,10.00,1,27860.00
2026-03-23T13:34:00.000Z,2026-03-23T13:34:00.000Z,BUY,0.01,1,1,10.00,1,27870.00
2026-03-23T13:34:00.000Z,2026-03-23T13:38:00.000Z,BUY,0.01,2,1,10.00,2,27880.00
2026-03-23T13:38:00.000Z,2026-03-23T13:39:00.000Z,BUY,0.01,1,1,10.00,1,27890.00
2026-03-23T13:39:00.000Z,2026-03-23T13:45:00.000Z,BUY,0.01,3,1,10.00,3,27900.00
2026-03-23T13:45:00.000Z,2026-03-23T13:47:00.000Z,BUY,0.01,2,1,10.00,2,27910.00
2026-03-23T13:47:00.000Z,2026-03-23T13:53:00.000Z,BUY,0.01,1,1,10.00,1,27920.00
2026-03-23T13:53:00.000Z,2026-03-23T13:53:00.000Z,BUY,0.01,1,1,10.00,1,27930.00
2026-03-23T13:53:00.000Z,2026-03-23T13:56:00.000Z,BUY,0.01,2,1,10.00,2,27940.00
2026-03-23T13:56:00.000Z,2026-03-23T14:05:00.000Z,BUY,0.01,2,1,10.00,2,27950.00
2026-03-23T14:05:00.000Z,2026-03-23T14:09:00.000Z,BUY,0.01,1,1,10.00,1,27960.00
2026-03-23T14:09:00.000Z,2026-03-23T14:09:00.000Z,BUY,0.01,1,1,10.00,1,27970.00
2026-03-23T14:09:00.000Z,2026-03-23T14:16:00.000Z,BUY,0.01,1,1,10.00,1,27980.00
2026-03-23T14:16:00.000Z,2026-03-23T14:17:00.000Z,BUY,0.01,1,1,10.00,1,27990.00
2026-03-23T14:17:00.000Z,2026-03-23T14:19:00.000Z,BUY,0.01,1,1,10.00,1,28000.00
2026-03-23T14:19:00.000Z,2026-03-23T14:33:00.000Z,BUY,0.01,3,1,10.00,3,28010.00
2026-03-23T14:33:00.000Z,2026-03-23T14:41:00.000Z,BUY,0.01,1,1,10.00,1,28020.00
2026-03-23T14:41:00.000Z,2026-03-23T14:41:00.000Z,BUY,0.01,1,1,10.00,1,28030.00
2026-03-23T14:41:00.000Z,2026-03-23T14:42:00.000Z,BUY,0.01,1,1,10.00,1,28040.00
2026-03-23T14:42:00.000Z,2026-03-23T14:47:00.000Z,BUY,0.01,1,1,10.00,1,28050.00
2026-03-23T14:47:00.000Z,2026-03-23T14:49:00.000Z,BUY,0.01,1,1,10.00,1,28060.00
2026-03-23T14:49:00.000Z,2026-03-23T14:50:00.000Z,BUY,0.01,1,1,10.00,1,28070.00
2026-03-23T14:50:00.000Z,2026-03-23T14:52:00.000Z,BUY,0.01,1,1,10.00,1,28080.00
2026-03-23T14:52:00.000Z,2026-03-23T14:59:00.000Z,BUY,0.01,1,1,10.00,1,28090.00
2026-03-23T14:59:00.000Z,2026-03-23T15:01:00.000Z,BUY,0.01,2,1,10.00,2,28100.00
2026-03-23T15:01:00.000Z,2026-03-23T15:19:00.000Z,BUY,0.01,4,1,10.00,4,28110.00
2026-03-23T15:19:00.000Z,2026-03-23T15:37:00.000Z,BUY,0.01,3,1,10.00,3,28120.00
2026-03-23T15:37:00.000Z,2026-03-23T15:51:00.000Z,BUY,0.01,5,1,10.00,5,28130.00
2026-03-23T15:51:00.000Z,2026-03-23T15:53:00.000Z,BUY,0.01,1,1,10.00,1,28140.00
2026-03-23T15:53:00.000Z,2026-03-23T16:01:00.000Z,BUY,0.01,3,1,10.00,3,28150.00
2026-03-23T16:01:00.000Z,2026-03-23T16:15:00.000Z,BUY,0.01,1,1,10.00,1,28160.00
2026-03-23T16:15:00.000Z,2026-03-23T16:18:00.000Z,BUY,0.01,1,1,10.00,1,28170.00
2026-03-23T16:18:00.000Z,2026-03-23T16:24:00.000Z,BUY,0.01,1,1,10.00,1,28180.00
2026-03-23T16:24:00.000Z,2026-03-23T16:26:00.000Z,BUY,0.01,1,1,10.00,1,28190.00
2026-03-23T16:26:00.000Z,2026-03-23T16:29:00.000Z,BUY,0.01,2,1,10.00,2,28200.00
2026-03-23T16:29:00.000Z,2026-03-23T16:32:00.000Z,BUY,0.01,1,1,10.00,1,28210.00
2026-03-23T16:32:00.000Z,2026-03-23T16:33:00.000Z,BUY,0.01,1,1,10.00,1,28220.00
2026-03-23T16:33:00.000Z,2026-03-23T16:40:00.000Z,BUY,0.01,2,1,10.00,2,28230.00
2026-03-23T16:40:00.000Z,2026-03-23T16:42:00.000Z,BUY,0.01,1,1,10.00,1,28240.00
2026-03-23T16:42:00.000Z,2026-03-23T17:16:00.000Z,BUY,0.01,4,1,10.00,4,28250.00
2026-03-23T17:16:00.000Z,2026-03-23T17:36:00.000Z,BUY,0.01,4,1,10.00,4,28260.00
2026-03-23T17:36:00.000Z,2026-03-23T17:52:00.000Z,BUY,0.01,2,1,10.00,2,28270.00
2026-03-23T17:52:00.000Z,2026-03-23T17:56:00.000Z,BUY,0.01,2,1,10.00,2,28280.00
2026-03-23T17:56:00.000Z,2026-03-23T18:01:00.000Z,BUY,0.01,1,1,10.00,1,28290.00
2026-03-23T18:01:00.000Z,2026-03-23T18:12:00.000Z,BUY,0.01,3,1,10.00,3,28300.00
2026-03-23T18:12:00.000Z,2026-03-23T18:29:00.000Z,BUY,0.01,2,1,10.00,2,28310.00
2026-03-23T18:29:00.000Z,2026-03-23T18:30:00.000Z,BUY,0.01,1,1,10.00,1,28320.00
2026-03-23T18:30:00.000Z,2026-03-23T18:32:00.000Z,BUY,0.01,1,1,10.00,1,28330.00
2026-03-23T18:32:00.000Z,2026-03-23T18:37:00.000Z,BUY,0.01,1,1,10.00,1,28340.00
2026-03-23T18:37:00.000Z,2026-03-23T19:08:00.000Z,BUY,0.01,1,1,10.00,1,28350.00
2026-03-23T19:08:00.000Z,2026-03-23T19:13:00.000Z,BUY,0.01,1,1,10.00,1,28360.00
2026-03-23T19:13:00.000Z,2026-03-23T19:31:00.000Z,BUY,0.01,1,1,10.00,1,28370.00
2026-03-23T19:31:00.000Z,2026-03-23T19:33:00.000Z,BUY,0.01,1,1,10.00,1,28380.00
2026-03-23T19:33:00.000Z,2026-03-23T19:36:00.000Z,BUY,0.01,1,1,10.00,1,28390.00
2026-03-23T19:36:00.000Z,2026-03-23T19:49:00.000Z,BUY,0.01,2,1,10.00,2,28400.00
2026-03-23T19:49:00.000Z,2026-03-23T19:51:00.000Z,BUY,0.01,1,1,10.00,1,28410.00
2026-03-23T19:51:00.000Z,2026-03-23T19:56:00.000Z,BUY,0.01,1,1,10.00,1,28420.00
2026-03-23T19:56:00.000Z,2026-03-23T20:31:00.000Z,BUY,0.01,3,1,10.00,3,28430.00
2026-03-23T20:31:00.000Z,2026-03-23T20:36:00.000Z,BUY,0.01,1,1,10.00,1,28440.00
2026-03-23T20:36:00.000Z,2026-03-23T20:42:00.000Z,BUY,0.01,1,1,10.00,1,28450.00
2026-03-23T20:42:00.000Z,2026-03-23T20:49:00.000Z,BUY,0.01,1,1,10.00,1,28460.00
2026-03-23T20:49:00.000Z,2026-03-23T21:04:00.000Z,BUY,0.01,2,1,10.00,2,28470.00
2026-03-23T21:04:00.000Z,2026-03-23T21:14:00.000Z,BUY,0.01,2,1,10.00,2,28480.00
2026-03-23T21:14:00.000Z,2026-03-23T21:45:00.000Z,BUY,0.01,1,1,10.00,1,28490.00
2026-03-23T21:45:00.000Z,2026-03-23T21:46:00.000Z,BUY,0.01,1,1,10.00,1,28500.00
2026-03-23T21:46:00.000Z,2026-03-23T22:00:00.000Z,BUY,0.01,2,1,10.00,2,28510.00
2026-03-23T22:00:00.000Z,2026-03-23T22:14:00.000Z,BUY,0.01,1,1,10.00,1,28520.00
2026-03-23T22:14:00.000Z,2026-03-24T00:00:00.000Z,BUY,0.01,1,1,10.00,1,28530.00
2026-03-24T00:00:00.000Z,2026-03-24T00:04:00.000Z,BUY,0.01,2,1,10.00,2,28540.00
2026-03-24T00:04:00.000Z,2026-03-24T00:13:00.000Z,BUY,0.01,3,1,10.00,3,28550.00
2026-03-24T00:13:00.000Z,2026-03-24T00:23:00.000Z,BUY,0.01,1,1,10.00,1,28560.00
2026-03-24T00:23:00.000Z,2026-03-24T00:50:00.000Z,BUY,0.01,1,1,10.00,1,28570.00
2026-03-24T00:50:00.000Z,2026-03-24T00:54:00.000Z,BUY,0.01,1,1,10.00,1,28580.00
2026-03-24T00:54:00.000Z,2026-03-24T01:15:00.000Z,BUY,0.01,1,1,10.00,1,28590.00
2026-03-24T01:15:00.000Z,2026-03-24T02:17:00.000Z,BUY,0.01,2,1,10.00,2,28600.00
2026-03-24T02:17:00.000Z,2026-03-24T02:28:00.000Z,BUY,0.01,2,1,10.00,2,28610.00
2026-03-24T02:28:00.000Z,2026-03-24T02:39:00.000Z,BUY,0.01,2,1,10.00,2,28620.00
2026-03-24T02:39:00.000Z,2026-03-24T02:46:00.000Z,BUY,0.01,1,1,10.00,1,28630.00
2026-03-24T02:46:00.000Z,2026-03-24T02:48:00.000Z,BUY,0.01,1,1,10.00,1,28640.00
2026-03-24T02:48:00.000Z,2026-03-24T02:53:00.000Z,BUY,0.01,1,1,10.00,1,28650.00
2026-03-24T02:53:00.000Z,2026-03-24T03:08:00.000Z,BUY,0.01,2,1,10.00,2,28660.00
2026-03-24T03:08:00.000Z,2026-03-24T03:11:00.000Z,BUY,0.01,1,1,10.00,1,28670.00
2026-03-24T03:11:00.000Z,2026-03-24T03:14:00.000Z,BUY,0.01,2,1,10.00,2,28680.00
2026-03-24T03:14:00.000Z,2026-03-24T03:15:00.000Z,BUY,0.01,1,1,10.00,1,28690.00
2026-03-24T03:15:00.000Z,2026-03-24T03:20:00.000Z,BUY,0.01,1,1,10.00,1,28700.00
2026-03-24T03:20:00.000Z,2026-03-24T03:23:00.000Z,BUY,0.01,1,1,10.00,1,28710.00
2026-03-24T03:23:00.000Z,2026-03-24T03:42:00.000Z,BUY,0.01,2,1,10.00,2,28720.00
2026-03-24T03:42:00.000Z,2026-03-24T04:22:00.000Z,BUY,0.01,5,1,10.00,5,28730.00
2026-03-24T04:22:00.000Z,2026-03-24T04:29:00.000Z,BUY,0.01,1,1,10.00,1,28740.00
2026-03-24T04:29:00.000Z,2026-03-24T04:32:00.000Z,BUY,0.01,1,1,10.00,1,28750.00
2026-03-24T04:32:00.000Z,2026-03-24T04:36:00.000Z,BUY,0.01,1,1,10.00,1,28760.00
2026-03-24T04:36:00.000Z,2026-03-24T05:36:00.000Z,BUY,0.01,2,1,10.00,2,28770.00
2026-03-24T05:36:00.000Z,2026-03-24T06:01:00.000Z,BUY,0.01,1,1,10.00,1,28780.00
2026-03-24T06:01:00.000Z,2026-03-24T07:05:00.000Z,BUY,0.01,2,1,10.00,2,28790.00
2026-03-24T07:05:00.000Z,2026-03-24T07:11:00.000Z,BUY,0.01,1,1,10.00,1,28800.00
2026-03-24T07:11:00.000Z,2026-03-24T07:12:00.000Z,BUY,0.01,1,1,10.00,1,28810.00
2026-03-24T07:12:00.000Z,2026-03-24T07:40:00.000Z,BUY,0.01,3,1,10.00,3,28820.00
2026-03-24T07:40:00.000Z,2026-03-24T07:41:00.000Z,BUY,0.01,1,1,10.00,1,28830.00
2026-03-24T07:41:00.000Z,2026-03-24T07:41:00.000Z,BUY,0.01,1,1,10.00,1,28840.00
2026-03-24T07:41:00.000Z,2026-03-24T08:22:00.000Z,BUY,0.01,3,1,10.00,3,28850.00
2026-03-24T08:22:00.000Z,2026-03-24T08:25:00.000Z,BUY,0.01,1,1,10.00,1,28860.00
2026-03-24T08:25:00.000Z,2026-03-24T08:56:00.000Z,BUY,0.01,3,1,10.00,3,28870.00
2026-03-24T08:56:00.000Z,2026-03-24T09:02:00.000Z,BUY,0.01,1,1,10.00,1,28880.00
2026-03-24T09:02:00.000Z,2026-03-24T09:10:00.000Z,BUY,0.01,1,1,10.00,1,28890.00
2026-03-24T09:10:00.000Z,2026-03-24T10:25:00.000Z,BUY,0.01,4,1,10.00,4,28900.00
2026-03-24T10:25:00.000Z,2026-03-24T10:31:00.000Z,BUY,0.01,1,1,10.00,1,28910.00
2026-03-24T10:31:00.000Z,2026-03-24T11:01:00.000Z,BUY,0.01,1,1,10.00,1,28920.00
2026-03-24T11:01:00.000Z,2026-03-24T11:56:00.000Z,BUY,0.01,1,1,10.00,1,28930.00
2026-03-24T11:56:00.000Z,2026-03-24T12:55:00.000Z,BUY,0.01,1,1,10.00,1,28940.00
2026-03-24T12:55:00.000Z,2026-03-24T13:01:00.000Z,BUY,0.01,2,1,10.00,2,28950.00
2026-03-24T13:01:00.000Z,2026-03-24T13:01:00.000Z,BUY,0.01,2,1,10.00,2,28960.00
2026-03-24T13:01:00.000Z,2026-03-24T13:01:00.000Z,BUY,0.01,1,1,10.00,1,28970.00
2026-03-24T13:01:00.000Z,2026-03-24T13:02:00.000Z,BUY,0.01,1,1,10.00,1,28980.00
2026-03-24T13:02:00.000Z,2026-03-24T13:02:00.000Z,BUY,0.01,1,1,10.00,1,28990.00
2026-03-24T13:02:00.000Z,2026-03-24T13:08:00.000Z,BUY,0.01,1,1,10.00,1,29000.00
2026-03-24T13:08:00.000Z,2026-03-24T13:34:00.000Z,BUY,0.01,1,1,10.00,1,29010.00
2026-03-24T13:34:00.000Z,2026-03-24T13:53:00.000Z,BUY,0.01,2,1,10.00,2,29020.00
2026-03-24T13:53:00.000Z,2026-03-24T13:58:00.000Z,BUY,0.01,1,1,10.00,1,29030.00
2026-03-24T13:58:00.000Z,2026-03-24T14:00:00.000Z,BUY,0.01,1,1,10.00,1,29040.00
2026-03-24T14:00:00.000Z,2026-03-24T14:19:00.000Z,BUY,0.01,1,1,10.00,1,29050.00
2026-03-24T14:19:00.000Z,2026-03-24T14:25:00.000Z,BUY,0.01,2,1,10.00,2,29060.00
2026-03-24T14:25:00.000Z,2026-03-24T14:27:00.000Z,BUY,0.01,1,1,10.00,1,29070.00
2026-03-24T14:27:00.000Z,2026-03-24T14:34:00.000Z,BUY,0.01,2,1,10.00,2,29080.00
2026-03-24T14:34:00.000Z,2026-03-24T14:35:00.000Z,BUY,0.01,1,1,10.00,1,29090.00
2026-03-24T14:35:00.000Z,2026-03-24T15:29:00.000Z,BUY,0.01,4,1,10.00,4,29100.00
2026-03-24T15:29:00.000Z,2026-03-24T15:30:00.000Z,BUY,0.01,1,1,10.00,1,29110.00
2026-03-24T15:30:00.000Z,2026-03-24T15:53:00.000Z,BUY,0.01,1,1,10.00,1,29120.00
2026-03-24T15:53:00.000Z,2026-03-24T16:01:00.000Z,BUY,0.01,1,1,10.00,1,29130.00
2026-03-24T16:01:00.000Z,2026-03-24T16:10:00.000Z,BUY,0.01,1,1,10.00,1,29140.00
2026-03-24T16:10:00.000Z,2026-03-24T16:24:00.000Z,BUY,0.01,1,1,10.00,1,29150.00
2026-03-24T16:24:00.000Z,2026-03-24T16:42:00.000Z,BUY,0.01,1,1,10.00,1,29160.00
2026-03-24T16:42:00.000Z,2026-03-24T16:52:00.000Z,BUY,0.01,1,1,10.00,1,29170.00
2026-03-24T16:52:00.000Z,2026-03-24T17:10:00.000Z,BUY,0.01,2,1,10.00,2,29180.00
2026-03-24T17:10:00.000Z,2026-03-24T17:11:00.000Z,BUY,0.01,1,1,10.00,1,29190.00
2026-03-24T17:11:00.000Z,2026-03-24T17:26:00.000Z,BUY,0.01,1,1,10.00,1,29200.00
2026-03-24T17:26:00.000Z,2026-03-24T17:49:00.000Z,BUY,0.01,1,1,10.00,1,29210.00
2026-03-24T17:49:00.000Z,2026-03-24T19:05:00.000Z,BUY,0.01,2,1,10.00,2,29220.00
2026-03-24T19:05:00.000Z,2026-03-24T20:30:00.000Z,BUY,0.01,3,1,10.00,3,29230.00
2026-03-24T20:30:00.000Z,2026-03-24T20:32:00.000Z,BUY,0.01,1,1,10.00,1,29240.00
2026-03-24T20:32:00.000Z,2026-03-24T20:58:00.000Z,BUY,0.01,2,1,10.00,2,29250.00
2026-03-24T20:58:00.000Z,2026-03-24T21:06:00.000Z,BUY,0.01,1,1,10.00,1,29260.00
2026-03-24T21:06:00.000Z,2026-03-24T21:27:00.000Z,BUY,0.01,1,1,10.00,1,29270.00
2026-03-24T21:27:00.000Z,2026-03-24T22:22:00.000Z,BUY,0.01,1,1,10.00,1,29280.00
2026-03-24T22:22:00.000Z,2026-03-24T22:22:00.000Z,BUY,0.01,1,1,10.00,1,29290.00
2026-03-24T22:22:00.000Z,2026-03-24T22:24:00.000Z,BUY,0.01,1,1,10.00,1,29300.00
2026-03-24T22:24:00.000Z,2026-03-24T22:24:00.000Z,BUY,0.01,1,1,10.00,1,29310.00
2026-03-24T22:24:00.000Z,2026-03-24T22:24:00.000Z,BUY,0.01,1,1,10.00,1,29320.00
2026-03-24T22:24:00.000Z,2026-03-24T22:25:00.000Z,BUY,0.01,1,1,10.00,1,29330.00
2026-03-24T22:25:00.000Z,2026-03-24T22:26:00.000Z,BUY,0.01,1,1,10.00,1,29340.00
2026-03-24T22:26:00.000Z,2026-03-24T22:28:00.000Z,BUY,0.01,2,1,10.00,2,29350.00
2026-03-24T22:28:00.000Z,2026-03-24T22:30:00.000Z,BUY,0.01,1,1,10.00,1,29360.00
2026-03-24T22:30:00.000Z,2026-03-24T22:52:00.000Z,BUY,0.01,1,1,10.00,1,29370.00
2026-03-24T22:52:00.000Z,2026-03-25T00:05:00.000Z,BUY,0.01,1,1,10.00,1,29380.00
2026-03-25T00:05:00.000Z,2026-03-25T01:16:00.000Z,BUY,0.01,3,1,10.00,3,29390.00
2026-03-25T01:16:00.000Z,2026-03-25T01:26:00.000Z,BUY,0.01,1,1,10.00,1,29400.00
2026-03-25T01:26:00.000Z,2026-03-25T01:36:00.000Z,BUY,0.01,1,1,10.00,1,29410.00
2026-03-25T01:36:00.000Z,2026-03-25T01:36:00.000Z,BUY,0.01,1,1,10.00,1,29420.00
2026-03-25T01:36:00.000Z,2026-03-25T01:39:00.000Z,BUY,0.01,1,1,10.00,1,29430.00
2026-03-25T01:39:00.000Z,2026-03-25T01:39:00.000Z,BUY,0.01,1,1,10.00,1,29440.00
2026-03-25T01:39:00.000Z,2026-03-25T02:14:00.000Z,BUY,0.01,1,1,10.00,1,29450.00
2026-03-25T02:14:00.000Z,2026-03-25T02:39:00.000Z,BUY,0.01,1,1,10.00,1,29460.00
2026-03-25T02:39:00.000Z,2026-03-25T03:09:00.000Z,BUY,0.01,1,1,10.00,1,29470.00
2026-03-25T03:09:00.000Z,2026-03-25T03:35:00.000Z,BUY,0.01,1,1,10.00,1,29480.00
2026-03-25T03:35:00.000Z,2026-03-25T03:49:00.000Z,BUY,0.01,1,1,10.00,1,29490.00
2026-03-25T03:49:00.000Z,2026-03-25T06:02:00.000Z,BUY,0.01,2,1,10.00,2,29500.00
2026-03-25T06:02:00.000Z,2026-03-25T08:14:00.000Z,BUY,0.01,2,1,10.00,2,29510.00
2026-03-25T08:14:00.000Z,2026-03-25T08:18:00.000Z,BUY,0.01,1,1,10.00,1,29520.00
2026-03-25T08:18:00.000Z,2026-03-25T08:33:00.000Z,BUY,0.01,1,1,10.00,1,29530.00
2026-03-25T08:33:00.000Z,2026-03-25T10:20:00.000Z,BUY,0.01,3,1,10.00,3,29540.00
2026-03-25T10:20:00.000Z,2026-03-25T11:48:00.000Z,BUY,0.01,2,1,10.00,2,29550.00
2026-03-25T11:48:00.000Z,2026-03-25T11:54:00.000Z,BUY,0.01,1,1,10.00,1,29560.00
2026-03-25T11:54:00.000Z,2026-03-25T12:01:00.000Z,BUY,0.01,1,1,10.00,1,29570.00
2026-03-25T12:01:00.000Z,2026-03-25T13:05:00.000Z,BUY,0.01,1,1,10.00,1,29580.00
2026-03-25T13:05:00.000Z,2026-03-25T13:22:00.000Z,BUY,0.01,1,1,10.00,1,29590.00
2026-03-25T13:22:00.000Z,2026-03-25T14:28:00.000Z,BUY,0.01,2,1,10.00,2,29600.00
2026-03-25T14:28:00.000Z,2026-03-25T15:03:00.000Z,BUY,0.01,3,1,10.00,3,29610.00
2026-03-25T15:03:00.000Z,2026-03-25T15:04:00.000Z,BUY,0.01,1,1,10.00,1,29620.00
2026-03-25T15:04:00.000Z,2026-03-25T16:00:00.000Z,BUY,0.01,2,1,10.00,2,29630.00
2026-03-25T16:00:00.000Z,2026-03-25T16:02:00.000Z,BUY,0.01,1,1,10.00,1,29640.00
2026-03-25T16:02:00.000Z,2026-03-25T16:16:00.000Z,BUY,0.01,1,1,10.00,1,29650.00
2026-03-25T16:16:00.000Z,2026-03-25T16:42:00.000Z,BUY,0.01,1,1,10.00,1,29660.00
2026-03-25T16:42:00.000Z,2026-03-25T16:50:00.000Z,BUY,0.01,1,1,10.00,1,29670.00
2026-03-25T16:50:00.000Z,2026-03-25T17:15:00.000Z,BUY,0.01,2,1,10.00,2,29680.00
2026-03-25T17:15:00.000Z,2026-03-25T17:24:00.000Z,BUY,0.01,3,1,10.00,3,29690.00
2026-03-25T17:24:00.000Z,2026-03-25T21:07:00.000Z,BUY,0.01,2,1,10.00,2,29700.00
2026-03-25T21:07:00.000Z,2026-03-25T21:10:00.000Z,BUY,0.01,2,1,10.00,2,29710.00
2026-03-25T21:10:00.000Z,2026-03-25T21:14:00.000Z,BUY,0.01,1,1,10.00,1,29720.00
2026-03-25T21:14:00.000Z,2026-03-25T21:41:00.000Z,BUY,0.01,1,1,10.00,1,29730.00
2026-03-25T21:41:00.000Z,2026-03-25T21:57:00.000Z,BUY,0.01,1,1,10.00,1,29740.00
2026-03-25T21:57:00.000Z,2026-03-25T22:01:00.000Z,BUY,0.01,1,1,10.00,1,29750.00
2026-03-25T22:01:00.000Z,2026-03-25T22:37:00.000Z,BUY,0.01,2,1,10.00,2,29760.00
2026-03-25T22:37:00.000Z,2026-03-26T00:04:00.000Z,BUY,0.01,1,1,10.00,1,29770.00
2026-03-26T00:04:00.000Z,2026-03-26T00:05:00.000Z,BUY,0.01,1,1,10.00,1,29780.00
2026-03-26T00:05:00.000Z,2026-03-26T01:05:00.000Z,BUY,0.01,4,1,10.00,4,29790.00
2026-03-26T01:05:00.000Z,2026-03-26T01:07:00.000Z,BUY,0.01,1,1,10.00,1,29800.00
2026-03-26T01:07:00.000Z,2026-03-26T02:13:00.000Z,BUY,0.01,3,1,10.00,3,29810.00
2026-03-26T02:13:00.000Z,2026-03-26T02:16:00.000Z,BUY,0.01,1,1,10.00,1,29820.00
2026-03-26T02:16:00.000Z,2026-03-26T03:00:00.000Z,BUY,0.01,1,1,10.00,1,29830.00
2026-03-26T03:00:00.000Z,2026-03-26T04:56:00.000Z,BUY,0.01,2,1,10.00,2,29840.00
2026-03-26T04:56:00.000Z,2026-03-26T06:28:00.000Z,BUY,0.01,1,1,10.00,1,29850.00
2026-03-26T06:28:00.000Z,2026-03-26T07:28:00.000Z,BUY,0.01,2,1,10.00,2,29860.00
2026-03-26T07:28:00.000Z,2026-03-26T07:54:00.000Z,BUY,0.01,2,1,10.00,2,29870.00
2026-03-26T07:54:00.000Z,2026-03-26T08:01:00.000Z,BUY,0.01,2,1,10.00,2,29880.00
2026-03-26T08:01:00.000Z,2026-03-26T08:03:00.000Z,BUY,0.01,1,1,10.00,1,29890.00
2026-03-26T08:03:00.000Z,2026-03-26T08:46:00.000Z,BUY,0.01,3,1,10.00,3,29900.00
2026-03-26T08:46:00.000Z,2026-03-26T09:40:00.000Z,BUY,0.01,1,1,10.00,1,29910.00
2026-03-26T09:40:00.000Z,2026-03-26T10:24:00.000Z,BUY,0.01,2,1,10.00,2,29920.00
2026-03-26T10:24:00.000Z,2026-03-26T12:23:00.000Z,BUY,0.01,3,1,10.00,3,29930.00
2026-03-26T12:23:00.000Z,2026-03-26T13:20:00.000Z,BUY,0.01,1,1,10.00,1,29940.00
2026-03-26T13:20:00.000Z,2026-03-26T13:50:00.000Z,BUY,0.01,2,1,10.00,2,29950.00
2026-03-26T13:50:00.000Z,2026-03-26T14:08:00.000Z,BUY,0.01,1,1,10.00,1,29960.00
2026-03-26T14:08:00.000Z,2026-03-26T14:10:00.000Z,BUY,0.01,1,1,10.00,1,29970.00
2026-03-26T14:10:00.000Z,2026-03-26T15:23:00.000Z,BUY,0.01,3,1,10.00,3,29980.00
2026-03-26T15:23:00.000Z,2026-03-26T16:22:00.000Z,BUY,0.01,3,1,10.00,3,29990.00
2026-03-26T16:22:00.000Z,2026-03-26T16:34:00.000Z,BUY,0.01,1,1,10.00,1,30000.00
2026-03-26T16:34:00.000Z,2026-03-26T17:31:00.000Z,BUY,0.01,2,1,10.00,2,30010.00
2026-03-26T17:31:00.000Z,2026-03-26T18:21:00.000Z,BUY,0.01,2,1,10.00,2,30020.00
2026-03-26T18:21:00.000Z,2026-03-26T18:30:00.000Z,BUY,0.01,2,1,10.00,2,30030.00
2026-03-26T18:30:00.000Z,2026-03-26T19:00:00.000Z,BUY,0.01,1,1,10.00,1,30040.00
2026-03-26T19:00:00.000Z,2026-03-26T21:54:00.000Z,BUY,0.01,4,1,10.00,4,30050.00
2026-03-26T21:54:00.000Z,2026-03-26T22:11:00.000Z,BUY,0.01,1,1,10.00,1,30060.00
2026-03-26T22:11:00.000Z,2026-03-26T22:12:00.000Z,BUY,0.01,1,1,10.00,1,30070.00
2026-03-26T22:12:00.000Z,2026-03-26T22:12:00.000Z,BUY,0.01,1,1,10.00,1,30080.00
2026-03-26T22:12:00.000Z,2026-03-26T22:13:00.000Z,BUY,0.01,1,1,10.00,1,30090.00
2026-03-26T22:13:00.000Z,2026-03-26T22:23:00.000Z,BUY,0.01,3,1,10.00,3,30100.00
2026-03-26T22:23:00.000Z,2026-03-26T22:51:00.000Z,BUY,0.01,4,1,10.00,4,30110.00
2026-03-26T22:51:00.000Z,2026-03-27T00:06:00.000Z,BUY,0.01,1,1,10.00,1,30120.00
2026-03-27T00:06:00.000Z,2026-03-27T00:15:00.000Z,BUY,0.01,1,1,10.00,1,30130.00
2026-03-27T00:15:00.000Z,2026-03-27T02:59:00.000Z,BUY,0.01,2,1,10.00,2,30140.00
2026-03-27T02:59:00.000Z,2026-03-27T03:00:00.000Z,BUY,0.01,1,1,10.00,1,30150.00
2026-03-27T03:00:00.000Z,2026-03-27T03:10:00.000Z,BUY,0.01,1,1,10.00,1,30160.00
2026-03-27T03:10:00.000Z,2026-03-27T03:30:00.000Z,BUY,0.01,1,1,10.00,1,30170.00
2026-03-27T03:30:00.000Z,2026-03-27T03:32:00.000Z,BUY,0.01,1,1,10.00,1,30180.00
2026-03-27T03:32:00.000Z,2026-03-27T04:01:00.000Z,BUY,0.01,1,1,10.00,1,30190.00
2026-03-27T04:01:00.000Z,2026-03-27T04:10:00.000Z,BUY,0.01,1,1,10.00,1,30200.00
2026-03-27T04:10:00.000Z,2026-03-27T06:56:00.000Z,BUY,0.01,1,1,10.00,1,30210.00
2026-03-27T06:56:00.000Z,2026-03-27T07:34:00.000Z,BUY,0.01,1,1,10.00,1,30220.00
2026-03-27T07:34:00.000Z,2026-03-27T07:37:00.000Z,BUY,0.01,1,1,10.00,1,30230.00
2026-03-27T07:37:00.000Z,2026-03-27T10:24:00.000Z,BUY,0.01,2,1,10.00,2,30240.00
2026-03-27T10:24:00.000Z,2026-03-27T13:06:00.000Z,BUY,0.01,2,1,10.00,2,30250.00
2026-03-27T13:06:00.000Z,2026-03-27T13:38:00.000Z,BUY,0.01,1,1,10.00,1,30260.00
2026-03-27T13:38:00.000Z,2026-03-27T14:16:00.000Z,BUY,0.01,1,1,10.00,1,30270.00
2026-03-27T14:16:00.000Z,2026-03-27T14:49:00.000Z,BUY,0.01,1,1,10.00,1,30280.00
2026-03-27T14:49:00.000Z,2026-03-27T16:03:00.000Z,BUY,0.01,3,1,10.00,3,30290.00
2026-03-27T16:03:00.000Z,2026-03-27T16:05:00.000Z,BUY,0.01,1,1,10.00,1,30300.00
2026-03-27T16:05:00.000Z,2026-03-27T16:16:00.000Z,BUY,0.01,1,1,10.00,1,30310.00
2026-03-27T16:16:00.000Z,2026-03-27T16:50:00.000Z,BUY,0.01,1,1,10.00,1,30320.00
2026-03-27T16:50:00.000Z,2026-03-27T16:51:00.000Z,BUY,0.01,1,1,10.00,1,30330.00
2026-03-27T16:51:00.000Z,2026-03-27T16:55:00.000Z,BUY,0.01,1,1,10.00,1,30340.00
2026-03-27T16:55:00.000Z,2026-03-27T16:58:00.000Z,BUY,0.01,1,1,10.00,1,30350.00
2026-03-27T16:58:00.000Z,2026-03-27T17:12:00.000Z,BUY,0.01,1,1,10.00,1,30360.00
2026-03-27T17:12:00.000Z,2026-03-27T17:14:00.000Z,BUY,0.01,1,1,10.00,1,30370.00
2026-03-27T17:14:00.000Z,2026-03-27T17:21:00.000Z,BUY,0.01,1,1,10.00,1,30380.00
2026-03-27T17:21:00.000Z,2026-03-27T17:23:00.000Z,BUY,0.01,1,1,10.00,1,30390.00
2026-03-27T17:23:00.000Z,2026-03-27T17:55:00.000Z,BUY,0.01,2,1,10.00,2,30400.00
2026-03-27T17:55:00.000Z,2026-03-27T18:10:00.000Z,BUY,0.01,1,1,10.00,1,30410.00
2026-03-27T18:10:00.000Z,2026-03-27T19:16:00.000Z,BUY,0.01,2,1,10.00,2,30420.00
2026-03-27T19:16:00.000Z,2026-03-27T20:31:00.000Z,BUY,0.01,1,1,10.00,1,30430.00
2026-03-27T20:31:00.000Z,2026-03-27T20:37:00.000Z,BUY,0.01,1,1,10.00,1,30440.00
2026-03-27T20:37:00.000Z,2026-03-27T22:53:00.000Z,BUY,0.01,4,1,10.00,4,30450.00
2026-03-27T22:53:00.000Z,2026-03-30T01:04:00.000Z,BUY,0.01,3,1,10.00,3,30460.00
2026-03-30T01:04:00.000Z,2026-03-30T01:04:00.000Z,BUY,0.01,1,1,10.00,1,30470.00
2026-03-30T01:04:00.000Z,2026-03-30T01:09:00.000Z,BUY,0.01,2,1,10.00,2,30480.00
2026-03-30T01:09:00.000Z,2026-03-30T01:11:00.000Z,BUY,0.01,1,1,10.00,1,30490.00
2026-03-30T01:11:00.000Z,2026-03-30T01:16:00.000Z,BUY,0.01,1,1,10.00,1,30500.00
2026-03-30T01:16:00.000Z,2026-03-30T02:06:00.000Z,BUY,0.01,2,1,10.00,2,30510.00
2026-03-30T02:06:00.000Z,2026-03-30T02:16:00.000Z,BUY,0.01,1,1,10.00,1,30520.00
2026-03-30T02:16:00.000Z,2026-03-30T02:32:00.000Z,BUY,0.01,2,1,10.00,2,30530.00
2026-03-30T02:32:00.000Z,2026-03-30T02:33:00.000Z,BUY,0.01,1,1,10.00,1,30540.00
2026-03-30T02:33:00.000Z,2026-03-30T03:00:00.000Z,BUY,0.01,2,1,10.00,2,30550.00
2026-03-30T03:00:00.000Z,2026-03-30T03:19:00.000Z,BUY,0.01,1,1,10.00,1,30560.00
2026-03-30T03:19:00.000Z,2026-03-30T03:21:00.000Z,BUY,0.01,1,1,10.00,1,30570.00
2026-03-30T03:21:00.000Z,2026-03-30T03:26:00.000Z,BUY,0.01,1,1,10.00,1,30580.00
2026-03-30T03:26:00.000Z,2026-03-30T03:47:00.000Z,BUY,0.01,2,1,10.00,2,30590.00
2026-03-30T03:47:00.000Z,2026-03-30T04:00:00.000Z,BUY,0.01,1,1,10.00,1,30600.00
2026-03-30T04:00:00.000Z,2026-03-30T04:07:00.000Z,BUY,0.01,1,1,10.00,1,30610.00
2026-03-30T04:07:00.000Z,2026-03-30T04:21:00.000Z,BUY,0.01,1,1,10.00,1,30620.00
2026-03-30T04:21:00.000Z,2026-03-30T04:35:00.000Z,BUY,0.01,3,1,10.00,3,30630.00
2026-03-30T04:35:00.000Z,2026-03-30T05:42:00.000Z,BUY,0.01,1,1,10.00,1,30640.00
2026-03-30T05:42:00.000Z,2026-03-30T05:44:00.000Z,BUY,0.01,1,1,10.00,1,30650.00
2026-03-30T05:44:00.000Z,2026-03-30T06:08:00.000Z,BUY,0.01,1,1,10.00,1,30660.00
2026-03-30T06:08:00.000Z,2026-03-30T06:23:00.000Z,BUY,0.01,1,1,10.00,1,30670.00
2026-03-30T06:23:00.000Z,2026-03-30T07:43:00.000Z,BUY,0.01,2,1,10.00,2,30680.00
2026-03-30T07:43:00.000Z,2026-03-30T07:57:00.000Z,BUY,0.01,1,1,10.00,1,30690.00
2026-03-30T07:57:00.000Z,2026-03-30T08:10:00.000Z,BUY,0.01,1,1,10.00,1,30700.00
2026-03-30T08:10:00.000Z,2026-03-30T08:49:00.000Z,BUY,0.01,1,1,10.00,1,30710.00
2026-03-30T08:49:00.000Z,2026-03-30T08:53:00.000Z,BUY,0.01,1,1,10.00,1,30720.00
2026-03-30T08:53:00.000Z,2026-03-30T09:35:00.000Z,BUY,0.01,1,1,10.00,1,30730.00
2026-03-30T09:35:00.000Z,2026-03-30T09:48:00.000Z,BUY,0.01,1,1,10.00,1,30740.00
2026-03-30T09:48:00.000Z,2026-03-30T10:34:00.000Z,BUY,0.01,2,1,10.00,2,30750.00
2026-03-30T10:34:00.000Z,2026-03-30T11:01:00.000Z,BUY,0.01,1,1,10.00,1,30760.00
2026-03-30T11:01:00.000Z,2026-03-30T11:53:00.000Z,BUY,0.01,1,1,10.00,1,30770.00
2026-03-30T11:53:00.000Z,2026-03-30T14:42:00.000Z,BUY,0.01,1,1,10.00,1,30780.00
2026-03-30T14:42:00.000Z,2026-03-30T14:44:00.000Z,BUY,0.01,1,1,10.00,1,30790.00
2026-03-30T14:44:00.000Z,2026-03-30T14:45:00.000Z,BUY,0.01,1,1,10.00,1,30800.00
2026-03-30T14:45:00.000Z,2026-03-30T14:51:00.000Z,BUY,0.01,1,1,10.00,1,30810.00
2026-03-30T14:51:00.000Z,2026-03-30T15:01:00.000Z,BUY,0.01,2,1,10.00,2,30820.00
2026-03-30T15:01:00.000Z,2026-03-30T15:08:00.000Z,BUY,0.01,1,1,10.00,1,30830.00
2026-03-30T15:08:00.000Z,2026-03-30T15:30:00.000Z,BUY,0.01,1,1,10.00,1,30840.00
2026-03-30T15:30:00.000Z,2026-03-30T16:45:00.000Z,BUY,0.01,2,1,10.00,2,30850.00
2026-03-30T16:45:00.000Z,2026-03-30T18:40:00.000Z,BUY,0.01,3,1,10.00,3,30860.00
2026-03-30T18:40:00.000Z,2026-03-30T20:14:00.000Z,BUY,0.01,2,1,10.00,2,30870.00
2026-03-30T20:14:00.000Z,2026-03-30T20:25:00.000Z,BUY,0.01,1,1,10.00,1,30880.00
2026-03-30T20:25:00.000Z,2026-03-30T21:59:00.000Z,BUY,0.01,2,1,10.00,2,30890.00
2026-03-30T21:59:00.000Z,2026-03-30T22:35:00.000Z,BUY,0.01,1,1,10.00,1,30900.00
2026-03-30T22:35:00.000Z,2026-03-31T01:03:00.000Z,BUY,0.01,1,1,10.00,1,30910.00
2026-03-31T01:03:00.000Z,2026-03-31T03:20:00.000Z,BUY,0.01,4,1,10.00,4,30920.00
2026-03-31T03:20:00.000Z,2026-03-31T03:26:00.000Z,BUY,0.01,1,1,10.00,1,30930.00
2026-03-31T03:26:00.000Z,2026-03-31T03:27:00.000Z,BUY,0.01,1,1,10.00,1,30940.00
2026-03-31T03:27:00.000Z,2026-03-31T03:36:00.000Z,BUY,0.01,1,1,10.00,1,30950.00
2026-03-31T03:36:00.000Z,2026-03-31T03:44:00.000Z,BUY,0.01,1,1,10.00,1,30960.00
2026-03-31T03:44:00.000Z,2026-03-31T03:45:00.000Z,BUY,0.01,1,1,10.00,1,30970.00
2026-03-31T03:45:00.000Z,2026-03-31T04:18:00.000Z,BUY,0.01,1,1,10.00,1,30980.00
2026-03-31T04:18:00.000Z,2026-03-31T04:19:00.000Z,BUY,0.01,1,1,10.00,1,30990.00
2026-03-31T04:19:00.000Z,2026-03-31T04:21:00.000Z,BUY,0.01,1,1,10.00,1,31000.00
2026-03-31T04:21:00.000Z,2026-03-31T04:24:00.000Z,BUY,0.01,1,1,10.00,1,31010.00
2026-03-31T04:24:00.000Z,2026-03-31T04:40:00.000Z,BUY,0.01,1,1,10.00,1,31020.00
2026-03-31T04:40:00.000Z,2026-03-31T04:41:00.000Z,BUY,0.01,1,1,10.00,1,31030.00
2026-03-31T04:41:00.000Z,2026-03-31T04:43:00.000Z,BUY,0.01,1,1,10.00,1,31040.00
2026-03-31T04:43:00.000Z,2026-03-31T05:24:00.000Z,BUY,0.01,2,1,10.00,2,31050.00
2026-03-31T05:24:00.000Z,2026-03-31T06:42:00.000Z,BUY,0.01,2,1,10.00,2,31060.00
2026-03-31T06:42:00.000Z,2026-03-31T07:06:00.000Z,BUY,0.01,1,1,10.00,1,31070.00
2026-03-31T07:06:00.000Z,2026-03-31T08:34:00.000Z,BUY,0.01,1,1,10.00,1,31080.00
2026-03-31T08:34:00.000Z,2026-03-31T10:19:00.000Z,BUY,0.01,2,1,10.00,2,31090.00
2026-03-31T10:19:00.000Z,2026-03-31T10:27:00.000Z,BUY,0.01,1,1,10.00,1,31100.00
2026-03-31T10:27:00.000Z,2026-03-31T10:59:00.000Z,BUY,0.01,1,1,10.00,1,31110.00
2026-03-31T10:59:00.000Z,2026-03-31T11:38:00.000Z,BUY,0.01,1,1,10.00,1,31120.00
2026-03-31T11:38:00.000Z,2026-03-31T13:38:00.000Z,BUY,0.01,2,1,10.00,2,31130.00
2026-03-31T13:38:00.000Z,2026-03-31T14:11:00.000Z,BUY,0.01,1,1,10.00,1,31140.00
2026-03-31T14:11:00.000Z,2026-03-31T14:17:00.000Z,BUY,0.01,1,1,10.00,1,31150.00
2026-03-31T14:17:00.000Z,2026-03-31T14:22:00.000Z,BUY,0.01,1,1,10.00,1,31160.00
2026-03-31T14:22:00.000Z,2026-03-31T14:39:00.000Z,BUY,0.01,1,1,10.00,1,31170.00
2026-03-31T14:39:00.000Z,2026-03-31T15:09:00.000Z,BUY,0.01,1,1,10.00,1,31180.00
2026-03-31T15:09:00.000Z,2026-03-31T16:54:00.000Z,BUY,0.01,3,1,10.00,3,31190.00
2026-03-31T16:54:00.000Z,2026-03-31T17:01:00.000Z,BUY,0.01,1,1,10.00,1,31200.00
2026-03-31T17:01:00.000Z,2026-03-31T17:33:00.000Z,BUY,0.01,1,1,10.00,1,31210.00
2026-03-31T17:33:00.000Z,2026-03-31T17:56:00.000Z,BUY,0.01,2,1,10.00,2,31220.00
2026-03-31T17:56:00.000Z,2026-03-31T18:01:00.000Z,BUY,0.01,1,1,10.00,1,31230.00
2026-03-31T18:01:00.000Z,2026-03-31T18:06:00.000Z,BUY,0.01,1,1,10.00,1,31240.00
2026-03-31T18:06:00.000Z,2026-03-31T19:39:00.000Z,BUY,0.01,1,1,10.00,1,31250.00
2026-03-31T19:39:00.000Z,2026-03-31T19:40:00.000Z,BUY,0.01,1,1,10.00,1,31260.00
2026-03-31T19:40:00.000Z,2026-03-31T19:41:00.000Z,BUY,0.01,1,1,10.00,1,31270.00
2026-03-31T19:41:00.000Z,2026-03-31T20:34:00.000Z,BUY,0.01,1,1,10.00,1,31280.00
2026-03-31T20:34:00.000Z,2026-03-31T21:10:00.000Z,BUY,0.01,1,1,10.00,1,31290.00
2026-03-31T21:10:00.000Z,2026-03-31T22:21:00.000Z,BUY,0.01,1,1,10.00,1,31300.00
2026-03-31T22:21:00.000Z,2026-04-01T01:38:00.000Z,BUY,0.01,1,1,10.00,1,31310.00
2026-04-01T01:38:00.000Z,2026-04-01T02:56:00.000Z,BUY,0.01,3,1,10.00,3,31320.00
2026-04-01T02:56:00.000Z,2026-04-01T03:15:00.000Z,BUY,0.01,1,1,10.00,1,31330.00
2026-04-01T03:15:00.000Z,2026-04-01T03:28:00.000Z,BUY,0.01,1,1,10.00,1,31340.00
2026-04-01T03:28:00.000Z,2026-04-01T04:06:00.000Z,BUY,0.01,2,1,10.00,2,31350.00
2026-04-01T04:06:00.000Z,2026-04-01T04:07:00.000Z,BUY,0.01,1,1,10.00,1,31360.00
2026-04-01T04:07:00.000Z,2026-04-01T07:17:00.000Z,BUY,0.01,2,1,10.00,2,31370.00
2026-04-01T07:17:00.000Z,2026-04-01T07:51:00.000Z,BUY,0.01,1,1,10.00,1,31380.00
2026-04-01T07:51:00.000Z,2026-04-01T08:30:00.000Z,BUY,0.01,1,1,10.00,1,31390.00
2026-04-01T08:30:00.000Z,2026-04-01T08:40:00.000Z,BUY,0.01,1,1,10.00,1,31400.00
2026-04-01T08:40:00.000Z,2026-04-01T09:27:00.000Z,BUY,0.01,1,1,10.00,1,31410.00
2026-04-01T09:27:00.000Z,2026-04-01T09:47:00.000Z,BUY,0.01,1,1,10.00,1,31420.00
2026-04-01T09:47:00.000Z,2026-04-01T09:58:00.000Z,BUY,0.01,1,1,10.00,1,31430.00
2026-04-01T09:58:00.000Z,2026-04-01T10:37:00.000Z,BUY,0.01,1,1,10.00,1,31440.00
2026-04-01T10:37:00.000Z,2026-04-01T10:53:00.000Z,BUY,0.01,2,1,10.00,2,31450.00
2026-04-01T10:53:00.000Z,2026-04-01T11:03:00.000Z,BUY,0.01,1,1,10.00,1,31460.00
2026-04-01T11:03:00.000Z,2026-04-01T11:25:00.000Z,BUY,0.01,1,1,10.00,1,31470.00
2026-04-01T11:25:00.000Z,2026-04-01T14:17:00.000Z,BUY,0.01,1,1,10.00,1,31480.00
2026-04-01T14:17:00.000Z,2026-04-01T14:39:00.000Z,BUY,0.01,1,1,10.00,1,31490.00
2026-04-01T14:39:00.000Z,2026-04-01T14:44:00.000Z,BUY,0.01,1,1,10.00,1,31500.00
2026-04-01T14:44:00.000Z,2026-04-01T15:21:00.000Z,BUY,0.01,2,1,10.00,2,31510.00
2026-04-01T15:21:00.000Z,2026-04-01T15:31:00.000Z,BUY,0.01,1,1,10.00,1,31520.00
2026-04-01T15:31:00.000Z,2026-04-01T15:44:00.000Z,BUY,0.01,1,1,10.00,1,31530.00
2026-04-01T15:44:00.000Z,2026-04-01T16:00:00.000Z,BUY,0.01,2,1,10.00,2,31540.00
2026-04-01T16:00:00.000Z,2026-04-01T16:13:00.000Z,BUY,0.01,1,1,10.00,1,31550.00
2026-04-01T16:13:00.000Z,2026-04-01T16:35:00.000Z,BUY,0.01,1,1,10.00,1,31560.00
2026-04-01T16:35:00.000Z,2026-04-01T17:22:00.000Z,BUY,0.01,1,1,10.00,1,31570.00
2026-04-01T17:22:00.000Z,2026-04-01T17:53:00.000Z,BUY,0.01,3,1,10.00,3,31580.00
2026-04-01T17:53:00.000Z,2026-04-01T18:10:00.000Z,BUY,0.01,1,1,10.00,1,31590.00
2026-04-01T18:10:00.000Z,2026-04-01T18:44:00.000Z,BUY,0.01,1,1,10.00,1,31600.00
2026-04-01T18:44:00.000Z,2026-04-01T21:22:00.000Z,BUY,0.01,2,1,10.00,2,31610.00
2026-04-01T21:22:00.000Z,2026-04-01T21:41:00.000Z,BUY,0.01,1,1,10.00,1,31620.00
2026-04-01T21:41:00.000Z,2026-04-01T22:39:00.000Z,BUY,0.01,1,1,10.00,1,31630.00
2026-04-01T22:39:00.000Z,2026-04-02T02:06:00.000Z,BUY,0.01,3,1,10.00,3,31640.00
2026-04-02T02:06:00.000Z,2026-04-02T02:19:00.000Z,BUY,0.01,1,1,10.00,1,31650.00
2026-04-02T02:19:00.000Z,2026-04-02T04:03:00.000Z,BUY,0.01,4,1,10.00,4,31660.00
2026-04-02T04:03:00.000Z,2026-04-02T04:04:00.000Z,BUY,0.01,2,1,10.00,2,31670.00
2026-04-02T04:04:00.000Z,2026-04-02T04:05:00.000Z,BUY,0.01,1,1,10.00,1,31680.00
2026-04-02T04:05:00.000Z,2026-04-02T04:10:00.000Z,BUY,0.01,3,1,10.00,3,31690.00
2026-04-02T04:10:00.000Z,2026-04-02T04:18:00.000Z,BUY,0.01,2,1,10.00,2,31700.00
2026-04-02T04:18:00.000Z,2026-04-02T04:26:00.000Z,BUY,0.01,2,1,10.00,2,31710.00
2026-04-02T04:26:00.000Z,2026-04-02T04:32:00.000Z,BUY,0.01,2,1,10.00,2,31720.00
2026-04-02T04:32:00.000Z,2026-04-02T04:34:00.000Z,BUY,0.01,1,1,10.00,1,31730.00
2026-04-02T04:34:00.000Z,2026-04-02T04:36:00.000Z,BUY,0.01,1,1,10.00,1,31740.00
2026-04-02T04:36:00.000Z,2026-04-02T04:39:00.000Z,BUY,0.01,1,1,10.00,1,31750.00
2026-04-02T04:39:00.000Z,2026-04-02T04:40:00.000Z,BUY,0.01,1,1,10.00,1,31760.00
2026-04-02T04:40:00.000Z,2026-04-02T05:32:00.000Z,BUY,0.01,4,1,10.00,4,31770.00
2026-04-02T05:32:00.000Z,2026-04-02T05:56:00.000Z,BUY,0.01,3,1,10.00,3,31780.00
2026-04-02T05:56:00.000Z,2026-04-02T06:22:00.000Z,BUY,0.01,1,1,10.00,1,31790.00
2026-04-02T06:22:00.000Z,2026-04-02T07:06:00.000Z,BUY,0.01,2,1,10.00,2,31800.00
2026-04-02T07:06:00.000Z,2026-04-02T08:25:00.000Z,BUY,0.01,1,1,10.00,1,31810.00
2026-04-02T08:25:00.000Z,2026-04-02T08:33:00.000Z,BUY,0.01,2,1,10.00,2,31820.00
2026-04-02T08:33:00.000Z,2026-04-02T08:46:00.000Z,BUY,0.01,2,1,10.00,2,31830.00
2026-04-02T08:46:00.000Z,2026-04-02T08:50:00.000Z,BUY,0.01,2,1,10.00,2,31840.00
2026-04-02T08:50:00.000Z,2026-04-02T08:50:00.000Z,BUY,0.01,1,1,10.00,1,31850.00
2026-04-02T08:50:00.000Z,2026-04-02T08:53:00.000Z,BUY,0.01,1,1,10.00,1,31860.00
2026-04-02T08:53:00.000Z,2026-04-02T09:02:00.000Z,BUY,0.01,2,1,10.00,2,31870.00
2026-04-02T09:02:00.000Z,2026-04-02T09:02:00.000Z,BUY,0.01,1,1,10.00,1,31880.00
2026-04-02T09:02:00.000Z,2026-04-02T09:10:00.000Z,BUY,0.01,2,1,10.00,2,31890.00
2026-04-02T09:10:00.000Z,2026-04-02T09:13:00.000Z,BUY,0.01,1,1,10.00,1,31900.00
2026-04-02T09:13:00.000Z,2026-04-02T09:13:00.000Z,BUY,0.01,1,1,10.00,1,31910.00
2026-04-02T09:13:00.000Z,2026-04-02T09:18:00.000Z,BUY,0.01,1,1,10.00,1,31920.00
2026-04-02T09:18:00.000Z,2026-04-02T09:47:00.000Z,BUY,0.01,1,1,10.00,1,31930.00
2026-04-02T09:47:00.000Z,2026-04-02T10:08:00.000Z,BUY,0.01,1,1,10.00,1,31940.00
2026-04-02T10:08:00.000Z,2026-04-02T10:14:00.000Z,BUY,0.01,1,1,10.00,1,31950.00
2026-04-02T10:14:00.000Z,2026-04-02T10:34:00.000Z,BUY,0.01,1,1,10.00,1,31960.00
2026-04-02T10:34:00.000Z,2026-04-02T10:41:00.000Z,BUY,0.01,1,1,10.00,1,31970.00
2026-04-02T10:41:00.000Z,2026-04-02T10:49:00.000Z,BUY,0.01,1,1,10.00,1,31980.00
2026-04-02T10:49:00.000Z,2026-04-02T11:58:00.000Z,BUY,0.01,2,1,10.00,2,31990.00
2026-04-02T11:58:00.000Z,2026-04-02T12:17:00.000Z,BUY,0.01,1,1,10.00,1,32000.00
2026-04-02T12:17:00.000Z,2026-04-02T14:42:00.000Z,BUY,0.01,4,1,10.00,4,32010.00
2026-04-02T14:42:00.000Z,2026-04-02T14:51:00.000Z,BUY,0.01,1,1,10.00,1,32020.00
2026-04-02T14:51:00.000Z,2026-04-02T15:21:00.000Z,BUY,0.01,1,1,10.00,1,32030.00
2026-04-02T15:21:00.000Z,2026-04-02T16:00:00.000Z,BUY,0.01,2,1,10.00,2,32040.00
2026-04-02T16:00:00.000Z,2026-04-02T16:05:00.000Z,BUY,0.01,1,1,10.00,1,32050.00
2026-04-02T16:05:00.000Z,2026-04-02T16:06:00.000Z,BUY,0.01,1,1,10.00,1,32060.00
2026-04-02T16:06:00.000Z,2026-04-02T16:23:00.000Z,BUY,0.01,2,1,10.00,2,32070.00
2026-04-02T16:23:00.000Z,2026-04-02T16:26:00.000Z,BUY,0.01,1,1,10.00,1,32080.00
2026-04-02T16:26:00.000Z,2026-04-02T16:30:00.000Z,BUY,0.01,1,1,10.00,1,32090.00
2026-04-02T16:30:00.000Z,2026-04-02T16:46:00.000Z,BUY,0.01,1,1,10.00,1,32100.00
2026-04-02T16:46:00.000Z,2026-04-02T16:48:00.000Z,BUY,0.01,1,1,10.00,1,32110.00
2026-04-02T16:48:00.000Z,2026-04-02T16:49:00.000Z,BUY,0.01,1,1,10.00,1,32120.00
2026-04-02T16:49:00.000Z,2026-04-02T16:53:00.000Z,BUY,0.01,1,1,10.00,1,32130.00
2026-04-02T16:53:00.000Z,2026-04-02T17:11:00.000Z,BUY,0.01,1,1,10.00,1,32140.00
2026-04-02T17:11:00.000Z,2026-04-02T17:20:00.000Z,BUY,0.01,1,1,10.00,1,32150.00
2026-04-02T17:20:00.000Z,2026-04-02T17:24:00.000Z,BUY,0.01,1,1,10.00,1,32160.00
2026-04-02T17:24:00.000Z,2026-04-02T17:36:00.000Z,BUY,0.01,1,1,10.00,1,32170.00
2026-04-02T17:36:00.000Z,2026-04-02T17:37:00.000Z,BUY,0.01,1,1,10.00,1,32180.00
2026-04-02T17:37:00.000Z,2026-04-02T18:20:00.000Z,BUY,0.01,4,1,10.00,4,32190.00
2026-04-02T18:20:00.000Z,2026-04-02T18:28:00.000Z,BUY,0.01,1,1,10.00,1,32200.00
2026-04-02T18:28:00.000Z,2026-04-02T19:20:00.000Z,BUY,0.01,2,1,10.00,2,32210.00
2026-04-02T19:20:00.000Z,2026-04-02T19:22:00.000Z,BUY,0.01,1,1,10.00,1,32220.00
2026-04-02T19:22:00.000Z,2026-04-02T19:36:00.000Z,BUY,0.01,1,1,10.00,1,32230.00
2026-04-02T19:36:00.000Z,2026-04-02T22:02:00.000Z,BUY,0.01,1,1,10.00,1,32240.00
2026-04-02T22:02:00.000Z,2026-04-06T01:00:00.000Z,BUY,0.01,2,1,10.00,2,32250.00
2026-04-06T01:00:00.000Z,2026-04-06T01:01:00.000Z,BUY,0.01,1,1,10.00,1,32260.00
2026-04-06T01:01:00.000Z,2026-04-06T01:10:00.000Z,BUY,0.01,2,1,10.00,2,32270.00
2026-04-06T01:10:00.000Z,2026-04-06T01:15:00.000Z,BUY,0.01,1,1,10.00,1,32280.00
2026-04-06T01:15:00.000Z,2026-04-06T01:45:00.000Z,BUY,0.01,1,1,10.00,1,32290.00
2026-04-06T01:45:00.000Z,2026-04-06T01:47:00.000Z,BUY,0.01,2,1,10.00,2,32300.00
2026-04-06T01:47:00.000Z,2026-04-06T01:48:00.000Z,BUY,0.01,1,1,10.00,1,32310.00
2026-04-06T01:48:00.000Z,2026-04-06T01:48:00.000Z,BUY,0.01,1,1,10.00,1,32320.00
2026-04-06T01:48:00.000Z,2026-04-06T01:48:00.000Z,BUY,0.01,1,1,10.00,1,32330.00
2026-04-06T01:48:00.000Z,2026-04-06T02:25:00.000Z,BUY,0.01,4,1,10.00,4,32340.00
2026-04-06T02:25:00.000Z,2026-04-06T03:15:00.000Z,BUY,0.01,1,1,10.00,1,32350.00
2026-04-06T03:15:00.000Z,2026-04-06T04:06:00.000Z,BUY,0.01,3,1,10.00,3,32360.00
2026-04-06T04:06:00.000Z,2026-04-06T05:17:00.000Z,BUY,0.01,1,1,10.00,1,32370.00
2026-04-06T05:17:00.000Z,2026-04-06T05:19:00.000Z,BUY,0.01,1,1,10.00,1,32380.00
2026-04-06T05:19:00.000Z,2026-04-06T05:20:00.000Z,BUY,0.01,1,1,10.00,1,32390.00
2026-04-06T05:20:00.000Z,2026-04-06T06:03:00.000Z,BUY,0.01,2,1,10.00,2,32400.00
2026-04-06T06:03:00.000Z,2026-04-06T07:12:00.000Z,BUY,0.01,1,1,10.00,1,32410.00
2026-04-06T07:12:00.000Z,2026-04-06T07:58:00.000Z,BUY,0.01,1,1,10.00,1,32420.00
2026-04-06T07:58:00.000Z,2026-04-06T08:07:00.000Z,BUY,0.01,1,1,10.00,1,32430.00
2026-04-06T08:07:00.000Z,2026-04-06T10:51:00.000Z,BUY,0.01,3,1,10.00,3,32440.00
2026-04-06T10:51:00.000Z,2026-04-06T11:04:00.000Z,BUY,0.01,1,1,10.00,1,32450.00
2026-04-06T11:04:00.000Z,2026-04-06T12:00:00.000Z,BUY,0.01,1,1,10.00,1,32460.00
2026-04-06T12:00:00.000Z,2026-04-06T15:16:00.000Z,BUY,0.01,2,1,10.00,2,32470.00
2026-04-06T15:16:00.000Z,2026-04-06T15:49:00.000Z,BUY,0.01,1,1,10.00,1,32480.00
2026-04-06T15:49:00.000Z,2026-04-06T17:00:00.000Z,BUY,0.01,3,1,10.00,3,32490.00
2026-04-06T17:00:00.000Z,2026-04-06T18:15:00.000Z,BUY,0.01,4,1,10.00,4,32500.00
2026-04-06T18:15:00.000Z,2026-04-06T18:31:00.000Z,BUY,0.01,1,1,10.00,1,32510.00
2026-04-06T18:31:00.000Z,2026-04-07T04:00:00.000Z,BUY,0.01,2,1,10.00,2,32520.00
2026-04-07T04:00:00.000Z,2026-04-07T04:02:00.000Z,BUY,0.01,1,1,10.00,1,32530.00
2026-04-07T04:02:00.000Z,2026-04-07T04:03:00.000Z,BUY,0.01,1,1,10.00,1,32540.00
2026-04-07T04:03:00.000Z,2026-04-07T04:10:00.000Z,BUY,0.01,2,1,10.00,2,32550.00
2026-04-07T04:10:00.000Z,2026-04-07T04:11:00.000Z,BUY,0.01,1,1,10.00,1,32560.00
2026-04-07T04:11:00.000Z,2026-04-07T04:19:00.000Z,BUY,0.01,1,1,10.00,1,32570.00
2026-04-07T04:19:00.000Z,2026-04-07T04:34:00.000Z,BUY,0.01,1,1,10.00,1,32580.00
2026-04-07T04:34:00.000Z,2026-04-07T04:38:00.000Z,BUY,0.01,2,1,10.00,2,32590.00
2026-04-07T04:38:00.000Z,2026-04-07T04:41:00.000Z,BUY,0.01,1,1,10.00,1,32600.00
2026-04-07T04:41:00.000Z,2026-04-07T05:48:00.000Z,BUY,0.01,3,1,10.00,3,32610.00
2026-04-07T05:48:00.000Z,2026-04-07T07:40:00.000Z,BUY,0.01,1,1,10.00,1,32620.00
2026-04-07T07:40:00.000Z,2026-04-07T08:28:00.000Z,BUY,0.01,2,1,10.00,2,32630.00
2026-04-07T08:28:00.000Z,2026-04-07T08:56:00.000Z,BUY,0.01,1,1,10.00,1,32640.00
2026-04-07T08:56:00.000Z,2026-04-07T09:43:00.000Z,BUY,0.01,1,1,10.00,1,32650.00
2026-04-07T09:43:00.000Z,2026-04-07T11:14:00.000Z,BUY,0.01,1,1,10.00,1,32660.00
2026-04-07T11:14:00.000Z,2026-04-07T11:20:00.000Z,BUY,0.01,1,1,10.00,1,32670.00
2026-04-07T11:20:00.000Z,2026-04-07T11:21:00.000Z,BUY,0.01,1,1,10.00,1,32680.00
2026-04-07T11:21:00.000Z,2026-04-07T12:18:00.000Z,BUY,0.01,1,1,10.00,1,32690.00
2026-04-07T12:18:00.000Z,2026-04-07T12:45:00.000Z,BUY,0.01,2,1,10.00,2,32700.00
2026-04-07T12:45:00.000Z,2026-04-07T12:57:00.000Z,BUY,0.01,1,1,10.00,1,32710.00
2026-04-07T12:57:00.000Z,2026-04-07T14:10:00.000Z,BUY,0.01,2,1,10.00,2,32720.00
2026-04-07T14:10:00.000Z,2026-04-07T14:37:00.000Z,BUY,0.01,1,1,10.00,1,32730.00
2026-04-07T14:37:00.000Z,2026-04-07T15:06:00.000Z,BUY,0.01,1,1,10.00,1,32740.00
2026-04-07T15:06:00.000Z,2026-04-07T17:02:00.000Z,BUY,0.01,2,1,10.00,2,32750.00
2026-04-07T17:02:00.000Z,2026-04-07T17:24:00.000Z,BUY,0.01,3,1,10.00,3,32760.00
2026-04-07T17:24:00.000Z,2026-04-07T17:34:00.000Z,BUY,0.01,1,1,10.00,1,32770.00
2026-04-07T17:34:00.000Z,2026-04-07T19:03:00.000Z,BUY,0.01,3,1,10.00,3,32780.00
2026-04-07T19:03:00.000Z,2026-04-07T20:35:00.000Z,BUY,0.01,1,1,10.00,1,32790.00
2026-04-07T20:35:00.000Z,2026-04-07T20:37:00.000Z,BUY,0.01,1,1,10.00,1,32800.00
2026-04-07T20:37:00.000Z,2026-04-07T22:20:00.000Z,BUY,0.01,3,1,10.00,3,32810.00
2026-04-07T22:20:00.000Z,2026-04-07T22:45:00.000Z,BUY,0.01,1,1,10.00,1,32820.00
2026-04-07T22:45:00.000Z,2026-04-07T22:48:00.000Z,BUY,0.01,1,1,10.00,1,32830.00
2026-04-07T22:48:00.000Z,2026-04-08T01:00:00.000Z,BUY,0.01,3,1,10.00,3,32840.00
2026-04-08T01:00:00.000Z,2026-04-08T01:00:00.000Z,BUY,0.01,1,1,10.00,1,32850.00
2026-04-08T01:00:00.000Z,2026-04-08T01:05:00.000Z,BUY,0.01,1,1,10.00,1,32860.00
2026-04-08T01:05:00.000Z,2026-04-08T01:32:00.000Z,BUY,0.01,3,1,10.00,3,32870.00
2026-04-08T01:32:00.000Z,2026-04-08T01:32:00.000Z,BUY,0.01,2,1,10.00,2,32880.00
2026-04-08T01:32:00.000Z,2026-04-08T01:33:00.000Z,BUY,0.01,1,1,10.00,1,32890.00
2026-04-08T01:33:00.000Z,2026-04-08T01:34:00.000Z,BUY,0.01,1,1,10.00,1,32900.00
2026-04-08T01:34:00.000Z,2026-04-08T01:34:00.000Z,BUY,0.01,1,1,10.00,1,32910.00
2026-04-08T01:34:00.000Z,2026-04-08T01:39:00.000Z,BUY,0.01,1,1,10.00,1,32920.00
2026-04-08T01:39:00.000Z,2026-04-08T01:39:00.000Z,BUY,0.01,1,1,10.00,1,32930.00
2026-04-08T01:39:00.000Z,2026-04-08T01:54:00.000Z,BUY,0.01,1,1,10.00,1,32940.00
2026-04-08T01:54:00.000Z,2026-04-08T01:54:00.000Z,BUY,0.01,1,1,10.00,1,32950.00
2026-04-08T01:54:00.000Z,2026-04-08T01:55:00.000Z,BUY,0.01,1,1,10.00,1,32960.00
2026-04-08T01:55:00.000Z,2026-04-08T01:58:00.000Z,BUY,0.01,1,1,10.00,1,32970.00
2026-04-08T01:58:00.000Z,2026-04-08T02:58:00.000Z,BUY,0.01,1,1,10.00,1,32980.00
2026-04-08T02:58:00.000Z,2026-04-08T03:00:00.000Z,BUY,0.01,1,1,10.00,1,32990.00
2026-04-08T03:00:00.000Z,2026-04-08T03:02:00.000Z,BUY,0.01,1,1,10.00,1,33000.00
2026-04-08T03:02:00.000Z,2026-04-08T03:28:00.000Z,BUY,0.01,2,1,10.00,2,33010.00
2026-04-08T03:28:00.000Z,2026-04-08T04:31:00.000Z,BUY,0.01,2,1,10.00,2,33020.00
2026-04-08T04:31:00.000Z,2026-04-08T04:36:00.000Z,BUY,0.01,1,1,10.00,1,33030.00
2026-04-08T04:36:00.000Z,2026-04-08T04:50:00.000Z,BUY,0.01,1,1,10.00,1,33040.00
2026-04-08T04:50:00.000Z,2026-04-08T05:00:00.000Z,BUY,0.01,1,1,10.00,1,33050.00
2026-04-08T05:00:00.000Z,2026-04-08T07:23:00.000Z,BUY,0.01,2,1,10.00,2,33060.00
2026-04-08T07:23:00.000Z,2026-04-08T07:29:00.000Z,BUY,0.01,1,1,10.00,1,33070.00
2026-04-08T07:29:00.000Z,2026-04-08T08:24:00.000Z,BUY,0.01,1,1,10.00,1,33080.00
2026-04-08T08:24:00.000Z,2026-04-08T08:34:00.000Z,BUY,0.01,1,1,10.00,1,33090.00
2026-04-08T08:34:00.000Z,2026-04-08T08:50:00.000Z,BUY,0.01,1,1,10.00,1,33100.00
2026-04-08T08:50:00.000Z,2026-04-08T08:53:00.000Z,BUY,0.01,1,1,10.00,1,33110.00
2026-04-08T08:53:00.000Z,2026-04-08T10:02:00.000Z,BUY,0.01,2,1,10.00,2,33120.00
2026-04-08T10:02:00.000Z,2026-04-08T12:44:00.000Z,BUY,0.01,2,1,10.00,2,33130.00
2026-04-08T12:44:00.000Z,2026-04-08T13:45:00.000Z,BUY,0.01,1,1,10.00,1,33140.00
2026-04-08T13:45:00.000Z,2026-04-08T14:58:00.000Z,BUY,0.01,1,1,10.00,1,33150.00
2026-04-08T14:58:00.000Z,2026-04-08T15:22:00.000Z,BUY,0.01,2,1,10.00,2,33160.00
2026-04-08T15:22:00.000Z,2026-04-08T15:29:00.000Z,BUY,0.01,1,1,10.00,1,33170.00
2026-04-08T15:29:00.000Z,2026-04-08T15:34:00.000Z,BUY,0.01,1,1,10.00,1,33180.00
2026-04-08T15:34:00.000Z,2026-04-08T16:00:00.000Z,BUY,0.01,1,1,10.00,1,33190.00
2026-04-08T16:00:00.000Z,2026-04-08T16:53:00.000Z,BUY,0.01,2,1,10.00,2,33200.00
2026-04-08T16:53:00.000Z,2026-04-08T17:00:00.000Z,BUY,0.01,1,1,10.00,1,33210.00
2026-04-08T17:00:00.000Z,2026-04-08T17:32:00.000Z,BUY,0.01,2,1,10.00,2,33220.00
2026-04-08T17:32:00.000Z,2026-04-08T17:38:00.000Z,BUY,0.01,1,1,10.00,1,33230.00
2026-04-08T17:38:00.000Z,2026-04-08T17:56:00.000Z,BUY,0.01,2,1,10.00,2,33240.00
2026-04-08T17:56:00.000Z,2026-04-08T18:00:00.000Z,BUY,0.01,1,1,10.00,1,33250.00
2026-04-08T18:00:00.000Z,2026-04-08T18:19:00.000Z,BUY,0.01,1,1,10.00,1,33260.00
2026-04-08T18:19:00.000Z,2026-04-08T19:52:00.000Z,BUY,0.01,1,1,10.00,1,33270.00
2026-04-08T19:52:00.000Z,2026-04-08T20:55:00.000Z,BUY,0.01,2,1,10.00,2,33280.00
2026-04-08T20:55:00.000Z,2026-04-08T21:51:00.000Z,BUY,0.01,2,1,10.00,2,33290.00
2026-04-08T21:51:00.000Z,2026-04-08T22:12:00.000Z,BUY,0.01,1,1,10.00,1,33300.00
2026-04-08T22:12:00.000Z,2026-04-08T22:47:00.000Z,BUY,0.01,1,1,10.00,1,33310.00
2026-04-08T22:47:00.000Z,2026-04-09T13:24:00.000Z,BUY,0.01,5,1,10.00,5,33320.00
2026-04-09T13:24:00.000Z,2026-04-09T13:50:00.000Z,BUY,0.01,1,1,10.00,1,33330.00
2026-04-09T13:50:00.000Z,2026-04-09T14:46:00.000Z,BUY,0.01,1,1,10.00,1,33340.00
2026-04-09T14:46:00.000Z,2026-04-09T16:36:00.000Z,BUY,0.01,3,1,10.00,3,33350.00
2026-04-09T16:36:00.000Z,2026-04-09T16:43:00.000Z,BUY,0.01,1,1,10.00,1,33360.00
2026-04-09T16:43:00.000Z,2026-04-09T18:32:00.000Z,BUY,0.01,3,1,10.00,3,33370.00
2026-04-09T18:32:00.000Z,2026-04-09T18:36:00.000Z,BUY,0.01,1,1,10.00,1,33380.00
2026-04-09T18:36:00.000Z,2026-04-10T01:00:00.000Z,BUY,0.01,2,1,10.00,2,33390.00
2026-04-10T01:00:00.000Z,2026-04-10T01:00:00.000Z,BUY,0.01,1,1,10.00,1,33400.00
2026-04-10T01:00:00.000Z,2026-04-10T05:19:00.000Z,BUY,0.01,4,1,10.00,4,33410.00
2026-04-10T05:19:00.000Z,2026-04-10T06:07:00.000Z,BUY,0.01,1,1,10.00,1,33420.00
2026-04-10T06:07:00.000Z,2026-04-10T06:39:00.000Z,BUY,0.01,1,1,10.00,1,33430.00
2026-04-10T06:39:00.000Z,2026-04-10T11:47:00.000Z,BUY,0.01,2,1,10.00,2,33440.00
2026-04-10T11:47:00.000Z,2026-04-10T12:18:00.000Z,BUY,0.01,1,1,10.00,1,33450.00
2026-04-10T12:18:00.000Z,2026-04-10T12:19:00.000Z,BUY,0.01,1,1,10.00,1,33460.00
2026-04-10T12:19:00.000Z,2026-04-10T14:59:00.000Z,BUY,0.01,1,1,10.00,1,33470.00
2026-04-10T14:59:00.000Z,2026-04-10T15:33:00.000Z,BUY,0.01,1,1,10.00,1,33480.00
2026-04-10T15:33:00.000Z,2026-04-10T17:19:00.000Z,BUY,0.01,1,1,10.00,1,33490.00
2026-04-10T17:19:00.000Z,2026-04-10T18:36:00.000Z,BUY,0.01,2,1,10.00,2,33500.00
2026-04-10T18:36:00.000Z,2026-04-10T18:45:00.000Z,BUY,0.01,1,1,10.00,1,33510.00
2026-04-10T18:45:00.000Z,2026-04-13T01:00:00.000Z,BUY,0.01,4,1,10.00,4,33520.00
2026-04-13T01:00:00.000Z,2026-04-13T01:00:00.000Z,BUY,0.01,2,1,10.00,2,33530.00
2026-04-13T01:00:00.000Z,2026-04-13T01:00:00.000Z,BUY,0.01,2,1,10.00,2,33540.00
2026-04-13T01:00:00.000Z,2026-04-13T01:00:00.000Z,BUY,0.01,2,1,10.00,2,33550.00
2026-04-13T01:00:00.000Z,2026-04-13T01:00:00.000Z,BUY,0.01,2,1,10.00,2,33560.00
2026-04-13T01:00:00.000Z,2026-04-13T01:00:00.000Z,BUY,0.01,2,1,10.00,2,33570.00
2026-04-13T01:00:00.000Z,2026-04-13T01:00:00.000Z,BUY,0.01,1,1,10.00,1,33580.00
2026-04-13T01:00:00.000Z,2026-04-13T01:00:00.000Z,BUY,0.01,1,1,10.00,1,33590.00
2026-04-13T01:00:00.000Z,2026-04-13T01:00:00.000Z,BUY,0.01,1,1,10.00,1,33600.00
2026-04-13T01:00:00.000Z,2026-04-13T01:00:00.000Z,BUY,0.01,1,1,10.00,1,33610.00
2026-04-13T01:00:00.000Z,2026-04-13T01:00:00.000Z,BUY,0.01,1,1,10.00,1,33620.00
2026-04-13T01:00:00.000Z,2026-04-13T01:00:00.000Z,BUY,0.01,1,1,10.00,1,33630.00
2026-04-13T01:00:00.000Z,2026-04-13T01:00:00.000Z,BUY,0.01,1,1,10.00,1,33640.00
2026-04-13T01:00:00.000Z,2026-04-13T01:01:00.000Z,BUY,0.01,1,1,10.00,1,33650.00
2026-04-13T01:01:00.000Z,2026-04-13T01:01:00.000Z,BUY,0.01,1,1,10.00,1,33660.00
2026-04-13T01:01:00.000Z,2026-04-13T01:02:00.000Z,BUY,0.01,3,1,10.00,3,33670.00
2026-04-13T01:02:00.000Z,2026-04-13T01:23:00.000Z,BUY,0.01,2,1,10.00,2,33680.00
2026-04-13T01:23:00.000Z,2026-04-13T02:59:00.000Z,BUY,0.01,1,1,10.00,1,33690.00
2026-04-13T02:59:00.000Z,2026-04-13T03:35:00.000Z,BUY,0.01,1,1,10.00,1,33700.00
2026-04-13T03:35:00.000Z,2026-04-13T03:59:00.000Z,BUY,0.01,1,1,10.00,1,33710.00
2026-04-13T03:59:00.000Z,2026-04-13T04:01:00.000Z,BUY,0.01,1,1,10.00,1,33720.00
2026-04-13T04:01:00.000Z,2026-04-13T04:10:00.000Z,BUY,0.01,1,1,10.00,1,33730.00
2026-04-13T04:10:00.000Z,2026-04-13T04:53:00.000Z,BUY,0.01,1,1,10.00,1,33740.00
2026-04-13T04:53:00.000Z,2026-04-13T10:01:00.000Z,BUY,0.01,1,1,10.00,1,33750.00
2026-04-13T10:01:00.000Z,2026-04-13T16:50:00.000Z,BUY,0.01,3,1,10.00,3,33760.00
2026-04-13T16:50:00.000Z,2026-04-13T17:23:00.000Z,BUY,0.01,2,1,10.00,2,33770.00
2026-04-13T17:23:00.000Z,2026-04-13T17:45:00.000Z,BUY,0.01,1,1,10.00,1,33780.00
2026-04-13T17:45:00.000Z,2026-04-13T19:29:00.000Z,BUY,0.01,3,1,10.00,3,33790.00
2026-04-13T19:29:00.000Z,2026-04-13T19:47:00.000Z,BUY,0.01,1,1,10.00,1,33800.00
2026-04-13T19:47:00.000Z,2026-04-14T01:00:00.000Z,BUY,0.01,3,1,10.00,3,33810.00
2026-04-14T01:00:00.000Z,2026-04-14T02:04:00.000Z,BUY,0.01,1,1,10.00,1,33820.00
2026-04-14T02:04:00.000Z,2026-04-14T03:41:00.000Z,BUY,0.01,1,1,10.00,1,33830.00
2026-04-14T03:41:00.000Z,2026-04-14T10:00:00.000Z,BUY,0.01,1,1,10.00,1,33840.00
2026-04-14T10:00:00.000Z,2026-04-14T10:08:00.000Z,BUY,0.01,1,1,10.00,1,33850.00
2026-04-14T10:08:00.000Z,2026-04-14T13:39:00.000Z,BUY,0.01,2,1,10.00,2,33860.00
2026-04-14T13:39:00.000Z,2026-04-14T14:08:00.000Z,BUY,0.01,1,1,10.00,1,33870.00
2026-04-14T14:08:00.000Z,2026-04-14T16:17:00.000Z,BUY,0.01,1,1,10.00,1,33880.00
2026-04-14T16:17:00.000Z,2026-04-14T16:37:00.000Z,BUY,0.01,1,1,10.00,1,33890.00
2026-04-14T16:37:00.000Z,2026-04-14T17:19:00.000Z,BUY,0.01,1,1,10.00,1,33900.00
2026-04-14T17:19:00.000Z,2026-04-14T17:33:00.000Z,BUY,0.01,1,1,10.00,1,33910.00
2026-04-14T17:33:00.000Z,2026-04-14T20:06:00.000Z,BUY,0.01,3,1,10.00,3,33920.00
2026-04-14T20:06:00.000Z,2026-04-14T20:38:00.000Z,BUY,0.01,1,1,10.00,1,33930.00
2026-04-14T20:38:00.000Z,2026-04-15T01:02:00.000Z,BUY,0.01,1,1,10.00,1,33940.00
2026-04-15T01:02:00.000Z,2026-04-15T04:16:00.000Z,BUY,0.01,3,1,10.00,3,33950.00
2026-04-15T04:16:00.000Z,2026-04-15T04:16:00.000Z,BUY,0.01,1,1,10.00,1,33960.00
2026-04-15T04:16:00.000Z,2026-04-15T05:22:00.000Z,BUY,0.01,2,1,10.00,2,33970.00
2026-04-15T05:22:00.000Z,2026-04-15T10:01:00.000Z,BUY,0.01,2,1,10.00,2,33980.00
2026-04-15T10:01:00.000Z,2026-04-15T11:58:00.000Z,BUY,0.01,1,1,10.00,1,33990.00
2026-04-15T11:58:00.000Z,2026-04-15T12:47:00.000Z,BUY,0.01,2,1,10.00,2,34000.00
2026-04-15T12:47:00.000Z,2026-04-15T12:54:00.000Z,BUY,0.01,1,1,10.00,1,34010.00
2026-04-15T12:54:00.000Z,2026-04-15T14:31:00.000Z,BUY,0.01,1,1,10.00,1,34020.00
2026-04-15T14:31:00.000Z,2026-04-15T16:21:00.000Z,BUY,0.01,1,1,10.00,1,34030.00
2026-04-15T16:21:00.000Z,2026-04-15T16:57:00.000Z,BUY,0.01,1,1,10.00,1,34040.00
2026-04-15T16:57:00.000Z,2026-04-15T18:29:00.000Z,BUY,0.01,2,1,10.00,2,34050.00
2026-04-15T18:29:00.000Z,2026-04-15T19:13:00.000Z,BUY,0.01,1,1,10.00,1,34060.00
2026-04-15T19:13:00.000Z,2026-04-16T02:33:00.000Z,BUY,0.01,3,1,10.00,3,34070.00
2026-04-16T02:33:00.000Z,2026-04-16T03:00:00.000Z,BUY,0.01,1,1,10.00,1,34080.00
2026-04-16T03:00:00.000Z,2026-04-16T16:52:00.000Z,BUY,0.01,2,1,10.00,2,34090.00
2026-04-16T16:52:00.000Z,2026-04-16T18:09:00.000Z,BUY,0.01,3,1,10.00,3,34100.00
2026-04-16T18:09:00.000Z,2026-04-17T04:11:00.000Z,BUY,0.01,2,1,10.00,2,34110.00
2026-04-17T04:11:00.000Z,2026-04-17T04:55:00.000Z,BUY,0.01,1,1,10.00,1,34120.00
2026-04-17T04:55:00.000Z,2026-04-17T07:42:00.000Z,BUY,0.01,1,1,10.00,1,34130.00
2026-04-17T07:42:00.000Z,2026-04-17T14:48:00.000Z,BUY,0.01,3,1,10.00,3,34140.00
2026-04-17T14:48:00.000Z,2026-04-17T15:30:00.000Z,BUY,0.01,1,1,10.00,1,34150.00
2026-04-17T15:30:00.000Z,2026-04-17T15:46:00.000Z,BUY,0.01,1,1,10.00,1,34160.00
2026-04-17T15:46:00.000Z,2026-04-17T15:48:00.000Z,BUY,0.01,1,1,10.00,1,34170.00
2026-04-17T15:48:00.000Z,2026-04-17T16:07:00.000Z,BUY,0.01,1,1,10.00,1,34180.00
2026-04-17T16:07:00.000Z,2026-04-17T16:09:00.000Z,BUY,0.01,1,1,10.00,1,34190.00
2026-04-17T16:09:00.000Z,2026-04-17T16:10:00.000Z,BUY,0.01,1,1,10.00,1,34200.00
2026-04-17T16:10:00.000Z,2026-04-17T16:11:00.000Z,BUY,0.01,1,1,10.00,1,34210.00
2026-04-17T16:11:00.000Z,2026-04-17T16:21:00.000Z,BUY,0.01,2,1,10.00,2,34220.00
2026-04-17T16:21:00.000Z,2026-04-17T16:25:00.000Z,BUY,0.01,1,1,10.00,1,34230.00
2026-04-17T16:25:00.000Z,2026-04-17T16:42:00.000Z,BUY,0.01,1,1,10.00,1,34240.00
2026-04-17T16:42:00.000Z,2026-04-17T17:00:00.000Z,BUY,0.01,3,1,10.00,3,34250.00
2026-04-17T17:00:00.000Z,2026-04-17T22:58:00.000Z,BUY,0.01,4,1,10.00,4,34260.00
2026-04-17T22:58:00.000Z,2026-04-20T01:00:00.000Z,BUY,0.01,2,1,10.00,2,34270.00
2026-04-20T01:00:00.000Z,2026-04-20T01:00:00.000Z,BUY,0.01,2,1,10.00,2,34280.00
2026-04-20T01:00:00.000Z,2026-04-20T01:00:00.000Z,BUY,0.01,2,1,10.00,2,34290.00
2026-04-20T01:00:00.000Z,2026-04-20T01:01:00.000Z,BUY,0.01,1,1,10.00,1,34300.00
2026-04-20T01:01:00.000Z,2026-04-20T01:02:00.000Z,BUY,0.01,1,1,10.00,1,34310.00
2026-04-20T01:02:00.000Z,2026-04-20T01:10:00.000Z,BUY,0.01,1,1,10.00,1,34320.00
2026-04-20T01:10:00.000Z,2026-04-20T02:36:00.000Z,BUY,0.01,2,1,10.00,2,34330.00
2026-04-20T02:36:00.000Z,2026-04-20T03:59:00.000Z,BUY,0.01,3,1,10.00,3,34340.00
2026-04-20T03:59:00.000Z,2026-04-20T04:03:00.000Z,BUY,0.01,1,1,10.00,1,34350.00
2026-04-20T04:03:00.000Z,2026-04-20T04:13:00.000Z,BUY,0.01,1,1,10.00,1,34360.00
2026-04-20T04:13:00.000Z,2026-04-20T04:30:00.000Z,BUY,0.01,1,1,10.00,1,34370.00
2026-04-20T04:30:00.000Z,2026-04-20T15:18:00.000Z,BUY,0.01,5,1,10.00,5,34380.00
2026-04-20T15:18:00.000Z,2026-04-20T16:29:00.000Z,BUY,0.01,1,1,10.00,1,34390.00
2026-04-20T16:29:00.000Z,2026-04-20T17:51:00.000Z,BUY,0.01,2,1,10.00,2,34400.00
2026-04-20T17:51:00.000Z,2026-04-20T17:51:00.000Z,BUY,0.01,1,1,10.00,1,34410.00
2026-04-20T17:51:00.000Z,2026-04-20T21:14:00.000Z,BUY,0.01,1,1,10.00,1,34420.00
2026-04-20T21:14:00.000Z,2026-04-21T01:00:00.000Z,BUY,0.01,1,1,10.00,1,34430.00
2026-04-21T01:00:00.000Z,2026-04-21T06:22:00.000Z,BUY,0.01,2,1,10.00,2,34440.00
2026-04-21T06:22:00.000Z,2026-04-21T16:14:00.000Z,BUY,0.01,4,1,10.00,4,34450.00
2026-04-21T16:14:00.000Z,2026-04-21T16:30:00.000Z,BUY,0.01,1,1,10.00,1,34460.00
2026-04-21T16:30:00.000Z,2026-04-21T16:40:00.000Z,BUY,0.01,1,1,10.00,1,34470.00
2026-04-21T16:40:00.000Z,2026-04-21T17:40:00.000Z,BUY,0.01,2,1,10.00,2,34480.00
2026-04-21T17:40:00.000Z,2026-04-21T17:48:00.000Z,BUY,0.01,2,1,10.00,2,34490.00
2026-04-21T17:48:00.000Z,2026-04-21T17:53:00.000Z,BUY,0.01,1,1,10.00,1,34500.00
2026-04-21T17:53:00.000Z,2026-04-21T18:10:00.000Z,BUY,0.01,1,1,10.00,1,34510.00
2026-04-21T18:10:00.000Z,2026-04-21T18:20:00.000Z,BUY,0.01,1,1,10.00,1,34520.00
2026-04-21T18:20:00.000Z,2026-04-21T19:25:00.000Z,BUY,0.01,2,1,10.00,2,34530.00
2026-04-21T19:25:00.000Z,2026-04-21T21:16:00.000Z,BUY,0.01,2,1,10.00,2,34540.00
2026-04-21T21:16:00.000Z,2026-04-21T21:54:00.000Z,BUY,0.01,1,1,10.00,1,34550.00
2026-04-21T21:54:00.000Z,2026-04-21T22:43:00.000Z,BUY,0.01,2,1,10.00,2,34560.00
2026-04-21T22:43:00.000Z,2026-04-22T01:00:00.000Z,BUY,0.01,1,1,10.00,1,34570.00
2026-04-22T01:00:00.000Z,2026-04-22T01:00:00.000Z,BUY,0.01,1,1,10.00,1,34580.00
2026-04-22T01:00:00.000Z,2026-04-22T01:00:00.000Z,BUY,0.01,1,1,10.00,1,34590.00
2026-04-22T01:00:00.000Z,2026-04-22T01:00:00.000Z,BUY,0.01,1,1,10.00,1,34600.00
2026-04-22T01:00:00.000Z,2026-04-22T01:02:00.000Z,BUY,0.01,1,1,10.00,1,34610.00
2026-04-22T01:02:00.000Z,2026-04-22T02:50:00.000Z,BUY,0.01,1,1,10.00,1,34620.00
2026-04-22T02:50:00.000Z,2026-04-22T04:23:00.000Z,BUY,0.01,1,1,10.00,1,34630.00
2026-04-22T04:23:00.000Z,2026-04-22T06:04:00.000Z,BUY,0.01,1,1,10.00,1,34640.00
2026-04-22T06:04:00.000Z,2026-04-22T08:19:00.000Z,BUY,0.01,1,1,10.00,1,34650.00
2026-04-22T08:19:00.000Z,2026-04-22T16:09:00.000Z,BUY,0.01,2,1,10.00,2,34660.00
2026-04-22T16:09:00.000Z,2026-04-22T16:09:00.000Z,BUY,0.01,1,1,10.00,1,34670.00
2026-04-22T16:09:00.000Z,2026-04-22T16:46:00.000Z,BUY,0.01,1,1,10.00,1,34680.00
2026-04-22T16:46:00.000Z,2026-04-22T18:35:00.000Z,BUY,0.01,2,1,10.00,2,34690.00
2026-04-22T18:35:00.000Z,2026-04-22T21:45:00.000Z,BUY,0.01,1,1,10.00,1,34700.00
2026-04-22T21:45:00.000Z,2026-04-23T03:12:00.000Z,BUY,0.01,2,1,10.00,2,34710.00
2026-04-23T03:12:00.000Z,2026-04-23T03:19:00.000Z,BUY,0.01,1,1,10.00,1,34720.00
2026-04-23T03:19:00.000Z,2026-04-23T03:21:00.000Z,BUY,0.01,1,1,10.00,1,34730.00
2026-04-23T03:21:00.000Z,2026-04-23T03:28:00.000Z,BUY,0.01,1,1,10.00,1,34740.00
2026-04-23T03:28:00.000Z,2026-04-23T03:30:00.000Z,BUY,0.01,1,1,10.00,1,34750.00
2026-04-23T03:30:00.000Z,2026-04-23T05:01:00.000Z,BUY,0.01,2,1,10.00,2,34760.00
2026-04-23T05:01:00.000Z,2026-04-23T13:10:00.000Z,BUY,0.01,4,1,10.00,4,34770.00
2026-04-23T13:10:00.000Z,2026-04-23T14:19:00.000Z,BUY,0.01,1,1,10.00,1,34780.00
2026-04-23T14:19:00.000Z,2026-04-23T14:52:00.000Z,BUY,0.01,1,1,10.00,1,34790.00
2026-04-23T14:52:00.000Z,2026-04-23T15:00:00.000Z,BUY,0.01,1,1,10.00,1,34800.00
2026-04-23T15:00:00.000Z,2026-04-23T15:02:00.000Z,BUY,0.01,1,1,10.00,1,34810.00
2026-04-23T15:02:00.000Z,2026-04-23T15:43:00.000Z,BUY,0.01,1,1,10.00,1,34820.00
2026-04-23T15:43:00.000Z,2026-04-23T20:09:00.000Z,BUY,0.01,2,1,10.00,2,34830.00
2026-04-23T20:09:00.000Z,2026-04-23T20:42:00.000Z,BUY,0.01,2,1,10.00,2,34840.00
2026-04-23T20:42:00.000Z,2026-04-23T20:53:00.000Z,BUY,0.01,1,1,10.00,1,34850.00
2026-04-23T20:53:00.000Z,2026-04-23T20:53:00.000Z,BUY,0.01,1,1,10.00,1,34860.00
2026-04-23T20:53:00.000Z,2026-04-23T21:00:00.000Z,BUY,0.01,1,1,10.00,1,34870.00
2026-04-23T21:00:00.000Z,2026-04-24T05:28:00.000Z,BUY,0.01,2,1,10.00,2,34880.00
2026-04-24T05:28:00.000Z,2026-04-24T10:58:00.000Z,BUY,0.01,3,1,10.00,3,34890.00
2026-04-24T10:58:00.000Z,2026-04-24T14:08:00.000Z,BUY,0.01,1,1,10.00,1,34900.00
2026-04-24T14:08:00.000Z,2026-04-24T14:27:00.000Z,BUY,0.01,1,1,10.00,1,34910.00
2026-04-24T14:27:00.000Z,2026-04-24T17:05:00.000Z,BUY,0.01,3,1,10.00,3,34920.00
2026-04-24T17:05:00.000Z,2026-04-24T17:12:00.000Z,BUY,0.01,1,1,10.00,1,34930.00
2026-04-24T17:12:00.000Z,2026-04-27T01:00:00.000Z,BUY,0.01,2,1,10.00,2,34940.00
2026-04-27T01:00:00.000Z,2026-04-27T03:07:00.000Z,BUY,0.01,2,1,10.00,2,34950.00
2026-04-27T03:07:00.000Z,2026-04-27T03:51:00.000Z,BUY,0.01,1,1,10.00,1,34960.00
2026-04-27T03:51:00.000Z,2026-04-27T03:58:00.000Z,BUY,0.01,1,1,10.00,1,34970.00
2026-04-27T03:58:00.000Z,2026-04-27T04:01:00.000Z,BUY,0.01,1,1,10.00,1,34980.00
2026-04-27T04:01:00.000Z,2026-04-27T05:47:00.000Z,BUY,0.01,1,1,10.00,1,34990.00
2026-04-27T05:47:00.000Z,2026-04-27T06:39:00.000Z,BUY,0.01,1,1,10.00,1,35000.00
2026-04-27T06:39:00.000Z,2026-04-27T16:01:00.000Z,BUY,0.01,2,1,10.00,2,35010.00
2026-04-27T16:01:00.000Z,2026-04-28T08:00:00.000Z,BUY,0.01,4,1,10.00,4,35020.00
2026-04-28T08:00:00.000Z,2026-04-28T08:40:00.000Z,BUY,0.01,2,1,10.00,2,35030.00
2026-04-28T08:40:00.000Z,2026-04-28T12:57:00.000Z,BUY,0.01,4,1,10.00,4,35040.00
2026-04-28T12:57:00.000Z,2026-04-28T13:19:00.000Z,BUY,0.01,1,1,10.00,1,35050.00
2026-04-28T13:19:00.000Z,2026-04-28T14:36:00.000Z,BUY,0.01,2,1,10.00,2,35060.00
2026-04-28T14:36:00.000Z,2026-04-28T15:01:00.000Z,BUY,0.01,2,1,10.00,2,35070.00
2026-04-28T15:01:00.000Z,2026-04-28T15:02:00.000Z,BUY,0.01,1,1,10.00,1,35080.00
2026-04-28T15:02:00.000Z,2026-04-28T15:11:00.000Z,BUY,0.01,1,1,10.00,1,35090.00
2026-04-28T15:11:00.000Z,2026-04-28T15:16:00.000Z,BUY,0.01,1,1,10.00,1,35100.00
2026-04-28T15:16:00.000Z,2026-04-28T15:20:00.000Z,BUY,0.01,1,1,10.00,1,35110.00
2026-04-28T15:20:00.000Z,2026-04-28T17:04:00.000Z,BUY,0.01,4,1,10.00,4,35120.00
2026-04-28T17:04:00.000Z,2026-04-28T17:18:00.000Z,BUY,0.01,1,1,10.00,1,35130.00
2026-04-28T17:18:00.000Z,2026-04-28T19:45:00.000Z,BUY,0.01,1,1,10.00,1,35140.00
2026-04-28T19:45:00.000Z,2026-04-28T20:28:00.000Z,BUY,0.01,1,1,10.00,1,35150.00
2026-04-28T20:28:00.000Z,2026-04-29T03:05:00.000Z,BUY,0.01,1,1,10.00,1,35160.00
2026-04-29T03:05:00.000Z,2026-04-29T04:08:00.000Z,BUY,0.01,2,1,10.00,2,35170.00
2026-04-29T04:08:00.000Z,2026-04-29T04:35:00.000Z,BUY,0.01,1,1,10.00,1,35180.00
2026-04-29T04:35:00.000Z,2026-04-29T05:06:00.000Z,BUY,0.01,1,1,10.00,1,35190.00
2026-04-29T05:06:00.000Z,2026-04-29T10:47:00.000Z,BUY,0.01,2,1,10.00,2,35200.00
2026-04-29T10:47:00.000Z,2026-04-29T12:18:00.000Z,BUY,0.01,1,1,10.00,1,35210.00
2026-04-29T12:18:00.000Z,2026-04-29T15:52:00.000Z,BUY,0.01,2,1,10.00,2,35220.00
2026-04-29T15:52:00.000Z,2026-04-29T16:42:00.000Z,BUY,0.01,2,1,10.00,2,35230.00
2026-04-29T16:42:00.000Z,2026-04-29T16:56:00.000Z,BUY,0.01,1,1,10.00,1,35240.00
2026-04-29T16:56:00.000Z,2026-04-29T17:33:00.000Z,BUY,0.01,1,1,10.00,1,35250.00
2026-04-29T17:33:00.000Z,2026-04-29T18:36:00.000Z,BUY,0.01,1,1,10.00,1,35260.00
2026-04-29T18:36:00.000Z,2026-04-29T19:02:00.000Z,BUY,0.01,1,1,10.00,1,35270.00
2026-04-29T19:02:00.000Z,2026-04-29T21:14:00.000Z,BUY,0.01,2,1,10.00,2,35280.00
2026-04-29T21:14:00.000Z,2026-04-29T21:17:00.000Z,BUY,0.01,1,1,10.00,1,35290.00
2026-04-29T21:17:00.000Z,2026-04-29T22:15:00.000Z,BUY,0.01,3,1,10.00,3,35300.00
2026-04-29T22:15:00.000Z,2026-04-30T02:52:00.000Z,BUY,0.01,1,1,10.00,1,35310.00
2026-04-30T02:52:00.000Z,2026-04-30T03:46:00.000Z,BUY,0.01,1,1,10.00,1,35320.00
2026-04-30T03:46:00.000Z,2026-04-30T04:29:00.000Z,BUY,0.01,1,1,10.00,1,35330.00
2026-04-30T04:29:00.000Z,2026-04-30T07:23:00.000Z,BUY,0.01,2,1,10.00,2,35340.00
2026-04-30T07:23:00.000Z,2026-04-30T08:32:00.000Z,BUY,0.01,1,1,10.00,1,35350.00
2026-04-30T08:32:00.000Z,2026-04-30T09:24:00.000Z,BUY,0.01,1,1,10.00,1,35360.00
2026-04-30T09:24:00.000Z,2026-04-30T09:52:00.000Z,BUY,0.01,1,1,10.00,1,35370.00
2026-04-30T09:52:00.000Z,2026-04-30T09:58:00.000Z,BUY,0.01,1,1,10.00,1,35380.00
2026-04-30T09:58:00.000Z,2026-04-30T10:56:00.000Z,BUY,0.01,1,1,10.00,1,35390.00
2026-04-30T10:56:00.000Z,2026-04-30T11:04:00.000Z,BUY,0.01,1,1,10.00,1,35400.00
2026-04-30T11:04:00.000Z,2026-04-30T11:04:00.000Z,BUY,0.01,1,1,10.00,1,35410.00
2026-04-30T11:04:00.000Z,2026-04-30T13:22:00.000Z,BUY,0.01,1,1,10.00,1,35420.00
2026-04-30T13:22:00.000Z,2026-04-30T13:29:00.000Z,BUY,0.01,1,1,10.00,1,35430.00
2026-04-30T13:29:00.000Z,2026-04-30T16:52:00.000Z,BUY,0.01,2,1,10.00,2,35440.00
2026-04-30T16:52:00.000Z,2026-04-30T17:03:00.000Z,BUY,0.01,1,1,10.00,1,35450.00
2026-04-30T17:03:00.000Z,2026-05-01T02:32:00.000Z,BUY,0.01,1,1,10.00,1,35460.00
2026-05-01T02:32:00.000Z,2026-05-01T08:56:00.000Z,BUY,0.01,2,1,10.00,2,35470.00
2026-05-01T08:56:00.000Z,2026-05-01T11:15:00.000Z,BUY,0.01,2,1,10.00,2,35480.00
2026-05-01T11:15:00.000Z,2026-05-01T15:14:00.000Z,BUY,0.01,1,1,10.00,1,35490.00
2026-05-01T15:14:00.000Z,2026-05-01T15:22:00.000Z,BUY,0.01,1,1,10.00,1,35500.00
2026-05-01T15:22:00.000Z,2026-05-01T15:25:00.000Z,BUY,0.01,1,1,10.00,1,35510.00
2026-05-01T15:25:00.000Z,2026-05-01T16:53:00.000Z,BUY,0.01,1,1,10.00,1,35520.00
2026-05-01T16:53:00.000Z,2026-05-01T16:55:00.000Z,BUY,0.01,1,1,10.00,1,35530.00
2026-05-01T16:55:00.000Z,2026-05-01T17:00:00.000Z,BUY,0.01,1,1,10.00,1,35540.00
2026-05-01T17:00:00.000Z,2026-05-01T17:12:00.000Z,BUY,0.01,1,1,10.00,1,35550.00
2026-05-01T17:12:00.000Z,2026-05-01T17:12:00.000Z,BUY,0.01,1,1,10.00,1,35560.00
2026-05-01T17:12:00.000Z,2026-05-01T18:02:00.000Z,BUY,0.01,2,1,10.00,2,35570.00
2026-05-01T18:02:00.000Z,2026-05-01T18:14:00.000Z,BUY,0.01,1,1,10.00,1,35580.00
2026-05-01T18:14:00.000Z,2026-05-01T18:46:00.000Z,BUY,0.01,1,1,10.00,1,35590.00
2026-05-01T18:46:00.000Z,2026-05-01T21:16:00.000Z,BUY,0.01,2,1,10.00,2,35600.00
2026-05-01T21:16:00.000Z,2026-05-01T21:50:00.000Z,BUY,0.01,1,1,10.00,1,35610.00
2026-05-01T21:50:00.000Z,2026-05-04T04:26:00.000Z,BUY,0.01,2,1,10.00,2,35620.00
2026-05-04T04:26:00.000Z,2026-05-04T04:51:00.000Z,BUY,0.01,1,1,10.00,1,35630.00
2026-05-04T04:51:00.000Z,2026-05-04T05:00:00.000Z,BUY,0.01,1,1,10.00,1,35640.00
2026-05-04T05:00:00.000Z,2026-05-04T09:38:00.000Z,BUY,0.01,4,1,10.00,4,35650.00
2026-05-04T09:38:00.000Z,2026-05-04T13:04:00.000Z,BUY,0.01,2,1,10.00,2,35660.00
2026-05-04T13:04:00.000Z,2026-05-04T13:48:00.000Z,BUY,0.01,3,1,10.00,3,35670.00
2026-05-04T13:48:00.000Z,2026-05-04T15:20:00.000Z,BUY,0.01,1,1,10.00,1,35680.00
2026-05-04T15:20:00.000Z,2026-05-04T18:15:00.000Z,BUY,0.01,4,1,10.00,4,35690.00
2026-05-04T18:15:00.000Z,2026-05-04T18:21:00.000Z,BUY,0.01,2,1,10.00,2,35700.00
2026-05-04T18:21:00.000Z,2026-05-04T18:23:00.000Z,BUY,0.01,1,1,10.00,1,35710.00
2026-05-04T18:23:00.000Z,2026-05-04T18:28:00.000Z,BUY,0.01,1,1,10.00,1,35720.00
2026-05-04T18:28:00.000Z,2026-05-04T19:08:00.000Z,BUY,0.01,2,1,10.00,2,35730.00
2026-05-04T19:08:00.000Z,2026-05-04T19:18:00.000Z,BUY,0.01,1,1,10.00,1,35740.00
2026-05-04T19:18:00.000Z,2026-05-04T20:17:00.000Z,BUY,0.01,1,1,10.00,1,35750.00
2026-05-04T20:17:00.000Z,2026-05-05T04:13:00.000Z,BUY,0.01,1,1,10.00,1,35760.00
2026-05-05T04:13:00.000Z,2026-05-05T08:35:00.000Z,BUY,0.01,1,1,10.00,1,35770.00
2026-05-05T08:35:00.000Z,2026-05-05T10:36:00.000Z,BUY,0.01,1,1,10.00,1,35780.00
2026-05-05T10:36:00.000Z,2026-05-05T15:21:00.000Z,BUY,0.01,1,1,10.00,1,35790.00
2026-05-05T15:21:00.000Z,2026-05-05T16:08:00.000Z,BUY,0.01,1,1,10.00,1,35800.00
2026-05-05T16:08:00.000Z,2026-05-06T01:20:00.000Z,BUY,0.01,2,1,10.00,2,35810.00
2026-05-06T01:20:00.000Z,2026-05-06T01:55:00.000Z,BUY,0.01,1,1,10.00,1,35820.00
2026-05-06T01:55:00.000Z,2026-05-06T01:55:00.000Z,BUY,0.01,1,1,10.00,1,35830.00
2026-05-06T01:55:00.000Z,2026-05-06T02:08:00.000Z,BUY,0.01,1,1,10.00,1,35840.00
2026-05-06T02:08:00.000Z,2026-05-06T02:14:00.000Z,BUY,0.01,1,1,10.00,1,35850.00
2026-05-06T02:14:00.000Z,2026-05-06T03:20:00.000Z,BUY,0.01,1,1,10.00,1,35860.00
2026-05-06T03:20:00.000Z,2026-05-06T03:36:00.000Z,BUY,0.01,1,1,10.00,1,35870.00
2026-05-06T03:36:00.000Z,2026-05-06T04:00:00.000Z,BUY,0.01,1,1,10.00,1,35880.00
2026-05-06T04:00:00.000Z,2026-05-06T05:08:00.000Z,BUY,0.01,1,1,10.00,1,35890.00
2026-05-06T05:08:00.000Z,2026-05-06T05:57:00.000Z,BUY,0.01,1,1,10.00,1,35900.00
2026-05-06T05:57:00.000Z,2026-05-06T06:20:00.000Z,BUY,0.01,1,1,10.00,1,35910.00
2026-05-06T06:20:00.000Z,2026-05-06T08:58:00.000Z,BUY,0.01,1,1,10.00,1,35920.00
2026-05-06T08:58:00.000Z,2026-05-06T10:45:00.000Z,BUY,0.01,1,1,10.00,1,35930.00
2026-05-06T10:45:00.000Z,2026-05-06T10:59:00.000Z,BUY,0.01,1,1,10.00,1,35940.00
2026-05-06T10:59:00.000Z,2026-05-06T11:50:00.000Z,BUY,0.01,1,1,10.00,1,35950.00
2026-05-06T11:50:00.000Z,2026-05-06T11:52:00.000Z,BUY,0.01,1,1,10.00,1,35960.00
2026-05-06T11:52:00.000Z,2026-05-06T13:41:00.000Z,BUY,0.01,1,1,10.00,1,35970.00
2026-05-06T13:41:00.000Z,2026-05-06T13:54:00.000Z,BUY,0.01,1,1,10.00,1,35980.00
2026-05-06T13:54:00.000Z,2026-05-06T14:57:00.000Z,BUY,0.01,2,1,10.00,2,35990.00
2026-05-06T14:57:00.000Z,2026-05-06T15:19:00.000Z,BUY,0.01,2,1,10.00,2,36000.00
2026-05-06T15:19:00.000Z,2026-05-06T15:20:00.000Z,BUY,0.01,1,1,10.00,1,36010.00
2026-05-06T15:20:00.000Z,2026-05-06T15:24:00.000Z,BUY,0.01,1,1,10.00,1,36020.00
2026-05-06T15:24:00.000Z,2026-05-06T16:33:00.000Z,BUY,0.01,1,1,10.00,1,36030.00
2026-05-06T16:33:00.000Z,2026-05-06T16:53:00.000Z,BUY,0.01,1,1,10.00,1,36040.00
2026-05-06T16:53:00.000Z,2026-05-06T17:15:00.000Z,BUY,0.01,1,1,10.00,1,36050.00
2026-05-06T17:15:00.000Z,2026-05-06T19:02:00.000Z,BUY,0.01,2,1,10.00,2,36060.00
2026-05-06T19:02:00.000Z,2026-05-06T22:09:00.000Z,BUY,0.01,1,1,10.00,1,36070.00
2026-05-06T22:09:00.000Z,2026-05-07T04:10:00.000Z,BUY,0.01,1,1,10.00,1,36080.00
2026-05-07T04:10:00.000Z,2026-05-07T04:16:00.000Z,BUY,0.01,1,1,10.00,1,36090.00
2026-05-07T04:16:00.000Z,2026-05-07T09:31:00.000Z,BUY,0.01,3,1,10.00,3,36100.00
2026-05-07T09:31:00.000Z,2026-05-07T09:35:00.000Z,BUY,0.01,1,1,10.00,1,36110.00
2026-05-07T09:35:00.000Z,2026-05-07T09:40:00.000Z,BUY,0.01,1,1,10.00,1,36120.00
2026-05-07T09:40:00.000Z,2026-05-07T16:33:00.000Z,BUY,0.01,3,1,10.00,3,36130.00
2026-05-07T16:33:00.000Z,2026-05-07T19:01:00.000Z,BUY,0.01,2,1,10.00,2,36140.00
2026-05-07T19:01:00.000Z,2026-05-07T20:27:00.000Z,BUY,0.01,2,1,10.00,2,36150.00
2026-05-07T20:27:00.000Z,2026-05-07T20:42:00.000Z,BUY,0.01,1,1,10.00,1,36160.00
2026-05-07T20:42:00.000Z,2026-05-07T21:35:00.000Z,BUY,0.01,1,1,10.00,1,36170.00
2026-05-07T21:35:00.000Z,2026-05-08T01:00:00.000Z,BUY,0.01,2,1,10.00,2,36180.00
2026-05-08T01:00:00.000Z,2026-05-08T01:12:00.000Z,BUY,0.01,1,1,10.00,1,36190.00
2026-05-08T01:12:00.000Z,2026-05-08T03:06:00.000Z,BUY,0.01,1,1,10.00,1,36200.00
2026-05-08T03:06:00.000Z,2026-05-08T04:06:00.000Z,BUY,0.01,1,1,10.00,1,36210.00
2026-05-08T04:06:00.000Z,2026-05-08T05:03:00.000Z,BUY,0.01,1,1,10.00,1,36220.00
2026-05-08T05:03:00.000Z,2026-05-08T15:10:00.000Z,BUY,0.01,5,0,-2420.00,5,33800.00
2026-05-08T15:10:00.000Z,2026-05-08T15:33:00.000Z,BUY,0.01,1,1,10.00,1,33810.00
2026-05-08T15:33:00.000Z,2026-05-08T15:36:00.000Z,BUY,0.01,1,1,10.00,1,33820.00
2026-05-08T15:36:00.000Z,2026-05-08T16:32:00.000Z,BUY,0.01,1,1,10.00,1,33830.00
2026-05-08T16:32:00.000Z,2026-05-08T17:00:00.000Z,BUY,0.01,1,1,10.00,1,33840.00
2026-05-08T17:00:00.000Z,2026-05-08T17:29:00.000Z,BUY,0.01,2,1,10.00,2,33850.00
2026-05-08T17:29:00.000Z,2026-05-08T21:14:00.000Z,BUY,0.01,1,1,10.00,1,33860.00
2026-05-08T21:14:00.000Z,2026-05-11T01:00:00.000Z,BUY,0.01,2,1,10.00,2,33870.00
2026-05-11T01:00:00.000Z,2026-05-11T05:07:00.000Z,BUY,0.01,5,0,-2420.00,5,31450.00
2026-05-11T05:07:00.000Z,2026-05-11T05:13:00.000Z,BUY,0.01,1,1,10.00,1,31460.00
2026-05-11T05:13:00.000Z,2026-05-11T05:37:00.000Z,BUY,0.01,1,1,10.00,1,31470.00
2026-05-11T05:37:00.000Z,2026-05-11T07:30:00.000Z,BUY,0.01,2,1,10.00,2,31480.00
2026-05-11T07:30:00.000Z,2026-05-11T08:35:00.000Z,BUY,0.01,1,1,10.00,1,31490.00
2026-05-11T08:35:00.000Z,2026-05-11T08:55:00.000Z,BUY,0.01,2,1,10.00,2,31500.00
2026-05-11T08:55:00.000Z,2026-05-11T09:04:00.000Z,BUY,0.01,1,1,10.00,1,31510.00
2026-05-11T09:04:00.000Z,2026-05-11T09:18:00.000Z,BUY,0.01,1,1,10.00,1,31520.00
2026-05-11T09:18:00.000Z,2026-05-11T09:54:00.000Z,BUY,0.01,1,1,10.00,1,31530.00
2026-05-11T09:54:00.000Z,2026-05-11T15:23:00.000Z,BUY,0.01,3,1,10.00,3,31540.00
2026-05-11T15:23:00.000Z,2026-05-11T15:57:00.000Z,BUY,0.01,1,1,10.00,1,31550.00
2026-05-11T15:57:00.000Z,2026-05-11T16:05:00.000Z,BUY,0.01,1,1,10.00,1,31560.00
2026-05-11T16:05:00.000Z,2026-05-11T16:13:00.000Z,BUY,0.01,1,1,10.00,1,31570.00
2026-05-11T16:13:00.000Z,2026-05-11T16:20:00.000Z,BUY,0.01,1,1,10.00,1,31580.00
2026-05-11T16:20:00.000Z,2026-05-11T16:41:00.000Z,BUY,0.01,1,1,10.00,1,31590.00
2026-05-11T16:41:00.000Z,2026-05-11T19:42:00.000Z,BUY,0.01,2,1,10.00,2,31600.00
2026-05-11T19:42:00.000Z,2026-05-11T20:31:00.000Z,BUY,0.01,1,1,10.00,1,31610.00
2026-05-11T20:31:00.000Z,2026-05-11T22:52:00.000Z,BUY,0.01,1,1,10.00,1,31620.00
2026-05-11T22:52:00.000Z,2026-05-12T01:02:00.000Z,BUY,0.01,1,1,10.00,1,31630.00
2026-05-12T01:02:00.000Z,2026-05-12T01:46:00.000Z,BUY,0.01,1,1,10.00,1,31640.00
2026-05-12T01:46:00.000Z,2026-05-12T02:52:00.000Z,BUY,0.01,1,1,10.00,1,31650.00
2026-05-12T02:52:00.000Z,2026-05-12T03:18:00.000Z,BUY,0.01,1,1,10.00,1,31660.00
2026-05-12T03:18:00.000Z,2026-05-12T04:04:00.000Z,BUY,0.01,2,1,10.00,2,31670.00
2026-05-12T04:04:00.000Z,2026-05-12T07:54:00.000Z,BUY,0.01,2,1,10.00,2,31680.00
2026-05-12T07:54:00.000Z,2026-05-12T16:16:00.000Z,BUY,0.01,2,1,10.00,2,31690.00
2026-05-12T16:16:00.000Z,2026-05-12T16:22:00.000Z,BUY,0.01,1,1,10.00,1,31700.00
2026-05-12T16:22:00.000Z,2026-05-12T18:17:00.000Z,BUY,0.01,2,1,10.00,2,31710.00
2026-05-12T18:17:00.000Z,2026-05-12T19:16:00.000Z,BUY,0.01,3,1,10.00,3,31720.00
2026-05-12T19:16:00.000Z,2026-05-12T21:20:00.000Z,BUY,0.01,1,1,10.00,1,31730.00
2026-05-12T21:20:00.000Z,2026-05-12T21:42:00.000Z,BUY,0.01,1,1,10.00,1,31740.00
2026-05-12T21:42:00.000Z,2026-05-12T22:25:00.000Z,BUY,0.01,1,1,10.00,1,31750.00
2026-05-12T22:25:00.000Z,2026-05-12T22:57:00.000Z,BUY,0.01,1,1,10.00,1,31760.00
2026-05-12T22:57:00.000Z,2026-05-13T03:04:00.000Z,BUY,0.01,1,1,10.00,1,31770.00
2026-05-13T03:04:00.000Z,2026-05-13T05:43:00.000Z,BUY,0.01,2,1,10.00,2,31780.00
2026-05-13T05:43:00.000Z,2026-05-13T06:37:00.000Z,BUY,0.01,1,1,10.00,1,31790.00
2026-05-13T06:37:00.000Z,2026-05-13T09:18:00.000Z,BUY,0.01,1,1,10.00,1,31800.00
2026-05-13T09:18:00.000Z,2026-05-13T15:22:00.000Z,BUY,0.01,2,1,10.00,2,31810.00
2026-05-13T15:22:00.000Z,2026-05-13T18:34:00.000Z,BUY,0.01,1,1,10.00,1,31820.00
2026-05-13T18:34:00.000Z,2026-05-13T19:24:00.000Z,BUY,0.01,1,1,10.00,1,31830.00
2026-05-13T19:24:00.000Z,2026-05-14T06:48:00.000Z,BUY,0.01,4,1,10.00,4,31840.00
2026-05-14T06:48:00.000Z,2026-05-14T07:21:00.000Z,BUY,0.01,1,1,10.00,1,31850.00
2026-05-14T07:21:00.000Z,2026-05-14T07:25:00.000Z,BUY,0.01,1,1,10.00,1,31860.00
2026-05-14T07:25:00.000Z,2026-05-14T07:27:00.000Z,BUY,0.01,1,1,10.00,1,31870.00
2026-05-14T07:27:00.000Z,2026-05-14T10:36:00.000Z,BUY,0.01,3,1,10.00,3,31880.00
2026-05-14T10:36:00.000Z,2026-05-14T16:30:00.000Z,BUY,0.01,2,1,10.00,2,31890.00
2026-05-14T16:30:00.000Z,2026-05-14T17:20:00.000Z,BUY,0.01,3,1,10.00,3,31900.00
2026-05-14T17:20:00.000Z,2026-05-14T22:07:00.000Z,BUY,0.01,2,1,10.00,2,31910.00
2026-05-14T22:07:00.000Z,2026-05-15T03:25:00.000Z,BUY,0.01,2,1,10.00,2,31920.00
2026-05-15T03:25:00.000Z,2026-05-15T07:43:00.000Z,BUY,0.01,2,1,10.00,2,31930.00
2026-05-15T07:43:00.000Z,2026-05-15T08:32:00.000Z,BUY,0.01,2,1,10.00,2,31940.00
2026-05-15T08:32:00.000Z,2026-05-15T10:19:00.000Z,BUY,0.01,3,1,10.00,3,31950.00
2026-05-15T10:19:00.000Z,2026-05-15T11:17:00.000Z,BUY,0.01,2,1,10.00,2,31960.00
2026-05-15T11:17:00.000Z,2026-05-15T13:51:00.000Z,BUY,0.01,3,1,10.00,3,31970.00
2026-05-15T13:51:00.000Z,2026-05-15T16:09:00.000Z,BUY,0.01,2,1,10.00,2,31980.00
2026-05-15T16:09:00.000Z,2026-05-15T16:17:00.000Z,BUY,0.01,1,1,10.00,1,31990.00
2026-05-15T16:17:00.000Z,2026-05-15T16:45:00.000Z,BUY,0.01,2,1,10.00,2,32000.00
2026-05-15T16:45:00.000Z,2026-05-15T16:49:00.000Z,BUY,0.01,1,1,10.00,1,32010.00
2026-05-15T16:49:00.000Z,2026-05-15T16:55:00.000Z,BUY,0.01,1,1,10.00,1,32020.00
2026-05-15T16:55:00.000Z,2026-05-15T17:13:00.000Z,BUY,0.01,1,1,10.00,1,32030.00
2026-05-15T17:13:00.000Z,2026-05-15T17:20:00.000Z,BUY,0.01,1,1,10.00,1,32040.00
2026-05-15T17:20:00.000Z,2026-05-18T01:01:00.000Z,BUY,0.01,4,1,10.00,4,32050.00
2026-05-18T01:01:00.000Z,2026-05-18T01:02:00.000Z,BUY,0.01,3,1,10.00,3,32060.00
2026-05-18T01:02:00.000Z,2026-05-18T01:05:00.000Z,BUY,0.01,1,1,10.00,1,32070.00
2026-05-18T01:05:00.000Z,2026-05-18T03:24:00.000Z,BUY,0.01,2,1,10.00,2,32080.00
2026-05-18T03:24:00.000Z,2026-05-18T03:34:00.000Z,BUY,0.01,2,1,10.00,2,32090.00
2026-05-18T03:34:00.000Z,2026-05-18T03:35:00.000Z,BUY,0.01,1,1,10.00,1,32100.00
2026-05-18T03:35:00.000Z,2026-05-18T03:59:00.000Z,BUY,0.01,1,1,10.00,1,32110.00
2026-05-18T03:59:00.000Z,2026-05-18T04:47:00.000Z,BUY,0.01,3,1,10.00,3,32120.00
2026-05-18T04:47:00.000Z,2026-05-18T04:51:00.000Z,BUY,0.01,1,1,10.00,1,32130.00
2026-05-18T04:51:00.000Z,2026-05-18T05:23:00.000Z,BUY,0.01,1,1,10.00,1,32140.00
2026-05-18T05:23:00.000Z,2026-05-18T08:27:00.000Z,BUY,0.01,1,1,10.00,1,32150.00
2026-05-18T08:27:00.000Z,2026-05-18T14:41:00.000Z,BUY,0.01,5,1,10.00,5,32160.00
2026-05-18T14:41:00.000Z,2026-05-18T15:45:00.000Z,BUY,0.01,1,1,10.00,1,32170.00
2026-05-18T15:45:00.000Z,2026-05-18T16:54:00.000Z,BUY,0.01,1,1,10.00,1,32180.00
2026-05-18T16:54:00.000Z,2026-05-18T17:33:00.000Z,BUY,0.01,2,1,10.00,2,32190.00
2026-05-18T17:33:00.000Z,2026-05-18T22:03:00.000Z,BUY,0.01,1,1,10.00,1,32200.00
2026-05-18T22:03:00.000Z,2026-05-19T01:05:00.000Z,BUY,0.01,1,1,10.00,1,32210.00
2026-05-19T01:05:00.000Z,2026-05-19T02:11:00.000Z,BUY,0.01,1,1,10.00,1,32220.00
2026-05-19T02:11:00.000Z,2026-05-19T05:15:00.000Z,BUY,0.01,2,1,10.00,2,32230.00
2026-05-19T05:15:00.000Z,2026-05-19T05:29:00.000Z,BUY,0.01,1,1,10.00,1,32240.00
2026-05-19T05:29:00.000Z,2026-05-19T08:24:00.000Z,BUY,0.01,2,1,10.00,2,32250.00
2026-05-19T08:24:00.000Z,2026-05-19T08:40:00.000Z,BUY,0.01,1,1,10.00,1,32260.00
2026-05-19T08:40:00.000Z,2026-05-19T09:27:00.000Z,BUY,0.01,1,1,10.00,1,32270.00
2026-05-19T09:27:00.000Z,2026-05-19T16:04:00.000Z,BUY,0.01,2,1,10.00,2,32280.00
2026-05-19T16:04:00.000Z,2026-05-19T16:29:00.000Z,BUY,0.01,2,1,10.00,2,32290.00
2026-05-19T16:29:00.000Z,2026-05-19T16:54:00.000Z,BUY,0.01,3,1,10.00,3,32300.00
2026-05-19T16:54:00.000Z,2026-05-19T17:05:00.000Z,BUY,0.01,1,1,10.00,1,32310.00
2026-05-19T17:05:00.000Z,2026-05-19T22:55:00.000Z,BUY,0.01,2,1,10.00,2,32320.00
2026-05-19T22:55:00.000Z,2026-05-20T02:34:00.000Z,BUY,0.01,1,1,10.00,1,32330.00
2026-05-20T02:34:00.000Z,2026-05-20T03:30:00.000Z,BUY,0.01,1,1,10.00,1,32340.00
2026-05-20T03:30:00.000Z,2026-05-20T04:29:00.000Z,BUY,0.01,2,1,10.00,2,32350.00
2026-05-20T04:29:00.000Z,2026-05-20T04:50:00.000Z,BUY,0.01,1,1,10.00,1,32360.00
2026-05-20T04:50:00.000Z,2026-05-20T06:07:00.000Z,BUY,0.01,2,1,10.00,2,32370.00
2026-05-20T06:07:00.000Z,2026-05-20T06:28:00.000Z,BUY,0.01,1,1,10.00,1,32380.00
2026-05-20T06:28:00.000Z,2026-05-20T08:21:00.000Z,BUY,0.01,1,1,10.00,1,32390.00
2026-05-20T08:21:00.000Z,2026-05-20T10:12:00.000Z,BUY,0.01,1,1,10.00,1,32400.00
2026-05-20T10:12:00.000Z,2026-05-20T13:35:00.000Z,BUY,0.01,1,1,10.00,1,32410.00
2026-05-20T13:35:00.000Z,2026-05-20T15:48:00.000Z,BUY,0.01,1,1,10.00,1,32420.00
2026-05-20T15:48:00.000Z,2026-05-20T17:09:00.000Z,BUY,0.01,2,1,10.00,2,32430.00
2026-05-20T17:09:00.000Z,2026-05-20T17:16:00.000Z,BUY,0.01,1,1,10.00,1,32440.00
2026-05-20T17:16:00.000Z,2026-05-20T17:16:00.000Z,BUY,0.01,1,1,10.00,1,32450.00
2026-05-20T17:16:00.000Z,2026-05-20T17:21:00.000Z,BUY,0.01,1,1,10.00,1,32460.00
2026-05-20T17:21:00.000Z,2026-05-20T17:30:00.000Z,BUY,0.01,1,1,10.00,1,32470.00
2026-05-20T17:30:00.000Z,2026-05-20T17:32:00.000Z,BUY,0.01,1,1,10.00,1,32480.00
2026-05-20T17:32:00.000Z,2026-05-20T17:56:00.000Z,BUY,0.01,1,1,10.00,1,32490.00
2026-05-20T17:56:00.000Z,2026-05-20T18:15:00.000Z,BUY,0.01,1,1,10.00,1,32500.00
2026-05-20T18:15:00.000Z,2026-05-21T04:11:00.000Z,BUY,0.01,3,1,10.00,3,32510.00
2026-05-21T04:11:00.000Z,2026-05-21T04:23:00.000Z,BUY,0.01,1,1,10.00,1,32520.00
2026-05-21T04:23:00.000Z,2026-05-21T05:30:00.000Z,BUY,0.01,2,1,10.00,2,32530.00
2026-05-21T05:30:00.000Z,2026-05-21T13:40:00.000Z,BUY,0.01,4,1,10.00,4,32540.00
2026-05-21T13:40:00.000Z,2026-05-21T13:44:00.000Z,BUY,0.01,1,1,10.00,1,32550.00
2026-05-21T13:44:00.000Z,2026-05-21T20:10:00.000Z,BUY,0.01,5,1,10.00,5,32560.00
2026-05-21T20:10:00.000Z,2026-05-21T20:16:00.000Z,BUY,0.01,1,1,10.00,1,32570.00
2026-05-21T20:16:00.000Z,2026-05-21T20:31:00.000Z,BUY,0.01,1,1,10.00,1,32580.00
2026-05-21T20:31:00.000Z,2026-05-21T20:55:00.000Z,BUY,0.01,1,1,10.00,1,32590.00
2026-05-21T20:55:00.000Z,2026-05-21T21:54:00.000Z,BUY,0.01,2,1,10.00,2,32600.00
2026-05-21T21:54:00.000Z,2026-05-21T22:15:00.000Z,BUY,0.01,1,1,10.00,1,32610.00
2026-05-21T22:15:00.000Z,2026-05-22T08:58:00.000Z,BUY,0.01,2,1,10.00,2,32620.00
2026-05-22T08:58:00.000Z,2026-05-22T09:01:00.000Z,BUY,0.01,1,1,10.00,1,32630.00
2026-05-22T09:01:00.000Z,2026-05-22T11:10:00.000Z,BUY,0.01,1,1,10.00,1,32640.00
2026-05-22T11:10:00.000Z,2026-05-22T17:14:00.000Z,BUY,0.01,2,1,10.00,2,32650.00
2026-05-22T17:14:00.000Z,2026-05-22T18:05:00.000Z,BUY,0.01,1,1,10.00,1,32660.00
2026-05-22T18:05:00.000Z,2026-05-22T18:30:00.000Z,BUY,0.01,1,1,10.00,1,32670.00
2026-05-22T18:30:00.000Z,2026-05-25T01:00:00.000Z,BUY,0.01,1,1,10.00,1,32680.00
2026-05-25T01:00:00.000Z,2026-05-25T01:00:00.000Z,BUY,0.01,1,1,10.00,1,32690.00
2026-05-25T01:00:00.000Z,2026-05-25T01:04:00.000Z,BUY,0.01,1,1,10.00,1,32700.00
2026-05-25T01:04:00.000Z,2026-05-25T01:33:00.000Z,BUY,0.01,1,1,10.00,1,32710.00
2026-05-25T01:33:00.000Z,2026-05-25T02:07:00.000Z,BUY,0.01,1,1,10.00,1,32720.00
2026-05-25T02:07:00.000Z,2026-05-26T03:52:00.000Z,BUY,0.01,4,1,10.00,4,32730.00
2026-05-26T03:52:00.000Z,2026-05-26T14:35:00.000Z,BUY,0.01,2,1,10.00,2,32740.00
2026-05-26T14:35:00.000Z,2026-05-26T15:49:00.000Z,BUY,0.01,1,1,10.00,1,32750.00
2026-05-26T15:49:00.000Z,2026-05-26T16:44:00.000Z,BUY,0.01,1,1,10.00,1,32760.00
2026-05-26T16:44:00.000Z,2026-05-26T19:14:00.000Z,BUY,0.01,2,1,10.00,2,32770.00
2026-05-26T19:14:00.000Z,2026-05-27T01:00:00.000Z,BUY,0.01,1,1,10.00,1,32780.00
2026-05-27T01:00:00.000Z,2026-05-27T01:00:00.000Z,BUY,0.01,1,1,10.00,1,32790.00
2026-05-27T01:00:00.000Z,2026-05-27T01:00:00.000Z,BUY,0.01,1,1,10.00,1,32800.00
2026-05-27T01:00:00.000Z,2026-05-27T01:05:00.000Z,BUY,0.01,4,1,10.00,4,32810.00
2026-05-27T01:05:00.000Z,2026-05-27T01:58:00.000Z,BUY,0.01,1,1,10.00,1,32820.00
2026-05-27T01:58:00.000Z,2026-05-27T02:43:00.000Z,BUY,0.01,1,1,10.00,1,32830.00
2026-05-27T02:43:00.000Z,2026-05-27T08:42:00.000Z,BUY,0.01,2,1,10.00,2,32840.00
2026-05-27T08:42:00.000Z,2026-05-27T13:39:00.000Z,BUY,0.01,2,1,10.00,2,32850.00
2026-05-27T13:39:00.000Z,2026-05-27T14:31:00.000Z,BUY,0.01,2,1,10.00,2,32860.00
2026-05-27T14:31:00.000Z,2026-05-27T14:42:00.000Z,BUY,0.01,1,1,10.00,1,32870.00
2026-05-27T14:42:00.000Z,2026-05-27T15:19:00.000Z,BUY,0.01,1,1,10.00,1,32880.00
2026-05-27T15:19:00.000Z,2026-05-27T15:22:00.000Z,BUY,0.01,1,1,10.00,1,32890.00
2026-05-27T15:22:00.000Z,2026-05-27T16:00:00.000Z,BUY,0.01,2,1,10.00,2,32900.00
2026-05-27T16:00:00.000Z,2026-05-27T16:28:00.000Z,BUY,0.01,2,1,10.00,2,32910.00
2026-05-27T16:28:00.000Z,2026-05-27T16:31:00.000Z,BUY,0.01,1,1,10.00,1,32920.00
2026-05-27T16:31:00.000Z,2026-05-27T16:34:00.000Z,BUY,0.01,1,1,10.00,1,32930.00
2026-05-27T16:34:00.000Z,2026-05-27T16:53:00.000Z,BUY,0.01,1,1,10.00,1,32940.00
2026-05-27T16:53:00.000Z,2026-05-27T17:07:00.000Z,BUY,0.01,1,1,10.00,1,32950.00
2026-05-27T17:07:00.000Z,2026-05-27T17:12:00.000Z,BUY,0.01,1,1,10.00,1,32960.00
2026-05-27T17:12:00.000Z,2026-05-28T01:02:00.000Z,BUY,0.01,3,1,10.00,3,32970.00
2026-05-28T01:02:00.000Z,2026-05-28T04:17:00.000Z,BUY,0.01,2,1,10.00,2,32980.00
2026-05-28T04:17:00.000Z,2026-05-28T05:02:00.000Z,BUY,0.01,2,1,10.00,2,32990.00
2026-05-28T05:02:00.000Z,2026-05-28T06:38:00.000Z,BUY,0.01,2,1,10.00,2,33000.00
2026-05-28T06:38:00.000Z,2026-05-28T08:32:00.000Z,BUY,0.01,1,1,10.00,1,33010.00
2026-05-28T08:32:00.000Z,2026-05-28T08:52:00.000Z,BUY,0.01,1,1,10.00,1,33020.00
2026-05-28T08:52:00.000Z,2026-05-28T15:46:00.000Z,BUY,0.01,5,1,10.00,5,33030.00
2026-05-28T15:46:00.000Z,2026-05-28T15:51:00.000Z,BUY,0.01,1,1,10.00,1,33040.00
2026-05-28T15:51:00.000Z,2026-05-28T15:55:00.000Z,BUY,0.01,1,1,10.00,1,33050.00
2026-05-28T15:55:00.000Z,2026-05-28T16:04:00.000Z,BUY,0.01,1,1,10.00,1,33060.00
2026-05-28T16:04:00.000Z,2026-05-28T17:12:00.000Z,BUY,0.01,1,1,10.00,1,33070.00
2026-05-28T17:12:00.000Z,2026-05-28T17:13:00.000Z,BUY,0.01,1,1,10.00,1,33080.00
2026-05-28T17:13:00.000Z,2026-05-28T17:14:00.000Z,BUY,0.01,1,1,10.00,1,33090.00
2026-05-28T17:14:00.000Z,2026-05-28T17:46:00.000Z,BUY,0.01,1,1,10.00,1,33100.00
2026-05-28T17:46:00.000Z,2026-05-28T19:16:00.000Z,BUY,0.01,1,1,10.00,1,33110.00
2026-05-28T19:16:00.000Z,2026-05-28T19:20:00.000Z,BUY,0.01,1,1,10.00,1,33120.00
2026-05-28T19:20:00.000Z,2026-05-28T19:45:00.000Z,BUY,0.01,1,1,10.00,1,33130.00
2026-05-28T19:45:00.000Z,2026-05-29T04:18:00.000Z,BUY,0.01,1,1,10.00,1,33140.00
2026-05-29T04:18:00.000Z,2026-05-29T12:13:00.000Z,BUY,0.01,3,1,10.00,3,33150.00
2026-05-29T12:13:00.000Z,2026-05-29T12:50:00.000Z,BUY,0.01,1,1,10.00,1,33160.00
2026-05-29T12:50:00.000Z,2026-05-29T17:02:00.000Z,BUY,0.01,3,1,10.00,3,33170.00
2026-05-29T17:02:00.000Z,2026-05-29T17:52:00.000Z,BUY,0.01,3,1,10.00,3,33180.00
2026-05-29T17:52:00.000Z,2026-05-29T17:56:00.000Z,BUY,0.01,1,1,10.00,1,33190.00
2026-05-29T17:56:00.000Z,2026-05-29T18:05:00.000Z,BUY,0.01,1,1,10.00,1,33200.00
2026-05-29T18:05:00.000Z,2026-05-29T18:08:00.000Z,BUY,0.01,1,1,10.00,1,33210.00
2026-05-29T18:08:00.000Z,2026-05-29T18:48:00.000Z,BUY,0.01,2,1,10.00,2,33220.00
2026-05-29T18:48:00.000Z,2026-05-29T18:54:00.000Z,BUY,0.01,1,1,10.00,1,33230.00
2026-05-29T18:54:00.000Z,2026-06-01T01:00:00.000Z,BUY,0.01,2,1,10.00,2,33240.00
2026-06-01T01:00:00.000Z,2026-06-01T01:00:00.000Z,BUY,0.01,2,1,10.00,2,33250.00
2026-06-01T01:00:00.000Z,2026-06-01T01:00:00.000Z,BUY,0.01,1,1,10.00,1,33260.00
2026-06-01T01:00:00.000Z,2026-06-01T01:12:00.000Z,BUY,0.01,1,1,10.00,1,33270.00
2026-06-01T01:12:00.000Z,2026-06-01T02:08:00.000Z,BUY,0.01,1,1,10.00,1,33280.00
2026-06-01T02:08:00.000Z,2026-06-01T06:44:00.000Z,BUY,0.01,2,1,10.00,2,33290.00
2026-06-01T06:44:00.000Z,2026-06-01T08:18:00.000Z,BUY,0.01,1,1,10.00,1,33300.00
2026-06-01T08:18:00.000Z,2026-06-01T11:23:00.000Z,BUY,0.01,2,1,10.00,2,33310.00
2026-06-01T11:23:00.000Z,2026-06-01T11:45:00.000Z,BUY,0.01,1,1,10.00,1,33320.00
2026-06-01T11:45:00.000Z,2026-06-01T14:22:00.000Z,BUY,0.01,1,1,10.00,1,33330.00
2026-06-01T14:22:00.000Z,2026-06-01T16:12:00.000Z,BUY,0.01,2,1,10.00,2,33340.00
2026-06-01T16:12:00.000Z,2026-06-01T16:55:00.000Z,BUY,0.01,2,1,10.00,2,33350.00
2026-06-01T16:55:00.000Z,2026-06-01T17:09:00.000Z,BUY,0.01,1,1,10.00,1,33360.00
2026-06-01T17:09:00.000Z,2026-06-01T18:30:00.000Z,BUY,0.01,1,1,10.00,1,33370.00
2026-06-01T18:30:00.000Z,2026-06-01T19:55:00.000Z,BUY,0.01,1,1,10.00,1,33380.00
2026-06-01T19:55:00.000Z,2026-06-01T20:45:00.000Z,BUY,0.01,1,1,10.00,1,33390.00
2026-06-01T20:45:00.000Z,2026-06-02T07:06:00.000Z,BUY,0.01,3,1,10.00,3,33400.00
2026-06-02T07:06:00.000Z,2026-06-02T07:47:00.000Z,BUY,0.01,1,1,10.00,1,33410.00
2026-06-02T07:47:00.000Z,2026-06-02T08:30:00.000Z,BUY,0.01,1,1,10.00,1,33420.00
2026-06-02T08:30:00.000Z,2026-06-02T09:29:00.000Z,BUY,0.01,1,1,10.00,1,33430.00
2026-06-02T09:29:00.000Z,2026-06-02T16:56:00.000Z,BUY,0.01,2,1,10.00,2,33440.00
2026-06-02T16:56:00.000Z,2026-06-03T02:17:00.000Z,BUY,0.01,2,1,10.00,2,33450.00
2026-06-03T02:17:00.000Z,2026-06-03T03:30:00.000Z,BUY,0.01,1,1,10.00,1,33460.00
2026-06-03T03:30:00.000Z,2026-06-03T03:40:00.000Z,BUY,0.01,1,1,10.00,1,33470.00
2026-06-03T03:40:00.000Z,2026-06-03T04:28:00.000Z,BUY,0.01,2,1,10.00,2,33480.00
2026-06-03T04:28:00.000Z,2026-06-03T04:46:00.000Z,BUY,0.01,1,1,10.00,1,33490.00
2026-06-03T04:46:00.000Z,2026-06-03T05:43:00.000Z,BUY,0.01,1,1,10.00,1,33500.00
2026-06-03T05:43:00.000Z,2026-06-03T10:58:00.000Z,BUY,0.01,2,1,10.00,2,33510.00
2026-06-03T10:58:00.000Z,2026-06-03T13:07:00.000Z,BUY,0.01,1,1,10.00,1,33520.00
2026-06-03T13:07:00.000Z,2026-06-03T16:43:00.000Z,BUY,0.01,2,1,10.00,2,33530.00
2026-06-03T16:43:00.000Z,2026-06-03T16:52:00.000Z,BUY,0.01,1,1,10.00,1,33540.00
2026-06-03T16:52:00.000Z,2026-06-03T17:11:00.000Z,BUY,0.01,1,1,10.00,1,33550.00
2026-06-03T17:11:00.000Z,2026-06-04T01:16:00.000Z,BUY,0.01,2,1,10.00,2,33560.00
2026-06-04T01:16:00.000Z,2026-06-04T01:27:00.000Z,BUY,0.01,1,1,10.00,1,33570.00
2026-06-04T01:27:00.000Z,2026-06-04T01:56:00.000Z,BUY,0.01,1,1,10.00,1,33580.00
2026-06-04T01:56:00.000Z,2026-06-04T02:45:00.000Z,BUY,0.01,1,1,10.00,1,33590.00
2026-06-04T02:45:00.000Z,2026-06-04T04:12:00.000Z,BUY,0.01,1,1,10.00,1,33600.00
2026-06-04T04:12:00.000Z,2026-06-04T05:56:00.000Z,BUY,0.01,1,1,10.00,1,33610.00
2026-06-04T05:56:00.000Z,2026-06-04T14:26:00.000Z,BUY,0.01,1,1,10.00,1,33620.00
2026-06-04T14:26:00.000Z,2026-06-04T14:46:00.000Z,BUY,0.01,1,1,10.00,1,33630.00
2026-06-04T14:46:00.000Z,2026-06-04T14:56:00.000Z,BUY,0.01,1,1,10.00,1,33640.00
2026-06-04T14:56:00.000Z,2026-06-04T17:42:00.000Z,BUY,0.01,2,1,10.00,2,33650.00
2026-06-04T17:42:00.000Z,2026-06-05T04:42:00.000Z,BUY,0.01,2,1,10.00,2,33660.00
2026-06-05T04:42:00.000Z,2026-06-05T10:08:00.000Z,BUY,0.01,1,1,10.00,1,33670.00
2026-06-05T10:08:00.000Z,2026-06-05T10:29:00.000Z,BUY,0.01,1,1,10.00,1,33680.00
2026-06-05T10:29:00.000Z,2026-06-05T15:50:00.000Z,BUY,0.01,2,1,10.00,2,33690.00
2026-06-05T15:50:00.000Z,2026-06-05T15:59:00.000Z,BUY,0.01,2,1,10.00,2,33700.00
2026-06-05T15:59:00.000Z,2026-06-05T16:02:00.000Z,BUY,0.01,1,1,10.00,1,33710.00
2026-06-05T16:02:00.000Z,2026-06-05T16:38:00.000Z,BUY,0.01,2,1,10.00,2,33720.00
2026-06-05T16:38:00.000Z,2026-06-05T16:41:00.000Z,BUY,0.01,1,1,10.00,1,33730.00
2026-06-05T16:41:00.000Z,2026-06-05T16:59:00.000Z,BUY,0.01,2,1,10.00,2,33740.00
2026-06-05T16:59:00.000Z,2026-06-05T17:02:00.000Z,BUY,0.01,1,1,10.00,1,33750.00
2026-06-05T17:02:00.000Z,2026-06-05T17:38:00.000Z,BUY,0.01,2,1,10.00,2,33760.00
2026-06-05T17:38:00.000Z,2026-06-05T17:48:00.000Z,BUY,0.01,1,1,10.00,1,33770.00
2026-06-05T17:48:00.000Z,2026-06-05T17:57:00.000Z,BUY,0.01,1,1,10.00,1,33780.00
2026-06-05T17:57:00.000Z,2026-06-05T18:38:00.000Z,BUY,0.01,2,1,10.00,2,33790.00
2026-06-05T18:38:00.000Z,2026-06-08T03:20:00.000Z,BUY,0.01,3,1,10.00,3,33800.00
2026-06-08T03:20:00.000Z,2026-06-08T04:18:00.000Z,BUY,0.01,2,1,10.00,2,33810.00
2026-06-08T04:18:00.000Z,2026-06-08T04:45:00.000Z,BUY,0.01,1,1,10.00,1,33820.00
2026-06-08T04:45:00.000Z,2026-06-08T08:34:00.000Z,BUY,0.01,2,1,10.00,2,33830.00
2026-06-08T08:34:00.000Z,2026-06-08T08:37:00.000Z,BUY,0.01,2,1,10.00,2,33840.00
2026-06-08T08:37:00.000Z,2026-06-08T08:38:00.000Z,BUY,0.01,1,1,10.00,1,33850.00
2026-06-08T08:38:00.000Z,2026-06-08T08:38:00.000Z,BUY,0.01,1,1,10.00,1,33860.00
2026-06-08T08:38:00.000Z,2026-06-08T09:00:00.000Z,BUY,0.01,1,1,10.00,1,33870.00
2026-06-08T09:00:00.000Z,2026-06-08T09:22:00.000Z,BUY,0.01,1,1,10.00,1,33880.00
2026-06-08T09:22:00.000Z,2026-06-08T12:29:00.000Z,BUY,0.01,2,1,10.00,2,33890.00
2026-06-08T12:29:00.000Z,2026-06-08T12:37:00.000Z,BUY,0.01,1,1,10.00,1,33900.00
2026-06-08T12:37:00.000Z,2026-06-08T12:48:00.000Z,BUY,0.01,1,1,10.00,1,33910.00
2026-06-08T12:48:00.000Z,2026-06-08T14:10:00.000Z,BUY,0.01,1,1,10.00,1,33920.00
2026-06-08T14:10:00.000Z,2026-06-08T14:15:00.000Z,BUY,0.01,1,1,10.00,1,33930.00
2026-06-08T14:15:00.000Z,2026-06-08T14:32:00.000Z,BUY,0.01,1,1,10.00,1,33940.00
2026-06-08T14:32:00.000Z,2026-06-08T16:37:00.000Z,BUY,0.01,1,1,10.00,1,33950.00
2026-06-08T16:37:00.000Z,2026-06-09T11:05:00.000Z,BUY,0.01,5,0,-2420.00,5,31530.00
2026-06-09T11:05:00.000Z,2026-06-09T11:12:00.000Z,BUY,0.01,1,1,10.00,1,31540.00
2026-06-09T11:12:00.000Z,2026-06-09T14:51:00.000Z,BUY,0.01,1,1,10.00,1,31550.00
2026-06-09T14:51:00.000Z,2026-06-09T16:48:00.000Z,BUY,0.01,1,1,10.00,1,31560.00
2026-06-09T16:48:00.000Z,2026-06-09T16:49:00.000Z,BUY,0.01,1,1,10.00,1,31570.00
2026-06-09T16:49:00.000Z,2026-06-09T16:55:00.000Z,BUY,0.01,2,1,10.00,2,31580.00
2026-06-09T16:55:00.000Z,2026-06-09T17:39:00.000Z,BUY,0.01,2,1,10.00,2,31590.00
2026-06-09T17:39:00.000Z,2026-06-09T18:31:00.000Z,BUY,0.01,2,1,10.00,2,31600.00
2026-06-09T18:31:00.000Z,2026-06-09T18:45:00.000Z,BUY,0.01,1,1,10.00,1,31610.00
2026-06-09T18:45:00.000Z,2026-06-09T19:38:00.000Z,BUY,0.01,2,1,10.00,2,31620.00
2026-06-09T19:38:00.000Z,2026-06-09T20:04:00.000Z,BUY,0.01,1,1,10.00,1,31630.00
2026-06-09T20:04:00.000Z,2026-06-09T21:23:00.000Z,BUY,0.01,1,1,10.00,1,31640.00
2026-06-09T21:23:00.000Z,2026-06-10T01:00:00.000Z,BUY,0.01,2,1,10.00,2,31650.00
2026-06-10T01:00:00.000Z,2026-06-10T01:00:00.000Z,BUY,0.01,1,1,10.00,1,31660.00
2026-06-10T01:00:00.000Z,2026-06-10T02:27:00.000Z,BUY,0.01,2,1,10.00,2,31670.00
2026-06-10T02:27:00.000Z,2026-06-10T04:05:00.000Z,BUY,0.01,2,1,10.00,2,31680.00
2026-06-10T04:05:00.000Z,2026-06-10T04:12:00.000Z,BUY,0.01,1,1,10.00,1,31690.00
2026-06-10T04:12:00.000Z,2026-06-10T04:17:00.000Z,BUY,0.01,1,1,10.00,1,31700.00
2026-06-10T04:17:00.000Z,2026-06-10T04:52:00.000Z,BUY,0.01,2,1,10.00,2,31710.00
2026-06-10T04:52:00.000Z,2026-06-10T08:35:00.000Z,BUY,0.01,1,1,10.00,1,31720.00
2026-06-10T08:35:00.000Z,2026-06-10T08:49:00.000Z,BUY,0.01,1,1,10.00,1,31730.00
2026-06-10T08:49:00.000Z,2026-06-10T09:06:00.000Z,BUY,0.01,1,1,10.00,1,31740.00
2026-06-10T09:06:00.000Z,2026-06-10T10:52:00.000Z,BUY,0.01,2,1,10.00,2,31750.00
2026-06-10T10:52:00.000Z,2026-06-10T14:05:00.000Z,BUY,0.01,2,1,10.00,2,31760.00
2026-06-10T14:05:00.000Z,2026-06-10T14:11:00.000Z,BUY,0.01,1,1,10.00,1,31770.00
2026-06-10T14:11:00.000Z,2026-06-10T15:12:00.000Z,BUY,0.01,2,1,10.00,2,31780.00
2026-06-10T15:12:00.000Z,2026-06-10T15:30:00.000Z,BUY,0.01,1,1,10.00,1,31790.00
2026-06-10T15:30:00.000Z,2026-06-10T15:30:00.000Z,BUY,0.01,1,1,10.00,1,31800.00
2026-06-10T15:30:00.000Z,2026-06-10T15:30:00.000Z,BUY,0.01,1,1,10.00,1,31810.00
2026-06-10T15:30:00.000Z,2026-06-10T16:17:00.000Z,BUY,0.01,2,1,10.00,2,31820.00
2026-06-10T16:17:00.000Z,2026-06-10T16:24:00.000Z,BUY,0.01,1,1,10.00,1,31830.00
2026-06-10T16:24:00.000Z,2026-06-10T16:36:00.000Z,BUY,0.01,1,1,10.00,1,31840.00
2026-06-10T16:36:00.000Z,2026-06-10T16:38:00.000Z,BUY,0.01,1,1,10.00,1,31850.00
2026-06-10T16:38:00.000Z,2026-06-10T16:44:00.000Z,BUY,0.01,1,1,10.00,1,31860.00
2026-06-10T16:44:00.000Z,2026-06-10T17:48:00.000Z,BUY,0.01,2,1,10.00,2,31870.00
2026-06-10T17:48:00.000Z,2026-06-10T18:18:00.000Z,BUY,0.01,2,1,10.00,2,31880.00
2026-06-10T18:18:00.000Z,2026-06-10T18:21:00.000Z,BUY,0.01,1,1,10.00,1,31890.00
2026-06-10T18:21:00.000Z,2026-06-10T21:50:00.000Z,BUY,0.01,4,1,10.00,4,31900.00
2026-06-10T21:50:00.000Z,2026-06-11T01:00:00.000Z,BUY,0.01,2,1,10.00,2,31910.00
2026-06-11T01:00:00.000Z,2026-06-11T01:22:00.000Z,BUY,0.01,2,1,10.00,2,31920.00
2026-06-11T01:22:00.000Z,2026-06-11T01:30:00.000Z,BUY,0.01,1,1,10.00,1,31930.00
2026-06-11T01:30:00.000Z,2026-06-11T01:37:00.000Z,BUY,0.01,1,1,10.00,1,31940.00
2026-06-11T01:37:00.000Z,2026-06-11T01:40:00.000Z,BUY,0.01,1,1,10.00,1,31950.00
2026-06-11T01:40:00.000Z,2026-06-11T02:12:00.000Z,BUY,0.01,2,1,10.00,2,31960.00
2026-06-11T02:12:00.000Z,2026-06-11T02:25:00.000Z,BUY,0.01,1,1,10.00,1,31970.00
2026-06-11T02:25:00.000Z,2026-06-11T02:26:00.000Z,BUY,0.01,1,1,10.00,1,31980.00
2026-06-11T02:26:00.000Z,2026-06-11T03:17:00.000Z,BUY,0.01,3,1,10.00,3,31990.00
2026-06-11T03:17:00.000Z,2026-06-11T04:00:00.000Z,BUY,0.01,1,1,10.00,1,32000.00
2026-06-11T04:00:00.000Z,2026-06-11T04:00:00.000Z,BUY,0.01,1,1,10.00,1,32010.00
2026-06-11T04:00:00.000Z,2026-06-11T04:16:00.000Z,BUY,0.01,3,1,10.00,3,32020.00
2026-06-11T04:16:00.000Z,2026-06-11T04:32:00.000Z,BUY,0.01,1,1,10.00,1,32030.00
2026-06-11T04:32:00.000Z,2026-06-11T05:31:00.000Z,BUY,0.01,2,1,10.00,2,32040.00
2026-06-11T05:31:00.000Z,2026-06-11T08:32:00.000Z,BUY,0.01,3,1,10.00,3,32050.00
2026-06-11T08:32:00.000Z,2026-06-11T08:47:00.000Z,BUY,0.01,1,1,10.00,1,32060.00
2026-06-11T08:47:00.000Z,2026-06-11T10:26:00.000Z,BUY,0.01,3,1,10.00,3,32070.00
2026-06-11T10:26:00.000Z,2026-06-11T12:26:00.000Z,BUY,0.01,2,1,10.00,2,32080.00
2026-06-11T12:26:00.000Z,2026-06-11T12:44:00.000Z,BUY,0.01,1,1,10.00,1,32090.00
2026-06-11T12:44:00.000Z,2026-06-11T15:32:00.000Z,BUY,0.01,2,1,10.00,2,32100.00
2026-06-11T15:32:00.000Z,2026-06-11T15:42:00.000Z,BUY,0.01,1,1,10.00,1,32110.00
2026-06-11T15:42:00.000Z,2026-06-11T15:46:00.000Z,BUY,0.01,1,1,10.00,1,32120.00
2026-06-11T15:46:00.000Z,2026-06-11T16:46:00.000Z,BUY,0.01,1,1,10.00,1,32130.00
2026-06-11T16:46:00.000Z,2026-06-11T17:09:00.000Z,BUY,0.01,2,1,10.00,2,32140.00
2026-06-11T17:09:00.000Z,2026-06-11T17:22:00.000Z,BUY,0.01,1,1,10.00,1,32150.00
2026-06-11T17:22:00.000Z,2026-06-11T17:24:00.000Z,BUY,0.01,1,1,10.00,1,32160.00
2026-06-11T17:24:00.000Z,2026-06-11T18:51:00.000Z,BUY,0.01,1,1,10.00,1,32170.00
2026-06-11T18:51:00.000Z,2026-06-11T19:14:00.000Z,BUY,0.01,1,1,10.00,1,32180.00
2026-06-11T19:14:00.000Z,2026-06-11T20:03:00.000Z,BUY,0.01,2,1,10.00,2,32190.00
2026-06-11T20:03:00.000Z,2026-06-11T20:27:00.000Z,BUY,0.01,1,1,10.00,1,32200.00
2026-06-11T20:27:00.000Z,2026-06-11T20:28:00.000Z,BUY,0.01,1,1,10.00,1,32210.00
2026-06-11T20:28:00.000Z,2026-06-11T20:30:00.000Z,BUY,0.01,1,1,10.00,1,32220.00
2026-06-11T20:30:00.000Z,2026-06-11T20:30:00.000Z,BUY,0.01,1,1,10.00,1,32230.00
2026-06-11T20:30:00.000Z,2026-06-11T20:30:00.000Z,BUY,0.01,1,1,10.00,1,32240.00
2026-06-11T20:30:00.000Z,2026-06-11T20:32:00.000Z,BUY,0.01,1,1,10.00,1,32250.00
2026-06-11T20:32:00.000Z,2026-06-11T20:33:00.000Z,BUY,0.01,1,1,10.00,1,32260.00
2026-06-11T20:33:00.000Z,2026-06-11T20:39:00.000Z,BUY,0.01,1,1,10.00,1,32270.00
2026-06-11T20:39:00.000Z,2026-06-11T20:42:00.000Z,BUY,0.01,1,1,10.00,1,32280.00
2026-06-11T20:42:00.000Z,2026-06-11T21:06:00.000Z,BUY,0.01,2,1,10.00,2,32290.00
2026-06-11T21:06:00.000Z,2026-06-11T21:12:00.000Z,BUY,0.01,1,1,10.00,1,32300.00
2026-06-11T21:12:00.000Z,2026-06-11T21:18:00.000Z,BUY,0.01,1,1,10.00,1,32310.00
2026-06-11T21:18:00.000Z,2026-06-11T21:44:00.000Z,BUY,0.01,1,1,10.00,1,32320.00
2026-06-11T21:44:00.000Z,2026-06-11T22:09:00.000Z,BUY,0.01,1,1,10.00,1,32330.00
2026-06-11T22:09:00.000Z,2026-06-11T22:12:00.000Z,BUY,0.01,1,1,10.00,1,32340.00
2026-06-11T22:12:00.000Z,2026-06-11T22:17:00.000Z,BUY,0.01,1,1,10.00,1,32350.00
2026-06-11T22:17:00.000Z,2026-06-11T22:30:00.000Z,BUY,0.01,1,1,10.00,1,32360.00
2026-06-11T22:30:00.000Z,2026-06-11T22:36:00.000Z,BUY,0.01,1,1,10.00,1,32370.00
2026-06-11T22:36:00.000Z,2026-06-12T01:43:00.000Z,BUY,0.01,1,1,10.00,1,32380.00
2026-06-12T01:43:00.000Z,2026-06-12T01:56:00.000Z,BUY,0.01,1,1,10.00,1,32390.00
2026-06-12T01:56:00.000Z,2026-06-12T03:44:00.000Z,BUY,0.01,2,1,10.00,2,32400.00
2026-06-12T03:44:00.000Z,2026-06-12T04:36:00.000Z,BUY,0.01,2,1,10.00,2,32410.00
2026-06-12T04:36:00.000Z,2026-06-12T04:46:00.000Z,BUY,0.01,1,1,10.00,1,32420.00
2026-06-12T04:46:00.000Z,2026-06-12T05:09:00.000Z,BUY,0.01,1,1,10.00,1,32430.00
2026-06-12T05:09:00.000Z,2026-06-12T11:17:00.000Z,BUY,0.01,3,1,10.00,3,32440.00
2026-06-12T11:17:00.000Z,2026-06-12T11:18:00.000Z,BUY,0.01,1,1,10.00,1,32450.00
2026-06-12T11:18:00.000Z,2026-06-12T12:42:00.000Z,BUY,0.01,1,1,10.00,1,32460.00
2026-06-12T12:42:00.000Z,2026-06-12T14:32:00.000Z,BUY,0.01,2,1,10.00,2,32470.00
2026-06-12T14:32:00.000Z,2026-06-12T14:41:00.000Z,BUY,0.01,1,1,10.00,1,32480.00
2026-06-12T14:41:00.000Z,2026-06-12T17:47:00.000Z,BUY,0.01,4,1,10.00,4,32490.00
2026-06-12T17:47:00.000Z,2026-06-12T17:52:00.000Z,BUY,0.01,1,1,10.00,1,32500.00
2026-06-12T17:52:00.000Z,2026-06-12T17:52:00.000Z,BUY,0.01,1,1,10.00,1,32510.00
2026-06-12T17:52:00.000Z,2026-06-12T18:01:00.000Z,BUY,0.01,1,1,10.00,1,32520.00
2026-06-12T18:01:00.000Z,2026-06-12T18:18:00.000Z,BUY,0.01,1,1,10.00,1,32530.00
2026-06-12T18:18:00.000Z,2026-06-12T18:24:00.000Z,BUY,0.01,1,1,10.00,1,32540.00
2026-06-12T18:24:00.000Z,2026-06-22T21:06:00.000Z,BUY,0.01,4,1,10.00,4,32550.00
2026-06-22T21:06:00.000Z,2026-06-23T04:33:00.000Z,BUY,0.01,2,1,10.00,2,32560.00
2026-06-23T04:33:00.000Z,2026-06-23T06:12:00.000Z,BUY,0.01,2,1,10.00,2,32570.00
2026-06-23T06:12:00.000Z,2026-06-23T10:40:00.000Z,BUY,0.01,2,1,10.00,2,32580.00
2026-06-23T10:40:00.000Z,2026-06-23T12:39:00.000Z,BUY,0.01,1,1,10.00,1,32590.00
2026-06-23T12:39:00.000Z,2026-06-23T13:00:00.000Z,BUY,0.01,1,1,10.00,1,32600.00
2026-06-23T13:00:00.000Z,2026-06-23T16:53:00.000Z,BUY,0.01,3,1,10.00,3,32610.00
2026-06-23T16:53:00.000Z,2026-06-23T23:00:00.000Z,BUY,0.01,2,1,10.00,2,32620.00
2026-06-23T23:00:00.000Z,2026-06-24T04:03:00.000Z,BUY,0.01,4,1,10.00,4,32630.00
2026-06-24T04:03:00.000Z,2026-06-24T04:12:00.000Z,BUY,0.01,1,1,10.00,1,32640.00
2026-06-24T04:12:00.000Z,2026-06-24T04:25:00.000Z,BUY,0.01,1,1,10.00,1,32650.00
2026-06-24T04:25:00.000Z,2026-06-24T05:30:00.000Z,BUY,0.01,2,1,10.00,2,32660.00
2026-06-24T05:30:00.000Z,2026-06-24T08:32:00.000Z,BUY,0.01,3,1,10.00,3,32670.00
2026-06-24T08:32:00.000Z,2026-06-24T09:08:00.000Z,BUY,0.01,1,1,10.00,1,32680.00
2026-06-24T09:08:00.000Z,2026-06-24T13:02:00.000Z,BUY,0.01,2,1,10.00,2,32690.00
2026-06-24T13:02:00.000Z,2026-06-24T15:25:00.000Z,BUY,0.01,2,1,10.00,2,32700.00
2026-06-24T15:25:00.000Z,2026-06-24T15:51:00.000Z,BUY,0.01,2,1,10.00,2,32710.00
2026-06-24T15:51:00.000Z,2026-06-24T16:11:00.000Z,BUY,0.01,2,1,10.00,2,32720.00
2026-06-24T16:11:00.000Z,2026-06-24T16:30:00.000Z,BUY,0.01,1,1,10.00,1,32730.00
2026-06-24T16:30:00.000Z,2026-06-24T16:32:00.000Z,BUY,0.01,1,1,10.00,1,32740.00
2026-06-24T16:32:00.000Z,2026-06-24T16:39:00.000Z,BUY,0.01,1,1,10.00,1,32750.00
2026-06-24T16:39:00.000Z,2026-06-24T16:42:00.000Z,BUY,0.01,1,1,10.00,1,32760.00
2026-06-24T16:42:00.000Z,2026-06-24T16:50:00.000Z,BUY,0.01,1,1,10.00,1,32770.00
2026-06-24T16:50:00.000Z,2026-06-24T16:51:00.000Z,BUY,0.01,1,1,10.00,1,32780.00
2026-06-24T16:51:00.000Z,2026-06-24T18:04:00.000Z,BUY,0.01,2,1,10.00,2,32790.00
2026-06-24T18:04:00.000Z,2026-06-24T18:20:00.000Z,BUY,0.01,1,1,10.00,1,32800.00
2026-06-24T18:20:00.000Z,2026-06-24T20:46:00.000Z,BUY,0.01,2,1,10.00,2,32810.00
2026-06-24T20:46:00.000Z,2026-06-24T21:11:00.000Z,BUY,0.01,3,1,10.00,3,32820.00
2026-06-24T21:11:00.000Z,2026-06-25T01:05:00.000Z,BUY,0.01,1,1,10.00,1,32830.00
2026-06-25T01:05:00.000Z,2026-06-25T02:35:00.000Z,BUY,0.01,1,1,10.00,1,32840.00
2026-06-25T02:35:00.000Z,2026-06-25T03:38:00.000Z,BUY,0.01,2,1,10.00,2,32850.00
2026-06-25T03:38:00.000Z,2026-06-25T03:53:00.000Z,BUY,0.01,1,1,10.00,1,32860.00
2026-06-25T03:53:00.000Z,2026-06-25T04:02:00.000Z,BUY,0.01,1,1,10.00,1,32870.00
2026-06-25T04:02:00.000Z,2026-06-25T04:58:00.000Z,BUY,0.01,2,1,10.00,2,32880.00
2026-06-25T04:58:00.000Z,2026-06-25T05:21:00.000Z,BUY,0.01,1,1,10.00,1,32890.00
2026-06-25T05:21:00.000Z,2026-06-25T06:51:00.000Z,BUY,0.01,1,1,10.00,1,32900.00
2026-06-25T06:51:00.000Z,2026-06-25T15:30:00.000Z,BUY,0.01,5,1,10.00,5,32910.00
2026-06-25T15:30:00.000Z,2026-06-25T15:48:00.000Z,BUY,0.01,1,1,10.00,1,32920.00
2026-06-25T15:48:00.000Z,2026-06-25T16:01:00.000Z,BUY,0.01,1,1,10.00,1,32930.00
2026-06-25T16:01:00.000Z,2026-06-25T18:22:00.000Z,BUY,0.01,5,1,10.00,5,32940.00
2026-06-25T18:22:00.000Z,2026-06-26T05:25:00.000Z,BUY,0.01,2,1,10.00,2,32950.00
2026-06-26T05:25:00.000Z,2026-06-26T08:15:00.000Z,BUY,0.01,3,1,10.00,3,32960.00
2026-06-26T08:15:00.000Z,2026-06-26T09:32:00.000Z,BUY,0.01,1,1,10.00,1,32970.00
2026-06-26T09:32:00.000Z,2026-06-26T10:27:00.000Z,BUY,0.01,1,1,10.00,1,32980.00
2026-06-26T10:27:00.000Z,2026-06-26T12:19:00.000Z,BUY,0.01,1,1,10.00,1,32990.00
2026-06-26T12:19:00.000Z,2026-06-26T15:57:00.000Z,BUY,0.01,1,1,10.00,1,33000.00
2026-06-26T15:57:00.000Z,2026-06-26T16:50:00.000Z,BUY,0.01,1,1,10.00,1,33010.00
2026-06-26T16:50:00.000Z,2026-06-26T16:57:00.000Z,BUY,0.01,1,1,10.00,1,33020.00
2026-06-26T16:57:00.000Z,2026-06-26T17:15:00.000Z,BUY,0.01,1,1,10.00,1,33030.00
2026-06-26T17:15:00.000Z,2026-06-29T01:18:00.000Z,BUY,0.01,2,1,10.00,2,33040.00
2026-06-29T01:18:00.000Z,2026-06-29T01:48:00.000Z,BUY,0.01,1,1,10.00,1,33050.00
2026-06-29T01:48:00.000Z,2026-06-29T12:50:00.000Z,BUY,0.01,4,1,10.00,4,33060.00
2026-06-29T12:50:00.000Z,2026-06-29T15:03:00.000Z,BUY,0.01,1,1,10.00,1,33070.00
2026-06-29T15:03:00.000Z,2026-06-29T17:06:00.000Z,BUY,0.01,2,1,10.00,2,33080.00
2026-06-29T17:06:00.000Z,2026-06-29T17:27:00.000Z,BUY,0.01,1,1,10.00,1,33090.00
2026-06-29T17:27:00.000Z,2026-06-30T03:37:00.000Z,BUY,0.01,2,1,10.00,2,33100.00
2026-06-30T03:37:00.000Z,2026-06-30T04:06:00.000Z,BUY,0.01,2,1,10.00,2,33110.00
2026-06-30T04:06:00.000Z,2026-06-30T04:28:00.000Z,BUY,0.01,3,1,10.00,3,33120.00
2026-06-30T04:28:00.000Z,2026-06-30T07:30:00.000Z,BUY,0.01,3,1,10.00,3,33130.00
2026-06-30T07:30:00.000Z,2026-06-30T09:23:00.000Z,BUY,0.01,1,1,10.00,1,33140.00
2026-06-30T09:23:00.000Z,2026-06-30T09:28:00.000Z,BUY,0.01,1,1,10.00,1,33150.00
2026-06-30T09:28:00.000Z,2026-06-30T09:32:00.000Z,BUY,0.01,1,1,10.00,1,33160.00
2026-06-30T09:32:00.000Z,2026-06-30T09:34:00.000Z,BUY,0.01,1,1,10.00,1,33170.00
2026-06-30T09:34:00.000Z,2026-06-30T17:09:00.000Z,BUY,0.01,3,1,10.00,3,33180.00
2026-06-30T17:09:00.000Z,2026-06-30T17:20:00.000Z,BUY,0.01,1,1,10.00,1,33190.00
2026-06-30T17:20:00.000Z,2026-06-30T17:23:00.000Z,BUY,0.01,1,1,10.00,1,33200.00
2026-06-30T17:23:00.000Z,2026-06-30T18:17:00.000Z,BUY,0.01,2,1,10.00,2,33210.00
2026-06-30T18:17:00.000Z,2026-07-01T03:41:00.000Z,BUY,0.01,2,1,10.00,2,33220.00
2026-07-01T03:41:00.000Z,2026-07-01T08:12:00.000Z,BUY,0.01,2,1,10.00,2,33230.00
2026-07-01T08:12:00.000Z,2026-07-01T11:17:00.000Z,BUY,0.01,1,1,10.00,1,33240.00
2026-07-01T11:17:00.000Z,2026-07-01T13:33:00.000Z,BUY,0.01,1,1,10.00,1,33250.00
2026-07-01T13:33:00.000Z,2026-07-01T14:00:00.000Z,BUY,0.01,1,1,10.00,1,33260.00
2026-07-01T14:00:00.000Z,2026-07-01T14:10:00.000Z,BUY,0.01,1,1,10.00,1,33270.00
2026-07-01T14:10:00.000Z,2026-07-01T14:18:00.000Z,BUY,0.01,1,1,10.00,1,33280.00
2026-07-01T14:18:00.000Z,2026-07-01T14:44:00.000Z,BUY,0.01,1,1,10.00,1,33290.00
2026-07-01T14:44:00.000Z,2026-07-01T16:23:00.000Z,BUY,0.01,1,1,10.00,1,33300.00
2026-07-01T16:23:00.000Z,2026-07-01T16:30:00.000Z,BUY,0.01,1,1,10.00,1,33310.00
2026-07-01T16:30:00.000Z,2026-07-01T16:38:00.000Z,BUY,0.01,1,1,10.00,1,33320.00
2026-07-01T16:38:00.000Z,2026-07-01T16:40:00.000Z,BUY,0.01,1,1,10.00,1,33330.00
2026-07-01T16:40:00.000Z,2026-07-01T16:43:00.000Z,BUY,0.01,1,1,10.00,1,33340.00
2026-07-01T16:43:00.000Z,2026-07-01T16:44:00.000Z,BUY,0.01,1,1,10.00,1,33350.00
2026-07-01T16:44:00.000Z,2026-07-01T16:45:00.000Z,BUY,0.01,1,1,10.00,1,33360.00
2026-07-01T16:45:00.000Z,2026-07-01T17:35:00.000Z,BUY,0.01,3,1,10.00,3,33370.00
2026-07-01T17:35:00.000Z,2026-07-01T18:11:00.000Z,BUY,0.01,2,1,10.00,2,33380.00
2026-07-01T18:11:00.000Z,2026-07-01T22:44:00.000Z,BUY,0.01,2,1,10.00,2,33390.00
2026-07-01T22:44:00.000Z,2026-07-02T04:02:00.000Z,BUY,0.01,3,1,10.00,3,33400.00
2026-07-02T04:02:00.000Z,2026-07-02T06:56:00.000Z,BUY,0.01,3,1,10.00,3,33410.00
2026-07-02T06:56:00.000Z,2026-07-02T15:30:00.000Z,BUY,0.01,3,1,10.00,3,33420.00
2026-07-02T15:30:00.000Z,2026-07-02T15:30:00.000Z,BUY,0.01,1,1,10.00,1,33430.00
2026-07-02T15:30:00.000Z,2026-07-02T15:30:00.000Z,BUY,0.01,1,1,10.00,1,33440.00
2026-07-02T15:30:00.000Z,2026-07-02T15:30:00.000Z,BUY,0.01,1,1,10.00,1,33450.00
2026-07-02T15:30:00.000Z,2026-07-02T15:34:00.000Z,BUY,0.01,1,1,10.00,1,33460.00
2026-07-02T15:34:00.000Z,2026-07-02T15:36:00.000Z,BUY,0.01,1,1,10.00,1,33470.00
2026-07-02T15:36:00.000Z,2026-07-02T19:31:00.000Z,BUY,0.01,4,1,10.00,4,33480.00
2026-07-02T19:31:00.000Z,2026-07-02T19:43:00.000Z,BUY,0.01,1,1,10.00,1,33490.00
2026-07-02T19:43:00.000Z,2026-07-02T21:31:00.000Z,BUY,0.01,1,1,10.00,1,33500.00
2026-07-02T21:31:00.000Z,2026-07-03T03:14:00.000Z,BUY,0.01,1,1,10.00,1,33510.00
2026-07-03T03:14:00.000Z,2026-07-03T03:51:00.000Z,BUY,0.01,1,1,10.00,1,33520.00
2026-07-03T03:51:00.000Z,2026-07-03T04:03:00.000Z,BUY,0.01,1,1,10.00,1,33530.00
2026-07-03T04:03:00.000Z,2026-07-03T04:08:00.000Z,BUY,0.01,1,1,10.00,1,33540.00
2026-07-03T04:08:00.000Z,2026-07-03T04:12:00.000Z,BUY,0.01,1,1,10.00,1,33550.00
2026-07-03T04:12:00.000Z,2026-07-03T04:21:00.000Z,BUY,0.01,1,1,10.00,1,33560.00
2026-07-03T04:21:00.000Z,2026-07-03T17:08:00.000Z,BUY,0.01,2,1,10.00,2,33570.00
2026-07-03T17:08:00.000Z,2026-07-03T17:47:00.000Z,BUY,0.01,1,1,10.00,1,33580.00
2026-07-03T17:47:00.000Z,2026-07-06T01:05:00.000Z,BUY,0.01,1,1,10.00,1,33590.00
2026-07-06T01:05:00.000Z,2026-07-06T01:32:00.000Z,BUY,0.01,1,1,10.00,1,33600.00
2026-07-06T01:32:00.000Z,2026-07-06T02:28:00.000Z,BUY,0.01,1,1,10.00,1,33610.00
2026-07-06T02:28:00.000Z,2026-07-06T06:02:00.000Z,BUY,0.01,4,1,10.00,4,33620.00
2026-07-06T06:02:00.000Z,2026-07-06T12:32:00.000Z,BUY,0.01,2,1,10.00,2,33630.00
2026-07-06T12:32:00.000Z,2026-07-06T13:14:00.000Z,BUY,0.01,1,1,10.00,1,33640.00
2026-07-06T13:14:00.000Z,2026-07-06T14:25:00.000Z,BUY,0.01,1,1,10.00,1,33650.00
2026-07-06T14:25:00.000Z,2026-07-06T17:44:00.000Z,BUY,0.01,2,1,10.00,2,33660.00
2026-07-06T17:44:00.000Z,2026-07-06T18:00:00.000Z,BUY,0.01,1,1,10.00,1,33670.00
2026-07-06T18:00:00.000Z,2026-07-06T18:29:00.000Z,BUY,0.01,1,1,10.00,1,33680.00
2026-07-06T18:29:00.000Z,2026-07-06T20:26:00.000Z,BUY,0.01,1,1,10.00,1,33690.00
2026-07-06T20:26:00.000Z,2026-07-07T04:27:00.000Z,BUY,0.01,2,1,10.00,2,33700.00
2026-07-07T04:27:00.000Z,2026-07-07T04:34:00.000Z,BUY,0.01,1,1,10.00,1,33710.00
2026-07-07T04:34:00.000Z,2026-07-07T14:45:00.000Z,BUY,0.01,3,1,10.00,3,33720.00
2026-07-07T14:45:00.000Z,2026-07-07T15:06:00.000Z,BUY,0.01,1,1,10.00,1,33730.00
2026-07-07T15:06:00.000Z,2026-07-07T15:09:00.000Z,BUY,0.01,1,1,10.00,1,33740.00
2026-07-07T15:09:00.000Z,2026-07-07T18:54:00.000Z,BUY,0.01,2,1,10.00,2,33750.00
2026-07-07T18:54:00.000Z,2026-07-07T22:07:00.000Z,BUY,0.01,2,1,10.00,2,33760.00
2026-07-07T22:07:00.000Z,2026-07-08T03:39:00.000Z,BUY,0.01,1,1,10.00,1,33770.00
2026-07-08T03:39:00.000Z,2026-07-08T06:30:00.000Z,BUY,0.01,3,1,10.00,3,33780.00
2026-07-08T06:30:00.000Z,2026-07-08T11:17:00.000Z,BUY,0.01,2,1,10.00,2,33790.00
2026-07-08T11:17:00.000Z,2026-07-08T11:37:00.000Z,BUY,0.01,2,1,10.00,2,33800.00
2026-07-08T11:37:00.000Z,2026-07-08T13:09:00.000Z,BUY,0.01,2,1,10.00,2,33810.00
2026-07-08T13:09:00.000Z,2026-07-08T13:20:00.000Z,BUY,0.01,1,1,10.00,1,33820.00
2026-07-08T13:20:00.000Z,2026-07-08T14:44:00.000Z,BUY,0.01,1,1,10.00,1,33830.00
2026-07-08T14:44:00.000Z,2026-07-08T14:46:00.000Z,BUY,0.01,1,1,10.00,1,33840.00
2026-07-08T14:46:00.000Z,2026-07-08T15:46:00.000Z,BUY,0.01,1,1,10.00,1,33850.00
2026-07-08T15:46:00.000Z,2026-07-08T17:16:00.000Z,BUY,0.01,2,1,10.00,2,33860.00
2026-07-08T17:16:00.000Z,2026-07-08T17:25:00.000Z,BUY,0.01,1,1,10.00,1,33870.00
2026-07-08T17:25:00.000Z,2026-07-08T18:15:00.000Z,BUY,0.01,2,1,10.00,2,33880.00
2026-07-08T18:15:00.000Z,2026-07-08T19:11:00.000Z,BUY,0.01,1,1,10.00,1,33890.00
2026-07-08T19:11:00.000Z,2026-07-08T19:43:00.000Z,BUY,0.01,1,1,10.00,1,33900.00
2026-07-08T19:43:00.000Z,2026-07-08T19:52:00.000Z,BUY,0.01,1,1,10.00,1,33910.00
2026-07-08T19:52:00.000Z,2026-07-08T20:26:00.000Z,BUY,0.01,1,1,10.00,1,33920.00
2026-07-08T20:26:00.000Z,2026-07-08T21:46:00.000Z,BUY,0.01,1,1,10.00,1,33930.00
2026-07-08T21:46:00.000Z,2026-07-09T09:00:00.000Z,BUY,0.01,3,1,10.00,3,33940.00
2026-07-09T09:00:00.000Z,2026-07-09T09:32:00.000Z,BUY,0.01,1,1,10.00,1,33950.00
2026-07-09T09:32:00.000Z,2026-07-09T11:21:00.000Z,BUY,0.01,1,1,10.00,1,33960.00
2026-07-09T11:21:00.000Z,2026-07-09T16:16:00.000Z,BUY,0.01,3,1,10.00,3,33970.00
2026-07-09T16:16:00.000Z,2026-07-09T17:04:00.000Z,BUY,0.01,1,1,10.00,1,33980.00
2026-07-09T17:04:00.000Z,2026-07-10T07:22:00.000Z,BUY,0.01,5,0,-2420.00,5,31560.00
2026-07-10T07:22:00.000Z,2026-07-10T17:33:00.000Z,BUY,0.01,4,1,10.00,4,31570.00
2026-07-10T17:33:00.000Z,2026-07-10T17:36:00.000Z,BUY,0.01,1,1,10.00,1,31580.00
2026-07-10T17:36:00.000Z,2026-07-10T17:49:00.000Z,BUY,0.01,1,1,10.00,1,31590.00
2026-07-10T17:49:00.000Z,2026-07-13T01:48:00.000Z,BUY,0.01,2,1,10.00,2,31600.00
2026-07-13T01:48:00.000Z,2026-07-13T03:00:00.000Z,BUY,0.01,1,1,10.00,1,31610.00
2026-07-13T03:00:00.000Z,2026-07-13T06:11:00.000Z,BUY,0.01,4,1,10.00,4,31620.00
2026-07-13T06:11:00.000Z,2026-07-13T08:07:00.000Z,BUY,0.01,1,1,10.00,1,31630.00
2026-07-13T08:07:00.000Z,2026-07-13T11:15:00.000Z,BUY,0.01,3,1,10.00,3,31640.00
2026-07-13T11:15:00.000Z,2026-07-13T16:51:00.000Z,BUY,0.01,2,1,10.00,2,31650.00
2026-07-13T16:51:00.000Z,2026-07-13T17:16:00.000Z,BUY,0.01,2,1,10.00,2,31660.00
2026-07-13T17:16:00.000Z,2026-07-13T17:25:00.000Z,BUY,0.01,1,1,10.00,1,31670.00
2026-07-13T17:25:00.000Z,2026-07-13T19:33:00.000Z,BUY,0.01,2,1,10.00,2,31680.00
2026-07-13T19:33:00.000Z,2026-07-14T03:34:00.000Z,BUY,0.01,1,1,10.00,1,31690.00
2026-07-14T03:34:00.000Z,2026-07-14T05:14:00.000Z,BUY,0.01,1,1,10.00,1,31700.00
2026-07-14T05:14:00.000Z,2026-07-14T08:30:00.000Z,BUY,0.01,1,1,10.00,1,31710.00
2026-07-14T08:30:00.000Z,2026-07-14T15:30:00.000Z,BUY,0.01,1,1,10.00,1,31720.00
2026-07-14T15:30:00.000Z,2026-07-14T15:30:00.000Z,BUY,0.01,1,1,10.00,1,31730.00
2026-07-14T15:30:00.000Z,2026-07-14T15:30:00.000Z,BUY,0.01,1,1,10.00,1,31740.00
2026-07-14T15:30:00.000Z,2026-07-14T15:30:00.000Z,BUY,0.01,1,1,10.00,1,31750.00
2026-07-14T15:30:00.000Z,2026-07-14T15:30:00.000Z,BUY,0.01,1,1,10.00,1,31760.00
2026-07-14T15:30:00.000Z,2026-07-14T15:30:00.000Z,BUY,0.01,1,1,10.00,1,31770.00
2026-07-14T15:30:00.000Z,2026-07-14T15:32:00.000Z,BUY,0.01,1,1,10.00,1,31780.00
2026-07-14T15:32:00.000Z,2026-07-14T18:42:00.000Z,BUY,0.01,4,1,10.00,4,31790.00
2026-07-14T18:42:00.000Z,2026-07-15T04:41:00.000Z,BUY,0.01,2,1,10.00,2,31800.00
2026-07-15T04:41:00.000Z,2026-07-15T15:30:00.000Z,BUY,0.01,3,1,10.00,3,31810.00
2026-07-15T15:30:00.000Z,2026-07-15T15:36:00.000Z,BUY,0.01,1,1,10.00,1,31820.00
2026-07-15T15:36:00.000Z,2026-07-15T15:58:00.000Z,BUY,0.01,1,1,10.00,1,31830.00
2026-07-15T15:58:00.000Z,2026-07-15T19:10:00.000Z,BUY,0.01,2,1,10.00,2,31840.00
2026-07-15T19:10:00.000Z,2026-07-15T20:30:00.000Z,BUY,0.01,1,1,10.00,1,31850.00
2026-07-15T20:30:00.000Z,2026-07-15T20:38:00.000Z,BUY,0.01,1,1,10.00,1,31860.00
2026-07-15T20:38:00.000Z,2026-07-15T21:07:00.000Z,BUY,0.01,1,1,10.00,1,31870.00
2026-07-15T21:07:00.000Z,2026-07-15T21:31:00.000Z,BUY,0.01,1,1,10.00,1,31880.00
2026-07-15T21:31:00.000Z,2026-07-15T22:34:00.000Z,BUY,0.01,2,1,10.00,2,31890.00
2026-07-15T22:34:00.000Z,2026-07-15T23:20:00.000Z,BUY,0.01,1,1,10.00,1,31900.00
2026-07-15T23:20:00.000Z,2026-07-16T05:16:00.000Z,BUY,0.01,2,1,10.00,2,31910.00
2026-07-16T05:16:00.000Z,2026-07-16T14:48:00.000Z,BUY,0.01,1,1,10.00,1,31920.00
2026-07-16T14:48:00.000Z,2026-07-16T15:40:00.000Z,BUY,0.01,2,1,10.00,2,31930.00
2026-07-16T15:40:00.000Z,2026-07-16T16:02:00.000Z,BUY,0.01,2,1,10.00,2,31940.00
2026-07-16T16:02:00.000Z,2026-07-16T16:13:00.000Z,BUY,0.01,1,1,10.00,1,31950.00
2026-07-16T16:13:00.000Z,2026-07-16T16:26:00.000Z,BUY,0.01,1,1,10.00,1,31960.00
2026-07-16T16:26:00.000Z,2026-07-16T18:25:00.000Z,BUY,0.01,1,1,10.00,1,31970.00
2026-07-16T18:25:00.000Z,2026-07-16T20:36:00.000Z,BUY,0.01,2,1,10.00,2,31980.00
2026-07-16T20:36:00.000Z,2026-07-17T03:59:00.000Z,BUY,0.01,1,1,10.00,1,31990.00
2026-07-17T03:59:00.000Z,2026-07-17T06:19:00.000Z,BUY,0.01,3,1,10.00,3,32000.00
2026-07-17T06:19:00.000Z,2026-07-17T15:43:00.000Z,BUY,0.01,4,1,10.00,4,32010.00
2026-07-17T15:43:00.000Z,2026-07-17T16:37:00.000Z,BUY,0.01,1,1,10.00,1,32020.00
2026-07-17T16:37:00.000Z,2026-07-17T16:39:00.000Z,BUY,0.01,1,1,10.00,1,32030.00
2026-07-17T16:39:00.000Z,2026-07-17T16:39:00.000Z,BUY,0.01,1,1,10.00,1,32040.00
2026-07-17T16:39:00.000Z,2026-07-17T18:04:00.000Z,BUY,0.01,3,1,10.00,3,32050.00
2026-07-17T18:04:00.000Z,2026-07-17T19:24:00.000Z,BUY,0.01,1,1,10.00,1,32060.00
2026-07-17T19:24:00.000Z,2026-07-20T02:00:00.000Z,BUY,0.01,2,1,10.00,2,32070.00
2026-07-20T02:00:00.000Z,2026-07-20T03:21:00.000Z,BUY,0.01,1,1,10.00,1,32080.00
2026-07-20T03:21:00.000Z,2026-07-20T04:01:00.000Z,BUY,0.01,1,1,10.00,1,32090.00
2026-07-20T04:01:00.000Z,2026-07-20T05:48:00.000Z,BUY,0.01,1,1,10.00,1,32100.00
2026-07-20T05:48:00.000Z,2026-07-20T14:30:00.000Z,BUY,0.01,3,1,10.00,3,32110.00
2026-07-20T14:30:00.000Z,2026-07-20T17:00:00.000Z,BUY,0.01,2,1,10.00,2,32120.00
2026-07-20T17:00:00.000Z,2026-07-20T18:09:00.000Z,BUY,0.01,1,1,10.00,1,32130.00
2026-07-20T18:09:00.000Z,2026-07-21T03:47:00.000Z,BUY,0.01,1,1,10.00,1,32140.00
2026-07-21T03:47:00.000Z,2026-07-21T04:19:00.000Z,BUY,0.01,1,1,10.00,1,32150.00
2026-07-21T04:19:00.000Z,2026-07-21T05:36:00.000Z,BUY,0.01,1,1,10.00,1,32160.00
2026-07-21T05:36:00.000Z,2026-07-21T08:26:00.000Z,BUY,0.01,1,1,10.00,1,32170.00
2026-07-21T08:26:00.000Z,2026-07-21T08:42:00.000Z,BUY,0.01,1,1,10.00,1,32180.00
2026-07-21T08:42:00.000Z,2026-07-21T09:36:00.000Z,BUY,0.01,1,1,10.00,1,32190.00
2026-07-21T09:36:00.000Z,2026-07-21T16:44:00.000Z,BUY,0.01,2,1,10.00,2,32200.00
2026-07-21T16:44:00.000Z,2026-07-21T17:03:00.000Z,BUY,0.01,1,1,10.00,1,32210.00
2026-07-21T17:03:00.000Z,2026-07-21T17:18:00.000Z,BUY,0.01,1,1,10.00,1,32220.00
2026-07-21T17:18:00.000Z,2026-07-21T18:17:00.000Z,BUY,0.01,1,1,10.00,1,32230.00
2026-07-21T18:17:00.000Z,2026-07-21T21:27:00.000Z,BUY,0.01,1,1,10.00,1,32240.00
2026-07-21T21:27:00.000Z,2026-07-22T03:17:00.000Z,BUY,0.01,1,1,10.00,1,32250.00
2026-07-22T03:17:00.000Z,2026-07-22T04:00:00.000Z,BUY,0.01,1,1,10.00,1,32260.00
2026-07-22T04:00:00.000Z,2026-07-22T04:10:00.000Z,BUY,0.01,1,1,10.00,1,32270.00
2026-07-22T04:10:00.000Z,2026-07-22T05:32:00.000Z,BUY,0.01,1,1,10.00,1,32280.00
2026-07-22T05:32:00.000Z,2026-07-22T06:07:00.000Z,BUY,0.01,1,1,10.00,1,32290.00
2026-07-22T06:07:00.000Z,2026-07-22T15:56:00.000Z,BUY,0.01,2,1,10.00,2,32300.00
2026-07-22T15:56:00.000Z,2026-07-22T16:00:00.000Z,BUY,0.01,1,1,10.00,1,32310.00
2026-07-22T16:00:00.000Z,2026-07-22T16:19:00.000Z,BUY,0.01,1,1,10.00,1,32320.00
2026-07-22T16:19:00.000Z,2026-07-22T16:31:00.000Z,BUY,0.01,1,1,10.00,1,32330.00
2026-07-22T16:31:00.000Z,2026-07-22T16:48:00.000Z,BUY,0.01,1,1,10.00,1,32340.00
2026-07-22T16:48:00.000Z,2026-07-22T17:01:00.000Z,BUY,0.01,1,1,10.00,1,32350.00
2026-07-22T17:01:00.000Z,2026-07-22T22:54:00.000Z,BUY,0.01,2,1,10.00,2,32360.00
2026-07-22T22:54:00.000Z,2026-07-23T04:23:00.000Z,BUY,0.01,1,1,10.00,1,32370.00
2026-07-23T04:23:00.000Z,2026-07-23T10:10:00.000Z,BUY,0.01,2,1,10.00,2,32380.00
2026-07-23T10:10:00.000Z,2026-07-23T14:35:00.000Z,BUY,0.01,2,1,10.00,2,32390.00
2026-07-23T14:35:00.000Z,2026-07-23T16:06:00.000Z,BUY,0.01,2,1,10.00,2,32400.00
2026-07-23T16:06:00.000Z,2026-07-23T16:30:00.000Z,BUY,0.01,1,1,10.00,1,32410.00
2026-07-23T16:30:00.000Z,2026-07-24T05:48:00.000Z,BUY,0.01,2,1,10.00,2,32420.00
2026-07-24T05:48:00.000Z,2026-07-24T10:04:00.000Z,BUY,0.01,1,1,10.00,1,32430.00
2026-07-24T10:04:00.000Z,2026-07-24T10:26:00.000Z,BUY,0.01,1,1,10.00,1,32440.00
2026-07-24T10:26:00.000Z,2026-07-24T12:02:00.000Z,BUY,0.01,1,1,10.00,1,32450.00
2026-07-24T12:02:00.000Z,2026-07-24T18:10:00.000Z,BUY,0.01,1,1,10.00,1,32460.00
2026-07-24T18:10:00.000Z,2026-07-24T18:19:00.000Z,BUY,0.01,1,1,10.00,1,32470.00
2026-07-24T18:19:00.000Z,2026-07-24T22:15:00.000Z,BUY,0.01,2,1,10.00,2,32480.00
2026-07-24T22:15:00.000Z,2026-07-27T01:05:00.000Z,BUY,0.01,1,1,10.00,1,32490.00
2026-07-27T01:05:00.000Z,2026-07-27T01:05:00.000Z,BUY,0.01,1,1,10.00,1,32500.00
2026-07-27T01:05:00.000Z,2026-07-27T01:05:00.000Z,BUY,0.01,1,1,10.00,1,32510.00
2026-07-27T01:05:00.000Z,2026-07-27T01:05:00.000Z,BUY,0.01,1,1,10.00,1,32520.00
2026-07-27T01:05:00.000Z,2026-07-27T03:01:00.000Z,BUY,0.01,1,1,10.00,1,32530.00
2026-07-27T03:01:00.000Z,2026-07-27T03:11:00.000Z,BUY,0.01,1,1,10.00,1,32540.00
2026-07-27T03:11:00.000Z,2026-07-27T15:20:00.000Z,BUY,0.01,4,1,10.00,4,32550.00
2026-07-27T15:20:00.000Z,2026-07-27T19:31:00.000Z,BUY,0.01,1,1,10.00,1,32560.00
2026-07-27T19:31:00.000Z,2026-07-28T03:06:00.000Z,BUY,0.01,2,1,10.00,2,32570.00
2026-07-28T03:06:00.000Z,2026-07-28T12:35:00.000Z,BUY,0.01,2,1,10.00,2,32580.00
2026-07-28T12:35:00.000Z,2026-07-28T18:46:00.000Z,BUY,0.01,3,1,10.00,3,32590.00
2026-07-28T18:46:00.000Z,2026-07-29T04:04:00.000Z,BUY,0.01,2,1,10.00,2,32600.00
2026-07-29T04:04:00.000Z,2026-07-29T04:34:00.000Z,BUY,0.01,1,1,10.00,1,32610.00
2026-07-29T04:34:00.000Z,2026-07-29T05:23:00.000Z,BUY,0.01,1,1,10.00,1,32620.00
2026-07-29T05:23:00.000Z,2026-07-29T09:33:00.000Z,BUY,0.01,1,1,10.00,1,32630.00
2026-07-29T09:33:00.000Z,2026-07-29T15:29:00.000Z,BUY,0.01,2,1,10.00,2,32640.00
2026-07-29T15:29:00.000Z,2026-07-29T15:57:00.000Z,BUY,0.01,1,1,10.00,1,32650.00
2026-07-29T15:57:00.000Z,2026-07-29T20:03:00.000Z,BUY,0.01,3,1,10.00,3,32660.00
2026-07-29T20:03:00.000Z,2026-07-29T20:12:00.000Z,BUY,0.01,1,1,10.00,1,32670.00
2026-07-29T20:12:00.000Z,2026-07-29T21:00:00.000Z,BUY,0.01,1,1,10.00,1,32680.00
2026-07-29T21:00:00.000Z,2026-07-29T21:00:00.000Z,BUY,0.01,1,1,10.00,1,32690.00
2026-07-29T21:00:00.000Z,2026-07-29T21:00:00.000Z,BUY,0.01,1,1,10.00,1,32700.00
2026-07-29T21:00:00.000Z,2026-07-29T21:00:00.000Z,BUY,0.01,1,1,10.00,1,32710.00
2026-07-29T21:00:00.000Z,2026-07-29T21:32:00.000Z,BUY,0.01,4,1,10.00,4,32720.00
2026-07-29T21:32:00.000Z,2026-07-29T21:38:00.000Z,BUY,0.01,1,1,10.00,1,32730.00
2026-07-29T21:38:00.000Z,2026-07-29T21:40:00.000Z,BUY,0.01,1,1,10.00,1,32740.00
2026-07-29T21:40:00.000Z,2026-07-29T21:43:00.000Z,BUY,0.01,1,1,10.00,1,32750.00
2026-07-29T21:43:00.000Z,2026-07-29T21:49:00.000Z,BUY,0.01,1,1,10.00,1,32760.00
2026-07-29T21:49:00.000Z,2026-07-29T21:54:00.000Z,BUY,0.01,1,1,10.00,1,32770.00
2026-07-29T21:54:00.000Z,2026-07-29T22:33:00.000Z,BUY,0.01,2,1,10.00,2,32780.00
2026-07-29T22:33:00.000Z,2026-07-29T22:59:00.000Z,BUY,0.01,2,1,10.00,2,32790.00
2026-07-29T22:59:00.000Z,2026-07-29T23:29:00.000Z,BUY,0.01,1,1,10.00,1,32800.00
2026-07-29T23:29:00.000Z,2026-07-29T23:43:00.000Z,BUY,0.01,1,1,10.00,1,32810.00
2026-07-29T23:43:00.000Z,2026-07-30T01:13:00.000Z,BUY,0.01,1,1,10.00,1,32820.00
2026-07-30T01:13:00.000Z,2026-07-30T01:55:00.000Z,BUY,0.01,1,1,10.00,1,32830.00
2026-07-30T01:55:00.000Z,2026-07-30T02:07:00.000Z,BUY,0.01,1,1,10.00,1,32840.00
2026-07-30T02:07:00.000Z,2026-07-30T03:43:00.000Z,BUY,0.01,2,1,10.00,2,32850.00
2026-07-30T03:43:00.000Z,2026-07-30T04:02:00.000Z,BUY,0.01,1,1,10.00,1,32860.00
2026-07-30T04:02:00.000Z,2026-07-30T04:04:00.000Z,BUY,0.01,1,1,10.00,1,32870.00
2026-07-30T04:04:00.000Z,2026-07-30T06:19:00.000Z,BUY,0.01,2,1,10.00,2,32880.00
2026-07-30T06:19:00.000Z,2026-07-30T11:27:00.000Z,BUY,0.01,3,1,10.00,3,32890.00
2026-07-30T11:27:00.000Z,2026-07-30T13:31:00.000Z,BUY,0.01,1,1,10.00,1,32900.00
2026-07-30T13:31:00.000Z,2026-07-30T16:37:00.000Z,BUY,0.01,1,1,10.00,1,32910.00
2026-07-30T16:37:00.000Z,2026-07-30T16:48:00.000Z,BUY,0.01,1,1,10.00,1,32920.00
2026-07-30T16:48:00.000Z,2026-07-30T16:59:00.000Z,BUY,0.01,1,1,10.00,1,32930.00
2026-07-30T16:59:00.000Z,2026-07-30T17:00:00.000Z,BUY,0.01,1,1,10.00,1,32940.00
2026-07-30T17:00:00.000Z,2026-07-30T17:20:00.000Z,BUY,0.01,2,1,10.00,2,32950.00
2026-07-30T17:20:00.000Z,2026-07-30T17:33:00.000Z,BUY,0.01,1,1,10.00,1,32960.00
2026-07-30T17:33:00.000Z,2026-07-30T17:44:00.000Z,BUY,0.01,1,1,10.00,1,32970.00
2026-07-30T17:44:00.000Z,2026-07-31T05:41:00.000Z,BUY,0.01,4,1,10.00,4,32980.00
2026-07-31T05:41:00.000Z,2026-07-31T15:28:00.000Z,BUY,0.01,2,1,10.00,2,32990.00
2026-07-31T15:28:00.000Z,2026-08-03T01:05:00.000Z,BUY,0.01,3,1,10.00,3,33000.00
2026-08-03T01:05:00.000Z,2026-08-03T01:05:00.000Z,BUY,0.01,1,1,10.00,1,33010.00
2026-08-03T01:05:00.000Z,2026-08-03T16:13:00.000Z,BUY,0.01,4,1,10.00,4,33020.00
2026-08-03T16:13:00.000Z,2026-08-03T22:21:00.000Z,BUY,0.01,3,1,10.00,3,33030.00
2026-08-03T22:21:00.000Z,2026-08-04T03:01:00.000Z,BUY,0.01,1,1,10.00,1,33040.00
2026-08-04T03:01:00.000Z,2026-08-04T11:03:00.000Z,BUY,0.01,1,1,10.00,1,33050.00
2026-08-04T11:03:00.000Z,2026-08-04T14:51:00.000Z,BUY,0.01,3,1,10.00,3,33060.00
2026-08-04T14:51:00.000Z,2026-08-04T16:41:00.000Z,BUY,0.01,5,1,10.00,5,33070.00
2026-08-04T16:41:00.000Z,2026-08-04T20:04:00.000Z,BUY,0.01,1,1,10.00,1,33080.00
2026-08-04T20:04:00.000Z,2026-08-05T02:00:00.000Z,BUY,0.01,2,1,10.00,2,33090.00
2026-08-05T02:00:00.000Z,2026-08-05T03:36:00.000Z,BUY,0.01,1,1,10.00,1,33100.00
2026-08-05T03:36:00.000Z,2026-08-05T04:41:00.000Z,BUY,0.01,1,1,10.00,1,33110.00
2026-08-05T04:41:00.000Z,2026-08-05T04:58:00.000Z,BUY,0.01,1,1,10.00,1,33120.00
2026-08-05T04:58:00.000Z,2026-08-05T05:35:00.000Z,BUY,0.01,1,1,10.00,1,33130.00
2026-08-05T05:35:00.000Z,2026-08-05T05:40:00.000Z,BUY,0.01,1,1,10.00,1,33140.00
2026-08-05T05:40:00.000Z,2026-08-05T05:55:00.000Z,BUY,0.01,1,1,10.00,1,33150.00
2026-08-05T05:55:00.000Z,2026-08-05T08:30:00.000Z,BUY,0.01,1,1,10.00,1,33160.00
2026-08-05T08:30:00.000Z,2026-08-05T08:38:00.000Z,BUY,0.01,1,1,10.00,1,33170.00
2026-08-05T08:38:00.000Z,2026-08-05T08:46:00.000Z,BUY,0.01,1,1,10.00,1,33180.00
2026-08-05T08:46:00.000Z,2026-08-05T09:14:00.000Z,BUY,0.01,1,1,10.00,1,33190.00
2026-08-05T09:14:00.000Z,2026-08-05T14:36:00.000Z,BUY,0.01,3,1,10.00,3,33200.00
2026-08-05T14:36:00.000Z,2026-08-05T15:04:00.000Z,BUY,0.01,1,1,10.00,1,33210.00
2026-08-05T15:04:00.000Z,2026-08-05T15:17:00.000Z,BUY,0.01,1,1,10.00,1,33220.00
2026-08-05T15:17:00.000Z,2026-08-05T17:05:00.000Z,BUY,0.01,3,1,10.00,3,33230.00
2026-08-05T17:05:00.000Z,2026-08-05T17:08:00.000Z,BUY,0.01,1,1,10.00,1,33240.00
2026-08-05T17:08:00.000Z,2026-08-05T17:18:00.000Z,BUY,0.01,1,1,10.00,1,33250.00
2026-08-05T17:18:00.000Z,2026-08-05T17:49:00.000Z,BUY,0.01,1,1,10.00,1,33260.00
2026-08-05T17:49:00.000Z,2026-08-05T18:02:00.000Z,BUY,0.01,1,1,10.00,1,33270.00
2026-08-05T18:02:00.000Z,2026-08-05T19:03:00.000Z,BUY,0.01,2,1,10.00,2,33280.00
2026-08-05T19:03:00.000Z,2026-08-05T19:17:00.000Z,BUY,0.01,1,1,10.00,1,33290.00
2026-08-05T19:17:00.000Z,2026-08-05T19:41:00.000Z,BUY,0.01,1,1,10.00,1,33300.00
2026-08-05T19:41:00.000Z,2026-08-05T21:08:00.000Z,BUY,0.01,1,1,10.00,1,33310.00
2026-08-05T21:08:00.000Z,2026-08-05T21:23:00.000Z,BUY,0.01,1,1,10.00,1,33320.00
2026-08-05T21:23:00.000Z,2026-08-06T02:37:00.000Z,BUY,0.01,3,1,10.00,3,33330.00
2026-08-06T02:37:00.000Z,2026-08-06T03:35:00.000Z,BUY,0.01,1,1,10.00,1,33340.00
2026-08-06T03:35:00.000Z,2026-08-06T03:55:00.000Z,BUY,0.01,1,1,10.00,1,33350.00
2026-08-06T03:55:00.000Z,2026-08-06T06:17:00.000Z,BUY,0.01,4,1,10.00,4,33360.00
2026-08-06T06:17:00.000Z,2026-08-06T11:59:00.000Z,BUY,0.01,3,1,10.00,3,33370.00
2026-08-06T11:59:00.000Z,2026-08-06T16:05:00.000Z,BUY,0.01,2,1,10.00,2,33380.00
2026-08-06T16:05:00.000Z,2026-08-06T16:37:00.000Z,BUY,0.01,1,1,10.00,1,33390.00
2026-08-06T16:37:00.000Z,2026-08-06T16:42:00.000Z,BUY,0.01,1,1,10.00,1,33400.00
2026-08-06T16:42:00.000Z,2026-08-06T18:54:00.000Z,BUY,0.01,2,1,10.00,2,33410.00
2026-08-06T18:54:00.000Z,2026-08-06T21:09:00.000Z,BUY,0.01,1,1,10.00,1,33420.00
2026-08-06T21:09:00.000Z,2026-08-07T04:58:00.000Z,BUY,0.01,1,1,10.00,1,33430.00
2026-08-07T04:58:00.000Z,2026-08-07T08:10:00.000Z,BUY,0.01,1,1,10.00,1,33440.00
2026-08-07T08:10:00.000Z,2026-08-07T08:51:00.000Z,BUY,0.01,1,1,10.00,1,33450.00
2026-08-07T08:51:00.000Z,2026-08-07T09:12:00.000Z,BUY,0.01,1,1,10.00,1,33460.00
2026-08-07T09:12:00.000Z,2026-08-07T11:13:00.000Z,BUY,0.01,1,1,10.00,1,33470.00
2026-08-07T11:13:00.000Z,2026-08-07T11:33:00.000Z,BUY,0.01,1,1,10.00,1,33480.00
2026-08-07T11:33:00.000Z,2026-08-07T12:47:00.000Z,BUY,0.01,1,1,10.00,1,33490.00
2026-08-07T12:47:00.000Z,2026-08-07T15:30:00.000Z,BUY,0.01,3,1,10.00,3,33500.00
2026-08-07T15:30:00.000Z,2026-08-07T15:30:00.000Z,BUY,0.01,1,1,10.00,1,33510.00
2026-08-07T15:30:00.000Z,2026-08-07T15:30:00.000Z,BUY,0.01,1,1,10.00,1,33520.00
2026-08-07T15:30:00.000Z,2026-08-07T15:32:00.000Z,BUY,0.01,1,1,10.00,1,33530.00
2026-08-07T15:32:00.000Z,2026-08-07T15:48:00.000Z,BUY,0.01,1,1,10.00,1,33540.00
2026-08-07T15:48:00.000Z,2026-08-07T16:17:00.000Z,BUY,0.01,2,1,10.00,2,33550.00
2026-08-07T16:17:00.000Z,2026-08-07T16:21:00.000Z,BUY,0.01,1,1,10.00,1,33560.00
2026-08-07T16:21:00.000Z,2026-08-07T16:38:00.000Z,BUY,0.01,1,1,10.00,1,33570.00
2026-08-07T16:38:00.000Z,2026-08-07T17:05:00.000Z,BUY,0.01,2,1,10.00,2,33580.00
2026-08-07T17:05:00.000Z,2026-08-07T17:18:00.000Z,BUY,0.01,1,1,10.00,1,33590.00
2026-08-07T17:18:00.000Z,2026-08-07T17:27:00.000Z,BUY,0.01,1,1,10.00,1,33600.00
2026-08-07T17:27:00.000Z,2026-08-10T04:05:00.000Z,BUY,0.01,2,1,10.00,2,33610.00
2026-08-10T04:05:00.000Z,2026-08-10T07:15:00.000Z,BUY,0.01,1,1,10.00,1,33620.00
2026-08-10T07:15:00.000Z,2026-08-10T08:40:00.000Z,BUY,0.01,1,1,10.00,1,33630.00
2026-08-10T08:40:00.000Z,2026-08-10T09:43:00.000Z,BUY,0.01,1,1,10.00,1,33640.00
2026-08-10T09:43:00.000Z,2026-08-10T16:52:00.000Z,BUY,0.01,2,1,10.00,2,33650.00
2026-08-10T16:52:00.000Z,2026-08-10T17:18:00.000Z,BUY,0.01,1,1,10.00,1,33660.00
2026-08-10T17:18:00.000Z,2026-08-10T17:26:00.000Z,BUY,0.01,1,1,10.00,1,33670.00
2026-08-10T17:26:00.000Z,2026-08-10T18:50:00.000Z,BUY,0.01,1,1,10.00,1,33680.00
2026-08-10T18:50:00.000Z,2026-08-10T19:10:00.000Z,BUY,0.01,1,1,10.00,1,33690.00
2026-08-10T19:10:00.000Z,2026-08-10T21:31:00.000Z,BUY,0.01,1,1,10.00,1,33700.00
2026-08-10T21:31:00.000Z,2026-08-10T22:21:00.000Z,BUY,0.01,1,1,10.00,1,33710.00
2026-08-10T22:21:00.000Z,2026-08-10T22:51:00.000Z,BUY,0.01,1,1,10.00,1,33720.00
2026-08-10T22:51:00.000Z,2026-08-11T03:09:00.000Z,BUY,0.01,1,1,10.00,1,33730.00
2026-08-11T03:09:00.000Z,2026-08-11T03:29:00.000Z,BUY,0.01,1,1,10.00,1,33740.00
2026-08-11T03:29:00.000Z,2026-08-11T04:49:00.000Z,BUY,0.01,3,1,10.00,3,33750.00
2026-08-11T04:49:00.000Z,2026-08-11T08:25:00.000Z,BUY,0.01,2,1,10.00,2,33760.00
2026-08-11T08:25:00.000Z,2026-08-11T09:29:00.000Z,BUY,0.01,2,1,10.00,2,33770.00
2026-08-11T09:29:00.000Z,2026-08-11T11:43:00.000Z,BUY,0.01,1,1,10.00,1,33780.00
2026-08-11T11:43:00.000Z,2026-08-11T14:01:00.000Z,BUY,0.01,1,1,10.00,1,33790.00
2026-08-11T14:01:00.000Z,2026-08-11T15:13:00.000Z,BUY,0.01,1,1,10.00,1,33800.00
2026-08-11T15:13:00.000Z,2026-08-11T21:02:00.000Z,BUY,0.01,2,1,10.00,2,33810.00
2026-08-11T21:02:00.000Z,2026-08-12T01:22:00.000Z,BUY,0.01,1,1,10.00,1,33820.00
2026-08-12T01:22:00.000Z,2026-08-12T04:06:00.000Z,BUY,0.01,1,1,10.00,1,33830.00
2026-08-12T04:06:00.000Z,2026-08-12T04:51:00.000Z,BUY,0.01,1,1,10.00,1,33840.00
2026-08-12T04:51:00.000Z,2026-08-12T05:43:00.000Z,BUY,0.01,1,1,10.00,1,33850.00
2026-08-12T05:43:00.000Z,2026-08-12T12:15:00.000Z,BUY,0.01,3,1,10.00,3,33860.00
2026-08-12T12:15:00.000Z,2026-08-12T15:30:00.000Z,BUY,0.01,1,1,10.00,1,33870.00
2026-08-12T15:30:00.000Z,2026-08-12T15:30:00.000Z,BUY,0.01,2,1,10.00,2,33880.00
2026-08-12T15:30:00.000Z,2026-08-12T15:31:00.000Z,BUY,0.01,1,1,10.00,1,33890.00
2026-08-12T15:31:00.000Z,2026-08-12T15:32:00.000Z,BUY,0.01,1,1,10.00,1,33900.00
2026-08-12T15:32:00.000Z,2026-08-12T15:34:00.000Z,BUY,0.01,1,1,10.00,1,33910.00
2026-08-12T15:34:00.000Z,2026-08-12T16:00:00.000Z,BUY,0.01,1,1,10.00,1,33920.00
2026-08-12T16:00:00.000Z,2026-08-12T16:40:00.000Z,BUY,0.01,2,1,10.00,2,33930.00
2026-08-12T16:40:00.000Z,2026-08-12T16:43:00.000Z,BUY,0.01,1,1,10.00,1,33940.00
2026-08-12T16:43:00.000Z,2026-08-12T16:50:00.000Z,BUY,0.01,1,1,10.00,1,33950.00
2026-08-12T16:50:00.000Z,2026-08-12T17:21:00.000Z,BUY,0.01,1,1,10.00,1,33960.00
2026-08-12T17:21:00.000Z,2026-08-12T19:44:00.000Z,BUY,0.01,2,1,10.00,2,33970.00
2026-08-12T19:44:00.000Z,2026-08-13T03:07:00.000Z,BUY,0.01,1,1,10.00,1,33980.00
2026-08-13T03:07:00.000Z,2026-08-13T03:20:00.000Z,BUY,0.01,1,1,10.00,1,33990.00
2026-08-13T03:20:00.000Z,2026-08-13T03:34:00.000Z,BUY,0.01,1,1,10.00,1,34000.00
2026-08-13T03:34:00.000Z,2026-08-13T04:52:00.000Z,BUY,0.01,2,1,10.00,2,34010.00
2026-08-13T04:52:00.000Z,2026-08-13T09:04:00.000Z,BUY,0.01,2,1,10.00,2,34020.00
2026-08-13T09:04:00.000Z,2026-08-13T13:43:00.000Z,BUY,0.01,1,1,10.00,1,34030.00
2026-08-13T13:43:00.000Z,2026-08-13T15:30:00.000Z,BUY,0.01,1,1,10.00,1,34040.00
2026-08-13T15:30:00.000Z,2026-08-13T17:04:00.000Z,BUY,0.01,4,1,10.00,4,34050.00
2026-08-13T17:04:00.000Z,2026-08-13T17:44:00.000Z,BUY,0.01,1,1,10.00,1,34060.00
2026-08-13T17:44:00.000Z,2026-08-13T22:13:00.000Z,BUY,0.01,2,1,10.00,2,34070.00
2026-08-13T22:13:00.000Z,2026-08-14T01:39:00.000Z,BUY,0.01,1,1,10.00,1,34080.00
2026-08-14T01:39:00.000Z,2026-08-14T03:48:00.000Z,BUY,0.01,2,1,10.00,2,34090.00
2026-08-14T03:48:00.000Z,2026-08-14T03:57:00.000Z,BUY,0.01,1,1,10.00,1,34100.00
2026-08-14T03:57:00.000Z,2026-08-14T05:14:00.000Z,BUY,0.01,2,1,10.00,2,34110.00
2026-08-14T05:14:00.000Z,2026-08-14T05:36:00.000Z,BUY,0.01,1,1,10.00,1,34120.00
2026-08-14T05:36:00.000Z,2026-08-14T08:58:00.000Z,BUY,0.01,1,1,10.00,1,34130.00
2026-08-14T08:58:00.000Z,2026-08-14T10:45:00.000Z,BUY,0.01,1,1,10.00,1,34140.00
2026-08-14T10:45:00.000Z,2026-08-14T12:25:00.000Z,BUY,0.01,1,1,10.00,1,34150.00
2026-08-14T12:25:00.000Z,2026-08-14T14:38:00.000Z,BUY,0.01,1,1,10.00,1,34160.00
2026-08-14T14:38:00.000Z,2026-08-14T15:02:00.000Z,BUY,0.01,1,1,10.00,1,34170.00
2026-08-14T15:02:00.000Z,2026-08-14T15:30:00.000Z,BUY,0.01,1,1,10.00,1,34180.00
2026-08-14T15:30:00.000Z,2026-08-14T16:35:00.000Z,BUY,0.01,1,1,10.00,1,34190.00