start_time,end_time,start_direction,base_lot,terminal_level,won,pnl,trades,end_balance
2020-01-02T06:00:00.000Z,2020-01-02T16:37:00.000Z,BUY,0.02,1,1,20.00,1,20020.00
2020-01-02T16:37:00.000Z,2020-01-03T04:27:00.000Z,BUY,0.02,1,1,20.00,1,20040.00
2020-01-03T04:27:00.000Z,2020-01-03T13:43:00.000Z,BUY,0.02,1,1,20.00,1,20060.00
2020-01-03T13:43:00.000Z,2020-01-06T01:05:00.000Z,BUY,0.02,1,1,20.00,1,20080.00
2020-01-06T01:05:00.000Z,2020-01-06T01:05:00.000Z,BUY,0.02,1,1,20.00,1,20100.00
2020-01-06T01:05:00.000Z,2020-01-06T01:06:00.000Z,BUY,0.02,1,1,20.00,1,20120.00
2020-01-06T01:06:00.000Z,2020-01-08T01:24:00.000Z,BUY,0.02,3,1,20.00,3,20140.00
2020-01-08T01:24:00.000Z,2020-01-08T02:11:00.000Z,BUY,0.02,1,1,20.00,1,20160.00
2020-01-08T02:11:00.000Z,2020-01-08T15:00:00.000Z,BUY,0.02,2,1,20.00,2,20180.00
2020-01-08T15:00:00.000Z,2020-01-09T08:38:00.000Z,BUY,0.02,2,1,20.00,2,20200.00
2020-01-09T08:38:00.000Z,2020-01-24T17:26:00.000Z,SELL,0.02,4,1,20.00,4,20220.00
2020-01-24T17:26:00.000Z,2020-01-27T01:05:00.000Z,BUY,0.02,1,1,20.00,1,20240.00
2020-01-27T01:05:00.000Z,2020-02-04T17:29:00.000Z,BUY,0.02,2,1,20.00,2,20260.00
2020-02-04T17:29:00.000Z,2020-02-14T16:57:00.000Z,SELL,0.02,2,1,20.00,2,20280.00
2020-02-14T16:57:00.000Z,2020-02-18T16:13:00.000Z,BUY,0.02,1,1,20.00,1,20300.00
2020-02-18T16:13:00.000Z,2020-02-18T18:15:00.000Z,BUY,0.02,1,1,20.00,1,20320.00
2020-02-18T18:15:00.000Z,2020-02-20T13:42:00.000Z,BUY,0.02,1,1,20.00,1,20340.00
2020-02-20T13:42:00.000Z,2020-02-20T18:32:00.000Z,BUY,0.02,1,1,20.00,1,20360.00
2020-02-20T18:32:00.000Z,2020-02-21T09:25:00.000Z,BUY,0.02,1,1,20.00,1,20380.00
2020-02-21T09:25:00.000Z,2020-02-21T15:45:00.000Z,BUY,0.02,1,1,20.00,1,20400.00
2020-02-21T15:45:00.000Z,2020-02-24T01:05:00.000Z,BUY,0.02,1,1,20.00,1,20420.00
2020-02-24T01:05:00.000Z,2020-02-24T01:10:00.000Z,BUY,0.02,1,1,20.00,1,20440.00
2020-02-24T01:10:00.000Z,2020-02-24T01:12:00.000Z,BUY,0.02,1,1,20.00,1,20460.00
2020-02-24T01:12:00.000Z,2020-02-24T10:31:00.000Z,BUY,0.02,1,1,20.00,1,20480.00
2020-02-24T10:31:00.000Z,2020-02-24T21:30:00.000Z,BUY,0.02,2,1,20.00,2,20500.00
2020-02-24T21:30:00.000Z,2020-02-26T15:46:00.000Z,BUY,0.02,5,0,-4840.00,5,15660.00
2020-02-26T15:46:00.000Z,2020-02-26T20:36:00.000Z,BUY,0.01,1,1,10.00,1,15670.00
2020-02-26T20:36:00.000Z,2020-02-28T06:10:00.000Z,SELL,0.01,1,1,10.00,1,15680.00
2020-02-28T06:10:00.000Z,2020-02-28T09:21:00.000Z,SELL,0.01,1,1,10.00,1,15690.00
2020-02-28T09:21:00.000Z,2020-02-28T16:40:00.000Z,SELL,0.01,1,1,10.00,1,15700.00
2020-02-28T16:40:00.000Z,2020-02-28T17:15:00.000Z,SELL,0.01,1,1,10.00,1,15710.00
2020-02-28T17:15:00.000Z,2020-02-28T17:36:00.000Z,SELL,0.01,1,1,10.00,1,15720.00
2020-02-28T17:36:00.000Z,2020-02-28T17:41:00.000Z,SELL,0.01,1,1,10.00,1,15730.00
2020-02-28T17:41:00.000Z,2020-02-28T17:41:00.000Z,SELL,0.01,1,1,10.00,1,15740.00
2020-02-28T17:41:00.000Z,2020-02-28T20:29:00.000Z,SELL,0.01,3,1,10.00,3,15750.00
2020-02-28T20:29:00.000Z,2020-03-02T02:40:00.000Z,SELL,0.01,2,1,10.00,2,15760.00
2020-03-02T02:40:00.000Z,2020-03-03T17:10:00.000Z,SELL,0.01,2,1,10.00,2,15770.00
2020-03-03T17:10:00.000Z,2020-03-03T17:37:00.000Z,BUY,0.01,1,1,10.00,1,15780.00
2020-03-03T17:37:00.000Z,2020-03-03T19:15:00.000Z,BUY,0.01,1,1,10.00,1,15790.00
2020-03-03T19:15:00.000Z,2020-03-05T14:23:00.000Z,BUY,0.01,1,1,10.00,1,15800.00
2020-03-05T14:23:00.000Z,2020-03-05T19:26:00.000Z,BUY,0.01,1,1,10.00,1,15810.00
2020-03-05T19:26:00.000Z,2020-03-06T01:46:00.000Z,BUY,0.01,1,1,10.00,1,15820.00
2020-03-06T01:46:00.000Z,2020-03-06T11:43:00.000Z,BUY,0.01,1,1,10.00,1,15830.00
2020-03-06T11:43:00.000Z,2020-03-06T17:28:00.000Z,BUY,0.01,2,1,10.00,2,15840.00
2020-03-06T17:28:00.000Z,2020-03-06T18:07:00.000Z,BUY,0.01,1,1,10.00,1,15850.00
2020-03-06T18:07:00.000Z,2020-03-06T21:14:00.000Z,BUY,0.01,1,1,10.00,1,15860.00
2020-03-06T21:14:00.000Z,2020-03-06T21:59:00.000Z,BUY,0.01,1,1,10.00,1,15870.00
2020-03-06T21:59:00.000Z,2020-03-09T01:05:00.000Z,BUY,0.01,1,1,10.00,1,15880.00
2020-03-09T01:05:00.000Z,2020-03-09T06:36:00.000Z,BUY,0.01,2,1,10.00,2,15890.00
2020-03-09T06:36:00.000Z,2020-03-09T07:13:00.000Z,BUY,0.01,1,1,10.00,1,15900.00
2020-03-09T07:13:00.000Z,2020-03-10T21:56:00.000Z,BUY,0.01,2,1,10.00,2,15910.00
2020-03-10T21:56:00.000Z,2020-03-11T21:02:00.000Z,SELL,0.01,3,1,10.00,3,15920.00
2020-03-11T21:02:00.000Z,2020-03-12T14:02:00.000Z,SELL,0.01,1,1,10.00,1,15930.00
2020-03-12T14:02:00.000Z,2020-03-12T14:25:00.000Z,SELL,0.01,1,1,10.00,1,15940.00
2020-03-12T14:25:00.000Z,2020-03-12T15:31:00.000Z,SELL,0.01,1,1,10.00,1,15950.00
2020-03-12T15:31:00.000Z,2020-03-12T15:36:00.000Z,SELL,0.01,1,1,10.00,1,15960.00
2020-03-12T15:36:00.000Z,2020-03-12T16:11:00.000Z,SELL,0.01,1,1,10.00,1,15970.00
2020-03-12T16:11:00.000Z,2020-03-12T17:09:00.000Z,SELL,0.01,1,1,10.00,1,15980.00
2020-03-12T17:09:00.000Z,2020-03-12T17:52:00.000Z,SELL,0.01,1,1,10.00,1,15990.00
2020-03-12T17:52:00.000Z,2020-03-12T18:58:00.000Z,SELL,0.01,2,1,10.00,2,16000.00
2020-03-12T18:58:00.000Z,2020-03-12T20:26:00.000Z,SELL,0.01,1,1,10.00,1,16010.00
2020-03-12T20:26:00.000Z,2020-03-12T21:21:00.000Z,SELL,0.01,1,1,10.00,1,16020.00
2020-03-12T21:21:00.000Z,2020-03-13T03:25:00.000Z,SELL,0.01,1,1,10.00,1,16030.00
2020-03-13T03:25:00.000Z,2020-03-13T03:44:00.000Z,SELL,0.01,1,1,10.00,1,16040.00
2020-03-13T03:44:00.000Z,2020-03-13T06:40:00.000Z,SELL,0.01,2,1,10.00,2,16050.00
2020-03-13T06:40:00.000Z,2020-03-13T15:57:00.000Z,SELL,0.01,1,1,10.00,1,16060.00
2020-03-13T15:57:00.000Z,2020-03-13T17:00:00.000Z,SELL,0.01,1,1,10.00,1,16070.00
2020-03-13T17:00:00.000Z,2020-03-13T17:40:00.000Z,SELL,0.01,1,1,10.00,1,16080.00
2020-03-13T17:40:00.000Z,2020-03-13T17:45:00.000Z,SELL,0.01,1,1,10.00,1,16090.00
2020-03-13T17:45:00.000Z,2020-03-13T17:48:00.000Z,SELL,0.01,1,1,10.00,1,16100.00
2020-03-13T17:48:00.000Z,2020-03-13T18:25:00.000Z,SELL,0.01,1,1,10.00,1,16110.00
2020-03-13T18:25:00.000Z,2020-03-13T18:39:00.000Z,SELL,0.01,1,1,10.00,1,16120.00
2020-03-13T18:39:00.000Z,2020-03-16T01:05:00.000Z,SELL,0.01,4,1,10.00,4,16130.00
2020-03-16T01:05:00.000Z,2020-03-16T03:06:00.000Z,SELL,0.01,3,1,10.00,3,16140.00
2020-03-16T03:06:00.000Z,2020-03-16T11:34:00.000Z,SELL,0.01,1,1,10.00,1,16150.00
2020-03-16T11:34:00.000Z,2020-03-16T12:23:00.000Z,SELL,0.01,1,1,10.00,1,16160.00
2020-03-16T12:23:00.000Z,2020-03-16T12:34:00.000Z,SELL,0.01,1,1,10.00,1,16170.00
2020-03-16T12:34:00.000Z,2020-03-16T12:55:00.000Z,SELL,0.01,1,1,10.00,1,16180.00
2020-03-16T12:55:00.000Z,2020-03-16T12:57:00.000Z,SELL,0.01,1,1,10.00,1,16190.00
2020-03-16T12:57:00.000Z,2020-03-16T13:01:00.000Z,SELL,0.01,1,1,10.00,1,16200.00
2020-03-16T13:01:00.000Z,2020-03-16T13:39:00.000Z,SELL,0.01,1,1,10.00,1,16210.00
2020-03-16T13:39:00.000Z,2020-03-16T16:40:00.000Z,SELL,0.01,2,1,10.00,2,16220.00
2020-03-16T16:40:00.000Z,2020-03-16T22:00:00.000Z,SELL,0.01,5,0,-2420.00,5,13800.00
2020-03-16T22:00:00.000Z,2020-03-16T22:05:00.000Z,SELL,0.01,1,1,10.00,1,13810.00
2020-03-16T22:05:00.000Z,2020-03-17T04:10:00.000Z,SELL,0.01,3,1,10.00,3,13820.00
2020-03-17T04:10:00.000Z,2020-03-17T11:33:00.000Z,SELL,0.01,1,1,10.00,1,13830.00
2020-03-17T11:33:00.000Z,2020-03-17T11:50:00.000Z,SELL,0.01,1,1,10.00,1,13840.00
2020-03-17T11:50:00.000Z,2020-03-17T15:32:00.000Z,SELL,0.01,2,1,10.00,2,13850.00
2020-03-17T15:32:00.000Z,2020-03-17T15:45:00.000Z,SELL,0.01,1,1,10.00,1,13860.00
2020-03-17T15:45:00.000Z,2020-03-17T16:45:00.000Z,SELL,0.01,2,1,10.00,2,13870.00
2020-03-17T16:45:00.000Z,2020-03-17T17:05:00.000Z,SELL,0.01,2,1,10.00,2,13880.00
2020-03-17T17:05:00.000Z,2020-03-17T17:24:00.000Z,SELL,0.01,1,1,10.00,1,13890.00
2020-03-17T17:24:00.000Z,2020-03-17T17:38:00.000Z,SELL,0.01,1,1,10.00,1,13900.00
2020-03-17T17:38:00.000Z,2020-03-18T07:52:00.000Z,SELL,0.01,1,1,10.00,1,13910.00
2020-03-18T07:52:00.000Z,2020-03-18T11:46:00.000Z,BUY,0.01,2,1,10.00,2,13920.00
2020-03-18T11:46:00.000Z,2020-03-18T14:01:00.000Z,SELL,0.01,2,1,10.00,2,13930.00
2020-03-18T14:01:00.000Z,2020-03-18T14:20:00.000Z,SELL,0.01,1,1,10.00,1,13940.00
2020-03-18T14:20:00.000Z,2020-03-18T14:58:00.000Z,SELL,0.01,1,1,10.00,1,13950.00
2020-03-18T14:58:00.000Z,2020-03-18T17:06:00.000Z,SELL,0.01,3,1,10.00,3,13960.00
2020-03-18T17:06:00.000Z,2020-03-18T19:28:00.000Z,SELL,0.01,1,1,10.00,1,13970.00
2020-03-18T19:28:00.000Z,2020-03-19T05:27:00.000Z,SELL,0.01,3,1,10.00,3,13980.00
2020-03-19T05:27:00.000Z,2020-03-20T04:33:00.000Z,SELL,0.01,5,0,-2420.00,5,11560.00
2020-03-20T04:33:00.000Z,2020-03-23T14:10:00.000Z,SELL,0.01,4,1,10.00,4,11570.00
2020-03-23T14:10:00.000Z,2020-03-23T15:51:00.000Z,BUY,0.01,1,1,10.00,1,11580.00
2020-03-23T15:51:00.000Z,2020-03-23T17:07:00.000Z,BUY,0.01,1,1,10.00,1,11590.00
2020-03-23T17:07:00.000Z,2020-03-23T18:24:00.000Z,BUY,0.01,1,1,10.00,1,11600.00
2020-03-23T18:24:00.000Z,2020-03-23T19:18:00.000Z,BUY,0.01,1,1,10.00,1,11610.00
2020-03-23T19:18:00.000Z,2020-03-24T01:52:00.000Z,BUY,0.01,1,1,10.00,1,11620.00
2020-03-24T01:52:00.000Z,2020-03-24T03:05:00.000Z,BUY,0.01,1,1,10.00,1,11630.00
2020-03-24T03:05:00.000Z,2020-03-24T10:22:00.000Z,BUY,0.01,3,1,10.00,3,11640.00
2020-03-24T10:22:00.000Z,2020-03-24T12:38:00.000Z,BUY,0.01,1,1,10.00,1,11650.00
2020-03-24T12:38:00.000Z,2020-03-24T12:50:00.000Z,BUY,0.01,1,1,10.00,1,11660.00
2020-03-24T12:50:00.000Z,2020-03-24T12:59:00.000Z,BUY,0.01,2,1,10.00,2,11670.00
2020-03-24T12:59:00.000Z,2020-03-24T13:00:00.000Z,BUY,0.01,1,1,10.00,1,11680.00
2020-03-24T13:00:00.000Z,2020-03-24T13:02:00.000Z,BUY,0.01,1,1,10.00,1,11690.00
2020-03-24T13:02:00.000Z,2020-03-24T13:03:00.000Z,BUY,0.01,3,1,10.00,3,11700.00
2020-03-24T13:03:00.000Z,2020-03-24T13:04:00.000Z,BUY,0.01,2,1,10.00,2,11710.00
2020-03-24T13:04:00.000Z,2020-03-24T13:05:00.000Z,BUY,0.01,1,1,10.00,1,11720.00
2020-03-24T13:05:00.000Z,2020-03-24T13:08:00.000Z,BUY,0.01,1,1,10.00,1,11730.00
2020-03-24T13:08:00.000Z,2020-03-24T13:08:00.000Z,BUY,0.01,1,1,10.00,1,11740.00
2020-03-24T13:08:00.000Z,2020-03-24T13:10:00.000Z,BUY,0.01,2,1,10.00,2,11750.00
2020-03-24T13:10:00.000Z,2020-03-24T13:16:00.000Z,BUY,0.01,1,1,10.00,1,11760.00
2020-03-24T13:16:00.000Z,2020-03-24T13:16:00.000Z,BUY,0.01,1,1,10.00,1,11770.00
2020-03-24T13:16:00.000Z,2020-03-24T13:20:00.000Z,BUY,0.01,1,1,10.00,1,11780.00
2020-03-24T13:20:00.000Z,2020-03-24T13:26:00.000Z,BUY,0.01,2,1,10.00,2,11790.00
2020-03-24T13:26:00.000Z,2020-03-24T13:29:00.000Z,BUY,0.01,1,1,10.00,1,11800.00
2020-03-24T13:29:00.000Z,2020-03-24T14:12:00.000Z,BUY,0.01,1,1,10.00,1,11810.00
2020-03-24T14:12:00.000Z,2020-03-24T15:33:00.000Z,BUY,0.01,1,1,10.00,1,11820.00
2020-03-24T15:33:00.000Z,2020-03-24T18:31:00.000Z,BUY,0.01,3,1,10.00,3,11830.00
2020-03-24T18:31:00.000Z,2020-03-24T20:22:00.000Z,BUY,0.01,1,1,10.00,1,11840.00
2020-03-24T20:22:00.000Z,2020-03-25T09:31:00.000Z,BUY,0.01,2,1,10.00,2,11850.00
2020-03-25T09:31:00.000Z,2020-03-25T11:27:00.000Z,BUY,0.01,1,1,10.00,1,11860.00
2020-03-25T11:27:00.000Z,2020-03-25T11:53:00.000Z,BUY,0.01,1,1,10.00,1,11870.00
2020-03-25T11:53:00.000Z,2020-03-26T15:34:00.000Z,BUY,0.01,3,1,10.00,3,11880.00
2020-03-26T15:34:00.000Z,2020-03-26T19:37:00.000Z,BUY,0.01,1,1,10.00,1,11890.00
2020-03-26T19:37:00.000Z,2020-03-30T05:06:00.000Z,BUY,0.01,2,1,10.00,2,11900.00
2020-03-30T05:06:00.000Z,2020-03-31T12:29:00.000Z,SELL,0.01,1,1,10.00,1,11910.00
2020-03-31T12:29:00.000Z,2020-03-31T20:11:00.000Z,SELL,0.01,1,1,10.00,1,11920.00
2020-03-31T20:11:00.000Z,2020-03-31T22:22:00.000Z,SELL,0.01,1,1,10.00,1,11930.00
2020-03-31T22:22:00.000Z,2020-04-01T01:05:00.000Z,SELL,0.01,1,1,10.00,1,11940.00
2020-04-01T01:05:00.000Z,2020-04-02T15:14:00.000Z,SELL,0.01,2,1,10.00,2,11950.00
2020-04-02T15:14:00.000Z,2020-04-02T17:01:00.000Z,BUY,0.01,1,1,10.00,1,11960.00
2020-04-02T17:01:00.000Z,2020-04-03T21:52:00.000Z,BUY,0.01,1,1,10.00,1,11970.00
2020-04-03T21:52:00.000Z,2020-04-06T10:52:00.000Z,BUY,0.01,1,1,10.00,1,11980.00
2020-04-06T10:52:00.000Z,2020-04-06T14:25:00.000Z,BUY,0.01,1,1,10.00,1,11990.00
2020-04-06T14:25:00.000Z,2020-04-06T20:00:00.000Z,BUY,0.01,1,1,10.00,1,12000.00
2020-04-06T20:00:00.000Z,2020-04-06T22:07:00.000Z,BUY,0.01,1,1,10.00,1,12010.00
2020-04-06T22:07:00.000Z,2020-04-07T02:16:00.000Z,BUY,0.01,1,1,10.00,1,12020.00
2020-04-07T02:16:00.000Z,2020-04-07T16:38:00.000Z,BUY,0.01,2,1,10.00,2,12030.00
2020-04-07T16:38:00.000Z,2020-04-07T17:17:00.000Z,BUY,0.01,1,1,10.00,1,12040.00
2020-04-07T17:17:00.000Z,2020-04-09T13:17:00.000Z,BUY,0.01,1,1,10.00,1,12050.00
2020-04-09T13:17:00.000Z,2020-04-09T15:59:00.000Z,BUY,0.01,1,1,10.00,1,12060.00
2020-04-09T15:59:00.000Z,2020-04-09T16:46:00.000Z,BUY,0.01,1,1,10.00,1,12070.00
2020-04-09T16:46:00.000Z,2020-04-13T15:03:00.000Z,BUY,0.01,1,1,10.00,1,12080.00
2020-04-13T15:03:00.000Z,2020-04-13T18:16:00.000Z,BUY,0.01,1,1,10.00,1,12090.00
2020-04-13T18:16:00.000Z,2020-04-13T19:32:00.000Z,BUY,0.01,1,1,10.00,1,12100.00
2020-04-13T19:32:00.000Z,2020-04-14T04:56:00.000Z,BUY,0.01,1,1,10.00,1,12110.00
2020-04-14T04:56:00.000Z,2020-04-14T16:47:00.000Z,BUY,0.01,1,1,10.00,1,12120.00
2020-04-14T16:47:00.000Z,2020-04-14T17:25:00.000Z,BUY,0.01,1,1,10.00,1,12130.00
2020-04-14T17:25:00.000Z,2020-04-15T09:41:00.000Z,BUY,0.01,2,1,10.00,2,12140.00
2020-04-15T09:41:00.000Z,2020-04-15T16:53:00.000Z,BUY,0.01,1,1,10.00,1,12150.00
2020-04-15T16:53:00.000Z,2020-04-15T18:45:00.000Z,SELL,0.01,1,1,10.00,1,12160.00
2020-04-15T18:45:00.000Z,2020-04-17T01:14:00.000Z,SELL,0.01,3,1,10.00,3,12170.00
2020-04-17T01:14:00.000Z,2020-04-17T08:58:00.000Z,SELL,0.01,1,1,10.00,1,12180.00
2020-04-17T08:58:00.000Z,2020-04-17T13:21:00.000Z,SELL,0.01,1,1,10.00,1,12190.00
2020-04-17T13:21:00.000Z,2020-04-20T02:33:00.000Z,SELL,0.01,1,1,10.00,1,12200.00
2020-04-20T02:33:00.000Z,2020-04-21T14:18:00.000Z,SELL,0.01,3,1,10.00,3,12210.00
2020-04-21T14:18:00.000Z,2020-04-22T10:48:00.000Z,SELL,0.01,2,1,10.00,2,12220.00
2020-04-22T10:48:00.000Z,2020-04-22T12:19:00.000Z,BUY,0.01,1,1,10.00,1,12230.00
2020-04-22T12:19:00.000Z,2020-04-22T19:25:00.000Z,BUY,0.01,1,1,10.00,1,12240.00
2020-04-22T19:25:00.000Z,2020-04-23T11:23:00.000Z,BUY,0.01,1,1,10.00,1,12250.00
2020-04-23T11:23:00.000Z,2020-04-23T17:14:00.000Z,BUY,0.01,1,1,10.00,1,12260.00
2020-04-23T17:14:00.000Z,2020-04-28T03:21:00.000Z,BUY,0.01,2,1,10.00,2,12270.00
2020-04-28T03:21:00.000Z,2020-04-28T08:04:00.000Z,SELL,0.01,1,1,10.00,1,12280.00
2020-04-28T08:04:00.000Z,2020-04-30T19:16:00.000Z,SELL,0.01,3,1,10.00,3,12290.00
2020-04-30T19:16:00.000Z,2020-05-01T08:55:00.000Z,SELL,0.01,1,1,10.00,1,12300.00
2020-05-01T08:55:00.000Z,2020-05-01T22:12:00.000Z,SELL,0.01,2,1,10.00,2,12310.00
2020-05-01T22:12:00.000Z,2020-05-07T19:41:00.000Z,BUY,0.01,3,1,10.00,3,12320.00
2020-05-07T19:41:00.000Z,2020-05-14T16:39:00.000Z,BUY,0.01,3,1,10.00,3,12330.00
2020-05-14T16:39:00.000Z,2020-05-14T19:19:00.000Z,BUY,0.01,1,1,10.00,1,12340.00
2020-05-14T19:19:00.000Z,2020-05-15T18:07:00.000Z,BUY,0.01,1,1,10.00,1,12350.00
2020-05-15T18:07:00.000Z,2020-05-18T02:38:00.000Z,BUY,0.01,1,1,10.00,1,12360.00
2020-05-18T02:38:00.000Z,2020-05-19T09:40:00.000Z,BUY,0.01,2,1,10.00,2,12370.00
2020-05-19T09:40:00.000Z,2020-05-26T17:03:00.000Z,SELL,0.01,3,1,10.00,3,12380.00
2020-05-26T17:03:00.000Z,2020-05-27T07:05:00.000Z,SELL,0.01,1,1,10.00,1,12390.00
2020-05-27T07:05:00.000Z,2020-05-27T16:14:00.000Z,SELL,0.01,1,1,10.00,1,12400.00
2020-05-27T16:14:00.000Z,2020-05-28T14:06:00.000Z,SELL,0.01,2,1,10.00,2,12410.00
2020-05-28T14:06:00.000Z,2020-05-29T17:52:00.000Z,BUY,0.01,1,1,10.00,1,12420.00
2020-05-29T17:52:00.000Z,2020-06-03T16:13:00.000Z,BUY,0.01,2,1,10.00,2,12430.00
2020-06-03T16:13:00.000Z,2020-06-03T17:13:00.000Z,SELL,0.01,1,1,10.00,1,12440.00
2020-06-03T17:13:00.000Z,2020-06-05T15:41:00.000Z,SELL,0.01,3,1,10.00,3,12450.00
2020-06-05T15:41:00.000Z,2020-06-05T17:33:00.000Z,SELL,0.01,1,1,10.00,1,12460.00
2020-06-05T17:33:00.000Z,2020-06-09T04:27:00.000Z,SELL,0.01,2,1,10.00,2,12470.00
2020-06-09T04:27:00.000Z,2020-06-09T15:37:00.000Z,BUY,0.01,1,1,10.00,1,12480.00
2020-06-09T15:37:00.000Z,2020-06-10T15:00:00.000Z,BUY,0.01,1,1,10.00,1,12490.00
2020-06-10T15:00:00.000Z,2020-06-10T22:33:00.000Z,BUY,0.01,1,1,10.00,1,12500.00
2020-06-10T22:33:00.000Z,2020-06-15T15:53:00.000Z,BUY,0.01,2,1,10.00,2,12510.00
2020-06-15T15:53:00.000Z,2020-06-18T12:09:00.000Z,SELL,0.01,2,1,10.00,2,12520.00
2020-06-18T12:09:00.000Z,2020-06-22T01:05:00.000Z,BUY,0.01,1,1,10.00,1,12530.00
2020-06-22T01:05:00.000Z,2020-06-22T04:33:00.000Z,BUY,0.01,1,1,10.00,1,12540.00
2020-06-22T04:33:00.000Z,2020-06-23T16:21:00.000Z,BUY,0.01,1,1,10.00,1,12550.00
2020-06-23T16:21:00.000Z,2020-06-24T12:12:00.000Z,BUY,0.01,1,1,10.00,1,12560.00
2020-06-24T12:12:00.000Z,2020-07-01T10:14:00.000Z,BUY,0.01,3,1,10.00,3,12570.00
2020-07-01T10:14:00.000Z,2020-07-07T20:23:00.000Z,BUY,0.01,3,1,10.00,3,12580.00
2020-07-07T20:23:00.000Z,2020-07-08T16:03:00.000Z,BUY,0.01,1,1,10.00,1,12590.00
2020-07-08T16:03:00.000Z,2020-07-08T17:25:00.000Z,BUY,0.01,1,1,10.00,1,12600.00
2020-07-08T17:25:00.000Z,2020-07-21T13:55:00.000Z,BUY,0.01,3,1,10.00,3,12610.00
2020-07-21T13:55:00.000Z,2020-07-21T15:22:00.000Z,BUY,0.01,1,1,10.00,1,12620.00
2020-07-21T15:22:00.000Z,2020-07-22T04:04:00.000Z,BUY,0.01,1,1,10.00,1,12630.00
2020-07-22T04:04:00.000Z,2020-07-22T04:11:00.000Z,BUY,0.01,1,1,10.00,1,12640.00
2020-07-22T04:11:00.000Z,2020-07-22T19:18:00.000Z,BUY,0.01,1,1,10.00,1,12650.00
2020-07-22T19:18:00.000Z,2020-07-23T11:08:00.000Z,BUY,0.01,1,1,10.00,1,12660.00
2020-07-23T11:08:00.000Z,2020-07-23T17:40:00.000Z,BUY,0.01,1,1,10.00,1,12670.00
2020-07-23T17:40:00.000Z,2020-07-24T16:03:00.000Z,BUY,0.01,1,1,10.00,1,12680.00
2020-07-24T16:03:00.000Z,2020-07-27T01:21:00.000Z,BUY,0.01,1,1,10.00,1,12690.00
2020-07-27T01:21:00.000Z,2020-07-27T04:45:00.000Z,BUY,0.01,1,1,10.00,1,12700.00
2020-07-27T04:45:00.000Z,2020-07-27T05:51:00.000Z,BUY,0.01,1,1,10.00,1,12710.00
2020-07-27T05:51:00.000Z,2020-07-27T06:15:00.000Z,BUY,0.01,1,1,10.00,1,12720.00
2020-07-27T06:15:00.000Z,2020-07-28T02:02:00.000Z,BUY,0.01,1,1,10.00,1,12730.00
2020-07-28T02:02:00.000Z,2020-07-28T02:36:00.000Z,BUY,0.01,1,1,10.00,1,12740.00
2020-07-28T02:36:00.000Z,2020-07-28T04:02:00.000Z,BUY,0.01,1,1,10.00,1,12750.00
2020-07-28T04:02:00.000Z,2020-07-28T04:22:00.000Z,BUY,0.01,1,1,10.00,1,12760.00
2020-07-28T04:22:00.000Z,2020-07-28T06:04:00.000Z,BUY,0.01,2,1,10.00,2,12770.00
2020-07-28T06:04:00.000Z,2020-07-28T10:36:00.000Z,BUY,0.01,2,1,10.00,2,12780.00
2020-07-28T10:36:00.000Z,2020-07-28T11:59:00.000Z,BUY,0.01,1,1,10.00,1,12790.00
2020-07-28T11:59:00.000Z,2020-07-28T16:04:00.000Z,BUY,0.01,1,1,10.00,1,12800.00
2020-07-28T16:04:00.000Z,2020-07-28T16:38:00.000Z,SELL,0.01,1,1,10.00,1,12810.00
2020-07-28T16:38:00.000Z,2020-07-29T01:05:00.000Z,SELL,0.01,2,1,10.00,2,12820.00
2020-07-29T01:05:00.000Z,2020-07-29T21:37:00.000Z,BUY,0.01,3,1,10.00,3,12830.00
2020-07-29T21:37:00.000Z,2020-07-30T17:45:00.000Z,BUY,0.01,2,1,10.00,2,12840.00
2020-07-30T17:45:00.000Z,2020-07-31T08:39:00.000Z,SELL,0.01,2,1,10.00,2,12850.00
2020-07-31T08:39:00.000Z,2020-07-31T10:01:00.000Z,BUY,0.01,1,1,10.00,1,12860.00
2020-07-31T10:01:00.000Z,2020-08-04T17:51:00.000Z,BUY,0.01,5,1,10.00,5,12870.00
2020-08-04T17:51:00.000Z,2020-08-04T20:12:00.000Z,BUY,0.01,1,1,10.00,1,12880.00
2020-08-04T20:12:00.000Z,2020-08-04T22:37:00.000Z,BUY,0.01,1,1,10.00,1,12890.00
2020-08-04T22:37:00.000Z,2020-08-05T01:18:00.000Z,BUY,0.01,1,1,10.00,1,12900.00
2020-08-05T01:18:00.000Z,2020-08-05T09:51:00.000Z,BUY,0.01,1,1,10.00,1,12910.00
2020-08-05T09:51:00.000Z,2020-08-05T13:45:00.000Z,BUY,0.01,1,1,10.00,1,12920.00
2020-08-05T13:45:00.000Z,2020-08-05T17:33:00.000Z,BUY,0.01,1,1,10.00,1,12930.00
2020-08-05T17:33:00.000Z,2020-08-06T15:18:00.000Z,BUY,0.01,3,1,10.00,3,12940.00
2020-08-06T15:18:00.000Z,2020-08-07T01:20:00.000Z,BUY,0.01,1,1,10.00,1,12950.00
2020-08-07T01:20:00.000Z,2020-08-07T15:30:00.000Z,BUY,0.01,2,1,10.00,2,12960.00
2020-08-07T15:30:00.000Z,2020-08-07T15:32:00.000Z,BUY,0.01,1,1,10.00,1,12970.00
2020-08-07T15:32:00.000Z,2020-08-07T17:07:00.000Z,BUY,0.01,2,1,10.00,2,12980.00
2020-08-07T17:07:00.000Z,2020-08-11T08:10:00.000Z,SELL,0.01,3,1,10.00,3,12990.00
2020-08-11T08:10:00.000Z,2020-08-11T09:13:00.000Z,SELL,0.01,1,1,10.00,1,13000.00
2020-08-11T09:13:00.000Z,2020-08-11T09:28:00.000Z,SELL,0.01,1,1,10.00,1,13010.00
2020-08-11T09:28:00.000Z,2020-08-11T14:14:00.000Z,SELL,0.01,1,1,10.00,1,13020.00
2020-08-11T14:14:00.000Z,2020-08-11T15:33:00.000Z,SELL,0.01,1,1,10.00,1,13030.00
2020-08-11T15:33:00.000Z,2020-08-11T15:45:00.000Z,SELL,0.01,1,1,10.00,1,13040.00
2020-08-11T15:45:00.000Z,2020-08-11T16:06:00.000Z,SELL,0.01,1,1,10.00,1,13050.00
2020-08-11T16:06:00.000Z,2020-08-11T16:11:00.000Z,SELL,0.01,1,1,10.00,1,13060.00
2020-08-11T16:11:00.000Z,2020-08-11T20:11:00.000Z,SELL,0.01,1,1,10.00,1,13070.00
2020-08-11T20:11:00.000Z,2020-08-11T21:01:00.000Z,SELL,0.01,1,1,10.00,1,13080.00
2020-08-11T21:01:00.000Z,2020-08-11T21:30:00.000Z,SELL,0.01,1,1,10.00,1,13090.00
2020-08-11T21:30:00.000Z,2020-08-11T23:18:00.000Z,SELL,0.01,1,1,10.00,1,13100.00
2020-08-11T23:18:00.000Z,2020-08-12T04:45:00.000Z,SELL,0.01,3,1,10.00,3,13110.00
2020-08-12T04:45:00.000Z,2020-08-12T05:05:00.000Z,SELL,0.01,1,1,10.00,1,13120.00
2020-08-12T05:05:00.000Z,2020-08-12T07:28:00.000Z,SELL,0.01,1,1,10.00,1,13130.00
2020-08-12T07:28:00.000Z,2020-08-12T09:35:00.000Z,SELL,0.01,2,1,10.00,2,13140.00
2020-08-12T09:35:00.000Z,2020-08-12T10:35:00.000Z,SELL,0.01,2,1,10.00,2,13150.00
2020-08-12T10:35:00.000Z,2020-08-12T11:52:00.000Z,SELL,0.01,1,1,10.00,1,13160.00
2020-08-12T11:52:00.000Z,2020-08-12T22:58:00.000Z,SELL,0.01,3,1,10.00,3,13170.00
2020-08-12T22:58:00.000Z,2020-08-12T23:29:00.000Z,BUY,0.01,1,1,10.00,1,13180.00
2020-08-12T23:29:00.000Z,2020-08-13T17:37:00.000Z,SELL,0.01,4,1,10.00,4,13190.00
2020-08-13T17:37:00.000Z,2020-08-13T20:23:00.000Z,BUY,0.01,1,1,10.00,1,13200.00
2020-08-13T20:23:00.000Z,2020-08-17T03:46:00.000Z,BUY,0.01,4,1,10.00,4,13210.00
2020-08-17T03:46:00.000Z,2020-08-17T15:36:00.000Z,SELL,0.01,2,1,10.00,2,13220.00
2020-08-17T15:36:00.000Z,2020-08-17T16:42:00.000Z,BUY,0.01,1,1,10.00,1,13230.00
2020-08-17T16:42:00.000Z,2020-08-17T17:25:00.000Z,BUY,0.01,1,1,10.00,1,13240.00
2020-08-17T17:25:00.000Z,2020-08-18T04:48:00.000Z,BUY,0.01,1,1,10.00,1,13250.00
2020-08-18T04:48:00.000Z,2020-08-18T09:27:00.000Z,BUY,0.01,1,1,10.00,1,13260.00
2020-08-18T09:27:00.000Z,2020-08-18T15:19:00.000Z,BUY,0.01,1,1,10.00,1,13270.00
2020-08-18T15:19:00.000Z,2020-08-18T17:29:00.000Z,BUY,0.01,2,1,10.00,2,13280.00
2020-08-18T17:29:00.000Z,2020-08-18T17:41:00.000Z,BUY,0.01,1,1,10.00,1,13290.00
2020-08-18T17:41:00.000Z,2020-08-18T18:42:00.000Z,BUY,0.01,1,1,10.00,1,13300.00
2020-08-18T18:42:00.000Z,2020-08-19T17:45:00.000Z,BUY,0.01,2,1,10.00,2,13310.00
2020-08-19T17:45:00.000Z,2020-08-19T17:58:00.000Z,SELL,0.01,1,1,10.00,1,13320.00
2020-08-19T17:58:00.000Z,2020-08-19T21:09:00.000Z,SELL,0.01,1,1,10.00,1,13330.00
2020-08-19T21:09:00.000Z,2020-08-19T21:17:00.000Z,SELL,0.01,1,1,10.00,1,13340.00
2020-08-19T21:17:00.000Z,2020-08-19T23:21:00.000Z,SELL,0.01,1,1,10.00,1,13350.00
2020-08-19T23:21:00.000Z,2020-08-21T14:41:00.000Z,SELL,0.01,5,1,10.00,5,13360.00
2020-08-21T14:41:00.000Z,2020-08-24T15:00:00.000Z,SELL,0.01,2,1,10.00,2,13370.00
2020-08-24T15:00:00.000Z,2020-08-24T15:19:00.000Z,BUY,0.01,1,1,10.00,1,13380.00
2020-08-24T15:19:00.000Z,2020-08-24T17:49:00.000Z,BUY,0.01,2,1,10.00,2,13390.00
2020-08-24T17:49:00.000Z,2020-08-26T17:34:00.000Z,BUY,0.01,3,1,10.00,3,13400.00
2020-08-26T17:34:00.000Z,2020-08-27T16:19:00.000Z,SELL,0.01,2,1,10.00,2,13410.00
2020-08-27T16:19:00.000Z,2020-08-27T16:40:00.000Z,BUY,0.01,2,1,10.00,2,13420.00
2020-08-27T16:40:00.000Z,2020-08-27T17:09:00.000Z,BUY,0.01,2,1,10.00,2,13430.00
2020-08-27T17:09:00.000Z,2020-08-27T17:11:00.000Z,BUY,0.01,1,1,10.00,1,13440.00
2020-08-27T17:11:00.000Z,2020-08-27T18:55:00.000Z,BUY,0.01,1,1,10.00,1,13450.00
2020-08-27T18:55:00.000Z,2020-08-27T19:48:00.000Z,SELL,0.01,1,1,10.00,1,13460.00
2020-08-27T19:48:00.000Z,2020-08-28T10:23:00.000Z,SELL,0.01,2,1,10.00,2,13470.00
2020-08-28T10:23:00.000Z,2020-08-28T14:30:00.000Z,BUY,0.01,1,1,10.00,1,13480.00
2020-08-28T14:30:00.000Z,2020-08-28T18:38:00.000Z,BUY,0.01,1,1,10.00,1,13490.00
2020-08-28T18:38:00.000Z,2020-09-01T05:24:00.000Z,BUY,0.01,1,1,10.00,1,13500.00
2020-09-01T05:24:00.000Z,2020-09-02T16:31:00.000Z,BUY,0.01,2,1,10.00,2,13510.00
2020-09-02T16:31:00.000Z,2020-09-02T17:16:00.000Z,SELL,0.01,1,1,10.00,1,13520.00
2020-09-02T17:16:00.000Z,2020-09-03T09:00:00.000Z,SELL,0.01,1,1,10.00,1,13530.00
2020-09-03T09:00:00.000Z,2020-09-03T18:22:00.000Z,SELL,0.01,1,1,10.00,1,13540.00
2020-09-03T18:22:00.000Z,2020-09-08T13:11:00.000Z,SELL,0.01,3,1,10.00,3,13550.00
2020-09-08T13:11:00.000Z,2020-09-09T16:16:00.000Z,SELL,0.01,2,1,10.00,2,13560.00
2020-09-09T16:16:00.000Z,2020-09-10T14:02:00.000Z,BUY,0.01,1,1,10.00,1,13570.00
2020-09-10T14:02:00.000Z,2020-09-10T16:16:00.000Z,BUY,0.01,1,1,10.00,1,13580.00
2020-09-10T16:16:00.000Z,2020-09-16T16:11:00.000Z,BUY,0.01,3,1,10.00,3,13590.00
2020-09-16T16:11:00.000Z,2020-09-17T06:12:00.000Z,BUY,0.01,2,1,10.00,2,13600.00
2020-09-17T06:12:00.000Z,2020-09-21T12:32:00.000Z,SELL,0.01,1,1,10.00,1,13610.00
2020-09-21T12:32:00.000Z,2020-09-21T15:32:00.000Z,SELL,0.01,1,1,10.00,1,13620.00
2020-09-21T15:32:00.000Z,2020-09-21T17:00:00.000Z,SELL,0.01,1,1,10.00,1,13630.00
2020-09-21T17:00:00.000Z,2020-09-21T17:21:00.000Z,SELL,0.01,1,1,10.00,1,13640.00
2020-09-21T17:21:00.000Z,2020-09-21T17:29:00.000Z,SELL,0.01,1,1,10.00,1,13650.00
2020-09-21T17:29:00.000Z,2020-09-23T09:09:00.000Z,SELL,0.01,3,1,10.00,3,13660.00
2020-09-23T09:09:00.000Z,2020-09-23T17:15:00.000Z,SELL,0.01,1,1,10.00,1,13670.00
2020-09-23T17:15:00.000Z,2020-09-23T22:04:00.000Z,SELL,0.01,1,1,10.00,1,13680.00
2020-09-23T22:04:00.000Z,2020-09-24T08:43:00.000Z,SELL,0.01,1,1,10.00,1,13690.00
2020-09-24T08:43:00.000Z,2020-09-28T20:33:00.000Z,SELL,0.01,4,1,10.00,4,13700.00
2020-09-28T20:33:00.000Z,2020-09-29T17:21:00.000Z,BUY,0.01,1,1,10.00,1,13710.00
2020-09-29T17:21:00.000Z,2020-09-30T18:15:00.000Z,BUY,0.01,1,1,10.00,1,13720.00
2020-09-30T18:15:00.000Z,2020-09-30T20:08:00.000Z,SELL,0.01,1,1,10.00,1,13730.00
2020-09-30T20:08:00.000Z,2020-10-01T14:36:00.000Z,BUY,0.01,1,1,10.00,1,13740.00
2020-10-01T14:36:00.000Z,2020-10-01T18:34:00.000Z,BUY,0.01,1,1,10.00,1,13750.00
2020-10-01T18:34:00.000Z,2020-10-06T16:33:00.000Z,BUY,0.01,5,1,10.00,5,13760.00
2020-10-06T16:33:00.000Z,2020-10-06T22:06:00.000Z,BUY,0.01,2,1,10.00,2,13770.00
2020-10-06T22:06:00.000Z,2020-10-06T23:43:00.000Z,SELL,0.01,1,1,10.00,1,13780.00
2020-10-06T23:43:00.000Z,2020-10-09T06:01:00.000Z,SELL,0.01,2,1,10.00,2,13790.00
2020-10-09T06:01:00.000Z,2020-10-09T15:55:00.000Z,BUY,0.01,1,1,10.00,1,13800.00
2020-10-09T15:55:00.000Z,2020-10-12T02:11:00.000Z,BUY,0.01,1,1,10.00,1,13810.00
2020-10-12T02:11:00.000Z,2020-10-13T16:22:00.000Z,BUY,0.01,2,1,10.00,2,13820.00
2020-10-13T16:22:00.000Z,2020-10-13T17:00:00.000Z,SELL,0.01,1,1,10.00,1,13830.00
2020-10-13T17:00:00.000Z,2020-10-21T11:02:00.000Z,SELL,0.01,4,1,10.00,4,13840.00
2020-10-21T11:02:00.000Z,2020-10-21T17:40:00.000Z,BUY,0.01,1,1,10.00,1,13850.00
2020-10-21T17:40:00.000Z,2020-10-22T16:57:00.000Z,BUY,0.01,2,1,10.00,2,13860.00
2020-10-22T16:57:00.000Z,2020-10-28T13:59:00.000Z,SELL,0.01,1,1,10.00,1,13870.00
2020-10-28T13:59:00.000Z,2020-10-28T14:35:00.000Z,SELL,0.01,1,1,10.00,1,13880.00
2020-10-28T14:35:00.000Z,2020-10-28T16:53:00.000Z,SELL,0.01,1,1,10.00,1,13890.00
2020-10-28T16:53:00.000Z,2020-10-29T15:04:00.000Z,SELL,0.01,1,1,10.00,1,13900.00
2020-10-29T15:04:00.000Z,2020-11-02T11:36:00.000Z,SELL,0.01,2,1,10.00,2,13910.00
2020-11-02T11:36:00.000Z,2020-11-03T11:47:00.000Z,BUY,0.01,1,1,10.00,1,13920.00
2020-11-03T11:47:00.000Z,2020-11-04T01:07:00.000Z,BUY,0.01,1,1,10.00,1,13930.00
2020-11-04T01:07:00.000Z,2020-11-05T14:22:00.000Z,BUY,0.01,3,1,10.00,3,13940.00
2020-11-05T14:22:00.000Z,2020-11-05T15:46:00.000Z,BUY,0.01,1,1,10.00,1,13950.00
2020-11-05T15:46:00.000Z,2020-11-05T17:13:00.000Z,BUY,0.01,1,1,10.00,1,13960.00
2020-11-05T17:13:00.000Z,2020-11-05T18:19:00.000Z,BUY,0.01,1,1,10.00,1,13970.00
2020-11-05T18:19:00.000Z,2020-11-09T06:15:00.000Z,BUY,0.01,1,1,10.00,1,13980.00
2020-11-09T06:15:00.000Z,2020-11-09T14:02:00.000Z,BUY,0.01,2,1,10.00,2,13990.00
2020-11-09T14:02:00.000Z,2020-11-09T14:13:00.000Z,BUY,0.01,2,1,10.00,2,14000.00
2020-11-09T14:13:00.000Z,2020-11-09T14:15:00.000Z,BUY,0.01,1,1,10.00,1,14010.00
2020-11-09T14:15:00.000Z,2020-11-09T15:38:00.000Z,BUY,0.01,2,1,10.00,2,14020.00
2020-11-09T15:38:00.000Z,2020-11-09T15:46:00.000Z,SELL,0.01,1,1,10.00,1,14030.00
2020-11-09T15:46:00.000Z,2020-11-09T16:57:00.000Z,SELL,0.01,1,1,10.00,1,14040.00
2020-11-09T16:57:00.000Z,2020-11-09T18:46:00.000Z,SELL,0.01,1,1,10.00,1,14050.00
2020-11-09T18:46:00.000Z,2020-11-10T05:43:00.000Z,SELL,0.01,2,1,10.00,2,14060.00
2020-11-10T05:43:00.000Z,2020-11-10T12:48:00.000Z,SELL,0.01,1,1,10.00,1,14070.00
2020-11-10T12:48:00.000Z,2020-11-11T15:55:00.000Z,SELL,0.01,1,1,10.00,1,14080.00
2020-11-11T15:55:00.000Z,2020-11-13T15:40:00.000Z,SELL,0.01,2,1,10.00,2,14090.00
2020-11-13T15:40:00.000Z,2020-11-19T07:45:00.000Z,BUY,0.01,4,1,10.00,4,14100.00
2020-11-19T07:45:00.000Z,2020-11-23T16:51:00.000Z,SELL,0.01,1,1,10.00,1,14110.00
2020-11-23T16:51:00.000Z,2020-11-23T17:00:00.000Z,SELL,0.01,1,1,10.00,1,14120.00
2020-11-23T17:00:00.000Z,2020-11-24T03:19:00.000Z,SELL,0.01,1,1,10.00,1,14130.00
2020-11-24T03:19:00.000Z,2020-11-24T12:29:00.000Z,SELL,0.01,1,1,10.00,1,14140.00
2020-11-24T12:29:00.000Z,2020-11-24T13:27:00.000Z,SELL,0.01,1,1,10.00,1,14150.00
2020-11-24T13:27:00.000Z,2020-11-27T15:11:00.000Z,SELL,0.01,1,1,10.00,1,14160.00
2020-11-27T15:11:00.000Z,2020-11-27T15:32:00.000Z,SELL,0.01,1,1,10.00,1,14170.00
2020-11-27T15:32:00.000Z,2020-11-27T15:54:00.000Z,SELL,0.01,1,1,10.00,1,14180.00
2020-11-27T15:54:00.000Z,2020-11-30T04:58:00.000Z,SELL,0.01,1,1,10.00,1,14190.00
2020-11-30T04:58:00.000Z,2020-12-01T12:59:00.000Z,SELL,0.01,2,1,10.00,2,14200.00
2020-12-01T12:59:00.000Z,2020-12-01T13:16:00.000Z,BUY,0.01,1,1,10.00,1,14210.00
2020-12-01T13:16:00.000Z,2020-12-02T10:32:00.000Z,BUY,0.01,1,1,10.00,1,14220.00
2020-12-02T10:32:00.000Z,2020-12-02T12:25:00.000Z,BUY,0.01,1,1,10.00,1,14230.00
2020-12-02T12:25:00.000Z,2020-12-03T09:41:00.000Z,BUY,0.01,1,1,10.00,1,14240.00
2020-12-03T09:41:00.000Z,2020-12-07T16:50:00.000Z,BUY,0.01,1,1,10.00,1,14250.00
2020-12-07T16:50:00.000Z,2020-12-09T16:59:00.000Z,SELL,0.01,3,1,10.00,3,14260.00
2020-12-09T16:59:00.000Z,2020-12-09T20:52:00.000Z,SELL,0.01,1,1,10.00,1,14270.00
2020-12-09T20:52:00.000Z,2020-12-14T12:29:00.000Z,SELL,0.01,3,1,10.00,3,14280.00
2020-12-14T12:29:00.000Z,2020-12-15T15:13:00.000Z,SELL,0.01,2,1,10.00,2,14290.00
2020-12-15T15:13:00.000Z,2020-12-16T10:35:00.000Z,BUY,0.01,1,1,10.00,1,14300.00
2020-12-16T10:35:00.000Z,2020-12-17T07:55:00.000Z,BUY,0.01,1,1,10.00,1,14310.00
2020-12-17T07:55:00.000Z,2020-12-17T10:31:00.000Z,BUY,0.01,1,1,10.00,1,14320.00
2020-12-17T10:31:00.000Z,2020-12-17T16:31:00.000Z,BUY,0.01,1,1,10.00,1,14330.00
2020-12-17T16:31:00.000Z,2020-12-21T07:10:00.000Z,BUY,0.01,1,1,10.00,1,14340.00
2020-12-21T07:10:00.000Z,2020-12-21T12:05:00.000Z,BUY,0.01,2,1,10.00,2,14350.00
2020-12-21T12:05:00.000Z,2020-12-21T13:42:00.000Z,BUY,0.01,1,1,10.00,1,14360.00
2020-12-21T13:42:00.000Z,2020-12-28T03:02:00.000Z,BUY,0.01,3,1,10.00,3,14370.00
2020-12-28T03:02:00.000Z,2021-01-04T01:05:00.000Z,BUY,0.01,5,1,10.00,5,14380.00
2021-01-04T01:05:00.000Z,2021-01-04T01:31:00.000Z,BUY,0.01,1,1,10.00,1,14390.00
2021-01-04T01:31:00.000Z,2021-01-04T04:57:00.000Z,BUY,0.01,1,1,10.00,1,14400.00
2021-01-04T04:57:00.000Z,2021-01-04T10:23:00.000Z,BUY,0.01,1,1,10.00,1,14410.00
2021-01-04T10:23:00.000Z,2021-01-04T16:42:00.000Z,BUY,0.01,1,1,10.00,1,14420.00
2021-01-04T16:42:00.000Z,2021-01-05T16:20:00.000Z,BUY,0.01,1,1,10.00,1,14430.00
2021-01-05T16:20:00.000Z,2021-01-06T17:28:00.000Z,BUY,0.01,2,1,10.00,2,14440.00
2021-01-06T17:28:00.000Z,2021-01-06T17:46:00.000Z,SELL,0.01,1,1,10.00,1,14450.00
2021-01-06T17:46:00.000Z,2021-01-06T18:10:00.000Z,SELL,0.01,1,1,10.00,1,14460.00
2021-01-06T18:10:00.000Z,2021-01-08T10:00:00.000Z,SELL,0.01,3,1,10.00,3,14470.00
2021-01-08T10:00:00.000Z,2021-01-08T10:00:00.000Z,SELL,0.01,1,1,10.00,1,14480.00
2021-01-08T10:00:00.000Z,2021-01-08T16:45:00.000Z,SELL,0.01,1,1,10.00,1,14490.00
2021-01-08T16:45:00.000Z,2021-01-08T16:56:00.000Z,SELL,0.01,1,1,10.00,1,14500.00
2021-01-08T16:56:00.000Z,2021-01-08T17:23:00.000Z,SELL,0.01,1,1,10.00,1,14510.00
2021-01-08T17:23:00.000Z,2021-01-08T19:33:00.000Z,SELL,0.01,1,1,10.00,1,14520.00
2021-01-08T19:33:00.000Z,2021-01-08T20:25:00.000Z,SELL,0.01,1,1,10.00,1,14530.00
2021-01-08T20:25:00.000Z,2021-01-11T03:15:00.000Z,SELL,0.01,3,1,10.00,3,14540.00
2021-01-11T03:15:00.000Z,2021-01-11T09:17:00.000Z,SELL,0.01,2,1,10.00,2,14550.00
2021-01-11T09:17:00.000Z,2021-01-11T15:03:00.000Z,SELL,0.01,1,1,10.00,1,14560.00
2021-01-11T15:03:00.000Z,2021-01-11T16:20:00.000Z,SELL,0.01,1,1,10.00,1,14570.00
2021-01-11T16:20:00.000Z,2021-01-12T08:46:00.000Z,SELL,0.01,2,1,10.00,2,14580.00
2021-01-12T08:46:00.000Z,2021-01-15T17:50:00.000Z,BUY,0.01,4,1,10.00,4,14590.00
2021-01-15T17:50:00.000Z,2021-01-18T01:36:00.000Z,SELL,0.01,1,1,10.00,1,14600.00
2021-01-18T01:36:00.000Z,2021-01-20T04:46:00.000Z,SELL,0.01,2,1,10.00,2,14610.00
2021-01-20T04:46:00.000Z,2021-01-20T16:21:00.000Z,BUY,0.01,1,1,10.00,1,14620.00
2021-01-20T16:21:00.000Z,2021-01-20T17:46:00.000Z,BUY,0.01,1,1,10.00,1,14630.00
2021-01-20T17:46:00.000Z,2021-01-22T15:00:00.000Z,BUY,0.01,2,1,10.00,2,14640.00
2021-01-22T15:00:00.000Z,2021-01-29T12:58:00.000Z,SELL,0.01,5,0,-2420.00,5,12220.00
2021-01-29T12:58:00.000Z,2021-01-29T15:19:00.000Z,BUY,0.01,1,1,10.00,1,12230.00
2021-01-29T15:19:00.000Z,2021-02-02T14:00:00.000Z,BUY,0.01,4,1,10.00,4,12240.00
2021-02-02T14:00:00.000Z,2021-02-02T16:55:00.000Z,SELL,0.01,1,1,10.00,1,12250.00
2021-02-02T16:55:00.000Z,2021-02-04T07:43:00.000Z,SELL,0.01,1,1,10.00,1,12260.00
2021-02-04T07:43:00.000Z,2021-02-04T15:45:00.000Z,SELL,0.01,1,1,10.00,1,12270.00
2021-02-04T15:45:00.000Z,2021-02-04T16:04:00.000Z,SELL,0.01,1,1,10.00,1,12280.00
2021-02-04T16:04:00.000Z,2021-02-04T16:41:00.000Z,SELL,0.01,1,1,10.00,1,12290.00
2021-02-04T16:41:00.000Z,2021-02-08T01:22:00.000Z,SELL,0.01,2,1,10.00,2,12300.00
2021-02-08T01:22:00.000Z,2021-02-08T15:44:00.000Z,BUY,0.01,1,1,10.00,1,12310.00
2021-02-08T15:44:00.000Z,2021-02-08T17:47:00.000Z,BUY,0.01,1,1,10.00,1,12320.00
2021-02-08T17:47:00.000Z,2021-02-10T15:32:00.000Z,BUY,0.01,1,1,10.00,1,12330.00
2021-02-10T15:32:00.000Z,2021-02-12T04:53:00.000Z,BUY,0.01,2,1,10.00,2,12340.00
2021-02-12T04:53:00.000Z,2021-02-16T14:49:00.000Z,SELL,0.01,1,1,10.00,1,12350.00
2021-02-16T14:49:00.000Z,2021-02-16T15:41:00.000Z,SELL,0.01,1,1,10.00,1,12360.00
2021-02-16T15:41:00.000Z,2021-02-17T01:07:00.000Z,SELL,0.01,1,1,10.00,1,12370.00
2021-02-17T01:07:00.000Z,2021-02-17T15:25:00.000Z,SELL,0.01,1,1,10.00,1,12380.00
2021-02-17T15:25:00.000Z,2021-02-19T02:28:00.000Z,SELL,0.01,1,1,10.00,1,12390.00
2021-02-19T02:28:00.000Z,2021-02-22T11:27:00.000Z,SELL,0.01,2,1,10.00,2,12400.00
2021-02-22T11:27:00.000Z,2021-02-22T17:29:00.000Z,BUY,0.01,1,1,10.00,1,12410.00
2021-02-22T17:29:00.000Z,2021-02-25T16:07:00.000Z,BUY,0.01,2,1,10.00,2,12420.00
2021-02-25T16:07:00.000Z,2021-02-25T20:02:00.000Z,SELL,0.01,1,1,10.00,1,12430.00
2021-02-25T20:02:00.000Z,2021-02-26T09:15:00.000Z,SELL,0.01,1,1,10.00,1,12440.00
2021-02-26T09:15:00.000Z,2021-02-26T16:51:00.000Z,SELL,0.01,1,1,10.00,1,12450.00
2021-02-26T16:51:00.000Z,2021-02-26T17:15:00.000Z,SELL,0.01,1,1,10.00,1,12460.00
2021-02-26T17:15:00.000Z,2021-02-26T17:27:00.000Z,SELL,0.01,1,1,10.00,1,12470.00
2021-02-26T17:27:00.000Z,2021-03-01T09:29:00.000Z,SELL,0.01,2,1,10.00,2,12480.00
2021-03-01T09:29:00.000Z,2021-03-01T11:35:00.000Z,SELL,0.01,1,1,10.00,1,12490.00
2021-03-01T11:35:00.000Z,2021-03-01T14:43:00.000Z,SELL,0.01,1,1,10.00,1,12500.00
2021-03-01T14:43:00.000Z,2021-03-01T19:41:00.000Z,SELL,0.01,1,1,10.00,1,12510.00
2021-03-01T19:41:00.000Z,2021-03-02T03:24:00.000Z,SELL,0.01,1,1,10.00,1,12520.00
2021-03-02T03:24:00.000Z,2021-03-03T17:43:00.000Z,SELL,0.01,3,1,10.00,3,12530.00
2021-03-03T17:43:00.000Z,2021-03-04T20:48:00.000Z,SELL,0.01,1,1,10.00,1,12540.00
2021-03-04T20:48:00.000Z,2021-03-08T14:00:00.000Z,SELL,0.01,1,1,10.00,1,12550.00
2021-03-08T14:00:00.000Z,2021-03-09T16:00:00.000Z,SELL,0.01,2,1,10.00,2,12560.00
2021-03-09T16:00:00.000Z,2021-03-10T21:21:00.000Z,BUY,0.01,1,1,10.00,1,12570.00
2021-03-10T21:21:00.000Z,2021-03-11T09:25:00.000Z,BUY,0.01,1,1,10.00,1,12580.00
2021-03-11T09:25:00.000Z,2021-03-12T11:01:00.000Z,BUY,0.01,2,1,10.00,2,12590.00
2021-03-12T11:01:00.000Z,2021-03-16T07:40:00.000Z,SELL,0.01,2,1,10.00,2,12600.00
2021-03-16T07:40:00.000Z,2021-03-17T20:41:00.000Z,BUY,0.01,1,1,10.00,1,12610.00
2021-03-17T20:41:00.000Z,2021-03-18T09:36:00.000Z,SELL,0.01,1,1,10.00,1,12620.00
2021-03-18T09:36:00.000Z,2021-03-19T22:45:00.000Z,BUY,0.01,1,1,10.00,1,12630.00
2021-03-19T22:45:00.000Z,2021-03-29T16:37:00.000Z,BUY,0.01,2,1,10.00,2,12640.00
2021-03-29T16:37:00.000Z,2021-03-29T17:03:00.000Z,SELL,0.01,1,1,10.00,1,12650.00
2021-03-29T17:03:00.000Z,2021-03-30T10:46:00.000Z,SELL,0.01,1,1,10.00,1,12660.00
2021-03-30T10:46:00.000Z,2021-03-30T15:29:00.000Z,SELL,0.01,1,1,10.00,1,12670.00
2021-03-30T15:29:00.000Z,2021-04-01T09:40:00.000Z,SELL,0.01,2,1,10.00,2,12680.00
2021-04-01T09:40:00.000Z,2021-04-01T16:51:00.000Z,BUY,0.01,1,1,10.00,1,12690.00
2021-04-01T16:51:00.000Z,2021-04-06T08:08:00.000Z,BUY,0.01,1,1,10.00,1,12700.00
2021-04-06T08:08:00.000Z,2021-04-08T10:36:00.000Z,BUY,0.01,1,1,10.00,1,12710.00
2021-04-08T10:36:00.000Z,2021-04-08T16:42:00.000Z,BUY,0.01,1,1,10.00,1,12720.00
2021-04-08T16:42:00.000Z,2021-04-13T08:33:00.000Z,BUY,0.01,2,1,10.00,2,12730.00
2021-04-13T08:33:00.000Z,2021-04-15T16:53:00.000Z,SELL,0.01,2,1,10.00,2,12740.00
2021-04-15T16:53:00.000Z,2021-04-15T18:07:00.000Z,BUY,0.01,1,1,10.00,1,12750.00
2021-04-15T18:07:00.000Z,2021-04-16T13:55:00.000Z,BUY,0.01,1,1,10.00,1,12760.00
2021-04-16T13:55:00.000Z,2021-04-19T11:00:00.000Z,BUY,0.01,1,1,10.00,1,12770.00
2021-04-19T11:00:00.000Z,2021-04-21T16:59:00.000Z,BUY,0.01,3,1,10.00,3,12780.00
2021-04-21T16:59:00.000Z,2021-04-28T04:29:00.000Z,BUY,0.01,2,1,10.00,2,12790.00
2021-04-28T04:29:00.000Z,2021-04-29T16:59:00.000Z,SELL,0.01,3,1,10.00,3,12800.00
2021-04-29T16:59:00.000Z,2021-05-03T16:01:00.000Z,SELL,0.01,2,1,10.00,2,12810.00
2021-05-03T16:01:00.000Z,2021-05-03T17:32:00.000Z,BUY,0.01,1,1,10.00,1,12820.00
2021-05-03T17:32:00.000Z,2021-05-06T16:41:00.000Z,BUY,0.01,3,1,10.00,3,12830.00
2021-05-06T16:41:00.000Z,2021-05-06T18:29:00.000Z,BUY,0.01,1,1,10.00,1,12840.00
2021-05-06T18:29:00.000Z,2021-05-07T15:30:00.000Z,BUY,0.01,1,1,10.00,1,12850.00
2021-05-07T15:30:00.000Z,2021-05-07T15:41:00.000Z,BUY,0.01,1,1,10.00,1,12860.00
2021-05-07T15:41:00.000Z,2021-05-17T04:15:00.000Z,BUY,0.01,5,1,10.00,5,12870.00
2021-05-17T04:15:00.000Z,2021-05-17T17:17:00.000Z,BUY,0.01,1,1,10.00,1,12880.00
2021-05-17T17:17:00.000Z,2021-05-18T03:12:00.000Z,BUY,0.01,1,1,10.00,1,12890.00
2021-05-18T03:12:00.000Z,2021-05-19T16:39:00.000Z,BUY,0.01,1,1,10.00,1,12900.00
2021-05-19T16:39:00.000Z,2021-05-19T21:11:00.000Z,SELL,0.01,1,1,10.00,1,12910.00
2021-05-19T21:11:00.000Z,2021-05-20T17:11:00.000Z,BUY,0.01,1,1,10.00,1,12920.00
2021-05-20T17:11:00.000Z,2021-05-25T17:03:00.000Z,BUY,0.01,1,1,10.00,1,12930.00
2021-05-25T17:03:00.000Z,2021-05-25T22:58:00.000Z,BUY,0.01,1,1,10.00,1,12940.00
2021-05-25T22:58:00.000Z,2021-05-26T10:51:00.000Z,BUY,0.01,1,1,10.00,1,12950.00
2021-05-26T10:51:00.000Z,2021-06-03T16:01:00.000Z,BUY,0.01,4,1,10.00,4,12960.00
2021-06-03T16:01:00.000Z,2021-06-03T16:36:00.000Z,SELL,0.01,1,1,10.00,1,12970.00
2021-06-03T16:36:00.000Z,2021-06-04T04:56:00.000Z,SELL,0.01,1,1,10.00,1,12980.00
2021-06-04T04:56:00.000Z,2021-06-04T16:45:00.000Z,SELL,0.01,2,1,10.00,2,12990.00
2021-06-04T16:45:00.000Z,2021-06-10T10:35:00.000Z,SELL,0.01,1,1,10.00,1,13000.00
2021-06-10T10:35:00.000Z,2021-06-14T04:00:00.000Z,SELL,0.01,3,1,10.00,3,13010.00
2021-06-14T04:00:00.000Z,2021-06-14T09:55:00.000Z,SELL,0.01,1,1,10.00,1,13020.00
2021-06-14T09:55:00.000Z,2021-06-14T15:20:00.000Z,SELL,0.01,1,1,10.00,1,13030.00
2021-06-14T15:20:00.000Z,2021-06-16T21:15:00.000Z,SELL,0.01,3,1,10.00,3,13040.00
2021-06-16T21:15:00.000Z,2021-06-16T22:59:00.000Z,SELL,0.01,1,1,10.00,1,13050.00
2021-06-16T22:59:00.000Z,2021-06-16T23:41:00.000Z,SELL,0.01,1,1,10.00,1,13060.00
2021-06-16T23:41:00.000Z,2021-06-16T23:42:00.000Z,SELL,0.01,1,1,10.00,1,13070.00
2021-06-16T23:42:00.000Z,2021-06-17T13:44:00.000Z,SELL,0.01,1,1,10.00,1,13080.00
2021-06-17T13:44:00.000Z,2021-06-17T14:50:00.000Z,SELL,0.01,1,1,10.00,1,13090.00
2021-06-17T14:50:00.000Z,2021-06-17T15:24:00.000Z,SELL,0.01,1,1,10.00,1,13100.00
2021-06-17T15:24:00.000Z,2021-06-18T22:59:00.000Z,SELL,0.01,3,1,10.00,3,13110.00
2021-06-18T22:59:00.000Z,2021-06-29T15:43:00.000Z,SELL,0.01,3,1,10.00,3,13120.00
2021-06-29T15:43:00.000Z,2021-07-02T13:40:00.000Z,SELL,0.01,2,1,10.00,2,13130.00
2021-07-02T13:40:00.000Z,2021-07-06T05:08:00.000Z,BUY,0.01,1,1,10.00,1,13140.00
2021-07-06T05:08:00.000Z,2021-07-06T10:42:00.000Z,BUY,0.01,1,1,10.00,1,13150.00
2021-07-06T10:42:00.000Z,2021-07-08T13:58:00.000Z,BUY,0.01,1,1,10.00,1,13160.00
2021-07-08T13:58:00.000Z,2021-07-14T15:33:00.000Z,BUY,0.01,3,1,10.00,3,13170.00
2021-07-14T15:33:00.000Z,2021-07-19T15:01:00.000Z,BUY,0.01,2,1,10.00,2,13180.00
2021-07-19T15:01:00.000Z,2021-07-29T14:27:00.000Z,SELL,0.01,4,1,10.00,4,13190.00
2021-07-29T14:27:00.000Z,2021-08-06T10:16:00.000Z,BUY,0.01,4,1,10.00,4,13200.00
2021-08-06T10:16:00.000Z,2021-08-06T15:40:00.000Z,SELL,0.01,1,1,10.00,1,13210.00
2021-08-06T15:40:00.000Z,2021-08-06T15:49:00.000Z,SELL,0.01,1,1,10.00,1,13220.00
2021-08-06T15:49:00.000Z,2021-08-06T16:45:00.000Z,SELL,0.01,1,1,10.00,1,13230.00
2021-08-06T16:45:00.000Z,2021-08-09T01:19:00.000Z,SELL,0.01,1,1,10.00,1,13240.00
2021-08-09T01:19:00.000Z,2021-08-09T01:48:00.000Z,SELL,0.01,1,1,10.00,1,13250.00
2021-08-09T01:48:00.000Z,2021-08-09T01:51:00.000Z,SELL,0.01,1,1,10.00,1,13260.00
2021-08-09T01:51:00.000Z,2021-08-09T01:51:00.000Z,SELL,0.01,1,1,10.00,1,13270.00
2021-08-09T01:51:00.000Z,2021-08-09T01:57:00.000Z,SELL,0.01,1,1,10.00,1,13280.00
2021-08-09T01:57:00.000Z,2021-08-09T01:58:00.000Z,SELL,0.01,1,1,10.00,1,13290.00
2021-08-09T01:58:00.000Z,2021-08-09T01:58:00.000Z,SELL,0.01,1,1,10.00,1,13300.00
2021-08-09T01:58:00.000Z,2021-08-09T02:01:00.000Z,SELL,0.01,1,1,10.00,1,13310.00
2021-08-09T02:01:00.000Z,2021-08-09T02:43:00.000Z,SELL,0.01,2,1,10.00,2,13320.00
2021-08-09T02:43:00.000Z,2021-08-09T08:36:00.000Z,SELL,0.01,2,1,10.00,2,13330.00
2021-08-09T08:36:00.000Z,2021-08-09T17:44:00.000Z,SELL,0.01,1,1,10.00,1,13340.00
2021-08-09T17:44:00.000Z,2021-08-09T19:30:00.000Z,SELL,0.01,1,1,10.00,1,13350.00
2021-08-09T19:30:00.000Z,2021-08-11T20:03:00.000Z,SELL,0.01,2,1,10.00,2,13360.00
2021-08-11T20:03:00.000Z,2021-08-13T16:05:00.000Z,BUY,0.01,1,1,10.00,1,13370.00
2021-08-13T16:05:00.000Z,2021-08-13T18:15:00.000Z,BUY,0.01,1,1,10.00,1,13380.00
2021-08-13T18:15:00.000Z,2021-08-16T16:37:00.000Z,BUY,0.01,1,1,10.00,1,13390.00
2021-08-16T16:37:00.000Z,2021-08-17T10:22:00.000Z,BUY,0.01,1,1,10.00,1,13400.00
2021-08-17T10:22:00.000Z,2021-08-23T16:27:00.000Z,BUY,0.01,3,1,10.00,3,13410.00
2021-08-23T16:27:00.000Z,2021-08-27T19:31:00.000Z,BUY,0.01,3,1,10.00,3,13420.00
2021-08-27T19:31:00.000Z,2021-09-03T15:31:00.000Z,BUY,0.01,1,1,10.00,1,13430.00
2021-09-03T15:31:00.000Z,2021-09-07T17:27:00.000Z,BUY,0.01,2,1,10.00,2,13440.00
2021-09-07T17:27:00.000Z,2021-09-08T16:48:00.000Z,SELL,0.01,1,1,10.00,1,13450.00
2021-09-08T16:48:00.000Z,2021-09-16T13:00:00.000Z,SELL,0.01,3,1,10.00,3,13460.00
2021-09-16T13:00:00.000Z,2021-09-16T15:30:00.000Z,SELL,0.01,1,1,10.00,1,13470.00
2021-09-16T15:30:00.000Z,2021-09-16T16:35:00.000Z,SELL,0.01,1,1,10.00,1,13480.00
2021-09-16T16:35:00.000Z,2021-09-20T05:24:00.000Z,SELL,0.01,1,1,10.00,1,13490.00
2021-09-20T05:24:00.000Z,2021-09-21T15:30:00.000Z,SELL,0.01,2,1,10.00,2,13500.00
2021-09-21T15:30:00.000Z,2021-09-22T21:05:00.000Z,BUY,0.01,1,1,10.00,1,13510.00
2021-09-22T21:05:00.000Z,2021-09-23T16:06:00.000Z,BUY,0.01,2,1,10.00,2,13520.00
2021-09-23T16:06:00.000Z,2021-09-23T23:23:00.000Z,SELL,0.01,1,1,10.00,1,13530.00
2021-09-23T23:23:00.000Z,2021-09-28T13:50:00.000Z,SELL,0.01,1,1,10.00,1,13540.00
2021-09-28T13:50:00.000Z,2021-09-29T20:21:00.000Z,SELL,0.01,1,1,10.00,1,13550.00
2021-09-29T20:21:00.000Z,2021-09-30T17:29:00.000Z,SELL,0.01,2,1,10.00,2,13560.00
2021-09-30T17:29:00.000Z,2021-10-04T01:26:00.000Z,BUY,0.01,1,1,10.00,1,13570.00
2021-10-04T01:26:00.000Z,2021-10-08T15:38:00.000Z,BUY,0.01,1,1,10.00,1,13580.00
2021-10-08T15:38:00.000Z,2021-10-13T17:02:00.000Z,BUY,0.01,3,1,10.00,3,13590.00
2021-10-13T17:02:00.000Z,2021-10-13T17:51:00.000Z,BUY,0.01,1,1,10.00,1,13600.00
2021-10-13T17:51:00.000Z,2021-10-15T15:55:00.000Z,BUY,0.01,2,1,10.00,2,13610.00
2021-10-15T15:55:00.000Z,2021-10-22T15:20:00.000Z,SELL,0.01,2,1,10.00,2,13620.00
2021-10-22T15:20:00.000Z,2021-10-22T15:48:00.000Z,BUY,0.01,1,1,10.00,1,13630.00
2021-10-22T15:48:00.000Z,2021-10-29T15:17:00.000Z,BUY,0.01,5,0,-2420.00,5,11210.00
2021-10-29T15:17:00.000Z,2021-10-29T16:42:00.000Z,SELL,0.01,1,1,10.00,1,11220.00
2021-10-29T16:42:00.000Z,2021-11-03T16:00:00.000Z,SELL,0.01,3,1,10.00,3,11230.00
2021-11-03T16:00:00.000Z,2021-11-04T15:59:00.000Z,SELL,0.01,2,1,10.00,2,11240.00
2021-11-04T15:59:00.000Z,2021-11-05T17:17:00.000Z,BUY,0.01,1,1,10.00,1,11250.00
2021-11-05T17:17:00.000Z,2021-11-05T20:28:00.000Z,BUY,0.01,1,1,10.00,1,11260.00
2021-11-05T20:28:00.000Z,2021-11-08T16:20:00.000Z,BUY,0.01,1,1,10.00,1,11270.00
2021-11-08T16:20:00.000Z,2021-11-10T15:33:00.000Z,BUY,0.01,1,1,10.00,1,11280.00
2021-11-10T15:33:00.000Z,2021-11-10T16:39:00.000Z,SELL,0.01,2,1,10.00,2,11290.00
2021-11-10T16:39:00.000Z,2021-11-16T15:12:00.000Z,BUY,0.01,3,1,10.00,3,11300.00
2021-11-16T15:12:00.000Z,2021-11-19T19:42:00.000Z,BUY,0.01,2,1,10.00,2,11310.00
2021-11-19T19:42:00.000Z,2021-11-22T15:35:00.000Z,SELL,0.01,1,1,10.00,1,11320.00
2021-11-22T15:35:00.000Z,2021-11-22T16:16:00.000Z,SELL,0.01,1,1,10.00,1,11330.00
2021-11-22T16:16:00.000Z,2021-11-22T16:21:00.000Z,SELL,0.01,1,1,10.00,1,11340.00
2021-11-22T16:21:00.000Z,2021-11-22T20:07:00.000Z,SELL,0.01,1,1,10.00,1,11350.00
2021-11-22T20:07:00.000Z,2021-11-23T11:38:00.000Z,SELL,0.01,1,1,10.00,1,11360.00
2021-11-23T11:38:00.000Z,2021-11-23T15:38:00.000Z,SELL,0.01,1,1,10.00,1,11370.00
2021-11-23T15:38:00.000Z,2021-11-26T13:32:00.000Z,SELL,0.01,2,1,10.00,2,11380.00
2021-11-26T13:32:00.000Z,2021-11-26T18:43:00.000Z,BUY,0.01,2,1,10.00,2,11390.00
2021-11-26T18:43:00.000Z,2021-11-29T01:59:00.000Z,BUY,0.01,1,1,10.00,1,11400.00
2021-11-29T01:59:00.000Z,2021-11-29T16:20:00.000Z,SELL,0.01,1,1,10.00,1,11410.00
2021-11-29T16:20:00.000Z,2021-11-30T18:01:00.000Z,SELL,0.01,3,1,10.00,3,11420.00
2021-11-30T18:01:00.000Z,2021-12-01T07:57:00.000Z,BUY,0.01,1,1,10.00,1,11430.00
2021-12-01T07:57:00.000Z,2021-12-02T10:14:00.000Z,SELL,0.01,1,1,10.00,1,11440.00
2021-12-02T10:14:00.000Z,2021-12-02T16:55:00.000Z,SELL,0.01,1,1,10.00,1,11450.00
2021-12-02T16:55:00.000Z,2021-12-15T21:00:00.000Z,SELL,0.01,3,1,10.00,3,11460.00
2021-12-15T21:00:00.000Z,2021-12-16T08:16:00.000Z,SELL,0.01,2,1,10.00,2,11470.00
2021-12-16T08:16:00.000Z,2021-12-16T16:56:00.000Z,BUY,0.01,1,1,10.00,1,11480.00
2021-12-16T16:56:00.000Z,2021-12-17T07:53:00.000Z,BUY,0.01,1,1,10.00,1,11490.00
2021-12-17T07:53:00.000Z,2021-12-28T08:42:00.000Z,BUY,0.01,3,1,10.00,3,11500.00
2021-12-28T08:42:00.000Z,2021-12-31T15:29:00.000Z,BUY,0.01,3,1,10.00,3,11510.00
2021-12-31T15:29:00.000Z,2022-01-06T10:56:00.000Z,BUY,0.01,4,1,10.00,4,11520.00
2022-01-06T10:56:00.000Z,2022-01-07T15:36:00.000Z,SELL,0.01,1,1,10.00,1,11530.00
2022-01-07T15:36:00.000Z,2022-01-11T18:26:00.000Z,SELL,0.01,2,1,10.00,2,11540.00
2022-01-11T18:26:00.000Z,2022-01-12T15:43:00.000Z,BUY,0.01,1,1,10.00,1,11550.00
2022-01-12T15:43:00.000Z,2022-01-19T17:06:00.000Z,BUY,0.01,1,1,10.00,1,11560.00
2022-01-19T17:06:00.000Z,2022-01-20T15:33:00.000Z,BUY,0.01,1,1,10.00,1,11570.00
2022-01-20T15:33:00.000Z,2022-01-26T21:57:00.000Z,BUY,0.01,2,1,10.00,2,11580.00
2022-01-26T21:57:00.000Z,2022-01-27T15:00:00.000Z,SELL,0.01,1,1,10.00,1,11590.00
2022-01-27T15:00:00.000Z,2022-01-27T18:19:00.000Z,SELL,0.01,1,1,10.00,1,11600.00
2022-01-27T18:19:00.000Z,2022-01-28T13:08:00.000Z,SELL,0.01,1,1,10.00,1,11610.00
2022-01-28T13:08:00.000Z,2022-02-07T03:00:00.000Z,SELL,0.01,2,1,10.00,2,11620.00
2022-02-07T03:00:00.000Z,2022-02-08T17:25:00.000Z,BUY,0.01,1,1,10.00,1,11630.00
2022-02-08T17:25:00.000Z,2022-02-09T19:28:00.000Z,BUY,0.01,1,1,10.00,1,11640.00
2022-02-09T19:28:00.000Z,2022-02-11T20:34:00.000Z,BUY,0.01,1,1,10.00,1,11650.00
2022-02-11T20:34:00.000Z,2022-02-11T20:46:00.000Z,BUY,0.01,1,1,10.00,1,11660.00
2022-02-11T20:46:00.000Z,2022-02-14T16:33:00.000Z,BUY,0.01,1,1,10.00,1,11670.00
2022-02-14T16:33:00.000Z,2022-02-15T04:38:00.000Z,BUY,0.01,1,1,10.00,1,11680.00
2022-02-15T04:38:00.000Z,2022-02-15T14:22:00.000Z,BUY,0.01,2,1,10.00,2,11690.00
2022-02-15T14:22:00.000Z,2022-02-17T08:06:00.000Z,SELL,0.01,2,1,10.00,2,11700.00
2022-02-17T08:06:00.000Z,2022-02-17T10:28:00.000Z,BUY,0.01,1,1,10.00,1,11710.00
2022-02-17T10:28:00.000Z,2022-02-17T15:44:00.000Z,BUY,0.01,1,1,10.00,1,11720.00
2022-02-17T15:44:00.000Z,2022-02-21T02:19:00.000Z,BUY,0.01,1,1,10.00,1,11730.00
2022-02-21T02:19:00.000Z,2022-02-24T04:49:00.000Z,BUY,0.01,1,1,10.00,1,11740.00
2022-02-24T04:49:00.000Z,2022-02-24T05:09:00.000Z,BUY,0.01,1,1,10.00,1,11750.00
2022-02-24T05:09:00.000Z,2022-02-24T06:11:00.000Z,BUY,0.01,1,1,10.00,1,11760.00
2022-02-24T06:11:00.000Z,2022-02-24T06:16:00.000Z,BUY,0.01,1,1,10.00,1,11770.00
2022-02-24T06:16:00.000Z,2022-02-24T12:13:00.000Z,BUY,0.01,1,1,10.00,1,11780.00
2022-02-24T12:13:00.000Z,2022-02-24T12:17:00.000Z,BUY,0.01,1,1,10.00,1,11790.00
2022-02-24T12:17:00.000Z,2022-02-24T16:41:00.000Z,BUY,0.01,2,1,10.00,2,11800.00
2022-02-24T16:41:00.000Z,2022-02-24T21:09:00.000Z,BUY,0.01,2,1,10.00,2,11810.00
2022-02-24T21:09:00.000Z,2022-02-24T21:37:00.000Z,BUY,0.01,2,1,10.00,2,11820.00
2022-02-24T21:37:00.000Z,2022-02-24T21:41:00.000Z,BUY,0.01,1,1,10.00,1,11830.00
2022-02-24T21:41:00.000Z,2022-02-24T23:01:00.000Z,BUY,0.01,1,1,10.00,1,11840.00
2022-02-24T23:01:00.000Z,2022-02-25T15:39:00.000Z,SELL,0.01,3,1,10.00,3,11850.00
2022-02-25T15:39:00.000Z,2022-02-28T01:05:00.000Z,SELL,0.01,2,1,10.00,2,11860.00
2022-02-28T01:05:00.000Z,2022-02-28T01:22:00.000Z,SELL,0.01,1,1,10.00,1,11870.00
2022-02-28T01:22:00.000Z,2022-02-28T09:26:00.000Z,SELL,0.01,1,1,10.00,1,11880.00
2022-02-28T09:26:00.000Z,2022-02-28T12:54:00.000Z,BUY,0.01,1,1,10.00,1,11890.00
2022-02-28T12:54:00.000Z,2022-02-28T18:41:00.000Z,SELL,0.01,1,1,10.00,1,11900.00
2022-02-28T18:41:00.000Z,2022-02-28T22:39:00.000Z,BUY,0.01,1,1,10.00,1,11910.00
2022-02-28T22:39:00.000Z,2022-03-01T20:20:00.000Z,SELL,0.01,2,1,10.00,2,11920.00
2022-03-01T20:20:00.000Z,2022-03-01T23:02:00.000Z,BUY,0.01,1,1,10.00,1,11930.00
2022-03-01T23:02:00.000Z,2022-03-02T12:26:00.000Z,BUY,0.01,2,1,10.00,2,11940.00
2022-03-02T12:26:00.000Z,2022-03-02T13:07:00.000Z,BUY,0.01,1,1,10.00,1,11950.00
2022-03-02T13:07:00.000Z,2022-03-03T22:18:00.000Z,BUY,0.01,1,1,10.00,1,11960.00
2022-03-03T22:18:00.000Z,2022-03-04T02:44:00.000Z,BUY,0.01,1,1,10.00,1,11970.00
2022-03-04T02:44:00.000Z,2022-03-04T18:07:00.000Z,BUY,0.01,3,1,10.00,3,11980.00
2022-03-04T18:07:00.000Z,2022-03-04T22:24:00.000Z,BUY,0.01,1,1,10.00,1,11990.00
2022-03-04T22:24:00.000Z,2022-03-07T01:05:00.000Z,BUY,0.01,1,1,10.00,1,12000.00
2022-03-07T01:05:00.000Z,2022-03-07T01:13:00.000Z,BUY,0.01,1,1,10.00,1,12010.00
2022-03-07T01:13:00.000Z,2022-03-07T03:44:00.000Z,BUY,0.01,1,1,10.00,1,12020.00
2022-03-07T03:44:00.000Z,2022-03-07T15:32:00.000Z,BUY,0.01,4,1,10.00,4,12030.00
2022-03-07T15:32:00.000Z,2022-03-07T16:43:00.000Z,BUY,0.01,1,1,10.00,1,12040.00
2022-03-07T16:43:00.000Z,2022-03-07T17:37:00.000Z,BUY,0.01,1,1,10.00,1,12050.00
2022-03-07T17:37:00.000Z,2022-03-08T08:33:00.000Z,BUY,0.01,1,1,10.00,1,12060.00
2022-03-08T08:33:00.000Z,2022-03-08T08:53:00.000Z,BUY,0.01,1,1,10.00,1,12070.00
2022-03-08T08:53:00.000Z,2022-03-08T16:38:00.000Z,BUY,0.01,1,1,10.00,1,12080.00
2022-03-08T16:38:00.000Z,2022-03-08T16:49:00.000Z,BUY,0.01,1,1,10.00,1,12090.00
2022-03-08T16:49:00.000Z,2022-03-08T17:05:00.000Z,BUY,0.01,1,1,10.00,1,12100.00
2022-03-08T17:05:00.000Z,2022-03-08T17:06:00.000Z,BUY,0.01,1,1,10.00,1,12110.00
2022-03-08T17:06:00.000Z,2022-03-08T17:08:00.000Z,BUY,0.01,1,1,10.00,1,12120.00
2022-03-08T17:08:00.000Z,2022-03-08T19:19:00.000Z,BUY,0.01,4,1,10.00,4,12130.00
2022-03-08T19:19:00.000Z,2022-03-08T19:22:00.000Z,BUY,0.01,1,1,10.00,1,12140.00
2022-03-08T19:22:00.000Z,2022-03-08T23:47:00.000Z,BUY,0.01,3,1,10.00,3,12150.00
2022-03-08T23:47:00.000Z,2022-03-09T11:39:00.000Z,BUY,0.01,2,1,10.00,2,12160.00
2022-03-09T11:39:00.000Z,2022-03-09T15:26:00.000Z,BUY,0.01,2,1,10.00,2,12170.00
2022-03-09T15:26:00.000Z,2022-03-09T16:08:00.000Z,SELL,0.01,1,1,10.00,1,12180.00
2022-03-09T16:08:00.000Z,2022-03-10T03:05:00.000Z,SELL,0.01,3,1,10.00,3,12190.00
2022-03-10T03:05:00.000Z,2022-03-10T13:07:00.000Z,SELL,0.01,2,1,10.00,2,12200.00
2022-03-10T13:07:00.000Z,2022-03-10T15:51:00.000Z,SELL,0.01,1,1,10.00,1,12210.00
2022-03-10T15:51:00.000Z,2022-03-10T17:18:00.000Z,SELL,0.01,1,1,10.00,1,12220.00
2022-03-10T17:18:00.000Z,2022-03-11T13:43:00.000Z,SELL,0.01,3,1,10.00,3,12230.00
2022-03-11T13:43:00.000Z,2022-03-11T14:32:00.000Z,SELL,0.01,1,1,10.00,1,12240.00
2022-03-11T14:32:00.000Z,2022-03-14T15:55:00.000Z,SELL,0.01,3,1,10.00,3,12250.00
2022-03-14T15:55:00.000Z,2022-03-15T03:43:00.000Z,SELL,0.01,1,1,10.00,1,12260.00
2022-03-15T03:43:00.000Z,2022-03-15T07:20:00.000Z,SELL,0.01,1,1,10.00,1,12270.00
2022-03-15T07:20:00.000Z,2022-03-15T13:01:00.000Z,SELL,0.01,1,1,10.00,1,12280.00
2022-03-15T13:01:00.000Z,2022-03-15T16:15:00.000Z,SELL,0.01,1,1,10.00,1,12290.00
2022-03-15T16:15:00.000Z,2022-03-16T20:17:00.000Z,SELL,0.01,3,1,10.00,3,12300.00
2022-03-16T20:17:00.000Z,2022-03-17T03:29:00.000Z,SELL,0.01,2,1,10.00,2,12310.00
2022-03-17T03:29:00.000Z,2022-03-17T10:34:00.000Z,BUY,0.01,1,1,10.00,1,12320.00
2022-03-17T10:34:00.000Z,2022-03-22T16:06:00.000Z,BUY,0.01,4,1,10.00,4,12330.00
2022-03-22T16:06:00.000Z,2022-03-23T21:24:00.000Z,SELL,0.01,2,1,10.00,2,12340.00
2022-03-23T21:24:00.000Z,2022-03-24T13:40:00.000Z,BUY,0.01,1,1,10.00,1,12350.00
2022-03-24T13:40:00.000Z,2022-03-24T16:30:00.000Z,BUY,0.01,1,1,10.00,1,12360.00
2022-03-24T16:30:00.000Z,2022-03-28T11:25:00.000Z,BUY,0.01,2,1,10.00,2,12370.00
2022-03-28T11:25:00.000Z,2022-03-28T22:30:00.000Z,SELL,0.01,1,1,10.00,1,12380.00
2022-03-28T22:30:00.000Z,2022-03-29T11:40:00.000Z,SELL,0.01,1,1,10.00,1,12390.00
2022-03-29T11:40:00.000Z,2022-03-29T15:23:00.000Z,SELL,0.01,1,1,10.00,1,12400.00
2022-03-29T15:23:00.000Z,2022-03-29T15:36:00.000Z,SELL,0.01,1,1,10.00,1,12410.00
2022-03-29T15:36:00.000Z,2022-03-29T22:50:00.000Z,SELL,0.01,2,1,10.00,2,12420.00
2022-03-29T22:50:00.000Z,2022-04-08T16:38:00.000Z,SELL,0.01,5,0,-2420.00,5,10000.00
2022-04-08T16:38:00.000Z,2022-04-11T11:20:00.000Z,BUY,0.01,1,1,10.00,1,10010.00
2022-04-11T11:20:00.000Z,2022-04-11T14:59:00.000Z,BUY,0.01,1,1,10.00,1,10020.00
2022-04-11T14:59:00.000Z,2022-04-12T15:54:00.000Z,BUY,0.01,1,1,10.00,1,10030.00
2022-04-12T15:54:00.000Z,2022-04-13T18:46:00.000Z,BUY,0.01,1,1,10.00,1,10040.00
2022-04-13T18:46:00.000Z,2022-04-18T10:44:00.000Z,BUY,0.01,3,1,10.00,3,10050.00
2022-04-18T10:44:00.000Z,2022-04-19T16:03:00.000Z,BUY,0.01,2,1,10.00,2,10060.00
2022-04-19T16:03:00.000Z,2022-04-19T18:20:00.000Z,SELL,0.01,1,1,10.00,1,10070.00
2022-04-19T18:20:00.000Z,2022-04-20T07:04:00.000Z,SELL,0.01,1,1,10.00,1,10080.00
2022-04-20T07:04:00.000Z,2022-04-22T15:19:00.000Z,SELL,0.01,1,1,10.00,1,10090.00
2022-04-22T15:19:00.000Z,2022-04-25T07:42:00.000Z,SELL,0.01,1,1,10.00,1,10100.00
2022-04-25T07:42:00.000Z,2022-04-25T13:38:00.000Z,SELL,0.01,1,1,10.00,1,10110.00
2022-04-25T13:38:00.000Z,2022-04-25T15:20:00.000Z,SELL,0.01,1,1,10.00,1,10120.00
2022-04-25T15:20:00.000Z,2022-04-27T11:12:00.000Z,SELL,0.01,1,1,10.00,1,10130.00
2022-04-27T11:12:00.000Z,2022-04-28T06:15:00.000Z,SELL,0.01,1,1,10.00,1,10140.00
2022-04-28T06:15:00.000Z,2022-04-29T09:16:00.000Z,SELL,0.01,2,1,10.00,2,10150.00
2022-04-29T09:16:00.000Z,2022-04-29T14:54:00.000Z,BUY,0.01,1,1,10.00,1,10160.00
2022-04-29T14:54:00.000Z,2022-05-02T03:47:00.000Z,BUY,0.01,2,1,10.00,2,10170.00
2022-05-02T03:47:00.000Z,2022-05-02T12:02:00.000Z,SELL,0.01,1,1,10.00,1,10180.00
2022-05-02T12:02:00.000Z,2022-05-02T15:32:00.000Z,SELL,0.01,1,1,10.00,1,10190.00
2022-05-02T15:32:00.000Z,2022-05-02T16:33:00.000Z,SELL,0.01,1,1,10.00,1,10200.00
2022-05-02T16:33:00.000Z,2022-05-04T22:10:00.000Z,SELL,0.01,2,1,10.00,2,10210.00
2022-05-04T22:10:00.000Z,2022-05-05T04:00:00.000Z,BUY,0.01,1,1,10.00,1,10220.00
2022-05-05T04:00:00.000Z,2022-05-05T15:50:00.000Z,BUY,0.01,1,1,10.00,1,10230.00
2022-05-05T15:50:00.000Z,2022-05-05T18:09:00.000Z,BUY,0.01,2,1,10.00,2,10240.00
2022-05-05T18:09:00.000Z,2022-05-06T15:37:00.000Z,BUY,0.01,1,1,10.00,1,10250.00
2022-05-06T15:37:00.000Z,2022-05-06T15:49:00.000Z,SELL,0.01,1,1,10.00,1,10260.00
2022-05-06T15:49:00.000Z,2022-05-09T10:17:00.000Z,SELL,0.01,1,1,10.00,1,10270.00
2022-05-09T10:17:00.000Z,2022-05-09T13:24:00.000Z,SELL,0.01,1,1,10.00,1,10280.00
2022-05-09T13:24:00.000Z,2022-05-10T17:48:00.000Z,SELL,0.01,1,1,10.00,1,10290.00
2022-05-10T17:48:00.000Z,2022-05-10T22:51:00.000Z,SELL,0.01,1,1,10.00,1,10300.00
2022-05-10T22:51:00.000Z,2022-05-12T19:53:00.000Z,SELL,0.01,3,1,10.00,3,10310.00
2022-05-12T19:53:00.000Z,2022-05-13T01:27:00.000Z,SELL,0.01,1,1,10.00,1,10320.00
2022-05-13T01:27:00.000Z,2022-05-13T16:04:00.000Z,SELL,0.01,1,1,10.00,1,10330.00
2022-05-13T16:04:00.000Z,2022-05-16T10:44:00.000Z,SELL,0.01,1,1,10.00,1,10340.00
2022-05-16T10:44:00.000Z,2022-05-16T10:53:00.000Z,SELL,0.01,1,1,10.00,1,10350.00
2022-05-16T10:53:00.000Z,2022-05-16T20:44:00.000Z,SELL,0.01,2,1,10.00,2,10360.00
2022-05-16T20:44:00.000Z,2022-05-19T18:15:00.000Z,SELL,0.01,2,1,10.00,2,10370.00
2022-05-19T18:15:00.000Z,2022-05-23T08:48:00.000Z,BUY,0.01,1,1,10.00,1,10380.00
2022-05-23T08:48:00.000Z,2022-05-24T16:59:00.000Z,BUY,0.01,1,1,10.00,1,10390.00
2022-05-24T16:59:00.000Z,2022-05-31T22:49:00.000Z,BUY,0.01,2,1,10.00,2,10400.00
2022-05-31T22:49:00.000Z,2022-06-02T17:09:00.000Z,SELL,0.01,2,1,10.00,2,10410.00
2022-06-02T17:09:00.000Z,2022-06-07T04:15:00.000Z,BUY,0.01,2,1,10.00,2,10420.00
2022-06-07T04:15:00.000Z,2022-06-10T15:31:00.000Z,SELL,0.01,3,1,10.00,3,10430.00
2022-06-10T15:31:00.000Z,2022-06-10T17:56:00.000Z,SELL,0.01,2,1,10.00,2,10440.00
2022-06-10T17:56:00.000Z,2022-06-13T15:32:00.000Z,SELL,0.01,3,1,10.00,3,10450.00
2022-06-13T15:32:00.000Z,2022-06-13T16:20:00.000Z,SELL,0.01,1,1,10.00,1,10460.00
2022-06-13T16:20:00.000Z,2022-06-13T17:12:00.000Z,SELL,0.01,1,1,10.00,1,10470.00
2022-06-13T17:12:00.000Z,2022-06-14T01:05:00.000Z,SELL,0.01,1,1,10.00,1,10480.00
2022-06-14T01:05:00.000Z,2022-06-14T22:05:00.000Z,SELL,0.01,1,1,10.00,1,10490.00
2022-06-14T22:05:00.000Z,2022-06-15T15:49:00.000Z,SELL,0.01,2,1,10.00,2,10500.00
2022-06-15T15:49:00.000Z,2022-06-16T18:50:00.000Z,BUY,0.01,5,1,10.00,5,10510.00
2022-06-16T18:50:00.000Z,2022-06-16T23:46:00.000Z,BUY,0.01,1,1,10.00,1,10520.00
2022-06-16T23:46:00.000Z,2022-06-22T05:06:00.000Z,BUY,0.01,2,1,10.00,2,10530.00
2022-06-22T05:06:00.000Z,2022-06-29T09:33:00.000Z,SELL,0.01,3,1,10.00,3,10540.00
2022-06-29T09:33:00.000Z,2022-06-30T14:38:00.000Z,SELL,0.01,1,1,10.00,1,10550.00
2022-06-30T14:38:00.000Z,2022-07-01T08:39:00.000Z,SELL,0.01,1,1,10.00,1,10560.00
2022-07-01T08:39:00.000Z,2022-07-01T14:42:00.000Z,SELL,0.01,1,1,10.00,1,10570.00
2022-07-01T14:42:00.000Z,2022-07-05T17:05:00.000Z,SELL,0.01,3,1,10.00,3,10580.00
2022-07-05T17:05:00.000Z,2022-07-05T18:31:00.000Z,SELL,0.01,1,1,10.00,1,10590.00
2022-07-05T18:31:00.000Z,2022-07-06T17:02:00.000Z,SELL,0.01,1,1,10.00,1,10600.00
2022-07-06T17:02:00.000Z,2022-07-06T17:58:00.000Z,SELL,0.01,1,1,10.00,1,10610.00
2022-07-06T17:58:00.000Z,2022-07-06T18:56:00.000Z,SELL,0.01,1,1,10.00,1,10620.00
2022-07-06T18:56:00.000Z,2022-07-12T04:16:00.000Z,SELL,0.01,1,1,10.00,1,10630.00
2022-07-12T04:16:00.000Z,2022-07-13T15:33:00.000Z,SELL,0.01,3,1,10.00,3,10640.00
2022-07-13T15:33:00.000Z,2022-07-13T18:07:00.000Z,SELL,0.01,2,1,10.00,2,10650.00
2022-07-13T18:07:00.000Z,2022-07-14T12:32:00.000Z,BUY,0.01,2,1,10.00,2,10660.00
2022-07-14T12:32:00.000Z,2022-07-14T16:24:00.000Z,SELL,0.01,1,1,10.00,1,10670.00
2022-07-14T16:24:00.000Z,2022-07-20T23:00:00.000Z,SELL,0.01,3,1,10.00,3,10680.00
2022-07-20T23:00:00.000Z,2022-07-21T12:04:00.000Z,SELL,0.01,1,1,10.00,1,10690.00
2022-07-21T12:04:00.000Z,2022-07-21T17:58:00.000Z,SELL,0.01,2,1,10.00,2,10700.00
2022-07-21T17:58:00.000Z,2022-07-28T10:09:00.000Z,SELL,0.01,4,1,10.00,4,10710.00
2022-07-28T10:09:00.000Z,2022-07-28T16:28:00.000Z,BUY,0.01,1,1,10.00,1,10720.00
2022-07-28T16:28:00.000Z,2022-07-29T06:55:00.000Z,BUY,0.01,1,1,10.00,1,10730.00
2022-07-29T06:55:00.000Z,2022-08-01T13:00:00.000Z,BUY,0.01,1,1,10.00,1,10740.00
2022-08-01T13:00:00.000Z,2022-08-02T15:24:00.000Z,BUY,0.01,1,1,10.00,1,10750.00
2022-08-02T15:24:00.000Z,2022-08-04T21:52:00.000Z,BUY,0.01,3,1,10.00,3,10760.00
2022-08-04T21:52:00.000Z,2022-08-10T15:30:00.000Z,BUY,0.01,3,1,10.00,3,10770.00
2022-08-10T15:30:00.000Z,2022-08-15T14:30:00.000Z,BUY,0.01,2,1,10.00,2,10780.00
2022-08-15T14:30:00.000Z,2022-08-17T18:06:00.000Z,SELL,0.01,1,1,10.00,1,10790.00
2022-08-17T18:06:00.000Z,2022-08-19T04:32:00.000Z,SELL,0.01,1,1,10.00,1,10800.00
2022-08-19T04:32:00.000Z,2022-08-22T07:54:00.000Z,SELL,0.01,1,1,10.00,1,10810.00
2022-08-22T07:54:00.000Z,2022-08-22T11:36:00.000Z,SELL,0.01,1,1,10.00,1,10820.00
2022-08-22T11:36:00.000Z,2022-08-25T11:25:00.000Z,SELL,0.01,2,1,10.00,2,10830.00
2022-08-25T11:25:00.000Z,2022-08-29T02:23:00.000Z,BUY,0.01,2,1,10.00,2,10840.00
2022-08-29T02:23:00.000Z,2022-08-29T05:03:00.000Z,SELL,0.01,1,1,10.00,1,10850.00
2022-08-29T05:03:00.000Z,2022-08-31T12:00:00.000Z,SELL,0.01,3,1,10.00,3,10860.00
2022-08-31T12:00:00.000Z,2022-09-01T05:00:00.000Z,SELL,0.01,1,1,10.00,1,10870.00
2022-09-01T05:00:00.000Z,2022-09-01T17:15:00.000Z,SELL,0.01,1,1,10.00,1,10880.00
2022-09-01T17:15:00.000Z,2022-09-06T03:48:00.000Z,SELL,0.01,2,1,10.00,2,10890.00
2022-09-06T03:48:00.000Z,2022-09-07T03:36:00.000Z,BUY,0.01,2,1,10.00,2,10900.00
2022-09-07T03:36:00.000Z,2022-09-08T13:36:00.000Z,SELL,0.01,2,1,10.00,2,10910.00
2022-09-08T13:36:00.000Z,2022-09-12T15:12:00.000Z,BUY,0.01,1,1,10.00,1,10920.00
2022-09-12T15:12:00.000Z,2022-09-13T16:00:00.000Z,BUY,0.01,2,1,10.00,2,10930.00
2022-09-13T16:00:00.000Z,2022-09-15T06:03:00.000Z,SELL,0.01,1,1,10.00,1,10940.00
2022-09-15T06:03:00.000Z,2022-09-15T15:30:00.000Z,SELL,0.01,1,1,10.00,1,10950.00
2022-09-15T15:30:00.000Z,2022-09-15T17:51:00.000Z,SELL,0.01,1,1,10.00,1,10960.00
2022-09-15T17:51:00.000Z,2022-09-15T19:09:00.000Z,SELL,0.01,1,1,10.00,1,10970.00
2022-09-15T19:09:00.000Z,2022-09-23T13:45:00.000Z,SELL,0.01,5,1,10.00,5,10980.00
2022-09-23T13:45:00.000Z,2022-09-23T13:58:00.000Z,SELL,0.01,1,1,10.00,1,10990.00
2022-09-23T13:58:00.000Z,2022-09-26T03:57:00.000Z,SELL,0.01,1,1,10.00,1,11000.00
2022-09-26T03:57:00.000Z,2022-09-26T23:33:00.000Z,SELL,0.01,1,1,10.00,1,11010.00
2022-09-26T23:33:00.000Z,2022-09-28T16:49:00.000Z,SELL,0.01,4,1,10.00,4,11020.00
2022-09-28T16:49:00.000Z,2022-10-03T17:22:00.000Z,SELL,0.01,2,1,10.00,2,11030.00
2022-10-03T17:22:00.000Z,2022-10-03T18:08:00.000Z,BUY,0.01,1,1,10.00,1,11040.00
2022-10-03T18:08:00.000Z,2022-10-04T02:21:00.000Z,BUY,0.01,1,1,10.00,1,11050.00
2022-10-04T02:21:00.000Z,2022-10-04T13:23:00.000Z,BUY,0.01,1,1,10.00,1,11060.00
2022-10-04T13:23:00.000Z,2022-10-04T17:49:00.000Z,BUY,0.01,1,1,10.00,1,11070.00
2022-10-04T17:49:00.000Z,2022-10-07T15:50:00.000Z,BUY,0.01,4,1,10.00,4,11080.00
2022-10-07T15:50:00.000Z,2022-10-10T11:13:00.000Z,SELL,0.01,1,1,10.00,1,11090.00
2022-10-10T11:13:00.000Z,2022-10-10T17:38:00.000Z,SELL,0.01,1,1,10.00,1,11100.00
2022-10-10T17:38:00.000Z,2022-10-11T05:15:00.000Z,SELL,0.01,1,1,10.00,1,11110.00
2022-10-11T05:15:00.000Z,2022-10-13T15:45:00.000Z,SELL,0.01,5,1,10.00,5,11120.00
2022-10-13T15:45:00.000Z,2022-10-13T18:23:00.000Z,BUY,0.01,1,1,10.00,1,11130.00
2022-10-13T18:23:00.000Z,2022-10-14T12:37:00.000Z,SELL,0.01,1,1,10.00,1,11140.00
2022-10-14T12:37:00.000Z,2022-10-14T20:22:00.000Z,SELL,0.01,1,1,10.00,1,11150.00
2022-10-14T20:22:00.000Z,2022-10-19T15:22:00.000Z,SELL,0.01,3,1,10.00,3,11160.00
2022-10-19T15:22:00.000Z,2022-10-21T07:16:00.000Z,SELL,0.01,1,1,10.00,1,11170.00
2022-10-21T07:16:00.000Z,2022-10-21T18:56:00.000Z,SELL,0.01,2,1,10.00,2,11180.00
2022-10-21T18:56:00.000Z,2022-10-24T01:03:00.000Z,BUY,0.01,1,1,10.00,1,11190.00
2022-10-24T01:03:00.000Z,2022-10-26T10:45:00.000Z,BUY,0.01,3,1,10.00,3,11200.00
2022-10-26T10:45:00.000Z,2022-10-28T15:30:00.000Z,BUY,0.01,2,1,10.00,2,11210.00
2022-10-28T15:30:00.000Z,2022-11-01T02:00:00.000Z,SELL,0.01,1,1,10.00,1,11220.00
2022-11-01T02:00:00.000Z,2022-11-02T20:02:00.000Z,SELL,0.01,2,1,10.00,2,11230.00
2022-11-02T20:02:00.000Z,2022-11-03T09:12:00.000Z,BUY,0.01,2,1,10.00,2,11240.00
2022-11-03T09:12:00.000Z,2022-11-03T11:45:00.000Z,SELL,0.01,1,1,10.00,1,11250.00
2022-11-03T11:45:00.000Z,2022-11-04T11:16:00.000Z,SELL,0.01,2,1,10.00,2,11260.00
2022-11-04T11:16:00.000Z,2022-11-04T15:00:00.000Z,BUY,0.01,1,1,10.00,1,11270.00
2022-11-04T15:00:00.000Z,2022-11-04T16:15:00.000Z,BUY,0.01,1,1,10.00,1,11280.00
2022-11-04T16:15:00.000Z,2022-11-04T20:58:00.000Z,BUY,0.01,1,1,10.00,1,11290.00
2022-11-04T20:58:00.000Z,2022-11-08T17:09:00.000Z,BUY,0.01,1,1,10.00,1,11300.00
2022-11-08T17:09:00.000Z,2022-11-08T17:16:00.000Z,BUY,0.01,1,1,10.00,1,11310.00
2022-11-08T17:16:00.000Z,2022-11-08T17:47:00.000Z,BUY,0.01,1,1,10.00,1,11320.00
2022-11-08T17:47:00.000Z,2022-11-09T17:11:00.000Z,BUY,0.01,1,1,10.00,1,11330.00
2022-11-09T17:11:00.000Z,2022-11-10T15:30:00.000Z,BUY,0.01,3,1,10.00,3,11340.00
2022-11-10T15:30:00.000Z,2022-11-10T16:45:00.000Z,BUY,0.01,1,1,10.00,1,11350.00
2022-11-10T16:45:00.000Z,2022-11-10T17:24:00.000Z,BUY,0.01,1,1,10.00,1,11360.00
2022-11-10T17:24:00.000Z,2022-11-11T07:35:00.000Z,BUY,0.01,1,1,10.00,1,11370.00
2022-11-11T07:35:00.000Z,2022-11-14T17:14:00.000Z,BUY,0.01,1,1,10.00,1,11380.00
2022-11-14T17:14:00.000Z,2022-11-15T09:47:00.000Z,BUY,0.01,1,1,10.00,1,11390.00
2022-11-15T09:47:00.000Z,2022-11-18T16:47:00.000Z,BUY,0.01,2,1,10.00,2,11400.00
2022-11-18T16:47:00.000Z,2022-11-21T09:41:00.000Z,SELL,0.01,1,1,10.00,1,11410.00
2022-11-21T09:41:00.000Z,2022-11-21T18:57:00.000Z,SELL,0.01,1,1,10.00,1,11420.00
2022-11-21T18:57:00.000Z,2022-11-28T12:36:00.000Z,SELL,0.01,2,1,10.00,2,11430.00
2022-11-28T12:36:00.000Z,2022-12-01T01:56:00.000Z,BUY,0.01,3,1,10.00,3,11440.00
2022-12-01T01:56:00.000Z,2022-12-01T08:52:00.000Z,BUY,0.01,1,1,10.00,1,11450.00
2022-12-01T08:52:00.000Z,2022-12-01T16:06:00.000Z,BUY,0.01,1,1,10.00,1,11460.00
2022-12-01T16:06:00.000Z,2022-12-01T17:00:00.000Z,BUY,0.01,1,1,10.00,1,11470.00
2022-12-01T17:00:00.000Z,2022-12-05T17:14:00.000Z,BUY,0.01,4,1,10.00,4,11480.00
2022-12-05T17:14:00.000Z,2022-12-09T15:30:00.000Z,SELL,0.01,2,1,10.00,2,11490.00
2022-12-09T15:30:00.000Z,2022-12-13T16:05:00.000Z,BUY,0.01,3,1,10.00,3,11500.00
2022-12-13T16:05:00.000Z,2022-12-15T10:14:00.000Z,BUY,0.01,2,1,10.00,2,11510.00
2022-12-15T10:14:00.000Z,2022-12-15T10:30:00.000Z,SELL,0.01,1,1,10.00,1,11520.00
2022-12-15T10:30:00.000Z,2022-12-20T10:49:00.000Z,SELL,0.01,2,1,10.00,2,11530.00
2022-12-20T10:49:00.000Z,2022-12-20T17:02:00.000Z,BUY,0.01,1,1,10.00,1,11540.00
2022-12-20T17:02:00.000Z,2022-12-27T17:34:00.000Z,BUY,0.01,3,1,10.00,3,11550.00
2022-12-27T17:34:00.000Z,2023-01-03T04:41:00.000Z,BUY,0.01,3,1,10.00,3,11560.00
2023-01-03T04:41:00.000Z,2023-01-03T09:22:00.000Z,BUY,0.01,1,1,10.00,1,11570.00
2023-01-03T09:22:00.000Z,2023-01-04T09:32:00.000Z,BUY,0.01,1,1,10.00,1,11580.00
2023-01-04T09:32:00.000Z,2023-01-05T17:35:00.000Z,BUY,0.01,2,1,10.00,2,11590.00
2023-01-05T17:35:00.000Z,2023-01-06T17:05:00.000Z,SELL,0.01,2,1,10.00,2,11600.00
2023-01-06T17:05:00.000Z,2023-01-06T20:34:00.000Z,BUY,0.01,1,1,10.00,1,11610.00
2023-01-06T20:34:00.000Z,2023-01-09T04:04:00.000Z,BUY,0.01,1,1,10.00,1,11620.00
2023-01-09T04:04:00.000Z,2023-01-11T10:51:00.000Z,BUY,0.01,1,1,10.00,1,11630.00
2023-01-11T10:51:00.000Z,2023-01-12T15:35:00.000Z,BUY,0.01,1,1,10.00,1,11640.00
2023-01-12T15:35:00.000Z,2023-01-13T10:33:00.000Z,BUY,0.01,1,1,10.00,1,11650.00
2023-01-13T10:33:00.000Z,2023-01-13T19:33:00.000Z,BUY,0.01,1,1,10.00,1,11660.00
2023-01-13T19:33:00.000Z,2023-01-16T04:57:00.000Z,BUY,0.01,1,1,10.00,1,11670.00
2023-01-16T04:57:00.000Z,2023-01-18T07:34:00.000Z,BUY,0.01,2,1,10.00,2,11680.00
2023-01-18T07:34:00.000Z,2023-01-19T21:25:00.000Z,SELL,0.01,2,1,10.00,2,11690.00
2023-01-19T21:25:00.000Z,2023-01-20T10:09:00.000Z,BUY,0.01,1,1,10.00,1,11700.00
2023-01-20T10:09:00.000Z,2023-01-25T22:05:00.000Z,BUY,0.01,5,1,10.00,5,11710.00
2023-01-25T22:05:00.000Z,2023-01-27T17:48:00.000Z,BUY,0.01,2,1,10.00,2,11720.00
2023-01-27T17:48:00.000Z,2023-01-31T10:30:00.000Z,SELL,0.01,1,1,10.00,1,11730.00
2023-01-31T10:30:00.000Z,2023-02-01T21:43:00.000Z,SELL,0.01,2,1,10.00,2,11740.00
2023-02-01T21:43:00.000Z,2023-02-01T22:28:00.000Z,BUY,0.01,1,1,10.00,1,11750.00
2023-02-01T22:28:00.000Z,2023-02-02T09:12:00.000Z,BUY,0.01,1,1,10.00,1,11760.00
2023-02-02T09:12:00.000Z,2023-02-02T16:55:00.000Z,BUY,0.01,2,1,10.00,2,11770.00
2023-02-02T16:55:00.000Z,2023-02-03T15:30:00.000Z,BUY,0.01,2,1,10.00,2,11780.00
2023-02-03T15:30:00.000Z,2023-02-03T15:41:00.000Z,SELL,0.01,1,1,10.00,1,11790.00
2023-02-03T15:41:00.000Z,2023-02-03T16:19:00.000Z,SELL,0.01,1,1,10.00,1,11800.00
2023-02-03T16:19:00.000Z,2023-02-03T18:25:00.000Z,SELL,0.01,1,1,10.00,1,11810.00
2023-02-03T18:25:00.000Z,2023-02-10T05:33:00.000Z,SELL,0.01,3,1,10.00,3,11820.00
2023-02-10T05:33:00.000Z,2023-02-14T16:31:00.000Z,SELL,0.01,1,1,10.00,1,11830.00
2023-02-14T16:31:00.000Z,2023-02-14T16:58:00.000Z,BUY,0.01,1,1,10.00,1,11840.00
2023-02-14T16:58:00.000Z,2023-02-17T04:01:00.000Z,BUY,0.01,2,1,10.00,2,11850.00
2023-02-17T04:01:00.000Z,2023-02-24T14:10:00.000Z,SELL,0.01,3,1,10.00,3,11860.00
2023-02-24T14:10:00.000Z,2023-02-28T10:17:00.000Z,SELL,0.01,1,1,10.00,1,11870.00
2023-02-28T10:17:00.000Z,2023-03-01T08:47:00.000Z,SELL,0.01,2,1,10.00,2,11880.00
2023-03-01T08:47:00.000Z,2023-03-03T11:06:00.000Z,BUY,0.01,1,1,10.00,1,11890.00
2023-03-03T11:06:00.000Z,2023-03-06T09:37:00.000Z,BUY,0.01,1,1,10.00,1,11900.00
2023-03-06T09:37:00.000Z,2023-03-07T17:02:00.000Z,BUY,0.01,2,1,10.00,2,11910.00
2023-03-07T17:02:00.000Z,2023-03-07T17:52:00.000Z,SELL,0.01,1,1,10.00,1,11920.00
2023-03-07T17:52:00.000Z,2023-03-10T16:13:00.000Z,SELL,0.01,2,1,10.00,2,11930.00
2023-03-10T16:13:00.000Z,2023-03-10T16:39:00.000Z,BUY,0.01,1,1,10.00,1,11940.00
2023-03-10T16:39:00.000Z,2023-03-10T17:45:00.000Z,BUY,0.01,1,1,10.00,1,11950.00
2023-03-10T17:45:00.000Z,2023-03-13T00:02:00.000Z,BUY,0.01,1,1,10.00,1,11960.00
2023-03-13T00:02:00.000Z,2023-03-13T00:05:00.000Z,BUY,0.01,1,1,10.00,1,11970.00
2023-03-13T00:05:00.000Z,2023-03-13T14:29:00.000Z,BUY,0.01,1,1,10.00,1,11980.00
2023-03-13T14:29:00.000Z,2023-03-13T15:41:00.000Z,BUY,0.01,1,1,10.00,1,11990.00
2023-03-13T15:41:00.000Z,2023-03-15T13:33:00.000Z,BUY,0.01,3,1,10.00,3,12000.00
2023-03-15T13:33:00.000Z,2023-03-16T03:07:00.000Z,SELL,0.01,1,1,10.00,1,12010.00
2023-03-16T03:07:00.000Z,2023-03-16T07:39:00.000Z,BUY,0.01,1,1,10.00,1,12020.00
2023-03-16T07:39:00.000Z,2023-03-16T14:08:00.000Z,BUY,0.01,1,1,10.00,1,12030.00
2023-03-16T14:08:00.000Z,2023-03-17T14:20:00.000Z,BUY,0.01,1,1,10.00,1,12040.00
2023-03-17T14:20:00.000Z,2023-03-17T15:10:00.000Z,BUY,0.01,1,1,10.00,1,12050.00
2023-03-17T15:10:00.000Z,2023-03-17T16:34:00.000Z,BUY,0.01,1,1,10.00,1,12060.00
2023-03-17T16:34:00.000Z,2023-03-17T19:31:00.000Z,BUY,0.01,1,1,10.00,1,12070.00
2023-03-17T19:31:00.000Z,2023-03-17T20:28:00.000Z,BUY,0.01,1,1,10.00,1,12080.00
2023-03-17T20:28:00.000Z,2023-03-20T08:01:00.000Z,BUY,0.01,1,1,10.00,1,12090.00
2023-03-20T08:01:00.000Z,2023-03-20T09:22:00.000Z,BUY,0.01,1,1,10.00,1,12100.00
2023-03-20T09:22:00.000Z,2023-03-20T16:11:00.000Z,BUY,0.01,2,1,10.00,2,12110.00
2023-03-20T16:11:00.000Z,2023-03-20T18:26:00.000Z,BUY,0.01,1,1,10.00,1,12120.00
2023-03-20T18:26:00.000Z,2023-03-21T16:00:00.000Z,BUY,0.01,2,1,10.00,2,12130.00
2023-03-21T16:00:00.000Z,2023-03-21T19:14:00.000Z,SELL,0.01,1,1,10.00,1,12140.00
2023-03-21T19:14:00.000Z,2023-03-22T20:40:00.000Z,SELL,0.01,2,1,10.00,2,12150.00
2023-03-22T20:40:00.000Z,2023-03-22T21:04:00.000Z,SELL,0.01,1,1,10.00,1,12160.00
2023-03-22T21:04:00.000Z,2023-03-22T21:50:00.000Z,BUY,0.01,1,1,10.00,1,12170.00
2023-03-22T21:50:00.000Z,2023-03-23T07:33:00.000Z,BUY,0.01,1,1,10.00,1,12180.00
2023-03-23T07:33:00.000Z,2023-03-23T18:19:00.000Z,BUY,0.01,1,1,10.00,1,12190.00
2023-03-23T18:19:00.000Z,2023-03-23T20:04:00.000Z,BUY,0.01,1,1,10.00,1,12200.00
2023-03-23T20:04:00.000Z,2023-03-27T01:06:00.000Z,BUY,0.01,2,1,10.00,2,12210.00
2023-03-27T01:06:00.000Z,2023-03-27T12:32:00.000Z,SELL,0.01,1,1,10.00,1,12220.00
2023-03-27T12:32:00.000Z,2023-03-27T13:38:00.000Z,SELL,0.01,1,1,10.00,1,12230.00
2023-03-27T13:38:00.000Z,2023-03-30T19:27:00.000Z,SELL,0.01,2,1,10.00,2,12240.00
2023-03-30T19:27:00.000Z,2023-04-03T06:18:00.000Z,BUY,0.01,2,1,10.00,2,12250.00
2023-04-03T06:18:00.000Z,2023-04-03T16:44:00.000Z,SELL,0.01,2,1,10.00,2,12260.00
2023-04-03T16:44:00.000Z,2023-04-04T16:42:00.000Z,BUY,0.01,1,1,10.00,1,12270.00
2023-04-04T16:42:00.000Z,2023-04-04T17:03:00.000Z,BUY,0.01,1,1,10.00,1,12280.00
2023-04-04T17:03:00.000Z,2023-04-04T17:09:00.000Z,BUY,0.01,1,1,10.00,1,12290.00
2023-04-04T17:09:00.000Z,2023-04-04T17:18:00.000Z,BUY,0.01,1,1,10.00,1,12300.00
2023-04-04T17:18:00.000Z,2023-04-05T15:34:00.000Z,BUY,0.01,1,1,10.00,1,12310.00
2023-04-05T15:34:00.000Z,2023-04-06T16:56:00.000Z,BUY,0.01,2,1,10.00,2,12320.00
2023-04-06T16:56:00.000Z,2023-04-10T05:45:00.000Z,SELL,0.01,1,1,10.00,1,12330.00
2023-04-10T05:45:00.000Z,2023-04-12T15:30:00.000Z,SELL,0.01,2,1,10.00,2,12340.00
2023-04-12T15:30:00.000Z,2023-04-13T15:30:00.000Z,BUY,0.01,3,1,10.00,3,12350.00
2023-04-13T15:30:00.000Z,2023-04-13T15:53:00.000Z,BUY,0.01,1,1,10.00,1,12360.00
2023-04-13T15:53:00.000Z,2023-04-14T17:19:00.000Z,BUY,0.01,2,1,10.00,2,12370.00
2023-04-14T17:19:00.000Z,2023-04-14T17:53:00.000Z,SELL,0.01,1,1,10.00,1,12380.00
2023-04-14T17:53:00.000Z,2023-04-17T17:17:00.000Z,SELL,0.01,1,1,10.00,1,12390.00
2023-04-17T17:17:00.000Z,2023-04-19T11:41:00.000Z,SELL,0.01,3,1,10.00,3,12400.00
2023-04-19T11:41:00.000Z,2023-04-19T14:07:00.000Z,SELL,0.01,1,1,10.00,1,12410.00
2023-04-19T14:07:00.000Z,2023-04-20T09:45:00.000Z,SELL,0.01,2,1,10.00,2,12420.00
2023-04-20T09:45:00.000Z,2023-04-20T15:32:00.000Z,BUY,0.01,1,1,10.00,1,12430.00
2023-04-20T15:32:00.000Z,2023-04-21T16:49:00.000Z,BUY,0.01,2,1,10.00,2,12440.00
2023-04-21T16:49:00.000Z,2023-05-01T15:35:00.000Z,SELL,0.01,5,0,-2420.00,5,10020.00
2023-05-01T15:35:00.000Z,2023-05-01T17:01:00.000Z,SELL,0.01,1,1,10.00,1,10030.00
2023-05-01T17:01:00.000Z,2023-05-02T17:20:00.000Z,BUY,0.01,1,1,10.00,1,10040.00
2023-05-02T17:20:00.000Z,2023-05-02T17:41:00.000Z,BUY,0.01,1,1,10.00,1,10050.00
2023-05-02T17:41:00.000Z,2023-05-03T17:52:00.000Z,BUY,0.01,1,1,10.00,1,10060.00
2023-05-03T17:52:00.000Z,2023-05-03T21:00:00.000Z,BUY,0.01,1,1,10.00,1,10070.00
2023-05-03T21:00:00.000Z,2023-05-04T01:02:00.000Z,BUY,0.01,1,1,10.00,1,10080.00
2023-05-04T01:02:00.000Z,2023-05-04T01:02:00.000Z,BUY,0.01,1,1,10.00,1,10090.00
2023-05-04T01:02:00.000Z,2023-05-04T01:02:00.000Z,BUY,0.01,1,1,10.00,1,10100.00
2023-05-04T01:02:00.000Z,2023-05-04T10:32:00.000Z,BUY,0.01,2,1,10.00,2,10110.00
2023-05-04T10:32:00.000Z,2023-05-04T14:07:00.000Z,BUY,0.01,1,1,10.00,1,10120.00
2023-05-04T14:07:00.000Z,2023-05-04T17:25:00.000Z,BUY,0.01,1,1,10.00,1,10130.00
2023-05-04T17:25:00.000Z,2023-05-05T15:30:00.000Z,BUY,0.01,2,1,10.00,2,10140.00
2023-05-05T15:30:00.000Z,2023-05-05T15:44:00.000Z,SELL,0.01,1,1,10.00,1,10150.00
2023-05-05T15:44:00.000Z,2023-05-05T16:46:00.000Z,SELL,0.01,1,1,10.00,1,10160.00
2023-05-05T16:46:00.000Z,2023-05-09T14:01:00.000Z,SELL,0.01,2,1,10.00,2,10170.00
2023-05-09T14:01:00.000Z,2023-05-10T15:31:00.000Z,BUY,0.01,1,1,10.00,1,10180.00
2023-05-10T15:31:00.000Z,2023-05-10T16:34:00.000Z,SELL,0.01,1,1,10.00,1,10190.00
2023-05-10T16:34:00.000Z,2023-05-12T12:43:00.000Z,BUY,0.01,2,1,10.00,2,10200.00
2023-05-12T12:43:00.000Z,2023-05-16T19:31:00.000Z,SELL,0.01,3,1,10.00,3,10210.00
2023-05-16T19:31:00.000Z,2023-05-17T16:39:00.000Z,SELL,0.01,1,1,10.00,1,10220.00
2023-05-17T16:39:00.000Z,2023-05-18T15:30:00.000Z,SELL,0.01,1,1,10.00,1,10230.00
2023-05-18T15:30:00.000Z,2023-05-18T16:19:00.000Z,SELL,0.01,1,1,10.00,1,10240.00
2023-05-18T16:19:00.000Z,2023-05-25T15:34:00.000Z,SELL,0.01,5,1,10.00,5,10250.00
2023-05-25T15:34:00.000Z,2023-05-25T15:42:00.000Z,SELL,0.01,1,1,10.00,1,10260.00
2023-05-25T15:42:00.000Z,2023-05-31T16:48:00.000Z,SELL,0.01,2,1,10.00,2,10270.00
2023-05-31T16:48:00.000Z,2023-06-01T18:34:00.000Z,BUY,0.01,1,1,10.00,1,10280.00
2023-06-01T18:34:00.000Z,2023-06-02T21:02:00.000Z,BUY,0.01,2,1,10.00,2,10290.00
2023-06-02T21:02:00.000Z,2023-06-05T10:42:00.000Z,SELL,0.01,1,1,10.00,1,10300.00
2023-06-05T10:42:00.000Z,2023-06-09T15:31:00.000Z,SELL,0.01,4,1,10.00,4,10310.00
2023-06-09T15:31:00.000Z,2023-06-13T21:32:00.000Z,BUY,0.01,4,1,10.00,4,10320.00
2023-06-13T21:32:00.000Z,2023-06-15T10:02:00.000Z,SELL,0.01,1,1,10.00,1,10330.00
2023-06-15T10:02:00.000Z,2023-06-16T04:42:00.000Z,SELL,0.01,2,1,10.00,2,10340.00
2023-06-16T04:42:00.000Z,2023-06-20T17:01:00.000Z,BUY,0.01,2,1,10.00,2,10350.00
2023-06-20T17:01:00.000Z,2023-06-21T16:39:00.000Z,SELL,0.01,1,1,10.00,1,10360.00
2023-06-21T16:39:00.000Z,2023-06-23T05:58:00.000Z,SELL,0.01,1,1,10.00,1,10370.00
2023-06-23T05:58:00.000Z,2023-06-29T15:36:00.000Z,SELL,0.01,3,1,10.00,3,10380.00
2023-06-29T15:36:00.000Z,2023-07-03T17:00:00.000Z,SELL,0.01,2,1,10.00,2,10390.00
2023-07-03T17:00:00.000Z,2023-07-12T05:22:00.000Z,BUY,0.01,3,1,10.00,3,10400.00
2023-07-12T05:22:00.000Z,2023-07-12T16:29:00.000Z,BUY,0.01,1,1,10.00,1,10410.00
2023-07-12T16:29:00.000Z,2023-07-13T05:50:00.000Z,BUY,0.01,1,1,10.00,1,10420.00
2023-07-13T05:50:00.000Z,2023-07-18T14:16:00.000Z,BUY,0.01,1,1,10.00,1,10430.00
2023-07-18T14:16:00.000Z,2023-07-18T17:23:00.000Z,BUY,0.01,1,1,10.00,1,10440.00
2023-07-18T17:23:00.000Z,2023-07-27T16:36:00.000Z,BUY,0.01,4,1,10.00,4,10450.00
2023-07-27T16:36:00.000Z,2023-07-28T18:01:00.000Z,BUY,0.01,1,1,10.00,1,10460.00
2023-07-28T18:01:00.000Z,2023-07-31T16:45:00.000Z,BUY,0.01,1,1,10.00,1,10470.00
2023-07-31T16:45:00.000Z,2023-08-01T18:15:00.000Z,BUY,0.01,2,1,10.00,2,10480.00
2023-08-01T18:15:00.000Z,2023-08-03T10:07:00.000Z,SELL,0.01,1,1,10.00,1,10490.00
2023-08-03T10:07:00.000Z,2023-08-09T17:31:00.000Z,SELL,0.01,1,1,10.00,1,10500.00
2023-08-09T17:31:00.000Z,2023-08-11T02:02:00.000Z,SELL,0.01,1,1,10.00,1,10510.00
2023-08-11T02:02:00.000Z,2023-08-15T15:30:00.000Z,SELL,0.01,1,1,10.00,1,10520.00
2023-08-15T15:30:00.000Z,2023-08-17T04:28:00.000Z,SELL,0.01,1,1,10.00,1,10530.00
2023-08-17T04:28:00.000Z,2023-08-23T19:42:00.000Z,SELL,0.01,2,1,10.00,2,10540.00
2023-08-23T19:42:00.000Z,2023-08-29T17:05:00.000Z,BUY,0.01,1,1,10.00,1,10550.00
2023-08-29T17:05:00.000Z,2023-08-30T15:15:00.000Z,BUY,0.01,1,1,10.00,1,10560.00
2023-08-30T15:15:00.000Z,2023-09-01T15:30:00.000Z,BUY,0.01,1,1,10.00,1,10570.00
2023-09-01T15:30:00.000Z,2023-09-06T17:01:00.000Z,BUY,0.01,2,1,10.00,2,10580.00
2023-09-06T17:01:00.000Z,2023-09-12T15:08:00.000Z,SELL,0.01,1,1,10.00,1,10590.00
2023-09-12T15:08:00.000Z,2023-09-20T16:44:00.000Z,SELL,0.01,2,1,10.00,2,10600.00
2023-09-20T16:44:00.000Z,2023-09-20T23:12:00.000Z,SELL,0.01,1,1,10.00,1,10610.00
2023-09-20T23:12:00.000Z,2023-09-26T21:11:00.000Z,BUY,0.01,2,1,10.00,2,10620.00
2023-09-26T21:11:00.000Z,2023-09-27T15:21:00.000Z,SELL,0.01,1,1,10.00,1,10630.00
2023-09-27T15:21:00.000Z,2023-09-27T18:23:00.000Z,SELL,0.01,1,1,10.00,1,10640.00
2023-09-27T18:23:00.000Z,2023-09-28T17:31:00.000Z,SELL,0.01,1,1,10.00,1,10650.00
2023-09-28T17:31:00.000Z,2023-09-28T18:16:00.000Z,SELL,0.01,1,1,10.00,1,10660.00
2023-09-28T18:16:00.000Z,2023-09-29T21:16:00.000Z,SELL,0.01,3,1,10.00,3,10670.00
2023-09-29T21:16:00.000Z,2023-10-02T12:02:00.000Z,SELL,0.01,1,1,10.00,1,10680.00
2023-10-02T12:02:00.000Z,2023-10-02T17:14:00.000Z,SELL,0.01,1,1,10.00,1,10690.00
2023-10-02T17:14:00.000Z,2023-10-03T05:18:00.000Z,SELL,0.01,1,1,10.00,1,10700.00
2023-10-03T05:18:00.000Z,2023-10-09T01:00:00.000Z,SELL,0.01,2,1,10.00,2,10710.00
2023-10-09T01:00:00.000Z,2023-10-09T22:03:00.000Z,BUY,0.01,1,1,10.00,1,10720.00
2023-10-09T22:03:00.000Z,2023-10-11T11:19:00.000Z,BUY,0.01,1,1,10.00,1,10730.00
2023-10-11T11:19:00.000Z,2023-10-12T08:19:00.000Z,BUY,0.01,1,1,10.00,1,10740.00
2023-10-12T08:19:00.000Z,2023-10-13T13:46:00.000Z,BUY,0.01,1,1,10.00,1,10750.00
2023-10-13T13:46:00.000Z,2023-10-13T14:57:00.000Z,BUY,0.01,1,1,10.00,1,10760.00
2023-10-13T14:57:00.000Z,2023-10-13T15:30:00.000Z,BUY,0.01,1,1,10.00,1,10770.00
2023-10-13T15:30:00.000Z,2023-10-13T17:59:00.000Z,BUY,0.01,1,1,10.00,1,10780.00
2023-10-13T17:59:00.000Z,2023-10-13T21:05:00.000Z,BUY,0.01,1,1,10.00,1,10790.00
2023-10-13T21:05:00.000Z,2023-10-18T05:06:00.000Z,BUY,0.01,3,1,10.00,3,10800.00
2023-10-18T05:06:00.000Z,2023-10-18T16:30:00.000Z,BUY,0.01,1,1,10.00,1,10810.00
2023-10-18T16:30:00.000Z,2023-10-18T16:47:00.000Z,BUY,0.01,1,1,10.00,1,10820.00
2023-10-18T16:47:00.000Z,2023-10-19T20:22:00.000Z,BUY,0.01,3,1,10.00,3,10830.00
2023-10-19T20:22:00.000Z,2023-10-20T02:32:00.000Z,BUY,0.01,1,1,10.00,1,10840.00
2023-10-20T02:32:00.000Z,2023-10-20T18:03:00.000Z,BUY,0.01,1,1,10.00,1,10850.00
2023-10-20T18:03:00.000Z,2023-10-24T13:47:00.000Z,BUY,0.01,2,1,10.00,2,10860.00
2023-10-24T13:47:00.000Z,2023-10-26T11:36:00.000Z,SELL,0.01,2,1,10.00,2,10870.00
2023-10-26T11:36:00.000Z,2023-10-27T21:11:00.000Z,BUY,0.01,3,1,10.00,3,10880.00
2023-10-27T21:11:00.000Z,2023-11-01T20:42:00.000Z,BUY,0.01,2,1,10.00,2,10890.00
2023-11-01T20:42:00.000Z,2023-11-03T14:32:00.000Z,SELL,0.01,2,1,10.00,2,10900.00
2023-11-03T14:32:00.000Z,2023-11-07T06:00:00.000Z,BUY,0.01,2,1,10.00,2,10910.00
2023-11-07T06:00:00.000Z,2023-11-07T14:09:00.000Z,SELL,0.01,1,1,10.00,1,10920.00
2023-11-07T14:09:00.000Z,2023-11-08T17:41:00.000Z,SELL,0.01,1,1,10.00,1,10930.00
2023-11-08T17:41:00.000Z,2023-11-10T16:55:00.000Z,SELL,0.01,1,1,10.00,1,10940.00
2023-11-10T16:55:00.000Z,2023-11-15T10:22:00.000Z,SELL,0.01,2,1,10.00,2,10950.00
2023-11-15T10:22:00.000Z,2023-11-16T16:47:00.000Z,BUY,0.01,1,1,10.00,1,10960.00
2023-11-16T16:47:00.000Z,2023-11-17T11:41:00.000Z,BUY,0.01,1,1,10.00,1,10970.00
2023-11-17T11:41:00.000Z,2023-11-21T16:30:00.000Z,BUY,0.01,3,1,10.00,3,10980.00
2023-11-21T16:30:00.000Z,2023-11-27T03:27:00.000Z,BUY,0.01,1,1,10.00,1,10990.00
2023-11-27T03:27:00.000Z,2023-11-28T16:00:00.000Z,BUY,0.01,1,1,10.00,1,11000.00
2023-11-28T16:00:00.000Z,2023-11-28T18:06:00.000Z,BUY,0.01,1,1,10.00,1,11010.00
2023-11-28T18:06:00.000Z,2023-11-29T01:29:00.000Z,BUY,0.01,1,1,10.00,1,11020.00
2023-11-29T01:29:00.000Z,2023-12-01T18:04:00.000Z,BUY,0.01,1,1,10.00,1,11030.00
2023-12-01T18:04:00.000Z,2023-12-01T19:44:00.000Z,BUY,0.01,1,1,10.00,1,11040.00
2023-12-01T19:44:00.000Z,2023-12-01T20:34:00.000Z,BUY,0.01,1,1,10.00,1,11050.00
2023-12-01T20:34:00.000Z,2023-12-04T01:16:00.000Z,BUY,0.01,1,1,10.00,1,11060.00
2023-12-04T01:16:00.000Z,2023-12-04T01:19:00.000Z,BUY,0.01,1,1,10.00,1,11070.00
2023-12-04T01:19:00.000Z,2023-12-04T01:21:00.000Z,BUY,0.01,1,1,10.00,1,11080.00
2023-12-04T01:21:00.000Z,2023-12-04T01:23:00.000Z,BUY,0.01,1,1,10.00,1,11090.00
2023-12-04T01:23:00.000Z,2023-12-04T01:27:00.000Z,BUY,0.01,1,1,10.00,1,11100.00
2023-12-04T01:27:00.000Z,2023-12-04T01:27:00.000Z,BUY,0.01,1,1,10.00,1,11110.00
2023-12-04T01:27:00.000Z,2023-12-04T02:08:00.000Z,BUY,0.01,2,1,10.00,2,11120.00
2023-12-04T02:08:00.000Z,2023-12-04T08:52:00.000Z,BUY,0.01,2,1,10.00,2,11130.00
2023-12-04T08:52:00.000Z,2023-12-04T16:21:00.000Z,BUY,0.01,2,1,10.00,2,11140.00
2023-12-04T16:21:00.000Z,2023-12-05T17:35:00.000Z,BUY,0.01,2,1,10.00,2,11150.00
2023-12-05T17:35:00.000Z,2023-12-08T16:23:00.000Z,SELL,0.01,3,1,10.00,3,11160.00
2023-12-08T16:23:00.000Z,2023-12-08T19:16:00.000Z,SELL,0.01,1,1,10.00,1,11170.00
2023-12-08T19:16:00.000Z,2023-12-11T17:23:00.000Z,SELL,0.01,1,1,10.00,1,11180.00
2023-12-11T17:23:00.000Z,2023-12-13T08:23:00.000Z,SELL,0.01,1,1,10.00,1,11190.00
2023-12-13T08:23:00.000Z,2023-12-13T21:14:00.000Z,SELL,0.01,2,1,10.00,2,11200.00
2023-12-13T21:14:00.000Z,2023-12-13T21:42:00.000Z,BUY,0.01,1,1,10.00,1,11210.00
2023-12-13T21:42:00.000Z,2023-12-13T23:07:00.000Z,BUY,0.01,1,1,10.00,1,11220.00
2023-12-13T23:07:00.000Z,2023-12-14T02:26:00.000Z,BUY,0.01,1,1,10.00,1,11230.00
2023-12-14T02:26:00.000Z,2023-12-14T16:35:00.000Z,BUY,0.01,1,1,10.00,1,11240.00
2023-12-14T16:35:00.000Z,2023-12-22T12:23:00.000Z,BUY,0.01,3,1,10.00,3,11250.00
2023-12-22T12:23:00.000Z,2023-12-22T14:38:00.000Z,BUY,0.01,1,1,10.00,1,11260.00
2023-12-22T14:38:00.000Z,2023-12-27T17:28:00.000Z,BUY,0.01,1,1,10.00,1,11270.00
2023-12-27T17:28:00.000Z,2023-12-28T03:54:00.000Z,BUY,0.01,1,1,10.00,1,11280.00
2023-12-28T03:54:00.000Z,2024-01-02T17:37:00.000Z,BUY,0.01,2,1,10.00,2,11290.00
2024-01-02T17:37:00.000Z,2024-01-02T18:10:00.000Z,BUY,0.01,1,1,10.00,1,11300.00
2024-01-02T18:10:00.000Z,2024-01-03T11:44:00.000Z,SELL,0.01,1,1,10.00,1,11310.00
2024-01-03T11:44:00.000Z,2024-01-03T14:04:00.000Z,SELL,0.01,1,1,10.00,1,11320.00
2024-01-03T14:04:00.000Z,2024-01-03T16:17:00.000Z,SELL,0.01,1,1,10.00,1,11330.00
2024-01-03T16:17:00.000Z,2024-01-05T15:31:00.000Z,SELL,0.01,1,1,10.00,1,11340.00
2024-01-05T15:31:00.000Z,2024-01-05T17:01:00.000Z,SELL,0.01,2,1,10.00,2,11350.00
2024-01-05T17:01:00.000Z,2024-01-05T18:57:00.000Z,SELL,0.01,1,1,10.00,1,11360.00
2024-01-05T18:57:00.000Z,2024-01-11T18:36:00.000Z,BUY,0.01,4,1,10.00,4,11370.00
2024-01-11T18:36:00.000Z,2024-01-11T21:49:00.000Z,BUY,0.01,1,1,10.00,1,11380.00
2024-01-11T21:49:00.000Z,2024-01-12T15:31:00.000Z,SELL,0.01,2,1,10.00,2,11390.00
2024-01-12T15:31:00.000Z,2024-01-16T19:08:00.000Z,BUY,0.01,2,1,10.00,2,11400.00
2024-01-16T19:08:00.000Z,2024-01-17T16:55:00.000Z,SELL,0.01,1,1,10.00,1,11410.00
2024-01-17T16:55:00.000Z,2024-01-17T18:49:00.000Z,SELL,0.01,1,1,10.00,1,11420.00
2024-01-17T18:49:00.000Z,2024-01-19T14:45:00.000Z,SELL,0.01,2,1,10.00,2,11430.00
2024-01-19T14:45:00.000Z,2024-01-30T16:19:00.000Z,BUY,0.01,3,1,10.00,3,11440.00
2024-01-30T16:19:00.000Z,2024-01-31T17:11:00.000Z,BUY,0.01,1,1,10.00,1,11450.00
2024-01-31T17:11:00.000Z,2024-02-05T10:01:00.000Z,BUY,0.01,4,1,10.00,4,11460.00
2024-02-05T10:01:00.000Z,2024-02-05T15:53:00.000Z,SELL,0.01,1,1,10.00,1,11470.00
2024-02-05T15:53:00.000Z,2024-02-13T15:56:00.000Z,SELL,0.01,3,1,10.00,3,11480.00
2024-02-13T15:56:00.000Z,2024-02-19T01:00:00.000Z,BUY,0.01,3,1,10.00,3,11490.00
2024-02-19T01:00:00.000Z,2024-02-20T12:24:00.000Z,BUY,0.01,1,1,10.00,1,11500.00
2024-02-20T12:24:00.000Z,2024-02-23T18:33:00.000Z,BUY,0.01,1,1,10.00,1,11510.00
2024-02-23T18:33:00.000Z,2024-02-29T15:45:00.000Z,BUY,0.01,1,1,10.00,1,11520.00
2024-02-29T15:45:00.000Z,2024-03-01T18:21:00.000Z,SELL,0.01,2,1,10.00,2,11530.00
2024-03-01T18:21:00.000Z,2024-03-01T20:16:00.000Z,BUY,0.01,1,1,10.00,1,11540.00
2024-03-01T20:16:00.000Z,2024-03-04T16:29:00.000Z,BUY,0.01,1,1,10.00,1,11550.00
2024-03-04T16:29:00.000Z,2024-03-04T17:55:00.000Z,BUY,0.01,1,1,10.00,1,11560.00
2024-03-04T17:55:00.000Z,2024-03-04T18:34:00.000Z,BUY,0.01,1,1,10.00,1,11570.00
2024-03-04T18:34:00.000Z,2024-03-05T12:22:00.000Z,BUY,0.01,1,1,10.00,1,11580.00
2024-03-05T12:22:00.000Z,2024-03-05T15:32:00.000Z,BUY,0.01,1,1,10.00,1,11590.00
2024-03-05T15:32:00.000Z,2024-03-06T16:48:00.000Z,BUY,0.01,1,1,10.00,1,11600.00
2024-03-06T16:48:00.000Z,2024-03-07T06:03:00.000Z,BUY,0.01,1,1,10.00,1,11610.00
2024-03-07T06:03:00.000Z,2024-03-08T10:30:00.000Z,BUY,0.01,1,1,10.00,1,11620.00
2024-03-08T10:30:00.000Z,2024-03-08T15:31:00.000Z,BUY,0.01,1,1,10.00,1,11630.00
2024-03-08T15:31:00.000Z,2024-03-08T19:05:00.000Z,BUY,0.01,1,1,10.00,1,11640.00
2024-03-08T19:05:00.000Z,2024-03-12T15:36:00.000Z,BUY,0.01,4,1,10.00,4,11650.00
2024-03-12T15:36:00.000Z,2024-03-18T04:45:00.000Z,SELL,0.01,3,1,10.00,3,11660.00
2024-03-18T04:45:00.000Z,2024-03-20T20:47:00.000Z,SELL,0.01,2,1,10.00,2,11670.00
2024-03-20T20:47:00.000Z,2024-03-21T00:16:00.000Z,SELL,0.01,2,1,10.00,2,11680.00
2024-03-21T00:16:00.000Z,2024-03-21T00:16:00.000Z,BUY,0.01,1,1,10.00,1,11690.00
2024-03-21T00:16:00.000Z,2024-03-21T16:01:00.000Z,BUY,0.01,2,1,10.00,2,11700.00
2024-03-21T16:01:00.000Z,2024-03-22T19:26:00.000Z,BUY,0.01,2,1,10.00,2,11710.00
2024-03-22T19:26:00.000Z,2024-03-26T11:41:00.000Z,SELL,0.01,2,1,10.00,2,11720.00
2024-03-26T11:41:00.000Z,2024-03-26T12:55:00.000Z,BUY,0.01,1,1,10.00,1,11730.00
2024-03-26T12:55:00.000Z,2024-03-28T12:37:00.000Z,BUY,0.01,3,1,10.00,3,11740.00
2024-03-28T12:37:00.000Z,2024-03-28T18:30:00.000Z,BUY,0.01,1,1,10.00,1,11750.00
2024-03-28T18:30:00.000Z,2024-03-28T22:49:00.000Z,BUY,0.01,1,1,10.00,1,11760.00
2024-03-28T22:49:00.000Z,2024-04-01T01:00:00.000Z,BUY,0.01,1,1,10.00,1,11770.00
2024-04-01T01:00:00.000Z,2024-04-01T03:12:00.000Z,BUY,0.01,1,1,10.00,1,11780.00
2024-04-01T03:12:00.000Z,2024-04-01T06:37:00.000Z,BUY,0.01,1,1,10.00,1,11790.00
2024-04-01T06:37:00.000Z,2024-04-01T17:39:00.000Z,BUY,0.01,2,1,10.00,2,11800.00
2024-04-01T17:39:00.000Z,2024-04-01T19:15:00.000Z,BUY,0.01,1,1,10.00,1,11810.00
2024-04-01T19:15:00.000Z,2024-04-01T23:57:00.000Z,BUY,0.01,1,1,10.00,1,11820.00
2024-04-01T23:57:00.000Z,2024-04-02T11:06:00.000Z,BUY,0.01,1,1,10.00,1,11830.00
2024-04-02T11:06:00.000Z,2024-04-02T17:03:00.000Z,BUY,0.01,1,1,10.00,1,11840.00
2024-04-02T17:03:00.000Z,2024-04-03T01:00:00.000Z,BUY,0.01,3,1,10.00,3,11850.00
2024-04-03T01:00:00.000Z,2024-04-03T19:24:00.000Z,BUY,0.01,1,1,10.00,1,11860.00
2024-04-03T19:24:00.000Z,2024-04-04T01:27:00.000Z,BUY,0.01,1,1,10.00,1,11870.00
2024-04-04T01:27:00.000Z,2024-04-05T04:22:00.000Z,BUY,0.01,2,1,10.00,2,11880.00
2024-04-05T04:22:00.000Z,2024-04-05T16:51:00.000Z,SELL,0.01,2,1,10.00,2,11890.00
2024-04-05T16:51:00.000Z,2024-04-05T17:31:00.000Z,BUY,0.01,1,1,10.00,1,11900.00
2024-04-05T17:31:00.000Z,2024-04-05T17:41:00.000Z,BUY,0.01,1,1,10.00,1,11910.00
2024-04-05T17:41:00.000Z,2024-04-08T05:15:00.000Z,BUY,0.01,1,1,10.00,1,11920.00
2024-04-08T05:15:00.000Z,2024-04-08T05:37:00.000Z,BUY,0.01,1,1,10.00,1,11930.00
2024-04-08T05:37:00.000Z,2024-04-08T05:39:00.000Z,BUY,0.01,1,1,10.00,1,11940.00
2024-04-08T05:39:00.000Z,2024-04-08T15:27:00.000Z,BUY,0.01,2,1,10.00,2,11950.00
2024-04-08T15:27:00.000Z,2024-04-08T16:03:00.000Z,BUY,0.01,1,1,10.00,1,11960.00
2024-04-08T16:03:00.000Z,2024-04-09T04:13:00.000Z,BUY,0.01,1,1,10.00,1,11970.00
2024-04-09T04:13:00.000Z,2024-04-09T10:14:00.000Z,BUY,0.01,1,1,10.00,1,11980.00
2024-04-09T10:14:00.000Z,2024-04-09T12:25:00.000Z,BUY,0.01,1,1,10.00,1,11990.00
2024-04-09T12:25:00.000Z,2024-04-10T15:30:00.000Z,BUY,0.01,2,1,10.00,2,12000.00
2024-04-10T15:30:00.000Z,2024-04-10T15:41:00.000Z,BUY,0.01,1,1,10.00,1,12010.00
2024-04-10T15:41:00.000Z,2024-04-11T20:15:00.000Z,BUY,0.01,3,1,10.00,3,12020.00
2024-04-11T20:15:00.000Z,2024-04-11T21:43:00.000Z,BUY,0.01,1,1,10.00,1,12030.00
2024-04-11T21:43:00.000Z,2024-04-11T23:19:00.000Z,BUY,0.01,1,1,10.00,1,12040.00
2024-04-11T23:19:00.000Z,2024-04-12T04:01:00.000Z,BUY,0.01,1,1,10.00,1,12050.00
2024-04-12T04:01:00.000Z,2024-04-12T10:09:00.000Z,BUY,0.01,1,1,10.00,1,12060.00
2024-04-12T10:09:00.000Z,2024-04-12T16:52:00.000Z,BUY,0.01,1,1,10.00,1,12070.00
2024-04-12T16:52:00.000Z,2024-04-12T17:15:00.000Z,BUY,0.01,1,1,10.00,1,12080.00
2024-04-12T17:15:00.000Z,2024-04-12T17:56:00.000Z,BUY,0.01,1,1,10.00,1,12090.00
2024-04-12T17:56:00.000Z,2024-04-12T18:27:00.000Z,BUY,0.01,2,1,10.00,2,12100.00
2024-04-12T18:27:00.000Z,2024-04-12T19:45:00.000Z,BUY,0.01,2,1,10.00,2,12110.00
2024-04-12T19:45:00.000Z,2024-04-12T21:44:00.000Z,BUY,0.01,2,1,10.00,2,12120.00
2024-04-12T21:44:00.000Z,2024-04-15T01:00:00.000Z,BUY,0.01,1,1,10.00,1,12130.00
2024-04-15T01:00:00.000Z,2024-04-15T17:06:00.000Z,SELL,0.01,3,1,10.00,3,12140.00
2024-04-15T17:06:00.000Z,2024-04-15T17:09:00.000Z,SELL,0.01,1,1,10.00,1,12150.00
2024-04-15T17:09:00.000Z,2024-04-15T19:42:00.000Z,SELL,0.01,2,1,10.00,2,12160.00
2024-04-15T19:42:00.000Z,2024-04-15T22:26:00.000Z,SELL,0.01,2,1,10.00,2,12170.00
2024-04-15T22:26:00.000Z,2024-04-16T19:46:00.000Z,BUY,0.01,3,1,10.00,3,12180.00
2024-04-16T19:46:00.000Z,2024-04-17T19:44:00.000Z,BUY,0.01,2,1,10.00,2,12190.00
2024-04-17T19:44:00.000Z,2024-04-17T21:05:00.000Z,BUY,0.01,1,1,10.00,1,12200.00
2024-04-17T21:05:00.000Z,2024-04-17T23:50:00.000Z,SELL,0.01,1,1,10.00,1,12210.00
2024-04-17T23:50:00.000Z,2024-04-17T23:52:00.000Z,SELL,0.01,1,1,10.00,1,12220.00
2024-04-17T23:52:00.000Z,2024-04-18T15:07:00.000Z,SELL,0.01,2,1,10.00,2,12230.00
2024-04-18T15:07:00.000Z,2024-04-19T04:27:00.000Z,BUY,0.01,1,1,10.00,1,12240.00
2024-04-19T04:27:00.000Z,2024-04-19T04:34:00.000Z,BUY,0.01,1,1,10.00,1,12250.00
2024-04-19T04:34:00.000Z,2024-04-19T04:46:00.000Z,BUY,0.01,1,1,10.00,1,12260.00
2024-04-19T04:46:00.000Z,2024-04-19T06:18:00.000Z,BUY,0.01,2,1,10.00,2,12270.00
2024-04-19T06:18:00.000Z,2024-04-19T19:52:00.000Z,BUY,0.01,1,1,10.00,1,12280.00
2024-04-19T19:52:00.000Z,2024-04-22T06:14:00.000Z,BUY,0.01,2,1,10.00,2,12290.00
2024-04-22T06:14:00.000Z,2024-04-22T09:45:00.000Z,SELL,0.01,1,1,10.00,1,12300.00
2024-04-22T09:45:00.000Z,2024-04-22T14:18:00.000Z,SELL,0.01,1,1,10.00,1,12310.00
2024-04-22T14:18:00.000Z,2024-04-22T15:51:00.000Z,SELL,0.01,1,1,10.00,1,12320.00
2024-04-22T15:51:00.000Z,2024-04-22T21:09:00.000Z,SELL,0.01,1,1,10.00,1,12330.00
2024-04-22T21:09:00.000Z,2024-04-23T04:38:00.000Z,SELL,0.01,1,1,10.00,1,12340.00
2024-04-23T04:38:00.000Z,2024-04-23T04:42:00.000Z,SELL,0.01,1,1,10.00,1,12350.00
2024-04-23T04:42:00.000Z,2024-04-23T12:17:00.000Z,SELL,0.01,1,1,10.00,1,12360.00
2024-04-23T12:17:00.000Z,2024-04-23T16:45:00.000Z,SELL,0.01,2,1,10.00,2,12370.00
2024-04-23T16:45:00.000Z,2024-04-23T17:48:00.000Z,SELL,0.01,1,1,10.00,1,12380.00
2024-04-23T17:48:00.000Z,2024-04-25T06:14:00.000Z,SELL,0.01,3,1,10.00,3,12390.00
2024-04-25T06:14:00.000Z,2024-04-25T17:35:00.000Z,SELL,0.01,2,1,10.00,2,12400.00
2024-04-25T17:35:00.000Z,2024-04-26T10:20:00.000Z,BUY,0.01,1,1,10.00,1,12410.00
2024-04-26T10:20:00.000Z,2024-04-30T11:18:00.000Z,BUY,0.01,4,1,10.00,4,12420.00
2024-04-30T11:18:00.000Z,2024-04-30T15:30:00.000Z,SELL,0.01,1,1,10.00,1,12430.00
2024-04-30T15:30:00.000Z,2024-04-30T17:59:00.000Z,SELL,0.01,1,1,10.00,1,12440.00
2024-04-30T17:59:00.000Z,2024-05-01T06:54:00.000Z,SELL,0.01,1,1,10.00,1,12450.00
2024-05-01T06:54:00.000Z,2024-05-01T21:34:00.000Z,SELL,0.01,2,1,10.00,2,12460.00
2024-05-01T21:34:00.000Z,2024-05-01T21:45:00.000Z,BUY,0.01,1,1,10.00,1,12470.00
2024-05-01T21:45:00.000Z,2024-05-02T15:59:00.000Z,BUY,0.01,2,1,10.00,2,12480.00
2024-05-02T15:59:00.000Z,2024-05-03T16:33:00.000Z,SELL,0.01,3,1,10.00,3,12490.00
2024-05-03T16:33:00.000Z,2024-05-06T05:04:00.000Z,SELL,0.01,2,1,10.00,2,12500.00
2024-05-06T05:04:00.000Z,2024-05-08T11:00:00.000Z,SELL,0.01,1,1,10.00,1,12510.00
2024-05-08T11:00:00.000Z,2024-05-09T17:14:00.000Z,SELL,0.01,2,1,10.00,2,12520.00
2024-05-09T17:14:00.000Z,2024-05-09T23:04:00.000Z,BUY,0.01,1,1,10.00,1,12530.00
2024-05-09T23:04:00.000Z,2024-05-10T04:18:00.000Z,BUY,0.01,1,1,10.00,1,12540.00
2024-05-10T04:18:00.000Z,2024-05-10T09:42:00.000Z,BUY,0.01,1,1,10.00,1,12550.00
2024-05-10T09:42:00.000Z,2024-05-10T12:13:00.000Z,BUY,0.01,1,1,10.00,1,12560.00
2024-05-10T12:13:00.000Z,2024-05-13T11:29:00.000Z,BUY,0.01,2,1,10.00,2,12570.00
2024-05-13T11:29:00.000Z,2024-05-13T18:04:00.000Z,SELL,0.01,1,1,10.00,1,12580.00
2024-05-13T18:04:00.000Z,2024-05-15T11:18:00.000Z,SELL,0.01,2,1,10.00,2,12590.00
2024-05-15T11:18:00.000Z,2024-05-15T15:30:00.000Z,BUY,0.01,1,1,10.00,1,12600.00
2024-05-15T15:30:00.000Z,2024-05-15T18:23:00.000Z,BUY,0.01,3,1,10.00,3,12610.00
2024-05-15T18:23:00.000Z,2024-05-16T04:00:00.000Z,BUY,0.01,1,1,10.00,1,12620.00
2024-05-16T04:00:00.000Z,2024-05-17T17:26:00.000Z,BUY,0.01,3,1,10.00,3,12630.00
2024-05-17T17:26:00.000Z,2024-05-17T18:01:00.000Z,BUY,0.01,1,1,10.00,1,12640.00
2024-05-17T18:01:00.000Z,2024-05-20T03:52:00.000Z,BUY,0.01,1,1,10.00,1,12650.00
2024-05-20T03:52:00.000Z,2024-05-20T04:01:00.000Z,BUY,0.01,1,1,10.00,1,12660.00
2024-05-20T04:01:00.000Z,2024-05-20T08:39:00.000Z,BUY,0.01,1,1,10.00,1,12670.00
2024-05-20T08:39:00.000Z,2024-05-20T15:21:00.000Z,BUY,0.01,2,1,10.00,2,12680.00
2024-05-20T15:21:00.000Z,2024-05-20T19:31:00.000Z,BUY,0.01,1,1,10.00,1,12690.00
2024-05-20T19:31:00.000Z,2024-05-22T17:11:00.000Z,BUY,0.01,4,1,10.00,4,12700.00
2024-05-22T17:11:00.000Z,2024-05-22T17:23:00.000Z,SELL,0.01,1,1,10.00,1,12710.00
2024-05-22T17:23:00.000Z,2024-05-22T21:41:00.000Z,SELL,0.01,1,1,10.00,1,12720.00
2024-05-22T21:41:00.000Z,2024-05-23T08:38:00.000Z,SELL,0.01,1,1,10.00,1,12730.00
2024-05-23T08:38:00.000Z,2024-05-23T09:01:00.000Z,SELL,0.01,1,1,10.00,1,12740.00
2024-05-23T09:01:00.000Z,2024-05-23T17:33:00.000Z,SELL,0.01,1,1,10.00,1,12750.00
2024-05-23T17:33:00.000Z,2024-05-23T20:29:00.000Z,SELL,0.01,1,1,10.00,1,12760.00
2024-05-23T20:29:00.000Z,2024-05-30T08:34:00.000Z,SELL,0.01,3,1,10.00,3,12770.00
2024-05-30T08:34:00.000Z,2024-05-31T15:54:00.000Z,SELL,0.01,2,1,10.00,2,12780.00
2024-05-31T15:54:00.000Z,2024-05-31T20:27:00.000Z,BUY,0.01,2,1,10.00,2,12790.00
2024-05-31T20:27:00.000Z,2024-06-03T09:21:00.000Z,SELL,0.01,1,1,10.00,1,12800.00
2024-06-03T09:21:00.000Z,2024-06-03T17:40:00.000Z,SELL,0.01,2,1,10.00,2,12810.00
2024-06-03T17:40:00.000Z,2024-06-04T11:14:00.000Z,SELL,0.01,1,1,10.00,1,12820.00
2024-06-04T11:14:00.000Z,2024-06-05T16:20:00.000Z,BUY,0.01,1,1,10.00,1,12830.00
2024-06-05T16:20:00.000Z,2024-06-05T18:37:00.000Z,BUY,0.01,1,1,10.00,1,12840.00
2024-06-05T18:37:00.000Z,2024-06-06T04:26:00.000Z,BUY,0.01,1,1,10.00,1,12850.00
2024-06-06T04:26:00.000Z,2024-06-06T18:30:00.000Z,BUY,0.01,1,1,10.00,1,12860.00
2024-06-06T18:30:00.000Z,2024-06-07T07:33:00.000Z,BUY,0.01,1,1,10.00,1,12870.00
2024-06-07T07:33:00.000Z,2024-06-07T11:07:00.000Z,BUY,0.01,2,1,10.00,2,12880.00
2024-06-07T11:07:00.000Z,2024-06-07T15:30:00.000Z,BUY,0.01,2,1,10.00,2,12890.00
2024-06-07T15:30:00.000Z,2024-06-07T15:30:00.000Z,SELL,0.01,1,1,10.00,1,12900.00
2024-06-07T15:30:00.000Z,2024-06-07T16:56:00.000Z,SELL,0.01,1,1,10.00,1,12910.00
2024-06-07T16:56:00.000Z,2024-06-07T22:20:00.000Z,SELL,0.01,1,1,10.00,1,12920.00
2024-06-07T22:20:00.000Z,2024-06-12T15:30:00.000Z,SELL,0.01,2,1,10.00,2,12930.00
2024-06-12T15:30:00.000Z,2024-06-12T15:53:00.000Z,BUY,0.01,1,1,10.00,1,12940.00
2024-06-12T15:53:00.000Z,2024-06-13T14:45:00.000Z,BUY,0.01,2,1,10.00,2,12950.00
2024-06-13T14:45:00.000Z,2024-06-14T14:44:00.000Z,SELL,0.01,4,1,10.00,4,12960.00
2024-06-14T14:44:00.000Z,2024-06-20T16:48:00.000Z,BUY,0.01,3,1,10.00,3,12970.00
2024-06-20T16:48:00.000Z,2024-06-20T17:20:00.000Z,BUY,0.01,1,1,10.00,1,12980.00
2024-06-20T17:20:00.000Z,2024-06-21T11:29:00.000Z,BUY,0.01,1,1,10.00,1,12990.00
2024-06-21T11:29:00.000Z,2024-06-21T16:53:00.000Z,BUY,0.01,2,1,10.00,2,13000.00
2024-06-21T16:53:00.000Z,2024-06-26T14:01:00.000Z,BUY,0.01,2,1,10.00,2,13010.00
2024-06-26T14:01:00.000Z,2024-06-26T16:31:00.000Z,SELL,0.01,1,1,10.00,1,13020.00
2024-06-26T16:31:00.000Z,2024-06-27T17:01:00.000Z,SELL,0.01,2,1,10.00,2,13030.00
2024-06-27T17:01:00.000Z,2024-06-28T13:32:00.000Z,BUY,0.01,1,1,10.00,1,13040.00
2024-06-28T13:32:00.000Z,2024-07-03T10:57:00.000Z,BUY,0.01,1,1,10.00,1,13050.00
2024-07-03T10:57:00.000Z,2024-07-03T16:43:00.000Z,BUY,0.01,1,1,10.00,1,13060.00
2024-07-03T16:43:00.000Z,2024-07-05T10:43:00.000Z,BUY,0.01,1,1,10.00,1,13070.00
2024-07-05T10:43:00.000Z,2024-07-05T16:10:00.000Z,BUY,0.01,1,1,10.00,1,13080.00
2024-07-05T16:10:00.000Z,2024-07-05T18:33:00.000Z,BUY,0.01,1,1,10.00,1,13090.00
2024-07-05T18:33:00.000Z,2024-07-08T18:48:00.000Z,BUY,0.01,2,1,10.00,2,13100.00
2024-07-08T18:48:00.000Z,2024-07-11T15:30:00.000Z,SELL,0.01,2,1,10.00,2,13110.00
2024-07-11T15:30:00.000Z,2024-07-11T15:32:00.000Z,BUY,0.01,1,1,10.00,1,13120.00
2024-07-11T15:32:00.000Z,2024-07-11T15:42:00.000Z,BUY,0.01,1,1,10.00,1,13130.00
2024-07-11T15:42:00.000Z,2024-07-11T18:09:00.000Z,BUY,0.01,1,1,10.00,1,13140.00
2024-07-11T18:09:00.000Z,2024-07-15T17:53:00.000Z,BUY,0.01,3,1,10.00,3,13150.00
2024-07-15T17:53:00.000Z,2024-07-15T19:42:00.000Z,BUY,0.01,1,1,10.00,1,13160.00
2024-07-15T19:42:00.000Z,2024-07-16T17:35:00.000Z,BUY,0.01,1,1,10.00,1,13170.00
2024-07-16T17:35:00.000Z,2024-07-16T18:22:00.000Z,BUY,0.01,1,1,10.00,1,13180.00
2024-07-16T18:22:00.000Z,2024-07-16T23:05:00.000Z,BUY,0.01,1,1,10.00,1,13190.00
2024-07-16T23:05:00.000Z,2024-07-17T04:54:00.000Z,BUY,0.01,1,1,10.00,1,13200.00
2024-07-17T04:54:00.000Z,2024-07-18T22:04:00.000Z,BUY,0.01,2,1,10.00,2,13210.00
2024-07-18T22:04:00.000Z,2024-07-19T03:00:00.000Z,SELL,0.01,1,1,10.00,1,13220.00
2024-07-19T03:00:00.000Z,2024-07-19T03:16:00.000Z,SELL,0.01,1,1,10.00,1,13230.00
2024-07-19T03:16:00.000Z,2024-07-19T09:07:00.000Z,SELL,0.01,1,1,10.00,1,13240.00
2024-07-19T09:07:00.000Z,2024-07-19T14:54:00.000Z,SELL,0.01,1,1,10.00,1,13250.00
2024-07-19T14:54:00.000Z,2024-07-19T16:06:00.000Z,SELL,0.01,1,1,10.00,1,13260.00
2024-07-19T16:06:00.000Z,2024-07-22T17:27:00.000Z,SELL,0.01,1,1,10.00,1,13270.00
2024-07-22T17:27:00.000Z,2024-07-24T09:03:00.000Z,SELL,0.01,2,1,10.00,2,13280.00
2024-07-24T09:03:00.000Z,2024-07-24T17:50:00.000Z,BUY,0.01,1,1,10.00,1,13290.00
2024-07-24T17:50:00.000Z,2024-07-24T22:59:00.000Z,BUY,0.01,2,1,10.00,2,13300.00
2024-07-24T22:59:00.000Z,2024-07-25T06:20:00.000Z,BUY,0.01,2,1,10.00,2,13310.00
2024-07-25T06:20:00.000Z,2024-07-25T17:15:00.000Z,SELL,0.01,1,1,10.00,1,13320.00
2024-07-25T17:15:00.000Z,2024-07-26T17:11:00.000Z,SELL,0.01,2,1,10.00,2,13330.00
2024-07-26T17:11:00.000Z,2024-07-29T01:15:00.000Z,BUY,0.01,1,1,10.00,1,13340.00
2024-07-29T01:15:00.000Z,2024-07-30T20:01:00.000Z,BUY,0.01,3,1,10.00,3,13350.00
2024-07-30T20:01:00.000Z,2024-07-31T07:42:00.000Z,BUY,0.01,1,1,10.00,1,13360.00
2024-07-31T07:42:00.000Z,2024-07-31T21:40:00.000Z,BUY,0.01,1,1,10.00,1,13370.00
2024-07-31T21:40:00.000Z,2024-07-31T22:24:00.000Z,BUY,0.01,1,1,10.00,1,13380.00
2024-07-31T22:24:00.000Z,2024-07-31T22:40:00.000Z,BUY,0.01,1,1,10.00,1,13390.00
2024-07-31T22:40:00.000Z,2024-08-01T17:02:00.000Z,BUY,0.01,1,1,10.00,1,13400.00
2024-08-01T17:02:00.000Z,2024-08-02T15:30:00.000Z,BUY,0.01,3,1,10.00,3,13410.00
2024-08-02T15:30:00.000Z,2024-08-02T17:38:00.000Z,BUY,0.01,2,1,10.00,2,13420.00
2024-08-02T17:38:00.000Z,2024-08-05T06:52:00.000Z,BUY,0.01,5,1,10.00,5,13430.00
2024-08-05T06:52:00.000Z,2024-08-05T08:37:00.000Z,SELL,0.01,1,1,10.00,1,13440.00
2024-08-05T08:37:00.000Z,2024-08-05T09:05:00.000Z,SELL,0.01,1,1,10.00,1,13450.00
2024-08-05T09:05:00.000Z,2024-08-05T12:17:00.000Z,SELL,0.01,1,1,10.00,1,13460.00
2024-08-05T12:17:00.000Z,2024-08-05T13:57:00.000Z,SELL,0.01,1,1,10.00,1,13470.00
2024-08-05T13:57:00.000Z,2024-08-05T14:22:00.000Z,SELL,0.01,1,1,10.00,1,13480.00
2024-08-05T14:22:00.000Z,2024-08-05T14:41:00.000Z,SELL,0.01,1,1,10.00,1,13490.00
2024-08-05T14:41:00.000Z,2024-08-05T15:20:00.000Z,SELL,0.01,1,1,10.00,1,13500.00
2024-08-05T15:20:00.000Z,2024-08-05T15:24:00.000Z,SELL,0.01,1,1,10.00,1,13510.00
2024-08-05T15:24:00.000Z,2024-08-05T18:00:00.000Z,SELL,0.01,2,1,10.00,2,13520.00
2024-08-05T18:00:00.000Z,2024-08-06T17:31:00.000Z,SELL,0.01,1,1,10.00,1,13530.00
2024-08-06T17:31:00.000Z,2024-08-08T17:10:00.000Z,SELL,0.01,2,1,10.00,2,13540.00
2024-08-08T17:10:00.000Z,2024-08-09T05:00:00.000Z,BUY,0.01,1,1,10.00,1,13550.00
2024-08-09T05:00:00.000Z,2024-08-12T10:16:00.000Z,BUY,0.01,1,1,10.00,1,13560.00
2024-08-12T10:16:00.000Z,2024-08-12T16:31:00.000Z,BUY,0.01,1,1,10.00,1,13570.00
2024-08-12T16:31:00.000Z,2024-08-12T18:15:00.000Z,BUY,0.01,1,1,10.00,1,13580.00
2024-08-12T18:15:00.000Z,2024-08-12T21:11:00.000Z,BUY,0.01,1,1,10.00,1,13590.00
2024-08-12T21:11:00.000Z,2024-08-14T19:24:00.000Z,BUY,0.01,2,1,10.00,2,13600.00
2024-08-14T19:24:00.000Z,2024-08-15T15:26:00.000Z,SELL,0.01,2,1,10.00,2,13610.00
2024-08-15T15:26:00.000Z,2024-08-15T16:00:00.000Z,BUY,0.01,2,1,10.00,2,13620.00
2024-08-15T16:00:00.000Z,2024-08-16T14:16:00.000Z,SELL,0.01,2,1,10.00,2,13630.00
2024-08-16T14:16:00.000Z,2024-08-16T15:51:00.000Z,BUY,0.01,1,1,10.00,1,13640.00
2024-08-16T15:51:00.000Z,2024-08-16T15:59:00.000Z,BUY,0.01,1,1,10.00,1,13650.00
2024-08-16T15:59:00.000Z,2024-08-16T21:25:00.000Z,BUY,0.01,1,1,10.00,1,13660.00
2024-08-16T21:25:00.000Z,2024-08-20T10:44:00.000Z,BUY,0.01,1,1,10.00,1,13670.00
2024-08-20T10:44:00.000Z,2024-08-20T11:06:00.000Z,BUY,0.01,1,1,10.00,1,13680.00
2024-08-20T11:06:00.000Z,2024-08-20T16:31:00.000Z,BUY,0.01,1,1,10.00,1,13690.00
2024-08-20T16:31:00.000Z,2024-08-20T19:04:00.000Z,BUY,0.01,2,1,10.00,2,13700.00
2024-08-20T19:04:00.000Z,2024-08-20T20:08:00.000Z,BUY,0.01,1,1,10.00,1,13710.00
2024-08-20T20:08:00.000Z,2024-08-22T17:08:00.000Z,BUY,0.01,2,1,10.00,2,13720.00
2024-08-22T17:08:00.000Z,2024-08-22T17:22:00.000Z,SELL,0.01,1,1,10.00,1,13730.00
2024-08-22T17:22:00.000Z,2024-08-23T12:21:00.000Z,SELL,0.01,2,1,10.00,2,13740.00
2024-08-23T12:21:00.000Z,2024-09-02T05:30:00.000Z,SELL,0.01,5,1,10.00,5,13750.00
2024-09-02T05:30:00.000Z,2024-09-03T16:43:00.000Z,SELL,0.01,1,1,10.00,1,13760.00
2024-09-03T16:43:00.000Z,2024-09-05T11:21:00.000Z,SELL,0.01,2,1,10.00,2,13770.00
2024-09-05T11:21:00.000Z,2024-09-05T15:21:00.000Z,BUY,0.01,1,1,10.00,1,13780.00
2024-09-05T15:21:00.000Z,2024-09-06T19:22:00.000Z,BUY,0.01,2,1,10.00,2,13790.00
2024-09-06T19:22:00.000Z,2024-09-11T04:38:00.000Z,SELL,0.01,2,1,10.00,2,13800.00
2024-09-11T04:38:00.000Z,2024-09-12T15:45:00.000Z,BUY,0.01,3,1,10.00,3,13810.00
2024-09-12T15:45:00.000Z,2024-09-12T16:10:00.000Z,BUY,0.01,1,1,10.00,1,13820.00
2024-09-12T16:10:00.000Z,2024-09-12T16:46:00.000Z,BUY,0.01,1,1,10.00,1,13830.00
2024-09-12T16:46:00.000Z,2024-09-13T03:43:00.000Z,BUY,0.01,1,1,10.00,1,13840.00
2024-09-13T03:43:00.000Z,2024-09-13T12:28:00.000Z,BUY,0.01,1,1,10.00,1,13850.00
2024-09-13T12:28:00.000Z,2024-09-13T16:41:00.000Z,BUY,0.01,1,1,10.00,1,13860.00
2024-09-13T16:41:00.000Z,2024-09-18T21:16:00.000Z,BUY,0.01,3,1,10.00,3,13870.00
2024-09-18T21:16:00.000Z,2024-09-18T21:43:00.000Z,SELL,0.01,1,1,10.00,1,13880.00
2024-09-18T21:43:00.000Z,2024-09-18T21:50:00.000Z,SELL,0.01,1,1,10.00,1,13890.00
2024-09-18T21:50:00.000Z,2024-09-18T22:07:00.000Z,SELL,0.01,1,1,10.00,1,13900.00
2024-09-18T22:07:00.000Z,2024-09-18T22:46:00.000Z,SELL,0.01,1,1,10.00,1,13910.00
2024-09-18T22:46:00.000Z,2024-09-19T10:48:00.000Z,SELL,0.01,2,1,10.00,2,13920.00
2024-09-19T10:48:00.000Z,2024-09-19T16:50:00.000Z,SELL,0.01,1,1,10.00,1,13930.00
2024-09-19T16:50:00.000Z,2024-09-19T17:30:00.000Z,BUY,0.01,1,1,10.00,1,13940.00
2024-09-19T17:30:00.000Z,2024-09-19T19:38:00.000Z,BUY,0.01,1,1,10.00,1,13950.00
2024-09-19T19:38:00.000Z,2024-09-20T09:49:00.000Z,BUY,0.01,1,1,10.00,1,13960.00
2024-09-20T09:49:00.000Z,2024-09-20T11:39:00.000Z,BUY,0.01,1,1,10.00,1,13970.00
2024-09-20T11:39:00.000Z,2024-09-20T18:43:00.000Z,BUY,0.01,1,1,10.00,1,13980.00
2024-09-20T18:43:00.000Z,2024-09-23T16:54:00.000Z,BUY,0.01,1,1,10.00,1,13990.00
2024-09-23T16:54:00.000Z,2024-09-24T17:44:00.000Z,BUY,0.01,1,1,10.00,1,14000.00
2024-09-24T17:44:00.000Z,2024-09-24T19:40:00.000Z,BUY,0.01,1,1,10.00,1,14010.00
2024-09-24T19:40:00.000Z,2024-09-24T22:42:00.000Z,BUY,0.01,1,1,10.00,1,14020.00
2024-09-24T22:42:00.000Z,2024-09-26T13:44:00.000Z,BUY,0.01,1,1,10.00,1,14030.00
2024-09-26T13:44:00.000Z,2024-09-26T14:39:00.000Z,BUY,0.01,1,1,10.00,1,14040.00
2024-09-26T14:39:00.000Z,2024-09-27T17:49:00.000Z,BUY,0.01,2,1,10.00,2,14050.00
2024-09-27T17:49:00.000Z,2024-09-27T20:39:00.000Z,SELL,0.01,1,1,10.00,1,14060.00
2024-09-27T20:39:00.000Z,2024-09-30T16:44:00.000Z,SELL,0.01,3,1,10.00,3,14070.00
2024-09-30T16:44:00.000Z,2024-10-01T16:34:00.000Z,SELL,0.01,2,1,10.00,2,14080.00
2024-10-01T16:34:00.000Z,2024-10-04T15:55:00.000Z,BUY,0.01,4,1,10.00,4,14090.00
2024-10-04T15:55:00.000Z,2024-10-04T16:05:00.000Z,BUY,0.01,1,1,10.00,1,14100.00
2024-10-04T16:05:00.000Z,2024-10-08T10:02:00.000Z,SELL,0.01,3,1,10.00,3,14110.00
2024-10-08T10:02:00.000Z,2024-10-08T17:35:00.000Z,SELL,0.01,1,1,10.00,1,14120.00
2024-10-08T17:35:00.000Z,2024-10-08T18:13:00.000Z,SELL,0.01,1,1,10.00,1,14130.00
2024-10-08T18:13:00.000Z,2024-10-11T05:48:00.000Z,SELL,0.01,2,1,10.00,2,14140.00
2024-10-11T05:48:00.000Z,2024-10-11T16:40:00.000Z,BUY,0.01,1,1,10.00,1,14150.00
2024-10-11T16:40:00.000Z,2024-10-14T09:24:00.000Z,BUY,0.01,1,1,10.00,1,14160.00
2024-10-14T09:24:00.000Z,2024-10-16T09:14:00.000Z,BUY,0.01,3,1,10.00,3,14170.00
2024-10-16T09:14:00.000Z,2024-10-16T16:01:00.000Z,BUY,0.01,1,1,10.00,1,14180.00
2024-10-16T16:01:00.000Z,2024-10-17T17:38:00.000Z,BUY,0.01,1,1,10.00,1,14190.00
2024-10-17T17:38:00.000Z,2024-10-18T04:35:00.000Z,BUY,0.01,1,1,10.00,1,14200.00
2024-10-18T04:35:00.000Z,2024-10-18T15:30:00.000Z,BUY,0.01,1,1,10.00,1,14210.00
2024-10-18T15:30:00.000Z,2024-10-21T02:40:00.000Z,BUY,0.01,1,1,10.00,1,14220.00
2024-10-21T02:40:00.000Z,2024-10-21T12:20:00.000Z,BUY,0.01,1,1,10.00,1,14230.00
2024-10-21T12:20:00.000Z,2024-10-22T19:56:00.000Z,BUY,0.01,3,1,10.00,3,14240.00
2024-10-22T19:56:00.000Z,2024-10-23T10:56:00.000Z,BUY,0.01,1,1,10.00,1,14250.00
2024-10-23T10:56:00.000Z,2024-10-23T17:19:00.000Z,BUY,0.01,2,1,10.00,2,14260.00
2024-10-23T17:19:00.000Z,2024-10-24T09:40:00.000Z,BUY,0.01,1,1,10.00,1,14270.00
2024-10-24T09:40:00.000Z,2024-10-24T17:27:00.000Z,SELL,0.01,1,1,10.00,1,14280.00
2024-10-24T17:27:00.000Z,2024-10-24T20:04:00.000Z,BUY,0.01,1,1,10.00,1,14290.00
2024-10-24T20:04:00.000Z,2024-10-25T23:33:00.000Z,BUY,0.01,1,1,10.00,1,14300.00
2024-10-25T23:33:00.000Z,2024-10-29T04:06:00.000Z,BUY,0.01,3,1,10.00,3,14310.00
2024-10-29T04:06:00.000Z,2024-10-29T16:05:00.000Z,BUY,0.01,1,1,10.00,1,14320.00
2024-10-29T16:05:00.000Z,2024-10-30T02:06:00.000Z,BUY,0.01,1,1,10.00,1,14330.00
2024-10-30T02:06:00.000Z,2024-10-30T08:23:00.000Z,BUY,0.01,1,1,10.00,1,14340.00
2024-10-30T08:23:00.000Z,2024-10-31T15:50:00.000Z,BUY,0.01,2,1,10.00,2,14350.00
2024-10-31T15:50:00.000Z,2024-10-31T16:34:00.000Z,SELL,0.01,1,1,10.00,1,14360.00
2024-10-31T16:34:00.000Z,2024-10-31T16:58:00.000Z,SELL,0.01,1,1,10.00,1,14370.00
2024-10-31T16:58:00.000Z,2024-11-05T04:43:00.000Z,SELL,0.01,3,1,10.00,3,14380.00
2024-11-05T04:43:00.000Z,2024-11-06T08:29:00.000Z,SELL,0.01,3,1,10.00,3,14390.00
2024-11-06T08:29:00.000Z,2024-11-06T08:35:00.000Z,SELL,0.01,1,1,10.00,1,14400.00
2024-11-06T08:35:00.000Z,2024-11-06T14:33:00.000Z,SELL,0.01,3,1,10.00,3,14410.00
2024-11-06T14:33:00.000Z,2024-11-06T15:05:00.000Z,SELL,0.01,1,1,10.00,1,14420.00
2024-11-06T15:05:00.000Z,2024-11-06T15:30:00.000Z,SELL,0.01,1,1,10.00,1,14430.00
2024-11-06T15:30:00.000Z,2024-11-06T15:33:00.000Z,SELL,0.01,1,1,10.00,1,14440.00
2024-11-06T15:33:00.000Z,2024-11-06T16:33:00.000Z,SELL,0.01,1,1,10.00,1,14450.00
2024-11-06T16:33:00.000Z,2024-11-07T03:20:00.000Z,SELL,0.01,3,1,10.00,3,14460.00
2024-11-07T03:20:00.000Z,2024-11-07T15:00:00.000Z,SELL,0.01,2,1,10.00,2,14470.00
2024-11-07T15:00:00.000Z,2024-11-07T22:11:00.000Z,SELL,0.01,2,1,10.00,2,14480.00
2024-11-07T22:11:00.000Z,2024-11-11T03:20:00.000Z,BUY,0.01,2,1,10.00,2,14490.00
2024-11-11T03:20:00.000Z,2024-11-11T11:52:00.000Z,SELL,0.01,1,1,10.00,1,14500.00
2024-11-11T11:52:00.000Z,2024-11-11T15:00:00.000Z,SELL,0.01,1,1,10.00,1,14510.00
2024-11-11T15:00:00.000Z,2024-11-11T15:34:00.000Z,SELL,0.01,1,1,10.00,1,14520.00
2024-11-11T15:34:00.000Z,2024-11-11T16:00:00.000Z,SELL,0.01,1,1,10.00,1,14530.00
2024-11-11T16:00:00.000Z,2024-11-11T16:34:00.000Z,SELL,0.01,1,1,10.00,1,14540.00
2024-11-11T16:34:00.000Z,2024-11-11T18:07:00.000Z,SELL,0.01,1,1,10.00,1,14550.00
2024-11-11T18:07:00.000Z,2024-11-12T09:24:00.000Z,SELL,0.01,1,1,10.00,1,14560.00
2024-11-12T09:24:00.000Z,2024-11-12T11:09:00.000Z,SELL,0.01,1,1,10.00,1,14570.00
2024-11-12T11:09:00.000Z,2024-11-13T19:11:00.000Z,SELL,0.01,3,1,10.00,3,14580.00
2024-11-13T19:11:00.000Z,2024-11-14T01:00:00.000Z,SELL,0.01,1,1,10.00,1,14590.00
2024-11-14T01:00:00.000Z,2024-11-14T03:58:00.000Z,SELL,0.01,1,1,10.00,1,14600.00
2024-11-14T03:58:00.000Z,2024-11-14T09:13:00.000Z,SELL,0.01,1,1,10.00,1,14610.00
2024-11-14T09:13:00.000Z,2024-11-14T11:36:00.000Z,SELL,0.01,1,1,10.00,1,14620.00
2024-11-14T11:36:00.000Z,2024-11-14T17:26:00.000Z,SELL,0.01,2,1,10.00,2,14630.00
2024-11-14T17:26:00.000Z,2024-11-15T07:57:00.000Z,SELL,0.01,1,1,10.00,1,14640.00
2024-11-15T07:57:00.000Z,2024-11-18T03:25:00.000Z,SELL,0.01,2,1,10.00,2,14650.00
2024-11-18T03:25:00.000Z,2024-11-18T15:34:00.000Z,BUY,0.01,1,1,10.00,1,14660.00
2024-11-18T15:34:00.000Z,2024-11-18T17:28:00.000Z,BUY,0.01,1,1,10.00,1,14670.00
2024-11-18T17:28:00.000Z,2024-11-19T04:38:00.000Z,BUY,0.01,1,1,10.00,1,14680.00
2024-11-19T04:38:00.000Z,2024-11-19T11:31:00.000Z,BUY,0.01,1,1,10.00,1,14690.00
2024-11-19T11:31:00.000Z,2024-11-20T16:35:00.000Z,BUY,0.01,1,1,10.00,1,14700.00
2024-11-20T16:35:00.000Z,2024-11-20T19:06:00.000Z,BUY,0.01,1,1,10.00,1,14710.00
2024-11-20T19:06:00.000Z,2024-11-21T09:28:00.000Z,BUY,0.01,1,1,10.00,1,14720.00
2024-11-21T09:28:00.000Z,2024-11-21T13:17:00.000Z,BUY,0.01,1,1,10.00,1,14730.00
2024-11-21T13:17:00.000Z,2024-11-22T04:36:00.000Z,BUY,0.01,1,1,10.00,1,14740.00
2024-11-22T04:36:00.000Z,2024-11-22T09:30:00.000Z,BUY,0.01,1,1,10.00,1,14750.00
2024-11-22T09:30:00.000Z,2024-11-22T11:37:00.000Z,BUY,0.01,1,1,10.00,1,14760.00
2024-11-22T11:37:00.000Z,2024-11-22T23:52:00.000Z,BUY,0.01,1,1,10.00,1,14770.00
2024-11-22T23:52:00.000Z,2024-11-25T05:26:00.000Z,BUY,0.01,4,1,10.00,4,14780.00
2024-11-25T05:26:00.000Z,2024-11-25T16:16:00.000Z,BUY,0.01,4,1,10.00,4,14790.00
2024-11-25T16:16:00.000Z,2024-11-25T16:21:00.000Z,SELL,0.01,1,1,10.00,1,14800.00
2024-11-25T16:21:00.000Z,2024-11-25T17:08:00.000Z,SELL,0.01,1,1,10.00,1,14810.00
2024-11-25T17:08:00.000Z,2024-11-25T20:14:00.000Z,SELL,0.01,1,1,10.00,1,14820.00
2024-11-25T20:14:00.000Z,2024-11-26T01:42:00.000Z,SELL,0.01,1,1,10.00,1,14830.00
2024-11-26T01:42:00.000Z,2024-11-27T07:33:00.000Z,SELL,0.01,2,1,10.00,2,14840.00
2024-11-27T07:33:00.000Z,2024-11-27T10:59:00.000Z,BUY,0.01,1,1,10.00,1,14850.00
2024-11-27T10:59:00.000Z,2024-11-28T03:19:00.000Z,BUY,0.01,2,1,10.00,2,14860.00
2024-11-28T03:19:00.000Z,2024-11-29T04:12:00.000Z,SELL,0.01,2,1,10.00,2,14870.00
2024-11-29T04:12:00.000Z,2024-11-29T06:41:00.000Z,BUY,0.01,1,1,10.00,1,14880.00
2024-11-29T06:41:00.000Z,2024-12-02T02:43:00.000Z,BUY,0.01,2,1,10.00,2,14890.00
2024-12-02T02:43:00.000Z,2024-12-02T13:35:00.000Z,BUY,0.01,1,1,10.00,1,14900.00
2024-12-02T13:35:00.000Z,2024-12-04T15:04:00.000Z,SELL,0.01,1,1,10.00,1,14910.00
2024-12-04T15:04:00.000Z,2024-12-06T03:08:00.000Z,SELL,0.01,3,1,10.00,3,14920.00
2024-12-06T03:08:00.000Z,2024-12-06T03:10:00.000Z,SELL,0.01,1,1,10.00,1,14930.00
2024-12-06T03:10:00.000Z,2024-12-06T06:02:00.000Z,SELL,0.01,2,1,10.00,2,14940.00
2024-12-06T06:02:00.000Z,2024-12-06T13:01:00.000Z,SELL,0.01,1,1,10.00,1,14950.00
2024-12-06T13:01:00.000Z,2024-12-09T15:40:00.000Z,SELL,0.01,2,1,10.00,2,14960.00
2024-12-09T15:40:00.000Z,2024-12-09T16:47:00.000Z,BUY,0.01,1,1,10.00,1,14970.00
2024-12-09T16:47:00.000Z,2024-12-10T16:18:00.000Z,BUY,0.01,1,1,10.00,1,14980.00
2024-12-10T16:18:00.000Z,2024-12-10T19:15:00.000Z,BUY,0.01,1,1,10.00,1,14990.00
2024-12-10T19:15:00.000Z,2024-12-11T04:30:00.000Z,BUY,0.01,1,1,10.00,1,15000.00
2024-12-11T04:30:00.000Z,2024-12-11T17:36:00.000Z,BUY,0.01,3,1,10.00,3,15010.00
2024-12-11T17:36:00.000Z,2024-12-12T02:59:00.000Z,BUY,0.01,1,1,10.00,1,15020.00
2024-12-12T02:59:00.000Z,2024-12-12T16:10:00.000Z,BUY,0.01,2,1,10.00,2,15030.00
2024-12-12T16:10:00.000Z,2024-12-12T16:27:00.000Z,SELL,0.01,1,1,10.00,1,15040.00
2024-12-12T16:27:00.000Z,2024-12-13T11:03:00.000Z,SELL,0.01,1,1,10.00,1,15050.00
2024-12-13T11:03:00.000Z,2024-12-13T14:01:00.000Z,SELL,0.01,1,1,10.00,1,15060.00
2024-12-13T14:01:00.000Z,2024-12-13T20:41:00.000Z,SELL,0.01,1,1,10.00,1,15070.00
2024-12-13T20:41:00.000Z,2024-12-17T10:57:00.000Z,SELL,0.01,1,1,10.00,1,15080.00
2024-12-17T10:57:00.000Z,2024-12-18T21:00:00.000Z,SELL,0.01,1,1,10.00,1,15090.00
2024-12-18T21:00:00.000Z,2024-12-18T21:06:00.000Z,SELL,0.01,1,1,10.00,1,15100.00
2024-12-18T21:06:00.000Z,2024-12-18T21:47:00.000Z,SELL,0.01,1,1,10.00,1,15110.00
2024-12-18T21:47:00.000Z,2024-12-18T22:20:00.000Z,SELL,0.01,1,1,10.00,1,15120.00
2024-12-18T22:20:00.000Z,2024-12-18T22:35:00.000Z,SELL,0.01,1,1,10.00,1,15130.00
2024-12-18T22:35:00.000Z,2024-12-19T09:26:00.000Z,SELL,0.01,2,1,10.00,2,15140.00
2024-12-19T09:26:00.000Z,2024-12-19T14:40:00.000Z,SELL,0.01,1,1,10.00,1,15150.00
2024-12-19T14:40:00.000Z,2024-12-19T15:19:00.000Z,SELL,0.01,1,1,10.00,1,15160.00
2024-12-19T15:19:00.000Z,2024-12-19T17:00:00.000Z,SELL,0.01,1,1,10.00,1,15170.00
2024-12-19T17:00:00.000Z,2024-12-20T17:11:00.000Z,SELL,0.01,2,1,10.00,2,15180.00
2024-12-20T17:11:00.000Z,2024-12-20T18:00:00.000Z,BUY,0.01,1,1,10.00,1,15190.00
2024-12-20T18:00:00.000Z,2024-12-30T17:10:00.000Z,BUY,0.01,4,1,10.00,4,15200.00
2024-12-30T17:10:00.000Z,2025-01-02T03:17:00.000Z,SELL,0.01,2,1,10.00,2,15210.00
2025-01-02T03:17:00.000Z,2025-01-02T12:19:00.000Z,BUY,0.01,1,1,10.00,1,15220.00
2025-01-02T12:19:00.000Z,2025-01-02T17:34:00.000Z,BUY,0.01,1,1,10.00,1,15230.00
2025-01-02T17:34:00.000Z,2025-01-03T03:00:00.000Z,BUY,0.01,1,1,10.00,1,15240.00
2025-01-03T03:00:00.000Z,2025-01-06T07:47:00.000Z,BUY,0.01,2,1,10.00,2,15250.00
2025-01-06T07:47:00.000Z,2025-01-06T16:16:00.000Z,SELL,0.01,1,1,10.00,1,15260.00
2025-01-06T16:16:00.000Z,2025-01-07T14:40:00.000Z,SELL,0.01,2,1,10.00,2,15270.00
2025-01-07T14:40:00.000Z,2025-01-07T15:30:00.000Z,BUY,0.01,1,1,10.00,1,15280.00
2025-01-07T15:30:00.000Z,2025-01-09T13:29:00.000Z,BUY,0.01,1,1,10.00,1,15290.00
2025-01-09T13:29:00.000Z,2025-01-10T11:25:00.000Z,BUY,0.01,1,1,10.00,1,15300.00
2025-01-10T11:25:00.000Z,2025-01-10T16:33:00.000Z,BUY,0.01,1,1,10.00,1,15310.00
2025-01-10T16:33:00.000Z,2025-01-13T17:57:00.000Z,BUY,0.01,2,1,10.00,2,15320.00
2025-01-13T17:57:00.000Z,2025-01-15T15:30:00.000Z,SELL,0.01,2,1,10.00,2,15330.00
2025-01-15T15:30:00.000Z,2025-01-16T10:20:00.000Z,BUY,0.01,1,1,10.00,1,15340.00
2025-01-16T10:20:00.000Z,2025-01-16T15:30:00.000Z,BUY,0.01,1,1,10.00,1,15350.00
2025-01-16T15:30:00.000Z,2025-01-16T19:36:00.000Z,BUY,0.01,1,1,10.00,1,15360.00
2025-01-16T19:36:00.000Z,2025-01-20T01:23:00.000Z,BUY,0.01,2,1,10.00,2,15370.00
2025-01-20T01:23:00.000Z,2025-01-21T04:37:00.000Z,SELL,0.01,2,1,10.00,2,15380.00
2025-01-21T04:37:00.000Z,2025-01-21T16:40:00.000Z,BUY,0.01,1,1,10.00,1,15390.00
2025-01-21T16:40:00.000Z,2025-01-21T18:19:00.000Z,BUY,0.01,1,1,10.00,1,15400.00
2025-01-21T18:19:00.000Z,2025-01-22T07:33:00.000Z,BUY,0.01,1,1,10.00,1,15410.00
2025-01-22T07:33:00.000Z,2025-01-24T04:00:00.000Z,BUY,0.01,1,1,10.00,1,15420.00
2025-01-24T04:00:00.000Z,2025-01-24T04:49:00.000Z,BUY,0.01,1,1,10.00,1,15430.00
2025-01-24T04:49:00.000Z,2025-01-24T17:25:00.000Z,BUY,0.01,1,1,10.00,1,15440.00
2025-01-24T17:25:00.000Z,2025-01-27T04:21:00.000Z,BUY,0.01,2,1,10.00,2,15450.00
2025-01-27T04:21:00.000Z,2025-01-27T17:04:00.000Z,SELL,0.01,1,1,10.00,1,15460.00
2025-01-27T17:04:00.000Z,2025-01-27T18:51:00.000Z,SELL,0.01,1,1,10.00,1,15470.00
2025-01-27T18:51:00.000Z,2025-01-28T21:30:00.000Z,SELL,0.01,2,1,10.00,2,15480.00
2025-01-28T21:30:00.000Z,2025-01-30T10:53:00.000Z,BUY,0.01,1,1,10.00,1,15490.00
2025-01-30T10:53:00.000Z,2025-01-30T15:52:00.000Z,BUY,0.01,1,1,10.00,1,15500.00
2025-01-30T15:52:00.000Z,2025-01-30T17:52:00.000Z,BUY,0.01,1,1,10.00,1,15510.00
2025-01-30T17:52:00.000Z,2025-01-31T14:20:00.000Z,BUY,0.01,1,1,10.00,1,15520.00
2025-01-31T14:20:00.000Z,2025-01-31T17:10:00.000Z,BUY,0.01,1,1,10.00,1,15530.00
2025-01-31T17:10:00.000Z,2025-02-03T01:37:00.000Z,BUY,0.01,2,1,10.00,2,15540.00
2025-02-03T01:37:00.000Z,2025-02-03T02:06:00.000Z,BUY,0.01,1,1,10.00,1,15550.00
2025-02-03T02:06:00.000Z,2025-02-03T14:38:00.000Z,BUY,0.01,3,1,10.00,3,15560.00
2025-02-03T14:38:00.000Z,2025-02-03T16:35:00.000Z,BUY,0.01,1,1,10.00,1,15570.00
2025-02-03T16:35:00.000Z,2025-02-03T16:50:00.000Z,BUY,0.01,1,1,10.00,1,15580.00
2025-02-03T16:50:00.000Z,2025-02-04T15:30:00.000Z,BUY,0.01,1,1,10.00,1,15590.00
2025-02-04T15:30:00.000Z,2025-02-05T02:34:00.000Z,BUY,0.01,1,1,10.00,1,15600.00
2025-02-05T02:34:00.000Z,2025-02-05T06:14:00.000Z,BUY,0.01,1,1,10.00,1,15610.00
2025-02-05T06:14:00.000Z,2025-02-05T10:42:00.000Z,BUY,0.01,1,1,10.00,1,15620.00
2025-02-05T10:42:00.000Z,2025-02-05T17:43:00.000Z,BUY,0.01,1,1,10.00,1,15630.00
2025-02-05T17:43:00.000Z,2025-02-06T16:50:00.000Z,BUY,0.01,2,1,10.00,2,15640.00
2025-02-06T16:50:00.000Z,2025-02-06T17:07:00.000Z,SELL,0.01,1,1,10.00,1,15650.00
2025-02-06T17:07:00.000Z,2025-02-07T03:53:00.000Z,SELL,0.01,2,1,10.00,2,15660.00
2025-02-07T03:53:00.000Z,2025-02-07T15:32:00.000Z,SELL,0.01,1,1,10.00,1,15670.00
2025-02-07T15:32:00.000Z,2025-02-07T15:39:00.000Z,BUY,0.01,1,1,10.00,1,15680.00
2025-02-07T15:39:00.000Z,2025-02-07T16:41:00.000Z,BUY,0.01,1,1,10.00,1,15690.00
2025-02-07T16:41:00.000Z,2025-02-10T08:46:00.000Z,BUY,0.01,3,1,10.00,3,15700.00
2025-02-10T08:46:00.000Z,2025-02-10T10:39:00.000Z,BUY,0.01,1,1,10.00,1,15710.00
2025-02-10T10:39:00.000Z,2025-02-10T15:19:00.000Z,BUY,0.01,1,1,10.00,1,15720.00
2025-02-10T15:19:00.000Z,2025-02-11T01:38:00.000Z,BUY,0.01,1,1,10.00,1,15730.00
2025-02-11T01:38:00.000Z,2025-02-11T03:11:00.000Z,BUY,0.01,1,1,10.00,1,15740.00
2025-02-11T03:11:00.000Z,2025-02-11T04:12:00.000Z,BUY,0.01,1,1,10.00,1,15750.00
2025-02-11T04:12:00.000Z,2025-02-11T04:40:00.000Z,BUY,0.01,2,1,10.00,2,15760.00
2025-02-11T04:40:00.000Z,2025-02-11T04:43:00.000Z,BUY,0.01,1,1,10.00,1,15770.00
2025-02-11T04:43:00.000Z,2025-02-11T14:56:00.000Z,BUY,0.01,2,1,10.00,2,15780.00
2025-02-11T14:56:00.000Z,2025-02-11T16:06:00.000Z,BUY,0.01,1,1,10.00,1,15790.00
2025-02-11T16:06:00.000Z,2025-02-12T03:30:00.000Z,SELL,0.01,1,1,10.00,1,15800.00
2025-02-12T03:30:00.000Z,2025-02-12T14:00:00.000Z,SELL,0.01,1,1,10.00,1,15810.00
2025-02-12T14:00:00.000Z,2025-02-12T15:30:00.000Z,SELL,0.01,1,1,10.00,1,15820.00
2025-02-12T15:30:00.000Z,2025-02-12T18:49:00.000Z,SELL,0.01,2,1,10.00,2,15830.00
2025-02-12T18:49:00.000Z,2025-02-13T22:24:00.000Z,SELL,0.01,2,1,10.00,2,15840.00
2025-02-13T22:24:00.000Z,2025-02-14T12:25:00.000Z,BUY,0.01,1,1,10.00,1,15850.00
2025-02-14T12:25:00.000Z,2025-02-14T17:19:00.000Z,BUY,0.01,2,1,10.00,2,15860.00
2025-02-14T17:19:00.000Z,2025-02-14T21:53:00.000Z,BUY,0.01,2,1,10.00,2,15870.00
2025-02-14T21:53:00.000Z,2025-02-18T05:22:00.000Z,SELL,0.01,2,1,10.00,2,15880.00
2025-02-18T05:22:00.000Z,2025-02-19T03:58:00.000Z,SELL,0.01,2,1,10.00,2,15890.00
2025-02-19T03:58:00.000Z,2025-02-20T09:32:00.000Z,BUY,0.01,3,1,10.00,3,15900.00
2025-02-20T09:32:00.000Z,2025-02-21T10:21:00.000Z,BUY,0.01,4,1,10.00,4,15910.00
2025-02-21T10:21:00.000Z,2025-02-24T14:02:00.000Z,SELL,0.01,2,1,10.00,2,15920.00
2025-02-24T14:02:00.000Z,2025-02-25T17:21:00.000Z,BUY,0.01,2,1,10.00,2,15930.00
2025-02-25T17:21:00.000Z,2025-02-25T17:30:00.000Z,SELL,0.01,1,1,10.00,1,15940.00
2025-02-25T17:30:00.000Z,2025-02-25T18:07:00.000Z,SELL,0.01,1,1,10.00,1,15950.00
2025-02-25T18:07:00.000Z,2025-02-25T18:08:00.000Z,SELL,0.01,1,1,10.00,1,15960.00
2025-02-25T18:08:00.000Z,2025-02-26T01:54:00.000Z,SELL,0.01,2,1,10.00,2,15970.00
2025-02-26T01:54:00.000Z,2025-02-26T08:36:00.000Z,SELL,0.01,1,1,10.00,1,15980.00
2025-02-26T08:36:00.000Z,2025-02-26T16:08:00.000Z,SELL,0.01,1,1,10.00,1,15990.00
2025-02-26T16:08:00.000Z,2025-02-27T09:44:00.000Z,SELL,0.01,3,1,10.00,3,16000.00
2025-02-27T09:44:00.000Z,2025-02-27T11:08:00.000Z,SELL,0.01,1,1,10.00,1,16010.00
2025-02-27T11:08:00.000Z,2025-02-28T05:42:00.000Z,SELL,0.01,1,1,10.00,1,16020.00
2025-02-28T05:42:00.000Z,2025-02-28T06:20:00.000Z,SELL,0.01,1,1,10.00,1,16030.00
2025-02-28T06:20:00.000Z,2025-02-28T16:03:00.000Z,SELL,0.01,1,1,10.00,1,16040.00
2025-02-28T16:03:00.000Z,2025-02-28T16:45:00.000Z,SELL,0.01,1,1,10.00,1,16050.00
2025-02-28T16:45:00.000Z,2025-03-03T01:01:00.000Z,SELL,0.01,2,1,10.00,2,16060.00
2025-03-03T01:01:00.000Z,2025-03-04T09:27:00.000Z,SELL,0.01,2,1,10.00,2,16070.00
2025-03-04T09:27:00.000Z,2025-03-04T10:17:00.000Z,BUY,0.01,1,1,10.00,1,16080.00
2025-03-04T10:17:00.000Z,2025-03-04T10:38:00.000Z,BUY,0.01,1,1,10.00,1,16090.00
2025-03-04T10:38:00.000Z,2025-03-04T15:09:00.000Z,BUY,0.01,1,1,10.00,1,16100.00
2025-03-04T15:09:00.000Z,2025-03-05T15:49:00.000Z,BUY,0.01,2,1,10.00,2,16110.00
2025-03-05T15:49:00.000Z,2025-03-05T16:31:00.000Z,BUY,0.01,1,1,10.00,1,16120.00
2025-03-05T16:31:00.000Z,2025-03-05T17:05:00.000Z,BUY,0.01,1,1,10.00,1,16130.00
2025-03-05T17:05:00.000Z,2025-03-05T18:22:00.000Z,BUY,0.01,1,1,10.00,1,16140.00
2025-03-05T18:22:00.000Z,2025-03-06T11:35:00.000Z,BUY,0.01,2,1,10.00,2,16150.00
2025-03-06T11:35:00.000Z,2025-03-07T16:56:00.000Z,SELL,0.01,4,1,10.00,4,16160.00
2025-03-07T16:56:00.000Z,2025-03-10T10:47:00.000Z,BUY,0.01,2,1,10.00,2,16170.00
2025-03-10T10:47:00.000Z,2025-03-10T19:39:00.000Z,SELL,0.01,1,1,10.00,1,16180.00
2025-03-10T19:39:00.000Z,2025-03-11T15:38:00.000Z,SELL,0.01,2,1,10.00,2,16190.00
2025-03-11T15:38:00.000Z,2025-03-12T17:51:00.000Z,BUY,0.01,1,1,10.00,1,16200.00
2025-03-12T17:51:00.000Z,2025-03-12T18:30:00.000Z,BUY,0.01,1,1,10.00,1,16210.00
2025-03-12T18:30:00.000Z,2025-03-13T11:48:00.000Z,BUY,0.01,1,1,10.00,1,16220.00
2025-03-13T11:48:00.000Z,2025-03-13T16:41:00.000Z,BUY,0.01,1,1,10.00,1,16230.00
2025-03-13T16:41:00.000Z,2025-03-13T16:49:00.000Z,BUY,0.01,1,1,10.00,1,16240.00
2025-03-13T16:49:00.000Z,2025-03-13T18:09:00.000Z,BUY,0.01,1,1,10.00,1,16250.00
2025-03-13T18:09:00.000Z,2025-03-14T00:39:00.000Z,BUY,0.01,1,1,10.00,1,16260.00
2025-03-14T00:39:00.000Z,2025-03-14T12:11:00.000Z,BUY,0.01,1,1,10.00,1,16270.00
2025-03-14T12:11:00.000Z,2025-03-18T04:50:00.000Z,BUY,0.01,3,1,10.00,3,16280.00
2025-03-18T04:50:00.000Z,2025-03-18T10:17:00.000Z,BUY,0.01,1,1,10.00,1,16290.00
2025-03-18T10:17:00.000Z,2025-03-18T14:08:00.000Z,BUY,0.01,1,1,10.00,1,16300.00
2025-03-18T14:08:00.000Z,2025-03-19T07:35:00.000Z,BUY,0.01,1,1,10.00,1,16310.00
2025-03-19T07:35:00.000Z,2025-03-19T21:10:00.000Z,BUY,0.01,1,1,10.00,1,16320.00
2025-03-19T21:10:00.000Z,2025-03-21T15:38:00.000Z,BUY,0.01,2,1,10.00,2,16330.00
2025-03-21T15:38:00.000Z,2025-03-21T15:49:00.000Z,SELL,0.01,1,1,10.00,1,16340.00
2025-03-21T15:49:00.000Z,2025-03-21T16:09:00.000Z,SELL,0.01,1,1,10.00,1,16350.00
2025-03-21T16:09:00.000Z,2025-03-24T11:07:00.000Z,SELL,0.01,2,1,10.00,2,16360.00
2025-03-24T11:07:00.000Z,2025-03-24T15:45:00.000Z,SELL,0.01,1,1,10.00,1,16370.00
2025-03-24T15:45:00.000Z,2025-03-25T15:42:00.000Z,BUY,0.01,1,1,10.00,1,16380.00
2025-03-25T15:42:00.000Z,2025-03-27T11:57:00.000Z,BUY,0.01,1,1,10.00,1,16390.00
2025-03-27T11:57:00.000Z,2025-03-27T12:25:00.000Z,BUY,0.01,1,1,10.00,1,16400.00
2025-03-27T12:25:00.000Z,2025-03-28T02:10:00.000Z,BUY,0.01,1,1,10.00,1,16410.00
2025-03-28T02:10:00.000Z,2025-03-28T03:48:00.000Z,BUY,0.01,1,1,10.00,1,16420.00
2025-03-28T03:48:00.000Z,2025-03-28T07:56:00.000Z,BUY,0.01,1,1,10.00,1,16430.00
2025-03-28T07:56:00.000Z,2025-03-31T01:02:00.000Z,BUY,0.01,1,1,10.00,1,16440.00
2025-03-31T01:02:00.000Z,2025-03-31T05:22:00.000Z,BUY,0.01,1,1,10.00,1,16450.00
2025-03-31T05:22:00.000Z,2025-03-31T07:50:00.000Z,BUY,0.01,1,1,10.00,1,16460.00
2025-03-31T07:50:00.000Z,2025-03-31T09:12:00.000Z,BUY,0.01,1,1,10.00,1,16470.00
2025-03-31T09:12:00.000Z,2025-04-01T04:01:00.000Z,BUY,0.01,3,1,10.00,3,16480.00
2025-04-01T04:01:00.000Z,2025-04-01T05:27:00.000Z,BUY,0.01,1,1,10.00,1,16490.00
2025-04-01T05:27:00.000Z,2025-04-01T19:00:00.000Z,BUY,0.01,2,1,10.00,2,16500.00
2025-04-01T19:00:00.000Z,2025-04-02T03:51:00.000Z,BUY,0.01,1,1,10.00,1,16510.00
2025-04-02T03:51:00.000Z,2025-04-02T08:29:00.000Z,SELL,0.01,1,1,10.00,1,16520.00
2025-04-02T08:29:00.000Z,2025-04-02T23:28:00.000Z,SELL,0.01,5,0,-2420.00,5,14100.00
2025-04-02T23:28:00.000Z,2025-04-03T01:10:00.000Z,BUY,0.01,1,1,10.00,1,14110.00
2025-04-03T01:10:00.000Z,2025-04-03T02:10:00.000Z,BUY,0.01,1,1,10.00,1,14120.00
2025-04-03T02:10:00.000Z,2025-04-03T02:46:00.000Z,BUY,0.01,1,1,10.00,1,14130.00
2025-04-03T02:46:00.000Z,2025-04-03T08:16:00.000Z,BUY,0.01,2,1,10.00,2,14140.00
2025-04-03T08:16:00.000Z,2025-04-03T13:31:00.000Z,BUY,0.01,2,1,10.00,2,14150.00
2025-04-03T13:31:00.000Z,2025-04-03T13:58:00.000Z,SELL,0.01,1,1,10.00,1,14160.00
2025-04-03T13:58:00.000Z,2025-04-03T15:24:00.000Z,SELL,0.01,1,1,10.00,1,14170.00
2025-04-03T15:24:00.000Z,2025-04-03T15:31:00.000Z,SELL,0.01,1,1,10.00,1,14180.00
2025-04-03T15:31:00.000Z,2025-04-03T15:40:00.000Z,SELL,0.01,1,1,10.00,1,14190.00
2025-04-03T15:40:00.000Z,2025-04-03T16:45:00.000Z,SELL,0.01,2,1,10.00,2,14200.00
2025-04-03T16:45:00.000Z,2025-04-03T17:25:00.000Z,SELL,0.01,2,1,10.00,2,14210.00
2025-04-03T17:25:00.000Z,2025-04-03T18:14:00.000Z,SELL,0.01,1,1,10.00,1,14220.00
2025-04-03T18:14:00.000Z,2025-04-03T19:23:00.000Z,SELL,0.01,1,1,10.00,1,14230.00
2025-04-03T19:23:00.000Z,2025-04-04T05:39:00.000Z,SELL,0.01,1,1,10.00,1,14240.00
2025-04-04T05:39:00.000Z,2025-04-04T11:22:00.000Z,SELL,0.01,1,1,10.00,1,14250.00
2025-04-04T11:22:00.000Z,2025-04-04T13:33:00.000Z,SELL,0.01,2,1,10.00,2,14260.00
2025-04-04T13:33:00.000Z,2025-04-04T14:45:00.000Z,SELL,0.01,3,1,10.00,3,14270.00
2025-04-04T14:45:00.000Z,2025-04-04T15:26:00.000Z,SELL,0.01,1,1,10.00,1,14280.00
2025-04-04T15:26:00.000Z,2025-04-04T15:39:00.000Z,SELL,0.01,1,1,10.00,1,14290.00
2025-04-04T15:39:00.000Z,2025-04-04T15:41:00.000Z,SELL,0.01,1,1,10.00,1,14300.00
2025-04-04T15:41:00.000Z,2025-04-04T16:36:00.000Z,SELL,0.01,1,1,10.00,1,14310.00
2025-04-04T16:36:00.000Z,2025-04-04T17:06:00.000Z,SELL,0.01,1,1,10.00,1,14320.00
2025-04-04T17:06:00.000Z,2025-04-04T17:45:00.000Z,SELL,0.01,1,1,10.00,1,14330.00
2025-04-04T17:45:00.000Z,2025-04-04T17:49:00.000Z,SELL,0.01,1,1,10.00,1,14340.00
2025-04-04T17:49:00.000Z,2025-04-04T18:37:00.000Z,SELL,0.01,3,1,10.00,3,14350.00
2025-04-04T18:37:00.000Z,2025-04-07T01:00:00.000Z,SELL,0.01,3,1,10.00,3,14360.00
2025-04-07T01:00:00.000Z,2025-04-07T01:06:00.000Z,SELL,0.01,3,1,10.00,3,14370.00
2025-04-07T01:06:00.000Z,2025-04-07T01:06:00.000Z,SELL,0.01,1,1,10.00,1,14380.00
2025-04-07T01:06:00.000Z,2025-04-07T01:06:00.000Z,SELL,0.01,1,1,10.00,1,14390.00
2025-04-07T01:06:00.000Z,2025-04-07T01:06:00.000Z,SELL,0.01,2,1,10.00,2,14400.00
2025-04-07T01:06:00.000Z,2025-04-07T01:07:00.000Z,SELL,0.01,1,1,10.00,1,14410.00
2025-04-07T01:07:00.000Z,2025-04-07T01:13:00.000Z,SELL,0.01,2,1,10.00,2,14420.00
2025-04-07T01:13:00.000Z,2025-04-07T01:20:00.000Z,SELL,0.01,1,1,10.00,1,14430.00
2025-04-07T01:20:00.000Z,2025-04-07T01:22:00.000Z,SELL,0.01,1,1,10.00,1,14440.00
2025-04-07T01:22:00.000Z,2025-04-07T02:20:00.000Z,SELL,0.01,1,1,10.00,1,14450.00
2025-04-07T02:20:00.000Z,2025-04-07T02:22:00.000Z,SELL,0.01,1,1,10.00,1,14460.00
2025-04-07T02:22:00.000Z,2025-04-07T02:38:00.000Z,SELL,0.01,1,1,10.00,1,14470.00
2025-04-07T02:38:00.000Z,2025-04-07T03:01:00.000Z,SELL,0.01,2,1,10.00,2,14480.00
2025-04-07T03:01:00.000Z,2025-04-07T03:06:00.000Z,SELL,0.01,1,1,10.00,1,14490.00
2025-04-07T03:06:00.000Z,2025-04-07T03:09:00.000Z,SELL,0.01,1,1,10.00,1,14500.00
2025-04-07T03:09:00.000Z,2025-04-07T03:10:00.000Z,SELL,0.01,1,1,10.00,1,14510.00
2025-04-07T03:10:00.000Z,2025-04-07T04:13:00.000Z,SELL,0.01,2,1,10.00,2,14520.00
2025-04-07T04:13:00.000Z,2025-04-07T04:39:00.000Z,SELL,0.01,2,1,10.00,2,14530.00
2025-04-07T04:39:00.000Z,2025-04-07T05:59:00.000Z,SELL,0.01,1,1,10.00,1,14540.00
2025-04-07T05:59:00.000Z,2025-04-07T10:10:00.000Z,SELL,0.01,1,1,10.00,1,14550.00
2025-04-07T10:10:00.000Z,2025-04-07T16:36:00.000Z,SELL,0.01,3,1,10.00,3,14560.00
2025-04-07T16:36:00.000Z,2025-04-07T17:16:00.000Z,SELL,0.01,2,1,10.00,2,14570.00
2025-04-07T17:16:00.000Z,2025-04-07T17:22:00.000Z,SELL,0.01,1,1,10.00,1,14580.00
2025-04-07T17:22:00.000Z,2025-04-07T17:25:00.000Z,SELL,0.01,1,1,10.00,1,14590.00
2025-04-07T17:25:00.000Z,2025-04-07T17:28:00.000Z,SELL,0.01,1,1,10.00,1,14600.00
2025-04-07T17:28:00.000Z,2025-04-07T18:08:00.000Z,SELL,0.01,1,1,10.00,1,14610.00
2025-04-07T18:08:00.000Z,2025-04-07T18:14:00.000Z,SELL,0.01,1,1,10.00,1,14620.00
2025-04-07T18:14:00.000Z,2025-04-07T19:45:00.000Z,SELL,0.01,1,1,10.00,1,14630.00
2025-04-07T19:45:00.000Z,2025-04-07T20:08:00.000Z,SELL,0.01,1,1,10.00,1,14640.00
2025-04-07T20:08:00.000Z,2025-04-08T04:08:00.000Z,SELL,0.01,2,1,10.00,2,14650.00
2025-04-08T04:08:00.000Z,2025-04-08T20:01:00.000Z,SELL,0.01,3,1,10.00,3,14660.00
2025-04-08T20:01:00.000Z,2025-04-09T02:35:00.000Z,SELL,0.01,1,1,10.00,1,14670.00
2025-04-09T02:35:00.000Z,2025-04-09T04:46:00.000Z,SELL,0.01,2,1,10.00,2,14680.00
2025-04-09T04:46:00.000Z,2025-04-09T09:33:00.000Z,SELL,0.01,2,1,10.00,2,14690.00
2025-04-09T09:33:00.000Z,2025-04-09T10:05:00.000Z,BUY,0.01,1,1,10.00,1,14700.00
2025-04-09T10:05:00.000Z,2025-04-09T14:19:00.000Z,BUY,0.01,1,1,10.00,1,14710.00
2025-04-09T14:19:00.000Z,2025-04-09T14:23:00.000Z,BUY,0.01,1,1,10.00,1,14720.00
2025-04-09T14:23:00.000Z,2025-04-09T16:35:00.000Z,BUY,0.01,3,1,10.00,3,14730.00
2025-04-09T16:35:00.000Z,2025-04-09T18:23:00.000Z,BUY,0.01,1,1,10.00,1,14740.00
2025-04-09T18:23:00.000Z,2025-04-09T20:02:00.000Z,BUY,0.01,1,1,10.00,1,14750.00
2025-04-09T20:02:00.000Z,2025-04-09T20:29:00.000Z,BUY,0.01,2,1,10.00,2,14760.00
2025-04-09T20:29:00.000Z,2025-04-09T20:53:00.000Z,BUY,0.01,1,1,10.00,1,14770.00
2025-04-09T20:53:00.000Z,2025-04-09T22:08:00.000Z,BUY,0.01,3,1,10.00,3,14780.00
2025-04-09T22:08:00.000Z,2025-04-09T22:26:00.000Z,BUY,0.01,1,1,10.00,1,14790.00
2025-04-09T22:26:00.000Z,2025-04-10T05:09:00.000Z,BUY,0.01,3,1,10.00,3,14800.00
2025-04-10T05:09:00.000Z,2025-04-10T05:17:00.000Z,BUY,0.01,1,1,10.00,1,14810.00
2025-04-10T05:17:00.000Z,2025-04-10T06:20:00.000Z,BUY,0.01,1,1,10.00,1,14820.00
2025-04-10T06:20:00.000Z,2025-04-10T17:05:00.000Z,BUY,0.01,3,1,10.00,3,14830.00
2025-04-10T17:05:00.000Z,2025-04-10T17:21:00.000Z,BUY,0.01,1,1,10.00,1,14840.00
2025-04-10T17:21:00.000Z,2025-04-10T18:00:00.000Z,BUY,0.01,1,1,10.00,1,14850.00
2025-04-10T18:00:00.000Z,2025-04-10T18:25:00.000Z,BUY,0.01,1,1,10.00,1,14860.00
2025-04-10T18:25:00.000Z,2025-04-11T01:00:00.000Z,BUY,0.01,1,1,10.00,1,14870.00
2025-04-11T01:00:00.000Z,2025-04-11T01:33:00.000Z,BUY,0.01,1,1,10.00,1,14880.00
2025-04-11T01:33:00.000Z,2025-04-11T03:24:00.000Z,BUY,0.01,1,1,10.00,1,14890.00
2025-04-11T03:24:00.000Z,2025-04-11T03:41:00.000Z,BUY,0.01,1,1,10.00,1,14900.00
2025-04-11T03:41:00.000Z,2025-04-11T04:06:00.000Z,BUY,0.01,1,1,10.00,1,14910.00
2025-04-11T04:06:00.000Z,2025-04-11T08:45:00.000Z,BUY,0.01,2,1,10.00,2,14920.00
2025-04-11T08:45:00.000Z,2025-04-11T09:00:00.000Z,BUY,0.01,1,1,10.00,1,14930.00
2025-04-11T09:00:00.000Z,2025-04-11T09:42:00.000Z,BUY,0.01,1,1,10.00,1,14940.00
2025-04-11T09:42:00.000Z,2025-04-11T11:14:00.000Z,BUY,0.01,1,1,10.00,1,14950.00
2025-04-11T11:14:00.000Z,2025-04-11T12:53:00.000Z,BUY,0.01,1,1,10.00,1,14960.00
2025-04-11T12:53:00.000Z,2025-04-11T16:32:00.000Z,BUY,0.01,1,1,10.00,1,14970.00
2025-04-11T16:32:00.000Z,2025-04-14T11:09:00.000Z,BUY,0.01,5,0,-2420.00,5,12550.00
2025-04-14T11:09:00.000Z,2025-04-14T12:09:00.000Z,BUY,0.01,1,1,10.00,1,12560.00
2025-04-14T12:09:00.000Z,2025-04-14T16:10:00.000Z,BUY,0.01,2,1,10.00,2,12570.00
2025-04-14T16:10:00.000Z,2025-04-15T07:30:00.000Z,SELL,0.01,2,1,10.00,2,12580.00
2025-04-15T07:30:00.000Z,2025-04-16T01:50:00.000Z,BUY,0.01,1,1,10.00,1,12590.00
2025-04-16T01:50:00.000Z,2025-04-16T02:58:00.000Z,BUY,0.01,1,1,10.00,1,12600.00
2025-04-16T02:58:00.000Z,2025-04-16T03:03:00.000Z,BUY,0.01,1,1,10.00,1,12610.00
2025-04-16T03:03:00.000Z,2025-04-16T04:03:00.000Z,BUY,0.01,1,1,10.00,1,12620.00
2025-04-16T04:03:00.000Z,2025-04-16T06:59:00.000Z,BUY,0.01,1,1,10.00,1,12630.00
2025-04-16T06:59:00.000Z,2025-04-16T09:20:00.000Z,BUY,0.01,1,1,10.00,1,12640.00
2025-04-16T09:20:00.000Z,2025-04-16T11:02:00.000Z,BUY,0.01,1,1,10.00,1,12650.00
2025-04-16T11:02:00.000Z,2025-04-16T11:15:00.000Z,BUY,0.01,1,1,10.00,1,12660.00
2025-04-16T11:15:00.000Z,2025-04-16T18:41:00.000Z,BUY,0.01,3,1,10.00,3,12670.00
2025-04-16T18:41:00.000Z,2025-04-16T19:27:00.000Z,BUY,0.01,1,1,10.00,1,12680.00
2025-04-16T19:27:00.000Z,2025-04-17T01:00:00.000Z,BUY,0.01,1,1,10.00,1,12690.00
2025-04-17T01:00:00.000Z,2025-04-17T01:10:00.000Z,BUY,0.01,1,1,10.00,1,12700.00
2025-04-17T01:10:00.000Z,2025-04-17T04:54:00.000Z,BUY,0.01,2,1,10.00,2,12710.00
2025-04-17T04:54:00.000Z,2025-04-17T05:11:00.000Z,BUY,0.01,1,1,10.00,1,12720.00
2025-04-17T05:11:00.000Z,2025-04-17T06:53:00.000Z,BUY,0.01,1,1,10.00,1,12730.00
2025-04-17T06:53:00.000Z,2025-04-17T11:35:00.000Z,BUY,0.01,2,1,10.00,2,12740.00
2025-04-17T11:35:00.000Z,2025-04-17T11:59:00.000Z,BUY,0.01,1,1,10.00,1,12750.00
2025-04-17T11:59:00.000Z,2025-04-17T15:14:00.000Z,BUY,0.01,1,1,10.00,1,12760.00
2025-04-17T15:14:00.000Z,2025-04-17T17:27:00.000Z,BUY,0.01,2,1,10.00,2,12770.00
2025-04-17T17:27:00.000Z,2025-04-17T19:48:00.000Z,BUY,0.01,3,1,10.00,3,12780.00
2025-04-17T19:48:00.000Z,2025-04-21T01:17:00.000Z,SELL,0.01,2,1,10.00,2,12790.00
2025-04-21T01:17:00.000Z,2025-04-21T04:07:00.000Z,SELL,0.01,2,1,10.00,2,12800.00
2025-04-21T04:07:00.000Z,2025-04-21T05:52:00.000Z,BUY,0.01,1,1,10.00,1,12810.00
2025-04-21T05:52:00.000Z,2025-04-21T10:20:00.000Z,BUY,0.01,1,1,10.00,1,12820.00
2025-04-21T10:20:00.000Z,2025-04-21T14:54:00.000Z,BUY,0.01,1,1,10.00,1,12830.00
2025-04-21T14:54:00.000Z,2025-04-21T15:58:00.000Z,BUY,0.01,1,1,10.00,1,12840.00
2025-04-21T15:58:00.000Z,2025-04-21T16:54:00.000Z,BUY,0.01,1,1,10.00,1,12850.00
2025-04-21T16:54:00.000Z,2025-04-22T02:15:00.000Z,BUY,0.01,1,1,10.00,1,12860.00
2025-04-22T02:15:00.000Z,2025-04-22T04:36:00.000Z,BUY,0.01,3,1,10.00,3,12870.00
2025-04-22T04:36:00.000Z,2025-04-22T05:21:00.000Z,BUY,0.01,1,1,10.00,1,12880.00
2025-04-22T05:21:00.000Z,2025-04-22T05:42:00.000Z,BUY,0.01,1,1,10.00,1,12890.00
2025-04-22T05:42:00.000Z,2025-04-22T06:03:00.000Z,BUY,0.01,1,1,10.00,1,12900.00
2025-04-22T06:03:00.000Z,2025-04-22T06:27:00.000Z,BUY,0.01,1,1,10.00,1,12910.00
2025-04-22T06:27:00.000Z,2025-04-22T09:14:00.000Z,BUY,0.01,1,1,10.00,1,12920.00
2025-04-22T09:14:00.000Z,2025-04-22T10:13:00.000Z,BUY,0.01,2,1,10.00,2,12930.00
2025-04-22T10:13:00.000Z,2025-04-22T10:40:00.000Z,BUY,0.01,1,1,10.00,1,12940.00
2025-04-22T10:40:00.000Z,2025-04-22T11:54:00.000Z,BUY,0.01,2,1,10.00,2,12950.00
2025-04-22T11:54:00.000Z,2025-04-22T12:16:00.000Z,BUY,0.01,1,1,10.00,1,12960.00
2025-04-22T12:16:00.000Z,2025-04-22T13:08:00.000Z,BUY,0.01,1,1,10.00,1,12970.00
2025-04-22T13:08:00.000Z,2025-04-22T15:46:00.000Z,BUY,0.01,2,1,10.00,2,12980.00
2025-04-22T15:46:00.000Z,2025-04-22T16:25:00.000Z,BUY,0.01,1,1,10.00,1,12990.00
2025-04-22T16:25:00.000Z,2025-04-22T16:40:00.000Z,BUY,0.01,2,1,10.00,2,13000.00
2025-04-22T16:40:00.000Z,2025-04-22T16:50:00.000Z,BUY,0.01,1,1,10.00,1,13010.00
2025-04-22T16:50:00.000Z,2025-04-22T17:35:00.000Z,BUY,0.01,1,1,10.00,1,13020.00
2025-04-22T17:35:00.000Z,2025-04-22T19:02:00.000Z,BUY,0.01,2,1,10.00,2,13030.00
2025-04-22T19:02:00.000Z,2025-04-22T19:03:00.000Z,BUY,0.01,1,1,10.00,1,13040.00
2025-04-22T19:03:00.000Z,2025-04-22T19:28:00.000Z,BUY,0.01,2,1,10.00,2,13050.00
2025-04-22T19:28:00.000Z,2025-04-22T20:16:00.000Z,BUY,0.01,1,1,10.00,1,13060.00
2025-04-22T20:16:00.000Z,2025-04-22T21:22:00.000Z,SELL,0.01,1,1,10.00,1,13070.00
2025-04-22T21:22:00.000Z,2025-04-22T21:47:00.000Z,SELL,0.01,1,1,10.00,1,13080.00
2025-04-22T21:47:00.000Z,2025-04-22T22:34:00.000Z,SELL,0.01,1,1,10.00,1,13090.00
2025-04-22T22:34:00.000Z,2025-04-23T01:00:00.000Z,SELL,0.01,1,1,10.00,1,13100.00
2025-04-23T01:00:00.000Z,2025-04-23T01:00:00.000Z,SELL,0.01,1,1,10.00,1,13110.00
2025-04-23T01:00:00.000Z,2025-04-23T01:00:00.000Z,SELL,0.01,1,1,10.00,1,13120.00
2025-04-23T01:00:00.000Z,2025-04-23T01:00:00.000Z,SELL,0.01,1,1,10.00,1,13130.00
2025-04-23T01:00:00.000Z,2025-04-23T01:00:00.000Z,SELL,0.01,1,1,10.00,1,13140.00
2025-04-23T01:00:00.000Z,2025-04-23T02:19:00.000Z,SELL,0.01,4,1,10.00,4,13150.00
2025-04-23T02:19:00.000Z,2025-04-23T02:33:00.000Z,SELL,0.01,1,1,10.00,1,13160.00
2025-04-23T02:33:00.000Z,2025-04-23T03:54:00.000Z,SELL,0.01,2,1,10.00,2,13170.00
2025-04-23T03:54:00.000Z,2025-04-23T05:55:00.000Z,SELL,0.01,1,1,10.00,1,13180.00
2025-04-23T05:55:00.000Z,2025-04-23T06:04:00.000Z,SELL,0.01,1,1,10.00,1,13190.00
2025-04-23T06:04:00.000Z,2025-04-23T06:12:00.000Z,SELL,0.01,1,1,10.00,1,13200.00
2025-04-23T06:12:00.000Z,2025-04-23T08:40:00.000Z,SELL,0.01,1,1,10.00,1,13210.00
2025-04-23T08:40:00.000Z,2025-04-23T09:02:00.000Z,SELL,0.01,1,1,10.00,1,13220.00
2025-04-23T09:02:00.000Z,2025-04-23T09:51:00.000Z,SELL,0.01,1,1,10.00,1,13230.00
2025-04-23T09:51:00.000Z,2025-04-23T09:55:00.000Z,SELL,0.01,1,1,10.00,1,13240.00
2025-04-23T09:55:00.000Z,2025-04-23T12:04:00.000Z,SELL,0.01,2,1,10.00,2,13250.00
2025-04-23T12:04:00.000Z,2025-04-23T15:12:00.000Z,SELL,0.01,1,1,10.00,1,13260.00
2025-04-23T15:12:00.000Z,2025-04-23T16:08:00.000Z,SELL,0.01,1,1,10.00,1,13270.00
2025-04-23T16:08:00.000Z,2025-04-23T16:32:00.000Z,SELL,0.01,1,1,10.00,1,13280.00
2025-04-23T16:32:00.000Z,2025-04-23T16:40:00.000Z,SELL,0.01,1,1,10.00,1,13290.00
2025-04-23T16:40:00.000Z,2025-04-23T16:51:00.000Z,SELL,0.01,1,1,10.00,1,13300.00
2025-04-23T16:51:00.000Z,2025-04-23T17:01:00.000Z,SELL,0.01,1,1,10.00,1,13310.00
2025-04-23T17:01:00.000Z,2025-04-23T17:47:00.000Z,SELL,0.01,2,1,10.00,2,13320.00
2025-04-23T17:47:00.000Z,2025-04-23T18:03:00.000Z,SELL,0.01,1,1,10.00,1,13330.00
2025-04-23T18:03:00.000Z,2025-04-23T18:20:00.000Z,SELL,0.01,1,1,10.00,1,13340.00
2025-04-23T18:20:00.000Z,2025-04-23T19:47:00.000Z,SELL,0.01,2,1,10.00,2,13350.00
2025-04-23T19:47:00.000Z,2025-04-23T20:10:00.000Z,SELL,0.01,1,1,10.00,1,13360.00
2025-04-23T20:10:00.000Z,2025-04-23T20:26:00.000Z,SELL,0.01,1,1,10.00,1,13370.00
2025-04-23T20:26:00.000Z,2025-04-24T01:38:00.000Z,SELL,0.01,2,1,10.00,2,13380.00
2025-04-24T01:38:00.000Z,2025-04-24T04:05:00.000Z,SELL,0.01,2,1,10.00,2,13390.00
2025-04-24T04:05:00.000Z,2025-04-24T06:12:00.000Z,SELL,0.01,3,1,10.00,3,13400.00
2025-04-24T06:12:00.000Z,2025-04-24T06:36:00.000Z,SELL,0.01,1,1,10.00,1,13410.00
2025-04-24T06:36:00.000Z,2025-04-24T17:04:00.000Z,SELL,0.01,3,1,10.00,3,13420.00
2025-04-24T17:04:00.000Z,2025-04-24T17:31:00.000Z,BUY,0.01,1,1,10.00,1,13430.00
2025-04-24T17:31:00.000Z,2025-04-24T19:08:00.000Z,BUY,0.01,1,1,10.00,1,13440.00
2025-04-24T19:08:00.000Z,2025-04-24T22:47:00.000Z,BUY,0.01,1,1,10.00,1,13450.00
2025-04-24T22:47:00.000Z,2025-04-25T01:00:00.000Z,BUY,0.01,1,1,10.00,1,13460.00
2025-04-25T01:00:00.000Z,2025-04-25T01:30:00.000Z,BUY,0.01,1,1,10.00,1,13470.00
2025-04-25T01:30:00.000Z,2025-04-25T06:52:00.000Z,BUY,0.01,2,1,10.00,2,13480.00
2025-04-25T06:52:00.000Z,2025-04-25T08:46:00.000Z,BUY,0.01,2,1,10.00,2,13490.00
2025-04-25T08:46:00.000Z,2025-04-25T10:17:00.000Z,BUY,0.01,1,1,10.00,1,13500.00
2025-04-25T10:17:00.000Z,2025-04-25T11:03:00.000Z,SELL,0.01,1,1,10.00,1,13510.00
2025-04-25T11:03:00.000Z,2025-04-25T11:18:00.000Z,SELL,0.01,1,1,10.00,1,13520.00
2025-04-25T11:18:00.000Z,2025-04-25T16:01:00.000Z,SELL,0.01,1,1,10.00,1,13530.00
2025-04-25T16:01:00.000Z,2025-04-25T16:18:00.000Z,SELL,0.01,1,1,10.00,1,13540.00
2025-04-25T16:18:00.000Z,2025-04-25T22:38:00.000Z,SELL,0.01,2,1,10.00,2,13550.00
2025-04-25T22:38:00.000Z,2025-04-28T01:00:00.000Z,SELL,0.01,2,1,10.00,2,13560.00
2025-04-28T01:00:00.000Z,2025-04-28T01:02:00.000Z,SELL,0.01,1,1,10.00,1,13570.00
2025-04-28T01:02:00.000Z,2025-04-28T01:30:00.000Z,SELL,0.01,1,1,10.00,1,13580.00
2025-04-28T01:30:00.000Z,2025-04-28T02:21:00.000Z,SELL,0.01,1,1,10.00,1,13590.00
2025-04-28T02:21:00.000Z,2025-04-28T04:27:00.000Z,SELL,0.01,1,1,10.00,1,13600.00
2025-04-28T04:27:00.000Z,2025-04-28T04:40:00.000Z,SELL,0.01,1,1,10.00,1,13610.00
2025-04-28T04:40:00.000Z,2025-04-28T05:10:00.000Z,SELL,0.01,1,1,10.00,1,13620.00
2025-04-28T05:10:00.000Z,2025-04-28T15:27:00.000Z,SELL,0.01,2,1,10.00,2,13630.00
2025-04-28T15:27:00.000Z,2025-04-28T16:02:00.000Z,SELL,0.01,1,1,10.00,1,13640.00
2025-04-28T16:02:00.000Z,2025-04-28T17:34:00.000Z,SELL,0.01,2,1,10.00,2,13650.00
2025-04-28T17:34:00.000Z,2025-04-28T22:03:00.000Z,SELL,0.01,2,1,10.00,2,13660.00
2025-04-28T22:03:00.000Z,2025-04-29T05:56:00.000Z,BUY,0.01,2,1,10.00,2,13670.00
2025-04-29T05:56:00.000Z,2025-04-30T11:08:00.000Z,BUY,0.01,5,0,-2420.00,5,11250.00
2025-04-30T11:08:00.000Z,2025-04-30T11:14:00.000Z,SELL,0.01,1,1,10.00,1,11260.00
2025-04-30T11:14:00.000Z,2025-04-30T11:27:00.000Z,SELL,0.01,1,1,10.00,1,11270.00
2025-04-30T11:27:00.000Z,2025-04-30T14:02:00.000Z,SELL,0.01,1,1,10.00,1,11280.00
2025-04-30T14:02:00.000Z,2025-04-30T15:47:00.000Z,SELL,0.01,2,1,10.00,2,11290.00
2025-04-30T15:47:00.000Z,2025-04-30T23:26:00.000Z,SELL,0.01,1,1,10.00,1,11300.00
2025-04-30T23:26:00.000Z,2025-05-01T01:13:00.000Z,SELL,0.01,1,1,10.00,1,11310.00
2025-05-01T01:13:00.000Z,2025-05-01T02:42:00.000Z,SELL,0.01,1,1,10.00,1,11320.00
2025-05-01T02:42:00.000Z,2025-05-01T03:24:00.000Z,SELL,0.01,1,1,10.00,1,11330.00
2025-05-01T03:24:00.000Z,2025-05-01T03:24:00.000Z,SELL,0.01,1,1,10.00,1,11340.00
2025-05-01T03:24:00.000Z,2025-05-01T04:06:00.000Z,SELL,0.01,1,1,10.00,1,11350.00
2025-05-01T04:06:00.000Z,2025-05-01T07:02:00.000Z,SELL,0.01,1,1,10.00,1,11360.00
2025-05-01T07:02:00.000Z,2025-05-01T12:57:00.000Z,SELL,0.01,1,1,10.00,1,11370.00
2025-05-01T12:57:00.000Z,2025-05-01T14:49:00.000Z,SELL,0.01,1,1,10.00,1,11380.00
2025-05-01T14:49:00.000Z,2025-05-01T23:42:00.000Z,SELL,0.01,4,1,10.00,4,11390.00
2025-05-01T23:42:00.000Z,2025-05-02T03:55:00.000Z,SELL,0.01,1,1,10.00,1,11400.00
2025-05-02T03:55:00.000Z,2025-05-02T06:46:00.000Z,SELL,0.01,2,1,10.00,2,11410.00
2025-05-02T06:46:00.000Z,2025-05-02T09:50:00.000Z,SELL,0.01,1,1,10.00,1,11420.00
2025-05-02T09:50:00.000Z,2025-05-02T10:28:00.000Z,BUY,0.01,1,1,10.00,1,11430.00
2025-05-02T10:28:00.000Z,2025-05-02T14:48:00.000Z,BUY,0.01,1,1,10.00,1,11440.00
2025-05-02T14:48:00.000Z,2025-05-02T18:36:00.000Z,BUY,0.01,2,1,10.00,2,11450.00
2025-05-02T18:36:00.000Z,2025-05-05T02:35:00.000Z,BUY,0.01,1,1,10.00,1,11460.00
2025-05-05T02:35:00.000Z,2025-05-05T11:48:00.000Z,SELL,0.01,2,1,10.00,2,11470.00
2025-05-05T11:48:00.000Z,2025-05-05T12:05:00.000Z,BUY,0.01,1,1,10.00,1,11480.00
2025-05-05T12:05:00.000Z,2025-05-05T12:22:00.000Z,BUY,0.01,1,1,10.00,1,11490.00
2025-05-05T12:22:00.000Z,2025-05-05T13:00:00.000Z,BUY,0.01,1,1,10.00,1,11500.00
2025-05-05T13:00:00.000Z,2025-05-05T15:19:00.000Z,BUY,0.01,1,1,10.00,1,11510.00
2025-05-05T15:19:00.000Z,2025-05-05T22:24:00.000Z,BUY,0.01,1,1,10.00,1,11520.00
2025-05-05T22:24:00.000Z,2025-05-06T04:01:00.000Z,BUY,0.01,1,1,10.00,1,11530.00
2025-05-06T04:01:00.000Z,2025-05-06T04:05:00.000Z,BUY,0.01,1,1,10.00,1,11540.00
2025-05-06T04:05:00.000Z,2025-05-06T04:10:00.000Z,BUY,0.01,1,1,10.00,1,11550.00
2025-05-06T04:10:00.000Z,2025-05-06T04:40:00.000Z,BUY,0.01,1,1,10.00,1,11560.00
2025-05-06T04:40:00.000Z,2025-05-06T04:42:00.000Z,BUY,0.01,1,1,10.00,1,11570.00
2025-05-06T04:42:00.000Z,2025-05-06T08:45:00.000Z,BUY,0.01,2,1,10.00,2,11580.00
2025-05-06T08:45:00.000Z,2025-05-06T08:57:00.000Z,BUY,0.01,1,1,10.00,1,11590.00
2025-05-06T08:57:00.000Z,2025-05-06T10:22:00.000Z,BUY,0.01,1,1,10.00,1,11600.00
2025-05-06T10:22:00.000Z,2025-05-06T11:19:00.000Z,BUY,0.01,1,1,10.00,1,11610.00
2025-05-06T11:19:00.000Z,2025-05-06T15:42:00.000Z,BUY,0.01,1,1,10.00,1,11620.00
2025-05-06T15:42:00.000Z,2025-05-06T19:24:00.000Z,BUY,0.01,1,1,10.00,1,11630.00
2025-05-06T19:24:00.000Z,2025-05-06T20:08:00.000Z,BUY,0.01,1,1,10.00,1,11640.00
2025-05-06T20:08:00.000Z,2025-05-06T22:54:00.000Z,BUY,0.01,1,1,10.00,1,11650.00
2025-05-06T22:54:00.000Z,2025-05-06T23:54:00.000Z,BUY,0.01,1,1,10.00,1,11660.00
2025-05-06T23:54:00.000Z,2025-05-07T01:09:00.000Z,BUY,0.01,2,1,10.00,2,11670.00
2025-05-07T01:09:00.000Z,2025-05-07T01:10:00.000Z,BUY,0.01,1,1,10.00,1,11680.00
2025-05-07T01:10:00.000Z,2025-05-07T01:59:00.000Z,BUY,0.01,2,1,10.00,2,11690.00
2025-05-07T01:59:00.000Z,2025-05-07T02:11:00.000Z,BUY,0.01,1,1,10.00,1,11700.00
2025-05-07T02:11:00.000Z,2025-05-07T02:58:00.000Z,BUY,0.01,1,1,10.00,1,11710.00
2025-05-07T02:58:00.000Z,2025-05-07T03:40:00.000Z,BUY,0.01,2,1,10.00,2,11720.00
2025-05-07T03:40:00.000Z,2025-05-07T04:03:00.000Z,BUY,0.01,1,1,10.00,1,11730.00
2025-05-07T04:03:00.000Z,2025-05-07T09:10:00.000Z,BUY,0.01,3,1,10.00,3,11740.00
2025-05-07T09:10:00.000Z,2025-05-07T22:17:00.000Z,BUY,0.01,4,1,10.00,4,11750.00
2025-05-07T22:17:00.000Z,2025-05-07T22:27:00.000Z,BUY,0.01,1,1,10.00,1,11760.00
2025-05-07T22:27:00.000Z,2025-05-08T03:20:00.000Z,BUY,0.01,1,1,10.00,1,11770.00
2025-05-08T03:20:00.000Z,2025-05-08T05:02:00.000Z,SELL,0.01,2,1,10.00,2,11780.00
2025-05-08T05:02:00.000Z,2025-05-08T07:54:00.000Z,BUY,0.01,2,1,10.00,2,11790.00
2025-05-08T07:54:00.000Z,2025-05-08T09:00:00.000Z,BUY,0.01,2,1,10.00,2,11800.00
2025-05-08T09:00:00.000Z,2025-05-08T09:14:00.000Z,SELL,0.01,1,1,10.00,1,11810.00
2025-05-08T09:14:00.000Z,2025-05-08T09:32:00.000Z,SELL,0.01,1,1,10.00,1,11820.00
2025-05-08T09:32:00.000Z,2025-05-08T09:48:00.000Z,SELL,0.01,1,1,10.00,1,11830.00
2025-05-08T09:48:00.000Z,2025-05-08T15:24:00.000Z,SELL,0.01,2,1,10.00,2,11840.00
2025-05-08T15:24:00.000Z,2025-05-08T18:26:00.000Z,SELL,0.01,1,1,10.00,1,11850.00
2025-05-08T18:26:00.000Z,2025-05-08T18:46:00.000Z,SELL,0.01,1,1,10.00,1,11860.00
2025-05-08T18:46:00.000Z,2025-05-08T19:05:00.000Z,SELL,0.01,1,1,10.00,1,11870.00
2025-05-08T19:05:00.000Z,2025-05-08T19:14:00.000Z,SELL,0.01,1,1,10.00,1,11880.00
2025-05-08T19:14:00.000Z,2025-05-08T20:05:00.000Z,SELL,0.01,1,1,10.00,1,11890.00
2025-05-08T20:05:00.000Z,2025-05-08T22:21:00.000Z,SELL,0.01,1,1,10.00,1,11900.00
2025-05-08T22:21:00.000Z,2025-05-09T01:55:00.000Z,SELL,0.01,2,1,10.00,2,11910.00
2025-05-09T01:55:00.000Z,2025-05-09T03:15:00.000Z,SELL,0.01,1,1,10.00,1,11920.00
2025-05-09T03:15:00.000Z,2025-05-09T04:25:00.000Z,SELL,0.01,1,1,10.00,1,11930.00
2025-05-09T04:25:00.000Z,2025-05-09T04:35:00.000Z,SELL,0.01,1,1,10.00,1,11940.00
2025-05-09T04:35:00.000Z,2025-05-09T05:11:00.000Z,SELL,0.01,1,1,10.00,1,11950.00
2025-05-09T05:11:00.000Z,2025-05-09T06:03:00.000Z,SELL,0.01,2,1,10.00,2,11960.00
2025-05-09T06:03:00.000Z,2025-05-09T06:21:00.000Z,SELL,0.01,1,1,10.00,1,11970.00
2025-05-09T06:21:00.000Z,2025-05-09T10:11:00.000Z,SELL,0.01,2,1,10.00,2,11980.00
2025-05-09T10:11:00.000Z,2025-05-09T11:07:00.000Z,SELL,0.01,1,1,10.00,1,11990.00
2025-05-09T11:07:00.000Z,2025-05-12T01:00:00.000Z,SELL,0.01,3,1,10.00,3,12000.00
2025-05-12T01:00:00.000Z,2025-05-12T01:00:00.000Z,BUY,0.01,2,1,10.00,2,12010.00
2025-05-12T01:00:00.000Z,2025-05-12T01:01:00.000Z,BUY,0.01,1,1,10.00,1,12020.00
2025-05-12T01:01:00.000Z,2025-05-12T04:13:00.000Z,BUY,0.01,2,1,10.00,2,12030.00
2025-05-12T04:13:00.000Z,2025-05-12T10:07:00.000Z,SELL,0.01,3,1,10.00,3,12040.00
2025-05-12T10:07:00.000Z,2025-05-12T10:23:00.000Z,SELL,0.01,1,1,10.00,1,12050.00
2025-05-12T10:23:00.000Z,2025-05-12T10:26:00.000Z,SELL,0.01,1,1,10.00,1,12060.00
2025-05-12T10:26:00.000Z,2025-05-12T10:27:00.000Z,SELL,0.01,1,1,10.00,1,12070.00
2025-05-12T10:27:00.000Z,2025-05-12T13:41:00.000Z,SELL,0.01,1,1,10.00,1,12080.00
2025-05-12T13:41:00.000Z,2025-05-12T16:05:00.000Z,SELL,0.01,2,1,10.00,2,12090.00
2025-05-12T16:05:00.000Z,2025-05-12T19:18:00.000Z,SELL,0.01,1,1,10.00,1,12100.00
2025-05-12T19:18:00.000Z,2025-05-13T04:44:00.000Z,SELL,0.01,1,1,10.00,1,12110.00
2025-05-13T04:44:00.000Z,2025-05-13T07:50:00.000Z,SELL,0.01,2,1,10.00,2,12120.00
2025-05-13T07:50:00.000Z,2025-05-13T15:18:00.000Z,SELL,0.01,1,1,10.00,1,12130.00
2025-05-13T15:18:00.000Z,2025-05-13T18:34:00.000Z,BUY,0.01,1,1,10.00,1,12140.00
2025-05-13T18:34:00.000Z,2025-05-14T04:01:00.000Z,SELL,0.01,1,1,10.00,1,12150.00
2025-05-14T04:01:00.000Z,2025-05-14T04:28:00.000Z,BUY,0.01,1,1,10.00,1,12160.00
2025-05-14T04:28:00.000Z,2025-05-14T15:00:00.000Z,BUY,0.01,2,1,10.00,2,12170.00
2025-05-14T15:00:00.000Z,2025-05-14T15:18:00.000Z,SELL,0.01,1,1,10.00,1,12180.00
2025-05-14T15:18:00.000Z,2025-05-14T15:45:00.000Z,SELL,0.01,1,1,10.00,1,12190.00
2025-05-14T15:45:00.000Z,2025-05-14T15:54:00.000Z,SELL,0.01,1,1,10.00,1,12200.00
2025-05-14T15:54:00.000Z,2025-05-14T16:10:00.000Z,SELL,0.01,1,1,10.00,1,12210.00
2025-05-14T16:10:00.000Z,2025-05-14T22:02:00.000Z,SELL,0.01,3,1,10.00,3,12220.00
2025-05-14T22:02:00.000Z,2025-05-15T05:40:00.000Z,SELL,0.01,3,1,10.00,3,12230.00
2025-05-15T05:40:00.000Z,2025-05-15T07:11:00.000Z,SELL,0.01,1,1,10.00,1,12240.00
2025-05-15T07:11:00.000Z,2025-05-15T07:53:00.000Z,SELL,0.01,1,1,10.00,1,12250.00
2025-05-15T07:53:00.000Z,2025-05-15T08:55:00.000Z,SELL,0.01,1,1,10.00,1,12260.00
2025-05-15T08:55:00.000Z,2025-05-15T11:40:00.000Z,SELL,0.01,2,1,10.00,2,12270.00
2025-05-15T11:40:00.000Z,2025-05-15T15:53:00.000Z,SELL,0.01,2,1,10.00,2,12280.00
2025-05-15T15:53:00.000Z,2025-05-15T18:40:00.000Z,SELL,0.01,2,1,10.00,2,12290.00
2025-05-15T18:40:00.000Z,2025-05-15T20:06:00.000Z,BUY,0.01,1,1,10.00,1,12300.00
2025-05-15T20:06:00.000Z,2025-05-15T23:20:00.000Z,BUY,0.01,1,1,10.00,1,12310.00
2025-05-15T23:20:00.000Z,2025-05-16T01:25:00.000Z,BUY,0.01,1,1,10.00,1,12320.00
2025-05-16T01:25:00.000Z,2025-05-16T04:48:00.000Z,BUY,0.01,2,1,10.00,2,12330.00
2025-05-16T04:48:00.000Z,2025-05-16T09:13:00.000Z,BUY,0.01,1,1,10.00,1,12340.00
2025-05-16T09:13:00.000Z,2025-05-16T11:14:00.000Z,BUY,0.01,2,1,10.00,2,12350.00
2025-05-16T11:14:00.000Z,2025-05-16T11:37:00.000Z,BUY,0.01,1,1,10.00,1,12360.00
2025-05-16T11:37:00.000Z,2025-05-16T13:51:00.000Z,BUY,0.01,2,1,10.00,2,12370.00
2025-05-16T13:51:00.000Z,2025-05-16T19:57:00.000Z,BUY,0.01,3,1,10.00,3,12380.00
2025-05-16T19:57:00.000Z,2025-05-19T01:00:00.000Z,SELL,0.01,2,1,10.00,2,12390.00
2025-05-19T01:00:00.000Z,2025-05-19T01:01:00.000Z,SELL,0.01,1,1,10.00,1,12400.00
2025-05-19T01:01:00.000Z,2025-05-19T01:48:00.000Z,SELL,0.01,2,1,10.00,2,12410.00
2025-05-19T01:48:00.000Z,2025-05-19T02:49:00.000Z,SELL,0.01,1,1,10.00,1,12420.00
2025-05-19T02:49:00.000Z,2025-05-19T03:05:00.000Z,BUY,0.01,1,1,10.00,1,12430.00
2025-05-19T03:05:00.000Z,2025-05-19T03:17:00.000Z,BUY,0.01,1,1,10.00,1,12440.00
2025-05-19T03:17:00.000Z,2025-05-19T04:55:00.000Z,BUY,0.01,2,1,10.00,2,12450.00
2025-05-19T04:55:00.000Z,2025-05-19T05:50:00.000Z,BUY,0.01,1,1,10.00,1,12460.00
2025-05-19T05:50:00.000Z,2025-05-19T11:46:00.000Z,BUY,0.01,3,1,10.00,3,12470.00
2025-05-19T11:46:00.000Z,2025-05-20T05:41:00.000Z,BUY,0.01,4,1,10.00,4,12480.00
2025-05-20T05:41:00.000Z,2025-05-20T08:07:00.000Z,BUY,0.01,1,1,10.00,1,12490.00
2025-05-20T08:07:00.000Z,2025-05-20T09:42:00.000Z,SELL,0.01,1,1,10.00,1,12500.00
2025-05-20T09:42:00.000Z,2025-05-20T12:26:00.000Z,SELL,0.01,2,1,10.00,2,12510.00
2025-05-20T12:26:00.000Z,2025-05-20T17:04:00.000Z,SELL,0.01,2,1,10.00,2,12520.00
2025-05-20T17:04:00.000Z,2025-05-20T17:12:00.000Z,BUY,0.01,1,1,10.00,1,12530.00
2025-05-20T17:12:00.000Z,2025-05-20T21:28:00.000Z,BUY,0.01,1,1,10.00,1,12540.00
2025-05-20T21:28:00.000Z,2025-05-21T01:10:00.000Z,BUY,0.01,1,1,10.00,1,12550.00
2025-05-21T01:10:00.000Z,2025-05-21T04:00:00.000Z,BUY,0.01,1,1,10.00,1,12560.00
2025-05-21T04:00:00.000Z,2025-05-21T09:55:00.000Z,BUY,0.01,3,1,10.00,3,12570.00
2025-05-21T09:55:00.000Z,2025-05-22T04:17:00.000Z,BUY,0.01,3,1,10.00,3,12580.00
2025-05-22T04:17:00.000Z,2025-05-22T04:39:00.000Z,BUY,0.01,1,1,10.00,1,12590.00
2025-05-22T04:39:00.000Z,2025-05-22T11:59:00.000Z,BUY,0.01,2,1,10.00,2,12600.00
2025-05-22T11:59:00.000Z,2025-05-22T17:00:00.000Z,BUY,0.01,4,1,10.00,4,12610.00
2025-05-22T17:00:00.000Z,2025-05-23T07:20:00.000Z,SELL,0.01,2,1,10.00,2,12620.00
2025-05-23T07:20:00.000Z,2025-05-23T14:49:00.000Z,SELL,0.01,2,1,10.00,2,12630.00
2025-05-23T14:49:00.000Z,2025-05-23T15:00:00.000Z,BUY,0.01,1,1,10.00,1,12640.00
2025-05-23T15:00:00.000Z,2025-05-23T16:00:00.000Z,BUY,0.01,1,1,10.00,1,12650.00
2025-05-23T16:00:00.000Z,2025-05-26T11:42:00.000Z,BUY,0.01,4,1,10.00,4,12660.00
2025-05-26T11:42:00.000Z,2025-05-26T19:38:00.000Z,BUY,0.01,1,1,10.00,1,12670.00
2025-05-26T19:38:00.000Z,2025-05-27T07:59:00.000Z,SELL,0.01,1,1,10.00,1,12680.00
2025-05-27T07:59:00.000Z,2025-05-27T10:51:00.000Z,BUY,0.01,2,1,10.00,2,12690.00
2025-05-27T10:51:00.000Z,2025-05-27T13:17:00.000Z,SELL,0.01,1,1,10.00,1,12700.00
2025-05-27T13:17:00.000Z,2025-05-28T10:52:00.000Z,SELL,0.01,2,1,10.00,2,12710.00
2025-05-28T10:52:00.000Z,2025-05-28T14:14:00.000Z,SELL,0.01,1,1,10.00,1,12720.00
2025-05-28T14:14:00.000Z,2025-05-28T23:51:00.000Z,BUY,0.01,2,1,10.00,2,12730.00
2025-05-28T23:51:00.000Z,2025-05-29T02:11:00.000Z,SELL,0.01,1,1,10.00,1,12740.00
2025-05-29T02:11:00.000Z,2025-05-29T02:34:00.000Z,SELL,0.01,1,1,10.00,1,12750.00
2025-05-29T02:34:00.000Z,2025-05-29T04:07:00.000Z,SELL,0.01,1,1,10.00,1,12760.00
2025-05-29T04:07:00.000Z,2025-05-29T10:15:00.000Z,SELL,0.01,2,1,10.00,2,12770.00
2025-05-29T10:15:00.000Z,2025-05-29T15:17:00.000Z,SELL,0.01,2,1,10.00,2,12780.00
2025-05-29T15:17:00.000Z,2025-05-30T05:28:00.000Z,SELL,0.01,3,1,10.00,3,12790.00
2025-05-30T05:28:00.000Z,2025-06-02T01:52:00.000Z,BUY,0.01,3,1,10.00,3,12800.00
2025-06-02T01:52:00.000Z,2025-06-02T09:39:00.000Z,SELL,0.01,2,1,10.00,2,12810.00
2025-06-02T09:39:00.000Z,2025-06-02T10:11:00.000Z,BUY,0.01,1,1,10.00,1,12820.00
2025-06-02T10:11:00.000Z,2025-06-02T15:22:00.000Z,BUY,0.01,1,1,10.00,1,12830.00
2025-06-02T15:22:00.000Z,2025-06-02T16:54:00.000Z,BUY,0.01,1,1,10.00,1,12840.00
2025-06-02T16:54:00.000Z,2025-06-02T22:47:00.000Z,BUY,0.01,1,1,10.00,1,12850.00
2025-06-02T22:47:00.000Z,2025-06-03T01:27:00.000Z,BUY,0.01,1,1,10.00,1,12860.00
2025-06-03T01:27:00.000Z,2025-06-03T06:42:00.000Z,BUY,0.01,2,1,10.00,2,12870.00
2025-06-03T06:42:00.000Z,2025-06-04T04:58:00.000Z,BUY,0.01,3,1,10.00,3,12880.00
2025-06-04T04:58:00.000Z,2025-06-04T06:34:00.000Z,SELL,0.01,1,1,10.00,1,12890.00
2025-06-04T06:34:00.000Z,2025-06-04T17:32:00.000Z,BUY,0.01,1,1,10.00,1,12900.00
2025-06-04T17:32:00.000Z,2025-06-05T08:55:00.000Z,SELL,0.01,1,1,10.00,1,12910.00
2025-06-05T08:55:00.000Z,2025-06-05T10:10:00.000Z,BUY,0.01,1,1,10.00,1,12920.00
2025-06-05T10:10:00.000Z,2025-06-05T12:20:00.000Z,BUY,0.01,1,1,10.00,1,12930.00
2025-06-05T12:20:00.000Z,2025-06-05T13:05:00.000Z,BUY,0.01,1,1,10.00,1,12940.00
2025-06-05T13:05:00.000Z,2025-06-05T14:07:00.000Z,BUY,0.01,1,1,10.00,1,12950.00
2025-06-05T14:07:00.000Z,2025-06-05T16:05:00.000Z,BUY,0.01,2,1,10.00,2,12960.00
2025-06-05T16:05:00.000Z,2025-06-05T16:11:00.000Z,BUY,0.01,1,1,10.00,1,12970.00
2025-06-05T16:11:00.000Z,2025-06-05T18:38:00.000Z,BUY,0.01,2,1,10.00,2,12980.00
2025-06-05T18:38:00.000Z,2025-06-06T01:28:00.000Z,BUY,0.01,1,1,10.00,1,12990.00
2025-06-06T01:28:00.000Z,2025-06-06T15:30:00.000Z,SELL,0.01,1,1,10.00,1,13000.00
2025-06-06T15:30:00.000Z,2025-06-06T17:00:00.000Z,SELL,0.01,1,1,10.00,1,13010.00
2025-06-06T17:00:00.000Z,2025-06-06T17:16:00.000Z,SELL,0.01,1,1,10.00,1,13020.00
2025-06-06T17:16:00.000Z,2025-06-06T17:20:00.000Z,SELL,0.01,1,1,10.00,1,13030.00
2025-06-06T17:20:00.000Z,2025-06-06T22:58:00.000Z,SELL,0.01,1,1,10.00,1,13040.00
2025-06-06T22:58:00.000Z,2025-06-09T03:45:00.000Z,SELL,0.01,1,1,10.00,1,13050.00
2025-06-09T03:45:00.000Z,2025-06-09T18:40:00.000Z,SELL,0.01,2,1,10.00,2,13060.00
2025-06-09T18:40:00.000Z,2025-06-10T03:06:00.000Z,SELL,0.01,1,1,10.00,1,13070.00
2025-06-10T03:06:00.000Z,2025-06-10T10:33:00.000Z,BUY,0.01,1,1,10.00,1,13080.00
2025-06-10T10:33:00.000Z,2025-06-10T19:16:00.000Z,SELL,0.01,1,1,10.00,1,13090.00
2025-06-10T19:16:00.000Z,2025-06-10T22:25:00.000Z,BUY,0.01,1,1,10.00,1,13100.00
2025-06-10T22:25:00.000Z,2025-06-11T06:36:00.000Z,BUY,0.01,1,1,10.00,1,13110.00
2025-06-11T06:36:00.000Z,2025-06-11T15:30:00.000Z,BUY,0.01,1,1,10.00,1,13120.00
2025-06-11T15:30:00.000Z,2025-06-11T20:28:00.000Z,BUY,0.01,2,1,10.00,2,13130.00
2025-06-11T20:28:00.000Z,2025-06-11T21:04:00.000Z,BUY,0.01,1,1,10.00,1,13140.00
2025-06-11T21:04:00.000Z,2025-06-12T01:18:00.000Z,SELL,0.01,2,1,10.00,2,13150.00
2025-06-12T01:18:00.000Z,2025-06-12T02:01:00.000Z,BUY,0.01,1,1,10.00,1,13160.00
2025-06-12T02:01:00.000Z,2025-06-12T10:44:00.000Z,BUY,0.01,2,1,10.00,2,13170.00
2025-06-12T10:44:00.000Z,2025-06-12T11:15:00.000Z,BUY,0.01,1,1,10.00,1,13180.00
2025-06-12T11:15:00.000Z,2025-06-12T12:13:00.000Z,BUY,0.01,1,1,10.00,1,13190.00
2025-06-12T12:13:00.000Z,2025-06-12T13:18:00.000Z,BUY,0.01,1,1,10.00,1,13200.00
2025-06-12T13:18:00.000Z,2025-06-12T13:31:00.000Z,BUY,0.01,1,1,10.00,1,13210.00
2025-06-12T13:31:00.000Z,2025-06-12T16:05:00.000Z,BUY,0.01,1,1,10.00,1,13220.00
2025-06-12T16:05:00.000Z,2025-06-13T03:07:00.000Z,BUY,0.01,1,1,10.00,1,13230.00
2025-06-13T03:07:00.000Z,2025-06-13T03:29:00.000Z,BUY,0.01,1,1,10.00,1,13240.00
2025-06-13T03:29:00.000Z,2025-06-13T04:14:00.000Z,BUY,0.01,1,1,10.00,1,13250.00
2025-06-13T04:14:00.000Z,2025-06-13T05:24:00.000Z,BUY,0.01,1,1,10.00,1,13260.00
2025-06-13T05:24:00.000Z,2025-06-13T16:35:00.000Z,BUY,0.01,3,1,10.00,3,13270.00
2025-06-13T16:35:00.000Z,2025-06-16T09:27:00.000Z,BUY,0.01,4,1,10.00,4,13280.00
2025-06-16T09:27:00.000Z,2025-06-16T16:56:00.000Z,BUY,0.01,2,1,10.00,2,13290.00
2025-06-16T16:56:00.000Z,2025-06-17T06:23:00.000Z,SELL,0.01,3,1,10.00,3,13300.00
2025-06-17T06:23:00.000Z,2025-06-18T07:24:00.000Z,SELL,0.01,5,0,-2420.00,5,10880.00
2025-06-18T07:24:00.000Z,2025-06-18T09:07:00.000Z,SELL,0.01,1,1,10.00,1,10890.00
2025-06-18T09:07:00.000Z,2025-06-18T22:05:00.000Z,SELL,0.01,1,1,10.00,1,10900.00
2025-06-18T22:05:00.000Z,2025-06-18T22:31:00.000Z,SELL,0.01,1,1,10.00,1,10910.00
2025-06-18T22:31:00.000Z,2025-06-19T09:10:00.000Z,SELL,0.01,3,1,10.00,3,10920.00
2025-06-19T09:10:00.000Z,2025-06-20T08:57:00.000Z,SELL,0.01,3,1,10.00,3,10930.00
2025-06-20T08:57:00.000Z,2025-06-20T16:57:00.000Z,SELL,0.01,2,1,10.00,2,10940.00
2025-06-20T16:57:00.000Z,2025-06-23T03:26:00.000Z,SELL,0.01,3,1,10.00,3,10950.00
2025-06-23T03:26:00.000Z,2025-06-23T14:10:00.000Z,BUY,0.01,1,1,10.00,1,10960.00
2025-06-23T14:10:00.000Z,2025-06-23T16:44:00.000Z,BUY,0.01,1,1,10.00,1,10970.00
2025-06-23T16:44:00.000Z,2025-06-23T19:26:00.000Z,BUY,0.01,1,1,10.00,1,10980.00
2025-06-23T19:26:00.000Z,2025-06-24T01:02:00.000Z,BUY,0.01,2,1,10.00,2,10990.00
2025-06-24T01:02:00.000Z,2025-06-24T03:03:00.000Z,BUY,0.01,2,1,10.00,2,11000.00
2025-06-24T03:03:00.000Z,2025-06-24T09:26:00.000Z,SELL,0.01,3,1,10.00,3,11010.00
2025-06-24T09:26:00.000Z,2025-06-24T15:13:00.000Z,SELL,0.01,1,1,10.00,1,11020.00
2025-06-24T15:13:00.000Z,2025-06-24T16:37:00.000Z,SELL,0.01,1,1,10.00,1,11030.00
2025-06-24T16:37:00.000Z,2025-06-25T04:18:00.000Z,SELL,0.01,2,1,10.00,2,11040.00
2025-06-25T04:18:00.000Z,2025-06-25T12:12:00.000Z,SELL,0.01,1,1,10.00,1,11050.00
2025-06-25T12:12:00.000Z,2025-06-25T16:34:00.000Z,SELL,0.01,1,1,10.00,1,11060.00
2025-06-25T16:34:00.000Z,2025-06-26T06:07:00.000Z,SELL,0.01,2,1,10.00,2,11070.00
2025-06-26T06:07:00.000Z,2025-06-26T16:35:00.000Z,BUY,0.01,2,1,10.00,2,11080.00
2025-06-26T16:35:00.000Z,2025-06-26T16:46:00.000Z,BUY,0.01,1,1,10.00,1,11090.00
2025-06-26T16:46:00.000Z,2025-06-26T19:49:00.000Z,BUY,0.01,1,1,10.00,1,11100.00
2025-06-26T19:49:00.000Z,2025-06-27T01:16:00.000Z,SELL,0.01,1,1,10.00,1,11110.00
2025-06-27T01:16:00.000Z,2025-06-27T05:32:00.000Z,SELL,0.01,1,1,10.00,1,11120.00
2025-06-27T05:32:00.000Z,2025-06-27T06:18:00.000Z,SELL,0.01,1,1,10.00,1,11130.00
2025-06-27T06:18:00.000Z,2025-06-27T07:01:00.000Z,SELL,0.01,1,1,10.00,1,11140.00
2025-06-27T07:01:00.000Z,2025-06-27T13:53:00.000Z,SELL,0.01,1,1,10.00,1,11150.00
2025-06-27T13:53:00.000Z,2025-06-27T15:43:00.000Z,SELL,0.01,1,1,10.00,1,11160.00
2025-06-27T15:43:00.000Z,2025-06-27T16:15:00.000Z,SELL,0.01,1,1,10.00,1,11170.00
2025-06-27T16:15:00.000Z,2025-06-30T01:27:00.000Z,SELL,0.01,3,1,10.00,3,11180.00
2025-06-30T01:27:00.000Z,2025-06-30T05:08:00.000Z,SELL,0.01,2,1,10.00,2,11190.00
2025-06-30T05:08:00.000Z,2025-07-01T01:50:00.000Z,SELL,0.01,2,1,10.00,2,11200.00
2025-07-01T01:50:00.000Z,2025-07-01T06:26:00.000Z,BUY,0.01,1,1,10.00,1,11210.00
2025-07-01T06:26:00.000Z,2025-07-01T08:33:00.000Z,BUY,0.01,1,1,10.00,1,11220.00
2025-07-01T08:33:00.000Z,2025-07-01T11:03:00.000Z,BUY,0.01,1,1,10.00,1,11230.00
2025-07-01T11:03:00.000Z,2025-07-01T14:04:00.000Z,BUY,0.01,1,1,10.00,1,11240.00
2025-07-01T14:04:00.000Z,2025-07-03T01:15:00.000Z,BUY,0.01,3,1,10.00,3,11250.00
2025-07-03T01:15:00.000Z,2025-07-03T15:30:00.000Z,BUY,0.01,2,1,10.00,2,11260.00
2025-07-03T15:30:00.000Z,2025-07-04T10:42:00.000Z,BUY,0.01,3,1,10.00,3,11270.00
2025-07-04T10:42:00.000Z,2025-07-04T13:41:00.000Z,SELL,0.01,1,1,10.00,1,11280.00
2025-07-04T13:41:00.000Z,2025-07-07T03:32:00.000Z,SELL,0.01,1,1,10.00,1,11290.00
2025-07-07T03:32:00.000Z,2025-07-07T04:14:00.000Z,SELL,0.01,1,1,10.00,1,11300.00
2025-07-07T04:14:00.000Z,2025-07-07T10:57:00.000Z,SELL,0.01,1,1,10.00,1,11310.00
2025-07-07T10:57:00.000Z,2025-07-07T20:12:00.000Z,SELL,0.01,2,1,10.00,2,11320.00
2025-07-07T20:12:00.000Z,2025-07-08T13:22:00.000Z,SELL,0.01,1,1,10.00,1,11330.00
2025-07-08T13:22:00.000Z,2025-07-08T18:10:00.000Z,BUY,0.01,2,1,10.00,2,11340.00
2025-07-08T18:10:00.000Z,2025-07-10T01:31:00.000Z,SELL,0.01,2,1,10.00,2,11350.00
2025-07-10T01:31:00.000Z,2025-07-11T03:31:00.000Z,BUY,0.01,1,1,10.00,1,11360.00
2025-07-11T03:31:00.000Z,2025-07-11T08:28:00.000Z,BUY,0.01,1,1,10.00,1,11370.00
2025-07-11T08:28:00.000Z,2025-07-11T15:35:00.000Z,BUY,0.01,1,1,10.00,1,11380.00
2025-07-11T15:35:00.000Z,2025-07-11T17:54:00.000Z,BUY,0.01,1,1,10.00,1,11390.00
2025-07-11T17:54:00.000Z,2025-07-14T02:07:00.000Z,BUY,0.01,1,1,10.00,1,11400.00
2025-07-14T02:07:00.000Z,2025-07-14T17:41:00.000Z,BUY,0.01,2,1,10.00,2,11410.00
2025-07-14T17:41:00.000Z,2025-07-15T06:04:00.000Z,BUY,0.01,1,1,10.00,1,11420.00
2025-07-15T06:04:00.000Z,2025-07-15T16:26:00.000Z,SELL,0.01,1,1,10.00,1,11430.00
2025-07-15T16:26:00.000Z,2025-07-16T18:08:00.000Z,BUY,0.01,5,1,10.00,5,11440.00
2025-07-16T18:08:00.000Z,2025-07-16T18:55:00.000Z,SELL,0.01,3,1,10.00,3,11450.00
2025-07-16T18:55:00.000Z,2025-07-17T09:13:00.000Z,SELL,0.01,1,1,10.00,1,11460.00
2025-07-17T09:13:00.000Z,2025-07-18T01:37:00.000Z,BUY,0.01,3,1,10.00,3,11470.00
2025-07-18T01:37:00.000Z,2025-07-18T12:08:00.000Z,BUY,0.01,1,1,10.00,1,11480.00
2025-07-18T12:08:00.000Z,2025-07-21T08:14:00.000Z,BUY,0.01,1,1,10.00,1,11490.00
2025-07-21T08:14:00.000Z,2025-07-21T14:28:00.000Z,BUY,0.01,1,1,10.00,1,11500.00
2025-07-21T14:28:00.000Z,2025-07-21T15:26:00.000Z,BUY,0.01,1,1,10.00,1,11510.00
2025-07-21T15:26:00.000Z,2025-07-21T16:46:00.000Z,BUY,0.01,1,1,10.00,1,11520.00
2025-07-21T16:46:00.000Z,2025-07-22T15:42:00.000Z,BUY,0.01,1,1,10.00,1,11530.00
2025-07-22T15:42:00.000Z,2025-07-22T16:11:00.000Z,BUY,0.01,1,1,10.00,1,11540.00
2025-07-22T16:11:00.000Z,2025-07-22T17:31:00.000Z,BUY,0.01,1,1,10.00,1,11550.00
2025-07-22T17:31:00.000Z,2025-07-23T03:15:00.000Z,BUY,0.01,1,1,10.00,1,11560.00
2025-07-23T03:15:00.000Z,2025-07-23T18:55:00.000Z,BUY,0.01,2,1,10.00,2,11570.00
2025-07-23T18:55:00.000Z,2025-07-24T09:15:00.000Z,BUY,0.01,2,1,10.00,2,11580.00
2025-07-24T09:15:00.000Z,2025-07-24T12:21:00.000Z,SELL,0.01,1,1,10.00,1,11590.00
2025-07-24T12:21:00.000Z,2025-07-24T15:50:00.000Z,SELL,0.01,1,1,10.00,1,11600.00
2025-07-24T15:50:00.000Z,2025-07-25T12:10:00.000Z,SELL,0.01,3,1,10.00,3,11610.00
2025-07-25T12:10:00.000Z,2025-07-25T17:39:00.000Z,SELL,0.01,1,1,10.00,1,11620.00
2025-07-25T17:39:00.000Z,2025-07-28T16:34:00.000Z,SELL,0.01,1,1,10.00,1,11630.00
2025-07-28T16:34:00.000Z,2025-07-28T16:53:00.000Z,SELL,0.01,1,1,10.00,1,11640.00
2025-07-28T16:53:00.000Z,2025-07-28T16:58:00.000Z,SELL,0.01,1,1,10.00,1,11650.00
2025-07-28T16:58:00.000Z,2025-07-29T18:05:00.000Z,SELL,0.01,2,1,10.00,2,11660.00
2025-07-29T18:05:00.000Z,2025-07-30T16:31:00.000Z,BUY,0.01,2,1,10.00,2,11670.00
2025-07-30T16:31:00.000Z,2025-07-30T22:20:00.000Z,BUY,0.01,2,1,10.00,2,11680.00
2025-07-30T22:20:00.000Z,2025-07-31T09:09:00.000Z,SELL,0.01,2,1,10.00,2,11690.00
2025-07-31T09:09:00.000Z,2025-07-31T17:36:00.000Z,SELL,0.01,1,1,10.00,1,11700.00
2025-07-31T17:36:00.000Z,2025-08-01T13:53:00.000Z,BUY,0.01,1,1,10.00,1,11710.00
2025-08-01T13:53:00.000Z,2025-08-01T15:37:00.000Z,SELL,0.01,2,1,10.00,2,11720.00
2025-08-01T15:37:00.000Z,2025-08-01T15:46:00.000Z,BUY,0.01,1,1,10.00,1,11730.00
2025-08-01T15:46:00.000Z,2025-08-01T16:16:00.000Z,BUY,0.01,1,1,10.00,1,11740.00
2025-08-01T16:16:00.000Z,2025-08-04T01:05:00.000Z,BUY,0.01,1,1,10.00,1,11750.00
2025-08-04T01:05:00.000Z,2025-08-04T16:15:00.000Z,BUY,0.01,1,1,10.00,1,11760.00
2025-08-04T16:15:00.000Z,2025-08-04T16:52:00.000Z,BUY,0.01,1,1,10.00,1,11770.00
2025-08-04T16:52:00.000Z,2025-08-05T13:57:00.000Z,BUY,0.01,2,1,10.00,2,11780.00
2025-08-05T13:57:00.000Z,2025-08-05T15:33:00.000Z,BUY,0.01,1,1,10.00,1,11790.00
2025-08-05T15:33:00.000Z,2025-08-07T10:32:00.000Z,SELL,0.01,4,1,10.00,4,11800.00
2025-08-07T10:32:00.000Z,2025-08-08T01:05:00.000Z,BUY,0.01,3,1,10.00,3,11810.00
2025-08-08T01:05:00.000Z,2025-08-11T04:07:00.000Z,BUY,0.01,2,1,10.00,2,11820.00
2025-08-11T04:07:00.000Z,2025-08-11T09:32:00.000Z,SELL,0.01,1,1,10.00,1,11830.00
2025-08-11T09:32:00.000Z,2025-08-11T12:53:00.000Z,SELL,0.01,1,1,10.00,1,11840.00
2025-08-11T12:53:00.000Z,2025-08-11T17:40:00.000Z,SELL,0.01,1,1,10.00,1,11850.00
2025-08-11T17:40:00.000Z,2025-08-12T17:17:00.000Z,SELL,0.01,1,1,10.00,1,11860.00
2025-08-12T17:17:00.000Z,2025-08-13T12:35:00.000Z,SELL,0.01,2,1,10.00,2,11870.00
2025-08-13T12:35:00.000Z,2025-08-14T03:30:00.000Z,BUY,0.01,1,1,10.00,1,11880.00
2025-08-14T03:30:00.000Z,2025-08-14T10:58:00.000Z,BUY,0.01,2,1,10.00,2,11890.00
2025-08-14T10:58:00.000Z,2025-08-14T12:11:00.000Z,BUY,0.01,1,1,10.00,1,11900.00
2025-08-14T12:11:00.000Z,2025-08-14T15:30:00.000Z,SELL,0.01,1,1,10.00,1,11910.00
2025-08-14T15:30:00.000Z,2025-08-14T19:13:00.000Z,SELL,0.01,1,1,10.00,1,11920.00
2025-08-14T19:13:00.000Z,2025-08-19T17:47:00.000Z,SELL,0.01,3,1,10.00,3,11930.00
2025-08-19T17:47:00.000Z,2025-08-20T02:53:00.000Z,SELL,0.01,1,1,10.00,1,11940.00
2025-08-20T02:53:00.000Z,2025-08-20T15:53:00.000Z,SELL,0.01,2,1,10.00,2,11950.00
2025-08-20T15:53:00.000Z,2025-08-22T17:02:00.000Z,BUY,0.01,3,1,10.00,3,11960.00
2025-08-22T17:02:00.000Z,2025-08-26T03:45:00.000Z,SELL,0.01,4,1,10.00,4,11970.00
2025-08-26T03:45:00.000Z,2025-08-26T04:19:00.000Z,SELL,0.01,1,1,10.00,1,11980.00
2025-08-26T04:19:00.000Z,2025-08-26T18:25:00.000Z,BUY,0.01,1,1,10.00,1,11990.00
2025-08-26T18:25:00.000Z,2025-08-27T03:19:00.000Z,BUY,0.01,1,1,10.00,1,12000.00
2025-08-27T03:19:00.000Z,2025-08-28T14:29:00.000Z,BUY,0.01,1,1,10.00,1,12010.00
2025-08-28T14:29:00.000Z,2025-08-28T19:13:00.000Z,BUY,0.01,1,1,10.00,1,12020.00
2025-08-28T19:13:00.000Z,2025-08-29T16:40:00.000Z,BUY,0.01,1,1,10.00,1,12030.00
2025-08-29T16:40:00.000Z,2025-08-29T17:12:00.000Z,BUY,0.01,1,1,10.00,1,12040.00
2025-08-29T17:12:00.000Z,2025-08-29T18:16:00.000Z,BUY,0.01,1,1,10.00,1,12050.00
2025-08-29T18:16:00.000Z,2025-09-01T04:58:00.000Z,BUY,0.01,1,1,10.00,1,12060.00
2025-09-01T04:58:00.000Z,2025-09-01T05:07:00.000Z,BUY,0.01,1,1,10.00,1,12070.00
2025-09-01T05:07:00.000Z,2025-09-01T05:43:00.000Z,BUY,0.01,1,1,10.00,1,12080.00
2025-09-01T05:43:00.000Z,2025-09-01T06:01:00.000Z,BUY,0.01,1,1,10.00,1,12090.00
2025-09-01T06:01:00.000Z,2025-09-02T04:20:00.000Z,BUY,0.01,1,1,10.00,1,12100.00
2025-09-02T04:20:00.000Z,2025-09-02T04:46:00.000Z,BUY,0.01,1,1,10.00,1,12110.00
2025-09-02T04:46:00.000Z,2025-09-02T10:53:00.000Z,BUY,0.01,2,1,10.00,2,12120.00
2025-09-02T10:53:00.000Z,2025-09-02T14:01:00.000Z,BUY,0.01,1,1,10.00,1,12130.00
2025-09-02T14:01:00.000Z,2025-09-02T17:08:00.000Z,BUY,0.01,1,1,10.00,1,12140.00
2025-09-02T17:08:00.000Z,2025-09-02T17:42:00.000Z,BUY,0.01,1,1,10.00,1,12150.00
2025-09-02T17:42:00.000Z,2025-09-02T18:47:00.000Z,BUY,0.01,1,1,10.00,1,12160.00
2025-09-02T18:47:00.000Z,2025-09-02T19:34:00.000Z,BUY,0.01,1,1,10.00,1,12170.00
2025-09-02T19:34:00.000Z,2025-09-02T22:20:00.000Z,BUY,0.01,1,1,10.00,1,12180.00
2025-09-02T22:20:00.000Z,2025-09-03T14:13:00.000Z,BUY,0.01,1,1,10.00,1,12190.00
2025-09-03T14:13:00.000Z,2025-09-03T16:27:00.000Z,BUY,0.01,1,1,10.00,1,12200.00
2025-09-03T16:27:00.000Z,2025-09-03T19:30:00.000Z,BUY,0.01,1,1,10.00,1,12210.00
2025-09-03T19:30:00.000Z,2025-09-04T05:40:00.000Z,BUY,0.01,2,1,10.00,2,12220.00
2025-09-04T05:40:00.000Z,2025-09-04T14:50:00.000Z,BUY,0.01,3,1,10.00,3,12230.00
2025-09-04T14:50:00.000Z,2025-09-04T17:02:00.000Z,SELL,0.01,1,1,10.00,1,12240.00
2025-09-04T17:02:00.000Z,2025-09-05T15:30:00.000Z,SELL,0.01,2,1,10.00,2,12250.00
2025-09-05T15:30:00.000Z,2025-09-05T15:32:00.000Z,BUY,0.01,1,1,10.00,1,12260.00
2025-09-05T15:32:00.000Z,2025-09-05T16:46:00.000Z,BUY,0.01,1,1,10.00,1,12270.00
2025-09-05T16:46:00.000Z,2025-09-05T19:09:00.000Z,BUY,0.01,1,1,10.00,1,12280.00
2025-09-05T19:09:00.000Z,2025-09-08T10:20:00.000Z,BUY,0.01,1,1,10.00,1,12290.00
2025-09-08T10:20:00.000Z,2025-09-08T13:14:00.000Z,BUY,0.01,1,1,10.00,1,12300.00
2025-09-08T13:14:00.000Z,2025-09-08T16:10:00.000Z,BUY,0.01,1,1,10.00,1,12310.00
2025-09-08T16:10:00.000Z,2025-09-08T17:55:00.000Z,BUY,0.01,1,1,10.00,1,12320.00
2025-09-08T17:55:00.000Z,2025-09-09T05:09:00.000Z,BUY,0.01,1,1,10.00,1,12330.00
2025-09-09T05:09:00.000Z,2025-09-09T16:27:00.000Z,BUY,0.01,1,1,10.00,1,12340.00
2025-09-09T16:27:00.000Z,2025-09-09T17:00:00.000Z,BUY,0.01,1,1,10.00,1,12350.00
2025-09-09T17:00:00.000Z,2025-09-09T17:35:00.000Z,BUY,0.01,2,1,10.00,2,12360.00
2025-09-09T17:35:00.000Z,2025-09-10T12:42:00.000Z,BUY,0.01,3,1,10.00,3,12370.00
2025-09-10T12:42:00.000Z,2025-09-11T12:13:00.000Z,BUY,0.01,2,1,10.00,2,12380.00
2025-09-11T12:13:00.000Z,2025-09-12T05:53:00.000Z,SELL,0.01,4,1,10.00,4,12390.00
2025-09-12T05:53:00.000Z,2025-09-15T16:39:00.000Z,BUY,0.01,3,1,10.00,3,12400.00
2025-09-15T16:39:00.000Z,2025-09-15T18:49:00.000Z,BUY,0.01,1,1,10.00,1,12410.00
2025-09-15T18:49:00.000Z,2025-09-15T18:58:00.000Z,BUY,0.01,1,1,10.00,1,12420.00
2025-09-15T18:58:00.000Z,2025-09-16T09:47:00.000Z,BUY,0.01,1,1,10.00,1,12430.00
2025-09-16T09:47:00.000Z,2025-09-16T17:17:00.000Z,BUY,0.01,1,1,10.00,1,12440.00
2025-09-16T17:17:00.000Z,2025-09-17T09:44:00.000Z,BUY,0.01,2,1,10.00,2,12450.00
2025-09-17T09:44:00.000Z,2025-09-17T13:12:00.000Z,SELL,0.01,1,1,10.00,1,12460.00
2025-09-17T13:12:00.000Z,2025-09-17T21:00:00.000Z,SELL,0.01,2,1,10.00,2,12470.00
2025-09-17T21:00:00.000Z,2025-09-17T21:01:00.000Z,BUY,0.01,2,1,10.00,2,12480.00
2025-09-17T21:01:00.000Z,2025-09-17T21:01:00.000Z,BUY,0.01,1,1,10.00,1,12490.00
2025-09-17T21:01:00.000Z,2025-09-17T21:02:00.000Z,BUY,0.01,1,1,10.00,1,12500.00
2025-09-17T21:02:00.000Z,2025-09-17T21:03:00.000Z,BUY,0.01,1,1,10.00,1,12510.00
2025-09-17T21:03:00.000Z,2025-09-17T21:08:00.000Z,BUY,0.01,1,1,10.00,1,12520.00
2025-09-17T21:08:00.000Z,2025-09-17T21:33:00.000Z,BUY,0.01,2,1,10.00,2,12530.00
2025-09-17T21:33:00.000Z,2025-09-18T09:05:00.000Z,BUY,0.01,2,1,10.00,2,12540.00
2025-09-18T09:05:00.000Z,2025-09-18T12:31:00.000Z,SELL,0.01,2,1,10.00,2,12550.00
2025-09-18T12:31:00.000Z,2025-09-18T16:00:00.000Z,SELL,0.01,1,1,10.00,1,12560.00
2025-09-18T16:00:00.000Z,2025-09-18T16:26:00.000Z,SELL,0.01,1,1,10.00,1,12570.00
2025-09-18T16:26:00.000Z,2025-09-18T16:39:00.000Z,SELL,0.01,1,1,10.00,1,12580.00
2025-09-18T16:39:00.000Z,2025-09-18T16:44:00.000Z,SELL,0.01,1,1,10.00,1,12590.00
2025-09-18T16:44:00.000Z,2025-09-19T16:56:00.000Z,SELL,0.01,2,1,10.00,2,12600.00
2025-09-19T16:56:00.000Z,2025-09-19T18:14:00.000Z,BUY,0.01,1,1,10.00,1,12610.00
2025-09-19T18:14:00.000Z,2025-09-19T21:23:00.000Z,BUY,0.01,1,1,10.00,1,12620.00
2025-09-19T21:23:00.000Z,2025-09-22T04:00:00.000Z,BUY,0.01,1,1,10.00,1,12630.00
2025-09-22T04:00:00.000Z,2025-09-22T09:25:00.000Z,BUY,0.01,1,1,10.00,1,12640.00
2025-09-22T09:25:00.000Z,2025-09-22T09:38:00.000Z,BUY,0.01,1,1,10.00,1,12650.00
2025-09-22T09:38:00.000Z,2025-09-22T12:19:00.000Z,BUY,0.01,1,1,10.00,1,12660.00
2025-09-22T12:19:00.000Z,2025-09-22T18:47:00.000Z,BUY,0.01,1,1,10.00,1,12670.00
2025-09-22T18:47:00.000Z,2025-09-22T20:38:00.000Z,BUY,0.01,1,1,10.00,1,12680.00
2025-09-22T20:38:00.000Z,2025-09-23T04:07:00.000Z,BUY,0.01,1,1,10.00,1,12690.00
2025-09-23T04:07:00.000Z,2025-09-23T11:33:00.000Z,BUY,0.01,1,1,10.00,1,12700.00
2025-09-23T11:33:00.000Z,2025-09-23T11:48:00.000Z,BUY,0.01,1,1,10.00,1,12710.00
2025-09-23T11:48:00.000Z,2025-09-23T12:13:00.000Z,BUY,0.01,1,1,10.00,1,12720.00
2025-09-23T12:13:00.000Z,2025-09-23T22:15:00.000Z,BUY,0.01,2,1,10.00,2,12730.00
2025-09-23T22:15:00.000Z,2025-09-23T22:39:00.000Z,BUY,0.01,1,1,10.00,1,12740.00
2025-09-23T22:39:00.000Z,2025-09-24T08:36:00.000Z,BUY,0.01,1,1,10.00,1,12750.00
2025-09-24T08:36:00.000Z,2025-09-24T18:41:00.000Z,BUY,0.01,2,1,10.00,2,12760.00
2025-09-24T18:41:00.000Z,2025-09-24T19:49:00.000Z,SELL,0.01,1,1,10.00,1,12770.00
2025-09-24T19:49:00.000Z,2025-09-24T21:57:00.000Z,SELL,0.01,1,1,10.00,1,12780.00
2025-09-24T21:57:00.000Z,2025-09-25T10:50:00.000Z,SELL,0.01,2,1,10.00,2,12790.00
2025-09-25T10:50:00.000Z,2025-09-25T14:11:00.000Z,SELL,0.01,1,1,10.00,1,12800.00
2025-09-25T14:11:00.000Z,2025-09-25T15:21:00.000Z,BUY,0.01,1,1,10.00,1,12810.00
2025-09-25T15:21:00.000Z,2025-09-25T16:44:00.000Z,BUY,0.01,2,1,10.00,2,12820.00
2025-09-25T16:44:00.000Z,2025-09-25T17:23:00.000Z,BUY,0.01,1,1,10.00,1,12830.00
2025-09-25T17:23:00.000Z,2025-09-25T17:41:00.000Z,SELL,0.01,1,1,10.00,1,12840.00
2025-09-25T17:41:00.000Z,2025-09-25T21:38:00.000Z,SELL,0.01,2,1,10.00,2,12850.00
2025-09-25T21:38:00.000Z,2025-09-26T02:16:00.000Z,SELL,0.01,1,1,10.00,1,12860.00
2025-09-26T02:16:00.000Z,2025-09-26T11:41:00.000Z,BUY,0.01,1,1,10.00,1,12870.00
2025-09-26T11:41:00.000Z,2025-09-26T16:15:00.000Z,BUY,0.01,1,1,10.00,1,12880.00
2025-09-26T16:15:00.000Z,2025-09-26T17:15:00.000Z,BUY,0.01,1,1,10.00,1,12890.00
2025-09-26T17:15:00.000Z,2025-09-29T03:45:00.000Z,BUY,0.01,1,1,10.00,1,12900.00
2025-09-29T03:45:00.000Z,2025-09-29T05:21:00.000Z,BUY,0.01,1,1,10.00,1,12910.00
2025-09-29T05:21:00.000Z,2025-09-29T07:39:00.000Z,BUY,0.01,1,1,10.00,1,12920.00
2025-09-29T07:39:00.000Z,2025-09-29T09:13:00.000Z,BUY,0.01,1,1,10.00,1,12930.00
2025-09-29T09:13:00.000Z,2025-09-29T14:42:00.000Z,BUY,0.01,1,1,10.00,1,12940.00
2025-09-29T14:42:00.000Z,2025-09-30T03:05:00.000Z,BUY,0.01,1,1,10.00,1,12950.00
2025-09-30T03:05:00.000Z,2025-09-30T04:24:00.000Z,BUY,0.01,1,1,10.00,1,12960.00
2025-09-30T04:24:00.000Z,2025-09-30T06:26:00.000Z,BUY,0.01,1,1,10.00,1,12970.00
2025-09-30T06:26:00.000Z,2025-09-30T08:00:00.000Z,BUY,0.01,1,1,10.00,1,12980.00
2025-09-30T08:00:00.000Z,2025-09-30T11:07:00.000Z,BUY,0.01,2,1,10.00,2,12990.00
2025-09-30T11:07:00.000Z,2025-09-30T12:11:00.000Z,BUY,0.01,2,1,10.00,2,13000.00
2025-09-30T12:11:00.000Z,2025-09-30T14:57:00.000Z,BUY,0.01,1,1,10.00,1,13010.00
2025-09-30T14:57:00.000Z,2025-09-30T16:47:00.000Z,BUY,0.01,1,1,10.00,1,13020.00
2025-09-30T16:47:00.000Z,2025-09-30T22:52:00.000Z,SELL,0.01,2,1,10.00,2,13030.00
2025-09-30T22:52:00.000Z,2025-10-01T04:49:00.000Z,BUY,0.01,1,1,10.00,1,13040.00
2025-10-01T04:49:00.000Z,2025-10-01T10:52:00.000Z,BUY,0.01,1,1,10.00,1,13050.00
2025-10-01T10:52:00.000Z,2025-10-01T11:12:00.000Z,BUY,0.01,1,1,10.00,1,13060.00
2025-10-01T11:12:00.000Z,2025-10-01T17:48:00.000Z,BUY,0.01,2,1,10.00,2,13070.00
2025-10-01T17:48:00.000Z,2025-10-01T17:51:00.000Z,BUY,0.01,1,1,10.00,1,13080.00
2025-10-01T17:51:00.000Z,2025-10-02T12:44:00.000Z,BUY,0.01,1,1,10.00,1,13090.00
2025-10-02T12:44:00.000Z,2025-10-02T15:06:00.000Z,BUY,0.01,1,1,10.00,1,13100.00
2025-10-02T15:06:00.000Z,2025-10-02T17:26:00.000Z,BUY,0.01,2,1,10.00,2,13110.00
2025-10-02T17:26:00.000Z,2025-10-02T17:47:00.000Z,BUY,0.01,2,1,10.00,2,13120.00
2025-10-02T17:47:00.000Z,2025-10-02T17:59:00.000Z,BUY,0.01,1,1,10.00,1,13130.00
2025-10-02T17:59:00.000Z,2025-10-02T21:50:00.000Z,BUY,0.01,3,1,10.00,3,13140.00
2025-10-02T21:50:00.000Z,2025-10-03T06:31:00.000Z,SELL,0.01,1,1,10.00,1,13150.00
2025-10-03T06:31:00.000Z,2025-10-03T15:41:00.000Z,SELL,0.01,2,1,10.00,2,13160.00
2025-10-03T15:41:00.000Z,2025-10-03T16:19:00.000Z,BUY,0.01,1,1,10.00,1,13170.00
2025-10-03T16:19:00.000Z,2025-10-03T16:45:00.000Z,BUY,0.01,1,1,10.00,1,13180.00
2025-10-03T16:45:00.000Z,2025-10-06T01:59:00.000Z,BUY,0.01,3,1,10.00,3,13190.00
2025-10-06T01:59:00.000Z,2025-10-06T02:03:00.000Z,BUY,0.01,1,1,10.00,1,13200.00
2025-10-06T02:03:00.000Z,2025-10-06T02:05:00.000Z,BUY,0.01,1,1,10.00,1,13210.00
2025-10-06T02:05:00.000Z,2025-10-06T06:47:00.000Z,BUY,0.01,3,1,10.00,3,13220.00
2025-10-06T06:47:00.000Z,2025-10-06T08:06:00.000Z,BUY,0.01,1,1,10.00,1,13230.00
2025-10-06T08:06:00.000Z,2025-10-06T17:33:00.000Z,BUY,0.01,1,1,10.00,1,13240.00
2025-10-06T17:33:00.000Z,2025-10-06T18:55:00.000Z,BUY,0.01,1,1,10.00,1,13250.00
2025-10-06T18:55:00.000Z,2025-10-07T01:11:00.000Z,BUY,0.01,1,1,10.00,1,13260.00
2025-10-07T01:11:00.000Z,2025-10-07T11:06:00.000Z,BUY,0.01,2,1,10.00,2,13270.00
2025-10-07T11:06:00.000Z,2025-10-07T11:23:00.000Z,BUY,0.01,1,1,10.00,1,13280.00
2025-10-07T11:23:00.000Z,2025-10-07T12:24:00.000Z,BUY,0.01,1,1,10.00,1,13290.00
2025-10-07T12:24:00.000Z,2025-10-07T15:42:00.000Z,BUY,0.01,1,1,10.00,1,13300.00
2025-10-07T15:42:00.000Z,2025-10-07T16:07:00.000Z,BUY,0.01,1,1,10.00,1,13310.00
2025-10-07T16:07:00.000Z,2025-10-08T02:47:00.000Z,BUY,0.01,3,1,10.00,3,13320.00
2025-10-08T02:47:00.000Z,2025-10-08T05:13:00.000Z,BUY,0.01,1,1,10.00,1,13330.00
2025-10-08T05:13:00.000Z,2025-10-08T06:05:00.000Z,BUY,0.01,1,1,10.00,1,13340.00
2025-10-08T06:05:00.000Z,2025-10-08T07:50:00.000Z,BUY,0.01,1,1,10.00,1,13350.00
2025-10-08T07:50:00.000Z,2025-10-08T08:24:00.000Z,BUY,0.01,1,1,10.00,1,13360.00
2025-10-08T08:24:00.000Z,2025-10-08T12:46:00.000Z,BUY,0.01,1,1,10.00,1,13370.00
2025-10-08T12:46:00.000Z,2025-10-08T19:11:00.000Z,BUY,0.01,1,1,10.00,1,13380.00
2025-10-08T19:11:00.000Z,2025-10-09T01:09:00.000Z,BUY,0.01,2,1,10.00,2,13390.00
2025-10-09T01:09:00.000Z,2025-10-09T04:33:00.000Z,BUY,0.01,3,1,10.00,3,13400.00
2025-10-09T04:33:00.000Z,2025-10-09T05:17:00.000Z,BUY,0.01,2,1,10.00,2,13410.00
2025-10-09T05:17:00.000Z,2025-10-09T05:38:00.000Z,BUY,0.01,1,1,10.00,1,13420.00
2025-10-09T05:38:00.000Z,2025-10-09T06:31:00.000Z,BUY,0.01,1,1,10.00,1,13430.00
2025-10-09T06:31:00.000Z,2025-10-09T07:22:00.000Z,BUY,0.01,1,1,10.00,1,13440.00
2025-10-09T07:22:00.000Z,2025-10-09T14:00:00.000Z,BUY,0.01,1,1,10.00,1,13450.00
2025-10-09T14:00:00.000Z,2025-10-09T16:07:00.000Z,BUY,0.01,1,1,10.00,1,13460.00
2025-10-09T16:07:00.000Z,2025-10-09T16:46:00.000Z,BUY,0.01,2,1,10.00,2,13470.00
2025-10-09T16:46:00.000Z,2025-10-09T19:35:00.000Z,BUY,0.01,4,1,10.00,4,13480.00
2025-10-09T19:35:00.000Z,2025-10-09T19:40:00.000Z,SELL,0.01,1,1,10.00,1,13490.00
2025-10-09T19:40:00.000Z,2025-10-09T19:52:00.000Z,SELL,0.01,1,1,10.00,1,13500.00
2025-10-09T19:52:00.000Z,2025-10-09T19:56:00.000Z,SELL,0.01,1,1,10.00,1,13510.00
2025-10-09T19:56:00.000Z,2025-10-09T20:13:00.000Z,SELL,0.01,1,1,10.00,1,13520.00
2025-10-09T20:13:00.000Z,2025-10-09T20:16:00.000Z,SELL,0.01,1,1,10.00,1,13530.00
2025-10-09T20:16:00.000Z,2025-10-09T22:21:00.000Z,SELL,0.01,2,1,10.00,2,13540.00
2025-10-09T22:21:00.000Z,2025-10-10T01:12:00.000Z,SELL,0.01,1,1,10.00,1,13550.00
2025-10-10T01:12:00.000Z,2025-10-10T07:10:00.000Z,SELL,0.01,3,1,10.00,3,13560.00
2025-10-10T07:10:00.000Z,2025-10-10T11:09:00.000Z,SELL,0.01,4,1,10.00,4,13570.00
2025-10-10T11:09:00.000Z,2025-10-10T17:00:00.000Z,SELL,0.01,3,1,10.00,3,13580.00
2025-10-10T17:00:00.000Z,2025-10-10T18:06:00.000Z,SELL,0.01,2,1,10.00,2,13590.00
2025-10-10T18:06:00.000Z,2025-10-10T19:00:00.000Z,SELL,0.01,1,1,10.00,1,13600.00
2025-10-10T19:00:00.000Z,2025-10-10T19:06:00.000Z,SELL,0.01,1,1,10.00,1,13610.00
2025-10-10T19:06:00.000Z,2025-10-10T22:42:00.000Z,SELL,0.01,2,1,10.00,2,13620.00
2025-10-10T22:42:00.000Z,2025-10-13T01:01:00.000Z,BUY,0.01,1,1,10.00,1,13630.00
2025-10-13T01:01:00.000Z,2025-10-13T01:23:00.000Z,BUY,0.01,1,1,10.00,1,13640.00
2025-10-13T01:23:00.000Z,2025-10-13T01:26:00.000Z,BUY,0.01,1,1,10.00,1,13650.00
2025-10-13T01:26:00.000Z,2025-10-13T02:08:00.000Z,BUY,0.01,1,1,10.00,1,13660.00
2025-10-13T02:08:00.000Z,2025-10-13T03:22:00.000Z,BUY,0.01,2,1,10.00,2,13670.00
2025-10-13T03:22:00.000Z,2025-10-13T03:23:00.000Z,BUY,0.01,1,1,10.00,1,13680.00
2025-10-13T03:23:00.000Z,2025-10-13T03:38:00.000Z,BUY,0.01,1,1,10.00,1,13690.00
2025-10-13T03:38:00.000Z,2025-10-13T03:44:00.000Z,BUY,0.01,1,1,10.00,1,13700.00
2025-10-13T03:44:00.000Z,2025-10-13T08:09:00.000Z,BUY,0.01,1,1,10.00,1,13710.00
2025-10-13T08:09:00.000Z,2025-10-13T08:33:00.000Z,BUY,0.01,1,1,10.00,1,13720.00
2025-10-13T08:33:00.000Z,2025-10-13T16:09:00.000Z,BUY,0.01,1,1,10.00,1,13730.00
2025-10-13T16:09:00.000Z,2025-10-13T17:00:00.000Z,BUY,0.01,1,1,10.00,1,13740.00
2025-10-13T17:00:00.000Z,2025-10-13T18:57:00.000Z,BUY,0.01,1,1,10.00,1,13750.00
2025-10-13T18:57:00.000Z,2025-10-13T19:15:00.000Z,BUY,0.01,1,1,10.00,1,13760.00
2025-10-13T19:15:00.000Z,2025-10-14T02:35:00.000Z,BUY,0.01,3,1,10.00,3,13770.00
2025-10-14T02:35:00.000Z,2025-10-14T04:11:00.000Z,BUY,0.01,1,1,10.00,1,13780.00
2025-10-14T04:11:00.000Z,2025-10-14T04:24:00.000Z,BUY,0.01,1,1,10.00,1,13790.00
2025-10-14T04:24:00.000Z,2025-10-14T06:16:00.000Z,BUY,0.01,1,1,10.00,1,13800.00
2025-10-14T06:16:00.000Z,2025-10-14T07:14:00.000Z,BUY,0.01,1,1,10.00,1,13810.00
2025-10-14T07:14:00.000Z,2025-10-14T08:15:00.000Z,BUY,0.01,1,1,10.00,1,13820.00
2025-10-14T08:15:00.000Z,2025-10-14T08:38:00.000Z,BUY,0.01,2,1,10.00,2,13830.00
2025-10-14T08:38:00.000Z,2025-10-14T08:48:00.000Z,BUY,0.01,2,1,10.00,2,13840.00
2025-10-14T08:48:00.000Z,2025-10-14T08:52:00.000Z,BUY,0.01,1,1,10.00,1,13850.00
2025-10-14T08:52:00.000Z,2025-10-14T09:23:00.000Z,BUY,0.01,2,1,10.00,2,13860.00
2025-10-14T09:23:00.000Z,2025-10-14T09:26:00.000Z,BUY,0.01,1,1,10.00,1,13870.00
2025-10-14T09:26:00.000Z,2025-10-14T10:16:00.000Z,BUY,0.01,1,1,10.00,1,13880.00
2025-10-14T10:16:00.000Z,2025-10-14T11:02:00.000Z,BUY,0.01,1,1,10.00,1,13890.00
2025-10-14T11:02:00.000Z,2025-10-14T11:13:00.000Z,BUY,0.01,1,1,10.00,1,13900.00
2025-10-14T11:13:00.000Z,2025-10-14T15:43:00.000Z,BUY,0.01,2,1,10.00,2,13910.00
2025-10-14T15:43:00.000Z,2025-10-14T16:17:00.000Z,BUY,0.01,1,1,10.00,1,13920.00
2025-10-14T16:17:00.000Z,2025-10-14T17:01:00.000Z,BUY,0.01,1,1,10.00,1,13930.00
2025-10-14T17:01:00.000Z,2025-10-14T18:13:00.000Z,BUY,0.01,1,1,10.00,1,13940.00
2025-10-14T18:13:00.000Z,2025-10-14T19:50:00.000Z,BUY,0.01,1,1,10.00,1,13950.00
2025-10-14T19:50:00.000Z,2025-10-15T01:14:00.000Z,BUY,0.01,1,1,10.00,1,13960.00
2025-10-15T01:14:00.000Z,2025-10-15T04:04:00.000Z,BUY,0.01,1,1,10.00,1,13970.00
2025-10-15T04:04:00.000Z,2025-10-15T04:12:00.000Z,BUY,0.01,1,1,10.00,1,13980.00
2025-10-15T04:12:00.000Z,2025-10-15T08:22:00.000Z,BUY,0.01,1,1,10.00,1,13990.00
2025-10-15T08:22:00.000Z,2025-10-15T10:37:00.000Z,BUY,0.01,1,1,10.00,1,14000.00
2025-10-15T10:37:00.000Z,2025-10-15T11:08:00.000Z,BUY,0.01,1,1,10.00,1,14010.00
2025-10-15T11:08:00.000Z,2025-10-15T12:21:00.000Z,BUY,0.01,2,1,10.00,2,14020.00
2025-10-15T12:21:00.000Z,2025-10-15T12:28:00.000Z,BUY,0.01,1,1,10.00,1,14030.00
2025-10-15T12:28:00.000Z,2025-10-15T13:16:00.000Z,BUY,0.01,1,1,10.00,1,14040.00
2025-10-15T13:16:00.000Z,2025-10-15T22:53:00.000Z,BUY,0.01,5,1,10.00,5,14050.00
2025-10-15T22:53:00.000Z,2025-10-16T03:27:00.000Z,BUY,0.01,1,1,10.00,1,14060.00
2025-10-16T03:27:00.000Z,2025-10-16T05:06:00.000Z,BUY,0.01,1,1,10.00,1,14070.00
2025-10-16T05:06:00.000Z,2025-10-16T13:57:00.000Z,BUY,0.01,3,1,10.00,3,14080.00
2025-10-16T13:57:00.000Z,2025-10-16T16:24:00.000Z,BUY,0.01,1,1,10.00,1,14090.00
2025-10-16T16:24:00.000Z,2025-10-16T17:11:00.000Z,BUY,0.01,1,1,10.00,1,14100.00
2025-10-16T17:11:00.000Z,2025-10-16T18:53:00.000Z,BUY,0.01,1,1,10.00,1,14110.00
2025-10-16T18:53:00.000Z,2025-10-16T19:18:00.000Z,BUY,0.01,1,1,10.00,1,14120.00
2025-10-16T19:18:00.000Z,2025-10-16T20:20:00.000Z,BUY,0.01,3,1,10.00,3,14130.00
2025-10-16T20:20:00.000Z,2025-10-16T22:54:00.000Z,BUY,0.01,3,1,10.00,3,14140.00
2025-10-16T22:54:00.000Z,2025-10-16T23:03:00.000Z,BUY,0.01,1,1,10.00,1,14150.00
2025-10-16T23:03:00.000Z,2025-10-16T23:48:00.000Z,BUY,0.01,1,1,10.00,1,14160.00
2025-10-16T23:48:00.000Z,2025-10-17T01:00:00.000Z,BUY,0.01,1,1,10.00,1,14170.00
2025-10-17T01:00:00.000Z,2025-10-17T01:08:00.000Z,BUY,0.01,1,1,10.00,1,14180.00
2025-10-17T01:08:00.000Z,2025-10-17T01:10:00.000Z,BUY,0.01,1,1,10.00,1,14190.00
2025-10-17T01:10:00.000Z,2025-10-17T01:18:00.000Z,BUY,0.01,1,1,10.00,1,14200.00
2025-10-17T01:18:00.000Z,2025-10-17T01:19:00.000Z,BUY,0.01,1,1,10.00,1,14210.00
2025-10-17T01:19:00.000Z,2025-10-17T01:35:00.000Z,BUY,0.01,2,1,10.00,2,14220.00
2025-10-17T01:35:00.000Z,2025-10-17T01:38:00.000Z,BUY,0.01,1,1,10.00,1,14230.00
2025-10-17T01:38:00.000Z,2025-10-17T02:32:00.000Z,BUY,0.01,1,1,10.00,1,14240.00
2025-10-17T02:32:00.000Z,2025-10-17T02:50:00.000Z,BUY,0.01,1,1,10.00,1,14250.00
2025-10-17T02:50:00.000Z,2025-10-17T04:03:00.000Z,BUY,0.01,2,1,10.00,2,14260.00
2025-10-17T04:03:00.000Z,2025-10-17T04:10:00.000Z,BUY,0.01,1,1,10.00,1,14270.00
2025-10-17T04:10:00.000Z,2025-10-17T04:17:00.000Z,BUY,0.01,2,1,10.00,2,14280.00
2025-10-17T04:17:00.000Z,2025-10-17T04:19:00.000Z,BUY,0.01,1,1,10.00,1,14290.00
2025-10-17T04:19:00.000Z,2025-10-17T04:42:00.000Z,BUY,0.01,2,1,10.00,2,14300.00
2025-10-17T04:42:00.000Z,2025-10-17T05:00:00.000Z,BUY,0.01,3,1,10.00,3,14310.00
2025-10-17T05:00:00.000Z,2025-10-17T05:06:00.000Z,BUY,0.01,1,1,10.00,1,14320.00
2025-10-17T05:06:00.000Z,2025-10-17T05:30:00.000Z,BUY,0.01,1,1,10.00,1,14330.00
2025-10-17T05:30:00.000Z,2025-10-17T06:08:00.000Z,BUY,0.01,1,1,10.00,1,14340.00
2025-10-17T06:08:00.000Z,2025-10-17T06:12:00.000Z,BUY,0.01,1,1,10.00,1,14350.00
2025-10-17T06:12:00.000Z,2025-10-17T07:01:00.000Z,BUY,0.01,1,1,10.00,1,14360.00
2025-10-17T07:01:00.000Z,2025-10-17T10:20:00.000Z,BUY,0.01,4,1,10.00,4,14370.00
2025-10-17T10:20:00.000Z,2025-10-17T10:25:00.000Z,BUY,0.01,3,1,10.00,3,14380.00
2025-10-17T10:25:00.000Z,2025-10-17T14:13:00.000Z,BUY,0.01,4,1,10.00,4,14390.00
2025-10-17T14:13:00.000Z,2025-10-17T14:19:00.000Z,BUY,0.01,1,1,10.00,1,14400.00
2025-10-17T14:19:00.000Z,2025-10-17T14:56:00.000Z,BUY,0.01,2,1,10.00,2,14410.00
2025-10-17T14:56:00.000Z,2025-10-17T15:13:00.000Z,BUY,0.01,1,1,10.00,1,14420.00
2025-10-17T15:13:00.000Z,2025-10-17T15:51:00.000Z,BUY,0.01,1,1,10.00,1,14430.00
2025-10-17T15:51:00.000Z,2025-10-17T16:34:00.000Z,BUY,0.01,2,1,10.00,2,14440.00
2025-10-17T16:34:00.000Z,2025-10-17T16:37:00.000Z,BUY,0.01,2,1,10.00,2,14450.00
2025-10-17T16:37:00.000Z,2025-10-17T16:38:00.000Z,BUY,0.01,1,1,10.00,1,14460.00
2025-10-17T16:38:00.000Z,2025-10-17T16:39:00.000Z,BUY,0.01,1,1,10.00,1,14470.00
2025-10-17T16:39:00.000Z,2025-10-17T16:43:00.000Z,BUY,0.01,1,1,10.00,1,14480.00
2025-10-17T16:43:00.000Z,2025-10-17T17:01:00.000Z,BUY,0.01,2,1,10.00,2,14490.00
2025-10-17T17:01:00.000Z,2025-10-17T17:05:00.000Z,BUY,0.01,2,1,10.00,2,14500.00
2025-10-17T17:05:00.000Z,2025-10-17T17:06:00.000Z,BUY,0.01,1,1,10.00,1,14510.00
2025-10-17T17:06:00.000Z,2025-10-17T17:11:00.000Z,BUY,0.01,1,1,10.00,1,14520.00
2025-10-17T17:11:00.000Z,2025-10-17T17:14:00.000Z,BUY,0.01,2,1,10.00,2,14530.00
2025-10-17T17:14:00.000Z,2025-10-17T17:18:00.000Z,BUY,0.01,1,1,10.00,1,14540.00
2025-10-17T17:18:00.000Z,2025-10-17T17:19:00.000Z,BUY,0.01,1,1,10.00,1,14550.00
2025-10-17T17:19:00.000Z,2025-10-17T17:39:00.000Z,BUY,0.01,3,1,10.00,3,14560.00
2025-10-17T17:39:00.000Z,2025-10-17T17:40:00.000Z,BUY,0.01,1,1,10.00,1,14570.00
2025-10-17T17:40:00.000Z,2025-10-17T18:20:00.000Z,BUY,0.01,2,1,10.00,2,14580.00
2025-10-17T18:20:00.000Z,2025-10-17T19:27:00.000Z,SELL,0.01,3,1,10.00,3,14590.00
2025-10-17T19:27:00.000Z,2025-10-17T19:30:00.000Z,SELL,0.01,1,1,10.00,1,14600.00
2025-10-17T19:30:00.000Z,2025-10-17T19:56:00.000Z,SELL,0.01,1,1,10.00,1,14610.00
2025-10-17T19:56:00.000Z,2025-10-17T20:04:00.000Z,SELL,0.01,1,1,10.00,1,14620.00
2025-10-17T20:04:00.000Z,2025-10-17T20:41:00.000Z,SELL,0.01,2,1,10.00,2,14630.00
2025-10-17T20:41:00.000Z,2025-10-17T23:56:00.000Z,SELL,0.01,4,1,10.00,4,14640.00
2025-10-17T23:56:00.000Z,2025-10-20T01:00:00.000Z,SELL,0.01,1,1,10.00,1,14650.00
2025-10-20T01:00:00.000Z,2025-10-20T01:03:00.000Z,SELL,0.01,2,1,10.00,2,14660.00
2025-10-20T01:03:00.000Z,2025-10-20T01:05:00.000Z,SELL,0.01,1,1,10.00,1,14670.00
2025-10-20T01:05:00.000Z,2025-10-20T01:33:00.000Z,SELL,0.01,1,1,10.00,1,14680.00
2025-10-20T01:33:00.000Z,2025-10-20T02:16:00.000Z,SELL,0.01,1,1,10.00,1,14690.00
2025-10-20T02:16:00.000Z,2025-10-20T03:12:00.000Z,SELL,0.01,1,1,10.00,1,14700.00
2025-10-20T03:12:00.000Z,2025-10-20T03:29:00.000Z,SELL,0.01,1,1,10.00,1,14710.00
2025-10-20T03:29:00.000Z,2025-10-20T03:56:00.000Z,SELL,0.01,2,1,10.00,2,14720.00
2025-10-20T03:56:00.000Z,2025-10-20T04:01:00.000Z,SELL,0.01,1,1,10.00,1,14730.00
2025-10-20T04:01:00.000Z,2025-10-20T05:31:00.000Z,SELL,0.01,2,1,10.00,2,14740.00
2025-10-20T05:31:00.000Z,2025-10-20T05:45:00.000Z,SELL,0.01,1,1,10.00,1,14750.00
2025-10-20T05:45:00.000Z,2025-10-20T08:23:00.000Z,SELL,0.01,1,1,10.00,1,14760.00
2025-10-20T08:23:00.000Z,2025-10-20T09:00:00.000Z,SELL,0.01,1,1,10.00,1,14770.00
2025-10-20T09:00:00.000Z,2025-10-20T09:29:00.000Z,SELL,0.01,1,1,10.00,1,14780.00
2025-10-20T09:29:00.000Z,2025-10-20T10:16:00.000Z,SELL,0.01,2,1,10.00,2,14790.00
2025-10-20T10:16:00.000Z,2025-10-20T13:08:00.000Z,SELL,0.01,1,1,10.00,1,14800.00
2025-10-20T13:08:00.000Z,2025-10-20T14:59:00.000Z,SELL,0.01,2,1,10.00,2,14810.00
2025-10-20T14:59:00.000Z,2025-10-20T15:35:00.000Z,SELL,0.01,2,1,10.00,2,14820.00
2025-10-20T15:35:00.000Z,2025-10-20T17:00:00.000Z,SELL,0.01,1,1,10.00,1,14830.00
2025-10-20T17:00:00.000Z,2025-10-20T17:08:00.000Z,BUY,0.01,1,1,10.00,1,14840.00
2025-10-20T17:08:00.000Z,2025-10-20T17:15:00.000Z,BUY,0.01,1,1,10.00,1,14850.00
2025-10-20T17:15:00.000Z,2025-10-20T17:20:00.000Z,BUY,0.01,1,1,10.00,1,14860.00
2025-10-20T17:20:00.000Z,2025-10-20T18:03:00.000Z,BUY,0.01,1,1,10.00,1,14870.00
2025-10-20T18:03:00.000Z,2025-10-20T18:16:00.000Z,BUY,0.01,1,1,10.00,1,14880.00
2025-10-20T18:16:00.000Z,2025-10-20T21:30:00.000Z,BUY,0.01,1,1,10.00,1,14890.00
2025-10-20T21:30:00.000Z,2025-10-20T22:44:00.000Z,BUY,0.01,1,1,10.00,1,14900.00
2025-10-20T22:44:00.000Z,2025-10-20T22:57:00.000Z,BUY,0.01,1,1,10.00,1,14910.00
2025-10-20T22:57:00.000Z,2025-10-20T23:17:00.000Z,BUY,0.01,2,1,10.00,2,14920.00
2025-10-20T23:17:00.000Z,2025-10-20T23:25:00.000Z,BUY,0.01,1,1,10.00,1,14930.00
2025-10-20T23:25:00.000Z,2025-10-21T01:04:00.000Z,BUY,0.01,1,1,10.00,1,14940.00
2025-10-21T01:04:00.000Z,2025-10-21T04:37:00.000Z,BUY,0.01,2,1,10.00,2,14950.00
2025-10-21T04:37:00.000Z,2025-10-21T04:59:00.000Z,BUY,0.01,1,1,10.00,1,14960.00
2025-10-21T04:59:00.000Z,2025-10-21T08:34:00.000Z,BUY,0.01,2,1,10.00,2,14970.00
2025-10-21T08:34:00.000Z,2025-10-21T09:41:00.000Z,BUY,0.01,1,1,10.00,1,14980.00
2025-10-21T09:41:00.000Z,2025-10-21T09:48:00.000Z,BUY,0.01,1,1,10.00,1,14990.00
2025-10-21T09:48:00.000Z,2025-10-21T10:33:00.000Z,BUY,0.01,2,1,10.00,2,15000.00
2025-10-21T10:33:00.000Z,2025-10-21T11:03:00.000Z,BUY,0.01,2,1,10.00,2,15010.00
2025-10-21T11:03:00.000Z,2025-10-21T11:14:00.000Z,BUY,0.01,2,1,10.00,2,15020.00
2025-10-21T11:14:00.000Z,2025-10-21T11:18:00.000Z,BUY,0.01,1,1,10.00,1,15030.00
2025-10-21T11:18:00.000Z,2025-10-21T11:40:00.000Z,BUY,0.01,1,1,10.00,1,15040.00
2025-10-21T11:40:00.000Z,2025-10-21T15:10:00.000Z,BUY,0.01,4,1,10.00,4,15050.00
2025-10-21T15:10:00.000Z,2025-10-21T15:10:00.000Z,SELL,0.01,1,1,10.00,1,15060.00
2025-10-21T15:10:00.000Z,2025-10-21T15:12:00.000Z,SELL,0.01,1,1,10.00,1,15070.00
2025-10-21T15:12:00.000Z,2025-10-21T15:46:00.000Z,SELL,0.01,1,1,10.00,1,15080.00
2025-10-21T15:46:00.000Z,2025-10-21T16:01:00.000Z,SELL,0.01,1,1,10.00,1,15090.00
2025-10-21T16:01:00.000Z,2025-10-21T16:12:00.000Z,SELL,0.01,1,1,10.00,1,15100.00
2025-10-21T16:12:00.000Z,2025-10-21T16:37:00.000Z,SELL,0.01,2,1,10.00,2,15110.00
2025-10-21T16:37:00.000Z,2025-10-21T16:42:00.000Z,SELL,0.01,1,1,10.00,1,15120.00
2025-10-21T16:42:00.000Z,2025-10-21T16:46:00.000Z,SELL,0.01,1,1,10.00,1,15130.00
2025-10-21T16:46:00.000Z,2025-10-21T16:47:00.000Z,SELL,0.01,1,1,10.00,1,15140.00
2025-10-21T16:47:00.000Z,2025-10-21T16:48:00.000Z,SELL,0.01,1,1,10.00,1,15150.00
2025-10-21T16:48:00.000Z,2025-10-21T16:51:00.000Z,SELL,0.01,1,1,10.00,1,15160.00
2025-10-21T16:51:00.000Z,2025-10-21T17:20:00.000Z,SELL,0.01,1,1,10.00,1,15170.00
2025-10-21T17:20:00.000Z,2025-10-21T17:28:00.000Z,SELL,0.01,1,1,10.00,1,15180.00
2025-10-21T17:28:00.000Z,2025-10-21T17:29:00.000Z,SELL,0.01,1,1,10.00,1,15190.00
2025-10-21T17:29:00.000Z,2025-10-21T17:30:00.000Z,SELL,0.01,1,1,10.00,1,15200.00
2025-10-21T17:30:00.000Z,2025-10-21T17:38:00.000Z,SELL,0.01,1,1,10.00,1,15210.00
2025-10-21T17:38:00.000Z,2025-10-21T17:42:00.000Z,SELL,0.01,1,1,10.00,1,15220.00
2025-10-21T17:42:00.000Z,2025-10-21T17:43:00.000Z,SELL,0.01,1,1,10.00,1,15230.00
2025-10-21T17:43:00.000Z,2025-10-21T17:45:00.000Z,SELL,0.01,1,1,10.00,1,15240.00
2025-10-21T17:45:00.000Z,2025-10-21T17:50:00.000Z,SELL,0.01,2,1,10.00,2,15250.00
2025-10-21T17:50:00.000Z,2025-10-21T18:11:00.000Z,SELL,0.01,2,1,10.00,2,15260.00
2025-10-21T18:11:00.000Z,2025-10-21T18:15:00.000Z,SELL,0.01,1,1,10.00,1,15270.00
2025-10-21T18:15:00.000Z,2025-10-21T18:20:00.000Z,SELL,0.01,1,1,10.00,1,15280.00
2025-10-21T18:20:00.000Z,2025-10-21T19:22:00.000Z,SELL,0.01,3,1,10.00,3,15290.00
2025-10-21T19:22:00.000Z,2025-10-21T19:38:00.000Z,SELL,0.01,1,1,10.00,1,15300.00
2025-10-21T19:38:00.000Z,2025-10-21T20:27:00.000Z,SELL,0.01,3,1,10.00,3,15310.00
2025-10-21T20:27:00.000Z,2025-10-21T23:33:00.000Z,SELL,0.01,2,1,10.00,2,15320.00
2025-10-21T23:33:00.000Z,2025-10-22T01:05:00.000Z,SELL,0.01,1,1,10.00,1,15330.00
2025-10-22T01:05:00.000Z,2025-10-22T02:50:00.000Z,SELL,0.01,1,1,10.00,1,15340.00
2025-10-22T02:50:00.000Z,2025-10-22T02:58:00.000Z,SELL,0.01,1,1,10.00,1,15350.00
2025-10-22T02:58:00.000Z,2025-10-22T03:00:00.000Z,SELL,0.01,1,1,10.00,1,15360.00
2025-10-22T03:00:00.000Z,2025-10-22T03:02:00.000Z,SELL,0.01,1,1,10.00,1,15370.00
2025-10-22T03:02:00.000Z,2025-10-22T03:02:00.000Z,SELL,0.01,1,1,10.00,1,15380.00
2025-10-22T03:02:00.000Z,2025-10-22T03:05:00.000Z,SELL,0.01,1,1,10.00,1,15390.00
2025-10-22T03:05:00.000Z,2025-10-22T03:06:00.000Z,SELL,0.01,1,1,10.00,1,15400.00
2025-10-22T03:06:00.000Z,2025-10-22T03:10:00.000Z,SELL,0.01,1,1,10.00,1,15410.00
2025-10-22T03:10:00.000Z,2025-10-22T03:10:00.000Z,SELL,0.01,1,1,10.00,1,15420.00
2025-10-22T03:10:00.000Z,2025-10-22T03:11:00.000Z,SELL,0.01,1,1,10.00,1,15430.00
2025-10-22T03:11:00.000Z,2025-10-22T03:15:00.000Z,SELL,0.01,2,1,10.00,2,15440.00
2025-10-22T03:15:00.000Z,2025-10-22T03:15:00.000Z,SELL,0.01,1,1,10.00,1,15450.00
2025-10-22T03:15:00.000Z,2025-10-22T03:34:00.000Z,SELL,0.01,2,1,10.00,2,15460.00
2025-10-22T03:34:00.000Z,2025-10-22T04:04:00.000Z,SELL,0.01,2,1,10.00,2,15470.00
2025-10-22T04:04:00.000Z,2025-10-22T06:32:00.000Z,SELL,0.01,4,1,10.00,4,15480.00
2025-10-22T06:32:00.000Z,2025-10-22T07:11:00.000Z,SELL,0.01,1,1,10.00,1,15490.00
2025-10-22T07:11:00.000Z,2025-10-22T08:17:00.000Z,SELL,0.01,2,1,10.00,2,15500.00
2025-10-22T08:17:00.000Z,2025-10-22T08:37:00.000Z,SELL,0.01,1,1,10.00,1,15510.00
2025-10-22T08:37:00.000Z,2025-10-22T11:02:00.000Z,SELL,0.01,3,1,10.00,3,15520.00
2025-10-22T11:02:00.000Z,2025-10-22T11:05:00.000Z,SELL,0.01,1,1,10.00,1,15530.00
2025-10-22T11:05:00.000Z,2025-10-22T11:09:00.000Z,SELL,0.01,1,1,10.00,1,15540.00
2025-10-22T11:09:00.000Z,2025-10-22T11:12:00.000Z,SELL,0.01,1,1,10.00,1,15550.00
2025-10-22T11:12:00.000Z,2025-10-22T11:15:00.000Z,SELL,0.01,1,1,10.00,1,15560.00
2025-10-22T11:15:00.000Z,2025-10-22T11:15:00.000Z,SELL,0.01,1,1,10.00,1,15570.00
2025-10-22T11:15:00.000Z,2025-10-22T11:15:00.000Z,SELL,0.01,1,1,10.00,1,15580.00
2025-10-22T11:15:00.000Z,2025-10-22T11:20:00.000Z,SELL,0.01,2,1,10.00,2,15590.00
2025-10-22T11:20:00.000Z,2025-10-22T11:46:00.000Z,SELL,0.01,3,1,10.00,3,15600.00
2025-10-22T11:46:00.000Z,2025-10-22T11:59:00.000Z,SELL,0.01,1,1,10.00,1,15610.00
2025-10-22T11:59:00.000Z,2025-10-22T12:08:00.000Z,SELL,0.01,2,1,10.00,2,15620.00
2025-10-22T12:08:00.000Z,2025-10-22T12:10:00.000Z,SELL,0.01,1,1,10.00,1,15630.00
2025-10-22T12:10:00.000Z,2025-10-22T12:12:00.000Z,SELL,0.01,1,1,10.00,1,15640.00
2025-10-22T12:12:00.000Z,2025-10-22T12:17:00.000Z,SELL,0.01,1,1,10.00,1,15650.00
2025-10-22T12:17:00.000Z,2025-10-22T13:41:00.000Z,SELL,0.01,3,1,10.00,3,15660.00
2025-10-22T13:41:00.000Z,2025-10-22T13:41:00.000Z,SELL,0.01,1,1,10.00,1,15670.00
2025-10-22T13:41:00.000Z,2025-10-22T13:54:00.000Z,SELL,0.01,1,1,10.00,1,15680.00
2025-10-22T13:54:00.000Z,2025-10-22T13:56:00.000Z,SELL,0.01,1,1,10.00,1,15690.00
2025-10-22T13:56:00.000Z,2025-10-22T14:02:00.000Z,SELL,0.01,1,1,10.00,1,15700.00
2025-10-22T14:02:00.000Z,2025-10-22T15:31:00.000Z,SELL,0.01,4,1,10.00,4,15710.00
2025-10-22T15:31:00.000Z,2025-10-22T15:49:00.000Z,SELL,0.01,1,1,10.00,1,15720.00
2025-10-22T15:49:00.000Z,2025-10-22T15:54:00.000Z,SELL,0.01,1,1,10.00,1,15730.00
2025-10-22T15:54:00.000Z,2025-10-22T16:03:00.000Z,SELL,0.01,2,1,10.00,2,15740.00
2025-10-22T16:03:00.000Z,2025-10-22T16:30:00.000Z,SELL,0.01,1,1,10.00,1,15750.00
2025-10-22T16:30:00.000Z,2025-10-22T16:39:00.000Z,SELL,0.01,2,1,10.00,2,15760.00
2025-10-22T16:39:00.000Z,2025-10-22T16:47:00.000Z,SELL,0.01,1,1,10.00,1,15770.00
2025-10-22T16:47:00.000Z,2025-10-22T17:10:00.000Z,SELL,0.01,1,1,10.00,1,15780.00
2025-10-22T17:10:00.000Z,2025-10-22T17:32:00.000Z,SELL,0.01,1,1,10.00,1,15790.00
2025-10-22T17:32:00.000Z,2025-10-22T17:34:00.000Z,SELL,0.01,1,1,10.00,1,15800.00
2025-10-22T17:34:00.000Z,2025-10-22T17:42:00.000Z,SELL,0.01,1,1,10.00,1,15810.00
2025-10-22T17:42:00.000Z,2025-10-22T17:48:00.000Z,SELL,0.01,1,1,10.00,1,15820.00
2025-10-22T17:48:00.000Z,2025-10-22T18:20:00.000Z,SELL,0.01,2,1,10.00,2,15830.00
2025-10-22T18:20:00.000Z,2025-10-22T18:24:00.000Z,SELL,0.01,1,1,10.00,1,15840.00
2025-10-22T18:24:00.000Z,2025-10-22T18:30:00.000Z,SELL,0.01,1,1,10.00,1,15850.00
2025-10-22T18:30:00.000Z,2025-10-22T19:32:00.000Z,SELL,0.01,4,1,10.00,4,15860.00
2025-10-22T19:32:00.000Z,2025-10-22T19:51:00.000Z,SELL,0.01,1,1,10.00,1,15870.00
2025-10-22T19:51:00.000Z,2025-10-22T21:14:00.000Z,SELL,0.01,2,1,10.00,2,15880.00
2025-10-22T21:14:00.000Z,2025-10-22T22:30:00.000Z,SELL,0.01,2,1,10.00,2,15890.00
2025-10-22T22:30:00.000Z,2025-10-22T23:24:00.000Z,SELL,0.01,1,1,10.00,1,15900.00
2025-10-22T23:24:00.000Z,2025-10-23T02:12:00.000Z,SELL,0.01,3,1,10.00,3,15910.00
2025-10-23T02:12:00.000Z,2025-10-23T03:21:00.000Z,SELL,0.01,1,1,10.00,1,15920.00
2025-10-23T03:21:00.000Z,2025-10-23T08:54:00.000Z,SELL,0.01,2,1,10.00,2,15930.00
2025-10-23T08:54:00.000Z,2025-10-23T09:14:00.000Z,SELL,0.01,2,1,10.00,2,15940.00
2025-10-23T09:14:00.000Z,2025-10-23T09:19:00.000Z,SELL,0.01,1,1,10.00,1,15950.00
2025-10-23T09:19:00.000Z,2025-10-23T09:39:00.000Z,SELL,0.01,1,1,10.00,1,15960.00
2025-10-23T09:39:00.000Z,2025-10-23T10:35:00.000Z,SELL,0.01,1,1,10.00,1,15970.00
2025-10-23T10:35:00.000Z,2025-10-23T11:07:00.000Z,BUY,0.01,1,1,10.00,1,15980.00
2025-10-23T11:07:00.000Z,2025-10-23T12:31:00.000Z,BUY,0.01,1,1,10.00,1,15990.00
2025-10-23T12:31:00.000Z,2025-10-23T16:06:00.000Z,BUY,0.01,3,1,10.00,3,16000.00
2025-10-23T16:06:00.000Z,2025-10-23T16:24:00.000Z,BUY,0.01,1,1,10.00,1,16010.00
2025-10-23T16:24:00.000Z,2025-10-23T23:00:00.000Z,BUY,0.01,2,1,10.00,2,16020.00
2025-10-23T23:00:00.000Z,2025-10-23T23:57:00.000Z,BUY,0.01,1,1,10.00,1,16030.00
2025-10-23T23:57:00.000Z,2025-10-24T04:03:00.000Z,BUY,0.01,1,1,10.00,1,16040.00
2025-10-24T04:03:00.000Z,2025-10-24T07:24:00.000Z,BUY,0.01,2,1,10.00,2,16050.00
2025-10-24T07:24:00.000Z,2025-10-24T08:03:00.000Z,BUY,0.01,1,1,10.00,1,16060.00
2025-10-24T08:03:00.000Z,2025-10-24T09:07:00.000Z,BUY,0.01,2,1,10.00,2,16070.00
2025-10-24T09:07:00.000Z,2025-10-24T09:51:00.000Z,BUY,0.01,1,1,10.00,1,16080.00
2025-10-24T09:51:00.000Z,2025-10-24T11:04:00.000Z,BUY,0.01,2,1,10.00,2,16090.00
2025-10-24T11:04:00.000Z,2025-10-24T11:10:00.000Z,SELL,0.01,1,1,10.00,1,16100.00
2025-10-24T11:10:00.000Z,2025-10-24T14:03:00.000Z,SELL,0.01,1,1,10.00,1,16110.00
2025-10-24T14:03:00.000Z,2025-10-24T15:30:00.000Z,SELL,0.01,2,1,10.00,2,16120.00
2025-10-24T15:30:00.000Z,2025-10-24T16:07:00.000Z,SELL,0.01,2,1,10.00,2,16130.00
2025-10-24T16:07:00.000Z,2025-10-24T19:08:00.000Z,SELL,0.01,2,1,10.00,2,16140.00
2025-10-24T19:08:00.000Z,2025-10-24T19:40:00.000Z,SELL,0.01,1,1,10.00,1,16150.00
2025-10-24T19:40:00.000Z,2025-10-24T20:42:00.000Z,SELL,0.01,1,1,10.00,1,16160.00
2025-10-24T20:42:00.000Z,2025-10-27T00:00:00.000Z,BUY,0.01,2,1,10.00,2,16170.00
2025-10-27T00:00:00.000Z,2025-10-27T00:10:00.000Z,BUY,0.01,3,1,10.00,3,16180.00
2025-10-27T00:10:00.000Z,2025-10-27T00:14:00.000Z,BUY,0.01,1,1,10.00,1,16190.00
2025-10-27T00:14:00.000Z,2025-10-27T00:46:00.000Z,BUY,0.01,2,1,10.00,2,16200.00
2025-10-27T00:46:00.000Z,2025-10-27T01:01:00.000Z,BUY,0.01,1,1,10.00,1,16210.00
2025-10-27T01:01:00.000Z,2025-10-27T01:27:00.000Z,SELL,0.01,1,1,10.00,1,16220.00
2025-10-27T01:27:00.000Z,2025-10-27T01:43:00.000Z,SELL,0.01,1,1,10.00,1,16230.00
2025-10-27T01:43:00.000Z,2025-10-27T03:09:00.000Z,SELL,0.01,2,1,10.00,2,16240.00
2025-10-27T03:09:00.000Z,2025-10-27T03:31:00.000Z,SELL,0.01,1,1,10.00,1,16250.00
2025-10-27T03:31:00.000Z,2025-10-27T04:06:00.000Z,SELL,0.01,1,1,10.00,1,16260.00
2025-10-27T04:06:00.000Z,2025-10-27T06:01:00.000Z,SELL,0.01,1,1,10.00,1,16270.00
2025-10-27T06:01:00.000Z,2025-10-27T06:05:00.000Z,SELL,0.01,1,1,10.00,1,16280.00
2025-10-27T06:05:00.000Z,2025-10-27T10:53:00.000Z,SELL,0.01,3,1,10.00,3,16290.00
2025-10-27T10:53:00.000Z,2025-10-27T10:55:00.000Z,SELL,0.01,1,1,10.00,1,16300.00
2025-10-27T10:55:00.000Z,2025-10-27T13:11:00.000Z,SELL,0.01,1,1,10.00,1,16310.00
2025-10-27T13:11:00.000Z,2025-10-27T15:48:00.000Z,SELL,0.01,3,1,10.00,3,16320.00
2025-10-27T15:48:00.000Z,2025-10-27T16:08:00.000Z,SELL,0.01,1,1,10.00,1,16330.00
2025-10-27T16:08:00.000Z,2025-10-27T16:17:00.000Z,SELL,0.01,1,1,10.00,1,16340.00
2025-10-27T16:17:00.000Z,2025-10-27T17:00:00.000Z,SELL,0.01,1,1,10.00,1,16350.00
2025-10-27T17:00:00.000Z,2025-10-27T17:09:00.000Z,SELL,0.01,1,1,10.00,1,16360.00
2025-10-27T17:09:00.000Z,2025-10-27T19:02:00.000Z,SELL,0.01,2,1,10.00,2,16370.00
2025-10-27T19:02:00.000Z,2025-10-27T19:20:00.000Z,SELL,0.01,1,1,10.00,1,16380.00
2025-10-27T19:20:00.000Z,2025-10-27T22:51:00.000Z,SELL,0.01,1,1,10.00,1,16390.00
2025-10-27T22:51:00.000Z,2025-10-28T03:01:00.000Z,SELL,0.01,4,1,10.00,4,16400.00
2025-10-28T03:01:00.000Z,2025-10-28T04:21:00.000Z,SELL,0.01,1,1,10.00,1,16410.00
2025-10-28T04:21:00.000Z,2025-10-28T04:37:00.000Z,SELL,0.01,1,1,10.00,1,16420.00
2025-10-28T04:37:00.000Z,2025-10-28T04:54:00.000Z,SELL,0.01,1,1,10.00,1,16430.00
2025-10-28T04:54:00.000Z,2025-10-28T06:26:00.000Z,SELL,0.01,1,1,10.00,1,16440.00
2025-10-28T06:26:00.000Z,2025-10-28T07:35:00.000Z,SELL,0.01,1,1,10.00,1,16450.00
2025-10-28T07:35:00.000Z,2025-10-28T08:37:00.000Z,SELL,0.01,1,1,10.00,1,16460.00
2025-10-28T08:37:00.000Z,2025-10-28T08:54:00.000Z,SELL,0.01,1,1,10.00,1,16470.00
2025-10-28T08:54:00.000Z,2025-10-28T09:31:00.000Z,SELL,0.01,1,1,10.00,1,16480.00
2025-10-28T09:31:00.000Z,2025-10-28T10:18:00.000Z,SELL,0.01,1,1,10.00,1,16490.00
2025-10-28T10:18:00.000Z,2025-10-28T10:37:00.000Z,SELL,0.01,1,1,10.00,1,16500.00
2025-10-28T10:37:00.000Z,2025-10-28T10:58:00.000Z,SELL,0.01,1,1,10.00,1,16510.00
2025-10-28T10:58:00.000Z,2025-10-28T11:07:00.000Z,SELL,0.01,1,1,10.00,1,16520.00
2025-10-28T11:07:00.000Z,2025-10-28T12:42:00.000Z,SELL,0.01,2,1,10.00,2,16530.00
2025-10-28T12:42:00.000Z,2025-10-28T14:51:00.000Z,SELL,0.01,1,1,10.00,1,16540.00
2025-10-28T14:51:00.000Z,2025-10-28T15:59:00.000Z,SELL,0.01,2,1,10.00,2,16550.00
2025-10-28T15:59:00.000Z,2025-10-28T17:52:00.000Z,SELL,0.01,2,1,10.00,2,16560.00
2025-10-28T17:52:00.000Z,2025-10-28T18:03:00.000Z,SELL,0.01,1,1,10.00,1,16570.00
2025-10-28T18:03:00.000Z,2025-10-28T20:32:00.000Z,SELL,0.01,1,1,10.00,1,16580.00
2025-10-28T20:32:00.000Z,2025-10-29T00:07:00.000Z,SELL,0.01,1,1,10.00,1,16590.00
2025-10-29T00:07:00.000Z,2025-10-29T00:07:00.000Z,SELL,0.01,1,1,10.00,1,16600.00
2025-10-29T00:07:00.000Z,2025-10-29T00:07:00.000Z,SELL,0.01,1,1,10.00,1,16610.00
2025-10-29T00:07:00.000Z,2025-10-29T00:29:00.000Z,SELL,0.01,2,1,10.00,2,16620.00
2025-10-29T00:29:00.000Z,2025-10-29T00:46:00.000Z,SELL,0.01,1,1,10.00,1,16630.00
2025-10-29T00:46:00.000Z,2025-10-29T01:57:00.000Z,SELL,0.01,2,1,10.00,2,16640.00
2025-10-29T01:57:00.000Z,2025-10-29T04:32:00.000Z,SELL,0.01,1,1,10.00,1,16650.00
2025-10-29T04:32:00.000Z,2025-10-29T04:35:00.000Z,SELL,0.01,1,1,10.00,1,16660.00
2025-10-29T04:35:00.000Z,2025-10-29T08:34:00.000Z,SELL,0.01,2,1,10.00,2,16670.00
2025-10-29T08:34:00.000Z,2025-10-29T10:03:00.000Z,SELL,0.01,2,1,10.00,2,16680.00
2025-10-29T10:03:00.000Z,2025-10-29T10:56:00.000Z,BUY,0.01,1,1,10.00,1,16690.00
2025-10-29T10:56:00.000Z,2025-10-29T11:49:00.000Z,BUY,0.01,1,1,10.00,1,16700.00
2025-10-29T11:49:00.000Z,2025-10-29T17:47:00.000Z,BUY,0.01,2,1,10.00,2,16710.00
2025-10-29T17:47:00.000Z,2025-10-29T20:35:00.000Z,BUY,0.01,2,1,10.00,2,16720.00
2025-10-29T20:35:00.000Z,2025-10-29T21:00:00.000Z,BUY,0.01,3,1,10.00,3,16730.00
2025-10-29T21:00:00.000Z,2025-10-29T21:31:00.000Z,BUY,0.01,2,1,10.00,2,16740.00
2025-10-29T21:31:00.000Z,2025-10-30T00:00:00.000Z,BUY,0.01,4,1,10.00,4,16750.00
2025-10-30T00:00:00.000Z,2025-10-30T00:49:00.000Z,SELL,0.01,2,1,10.00,2,16760.00
2025-10-30T00:49:00.000Z,2025-10-30T04:04:00.000Z,SELL,0.01,1,1,10.00,1,16770.00
2025-10-30T04:04:00.000Z,2025-10-30T04:10:00.000Z,SELL,0.01,1,1,10.00,1,16780.00
2025-10-30T04:10:00.000Z,2025-10-30T05:01:00.000Z,SELL,0.01,1,1,10.00,1,16790.00
2025-10-30T05:01:00.000Z,2025-10-30T06:18:00.000Z,SELL,0.01,2,1,10.00,2,16800.00
2025-10-30T06:18:00.000Z,2025-10-30T06:36:00.000Z,SELL,0.01,2,1,10.00,2,16810.00
2025-10-30T06:36:00.000Z,2025-10-30T07:12:00.000Z,SELL,0.01,1,1,10.00,1,16820.00
2025-10-30T07:12:00.000Z,2025-10-30T07:25:00.000Z,SELL,0.01,1,1,10.00,1,16830.00
2025-10-30T07:25:00.000Z,2025-10-30T11:03:00.000Z,SELL,0.01,4,1,10.00,4,16840.00
2025-10-30T11:03:00.000Z,2025-10-30T12:35:00.000Z,SELL,0.01,3,1,10.00,3,16850.00
2025-10-30T12:35:00.000Z,2025-10-30T12:52:00.000Z,BUY,0.01,1,1,10.00,1,16860.00
2025-10-30T12:52:00.000Z,2025-10-30T16:00:00.000Z,BUY,0.01,3,1,10.00,3,16870.00
2025-10-30T16:00:00.000Z,2025-10-30T16:08:00.000Z,BUY,0.01,1,1,10.00,1,16880.00
2025-10-30T16:08:00.000Z,2025-10-30T19:48:00.000Z,BUY,0.01,3,1,10.00,3,16890.00
2025-10-30T19:48:00.000Z,2025-10-31T00:49:00.000Z,BUY,0.01,1,1,10.00,1,16900.00
2025-10-31T00:49:00.000Z,2025-10-31T00:50:00.000Z,BUY,0.01,1,1,10.00,1,16910.00
2025-10-31T00:50:00.000Z,2025-10-31T04:32:00.000Z,BUY,0.01,2,1,10.00,2,16920.00
2025-10-31T04:32:00.000Z,2025-10-31T09:17:00.000Z,BUY,0.01,1,1,10.00,1,16930.00
2025-10-31T09:17:00.000Z,2025-10-31T14:41:00.000Z,BUY,0.01,1,1,10.00,1,16940.00
2025-10-31T14:41:00.000Z,2025-10-31T18:09:00.000Z,BUY,0.01,2,1,10.00,2,16950.00
2025-10-31T18:09:00.000Z,2025-10-31T20:18:00.000Z,BUY,0.01,3,1,10.00,3,16960.00
2025-10-31T20:18:00.000Z,2025-10-31T21:16:00.000Z,SELL,0.01,1,1,10.00,1,16970.00
2025-10-31T21:16:00.000Z,2025-11-03T01:00:00.000Z,SELL,0.01,1,1,10.00,1,16980.00
2025-11-03T01:00:00.000Z,2025-11-03T01:43:00.000Z,SELL,0.01,1,1,10.00,1,16990.00
2025-11-03T01:43:00.000Z,2025-11-03T02:14:00.000Z,SELL,0.01,1,1,10.00,1,17000.00
2025-11-03T02:14:00.000Z,2025-11-03T03:27:00.000Z,SELL,0.01,2,1,10.00,2,17010.00
2025-11-03T03:27:00.000Z,2025-11-03T10:05:00.000Z,SELL,0.01,2,1,10.00,2,17020.00
2025-11-03T10:05:00.000Z,2025-11-03T11:44:00.000Z,BUY,0.01,2,1,10.00,2,17030.00
2025-11-03T11:44:00.000Z,2025-11-03T13:48:00.000Z,BUY,0.01,1,1,10.00,1,17040.00
2025-11-03T13:48:00.000Z,2025-11-03T15:14:00.000Z,BUY,0.01,1,1,10.00,1,17050.00
2025-11-03T15:14:00.000Z,2025-11-03T17:00:00.000Z,BUY,0.01,1,1,10.00,1,17060.00
2025-11-03T17:00:00.000Z,2025-11-03T18:17:00.000Z,BUY,0.01,2,1,10.00,2,17070.00
2025-11-03T18:17:00.000Z,2025-11-03T18:48:00.000Z,BUY,0.01,1,1,10.00,1,17080.00
2025-11-03T18:48:00.000Z,2025-11-04T02:43:00.000Z,BUY,0.01,2,1,10.00,2,17090.00
2025-11-04T02:43:00.000Z,2025-11-04T08:07:00.000Z,SELL,0.01,3,1,10.00,3,17100.00
2025-11-04T08:07:00.000Z,2025-11-04T10:08:00.000Z,SELL,0.01,2,1,10.00,2,17110.00
2025-11-04T10:08:00.000Z,2025-11-04T12:00:00.000Z,SELL,0.01,1,1,10.00,1,17120.00
2025-11-04T12:00:00.000Z,2025-11-04T15:38:00.000Z,SELL,0.01,1,1,10.00,1,17130.00
2025-11-04T15:38:00.000Z,2025-11-04T16:05:00.000Z,SELL,0.01,1,1,10.00,1,17140.00
2025-11-04T16:05:00.000Z,2025-11-04T16:29:00.000Z,SELL,0.01,1,1,10.00,1,17150.00
2025-11-04T16:29:00.000Z,2025-11-04T16:32:00.000Z,SELL,0.01,1,1,10.00,1,17160.00
2025-11-04T16:32:00.000Z,2025-11-04T16:34:00.000Z,SELL,0.01,1,1,10.00,1,17170.00
2025-11-04T16:34:00.000Z,2025-11-04T17:39:00.000Z,SELL,0.01,2,1,10.00,2,17180.00
2025-11-04T17:39:00.000Z,2025-11-04T19:52:00.000Z,SELL,0.01,1,1,10.00,1,17190.00
2025-11-04T19:52:00.000Z,2025-11-04T20:27:00.000Z,SELL,0.01,1,1,10.00,1,17200.00
2025-11-04T20:27:00.000Z,2025-11-04T20:36:00.000Z,SELL,0.01,1,1,10.00,1,17210.00
2025-11-04T20:36:00.000Z,2025-11-05T06:31:00.000Z,SELL,0.01,2,1,10.00,2,17220.00
2025-11-05T06:31:00.000Z,2025-11-06T05:23:00.000Z,SELL,0.01,5,0,-2420.00,5,14800.00
2025-11-06T05:23:00.000Z,2025-11-06T09:00:00.000Z,BUY,0.01,1,1,10.00,1,14810.00
2025-11-06T09:00:00.000Z,2025-11-06T09:20:00.000Z,BUY,0.01,1,1,10.00,1,14820.00
2025-11-06T09:20:00.000Z,2025-11-06T13:42:00.000Z,BUY,0.01,1,1,10.00,1,14830.00
2025-11-06T13:42:00.000Z,2025-11-06T17:02:00.000Z,BUY,0.01,2,1,10.00,2,14840.00
2025-11-06T17:02:00.000Z,2025-11-07T03:10:00.000Z,BUY,0.01,3,1,10.00,3,14850.00
2025-11-07T03:10:00.000Z,2025-11-07T06:03:00.000Z,SELL,0.01,1,1,10.00,1,14860.00
2025-11-07T06:03:00.000Z,2025-11-07T06:21:00.000Z,BUY,0.01,1,1,10.00,1,14870.00
2025-11-07T06:21:00.000Z,2025-11-07T08:51:00.000Z,BUY,0.01,1,1,10.00,1,14880.00
2025-11-07T08:51:00.000Z,2025-11-07T18:34:00.000Z,BUY,0.01,3,1,10.00,3,14890.00
2025-11-07T18:34:00.000Z,2025-11-07T18:40:00.000Z,BUY,0.01,1,1,10.00,1,14900.00
2025-11-07T18:40:00.000Z,2025-11-07T19:06:00.000Z,BUY,0.01,2,1,10.00,2,14910.00
2025-11-07T19:06:00.000Z,2025-11-07T20:00:00.000Z,BUY,0.01,1,1,10.00,1,14920.00
2025-11-07T20:00:00.000Z,2025-11-10T02:46:00.000Z,BUY,0.01,1,1,10.00,1,14930.00
2025-11-10T02:46:00.000Z,2025-11-10T03:11:00.000Z,BUY,0.01,1,1,10.00,1,14940.00
2025-11-10T03:11:00.000Z,2025-11-10T03:21:00.000Z,BUY,0.01,1,1,10.00,1,14950.00
2025-11-10T03:21:00.000Z,2025-11-10T03:26:00.000Z,BUY,0.01,1,1,10.00,1,14960.00
2025-11-10T03:26:00.000Z,2025-11-10T07:30:00.000Z,BUY,0.01,1,1,10.00,1,14970.00
2025-11-10T07:30:00.000Z,2025-11-10T07:59:00.000Z,BUY,0.01,1,1,10.00,1,14980.00
2025-11-10T07:59:00.000Z,2025-11-10T10:06:00.000Z,BUY,0.01,1,1,10.00,1,14990.00
2025-11-10T10:06:00.000Z,2025-11-10T14:14:00.000Z,BUY,0.01,1,1,10.00,1,15000.00
2025-11-10T14:14:00.000Z,2025-11-10T14:54:00.000Z,BUY,0.01,1,1,10.00,1,15010.00
2025-11-10T14:54:00.000Z,2025-11-10T20:18:00.000Z,BUY,0.01,3,1,10.00,3,15020.00
2025-11-10T20:18:00.000Z,2025-11-11T01:10:00.000Z,BUY,0.01,1,1,10.00,1,15030.00
2025-11-11T01:10:00.000Z,2025-11-11T02:49:00.000Z,BUY,0.01,1,1,10.00,1,15040.00
2025-11-11T02:49:00.000Z,2025-11-11T03:34:00.000Z,BUY,0.01,1,1,10.00,1,15050.00
2025-11-11T03:34:00.000Z,2025-11-11T17:22:00.000Z,BUY,0.01,2,1,10.00,2,15060.00
2025-11-11T17:22:00.000Z,2025-11-11T21:44:00.000Z,BUY,0.01,1,1,10.00,1,15070.00
2025-11-11T21:44:00.000Z,2025-11-11T22:54:00.000Z,BUY,0.01,1,1,10.00,1,15080.00
2025-11-11T22:54:00.000Z,2025-11-12T01:39:00.000Z,BUY,0.01,1,1,10.00,1,15090.00
2025-11-12T01:39:00.000Z,2025-11-12T06:00:00.000Z,BUY,0.01,2,1,10.00,2,15100.00
2025-11-12T06:00:00.000Z,2025-11-12T09:09:00.000Z,BUY,0.01,1,1,10.00,1,15110.00
2025-11-12T09:09:00.000Z,2025-11-12T17:10:00.000Z,SELL,0.01,2,1,10.00,2,15120.00
2025-11-12T17:10:00.000Z,2025-11-12T17:15:00.000Z,BUY,0.01,1,1,10.00,1,15130.00
2025-11-12T17:15:00.000Z,2025-11-12T17:33:00.000Z,BUY,0.01,1,1,10.00,1,15140.00
2025-11-12T17:33:00.000Z,2025-11-12T17:49:00.000Z,BUY,0.01,1,1,10.00,1,15150.00
2025-11-12T17:49:00.000Z,2025-11-12T18:32:00.000Z,BUY,0.01,1,1,10.00,1,15160.00
2025-11-12T18:32:00.000Z,2025-11-12T19:36:00.000Z,BUY,0.01,1,1,10.00,1,15170.00
2025-11-12T19:36:00.000Z,2025-11-13T05:59:00.000Z,BUY,0.01,3,1,10.00,3,15180.00
2025-11-13T05:59:00.000Z,2025-11-13T10:02:00.000Z,BUY,0.01,1,1,10.00,1,15190.00
2025-11-13T10:02:00.000Z,2025-11-13T10:16:00.000Z,BUY,0.01,1,1,10.00,1,15200.00
2025-11-13T10:16:00.000Z,2025-11-13T14:59:00.000Z,BUY,0.01,1,1,10.00,1,15210.00
2025-11-13T14:59:00.000Z,2025-11-13T16:09:00.000Z,BUY,0.01,2,1,10.00,2,15220.00
2025-11-13T16:09:00.000Z,2025-11-13T20:31:00.000Z,BUY,0.01,2,1,10.00,2,15230.00
2025-11-13T20:31:00.000Z,2025-11-13T20:35:00.000Z,BUY,0.01,2,1,10.00,2,15240.00
2025-11-13T20:35:00.000Z,2025-11-13T21:35:00.000Z,BUY,0.01,1,1,10.00,1,15250.00
2025-11-13T21:35:00.000Z,2025-11-13T23:08:00.000Z,BUY,0.01,1,1,10.00,1,15260.00
2025-11-13T23:08:00.000Z,2025-11-14T04:31:00.000Z,SELL,0.01,2,1,10.00,2,15270.00
2025-11-14T04:31:00.000Z,2025-11-14T07:09:00.000Z,SELL,0.01,1,1,10.00,1,15280.00
2025-11-14T07:09:00.000Z,2025-11-14T09:22:00.000Z,BUY,0.01,2,1,10.00,2,15290.00
2025-11-14T09:22:00.000Z,2025-11-14T13:12:00.000Z,SELL,0.01,3,1,10.00,3,15300.00
2025-11-14T13:12:00.000Z,2025-11-14T13:17:00.000Z,SELL,0.01,1,1,10.00,1,15310.00
2025-11-14T13:17:00.000Z,2025-11-14T13:56:00.000Z,SELL,0.01,1,1,10.00,1,15320.00
2025-11-14T13:56:00.000Z,2025-11-14T14:17:00.000Z,SELL,0.01,1,1,10.00,1,15330.00
2025-11-14T14:17:00.000Z,2025-11-14T14:22:00.000Z,SELL,0.01,1,1,10.00,1,15340.00
2025-11-14T14:22:00.000Z,2025-11-14T15:11:00.000Z,SELL,0.01,1,1,10.00,1,15350.00
2025-11-14T15:11:00.000Z,2025-11-14T15:12:00.000Z,SELL,0.01,1,1,10.00,1,15360.00
2025-11-14T15:12:00.000Z,2025-11-14T15:19:00.000Z,SELL,0.01,1,1,10.00,1,15370.00
2025-11-14T15:19:00.000Z,2025-11-14T15:23:00.000Z,SELL,0.01,1,1,10.00,1,15380.00
2025-11-14T15:23:00.000Z,2025-11-14T15:26:00.000Z,SELL,0.01,1,1,10.00,1,15390.00
2025-11-14T15:26:00.000Z,2025-11-14T15:35:00.000Z,SELL,0.01,1,1,10.00,1,15400.00
2025-11-14T15:35:00.000Z,2025-11-14T15:50:00.000Z,SELL,0.01,1,1,10.00,1,15410.00
2025-11-14T15:50:00.000Z,2025-11-14T16:44:00.000Z,SELL,0.01,2,1,10.00,2,15420.00
2025-11-14T16:44:00.000Z,2025-11-14T18:22:00.000Z,SELL,0.01,2,1,10.00,2,15430.00
2025-11-14T18:22:00.000Z,2025-11-14T20:01:00.000Z,SELL,0.01,1,1,10.00,1,15440.00
2025-11-14T20:01:00.000Z,2025-11-14T20:22:00.000Z,SELL,0.01,1,1,10.00,1,15450.00
2025-11-14T20:22:00.000Z,2025-11-17T03:35:00.000Z,SELL,0.01,5,0,-2420.00,5,13030.00
2025-11-17T03:35:00.000Z,2025-11-17T03:59:00.000Z,SELL,0.01,1,1,10.00,1,13040.00
2025-11-17T03:59:00.000Z,2025-11-17T05:00:00.000Z,SELL,0.01,1,1,10.00,1,13050.00
2025-11-17T05:00:00.000Z,2025-11-17T07:18:00.000Z,SELL,0.01,1,1,10.00,1,13060.00
2025-11-17T07:18:00.000Z,2025-11-17T07:26:00.000Z,SELL,0.01,1,1,10.00,1,13070.00
2025-11-17T07:26:00.000Z,2025-11-17T10:00:00.000Z,SELL,0.01,2,1,10.00,2,13080.00
2025-11-17T10:00:00.000Z,2025-11-17T10:25:00.000Z,SELL,0.01,1,1,10.00,1,13090.00
2025-11-17T10:25:00.000Z,2025-11-17T12:54:00.000Z,SELL,0.01,1,1,10.00,1,13100.00
2025-11-17T12:54:00.000Z,2025-11-17T18:04:00.000Z,SELL,0.01,3,1,10.00,3,13110.00
2025-11-17T18:04:00.000Z,2025-11-17T21:32:00.000Z,SELL,0.01,3,1,10.00,3,13120.00
2025-11-17T21:32:00.000Z,2025-11-17T21:34:00.000Z,SELL,0.01,1,1,10.00,1,13130.00
2025-11-17T21:34:00.000Z,2025-11-17T21:40:00.000Z,SELL,0.01,1,1,10.00,1,13140.00
2025-11-17T21:40:00.000Z,2025-11-17T21:43:00.000Z,SELL,0.01,1,1,10.00,1,13150.00
2025-11-17T21:43:00.000Z,2025-11-17T22:00:00.000Z,SELL,0.01,1,1,10.00,1,13160.00
2025-11-17T22:00:00.000Z,2025-11-17T22:55:00.000Z,SELL,0.01,2,1,10.00,2,13170.00
2025-11-17T22:55:00.000Z,2025-11-18T02:23:00.000Z,SELL,0.01,1,1,10.00,1,13180.00
2025-11-18T02:23:00.000Z,2025-11-18T04:54:00.000Z,SELL,0.01,1,1,10.00,1,13190.00
2025-11-18T04:54:00.000Z,2025-11-18T06:17:00.000Z,SELL,0.01,1,1,10.00,1,13200.00
2025-11-18T06:17:00.000Z,2025-11-18T10:35:00.000Z,SELL,0.01,2,1,10.00,2,13210.00
2025-11-18T10:35:00.000Z,2025-11-18T15:37:00.000Z,SELL,0.01,2,1,10.00,2,13220.00
2025-11-18T15:37:00.000Z,2025-11-18T17:03:00.000Z,SELL,0.01,1,1,10.00,1,13230.00
2025-11-18T17:03:00.000Z,2025-11-18T17:27:00.000Z,BUY,0.01,1,1,10.00,1,13240.00
2025-11-18T17:27:00.000Z,2025-11-18T21:13:00.000Z,BUY,0.01,3,1,10.00,3,13250.00
2025-11-18T21:13:00.000Z,2025-11-19T07:18:00.000Z,BUY,0.01,3,1,10.00,3,13260.00
2025-11-19T07:18:00.000Z,2025-11-19T08:00:00.000Z,BUY,0.01,1,1,10.00,1,13270.00
2025-11-19T08:00:00.000Z,2025-11-19T11:53:00.000Z,BUY,0.01,1,1,10.00,1,13280.00
2025-11-19T11:53:00.000Z,2025-11-19T12:06:00.000Z,BUY,0.01,1,1,10.00,1,13290.00
2025-11-19T12:06:00.000Z,2025-11-19T16:59:00.000Z,BUY,0.01,1,1,10.00,1,13300.00
2025-11-19T16:59:00.000Z,2025-11-19T17:53:00.000Z,BUY,0.01,2,1,10.00,2,13310.00
2025-11-19T17:53:00.000Z,2025-11-19T18:37:00.000Z,BUY,0.01,2,1,10.00,2,13320.00
2025-11-19T18:37:00.000Z,2025-11-19T19:50:00.000Z,BUY,0.01,1,1,10.00,1,13330.00
2025-11-19T19:50:00.000Z,2025-11-19T20:52:00.000Z,BUY,0.01,1,1,10.00,1,13340.00
2025-11-19T20:52:00.000Z,2025-11-20T01:45:00.000Z,BUY,0.01,3,1,10.00,3,13350.00
2025-11-20T01:45:00.000Z,2025-11-20T02:01:00.000Z,BUY,0.01,1,1,10.00,1,13360.00
2025-11-20T02:01:00.000Z,2025-11-20T04:00:00.000Z,BUY,0.01,2,1,10.00,2,13370.00
2025-11-20T04:00:00.000Z,2025-11-20T04:18:00.000Z,BUY,0.01,2,1,10.00,2,13380.00
2025-11-20T04:18:00.000Z,2025-11-20T04:31:00.000Z,BUY,0.01,1,1,10.00,1,13390.00
2025-11-20T04:31:00.000Z,2025-11-20T04:56:00.000Z,BUY,0.01,1,1,10.00,1,13400.00
2025-11-20T04:56:00.000Z,2025-11-20T05:07:00.000Z,BUY,0.01,1,1,10.00,1,13410.00
2025-11-20T05:07:00.000Z,2025-11-20T05:34:00.000Z,SELL,0.01,1,1,10.00,1,13420.00
2025-11-20T05:34:00.000Z,2025-11-20T08:27:00.000Z,SELL,0.01,1,1,10.00,1,13430.00
2025-11-20T08:27:00.000Z,2025-11-20T10:04:00.000Z,SELL,0.01,1,1,10.00,1,13440.00
2025-11-20T10:04:00.000Z,2025-11-20T10:23:00.000Z,SELL,0.01,1,1,10.00,1,13450.00
2025-11-20T10:23:00.000Z,2025-11-20T10:58:00.000Z,SELL,0.01,2,1,10.00,2,13460.00
2025-11-20T10:58:00.000Z,2025-11-20T11:30:00.000Z,SELL,0.01,1,1,10.00,1,13470.00
2025-11-20T11:30:00.000Z,2025-11-20T15:05:00.000Z,SELL,0.01,2,1,10.00,2,13480.00
2025-11-20T15:05:00.000Z,2025-11-20T15:30:00.000Z,SELL,0.01,1,1,10.00,1,13490.00
2025-11-20T15:30:00.000Z,2025-11-20T15:30:00.000Z,SELL,0.01,1,1,10.00,1,13500.00
2025-11-20T15:30:00.000Z,2025-11-20T16:49:00.000Z,SELL,0.01,2,1,10.00,2,13510.00
2025-11-20T16:49:00.000Z,2025-11-20T17:06:00.000Z,SELL,0.01,1,1,10.00,1,13520.00
2025-11-20T17:06:00.000Z,2025-11-20T17:35:00.000Z,SELL,0.01,1,1,10.00,1,13530.00
2025-11-20T17:35:00.000Z,2025-11-20T18:22:00.000Z,SELL,0.01,1,1,10.00,1,13540.00
2025-11-20T18:22:00.000Z,2025-11-20T18:54:00.000Z,SELL,0.01,1,1,10.00,1,13550.00
2025-11-20T18:54:00.000Z,2025-11-20T18:59:00.000Z,SELL,0.01,1,1,10.00,1,13560.00
2025-11-20T18:59:00.000Z,2025-11-20T21:21:00.000Z,SELL,0.01,2,1,10.00,2,13570.00
2025-11-20T21:21:00.000Z,2025-11-21T03:03:00.000Z,SELL,0.01,1,1,10.00,1,13580.00
2025-11-21T03:03:00.000Z,2025-11-21T04:57:00.000Z,SELL,0.01,1,1,10.00,1,13590.00
2025-11-21T04:57:00.000Z,2025-11-21T07:48:00.000Z,SELL,0.01,1,1,10.00,1,13600.00
2025-11-21T07:48:00.000Z,2025-11-21T08:28:00.000Z,SELL,0.01,1,1,10.00,1,13610.00
2025-11-21T08:28:00.000Z,2025-11-21T09:01:00.000Z,SELL,0.01,1,1,10.00,1,13620.00
2025-11-21T09:01:00.000Z,2025-11-21T11:14:00.000Z,SELL,0.01,2,1,10.00,2,13630.00
2025-11-21T11:14:00.000Z,2025-11-21T12:04:00.000Z,SELL,0.01,1,1,10.00,1,13640.00
2025-11-21T12:04:00.000Z,2025-11-21T12:14:00.000Z,SELL,0.01,1,1,10.00,1,13650.00
2025-11-21T12:14:00.000Z,2025-11-21T14:45:00.000Z,SELL,0.01,2,1,10.00,2,13660.00
2025-11-21T14:45:00.000Z,2025-11-21T17:41:00.000Z,SELL,0.01,1,1,10.00,1,13670.00
2025-11-21T17:41:00.000Z,2025-11-21T18:50:00.000Z,SELL,0.01,2,1,10.00,2,13680.00
2025-11-21T18:50:00.000Z,2025-11-21T18:51:00.000Z,BUY,0.01,1,1,10.00,1,13690.00
2025-11-21T18:51:00.000Z,2025-11-21T22:30:00.000Z,BUY,0.01,2,1,10.00,2,13700.00
2025-11-21T22:30:00.000Z,2025-11-24T01:12:00.000Z,BUY,0.01,1,1,10.00,1,13710.00
2025-11-24T01:12:00.000Z,2025-11-24T03:56:00.000Z,BUY,0.01,2,1,10.00,2,13720.00
2025-11-24T03:56:00.000Z,2025-11-24T05:38:00.000Z,BUY,0.01,1,1,10.00,1,13730.00
2025-11-24T05:38:00.000Z,2025-11-24T06:34:00.000Z,SELL,0.01,1,1,10.00,1,13740.00
2025-11-24T06:34:00.000Z,2025-11-24T12:03:00.000Z,SELL,0.01,2,1,10.00,2,13750.00
2025-11-24T12:03:00.000Z,2025-11-24T12:52:00.000Z,SELL,0.01,1,1,10.00,1,13760.00
2025-11-24T12:52:00.000Z,2025-11-24T18:33:00.000Z,SELL,0.01,2,1,10.00,2,13770.00
2025-11-24T18:33:00.000Z,2025-11-24T20:38:00.000Z,BUY,0.01,1,1,10.00,1,13780.00
2025-11-24T20:38:00.000Z,2025-11-24T20:51:00.000Z,BUY,0.01,1,1,10.00,1,13790.00
2025-11-24T20:51:00.000Z,2025-11-24T22:31:00.000Z,BUY,0.01,1,1,10.00,1,13800.00
2025-11-24T22:31:00.000Z,2025-11-24T23:42:00.000Z,BUY,0.01,1,1,10.00,1,13810.00
2025-11-24T23:42:00.000Z,2025-11-25T04:31:00.000Z,BUY,0.01,1,1,10.00,1,13820.00
2025-11-25T04:31:00.000Z,2025-11-25T10:52:00.000Z,BUY,0.01,2,1,10.00,2,13830.00
2025-11-25T10:52:00.000Z,2025-11-25T11:13:00.000Z,BUY,0.01,1,1,10.00,1,13840.00
2025-11-25T11:13:00.000Z,2025-11-25T12:12:00.000Z,BUY,0.01,1,1,10.00,1,13850.00
2025-11-25T12:12:00.000Z,2025-11-25T15:30:00.000Z,BUY,0.01,3,1,10.00,3,13860.00
2025-11-25T15:30:00.000Z,2025-11-25T16:45:00.000Z,BUY,0.01,2,1,10.00,2,13870.00
2025-11-25T16:45:00.000Z,2025-11-25T17:08:00.000Z,BUY,0.01,1,1,10.00,1,13880.00
2025-11-25T17:08:00.000Z,2025-11-25T18:17:00.000Z,BUY,0.01,1,1,10.00,1,13890.00
2025-11-25T18:17:00.000Z,2025-11-25T19:00:00.000Z,BUY,0.01,1,1,10.00,1,13900.00
2025-11-25T19:00:00.000Z,2025-11-25T19:34:00.000Z,BUY,0.01,1,1,10.00,1,13910.00
2025-11-25T19:34:00.000Z,2025-11-25T21:28:00.000Z,BUY,0.01,2,1,10.00,2,13920.00
2025-11-25T21:28:00.000Z,2025-11-26T02:09:00.000Z,BUY,0.01,1,1,10.00,1,13930.00
2025-11-26T02:09:00.000Z,2025-11-26T03:39:00.000Z,BUY,0.01,1,1,10.00,1,13940.00
2025-11-26T03:39:00.000Z,2025-11-26T04:25:00.000Z,BUY,0.01,1,1,10.00,1,13950.00
2025-11-26T04:25:00.000Z,2025-11-26T13:32:00.000Z,BUY,0.01,1,1,10.00,1,13960.00
2025-11-26T13:32:00.000Z,2025-11-26T17:00:00.000Z,BUY,0.01,2,1,10.00,2,13970.00
2025-11-26T17:00:00.000Z,2025-11-26T17:13:00.000Z,BUY,0.01,1,1,10.00,1,13980.00
2025-11-26T17:13:00.000Z,2025-11-26T17:30:00.000Z,BUY,0.01,1,1,10.00,1,13990.00
2025-11-26T17:30:00.000Z,2025-11-26T20:12:00.000Z,BUY,0.01,1,1,10.00,1,14000.00
2025-11-26T20:12:00.000Z,2025-11-28T02:34:00.000Z,BUY,0.01,3,1,10.00,3,14010.00
2025-11-28T02:34:00.000Z,2025-11-28T03:05:00.000Z,BUY,0.01,1,1,10.00,1,14020.00
2025-11-28T03:05:00.000Z,2025-11-28T10:24:00.000Z,BUY,0.01,2,1,10.00,2,14030.00
2025-11-28T10:24:00.000Z,2025-11-28T10:58:00.000Z,BUY,0.01,1,1,10.00,1,14040.00
2025-11-28T10:58:00.000Z,2025-11-28T15:57:00.000Z,BUY,0.01,1,1,10.00,1,14050.00
2025-11-28T15:57:00.000Z,2025-11-28T16:13:00.000Z,BUY,0.01,1,1,10.00,1,14060.00
2025-11-28T16:13:00.000Z,2025-11-28T16:39:00.000Z,BUY,0.01,1,1,10.00,1,14070.00
2025-11-28T16:39:00.000Z,2025-11-28T19:36:00.000Z,BUY,0.01,1,1,10.00,1,14080.00
2025-11-28T19:36:00.000Z,2025-11-28T20:31:00.000Z,BUY,0.01,1,1,10.00,1,14090.00
2025-11-28T20:31:00.000Z,2025-12-01T02:28:00.000Z,BUY,0.01,1,1,10.00,1,14100.00
2025-12-01T02:28:00.000Z,2025-12-01T03:39:00.000Z,BUY,0.01,1,1,10.00,1,14110.00
2025-12-01T03:39:00.000Z,2025-12-01T03:58:00.000Z,BUY,0.01,1,1,10.00,1,14120.00
2025-12-01T03:58:00.000Z,2025-12-01T07:22:00.000Z,BUY,0.01,2,1,10.00,2,14130.00
2025-12-01T07:22:00.000Z,2025-12-01T08:02:00.000Z,BUY,0.01,1,1,10.00,1,14140.00
2025-12-01T08:02:00.000Z,2025-12-01T09:31:00.000Z,BUY,0.01,1,1,10.00,1,14150.00
2025-12-01T09:31:00.000Z,2025-12-01T10:19:00.000Z,BUY,0.01,1,1,10.00,1,14160.00
2025-12-01T10:19:00.000Z,2025-12-01T15:41:00.000Z,BUY,0.01,1,1,10.00,1,14170.00
2025-12-01T15:41:00.000Z,2025-12-01T16:35:00.000Z,BUY,0.01,2,1,10.00,2,14180.00
2025-12-01T16:35:00.000Z,2025-12-01T17:00:00.000Z,BUY,0.01,1,1,10.00,1,14190.00
2025-12-01T17:00:00.000Z,2025-12-02T03:05:00.000Z,BUY,0.01,4,1,10.00,4,14200.00
2025-12-02T03:05:00.000Z,2025-12-02T04:50:00.000Z,BUY,0.01,3,1,10.00,3,14210.00
2025-12-02T04:50:00.000Z,2025-12-02T06:33:00.000Z,SELL,0.01,1,1,10.00,1,14220.00
2025-12-02T06:33:00.000Z,2025-12-02T08:30:00.000Z,SELL,0.01,1,1,10.00,1,14230.00
2025-12-02T08:30:00.000Z,2025-12-02T11:27:00.000Z,SELL,0.01,1,1,10.00,1,14240.00
2025-12-02T11:27:00.000Z,2025-12-02T11:36:00.000Z,SELL,0.01,1,1,10.00,1,14250.00
2025-12-02T11:36:00.000Z,2025-12-02T15:00:00.000Z,SELL,0.01,2,1,10.00,2,14260.00
2025-12-02T15:00:00.000Z,2025-12-02T15:12:00.000Z,SELL,0.01,1,1,10.00,1,14270.00
2025-12-02T15:12:00.000Z,2025-12-02T17:20:00.000Z,SELL,0.01,3,1,10.00,3,14280.00
2025-12-02T17:20:00.000Z,2025-12-02T17:35:00.000Z,SELL,0.01,1,1,10.00,1,14290.00
2025-12-02T17:35:00.000Z,2025-12-02T17:54:00.000Z,SELL,0.01,1,1,10.00,1,14300.00
2025-12-02T17:54:00.000Z,2025-12-02T22:33:00.000Z,SELL,0.01,2,1,10.00,2,14310.00
2025-12-02T22:33:00.000Z,2025-12-03T15:53:00.000Z,SELL,0.01,4,1,10.00,4,14320.00
2025-12-03T15:53:00.000Z,2025-12-03T16:08:00.000Z,SELL,0.01,1,1,10.00,1,14330.00
2025-12-03T16:08:00.000Z,2025-12-03T16:31:00.000Z,BUY,0.01,1,1,10.00,1,14340.00
2025-12-03T16:31:00.000Z,2025-12-03T18:55:00.000Z,BUY,0.01,2,1,10.00,2,14350.00
2025-12-03T18:55:00.000Z,2025-12-03T19:20:00.000Z,BUY,0.01,1,1,10.00,1,14360.00
2025-12-03T19:20:00.000Z,2025-12-04T07:40:00.000Z,BUY,0.01,2,1,10.00,2,14370.00
2025-12-04T07:40:00.000Z,2025-12-04T16:33:00.000Z,SELL,0.01,2,1,10.00,2,14380.00
2025-12-04T16:33:00.000Z,2025-12-04T16:38:00.000Z,SELL,0.01,1,1,10.00,1,14390.00
2025-12-04T16:38:00.000Z,2025-12-04T17:08:00.000Z,SELL,0.01,1,1,10.00,1,14400.00
2025-12-04T17:08:00.000Z,2025-12-05T08:08:00.000Z,SELL,0.01,2,1,10.00,2,14410.00
2025-12-05T08:08:00.000Z,2025-12-05T15:00:00.000Z,BUY,0.01,1,1,10.00,1,14420.00
2025-12-05T15:00:00.000Z,2025-12-05T16:49:00.000Z,BUY,0.01,1,1,10.00,1,14430.00
2025-12-05T16:49:00.000Z,2025-12-05T17:32:00.000Z,BUY,0.01,1,1,10.00,1,14440.00
2025-12-05T17:32:00.000Z,2025-12-05T18:10:00.000Z,BUY,0.01,2,1,10.00,2,14450.00
2025-12-05T18:10:00.000Z,2025-12-05T23:20:00.000Z,BUY,0.01,2,1,10.00,2,14460.00
2025-12-05T23:20:00.000Z,2025-12-08T17:05:00.000Z,SELL,0.01,3,1,10.00,3,14470.00
2025-12-08T17:05:00.000Z,2025-12-09T08:10:00.000Z,SELL,0.01,1,1,10.00,1,14480.00
2025-12-09T08:10:00.000Z,2025-12-09T11:05:00.000Z,SELL,0.01,2,1,10.00,2,14490.00
2025-12-09T11:05:00.000Z,2025-12-09T16:11:00.000Z,SELL,0.01,1,1,10.00,1,14500.00
2025-12-09T16:11:00.000Z,2025-12-09T16:33:00.000Z,BUY,0.01,1,1,10.00,1,14510.00
2025-12-09T16:33:00.000Z,2025-12-09T17:59:00.000Z,BUY,0.01,1,1,10.00,1,14520.00
2025-12-09T17:59:00.000Z,2025-12-10T21:41:00.000Z,BUY,0.01,4,1,10.00,4,14530.00
2025-12-10T21:41:00.000Z,2025-12-10T21:57:00.000Z,SELL,0.01,2,1,10.00,2,14540.00
2025-12-10T21:57:00.000Z,2025-12-11T02:14:00.000Z,SELL,0.01,2,1,10.00,2,14550.00
2025-12-11T02:14:00.000Z,2025-12-11T05:10:00.000Z,BUY,0.01,2,1,10.00,2,14560.00
2025-12-11T05:10:00.000Z,2025-12-11T12:05:00.000Z,BUY,0.01,1,1,10.00,1,14570.00
2025-12-11T12:05:00.000Z,2025-12-11T16:31:00.000Z,BUY,0.01,1,1,10.00,1,14580.00
2025-12-11T16:31:00.000Z,2025-12-11T16:39:00.000Z,BUY,0.01,1,1,10.00,1,14590.00
2025-12-11T16:39:00.000Z,2025-12-11T17:41:00.000Z,BUY,0.01,1,1,10.00,1,14600.00
2025-12-11T17:41:00.000Z,2025-12-11T18:45:00.000Z,BUY,0.01,1,1,10.00,1,14610.00
2025-12-11T18:45:00.000Z,2025-12-11T18:48:00.000Z,BUY,0.01,1,1,10.00,1,14620.00
2025-12-11T18:48:00.000Z,2025-12-11T20:10:00.000Z,BUY,0.01,1,1,10.00,1,14630.00
2025-12-11T20:10:00.000Z,2025-12-12T10:12:00.000Z,BUY,0.01,3,1,10.00,3,14640.00
2025-12-12T10:12:00.000Z,2025-12-12T10:49:00.000Z,BUY,0.01,1,1,10.00,1,14650.00
2025-12-12T10:49:00.000Z,2025-12-12T11:13:00.000Z,BUY,0.01,1,1,10.00,1,14660.00
2025-12-12T11:13:00.000Z,2025-12-12T12:40:00.000Z,BUY,0.01,1,1,10.00,1,14670.00
2025-12-12T12:40:00.000Z,2025-12-12T13:06:00.000Z,BUY,0.01,1,1,10.00,1,14680.00
2025-12-12T13:06:00.000Z,2025-12-12T15:33:00.000Z,BUY,0.01,1,1,10.00,1,14690.00
2025-12-12T15:33:00.000Z,2025-12-12T17:22:00.000Z,BUY,0.01,2,1,10.00,2,14700.00
2025-12-12T17:22:00.000Z,2025-12-12T17:58:00.000Z,BUY,0.01,4,1,10.00,4,14710.00
2025-12-12T17:58:00.000Z,2025-12-12T18:00:00.000Z,BUY,0.01,1,1,10.00,1,14720.00
2025-12-12T18:00:00.000Z,2025-12-12T18:39:00.000Z,BUY,0.01,2,1,10.00,2,14730.00
2025-12-12T18:39:00.000Z,2025-12-12T18:45:00.000Z,BUY,0.01,1,1,10.00,1,14740.00
2025-12-12T18:45:00.000Z,2025-12-12T19:22:00.000Z,BUY,0.01,1,1,10.00,1,14750.00
2025-12-12T19:22:00.000Z,2025-12-12T19:50:00.000Z,BUY,0.01,1,1,10.00,1,14760.00
2025-12-12T19:50:00.000Z,2025-12-15T01:38:00.000Z,BUY,0.01,1,1,10.00,1,14770.00
2025-12-15T01:38:00.000Z,2025-12-15T03:34:00.000Z,BUY,0.01,1,1,10.00,1,14780.00
2025-12-15T03:34:00.000Z,2025-12-15T04:30:00.000Z,BUY,0.01,1,1,10.00,1,14790.00
2025-12-15T04:30:00.000Z,2025-12-15T07:33:00.000Z,BUY,0.01,1,1,10.00,1,14800.00
2025-12-15T07:33:00.000Z,2025-12-15T10:50:00.000Z,BUY,0.01,1,1,10.00,1,14810.00
2025-12-15T10:50:00.000Z,2025-12-15T16:54:00.000Z,BUY,0.01,2,1,10.00,2,14820.00
2025-12-15T16:54:00.000Z,2025-12-15T18:36:00.000Z,BUY,0.01,2,1,10.00,2,14830.00
2025-12-15T18:36:00.000Z,2025-12-15T18:52:00.000Z,BUY,0.01,1,1,10.00,1,14840.00
2025-12-15T18:52:00.000Z,2025-12-15T20:34:00.000Z,BUY,0.01,1,1,10.00,1,14850.00
2025-12-15T20:34:00.000Z,2025-12-16T04:53:00.000Z,SELL,0.01,1,1,10.00,1,14860.00
2025-12-16T04:53:00.000Z,2025-12-16T04:57:00.000Z,SELL,0.01,1,1,10.00,1,14870.00
2025-12-16T04:57:00.000Z,2025-12-16T07:30:00.000Z,SELL,0.01,1,1,10.00,1,14880.00
2025-12-16T07:30:00.000Z,2025-12-16T15:30:00.000Z,SELL,0.01,2,1,10.00,2,14890.00
2025-12-16T15:30:00.000Z,2025-12-16T18:36:00.000Z,SELL,0.01,3,1,10.00,3,14900.00
2025-12-16T18:36:00.000Z,2025-12-16T19:06:00.000Z,BUY,0.01,1,1,10.00,1,14910.00
2025-12-16T19:06:00.000Z,2025-12-17T03:11:00.000Z,BUY,0.01,1,1,10.00,1,14920.00
2025-12-17T03:11:00.000Z,2025-12-17T06:39:00.000Z,BUY,0.01,1,1,10.00,1,14930.00
2025-12-17T06:39:00.000Z,2025-12-17T07:38:00.000Z,BUY,0.01,1,1,10.00,1,14940.00
2025-12-17T07:38:00.000Z,2025-12-17T12:38:00.000Z,BUY,0.01,2,1,10.00,2,14950.00
2025-12-17T12:38:00.000Z,2025-12-17T13:00:00.000Z,BUY,0.01,1,1,10.00,1,14960.00
2025-12-17T13:00:00.000Z,2025-12-17T15:17:00.000Z,BUY,0.01,1,1,10.00,1,14970.00
2025-12-17T15:17:00.000Z,2025-12-17T15:42:00.000Z,BUY,0.01,1,1,10.00,1,14980.00
2025-12-17T15:42:00.000Z,2025-12-18T16:46:00.000Z,BUY,0.01,4,1,10.00,4,14990.00
2025-12-18T16:46:00.000Z,2025-12-18T17:34:00.000Z,SELL,0.01,2,1,10.00,2,15000.00
2025-12-18T17:34:00.000Z,2025-12-18T18:15:00.000Z,SELL,0.01,2,1,10.00,2,15010.00
2025-12-18T18:15:00.000Z,2025-12-18T19:08:00.000Z,BUY,0.01,2,1,10.00,2,15020.00
2025-12-18T19:08:00.000Z,2025-12-19T18:00:00.000Z,BUY,0.01,3,1,10.00,3,15030.00
2025-12-19T18:00:00.000Z,2025-12-22T02:05:00.000Z,BUY,0.01,1,1,10.00,1,15040.00
2025-12-22T02:05:00.000Z,2025-12-22T03:00:00.000Z,BUY,0.01,1,1,10.00,1,15050.00
2025-12-22T03:00:00.000Z,2025-12-22T03:40:00.000Z,BUY,0.01,1,1,10.00,1,15060.00
2025-12-22T03:40:00.000Z,2025-12-22T05:20:00.000Z,BUY,0.01,1,1,10.00,1,15070.00
2025-12-22T05:20:00.000Z,2025-12-22T06:51:00.000Z,BUY,0.01,1,1,10.00,1,15080.00
2025-12-22T06:51:00.000Z,2025-12-22T08:46:00.000Z,BUY,0.01,1,1,10.00,1,15090.00
2025-12-22T08:46:00.000Z,2025-12-22T15:08:00.000Z,BUY,0.01,1,1,10.00,1,15100.00
2025-12-22T15:08:00.000Z,2025-12-22T17:45:00.000Z,BUY,0.01,1,1,10.00,1,15110.00
2025-12-22T17:45:00.000Z,2025-12-22T18:30:00.000Z,BUY,0.01,1,1,10.00,1,15120.00
2025-12-22T18:30:00.000Z,2025-12-23T01:18:00.000Z,BUY,0.01,1,1,10.00,1,15130.00
2025-12-23T01:18:00.000Z,2025-12-23T02:05:00.000Z,BUY,0.01,1,1,10.00,1,15140.00
2025-12-23T02:05:00.000Z,2025-12-23T03:00:00.000Z,BUY,0.01,1,1,10.00,1,15150.00
2025-12-23T03:00:00.000Z,2025-12-23T03:10:00.000Z,BUY,0.01,1,1,10.00,1,15160.00
2025-12-23T03:10:00.000Z,2025-12-23T04:32:00.000Z,BUY,0.01,1,1,10.00,1,15170.00
2025-12-23T04:32:00.000Z,2025-12-23T16:05:00.000Z,BUY,0.01,4,1,10.00,4,15180.00
2025-12-23T16:05:00.000Z,2025-12-23T17:02:00.000Z,BUY,0.01,2,1,10.00,2,15190.00
2025-12-23T17:02:00.000Z,2025-12-23T17:07:00.000Z,BUY,0.01,1,1,10.00,1,15200.00
2025-12-23T17:07:00.000Z,2025-12-23T17:39:00.000Z,BUY,0.01,1,1,10.00,1,15210.00
2025-12-23T17:39:00.000Z,2025-12-23T18:20:00.000Z,BUY,0.01,1,1,10.00,1,15220.00
2025-12-23T18:20:00.000Z,2025-12-23T18:53:00.000Z,BUY,0.01,1,1,10.00,1,15230.00
2025-12-23T18:53:00.000Z,2025-12-23T20:58:00.000Z,BUY,0.01,1,1,10.00,1,15240.00
2025-12-23T20:58:00.000Z,2025-12-23T21:04:00.000Z,BUY,0.01,1,1,10.00,1,15250.00
2025-12-23T21:04:00.000Z,2025-12-24T02:05:00.000Z,BUY,0.01,1,1,10.00,1,15260.00
2025-12-24T02:05:00.000Z,2025-12-24T02:30:00.000Z,BUY,0.01,1,1,10.00,1,15270.00
2025-12-24T02:30:00.000Z,2025-12-24T03:24:00.000Z,BUY,0.01,1,1,10.00,1,15280.00
2025-12-24T03:24:00.000Z,2025-12-24T04:58:00.000Z,BUY,0.01,2,1,10.00,2,15290.00
2025-12-24T04:58:00.000Z,2025-12-24T16:50:00.000Z,BUY,0.01,4,1,10.00,4,15300.00
2025-12-24T16:50:00.000Z,2025-12-24T17:15:00.000Z,BUY,0.01,1,1,10.00,1,15310.00
2025-12-24T17:15:00.000Z,2025-12-24T19:09:00.000Z,BUY,0.01,3,1,10.00,3,15320.00
2025-12-24T19:09:00.000Z,2025-12-26T02:54:00.000Z,SELL,0.01,2,1,10.00,2,15330.00
2025-12-26T02:54:00.000Z,2025-12-26T03:42:00.000Z,SELL,0.01,1,1,10.00,1,15340.00
2025-12-26T03:42:00.000Z,2025-12-26T08:21:00.000Z,BUY,0.01,1,1,10.00,1,15350.00
2025-12-26T08:21:00.000Z,2025-12-26T15:40:00.000Z,BUY,0.01,1,1,10.00,1,15360.00
2025-12-26T15:40:00.000Z,2025-12-26T17:32:00.000Z,BUY,0.01,1,1,10.00,1,15370.00
2025-12-26T17:32:00.000Z,2025-12-26T17:56:00.000Z,BUY,0.01,1,1,10.00,1,15380.00
2025-12-26T17:56:00.000Z,2025-12-26T19:31:00.000Z,BUY,0.01,2,1,10.00,2,15390.00
2025-12-26T19:31:00.000Z,2025-12-26T20:41:00.000Z,BUY,0.01,1,1,10.00,1,15400.00
2025-12-26T20:41:00.000Z,2025-12-29T02:23:00.000Z,BUY,0.01,2,1,10.00,2,15410.00
2025-12-29T02:23:00.000Z,2025-12-29T02:49:00.000Z,BUY,0.01,3,1,10.00,3,15420.00
2025-12-29T02:49:00.000Z,2025-12-29T03:16:00.000Z,BUY,0.01,1,1,10.00,1,15430.00
2025-12-29T03:16:00.000Z,2025-12-29T08:30:00.000Z,BUY,0.01,4,1,10.00,4,15440.00
2025-12-29T08:30:00.000Z,2025-12-29T08:51:00.000Z,SELL,0.01,1,1,10.00,1,15450.00
2025-12-29T08:51:00.000Z,2025-12-29T09:00:00.000Z,SELL,0.01,1,1,10.00,1,15460.00
2025-12-29T09:00:00.000Z,2025-12-29T09:00:00.000Z,SELL,0.01,1,1,10.00,1,15470.00
2025-12-29T09:00:00.000Z,2025-12-29T09:03:00.000Z,SELL,0.01,1,1,10.00,1,15480.00
2025-12-29T09:03:00.000Z,2025-12-29T09:13:00.000Z,SELL,0.01,2,1,10.00,2,15490.00
2025-12-29T09:13:00.000Z,2025-12-29T10:49:00.000Z,SELL,0.01,1,1,10.00,1,15500.00
2025-12-29T10:49:00.000Z,2025-12-29T10:55:00.000Z,SELL,0.01,1,1,10.00,1,15510.00
2025-12-29T10:55:00.000Z,2025-12-29T13:40:00.000Z,SELL,0.01,3,1,10.00,3,15520.00
2025-12-29T13:40:00.000Z,2025-12-29T13:40:00.000Z,SELL,0.01,1,1,10.00,1,15530.00
2025-12-29T13:40:00.000Z,2025-12-29T15:00:00.000Z,SELL,0.01,2,1,10.00,2,15540.00
2025-12-29T15:00:00.000Z,2025-12-29T15:20:00.000Z,SELL,0.01,1,1,10.00,1,15550.00
2025-12-29T15:20:00.000Z,2025-12-29T15:41:00.000Z,SELL,0.01,1,1,10.00,1,15560.00
2025-12-29T15:41:00.000Z,2025-12-29T15:42:00.000Z,SELL,0.01,1,1,10.00,1,15570.00
2025-12-29T15:42:00.000Z,2025-12-29T15:45:00.000Z,SELL,0.01,1,1,10.00,1,15580.00
2025-12-29T15:45:00.000Z,2025-12-29T15:50:00.000Z,SELL,0.01,1,1,10.00,1,15590.00
2025-12-29T15:50:00.000Z,2025-12-29T16:03:00.000Z,SELL,0.01,1,1,10.00,1,15600.00
2025-12-29T16:03:00.000Z,2025-12-29T16:06:00.000Z,SELL,0.01,1,1,10.00,1,15610.00
2025-12-29T16:06:00.000Z,2025-12-29T16:30:00.000Z,SELL,0.01,1,1,10.00,1,15620.00
2025-12-29T16:30:00.000Z,2025-12-29T16:30:00.000Z,SELL,0.01,1,1,10.00,1,15630.00
2025-12-29T16:30:00.000Z,2025-12-29T16:41:00.000Z,SELL,0.01,1,1,10.00,1,15640.00
2025-12-29T16:41:00.000Z,2025-12-29T17:00:00.000Z,SELL,0.01,3,1,10.00,3,15650.00
2025-12-29T17:00:00.000Z,2025-12-29T17:02:00.000Z,SELL,0.01,1,1,10.00,1,15660.00
2025-12-29T17:02:00.000Z,2025-12-29T17:07:00.000Z,SELL,0.01,1,1,10.00,1,15670.00
2025-12-29T17:07:00.000Z,2025-12-29T17:21:00.000Z,SELL,0.01,1,1,10.00,1,15680.00
2025-12-29T17:21:00.000Z,2025-12-29T17:22:00.000Z,SELL,0.01,1,1,10.00,1,15690.00
2025-12-29T17:22:00.000Z,2025-12-29T18:12:00.000Z,SELL,0.01,2,1,10.00,2,15700.00
2025-12-29T18:12:00.000Z,2025-12-29T18:15:00.000Z,SELL,0.01,1,1,10.00,1,15710.00
2025-12-29T18:15:00.000Z,2025-12-29T19:38:00.000Z,SELL,0.01,1,1,10.00,1,15720.00
2025-12-29T19:38:00.000Z,2025-12-30T03:47:00.000Z,SELL,0.01,2,1,10.00,2,15730.00
2025-12-30T03:47:00.000Z,2025-12-30T09:49:00.000Z,SELL,0.01,2,1,10.00,2,15740.00
2025-12-30T09:49:00.000Z,2025-12-30T09:59:00.000Z,SELL,0.01,1,1,10.00,1,15750.00
2025-12-30T09:59:00.000Z,2025-12-30T10:22:00.000Z,SELL,0.01,1,1,10.00,1,15760.00
2025-12-30T10:22:00.000Z,2025-12-30T12:31:00.000Z,SELL,0.01,2,1,10.00,2,15770.00
2025-12-30T12:31:00.000Z,2025-12-30T12:48:00.000Z,SELL,0.01,1,1,10.00,1,15780.00
2025-12-30T12:48:00.000Z,2025-12-30T16:40:00.000Z,SELL,0.01,3,1,10.00,3,15790.00
2025-12-30T16:40:00.000Z,2025-12-30T16:47:00.000Z,SELL,0.01,1,1,10.00,1,15800.00
2025-12-30T16:47:00.000Z,2025-12-30T21:48:00.000Z,SELL,0.01,3,1,10.00,3,15810.00
2025-12-30T21:48:00.000Z,2025-12-30T21:56:00.000Z,SELL,0.01,1,1,10.00,1,15820.00
2025-12-30T21:56:00.000Z,2025-12-31T01:35:00.000Z,SELL,0.01,1,1,10.00,1,15830.00
2025-12-31T01:35:00.000Z,2025-12-31T03:25:00.000Z,SELL,0.01,2,1,10.00,2,15840.00
2025-12-31T03:25:00.000Z,2025-12-31T04:56:00.000Z,SELL,0.01,1,1,10.00,1,15850.00
2025-12-31T04:56:00.000Z,2025-12-31T06:56:00.000Z,SELL,0.01,1,1,10.00,1,15860.00
2025-12-31T06:56:00.000Z,2025-12-31T07:40:00.000Z,SELL,0.01,1,1,10.00,1,15870.00
2025-12-31T07:40:00.000Z,2025-12-31T07:48:00.000Z,SELL,0.01,1,1,10.00,1,15880.00
2025-12-31T07:48:00.000Z,2025-12-31T07:50:00.000Z,SELL,0.01,1,1,10.00,1,15890.00
2025-12-31T07:50:00.000Z,2025-12-31T07:52:00.000Z,SELL,0.01,1,1,10.00,1,15900.00
2025-12-31T07:52:00.000Z,2025-12-31T07:53:00.000Z,SELL,0.01,1,1,10.00,1,15910.00
2025-12-31T07:53:00.000Z,2025-12-31T07:55:00.000Z,SELL,0.01,1,1,10.00,1,15920.00
2025-12-31T07:55:00.000Z,2025-12-31T08:28:00.000Z,SELL,0.01,2,1,10.00,2,15930.00
2025-12-31T08:28:00.000Z,2025-12-31T11:44:00.000Z,SELL,0.01,4,1,10.00,4,15940.00
2025-12-31T11:44:00.000Z,2025-12-31T11:56:00.000Z,SELL,0.01,1,1,10.00,1,15950.00
2025-12-31T11:56:00.000Z,2025-12-31T12:30:00.000Z,SELL,0.01,1,1,10.00,1,15960.00
2025-12-31T12:30:00.000Z,2025-12-31T12:42:00.000Z,SELL,0.01,1,1,10.00,1,15970.00
2025-12-31T12:42:00.000Z,2025-12-31T15:46:00.000Z,SELL,0.01,2,1,10.00,2,15980.00
2025-12-31T15:46:00.000Z,2025-12-31T18:05:00.000Z,SELL,0.01,1,1,10.00,1,15990.00
2025-12-31T18:05:00.000Z,2025-12-31T21:10:00.000Z,SELL,0.01,1,1,10.00,1,16000.00
2025-12-31T21:10:00.000Z,2025-12-31T22:02:00.000Z,SELL,0.01,1,1,10.00,1,16010.00
2025-12-31T22:02:00.000Z,2026-01-02T01:22:00.000Z,SELL,0.01,2,1,10.00,2,16020.00
2026-01-02T01:22:00.000Z,2026-01-02T05:06:00.000Z,SELL,0.01,2,1,10.00,2,16030.00
2026-01-02T05:06:00.000Z,2026-01-02T06:01:00.000Z,BUY,0.01,1,1,10.00,1,16040.00
2026-01-02T06:01:00.000Z,2026-01-02T10:12:00.000Z,BUY,0.01,1,1,10.00,1,16050.00
2026-01-02T10:12:00.000Z,2026-01-02T10:47:00.000Z,BUY,0.01,1,1,10.00,1,16060.00
2026-01-02T10:47:00.000Z,2026-01-02T15:37:00.000Z,BUY,0.01,2,1,10.00,2,16070.00
2026-01-02T15:37:00.000Z,2026-01-02T15:46:00.000Z,BUY,0.01,1,1,10.00,1,16080.00
2026-01-02T15:46:00.000Z,2026-01-02T17:04:00.000Z,BUY,0.01,2,1,10.00,2,16090.00
2026-01-02T17:04:00.000Z,2026-01-02T18:18:00.000Z,BUY,0.01,2,1,10.00,2,16100.00
2026-01-02T18:18:00.000Z,2026-01-02T18:41:00.000Z,BUY,0.01,1,1,10.00,1,16110.00
2026-01-02T18:41:00.000Z,2026-01-05T01:00:00.000Z,BUY,0.01,1,1,10.00,1,16120.00
2026-01-05T01:00:00.000Z,2026-01-05T01:12:00.000Z,SELL,0.01,2,1,10.00,2,16130.00
2026-01-05T01:12:00.000Z,2026-01-05T01:34:00.000Z,SELL,0.01,1,1,10.00,1,16140.00
2026-01-05T01:34:00.000Z,2026-01-05T02:28:00.000Z,SELL,0.01,2,1,10.00,2,16150.00
2026-01-05T02:28:00.000Z,2026-01-05T03:04:00.000Z,SELL,0.01,2,1,10.00,2,16160.00
2026-01-05T03:04:00.000Z,2026-01-05T10:15:00.000Z,BUY,0.01,3,1,10.00,3,16170.00
2026-01-05T10:15:00.000Z,2026-01-05T11:43:00.000Z,BUY,0.01,1,1,10.00,1,16180.00
2026-01-05T11:43:00.000Z,2026-01-05T14:43:00.000Z,BUY,0.01,2,1,10.00,2,16190.00
2026-01-05T14:43:00.000Z,2026-01-05T15:05:00.000Z,BUY,0.01,1,1,10.00,1,16200.00
2026-01-05T15:05:00.000Z,2026-01-05T16:11:00.000Z,BUY,0.01,3,1,10.00,3,16210.00
2026-01-05T16:11:00.000Z,2026-01-05T16:49:00.000Z,BUY,0.01,1,1,10.00,1,16220.00
2026-01-05T16:49:00.000Z,2026-01-05T17:03:00.000Z,BUY,0.01,1,1,10.00,1,16230.00
2026-01-05T17:03:00.000Z,2026-01-06T01:10:00.000Z,BUY,0.01,1,1,10.00,1,16240.00
2026-01-06T01:10:00.000Z,2026-01-06T03:03:00.000Z,BUY,0.01,2,1,10.00,2,16250.00
2026-01-06T03:03:00.000Z,2026-01-06T03:08:00.000Z,BUY,0.01,1,1,10.00,1,16260.00
2026-01-06T03:08:00.000Z,2026-01-06T03:56:00.000Z,BUY,0.01,1,1,10.00,1,16270.00
2026-01-06T03:56:00.000Z,2026-01-06T04:10:00.000Z,BUY,0.01,1,1,10.00,1,16280.00
2026-01-06T04:10:00.000Z,2026-01-06T07:05:00.000Z,BUY,0.01,1,1,10.00,1,16290.00
2026-01-06T07:05:00.000Z,2026-01-06T16:35:00.000Z,BUY,0.01,5,1,10.00,5,16300.00
2026-01-06T16:35:00.000Z,2026-01-06T17:00:00.000Z,BUY,0.01,1,1,10.00,1,16310.00
2026-01-06T17:00:00.000Z,2026-01-07T01:25:00.000Z,BUY,0.01,3,1,10.00,3,16320.00
2026-01-07T01:25:00.000Z,2026-01-07T03:14:00.000Z,BUY,0.01,2,1,10.00,2,16330.00
2026-01-07T03:14:00.000Z,2026-01-07T14:20:00.000Z,BUY,0.01,4,1,10.00,4,16340.00
2026-01-07T14:20:00.000Z,2026-01-07T15:09:00.000Z,SELL,0.01,1,1,10.00,1,16350.00
2026-01-07T15:09:00.000Z,2026-01-07T18:22:00.000Z,SELL,0.01,4,1,10.00,4,16360.00
2026-01-07T18:22:00.000Z,2026-01-07T20:03:00.000Z,SELL,0.01,1,1,10.00,1,16370.00
2026-01-07T20:03:00.000Z,2026-01-08T04:30:00.000Z,SELL,0.01,1,1,10.00,1,16380.00
2026-01-08T04:30:00.000Z,2026-01-08T07:05:00.000Z,SELL,0.01,1,1,10.00,1,16390.00
2026-01-08T07:05:00.000Z,2026-01-08T07:43:00.000Z,SELL,0.01,1,1,10.00,1,16400.00
2026-01-08T07:43:00.000Z,2026-01-08T14:16:00.000Z,SELL,0.01,3,1,10.00,3,16410.00
2026-01-08T14:16:00.000Z,2026-01-08T16:50:00.000Z,SELL,0.01,2,1,10.00,2,16420.00
2026-01-08T16:50:00.000Z,2026-01-08T17:00:00.000Z,SELL,0.01,1,1,10.00,1,16430.00
2026-01-08T17:00:00.000Z,2026-01-08T18:32:00.000Z,SELL,0.01,2,1,10.00,2,16440.00
2026-01-08T18:32:00.000Z,2026-01-08T20:36:00.000Z,SELL,0.01,1,1,10.00,1,16450.00
2026-01-08T20:36:00.000Z,2026-01-08T22:12:00.000Z,BUY,0.01,1,1,10.00,1,16460.00
2026-01-08T22:12:00.000Z,2026-01-08T22:26:00.000Z,BUY,0.01,1,1,10.00,1,16470.00
2026-01-08T22:26:00.000Z,2026-01-08T23:00:00.000Z,BUY,0.01,1,1,10.00,1,16480.00
2026-01-08T23:00:00.000Z,2026-01-09T15:37:00.000Z,BUY,0.01,5,1,10.00,5,16490.00
2026-01-09T15:37:00.000Z,2026-01-09T17:09:00.000Z,BUY,0.01,1,1,10.00,1,16500.00
2026-01-09T17:09:00.000Z,2026-01-09T17:24:00.000Z,BUY,0.01,1,1,10.00,1,16510.00
2026-01-09T17:24:00.000Z,2026-01-12T01:00:00.000Z,BUY,0.01,3,1,10.00,3,16520.00
2026-01-12T01:00:00.000Z,2026-01-12T01:14:00.000Z,BUY,0.01,1,1,10.00,1,16530.00
2026-01-12T01:14:00.000Z,2026-01-12T01:41:00.000Z,BUY,0.01,1,1,10.00,1,16540.00
2026-01-12T01:41:00.000Z,2026-01-12T02:09:00.000Z,BUY,0.01,1,1,10.00,1,16550.00
2026-01-12T02:09:00.000Z,2026-01-12T02:18:00.000Z,BUY,0.01,1,1,10.00,1,16560.00
2026-01-12T02:18:00.000Z,2026-01-12T02:32:00.000Z,BUY,0.01,1,1,10.00,1,16570.00
2026-01-12T02:32:00.000Z,2026-01-12T02:36:00.000Z,BUY,0.01,1,1,10.00,1,16580.00
2026-01-12T02:36:00.000Z,2026-01-12T02:44:00.000Z,BUY,0.01,1,1,10.00,1,16590.00
2026-01-12T02:44:00.000Z,2026-01-12T15:08:00.000Z,BUY,0.01,3,1,10.00,3,16600.00
2026-01-12T15:08:00.000Z,2026-01-12T15:40:00.000Z,BUY,0.01,1,1,10.00,1,16610.00
2026-01-12T15:40:00.000Z,2026-01-12T17:26:00.000Z,BUY,0.01,3,1,10.00,3,16620.00
2026-01-12T17:26:00.000Z,2026-01-12T22:46:00.000Z,BUY,0.01,2,1,10.00,2,16630.00
2026-01-12T22:46:00.000Z,2026-01-13T01:00:00.000Z,BUY,0.01,1,1,10.00,1,16640.00
2026-01-13T01:00:00.000Z,2026-01-13T15:30:00.000Z,BUY,0.01,3,1,10.00,3,16650.00
2026-01-13T15:30:00.000Z,2026-01-13T16:24:00.000Z,BUY,0.01,1,1,10.00,1,16660.00
2026-01-13T16:24:00.000Z,2026-01-13T16:47:00.000Z,BUY,0.01,1,1,10.00,1,16670.00
2026-01-13T16:47:00.000Z,2026-01-13T17:20:00.000Z,BUY,0.01,2,1,10.00,2,16680.00
2026-01-13T17:20:00.000Z,2026-01-13T17:33:00.000Z,BUY,0.01,1,1,10.00,1,16690.00
2026-01-13T17:33:00.000Z,2026-01-13T20:21:00.000Z,BUY,0.01,4,1,10.00,4,16700.00
2026-01-13T20:21:00.000Z,2026-01-13T20:31:00.000Z,BUY,0.01,1,1,10.00,1,16710.00
2026-01-13T20:31:00.000Z,2026-01-14T02:05:00.000Z,BUY,0.01,3,1,10.00,3,16720.00
2026-01-14T02:05:00.000Z,2026-01-14T03:02:00.000Z,BUY,0.01,1,1,10.00,1,16730.00
2026-01-14T03:02:00.000Z,2026-01-14T05:39:00.000Z,BUY,0.01,1,1,10.00,1,16740.00
2026-01-14T05:39:00.000Z,2026-01-14T07:01:00.000Z,BUY,0.01,1,1,10.00,1,16750.00
2026-01-14T07:01:00.000Z,2026-01-14T17:02:00.000Z,BUY,0.01,2,1,10.00,2,16760.00
2026-01-14T17:02:00.000Z,2026-01-14T17:13:00.000Z,BUY,0.01,1,1,10.00,1,16770.00
2026-01-14T17:13:00.000Z,2026-01-14T17:22:00.000Z,BUY,0.01,1,1,10.00,1,16780.00
2026-01-14T17:22:00.000Z,2026-01-14T20:52:00.000Z,BUY,0.01,3,1,10.00,3,16790.00
2026-01-14T20:52:00.000Z,2026-01-15T01:41:00.000Z,BUY,0.01,2,1,10.00,2,16800.00
2026-01-15T01:41:00.000Z,2026-01-15T01:56:00.000Z,BUY,0.01,1,1,10.00,1,16810.00
2026-01-15T01:56:00.000Z,2026-01-15T03:31:00.000Z,BUY,0.01,2,1,10.00,2,16820.00
2026-01-15T03:31:00.000Z,2026-01-15T03:34:00.000Z,BUY,0.01,1,1,10.00,1,16830.00
2026-01-15T03:34:00.000Z,2026-01-15T03:52:00.000Z,BUY,0.01,1,1,10.00,1,16840.00
2026-01-15T03:52:00.000Z,2026-01-15T12:37:00.000Z,BUY,0.01,3,1,10.00,3,16850.00
2026-01-15T12:37:00.000Z,2026-01-15T15:19:00.000Z,SELL,0.01,1,1,10.00,1,16860.00
2026-01-15T15:19:00.000Z,2026-01-15T15:33:00.000Z,SELL,0.01,1,1,10.00,1,16870.00
2026-01-15T15:33:00.000Z,2026-01-15T15:46:00.000Z,SELL,0.01,1,1,10.00,1,16880.00
2026-01-15T15:46:00.000Z,2026-01-15T17:15:00.000Z,SELL,0.01,2,1,10.00,2,16890.00
2026-01-15T17:15:00.000Z,2026-01-15T18:40:00.000Z,SELL,0.01,1,1,10.00,1,16900.00
2026-01-15T18:40:00.000Z,2026-01-16T03:01:00.000Z,SELL,0.01,1,1,10.00,1,16910.00
2026-01-16T03:01:00.000Z,2026-01-16T15:17:00.000Z,SELL,0.01,5,1,10.00,5,16920.00
2026-01-16T15:17:00.000Z,2026-01-16T17:03:00.000Z,SELL,0.01,2,1,10.00,2,16930.00
2026-01-16T17:03:00.000Z,2026-01-16T17:19:00.000Z,SELL,0.01,1,1,10.00,1,16940.00
2026-01-16T17:19:00.000Z,2026-01-16T17:24:00.000Z,SELL,0.01,1,1,10.00,1,16950.00
2026-01-16T17:24:00.000Z,2026-01-16T17:26:00.000Z,SELL,0.01,1,1,10.00,1,16960.00
2026-01-16T17:26:00.000Z,2026-01-16T17:28:00.000Z,SELL,0.01,1,1,10.00,1,16970.00
2026-01-16T17:28:00.000Z,2026-01-16T17:30:00.000Z,SELL,0.01,1,1,10.00,1,16980.00
2026-01-16T17:30:00.000Z,2026-01-16T17:32:00.000Z,SELL,0.01,1,1,10.00,1,16990.00
2026-01-16T17:32:00.000Z,2026-01-16T17:33:00.000Z,SELL,0.01,1,1,10.00,1,17000.00
2026-01-16T17:33:00.000Z,2026-01-16T17:55:00.000Z,SELL,0.01,2,1,10.00,2,17010.00
2026-01-16T17:55:00.000Z,2026-01-19T01:00:00.000Z,SELL,0.01,2,1,10.00,2,17020.00
2026-01-19T01:00:00.000Z,2026-01-19T01:00:00.000Z,SELL,0.01,2,1,10.00,2,17030.00
2026-01-19T01:00:00.000Z,2026-01-19T01:16:00.000Z,SELL,0.01,2,1,10.00,2,17040.00
2026-01-19T01:16:00.000Z,2026-01-20T06:42:00.000Z,SELL,0.01,4,1,10.00,4,17050.00
2026-01-20T06:42:00.000Z,2026-01-20T07:34:00.000Z,BUY,0.01,1,1,10.00,1,17060.00
2026-01-20T07:34:00.000Z,2026-01-20T07:56:00.000Z,BUY,0.01,1,1,10.00,1,17070.00
2026-01-20T07:56:00.000Z,2026-01-20T10:08:00.000Z,BUY,0.01,1,1,10.00,1,17080.00
2026-01-20T10:08:00.000Z,2026-01-20T11:30:00.000Z,BUY,0.01,1,1,10.00,1,17090.00
2026-01-20T11:30:00.000Z,2026-01-20T16:02:00.000Z,BUY,0.01,1,1,10.00,1,17100.00
2026-01-20T16:02:00.000Z,2026-01-20T18:56:00.000Z,BUY,0.01,3,1,10.00,3,17110.00
2026-01-20T18:56:00.000Z,2026-01-20T20:11:00.000Z,BUY,0.01,1,1,10.00,1,17120.00
2026-01-20T20:11:00.000Z,2026-01-21T01:46:00.000Z,BUY,0.01,1,1,10.00,1,17130.00
2026-01-21T01:46:00.000Z,2026-01-21T02:42:00.000Z,BUY,0.01,1,1,10.00,1,17140.00
2026-01-21T02:42:00.000Z,2026-01-21T03:06:00.000Z,BUY,0.01,1,1,10.00,1,17150.00
2026-01-21T03:06:00.000Z,2026-01-21T03:13:00.000Z,BUY,0.01,1,1,10.00,1,17160.00
2026-01-21T03:13:00.000Z,2026-01-21T03:24:00.000Z,BUY,0.01,1,1,10.00,1,17170.00
2026-01-21T03:24:00.000Z,2026-01-21T03:29:00.000Z,BUY,0.01,1,1,10.00,1,17180.00
2026-01-21T03:29:00.000Z,2026-01-21T03:30:00.000Z,BUY,0.01,1,1,10.00,1,17190.00
2026-01-21T03:30:00.000Z,2026-01-21T05:04:00.000Z,BUY,0.01,3,1,10.00,3,17200.00
2026-01-21T05:04:00.000Z,2026-01-21T06:35:00.000Z,BUY,0.01,1,1,10.00,1,17210.00
2026-01-21T06:35:00.000Z,2026-01-21T06:55:00.000Z,BUY,0.01,1,1,10.00,1,17220.00
2026-01-21T06:55:00.000Z,2026-01-21T07:34:00.000Z,BUY,0.01,1,1,10.00,1,17230.00
2026-01-21T07:34:00.000Z,2026-01-21T08:27:00.000Z,BUY,0.01,1,1,10.00,1,17240.00
2026-01-21T08:27:00.000Z,2026-01-21T08:46:00.000Z,BUY,0.01,2,1,10.00,2,17250.00
2026-01-21T08:46:00.000Z,2026-01-21T10:28:00.000Z,BUY,0.01,3,1,10.00,3,17260.00
2026-01-21T10:28:00.000Z,2026-01-21T15:38:00.000Z,BUY,0.01,1,1,10.00,1,17270.00
2026-01-21T15:38:00.000Z,2026-01-21T16:05:00.000Z,BUY,0.01,2,1,10.00,2,17280.00
2026-01-21T16:05:00.000Z,2026-01-21T16:05:00.000Z,BUY,0.01,1,1,10.00,1,17290.00
2026-01-21T16:05:00.000Z,2026-01-21T16:10:00.000Z,BUY,0.01,1,1,10.00,1,17300.00
2026-01-21T16:10:00.000Z,2026-01-21T17:19:00.000Z,BUY,0.01,4,1,10.00,4,17310.00
2026-01-21T17:19:00.000Z,2026-01-21T17:53:00.000Z,BUY,0.01,3,1,10.00,3,17320.00
2026-01-21T17:53:00.000Z,2026-01-21T19:03:00.000Z,BUY,0.01,4,1,10.00,4,17330.00
2026-01-21T19:03:00.000Z,2026-01-21T19:07:00.000Z,BUY,0.01,1,1,10.00,1,17340.00
2026-01-21T19:07:00.000Z,2026-01-21T20:47:00.000Z,BUY,0.01,3,1,10.00,3,17350.00
2026-01-21T20:47:00.000Z,2026-01-21T20:59:00.000Z,BUY,0.01,1,1,10.00,1,17360.00
2026-01-21T20:59:00.000Z,2026-01-21T21:27:00.000Z,BUY,0.01,2,1,10.00,2,17370.00
2026-01-21T21:27:00.000Z,2026-01-21T21:35:00.000Z,BUY,0.01,2,1,10.00,2,17380.00
2026-01-21T21:35:00.000Z,2026-01-21T21:51:00.000Z,BUY,0.01,2,1,10.00,2,17390.00
2026-01-21T21:51:00.000Z,2026-01-21T21:54:00.000Z,BUY,0.01,1,1,10.00,1,17400.00
2026-01-21T21:54:00.000Z,2026-01-21T21:57:00.000Z,BUY,0.01,1,1,10.00,1,17410.00
2026-01-21T21:57:00.000Z,2026-01-21T22:15:00.000Z,BUY,0.01,1,1,10.00,1,17420.00
2026-01-21T22:15:00.000Z,2026-01-21T22:21:00.000Z,BUY,0.01,1,1,10.00,1,17430.00
2026-01-21T22:21:00.000Z,2026-01-21T22:31:00.000Z,BUY,0.01,1,1,10.00,1,17440.00
2026-01-21T22:31:00.000Z,2026-01-21T22:44:00.000Z,BUY,0.01,1,1,10.00,1,17450.00
2026-01-21T22:44:00.000Z,2026-01-21T23:19:00.000Z,BUY,0.01,1,1,10.00,1,17460.00
2026-01-21T23:19:00.000Z,2026-01-22T01:23:00.000Z,BUY,0.01,2,1,10.00,2,17470.00
2026-01-22T01:23:00.000Z,2026-01-22T07:50:00.000Z,BUY,0.01,5,1,10.00,5,17480.00
2026-01-22T07:50:00.000Z,2026-01-22T16:33:00.000Z,SELL,0.01,4,1,10.00,4,17490.00
2026-01-22T16:33:00.000Z,2026-01-22T17:26:00.000Z,BUY,0.01,1,1,10.00,1,17500.00
2026-01-22T17:26:00.000Z,2026-01-22T17:34:00.000Z,BUY,0.01,1,1,10.00,1,17510.00
2026-01-22T17:34:00.000Z,2026-01-22T17:53:00.000Z,BUY,0.01,1,1,10.00,1,17520.00
2026-01-22T17:53:00.000Z,2026-01-22T18:38:00.000Z,BUY,0.01,1,1,10.00,1,17530.00
2026-01-22T18:38:00.000Z,2026-01-22T19:27:00.000Z,BUY,0.01,1,1,10.00,1,17540.00
2026-01-22T19:27:00.000Z,2026-01-22T19:49:00.000Z,BUY,0.01,1,1,10.00,1,17550.00
2026-01-22T19:49:00.000Z,2026-01-22T20:08:00.000Z,BUY,0.01,1,1,10.00,1,17560.00
2026-01-22T20:08:00.000Z,2026-01-22T21:07:00.000Z,BUY,0.01,1,1,10.00,1,17570.00
2026-01-22T21:07:00.000Z,2026-01-22T23:34:00.000Z,BUY,0.01,1,1,10.00,1,17580.00
2026-01-22T23:34:00.000Z,2026-01-23T01:00:00.000Z,BUY,0.01,1,1,10.00,1,17590.00
2026-01-23T01:00:00.000Z,2026-01-23T01:08:00.000Z,BUY,0.01,1,1,10.00,1,17600.00
2026-01-23T01:08:00.000Z,2026-01-23T02:59:00.000Z,BUY,0.01,3,1,10.00,3,17610.00
2026-01-23T02:59:00.000Z,2026-01-23T10:20:00.000Z,BUY,0.01,4,1,10.00,4,17620.00
2026-01-23T10:20:00.000Z,2026-01-23T10:28:00.000Z,BUY,0.01,2,1,10.00,2,17630.00
2026-01-23T10:28:00.000Z,2026-01-23T10:30:00.000Z,BUY,0.01,1,1,10.00,1,17640.00
2026-01-23T10:30:00.000Z,2026-01-23T10:43:00.000Z,BUY,0.01,1,1,10.00,1,17650.00
2026-01-23T10:43:00.000Z,2026-01-23T14:15:00.000Z,BUY,0.01,3,1,10.00,3,17660.00
2026-01-23T14:15:00.000Z,2026-01-23T15:06:00.000Z,BUY,0.01,1,1,10.00,1,17670.00
2026-01-23T15:06:00.000Z,2026-01-23T16:51:00.000Z,BUY,0.01,3,1,10.00,3,17680.00
2026-01-23T16:51:00.000Z,2026-01-23T18:04:00.000Z,BUY,0.01,1,1,10.00,1,17690.00
2026-01-23T18:04:00.000Z,2026-01-23T18:11:00.000Z,BUY,0.01,1,1,10.00,1,17700.00
2026-01-23T18:11:00.000Z,2026-01-23T18:27:00.000Z,BUY,0.01,1,1,10.00,1,17710.00
2026-01-23T18:27:00.000Z,2026-01-26T01:00:00.000Z,BUY,0.01,3,1,10.00,3,17720.00
2026-01-26T01:00:00.000Z,2026-01-26T01:00:00.000Z,BUY,0.01,1,1,10.00,1,17730.00
2026-01-26T01:00:00.000Z,2026-01-26T01:01:00.000Z,BUY,0.01,1,1,10.00,1,17740.00
2026-01-26T01:01:00.000Z,2026-01-26T01:03:00.000Z,BUY,0.01,1,1,10.00,1,17750.00
2026-01-26T01:03:00.000Z,2026-01-26T01:54:00.000Z,BUY,0.01,3,1,10.00,3,17760.00
2026-01-26T01:54:00.000Z,2026-01-26T02:33:00.000Z,BUY,0.01,1,1,10.00,1,17770.00
2026-01-26T02:33:00.000Z,2026-01-26T03:13:00.000Z,BUY,0.01,1,1,10.00,1,17780.00
2026-01-26T03:13:00.000Z,2026-01-26T03:23:00.000Z,BUY,0.01,1,1,10.00,1,17790.00
2026-01-26T03:23:00.000Z,2026-01-26T03:32:00.000Z,BUY,0.01,1,1,10.00,1,17800.00
2026-01-26T03:32:00.000Z,2026-01-26T04:25:00.000Z,BUY,0.01,1,1,10.00,1,17810.00
2026-01-26T04:25:00.000Z,2026-01-26T06:46:00.000Z,BUY,0.01,2,1,10.00,2,17820.00
2026-01-26T06:46:00.000Z,2026-01-26T06:56:00.000Z,BUY,0.01,1,1,10.00,1,17830.00
2026-01-26T06:56:00.000Z,2026-01-26T08:01:00.000Z,BUY,0.01,1,1,10.00,1,17840.00
2026-01-26T08:01:00.000Z,2026-01-26T08:43:00.000Z,BUY,0.01,1,1,10.00,1,17850.00
2026-01-26T08:43:00.000Z,2026-01-26T08:46:00.000Z,BUY,0.01,1,1,10.00,1,17860.00
2026-01-26T08:46:00.000Z,2026-01-26T08:48:00.000Z,BUY,0.01,1,1,10.00,1,17870.00
2026-01-26T08:48:00.000Z,2026-01-26T08:58:00.000Z,BUY,0.01,2,1,10.00,2,17880.00
2026-01-26T08:58:00.000Z,2026-01-26T09:13:00.000Z,BUY,0.01,1,1,10.00,1,17890.00
2026-01-26T09:13:00.000Z,2026-01-26T15:32:00.000Z,BUY,0.01,2,1,10.00,2,17900.00
2026-01-26T15:32:00.000Z,2026-01-26T15:42:00.000Z,BUY,0.01,1,1,10.00,1,17910.00
2026-01-26T15:42:00.000Z,2026-01-26T16:27:00.000Z,BUY,0.01,1,1,10.00,1,17920.00
2026-01-26T16:27:00.000Z,2026-01-26T16:52:00.000Z,BUY,0.01,1,1,10.00,1,17930.00
2026-01-26T16:52:00.000Z,2026-01-26T18:04:00.000Z,BUY,0.01,1,1,10.00,1,17940.00
2026-01-26T18:04:00.000Z,2026-01-26T18:29:00.000Z,BUY,0.01,2,1,10.00,2,17950.00
2026-01-26T18:29:00.000Z,2026-01-26T18:42:00.000Z,BUY,0.01,1,1,10.00,1,17960.00
2026-01-26T18:42:00.000Z,2026-01-26T18:58:00.000Z,BUY,0.01,1,1,10.00,1,17970.00
2026-01-26T18:58:00.000Z,2026-01-26T19:44:00.000Z,BUY,0.01,1,1,10.00,1,17980.00
2026-01-26T19:44:00.000Z,2026-01-26T20:34:00.000Z,BUY,0.01,2,1,10.00,2,17990.00
2026-01-26T20:34:00.000Z,2026-01-26T20:50:00.000Z,BUY,0.01,1,1,10.00,1,18000.00
2026-01-26T20:50:00.000Z,2026-01-26T21:02:00.000Z,BUY,0.01,2,1,10.00,2,18010.00
2026-01-26T21:02:00.000Z,2026-01-26T21:08:00.000Z,BUY,0.01,1,1,10.00,1,18020.00
2026-01-26T21:08:00.000Z,2026-01-26T21:21:00.000Z,BUY,0.01,2,1,10.00,2,18030.00
2026-01-26T21:21:00.000Z,2026-01-26T21:34:00.000Z,BUY,0.01,1,1,10.00,1,18040.00
2026-01-26T21:34:00.000Z,2026-01-26T21:48:00.000Z,BUY,0.01,2,1,10.00,2,18050.00
2026-01-26T21:48:00.000Z,2026-01-26T21:52:00.000Z,BUY,0.01,1,1,10.00,1,18060.00
2026-01-26T21:52:00.000Z,2026-01-26T22:00:00.000Z,BUY,0.01,1,1,10.00,1,18070.00
2026-01-26T22:00:00.000Z,2026-01-26T22:05:00.000Z,BUY,0.01,1,1,10.00,1,18080.00
2026-01-26T22:05:00.000Z,2026-01-26T22:12:00.000Z,BUY,0.01,1,1,10.00,1,18090.00
2026-01-26T22:12:00.000Z,2026-01-26T23:17:00.000Z,BUY,0.01,2,1,10.00,2,18100.00
2026-01-26T23:17:00.000Z,2026-01-26T23:36:00.000Z,BUY,0.01,2,1,10.00,2,18110.00
2026-01-26T23:36:00.000Z,2026-01-26T23:40:00.000Z,BUY,0.01,1,1,10.00,1,18120.00
2026-01-26T23:40:00.000Z,2026-01-26T23:41:00.000Z,BUY,0.01,1,1,10.00,1,18130.00
2026-01-26T23:41:00.000Z,2026-01-27T01:00:00.000Z,BUY,0.01,1,1,10.00,1,18140.00
2026-01-27T01:00:00.000Z,2026-01-27T01:04:00.000Z,BUY,0.01,1,1,10.00,1,18150.00
2026-01-27T01:04:00.000Z,2026-01-27T01:17:00.000Z,BUY,0.01,1,1,10.00,1,18160.00
2026-01-27T01:17:00.000Z,2026-01-27T01:41:00.000Z,BUY,0.01,1,1,10.00,1,18170.00
2026-01-27T01:41:00.000Z,2026-01-27T02:48:00.000Z,BUY,0.01,2,1,10.00,2,18180.00
2026-01-27T02:48:00.000Z,2026-01-27T02:58:00.000Z,BUY,0.01,1,1,10.00,1,18190.00
2026-01-27T02:58:00.000Z,2026-01-27T03:06:00.000Z,BUY,0.01,1,1,10.00,1,18200.00
2026-01-27T03:06:00.000Z,2026-01-27T03:15:00.000Z,SELL,0.01,2,1,10.00,2,18210.00
2026-01-27T03:15:00.000Z,2026-01-27T03:16:00.000Z,SELL,0.01,1,1,10.00,1,18220.00
2026-01-27T03:16:00.000Z,2026-01-27T03:41:00.000Z,SELL,0.01,1,1,10.00,1,18230.00
2026-01-27T03:41:00.000Z,2026-01-27T07:51:00.000Z,SELL,0.01,2,1,10.00,2,18240.00
2026-01-27T07:51:00.000Z,2026-01-27T09:31:00.000Z,BUY,0.01,1,1,10.00,1,18250.00
2026-01-27T09:31:00.000Z,2026-01-27T16:05:00.000Z,BUY,0.01,4,1,10.00,4,18260.00
2026-01-27T16:05:00.000Z,2026-01-27T16:36:00.000Z,BUY,0.01,1,1,10.00,1,18270.00
2026-01-27T16:36:00.000Z,2026-01-27T17:38:00.000Z,BUY,0.01,3,1,10.00,3,18280.00
2026-01-27T17:38:00.000Z,2026-01-27T18:11:00.000Z,BUY,0.01,1,1,10.00,1,18290.00
2026-01-27T18:11:00.000Z,2026-01-27T22:03:00.000Z,BUY,0.01,1,1,10.00,1,18300.00
2026-01-27T22:03:00.000Z,2026-01-27T22:03:00.000Z,BUY,0.01,1,1,10.00,1,18310.00
2026-01-27T22:03:00.000Z,2026-01-27T22:09:00.000Z,BUY,0.01,1,1,10.00,1,18320.00
2026-01-27T22:09:00.000Z,2026-01-27T22:11:00.000Z,BUY,0.01,1,1,10.00,1,18330.00
2026-01-27T22:11:00.000Z,2026-01-27T22:20:00.000Z,BUY,0.01,1,1,10.00,1,18340.00
2026-01-27T22:20:00.000Z,2026-01-27T22:46:00.000Z,BUY,0.01,1,1,10.00,1,18350.00
2026-01-27T22:46:00.000Z,2026-01-27T22:48:00.000Z,BUY,0.01,1,1,10.00,1,18360.00
2026-01-27T22:48:00.000Z,2026-01-27T22:55:00.000Z,BUY,0.01,1,1,10.00,1,18370.00
2026-01-27T22:55:00.000Z,2026-01-27T23:45:00.000Z,BUY,0.01,1,1,10.00,1,18380.00
2026-01-27T23:45:00.000Z,2026-01-28T02:05:00.000Z,BUY,0.01,2,1,10.00,2,18390.00
2026-01-28T02:05:00.000Z,2026-01-28T02:37:00.000Z,BUY,0.01,1,1,10.00,1,18400.00
2026-01-28T02:37:00.000Z,2026-01-28T02:55:00.000Z,BUY,0.01,1,1,10.00,1,18410.00
2026-01-28T02:55:00.000Z,2026-01-28T03:06:00.000Z,BUY,0.01,1,1,10.00,1,18420.00
2026-01-28T03:06:00.000Z,2026-01-28T03:07:00.000Z,BUY,0.01,1,1,10.00,1,18430.00
2026-01-28T03:07:00.000Z,2026-01-28T03:41:00.000Z,BUY,0.01,3,1,10.00,3,18440.00
2026-01-28T03:41:00.000Z,2026-01-28T03:45:00.000Z,BUY,0.01,1,1,10.00,1,18450.00
2026-01-28T03:45:00.000Z,2026-01-28T04:54:00.000Z,BUY,0.01,1,1,10.00,1,18460.00
2026-01-28T04:54:00.000Z,2026-01-28T05:05:00.000Z,BUY,0.01,1,1,10.00,1,18470.00
2026-01-28T05:05:00.000Z,2026-01-28T07:06:00.000Z,BUY,0.01,1,1,10.00,1,18480.00
2026-01-28T07:06:00.000Z,2026-01-28T07:24:00.000Z,BUY,0.01,1,1,10.00,1,18490.00
2026-01-28T07:24:00.000Z,2026-01-28T08:53:00.000Z,BUY,0.01,1,1,10.00,1,18500.00
2026-01-28T08:53:00.000Z,2026-01-28T09:19:00.000Z,BUY,0.01,1,1,10.00,1,18510.00
2026-01-28T09:19:00.000Z,2026-01-28T09:53:00.000Z,BUY,0.01,1,1,10.00,1,18520.00
2026-01-28T09:53:00.000Z,2026-01-28T10:30:00.000Z,BUY,0.01,1,1,10.00,1,18530.00
2026-01-28T10:30:00.000Z,2026-01-28T11:19:00.000Z,BUY,0.01,2,1,10.00,2,18540.00
2026-01-28T11:19:00.000Z,2026-01-28T12:09:00.000Z,BUY,0.01,1,1,10.00,1,18550.00
2026-01-28T12:09:00.000Z,2026-01-28T13:04:00.000Z,BUY,0.01,2,1,10.00,2,18560.00
2026-01-28T13:04:00.000Z,2026-01-28T13:15:00.000Z,BUY,0.01,1,1,10.00,1,18570.00
2026-01-28T13:15:00.000Z,2026-01-28T14:43:00.000Z,BUY,0.01,1,1,10.00,1,18580.00
2026-01-28T14:43:00.000Z,2026-01-28T15:02:00.000Z,BUY,0.01,1,1,10.00,1,18590.00
2026-01-28T15:02:00.000Z,2026-01-28T16:06:00.000Z,BUY,0.01,2,1,10.00,2,18600.00
2026-01-28T16:06:00.000Z,2026-01-28T16:10:00.000Z,BUY,0.01,1,1,10.00,1,18610.00
2026-01-28T16:10:00.000Z,2026-01-28T16:35:00.000Z,BUY,0.01,1,1,10.00,1,18620.00
2026-01-28T16:35:00.000Z,2026-01-28T16:42:00.000Z,BUY,0.01,1,1,10.00,1,18630.00
2026-01-28T16:42:00.000Z,2026-01-28T17:00:00.000Z,BUY,0.01,1,1,10.00,1,18640.00
2026-01-28T17:00:00.000Z,2026-01-28T17:07:00.000Z,BUY,0.01,2,1,10.00,2,18650.00
2026-01-28T17:07:00.000Z,2026-01-28T17:23:00.000Z,BUY,0.01,3,1,10.00,3,18660.00
2026-01-28T17:23:00.000Z,2026-01-28T17:41:00.000Z,BUY,0.01,1,1,10.00,1,18670.00
2026-01-28T17:41:00.000Z,2026-01-28T18:46:00.000Z,BUY,0.01,1,1,10.00,1,18680.00
2026-01-28T18:46:00.000Z,2026-01-28T19:00:00.000Z,BUY,0.01,1,1,10.00,1,18690.00
2026-01-28T19:00:00.000Z,2026-01-28T20:20:00.000Z,BUY,0.01,3,1,10.00,3,18700.00
2026-01-28T20:20:00.000Z,2026-01-28T20:24:00.000Z,BUY,0.01,1,1,10.00,1,18710.00
2026-01-28T20:24:00.000Z,2026-01-28T20:30:00.000Z,BUY,0.01,2,1,10.00,2,18720.00
2026-01-28T20:30:00.000Z,2026-01-28T21:37:00.000Z,BUY,0.01,3,1,10.00,3,18730.00
2026-01-28T21:37:00.000Z,2026-01-28T21:48:00.000Z,BUY,0.01,1,1,10.00,1,18740.00
2026-01-28T21:48:00.000Z,2026-01-28T21:57:00.000Z,BUY,0.01,1,1,10.00,1,18750.00
2026-01-28T21:57:00.000Z,2026-01-28T22:01:00.000Z,BUY,0.01,1,1,10.00,1,18760.00
2026-01-28T22:01:00.000Z,2026-01-28T22:26:00.000Z,BUY,0.01,1,1,10.00,1,18770.00
2026-01-28T22:26:00.000Z,2026-01-28T22:30:00.000Z,BUY,0.01,1,1,10.00,1,18780.00
2026-01-28T22:30:00.000Z,2026-01-28T22:36:00.000Z,BUY,0.01,1,1,10.00,1,18790.00
2026-01-28T22:36:00.000Z,2026-01-28T22:38:00.000Z,BUY,0.01,1,1,10.00,1,18800.00
2026-01-28T22:38:00.000Z,2026-01-28T22:42:00.000Z,BUY,0.01,1,1,10.00,1,18810.00
2026-01-28T22:42:00.000Z,2026-01-28T23:48:00.000Z,BUY,0.01,1,1,10.00,1,18820.00
2026-01-28T23:48:00.000Z,2026-01-28T23:53:00.000Z,BUY,0.01,1,1,10.00,1,18830.00
2026-01-28T23:53:00.000Z,2026-01-28T23:58:00.000Z,BUY,0.01,1,1,10.00,1,18840.00
2026-01-28T23:58:00.000Z,2026-01-29T01:01:00.000Z,BUY,0.01,1,1,10.00,1,18850.00
2026-01-29T01:01:00.000Z,2026-01-29T01:01:00.000Z,BUY,0.01,1,1,10.00,1,18860.00
2026-01-29T01:01:00.000Z,2026-01-29T01:01:00.000Z,BUY,0.01,1,1,10.00,1,18870.00
2026-01-29T01:01:00.000Z,2026-01-29T01:12:00.000Z,BUY,0.01,1,1,10.00,1,18880.00
2026-01-29T01:12:00.000Z,2026-01-29T01:13:00.000Z,BUY,0.01,1,1,10.00,1,18890.00
2026-01-29T01:13:00.000Z,2026-01-29T01:15:00.000Z,BUY,0.01,1,1,10.00,1,18900.00
2026-01-29T01:15:00.000Z,2026-01-29T01:16:00.000Z,BUY,0.01,1,1,10.00,1,18910.00
2026-01-29T01:16:00.000Z,2026-01-29T01:30:00.000Z,BUY,0.01,1,1,10.00,1,18920.00
2026-01-29T01:30:00.000Z,2026-01-29T01:35:00.000Z,BUY,0.01,1,1,10.00,1,18930.00
2026-01-29T01:35:00.000Z,2026-01-29T01:36:00.000Z,BUY,0.01,1,1,10.00,1,18940.00
2026-01-29T01:36:00.000Z,2026-01-29T01:37:00.000Z,BUY,0.01,1,1,10.00,1,18950.00
2026-01-29T01:37:00.000Z,2026-01-29T01:37:00.000Z,BUY,0.01,1,1,10.00,1,18960.00
2026-01-29T01:37:00.000Z,2026-01-29T01:38:00.000Z,BUY,0.01,1,1,10.00,1,18970.00
2026-01-29T01:38:00.000Z,2026-01-29T01:38:00.000Z,BUY,0.01,1,1,10.00,1,18980.00
2026-01-29T01:38:00.000Z,2026-01-29T01:38:00.000Z,BUY,0.01,1,1,10.00,1,18990.00
2026-01-29T01:38:00.000Z,2026-01-29T01:39:00.000Z,BUY,0.01,3,1,10.00,3,19000.00
2026-01-29T01:39:00.000Z,2026-01-29T01:39:00.000Z,BUY,0.01,1,1,10.00,1,19010.00
2026-01-29T01:39:00.000Z,2026-01-29T01:40:00.000Z,BUY,0.01,2,1,10.00,2,19020.00
2026-01-29T01:40:00.000Z,2026-01-29T01:40:00.000Z,BUY,0.01,1,1,10.00,1,19030.00
2026-01-29T01:40:00.000Z,2026-01-29T01:44:00.000Z,BUY,0.01,2,1,10.00,2,19040.00
2026-01-29T01:44:00.000Z,2026-01-29T01:47:00.000Z,BUY,0.01,2,1,10.00,2,19050.00
2026-01-29T01:47:00.000Z,2026-01-29T01:48:00.000Z,BUY,0.01,1,1,10.00,1,19060.00
2026-01-29T01:48:00.000Z,2026-01-29T01:54:00.000Z,BUY,0.01,2,1,10.00,2,19070.00
2026-01-29T01:54:00.000Z,2026-01-29T01:56:00.000Z,BUY,0.01,1,1,10.00,1,19080.00
2026-01-29T01:56:00.000Z,2026-01-29T01:56:00.000Z,BUY,0.01,1,1,10.00,1,19090.00
2026-01-29T01:56:00.000Z,2026-01-29T01:56:00.000Z,BUY,0.01,1,1,10.00,1,19100.00
2026-01-29T01:56:00.000Z,2026-01-29T02:00:00.000Z,BUY,0.01,2,1,10.00,2,19110.00
2026-01-29T02:00:00.000Z,2026-01-29T02:01:00.000Z,BUY,0.01,2,1,10.00,2,19120.00
2026-01-29T02:01:00.000Z,2026-01-29T02:02:00.000Z,BUY,0.01,1,1,10.00,1,19130.00
2026-01-29T02:02:00.000Z,2026-01-29T02:02:00.000Z,BUY,0.01,1,1,10.00,1,19140.00
2026-01-29T02:02:00.000Z,2026-01-29T02:06:00.000Z,BUY,0.01,1,1,10.00,1,19150.00
2026-01-29T02:06:00.000Z,2026-01-29T02:07:00.000Z,BUY,0.01,1,1,10.00,1,19160.00
2026-01-29T02:07:00.000Z,2026-01-29T02:20:00.000Z,BUY,0.01,2,1,10.00,2,19170.00
2026-01-29T02:20:00.000Z,2026-01-29T02:25:00.000Z,BUY,0.01,1,1,10.00,1,19180.00
2026-01-29T02:25:00.000Z,2026-01-29T02:27:00.000Z,BUY,0.01,1,1,10.00,1,19190.00
2026-01-29T02:27:00.000Z,2026-01-29T02:32:00.000Z,BUY,0.01,1,1,10.00,1,19200.00
2026-01-29T02:32:00.000Z,2026-01-29T02:33:00.000Z,BUY,0.01,1,1,10.00,1,19210.00
2026-01-29T02:33:00.000Z,2026-01-29T02:35:00.000Z,BUY,0.01,1,1,10.00,1,19220.00
2026-01-29T02:35:00.000Z,2026-01-29T02:42:00.000Z,BUY,0.01,2,1,10.00,2,19230.00
2026-01-29T02:42:00.000Z,2026-01-29T02:43:00.000Z,BUY,0.01,1,1,10.00,1,19240.00
2026-01-29T02:43:00.000Z,2026-01-29T02:47:00.000Z,BUY,0.01,1,1,10.00,1,19250.00
2026-01-29T02:47:00.000Z,2026-01-29T03:00:00.000Z,BUY,0.01,1,1,10.00,1,19260.00
2026-01-29T03:00:00.000Z,2026-01-29T03:00:00.000Z,BUY,0.01,2,1,10.00,2,19270.00
2026-01-29T03:00:00.000Z,2026-01-29T03:01:00.000Z,BUY,0.01,1,1,10.00,1,19280.00
2026-01-29T03:01:00.000Z,2026-01-29T03:02:00.000Z,BUY,0.01,2,1,10.00,2,19290.00
2026-01-29T03:02:00.000Z,2026-01-29T03:02:00.000Z,BUY,0.01,1,1,10.00,1,19300.00
2026-01-29T03:02:00.000Z,2026-01-29T03:09:00.000Z,BUY,0.01,2,1,10.00,2,19310.00
2026-01-29T03:09:00.000Z,2026-01-29T03:11:00.000Z,BUY,0.01,1,1,10.00,1,19320.00
2026-01-29T03:11:00.000Z,2026-01-29T03:12:00.000Z,BUY,0.01,1,1,10.00,1,19330.00
2026-01-29T03:12:00.000Z,2026-01-29T03:15:00.000Z,BUY,0.01,1,1,10.00,1,19340.00
2026-01-29T03:15:00.000Z,2026-01-29T03:19:00.000Z,BUY,0.01,1,1,10.00,1,19350.00
2026-01-29T03:19:00.000Z,2026-01-29T03:24:00.000Z,BUY,0.01,1,1,10.00,1,19360.00
2026-01-29T03:24:00.000Z,2026-01-29T03:30:00.000Z,BUY,0.01,1,1,10.00,1,19370.00
2026-01-29T03:30:00.000Z,2026-01-29T03:40:00.000Z,BUY,0.01,1,1,10.00,1,19380.00
2026-01-29T03:40:00.000Z,2026-01-29T03:40:00.000Z,BUY,0.01,1,1,10.00,1,19390.00
2026-01-29T03:40:00.000Z,2026-01-29T03:42:00.000Z,BUY,0.01,1,1,10.00,1,19400.00
2026-01-29T03:42:00.000Z,2026-01-29T04:02:00.000Z,BUY,0.01,4,1,10.00,4,19410.00
2026-01-29T04:02:00.000Z,2026-01-29T04:11:00.000Z,BUY,0.01,1,1,10.00,1,19420.00
2026-01-29T04:11:00.000Z,2026-01-29T04:33:00.000Z,BUY,0.01,1,1,10.00,1,19430.00
2026-01-29T04:33:00.000Z,2026-01-29T04:37:00.000Z,BUY,0.01,1,1,10.00,1,19440.00
2026-01-29T04:37:00.000Z,2026-01-29T04:42:00.000Z,BUY,0.01,2,1,10.00,2,19450.00
2026-01-29T04:42:00.000Z,2026-01-29T04:43:00.000Z,BUY,0.01,1,1,10.00,1,19460.00
2026-01-29T04:43:00.000Z,2026-01-29T04:49:00.000Z,BUY,0.01,1,1,10.00,1,19470.00
2026-01-29T04:49:00.000Z,2026-01-29T05:04:00.000Z,BUY,0.01,2,1,10.00,2,19480.00
2026-01-29T05:04:00.000Z,2026-01-29T05:05:00.000Z,BUY,0.01,1,1,10.00,1,19490.00
2026-01-29T05:05:00.000Z,2026-01-29T05:11:00.000Z,BUY,0.01,1,1,10.00,1,19500.00
2026-01-29T05:11:00.000Z,2026-01-29T05:14:00.000Z,BUY,0.01,1,1,10.00,1,19510.00
2026-01-29T05:14:00.000Z,2026-01-29T06:01:00.000Z,BUY,0.01,3,1,10.00,3,19520.00
2026-01-29T06:01:00.000Z,2026-01-29T06:34:00.000Z,BUY,0.01,1,1,10.00,1,19530.00
2026-01-29T06:34:00.000Z,2026-01-29T07:21:00.000Z,BUY,0.01,2,1,10.00,2,19540.00
2026-01-29T07:21:00.000Z,2026-01-29T07:29:00.000Z,BUY,0.01,1,1,10.00,1,19550.00
2026-01-29T07:29:00.000Z,2026-01-29T07:31:00.000Z,BUY,0.01,1,1,10.00,1,19560.00
2026-01-29T07:31:00.000Z,2026-01-29T07:49:00.000Z,BUY,0.01,1,1,10.00,1,19570.00
2026-01-29T07:49:00.000Z,2026-01-29T08:00:00.000Z,BUY,0.01,1,1,10.00,1,19580.00
2026-01-29T08:00:00.000Z,2026-01-29T08:04:00.000Z,BUY,0.01,1,1,10.00,1,19590.00
2026-01-29T08:04:00.000Z,2026-01-29T08:22:00.000Z,BUY,0.01,1,1,10.00,1,19600.00
2026-01-29T08:22:00.000Z,2026-01-29T08:48:00.000Z,BUY,0.01,2,1,10.00,2,19610.00
2026-01-29T08:48:00.000Z,2026-01-29T08:49:00.000Z,BUY,0.01,1,1,10.00,1,19620.00
2026-01-29T08:49:00.000Z,2026-01-29T09:28:00.000Z,BUY,0.01,2,1,10.00,2,19630.00
2026-01-29T09:28:00.000Z,2026-01-29T09:31:00.000Z,BUY,0.01,1,1,10.00,1,19640.00
2026-01-29T09:31:00.000Z,2026-01-29T10:31:00.000Z,BUY,0.01,2,1,10.00,2,19650.00
2026-01-29T10:31:00.000Z,2026-01-29T10:43:00.000Z,BUY,0.01,2,1,10.00,2,19660.00
2026-01-29T10:43:00.000Z,2026-01-29T10:49:00.000Z,BUY,0.01,1,1,10.00,1,19670.00
2026-01-29T10:49:00.000Z,2026-01-29T10:52:00.000Z,BUY,0.01,1,1,10.00,1,19680.00
2026-01-29T10:52:00.000Z,2026-01-29T11:40:00.000Z,BUY,0.01,1,1,10.00,1,19690.00
2026-01-29T11:40:00.000Z,2026-01-29T12:56:00.000Z,BUY,0.01,4,1,10.00,4,19700.00
2026-01-29T12:56:00.000Z,2026-01-29T13:12:00.000Z,BUY,0.01,3,1,10.00,3,19710.00
2026-01-29T13:12:00.000Z,2026-01-29T13:22:00.000Z,BUY,0.01,1,1,10.00,1,19720.00
2026-01-29T13:22:00.000Z,2026-01-29T13:47:00.000Z,BUY,0.01,1,1,10.00,1,19730.00
2026-01-29T13:47:00.000Z,2026-01-29T14:13:00.000Z,BUY,0.01,1,1,10.00,1,19740.00
2026-01-29T14:13:00.000Z,2026-01-29T15:35:00.000Z,BUY,0.01,2,1,10.00,2,19750.00
2026-01-29T15:35:00.000Z,2026-01-29T15:39:00.000Z,BUY,0.01,1,1,10.00,1,19760.00
2026-01-29T15:39:00.000Z,2026-01-29T15:42:00.000Z,BUY,0.01,1,1,10.00,1,19770.00
2026-01-29T15:42:00.000Z,2026-01-29T16:08:00.000Z,BUY,0.01,1,1,10.00,1,19780.00
2026-01-29T16:08:00.000Z,2026-01-29T16:27:00.000Z,BUY,0.01,1,1,10.00,1,19790.00
2026-01-29T16:27:00.000Z,2026-01-29T16:35:00.000Z,BUY,0.01,2,1,10.00,2,19800.00
2026-01-29T16:35:00.000Z,2026-01-29T16:38:00.000Z,BUY,0.01,1,1,10.00,1,19810.00
2026-01-29T16:38:00.000Z,2026-01-29T16:39:00.000Z,BUY,0.01,1,1,10.00,1,19820.00
2026-01-29T16:39:00.000Z,2026-01-29T16:46:00.000Z,BUY,0.01,2,1,10.00,2,19830.00
2026-01-29T16:46:00.000Z,2026-01-29T16:49:00.000Z,BUY,0.01,1,1,10.00,1,19840.00
2026-01-29T16:49:00.000Z,2026-01-29T17:00:00.000Z,BUY,0.01,4,1,10.00,4,19850.00
2026-01-29T17:00:00.000Z,2026-01-29T17:02:00.000Z,BUY,0.01,2,1,10.00,2,19860.00
2026-01-29T17:02:00.000Z,2026-01-29T17:05:00.000Z,BUY,0.01,1,1,10.00,1,19870.00
2026-01-29T17:05:00.000Z,2026-01-29T17:07:00.000Z,BUY,0.01,2,1,10.00,2,19880.00
2026-01-29T17:07:00.000Z,2026-01-29T17:10:00.000Z,BUY,0.01,2,1,10.00,2,19890.00
2026-01-29T17:10:00.000Z,2026-01-29T17:10:00.000Z,BUY,0.01,1,1,10.00,1,19900.00
2026-01-29T17:10:00.000Z,2026-01-29T17:11:00.000Z,BUY,0.01,1,1,10.00,1,19910.00
2026-01-29T17:11:00.000Z,2026-01-29T17:14:00.000Z,BUY,0.01,4,1,10.00,4,19920.00
2026-01-29T17:14:00.000Z,2026-01-29T17:15:00.000Z,BUY,0.01,2,1,10.00,2,19930.00
2026-01-29T17:15:00.000Z,2026-01-29T17:16:00.000Z,BUY,0.01,2,1,10.00,2,19940.00
2026-01-29T17:16:00.000Z,2026-01-29T17:16:00.000Z,BUY,0.01,2,1,10.00,2,19950.00
2026-01-29T17:16:00.000Z,2026-01-29T17:16:00.000Z,BUY,0.01,1,1,10.00,1,19960.00
2026-01-29T17:16:00.000Z,2026-01-29T17:17:00.000Z,BUY,0.01,2,1,10.00,2,19970.00
2026-01-29T17:17:00.000Z,2026-01-29T17:17:00.000Z,BUY,0.01,1,1,10.00,1,19980.00
2026-01-29T17:17:00.000Z,2026-01-29T17:18:00.000Z,BUY,0.01,1,1,10.00,1,19990.00
2026-01-29T17:18:00.000Z,2026-01-29T17:18:00.000Z,BUY,0.01,1,1,10.00,1,20000.00
2026-01-29T17:18:00.000Z,2026-01-29T17:18:00.000Z,BUY,0.02,1,1,20.00,1,20020.00
2026-01-29T17:18:00.000Z,2026-01-29T17:18:00.000Z,BUY,0.02,1,1,20.00,1,20040.00
2026-01-29T17:18:00.000Z,2026-01-29T17:18:00.000Z,BUY,0.02,1,1,20.00,1,20060.00
2026-01-29T17:18:00.000Z,2026-01-29T17:19:00.000Z,BUY,0.02,2,1,20.00,2,20080.00
2026-01-29T17:19:00.000Z,2026-01-29T17:19:00.000Z,BUY,0.02,1,1,20.00,1,20100.00
2026-01-29T17:19:00.000Z,2026-01-29T17:20:00.000Z,BUY,0.02,1,1,20.00,1,20120.00
2026-01-29T17:20:00.000Z,2026-01-29T17:20:00.000Z,BUY,0.02,1,1,20.00,1,20140.00
2026-01-29T17:20:00.000Z,2026-01-29T17:21:00.000Z,BUY,0.02,1,1,20.00,1,20160.00
2026-01-29T17:21:00.000Z,2026-01-29T17:23:00.000Z,BUY,0.02,2,1,20.00,2,20180.00
2026-01-29T17:23:00.000Z,2026-01-29T17:24:00.000Z,BUY,0.02,2,1,20.00,2,20200.00
2026-01-29T17:24:00.000Z,2026-01-29T17:25:00.000Z,BUY,0.02,1,1,20.00,1,20220.00
2026-01-29T17:25:00.000Z,2026-01-29T17:26:00.000Z,BUY,0.02,2,1,20.00,2,20240.00
2026-01-29T17:26:00.000Z,2026-01-29T17:26:00.000Z,BUY,0.02,2,1,20.00,2,20260.00
2026-01-29T17:26:00.000Z,2026-01-29T17:27:00.000Z,BUY,0.02,1,1,20.00,1,20280.00
2026-01-29T17:27:00.000Z,2026-01-29T17:27:00.000Z,BUY,0.02,2,1,20.00,2,20300.00
2026-01-29T17:27:00.000Z,2026-01-29T17:27:00.000Z,BUY,0.02,2,1,20.00,2,20320.00
2026-01-29T17:27:00.000Z,2026-01-29T17:27:00.000Z,BUY,0.02,2,1,20.00,2,20340.00
2026-01-29T17:27:00.000Z,2026-01-29T17:27:00.000Z,BUY,0.02,2,1,20.00,2,20360.00
2026-01-29T17:27:00.000Z,2026-01-29T17:28:00.000Z,BUY,0.02,2,1,20.00,2,20380.00
2026-01-29T17:28:00.000Z,2026-01-29T17:28:00.000Z,BUY,0.02,1,1,20.00,1,20400.00
2026-01-29T17:28:00.000Z,2026-01-29T17:28:00.000Z,BUY,0.02,1,1,20.00,1,20420.00
2026-01-29T17:28:00.000Z,2026-01-29T17:28:00.000Z,BUY,0.02,1,1,20.00,1,20440.00
2026-01-29T17:28:00.000Z,2026-01-29T17:28:00.000Z,BUY,0.02,1,1,20.00,1,20460.00
2026-01-29T17:28:00.000Z,2026-01-29T17:28:00.000Z,BUY,0.02,1,1,20.00,1,20480.00
2026-01-29T17:28:00.000Z,2026-01-29T17:28:00.000Z,BUY,0.02,1,1,20.00,1,20500.00
2026-01-29T17:28:00.000Z,2026-01-29T17:28:00.000Z,BUY,0.02,1,1,20.00,1,20520.00
2026-01-29T17:28:00.000Z,2026-01-29T17:28:00.000Z,BUY,0.02,1,1,20.00,1,20540.00
2026-01-29T17:28:00.000Z,2026-01-29T17:28:00.000Z,BUY,0.02,1,1,20.00,1,20560.00
2026-01-29T17:28:00.000Z,2026-01-29T17:28:00.000Z,BUY,0.02,1,1,20.00,1,20580.00
2026-01-29T17:28:00.000Z,2026-01-29T17:28:00.000Z,BUY,0.02,2,1,20.00,2,20600.00
2026-01-29T17:28:00.000Z,2026-01-29T17:29:00.000Z,BUY,0.02,2,1,20.00,2,20620.00
2026-01-29T17:29:00.000Z,2026-01-29T17:29:00.000Z,BUY,0.02,3,1,20.00,3,20640.00
2026-01-29T17:29:00.000Z,2026-01-29T17:29:00.000Z,BUY,0.02,1,1,20.00,1,20660.00
2026-01-29T17:29:00.000Z,2026-01-29T17:29:00.000Z,BUY,0.02,1,1,20.00,1,20680.00
2026-01-29T17:29:00.000Z,2026-01-29T17:29:00.000Z,BUY,0.02,1,1,20.00,1,20700.00
2026-01-29T17:29:00.000Z,2026-01-29T17:29:00.000Z,BUY,0.02,1,1,20.00,1,20720.00
2026-01-29T17:29:00.000Z,2026-01-29T17:30:00.000Z,BUY,0.02,3,1,20.00,3,20740.00
2026-01-29T17:30:00.000Z,2026-01-29T17:30:00.000Z,BUY,0.02,1,1,20.00,1,20760.00
2026-01-29T17:30:00.000Z,2026-01-29T17:30:00.000Z,BUY,0.02,1,1,20.00,1,20780.00
2026-01-29T17:30:00.000Z,2026-01-29T17:30:00.000Z,BUY,0.02,1,1,20.00,1,20800.00
2026-01-29T17:30:00.000Z,2026-01-29T17:30:00.000Z,BUY,0.02,1,1,20.00,1,20820.00
2026-01-29T17:30:00.000Z,2026-01-29T17:31:00.000Z,BUY,0.02,2,1,20.00,2,20840.00
2026-01-29T17:31:00.000Z,2026-01-29T17:31:00.000Z,BUY,0.02,2,1,20.00,2,20860.00
2026-01-29T17:31:00.000Z,2026-01-29T17:32:00.000Z,BUY,0.02,2,1,20.00,2,20880.00
2026-01-29T17:32:00.000Z,2026-01-29T17:33:00.000Z,BUY,0.02,2,1,20.00,2,20900.00
2026-01-29T17:33:00.000Z,2026-01-29T17:33:00.000Z,BUY,0.02,1,1,20.00,1,20920.00
2026-01-29T17:33:00.000Z,2026-01-29T17:33:00.000Z,BUY,0.02,1,1,20.00,1,20940.00
2026-01-29T17:33:00.000Z,2026-01-29T17:33:00.000Z,BUY,0.02,1,1,20.00,1,20960.00
2026-01-29T17:33:00.000Z,2026-01-29T17:33:00.000Z,BUY,0.02,1,1,20.00,1,20980.00
2026-01-29T17:33:00.000Z,2026-01-29T17:34:00.000Z,BUY,0.02,1,1,20.00,1,21000.00
2026-01-29T17:34:00.000Z,2026-01-29T17:34:00.000Z,BUY,0.02,2,1,20.00,2,21020.00
2026-01-29T17:34:00.000Z,2026-01-29T17:35:00.000Z,BUY,0.02,1,1,20.00,1,21040.00
2026-01-29T17:35:00.000Z,2026-01-29T17:35:00.000Z,BUY,0.02,2,1,20.00,2,21060.00
2026-01-29T17:35:00.000Z,2026-01-29T17:36:00.000Z,BUY,0.02,2,1,20.00,2,21080.00
2026-01-29T17:36:00.000Z,2026-01-29T17:36:00.000Z,BUY,0.02,1,1,20.00,1,21100.00
2026-01-29T17:36:00.000Z,2026-01-29T17:36:00.000Z,BUY,0.02,1,1,20.00,1,21120.00
2026-01-29T17:36:00.000Z,2026-01-29T17:36:00.000Z,BUY,0.02,1,1,20.00,1,21140.00
2026-01-29T17:36:00.000Z,2026-01-29T17:36:00.000Z,BUY,0.02,1,1,20.00,1,21160.00
2026-01-29T17:36:00.000Z,2026-01-29T17:37:00.000Z,BUY,0.02,1,1,20.00,1,21180.00
2026-01-29T17:37:00.000Z,2026-01-29T17:37:00.000Z,BUY,0.02,1,1,20.00,1,21200.00
2026-01-29T17:37:00.000Z,2026-01-29T17:38:00.000Z,BUY,0.02,1,1,20.00,1,21220.00
2026-01-29T17:38:00.000Z,2026-01-29T17:38:00.000Z,BUY,0.02,1,1,20.00,1,21240.00
2026-01-29T17:38:00.000Z,2026-01-29T17:38:00.000Z,BUY,0.02,1,1,20.00,1,21260.00
2026-01-29T17:38:00.000Z,2026-01-29T17:38:00.000Z,BUY,0.02,1,1,20.00,1,21280.00
2026-01-29T17:38:00.000Z,2026-01-29T17:38:00.000Z,BUY,0.02,1,1,20.00,1,21300.00
2026-01-29T17:38:00.000Z,2026-01-29T17:39:00.000Z,BUY,0.02,1,1,20.00,1,21320.00
2026-01-29T17:39:00.000Z,2026-01-29T17:39:00.000Z,BUY,0.02,2,1,20.00,2,21340.00
2026-01-29T17:39:00.000Z,2026-01-29T17:40:00.000Z,BUY,0.02,2,1,20.00,2,21360.00
2026-01-29T17:40:00.000Z,2026-01-29T17:41:00.000Z,BUY,0.02,1,1,20.00,1,21380.00
2026-01-29T17:41:00.000Z,2026-01-29T17:42:00.000Z,BUY,0.02,2,1,20.00,2,21400.00
2026-01-29T17:42:00.000Z,2026-01-29T17:42:00.000Z,BUY,0.02,2,1,20.00,2,21420.00
2026-01-29T17:42:00.000Z,2026-01-29T17:43:00.000Z,BUY,0.02,1,1,20.00,1,21440.00
2026-01-29T17:43:00.000Z,2026-01-29T17:43:00.000Z,BUY,0.02,1,1,20.00,1,21460.00
2026-01-29T17:43:00.000Z,2026-01-29T17:44:00.000Z,BUY,0.02,2,1,20.00,2,21480.00
2026-01-29T17:44:00.000Z,2026-01-29T17:44:00.000Z,BUY,0.02,1,1,20.00,1,21500.00
2026-01-29T17:44:00.000Z,2026-01-29T17:45:00.000Z,BUY,0.02,1,1,20.00,1,21520.00
2026-01-29T17:45:00.000Z,2026-01-29T17:45:00.000Z,BUY,0.02,1,1,20.00,1,21540.00
2026-01-29T17:45:00.000Z,2026-01-29T17:45:00.000Z,BUY,0.02,1,1,20.00,1,21560.00
2026-01-29T17:45:00.000Z,2026-01-29T17:45:00.000Z,BUY,0.02,1,1,20.00,1,21580.00
2026-01-29T17:45:00.000Z,2026-01-29T17:47:00.000Z,BUY,0.02,1,1,20.00,1,21600.00
2026-01-29T17:47:00.000Z,2026-01-29T17:47:00.000Z,BUY,0.02,1,1,20.00,1,21620.00
2026-01-29T17:47:00.000Z,2026-01-29T17:47:00.000Z,BUY,0.02,2,1,20.00,2,21640.00
2026-01-29T17:47:00.000Z,2026-01-29T17:48:00.000Z,BUY,0.02,1,1,20.00,1,21660.00
2026-01-29T17:48:00.000Z,2026-01-29T17:48:00.000Z,BUY,0.02,1,1,20.00,1,21680.00
2026-01-29T17:48:00.000Z,2026-01-29T17:48:00.000Z,BUY,0.02,1,1,20.00,1,21700.00
2026-01-29T17:48:00.000Z,2026-01-29T17:50:00.000Z,BUY,0.02,3,1,20.00,3,21720.00
2026-01-29T17:50:00.000Z,2026-01-29T17:53:00.000Z,BUY,0.02,1,1,20.00,1,21740.00
2026-01-29T17:53:00.000Z,2026-01-29T17:57:00.000Z,BUY,0.02,2,1,20.00,2,21760.00
2026-01-29T17:57:00.000Z,2026-01-29T17:58:00.000Z,BUY,0.02,1,1,20.00,1,21780.00
2026-01-29T17:58:00.000Z,2026-01-29T18:00:00.000Z,BUY,0.02,1,1,20.00,1,21800.00
2026-01-29T18:00:00.000Z,2026-01-29T18:01:00.000Z,BUY,0.02,1,1,20.00,1,21820.00
2026-01-29T18:01:00.000Z,2026-01-29T18:02:00.000Z,BUY,0.02,1,1,20.00,1,21840.00
2026-01-29T18:02:00.000Z,2026-01-29T18:03:00.000Z,BUY,0.02,1,1,20.00,1,21860.00
2026-01-29T18:03:00.000Z,2026-01-29T18:05:00.000Z,BUY,0.02,1,1,20.00,1,21880.00
2026-01-29T18:05:00.000Z,2026-01-29T18:05:00.000Z,BUY,0.02,1,1,20.00,1,21900.00
2026-01-29T18:05:00.000Z,2026-01-29T18:05:00.000Z,BUY,0.02,1,1,20.00,1,21920.00
2026-01-29T18:05:00.000Z,2026-01-29T18:08:00.000Z,BUY,0.02,2,1,20.00,2,21940.00
2026-01-29T18:08:00.000Z,2026-01-29T18:08:00.000Z,BUY,0.02,1,1,20.00,1,21960.00
2026-01-29T18:08:00.000Z,2026-01-29T18:08:00.000Z,BUY,0.02,1,1,20.00,1,21980.00
2026-01-29T18:08:00.000Z,2026-01-29T18:12:00.000Z,BUY,0.02,1,1,20.00,1,22000.00
2026-01-29T18:12:00.000Z,2026-01-29T18:13:00.000Z,BUY,0.02,1,1,20.00,1,22020.00
2026-01-29T18:13:00.000Z,2026-01-29T18:14:00.000Z,BUY,0.02,1,1,20.00,1,22040.00
2026-01-29T18:14:00.000Z,2026-01-29T18:17:00.000Z,BUY,0.02,2,1,20.00,2,22060.00
2026-01-29T18:17:00.000Z,2026-01-29T18:17:00.000Z,BUY,0.02,1,1,20.00,1,22080.00
2026-01-29T18:17:00.000Z,2026-01-29T18:19:00.000Z,BUY,0.02,1,1,20.00,1,22100.00
2026-01-29T18:19:00.000Z,2026-01-29T18:23:00.000Z,BUY,0.02,2,1,20.00,2,22120.00
2026-01-29T18:23:00.000Z,2026-01-29T18:23:00.000Z,BUY,0.02,1,1,20.00,1,22140.00
2026-01-29T18:23:00.000Z,2026-01-29T18:23:00.000Z,BUY,0.02,1,1,20.00,1,22160.00
2026-01-29T18:23:00.000Z,2026-01-29T18:24:00.000Z,BUY,0.02,1,1,20.00,1,22180.00
2026-01-29T18:24:00.000Z,2026-01-29T18:25:00.000Z,BUY,0.02,1,1,20.00,1,22200.00
2026-01-29T18:25:00.000Z,2026-01-29T18:26:00.000Z,BUY,0.02,1,1,20.00,1,22220.00
2026-01-29T18:26:00.000Z,2026-01-29T18:30:00.000Z,BUY,0.02,1,1,20.00,1,22240.00
2026-01-29T18:30:00.000Z,2026-01-29T18:30:00.000Z,BUY,0.02,1,1,20.00,1,22260.00
2026-01-29T18:30:00.000Z,2026-01-29T18:35:00.000Z,BUY,0.02,2,1,20.00,2,22280.00
2026-01-29T18:35:00.000Z,2026-01-29T18:40:00.000Z,BUY,0.02,2,1,20.00,2,22300.00
2026-01-29T18:40:00.000Z,2026-01-29T18:40:00.000Z,BUY,0.02,1,1,20.00,1,22320.00
2026-01-29T18:40:00.000Z,2026-01-29T18:41:00.000Z,BUY,0.02,1,1,20.00,1,22340.00
2026-01-29T18:41:00.000Z,2026-01-29T18:42:00.000Z,BUY,0.02,1,1,20.00,1,22360.00
2026-01-29T18:42:00.000Z,2026-01-29T18:52:00.000Z,BUY,0.02,2,1,20.00,2,22380.00
2026-01-29T18:52:00.000Z,2026-01-29T18:59:00.000Z,BUY,0.02,3,1,20.00,3,22400.00
2026-01-29T18:59:00.000Z,2026-01-29T19:00:00.000Z,BUY,0.02,1,1,20.00,1,22420.00
2026-01-29T19:00:00.000Z,2026-01-29T19:15:00.000Z,SELL,0.02,2,1,20.00,2,22440.00
2026-01-29T19:15:00.000Z,2026-01-29T19:16:00.000Z,SELL,0.02,2,1,20.00,2,22460.00
2026-01-29T19:16:00.000Z,2026-01-29T19:26:00.000Z,SELL,0.02,2,1,20.00,2,22480.00
2026-01-29T19:26:00.000Z,2026-01-29T19:31:00.000Z,SELL,0.02,1,1,20.00,1,22500.00
2026-01-29T19:31:00.000Z,2026-01-29T19:51:00.000Z,SELL,0.02,3,1,20.00,3,22520.00
2026-01-29T19:51:00.000Z,2026-01-29T19:56:00.000Z,SELL,0.02,1,1,20.00,1,22540.00
2026-01-29T19:56:00.000Z,2026-01-29T19:56:00.000Z,SELL,0.02,1,1,20.00,1,22560.00
2026-01-29T19:56:00.000Z,2026-01-29T20:01:00.000Z,SELL,0.02,2,1,20.00,2,22580.00
2026-01-29T20:01:00.000Z,2026-01-29T20:03:00.000Z,SELL,0.02,1,1,20.00,1,22600.00
2026-01-29T20:03:00.000Z,2026-01-29T20:24:00.000Z,SELL,0.02,3,1,20.00,3,22620.00
2026-01-29T20:24:00.000Z,2026-01-29T20:27:00.000Z,SELL,0.02,1,1,20.00,1,22640.00
2026-01-29T20:27:00.000Z,2026-01-29T20:32:00.000Z,SELL,0.02,2,1,20.00,2,22660.00
2026-01-29T20:32:00.000Z,2026-01-29T20:43:00.000Z,SELL,0.02,1,1,20.00,1,22680.00
2026-01-29T20:43:00.000Z,2026-01-29T21:00:00.000Z,SELL,0.02,3,1,20.00,3,22700.00
2026-01-29T21:00:00.000Z,2026-01-29T21:11:00.000Z,SELL,0.02,1,1,20.00,1,22720.00
2026-01-29T21:11:00.000Z,2026-01-29T21:14:00.000Z,SELL,0.02,1,1,20.00,1,22740.00
2026-01-29T21:14:00.000Z,2026-01-29T21:30:00.000Z,SELL,0.02,3,1,20.00,3,22760.00
2026-01-29T21:30:00.000Z,2026-01-29T21:42:00.000Z,SELL,0.02,2,1,20.00,2,22780.00
2026-01-29T21:42:00.000Z,2026-01-29T21:44:00.000Z,SELL,0.02,1,1,20.00,1,22800.00
2026-01-29T21:44:00.000Z,2026-01-29T21:54:00.000Z,SELL,0.02,1,1,20.00,1,22820.00
2026-01-29T21:54:00.000Z,2026-01-29T22:00:00.000Z,SELL,0.02,1,1,20.00,1,22840.00
2026-01-29T22:00:00.000Z,2026-01-29T22:03:00.000Z,SELL,0.02,1,1,20.00,1,22860.00
2026-01-29T22:03:00.000Z,2026-01-29T22:21:00.000Z,SELL,0.02,2,1,20.00,2,22880.00
2026-01-29T22:21:00.000Z,2026-01-29T22:38:00.000Z,SELL,0.02,2,1,20.00,2,22900.00
2026-01-29T22:38:00.000Z,2026-01-29T22:50:00.000Z,SELL,0.02,2,1,20.00,2,22920.00
2026-01-29T22:50:00.000Z,2026-01-29T22:57:00.000Z,SELL,0.02,2,1,20.00,2,22940.00
2026-01-29T22:57:00.000Z,2026-01-29T22:58:00.000Z,SELL,0.02,1,1,20.00,1,22960.00
2026-01-29T22:58:00.000Z,2026-01-29T23:06:00.000Z,SELL,0.02,1,1,20.00,1,22980.00
2026-01-29T23:06:00.000Z,2026-01-29T23:26:00.000Z,SELL,0.02,2,1,20.00,2,23000.00
2026-01-29T23:26:00.000Z,2026-01-29T23:30:00.000Z,SELL,0.02,1,1,20.00,1,23020.00
2026-01-29T23:30:00.000Z,2026-01-29T23:41:00.000Z,SELL,0.02,1,1,20.00,1,23040.00
2026-01-29T23:41:00.000Z,2026-01-29T23:44:00.000Z,SELL,0.02,1,1,20.00,1,23060.00
2026-01-29T23:44:00.000Z,2026-01-29T23:58:00.000Z,SELL,0.02,1,1,20.00,1,23080.00
2026-01-29T23:58:00.000Z,2026-01-30T01:01:00.000Z,SELL,0.02,2,1,20.00,2,23100.00
2026-01-30T01:01:00.000Z,2026-01-30T01:03:00.000Z,SELL,0.02,2,1,20.00,2,23120.00
2026-01-30T01:03:00.000Z,2026-01-30T01:04:00.000Z,SELL,0.02,1,1,20.00,1,23140.00
2026-01-30T01:04:00.000Z,2026-01-30T01:17:00.000Z,SELL,0.02,3,1,20.00,3,23160.00
2026-01-30T01:17:00.000Z,2026-01-30T01:17:00.000Z,SELL,0.02,1,1,20.00,1,23180.00
2026-01-30T01:17:00.000Z,2026-01-30T01:17:00.000Z,SELL,0.02,1,1,20.00,1,23200.00
2026-01-30T01:17:00.000Z,2026-01-30T01:33:00.000Z,SELL,0.02,2,1,20.00,2,23220.00
2026-01-30T01:33:00.000Z,2026-01-30T02:41:00.000Z,SELL,0.02,3,1,20.00,3,23240.00
2026-01-30T02:41:00.000Z,2026-01-30T02:47:00.000Z,SELL,0.02,1,1,20.00,1,23260.00
2026-01-30T02:47:00.000Z,2026-01-30T02:47:00.000Z,SELL,0.02,1,1,20.00,1,23280.00
2026-01-30T02:47:00.000Z,2026-01-30T03:02:00.000Z,SELL,0.02,3,1,20.00,3,23300.00
2026-01-30T03:02:00.000Z,2026-01-30T03:08:00.000Z,SELL,0.02,1,1,20.00,1,23320.00
2026-01-30T03:08:00.000Z,2026-01-30T03:11:00.000Z,SELL,0.02,1,1,20.00,1,23340.00
2026-01-30T03:11:00.000Z,2026-01-30T03:11:00.000Z,SELL,0.02,1,1,20.00,1,23360.00
2026-01-30T03:11:00.000Z,2026-01-30T03:11:00.000Z,SELL,0.02,1,1,20.00,1,23380.00
2026-01-30T03:11:00.000Z,2026-01-30T03:11:00.000Z,SELL,0.02,1,1,20.00,1,23400.00
2026-01-30T03:11:00.000Z,2026-01-30T03:14:00.000Z,SELL,0.02,1,1,20.00,1,23420.00
2026-01-30T03:14:00.000Z,2026-01-30T03:14:00.000Z,SELL,0.02,1,1,20.00,1,23440.00
2026-01-30T03:14:00.000Z,2026-01-30T03:20:00.000Z,SELL,0.02,2,1,20.00,2,23460.00
2026-01-30T03:20:00.000Z,2026-01-30T03:34:00.000Z,SELL,0.02,2,1,20.00,2,23480.00
2026-01-30T03:34:00.000Z,2026-01-30T03:36:00.000Z,SELL,0.02,1,1,20.00,1,23500.00
2026-01-30T03:36:00.000Z,2026-01-30T03:39:00.000Z,SELL,0.02,1,1,20.00,1,23520.00
2026-01-30T03:39:00.000Z,2026-01-30T03:45:00.000Z,SELL,0.02,1,1,20.00,1,23540.00
2026-01-30T03:45:00.000Z,2026-01-30T03:46:00.000Z,SELL,0.02,1,1,20.00,1,23560.00
2026-01-30T03:46:00.000Z,2026-01-30T03:48:00.000Z,SELL,0.02,1,1,20.00,1,23580.00
2026-01-30T03:48:00.000Z,2026-01-30T03:57:00.000Z,SELL,0.02,3,1,20.00,3,23600.00
2026-01-30T03:57:00.000Z,2026-01-30T03:59:00.000Z,SELL,0.02,1,1,20.00,1,23620.00
2026-01-30T03:59:00.000Z,2026-01-30T04:00:00.000Z,SELL,0.02,1,1,20.00,1,23640.00
2026-01-30T04:00:00.000Z,2026-01-30T04:09:00.000Z,SELL,0.02,3,1,20.00,3,23660.00
2026-01-30T04:09:00.000Z,2026-01-30T04:10:00.000Z,SELL,0.02,1,1,20.00,1,23680.00
2026-01-30T04:10:00.000Z,2026-01-30T04:10:00.000Z,SELL,0.02,1,1,20.00,1,23700.00
2026-01-30T04:10:00.000Z,2026-01-30T04:12:00.000Z,SELL,0.02,1,1,20.00,1,23720.00
2026-01-30T04:12:00.000Z,2026-01-30T04:12:00.000Z,SELL,0.02,1,1,20.00,1,23740.00
2026-01-30T04:12:00.000Z,2026-01-30T04:12:00.000Z,SELL,0.02,1,1,20.00,1,23760.00
2026-01-30T04:12:00.000Z,2026-01-30T04:14:00.000Z,SELL,0.02,1,1,20.00,1,23780.00
2026-01-30T04:14:00.000Z,2026-01-30T04:14:00.000Z,SELL,0.02,1,1,20.00,1,23800.00
2026-01-30T04:14:00.000Z,2026-01-30T04:14:00.000Z,SELL,0.02,1,1,20.00,1,23820.00
2026-01-30T04:14:00.000Z,2026-01-30T04:15:00.000Z,SELL,0.02,1,1,20.00,1,23840.00
2026-01-30T04:15:00.000Z,2026-01-30T04:17:00.000Z,SELL,0.02,3,1,20.00,3,23860.00
2026-01-30T04:17:00.000Z,2026-01-30T04:19:00.000Z,SELL,0.02,3,1,20.00,3,23880.00
2026-01-30T04:19:00.000Z,2026-01-30T04:19:00.000Z,SELL,0.02,1,1,20.00,1,23900.00
2026-01-30T04:19:00.000Z,2026-01-30T04:19:00.000Z,SELL,0.02,1,1,20.00,1,23920.00
2026-01-30T04:19:00.000Z,2026-01-30T04:21:00.000Z,SELL,0.02,1,1,20.00,1,23940.00
2026-01-30T04:21:00.000Z,2026-01-30T04:23:00.000Z,SELL,0.02,1,1,20.00,1,23960.00
2026-01-30T04:23:00.000Z,2026-01-30T04:23:00.000Z,SELL,0.02,1,1,20.00,1,23980.00
2026-01-30T04:23:00.000Z,2026-01-30T04:24:00.000Z,SELL,0.02,2,1,20.00,2,24000.00
2026-01-30T04:24:00.000Z,2026-01-30T04:24:00.000Z,SELL,0.02,2,1,20.00,2,24020.00
2026-01-30T04:24:00.000Z,2026-01-30T04:24:00.000Z,SELL,0.02,1,1,20.00,1,24040.00
2026-01-30T04:24:00.000Z,2026-01-30T04:29:00.000Z,SELL,0.02,3,1,20.00,3,24060.00
2026-01-30T04:29:00.000Z,2026-01-30T04:30:00.000Z,SELL,0.02,2,1,20.00,2,24080.00
2026-01-30T04:30:00.000Z,2026-01-30T04:30:00.000Z,SELL,0.02,1,1,20.00,1,24100.00
2026-01-30T04:30:00.000Z,2026-01-30T04:31:00.000Z,SELL,0.02,1,1,20.00,1,24120.00
2026-01-30T04:31:00.000Z,2026-01-30T04:31:00.000Z,SELL,0.02,1,1,20.00,1,24140.00
2026-01-30T04:31:00.000Z,2026-01-30T04:32:00.000Z,SELL,0.02,1,1,20.00,1,24160.00
2026-01-30T04:32:00.000Z,2026-01-30T04:36:00.000Z,SELL,0.02,2,1,20.00,2,24180.00
2026-01-30T04:36:00.000Z,2026-01-30T04:37:00.000Z,SELL,0.02,2,1,20.00,2,24200.00
2026-01-30T04:37:00.000Z,2026-01-30T04:45:00.000Z,SELL,0.02,2,1,20.00,2,24220.00
2026-01-30T04:45:00.000Z,2026-01-30T04:46:00.000Z,SELL,0.02,1,1,20.00,1,24240.00
2026-01-30T04:46:00.000Z,2026-01-30T04:57:00.000Z,SELL,0.02,3,1,20.00,3,24260.00
2026-01-30T04:57:00.000Z,2026-01-30T04:58:00.000Z,SELL,0.02,1,1,20.00,1,24280.00
2026-01-30T04:58:00.000Z,2026-01-30T05:05:00.000Z,SELL,0.02,3,1,20.00,3,24300.00
2026-01-30T05:05:00.000Z,2026-01-30T05:13:00.000Z,SELL,0.02,1,1,20.00,1,24320.00
2026-01-30T05:13:00.000Z,2026-01-30T05:14:00.000Z,SELL,0.02,1,1,20.00,1,24340.00
2026-01-30T05:14:00.000Z,2026-01-30T05:25:00.000Z,SELL,0.02,2,1,20.00,2,24360.00
2026-01-30T05:25:00.000Z,2026-01-30T05:28:00.000Z,SELL,0.02,1,1,20.00,1,24380.00
2026-01-30T05:28:00.000Z,2026-01-30T05:31:00.000Z,SELL,0.02,2,1,20.00,2,24400.00
2026-01-30T05:31:00.000Z,2026-01-30T05:31:00.000Z,SELL,0.02,1,1,20.00,1,24420.00
2026-01-30T05:31:00.000Z,2026-01-30T05:32:00.000Z,SELL,0.02,1,1,20.00,1,24440.00
2026-01-30T05:32:00.000Z,2026-01-30T05:34:00.000Z,SELL,0.02,1,1,20.00,1,24460.00
2026-01-30T05:34:00.000Z,2026-01-30T05:35:00.000Z,SELL,0.02,1,1,20.00,1,24480.00
2026-01-30T05:35:00.000Z,2026-01-30T05:39:00.000Z,SELL,0.02,1,1,20.00,1,24500.00
2026-01-30T05:39:00.000Z,2026-01-30T05:43:00.000Z,SELL,0.02,1,1,20.00,1,24520.00
2026-01-30T05:43:00.000Z,2026-01-30T05:56:00.000Z,SELL,0.02,2,1,20.00,2,24540.00
2026-01-30T05:56:00.000Z,2026-01-30T06:03:00.000Z,SELL,0.02,2,1,20.00,2,24560.00
2026-01-30T06:03:00.000Z,2026-01-30T06:04:00.000Z,SELL,0.02,1,1,20.00,1,24580.00
2026-01-30T06:04:00.000Z,2026-01-30T06:27:00.000Z,SELL,0.02,3,1,20.00,3,24600.00
2026-01-30T06:27:00.000Z,2026-01-30T07:15:00.000Z,SELL,0.02,2,1,20.00,2,24620.00
2026-01-30T07:15:00.000Z,2026-01-30T07:31:00.000Z,SELL,0.02,1,1,20.00,1,24640.00
2026-01-30T07:31:00.000Z,2026-01-30T07:55:00.000Z,SELL,0.02,3,1,20.00,3,24660.00
2026-01-30T07:55:00.000Z,2026-01-30T07:57:00.000Z,SELL,0.02,1,1,20.00,1,24680.00
2026-01-30T07:57:00.000Z,2026-01-30T07:58:00.000Z,SELL,0.02,1,1,20.00,1,24700.00
2026-01-30T07:58:00.000Z,2026-01-30T08:07:00.000Z,SELL,0.02,1,1,20.00,1,24720.00
2026-01-30T08:07:00.000Z,2026-01-30T08:17:00.000Z,SELL,0.02,3,1,20.00,3,24740.00
2026-01-30T08:17:00.000Z,2026-01-30T08:25:00.000Z,SELL,0.02,2,1,20.00,2,24760.00
2026-01-30T08:25:00.000Z,2026-01-30T08:26:00.000Z,SELL,0.02,1,1,20.00,1,24780.00
2026-01-30T08:26:00.000Z,2026-01-30T08:28:00.000Z,SELL,0.02,1,1,20.00,1,24800.00
2026-01-30T08:28:00.000Z,2026-01-30T08:29:00.000Z,SELL,0.02,1,1,20.00,1,24820.00
2026-01-30T08:29:00.000Z,2026-01-30T08:29:00.000Z,SELL,0.02,1,1,20.00,1,24840.00
2026-01-30T08:29:00.000Z,2026-01-30T08:57:00.000Z,SELL,0.02,3,1,20.00,3,24860.00
2026-01-30T08:57:00.000Z,2026-01-30T09:00:00.000Z,SELL,0.02,1,1,20.00,1,24880.00
2026-01-30T09:00:00.000Z,2026-01-30T09:00:00.000Z,SELL,0.02,1,1,20.00,1,24900.00
2026-01-30T09:00:00.000Z,2026-01-30T09:06:00.000Z,SELL,0.02,2,1,20.00,2,24920.00
2026-01-30T09:06:00.000Z,2026-01-30T09:13:00.000Z,SELL,0.02,2,1,20.00,2,24940.00
2026-01-30T09:13:00.000Z,2026-01-30T09:14:00.000Z,SELL,0.02,1,1,20.00,1,24960.00
2026-01-30T09:14:00.000Z,2026-01-30T09:16:00.000Z,SELL,0.02,1,1,20.00,1,24980.00
2026-01-30T09:16:00.000Z,2026-01-30T09:34:00.000Z,SELL,0.02,3,1,20.00,3,25000.00
2026-01-30T09:34:00.000Z,2026-01-30T09:35:00.000Z,SELL,0.02,1,1,20.00,1,25020.00
2026-01-30T09:35:00.000Z,2026-01-30T09:35:00.000Z,SELL,0.02,1,1,20.00,1,25040.00
2026-01-30T09:35:00.000Z,2026-01-30T09:35:00.000Z,SELL,0.02,1,1,20.00,1,25060.00
2026-01-30T09:35:00.000Z,2026-01-30T09:40:00.000Z,SELL,0.02,2,1,20.00,2,25080.00
2026-01-30T09:40:00.000Z,2026-01-30T09:41:00.000Z,SELL,0.02,1,1,20.00,1,25100.00
2026-01-30T09:41:00.000Z,2026-01-30T09:57:00.000Z,SELL,0.02,2,1,20.00,2,25120.00
2026-01-30T09:57:00.000Z,2026-01-30T10:01:00.000Z,SELL,0.02,1,1,20.00,1,25140.00
2026-01-30T10:01:00.000Z,2026-01-30T10:07:00.000Z,SELL,0.02,1,1,20.00,1,25160.00
2026-01-30T10:07:00.000Z,2026-01-30T10:09:00.000Z,SELL,0.02,1,1,20.00,1,25180.00
2026-01-30T10:09:00.000Z,2026-01-30T10:16:00.000Z,SELL,0.02,1,1,20.00,1,25200.00
2026-01-30T10:16:00.000Z,2026-01-30T10:21:00.000Z,SELL,0.02,2,1,20.00,2,25220.00
2026-01-30T10:21:00.000Z,2026-01-30T10:29:00.000Z,SELL,0.02,1,1,20.00,1,25240.00
2026-01-30T10:29:00.000Z,2026-01-30T10:30:00.000Z,SELL,0.02,1,1,20.00,1,25260.00
2026-01-30T10:30:00.000Z,2026-01-30T10:32:00.000Z,SELL,0.02,1,1,20.00,1,25280.00
2026-01-30T10:32:00.000Z,2026-01-30T10:33:00.000Z,SELL,0.02,1,1,20.00,1,25300.00
2026-01-30T10:33:00.000Z,2026-01-30T10:33:00.000Z,SELL,0.02,1,1,20.00,1,25320.00
2026-01-30T10:33:00.000Z,2026-01-30T10:33:00.000Z,SELL,0.02,1,1,20.00,1,25340.00
2026-01-30T10:33:00.000Z,2026-01-30T10:33:00.000Z,SELL,0.02,1,1,20.00,1,25360.00
2026-01-30T10:33:00.000Z,2026-01-30T10:33:00.000Z,SELL,0.02,1,1,20.00,1,25380.00
2026-01-30T10:33:00.000Z,2026-01-30T10:33:00.000Z,SELL,0.02,1,1,20.00,1,25400.00
2026-01-30T10:33:00.000Z,2026-01-30T10:33:00.000Z,SELL,0.02,1,1,20.00,1,25420.00
2026-01-30T10:33:00.000Z,2026-01-30T10:34:00.000Z,SELL,0.02,2,1,20.00,2,25440.00
2026-01-30T10:34:00.000Z,2026-01-30T10:34:00.000Z,SELL,0.02,1,1,20.00,1,25460.00
2026-01-30T10:34:00.000Z,2026-01-30T10:35:00.000Z,SELL,0.02,1,1,20.00,1,25480.00
2026-01-30T10:35:00.000Z,2026-01-30T10:35:00.000Z,SELL,0.02,1,1,20.00,1,25500.00
2026-01-30T10:35:00.000Z,2026-01-30T10:37:00.000Z,SELL,0.02,2,1,20.00,2,25520.00
2026-01-30T10:37:00.000Z,2026-01-30T10:38:00.000Z,SELL,0.02,1,1,20.00,1,25540.00
2026-01-30T10:38:00.000Z,2026-01-30T10:47:00.000Z,SELL,0.02,4,1,20.00,4,25560.00
2026-01-30T10:47:00.000Z,2026-01-30T11:05:00.000Z,SELL,0.02,3,1,20.00,3,25580.00
2026-01-30T11:05:00.000Z,2026-01-30T11:06:00.000Z,SELL,0.02,1,1,20.00,1,25600.00
2026-01-30T11:06:00.000Z,2026-01-30T11:07:00.000Z,SELL,0.02,1,1,20.00,1,25620.00
2026-01-30T11:07:00.000Z,2026-01-30T11:08:00.000Z,SELL,0.02,1,1,20.00,1,25640.00
2026-01-30T11:08:00.000Z,2026-01-30T11:09:00.000Z,SELL,0.02,1,1,20.00,1,25660.00
2026-01-30T11:09:00.000Z,2026-01-30T11:13:00.000Z,SELL,0.02,1,1,20.00,1,25680.00
2026-01-30T11:13:00.000Z,2026-01-30T11:13:00.000Z,SELL,0.02,1,1,20.00,1,25700.00
2026-01-30T11:13:00.000Z,2026-01-30T11:13:00.000Z,SELL,0.02,1,1,20.00,1,25720.00
2026-01-30T11:13:00.000Z,2026-01-30T11:14:00.000Z,SELL,0.02,1,1,20.00,1,25740.00
2026-01-30T11:14:00.000Z,2026-01-30T11:15:00.000Z,SELL,0.02,2,1,20.00,2,25760.00
2026-01-30T11:15:00.000Z,2026-01-30T11:16:00.000Z,SELL,0.02,1,1,20.00,1,25780.00
2026-01-30T11:16:00.000Z,2026-01-30T11:19:00.000Z,SELL,0.02,2,1,20.00,2,25800.00
2026-01-30T11:19:00.000Z,2026-01-30T11:20:00.000Z,SELL,0.02,1,1,20.00,1,25820.00
2026-01-30T11:20:00.000Z,2026-01-30T11:23:00.000Z,SELL,0.02,1,1,20.00,1,25840.00
2026-01-30T11:23:00.000Z,2026-01-30T11:25:00.000Z,SELL,0.02,1,1,20.00,1,25860.00
2026-01-30T11:25:00.000Z,2026-01-30T11:28:00.000Z,SELL,0.02,1,1,20.00,1,25880.00
2026-01-30T11:28:00.000Z,2026-01-30T11:31:00.000Z,SELL,0.02,2,1,20.00,2,25900.00
2026-01-30T11:31:00.000Z,2026-01-30T11:37:00.000Z,SELL,0.02,1,1,20.00,1,25920.00
2026-01-30T11:37:00.000Z,2026-01-30T11:39:00.000Z,SELL,0.02,1,1,20.00,1,25940.00
2026-01-30T11:39:00.000Z,2026-01-30T11:40:00.000Z,SELL,0.02,1,1,20.00,1,25960.00
2026-01-30T11:40:00.000Z,2026-01-30T11:42:00.000Z,SELL,0.02,1,1,20.00,1,25980.00
2026-01-30T11:42:00.000Z,2026-01-30T11:42:00.000Z,SELL,0.02,1,1,20.00,1,26000.00
2026-01-30T11:42:00.000Z,2026-01-30T11:43:00.000Z,SELL,0.02,1,1,20.00,1,26020.00
2026-01-30T11:43:00.000Z,2026-01-30T11:44:00.000Z,SELL,0.02,1,1,20.00,1,26040.00
2026-01-30T11:44:00.000Z,2026-01-30T11:45:00.000Z,SELL,0.02,1,1,20.00,1,26060.00
2026-01-30T11:45:00.000Z,2026-01-30T11:45:00.000Z,SELL,0.02,1,1,20.00,1,26080.00
2026-01-30T11:45:00.000Z,2026-01-30T11:45:00.000Z,SELL,0.02,1,1,20.00,1,26100.00
2026-01-30T11:45:00.000Z,2026-01-30T11:47:00.000Z,SELL,0.02,2,1,20.00,2,26120.00
2026-01-30T11:47:00.000Z,2026-01-30T11:49:00.000Z,SELL,0.02,1,1,20.00,1,26140.00
2026-01-30T11:49:00.000Z,2026-01-30T11:49:00.000Z,SELL,0.02,1,1,20.00,1,26160.00
2026-01-30T11:49:00.000Z,2026-01-30T11:50:00.000Z,SELL,0.02,1,1,20.00,1,26180.00
2026-01-30T11:50:00.000Z,2026-01-30T11:51:00.000Z,SELL,0.02,1,1,20.00,1,26200.00
2026-01-30T11:51:00.000Z,2026-01-30T11:52:00.000Z,SELL,0.02,2,1,20.00,2,26220.00
2026-01-30T11:52:00.000Z,2026-01-30T11:57:00.000Z,SELL,0.02,2,1,20.00,2,26240.00
2026-01-30T11:57:00.000Z,2026-01-30T12:00:00.000Z,SELL,0.02,2,1,20.00,2,26260.00
2026-01-30T12:00:00.000Z,2026-01-30T12:05:00.000Z,SELL,0.02,3,1,20.00,3,26280.00
2026-01-30T12:05:00.000Z,2026-01-30T12:06:00.000Z,SELL,0.02,1,1,20.00,1,26300.00
2026-01-30T12:06:00.000Z,2026-01-30T12:08:00.000Z,SELL,0.02,1,1,20.00,1,26320.00
2026-01-30T12:08:00.000Z,2026-01-30T12:11:00.000Z,SELL,0.02,2,1,20.00,2,26340.00
2026-01-30T12:11:00.000Z,2026-01-30T12:20:00.000Z,SELL,0.02,2,1,20.00,2,26360.00
2026-01-30T12:20:00.000Z,2026-01-30T12:22:00.000Z,SELL,0.02,1,1,20.00,1,26380.00
2026-01-30T12:22:00.000Z,2026-01-30T12:38:00.000Z,SELL,0.02,4,1,20.00,4,26400.00
2026-01-30T12:38:00.000Z,2026-01-30T12:39:00.000Z,SELL,0.02,1,1,20.00,1,26420.00
2026-01-30T12:39:00.000Z,2026-01-30T12:53:00.000Z,SELL,0.02,2,1,20.00,2,26440.00
2026-01-30T12:53:00.000Z,2026-01-30T12:54:00.000Z,SELL,0.02,1,1,20.00,1,26460.00
2026-01-30T12:54:00.000Z,2026-01-30T12:59:00.000Z,SELL,0.02,2,1,20.00,2,26480.00
2026-01-30T12:59:00.000Z,2026-01-30T13:00:00.000Z,SELL,0.02,1,1,20.00,1,26500.00
2026-01-30T13:00:00.000Z,2026-01-30T13:02:00.000Z,SELL,0.02,1,1,20.00,1,26520.00
2026-01-30T13:02:00.000Z,2026-01-30T13:04:00.000Z,SELL,0.02,1,1,20.00,1,26540.00
2026-01-30T13:04:00.000Z,2026-01-30T13:11:00.000Z,SELL,0.02,2,1,20.00,2,26560.00
2026-01-30T13:11:00.000Z,2026-01-30T13:18:00.000Z,SELL,0.02,1,1,20.00,1,26580.00
2026-01-30T13:18:00.000Z,2026-01-30T13:48:00.000Z,SELL,0.02,3,1,20.00,3,26600.00
2026-01-30T13:48:00.000Z,2026-01-30T13:49:00.000Z,SELL,0.02,1,1,20.00,1,26620.00
2026-01-30T13:49:00.000Z,2026-01-30T13:55:00.000Z,SELL,0.02,2,1,20.00,2,26640.00
2026-01-30T13:55:00.000Z,2026-01-30T14:27:00.000Z,SELL,0.02,3,1,20.00,3,26660.00
2026-01-30T14:27:00.000Z,2026-01-30T14:45:00.000Z,SELL,0.02,3,1,20.00,3,26680.00
2026-01-30T14:45:00.000Z,2026-01-30T14:46:00.000Z,SELL,0.02,1,1,20.00,1,26700.00
2026-01-30T14:46:00.000Z,2026-01-30T14:46:00.000Z,SELL,0.02,1,1,20.00,1,26720.00
2026-01-30T14:46:00.000Z,2026-01-30T14:47:00.000Z,SELL,0.02,1,1,20.00,1,26740.00
2026-01-30T14:47:00.000Z,2026-01-30T14:49:00.000Z,SELL,0.02,1,1,20.00,1,26760.00
2026-01-30T14:49:00.000Z,2026-01-30T14:53:00.000Z,SELL,0.02,2,1,20.00,2,26780.00
2026-01-30T14:53:00.000Z,2026-01-30T14:56:00.000Z,SELL,0.02,1,1,20.00,1,26800.00
2026-01-30T14:56:00.000Z,2026-01-30T14:59:00.000Z,SELL,0.02,1,1,20.00,1,26820.00
2026-01-30T14:59:00.000Z,2026-01-30T14:59:00.000Z,SELL,0.02,1,1,20.00,1,26840.00
2026-01-30T14:59:00.000Z,2026-01-30T15:02:00.000Z,SELL,0.02,4,1,20.00,4,26860.00
2026-01-30T15:02:00.000Z,2026-01-30T15:03:00.000Z,SELL,0.02,1,1,20.00,1,26880.00
2026-01-30T15:03:00.000Z,2026-01-30T15:15:00.000Z,SELL,0.02,3,1,20.00,3,26900.00
2026-01-30T15:15:00.000Z,2026-01-30T15:18:00.000Z,SELL,0.02,1,1,20.00,1,26920.00
2026-01-30T15:18:00.000Z,2026-01-30T15:23:00.000Z,SELL,0.02,1,1,20.00,1,26940.00
2026-01-30T15:23:00.000Z,2026-01-30T15:23:00.000Z,SELL,0.02,1,1,20.00,1,26960.00
2026-01-30T15:23:00.000Z,2026-01-30T15:23:00.000Z,SELL,0.02,1,1,20.00,1,26980.00
2026-01-30T15:23:00.000Z,2026-01-30T15:25:00.000Z,SELL,0.02,1,1,20.00,1,27000.00
2026-01-30T15:25:00.000Z,2026-01-30T15:35:00.000Z,SELL,0.02,4,1,20.00,4,27020.00
2026-01-30T15:35:00.000Z,2026-01-30T15:36:00.000Z,SELL,0.02,1,1,20.00,1,27040.00
2026-01-30T15:36:00.000Z,2026-01-30T15:46:00.000Z,SELL,0.02,1,1,20.00,1,27060.00
2026-01-30T15:46:00.000Z,2026-01-30T15:47:00.000Z,SELL,0.02,1,1,20.00,1,27080.00
2026-01-30T15:47:00.000Z,2026-01-30T15:47:00.000Z,SELL,0.02,1,1,20.00,1,27100.00
2026-01-30T15:47:00.000Z,2026-01-30T15:49:00.000Z,SELL,0.02,1,1,20.00,1,27120.00
2026-01-30T15:49:00.000Z,2026-01-30T16:00:00.000Z,SELL,0.02,2,1,20.00,2,27140.00
2026-01-30T16:00:00.000Z,2026-01-30T16:01:00.000Z,SELL,0.02,2,1,20.00,2,27160.00
2026-01-30T16:01:00.000Z,2026-01-30T16:08:00.000Z,SELL,0.02,1,1,20.00,1,27180.00
2026-01-30T16:08:00.000Z,2026-01-30T16:22:00.000Z,SELL,0.02,2,1,20.00,2,27200.00
2026-01-30T16:22:00.000Z,2026-01-30T16:26:00.000Z,SELL,0.02,1,1,20.00,1,27220.00
2026-01-30T16:26:00.000Z,2026-01-30T16:33:00.000Z,SELL,0.02,2,1,20.00,2,27240.00
2026-01-30T16:33:00.000Z,2026-01-30T16:36:00.000Z,SELL,0.02,1,1,20.00,1,27260.00
2026-01-30T16:36:00.000Z,2026-01-30T16:42:00.000Z,SELL,0.02,1,1,20.00,1,27280.00
2026-01-30T16:42:00.000Z,2026-01-30T16:54:00.000Z,SELL,0.02,3,1,20.00,3,27300.00
2026-01-30T16:54:00.000Z,2026-01-30T16:54:00.000Z,SELL,0.02,1,1,20.00,1,27320.00
2026-01-30T16:54:00.000Z,2026-01-30T16:54:00.000Z,SELL,0.02,1,1,20.00,1,27340.00
2026-01-30T16:54:00.000Z,2026-01-30T16:56:00.000Z,SELL,0.02,1,1,20.00,1,27360.00
2026-01-30T16:56:00.000Z,2026-01-30T16:57:00.000Z,SELL,0.02,1,1,20.00,1,27380.00
2026-01-30T16:57:00.000Z,2026-01-30T17:01:00.000Z,SELL,0.02,1,1,20.00,1,27400.00
2026-01-30T17:01:00.000Z,2026-01-30T17:01:00.000Z,SELL,0.02,1,1,20.00,1,27420.00
2026-01-30T17:01:00.000Z,2026-01-30T17:01:00.000Z,SELL,0.02,1,1,20.00,1,27440.00
2026-01-30T17:01:00.000Z,2026-01-30T17:02:00.000Z,SELL,0.02,1,1,20.00,1,27460.00
2026-01-30T17:02:00.000Z,2026-01-30T17:07:00.000Z,SELL,0.02,2,1,20.00,2,27480.00
2026-01-30T17:07:00.000Z,2026-01-30T17:08:00.000Z,SELL,0.02,1,1,20.00,1,27500.00
2026-01-30T17:08:00.000Z,2026-01-30T17:09:00.000Z,SELL,0.02,1,1,20.00,1,27520.00
2026-01-30T17:09:00.000Z,2026-01-30T17:11:00.000Z,SELL,0.02,2,1,20.00,2,27540.00
2026-01-30T17:11:00.000Z,2026-01-30T17:18:00.000Z,SELL,0.02,2,1,20.00,2,27560.00
2026-01-30T17:18:00.000Z,2026-01-30T17:21:00.000Z,SELL,0.02,1,1,20.00,1,27580.00
2026-01-30T17:21:00.000Z,2026-01-30T17:26:00.000Z,SELL,0.02,1,1,20.00,1,27600.00
2026-01-30T17:26:00.000Z,2026-01-30T17:35:00.000Z,SELL,0.02,2,1,20.00,2,27620.00
2026-01-30T17:35:00.000Z,2026-01-30T17:39:00.000Z,SELL,0.02,1,1,20.00,1,27640.00
2026-01-30T17:39:00.000Z,2026-01-30T17:54:00.000Z,SELL,0.02,5,1,20.00,5,27660.00
2026-01-30T17:54:00.000Z,2026-01-30T18:03:00.000Z,SELL,0.02,1,1,20.00,1,27680.00
2026-01-30T18:03:00.000Z,2026-01-30T18:11:00.000Z,SELL,0.02,1,1,20.00,1,27700.00
2026-01-30T18:11:00.000Z,2026-01-30T18:18:00.000Z,SELL,0.02,1,1,20.00,1,27720.00
2026-01-30T18:18:00.000Z,2026-01-30T18:22:00.000Z,SELL,0.02,1,1,20.00,1,27740.00
2026-01-30T18:22:00.000Z,2026-01-30T18:25:00.000Z,SELL,0.02,1,1,20.00,1,27760.00
2026-01-30T18:25:00.000Z,2026-01-30T18:35:00.000Z,SELL,0.02,3,1,20.00,3,27780.00
2026-01-30T18:35:00.000Z,2026-01-30T18:35:00.000Z,SELL,0.02,1,1,20.00,1,27800.00
2026-01-30T18:35:00.000Z,2026-01-30T18:42:00.000Z,SELL,0.02,2,1,20.00,2,27820.00
2026-01-30T18:42:00.000Z,2026-01-30T18:48:00.000Z,SELL,0.02,1,1,20.00,1,27840.00
2026-01-30T18:48:00.000Z,2026-01-30T18:49:00.000Z,SELL,0.02,1,1,20.00,1,27860.00
2026-01-30T18:49:00.000Z,2026-01-30T18:50:00.000Z,SELL,0.02,1,1,20.00,1,27880.00
2026-01-30T18:50:00.000Z,2026-01-30T18:51:00.000Z,SELL,0.02,1,1,20.00,1,27900.00
2026-01-30T18:51:00.000Z,2026-01-30T18:52:00.000Z,SELL,0.02,1,1,20.00,1,27920.00
2026-01-30T18:52:00.000Z,2026-01-30T18:53:00.000Z,SELL,0.02,2,1,20.00,2,27940.00
2026-01-30T18:53:00.000Z,2026-01-30T19:01:00.000Z,SELL,0.02,1,1,20.00,1,27960.00
2026-01-30T19:01:00.000Z,2026-01-30T19:06:00.000Z,SELL,0.02,1,1,20.00,1,27980.00
2026-01-30T19:06:00.000Z,2026-01-30T19:07:00.000Z,SELL,0.02,1,1,20.00,1,28000.00
2026-01-30T19:07:00.000Z,2026-01-30T19:07:00.000Z,SELL,0.02,1,1,20.00,1,28020.00
2026-01-30T19:07:00.000Z,2026-01-30T19:12:00.000Z,SELL,0.02,1,1,20.00,1,28040.00
2026-01-30T19:12:00.000Z,2026-01-30T19:12:00.000Z,SELL,0.02,1,1,20.00,1,28060.00
2026-01-30T19:12:00.000Z,2026-01-30T19:13:00.000Z,SELL,0.02,1,1,20.00,1,28080.00
2026-01-30T19:13:00.000Z,2026-01-30T19:16:00.000Z,SELL,0.02,2,1,20.00,2,28100.00
2026-01-30T19:16:00.000Z,2026-01-30T19:17:00.000Z,SELL,0.02,1,1,20.00,1,28120.00
2026-01-30T19:17:00.000Z,2026-01-30T19:17:00.000Z,SELL,0.02,1,1,20.00,1,28140.00
2026-01-30T19:17:00.000Z,2026-01-30T19:18:00.000Z,SELL,0.02,1,1,20.00,1,28160.00
2026-01-30T19:18:00.000Z,2026-01-30T19:25:00.000Z,SELL,0.02,2,1,20.00,2,28180.00
2026-01-30T19:25:00.000Z,2026-01-30T19:27:00.000Z,SELL,0.02,1,1,20.00,1,28200.00
2026-01-30T19:27:00.000Z,2026-01-30T19:28:00.000Z,SELL,0.02,1,1,20.00,1,28220.00
2026-01-30T19:28:00.000Z,2026-01-30T19:31:00.000Z,SELL,0.02,1,1,20.00,1,28240.00
2026-01-30T19:31:00.000Z,2026-01-30T19:33:00.000Z,SELL,0.02,1,1,20.00,1,28260.00
2026-01-30T19:33:00.000Z,2026-01-30T19:42:00.000Z,SELL,0.02,3,1,20.00,3,28280.00
2026-01-30T19:42:00.000Z,2026-01-30T19:42:00.000Z,SELL,0.02,1,1,20.00,1,28300.00
2026-01-30T19:42:00.000Z,2026-01-30T19:43:00.000Z,SELL,0.02,1,1,20.00,1,28320.00
2026-01-30T19:43:00.000Z,2026-01-30T19:44:00.000Z,SELL,0.02,1,1,20.00,1,28340.00
2026-01-30T19:44:00.000Z,2026-01-30T19:44:00.000Z,SELL,0.02,1,1,20.00,1,28360.00
2026-01-30T19:44:00.000Z,2026-01-30T19:47:00.000Z,SELL,0.02,2,1,20.00,2,28380.00
2026-01-30T19:47:00.000Z,2026-01-30T19:48:00.000Z,SELL,0.02,1,1,20.00,1,28400.00
2026-01-30T19:48:00.000Z,2026-01-30T19:50:00.000Z,SELL,0.02,1,1,20.00,1,28420.00
2026-01-30T19:50:00.000Z,2026-01-30T19:51:00.000Z,SELL,0.02,1,1,20.00,1,28440.00
2026-01-30T19:51:00.000Z,2026-01-30T19:52:00.000Z,SELL,0.02,1,1,20.00,1,28460.00
2026-01-30T19:52:00.000Z,2026-01-30T19:54:00.000Z,SELL,0.02,1,1,20.00,1,28480.00
2026-01-30T19:54:00.000Z,2026-01-30T19:54:00.000Z,SELL,0.02,1,1,20.00,1,28500.00
2026-01-30T19:54:00.000Z,2026-01-30T19:55:00.000Z,SELL,0.02,1,1,20.00,1,28520.00
2026-01-30T19:55:00.000Z,2026-01-30T19:56:00.000Z,SELL,0.02,2,1,20.00,2,28540.00
2026-01-30T19:56:00.000Z,2026-01-30T20:00:00.000Z,SELL,0.02,2,1,20.00,2,28560.00
2026-01-30T20:00:00.000Z,2026-01-30T20:01:00.000Z,SELL,0.02,1,1,20.00,1,28580.00
2026-01-30T20:01:00.000Z,2026-01-30T20:04:00.000Z,SELL,0.02,2,1,20.00,2,28600.00
2026-01-30T20:04:00.000Z,2026-01-30T20:06:00.000Z,SELL,0.02,1,1,20.00,1,28620.00
2026-01-30T20:06:00.000Z,2026-01-30T20:06:00.000Z,SELL,0.02,1,1,20.00,1,28640.00
2026-01-30T20:06:00.000Z,2026-01-30T20:07:00.000Z,SELL,0.02,1,1,20.00,1,28660.00
2026-01-30T20:07:00.000Z,2026-01-30T20:08:00.000Z,SELL,0.02,1,1,20.00,1,28680.00
2026-01-30T20:08:00.000Z,2026-01-30T20:08:00.000Z,SELL,0.02,1,1,20.00,1,28700.00
2026-01-30T20:08:00.000Z,2026-01-30T20:09:00.000Z,SELL,0.02,1,1,20.00,1,28720.00
2026-01-30T20:09:00.000Z,2026-01-30T20:09:00.000Z,SELL,0.02,1,1,20.00,1,28740.00
2026-01-30T20:09:00.000Z,2026-01-30T20:10:00.000Z,SELL,0.02,1,1,20.00,1,28760.00
2026-01-30T20:10:00.000Z,2026-01-30T20:12:00.000Z,SELL,0.02,3,1,20.00,3,28780.00
2026-01-30T20:12:00.000Z,2026-01-30T20:13:00.000Z,SELL,0.02,2,1,20.00,2,28800.00
2026-01-30T20:13:00.000Z,2026-01-30T20:13:00.000Z,SELL,0.02,1,1,20.00,1,28820.00
2026-01-30T20:13:00.000Z,2026-01-30T20:15:00.000Z,SELL,0.02,1,1,20.00,1,28840.00
2026-01-30T20:15:00.000Z,2026-01-30T20:16:00.000Z,SELL,0.02,1,1,20.00,1,28860.00
2026-01-30T20:16:00.000Z,2026-01-30T20:18:00.000Z,SELL,0.02,1,1,20.00,1,28880.00
2026-01-30T20:18:00.000Z,2026-01-30T20:18:00.000Z,SELL,0.02,1,1,20.00,1,28900.00
2026-01-30T20:18:00.000Z,2026-01-30T20:18:00.000Z,SELL,0.02,1,1,20.00,1,28920.00
2026-01-30T20:18:00.000Z,2026-01-30T20:20:00.000Z,SELL,0.02,1,1,20.00,1,28940.00
2026-01-30T20:20:00.000Z,2026-01-30T20:20:00.000Z,SELL,0.02,1,1,20.00,1,28960.00
2026-01-30T20:20:00.000Z,2026-01-30T20:21:00.000Z,SELL,0.02,1,1,20.00,1,28980.00
2026-01-30T20:21:00.000Z,2026-01-30T20:21:00.000Z,SELL,0.02,1,1,20.00,1,29000.00
2026-01-30T20:21:00.000Z,2026-01-30T20:21:00.000Z,SELL,0.02,1,1,20.00,1,29020.00
2026-01-30T20:21:00.000Z,2026-01-30T20:23:00.000Z,SELL,0.02,4,1,20.00,4,29040.00
2026-01-30T20:23:00.000Z,2026-01-30T20:24:00.000Z,SELL,0.02,1,1,20.00,1,29060.00
2026-01-30T20:24:00.000Z,2026-01-30T20:28:00.000Z,SELL,0.02,3,1,20.00,3,29080.00
2026-01-30T20:28:00.000Z,2026-01-30T20:28:00.000Z,SELL,0.02,1,1,20.00,1,29100.00
2026-01-30T20:28:00.000Z,2026-01-30T20:29:00.000Z,SELL,0.02,1,1,20.00,1,29120.00
2026-01-30T20:29:00.000Z,2026-01-30T20:29:00.000Z,SELL,0.02,2,1,20.00,2,29140.00
2026-01-30T20:29:00.000Z,2026-01-30T20:32:00.000Z,SELL,0.02,4,1,20.00,4,29160.00
2026-01-30T20:32:00.000Z,2026-01-30T20:35:00.000Z,SELL,0.02,1,1,20.00,1,29180.00
2026-01-30T20:35:00.000Z,2026-01-30T20:36:00.000Z,SELL,0.02,1,1,20.00,1,29200.00
2026-01-30T20:36:00.000Z,2026-01-30T20:36:00.000Z,SELL,0.02,1,1,20.00,1,29220.00
2026-01-30T20:36:00.000Z,2026-01-30T20:36:00.000Z,SELL,0.02,1,1,20.00,1,29240.00
2026-01-30T20:36:00.000Z,2026-01-30T20:38:00.000Z,SELL,0.02,1,1,20.00,1,29260.00
2026-01-30T20:38:00.000Z,2026-01-30T20:38:00.000Z,SELL,0.02,1,1,20.00,1,29280.00
2026-01-30T20:38:00.000Z,2026-01-30T20:39:00.000Z,SELL,0.02,1,1,20.00,1,29300.00
2026-01-30T20:39:00.000Z,2026-01-30T20:40:00.000Z,SELL,0.02,2,1,20.00,2,29320.00
2026-01-30T20:40:00.000Z,2026-01-30T20:42:00.000Z,SELL,0.02,2,1,20.00,2,29340.00
2026-01-30T20:42:00.000Z,2026-01-30T20:44:00.000Z,SELL,0.02,2,1,20.00,2,29360.00
2026-01-30T20:44:00.000Z,2026-01-30T20:45:00.000Z,SELL,0.02,2,1,20.00,2,29380.00
2026-01-30T20:45:00.000Z,2026-01-30T20:46:00.000Z,SELL,0.02,1,1,20.00,1,29400.00
2026-01-30T20:46:00.000Z,2026-01-30T20:47:00.000Z,SELL,0.02,2,1,20.00,2,29420.00
2026-01-30T20:47:00.000Z,2026-01-30T20:47:00.000Z,SELL,0.02,1,1,20.00,1,29440.00
2026-01-30T20:47:00.000Z,2026-01-30T20:51:00.000Z,SELL,0.02,4,1,20.00,4,29460.00
2026-01-30T20:51:00.000Z,2026-01-30T20:52:00.000Z,SELL,0.02,1,1,20.00,1,29480.00
2026-01-30T20:52:00.000Z,2026-01-30T20:52:00.000Z,SELL,0.02,1,1,20.00,1,29500.00
2026-01-30T20:52:00.000Z,2026-01-30T20:53:00.000Z,SELL,0.02,2,1,20.00,2,29520.00
2026-01-30T20:53:00.000Z,2026-01-30T20:56:00.000Z,SELL,0.02,2,1,20.00,2,29540.00
2026-01-30T20:56:00.000Z,2026-01-30T20:58:00.000Z,SELL,0.02,1,1,20.00,1,29560.00
2026-01-30T20:58:00.000Z,2026-01-30T20:58:00.000Z,SELL,0.02,1,1,20.00,1,29580.00
2026-01-30T20:58:00.000Z,2026-01-30T21:00:00.000Z,SELL,0.02,2,1,20.00,2,29600.00
2026-01-30T21:00:00.000Z,2026-01-30T21:02:00.000Z,SELL,0.02,3,1,20.00,3,29620.00
2026-01-30T21:02:00.000Z,2026-01-30T21:10:00.000Z,SELL,0.02,4,1,20.00,4,29640.00
2026-01-30T21:10:00.000Z,2026-01-30T21:11:00.000Z,SELL,0.02,1,1,20.00,1,29660.00
2026-01-30T21:11:00.000Z,2026-01-30T21:11:00.000Z,SELL,0.02,1,1,20.00,1,29680.00
2026-01-30T21:11:00.000Z,2026-01-30T21:13:00.000Z,SELL,0.02,1,1,20.00,1,29700.00
2026-01-30T21:13:00.000Z,2026-01-30T21:19:00.000Z,SELL,0.02,1,1,20.00,1,29720.00
2026-01-30T21:19:00.000Z,2026-01-30T21:23:00.000Z,SELL,0.02,3,1,20.00,3,29740.00
2026-01-30T21:23:00.000Z,2026-01-30T21:23:00.000Z,SELL,0.02,1,1,20.00,1,29760.00
2026-01-30T21:23:00.000Z,2026-01-30T21:27:00.000Z,SELL,0.02,2,1,20.00,2,29780.00
2026-01-30T21:27:00.000Z,2026-01-30T21:33:00.000Z,SELL,0.02,2,1,20.00,2,29800.00
2026-01-30T21:33:00.000Z,2026-01-30T21:35:00.000Z,SELL,0.02,1,1,20.00,1,29820.00
2026-01-30T21:35:00.000Z,2026-01-30T21:45:00.000Z,SELL,0.02,4,1,20.00,4,29840.00
2026-01-30T21:45:00.000Z,2026-01-30T21:46:00.000Z,SELL,0.02,1,1,20.00,1,29860.00
2026-01-30T21:46:00.000Z,2026-01-30T21:47:00.000Z,SELL,0.02,1,1,20.00,1,29880.00
2026-01-30T21:47:00.000Z,2026-01-30T21:54:00.000Z,SELL,0.02,2,1,20.00,2,29900.00
2026-01-30T21:54:00.000Z,2026-01-30T21:55:00.000Z,SELL,0.02,1,1,20.00,1,29920.00
2026-01-30T21:55:00.000Z,2026-01-30T22:00:00.000Z,SELL,0.02,1,1,20.00,1,29940.00
2026-01-30T22:00:00.000Z,2026-01-30T22:00:00.000Z,SELL,0.02,1,1,20.00,1,29960.00
2026-01-30T22:00:00.000Z,2026-01-30T22:01:00.000Z,SELL,0.02,1,1,20.00,1,29980.00
2026-01-30T22:01:00.000Z,2026-01-30T22:02:00.000Z,SELL,0.02,1,1,20.00,1,30000.00
2026-01-30T22:02:00.000Z,2026-01-30T22:05:00.000Z,SELL,0.03,2,1,30.00,2,30030.00
2026-01-30T22:05:00.000Z,2026-01-30T22:05:00.000Z,SELL,0.03,1,1,30.00,1,30060.00
2026-01-30T22:05:00.000Z,2026-01-30T22:06:00.000Z,SELL,0.03,1,1,30.00,1,30090.00
2026-01-30T22:06:00.000Z,2026-01-30T22:07:00.000Z,SELL,0.03,1,1,30.00,1,30120.00
2026-01-30T22:07:00.000Z,2026-01-30T22:32:00.000Z,SELL,0.03,3,1,30.00,3,30150.00
2026-01-30T22:32:00.000Z,2026-01-30T22:32:00.000Z,SELL,0.03,1,1,30.00,1,30180.00
2026-01-30T22:32:00.000Z,2026-01-30T22:33:00.000Z,SELL,0.03,1,1,30.00,1,30210.00
2026-01-30T22:33:00.000Z,2026-01-30T22:37:00.000Z,SELL,0.03,3,1,30.00,3,30240.00
2026-01-30T22:37:00.000Z,2026-01-30T22:47:00.000Z,SELL,0.03,2,1,30.00,2,30270.00
2026-01-30T22:47:00.000Z,2026-01-30T22:47:00.000Z,SELL,0.03,1,1,30.00,1,30300.00
2026-01-30T22:47:00.000Z,2026-01-30T22:50:00.000Z,SELL,0.03,1,1,30.00,1,30330.00
2026-01-30T22:50:00.000Z,2026-01-30T22:54:00.000Z,SELL,0.03,1,1,30.00,1,30360.00
2026-01-30T22:54:00.000Z,2026-01-30T22:54:00.000Z,SELL,0.03,1,1,30.00,1,30390.00
2026-01-30T22:54:00.000Z,2026-01-30T22:55:00.000Z,SELL,0.03,1,1,30.00,1,30420.00
2026-01-30T22:55:00.000Z,2026-01-30T22:56:00.000Z,SELL,0.03,1,1,30.00,1,30450.00
2026-01-30T22:56:00.000Z,2026-01-30T22:59:00.000Z,SELL,0.03,2,1,30.00,2,30480.00
2026-01-30T22:59:00.000Z,2026-01-30T23:00:00.000Z,SELL,0.03,1,1,30.00,1,30510.00
2026-01-30T23:00:00.000Z,2026-01-30T23:21:00.000Z,SELL,0.03,4,1,30.00,4,30540.00
2026-01-30T23:21:00.000Z,2026-01-30T23:38:00.000Z,SELL,0.03,3,1,30.00,3,30570.00
2026-01-30T23:38:00.000Z,2026-01-30T23:51:00.000Z,SELL,0.03,2,1,30.00,2,30600.00
2026-01-30T23:51:00.000Z,2026-02-02T01:00:00.000Z,SELL,0.03,1,1,30.00,1,30630.00
2026-02-02T01:00:00.000Z,2026-02-02T01:00:00.000Z,SELL,0.03,1,1,30.00,1,30660.00
2026-02-02T01:00:00.000Z,2026-02-02T01:00:00.000Z,SELL,0.03,1,1,30.00,1,30690.00
2026-02-02T01:00:00.000Z,2026-02-02T01:00:00.000Z,SELL,0.03,1,1,30.00,1,30720.00
2026-02-02T01:00:00.000Z,2026-02-02T01:00:00.000Z,SELL,0.03,1,1,30.00,1,30750.00
2026-02-02T01:00:00.000Z,2026-02-02T01:00:00.000Z,SELL,0.03,1,1,30.00,1,30780.00
2026-02-02T01:00:00.000Z,2026-02-02T01:00:00.000Z,SELL,0.03,1,1,30.00,1,30810.00
2026-02-02T01:00:00.000Z,2026-02-02T01:00:00.000Z,SELL,0.03,1,1,30.00,1,30840.00
2026-02-02T01:00:00.000Z,2026-02-02T01:00:00.000Z,SELL,0.03,1,1,30.00,1,30870.00
2026-02-02T01:00:00.000Z,2026-02-02T01:00:00.000Z,SELL,0.03,1,1,30.00,1,30900.00
2026-02-02T01:00:00.000Z,2026-02-02T01:00:00.000Z,SELL,0.03,1,1,30.00,1,30930.00
2026-02-02T01:00:00.000Z,2026-02-02T01:01:00.000Z,SELL,0.03,2,1,30.00,2,30960.00
2026-02-02T01:01:00.000Z,2026-02-02T01:02:00.000Z,SELL,0.03,2,1,30.00,2,30990.00
2026-02-02T01:02:00.000Z,2026-02-02T01:03:00.000Z,SELL,0.03,2,1,30.00,2,31020.00
2026-02-02T01:03:00.000Z,2026-02-02T01:03:00.000Z,SELL,0.03,1,1,30.00,1,31050.00
2026-02-02T01:03:00.000Z,2026-02-02T01:03:00.000Z,SELL,0.03,1,1,30.00,1,31080.00
2026-02-02T01:03:00.000Z,2026-02-02T01:04:00.000Z,SELL,0.03,1,1,30.00,1,31110.00
2026-02-02T01:04:00.000Z,2026-02-02T01:05:00.000Z,SELL,0.03,1,1,30.00,1,31140.00
2026-02-02T01:05:00.000Z,2026-02-02T01:05:00.000Z,SELL,0.03,1,1,30.00,1,31170.00
2026-02-02T01:05:00.000Z,2026-02-02T01:10:00.000Z,SELL,0.03,1,1,30.00,1,31200.00
2026-02-02T01:10:00.000Z,2026-02-02T01:10:00.000Z,SELL,0.03,1,1,30.00,1,31230.00
2026-02-02T01:10:00.000Z,2026-02-02T01:10:00.000Z,SELL,0.03,1,1,30.00,1,31260.00
2026-02-02T01:10:00.000Z,2026-02-02T01:10:00.000Z,SELL,0.03,1,1,30.00,1,31290.00
2026-02-02T01:10:00.000Z,2026-02-02T01:11:00.000Z,SELL,0.03,1,1,30.00,1,31320.00
2026-02-02T01:11:00.000Z,2026-02-02T01:11:00.000Z,SELL,0.03,2,1,30.00,2,31350.00
2026-02-02T01:11:00.000Z,2026-02-02T01:11:00.000Z,SELL,0.03,1,1,30.00,1,31380.00
2026-02-02T01:11:00.000Z,2026-02-02T01:11:00.000Z,SELL,0.03,1,1,30.00,1,31410.00
2026-02-02T01:11:00.000Z,2026-02-02T01:11:00.000Z,SELL,0.03,1,1,30.00,1,31440.00
2026-02-02T01:11:00.000Z,2026-02-02T01:11:00.000Z,SELL,0.03,1,1,30.00,1,31470.00
2026-02-02T01:11:00.000Z,2026-02-02T01:11:00.000Z,SELL,0.03,1,1,30.00,1,31500.00
2026-02-02T01:11:00.000Z,2026-02-02T01:11:00.000Z,SELL,0.03,1,1,30.00,1,31530.00
2026-02-02T01:11:00.000Z,2026-02-02T01:11:00.000Z,SELL,0.03,1,1,30.00,1,31560.00
2026-02-02T01:11:00.000Z,2026-02-02T01:12:00.000Z,SELL,0.03,2,1,30.00,2,31590.00
2026-02-02T01:12:00.000Z,2026-02-02T01:14:00.000Z,SELL,0.03,3,1,30.00,3,31620.00
2026-02-02T01:14:00.000Z,2026-02-02T01:15:00.000Z,SELL,0.03,3,1,30.00,3,31650.00
2026-02-02T01:15:00.000Z,2026-02-02T01:18:00.000Z,SELL,0.03,1,1,30.00,1,31680.00
2026-02-02T01:18:00.000Z,2026-02-02T01:18:00.000Z,SELL,0.03,1,1,30.00,1,31710.00
2026-02-02T01:18:00.000Z,2026-02-02T01:23:00.000Z,SELL,0.03,2,1,30.00,2,31740.00
2026-02-02T01:23:00.000Z,2026-02-02T01:24:00.000Z,SELL,0.03,1,1,30.00,1,31770.00
2026-02-02T01:24:00.000Z,2026-02-02T01:25:00.000Z,SELL,0.03,1,1,30.00,1,31800.00
2026-02-02T01:25:00.000Z,2026-02-02T01:34:00.000Z,SELL,0.03,4,1,30.00,4,31830.00
2026-02-02T01:34:00.000Z,2026-02-02T01:38:00.000Z,SELL,0.03,2,1,30.00,2,31860.00
2026-02-02T01:38:00.000Z,2026-02-02T01:45:00.000Z,SELL,0.03,1,1,30.00,1,31890.00
2026-02-02T01:45:00.000Z,2026-02-02T01:45:00.000Z,SELL,0.03,1,1,30.00,1,31920.00
2026-02-02T01:45:00.000Z,2026-02-02T01:45:00.000Z,SELL,0.03,1,1,30.00,1,31950.00
2026-02-02T01:45:00.000Z,2026-02-02T01:45:00.000Z,SELL,0.03,1,1,30.00,1,31980.00
2026-02-02T01:45:00.000Z,2026-02-02T01:47:00.000Z,SELL,0.03,3,1,30.00,3,32010.00
2026-02-02T01:47:00.000Z,2026-02-02T01:50:00.000Z,SELL,0.03,2,1,30.00,2,32040.00
2026-02-02T01:50:00.000Z,2026-02-02T01:51:00.000Z,SELL,0.03,1,1,30.00,1,32070.00
2026-02-02T01:51:00.000Z,2026-02-02T02:04:00.000Z,SELL,0.03,2,1,30.00,2,32100.00
2026-02-02T02:04:00.000Z,2026-02-02T02:08:00.000Z,SELL,0.03,2,1,30.00,2,32130.00
2026-02-02T02:08:00.000Z,2026-02-02T02:12:00.000Z,SELL,0.03,2,1,30.00,2,32160.00
2026-02-02T02:12:00.000Z,2026-02-02T02:12:00.000Z,SELL,0.03,1,1,30.00,1,32190.00
2026-02-02T02:12:00.000Z,2026-02-02T02:18:00.000Z,SELL,0.03,2,1,30.00,2,32220.00
2026-02-02T02:18:00.000Z,2026-02-02T02:25:00.000Z,SELL,0.03,3,1,30.00,3,32250.00
2026-02-02T02:25:00.000Z,2026-02-02T02:25:00.000Z,SELL,0.03,1,1,30.00,1,32280.00
2026-02-02T02:25:00.000Z,2026-02-02T02:31:00.000Z,SELL,0.03,1,1,30.00,1,32310.00
2026-02-02T02:31:00.000Z,2026-02-02T02:33:00.000Z,SELL,0.03,1,1,30.00,1,32340.00
2026-02-02T02:33:00.000Z,2026-02-02T02:36:00.000Z,SELL,0.03,2,1,30.00,2,32370.00
2026-02-02T02:36:00.000Z,2026-02-02T02:36:00.000Z,SELL,0.03,1,1,30.00,1,32400.00
2026-02-02T02:36:00.000Z,2026-02-02T02:39:00.000Z,SELL,0.03,1,1,30.00,1,32430.00
2026-02-02T02:39:00.000Z,2026-02-02T02:43:00.000Z,SELL,0.03,1,1,30.00,1,32460.00
2026-02-02T02:43:00.000Z,2026-02-02T02:44:00.000Z,SELL,0.03,1,1,30.00,1,32490.00
2026-02-02T02:44:00.000Z,2026-02-02T02:45:00.000Z,SELL,0.03,1,1,30.00,1,32520.00
2026-02-02T02:45:00.000Z,2026-02-02T02:47:00.000Z,SELL,0.03,1,1,30.00,1,32550.00
2026-02-02T02:47:00.000Z,2026-02-02T02:56:00.000Z,SELL,0.03,1,1,30.00,1,32580.00
2026-02-02T02:56:00.000Z,2026-02-02T02:56:00.000Z,SELL,0.03,1,1,30.00,1,32610.00
2026-02-02T02:56:00.000Z,2026-02-02T03:00:00.000Z,SELL,0.03,3,1,30.00,3,32640.00
2026-02-02T03:00:00.000Z,2026-02-02T03:00:00.000Z,SELL,0.03,1,1,30.00,1,32670.00
2026-02-02T03:00:00.000Z,2026-02-02T03:00:00.000Z,SELL,0.03,1,1,30.00,1,32700.00
2026-02-02T03:00:00.000Z,2026-02-02T03:02:00.000Z,SELL,0.03,2,1,30.00,2,32730.00
2026-02-02T03:02:00.000Z,2026-02-02T03:06:00.000Z,SELL,0.03,3,1,30.00,3,32760.00
2026-02-02T03:06:00.000Z,2026-02-02T03:06:00.000Z,SELL,0.03,1,1,30.00,1,32790.00
2026-02-02T03:06:00.000Z,2026-02-02T03:06:00.000Z,SELL,0.03,1,1,30.00,1,32820.00
2026-02-02T03:06:00.000Z,2026-02-02T03:07:00.000Z,SELL,0.03,1,1,30.00,1,32850.00
2026-02-02T03:07:00.000Z,2026-02-02T03:07:00.000Z,SELL,0.03,1,1,30.00,1,32880.00
2026-02-02T03:07:00.000Z,2026-02-02T03:07:00.000Z,SELL,0.03,1,1,30.00,1,32910.00
2026-02-02T03:07:00.000Z,2026-02-02T03:09:00.000Z,SELL,0.03,1,1,30.00,1,32940.00
2026-02-02T03:09:00.000Z,2026-02-02T03:09:00.000Z,SELL,0.03,1,1,30.00,1,32970.00
2026-02-02T03:09:00.000Z,2026-02-02T03:09:00.000Z,SELL,0.03,1,1,30.00,1,33000.00
2026-02-02T03:09:00.000Z,2026-02-02T03:09:00.000Z,SELL,0.03,1,1,30.00,1,33030.00
2026-02-02T03:09:00.000Z,2026-02-02T03:09:00.000Z,SELL,0.03,1,1,30.00,1,33060.00
2026-02-02T03:09:00.000Z,2026-02-02T03:10:00.000Z,SELL,0.03,1,1,30.00,1,33090.00
2026-02-02T03:10:00.000Z,2026-02-02T03:10:00.000Z,SELL,0.03,1,1,30.00,1,33120.00
2026-02-02T03:10:00.000Z,2026-02-02T03:10:00.000Z,SELL,0.03,1,1,30.00,1,33150.00
2026-02-02T03:10:00.000Z,2026-02-02T03:10:00.000Z,SELL,0.03,1,1,30.00,1,33180.00
2026-02-02T03:10:00.000Z,2026-02-02T03:10:00.000Z,SELL,0.03,1,1,30.00,1,33210.00
2026-02-02T03:10:00.000Z,2026-02-02T03:10:00.000Z,SELL,0.03,1,1,30.00,1,33240.00
2026-02-02T03:10:00.000Z,2026-02-02T03:11:00.000Z,SELL,0.03,2,1,30.00,2,33270.00
2026-02-02T03:11:00.000Z,2026-02-02T03:12:00.000Z,SELL,0.03,1,1,30.00,1,33300.00
2026-02-02T03:12:00.000Z,2026-02-02T03:12:00.000Z,SELL,0.03,1,1,30.00,1,33330.00
2026-02-02T03:12:00.000Z,2026-02-02T03:13:00.000Z,SELL,0.03,2,1,30.00,2,33360.00
2026-02-02T03:13:00.000Z,2026-02-02T03:15:00.000Z,SELL,0.03,4,1,30.00,4,33390.00
2026-02-02T03:15:00.000Z,2026-02-02T03:16:00.000Z,SELL,0.03,2,1,30.00,2,33420.00
2026-02-02T03:16:00.000Z,2026-02-02T03:17:00.000Z,SELL,0.03,1,1,30.00,1,33450.00
2026-02-02T03:17:00.000Z,2026-02-02T03:20:00.000Z,SELL,0.03,2,1,30.00,2,33480.00
2026-02-02T03:20:00.000Z,2026-02-02T03:21:00.000Z,SELL,0.03,1,1,30.00,1,33510.00
2026-02-02T03:21:00.000Z,2026-02-02T03:21:00.000Z,SELL,0.03,1,1,30.00,1,33540.00
2026-02-02T03:21:00.000Z,2026-02-02T03:23:00.000Z,SELL,0.03,1,1,30.00,1,33570.00
2026-02-02T03:23:00.000Z,2026-02-02T03:23:00.000Z,SELL,0.03,1,1,30.00,1,33600.00
2026-02-02T03:23:00.000Z,2026-02-02T03:23:00.000Z,SELL,0.03,1,1,30.00,1,33630.00
2026-02-02T03:23:00.000Z,2026-02-02T03:23:00.000Z,SELL,0.03,1,1,30.00,1,33660.00
2026-02-02T03:23:00.000Z,2026-02-02T03:25:00.000Z,SELL,0.03,2,1,30.00,2,33690.00
2026-02-02T03:25:00.000Z,2026-02-02T03:25:00.000Z,SELL,0.03,1,1,30.00,1,33720.00
2026-02-02T03:25:00.000Z,2026-02-02T03:28:00.000Z,SELL,0.03,2,1,30.00,2,33750.00
2026-02-02T03:28:00.000Z,2026-02-02T03:30:00.000Z,SELL,0.03,1,1,30.00,1,33780.00
2026-02-02T03:30:00.000Z,2026-02-02T03:30:00.000Z,SELL,0.03,1,1,30.00,1,33810.00
2026-02-02T03:30:00.000Z,2026-02-02T03:33:00.000Z,SELL,0.03,2,1,30.00,2,33840.00
2026-02-02T03:33:00.000Z,2026-02-02T03:34:00.000Z,SELL,0.03,1,1,30.00,1,33870.00
2026-02-02T03:34:00.000Z,2026-02-02T03:35:00.000Z,SELL,0.03,2,1,30.00,2,33900.00
2026-02-02T03:35:00.000Z,2026-02-02T03:38:00.000Z,SELL,0.03,1,1,30.00,1,33930.00
2026-02-02T03:38:00.000Z,2026-02-02T03:41:00.000Z,SELL,0.03,1,1,30.00,1,33960.00
2026-02-02T03:41:00.000Z,2026-02-02T03:41:00.000Z,SELL,0.03,1,1,30.00,1,33990.00
2026-02-02T03:41:00.000Z,2026-02-02T03:47:00.000Z,SELL,0.03,2,1,30.00,2,34020.00
2026-02-02T03:47:00.000Z,2026-02-02T04:03:00.000Z,SELL,0.03,5,1,30.00,5,34050.00
2026-02-02T04:03:00.000Z,2026-02-02T04:10:00.000Z,SELL,0.03,1,1,30.00,1,34080.00
2026-02-02T04:10:00.000Z,2026-02-02T04:14:00.000Z,SELL,0.03,2,1,30.00,2,34110.00
2026-02-02T04:14:00.000Z,2026-02-02T04:18:00.000Z,SELL,0.03,1,1,30.00,1,34140.00
2026-02-02T04:18:00.000Z,2026-02-02T04:32:00.000Z,SELL,0.03,2,1,30.00,2,34170.00
2026-02-02T04:32:00.000Z,2026-02-02T04:47:00.000Z,SELL,0.03,1,1,30.00,1,34200.00
2026-02-02T04:47:00.000Z,2026-02-02T04:48:00.000Z,SELL,0.03,1,1,30.00,1,34230.00
2026-02-02T04:48:00.000Z,2026-02-02T04:49:00.000Z,SELL,0.03,1,1,30.00,1,34260.00
2026-02-02T04:49:00.000Z,2026-02-02T04:57:00.000Z,SELL,0.03,1,1,30.00,1,34290.00
2026-02-02T04:57:00.000Z,2026-02-02T04:58:00.000Z,SELL,0.03,1,1,30.00,1,34320.00
2026-02-02T04:58:00.000Z,2026-02-02T05:14:00.000Z,SELL,0.03,3,1,30.00,3,34350.00
2026-02-02T05:14:00.000Z,2026-02-02T05:15:00.000Z,SELL,0.03,1,1,30.00,1,34380.00
2026-02-02T05:15:00.000Z,2026-02-02T05:15:00.000Z,SELL,0.03,1,1,30.00,1,34410.00
2026-02-02T05:15:00.000Z,2026-02-02T05:18:00.000Z,SELL,0.03,2,1,30.00,2,34440.00
2026-02-02T05:18:00.000Z,2026-02-02T05:31:00.000Z,SELL,0.03,3,1,30.00,3,34470.00
2026-02-02T05:31:00.000Z,2026-02-02T05:32:00.000Z,SELL,0.03,1,1,30.00,1,34500.00
2026-02-02T05:32:00.000Z,2026-02-02T05:35:00.000Z,SELL,0.03,1,1,30.00,1,34530.00
2026-02-02T05:35:00.000Z,2026-02-02T05:35:00.000Z,SELL,0.03,1,1,30.00,1,34560.00
2026-02-02T05:35:00.000Z,2026-02-02T05:36:00.000Z,SELL,0.03,1,1,30.00,1,34590.00
2026-02-02T05:36:00.000Z,2026-02-02T05:40:00.000Z,SELL,0.03,3,1,30.00,3,34620.00
2026-02-02T05:40:00.000Z,2026-02-02T05:44:00.000Z,SELL,0.03,2,1,30.00,2,34650.00
2026-02-02T05:44:00.000Z,2026-02-02T05:54:00.000Z,SELL,0.03,3,1,30.00,3,34680.00
2026-02-02T05:54:00.000Z,2026-02-02T05:57:00.000Z,SELL,0.03,1,1,30.00,1,34710.00
2026-02-02T05:57:00.000Z,2026-02-02T06:01:00.000Z,SELL,0.03,1,1,30.00,1,34740.00
2026-02-02T06:01:00.000Z,2026-02-02T06:01:00.000Z,SELL,0.03,1,1,30.00,1,34770.00
2026-02-02T06:01:00.000Z,2026-02-02T06:02:00.000Z,SELL,0.03,1,1,30.00,1,34800.00
2026-02-02T06:02:00.000Z,2026-02-02T06:03:00.000Z,SELL,0.03,1,1,30.00,1,34830.00
2026-02-02T06:03:00.000Z,2026-02-02T06:08:00.000Z,SELL,0.03,2,1,30.00,2,34860.00
2026-02-02T06:08:00.000Z,2026-02-02T06:15:00.000Z,SELL,0.03,4,1,30.00,4,34890.00
2026-02-02T06:15:00.000Z,2026-02-02T06:20:00.000Z,SELL,0.03,2,1,30.00,2,34920.00
2026-02-02T06:20:00.000Z,2026-02-02T06:20:00.000Z,SELL,0.03,1,1,30.00,1,34950.00
2026-02-02T06:20:00.000Z,2026-02-02T06:23:00.000Z,SELL,0.03,1,1,30.00,1,34980.00
2026-02-02T06:23:00.000Z,2026-02-02T06:39:00.000Z,SELL,0.03,3,1,30.00,3,35010.00
2026-02-02T06:39:00.000Z,2026-02-02T06:45:00.000Z,SELL,0.03,2,1,30.00,2,35040.00
2026-02-02T06:45:00.000Z,2026-02-02T06:49:00.000Z,SELL,0.03,1,1,30.00,1,35070.00
2026-02-02T06:49:00.000Z,2026-02-02T06:50:00.000Z,SELL,0.03,1,1,30.00,1,35100.00
2026-02-02T06:50:00.000Z,2026-02-02T07:07:00.000Z,SELL,0.03,1,1,30.00,1,35130.00
2026-02-02T07:07:00.000Z,2026-02-02T07:12:00.000Z,SELL,0.03,1,1,30.00,1,35160.00
2026-02-02T07:12:00.000Z,2026-02-02T07:30:00.000Z,SELL,0.03,1,1,30.00,1,35190.00
2026-02-02T07:30:00.000Z,2026-02-02T07:31:00.000Z,SELL,0.03,1,1,30.00,1,35220.00
2026-02-02T07:31:00.000Z,2026-02-02T07:31:00.000Z,SELL,0.03,1,1,30.00,1,35250.00
2026-02-02T07:31:00.000Z,2026-02-02T07:36:00.000Z,SELL,0.03,1,1,30.00,1,35280.00
2026-02-02T07:36:00.000Z,2026-02-02T07:37:00.000Z,SELL,0.03,1,1,30.00,1,35310.00
2026-02-02T07:37:00.000Z,2026-02-02T07:44:00.000Z,SELL,0.03,1,1,30.00,1,35340.00
2026-02-02T07:44:00.000Z,2026-02-02T07:44:00.000Z,SELL,0.03,1,1,30.00,1,35370.00
2026-02-02T07:44:00.000Z,2026-02-02T07:44:00.000Z,SELL,0.03,1,1,30.00,1,35400.00
2026-02-02T07:44:00.000Z,2026-02-02T07:45:00.000Z,SELL,0.03,1,1,30.00,1,35430.00
2026-02-02T07:45:00.000Z,2026-02-02T07:48:00.000Z,SELL,0.03,1,1,30.00,1,35460.00
2026-02-02T07:48:00.000Z,2026-02-02T07:49:00.000Z,SELL,0.03,1,1,30.00,1,35490.00
2026-02-02T07:49:00.000Z,2026-02-02T07:49:00.000Z,SELL,0.03,1,1,30.00,1,35520.00
2026-02-02T07:49:00.000Z,2026-02-02T07:50:00.000Z,SELL,0.03,2,1,30.00,2,35550.00
2026-02-02T07:50:00.000Z,2026-02-02T07:50:00.000Z,SELL,0.03,1,1,30.00,1,35580.00
2026-02-02T07:50:00.000Z,2026-02-02T07:50:00.000Z,SELL,0.03,1,1,30.00,1,35610.00
2026-02-02T07:50:00.000Z,2026-02-02T07:51:00.000Z,SELL,0.03,3,1,30.00,3,35640.00
2026-02-02T07:51:00.000Z,2026-02-02T07:52:00.000Z,SELL,0.03,1,1,30.00,1,35670.00
2026-02-02T07:52:00.000Z,2026-02-02T07:53:00.000Z,SELL,0.03,1,1,30.00,1,35700.00
2026-02-02T07:53:00.000Z,2026-02-02T07:53:00.000Z,SELL,0.03,1,1,30.00,1,35730.00
2026-02-02T07:53:00.000Z,2026-02-02T07:54:00.000Z,SELL,0.03,2,1,30.00,2,35760.00
2026-02-02T07:54:00.000Z,2026-02-02T07:57:00.000Z,SELL,0.03,1,1,30.00,1,35790.00
2026-02-02T07:57:00.000Z,2026-02-02T07:58:00.000Z,SELL,0.03,2,1,30.00,2,35820.00
2026-02-02T07:58:00.000Z,2026-02-02T07:59:00.000Z,SELL,0.03,1,1,30.00,1,35850.00
2026-02-02T07:59:00.000Z,2026-02-02T08:00:00.000Z,SELL,0.03,2,1,30.00,2,35880.00
2026-02-02T08:00:00.000Z,2026-02-02T08:01:00.000Z,SELL,0.03,1,1,30.00,1,35910.00
2026-02-02T08:01:00.000Z,2026-02-02T08:02:00.000Z,SELL,0.03,1,1,30.00,1,35940.00
2026-02-02T08:02:00.000Z,2026-02-02T08:06:00.000Z,SELL,0.03,1,1,30.00,1,35970.00
2026-02-02T08:06:00.000Z,2026-02-02T08:07:00.000Z,SELL,0.03,1,1,30.00,1,36000.00
2026-02-02T08:07:00.000Z,2026-02-02T08:08:00.000Z,SELL,0.03,1,1,30.00,1,36030.00
2026-02-02T08:08:00.000Z,2026-02-02T08:09:00.000Z,SELL,0.03,2,1,30.00,2,36060.00
2026-02-02T08:09:00.000Z,2026-02-02T08:12:00.000Z,SELL,0.03,1,1,30.00,1,36090.00
2026-02-02T08:12:00.000Z,2026-02-02T08:17:00.000Z,SELL,0.03,1,1,30.00,1,36120.00
2026-02-02T08:17:00.000Z,2026-02-02T08:17:00.000Z,SELL,0.03,1,1,30.00,1,36150.00
2026-02-02T08:17:00.000Z,2026-02-02T08:20:00.000Z,SELL,0.03,1,1,30.00,1,36180.00
2026-02-02T08:20:00.000Z,2026-02-02T08:21:00.000Z,SELL,0.03,1,1,30.00,1,36210.00
2026-02-02T08:21:00.000Z,2026-02-02T08:21:00.000Z,SELL,0.03,1,1,30.00,1,36240.00
2026-02-02T08:21:00.000Z,2026-02-02T08:23:00.000Z,SELL,0.03,1,1,30.00,1,36270.00
2026-02-02T08:23:00.000Z,2026-02-02T08:23:00.000Z,SELL,0.03,1,1,30.00,1,36300.00
2026-02-02T08:23:00.000Z,2026-02-02T08:24:00.000Z,SELL,0.03,1,1,30.00,1,36330.00
2026-02-02T08:24:00.000Z,2026-02-02T08:24:00.000Z,SELL,0.03,1,1,30.00,1,36360.00
2026-02-02T08:24:00.000Z,2026-02-02T08:25:00.000Z,SELL,0.03,2,1,30.00,2,36390.00
2026-02-02T08:25:00.000Z,2026-02-02T08:25:00.000Z,SELL,0.03,1,1,30.00,1,36420.00
2026-02-02T08:25:00.000Z,2026-02-02T08:26:00.000Z,SELL,0.03,1,1,30.00,1,36450.00
2026-02-02T08:26:00.000Z,2026-02-02T08:27:00.000Z,SELL,0.03,1,1,30.00,1,36480.00
2026-02-02T08:27:00.000Z,2026-02-02T08:27:00.000Z,SELL,0.03,1,1,30.00,1,36510.00
2026-02-02T08:27:00.000Z,2026-02-02T08:28:00.000Z,SELL,0.03,2,1,30.00,2,36540.00
2026-02-02T08:28:00.000Z,2026-02-02T08:30:00.000Z,SELL,0.03,2,1,30.00,2,36570.00
2026-02-02T08:30:00.000Z,2026-02-02T08:31:00.000Z,SELL,0.03,1,1,30.00,1,36600.00
2026-02-02T08:31:00.000Z,2026-02-02T08:32:00.000Z,SELL,0.03,1,1,30.00,1,36630.00
2026-02-02T08:32:00.000Z,2026-02-02T08:33:00.000Z,SELL,0.03,1,1,30.00,1,36660.00
2026-02-02T08:33:00.000Z,2026-02-02T08:36:00.000Z,SELL,0.03,1,1,30.00,1,36690.00
2026-02-02T08:36:00.000Z,2026-02-02T08:37:00.000Z,SELL,0.03,1,1,30.00,1,36720.00
2026-02-02T08:37:00.000Z,2026-02-02T08:37:00.000Z,SELL,0.03,1,1,30.00,1,36750.00
2026-02-02T08:37:00.000Z,2026-02-02T08:38:00.000Z,SELL,0.03,1,1,30.00,1,36780.00
2026-02-02T08:38:00.000Z,2026-02-02T08:38:00.000Z,SELL,0.03,1,1,30.00,1,36810.00
2026-02-02T08:38:00.000Z,2026-02-02T08:38:00.000Z,SELL,0.03,1,1,30.00,1,36840.00
2026-02-02T08:38:00.000Z,2026-02-02T08:42:00.000Z,SELL,0.03,4,1,30.00,4,36870.00
2026-02-02T08:42:00.000Z,2026-02-02T08:50:00.000Z,SELL,0.03,4,1,30.00,4,36900.00
2026-02-02T08:50:00.000Z,2026-02-02T08:55:00.000Z,SELL,0.03,2,1,30.00,2,36930.00
2026-02-02T08:55:00.000Z,2026-02-02T09:02:00.000Z,SELL,0.03,4,1,30.00,4,36960.00
2026-02-02T09:02:00.000Z,2026-02-02T09:15:00.000Z,SELL,0.03,2,1,30.00,2,36990.00
2026-02-02T09:15:00.000Z,2026-02-02T09:16:00.000Z,SELL,0.03,1,1,30.00,1,37020.00
2026-02-02T09:16:00.000Z,2026-02-02T09:16:00.000Z,SELL,0.03,1,1,30.00,1,37050.00
2026-02-02T09:16:00.000Z,2026-02-02T09:17:00.000Z,SELL,0.03,1,1,30.00,1,37080.00
2026-02-02T09:17:00.000Z,2026-02-02T09:24:00.000Z,SELL,0.03,2,1,30.00,2,37110.00
2026-02-02T09:24:00.000Z,2026-02-02T09:31:00.000Z,SELL,0.03,3,1,30.00,3,37140.00
2026-02-02T09:31:00.000Z,2026-02-02T09:32:00.000Z,SELL,0.03,1,1,30.00,1,37170.00
2026-02-02T09:32:00.000Z,2026-02-02T09:37:00.000Z,SELL,0.03,2,1,30.00,2,37200.00
2026-02-02T09:37:00.000Z,2026-02-02T09:38:00.000Z,SELL,0.03,1,1,30.00,1,37230.00
2026-02-02T09:38:00.000Z,2026-02-02T09:41:00.000Z,SELL,0.03,2,1,30.00,2,37260.00
2026-02-02T09:41:00.000Z,2026-02-02T09:42:00.000Z,SELL,0.03,1,1,30.00,1,37290.00
2026-02-02T09:42:00.000Z,2026-02-02T09:46:00.000Z,SELL,0.03,2,1,30.00,2,37320.00
2026-02-02T09:46:00.000Z,2026-02-02T09:47:00.000Z,SELL,0.03,1,1,30.00,1,37350.00
2026-02-02T09:47:00.000Z,2026-02-02T09:53:00.000Z,SELL,0.03,3,1,30.00,3,37380.00
2026-02-02T09:53:00.000Z,2026-02-02T10:02:00.000Z,SELL,0.03,3,1,30.00,3,37410.00
2026-02-02T10:02:00.000Z,2026-02-02T10:02:00.000Z,SELL,0.03,1,1,30.00,1,37440.00
2026-02-02T10:02:00.000Z,2026-02-02T10:07:00.000Z,SELL,0.03,2,1,30.00,2,37470.00
2026-02-02T10:07:00.000Z,2026-02-02T10:09:00.000Z,SELL,0.03,2,1,30.00,2,37500.00
2026-02-02T10:09:00.000Z,2026-02-02T10:12:00.000Z,SELL,0.03,1,1,30.00,1,37530.00
2026-02-02T10:12:00.000Z,2026-02-02T10:16:00.000Z,SELL,0.03,1,1,30.00,1,37560.00
2026-02-02T10:16:00.000Z,2026-02-02T10:19:00.000Z,SELL,0.03,2,1,30.00,2,37590.00
2026-02-02T10:19:00.000Z,2026-02-02T10:27:00.000Z,SELL,0.03,1,1,30.00,1,37620.00
2026-02-02T10:27:00.000Z,2026-02-02T10:38:00.000Z,SELL,0.03,3,1,30.00,3,37650.00
2026-02-02T10:38:00.000Z,2026-02-02T10:42:00.000Z,SELL,0.03,2,1,30.00,2,37680.00
2026-02-02T10:42:00.000Z,2026-02-02T10:52:00.000Z,SELL,0.03,1,1,30.00,1,37710.00
2026-02-02T10:52:00.000Z,2026-02-02T11:02:00.000Z,SELL,0.03,1,1,30.00,1,37740.00
2026-02-02T11:02:00.000Z,2026-02-02T11:03:00.000Z,SELL,0.03,1,1,30.00,1,37770.00
2026-02-02T11:03:00.000Z,2026-02-02T11:11:00.000Z,SELL,0.03,2,1,30.00,2,37800.00
2026-02-02T11:11:00.000Z,2026-02-02T11:20:00.000Z,SELL,0.03,1,1,30.00,1,37830.00
2026-02-02T11:20:00.000Z,2026-02-02T11:25:00.000Z,SELL,0.03,2,1,30.00,2,37860.00
2026-02-02T11:25:00.000Z,2026-02-02T11:28:00.000Z,SELL,0.03,2,1,30.00,2,37890.00
2026-02-02T11:28:00.000Z,2026-02-02T11:35:00.000Z,SELL,0.03,1,1,30.00,1,37920.00
2026-02-02T11:35:00.000Z,2026-02-02T11:41:00.000Z,SELL,0.03,2,1,30.00,2,37950.00
2026-02-02T11:41:00.000Z,2026-02-02T11:41:00.000Z,SELL,0.03,1,1,30.00,1,37980.00
2026-02-02T11:41:00.000Z,2026-02-02T11:42:00.000Z,SELL,0.03,1,1,30.00,1,38010.00
2026-02-02T11:42:00.000Z,2026-02-02T11:50:00.000Z,SELL,0.03,2,1,30.00,2,38040.00
2026-02-02T11:50:00.000Z,2026-02-02T11:50:00.000Z,SELL,0.03,1,1,30.00,1,38070.00
2026-02-02T11:50:00.000Z,2026-02-02T12:14:00.000Z,SELL,0.03,5,0,-7260.00,5,30810.00
2026-02-02T12:14:00.000Z,2026-02-02T12:16:00.000Z,SELL,0.03,1,1,30.00,1,30840.00
2026-02-02T12:16:00.000Z,2026-02-02T12:20:00.000Z,SELL,0.03,1,1,30.00,1,30870.00
2026-02-02T12:20:00.000Z,2026-02-02T12:21:00.000Z,SELL,0.03,1,1,30.00,1,30900.00
2026-02-02T12:21:00.000Z,2026-02-02T12:22:00.000Z,SELL,0.03,1,1,30.00,1,30930.00
2026-02-02T12:22:00.000Z,2026-02-02T12:26:00.000Z,SELL,0.03,1,1,30.00,1,30960.00
2026-02-02T12:26:00.000Z,2026-02-02T12:37:00.000Z,SELL,0.03,1,1,30.00,1,30990.00
2026-02-02T12:37:00.000Z,2026-02-02T12:40:00.000Z,SELL,0.03,2,1,30.00,2,31020.00
2026-02-02T12:40:00.000Z,2026-02-02T12:41:00.000Z,SELL,0.03,1,1,30.00,1,31050.00
2026-02-02T12:41:00.000Z,2026-02-02T12:41:00.000Z,SELL,0.03,1,1,30.00,1,31080.00
2026-02-02T12:41:00.000Z,2026-02-02T12:45:00.000Z,SELL,0.03,1,1,30.00,1,31110.00
2026-02-02T12:45:00.000Z,2026-02-02T12:52:00.000Z,SELL,0.03,2,1,30.00,2,31140.00
2026-02-02T12:52:00.000Z,2026-02-02T13:12:00.000Z,SELL,0.03,2,1,30.00,2,31170.00
2026-02-02T13:12:00.000Z,2026-02-02T13:23:00.000Z,SELL,0.03,2,1,30.00,2,31200.00
2026-02-02T13:23:00.000Z,2026-02-02T13:26:00.000Z,SELL,0.03,1,1,30.00,1,31230.00
2026-02-02T13:26:00.000Z,2026-02-02T13:40:00.000Z,SELL,0.03,2,1,30.00,2,31260.00
2026-02-02T13:40:00.000Z,2026-02-02T13:50:00.000Z,SELL,0.03,1,1,30.00,1,31290.00
2026-02-02T13:50:00.000Z,2026-02-02T14:03:00.000Z,SELL,0.03,1,1,30.00,1,31320.00
2026-02-02T14:03:00.000Z,2026-02-02T14:07:00.000Z,SELL,0.03,1,1,30.00,1,31350.00
2026-02-02T14:07:00.000Z,2026-02-02T14:19:00.000Z,SELL,0.03,2,1,30.00,2,31380.00
2026-02-02T14:19:00.000Z,2026-02-02T14:45:00.000Z,SELL,0.03,2,1,30.00,2,31410.00
2026-02-02T14:45:00.000Z,2026-02-02T14:48:00.000Z,SELL,0.03,1,1,30.00,1,31440.00
2026-02-02T14:48:00.000Z,2026-02-02T14:49:00.000Z,SELL,0.03,1,1,30.00,1,31470.00
2026-02-02T14:49:00.000Z,2026-02-02T14:51:00.000Z,SELL,0.03,1,1,30.00,1,31500.00
2026-02-02T14:51:00.000Z,2026-02-02T15:00:00.000Z,SELL,0.03,1,1,30.00,1,31530.00
2026-02-02T15:00:00.000Z,2026-02-02T15:00:00.000Z,SELL,0.03,1,1,30.00,1,31560.00
2026-02-02T15:00:00.000Z,2026-02-02T15:01:00.000Z,SELL,0.03,1,1,30.00,1,31590.00
2026-02-02T15:01:00.000Z,2026-02-02T15:02:00.000Z,SELL,0.03,1,1,30.00,1,31620.00
2026-02-02T15:02:00.000Z,2026-02-02T15:02:00.000Z,SELL,0.03,1,1,30.00,1,31650.00
2026-02-02T15:02:00.000Z,2026-02-02T15:06:00.000Z,SELL,0.03,2,1,30.00,2,31680.00
2026-02-02T15:06:00.000Z,2026-02-02T15:09:00.000Z,SELL,0.03,2,1,30.00,2,31710.00
2026-02-02T15:09:00.000Z,2026-02-02T15:15:00.000Z,SELL,0.03,1,1,30.00,1,31740.00
2026-02-02T15:15:00.000Z,2026-02-02T15:16:00.000Z,SELL,0.03,1,1,30.00,1,31770.00
2026-02-02T15:16:00.000Z,2026-02-02T15:18:00.000Z,SELL,0.03,1,1,30.00,1,31800.00
2026-02-02T15:18:00.000Z,2026-02-02T15:20:00.000Z,SELL,0.03,1,1,30.00,1,31830.00
2026-02-02T15:20:00.000Z,2026-02-02T15:20:00.000Z,SELL,0.03,1,1,30.00,1,31860.00
2026-02-02T15:20:00.000Z,2026-02-02T15:31:00.000Z,SELL,0.03,5,1,30.00,5,31890.00
2026-02-02T15:31:00.000Z,2026-02-02T15:33:00.000Z,SELL,0.03,1,1,30.00,1,31920.00
2026-02-02T15:33:00.000Z,2026-02-02T15:33:00.000Z,SELL,0.03,1,1,30.00,1,31950.00
2026-02-02T15:33:00.000Z,2026-02-02T15:36:00.000Z,SELL,0.03,1,1,30.00,1,31980.00
2026-02-02T15:36:00.000Z,2026-02-02T15:40:00.000Z,SELL,0.03,1,1,30.00,1,32010.00
2026-02-02T15:40:00.000Z,2026-02-02T15:42:00.000Z,SELL,0.03,1,1,30.00,1,32040.00
2026-02-02T15:42:00.000Z,2026-02-02T15:45:00.000Z,SELL,0.03,2,1,30.00,2,32070.00
2026-02-02T15:45:00.000Z,2026-02-02T15:47:00.000Z,SELL,0.03,1,1,30.00,1,32100.00
2026-02-02T15:47:00.000Z,2026-02-02T15:53:00.000Z,SELL,0.03,2,1,30.00,2,32130.00
2026-02-02T15:53:00.000Z,2026-02-02T15:54:00.000Z,SELL,0.03,1,1,30.00,1,32160.00
2026-02-02T15:54:00.000Z,2026-02-02T15:59:00.000Z,SELL,0.03,1,1,30.00,1,32190.00
2026-02-02T15:59:00.000Z,2026-02-02T16:12:00.000Z,SELL,0.03,4,1,30.00,4,32220.00
2026-02-02T16:12:00.000Z,2026-02-02T16:15:00.000Z,SELL,0.03,1,1,30.00,1,32250.00
2026-02-02T16:15:00.000Z,2026-02-02T16:19:00.000Z,SELL,0.03,1,1,30.00,1,32280.00
2026-02-02T16:19:00.000Z,2026-02-02T16:19:00.000Z,SELL,0.03,1,1,30.00,1,32310.00
2026-02-02T16:19:00.000Z,2026-02-02T16:20:00.000Z,SELL,0.03,1,1,30.00,1,32340.00
2026-02-02T16:20:00.000Z,2026-02-02T16:23:00.000Z,SELL,0.03,1,1,30.00,1,32370.00
2026-02-02T16:23:00.000Z,2026-02-02T16:27:00.000Z,SELL,0.03,2,1,30.00,2,32400.00
2026-02-02T16:27:00.000Z,2026-02-02T16:33:00.000Z,SELL,0.03,2,1,30.00,2,32430.00
2026-02-02T16:33:00.000Z,2026-02-02T16:37:00.000Z,SELL,0.03,2,1,30.00,2,32460.00
2026-02-02T16:37:00.000Z,2026-02-02T16:43:00.000Z,SELL,0.03,3,1,30.00,3,32490.00
2026-02-02T16:43:00.000Z,2026-02-02T16:45:00.000Z,SELL,0.03,1,1,30.00,1,32520.00
2026-02-02T16:45:00.000Z,2026-02-02T16:45:00.000Z,SELL,0.03,1,1,30.00,1,32550.00
2026-02-02T16:45:00.000Z,2026-02-02T16:49:00.000Z,SELL,0.03,3,1,30.00,3,32580.00
2026-02-02T16:49:00.000Z,2026-02-02T16:54:00.000Z,SELL,0.03,1,1,30.00,1,32610.00
2026-02-02T16:54:00.000Z,2026-02-02T16:55:00.000Z,SELL,0.03,1,1,30.00,1,32640.00
2026-02-02T16:55:00.000Z,2026-02-02T17:01:00.000Z,SELL,0.03,3,1,30.00,3,32670.00
2026-02-02T17:01:00.000Z,2026-02-02T17:03:00.000Z,SELL,0.03,2,1,30.00,2,32700.00
2026-02-02T17:03:00.000Z,2026-02-02T17:08:00.000Z,SELL,0.03,1,1,30.00,1,32730.00
2026-02-02T17:08:00.000Z,2026-02-02T17:12:00.000Z,SELL,0.03,1,1,30.00,1,32760.00
2026-02-02T17:12:00.000Z,2026-02-02T17:13:00.000Z,SELL,0.03,1,1,30.00,1,32790.00
2026-02-02T17:13:00.000Z,2026-02-02T17:24:00.000Z,SELL,0.03,3,1,30.00,3,32820.00
2026-02-02T17:24:00.000Z,2026-02-02T17:28:00.000Z,SELL,0.03,3,1,30.00,3,32850.00
2026-02-02T17:28:00.000Z,2026-02-02T17:30:00.000Z,SELL,0.03,1,1,30.00,1,32880.00
2026-02-02T17:30:00.000Z,2026-02-02T17:30:00.000Z,SELL,0.03,1,1,30.00,1,32910.00
2026-02-02T17:30:00.000Z,2026-02-02T17:35:00.000Z,SELL,0.03,2,1,30.00,2,32940.00
2026-02-02T17:35:00.000Z,2026-02-02T17:37:00.000Z,SELL,0.03,1,1,30.00,1,32970.00
2026-02-02T17:37:00.000Z,2026-02-02T17:45:00.000Z,SELL,0.03,3,1,30.00,3,33000.00
2026-02-02T17:45:00.000Z,2026-02-02T17:47:00.000Z,SELL,0.03,1,1,30.00,1,33030.00
2026-02-02T17:47:00.000Z,2026-02-02T17:53:00.000Z,SELL,0.03,1,1,30.00,1,33060.00
2026-02-02T17:53:00.000Z,2026-02-02T17:53:00.000Z,SELL,0.03,1,1,30.00,1,33090.00
2026-02-02T17:53:00.000Z,2026-02-02T17:57:00.000Z,SELL,0.03,1,1,30.00,1,33120.00
2026-02-02T17:57:00.000Z,2026-02-02T18:00:00.000Z,SELL,0.03,1,1,30.00,1,33150.00
2026-02-02T18:00:00.000Z,2026-02-02T18:01:00.000Z,SELL,0.03,1,1,30.00,1,33180.00
2026-02-02T18:01:00.000Z,2026-02-02T18:03:00.000Z,SELL,0.03,2,1,30.00,2,33210.00
2026-02-02T18:03:00.000Z,2026-02-02T18:06:00.000Z,SELL,0.03,2,1,30.00,2,33240.00
2026-02-02T18:06:00.000Z,2026-02-02T18:13:00.000Z,SELL,0.03,2,1,30.00,2,33270.00
2026-02-02T18:13:00.000Z,2026-02-02T18:16:00.000Z,SELL,0.03,1,1,30.00,1,33300.00
2026-02-02T18:16:00.000Z,2026-02-02T18:17:00.000Z,SELL,0.03,1,1,30.00,1,33330.00
2026-02-02T18:17:00.000Z,2026-02-02T18:21:00.000Z,SELL,0.03,2,1,30.00,2,33360.00
2026-02-02T18:21:00.000Z,2026-02-02T18:23:00.000Z,SELL,0.03,1,1,30.00,1,33390.00
2026-02-02T18:23:00.000Z,2026-02-02T18:26:00.000Z,SELL,0.03,1,1,30.00,1,33420.00
2026-02-02T18:26:00.000Z,2026-02-02T18:28:00.000Z,SELL,0.03,1,1,30.00,1,33450.00
2026-02-02T18:28:00.000Z,2026-02-02T18:29:00.000Z,SELL,0.03,1,1,30.00,1,33480.00
2026-02-02T18:29:00.000Z,2026-02-02T18:32:00.000Z,SELL,0.03,1,1,30.00,1,33510.00
2026-02-02T18:32:00.000Z,2026-02-02T18:40:00.000Z,SELL,0.03,2,1,30.00,2,33540.00
2026-02-02T18:40:00.000Z,2026-02-02T18:44:00.000Z,SELL,0.03,1,1,30.00,1,33570.00
2026-02-02T18:44:00.000Z,2026-02-02T18:45:00.000Z,SELL,0.03,1,1,30.00,1,33600.00
2026-02-02T18:45:00.000Z,2026-02-02T18:49:00.000Z,SELL,0.03,1,1,30.00,1,33630.00
2026-02-02T18:49:00.000Z,2026-02-02T19:01:00.000Z,SELL,0.03,2,1,30.00,2,33660.00
2026-02-02T19:01:00.000Z,2026-02-02T19:02:00.000Z,SELL,0.03,1,1,30.00,1,33690.00
2026-02-02T19:02:00.000Z,2026-02-02T19:07:00.000Z,SELL,0.03,2,1,30.00,2,33720.00
2026-02-02T19:07:00.000Z,2026-02-02T19:16:00.000Z,SELL,0.03,1,1,30.00,1,33750.00
2026-02-02T19:16:00.000Z,2026-02-02T19:17:00.000Z,SELL,0.03,1,1,30.00,1,33780.00
2026-02-02T19:17:00.000Z,2026-02-02T19:20:00.000Z,SELL,0.03,1,1,30.00,1,33810.00
2026-02-02T19:20:00.000Z,2026-02-02T19:29:00.000Z,SELL,0.03,1,1,30.00,1,33840.00
2026-02-02T19:29:00.000Z,2026-02-02T20:01:00.000Z,SELL,0.03,5,1,30.00,5,33870.00
2026-02-02T20:01:00.000Z,2026-02-02T20:14:00.000Z,SELL,0.03,3,1,30.00,3,33900.00
2026-02-02T20:14:00.000Z,2026-02-02T20:16:00.000Z,SELL,0.03,1,1,30.00,1,33930.00
2026-02-02T20:16:00.000Z,2026-02-02T20:19:00.000Z,SELL,0.03,1,1,30.00,1,33960.00
2026-02-02T20:19:00.000Z,2026-02-02T20:31:00.000Z,SELL,0.03,2,1,30.00,2,33990.00
2026-02-02T20:31:00.000Z,2026-02-02T21:09:00.000Z,SELL,0.03,5,1,30.00,5,34020.00
2026-02-02T21:09:00.000Z,2026-02-02T21:40:00.000Z,SELL,0.03,4,1,30.00,4,34050.00
2026-02-02T21:40:00.000Z,2026-02-02T21:45:00.000Z,SELL,0.03,2,1,30.00,2,34080.00
2026-02-02T21:45:00.000Z,2026-02-02T21:54:00.000Z,SELL,0.03,1,1,30.00,1,34110.00
2026-02-02T21:54:00.000Z,2026-02-02T21:56:00.000Z,SELL,0.03,1,1,30.00,1,34140.00
2026-02-02T21:56:00.000Z,2026-02-02T22:07:00.000Z,SELL,0.03,1,1,30.00,1,34170.00
2026-02-02T22:07:00.000Z,2026-02-02T22:11:00.000Z,SELL,0.03,2,1,30.00,2,34200.00
2026-02-02T22:11:00.000Z,2026-02-02T22:15:00.000Z,SELL,0.03,1,1,30.00,1,34230.00
2026-02-02T22:15:00.000Z,2026-02-02T22:19:00.000Z,SELL,0.03,1,1,30.00,1,34260.00
2026-02-02T22:19:00.000Z,2026-02-02T22:21:00.000Z,SELL,0.03,1,1,30.00,1,34290.00
2026-02-02T22:21:00.000Z,2026-02-02T22:22:00.000Z,SELL,0.03,1,1,30.00,1,34320.00
2026-02-02T22:22:00.000Z,2026-02-02T22:43:00.000Z,SELL,0.03,2,1,30.00,2,34350.00
2026-02-02T22:43:00.000Z,2026-02-02T22:45:00.000Z,SELL,0.03,1,1,30.00,1,34380.00
2026-02-02T22:45:00.000Z,2026-02-02T22:47:00.000Z,SELL,0.03,1,1,30.00,1,34410.00
2026-02-02T22:47:00.000Z,2026-02-02T22:58:00.000Z,SELL,0.03,1,1,30.00,1,34440.00
2026-02-02T22:58:00.000Z,2026-02-02T23:02:00.000Z,SELL,0.03,1,1,30.00,1,34470.00
2026-02-02T23:02:00.000Z,2026-02-02T23:15:00.000Z,SELL,0.03,2,1,30.00,2,34500.00
2026-02-02T23:15:00.000Z,2026-02-02T23:20:00.000Z,SELL,0.03,1,1,30.00,1,34530.00
2026-02-02T23:20:00.000Z,2026-02-02T23:50:00.000Z,SELL,0.03,3,1,30.00,3,34560.00
2026-02-02T23:50:00.000Z,2026-02-03T01:00:00.000Z,SELL,0.03,2,1,30.00,2,34590.00
2026-02-03T01:00:00.000Z,2026-02-03T01:00:00.000Z,SELL,0.03,1,1,30.00,1,34620.00
2026-02-03T01:00:00.000Z,2026-02-03T01:03:00.000Z,SELL,0.03,2,1,30.00,2,34650.00
2026-02-03T01:03:00.000Z,2026-02-03T01:06:00.000Z,SELL,0.03,1,1,30.00,1,34680.00
2026-02-03T01:06:00.000Z,2026-02-03T01:17:00.000Z,SELL,0.03,2,1,30.00,2,34710.00
2026-02-03T01:17:00.000Z,2026-02-03T01:24:00.000Z,SELL,0.03,2,1,30.00,2,34740.00
2026-02-03T01:24:00.000Z,2026-02-03T01:27:00.000Z,SELL,0.03,1,1,30.00,1,34770.00
2026-02-03T01:27:00.000Z,2026-02-03T01:30:00.000Z,SELL,0.03,1,1,30.00,1,34800.00
2026-02-03T01:30:00.000Z,2026-02-03T01:31:00.000Z,SELL,0.03,1,1,30.00,1,34830.00
2026-02-03T01:31:00.000Z,2026-02-03T01:49:00.000Z,SELL,0.03,2,1,30.00,2,34860.00
2026-02-03T01:49:00.000Z,2026-02-03T02:03:00.000Z,SELL,0.03,2,1,30.00,2,34890.00
2026-02-03T02:03:00.000Z,2026-02-03T02:07:00.000Z,SELL,0.03,1,1,30.00,1,34920.00
2026-02-03T02:07:00.000Z,2026-02-03T02:19:00.000Z,SELL,0.03,2,1,30.00,2,34950.00
2026-02-03T02:19:00.000Z,2026-02-03T02:55:00.000Z,SELL,0.03,3,1,30.00,3,34980.00
2026-02-03T02:55:00.000Z,2026-02-03T02:56:00.000Z,SELL,0.03,1,1,30.00,1,35010.00
2026-02-03T02:56:00.000Z,2026-02-03T02:59:00.000Z,SELL,0.03,1,1,30.00,1,35040.00
2026-02-03T02:59:00.000Z,2026-02-03T03:02:00.000Z,SELL,0.03,4,1,30.00,4,35070.00
2026-02-03T03:02:00.000Z,2026-02-03T03:06:00.000Z,SELL,0.03,1,1,30.00,1,35100.00
2026-02-03T03:06:00.000Z,2026-02-03T03:13:00.000Z,SELL,0.03,2,1,30.00,2,35130.00
2026-02-03T03:13:00.000Z,2026-02-03T03:28:00.000Z,SELL,0.03,4,1,30.00,4,35160.00
2026-02-03T03:28:00.000Z,2026-02-03T03:32:00.000Z,SELL,0.03,1,1,30.00,1,35190.00
2026-02-03T03:32:00.000Z,2026-02-03T03:38:00.000Z,SELL,0.03,1,1,30.00,1,35220.00
2026-02-03T03:38:00.000Z,2026-02-03T03:50:00.000Z,SELL,0.03,1,1,30.00,1,35250.00
2026-02-03T03:50:00.000Z,2026-02-03T04:04:00.000Z,SELL,0.03,3,1,30.00,3,35280.00
2026-02-03T04:04:00.000Z,2026-02-03T04:07:00.000Z,SELL,0.03,1,1,30.00,1,35310.00
2026-02-03T04:07:00.000Z,2026-02-03T04:13:00.000Z,SELL,0.03,3,1,30.00,3,35340.00
2026-02-03T04:13:00.000Z,2026-02-03T04:18:00.000Z,SELL,0.03,1,1,30.00,1,35370.00
2026-02-03T04:18:00.000Z,2026-02-03T04:18:00.000Z,SELL,0.03,1,1,30.00,1,35400.00
2026-02-03T04:18:00.000Z,2026-02-03T04:26:00.000Z,SELL,0.03,3,1,30.00,3,35430.00
2026-02-03T04:26:00.000Z,2026-02-03T04:45:00.000Z,SELL,0.03,3,1,30.00,3,35460.00
2026-02-03T04:45:00.000Z,2026-02-03T04:59:00.000Z,SELL,0.03,2,1,30.00,2,35490.00
2026-02-03T04:59:00.000Z,2026-02-03T05:10:00.000Z,SELL,0.03,1,1,30.00,1,35520.00
2026-02-03T05:10:00.000Z,2026-02-03T05:31:00.000Z,BUY,0.03,3,1,30.00,3,35550.00
2026-02-03T05:31:00.000Z,2026-02-03T05:37:00.000Z,BUY,0.03,1,1,30.00,1,35580.00
2026-02-03T05:37:00.000Z,2026-02-03T05:39:00.000Z,BUY,0.03,1,1,30.00,1,35610.00
2026-02-03T05:39:00.000Z,2026-02-03T05:59:00.000Z,BUY,0.03,1,1,30.00,1,35640.00
2026-02-03T05:59:00.000Z,2026-02-03T06:05:00.000Z,BUY,0.03,1,1,30.00,1,35670.00
2026-02-03T06:05:00.000Z,2026-02-03T07:28:00.000Z,BUY,0.03,3,1,30.00,3,35700.00
2026-02-03T07:28:00.000Z,2026-02-03T08:14:00.000Z,BUY,0.03,3,1,30.00,3,35730.00
2026-02-03T08:14:00.000Z,2026-02-03T08:18:00.000Z,BUY,0.03,1,1,30.00,1,35760.00
2026-02-03T08:18:00.000Z,2026-02-03T08:25:00.000Z,BUY,0.03,1,1,30.00,1,35790.00
2026-02-03T08:25:00.000Z,2026-02-03T08:28:00.000Z,BUY,0.03,1,1,30.00,1,35820.00
2026-02-03T08:28:00.000Z,2026-02-03T08:40:00.000Z,BUY,0.03,1,1,30.00,1,35850.00
2026-02-03T08:40:00.000Z,2026-02-03T09:25:00.000Z,BUY,0.03,1,1,30.00,1,35880.00
2026-02-03T09:25:00.000Z,2026-02-03T09:31:00.000Z,BUY,0.03,1,1,30.00,1,35910.00
2026-02-03T09:31:00.000Z,2026-02-03T09:32:00.000Z,BUY,0.03,1,1,30.00,1,35940.00
2026-02-03T09:32:00.000Z,2026-02-03T09:36:00.000Z,BUY,0.03,1,1,30.00,1,35970.00
2026-02-03T09:36:00.000Z,2026-02-03T10:16:00.000Z,BUY,0.03,3,1,30.00,3,36000.00
2026-02-03T10:16:00.000Z,2026-02-03T10:42:00.000Z,BUY,0.03,1,1,30.00,1,36030.00
2026-02-03T10:42:00.000Z,2026-02-03T10:59:00.000Z,BUY,0.03,2,1,30.00,2,36060.00
2026-02-03T10:59:00.000Z,2026-02-03T11:30:00.000Z,BUY,0.03,2,1,30.00,2,36090.00
2026-02-03T11:30:00.000Z,2026-02-03T11:31:00.000Z,BUY,0.03,1,1,30.00,1,36120.00
2026-02-03T11:31:00.000Z,2026-02-03T11:36:00.000Z,BUY,0.03,1,1,30.00,1,36150.00
2026-02-03T11:36:00.000Z,2026-02-03T11:40:00.000Z,BUY,0.03,1,1,30.00,1,36180.00
2026-02-03T11:40:00.000Z,2026-02-03T12:11:00.000Z,BUY,0.03,1,1,30.00,1,36210.00
2026-02-03T12:11:00.000Z,2026-02-03T13:01:00.000Z,BUY,0.03,2,1,30.00,2,36240.00
2026-02-03T13:01:00.000Z,2026-02-03T13:05:00.000Z,BUY,0.03,1,1,30.00,1,36270.00
2026-02-03T13:05:00.000Z,2026-02-03T13:37:00.000Z,BUY,0.03,3,1,30.00,3,36300.00
2026-02-03T13:37:00.000Z,2026-02-03T14:01:00.000Z,BUY,0.03,1,1,30.00,1,36330.00
2026-02-03T14:01:00.000Z,2026-02-03T14:25:00.000Z,BUY,0.03,2,1,30.00,2,36360.00
2026-02-03T14:25:00.000Z,2026-02-03T14:31:00.000Z,BUY,0.03,1,1,30.00,1,36390.00
2026-02-03T14:31:00.000Z,2026-02-03T14:35:00.000Z,BUY,0.03,1,1,30.00,1,36420.00
2026-02-03T14:35:00.000Z,2026-02-03T15:05:00.000Z,BUY,0.03,1,1,30.00,1,36450.00
2026-02-03T15:05:00.000Z,2026-02-03T15:29:00.000Z,BUY,0.03,1,1,30.00,1,36480.00
2026-02-03T15:29:00.000Z,2026-02-03T15:46:00.000Z,BUY,0.03,1,1,30.00,1,36510.00
2026-02-03T15:46:00.000Z,2026-02-03T16:00:00.000Z,BUY,0.03,2,1,30.00,2,36540.00
2026-02-03T16:00:00.000Z,2026-02-03T16:09:00.000Z,BUY,0.03,1,1,30.00,1,36570.00
2026-02-03T16:09:00.000Z,2026-02-03T16:17:00.000Z,BUY,0.03,2,1,30.00,2,36600.00
2026-02-03T16:17:00.000Z,2026-02-03T16:18:00.000Z,BUY,0.03,1,1,30.00,1,36630.00
2026-02-03T16:18:00.000Z,2026-02-03T16:28:00.000Z,BUY,0.03,1,1,30.00,1,36660.00
2026-02-03T16:28:00.000Z,2026-02-03T16:54:00.000Z,BUY,0.03,3,1,30.00,3,36690.00
2026-02-03T16:54:00.000Z,2026-02-03T17:10:00.000Z,BUY,0.03,3,1,30.00,3,36720.00
2026-02-03T17:10:00.000Z,2026-02-03T17:25:00.000Z,BUY,0.03,2,1,30.00,2,36750.00
2026-02-03T17:25:00.000Z,2026-02-03T17:27:00.000Z,BUY,0.03,1,1,30.00,1,36780.00
2026-02-03T17:27:00.000Z,2026-02-03T17:50:00.000Z,BUY,0.03,1,1,30.00,1,36810.00
2026-02-03T17:50:00.000Z,2026-02-03T18:01:00.000Z,BUY,0.03,1,1,30.00,1,36840.00
2026-02-03T18:01:00.000Z,2026-02-03T18:16:00.000Z,BUY,0.03,1,1,30.00,1,36870.00
2026-02-03T18:16:00.000Z,2026-02-03T18:16:00.000Z,BUY,0.03,1,1,30.00,1,36900.00
2026-02-03T18:16:00.000Z,2026-02-03T18:20:00.000Z,BUY,0.03,1,1,30.00,1,36930.00
2026-02-03T18:20:00.000Z,2026-02-03T18:35:00.000Z,BUY,0.03,1,1,30.00,1,36960.00
2026-02-03T18:35:00.000Z,2026-02-03T18:38:00.000Z,BUY,0.03,1,1,30.00,1,36990.00
2026-02-03T18:38:00.000Z,2026-02-03T18:51:00.000Z,BUY,0.03,2,1,30.00,2,37020.00
2026-02-03T18:51:00.000Z,2026-02-03T19:11:00.000Z,BUY,0.03,2,1,30.00,2,37050.00
2026-02-03T19:11:00.000Z,2026-02-03T19:13:00.000Z,BUY,0.03,1,1,30.00,1,37080.00
2026-02-03T19:13:00.000Z,2026-02-03T19:16:00.000Z,BUY,0.03,1,1,30.00,1,37110.00
2026-02-03T19:16:00.000Z,2026-02-03T19:18:00.000Z,BUY,0.03,1,1,30.00,1,37140.00
2026-02-03T19:18:00.000Z,2026-02-03T19:41:00.000Z,BUY,0.03,2,1,30.00,2,37170.00
2026-02-03T19:41:00.000Z,2026-02-03T19:51:00.000Z,BUY,0.03,3,1,30.00,3,37200.00
2026-02-03T19:51:00.000Z,2026-02-03T20:12:00.000Z,BUY,0.03,1,1,30.00,1,37230.00
2026-02-03T20:12:00.000Z,2026-02-03T20:24:00.000Z,BUY,0.03,2,1,30.00,2,37260.00
2026-02-03T20:24:00.000Z,2026-02-03T20:32:00.000Z,BUY,0.03,2,1,30.00,2,37290.00
2026-02-03T20:32:00.000Z,2026-02-03T20:36:00.000Z,BUY,0.03,1,1,30.00,1,37320.00
2026-02-03T20:36:00.000Z,2026-02-03T20:45:00.000Z,BUY,0.03,1,1,30.00,1,37350.00
2026-02-03T20:45:00.000Z,2026-02-03T21:06:00.000Z,BUY,0.03,4,1,30.00,4,37380.00
2026-02-03T21:06:00.000Z,2026-02-03T21:11:00.000Z,BUY,0.03,1,1,30.00,1,37410.00
2026-02-03T21:11:00.000Z,2026-02-03T21:12:00.000Z,BUY,0.03,1,1,30.00,1,37440.00
2026-02-03T21:12:00.000Z,2026-02-03T21:14:00.000Z,BUY,0.03,1,1,30.00,1,37470.00
2026-02-03T21:14:00.000Z,2026-02-03T21:18:00.000Z,BUY,0.03,1,1,30.00,1,37500.00
2026-02-03T21:18:00.000Z,2026-02-03T21:35:00.000Z,BUY,0.03,1,1,30.00,1,37530.00
2026-02-03T21:35:00.000Z,2026-02-03T21:41:00.000Z,BUY,0.03,1,1,30.00,1,37560.00
2026-02-03T21:41:00.000Z,2026-02-03T22:01:00.000Z,BUY,0.03,2,1,30.00,2,37590.00
2026-02-03T22:01:00.000Z,2026-02-03T22:16:00.000Z,BUY,0.03,1,1,30.00,1,37620.00
2026-02-03T22:16:00.000Z,2026-02-03T22:20:00.000Z,BUY,0.03,1,1,30.00,1,37650.00
2026-02-03T22:20:00.000Z,2026-02-03T22:31:00.000Z,BUY,0.03,1,1,30.00,1,37680.00
2026-02-03T22:31:00.000Z,2026-02-03T22:35:00.000Z,BUY,0.03,1,1,30.00,1,37710.00
2026-02-03T22:35:00.000Z,2026-02-04T01:00:00.000Z,BUY,0.03,5,1,30.00,5,37740.00
2026-02-04T01:00:00.000Z,2026-02-04T01:07:00.000Z,BUY,0.03,2,1,30.00,2,37770.00
2026-02-04T01:07:00.000Z,2026-02-04T01:41:00.000Z,BUY,0.03,3,1,30.00,3,37800.00
2026-02-04T01:41:00.000Z,2026-02-04T02:02:00.000Z,BUY,0.03,1,1,30.00,1,37830.00
2026-02-04T02:02:00.000Z,2026-02-04T02:09:00.000Z,BUY,0.03,1,1,30.00,1,37860.00
2026-02-04T02:09:00.000Z,2026-02-04T02:13:00.000Z,BUY,0.03,1,1,30.00,1,37890.00
2026-02-04T02:13:00.000Z,2026-02-04T02:14:00.000Z,BUY,0.03,1,1,30.00,1,37920.00
2026-02-04T02:14:00.000Z,2026-02-04T02:21:00.000Z,BUY,0.03,1,1,30.00,1,37950.00
2026-02-04T02:21:00.000Z,2026-02-04T02:55:00.000Z,BUY,0.03,3,1,30.00,3,37980.00
2026-02-04T02:55:00.000Z,2026-02-04T03:06:00.000Z,BUY,0.03,3,1,30.00,3,38010.00
2026-02-04T03:06:00.000Z,2026-02-04T03:06:00.000Z,BUY,0.03,1,1,30.00,1,38040.00
2026-02-04T03:06:00.000Z,2026-02-04T03:07:00.000Z,BUY,0.03,1,1,30.00,1,38070.00
2026-02-04T03:07:00.000Z,2026-02-04T03:11:00.000Z,BUY,0.03,1,1,30.00,1,38100.00
2026-02-04T03:11:00.000Z,2026-02-04T03:37:00.000Z,BUY,0.03,2,1,30.00,2,38130.00
2026-02-04T03:37:00.000Z,2026-02-04T03:41:00.000Z,BUY,0.03,1,1,30.00,1,38160.00
2026-02-04T03:41:00.000Z,2026-02-04T03:46:00.000Z,BUY,0.03,1,1,30.00,1,38190.00
2026-02-04T03:46:00.000Z,2026-02-04T03:50:00.000Z,BUY,0.03,1,1,30.00,1,38220.00
2026-02-04T03:50:00.000Z,2026-02-04T04:02:00.000Z,BUY,0.03,1,1,30.00,1,38250.00
2026-02-04T04:02:00.000Z,2026-02-04T05:38:00.000Z,BUY,0.03,5,1,30.00,5,38280.00
2026-02-04T05:38:00.000Z,2026-02-04T06:57:00.000Z,BUY,0.03,1,1,30.00,1,38310.00
2026-02-04T06:57:00.000Z,2026-02-04T09:54:00.000Z,BUY,0.03,3,1,30.00,3,38340.00
2026-02-04T09:54:00.000Z,2026-02-04T11:16:00.000Z,BUY,0.03,2,1,30.00,2,38370.00
2026-02-04T11:16:00.000Z,2026-02-04T13:16:00.000Z,BUY,0.03,2,1,30.00,2,38400.00
2026-02-04T13:16:00.000Z,2026-02-04T13:50:00.000Z,BUY,0.03,1,1,30.00,1,38430.00
2026-02-04T13:50:00.000Z,2026-02-04T14:00:00.000Z,BUY,0.03,1,1,30.00,1,38460.00
2026-02-04T14:00:00.000Z,2026-02-04T14:33:00.000Z,BUY,0.03,1,1,30.00,1,38490.00
2026-02-04T14:33:00.000Z,2026-02-04T15:00:00.000Z,BUY,0.03,2,1,30.00,2,38520.00
2026-02-04T15:00:00.000Z,2026-02-04T15:01:00.000Z,BUY,0.03,1,1,30.00,1,38550.00
2026-02-04T15:01:00.000Z,2026-02-04T15:26:00.000Z,BUY,0.03,1,1,30.00,1,38580.00
2026-02-04T15:26:00.000Z,2026-02-04T15:54:00.000Z,BUY,0.03,1,1,30.00,1,38610.00
2026-02-04T15:54:00.000Z,2026-02-04T16:27:00.000Z,BUY,0.03,2,1,30.00,2,38640.00
2026-02-04T16:27:00.000Z,2026-02-04T16:37:00.000Z,BUY,0.03,2,1,30.00,2,38670.00
2026-02-04T16:37:00.000Z,2026-02-04T16:38:00.000Z,BUY,0.03,2,1,30.00,2,38700.00
2026-02-04T16:38:00.000Z,2026-02-04T16:39:00.000Z,BUY,0.03,1,1,30.00,1,38730.00
2026-02-04T16:39:00.000Z,2026-02-04T16:43:00.000Z,BUY,0.03,1,1,30.00,1,38760.00
2026-02-04T16:43:00.000Z,2026-02-04T16:50:00.000Z,BUY,0.03,3,1,30.00,3,38790.00
2026-02-04T16:50:00.000Z,2026-02-04T16:54:00.000Z,BUY,0.03,1,1,30.00,1,38820.00
2026-02-04T16:54:00.000Z,2026-02-04T16:58:00.000Z,BUY,0.03,2,1,30.00,2,38850.00
2026-02-04T16:58:00.000Z,2026-02-04T17:03:00.000Z,BUY,0.03,1,1,30.00,1,38880.00
2026-02-04T17:03:00.000Z,2026-02-04T17:07:00.000Z,BUY,0.03,1,1,30.00,1,38910.00
2026-02-04T17:07:00.000Z,2026-02-04T17:15:00.000Z,BUY,0.03,2,1,30.00,2,38940.00
2026-02-04T17:15:00.000Z,2026-02-04T17:18:00.000Z,BUY,0.03,1,1,30.00,1,38970.00
2026-02-04T17:18:00.000Z,2026-02-04T17:22:00.000Z,BUY,0.03,2,1,30.00,2,39000.00
2026-02-04T17:22:00.000Z,2026-02-04T17:24:00.000Z,BUY,0.03,1,1,30.00,1,39030.00
2026-02-04T17:24:00.000Z,2026-02-04T17:25:00.000Z,BUY,0.03,1,1,30.00,1,39060.00
2026-02-04T17:25:00.000Z,2026-02-04T17:31:00.000Z,BUY,0.03,2,1,30.00,2,39090.00
2026-02-04T17:31:00.000Z,2026-02-04T17:35:00.000Z,BUY,0.03,2,1,30.00,2,39120.00
2026-02-04T17:35:00.000Z,2026-02-04T17:40:00.000Z,BUY,0.03,3,1,30.00,3,39150.00
2026-02-04T17:40:00.000Z,2026-02-04T17:42:00.000Z,BUY,0.03,1,1,30.00,1,39180.00
2026-02-04T17:42:00.000Z,2026-02-04T17:44:00.000Z,BUY,0.03,1,1,30.00,1,39210.00
2026-02-04T17:44:00.000Z,2026-02-04T17:59:00.000Z,BUY,0.03,2,1,30.00,2,39240.00
2026-02-04T17:59:00.000Z,2026-02-04T18:06:00.000Z,BUY,0.03,1,1,30.00,1,39270.00
2026-02-04T18:06:00.000Z,2026-02-04T18:12:00.000Z,BUY,0.03,1,1,30.00,1,39300.00
2026-02-04T18:12:00.000Z,2026-02-04T18:21:00.000Z,BUY,0.03,2,1,30.00,2,39330.00
2026-02-04T18:21:00.000Z,2026-02-04T18:27:00.000Z,BUY,0.03,1,1,30.00,1,39360.00
2026-02-04T18:27:00.000Z,2026-02-04T18:29:00.000Z,BUY,0.03,1,1,30.00,1,39390.00
2026-02-04T18:29:00.000Z,2026-02-04T18:42:00.000Z,BUY,0.03,2,1,30.00,2,39420.00
2026-02-04T18:42:00.000Z,2026-02-04T18:48:00.000Z,BUY,0.03,2,1,30.00,2,39450.00
2026-02-04T18:48:00.000Z,2026-02-04T18:50:00.000Z,BUY,0.03,1,1,30.00,1,39480.00
2026-02-04T18:50:00.000Z,2026-02-04T18:50:00.000Z,BUY,0.03,1,1,30.00,1,39510.00
2026-02-04T18:50:00.000Z,2026-02-04T18:52:00.000Z,BUY,0.03,1,1,30.00,1,39540.00
2026-02-04T18:52:00.000Z,2026-02-04T18:54:00.000Z,BUY,0.03,1,1,30.00,1,39570.00
2026-02-04T18:54:00.000Z,2026-02-04T19:12:00.000Z,BUY,0.03,1,1,30.00,1,39600.00
2026-02-04T19:12:00.000Z,2026-02-04T19:20:00.000Z,SELL,0.03,1,1,30.00,1,39630.00
2026-02-04T19:20:00.000Z,2026-02-04T19:25:00.000Z,SELL,0.03,1,1,30.00,1,39660.00
2026-02-04T19:25:00.000Z,2026-02-04T19:30:00.000Z,SELL,0.03,2,1,30.00,2,39690.00
2026-02-04T19:30:00.000Z,2026-02-04T19:32:00.000Z,SELL,0.03,1,1,30.00,1,39720.00
2026-02-04T19:32:00.000Z,2026-02-04T19:37:00.000Z,SELL,0.03,1,1,30.00,1,39750.00
2026-02-04T19:37:00.000Z,2026-02-04T19:55:00.000Z,SELL,0.03,1,1,30.00,1,39780.00
2026-02-04T19:55:00.000Z,2026-02-04T20:00:00.000Z,SELL,0.03,1,1,30.00,1,39810.00
2026-02-04T20:00:00.000Z,2026-02-04T20:00:00.000Z,SELL,0.03,1,1,30.00,1,39840.00
2026-02-04T20:00:00.000Z,2026-02-04T20:06:00.000Z,SELL,0.03,2,1,30.00,2,39870.00
2026-02-04T20:06:00.000Z,2026-02-04T21:08:00.000Z,SELL,0.03,4,1,30.00,4,39900.00
2026-02-04T21:08:00.000Z,2026-02-04T21:22:00.000Z,SELL,0.03,1,1,30.00,1,39930.00
2026-02-04T21:22:00.000Z,2026-02-04T21:53:00.000Z,SELL,0.03,2,1,30.00,2,39960.00
2026-02-04T21:53:00.000Z,2026-02-04T21:54:00.000Z,SELL,0.03,1,1,30.00,1,39990.00
2026-02-04T21:54:00.000Z,2026-02-04T21:55:00.000Z,SELL,0.03,1,1,30.00,1,40020.00
2026-02-04T21:55:00.000Z,2026-02-04T22:11:00.000Z,SELL,0.04,1,1,40.00,1,40060.00
2026-02-04T22:11:00.000Z,2026-02-04T23:15:00.000Z,SELL,0.04,2,1,40.00,2,40100.00
2026-02-04T23:15:00.000Z,2026-02-05T01:01:00.000Z,SELL,0.04,2,1,40.00,2,40140.00
2026-02-05T01:01:00.000Z,2026-02-05T01:17:00.000Z,SELL,0.04,2,1,40.00,2,40180.00
2026-02-05T01:17:00.000Z,2026-02-05T01:20:00.000Z,SELL,0.04,1,1,40.00,1,40220.00
2026-02-05T01:20:00.000Z,2026-02-05T03:01:00.000Z,SELL,0.04,1,1,40.00,1,40260.00
2026-02-05T03:01:00.000Z,2026-02-05T03:12:00.000Z,SELL,0.04,1,1,40.00,1,40300.00
2026-02-05T03:12:00.000Z,2026-02-05T03:13:00.000Z,SELL,0.04,1,1,40.00,1,40340.00
2026-02-05T03:13:00.000Z,2026-02-05T03:15:00.000Z,SELL,0.04,1,1,40.00,1,40380.00
2026-02-05T03:15:00.000Z,2026-02-05T03:15:00.000Z,SELL,0.04,1,1,40.00,1,40420.00
2026-02-05T03:15:00.000Z,2026-02-05T03:21:00.000Z,SELL,0.04,1,1,40.00,1,40460.00
2026-02-05T03:21:00.000Z,2026-02-05T03:35:00.000Z,SELL,0.04,2,1,40.00,2,40500.00
2026-02-05T03:35:00.000Z,2026-02-05T03:58:00.000Z,SELL,0.04,1,1,40.00,1,40540.00
2026-02-05T03:58:00.000Z,2026-02-05T04:00:00.000Z,SELL,0.04,1,1,40.00,1,40580.00
2026-02-05T04:00:00.000Z,2026-02-05T04:05:00.000Z,SELL,0.04,1,1,40.00,1,40620.00
2026-02-05T04:05:00.000Z,2026-02-05T04:11:00.000Z,SELL,0.04,1,1,40.00,1,40660.00
2026-02-05T04:11:00.000Z,2026-02-05T04:13:00.000Z,SELL,0.04,1,1,40.00,1,40700.00
2026-02-05T04:13:00.000Z,2026-02-05T04:14:00.000Z,SELL,0.04,1,1,40.00,1,40740.00
2026-02-05T04:14:00.000Z,2026-02-05T04:15:00.000Z,SELL,0.04,1,1,40.00,1,40780.00
2026-02-05T04:15:00.000Z,2026-02-05T04:23:00.000Z,SELL,0.04,2,1,40.00,2,40820.00
2026-02-05T04:23:00.000Z,2026-02-05T04:32:00.000Z,SELL,0.04,1,1,40.00,1,40860.00
2026-02-05T04:32:00.000Z,2026-02-05T04:39:00.000Z,SELL,0.04,1,1,40.00,1,40900.00
2026-02-05T04:39:00.000Z,2026-02-05T04:41:00.000Z,SELL,0.04,1,1,40.00,1,40940.00
2026-02-05T04:41:00.000Z,2026-02-05T04:45:00.000Z,SELL,0.04,1,1,40.00,1,40980.00
2026-02-05T04:45:00.000Z,2026-02-05T04:45:00.000Z,SELL,0.04,1,1,40.00,1,41020.00
2026-02-05T04:45:00.000Z,2026-02-05T04:47:00.000Z,SELL,0.04,1,1,40.00,1,41060.00
2026-02-05T04:47:00.000Z,2026-02-05T04:47:00.000Z,SELL,0.04,1,1,40.00,1,41100.00
2026-02-05T04:47:00.000Z,2026-02-05T04:47:00.000Z,SELL,0.04,1,1,40.00,1,41140.00
2026-02-05T04:47:00.000Z,2026-02-05T04:48:00.000Z,SELL,0.04,1,1,40.00,1,41180.00
2026-02-05T04:48:00.000Z,2026-02-05T04:51:00.000Z,SELL,0.04,1,1,40.00,1,41220.00
2026-02-05T04:51:00.000Z,2026-02-05T04:51:00.000Z,SELL,0.04,1,1,40.00,1,41260.00
2026-02-05T04:51:00.000Z,2026-02-05T04:52:00.000Z,SELL,0.04,1,1,40.00,1,41300.00
2026-02-05T04:52:00.000Z,2026-02-05T04:53:00.000Z,SELL,0.04,2,1,40.00,2,41340.00
2026-02-05T04:53:00.000Z,2026-02-05T04:58:00.000Z,SELL,0.04,1,1,40.00,1,41380.00
2026-02-05T04:58:00.000Z,2026-02-05T04:59:00.000Z,SELL,0.04,1,1,40.00,1,41420.00
2026-02-05T04:59:00.000Z,2026-02-05T04:59:00.000Z,SELL,0.04,1,1,40.00,1,41460.00
2026-02-05T04:59:00.000Z,2026-02-05T05:00:00.000Z,SELL,0.04,1,1,40.00,1,41500.00
2026-02-05T05:00:00.000Z,2026-02-05T05:03:00.000Z,SELL,0.04,2,1,40.00,2,41540.00
2026-02-05T05:03:00.000Z,2026-02-05T05:10:00.000Z,SELL,0.04,4,1,40.00,4,41580.00
2026-02-05T05:10:00.000Z,2026-02-05T05:11:00.000Z,SELL,0.04,1,1,40.00,1,41620.00
2026-02-05T05:11:00.000Z,2026-02-05T05:15:00.000Z,SELL,0.04,1,1,40.00,1,41660.00
2026-02-05T05:15:00.000Z,2026-02-05T05:20:00.000Z,SELL,0.04,2,1,40.00,2,41700.00
2026-02-05T05:20:00.000Z,2026-02-05T05:30:00.000Z,SELL,0.04,3,1,40.00,3,41740.00
2026-02-05T05:30:00.000Z,2026-02-05T05:36:00.000Z,SELL,0.04,1,1,40.00,1,41780.00
2026-02-05T05:36:00.000Z,2026-02-05T05:42:00.000Z,SELL,0.04,2,1,40.00,2,41820.00
2026-02-05T05:42:00.000Z,2026-02-05T05:44:00.000Z,SELL,0.04,1,1,40.00,1,41860.00
2026-02-05T05:44:00.000Z,2026-02-05T05:50:00.000Z,SELL,0.04,1,1,40.00,1,41900.00
2026-02-05T05:50:00.000Z,2026-02-05T06:20:00.000Z,SELL,0.04,2,1,40.00,2,41940.00
2026-02-05T06:20:00.000Z,2026-02-05T06:39:00.000Z,SELL,0.04,1,1,40.00,1,41980.00
2026-02-05T06:39:00.000Z,2026-02-05T06:56:00.000Z,SELL,0.04,1,1,40.00,1,42020.00
2026-02-05T06:56:00.000Z,2026-02-05T07:13:00.000Z,SELL,0.04,1,1,40.00,1,42060.00
2026-02-05T07:13:00.000Z,2026-02-05T07:21:00.000Z,SELL,0.04,1,1,40.00,1,42100.00
2026-02-05T07:21:00.000Z,2026-02-05T07:32:00.000Z,SELL,0.04,3,1,40.00,3,42140.00
2026-02-05T07:32:00.000Z,2026-02-05T07:41:00.000Z,SELL,0.04,2,1,40.00,2,42180.00
2026-02-05T07:41:00.000Z,2026-02-05T07:45:00.000Z,SELL,0.04,2,1,40.00,2,42220.00
2026-02-05T07:45:00.000Z,2026-02-05T08:01:00.000Z,SELL,0.04,1,1,40.00,1,42260.00
2026-02-05T08:01:00.000Z,2026-02-05T08:09:00.000Z,SELL,0.04,2,1,40.00,2,42300.00
2026-02-05T08:09:00.000Z,2026-02-05T08:15:00.000Z,SELL,0.04,1,1,40.00,1,42340.00
2026-02-05T08:15:00.000Z,2026-02-05T09:26:00.000Z,SELL,0.04,4,1,40.00,4,42380.00
2026-02-05T09:26:00.000Z,2026-02-05T09:32:00.000Z,SELL,0.04,1,1,40.00,1,42420.00
2026-02-05T09:32:00.000Z,2026-02-05T09:38:00.000Z,SELL,0.04,1,1,40.00,1,42460.00
2026-02-05T09:38:00.000Z,2026-02-05T09:41:00.000Z,SELL,0.04,1,1,40.00,1,42500.00
2026-02-05T09:41:00.000Z,2026-02-05T10:11:00.000Z,SELL,0.04,2,1,40.00,2,42540.00
2026-02-05T10:11:00.000Z,2026-02-05T10:26:00.000Z,SELL,0.04,1,1,40.00,1,42580.00
2026-02-05T10:26:00.000Z,2026-02-05T10:48:00.000Z,SELL,0.04,1,1,40.00,1,42620.00
2026-02-05T10:48:00.000Z,2026-02-05T10:54:00.000Z,SELL,0.04,1,1,40.00,1,42660.00
2026-02-05T10:54:00.000Z,2026-02-05T11:01:00.000Z,SELL,0.04,1,1,40.00,1,42700.00
2026-02-05T11:01:00.000Z,2026-02-05T11:04:00.000Z,SELL,0.04,1,1,40.00,1,42740.00
2026-02-05T11:04:00.000Z,2026-02-05T11:11:00.000Z,SELL,0.04,1,1,40.00,1,42780.00
2026-02-05T11:11:00.000Z,2026-02-05T11:20:00.000Z,SELL,0.04,1,1,40.00,1,42820.00
2026-02-05T11:20:00.000Z,2026-02-05T11:45:00.000Z,SELL,0.04,2,1,40.00,2,42860.00
2026-02-05T11:45:00.000Z,2026-02-05T11:50:00.000Z,SELL,0.04,1,1,40.00,1,42900.00
2026-02-05T11:50:00.000Z,2026-02-05T11:51:00.000Z,SELL,0.04,1,1,40.00,1,42940.00
2026-02-05T11:51:00.000Z,2026-02-05T11:55:00.000Z,SELL,0.04,1,1,40.00,1,42980.00
2026-02-05T11:55:00.000Z,2026-02-05T11:56:00.000Z,SELL,0.04,1,1,40.00,1,43020.00
2026-02-05T11:56:00.000Z,2026-02-05T12:46:00.000Z,SELL,0.04,4,1,40.00,4,43060.00
2026-02-05T12:46:00.000Z,2026-02-05T12:56:00.000Z,SELL,0.04,1,1,40.00,1,43100.00
2026-02-05T12:56:00.000Z,2026-02-05T14:05:00.000Z,SELL,0.04,3,1,40.00,3,43140.00
2026-02-05T14:05:00.000Z,2026-02-05T14:08:00.000Z,SELL,0.04,1,1,40.00,1,43180.00
2026-02-05T14:08:00.000Z,2026-02-05T14:11:00.000Z,SELL,0.04,1,1,40.00,1,43220.00
2026-02-05T14:11:00.000Z,2026-02-05T14:19:00.000Z,SELL,0.04,1,1,40.00,1,43260.00
2026-02-05T14:19:00.000Z,2026-02-05T14:20:00.000Z,SELL,0.04,1,1,40.00,1,43300.00
2026-02-05T14:20:00.000Z,2026-02-05T14:30:00.000Z,SELL,0.04,2,1,40.00,2,43340.00
2026-02-05T14:30:00.000Z,2026-02-05T14:59:00.000Z,SELL,0.04,3,1,40.00,3,43380.00
2026-02-05T14:59:00.000Z,2026-02-05T15:01:00.000Z,SELL,0.04,1,1,40.00,1,43420.00
2026-02-05T15:01:00.000Z,2026-02-05T15:01:00.000Z,SELL,0.04,1,1,40.00,1,43460.00
2026-02-05T15:01:00.000Z,2026-02-05T15:06:00.000Z,SELL,0.04,1,1,40.00,1,43500.00
2026-02-05T15:06:00.000Z,2026-02-05T15:11:00.000Z,SELL,0.04,2,1,40.00,2,43540.00
2026-02-05T15:11:00.000Z,2026-02-05T15:12:00.000Z,SELL,0.04,1,1,40.00,1,43580.00
2026-02-05T15:12:00.000Z,2026-02-05T15:23:00.000Z,SELL,0.04,2,1,40.00,2,43620.00
2026-02-05T15:23:00.000Z,2026-02-05T15:30:00.000Z,SELL,0.04,1,1,40.00,1,43660.00
2026-02-05T15:30:00.000Z,2026-02-05T15:40:00.000Z,SELL,0.04,3,1,40.00,3,43700.00
2026-02-05T15:40:00.000Z,2026-02-05T15:43:00.000Z,SELL,0.04,1,1,40.00,1,43740.00
2026-02-05T15:43:00.000Z,2026-02-05T16:01:00.000Z,SELL,0.04,1,1,40.00,1,43780.00
2026-02-05T16:01:00.000Z,2026-02-05T16:07:00.000Z,SELL,0.04,2,1,40.00,2,43820.00
2026-02-05T16:07:00.000Z,2026-02-05T16:08:00.000Z,SELL,0.04,1,1,40.00,1,43860.00
2026-02-05T16:08:00.000Z,2026-02-05T16:14:00.000Z,SELL,0.04,1,1,40.00,1,43900.00
2026-02-05T16:14:00.000Z,2026-02-05T16:14:00.000Z,SELL,0.04,1,1,40.00,1,43940.00
2026-02-05T16:14:00.000Z,2026-02-05T16:33:00.000Z,SELL,0.04,3,1,40.00,3,43980.00
2026-02-05T16:33:00.000Z,2026-02-05T16:38:00.000Z,SELL,0.04,2,1,40.00,2,44020.00
2026-02-05T16:38:00.000Z,2026-02-05T16:46:00.000Z,SELL,0.04,2,1,40.00,2,44060.00
2026-02-05T16:46:00.000Z,2026-02-05T16:46:00.000Z,SELL,0.04,1,1,40.00,1,44100.00
2026-02-05T16:46:00.000Z,2026-02-05T16:48:00.000Z,SELL,0.04,1,1,40.00,1,44140.00
2026-02-05T16:48:00.000Z,2026-02-05T17:01:00.000Z,SELL,0.04,5,1,40.00,5,44180.00
2026-02-05T17:01:00.000Z,2026-02-05T17:02:00.000Z,SELL,0.04,1,1,40.00,1,44220.00
2026-02-05T17:02:00.000Z,2026-02-05T17:09:00.000Z,SELL,0.04,4,1,40.00,4,44260.00
2026-02-05T17:09:00.000Z,2026-02-05T17:10:00.000Z,SELL,0.04,1,1,40.00,1,44300.00
2026-02-05T17:10:00.000Z,2026-02-05T17:12:00.000Z,SELL,0.04,1,1,40.00,1,44340.00
2026-02-05T17:12:00.000Z,2026-02-05T17:15:00.000Z,SELL,0.04,1,1,40.00,1,44380.00
2026-02-05T17:15:00.000Z,2026-02-05T17:28:00.000Z,SELL,0.04,3,1,40.00,3,44420.00
2026-02-05T17:28:00.000Z,2026-02-05T17:46:00.000Z,SELL,0.04,3,1,40.00,3,44460.00
2026-02-05T17:46:00.000Z,2026-02-05T18:07:00.000Z,SELL,0.04,2,1,40.00,2,44500.00
2026-02-05T18:07:00.000Z,2026-02-05T18:13:00.000Z,SELL,0.04,1,1,40.00,1,44540.00
2026-02-05T18:13:00.000Z,2026-02-05T18:28:00.000Z,SELL,0.04,2,1,40.00,2,44580.00
2026-02-05T18:28:00.000Z,2026-02-05T18:49:00.000Z,SELL,0.04,2,1,40.00,2,44620.00
2026-02-05T18:49:00.000Z,2026-02-05T19:04:00.000Z,SELL,0.04,3,1,40.00,3,44660.00
2026-02-05T19:04:00.000Z,2026-02-05T19:22:00.000Z,SELL,0.04,1,1,40.00,1,44700.00
2026-02-05T19:22:00.000Z,2026-02-05T20:16:00.000Z,SELL,0.04,3,1,40.00,3,44740.00
2026-02-05T20:16:00.000Z,2026-02-05T21:05:00.000Z,SELL,0.04,3,1,40.00,3,44780.00
2026-02-05T21:05:00.000Z,2026-02-05T21:33:00.000Z,SELL,0.04,3,1,40.00,3,44820.00
2026-02-05T21:33:00.000Z,2026-02-05T22:00:00.000Z,SELL,0.04,1,1,40.00,1,44860.00
2026-02-05T22:00:00.000Z,2026-02-05T22:23:00.000Z,SELL,0.04,3,1,40.00,3,44900.00
2026-02-05T22:23:00.000Z,2026-02-05T22:54:00.000Z,SELL,0.04,3,1,40.00,3,44940.00
2026-02-05T22:54:00.000Z,2026-02-05T23:33:00.000Z,SELL,0.04,3,1,40.00,3,44980.00
2026-02-05T23:33:00.000Z,2026-02-05T23:34:00.000Z,SELL,0.04,1,1,40.00,1,45020.00
2026-02-05T23:34:00.000Z,2026-02-05T23:34:00.000Z,SELL,0.04,1,1,40.00,1,45060.00
2026-02-05T23:34:00.000Z,2026-02-05T23:40:00.000Z,SELL,0.04,1,1,40.00,1,45100.00
2026-02-05T23:40:00.000Z,2026-02-06T01:00:00.000Z,SELL,0.04,2,1,40.00,2,45140.00
2026-02-06T01:00:00.000Z,2026-02-06T01:00:00.000Z,SELL,0.04,1,1,40.00,1,45180.00
2026-02-06T01:00:00.000Z,2026-02-06T01:00:00.000Z,SELL,0.04,1,1,40.00,1,45220.00
2026-02-06T01:00:00.000Z,2026-02-06T01:01:00.000Z,SELL,0.04,1,1,40.00,1,45260.00
2026-02-06T01:01:00.000Z,2026-02-06T01:28:00.000Z,SELL,0.04,3,1,40.00,3,45300.00
2026-02-06T01:28:00.000Z,2026-02-06T01:38:00.000Z,SELL,0.04,1,1,40.00,1,45340.00
2026-02-06T01:38:00.000Z,2026-02-06T01:46:00.000Z,SELL,0.04,1,1,40.00,1,45380.00
2026-02-06T01:46:00.000Z,2026-02-06T01:49:00.000Z,SELL,0.04,1,1,40.00,1,45420.00
2026-02-06T01:49:00.000Z,2026-02-06T01:52:00.000Z,SELL,0.04,1,1,40.00,1,45460.00
2026-02-06T01:52:00.000Z,2026-02-06T02:02:00.000Z,SELL,0.04,1,1,40.00,1,45500.00
2026-02-06T02:02:00.000Z,2026-02-06T02:04:00.000Z,SELL,0.04,1,1,40.00,1,45540.00
2026-02-06T02:04:00.000Z,2026-02-06T02:15:00.000Z,SELL,0.04,1,1,40.00,1,45580.00
2026-02-06T02:15:00.000Z,2026-02-06T02:16:00.000Z,SELL,0.04,1,1,40.00,1,45620.00
2026-02-06T02:16:00.000Z,2026-02-06T02:17:00.000Z,SELL,0.04,1,1,40.00,1,45660.00
2026-02-06T02:17:00.000Z,2026-02-06T02:23:00.000Z,SELL,0.04,2,1,40.00,2,45700.00
2026-02-06T02:23:00.000Z,2026-02-06T02:27:00.000Z,SELL,0.04,2,1,40.00,2,45740.00
2026-02-06T02:27:00.000Z,2026-02-06T02:37:00.000Z,SELL,0.04,2,1,40.00,2,45780.00
2026-02-06T02:37:00.000Z,2026-02-06T02:38:00.000Z,SELL,0.04,1,1,40.00,1,45820.00
2026-02-06T02:38:00.000Z,2026-02-06T03:01:00.000Z,SELL,0.04,3,1,40.00,3,45860.00
2026-02-06T03:01:00.000Z,2026-02-06T03:02:00.000Z,SELL,0.04,1,1,40.00,1,45900.00
2026-02-06T03:02:00.000Z,2026-02-06T03:02:00.000Z,SELL,0.04,1,1,40.00,1,45940.00
2026-02-06T03:02:00.000Z,2026-02-06T03:02:00.000Z,SELL,0.04,1,1,40.00,1,45980.00
2026-02-06T03:02:00.000Z,2026-02-06T03:03:00.000Z,SELL,0.04,2,1,40.00,2,46020.00
2026-02-06T03:03:00.000Z,2026-02-06T03:08:00.000Z,SELL,0.04,2,1,40.00,2,46060.00
2026-02-06T03:08:00.000Z,2026-02-06T03:08:00.000Z,SELL,0.04,1,1,40.00,1,46100.00
2026-02-06T03:08:00.000Z,2026-02-06T03:09:00.000Z,SELL,0.04,1,1,40.00,1,46140.00
2026-02-06T03:09:00.000Z,2026-02-06T03:17:00.000Z,SELL,0.04,3,1,40.00,3,46180.00
2026-02-06T03:17:00.000Z,2026-02-06T03:19:00.000Z,SELL,0.04,1,1,40.00,1,46220.00
2026-02-06T03:19:00.000Z,2026-02-06T03:24:00.000Z,SELL,0.04,1,1,40.00,1,46260.00
2026-02-06T03:24:00.000Z,2026-02-06T03:33:00.000Z,SELL,0.04,2,1,40.00,2,46300.00
2026-02-06T03:33:00.000Z,2026-02-06T03:54:00.000Z,SELL,0.04,2,1,40.00,2,46340.00
2026-02-06T03:54:00.000Z,2026-02-06T04:10:00.000Z,SELL,0.04,2,1,40.00,2,46380.00
2026-02-06T04:10:00.000Z,2026-02-06T04:14:00.000Z,SELL,0.04,1,1,40.00,1,46420.00
2026-02-06T04:14:00.000Z,2026-02-06T04:28:00.000Z,SELL,0.04,2,1,40.00,2,46460.00
2026-02-06T04:28:00.000Z,2026-02-06T04:42:00.000Z,SELL,0.04,2,1,40.00,2,46500.00
2026-02-06T04:42:00.000Z,2026-02-06T04:43:00.000Z,SELL,0.04,1,1,40.00,1,46540.00
2026-02-06T04:43:00.000Z,2026-02-06T04:43:00.000Z,SELL,0.04,1,1,40.00,1,46580.00
2026-02-06T04:43:00.000Z,2026-02-06T04:51:00.000Z,SELL,0.04,1,1,40.00,1,46620.00
2026-02-06T04:51:00.000Z,2026-02-06T05:24:00.000Z,SELL,0.04,3,1,40.00,3,46660.00
2026-02-06T05:24:00.000Z,2026-02-06T07:23:00.000Z,SELL,0.04,4,1,40.00,4,46700.00
2026-02-06T07:23:00.000Z,2026-02-06T07:40:00.000Z,SELL,0.04,2,1,40.00,2,46740.00
2026-02-06T07:40:00.000Z,2026-02-06T07:57:00.000Z,SELL,0.04,2,1,40.00,2,46780.00
2026-02-06T07:57:00.000Z,2026-02-06T08:04:00.000Z,SELL,0.04,1,1,40.00,1,46820.00
2026-02-06T08:04:00.000Z,2026-02-06T08:07:00.000Z,SELL,0.04,1,1,40.00,1,46860.00
2026-02-06T08:07:00.000Z,2026-02-06T08:17:00.000Z,SELL,0.04,1,1,40.00,1,46900.00
2026-02-06T08:17:00.000Z,2026-02-06T08:26:00.000Z,SELL,0.04,1,1,40.00,1,46940.00
2026-02-06T08:26:00.000Z,2026-02-06T08:35:00.000Z,SELL,0.04,1,1,40.00,1,46980.00
2026-02-06T08:35:00.000Z,2026-02-06T08:56:00.000Z,SELL,0.04,1,1,40.00,1,47020.00
2026-02-06T08:56:00.000Z,2026-02-06T10:20:00.000Z,SELL,0.04,4,1,40.00,4,47060.00
2026-02-06T10:20:00.000Z,2026-02-06T11:03:00.000Z,SELL,0.04,1,1,40.00,1,47100.00
2026-02-06T11:03:00.000Z,2026-02-06T11:07:00.000Z,SELL,0.04,1,1,40.00,1,47140.00
2026-02-06T11:07:00.000Z,2026-02-06T11:35:00.000Z,SELL,0.04,2,1,40.00,2,47180.00
2026-02-06T11:35:00.000Z,2026-02-06T11:38:00.000Z,SELL,0.04,1,1,40.00,1,47220.00
2026-02-06T11:38:00.000Z,2026-02-06T12:28:00.000Z,SELL,0.04,1,1,40.00,1,47260.00
2026-02-06T12:28:00.000Z,2026-02-06T13:00:00.000Z,SELL,0.04,2,1,40.00,2,47300.00
2026-02-06T13:00:00.000Z,2026-02-06T13:23:00.000Z,BUY,0.04,1,1,40.00,1,47340.00
2026-02-06T13:23:00.000Z,2026-02-06T14:07:00.000Z,BUY,0.04,1,1,40.00,1,47380.00
2026-02-06T14:07:00.000Z,2026-02-06T14:29:00.000Z,BUY,0.04,2,1,40.00,2,47420.00
2026-02-06T14:29:00.000Z,2026-02-06T14:30:00.000Z,BUY,0.04,1,1,40.00,1,47460.00
2026-02-06T14:30:00.000Z,2026-02-06T14:39:00.000Z,BUY,0.04,1,1,40.00,1,47500.00
2026-02-06T14:39:00.000Z,2026-02-06T14:51:00.000Z,BUY,0.04,1,1,40.00,1,47540.00
2026-02-06T14:51:00.000Z,2026-02-06T15:00:00.000Z,BUY,0.04,1,1,40.00,1,47580.00
2026-02-06T15:00:00.000Z,2026-02-06T15:01:00.000Z,BUY,0.04,1,1,40.00,1,47620.00
2026-02-06T15:01:00.000Z,2026-02-06T15:38:00.000Z,BUY,0.04,1,1,40.00,1,47660.00
2026-02-06T15:38:00.000Z,2026-02-06T16:24:00.000Z,BUY,0.04,2,1,40.00,2,47700.00
2026-02-06T16:24:00.000Z,2026-02-06T16:30:00.000Z,BUY,0.04,1,1,40.00,1,47740.00
2026-02-06T16:30:00.000Z,2026-02-06T16:32:00.000Z,BUY,0.04,1,1,40.00,1,47780.00
2026-02-06T16:32:00.000Z,2026-02-06T16:37:00.000Z,BUY,0.04,1,1,40.00,1,47820.00
2026-02-06T16:37:00.000Z,2026-02-06T16:37:00.000Z,BUY,0.04,1,1,40.00,1,47860.00
2026-02-06T16:37:00.000Z,2026-02-06T17:00:00.000Z,BUY,0.04,3,1,40.00,3,47900.00
2026-02-06T17:00:00.000Z,2026-02-06T18:26:00.000Z,BUY,0.04,2,1,40.00,2,47940.00
2026-02-06T18:26:00.000Z,2026-02-06T18:28:00.000Z,BUY,0.04,1,1,40.00,1,47980.00
2026-02-06T18:28:00.000Z,2026-02-06T18:40:00.000Z,BUY,0.04,1,1,40.00,1,48020.00
2026-02-06T18:40:00.000Z,2026-02-06T19:01:00.000Z,BUY,0.04,1,1,40.00,1,48060.00
2026-02-06T19:01:00.000Z,2026-02-06T19:30:00.000Z,BUY,0.04,1,1,40.00,1,48100.00
2026-02-06T19:30:00.000Z,2026-02-09T01:00:00.000Z,BUY,0.04,5,1,40.00,5,48140.00
2026-02-09T01:00:00.000Z,2026-02-09T01:00:00.000Z,BUY,0.04,1,1,40.00,1,48180.00
2026-02-09T01:00:00.000Z,2026-02-09T01:24:00.000Z,BUY,0.04,5,1,40.00,5,48220.00
2026-02-09T01:24:00.000Z,2026-02-09T01:25:00.000Z,BUY,0.04,1,1,40.00,1,48260.00
2026-02-09T01:25:00.000Z,2026-02-09T01:26:00.000Z,BUY,0.04,1,1,40.00,1,48300.00
2026-02-09T01:26:00.000Z,2026-02-09T01:30:00.000Z,BUY,0.04,1,1,40.00,1,48340.00
2026-02-09T01:30:00.000Z,2026-02-09T01:33:00.000Z,BUY,0.04,1,1,40.00,1,48380.00
2026-02-09T01:33:00.000Z,2026-02-09T03:07:00.000Z,BUY,0.04,4,1,40.00,4,48420.00
2026-02-09T03:07:00.000Z,2026-02-09T03:08:00.000Z,BUY,0.04,1,1,40.00,1,48460.00
2026-02-09T03:08:00.000Z,2026-02-09T03:18:00.000Z,BUY,0.04,1,1,40.00,1,48500.00
2026-02-09T03:18:00.000Z,2026-02-09T03:35:00.000Z,BUY,0.04,2,1,40.00,2,48540.00
2026-02-09T03:35:00.000Z,2026-02-09T03:44:00.000Z,BUY,0.04,3,1,40.00,3,48580.00
2026-02-09T03:44:00.000Z,2026-02-09T04:00:00.000Z,BUY,0.04,2,1,40.00,2,48620.00
2026-02-09T04:00:00.000Z,2026-02-09T04:07:00.000Z,BUY,0.04,1,1,40.00,1,48660.00
2026-02-09T04:07:00.000Z,2026-02-09T04:14:00.000Z,BUY,0.04,1,1,40.00,1,48700.00
2026-02-09T04:14:00.000Z,2026-02-09T04:51:00.000Z,BUY,0.04,1,1,40.00,1,48740.00
2026-02-09T04:51:00.000Z,2026-02-09T05:03:00.000Z,BUY,0.04,1,1,40.00,1,48780.00
2026-02-09T05:03:00.000Z,2026-02-09T05:31:00.000Z,BUY,0.04,1,1,40.00,1,48820.00
2026-02-09T05:31:00.000Z,2026-02-09T07:42:00.000Z,BUY,0.04,3,1,40.00,3,48860.00
2026-02-09T07:42:00.000Z,2026-02-09T09:14:00.000Z,BUY,0.04,4,1,40.00,4,48900.00
2026-02-09T09:14:00.000Z,2026-02-09T10:06:00.000Z,BUY,0.04,1,1,40.00,1,48940.00
2026-02-09T10:06:00.000Z,2026-02-09T10:17:00.000Z,BUY,0.04,1,1,40.00,1,48980.00
2026-02-09T10:17:00.000Z,2026-02-09T11:03:00.000Z,BUY,0.04,1,1,40.00,1,49020.00
2026-02-09T11:03:00.000Z,2026-02-09T11:47:00.000Z,BUY,0.04,2,1,40.00,2,49060.00
2026-02-09T11:47:00.000Z,2026-02-09T14:37:00.000Z,BUY,0.04,3,1,40.00,3,49100.00
2026-02-09T14:37:00.000Z,2026-02-09T16:31:00.000Z,BUY,0.04,3,1,40.00,3,49140.00
2026-02-09T16:31:00.000Z,2026-02-09T17:01:00.000Z,BUY,0.04,1,1,40.00,1,49180.00
2026-02-09T17:01:00.000Z,2026-02-09T17:33:00.000Z,BUY,0.04,1,1,40.00,1,49220.00
2026-02-09T17:33:00.000Z,2026-02-09T18:02:00.000Z,BUY,0.04,1,1,40.00,1,49260.00
2026-02-09T18:02:00.000Z,2026-02-09T18:22:00.000Z,BUY,0.04,1,1,40.00,1,49300.00
2026-02-09T18:22:00.000Z,2026-02-09T19:59:00.000Z,BUY,0.04,2,1,40.00,2,49340.00
2026-02-09T19:59:00.000Z,2026-02-09T20:02:00.000Z,BUY,0.04,1,1,40.00,1,49380.00
2026-02-09T20:02:00.000Z,2026-02-09T20:57:00.000Z,BUY,0.04,1,1,40.00,1,49420.00
2026-02-09T20:57:00.000Z,2026-02-09T21:28:00.000Z,BUY,0.04,1,1,40.00,1,49460.00
2026-02-09T21:28:00.000Z,2026-02-09T22:33:00.000Z,BUY,0.04,1,1,40.00,1,49500.00
2026-02-09T22:33:00.000Z,2026-02-09T23:28:00.000Z,BUY,0.04,2,1,40.00,2,49540.00
2026-02-09T23:28:00.000Z,2026-02-09T23:41:00.000Z,BUY,0.04,1,1,40.00,1,49580.00
2026-02-09T23:41:00.000Z,2026-02-10T01:01:00.000Z,BUY,0.04,1,1,40.00,1,49620.00
2026-02-10T01:01:00.000Z,2026-02-10T01:09:00.000Z,BUY,0.04,2,1,40.00,2,49660.00
2026-02-10T01:09:00.000Z,2026-02-10T01:10:00.000Z,BUY,0.04,2,1,40.00,2,49700.00
2026-02-10T01:10:00.000Z,2026-02-10T01:11:00.000Z,BUY,0.04,1,1,40.00,1,49740.00
2026-02-10T01:11:00.000Z,2026-02-10T01:12:00.000Z,BUY,0.04,2,1,40.00,2,49780.00
2026-02-10T01:12:00.000Z,2026-02-10T01:12:00.000Z,BUY,0.04,1,1,40.00,1,49820.00
2026-02-10T01:12:00.000Z,2026-02-10T01:13:00.000Z,BUY,0.04,1,1,40.00,1,49860.00
2026-02-10T01:13:00.000Z,2026-02-10T01:13:00.000Z,BUY,0.04,1,1,40.00,1,49900.00
2026-02-10T01:13:00.000Z,2026-02-10T01:43:00.000Z,BUY,0.04,3,1,40.00,3,49940.00
2026-02-10T01:43:00.000Z,2026-02-10T02:04:00.000Z,BUY,0.04,1,1,40.00,1,49980.00
2026-02-10T02:04:00.000Z,2026-02-10T02:46:00.000Z,BUY,0.04,2,1,40.00,2,50020.00
2026-02-10T02:46:00.000Z,2026-02-10T03:00:00.000Z,BUY,0.05,1,1,50.00,1,50070.00
2026-02-10T03:00:00.000Z,2026-02-10T03:15:00.000Z,BUY,0.05,1,1,50.00,1,50120.00
2026-02-10T03:15:00.000Z,2026-02-10T04:09:00.000Z,BUY,0.05,3,1,50.00,3,50170.00
2026-02-10T04:09:00.000Z,2026-02-10T04:26:00.000Z,BUY,0.05,1,1,50.00,1,50220.00
2026-02-10T04:26:00.000Z,2026-02-10T05:14:00.000Z,BUY,0.05,2,1,50.00,2,50270.00
2026-02-10T05:14:00.000Z,2026-02-10T07:47:00.000Z,BUY,0.05,1,1,50.00,1,50320.00
2026-02-10T07:47:00.000Z,2026-02-10T10:41:00.000Z,BUY,0.05,1,1,50.00,1,50370.00
2026-02-10T10:41:00.000Z,2026-02-10T11:09:00.000Z,BUY,0.05,1,1,50.00,1,50420.00
2026-02-10T11:09:00.000Z,2026-02-10T14:44:00.000Z,BUY,0.05,2,1,50.00,2,50470.00
2026-02-10T14:44:00.000Z,2026-02-10T15:08:00.000Z,BUY,0.05,1,1,50.00,1,50520.00
2026-02-10T15:08:00.000Z,2026-02-10T15:30:00.000Z,BUY,0.05,1,1,50.00,1,50570.00
2026-02-10T15:30:00.000Z,2026-02-10T15:33:00.000Z,BUY,0.05,1,1,50.00,1,50620.00
2026-02-10T15:33:00.000Z,2026-02-10T16:16:00.000Z,BUY,0.05,1,1,50.00,1,50670.00
2026-02-10T16:16:00.000Z,2026-02-10T16:31:00.000Z,BUY,0.05,1,1,50.00,1,50720.00
2026-02-10T16:31:00.000Z,2026-02-10T16:45:00.000Z,BUY,0.05,2,1,50.00,2,50770.00
2026-02-10T16:45:00.000Z,2026-02-10T17:37:00.000Z,BUY,0.05,4,1,50.00,4,50820.00
2026-02-10T17:37:00.000Z,2026-02-10T17:49:00.000Z,BUY,0.05,1,1,50.00,1,50870.00
2026-02-10T17:49:00.000Z,2026-02-10T19:29:00.000Z,BUY,0.05,3,1,50.00,3,50920.00
2026-02-10T19:29:00.000Z,2026-02-10T20:20:00.000Z,BUY,0.05,2,1,50.00,2,50970.00
2026-02-10T20:20:00.000Z,2026-02-10T22:48:00.000Z,SELL,0.05,2,1,50.00,2,51020.00
2026-02-10T22:48:00.000Z,2026-02-10T23:03:00.000Z,SELL,0.05,1,1,50.00,1,51070.00
2026-02-10T23:03:00.000Z,2026-02-11T05:23:00.000Z,SELL,0.05,2,1,50.00,2,51120.00
2026-02-11T05:23:00.000Z,2026-02-11T09:11:00.000Z,BUY,0.05,1,1,50.00,1,51170.00
2026-02-11T09:11:00.000Z,2026-02-11T12:40:00.000Z,BUY,0.05,3,1,50.00,3,51220.00
2026-02-11T12:40:00.000Z,2026-02-11T12:44:00.000Z,BUY,0.05,1,1,50.00,1,51270.00
2026-02-11T12:44:00.000Z,2026-02-11T12:44:00.000Z,BUY,0.05,1,1,50.00,1,51320.00
2026-02-11T12:44:00.000Z,2026-02-11T13:44:00.000Z,BUY,0.05,1,1,50.00,1,51370.00
2026-02-11T13:44:00.000Z,2026-02-11T14:41:00.000Z,BUY,0.05,2,1,50.00,2,51420.00
2026-02-11T14:41:00.000Z,2026-02-11T15:27:00.000Z,BUY,0.05,3,1,50.00,3,51470.00
2026-02-11T15:27:00.000Z,2026-02-11T15:30:00.000Z,BUY,0.05,2,1,50.00,2,51520.00
2026-02-11T15:30:00.000Z,2026-02-11T15:30:00.000Z,BUY,0.05,2,1,50.00,2,51570.00
2026-02-11T15:30:00.000Z,2026-02-11T15:31:00.000Z,BUY,0.05,1,1,50.00,1,51620.00
2026-02-11T15:31:00.000Z,2026-02-11T15:31:00.000Z,BUY,0.05,1,1,50.00,1,51670.00
2026-02-11T15:31:00.000Z,2026-02-11T15:39:00.000Z,BUY,0.05,1,1,50.00,1,51720.00
2026-02-11T15:39:00.000Z,2026-02-11T15:55:00.000Z,BUY,0.05,1,1,50.00,1,51770.00
2026-02-11T15:55:00.000Z,2026-02-11T16:16:00.000Z,BUY,0.05,1,1,50.00,1,51820.00
2026-02-11T16:16:00.000Z,2026-02-11T16:38:00.000Z,BUY,0.05,2,1,50.00,2,51870.00
2026-02-11T16:38:00.000Z,2026-02-11T16:55:00.000Z,BUY,0.05,1,1,50.00,1,51920.00
2026-02-11T16:55:00.000Z,2026-02-11T17:05:00.000Z,BUY,0.05,1,1,50.00,1,51970.00
2026-02-11T17:05:00.000Z,2026-02-11T17:09:00.000Z,BUY,0.05,1,1,50.00,1,52020.00
2026-02-11T17:09:00.000Z,2026-02-11T17:24:00.000Z,BUY,0.05,2,1,50.00,2,52070.00
2026-02-11T17:24:00.000Z,2026-02-11T17:55:00.000Z,BUY,0.05,1,1,50.00,1,52120.00
2026-02-11T17:55:00.000Z,2026-02-11T18:33:00.000Z,BUY,0.05,1,1,50.00,1,52170.00
2026-02-11T18:33:00.000Z,2026-02-11T19:08:00.000Z,BUY,0.05,1,1,50.00,1,52220.00
2026-02-11T19:08:00.000Z,2026-02-11T19:42:00.000Z,BUY,0.05,1,1,50.00,1,52270.00
2026-02-11T19:42:00.000Z,2026-02-12T01:11:00.000Z,BUY,0.05,5,0,-12100.00,5,40170.00
2026-02-12T01:11:00.000Z,2026-02-12T08:32:00.000Z,BUY,0.04,5,0,-9680.00,5,30490.00
2026-02-12T08:32:00.000Z,2026-02-12T09:08:00.000Z,BUY,0.03,1,1,30.00,1,30520.00
2026-02-12T09:08:00.000Z,2026-02-12T10:07:00.000Z,BUY,0.03,1,1,30.00,1,30550.00
2026-02-12T10:07:00.000Z,2026-02-12T15:57:00.000Z,BUY,0.03,5,1,30.00,5,30580.00
2026-02-12T15:57:00.000Z,2026-02-12T16:03:00.000Z,SELL,0.03,1,1,30.00,1,30610.00
2026-02-12T16:03:00.000Z,2026-02-12T16:14:00.000Z,SELL,0.03,1,1,30.00,1,30640.00
2026-02-12T16:14:00.000Z,2026-02-12T16:48:00.000Z,SELL,0.03,1,1,30.00,1,30670.00
2026-02-12T16:48:00.000Z,2026-02-12T16:56:00.000Z,SELL,0.03,1,1,30.00,1,30700.00
2026-02-12T16:56:00.000Z,2026-02-12T17:45:00.000Z,SELL,0.03,2,1,30.00,2,30730.00
2026-02-12T17:45:00.000Z,2026-02-12T17:59:00.000Z,SELL,0.03,1,1,30.00,1,30760.00
2026-02-12T17:59:00.000Z,2026-02-12T18:09:00.000Z,SELL,0.03,1,1,30.00,1,30790.00
2026-02-12T18:09:00.000Z,2026-02-12T18:10:00.000Z,SELL,0.03,1,1,30.00,1,30820.00
2026-02-12T18:10:00.000Z,2026-02-12T18:11:00.000Z,SELL,0.03,1,1,30.00,1,30850.00
2026-02-12T18:11:00.000Z,2026-02-12T18:11:00.000Z,SELL,0.03,1,1,30.00,1,30880.00
2026-02-12T18:11:00.000Z,2026-02-12T18:12:00.000Z,SELL,0.03,1,1,30.00,1,30910.00
2026-02-12T18:12:00.000Z,2026-02-12T18:13:00.000Z,SELL,0.03,1,1,30.00,1,30940.00
2026-02-12T18:13:00.000Z,2026-02-12T18:13:00.000Z,SELL,0.03,1,1,30.00,1,30970.00
2026-02-12T18:13:00.000Z,2026-02-12T18:14:00.000Z,SELL,0.03,1,1,30.00,1,31000.00
2026-02-12T18:14:00.000Z,2026-02-12T18:14:00.000Z,SELL,0.03,1,1,30.00,1,31030.00
2026-02-12T18:14:00.000Z,2026-02-12T18:14:00.000Z,SELL,0.03,1,1,30.00,1,31060.00
2026-02-12T18:14:00.000Z,2026-02-12T18:14:00.000Z,SELL,0.03,1,1,30.00,1,31090.00
2026-02-12T18:14:00.000Z,2026-02-12T18:16:00.000Z,SELL,0.03,1,1,30.00,1,31120.00
2026-02-12T18:16:00.000Z,2026-02-12T18:17:00.000Z,SELL,0.03,3,1,30.00,3,31150.00
2026-02-12T18:17:00.000Z,2026-02-12T18:18:00.000Z,SELL,0.03,1,1,30.00,1,31180.00
2026-02-12T18:18:00.000Z,2026-02-12T18:22:00.000Z,SELL,0.03,3,1,30.00,3,31210.00
2026-02-12T18:22:00.000Z,2026-02-12T18:26:00.000Z,SELL,0.03,3,1,30.00,3,31240.00
2026-02-12T18:26:00.000Z,2026-02-12T18:28:00.000Z,SELL,0.03,1,1,30.00,1,31270.00
2026-02-12T18:28:00.000Z,2026-02-12T18:30:00.000Z,SELL,0.03,2,1,30.00,2,31300.00
2026-02-12T18:30:00.000Z,2026-02-12T18:36:00.000Z,SELL,0.03,2,1,30.00,2,31330.00
2026-02-12T18:36:00.000Z,2026-02-12T18:37:00.000Z,SELL,0.03,1,1,30.00,1,31360.00
2026-02-12T18:37:00.000Z,2026-02-12T18:41:00.000Z,SELL,0.03,2,1,30.00,2,31390.00
2026-02-12T18:41:00.000Z,2026-02-12T18:42:00.000Z,SELL,0.03,1,1,30.00,1,31420.00
2026-02-12T18:42:00.000Z,2026-02-12T18:45:00.000Z,SELL,0.03,1,1,30.00,1,31450.00
2026-02-12T18:45:00.000Z,2026-02-12T18:47:00.000Z,SELL,0.03,1,1,30.00,1,31480.00
2026-02-12T18:47:00.000Z,2026-02-12T19:07:00.000Z,SELL,0.03,4,1,30.00,4,31510.00
2026-02-12T19:07:00.000Z,2026-02-12T19:08:00.000Z,SELL,0.03,1,1,30.00,1,31540.00
2026-02-12T19:08:00.000Z,2026-02-12T19:53:00.000Z,SELL,0.03,3,1,30.00,3,31570.00
2026-02-12T19:53:00.000Z,2026-02-12T20:00:00.000Z,SELL,0.03,1,1,30.00,1,31600.00
2026-02-12T20:00:00.000Z,2026-02-12T20:08:00.000Z,SELL,0.03,1,1,30.00,1,31630.00
2026-02-12T20:08:00.000Z,2026-02-12T20:18:00.000Z,SELL,0.03,1,1,30.00,1,31660.00
2026-02-12T20:18:00.000Z,2026-02-12T20:43:00.000Z,SELL,0.03,2,1,30.00,2,31690.00
2026-02-12T20:43:00.000Z,2026-02-12T20:45:00.000Z,SELL,0.03,1,1,30.00,1,31720.00
2026-02-12T20:45:00.000Z,2026-02-12T22:28:00.000Z,SELL,0.03,3,1,30.00,3,31750.00
2026-02-12T22:28:00.000Z,2026-02-12T22:30:00.000Z,SELL,0.03,1,1,30.00,1,31780.00
2026-02-12T22:30:00.000Z,2026-02-13T01:00:00.000Z,SELL,0.03,1,1,30.00,1,31810.00
2026-02-13T01:00:00.000Z,2026-02-13T01:00:00.000Z,SELL,0.03,1,1,30.00,1,31840.00
2026-02-13T01:00:00.000Z,2026-02-13T01:18:00.000Z,SELL,0.03,2,1,30.00,2,31870.00
2026-02-13T01:18:00.000Z,2026-02-13T01:30:00.000Z,SELL,0.03,1,1,30.00,1,31900.00
2026-02-13T01:30:00.000Z,2026-02-13T02:08:00.000Z,SELL,0.03,2,1,30.00,2,31930.00
2026-02-13T02:08:00.000Z,2026-02-13T02:42:00.000Z,SELL,0.03,1,1,30.00,1,31960.00
2026-02-13T02:42:00.000Z,2026-02-13T03:10:00.000Z,SELL,0.03,2,1,30.00,2,31990.00
2026-02-13T03:10:00.000Z,2026-02-13T06:16:00.000Z,SELL,0.03,2,1,30.00,2,32020.00
2026-02-13T06:16:00.000Z,2026-02-13T06:30:00.000Z,SELL,0.03,1,1,30.00,1,32050.00
2026-02-13T06:30:00.000Z,2026-02-13T06:49:00.000Z,SELL,0.03,1,1,30.00,1,32080.00
2026-02-13T06:49:00.000Z,2026-02-13T07:43:00.000Z,SELL,0.03,1,1,30.00,1,32110.00
2026-02-13T07:43:00.000Z,2026-02-13T07:55:00.000Z,SELL,0.03,1,1,30.00,1,32140.00
2026-02-13T07:55:00.000Z,2026-02-13T10:06:00.000Z,SELL,0.03,2,1,30.00,2,32170.00
2026-02-13T10:06:00.000Z,2026-02-13T10:51:00.000Z,SELL,0.03,1,1,30.00,1,32200.00
2026-02-13T10:51:00.000Z,2026-02-13T11:30:00.000Z,SELL,0.03,1,1,30.00,1,32230.00
2026-02-13T11:30:00.000Z,2026-02-13T12:58:00.000Z,SELL,0.03,1,1,30.00,1,32260.00
2026-02-13T12:58:00.000Z,2026-02-13T13:05:00.000Z,SELL,0.03,1,1,30.00,1,32290.00
2026-02-13T13:05:00.000Z,2026-02-13T14:22:00.000Z,SELL,0.03,2,1,30.00,2,32320.00
2026-02-13T14:22:00.000Z,2026-02-13T15:19:00.000Z,SELL,0.03,1,1,30.00,1,32350.00
2026-02-13T15:19:00.000Z,2026-02-13T15:30:00.000Z,SELL,0.03,2,1,30.00,2,32380.00
2026-02-13T15:30:00.000Z,2026-02-13T15:32:00.000Z,SELL,0.03,1,1,30.00,1,32410.00
2026-02-13T15:32:00.000Z,2026-02-13T16:41:00.000Z,SELL,0.03,3,1,30.00,3,32440.00
2026-02-13T16:41:00.000Z,2026-02-13T16:47:00.000Z,SELL,0.03,2,1,30.00,2,32470.00
2026-02-13T16:47:00.000Z,2026-02-13T16:50:00.000Z,SELL,0.03,1,1,30.00,1,32500.00
2026-02-13T16:50:00.000Z,2026-02-13T17:56:00.000Z,SELL,0.03,3,1,30.00,3,32530.00
2026-02-13T17:56:00.000Z,2026-02-13T18:24:00.000Z,SELL,0.03,2,1,30.00,2,32560.00
2026-02-13T18:24:00.000Z,2026-02-13T21:07:00.000Z,SELL,0.03,4,1,30.00,4,32590.00
2026-02-13T21:07:00.000Z,2026-02-16T01:05:00.000Z,BUY,0.03,2,1,30.00,2,32620.00
2026-02-16T01:05:00.000Z,2026-02-16T01:09:00.000Z,BUY,0.03,1,1,30.00,1,32650.00
2026-02-16T01:09:00.000Z,2026-02-16T01:16:00.000Z,BUY,0.03,1,1,30.00,1,32680.00
2026-02-16T01:16:00.000Z,2026-02-16T02:03:00.000Z,BUY,0.03,2,1,30.00,2,32710.00
2026-02-16T02:03:00.000Z,2026-02-16T02:05:00.000Z,BUY,0.03,1,1,30.00,1,32740.00
2026-02-16T02:05:00.000Z,2026-02-16T02:52:00.000Z,BUY,0.03,1,1,30.00,1,32770.00
2026-02-16T02:52:00.000Z,2026-02-16T05:00:00.000Z,BUY,0.03,2,1,30.00,2,32800.00
2026-02-16T05:00:00.000Z,2026-02-16T08:44:00.000Z,BUY,0.03,3,1,30.00,3,32830.00
2026-02-16T08:44:00.000Z,2026-02-16T10:03:00.000Z,BUY,0.03,1,1,30.00,1,32860.00
2026-02-16T10:03:00.000Z,2026-02-16T16:46:00.000Z,BUY,0.03,2,1,30.00,2,32890.00
2026-02-16T16:46:00.000Z,2026-02-16T19:03:00.000Z,BUY,0.03,1,1,30.00,1,32920.00
2026-02-16T19:03:00.000Z,2026-02-17T02:06:00.000Z,SELL,0.03,1,1,30.00,1,32950.00
2026-02-17T02:06:00.000Z,2026-02-17T02:25:00.000Z,SELL,0.03,1,1,30.00,1,32980.00
2026-02-17T02:25:00.000Z,2026-02-17T02:52:00.000Z,SELL,0.03,1,1,30.00,1,33010.00
2026-02-17T02:52:00.000Z,2026-02-17T02:52:00.000Z,SELL,0.03,1,1,30.00,1,33040.00
2026-02-17T02:52:00.000Z,2026-02-17T02:58:00.000Z,SELL,0.03,1,1,30.00,1,33070.00
2026-02-17T02:58:00.000Z,2026-02-17T03:03:00.000Z,SELL,0.03,1,1,30.00,1,33100.00
2026-02-17T03:03:00.000Z,2026-02-17T03:43:00.000Z,SELL,0.03,2,1,30.00,2,33130.00
2026-02-17T03:43:00.000Z,2026-02-17T05:37:00.000Z,SELL,0.03,1,1,30.00,1,33160.00
2026-02-17T05:37:00.000Z,2026-02-17T07:06:00.000Z,SELL,0.03,1,1,30.00,1,33190.00
2026-02-17T07:06:00.000Z,2026-02-17T07:14:00.000Z,SELL,0.03,1,1,30.00,1,33220.00
2026-02-17T07:14:00.000Z,2026-02-17T07:15:00.000Z,SELL,0.03,1,1,30.00,1,33250.00
2026-02-17T07:15:00.000Z,2026-02-17T07:16:00.000Z,SELL,0.03,1,1,30.00,1,33280.00
2026-02-17T07:16:00.000Z,2026-02-17T07:17:00.000Z,SELL,0.03,1,1,30.00,1,33310.00
2026-02-17T07:17:00.000Z,2026-02-17T07:22:00.000Z,SELL,0.03,1,1,30.00,1,33340.00
2026-02-17T07:22:00.000Z,2026-02-17T07:31:00.000Z,SELL,0.03,1,1,30.00,1,33370.00
2026-02-17T07:31:00.000Z,2026-02-17T07:32:00.000Z,SELL,0.03,1,1,30.00,1,33400.00
2026-02-17T07:32:00.000Z,2026-02-17T08:19:00.000Z,SELL,0.03,2,1,30.00,2,33430.00
2026-02-17T08:19:00.000Z,2026-02-17T10:12:00.000Z,SELL,0.03,2,1,30.00,2,33460.00
2026-02-17T10:12:00.000Z,2026-02-17T10:30:00.000Z,SELL,0.03,1,1,30.00,1,33490.00
2026-02-17T10:30:00.000Z,2026-02-17T12:54:00.000Z,SELL,0.03,3,1,30.00,3,33520.00
2026-02-17T12:54:00.000Z,2026-02-17T14:15:00.000Z,SELL,0.03,2,1,30.00,2,33550.00
2026-02-17T14:15:00.000Z,2026-02-17T15:02:00.000Z,SELL,0.03,1,1,30.00,1,33580.00
2026-02-17T15:02:00.000Z,2026-02-17T15:15:00.000Z,SELL,0.03,1,1,30.00,1,33610.00
2026-02-17T15:15:00.000Z,2026-02-17T15:32:00.000Z,SELL,0.03,1,1,30.00,1,33640.00
2026-02-17T15:32:00.000Z,2026-02-17T15:56:00.000Z,SELL,0.03,1,1,30.00,1,33670.00
2026-02-17T15:56:00.000Z,2026-02-17T15:57:00.000Z,SELL,0.03,1,1,30.00,1,33700.00
2026-02-17T15:57:00.000Z,2026-02-17T15:58:00.000Z,SELL,0.03,1,1,30.00,1,33730.00
2026-02-17T15:58:00.000Z,2026-02-17T16:00:00.000Z,SELL,0.03,1,1,30.00,1,33760.00
2026-02-17T16:00:00.000Z,2026-02-17T16:01:00.000Z,SELL,0.03,1,1,30.00,1,33790.00
2026-02-17T16:01:00.000Z,2026-02-17T16:01:00.000Z,SELL,0.03,1,1,30.00,1,33820.00
2026-02-17T16:01:00.000Z,2026-02-17T16:05:00.000Z,SELL,0.03,2,1,30.00,2,33850.00
2026-02-17T16:05:00.000Z,2026-02-17T16:31:00.000Z,SELL,0.03,2,1,30.00,2,33880.00
2026-02-17T16:31:00.000Z,2026-02-17T16:32:00.000Z,SELL,0.03,1,1,30.00,1,33910.00
2026-02-17T16:32:00.000Z,2026-02-17T16:38:00.000Z,SELL,0.03,1,1,30.00,1,33940.00
2026-02-17T16:38:00.000Z,2026-02-17T16:39:00.000Z,SELL,0.03,1,1,30.00,1,33970.00
2026-02-17T16:39:00.000Z,2026-02-17T16:49:00.000Z,SELL,0.03,1,1,30.00,1,34000.00
2026-02-17T16:49:00.000Z,2026-02-17T17:00:00.000Z,SELL,0.03,1,1,30.00,1,34030.00
2026-02-17T17:00:00.000Z,2026-02-17T18:02:00.000Z,SELL,0.03,4,1,30.00,4,34060.00
2026-02-17T18:02:00.000Z,2026-02-17T18:43:00.000Z,SELL,0.03,1,1,30.00,1,34090.00
2026-02-17T18:43:00.000Z,2026-02-17T19:00:00.000Z,SELL,0.03,1,1,30.00,1,34120.00
2026-02-17T19:00:00.000Z,2026-02-17T19:11:00.000Z,SELL,0.03,1,1,30.00,1,34150.00
2026-02-17T19:11:00.000Z,2026-02-17T20:24:00.000Z,SELL,0.03,2,1,30.00,2,34180.00
2026-02-17T20:24:00.000Z,2026-02-17T22:04:00.000Z,SELL,0.03,3,1,30.00,3,34210.00
2026-02-17T22:04:00.000Z,2026-02-18T01:01:00.000Z,SELL,0.03,1,1,30.00,1,34240.00
2026-02-18T01:01:00.000Z,2026-02-18T01:53:00.000Z,SELL,0.03,3,1,30.00,3,34270.00
2026-02-18T01:53:00.000Z,2026-02-18T03:02:00.000Z,SELL,0.03,2,1,30.00,2,34300.00
2026-02-18T03:02:00.000Z,2026-02-18T05:04:00.000Z,SELL,0.03,2,1,30.00,2,34330.00
2026-02-18T05:04:00.000Z,2026-02-18T14:59:00.000Z,SELL,0.03,4,1,30.00,4,34360.00
2026-02-18T14:59:00.000Z,2026-02-18T15:01:00.000Z,BUY,0.03,1,1,30.00,1,34390.00
2026-02-18T15:01:00.000Z,2026-02-18T15:36:00.000Z,BUY,0.03,1,1,30.00,1,34420.00
2026-02-18T15:36:00.000Z,2026-02-18T16:32:00.000Z,BUY,0.03,1,1,30.00,1,34450.00
2026-02-18T16:32:00.000Z,2026-02-18T16:38:00.000Z,BUY,0.03,1,1,30.00,1,34480.00
2026-02-18T16:38:00.000Z,2026-02-18T17:01:00.000Z,BUY,0.03,1,1,30.00,1,34510.00
2026-02-18T17:01:00.000Z,2026-02-18T17:03:00.000Z,BUY,0.03,1,1,30.00,1,34540.00
2026-02-18T17:03:00.000Z,2026-02-18T21:27:00.000Z,BUY,0.03,2,1,30.00,2,34570.00
2026-02-18T21:27:00.000Z,2026-02-18T22:43:00.000Z,BUY,0.03,1,1,30.00,1,34600.00
2026-02-18T22:43:00.000Z,2026-02-19T07:44:00.000Z,BUY,0.03,5,1,30.00,5,34630.00
2026-02-19T07:44:00.000Z,2026-02-19T08:33:00.000Z,BUY,0.03,1,1,30.00,1,34660.00
2026-02-19T08:33:00.000Z,2026-02-19T08:50:00.000Z,BUY,0.03,1,1,30.00,1,34690.00
2026-02-19T08:50:00.000Z,2026-02-19T12:09:00.000Z,BUY,0.03,2,1,30.00,2,34720.00
2026-02-19T12:09:00.000Z,2026-02-19T15:42:00.000Z,BUY,0.03,1,1,30.00,1,34750.00
2026-02-19T15:42:00.000Z,2026-02-19T16:34:00.000Z,BUY,0.03,2,1,30.00,2,34780.00
2026-02-19T16:34:00.000Z,2026-02-19T16:35:00.000Z,BUY,0.03,1,1,30.00,1,34810.00
2026-02-19T16:35:00.000Z,2026-02-19T16:43:00.000Z,BUY,0.03,1,1,30.00,1,34840.00
2026-02-19T16:43:00.000Z,2026-02-19T16:48:00.000Z,BUY,0.03,1,1,30.00,1,34870.00
2026-02-19T16:48:00.000Z,2026-02-19T16:56:00.000Z,BUY,0.03,1,1,30.00,1,34900.00
2026-02-19T16:56:00.000Z,2026-02-19T17:30:00.000Z,BUY,0.03,1,1,30.00,1,34930.00
2026-02-19T17:30:00.000Z,2026-02-19T19:37:00.000Z,BUY,0.03,2,1,30.00,2,34960.00
2026-02-19T19:37:00.000Z,2026-02-19T22:40:00.000Z,BUY,0.03,1,1,30.00,1,34990.00
2026-02-19T22:40:00.000Z,2026-02-20T03:00:00.000Z,BUY,0.03,1,1,30.00,1,35020.00
2026-02-20T03:00:00.000Z,2026-02-20T08:11:00.000Z,BUY,0.03,3,1,30.00,3,35050.00
2026-02-20T08:11:00.000Z,2026-02-20T08:25:00.000Z,BUY,0.03,1,1,30.00,1,35080.00
2026-02-20T08:25:00.000Z,2026-02-20T11:09:00.000Z,BUY,0.03,3,1,30.00,3,35110.00
2026-02-20T11:09:00.000Z,2026-02-20T14:30:00.000Z,BUY,0.03,2,1,30.00,2,35140.00
2026-02-20T14:30:00.000Z,2026-02-20T14:32:00.000Z,BUY,0.03,1,1,30.00,1,35170.00
2026-02-20T14:32:00.000Z,2026-02-20T15:17:00.000Z,BUY,0.03,1,1,30.00,1,35200.00
2026-02-20T15:17:00.000Z,2026-02-20T15:49:00.000Z,BUY,0.03,1,1,30.00,1,35230.00
2026-02-20T15:49:00.000Z,2026-02-20T16:32:00.000Z,BUY,0.03,1,1,30.00,1,35260.00
2026-02-20T16:32:00.000Z,2026-02-20T16:45:00.000Z,BUY,0.03,1,1,30.00,1,35290.00
2026-02-20T16:45:00.000Z,2026-02-20T17:03:00.000Z,BUY,0.03,2,1,30.00,2,35320.00
2026-02-20T17:03:00.000Z,2026-02-20T17:06:00.000Z,BUY,0.03,2,1,30.00,2,35350.00
2026-02-20T17:06:00.000Z,2026-02-20T17:08:00.000Z,BUY,0.03,1,1,30.00,1,35380.00
2026-02-20T17:08:00.000Z,2026-02-20T17:08:00.000Z,BUY,0.03,1,1,30.00,1,35410.00
2026-02-20T17:08:00.000Z,2026-02-20T17:09:00.000Z,BUY,0.03,1,1,30.00,1,35440.00
2026-02-20T17:09:00.000Z,2026-02-20T17:18:00.000Z,BUY,0.03,3,1,30.00,3,35470.00
2026-02-20T17:18:00.000Z,2026-02-20T17:47:00.000Z,BUY,0.03,3,1,30.00,3,35500.00
2026-02-20T17:47:00.000Z,2026-02-20T18:32:00.000Z,BUY,0.03,1,1,30.00,1,35530.00
2026-02-20T18:32:00.000Z,2026-02-20T19:07:00.000Z,BUY,0.03,1,1,30.00,1,35560.00
2026-02-20T19:07:00.000Z,2026-02-20T22:19:00.000Z,BUY,0.03,1,1,30.00,1,35590.00
2026-02-20T22:19:00.000Z,2026-02-20T22:57:00.000Z,BUY,0.03,1,1,30.00,1,35620.00
2026-02-20T22:57:00.000Z,2026-02-20T23:49:00.000Z,BUY,0.03,1,1,30.00,1,35650.00
2026-02-20T23:49:00.000Z,2026-02-23T01:02:00.000Z,BUY,0.03,1,1,30.00,1,35680.00
2026-02-23T01:02:00.000Z,2026-02-23T01:06:00.000Z,BUY,0.03,1,1,30.00,1,35710.00
2026-02-23T01:06:00.000Z,2026-02-23T01:08:00.000Z,BUY,0.03,1,1,30.00,1,35740.00
2026-02-23T01:08:00.000Z,2026-02-23T01:14:00.000Z,BUY,0.03,1,1,30.00,1,35770.00
2026-02-23T01:14:00.000Z,2026-02-23T01:40:00.000Z,BUY,0.03,1,1,30.00,1,35800.00
2026-02-23T01:40:00.000Z,2026-02-23T01:51:00.000Z,BUY,0.03,1,1,30.00,1,35830.00
2026-02-23T01:51:00.000Z,2026-02-23T02:12:00.000Z,BUY,0.03,2,1,30.00,2,35860.00
2026-02-23T02:12:00.000Z,2026-02-23T02:24:00.000Z,BUY,0.03,1,1,30.00,1,35890.00
2026-02-23T02:24:00.000Z,2026-02-23T02:30:00.000Z,BUY,0.03,1,1,30.00,1,35920.00
2026-02-23T02:30:00.000Z,2026-02-23T03:42:00.000Z,BUY,0.03,1,1,30.00,1,35950.00
2026-02-23T03:42:00.000Z,2026-02-23T04:41:00.000Z,BUY,0.03,1,1,30.00,1,35980.00
2026-02-23T04:41:00.000Z,2026-02-23T09:00:00.000Z,BUY,0.03,2,1,30.00,2,36010.00
2026-02-23T09:00:00.000Z,2026-02-23T12:24:00.000Z,BUY,0.03,3,1,30.00,3,36040.00
2026-02-23T12:24:00.000Z,2026-02-23T16:30:00.000Z,BUY,0.03,1,1,30.00,1,36070.00
2026-02-23T16:30:00.000Z,2026-02-23T16:36:00.000Z,BUY,0.03,1,1,30.00,1,36100.00
2026-02-23T16:36:00.000Z,2026-02-23T16:43:00.000Z,BUY,0.03,1,1,30.00,1,36130.00
2026-02-23T16:43:00.000Z,2026-02-23T16:45:00.000Z,BUY,0.03,1,1,30.00,1,36160.00
2026-02-23T16:45:00.000Z,2026-02-23T18:16:00.000Z,BUY,0.03,3,1,30.00,3,36190.00
2026-02-23T18:16:00.000Z,2026-02-23T18:19:00.000Z,BUY,0.03,1,1,30.00,1,36220.00
2026-02-23T18:19:00.000Z,2026-02-23T22:30:00.000Z,BUY,0.03,3,1,30.00,3,36250.00
2026-02-23T22:30:00.000Z,2026-02-23T22:58:00.000Z,BUY,0.03,1,1,30.00,1,36280.00
2026-02-23T22:58:00.000Z,2026-02-24T01:04:00.000Z,BUY,0.03,1,1,30.00,1,36310.00
2026-02-24T01:04:00.000Z,2026-02-24T03:00:00.000Z,BUY,0.03,2,1,30.00,2,36340.00
2026-02-24T03:00:00.000Z,2026-02-24T03:13:00.000Z,BUY,0.03,2,1,30.00,2,36370.00
2026-02-24T03:13:00.000Z,2026-02-24T03:15:00.000Z,BUY,0.03,2,1,30.00,2,36400.00
2026-02-24T03:15:00.000Z,2026-02-24T03:19:00.000Z,BUY,0.03,1,1,30.00,1,36430.00
2026-02-24T03:19:00.000Z,2026-02-24T03:45:00.000Z,BUY,0.03,1,1,30.00,1,36460.00
2026-02-24T03:45:00.000Z,2026-02-24T04:50:00.000Z,BUY,0.03,1,1,30.00,1,36490.00
2026-02-24T04:50:00.000Z,2026-02-24T08:35:00.000Z,BUY,0.03,2,1,30.00,2,36520.00
2026-02-24T08:35:00.000Z,2026-02-24T08:39:00.000Z,BUY,0.03,1,1,30.00,1,36550.00
2026-02-24T08:39:00.000Z,2026-02-24T09:19:00.000Z,BUY,0.03,1,1,30.00,1,36580.00
2026-02-24T09:19:00.000Z,2026-02-24T14:19:00.000Z,BUY,0.03,2,1,30.00,2,36610.00
2026-02-24T14:19:00.000Z,2026-02-24T15:39:00.000Z,SELL,0.03,1,1,30.00,1,36640.00
2026-02-24T15:39:00.000Z,2026-02-24T15:49:00.000Z,SELL,0.03,1,1,30.00,1,36670.00
2026-02-24T15:49:00.000Z,2026-02-24T15:59:00.000Z,SELL,0.03,1,1,30.00,1,36700.00
2026-02-24T15:59:00.000Z,2026-02-24T16:13:00.000Z,SELL,0.03,1,1,30.00,1,36730.00
2026-02-24T16:13:00.000Z,2026-02-24T16:13:00.000Z,SELL,0.03,1,1,30.00,1,36760.00
2026-02-24T16:13:00.000Z,2026-02-24T16:36:00.000Z,SELL,0.03,2,1,30.00,2,36790.00
2026-02-24T16:36:00.000Z,2026-02-24T19:12:00.000Z,SELL,0.03,2,1,30.00,2,36820.00
2026-02-24T19:12:00.000Z,2026-02-24T21:22:00.000Z,SELL,0.03,1,1,30.00,1,36850.00
2026-02-24T21:22:00.000Z,2026-02-25T01:01:00.000Z,SELL,0.03,3,1,30.00,3,36880.00
2026-02-25T01:01:00.000Z,2026-02-25T01:01:00.000Z,SELL,0.03,1,1,30.00,1,36910.00
2026-02-25T01:01:00.000Z,2026-02-25T03:03:00.000Z,SELL,0.03,2,1,30.00,2,36940.00
2026-02-25T03:03:00.000Z,2026-02-25T03:22:00.000Z,SELL,0.03,2,1,30.00,2,36970.00
2026-02-25T03:22:00.000Z,2026-02-25T03:57:00.000Z,SELL,0.03,1,1,30.00,1,37000.00
2026-02-25T03:57:00.000Z,2026-02-25T07:49:00.000Z,SELL,0.03,2,1,30.00,2,37030.00
2026-02-25T07:49:00.000Z,2026-02-25T12:20:00.000Z,BUY,0.03,2,1,30.00,2,37060.00
2026-02-25T12:20:00.000Z,2026-02-25T14:23:00.000Z,BUY,0.03,3,1,30.00,3,37090.00
2026-02-25T14:23:00.000Z,2026-02-25T17:02:00.000Z,BUY,0.03,3,1,30.00,3,37120.00
2026-02-25T17:02:00.000Z,2026-02-25T18:43:00.000Z,BUY,0.03,3,1,30.00,3,37150.00
2026-02-25T18:43:00.000Z,2026-02-25T19:11:00.000Z,BUY,0.03,1,1,30.00,1,37180.00
2026-02-25T19:11:00.000Z,2026-02-25T22:16:00.000Z,BUY,0.03,2,1,30.00,2,37210.00
2026-02-25T22:16:00.000Z,2026-02-25T22:58:00.000Z,BUY,0.03,2,1,30.00,2,37240.00
2026-02-25T22:58:00.000Z,2026-02-25T23:16:00.000Z,BUY,0.03,1,1,30.00,1,37270.00
2026-02-25T23:16:00.000Z,2026-02-26T01:03:00.000Z,BUY,0.03,1,1,30.00,1,37300.00
2026-02-26T01:03:00.000Z,2026-02-26T02:30:00.000Z,BUY,0.03,3,1,30.00,3,37330.00
2026-02-26T02:30:00.000Z,2026-02-26T04:35:00.000Z,SELL,0.03,1,1,30.00,1,37360.00
2026-02-26T04:35:00.000Z,2026-02-26T05:14:00.000Z,BUY,0.03,1,1,30.00,1,37390.00
2026-02-26T05:14:00.000Z,2026-02-26T06:12:00.000Z,BUY,0.03,1,1,30.00,1,37420.00
2026-02-26T06:12:00.000Z,2026-02-26T10:47:00.000Z,BUY,0.03,2,1,30.00,2,37450.00
2026-02-26T10:47:00.000Z,2026-02-26T10:49:00.000Z,BUY,0.03,1,1,30.00,1,37480.00
2026-02-26T10:49:00.000Z,2026-02-26T11:56:00.000Z,BUY,0.03,1,1,30.00,1,37510.00
2026-02-26T11:56:00.000Z,2026-02-26T14:02:00.000Z,BUY,0.03,2,1,30.00,2,37540.00
2026-02-26T14:02:00.000Z,2026-02-26T16:30:00.000Z,SELL,0.03,3,1,30.00,3,37570.00
2026-02-26T16:30:00.000Z,2026-02-26T17:27:00.000Z,SELL,0.03,3,1,30.00,3,37600.00
2026-02-26T17:27:00.000Z,2026-02-26T17:39:00.000Z,SELL,0.03,2,1,30.00,2,37630.00
2026-02-26T17:39:00.000Z,2026-02-27T04:05:00.000Z,SELL,0.03,4,1,30.00,4,37660.00
2026-02-27T04:05:00.000Z,2026-02-27T15:07:00.000Z,BUY,0.03,5,1,30.00,5,37690.00
2026-02-27T15:07:00.000Z,2026-02-27T15:15:00.000Z,BUY,0.03,1,1,30.00,1,37720.00
2026-02-27T15:15:00.000Z,2026-02-27T15:22:00.000Z,BUY,0.03,1,1,30.00,1,37750.00
2026-02-27T15:22:00.000Z,2026-02-27T15:26:00.000Z,BUY,0.03,1,1,30.00,1,37780.00
2026-02-27T15:26:00.000Z,2026-02-27T15:41:00.000Z,BUY,0.03,2,1,30.00,2,37810.00
2026-02-27T15:41:00.000Z,2026-02-27T15:47:00.000Z,BUY,0.03,1,1,30.00,1,37840.00
2026-02-27T15:47:00.000Z,2026-02-27T16:02:00.000Z,BUY,0.03,1,1,30.00,1,37870.00
2026-02-27T16:02:00.000Z,2026-02-27T17:13:00.000Z,BUY,0.03,1,1,30.00,1,37900.00
2026-02-27T17:13:00.000Z,2026-02-27T18:11:00.000Z,BUY,0.03,3,1,30.00,3,37930.00
2026-02-27T18:11:00.000Z,2026-02-27T22:23:00.000Z,BUY,0.03,3,1,30.00,3,37960.00
2026-02-27T22:23:00.000Z,2026-02-27T23:39:00.000Z,BUY,0.03,1,1,30.00,1,37990.00
2026-02-27T23:39:00.000Z,2026-03-02T01:00:00.000Z,BUY,0.03,1,1,30.00,1,38020.00
2026-03-02T01:00:00.000Z,2026-03-02T01:00:00.000Z,BUY,0.03,1,1,30.00,1,38050.00
2026-03-02T01:00:00.000Z,2026-03-02T01:00:00.000Z,BUY,0.03,1,1,30.00,1,38080.00
2026-03-02T01:00:00.000Z,2026-03-02T01:00:00.000Z,BUY,0.03,1,1,30.00,1,38110.00
2026-03-02T01:00:00.000Z,2026-03-02T01:00:00.000Z,BUY,0.03,1,1,30.00,1,38140.00
2026-03-02T01:00:00.000Z,2026-03-02T01:00:00.000Z,BUY,0.03,1,1,30.00,1,38170.00
2026-03-02T01:00:00.000Z,2026-03-02T01:00:00.000Z,BUY,0.03,1,1,30.00,1,38200.00
2026-03-02T01:00:00.000Z,2026-03-02T01:00:00.000Z,BUY,0.03,1,1,30.00,1,38230.00
2026-03-02T01:00:00.000Z,2026-03-02T01:00:00.000Z,BUY,0.03,1,1,30.00,1,38260.00
2026-03-02T01:00:00.000Z,2026-03-02T01:00:00.000Z,BUY,0.03,2,1,30.00,2,38290.00
2026-03-02T01:00:00.000Z,2026-03-02T01:01:00.000Z,BUY,0.03,2,1,30.00,2,38320.00
2026-03-02T01:01:00.000Z,2026-03-02T01:01:00.000Z,BUY,0.03,1,1,30.00,1,38350.00
2026-03-02T01:01:00.000Z,2026-03-02T01:01:00.000Z,BUY,0.03,1,1,30.00,1,38380.00
2026-03-02T01:01:00.000Z,2026-03-02T01:02:00.000Z,BUY,0.03,1,1,30.00,1,38410.00
2026-03-02T01:02:00.000Z,2026-03-02T01:03:00.000Z,BUY,0.03,1,1,30.00,1,38440.00
2026-03-02T01:03:00.000Z,2026-03-02T01:03:00.000Z,BUY,0.03,1,1,30.00,1,38470.00
2026-03-02T01:03:00.000Z,2026-03-02T01:04:00.000Z,BUY,0.03,1,1,30.00,1,38500.00
2026-03-02T01:04:00.000Z,2026-03-02T01:05:00.000Z,BUY,0.03,1,1,30.00,1,38530.00
2026-03-02T01:05:00.000Z,2026-03-02T01:06:00.000Z,BUY,0.03,2,1,30.00,2,38560.00
2026-03-02T01:06:00.000Z,2026-03-02T01:09:00.000Z,BUY,0.03,1,1,30.00,1,38590.00
2026-03-02T01:09:00.000Z,2026-03-02T01:31:00.000Z,BUY,0.03,1,1,30.00,1,38620.00
2026-03-02T01:31:00.000Z,2026-03-02T01:38:00.000Z,BUY,0.03,1,1,30.00,1,38650.00
2026-03-02T01:38:00.000Z,2026-03-02T01:41:00.000Z,BUY,0.03,1,1,30.00,1,38680.00
2026-03-02T01:41:00.000Z,2026-03-02T02:20:00.000Z,BUY,0.03,2,1,30.00,2,38710.00
2026-03-02T02:20:00.000Z,2026-03-02T02:25:00.000Z,BUY,0.03,1,1,30.00,1,38740.00
2026-03-02T02:25:00.000Z,2026-03-02T03:00:00.000Z,BUY,0.03,2,1,30.00,2,38770.00
2026-03-02T03:00:00.000Z,2026-03-02T03:17:00.000Z,BUY,0.03,3,1,30.00,3,38800.00
2026-03-02T03:17:00.000Z,2026-03-02T03:29:00.000Z,BUY,0.03,2,1,30.00,2,38830.00
2026-03-02T03:29:00.000Z,2026-03-02T03:33:00.000Z,BUY,0.03,1,1,30.00,1,38860.00
2026-03-02T03:33:00.000Z,2026-03-02T03:42:00.000Z,BUY,0.03,1,1,30.00,1,38890.00
2026-03-02T03:42:00.000Z,2026-03-02T04:43:00.000Z,BUY,0.03,3,1,30.00,3,38920.00
2026-03-02T04:43:00.000Z,2026-03-02T05:12:00.000Z,BUY,0.03,1,1,30.00,1,38950.00
2026-03-02T05:12:00.000Z,2026-03-02T08:05:00.000Z,BUY,0.03,1,1,30.00,1,38980.00
2026-03-02T08:05:00.000Z,2026-03-02T08:08:00.000Z,BUY,0.03,1,1,30.00,1,39010.00
2026-03-02T08:08:00.000Z,2026-03-02T08:55:00.000Z,BUY,0.03,1,1,30.00,1,39040.00
2026-03-02T08:55:00.000Z,2026-03-02T09:07:00.000Z,BUY,0.03,1,1,30.00,1,39070.00
2026-03-02T09:07:00.000Z,2026-03-02T09:15:00.000Z,BUY,0.03,1,1,30.00,1,39100.00
2026-03-02T09:15:00.000Z,2026-03-02T09:18:00.000Z,BUY,0.03,1,1,30.00,1,39130.00
2026-03-02T09:18:00.000Z,2026-03-02T11:20:00.000Z,BUY,0.03,2,1,30.00,2,39160.00
2026-03-02T11:20:00.000Z,2026-03-02T11:31:00.000Z,BUY,0.03,1,1,30.00,1,39190.00
2026-03-02T11:31:00.000Z,2026-03-02T15:06:00.000Z,BUY,0.03,3,1,30.00,3,39220.00
2026-03-02T15:06:00.000Z,2026-03-02T16:04:00.000Z,BUY,0.03,4,1,30.00,4,39250.00
2026-03-02T16:04:00.000Z,2026-03-02T16:22:00.000Z,BUY,0.03,2,1,30.00,2,39280.00
2026-03-02T16:22:00.000Z,2026-03-02T16:26:00.000Z,BUY,0.03,2,1,30.00,2,39310.00
2026-03-02T16:26:00.000Z,2026-03-02T16:28:00.000Z,BUY,0.03,1,1,30.00,1,39340.00
2026-03-02T16:28:00.000Z,2026-03-02T16:30:00.000Z,BUY,0.03,1,1,30.00,1,39370.00
2026-03-02T16:30:00.000Z,2026-03-02T16:33:00.000Z,BUY,0.03,2,1,30.00,2,39400.00
2026-03-02T16:33:00.000Z,2026-03-02T16:34:00.000Z,BUY,0.03,1,1,30.00,1,39430.00
2026-03-02T16:34:00.000Z,2026-03-02T16:35:00.000Z,BUY,0.03,1,1,30.00,1,39460.00
2026-03-02T16:35:00.000Z,2026-03-02T16:37:00.000Z,BUY,0.03,1,1,30.00,1,39490.00
2026-03-02T16:37:00.000Z,2026-03-02T16:39:00.000Z,BUY,0.03,1,1,30.00,1,39520.00
2026-03-02T16:39:00.000Z,2026-03-02T17:01:00.000Z,BUY,0.03,2,1,30.00,2,39550.00
2026-03-02T17:01:00.000Z,2026-03-02T17:02:00.000Z,BUY,0.03,1,1,30.00,1,39580.00
2026-03-02T17:02:00.000Z,2026-03-02T17:07:00.000Z,BUY,0.03,1,1,30.00,1,39610.00
2026-03-02T17:07:00.000Z,2026-03-02T17:58:00.000Z,BUY,0.03,4,1,30.00,4,39640.00
2026-03-02T17:58:00.000Z,2026-03-02T18:01:00.000Z,BUY,0.03,2,1,30.00,2,39670.00
2026-03-02T18:01:00.000Z,2026-03-02T18:06:00.000Z,BUY,0.03,3,1,30.00,3,39700.00
2026-03-02T18:06:00.000Z,2026-03-02T18:13:00.000Z,BUY,0.03,1,1,30.00,1,39730.00
2026-03-02T18:13:00.000Z,2026-03-02T18:26:00.000Z,BUY,0.03,1,1,30.00,1,39760.00
2026-03-02T18:26:00.000Z,2026-03-02T20:09:00.000Z,BUY,0.03,5,0,-7260.00,5,32500.00
2026-03-02T20:09:00.000Z,2026-03-02T20:16:00.000Z,BUY,0.03,1,1,30.00,1,32530.00
2026-03-02T20:16:00.000Z,2026-03-02T20:48:00.000Z,BUY,0.03,1,1,30.00,1,32560.00
2026-03-02T20:48:00.000Z,2026-03-02T21:04:00.000Z,BUY,0.03,1,1,30.00,1,32590.00
2026-03-02T21:04:00.000Z,2026-03-02T21:12:00.000Z,BUY,0.03,1,1,30.00,1,32620.00
2026-03-02T21:12:00.000Z,2026-03-02T22:08:00.000Z,BUY,0.03,1,1,30.00,1,32650.00
2026-03-02T22:08:00.000Z,2026-03-03T02:17:00.000Z,BUY,0.03,3,1,30.00,3,32680.00
2026-03-03T02:17:00.000Z,2026-03-03T03:05:00.000Z,BUY,0.03,1,1,30.00,1,32710.00
2026-03-03T03:05:00.000Z,2026-03-03T03:20:00.000Z,BUY,0.03,1,1,30.00,1,32740.00
2026-03-03T03:20:00.000Z,2026-03-03T03:56:00.000Z,BUY,0.03,2,1,30.00,2,32770.00
2026-03-03T03:56:00.000Z,2026-03-03T04:08:00.000Z,BUY,0.03,1,1,30.00,1,32800.00
2026-03-03T04:08:00.000Z,2026-03-03T04:31:00.000Z,BUY,0.03,1,1,30.00,1,32830.00
2026-03-03T04:31:00.000Z,2026-03-03T06:27:00.000Z,BUY,0.03,1,1,30.00,1,32860.00
2026-03-03T06:27:00.000Z,2026-03-03T07:33:00.000Z,BUY,0.03,2,1,30.00,2,32890.00
2026-03-03T07:33:00.000Z,2026-03-03T07:54:00.000Z,BUY,0.03,2,1,30.00,2,32920.00
2026-03-03T07:54:00.000Z,2026-03-03T08:14:00.000Z,BUY,0.03,2,1,30.00,2,32950.00
2026-03-03T08:14:00.000Z,2026-03-03T08:15:00.000Z,BUY,0.03,1,1,30.00,1,32980.00
2026-03-03T08:15:00.000Z,2026-03-03T08:18:00.000Z,BUY,0.03,1,1,30.00,1,33010.00
2026-03-03T08:18:00.000Z,2026-03-03T08:23:00.000Z,BUY,0.03,1,1,30.00,1,33040.00
2026-03-03T08:23:00.000Z,2026-03-03T09:39:00.000Z,BUY,0.03,3,1,30.00,3,33070.00
2026-03-03T09:39:00.000Z,2026-03-03T10:05:00.000Z,BUY,0.03,1,1,30.00,1,33100.00
2026-03-03T10:05:00.000Z,2026-03-03T10:07:00.000Z,SELL,0.03,1,1,30.00,1,33130.00
2026-03-03T10:07:00.000Z,2026-03-03T10:23:00.000Z,SELL,0.03,1,1,30.00,1,33160.00
2026-03-03T10:23:00.000Z,2026-03-03T10:34:00.000Z,SELL,0.03,1,1,30.00,1,33190.00
2026-03-03T10:34:00.000Z,2026-03-03T10:55:00.000Z,SELL,0.03,1,1,30.00,1,33220.00
2026-03-03T10:55:00.000Z,2026-03-03T11:05:00.000Z,SELL,0.03,1,1,30.00,1,33250.00
2026-03-03T11:05:00.000Z,2026-03-03T11:25:00.000Z,SELL,0.03,1,1,30.00,1,33280.00
2026-03-03T11:25:00.000Z,2026-03-03T11:25:00.000Z,SELL,0.03,1,1,30.00,1,33310.00
2026-03-03T11:25:00.000Z,2026-03-03T11:25:00.000Z,SELL,0.03,1,1,30.00,1,33340.00
2026-03-03T11:25:00.000Z,2026-03-03T11:26:00.000Z,SELL,0.03,1,1,30.00,1,33370.00
2026-03-03T11:26:00.000Z,2026-03-03T11:27:00.000Z,SELL,0.03,1,1,30.00,1,33400.00
2026-03-03T11:27:00.000Z,2026-03-03T11:32:00.000Z,SELL,0.03,2,1,30.00,2,33430.00
2026-03-03T11:32:00.000Z,2026-03-03T12:38:00.000Z,SELL,0.03,3,1,30.00,3,33460.00
2026-03-03T12:38:00.000Z,2026-03-03T12:53:00.000Z,SELL,0.03,1,1,30.00,1,33490.00
2026-03-03T12:53:00.000Z,2026-03-03T13:07:00.000Z,SELL,0.03,3,1,30.00,3,33520.00
2026-03-03T13:07:00.000Z,2026-03-03T13:07:00.000Z,SELL,0.03,1,1,30.00,1,33550.00
2026-03-03T13:07:00.000Z,2026-03-03T13:07:00.000Z,SELL,0.03,1,1,30.00,1,33580.00
2026-03-03T13:07:00.000Z,2026-03-03T13:07:00.000Z,SELL,0.03,1,1,30.00,1,33610.00
2026-03-03T13:07:00.000Z,2026-03-03T13:08:00.000Z,SELL,0.03,1,1,30.00,1,33640.00
2026-03-03T13:08:00.000Z,2026-03-03T13:09:00.000Z,SELL,0.03,1,1,30.00,1,33670.00
2026-03-03T13:09:00.000Z,2026-03-03T13:09:00.000Z,SELL,0.03,1,1,30.00,1,33700.00
2026-03-03T13:09:00.000Z,2026-03-03T13:09:00.000Z,SELL,0.03,1,1,30.00,1,33730.00
2026-03-03T13:09:00.000Z,2026-03-03T13:10:00.000Z,SELL,0.03,2,1,30.00,2,33760.00
2026-03-03T13:10:00.000Z,2026-03-03T13:17:00.000Z,SELL,0.03,1,1,30.00,1,33790.00
2026-03-03T13:17:00.000Z,2026-03-03T13:27:00.000Z,SELL,0.03,3,1,30.00,3,33820.00
2026-03-03T13:27:00.000Z,2026-03-03T13:28:00.000Z,SELL,0.03,1,1,30.00,1,33850.00
2026-03-03T13:28:00.000Z,2026-03-03T13:29:00.000Z,SELL,0.03,1,1,30.00,1,33880.00
2026-03-03T13:29:00.000Z,2026-03-03T13:29:00.000Z,SELL,0.03,1,1,30.00,1,33910.00
2026-03-03T13:29:00.000Z,2026-03-03T13:29:00.000Z,SELL,0.03,1,1,30.00,1,33940.00
2026-03-03T13:29:00.000Z,2026-03-03T13:29:00.000Z,SELL,0.03,1,1,30.00,1,33970.00
2026-03-03T13:29:00.000Z,2026-03-03T13:31:00.000Z,SELL,0.03,3,1,30.00,3,34000.00
2026-03-03T13:31:00.000Z,2026-03-03T13:31:00.000Z,SELL,0.03,1,1,30.00,1,34030.00
2026-03-03T13:31:00.000Z,2026-03-03T13:31:00.000Z,SELL,0.03,1,1,30.00,1,34060.00
2026-03-03T13:31:00.000Z,2026-03-03T13:31:00.000Z,SELL,0.03,1,1,30.00,1,34090.00
2026-03-03T13:31:00.000Z,2026-03-03T13:34:00.000Z,SELL,0.03,4,1,30.00,4,34120.00
2026-03-03T13:34:00.000Z,2026-03-03T13:38:00.000Z,SELL,0.03,2,1,30.00,2,34150.00
2026-03-03T13:38:00.000Z,2026-03-03T13:38:00.000Z,SELL,0.03,1,1,30.00,1,34180.00
2026-03-03T13:38:00.000Z,2026-03-03T13:41:00.000Z,SELL,0.03,1,1,30.00,1,34210.00
2026-03-03T13:41:00.000Z,2026-03-03T13:41:00.000Z,SELL,0.03,1,1,30.00,1,34240.00
2026-03-03T13:41:00.000Z,2026-03-03T13:45:00.000Z,SELL,0.03,2,1,30.00,2,34270.00
2026-03-03T13:45:00.000Z,2026-03-03T14:06:00.000Z,SELL,0.03,2,1,30.00,2,34300.00
2026-03-03T14:06:00.000Z,2026-03-03T14:24:00.000Z,SELL,0.03,2,1,30.00,2,34330.00
2026-03-03T14:24:00.000Z,2026-03-03T15:01:00.000Z,SELL,0.03,3,1,30.00,3,34360.00
2026-03-03T15:01:00.000Z,2026-03-03T15:04:00.000Z,SELL,0.03,1,1,30.00,1,34390.00
2026-03-03T15:04:00.000Z,2026-03-03T15:07:00.000Z,SELL,0.03,1,1,30.00,1,34420.00
2026-03-03T15:07:00.000Z,2026-03-03T15:07:00.000Z,SELL,0.03,1,1,30.00,1,34450.00
2026-03-03T15:07:00.000Z,2026-03-03T15:45:00.000Z,SELL,0.03,5,1,30.00,5,34480.00
2026-03-03T15:45:00.000Z,2026-03-03T15:46:00.000Z,SELL,0.03,1,1,30.00,1,34510.00
2026-03-03T15:46:00.000Z,2026-03-03T16:01:00.000Z,SELL,0.03,2,1,30.00,2,34540.00
2026-03-03T16:01:00.000Z,2026-03-03T16:02:00.000Z,SELL,0.03,1,1,30.00,1,34570.00
2026-03-03T16:02:00.000Z,2026-03-03T16:18:00.000Z,SELL,0.03,1,1,30.00,1,34600.00
2026-03-03T16:18:00.000Z,2026-03-03T16:21:00.000Z,SELL,0.03,1,1,30.00,1,34630.00
2026-03-03T16:21:00.000Z,2026-03-03T16:24:00.000Z,SELL,0.03,1,1,30.00,1,34660.00
2026-03-03T16:24:00.000Z,2026-03-03T16:31:00.000Z,SELL,0.03,3,1,30.00,3,34690.00
2026-03-03T16:31:00.000Z,2026-03-03T16:36:00.000Z,SELL,0.03,1,1,30.00,1,34720.00
2026-03-03T16:36:00.000Z,2026-03-03T16:41:00.000Z,SELL,0.03,3,1,30.00,3,34750.00
2026-03-03T16:41:00.000Z,2026-03-03T16:41:00.000Z,SELL,0.03,1,1,30.00,1,34780.00
2026-03-03T16:41:00.000Z,2026-03-03T16:44:00.000Z,SELL,0.03,1,1,30.00,1,34810.00
2026-03-03T16:44:00.000Z,2026-03-03T16:44:00.000Z,SELL,0.03,1,1,30.00,1,34840.00
2026-03-03T16:44:00.000Z,2026-03-03T16:45:00.000Z,SELL,0.03,1,1,30.00,1,34870.00
2026-03-03T16:45:00.000Z,2026-03-03T16:50:00.000Z,SELL,0.03,3,1,30.00,3,34900.00
2026-03-03T16:50:00.000Z,2026-03-03T16:50:00.000Z,SELL,0.03,1,1,30.00,1,34930.00
2026-03-03T16:50:00.000Z,2026-03-03T16:51:00.000Z,SELL,0.03,1,1,30.00,1,34960.00
2026-03-03T16:51:00.000Z,2026-03-03T16:55:00.000Z,SELL,0.03,2,1,30.00,2,34990.00
2026-03-03T16:55:00.000Z,2026-03-03T16:59:00.000Z,SELL,0.03,1,1,30.00,1,35020.00
2026-03-03T16:59:00.000Z,2026-03-03T17:04:00.000Z,SELL,0.03,3,1,30.00,3,35050.00
2026-03-03T17:04:00.000Z,2026-03-03T17:07:00.000Z,SELL,0.03,2,1,30.00,2,35080.00
2026-03-03T17:07:00.000Z,2026-03-03T17:07:00.000Z,SELL,0.03,1,1,30.00,1,35110.00
2026-03-03T17:07:00.000Z,2026-03-03T17:10:00.000Z,SELL,0.03,1,1,30.00,1,35140.00
2026-03-03T17:10:00.000Z,2026-03-03T17:13:00.000Z,SELL,0.03,1,1,30.00,1,35170.00
2026-03-03T17:13:00.000Z,2026-03-03T17:16:00.000Z,SELL,0.03,1,1,30.00,1,35200.00
2026-03-03T17:16:00.000Z,2026-03-03T17:16:00.000Z,SELL,0.03,1,1,30.00,1,35230.00
2026-03-03T17:16:00.000Z,2026-03-03T17:17:00.000Z,SELL,0.03,1,1,30.00,1,35260.00
2026-03-03T17:17:00.000Z,2026-03-03T17:20:00.000Z,SELL,0.03,2,1,30.00,2,35290.00
2026-03-03T17:20:00.000Z,2026-03-03T17:31:00.000Z,SELL,0.03,2,1,30.00,2,35320.00
2026-03-03T17:31:00.000Z,2026-03-03T17:57:00.000Z,SELL,0.03,2,1,30.00,2,35350.00
2026-03-03T17:57:00.000Z,2026-03-03T18:07:00.000Z,SELL,0.03,2,1,30.00,2,35380.00
2026-03-03T18:07:00.000Z,2026-03-03T18:09:00.000Z,SELL,0.03,1,1,30.00,1,35410.00
2026-03-03T18:09:00.000Z,2026-03-03T18:17:00.000Z,SELL,0.03,1,1,30.00,1,35440.00
2026-03-03T18:17:00.000Z,2026-03-03T18:37:00.000Z,SELL,0.03,2,1,30.00,2,35470.00
2026-03-03T18:37:00.000Z,2026-03-03T18:39:00.000Z,SELL,0.03,1,1,30.00,1,35500.00
2026-03-03T18:39:00.000Z,2026-03-03T18:44:00.000Z,SELL,0.03,1,1,30.00,1,35530.00
2026-03-03T18:44:00.000Z,2026-03-03T18:55:00.000Z,SELL,0.03,1,1,30.00,1,35560.00
2026-03-03T18:55:00.000Z,2026-03-03T19:02:00.000Z,SELL,0.03,1,1,30.00,1,35590.00
2026-03-03T19:02:00.000Z,2026-03-03T19:30:00.000Z,SELL,0.03,3,1,30.00,3,35620.00
2026-03-03T19:30:00.000Z,2026-03-03T19:35:00.000Z,SELL,0.03,1,1,30.00,1,35650.00
2026-03-03T19:35:00.000Z,2026-03-03T20:09:00.000Z,SELL,0.03,2,1,30.00,2,35680.00
2026-03-03T20:09:00.000Z,2026-03-03T20:39:00.000Z,SELL,0.03,2,1,30.00,2,35710.00
2026-03-03T20:39:00.000Z,2026-03-03T21:11:00.000Z,SELL,0.03,3,1,30.00,3,35740.00
2026-03-03T21:11:00.000Z,2026-03-03T21:16:00.000Z,SELL,0.03,1,1,30.00,1,35770.00
2026-03-03T21:16:00.000Z,2026-03-03T22:51:00.000Z,SELL,0.03,5,1,30.00,5,35800.00
2026-03-03T22:51:00.000Z,2026-03-03T22:52:00.000Z,SELL,0.03,1,1,30.00,1,35830.00
2026-03-03T22:52:00.000Z,2026-03-04T01:03:00.000Z,SELL,0.03,5,0,-7260.00,5,28570.00
2026-03-04T01:03:00.000Z,2026-03-04T02:46:00.000Z,SELL,0.02,4,1,20.00,4,28590.00
2026-03-04T02:46:00.000Z,2026-03-04T03:48:00.000Z,SELL,0.02,2,1,20.00,2,28610.00
2026-03-04T03:48:00.000Z,2026-03-04T04:59:00.000Z,SELL,0.02,3,1,20.00,3,28630.00
2026-03-04T04:59:00.000Z,2026-03-04T05:03:00.000Z,SELL,0.02,1,1,20.00,1,28650.00
2026-03-04T05:03:00.000Z,2026-03-04T05:57:00.000Z,SELL,0.02,2,1,20.00,2,28670.00
2026-03-04T05:57:00.000Z,2026-03-04T06:19:00.000Z,SELL,0.02,1,1,20.00,1,28690.00
2026-03-04T06:19:00.000Z,2026-03-04T06:42:00.000Z,SELL,0.02,1,1,20.00,1,28710.00
2026-03-04T06:42:00.000Z,2026-03-04T08:01:00.000Z,SELL,0.02,1,1,20.00,1,28730.00
2026-03-04T08:01:00.000Z,2026-03-04T08:06:00.000Z,SELL,0.02,1,1,20.00,1,28750.00
2026-03-04T08:06:00.000Z,2026-03-04T08:06:00.000Z,SELL,0.02,1,1,20.00,1,28770.00
2026-03-04T08:06:00.000Z,2026-03-04T08:38:00.000Z,SELL,0.02,2,1,20.00,2,28790.00
2026-03-04T08:38:00.000Z,2026-03-04T12:04:00.000Z,SELL,0.02,4,1,20.00,4,28810.00
2026-03-04T12:04:00.000Z,2026-03-04T14:27:00.000Z,SELL,0.02,3,1,20.00,3,28830.00
2026-03-04T14:27:00.000Z,2026-03-04T14:39:00.000Z,SELL,0.02,1,1,20.00,1,28850.00
2026-03-04T14:39:00.000Z,2026-03-04T15:13:00.000Z,SELL,0.02,2,1,20.00,2,28870.00
2026-03-04T15:13:00.000Z,2026-03-04T15:20:00.000Z,SELL,0.02,1,1,20.00,1,28890.00
2026-03-04T15:20:00.000Z,2026-03-04T15:56:00.000Z,SELL,0.02,1,1,20.00,1,28910.00
2026-03-04T15:56:00.000Z,2026-03-04T16:13:00.000Z,SELL,0.02,1,1,20.00,1,28930.00
2026-03-04T16:13:00.000Z,2026-03-04T16:48:00.000Z,SELL,0.02,3,1,20.00,3,28950.00
2026-03-04T16:48:00.000Z,2026-03-04T16:48:00.000Z,SELL,0.02,1,1,20.00,1,28970.00
2026-03-04T16:48:00.000Z,2026-03-04T17:14:00.000Z,SELL,0.02,1,1,20.00,1,28990.00
2026-03-04T17:14:00.000Z,2026-03-04T17:35:00.000Z,SELL,0.02,2,1,20.00,2,29010.00
2026-03-04T17:35:00.000Z,2026-03-04T17:39:00.000Z,SELL,0.02,1,1,20.00,1,29030.00
2026-03-04T17:39:00.000Z,2026-03-04T17:43:00.000Z,SELL,0.02,1,1,20.00,1,29050.00
2026-03-04T17:43:00.000Z,2026-03-04T19:23:00.000Z,SELL,0.02,1,1,20.00,1,29070.00
2026-03-04T19:23:00.000Z,2026-03-04T19:23:00.000Z,SELL,0.02,1,1,20.00,1,29090.00
2026-03-04T19:23:00.000Z,2026-03-04T20:20:00.000Z,SELL,0.02,3,1,20.00,3,29110.00
2026-03-04T20:20:00.000Z,2026-03-04T22:41:00.000Z,SELL,0.02,2,1,20.00,2,29130.00
2026-03-04T22:41:00.000Z,2026-03-04T23:33:00.000Z,SELL,0.02,1,1,20.00,1,29150.00
2026-03-04T23:33:00.000Z,2026-03-05T01:46:00.000Z,SELL,0.02,2,1,20.00,2,29170.00
2026-03-05T01:46:00.000Z,2026-03-05T05:00:00.000Z,SELL,0.02,2,1,20.00,2,29190.00
2026-03-05T05:00:00.000Z,2026-03-05T07:37:00.000Z,BUY,0.02,2,1,20.00,2,29210.00
2026-03-05T07:37:00.000Z,2026-03-05T08:10:00.000Z,BUY,0.02,2,1,20.00,2,29230.00
2026-03-05T08:10:00.000Z,2026-03-05T08:23:00.000Z,BUY,0.02,1,1,20.00,1,29250.00
2026-03-05T08:23:00.000Z,2026-03-05T08:38:00.000Z,BUY,0.02,1,1,20.00,1,29270.00
2026-03-05T08:38:00.000Z,2026-03-05T08:57:00.000Z,BUY,0.02,1,1,20.00,1,29290.00
2026-03-05T08:57:00.000Z,2026-03-05T11:06:00.000Z,BUY,0.02,3,1,20.00,3,29310.00
2026-03-05T11:06:00.000Z,2026-03-05T15:16:00.000Z,BUY,0.02,2,1,20.00,2,29330.00
2026-03-05T15:16:00.000Z,2026-03-05T15:21:00.000Z,BUY,0.02,2,1,20.00,2,29350.00
2026-03-05T15:21:00.000Z,2026-03-05T15:23:00.000Z,BUY,0.02,2,1,20.00,2,29370.00
2026-03-05T15:23:00.000Z,2026-03-05T15:24:00.000Z,BUY,0.02,1,1,20.00,1,29390.00
2026-03-05T15:24:00.000Z,2026-03-05T15:24:00.000Z,BUY,0.02,1,1,20.00,1,29410.00
2026-03-05T15:24:00.000Z,2026-03-05T15:26:00.000Z,BUY,0.02,1,1,20.00,1,29430.00
2026-03-05T15:26:00.000Z,2026-03-05T15:29:00.000Z,BUY,0.02,1,1,20.00,1,29450.00
2026-03-05T15:29:00.000Z,2026-03-05T15:37:00.000Z,BUY,0.02,1,1,20.00,1,29470.00
2026-03-05T15:37:00.000Z,2026-03-05T16:18:00.000Z,BUY,0.02,2,1,20.00,2,29490.00
2026-03-05T16:18:00.000Z,2026-03-05T16:39:00.000Z,SELL,0.02,1,1,20.00,1,29510.00
2026-03-05T16:39:00.000Z,2026-03-05T17:08:00.000Z,SELL,0.02,3,1,20.00,3,29530.00
2026-03-05T17:08:00.000Z,2026-03-05T17:08:00.000Z,SELL,0.02,1,1,20.00,1,29550.00
2026-03-05T17:08:00.000Z,2026-03-05T17:08:00.000Z,SELL,0.02,1,1,20.00,1,29570.00
2026-03-05T17:08:00.000Z,2026-03-05T17:19:00.000Z,SELL,0.02,2,1,20.00,2,29590.00
2026-03-05T17:19:00.000Z,2026-03-05T17:20:00.000Z,SELL,0.02,1,1,20.00,1,29610.00
2026-03-05T17:20:00.000Z,2026-03-05T17:27:00.000Z,SELL,0.02,1,1,20.00,1,29630.00
2026-03-05T17:27:00.000Z,2026-03-05T18:00:00.000Z,SELL,0.02,2,1,20.00,2,29650.00
2026-03-05T18:00:00.000Z,2026-03-05T18:05:00.000Z,SELL,0.02,1,1,20.00,1,29670.00
2026-03-05T18:05:00.000Z,2026-03-05T18:08:00.000Z,SELL,0.02,1,1,20.00,1,29690.00
2026-03-05T18:08:00.000Z,2026-03-05T18:17:00.000Z,SELL,0.02,1,1,20.00,1,29710.00
2026-03-05T18:17:00.000Z,2026-03-05T18:25:00.000Z,SELL,0.02,1,1,20.00,1,29730.00
2026-03-05T18:25:00.000Z,2026-03-05T20:03:00.000Z,SELL,0.02,3,1,20.00,3,29750.00
2026-03-05T20:03:00.000Z,2026-03-05T20:40:00.000Z,SELL,0.02,2,1,20.00,2,29770.00
2026-03-05T20:40:00.000Z,2026-03-05T20:51:00.000Z,SELL,0.02,1,1,20.00,1,29790.00
2026-03-05T20:51:00.000Z,2026-03-05T21:31:00.000Z,SELL,0.02,1,1,20.00,1,29810.00
2026-03-05T21:31:00.000Z,2026-03-05T22:17:00.000Z,SELL,0.02,2,1,20.00,2,29830.00
2026-03-05T22:17:00.000Z,2026-03-05T22:22:00.000Z,SELL,0.02,1,1,20.00,1,29850.00
2026-03-05T22:22:00.000Z,2026-03-06T03:00:00.000Z,SELL,0.02,3,1,20.00,3,29870.00
2026-03-06T03:00:00.000Z,2026-03-06T03:35:00.000Z,SELL,0.02,2,1,20.00,2,29890.00
2026-03-06T03:35:00.000Z,2026-03-06T03:50:00.000Z,SELL,0.02,2,1,20.00,2,29910.00
2026-03-06T03:50:00.000Z,2026-03-06T07:38:00.000Z,SELL,0.02,1,1,20.00,1,29930.00
2026-03-06T07:38:00.000Z,2026-03-06T08:01:00.000Z,SELL,0.02,1,1,20.00,1,29950.00
2026-03-06T08:01:00.000Z,2026-03-06T10:28:00.000Z,SELL,0.02,1,1,20.00,1,29970.00
2026-03-06T10:28:00.000Z,2026-03-06T11:36:00.000Z,SELL,0.02,1,1,20.00,1,29990.00
2026-03-06T11:36:00.000Z,2026-03-06T12:01:00.000Z,SELL,0.02,1,1,20.00,1,30010.00
2026-03-06T12:01:00.000Z,2026-03-06T13:55:00.000Z,SELL,0.03,3,1,30.00,3,30040.00
2026-03-06T13:55:00.000Z,2026-03-06T15:30:00.000Z,SELL,0.03,4,1,30.00,4,30070.00
2026-03-06T15:30:00.000Z,2026-03-06T15:35:00.000Z,SELL,0.03,2,1,30.00,2,30100.00
2026-03-06T15:35:00.000Z,2026-03-06T15:38:00.000Z,SELL,0.03,1,1,30.00,1,30130.00
2026-03-06T15:38:00.000Z,2026-03-06T15:51:00.000Z,SELL,0.03,1,1,30.00,1,30160.00
2026-03-06T15:51:00.000Z,2026-03-06T15:55:00.000Z,SELL,0.03,1,1,30.00,1,30190.00
2026-03-06T15:55:00.000Z,2026-03-06T15:56:00.000Z,SELL,0.03,1,1,30.00,1,30220.00
2026-03-06T15:56:00.000Z,2026-03-06T15:57:00.000Z,SELL,0.03,1,1,30.00,1,30250.00
2026-03-06T15:57:00.000Z,2026-03-06T16:28:00.000Z,SELL,0.03,2,1,30.00,2,30280.00
2026-03-06T16:28:00.000Z,2026-03-06T16:35:00.000Z,SELL,0.03,1,1,30.00,1,30310.00
2026-03-06T16:35:00.000Z,2026-03-06T16:39:00.000Z,SELL,0.03,1,1,30.00,1,30340.00
2026-03-06T16:39:00.000Z,2026-03-06T16:57:00.000Z,SELL,0.03,2,1,30.00,2,30370.00
2026-03-06T16:57:00.000Z,2026-03-06T17:02:00.000Z,SELL,0.03,2,1,30.00,2,30400.00
2026-03-06T17:02:00.000Z,2026-03-06T17:12:00.000Z,SELL,0.03,1,1,30.00,1,30430.00
2026-03-06T17:12:00.000Z,2026-03-06T17:24:00.000Z,SELL,0.03,2,1,30.00,2,30460.00
2026-03-06T17:24:00.000Z,2026-03-06T17:29:00.000Z,SELL,0.03,1,1,30.00,1,30490.00
2026-03-06T17:29:00.000Z,2026-03-06T17:49:00.000Z,SELL,0.03,1,1,30.00,1,30520.00
2026-03-06T17:49:00.000Z,2026-03-06T17:52:00.000Z,SELL,0.03,1,1,30.00,1,30550.00
2026-03-06T17:52:00.000Z,2026-03-06T18:40:00.000Z,SELL,0.03,1,1,30.00,1,30580.00
2026-03-06T18:40:00.000Z,2026-03-06T20:39:00.000Z,SELL,0.03,2,1,30.00,2,30610.00
2026-03-06T20:39:00.000Z,2026-03-06T20:45:00.000Z,BUY,0.03,1,1,30.00,1,30640.00
2026-03-06T20:45:00.000Z,2026-03-09T01:00:00.000Z,BUY,0.03,2,1,30.00,2,30670.00
2026-03-09T01:00:00.000Z,2026-03-09T01:10:00.000Z,BUY,0.03,2,1,30.00,2,30700.00
2026-03-09T01:10:00.000Z,2026-03-09T01:38:00.000Z,BUY,0.03,2,1,30.00,2,30730.00
2026-03-09T01:38:00.000Z,2026-03-09T01:42:00.000Z,BUY,0.03,2,1,30.00,2,30760.00
2026-03-09T01:42:00.000Z,2026-03-09T01:43:00.000Z,BUY,0.03,1,1,30.00,1,30790.00
2026-03-09T01:43:00.000Z,2026-03-09T01:44:00.000Z,BUY,0.03,1,1,30.00,1,30820.00
2026-03-09T01:44:00.000Z,2026-03-09T01:58:00.000Z,BUY,0.03,1,1,30.00,1,30850.00
2026-03-09T01:58:00.000Z,2026-03-09T02:10:00.000Z,BUY,0.03,2,1,30.00,2,30880.00
2026-03-09T02:10:00.000Z,2026-03-09T02:33:00.000Z,BUY,0.03,1,1,30.00,1,30910.00
2026-03-09T02:33:00.000Z,2026-03-09T03:00:00.000Z,BUY,0.03,2,1,30.00,2,30940.00
2026-03-09T03:00:00.000Z,2026-03-09T03:01:00.000Z,SELL,0.03,1,1,30.00,1,30970.00
2026-03-09T03:01:00.000Z,2026-03-09T03:05:00.000Z,SELL,0.03,2,1,30.00,2,31000.00
2026-03-09T03:05:00.000Z,2026-03-09T03:15:00.000Z,SELL,0.03,2,1,30.00,2,31030.00
2026-03-09T03:15:00.000Z,2026-03-09T03:52:00.000Z,SELL,0.03,1,1,30.00,1,31060.00
2026-03-09T03:52:00.000Z,2026-03-09T04:03:00.000Z,SELL,0.03,1,1,30.00,1,31090.00
2026-03-09T04:03:00.000Z,2026-03-09T04:10:00.000Z,SELL,0.03,2,1,30.00,2,31120.00
2026-03-09T04:10:00.000Z,2026-03-09T04:20:00.000Z,SELL,0.03,1,1,30.00,1,31150.00
2026-03-09T04:20:00.000Z,2026-03-09T07:33:00.000Z,SELL,0.03,2,1,30.00,2,31180.00
2026-03-09T07:33:00.000Z,2026-03-09T07:49:00.000Z,SELL,0.03,2,1,30.00,2,31210.00
2026-03-09T07:49:00.000Z,2026-03-09T07:54:00.000Z,SELL,0.03,1,1,30.00,1,31240.00
2026-03-09T07:54:00.000Z,2026-03-09T08:38:00.000Z,SELL,0.03,1,1,30.00,1,31270.00
2026-03-09T08:38:00.000Z,2026-03-09T08:43:00.000Z,SELL,0.03,1,1,30.00,1,31300.00
2026-03-09T08:43:00.000Z,2026-03-09T09:00:00.000Z,SELL,0.03,1,1,30.00,1,31330.00
2026-03-09T09:00:00.000Z,2026-03-09T11:29:00.000Z,SELL,0.03,2,1,30.00,2,31360.00
2026-03-09T11:29:00.000Z,2026-03-09T11:41:00.000Z,SELL,0.03,1,1,30.00,1,31390.00
2026-03-09T11:41:00.000Z,2026-03-09T11:44:00.000Z,SELL,0.03,1,1,30.00,1,31420.00
2026-03-09T11:44:00.000Z,2026-03-09T12:30:00.000Z,SELL,0.03,1,1,30.00,1,31450.00
2026-03-09T12:30:00.000Z,2026-03-09T12:51:00.000Z,SELL,0.03,1,1,30.00,1,31480.00
2026-03-09T12:51:00.000Z,2026-03-09T15:43:00.000Z,SELL,0.03,5,1,30.00,5,31510.00
2026-03-09T15:43:00.000Z,2026-03-09T16:11:00.000Z,SELL,0.03,1,1,30.00,1,31540.00
2026-03-09T16:11:00.000Z,2026-03-09T16:38:00.000Z,SELL,0.03,2,1,30.00,2,31570.00
2026-03-09T16:38:00.000Z,2026-03-09T17:04:00.000Z,SELL,0.03,3,1,30.00,3,31600.00
2026-03-09T17:04:00.000Z,2026-03-09T20:36:00.000Z,SELL,0.03,2,1,30.00,2,31630.00
2026-03-09T20:36:00.000Z,2026-03-09T22:00:00.000Z,SELL,0.03,2,1,30.00,2,31660.00
2026-03-09T22:00:00.000Z,2026-03-10T01:19:00.000Z,BUY,0.03,1,1,30.00,1,31690.00
2026-03-10T01:19:00.000Z,2026-03-10T03:00:00.000Z,BUY,0.03,2,1,30.00,2,31720.00
2026-03-10T03:00:00.000Z,2026-03-10T03:00:00.000Z,BUY,0.03,1,1,30.00,1,31750.00
2026-03-10T03:00:00.000Z,2026-03-10T03:04:00.000Z,BUY,0.03,1,1,30.00,1,31780.00
2026-03-10T03:04:00.000Z,2026-03-10T03:20:00.000Z,BUY,0.03,1,1,30.00,1,31810.00
2026-03-10T03:20:00.000Z,2026-03-10T03:26:00.000Z,BUY,0.03,1,1,30.00,1,31840.00
2026-03-10T03:26:00.000Z,2026-03-10T03:55:00.000Z,BUY,0.03,1,1,30.00,1,31870.00
2026-03-10T03:55:00.000Z,2026-03-10T03:59:00.000Z,BUY,0.03,1,1,30.00,1,31900.00
2026-03-10T03:59:00.000Z,2026-03-10T05:50:00.000Z,BUY,0.03,2,1,30.00,2,31930.00
2026-03-10T05:50:00.000Z,2026-03-10T06:21:00.000Z,BUY,0.03,1,1,30.00,1,31960.00
2026-03-10T06:21:00.000Z,2026-03-10T07:55:00.000Z,BUY,0.03,1,1,30.00,1,31990.00
2026-03-10T07:55:00.000Z,2026-03-10T10:30:00.000Z,BUY,0.03,1,1,30.00,1,32020.00
2026-03-10T10:30:00.000Z,2026-03-10T12:39:00.000Z,BUY,0.03,2,1,30.00,2,32050.00
2026-03-10T12:39:00.000Z,2026-03-10T12:43:00.000Z,BUY,0.03,1,1,30.00,1,32080.00
2026-03-10T12:43:00.000Z,2026-03-10T12:58:00.000Z,BUY,0.03,1,1,30.00,1,32110.00
2026-03-10T12:58:00.000Z,2026-03-10T13:05:00.000Z,BUY,0.03,1,1,30.00,1,32140.00
2026-03-10T13:05:00.000Z,2026-03-10T15:01:00.000Z,BUY,0.03,3,1,30.00,3,32170.00
2026-03-10T15:01:00.000Z,2026-03-10T15:18:00.000Z,BUY,0.03,1,1,30.00,1,32200.00
2026-03-10T15:18:00.000Z,2026-03-10T15:22:00.000Z,BUY,0.03,1,1,30.00,1,32230.00
2026-03-10T15:22:00.000Z,2026-03-10T15:27:00.000Z,BUY,0.03,1,1,30.00,1,32260.00
2026-03-10T15:27:00.000Z,2026-03-10T15:46:00.000Z,BUY,0.03,2,1,30.00,2,32290.00
2026-03-10T15:46:00.000Z,2026-03-10T15:50:00.000Z,BUY,0.03,1,1,30.00,1,32320.00
2026-03-10T15:50:00.000Z,2026-03-10T17:10:00.000Z,BUY,0.03,3,1,30.00,3,32350.00
2026-03-10T17:10:00.000Z,2026-03-10T17:31:00.000Z,BUY,0.03,1,1,30.00,1,32380.00
2026-03-10T17:31:00.000Z,2026-03-10T20:17:00.000Z,BUY,0.03,2,1,30.00,2,32410.00
2026-03-10T20:17:00.000Z,2026-03-10T20:19:00.000Z,BUY,0.03,2,1,30.00,2,32440.00
2026-03-10T20:19:00.000Z,2026-03-10T20:20:00.000Z,BUY,0.03,1,1,30.00,1,32470.00
2026-03-10T20:20:00.000Z,2026-03-10T20:23:00.000Z,BUY,0.03,1,1,30.00,1,32500.00
2026-03-10T20:23:00.000Z,2026-03-10T20:27:00.000Z,BUY,0.03,1,1,30.00,1,32530.00
2026-03-10T20:27:00.000Z,2026-03-11T02:23:00.000Z,BUY,0.03,3,1,30.00,3,32560.00
2026-03-11T02:23:00.000Z,2026-03-11T03:00:00.000Z,BUY,0.03,1,1,30.00,1,32590.00
2026-03-11T03:00:00.000Z,2026-03-11T09:33:00.000Z,BUY,0.03,4,1,30.00,4,32620.00
2026-03-11T09:33:00.000Z,2026-03-11T15:49:00.000Z,BUY,0.03,2,1,30.00,2,32650.00
2026-03-11T15:49:00.000Z,2026-03-11T15:51:00.000Z,SELL,0.03,1,1,30.00,1,32680.00
2026-03-11T15:51:00.000Z,2026-03-11T16:01:00.000Z,SELL,0.03,2,1,30.00,2,32710.00
2026-03-11T16:01:00.000Z,2026-03-11T17:15:00.000Z,SELL,0.03,1,1,30.00,1,32740.00
2026-03-11T17:15:00.000Z,2026-03-11T19:36:00.000Z,SELL,0.03,1,1,30.00,1,32770.00
2026-03-11T19:36:00.000Z,2026-03-12T00:56:00.000Z,SELL,0.03,3,1,30.00,3,32800.00
2026-03-12T00:56:00.000Z,2026-03-12T00:56:00.000Z,SELL,0.03,1,1,30.00,1,32830.00
2026-03-12T00:56:00.000Z,2026-03-12T02:00:00.000Z,SELL,0.03,1,1,30.00,1,32860.00
2026-03-12T02:00:00.000Z,2026-03-12T02:37:00.000Z,SELL,0.03,2,1,30.00,2,32890.00
2026-03-12T02:37:00.000Z,2026-03-12T04:47:00.000Z,SELL,0.03,1,1,30.00,1,32920.00
2026-03-12T04:47:00.000Z,2026-03-12T07:25:00.000Z,SELL,0.03,1,1,30.00,1,32950.00
2026-03-12T07:25:00.000Z,2026-03-12T08:41:00.000Z,SELL,0.03,2,1,30.00,2,32980.00
2026-03-12T08:41:00.000Z,2026-03-12T15:40:00.000Z,SELL,0.03,3,1,30.00,3,33010.00
2026-03-12T15:40:00.000Z,2026-03-12T17:09:00.000Z,BUY,0.03,2,1,30.00,2,33040.00
2026-03-12T17:09:00.000Z,2026-03-12T17:11:00.000Z,SELL,0.03,1,1,30.00,1,33070.00
2026-03-12T17:11:00.000Z,2026-03-12T19:41:00.000Z,SELL,0.03,3,1,30.00,3,33100.00
2026-03-12T19:41:00.000Z,2026-03-12T20:45:00.000Z,SELL,0.03,1,1,30.00,1,33130.00
2026-03-12T20:45:00.000Z,2026-03-12T21:02:00.000Z,SELL,0.03,1,1,30.00,1,33160.00
2026-03-12T21:02:00.000Z,2026-03-12T22:26:00.000Z,SELL,0.03,1,1,30.00,1,33190.00
2026-03-12T22:26:00.000Z,2026-03-12T22:30:00.000Z,SELL,0.03,1,1,30.00,1,33220.00
2026-03-12T22:30:00.000Z,2026-03-12T22:30:00.000Z,SELL,0.03,1,1,30.00,1,33250.00
2026-03-12T22:30:00.000Z,2026-03-13T00:16:00.000Z,SELL,0.03,2,1,30.00,2,33280.00
2026-03-13T00:16:00.000Z,2026-03-13T03:00:00.000Z,SELL,0.03,2,1,30.00,2,33310.00
2026-03-13T03:00:00.000Z,2026-03-13T05:37:00.000Z,SELL,0.03,1,1,30.00,1,33340.00
2026-03-13T05:37:00.000Z,2026-03-13T08:22:00.000Z,SELL,0.03,1,1,30.00,1,33370.00
2026-03-13T08:22:00.000Z,2026-03-13T08:53:00.000Z,SELL,0.03,1,1,30.00,1,33400.00
2026-03-13T08:53:00.000Z,2026-03-13T09:19:00.000Z,SELL,0.03,1,1,30.00,1,33430.00
2026-03-13T09:19:00.000Z,2026-03-13T10:21:00.000Z,SELL,0.03,1,1,30.00,1,33460.00
2026-03-13T10:21:00.000Z,2026-03-13T11:05:00.000Z,SELL,0.03,2,1,30.00,2,33490.00
2026-03-13T11:05:00.000Z,2026-03-13T11:24:00.000Z,SELL,0.03,1,1,30.00,1,33520.00
2026-03-13T11:24:00.000Z,2026-03-13T14:01:00.000Z,SELL,0.03,2,1,30.00,2,33550.00
2026-03-13T14:01:00.000Z,2026-03-13T14:19:00.000Z,SELL,0.03,1,1,30.00,1,33580.00
2026-03-13T14:19:00.000Z,2026-03-13T16:12:00.000Z,SELL,0.03,1,1,30.00,1,33610.00
2026-03-13T16:12:00.000Z,2026-03-13T16:17:00.000Z,SELL,0.03,1,1,30.00,1,33640.00
2026-03-13T16:17:00.000Z,2026-03-13T16:45:00.000Z,SELL,0.03,1,1,30.00,1,33670.00
2026-03-13T16:45:00.000Z,2026-03-13T16:52:00.000Z,SELL,0.03,1,1,30.00,1,33700.00
2026-03-13T16:52:00.000Z,2026-03-13T16:55:00.000Z,SELL,0.03,1,1,30.00,1,33730.00
2026-03-13T16:55:00.000Z,2026-03-13T16:56:00.000Z,SELL,0.03,1,1,30.00,1,33760.00
2026-03-13T16:56:00.000Z,2026-03-13T17:55:00.000Z,SELL,0.03,3,1,30.00,3,33790.00
2026-03-13T17:55:00.000Z,2026-03-13T18:06:00.000Z,SELL,0.03,1,1,30.00,1,33820.00
2026-03-13T18:06:00.000Z,2026-03-13T19:12:00.000Z,SELL,0.03,2,1,30.00,2,33850.00
2026-03-13T19:12:00.000Z,2026-03-13T20:12:00.000Z,SELL,0.03,1,1,30.00,1,33880.00
2026-03-13T20:12:00.000Z,2026-03-13T21:29:00.000Z,SELL,0.03,1,1,30.00,1,33910.00
2026-03-13T21:29:00.000Z,2026-03-13T21:46:00.000Z,SELL,0.03,1,1,30.00,1,33940.00
2026-03-13T21:46:00.000Z,2026-03-13T21:50:00.000Z,SELL,0.03,1,1,30.00,1,33970.00
2026-03-13T21:50:00.000Z,2026-03-16T00:21:00.000Z,SELL,0.03,1,1,30.00,1,34000.00
2026-03-16T00:21:00.000Z,2026-03-16T01:20:00.000Z,SELL,0.03,3,1,30.00,3,34030.00
2026-03-16T01:20:00.000Z,2026-03-16T01:22:00.000Z,SELL,0.03,1,1,30.00,1,34060.00
2026-03-16T01:22:00.000Z,2026-03-16T01:23:00.000Z,SELL,0.03,1,1,30.00,1,34090.00
2026-03-16T01:23:00.000Z,2026-03-16T02:00:00.000Z,SELL,0.03,2,1,30.00,2,34120.00
2026-03-16T02:00:00.000Z,2026-03-16T03:14:00.000Z,SELL,0.03,3,1,30.00,3,34150.00
2026-03-16T03:14:00.000Z,2026-03-16T06:01:00.000Z,SELL,0.03,2,1,30.00,2,34180.00
2026-03-16T06:01:00.000Z,2026-03-16T07:15:00.000Z,SELL,0.03,1,1,30.00,1,34210.00
2026-03-16T07:15:00.000Z,2026-03-16T09:28:00.000Z,SELL,0.03,3,1,30.00,3,34240.00
2026-03-16T09:28:00.000Z,2026-03-16T10:13:00.000Z,SELL,0.03,1,1,30.00,1,34270.00
2026-03-16T10:13:00.000Z,2026-03-16T11:05:00.000Z,SELL,0.03,1,1,30.00,1,34300.00
2026-03-16T11:05:00.000Z,2026-03-16T13:19:00.000Z,SELL,0.03,2,1,30.00,2,34330.00
2026-03-16T13:19:00.000Z,2026-03-16T13:54:00.000Z,SELL,0.03,1,1,30.00,1,34360.00
2026-03-16T13:54:00.000Z,2026-03-16T15:16:00.000Z,SELL,0.03,2,1,30.00,2,34390.00
2026-03-16T15:16:00.000Z,2026-03-16T15:29:00.000Z,SELL,0.03,1,1,30.00,1,34420.00
2026-03-16T15:29:00.000Z,2026-03-16T16:31:00.000Z,SELL,0.03,1,1,30.00,1,34450.00
2026-03-16T16:31:00.000Z,2026-03-16T16:47:00.000Z,SELL,0.03,1,1,30.00,1,34480.00
2026-03-16T16:47:00.000Z,2026-03-16T16:48:00.000Z,SELL,0.03,1,1,30.00,1,34510.00
2026-03-16T16:48:00.000Z,2026-03-16T18:27:00.000Z,SELL,0.03,1,1,30.00,1,34540.00
2026-03-16T18:27:00.000Z,2026-03-16T20:33:00.000Z,SELL,0.03,2,1,30.00,2,34570.00
2026-03-16T20:33:00.000Z,2026-03-17T02:50:00.000Z,SELL,0.03,1,1,30.00,1,34600.00
2026-03-17T02:50:00.000Z,2026-03-17T04:02:00.000Z,SELL,0.03,2,1,30.00,2,34630.00
2026-03-17T04:02:00.000Z,2026-03-17T08:01:00.000Z,SELL,0.03,1,1,30.00,1,34660.00
2026-03-17T08:01:00.000Z,2026-03-17T10:21:00.000Z,BUY,0.03,1,1,30.00,1,34690.00
2026-03-17T10:21:00.000Z,2026-03-17T12:40:00.000Z,BUY,0.03,2,1,30.00,2,34720.00
2026-03-17T12:40:00.000Z,2026-03-17T13:18:00.000Z,BUY,0.03,1,1,30.00,1,34750.00
2026-03-17T13:18:00.000Z,2026-03-17T17:28:00.000Z,SELL,0.03,3,1,30.00,3,34780.00
2026-03-17T17:28:00.000Z,2026-03-17T17:36:00.000Z,SELL,0.03,1,1,30.00,1,34810.00
2026-03-17T17:36:00.000Z,2026-03-17T17:40:00.000Z,SELL,0.03,1,1,30.00,1,34840.00
2026-03-17T17:40:00.000Z,2026-03-17T19:24:00.000Z,SELL,0.03,2,1,30.00,2,34870.00
2026-03-17T19:24:00.000Z,2026-03-17T19:44:00.000Z,SELL,0.03,1,1,30.00,1,34900.00
2026-03-17T19:44:00.000Z,2026-03-18T05:04:00.000Z,SELL,0.03,1,1,30.00,1,34930.00
2026-03-18T05:04:00.000Z,2026-03-18T12:35:00.000Z,SELL,0.03,3,1,30.00,3,34960.00
2026-03-18T12:35:00.000Z,2026-03-18T12:35:00.000Z,SELL,0.03,1,1,30.00,1,34990.00
2026-03-18T12:35:00.000Z,2026-03-18T13:05:00.000Z,SELL,0.03,1,1,30.00,1,35020.00
2026-03-18T13:05:00.000Z,2026-03-18T13:30:00.000Z,SELL,0.03,1,1,30.00,1,35050.00
2026-03-18T13:30:00.000Z,2026-03-18T13:44:00.000Z,SELL,0.03,1,1,30.00,1,35080.00
2026-03-18T13:44:00.000Z,2026-03-18T13:58:00.000Z,SELL,0.03,1,1,30.00,1,35110.00
2026-03-18T13:58:00.000Z,2026-03-18T14:07:00.000Z,SELL,0.03,1,1,30.00,1,35140.00
2026-03-18T14:07:00.000Z,2026-03-18T14:16:00.000Z,SELL,0.03,1,1,30.00,1,35170.00
2026-03-18T14:16:00.000Z,2026-03-18T14:30:00.000Z,SELL,0.03,1,1,30.00,1,35200.00
2026-03-18T14:30:00.000Z,2026-03-18T14:34:00.000Z,SELL,0.03,1,1,30.00,1,35230.00
2026-03-18T14:34:00.000Z,2026-03-18T14:44:00.000Z,SELL,0.03,1,1,30.00,1,35260.00
2026-03-18T14:44:00.000Z,2026-03-18T15:00:00.000Z,SELL,0.03,1,1,30.00,1,35290.00
2026-03-18T15:00:00.000Z,2026-03-18T15:01:00.000Z,SELL,0.03,1,1,30.00,1,35320.00
2026-03-18T15:01:00.000Z,2026-03-18T15:15:00.000Z,SELL,0.03,1,1,30.00,1,35350.00
2026-03-18T15:15:00.000Z,2026-03-18T15:41:00.000Z,SELL,0.03,2,1,30.00,2,35380.00
2026-03-18T15:41:00.000Z,2026-03-18T15:51:00.000Z,SELL,0.03,1,1,30.00,1,35410.00
2026-03-18T15:51:00.000Z,2026-03-18T16:08:00.000Z,SELL,0.03,2,1,30.00,2,35440.00
2026-03-18T16:08:00.000Z,2026-03-18T16:11:00.000Z,SELL,0.03,1,1,30.00,1,35470.00
2026-03-18T16:11:00.000Z,2026-03-18T16:18:00.000Z,SELL,0.03,1,1,30.00,1,35500.00
2026-03-18T16:18:00.000Z,2026-03-18T16:25:00.000Z,SELL,0.03,1,1,30.00,1,35530.00
2026-03-18T16:25:00.000Z,2026-03-18T19:23:00.000Z,SELL,0.03,2,1,30.00,2,35560.00
2026-03-18T19:23:00.000Z,2026-03-18T20:05:00.000Z,SELL,0.03,1,1,30.00,1,35590.00
2026-03-18T20:05:00.000Z,2026-03-18T20:34:00.000Z,SELL,0.03,1,1,30.00,1,35620.00
2026-03-18T20:34:00.000Z,2026-03-18T20:56:00.000Z,SELL,0.03,1,1,30.00,1,35650.00
2026-03-18T20:56:00.000Z,2026-03-18T21:00:00.000Z,SELL,0.03,1,1,30.00,1,35680.00
2026-03-18T21:00:00.000Z,2026-03-18T21:51:00.000Z,SELL,0.03,1,1,30.00,1,35710.00
2026-03-18T21:51:00.000Z,2026-03-18T22:14:00.000Z,SELL,0.03,1,1,30.00,1,35740.00
2026-03-18T22:14:00.000Z,2026-03-18T22:16:00.000Z,SELL,0.03,1,1,30.00,1,35770.00
2026-03-18T22:16:00.000Z,2026-03-18T22:28:00.000Z,SELL,0.03,1,1,30.00,1,35800.00
2026-03-18T22:28:00.000Z,2026-03-19T01:41:00.000Z,SELL,0.03,4,1,30.00,4,35830.00
2026-03-19T01:41:00.000Z,2026-03-19T01:45:00.000Z,SELL,0.03,1,1,30.00,1,35860.00
2026-03-19T01:45:00.000Z,2026-03-19T03:39:00.000Z,SELL,0.03,2,1,30.00,2,35890.00
2026-03-19T03:39:00.000Z,2026-03-19T03:59:00.000Z,SELL,0.03,1,1,30.00,1,35920.00
2026-03-19T03:59:00.000Z,2026-03-19T07:31:00.000Z,SELL,0.03,1,1,30.00,1,35950.00
2026-03-19T07:31:00.000Z,2026-03-19T07:45:00.000Z,SELL,0.03,1,1,30.00,1,35980.00
2026-03-19T07:45:00.000Z,2026-03-19T08:20:00.000Z,SELL,0.03,1,1,30.00,1,36010.00
2026-03-19T08:20:00.000Z,2026-03-19T08:34:00.000Z,SELL,0.03,1,1,30.00,1,36040.00
2026-03-19T08:34:00.000Z,2026-03-19T08:37:00.000Z,SELL,0.03,1,1,30.00,1,36070.00
2026-03-19T08:37:00.000Z,2026-03-19T08:41:00.000Z,SELL,0.03,1,1,30.00,1,36100.00
2026-03-19T08:41:00.000Z,2026-03-19T08:45:00.000Z,SELL,0.03,1,1,30.00,1,36130.00
2026-03-19T08:45:00.000Z,2026-03-19T08:47:00.000Z,SELL,0.03,1,1,30.00,1,36160.00
2026-03-19T08:47:00.000Z,2026-03-19T08:50:00.000Z,SELL,0.03,1,1,30.00,1,36190.00
2026-03-19T08:50:00.000Z,2026-03-19T08:53:00.000Z,SELL,0.03,1,1,30.00,1,36220.00
2026-03-19T08:53:00.000Z,2026-03-19T09:08:00.000Z,SELL,0.03,2,1,30.00,2,36250.00
2026-03-19T09:08:00.000Z,2026-03-19T09:22:00.000Z,SELL,0.03,1,1,30.00,1,36280.00
2026-03-19T09:22:00.000Z,2026-03-19T09:27:00.000Z,SELL,0.03,1,1,30.00,1,36310.00
2026-03-19T09:27:00.000Z,2026-03-19T09:44:00.000Z,SELL,0.03,1,1,30.00,1,36340.00
2026-03-19T09:44:00.000Z,2026-03-19T09:44:00.000Z,SELL,0.03,1,1,30.00,1,36370.00
2026-03-19T09:44:00.000Z,2026-03-19T10:05:00.000Z,SELL,0.03,1,1,30.00,1,36400.00
2026-03-19T10:05:00.000Z,2026-03-19T10:05:00.000Z,SELL,0.03,1,1,30.00,1,36430.00
2026-03-19T10:05:00.000Z,2026-03-19T10:13:00.000Z,SELL,0.03,1,1,30.00,1,36460.00
2026-03-19T10:13:00.000Z,2026-03-19T10:20:00.000Z,SELL,0.03,2,1,30.00,2,36490.00
2026-03-19T10:20:00.000Z,2026-03-19T10:25:00.000Z,SELL,0.03,1,1,30.00,1,36520.00
2026-03-19T10:25:00.000Z,2026-03-19T10:29:00.000Z,SELL,0.03,1,1,30.00,1,36550.00
2026-03-19T10:29:00.000Z,2026-03-19T10:33:00.000Z,SELL,0.03,1,1,30.00,1,36580.00
2026-03-19T10:33:00.000Z,2026-03-19T10:40:00.000Z,SELL,0.03,1,1,30.00,1,36610.00
2026-03-19T10:40:00.000Z,2026-03-19T11:33:00.000Z,SELL,0.03,4,1,30.00,4,36640.00
2026-03-19T11:33:00.000Z,2026-03-19T11:35:00.000Z,SELL,0.03,1,1,30.00,1,36670.00
2026-03-19T11:35:00.000Z,2026-03-19T11:43:00.000Z,SELL,0.03,1,1,30.00,1,36700.00
2026-03-19T11:43:00.000Z,2026-03-19T12:17:00.000Z,SELL,0.03,1,1,30.00,1,36730.00
2026-03-19T12:17:00.000Z,2026-03-19T12:20:00.000Z,SELL,0.03,1,1,30.00,1,36760.00
2026-03-19T12:20:00.000Z,2026-03-19T12:20:00.000Z,SELL,0.03,1,1,30.00,1,36790.00
2026-03-19T12:20:00.000Z,2026-03-19T13:42:00.000Z,SELL,0.03,5,1,30.00,5,36820.00
2026-03-19T13:42:00.000Z,2026-03-19T13:53:00.000Z,SELL,0.03,1,1,30.00,1,36850.00
2026-03-19T13:53:00.000Z,2026-03-19T14:01:00.000Z,SELL,0.03,1,1,30.00,1,36880.00
2026-03-19T14:01:00.000Z,2026-03-19T14:03:00.000Z,SELL,0.03,1,1,30.00,1,36910.00
2026-03-19T14:03:00.000Z,2026-03-19T14:10:00.000Z,SELL,0.03,1,1,30.00,1,36940.00
2026-03-19T14:10:00.000Z,2026-03-19T14:14:00.000Z,SELL,0.03,1,1,30.00,1,36970.00
2026-03-19T14:14:00.000Z,2026-03-19T14:25:00.000Z,SELL,0.03,1,1,30.00,1,37000.00
2026-03-19T14:25:00.000Z,2026-03-19T14:42:00.000Z,SELL,0.03,1,1,30.00,1,37030.00
2026-03-19T14:42:00.000Z,2026-03-19T14:43:00.000Z,SELL,0.03,1,1,30.00,1,37060.00
2026-03-19T14:43:00.000Z,2026-03-19T14:44:00.000Z,SELL,0.03,1,1,30.00,1,37090.00
2026-03-19T14:44:00.000Z,2026-03-19T14:44:00.000Z,SELL,0.03,1,1,30.00,1,37120.00
2026-03-19T14:44:00.000Z,2026-03-19T14:45:00.000Z,SELL,0.03,1,1,30.00,1,37150.00
2026-03-19T14:45:00.000Z,2026-03-19T14:47:00.000Z,SELL,0.03,1,1,30.00,1,37180.00
2026-03-19T14:47:00.000Z,2026-03-19T14:52:00.000Z,SELL,0.03,2,1,30.00,2,37210.00
2026-03-19T14:52:00.000Z,2026-03-19T14:53:00.000Z,SELL,0.03,1,1,30.00,1,37240.00
2026-03-19T14:53:00.000Z,2026-03-19T15:01:00.000Z,SELL,0.03,3,1,30.00,3,37270.00
2026-03-19T15:01:00.000Z,2026-03-19T15:01:00.000Z,SELL,0.03,1,1,30.00,1,37300.00
2026-03-19T15:01:00.000Z,2026-03-19T15:01:00.000Z,SELL,0.03,1,1,30.00,1,37330.00
2026-03-19T15:01:00.000Z,2026-03-19T15:02:00.000Z,SELL,0.03,1,1,30.00,1,37360.00
2026-03-19T15:02:00.000Z,2026-03-19T15:02:00.000Z,SELL,0.03,1,1,30.00,1,37390.00
2026-03-19T15:02:00.000Z,2026-03-19T15:04:00.000Z,SELL,0.03,2,1,30.00,2,37420.00
2026-03-19T15:04:00.000Z,2026-03-19T15:09:00.000Z,SELL,0.03,3,1,30.00,3,37450.00
2026-03-19T15:09:00.000Z,2026-03-19T15:17:00.000Z,SELL,0.03,2,1,30.00,2,37480.00
2026-03-19T15:17:00.000Z,2026-03-19T15:40:00.000Z,SELL,0.03,5,1,30.00,5,37510.00
2026-03-19T15:40:00.000Z,2026-03-19T15:47:00.000Z,SELL,0.03,3,1,30.00,3,37540.00
2026-03-19T15:47:00.000Z,2026-03-19T15:50:00.000Z,SELL,0.03,2,1,30.00,2,37570.00
2026-03-19T15:50:00.000Z,2026-03-19T15:55:00.000Z,SELL,0.03,2,1,30.00,2,37600.00
2026-03-19T15:55:00.000Z,2026-03-19T16:00:00.000Z,SELL,0.03,2,1,30.00,2,37630.00
2026-03-19T16:00:00.000Z,2026-03-19T16:09:00.000Z,SELL,0.03,1,1,30.00,1,37660.00
2026-03-19T16:09:00.000Z,2026-03-19T16:12:00.000Z,SELL,0.03,2,1,30.00,2,37690.00
2026-03-19T16:12:00.000Z,2026-03-19T16:12:00.000Z,SELL,0.03,1,1,30.00,1,37720.00
2026-03-19T16:12:00.000Z,2026-03-19T16:13:00.000Z,SELL,0.03,1,1,30.00,1,37750.00
2026-03-19T16:13:00.000Z,2026-03-19T16:15:00.000Z,SELL,0.03,1,1,30.00,1,37780.00
2026-03-19T16:15:00.000Z,2026-03-19T16:19:00.000Z,SELL,0.03,1,1,30.00,1,37810.00
2026-03-19T16:19:00.000Z,2026-03-19T16:27:00.000Z,SELL,0.03,1,1,30.00,1,37840.00
2026-03-19T16:27:00.000Z,2026-03-19T16:28:00.000Z,SELL,0.03,1,1,30.00,1,37870.00
2026-03-19T16:28:00.000Z,2026-03-19T16:36:00.000Z,SELL,0.03,2,1,30.00,2,37900.00
2026-03-19T16:36:00.000Z,2026-03-19T16:45:00.000Z,SELL,0.03,1,1,30.00,1,37930.00
2026-03-19T16:45:00.000Z,2026-03-19T17:02:00.000Z,SELL,0.03,3,1,30.00,3,37960.00
2026-03-19T17:02:00.000Z,2026-03-19T17:05:00.000Z,SELL,0.03,2,1,30.00,2,37990.00
2026-03-19T17:05:00.000Z,2026-03-19T17:08:00.000Z,SELL,0.03,1,1,30.00,1,38020.00
2026-03-19T17:08:00.000Z,2026-03-19T17:17:00.000Z,SELL,0.03,1,1,30.00,1,38050.00
2026-03-19T17:17:00.000Z,2026-03-19T17:30:00.000Z,SELL,0.03,1,1,30.00,1,38080.00
2026-03-19T17:30:00.000Z,2026-03-19T17:32:00.000Z,SELL,0.03,1,1,30.00,1,38110.00
2026-03-19T17:32:00.000Z,2026-03-19T17:33:00.000Z,SELL,0.03,1,1,30.00,1,38140.00
2026-03-19T17:33:00.000Z,2026-03-19T17:56:00.000Z,SELL,0.03,2,1,30.00,2,38170.00
2026-03-19T17:56:00.000Z,2026-03-19T18:00:00.000Z,SELL,0.03,1,1,30.00,1,38200.00
2026-03-19T18:00:00.000Z,2026-03-19T18:08:00.000Z,SELL,0.03,2,1,30.00,2,38230.00
2026-03-19T18:08:00.000Z,2026-03-19T18:10:00.000Z,SELL,0.03,1,1,30.00,1,38260.00
2026-03-19T18:10:00.000Z,2026-03-19T18:10:00.000Z,SELL,0.03,1,1,30.00,1,38290.00
2026-03-19T18:10:00.000Z,2026-03-19T18:17:00.000Z,SELL,0.03,1,1,30.00,1,38320.00
2026-03-19T18:17:00.000Z,2026-03-19T18:36:00.000Z,SELL,0.03,3,1,30.00,3,38350.00
2026-03-19T18:36:00.000Z,2026-03-19T19:10:00.000Z,SELL,0.03,3,1,30.00,3,38380.00
2026-03-19T19:10:00.000Z,2026-03-19T19:20:00.000Z,SELL,0.03,2,1,30.00,2,38410.00
2026-03-19T19:20:00.000Z,2026-03-19T21:00:00.000Z,SELL,0.03,4,1,30.00,4,38440.00
2026-03-19T21:00:00.000Z,2026-03-20T00:07:00.000Z,SELL,0.03,4,1,30.00,4,38470.00
2026-03-20T00:07:00.000Z,2026-03-20T00:34:00.000Z,SELL,0.03,1,1,30.00,1,38500.00
2026-03-20T00:34:00.000Z,2026-03-20T00:52:00.000Z,SELL,0.03,1,1,30.00,1,38530.00
2026-03-20T00:52:00.000Z,2026-03-20T03:06:00.000Z,SELL,0.03,4,1,30.00,4,38560.00
2026-03-20T03:06:00.000Z,2026-03-20T03:10:00.000Z,SELL,0.03,1,1,30.00,1,38590.00
2026-03-20T03:10:00.000Z,2026-03-20T03:12:00.000Z,SELL,0.03,1,1,30.00,1,38620.00
2026-03-20T03:12:00.000Z,2026-03-20T03:40:00.000Z,SELL,0.03,2,1,30.00,2,38650.00
2026-03-20T03:40:00.000Z,2026-03-20T03:58:00.000Z,SELL,0.03,1,1,30.00,1,38680.00
2026-03-20T03:58:00.000Z,2026-03-20T04:50:00.000Z,SELL,0.03,2,1,30.00,2,38710.00
2026-03-20T04:50:00.000Z,2026-03-20T05:18:00.000Z,SELL,0.03,2,1,30.00,2,38740.00
2026-03-20T05:18:00.000Z,2026-03-20T05:50:00.000Z,SELL,0.03,1,1,30.00,1,38770.00
2026-03-20T05:50:00.000Z,2026-03-20T07:03:00.000Z,SELL,0.03,1,1,30.00,1,38800.00
2026-03-20T07:03:00.000Z,2026-03-20T07:34:00.000Z,SELL,0.03,1,1,30.00,1,38830.00
2026-03-20T07:34:00.000Z,2026-03-20T07:55:00.000Z,SELL,0.03,1,1,30.00,1,38860.00
2026-03-20T07:55:00.000Z,2026-03-20T08:27:00.000Z,SELL,0.03,1,1,30.00,1,38890.00
2026-03-20T08:27:00.000Z,2026-03-20T08:38:00.000Z,SELL,0.03,1,1,30.00,1,38920.00
2026-03-20T08:38:00.000Z,2026-03-20T09:56:00.000Z,SELL,0.03,2,1,30.00,2,38950.00
2026-03-20T09:56:00.000Z,2026-03-20T10:21:00.000Z,SELL,0.03,2,1,30.00,2,38980.00
2026-03-20T10:21:00.000Z,2026-03-20T10:30:00.000Z,SELL,0.03,1,1,30.00,1,39010.00
2026-03-20T10:30:00.000Z,2026-03-20T10:32:00.000Z,SELL,0.03,1,1,30.00,1,39040.00
2026-03-20T10:32:00.000Z,2026-03-20T10:38:00.000Z,SELL,0.03,1,1,30.00,1,39070.00
2026-03-20T10:38:00.000Z,2026-03-20T10:54:00.000Z,SELL,0.03,1,1,30.00,1,39100.00
2026-03-20T10:54:00.000Z,2026-03-20T11:34:00.000Z,SELL,0.03,1,1,30.00,1,39130.00
2026-03-20T11:34:00.000Z,2026-03-20T11:46:00.000Z,SELL,0.03,1,1,30.00,1,39160.00
2026-03-20T11:46:00.000Z,2026-03-20T11:58:00.000Z,SELL,0.03,1,1,30.00,1,39190.00
2026-03-20T11:58:00.000Z,2026-03-20T12:20:00.000Z,SELL,0.03,1,1,30.00,1,39220.00
2026-03-20T12:20:00.000Z,2026-03-20T12:56:00.000Z,SELL,0.03,3,1,30.00,3,39250.00
2026-03-20T12:56:00.000Z,2026-03-20T13:31:00.000Z,SELL,0.03,2,1,30.00,2,39280.00
2026-03-20T13:31:00.000Z,2026-03-20T13:51:00.000Z,SELL,0.03,1,1,30.00,1,39310.00
2026-03-20T13:51:00.000Z,2026-03-20T14:10:00.000Z,SELL,0.03,2,1,30.00,2,39340.00
2026-03-20T14:10:00.000Z,2026-03-20T14:17:00.000Z,SELL,0.03,1,1,30.00,1,39370.00
2026-03-20T14:17:00.000Z,2026-03-20T14:39:00.000Z,SELL,0.03,1,1,30.00,1,39400.00
2026-03-20T14:39:00.000Z,2026-03-20T15:10:00.000Z,SELL,0.03,1,1,30.00,1,39430.00
2026-03-20T15:10:00.000Z,2026-03-20T15:31:00.000Z,SELL,0.03,1,1,30.00,1,39460.00
2026-03-20T15:31:00.000Z,2026-03-20T15:35:00.000Z,SELL,0.03,1,1,30.00,1,39490.00
2026-03-20T15:35:00.000Z,2026-03-20T15:52:00.000Z,SELL,0.03,3,1,30.00,3,39520.00
2026-03-20T15:52:00.000Z,2026-03-20T15:55:00.000Z,SELL,0.03,1,1,30.00,1,39550.00
2026-03-20T15:55:00.000Z,2026-03-20T16:08:00.000Z,SELL,0.03,1,1,30.00,1,39580.00
2026-03-20T16:08:00.000Z,2026-03-20T16:12:00.000Z,SELL,0.03,1,1,30.00,1,39610.00
2026-03-20T16:12:00.000Z,2026-03-20T16:14:00.000Z,SELL,0.03,1,1,30.00,1,39640.00
2026-03-20T16:14:00.000Z,2026-03-20T16:15:00.000Z,SELL,0.03,1,1,30.00,1,39670.00
2026-03-20T16:15:00.000Z,2026-03-20T16:18:00.000Z,SELL,0.03,1,1,30.00,1,39700.00
2026-03-20T16:18:00.000Z,2026-03-20T16:25:00.000Z,SELL,0.03,1,1,30.00,1,39730.00
2026-03-20T16:25:00.000Z,2026-03-20T17:25:00.000Z,SELL,0.03,5,1,30.00,5,39760.00
2026-03-20T17:25:00.000Z,2026-03-20T17:33:00.000Z,SELL,0.03,2,1,30.00,2,39790.00
2026-03-20T17:33:00.000Z,2026-03-20T17:35:00.000Z,SELL,0.03,1,1,30.00,1,39820.00
2026-03-20T17:35:00.000Z,2026-03-20T17:46:00.000Z,SELL,0.03,1,1,30.00,1,39850.00
2026-03-20T17:46:00.000Z,2026-03-20T17:49:00.000Z,SELL,0.03,1,1,30.00,1,39880.00
2026-03-20T17:49:00.000Z,2026-03-20T18:04:00.000Z,SELL,0.03,2,1,30.00,2,39910.00
2026-03-20T18:04:00.000Z,2026-03-20T18:20:00.000Z,SELL,0.03,2,1,30.00,2,39940.00
2026-03-20T18:20:00.000Z,2026-03-20T18:25:00.000Z,SELL,0.03,1,1,30.00,1,39970.00
2026-03-20T18:25:00.000Z,2026-03-20T18:29:00.000Z,SELL,0.03,1,1,30.00,1,40000.00
2026-03-20T18:29:00.000Z,2026-03-20T18:31:00.000Z,SELL,0.04,1,1,40.00,1,40040.00
2026-03-20T18:31:00.000Z,2026-03-20T19:31:00.000Z,SELL,0.04,3,1,40.00,3,40080.00
2026-03-20T19:31:00.000Z,2026-03-20T20:22:00.000Z,SELL,0.04,1,1,40.00,1,40120.00
2026-03-20T20:22:00.000Z,2026-03-20T20:22:00.000Z,SELL,0.04,1,1,40.00,1,40160.00
2026-03-20T20:22:00.000Z,2026-03-20T20:42:00.000Z,SELL,0.04,1,1,40.00,1,40200.00
2026-03-20T20:42:00.000Z,2026-03-20T20:46:00.000Z,SELL,0.04,1,1,40.00,1,40240.00
2026-03-20T20:46:00.000Z,2026-03-20T20:48:00.000Z,SELL,0.04,1,1,40.00,1,40280.00
2026-03-20T20:48:00.000Z,2026-03-20T20:50:00.000Z,SELL,0.04,1,1,40.00,1,40320.00
2026-03-20T20:50:00.000Z,2026-03-20T20:55:00.000Z,SELL,0.04,1,1,40.00,1,40360.00
2026-03-20T20:55:00.000Z,2026-03-20T20:56:00.000Z,SELL,0.04,1,1,40.00,1,40400.00
2026-03-20T20:56:00.000Z,2026-03-20T21:01:00.000Z,SELL,0.04,2,1,40.00,2,40440.00
2026-03-20T21:01:00.000Z,2026-03-20T21:04:00.000Z,SELL,0.04,1,1,40.00,1,40480.00
2026-03-20T21:04:00.000Z,2026-03-20T21:06:00.000Z,SELL,0.04,1,1,40.00,1,40520.00
2026-03-20T21:06:00.000Z,2026-03-23T00:01:00.000Z,SELL,0.04,3,1,40.00,3,40560.00
2026-03-23T00:01:00.000Z,2026-03-23T00:02:00.000Z,SELL,0.04,1,1,40.00,1,40600.00
2026-03-23T00:02:00.000Z,2026-03-23T00:03:00.000Z,SELL,0.04,1,1,40.00,1,40640.00
2026-03-23T00:03:00.000Z,2026-03-23T00:03:00.000Z,SELL,0.04,1,1,40.00,1,40680.00
2026-03-23T00:03:00.000Z,2026-03-23T00:05:00.000Z,SELL,0.04,2,1,40.00,2,40720.00
2026-03-23T00:05:00.000Z,2026-03-23T00:07:00.000Z,SELL,0.04,2,1,40.00,2,40760.00
2026-03-23T00:07:00.000Z,2026-03-23T00:08:00.000Z,SELL,0.04,1,1,40.00,1,40800.00
2026-03-23T00:08:00.000Z,2026-03-23T00:24:00.000Z,SELL,0.04,2,1,40.00,2,40840.00
2026-03-23T00:24:00.000Z,2026-03-23T00:32:00.000Z,SELL,0.04,1,1,40.00,1,40880.00
2026-03-23T00:32:00.000Z,2026-03-23T00:34:00.000Z,SELL,0.04,1,1,40.00,1,40920.00
2026-03-23T00:34:00.000Z,2026-03-23T00:57:00.000Z,SELL,0.04,1,1,40.00,1,40960.00
2026-03-23T00:57:00.000Z,2026-03-23T01:07:00.000Z,SELL,0.04,1,1,40.00,1,41000.00
2026-03-23T01:07:00.000Z,2026-03-23T01:36:00.000Z,SELL,0.04,1,1,40.00,1,41040.00
2026-03-23T01:36:00.000Z,2026-03-23T01:48:00.000Z,SELL,0.04,1,1,40.00,1,41080.00
2026-03-23T01:48:00.000Z,2026-03-23T01:53:00.000Z,SELL,0.04,1,1,40.00,1,41120.00
2026-03-23T01:53:00.000Z,2026-03-23T02:03:00.000Z,SELL,0.04,1,1,40.00,1,41160.00
2026-03-23T02:03:00.000Z,2026-03-23T02:03:00.000Z,SELL,0.04,1,1,40.00,1,41200.00
2026-03-23T02:03:00.000Z,2026-03-23T02:05:00.000Z,SELL,0.04,1,1,40.00,1,41240.00
2026-03-23T02:05:00.000Z,2026-03-23T02:15:00.000Z,SELL,0.04,3,1,40.00,3,41280.00
2026-03-23T02:15:00.000Z,2026-03-23T02:15:00.000Z,SELL,0.04,1,1,40.00,1,41320.00
2026-03-23T02:15:00.000Z,2026-03-23T02:23:00.000Z,SELL,0.04,2,1,40.00,2,41360.00
2026-03-23T02:23:00.000Z,2026-03-23T02:27:00.000Z,SELL,0.04,1,1,40.00,1,41400.00
2026-03-23T02:27:00.000Z,2026-03-23T02:34:00.000Z,SELL,0.04,1,1,40.00,1,41440.00
2026-03-23T02:34:00.000Z,2026-03-23T02:34:00.000Z,SELL,0.04,1,1,40.00,1,41480.00
2026-03-23T02:34:00.000Z,2026-03-23T02:35:00.000Z,SELL,0.04,1,1,40.00,1,41520.00
2026-03-23T02:35:00.000Z,2026-03-23T02:35:00.000Z,SELL,0.04,1,1,40.00,1,41560.00
2026-03-23T02:35:00.000Z,2026-03-23T02:35:00.000Z,SELL,0.04,1,1,40.00,1,41600.00
2026-03-23T02:35:00.000Z,2026-03-23T02:35:00.000Z,SELL,0.04,1,1,40.00,1,41640.00
2026-03-23T02:35:00.000Z,2026-03-23T02:36:00.000Z,SELL,0.04,1,1,40.00,1,41680.00
2026-03-23T02:36:00.000Z,2026-03-23T02:36:00.000Z,SELL,0.04,1,1,40.00,1,41720.00
2026-03-23T02:36:00.000Z,2026-03-23T02:37:00.000Z,SELL,0.04,1,1,40.00,1,41760.00
2026-03-23T02:37:00.000Z,2026-03-23T02:44:00.000Z,SELL,0.04,2,1,40.00,2,41800.00
2026-03-23T02:44:00.000Z,2026-03-23T02:45:00.000Z,SELL,0.04,1,1,40.00,1,41840.00
2026-03-23T02:45:00.000Z,2026-03-23T02:48:00.000Z,SELL,0.04,1,1,40.00,1,41880.00
2026-03-23T02:48:00.000Z,2026-03-23T02:52:00.000Z,SELL,0.04,1,1,40.00,1,41920.00
2026-03-23T02:52:00.000Z,2026-03-23T02:52:00.000Z,SELL,0.04,1,1,40.00,1,41960.00
2026-03-23T02:52:00.000Z,2026-03-23T02:57:00.000Z,SELL,0.04,2,1,40.00,2,42000.00
2026-03-23T02:57:00.000Z,2026-03-23T03:00:00.000Z,SELL,0.04,1,1,40.00,1,42040.00
2026-03-23T03:00:00.000Z,2026-03-23T03:00:00.000Z,SELL,0.04,1,1,40.00,1,42080.00
2026-03-23T03:00:00.000Z,2026-03-23T03:03:00.000Z,SELL,0.04,2,1,40.00,2,42120.00
2026-03-23T03:03:00.000Z,2026-03-23T03:06:00.000Z,SELL,0.04,2,1,40.00,2,42160.00
2026-03-23T03:06:00.000Z,2026-03-23T03:15:00.000Z,SELL,0.04,2,1,40.00,2,42200.00
2026-03-23T03:15:00.000Z,2026-03-23T03:16:00.000Z,SELL,0.04,1,1,40.00,1,42240.00
2026-03-23T03:16:00.000Z,2026-03-23T03:23:00.000Z,SELL,0.04,2,1,40.00,2,42280.00
2026-03-23T03:23:00.000Z,2026-03-23T03:24:00.000Z,SELL,0.04,1,1,40.00,1,42320.00
2026-03-23T03:24:00.000Z,2026-03-23T03:25:00.000Z,SELL,0.04,1,1,40.00,1,42360.00
2026-03-23T03:25:00.000Z,2026-03-23T03:33:00.000Z,SELL,0.04,2,1,40.00,2,42400.00
2026-03-23T03:33:00.000Z,2026-03-23T03:34:00.000Z,SELL,0.04,1,1,40.00,1,42440.00
2026-03-23T03:34:00.000Z,2026-03-23T03:36:00.000Z,SELL,0.04,1,1,40.00,1,42480.00
2026-03-23T03:36:00.000Z,2026-03-23T03:47:00.000Z,SELL,0.04,1,1,40.00,1,42520.00
2026-03-23T03:47:00.000Z,2026-03-23T03:49:00.000Z,SELL,0.04,1,1,40.00,1,42560.00
2026-03-23T03:49:00.000Z,2026-03-23T03:56:00.000Z,SELL,0.04,1,1,40.00,1,42600.00
2026-03-23T03:56:00.000Z,2026-03-23T03:57:00.000Z,SELL,0.04,1,1,40.00,1,42640.00
2026-03-23T03:57:00.000Z,2026-03-23T03:59:00.000Z,SELL,0.04,1,1,40.00,1,42680.00
2026-03-23T03:59:00.000Z,2026-03-23T04:02:00.000Z,SELL,0.04,2,1,40.00,2,42720.00
2026-03-23T04:02:00.000Z,2026-03-23T04:10:00.000Z,SELL,0.04,1,1,40.00,1,42760.00
2026-03-23T04:10:00.000Z,2026-03-23T04:13:00.000Z,SELL,0.04,1,1,40.00,1,42800.00
2026-03-23T04:13:00.000Z,2026-03-23T04:37:00.000Z,SELL,0.04,3,1,40.00,3,42840.00
2026-03-23T04:37:00.000Z,2026-03-23T04:40:00.000Z,SELL,0.04,1,1,40.00,1,42880.00
2026-03-23T04:40:00.000Z,2026-03-23T04:53:00.000Z,SELL,0.04,1,1,40.00,1,42920.00
2026-03-23T04:53:00.000Z,2026-03-23T05:12:00.000Z,SELL,0.04,1,1,40.00,1,42960.00
2026-03-23T05:12:00.000Z,2026-03-23T05:40:00.000Z,SELL,0.04,1,1,40.00,1,43000.00
2026-03-23T05:40:00.000Z,2026-03-23T06:00:00.000Z,SELL,0.04,2,1,40.00,2,43040.00
2026-03-23T06:00:00.000Z,2026-03-23T06:02:00.000Z,SELL,0.04,1,1,40.00,1,43080.00
2026-03-23T06:02:00.000Z,2026-03-23T07:30:00.000Z,SELL,0.04,5,1,40.00,5,43120.00
2026-03-23T07:30:00.000Z,2026-03-23T07:30:00.000Z,SELL,0.04,1,1,40.00,1,43160.00
2026-03-23T07:30:00.000Z,2026-03-23T07:31:00.000Z,SELL,0.04,1,1,40.00,1,43200.00
2026-03-23T07:31:00.000Z,2026-03-23T07:51:00.000Z,SELL,0.04,1,1,40.00,1,43240.00
2026-03-23T07:51:00.000Z,2026-03-23T07:52:00.000Z,SELL,0.04,1,1,40.00,1,43280.00
2026-03-23T07:52:00.000Z,2026-03-23T08:02:00.000Z,SELL,0.04,1,1,40.00,1,43320.00
2026-03-23T08:02:00.000Z,2026-03-23T08:03:00.000Z,SELL,0.04,1,1,40.00,1,43360.00
2026-03-23T08:03:00.000Z,2026-03-23T08:05:00.000Z,SELL,0.04,1,1,40.00,1,43400.00
2026-03-23T08:05:00.000Z,2026-03-23T08:15:00.000Z,SELL,0.04,2,1,40.00,2,43440.00
2026-03-23T08:15:00.000Z,2026-03-23T08:16:00.000Z,SELL,0.04,1,1,40.00,1,43480.00
2026-03-23T08:16:00.000Z,2026-03-23T08:17:00.000Z,SELL,0.04,1,1,40.00,1,43520.00
2026-03-23T08:17:00.000Z,2026-03-23T08:20:00.000Z,SELL,0.04,1,1,40.00,1,43560.00
2026-03-23T08:20:00.000Z,2026-03-23T08:28:00.000Z,SELL,0.04,1,1,40.00,1,43600.00
2026-03-23T08:28:00.000Z,2026-03-23T08:28:00.000Z,SELL,0.04,1,1,40.00,1,43640.00
2026-03-23T08:28:00.000Z,2026-03-23T08:29:00.000Z,SELL,0.04,1,1,40.00,1,43680.00
2026-03-23T08:29:00.000Z,2026-03-23T08:31:00.000Z,SELL,0.04,1,1,40.00,1,43720.00
2026-03-23T08:31:00.000Z,2026-03-23T08:33:00.000Z,SELL,0.04,1,1,40.00,1,43760.00
2026-03-23T08:33:00.000Z,2026-03-23T08:42:00.000Z,SELL,0.04,1,1,40.00,1,43800.00
2026-03-23T08:42:00.000Z,2026-03-23T08:43:00.000Z,SELL,0.04,1,1,40.00,1,43840.00
2026-03-23T08:43:00.000Z,2026-03-23T08:43:00.000Z,SELL,0.04,1,1,40.00,1,43880.00
2026-03-23T08:43:00.000Z,2026-03-23T08:44:00.000Z,SELL,0.04,1,1,40.00,1,43920.00
2026-03-23T08:44:00.000Z,2026-03-23T08:47:00.000Z,SELL,0.04,1,1,40.00,1,43960.00
2026-03-23T08:47:00.000Z,2026-03-23T08:47:00.000Z,SELL,0.04,1,1,40.00,1,44000.00
2026-03-23T08:47:00.000Z,2026-03-23T08:49:00.000Z,SELL,0.04,2,1,40.00,2,44040.00
2026-03-23T08:49:00.000Z,2026-03-23T08:51:00.000Z,SELL,0.04,2,1,40.00,2,44080.00
2026-03-23T08:51:00.000Z,2026-03-23T08:54:00.000Z,SELL,0.04,1,1,40.00,1,44120.00
2026-03-23T08:54:00.000Z,2026-03-23T09:01:00.000Z,SELL,0.04,1,1,40.00,1,44160.00
2026-03-23T09:01:00.000Z,2026-03-23T09:01:00.000Z,SELL,0.04,1,1,40.00,1,44200.00
2026-03-23T09:01:00.000Z,2026-03-23T09:04:00.000Z,SELL,0.04,1,1,40.00,1,44240.00
2026-03-23T09:04:00.000Z,2026-03-23T09:05:00.000Z,SELL,0.04,1,1,40.00,1,44280.00
2026-03-23T09:05:00.000Z,2026-03-23T09:06:00.000Z,SELL,0.04,1,1,40.00,1,44320.00
2026-03-23T09:06:00.000Z,2026-03-23T09:06:00.000Z,SELL,0.04,1,1,40.00,1,44360.00
2026-03-23T09:06:00.000Z,2026-03-23T09:08:00.000Z,SELL,0.04,1,1,40.00,1,44400.00
2026-03-23T09:08:00.000Z,2026-03-23T09:08:00.000Z,SELL,0.04,1,1,40.00,1,44440.00
2026-03-23T09:08:00.000Z,2026-03-23T09:10:00.000Z,SELL,0.04,2,1,40.00,2,44480.00
2026-03-23T09:10:00.000Z,2026-03-23T09:11:00.000Z,SELL,0.04,1,1,40.00,1,44520.00
2026-03-23T09:11:00.000Z,2026-03-23T09:11:00.000Z,SELL,0.04,1,1,40.00,1,44560.00
2026-03-23T09:11:00.000Z,2026-03-23T09:14:00.000Z,SELL,0.04,1,1,40.00,1,44600.00
2026-03-23T09:14:00.000Z,2026-03-23T09:18:00.000Z,SELL,0.04,3,1,40.00,3,44640.00
2026-03-23T09:18:00.000Z,2026-03-23T09:20:00.000Z,SELL,0.04,1,1,40.00,1,44680.00
2026-03-23T09:20:00.000Z,2026-03-23T09:22:00.000Z,SELL,0.04,1,1,40.00,1,44720.00
2026-03-23T09:22:00.000Z,2026-03-23T09:24:00.000Z,SELL,0.04,2,1,40.00,2,44760.00
2026-03-23T09:24:00.000Z,2026-03-23T09:25:00.000Z,SELL,0.04,1,1,40.00,1,44800.00
2026-03-23T09:25:00.000Z,2026-03-23T09:31:00.000Z,SELL,0.04,2,1,40.00,2,44840.00
2026-03-23T09:31:00.000Z,2026-03-23T09:32:00.000Z,SELL,0.04,1,1,40.00,1,44880.00
2026-03-23T09:32:00.000Z,2026-03-23T09:36:00.000Z,SELL,0.04,2,1,40.00,2,44920.00
2026-03-23T09:36:00.000Z,2026-03-23T09:41:00.000Z,SELL,0.04,2,1,40.00,2,44960.00
2026-03-23T09:41:00.000Z,2026-03-23T09:42:00.000Z,SELL,0.04,1,1,40.00,1,45000.00
2026-03-23T09:42:00.000Z,2026-03-23T09:46:00.000Z,SELL,0.04,2,1,40.00,2,45040.00
2026-03-23T09:46:00.000Z,2026-03-23T09:50:00.000Z,SELL,0.04,1,1,40.00,1,45080.00
2026-03-23T09:50:00.000Z,2026-03-23T09:53:00.000Z,SELL,0.04,1,1,40.00,1,45120.00
2026-03-23T09:53:00.000Z,2026-03-23T09:53:00.000Z,SELL,0.04,1,1,40.00,1,45160.00
2026-03-23T09:53:00.000Z,2026-03-23T10:00:00.000Z,SELL,0.04,2,1,40.00,2,45200.00
2026-03-23T10:00:00.000Z,2026-03-23T10:02:00.000Z,SELL,0.04,1,1,40.00,1,45240.00
2026-03-23T10:02:00.000Z,2026-03-23T10:08:00.000Z,SELL,0.04,2,1,40.00,2,45280.00
2026-03-23T10:08:00.000Z,2026-03-23T10:10:00.000Z,SELL,0.04,1,1,40.00,1,45320.00
2026-03-23T10:10:00.000Z,2026-03-23T10:18:00.000Z,SELL,0.04,3,1,40.00,3,45360.00
2026-03-23T10:18:00.000Z,2026-03-23T10:32:00.000Z,SELL,0.04,2,1,40.00,2,45400.00
2026-03-23T10:32:00.000Z,2026-03-23T10:38:00.000Z,SELL,0.04,3,1,40.00,3,45440.00
2026-03-23T10:38:00.000Z,2026-03-23T10:45:00.000Z,SELL,0.04,2,1,40.00,2,45480.00
2026-03-23T10:45:00.000Z,2026-03-23T10:46:00.000Z,SELL,0.04,1,1,40.00,1,45520.00
2026-03-23T10:46:00.000Z,2026-03-23T10:49:00.000Z,SELL,0.04,1,1,40.00,1,45560.00
2026-03-23T10:49:00.000Z,2026-03-23T10:50:00.000Z,SELL,0.04,1,1,40.00,1,45600.00
2026-03-23T10:50:00.000Z,2026-03-23T10:51:00.000Z,SELL,0.04,1,1,40.00,1,45640.00
2026-03-23T10:51:00.000Z,2026-03-23T11:00:00.000Z,SELL,0.04,2,1,40.00,2,45680.00
2026-03-23T11:00:00.000Z,2026-03-23T11:02:00.000Z,SELL,0.04,1,1,40.00,1,45720.00
2026-03-23T11:02:00.000Z,2026-03-23T11:15:00.000Z,SELL,0.04,2,1,40.00,2,45760.00
2026-03-23T11:15:00.000Z,2026-03-23T11:30:00.000Z,SELL,0.04,2,1,40.00,2,45800.00
2026-03-23T11:30:00.000Z,2026-03-23T11:31:00.000Z,SELL,0.04,1,1,40.00,1,45840.00
2026-03-23T11:31:00.000Z,2026-03-23T11:32:00.000Z,SELL,0.04,1,1,40.00,1,45880.00
2026-03-23T11:32:00.000Z,2026-03-23T11:36:00.000Z,SELL,0.04,1,1,40.00,1,45920.00
2026-03-23T11:36:00.000Z,2026-03-23T11:37:00.000Z,SELL,0.04,1,1,40.00,1,45960.00
2026-03-23T11:37:00.000Z,2026-03-23T11:38:00.000Z,SELL,0.04,1,1,40.00,1,46000.00
2026-03-23T11:38:00.000Z,2026-03-23T11:39:00.000Z,SELL,0.04,1,1,40.00,1,46040.00
2026-03-23T11:39:00.000Z,2026-03-23T11:40:00.000Z,SELL,0.04,1,1,40.00,1,46080.00
2026-03-23T11:40:00.000Z,2026-03-23T11:44:00.000Z,SELL,0.04,1,1,40.00,1,46120.00
2026-03-23T11:44:00.000Z,2026-03-23T11:59:00.000Z,SELL,0.04,2,1,40.00,2,46160.00
2026-03-23T11:59:00.000Z,2026-03-23T12:03:00.000Z,SELL,0.04,1,1,40.00,1,46200.00
2026-03-23T12:03:00.000Z,2026-03-23T12:24:00.000Z,SELL,0.04,2,1,40.00,2,46240.00
2026-03-23T12:24:00.000Z,2026-03-23T12:30:00.000Z,SELL,0.04,1,1,40.00,1,46280.00
2026-03-23T12:30:00.000Z,2026-03-23T12:37:00.000Z,SELL,0.04,1,1,40.00,1,46320.00
2026-03-23T12:37:00.000Z,2026-03-23T12:39:00.000Z,SELL,0.04,1,1,40.00,1,46360.00
2026-03-23T12:39:00.000Z,2026-03-23T12:50:00.000Z,SELL,0.04,2,1,40.00,2,46400.00
2026-03-23T12:50:00.000Z,2026-03-23T12:53:00.000Z,SELL,0.04,1,1,40.00,1,46440.00
2026-03-23T12:53:00.000Z,2026-03-23T12:56:00.000Z,SELL,0.04,1,1,40.00,1,46480.00
2026-03-23T12:56:00.000Z,2026-03-23T13:00:00.000Z,SELL,0.04,2,1,40.00,2,46520.00
2026-03-23T13:00:00.000Z,2026-03-23T13:05:00.000Z,SELL,0.04,2,1,40.00,2,46560.00
2026-03-23T13:05:00.000Z,2026-03-23T13:06:00.000Z,SELL,0.04,2,1,40.00,2,46600.00
2026-03-23T13:06:00.000Z,2026-03-23T13:06:00.000Z,SELL,0.04,2,1,40.00,2,46640.00
2026-03-23T13:06:00.000Z,2026-03-23T13:07:00.000Z,SELL,0.04,2,1,40.00,2,46680.00
2026-03-23T13:07:00.000Z,2026-03-23T13:08:00.000Z,SELL,0.04,1,1,40.00,1,46720.00
2026-03-23T13:08:00.000Z,2026-03-23T13:08:00.000Z,SELL,0.04,1,1,40.00,1,46760.00
2026-03-23T13:08:00.000Z,2026-03-23T13:10:00.000Z,SELL,0.04,2,1,40.00,2,46800.00
2026-03-23T13:10:00.000Z,2026-03-23T13:11:00.000Z,SELL,0.04,2,1,40.00,2,46840.00
2026-03-23T13:11:00.000Z,2026-03-23T13:11:00.000Z,SELL,0.04,1,1,40.00,1,46880.00
2026-03-23T13:11:00.000Z,2026-03-23T13:11:00.000Z,SELL,0.04,1,1,40.00,1,46920.00
2026-03-23T13:11:00.000Z,2026-03-23T13:14:00.000Z,SELL,0.04,2,1,40.00,2,46960.00
2026-03-23T13:14:00.000Z,2026-03-23T13:15:00.000Z,SELL,0.04,1,1,40.00,1,47000.00
2026-03-23T13:15:00.000Z,2026-03-23T13:15:00.000Z,SELL,0.04,1,1,40.00,1,47040.00
2026-03-23T13:15:00.000Z,2026-03-23T13:15:00.000Z,SELL,0.04,1,1,40.00,1,47080.00
2026-03-23T13:15:00.000Z,2026-03-23T13:16:00.000Z,SELL,0.04,1,1,40.00,1,47120.00
2026-03-23T13:16:00.000Z,2026-03-23T13:16:00.000Z,SELL,0.04,1,1,40.00,1,47160.00
2026-03-23T13:16:00.000Z,2026-03-23T13:19:00.000Z,SELL,0.04,1,1,40.00,1,47200.00
2026-03-23T13:19:00.000Z,2026-03-23T13:19:00.000Z,SELL,0.04,1,1,40.00,1,47240.00
2026-03-23T13:19:00.000Z,2026-03-23T13:20:00.000Z,SELL,0.04,3,1,40.00,3,47280.00
2026-03-23T13:20:00.000Z,2026-03-23T13:22:00.000Z,SELL,0.04,1,1,40.00,1,47320.00
2026-03-23T13:22:00.000Z,2026-03-23T13:26:00.000Z,SELL,0.04,2,1,40.00,2,47360.00
2026-03-23T13:26:00.000Z,2026-03-23T13:28:00.000Z,SELL,0.04,1,1,40.00,1,47400.00
2026-03-23T13:28:00.000Z,2026-03-23T13:34:00.000Z,SELL,0.04,2,1,40.00,2,47440.00
2026-03-23T13:34:00.000Z,2026-03-23T13:38:00.000Z,SELL,0.04,3,1,40.00,3,47480.00
2026-03-23T13:38:00.000Z,2026-03-23T13:40:00.000Z,SELL,0.04,1,1,40.00,1,47520.00
2026-03-23T13:40:00.000Z,2026-03-23T13:48:00.000Z,SELL,0.04,3,1,40.00,3,47560.00
2026-03-23T13:48:00.000Z,2026-03-23T13:53:00.000Z,SELL,0.04,2,1,40.00,2,47600.00
2026-03-23T13:53:00.000Z,2026-03-23T13:55:00.000Z,SELL,0.04,1,1,40.00,1,47640.00
2026-03-23T13:55:00.000Z,2026-03-23T13:55:00.000Z,SELL,0.04,1,1,40.00,1,47680.00
2026-03-23T13:55:00.000Z,2026-03-23T13:56:00.000Z,SELL,0.04,1,1,40.00,1,47720.00
2026-03-23T13:56:00.000Z,2026-03-23T13:57:00.000Z,SELL,0.04,1,1,40.00,1,47760.00
2026-03-23T13:57:00.000Z,2026-03-23T14:01:00.000Z,SELL,0.04,1,1,40.00,1,47800.00
2026-03-23T14:01:00.000Z,2026-03-23T14:05:00.000Z,SELL,0.04,1,1,40.00,1,47840.00
2026-03-23T14:05:00.000Z,2026-03-23T14:06:00.000Z,SELL,0.04,1,1,40.00,1,47880.00
2026-03-23T14:06:00.000Z,2026-03-23T14:09:00.000Z,SELL,0.04,2,1,40.00,2,47920.00
2026-03-23T14:09:00.000Z,2026-03-23T14:14:00.000Z,SELL,0.04,1,1,40.00,1,47960.00
2026-03-23T14:14:00.000Z,2026-03-23T14:17:00.000Z,SELL,0.04,2,1,40.00,2,48000.00
2026-03-23T14:17:00.000Z,2026-03-23T14:30:00.000Z,SELL,0.04,1,1,40.00,1,48040.00
2026-03-23T14:30:00.000Z,2026-03-23T14:33:00.000Z,SELL,0.04,2,1,40.00,2,48080.00
2026-03-23T14:33:00.000Z,2026-03-23T14:42:00.000Z,SELL,0.04,2,1,40.00,2,48120.00
2026-03-23T14:42:00.000Z,2026-03-23T14:50:00.000Z,SELL,0.04,2,1,40.00,2,48160.00
2026-03-23T14:50:00.000Z,2026-03-23T15:01:00.000Z,SELL,0.04,3,1,40.00,3,48200.00
2026-03-23T15:01:00.000Z,2026-03-23T15:02:00.000Z,SELL,0.04,1,1,40.00,1,48240.00
2026-03-23T15:02:00.000Z,2026-03-23T15:05:00.000Z,SELL,0.04,1,1,40.00,1,48280.00
2026-03-23T15:05:00.000Z,2026-03-23T15:19:00.000Z,SELL,0.04,3,1,40.00,3,48320.00
2026-03-23T15:19:00.000Z,2026-03-23T15:24:00.000Z,SELL,0.04,1,1,40.00,1,48360.00
2026-03-23T15:24:00.000Z,2026-03-23T15:29:00.000Z,SELL,0.04,1,1,40.00,1,48400.00
2026-03-23T15:29:00.000Z,2026-03-23T15:37:00.000Z,SELL,0.04,2,1,40.00,2,48440.00
2026-03-23T15:37:00.000Z,2026-03-23T15:38:00.000Z,SELL,0.04,1,1,40.00,1,48480.00
2026-03-23T15:38:00.000Z,2026-03-23T15:52:00.000Z,SELL,0.04,4,1,40.00,4,48520.00
2026-03-23T15:52:00.000Z,2026-03-23T15:55:00.000Z,SELL,0.04,1,1,40.00,1,48560.00
2026-03-23T15:55:00.000Z,2026-03-23T16:03:00.000Z,SELL,0.04,2,1,40.00,2,48600.00
2026-03-23T16:03:00.000Z,2026-03-23T16:04:00.000Z,SELL,0.04,1,1,40.00,1,48640.00
2026-03-23T16:04:00.000Z,2026-03-23T16:06:00.000Z,SELL,0.04,1,1,40.00,1,48680.00
2026-03-23T16:06:00.000Z,2026-03-23T16:17:00.000Z,SELL,0.04,2,1,40.00,2,48720.00
2026-03-23T16:17:00.000Z,2026-03-23T16:30:00.000Z,SELL,0.04,3,1,40.00,3,48760.00
2026-03-23T16:30:00.000Z,2026-03-23T16:50:00.000Z,SELL,0.04,3,1,40.00,3,48800.00
2026-03-23T16:50:00.000Z,2026-03-23T17:16:00.000Z,SELL,0.04,3,1,40.00,3,48840.00
2026-03-23T17:16:00.000Z,2026-03-23T17:17:00.000Z,SELL,0.04,1,1,40.00,1,48880.00
2026-03-23T17:17:00.000Z,2026-03-23T17:18:00.000Z,SELL,0.04,1,1,40.00,1,48920.00
2026-03-23T17:18:00.000Z,2026-03-23T17:36:00.000Z,SELL,0.04,3,1,40.00,3,48960.00
2026-03-23T17:36:00.000Z,2026-03-23T17:40:00.000Z,SELL,0.04,1,1,40.00,1,49000.00
2026-03-23T17:40:00.000Z,2026-03-23T17:46:00.000Z,SELL,0.04,1,1,40.00,1,49040.00
2026-03-23T17:46:00.000Z,2026-03-23T17:52:00.000Z,SELL,0.04,1,1,40.00,1,49080.00
2026-03-23T17:52:00.000Z,2026-03-23T17:55:00.000Z,SELL,0.04,1,1,40.00,1,49120.00
2026-03-23T17:55:00.000Z,2026-03-23T17:55:00.000Z,SELL,0.04,1,1,40.00,1,49160.00
2026-03-23T17:55:00.000Z,2026-03-23T17:57:00.000Z,SELL,0.04,1,1,40.00,1,49200.00
2026-03-23T17:57:00.000Z,2026-03-23T17:59:00.000Z,SELL,0.04,1,1,40.00,1,49240.00
2026-03-23T17:59:00.000Z,2026-03-23T18:11:00.000Z,SELL,0.04,2,1,40.00,2,49280.00
2026-03-23T18:11:00.000Z,2026-03-23T18:17:00.000Z,SELL,0.04,1,1,40.00,1,49320.00
2026-03-23T18:17:00.000Z,2026-03-23T18:21:00.000Z,SELL,0.04,1,1,40.00,1,49360.00
2026-03-23T18:21:00.000Z,2026-03-23T18:50:00.000Z,SELL,0.04,2,1,40.00,2,49400.00
2026-03-23T18:50:00.000Z,2026-03-23T18:51:00.000Z,SELL,0.04,1,1,40.00,1,49440.00
2026-03-23T18:51:00.000Z,2026-03-23T19:05:00.000Z,SELL,0.04,1,1,40.00,1,49480.00
2026-03-23T19:05:00.000Z,2026-03-23T19:09:00.000Z,SELL,0.04,2,1,40.00,2,49520.00
2026-03-23T19:09:00.000Z,2026-03-23T19:17:00.000Z,SELL,0.04,1,1,40.00,1,49560.00
2026-03-23T19:17:00.000Z,2026-03-23T19:31:00.000Z,SELL,0.04,2,1,40.00,2,49600.00
2026-03-23T19:31:00.000Z,2026-03-23T19:48:00.000Z,SELL,0.04,1,1,40.00,1,49640.00
2026-03-23T19:48:00.000Z,2026-03-23T20:34:00.000Z,SELL,0.04,2,1,40.00,2,49680.00
2026-03-23T20:34:00.000Z,2026-03-23T21:08:00.000Z,SELL,0.04,3,1,40.00,3,49720.00
2026-03-23T21:08:00.000Z,2026-03-23T21:13:00.000Z,SELL,0.04,1,1,40.00,1,49760.00
2026-03-23T21:13:00.000Z,2026-03-23T21:13:00.000Z,SELL,0.04,1,1,40.00,1,49800.00
2026-03-23T21:13:00.000Z,2026-03-23T21:16:00.000Z,SELL,0.04,1,1,40.00,1,49840.00
2026-03-23T21:16:00.000Z,2026-03-23T22:00:00.000Z,SELL,0.04,3,1,40.00,3,49880.00
2026-03-23T22:00:00.000Z,2026-03-24T00:00:00.000Z,SELL,0.04,2,1,40.00,2,49920.00
2026-03-24T00:00:00.000Z,2026-03-24T00:03:00.000Z,SELL,0.04,1,1,40.00,1,49960.00
2026-03-24T00:03:00.000Z,2026-03-24T00:04:00.000Z,SELL,0.04,1,1,40.00,1,50000.00
2026-03-24T00:04:00.000Z,2026-03-24T00:04:00.000Z,SELL,0.05,1,1,50.00,1,50050.00
2026-03-24T00:04:00.000Z,2026-03-24T00:05:00.000Z,SELL,0.05,1,1,50.00,1,50100.00
2026-03-24T00:05:00.000Z,2026-03-24T00:06:00.000Z,SELL,0.05,1,1,50.00,1,50150.00
2026-03-24T00:06:00.000Z,2026-03-24T00:13:00.000Z,SELL,0.05,2,1,50.00,2,50200.00
2026-03-24T00:13:00.000Z,2026-03-24T00:54:00.000Z,SELL,0.05,2,1,50.00,2,50250.00
2026-03-24T00:54:00.000Z,2026-03-24T02:15:00.000Z,SELL,0.05,3,1,50.00,3,50300.00
2026-03-24T02:15:00.000Z,2026-03-24T02:27:00.000Z,BUY,0.05,2,1,50.00,2,50350.00
2026-03-24T02:27:00.000Z,2026-03-24T02:34:00.000Z,BUY,0.05,2,1,50.00,2,50400.00
2026-03-24T02:34:00.000Z,2026-03-24T02:34:00.000Z,BUY,0.05,1,1,50.00,1,50450.00
2026-03-24T02:34:00.000Z,2026-03-24T02:39:00.000Z,BUY,0.05,2,1,50.00,2,50500.00
2026-03-24T02:39:00.000Z,2026-03-24T02:39:00.000Z,BUY,0.05,1,1,50.00,1,50550.00
2026-03-24T02:39:00.000Z,2026-03-24T02:46:00.000Z,BUY,0.05,1,1,50.00,1,50600.00
2026-03-24T02:46:00.000Z,2026-03-24T02:48:00.000Z,BUY,0.05,1,1,50.00,1,50650.00
2026-03-24T02:48:00.000Z,2026-03-24T02:53:00.000Z,BUY,0.05,1,1,50.00,1,50700.00
2026-03-24T02:53:00.000Z,2026-03-24T03:08:00.000Z,BUY,0.05,2,1,50.00,2,50750.00
2026-03-24T03:08:00.000Z,2026-03-24T03:14:00.000Z,SELL,0.05,1,1,50.00,1,50800.00
2026-03-24T03:14:00.000Z,2026-03-24T03:14:00.000Z,SELL,0.05,1,1,50.00,1,50850.00
2026-03-24T03:14:00.000Z,2026-03-24T03:22:00.000Z,SELL,0.05,2,1,50.00,2,50900.00
2026-03-24T03:22:00.000Z,2026-03-24T03:41:00.000Z,SELL,0.05,1,1,50.00,1,50950.00
2026-03-24T03:41:00.000Z,2026-03-24T03:41:00.000Z,SELL,0.05,1,1,50.00,1,51000.00
2026-03-24T03:41:00.000Z,2026-03-24T03:43:00.000Z,SELL,0.05,1,1,50.00,1,51050.00
2026-03-24T03:43:00.000Z,2026-03-24T03:47:00.000Z,SELL,0.05,1,1,50.00,1,51100.00
2026-03-24T03:47:00.000Z,2026-03-24T04:12:00.000Z,SELL,0.05,1,1,50.00,1,51150.00
2026-03-24T04:12:00.000Z,2026-03-24T04:22:00.000Z,SELL,0.05,2,1,50.00,2,51200.00
2026-03-24T04:22:00.000Z,2026-03-24T04:33:00.000Z,SELL,0.05,2,1,50.00,2,51250.00
2026-03-24T04:33:00.000Z,2026-03-24T04:40:00.000Z,SELL,0.05,1,1,50.00,1,51300.00
2026-03-24T04:40:00.000Z,2026-03-24T05:34:00.000Z,SELL,0.05,3,1,50.00,3,51350.00
2026-03-24T05:34:00.000Z,2026-03-24T05:46:00.000Z,SELL,0.05,1,1,50.00,1,51400.00
2026-03-24T05:46:00.000Z,2026-03-24T07:05:00.000Z,SELL,0.05,3,1,50.00,3,51450.00
2026-03-24T07:05:00.000Z,2026-03-24T07:40:00.000Z,SELL,0.05,4,1,50.00,4,51500.00
2026-03-24T07:40:00.000Z,2026-03-24T07:57:00.000Z,SELL,0.05,1,1,50.00,1,51550.00
2026-03-24T07:57:00.000Z,2026-03-24T08:22:00.000Z,SELL,0.05,2,1,50.00,2,51600.00
2026-03-24T08:22:00.000Z,2026-03-24T09:00:00.000Z,SELL,0.05,4,1,50.00,4,51650.00
2026-03-24T09:00:00.000Z,2026-03-24T10:20:00.000Z,SELL,0.05,3,1,50.00,3,51700.00
2026-03-24T10:20:00.000Z,2026-03-24T11:57:00.000Z,SELL,0.05,2,1,50.00,2,51750.00
2026-03-24T11:57:00.000Z,2026-03-24T12:02:00.000Z,SELL,0.05,1,1,50.00,1,51800.00
2026-03-24T12:02:00.000Z,2026-03-24T12:08:00.000Z,BUY,0.05,1,1,50.00,1,51850.00
2026-03-24T12:08:00.000Z,2026-03-24T12:56:00.000Z,BUY,0.05,1,1,50.00,1,51900.00
2026-03-24T12:56:00.000Z,2026-03-24T13:01:00.000Z,BUY,0.05,2,1,50.00,2,51950.00
2026-03-24T13:01:00.000Z,2026-03-24T13:01:00.000Z,BUY,0.05,2,1,50.00,2,52000.00
2026-03-24T13:01:00.000Z,2026-03-24T13:01:00.000Z,BUY,0.05,1,1,50.00,1,52050.00
2026-03-24T13:01:00.000Z,2026-03-24T13:02:00.000Z,BUY,0.05,1,1,50.00,1,52100.00
2026-03-24T13:02:00.000Z,2026-03-24T13:02:00.000Z,BUY,0.05,1,1,50.00,1,52150.00
2026-03-24T13:02:00.000Z,2026-03-24T13:08:00.000Z,BUY,0.05,1,1,50.00,1,52200.00
2026-03-24T13:08:00.000Z,2026-03-24T13:34:00.000Z,BUY,0.05,1,1,50.00,1,52250.00
2026-03-24T13:34:00.000Z,2026-03-24T13:53:00.000Z,BUY,0.05,2,1,50.00,2,52300.00
2026-03-24T13:53:00.000Z,2026-03-24T13:58:00.000Z,BUY,0.05,1,1,50.00,1,52350.00
2026-03-24T13:58:00.000Z,2026-03-24T14:12:00.000Z,BUY,0.05,1,1,50.00,1,52400.00
2026-03-24T14:12:00.000Z,2026-03-24T14:33:00.000Z,BUY,0.05,2,1,50.00,2,52450.00
2026-03-24T14:33:00.000Z,2026-03-24T15:29:00.000Z,BUY,0.05,4,1,50.00,4,52500.00
2026-03-24T15:29:00.000Z,2026-03-24T15:30:00.000Z,BUY,0.05,1,1,50.00,1,52550.00
2026-03-24T15:30:00.000Z,2026-03-24T15:53:00.000Z,BUY,0.05,1,1,50.00,1,52600.00
2026-03-24T15:53:00.000Z,2026-03-24T16:01:00.000Z,BUY,0.05,1,1,50.00,1,52650.00
2026-03-24T16:01:00.000Z,2026-03-24T16:10:00.000Z,BUY,0.05,1,1,50.00,1,52700.00
2026-03-24T16:10:00.000Z,2026-03-24T16:26:00.000Z,BUY,0.05,1,1,50.00,1,52750.00
2026-03-24T16:26:00.000Z,2026-03-24T16:42:00.000Z,BUY,0.05,1,1,50.00,1,52800.00
2026-03-24T16:42:00.000Z,2026-03-24T16:52:00.000Z,BUY,0.05,1,1,50.00,1,52850.00
2026-03-24T16:52:00.000Z,2026-03-24T17:10:00.000Z,BUY,0.05,2,1,50.00,2,52900.00
2026-03-24T17:10:00.000Z,2026-03-24T17:11:00.000Z,BUY,0.05,1,1,50.00,1,52950.00
2026-03-24T17:11:00.000Z,2026-03-24T17:26:00.000Z,BUY,0.05,1,1,50.00,1,53000.00
2026-03-24T17:26:00.000Z,2026-03-24T17:49:00.000Z,BUY,0.05,1,1,50.00,1,53050.00
2026-03-24T17:49:00.000Z,2026-03-24T19:05:00.000Z,BUY,0.05,2,1,50.00,2,53100.00
2026-03-24T19:05:00.000Z,2026-03-24T20:30:00.000Z,BUY,0.05,3,1,50.00,3,53150.00
2026-03-24T20:30:00.000Z,2026-03-24T20:32:00.000Z,BUY,0.05,1,1,50.00,1,53200.00
2026-03-24T20:32:00.000Z,2026-03-24T20:58:00.000Z,BUY,0.05,2,1,50.00,2,53250.00
2026-03-24T20:58:00.000Z,2026-03-24T21:06:00.000Z,BUY,0.05,1,1,50.00,1,53300.00
2026-03-24T21:06:00.000Z,2026-03-24T21:27:00.000Z,BUY,0.05,1,1,50.00,1,53350.00
2026-03-24T21:27:00.000Z,2026-03-24T22:22:00.000Z,BUY,0.05,1,1,50.00,1,53400.00
2026-03-24T22:22:00.000Z,2026-03-24T22:22:00.000Z,BUY,0.05,1,1,50.00,1,53450.00
2026-03-24T22:22:00.000Z,2026-03-24T22:24:00.000Z,BUY,0.05,1,1,50.00,1,53500.00
2026-03-24T22:24:00.000Z,2026-03-24T22:24:00.000Z,BUY,0.05,1,1,50.00,1,53550.00
2026-03-24T22:24:00.000Z,2026-03-24T22:24:00.000Z,BUY,0.05,1,1,50.00,1,53600.00
2026-03-24T22:24:00.000Z,2026-03-24T22:25:00.000Z,BUY,0.05,1,1,50.00,1,53650.00
2026-03-24T22:25:00.000Z,2026-03-24T22:26:00.000Z,BUY,0.05,1,1,50.00,1,53700.00
2026-03-24T22:26:00.000Z,2026-03-24T22:28:00.000Z,BUY,0.05,2,1,50.00,2,53750.00
2026-03-24T22:28:00.000Z,2026-03-24T22:30:00.000Z,BUY,0.05,1,1,50.00,1,53800.00
2026-03-24T22:30:00.000Z,2026-03-24T22:52:00.000Z,BUY,0.05,1,1,50.00,1,53850.00
2026-03-24T22:52:00.000Z,2026-03-25T00:05:00.000Z,BUY,0.05,1,1,50.00,1,53900.00
2026-03-25T00:05:00.000Z,2026-03-25T01:16:00.000Z,BUY,0.05,3,1,50.00,3,53950.00
2026-03-25T01:16:00.000Z,2026-03-25T01:26:00.000Z,BUY,0.05,1,1,50.00,1,54000.00
2026-03-25T01:26:00.000Z,2026-03-25T01:36:00.000Z,BUY,0.05,1,1,50.00,1,54050.00
2026-03-25T01:36:00.000Z,2026-03-25T01:36:00.000Z,BUY,0.05,1,1,50.00,1,54100.00
2026-03-25T01:36:00.000Z,2026-03-25T01:39:00.000Z,BUY,0.05,1,1,50.00,1,54150.00
2026-03-25T01:39:00.000Z,2026-03-25T01:39:00.000Z,BUY,0.05,1,1,50.00,1,54200.00
2026-03-25T01:39:00.000Z,2026-03-25T02:27:00.000Z,BUY,0.05,1,1,50.00,1,54250.00
2026-03-25T02:27:00.000Z,2026-03-25T02:39:00.000Z,BUY,0.05,1,1,50.00,1,54300.00
2026-03-25T02:39:00.000Z,2026-03-25T03:09:00.000Z,BUY,0.05,1,1,50.00,1,54350.00
2026-03-25T03:09:00.000Z,2026-03-25T03:35:00.000Z,BUY,0.05,1,1,50.00,1,54400.00
2026-03-25T03:35:00.000Z,2026-03-25T03:49:00.000Z,BUY,0.05,1,1,50.00,1,54450.00
2026-03-25T03:49:00.000Z,2026-03-25T06:01:00.000Z,BUY,0.05,2,1,50.00,2,54500.00
2026-03-25T06:01:00.000Z,2026-03-25T08:14:00.000Z,BUY,0.05,2,1,50.00,2,54550.00
2026-03-25T08:14:00.000Z,2026-03-25T08:18:00.000Z,BUY,0.05,1,1,50.00,1,54600.00
2026-03-25T08:18:00.000Z,2026-03-25T08:33:00.000Z,BUY,0.05,1,1,50.00,1,54650.00
2026-03-25T08:33:00.000Z,2026-03-25T10:21:00.000Z,BUY,0.05,3,1,50.00,3,54700.00
2026-03-25T10:21:00.000Z,2026-03-25T11:48:00.000Z,BUY,0.05,2,1,50.00,2,54750.00
2026-03-25T11:48:00.000Z,2026-03-25T11:54:00.000Z,BUY,0.05,1,1,50.00,1,54800.00
2026-03-25T11:54:00.000Z,2026-03-25T12:01:00.000Z,BUY,0.05,1,1,50.00,1,54850.00
2026-03-25T12:01:00.000Z,2026-03-25T13:05:00.000Z,BUY,0.05,1,1,50.00,1,54900.00
2026-03-25T13:05:00.000Z,2026-03-25T13:23:00.000Z,BUY,0.05,1,1,50.00,1,54950.00
2026-03-25T13:23:00.000Z,2026-03-25T14:28:00.000Z,BUY,0.05,2,1,50.00,2,55000.00
2026-03-25T14:28:00.000Z,2026-03-25T15:03:00.000Z,BUY,0.05,3,1,50.00,3,55050.00
2026-03-25T15:03:00.000Z,2026-03-25T15:04:00.000Z,BUY,0.05,1,1,50.00,1,55100.00
2026-03-25T15:04:00.000Z,2026-03-25T16:00:00.000Z,BUY,0.05,2,1,50.00,2,55150.00
2026-03-25T16:00:00.000Z,2026-03-25T16:02:00.000Z,BUY,0.05,1,1,50.00,1,55200.00
2026-03-25T16:02:00.000Z,2026-03-25T16:16:00.000Z,BUY,0.05,1,1,50.00,1,55250.00
2026-03-25T16:16:00.000Z,2026-03-25T16:45:00.000Z,BUY,0.05,1,1,50.00,1,55300.00
2026-03-25T16:45:00.000Z,2026-03-25T17:16:00.000Z,BUY,0.05,2,1,50.00,2,55350.00
2026-03-25T17:16:00.000Z,2026-03-25T17:20:00.000Z,BUY,0.05,1,1,50.00,1,55400.00
2026-03-25T17:20:00.000Z,2026-03-25T17:24:00.000Z,BUY,0.05,1,1,50.00,1,55450.00
2026-03-25T17:24:00.000Z,2026-03-25T21:06:00.000Z,BUY,0.05,2,1,50.00,2,55500.00
2026-03-25T21:06:00.000Z,2026-03-25T21:10:00.000Z,BUY,0.05,2,1,50.00,2,55550.00
2026-03-25T21:10:00.000Z,2026-03-25T21:14:00.000Z,BUY,0.05,1,1,50.00,1,55600.00
2026-03-25T21:14:00.000Z,2026-03-25T21:41:00.000Z,BUY,0.05,1,1,50.00,1,55650.00
2026-03-25T21:41:00.000Z,2026-03-25T21:58:00.000Z,BUY,0.05,1,1,50.00,1,55700.00
2026-03-25T21:58:00.000Z,2026-03-25T22:02:00.000Z,BUY,0.05,1,1,50.00,1,55750.00
2026-03-25T22:02:00.000Z,2026-03-25T22:37:00.000Z,BUY,0.05,2,1,50.00,2,55800.00
2026-03-25T22:37:00.000Z,2026-03-26T00:04:00.000Z,BUY,0.05,1,1,50.00,1,55850.00
2026-03-26T00:04:00.000Z,2026-03-26T00:05:00.000Z,BUY,0.05,1,1,50.00,1,55900.00
2026-03-26T00:05:00.000Z,2026-03-26T01:05:00.000Z,BUY,0.05,4,1,50.00,4,55950.00
2026-03-26T01:05:00.000Z,2026-03-26T01:07:00.000Z,BUY,0.05,1,1,50.00,1,56000.00
2026-03-26T01:07:00.000Z,2026-03-26T02:13:00.000Z,BUY,0.05,3,1,50.00,3,56050.00
2026-03-26T02:13:00.000Z,2026-03-26T02:16:00.000Z,BUY,0.05,1,1,50.00,1,56100.00
2026-03-26T02:16:00.000Z,2026-03-26T03:02:00.000Z,BUY,0.05,1,1,50.00,1,56150.00
2026-03-26T03:02:00.000Z,2026-03-26T04:38:00.000Z,BUY,0.05,2,1,50.00,2,56200.00
2026-03-26T04:38:00.000Z,2026-03-26T06:30:00.000Z,BUY,0.05,1,1,50.00,1,56250.00
2026-03-26T06:30:00.000Z,2026-03-26T07:09:00.000Z,SELL,0.05,1,1,50.00,1,56300.00
2026-03-26T07:09:00.000Z,2026-03-26T07:22:00.000Z,SELL,0.05,1,1,50.00,1,56350.00
2026-03-26T07:22:00.000Z,2026-03-26T07:28:00.000Z,SELL,0.05,1,1,50.00,1,56400.00
2026-03-26T07:28:00.000Z,2026-03-26T07:30:00.000Z,SELL,0.05,1,1,50.00,1,56450.00
2026-03-26T07:30:00.000Z,2026-03-26T07:47:00.000Z,SELL,0.05,1,1,50.00,1,56500.00
2026-03-26T07:47:00.000Z,2026-03-26T07:54:00.000Z,SELL,0.05,1,1,50.00,1,56550.00
2026-03-26T07:54:00.000Z,2026-03-26T07:57:00.000Z,SELL,0.05,1,1,50.00,1,56600.00
2026-03-26T07:57:00.000Z,2026-03-26T07:59:00.000Z,SELL,0.05,1,1,50.00,1,56650.00
2026-03-26T07:59:00.000Z,2026-03-26T08:01:00.000Z,SELL,0.05,1,1,50.00,1,56700.00
2026-03-26T08:01:00.000Z,2026-03-26T08:14:00.000Z,SELL,0.05,1,1,50.00,1,56750.00
2026-03-26T08:14:00.000Z,2026-03-26T08:46:00.000Z,SELL,0.05,2,1,50.00,2,56800.00
2026-03-26T08:46:00.000Z,2026-03-26T09:20:00.000Z,SELL,0.05,1,1,50.00,1,56850.00
2026-03-26T09:20:00.000Z,2026-03-26T10:25:00.000Z,SELL,0.05,3,1,50.00,3,56900.00
2026-03-26T10:25:00.000Z,2026-03-26T10:43:00.000Z,SELL,0.05,1,1,50.00,1,56950.00
2026-03-26T10:43:00.000Z,2026-03-26T13:20:00.000Z,SELL,0.05,4,1,50.00,4,57000.00
2026-03-26T13:20:00.000Z,2026-03-26T13:44:00.000Z,SELL,0.05,1,1,50.00,1,57050.00
2026-03-26T13:44:00.000Z,2026-03-26T13:49:00.000Z,SELL,0.05,1,1,50.00,1,57100.00
2026-03-26T13:49:00.000Z,2026-03-26T14:02:00.000Z,SELL,0.05,1,1,50.00,1,57150.00
2026-03-26T14:02:00.000Z,2026-03-26T15:23:00.000Z,SELL,0.05,2,1,50.00,2,57200.00
2026-03-26T15:23:00.000Z,2026-03-26T15:33:00.000Z,SELL,0.05,1,1,50.00,1,57250.00
2026-03-26T15:33:00.000Z,2026-03-26T16:22:00.000Z,SELL,0.05,4,1,50.00,4,57300.00
2026-03-26T16:22:00.000Z,2026-03-26T16:25:00.000Z,SELL,0.05,1,1,50.00,1,57350.00
2026-03-26T16:25:00.000Z,2026-03-26T16:55:00.000Z,SELL,0.05,3,1,50.00,3,57400.00
2026-03-26T16:55:00.000Z,2026-03-26T17:39:00.000Z,SELL,0.05,3,1,50.00,3,57450.00
2026-03-26T17:39:00.000Z,2026-03-26T18:01:00.000Z,SELL,0.05,1,1,50.00,1,57500.00
2026-03-26T18:01:00.000Z,2026-03-26T18:21:00.000Z,SELL,0.05,1,1,50.00,1,57550.00
2026-03-26T18:21:00.000Z,2026-03-26T18:21:00.000Z,SELL,0.05,1,1,50.00,1,57600.00
2026-03-26T18:21:00.000Z,2026-03-26T18:22:00.000Z,SELL,0.05,1,1,50.00,1,57650.00
2026-03-26T18:22:00.000Z,2026-03-26T18:30:00.000Z,SELL,0.05,1,1,50.00,1,57700.00
2026-03-26T18:30:00.000Z,2026-03-26T18:37:00.000Z,SELL,0.05,1,1,50.00,1,57750.00
2026-03-26T18:37:00.000Z,2026-03-26T21:54:00.000Z,SELL,0.05,5,1,50.00,5,57800.00
2026-03-26T21:54:00.000Z,2026-03-26T22:04:00.000Z,SELL,0.05,1,1,50.00,1,57850.00
2026-03-26T22:04:00.000Z,2026-03-26T22:12:00.000Z,SELL,0.05,2,1,50.00,2,57900.00
2026-03-26T22:12:00.000Z,2026-03-26T22:22:00.000Z,SELL,0.05,4,1,50.00,4,57950.00
2026-03-26T22:22:00.000Z,2026-03-26T22:24:00.000Z,SELL,0.05,1,1,50.00,1,58000.00
2026-03-26T22:24:00.000Z,2026-03-26T22:25:00.000Z,SELL,0.05,1,1,50.00,1,58050.00
2026-03-26T22:25:00.000Z,2026-03-26T22:51:00.000Z,SELL,0.05,3,1,50.00,3,58100.00
2026-03-26T22:51:00.000Z,2026-03-26T22:53:00.000Z,SELL,0.05,1,1,50.00,1,58150.00
2026-03-26T22:53:00.000Z,2026-03-27T00:15:00.000Z,SELL,0.05,2,1,50.00,2,58200.00
2026-03-27T00:15:00.000Z,2026-03-27T01:08:00.000Z,SELL,0.05,1,1,50.00,1,58250.00
2026-03-27T01:08:00.000Z,2026-03-27T02:23:00.000Z,SELL,0.05,1,1,50.00,1,58300.00
2026-03-27T02:23:00.000Z,2026-03-27T03:31:00.000Z,SELL,0.05,2,1,50.00,2,58350.00
2026-03-27T03:31:00.000Z,2026-03-27T05:39:00.000Z,SELL,0.05,2,1,50.00,2,58400.00
2026-03-27T05:39:00.000Z,2026-03-27T05:45:00.000Z,SELL,0.05,1,1,50.00,1,58450.00
2026-03-27T05:45:00.000Z,2026-03-27T07:35:00.000Z,SELL,0.05,2,1,50.00,2,58500.00
2026-03-27T07:35:00.000Z,2026-03-27T07:58:00.000Z,SELL,0.05,1,1,50.00,1,58550.00
2026-03-27T07:58:00.000Z,2026-03-27T09:54:00.000Z,SELL,0.05,1,1,50.00,1,58600.00
2026-03-27T09:54:00.000Z,2026-03-27T10:27:00.000Z,SELL,0.05,1,1,50.00,1,58650.00
2026-03-27T10:27:00.000Z,2026-03-27T14:50:00.000Z,BUY,0.05,3,1,50.00,3,58700.00
2026-03-27T14:50:00.000Z,2026-03-27T15:03:00.000Z,SELL,0.05,1,1,50.00,1,58750.00
2026-03-27T15:03:00.000Z,2026-03-27T15:26:00.000Z,SELL,0.05,1,1,50.00,1,58800.00
2026-03-27T15:26:00.000Z,2026-03-27T16:03:00.000Z,SELL,0.05,2,1,50.00,2,58850.00
2026-03-27T16:03:00.000Z,2026-03-27T16:50:00.000Z,SELL,0.05,2,1,50.00,2,58900.00
2026-03-27T16:50:00.000Z,2026-03-27T16:59:00.000Z,SELL,0.05,2,1,50.00,2,58950.00
2026-03-27T16:59:00.000Z,2026-03-27T17:00:00.000Z,SELL,0.05,1,1,50.00,1,59000.00
2026-03-27T17:00:00.000Z,2026-03-27T17:01:00.000Z,BUY,0.05,1,1,50.00,1,59050.00
2026-03-27T17:01:00.000Z,2026-03-27T17:12:00.000Z,BUY,0.05,1,1,50.00,1,59100.00
2026-03-27T17:12:00.000Z,2026-03-27T17:14:00.000Z,BUY,0.05,1,1,50.00,1,59150.00
2026-03-27T17:14:00.000Z,2026-03-27T17:21:00.000Z,BUY,0.05,1,1,50.00,1,59200.00
2026-03-27T17:21:00.000Z,2026-03-27T17:23:00.000Z,BUY,0.05,1,1,50.00,1,59250.00
2026-03-27T17:23:00.000Z,2026-03-27T17:55:00.000Z,BUY,0.05,2,1,50.00,2,59300.00
2026-03-27T17:55:00.000Z,2026-03-27T19:25:00.000Z,BUY,0.05,2,1,50.00,2,59350.00
2026-03-27T19:25:00.000Z,2026-03-27T20:15:00.000Z,BUY,0.05,1,1,50.00,1,59400.00
2026-03-27T20:15:00.000Z,2026-03-27T20:32:00.000Z,BUY,0.05,1,1,50.00,1,59450.00
2026-03-27T20:32:00.000Z,2026-03-27T20:37:00.000Z,BUY,0.05,1,1,50.00,1,59500.00
2026-03-27T20:37:00.000Z,2026-03-27T22:51:00.000Z,BUY,0.05,2,1,50.00,2,59550.00
2026-03-27T22:51:00.000Z,2026-03-30T01:04:00.000Z,BUY,0.05,3,1,50.00,3,59600.00
2026-03-30T01:04:00.000Z,2026-03-30T02:06:00.000Z,BUY,0.05,4,1,50.00,4,59650.00
2026-03-30T02:06:00.000Z,2026-03-30T02:49:00.000Z,BUY,0.05,2,1,50.00,2,59700.00
2026-03-30T02:49:00.000Z,2026-03-30T03:21:00.000Z,BUY,0.05,3,1,50.00,3,59750.00
2026-03-30T03:21:00.000Z,2026-03-30T03:26:00.000Z,BUY,0.05,1,1,50.00,1,59800.00
2026-03-30T03:26:00.000Z,2026-03-30T03:47:00.000Z,BUY,0.05,2,1,50.00,2,59850.00
2026-03-30T03:47:00.000Z,2026-03-30T04:00:00.000Z,BUY,0.05,1,1,50.00,1,59900.00
2026-03-30T04:00:00.000Z,2026-03-30T04:09:00.000Z,BUY,0.05,1,1,50.00,1,59950.00
2026-03-30T04:09:00.000Z,2026-03-30T04:21:00.000Z,BUY,0.05,1,1,50.00,1,60000.00
2026-03-30T04:21:00.000Z,2026-03-30T05:41:00.000Z,BUY,0.06,3,1,60.00,3,60060.00
2026-03-30T05:41:00.000Z,2026-03-30T05:42:00.000Z,BUY,0.06,1,1,60.00,1,60120.00
2026-03-30T05:42:00.000Z,2026-03-30T05:44:00.000Z,BUY,0.06,1,1,60.00,1,60180.00
2026-03-30T05:44:00.000Z,2026-03-30T06:08:00.000Z,BUY,0.06,1,1,60.00,1,60240.00
2026-03-30T06:08:00.000Z,2026-03-30T06:23:00.000Z,BUY,0.06,1,1,60.00,1,60300.00
2026-03-30T06:23:00.000Z,2026-03-30T07:14:00.000Z,BUY,0.06,2,1,60.00,2,60360.00
2026-03-30T07:14:00.000Z,2026-03-30T07:57:00.000Z,BUY,0.06,1,1,60.00,1,60420.00
2026-03-30T07:57:00.000Z,2026-03-30T08:13:00.000Z,BUY,0.06,1,1,60.00,1,60480.00
2026-03-30T08:13:00.000Z,2026-03-30T08:49:00.000Z,BUY,0.06,1,1,60.00,1,60540.00
2026-03-30T08:49:00.000Z,2026-03-30T08:54:00.000Z,BUY,0.06,1,1,60.00,1,60600.00
2026-03-30T08:54:00.000Z,2026-03-30T09:35:00.000Z,BUY,0.06,1,1,60.00,1,60660.00
2026-03-30T09:35:00.000Z,2026-03-30T09:49:00.000Z,BUY,0.06,1,1,60.00,1,60720.00
2026-03-30T09:49:00.000Z,2026-03-30T10:34:00.000Z,BUY,0.06,2,1,60.00,2,60780.00
2026-03-30T10:34:00.000Z,2026-03-30T11:02:00.000Z,BUY,0.06,1,1,60.00,1,60840.00
2026-03-30T11:02:00.000Z,2026-03-30T11:53:00.000Z,BUY,0.06,1,1,60.00,1,60900.00
2026-03-30T11:53:00.000Z,2026-03-30T14:42:00.000Z,BUY,0.06,1,1,60.00,1,60960.00
2026-03-30T14:42:00.000Z,2026-03-30T14:44:00.000Z,BUY,0.06,1,1,60.00,1,61020.00
2026-03-30T14:44:00.000Z,2026-03-30T14:45:00.000Z,BUY,0.06,1,1,60.00,1,61080.00
2026-03-30T14:45:00.000Z,2026-03-30T14:51:00.000Z,BUY,0.06,1,1,60.00,1,61140.00
2026-03-30T14:51:00.000Z,2026-03-30T15:01:00.000Z,BUY,0.06,2,1,60.00,2,61200.00
2026-03-30T15:01:00.000Z,2026-03-30T15:09:00.000Z,BUY,0.06,1,1,60.00,1,61260.00
2026-03-30T15:09:00.000Z,2026-03-30T15:30:00.000Z,BUY,0.06,1,1,60.00,1,61320.00
2026-03-30T15:30:00.000Z,2026-03-30T16:45:00.000Z,BUY,0.06,2,1,60.00,2,61380.00
2026-03-30T16:45:00.000Z,2026-03-30T18:40:00.000Z,BUY,0.06,3,1,60.00,3,61440.00
2026-03-30T18:40:00.000Z,2026-03-30T20:14:00.000Z,BUY,0.06,2,1,60.00,2,61500.00
2026-03-30T20:14:00.000Z,2026-03-31T03:16:00.000Z,BUY,0.06,5,0,-14520.00,5,46980.00
2026-03-31T03:16:00.000Z,2026-03-31T03:27:00.000Z,BUY,0.04,1,1,40.00,1,47020.00
2026-03-31T03:27:00.000Z,2026-03-31T03:36:00.000Z,BUY,0.04,1,1,40.00,1,47060.00
2026-03-31T03:36:00.000Z,2026-03-31T03:44:00.000Z,BUY,0.04,1,1,40.00,1,47100.00
2026-03-31T03:44:00.000Z,2026-03-31T03:45:00.000Z,BUY,0.04,1,1,40.00,1,47140.00
2026-03-31T03:45:00.000Z,2026-03-31T04:18:00.000Z,BUY,0.04,1,1,40.00,1,47180.00
2026-03-31T04:18:00.000Z,2026-03-31T04:19:00.000Z,BUY,0.04,1,1,40.00,1,47220.00
2026-03-31T04:19:00.000Z,2026-03-31T04:21:00.000Z,BUY,0.04,1,1,40.00,1,47260.00
2026-03-31T04:21:00.000Z,2026-03-31T04:24:00.000Z,BUY,0.04,1,1,40.00,1,47300.00
2026-03-31T04:24:00.000Z,2026-03-31T04:40:00.000Z,BUY,0.04,1,1,40.00,1,47340.00
2026-03-31T04:40:00.000Z,2026-03-31T04:41:00.000Z,BUY,0.04,1,1,40.00,1,47380.00
2026-03-31T04:41:00.000Z,2026-03-31T04:43:00.000Z,BUY,0.04,1,1,40.00,1,47420.00
2026-03-31T04:43:00.000Z,2026-03-31T05:24:00.000Z,BUY,0.04,2,1,40.00,2,47460.00
2026-03-31T05:24:00.000Z,2026-03-31T06:42:00.000Z,BUY,0.04,2,1,40.00,2,47500.00
2026-03-31T06:42:00.000Z,2026-03-31T07:06:00.000Z,BUY,0.04,1,1,40.00,1,47540.00
2026-03-31T07:06:00.000Z,2026-03-31T08:34:00.000Z,BUY,0.04,1,1,40.00,1,47580.00
2026-03-31T08:34:00.000Z,2026-03-31T10:19:00.000Z,BUY,0.04,2,1,40.00,2,47620.00
2026-03-31T10:19:00.000Z,2026-03-31T10:27:00.000Z,BUY,0.04,1,1,40.00,1,47660.00
2026-03-31T10:27:00.000Z,2026-03-31T10:59:00.000Z,BUY,0.04,1,1,40.00,1,47700.00
2026-03-31T10:59:00.000Z,2026-03-31T11:38:00.000Z,BUY,0.04,1,1,40.00,1,47740.00
2026-03-31T11:38:00.000Z,2026-03-31T13:38:00.000Z,BUY,0.04,2,1,40.00,2,47780.00
2026-03-31T13:38:00.000Z,2026-03-31T14:11:00.000Z,BUY,0.04,1,1,40.00,1,47820.00
2026-03-31T14:11:00.000Z,2026-03-31T14:17:00.000Z,BUY,0.04,1,1,40.00,1,47860.00
2026-03-31T14:17:00.000Z,2026-03-31T14:22:00.000Z,BUY,0.04,1,1,40.00,1,47900.00
2026-03-31T14:22:00.000Z,2026-03-31T14:39:00.000Z,BUY,0.04,1,1,40.00,1,47940.00
2026-03-31T14:39:00.000Z,2026-03-31T15:09:00.000Z,BUY,0.04,1,1,40.00,1,47980.00
2026-03-31T15:09:00.000Z,2026-03-31T16:54:00.000Z,BUY,0.04,3,1,40.00,3,48020.00
2026-03-31T16:54:00.000Z,2026-03-31T17:01:00.000Z,BUY,0.04,1,1,40.00,1,48060.00
2026-03-31T17:01:00.000Z,2026-03-31T17:33:00.000Z,BUY,0.04,1,1,40.00,1,48100.00
2026-03-31T17:33:00.000Z,2026-03-31T17:56:00.000Z,BUY,0.04,2,1,40.00,2,48140.00
2026-03-31T17:56:00.000Z,2026-03-31T18:01:00.000Z,BUY,0.04,1,1,40.00,1,48180.00
2026-03-31T18:01:00.000Z,2026-03-31T18:06:00.000Z,BUY,0.04,1,1,40.00,1,48220.00
2026-03-31T18:06:00.000Z,2026-03-31T19:39:00.000Z,BUY,0.04,1,1,40.00,1,48260.00
2026-03-31T19:39:00.000Z,2026-03-31T19:40:00.000Z,BUY,0.04,1,1,40.00,1,48300.00
2026-03-31T19:40:00.000Z,2026-03-31T19:41:00.000Z,BUY,0.04,1,1,40.00,1,48340.00
2026-03-31T19:41:00.000Z,2026-03-31T20:34:00.000Z,BUY,0.04,1,1,40.00,1,48380.00
2026-03-31T20:34:00.000Z,2026-03-31T21:10:00.000Z,BUY,0.04,1,1,40.00,1,48420.00
2026-03-31T21:10:00.000Z,2026-03-31T22:21:00.000Z,BUY,0.04,1,1,40.00,1,48460.00
2026-03-31T22:21:00.000Z,2026-04-01T01:38:00.000Z,BUY,0.04,1,1,40.00,1,48500.00
2026-04-01T01:38:00.000Z,2026-04-01T02:56:00.000Z,BUY,0.04,3,1,40.00,3,48540.00
2026-04-01T02:56:00.000Z,2026-04-01T03:15:00.000Z,BUY,0.04,1,1,40.00,1,48580.00
2026-04-01T03:15:00.000Z,2026-04-01T03:28:00.000Z,BUY,0.04,1,1,40.00,1,48620.00
2026-04-01T03:28:00.000Z,2026-04-01T04:06:00.000Z,BUY,0.04,2,1,40.00,2,48660.00
2026-04-01T04:06:00.000Z,2026-04-01T04:07:00.000Z,BUY,0.04,1,1,40.00,1,48700.00
2026-04-01T04:07:00.000Z,2026-04-01T07:17:00.000Z,BUY,0.04,2,1,40.00,2,48740.00
2026-04-01T07:17:00.000Z,2026-04-01T07:51:00.000Z,BUY,0.04,1,1,40.00,1,48780.00
2026-04-01T07:51:00.000Z,2026-04-01T08:30:00.000Z,BUY,0.04,1,1,40.00,1,48820.00
2026-04-01T08:30:00.000Z,2026-04-01T08:40:00.000Z,BUY,0.04,1,1,40.00,1,48860.00
2026-04-01T08:40:00.000Z,2026-04-01T09:27:00.000Z,BUY,0.04,1,1,40.00,1,48900.00
2026-04-01T09:27:00.000Z,2026-04-01T09:47:00.000Z,BUY,0.04,1,1,40.00,1,48940.00
2026-04-01T09:47:00.000Z,2026-04-01T09:58:00.000Z,BUY,0.04,1,1,40.00,1,48980.00
2026-04-01T09:58:00.000Z,2026-04-01T10:37:00.000Z,BUY,0.04,1,1,40.00,1,49020.00
2026-04-01T10:37:00.000Z,2026-04-01T10:53:00.000Z,BUY,0.04,2,1,40.00,2,49060.00
2026-04-01T10:53:00.000Z,2026-04-01T11:03:00.000Z,BUY,0.04,1,1,40.00,1,49100.00
2026-04-01T11:03:00.000Z,2026-04-01T11:25:00.000Z,BUY,0.04,1,1,40.00,1,49140.00
2026-04-01T11:25:00.000Z,2026-04-01T14:17:00.000Z,BUY,0.04,1,1,40.00,1,49180.00
2026-04-01T14:17:00.000Z,2026-04-01T14:39:00.000Z,BUY,0.04,1,1,40.00,1,49220.00
2026-04-01T14:39:00.000Z,2026-04-01T14:44:00.000Z,BUY,0.04,1,1,40.00,1,49260.00
2026-04-01T14:44:00.000Z,2026-04-01T15:21:00.000Z,BUY,0.04,2,1,40.00,2,49300.00
2026-04-01T15:21:00.000Z,2026-04-01T15:31:00.000Z,BUY,0.04,1,1,40.00,1,49340.00
2026-04-01T15:31:00.000Z,2026-04-01T15:44:00.000Z,BUY,0.04,1,1,40.00,1,49380.00
2026-04-01T15:44:00.000Z,2026-04-01T16:00:00.000Z,BUY,0.04,2,1,40.00,2,49420.00
2026-04-01T16:00:00.000Z,2026-04-01T16:13:00.000Z,BUY,0.04,1,1,40.00,1,49460.00
2026-04-01T16:13:00.000Z,2026-04-01T16:35:00.000Z,BUY,0.04,1,1,40.00,1,49500.00
2026-04-01T16:35:00.000Z,2026-04-01T17:22:00.000Z,BUY,0.04,1,1,40.00,1,49540.00
2026-04-01T17:22:00.000Z,2026-04-01T17:53:00.000Z,BUY,0.04,3,1,40.00,3,49580.00
2026-04-01T17:53:00.000Z,2026-04-01T18:10:00.000Z,BUY,0.04,1,1,40.00,1,49620.00
2026-04-01T18:10:00.000Z,2026-04-01T18:44:00.000Z,BUY,0.04,1,1,40.00,1,49660.00
2026-04-01T18:44:00.000Z,2026-04-01T21:22:00.000Z,BUY,0.04,2,1,40.00,2,49700.00
2026-04-01T21:22:00.000Z,2026-04-01T21:41:00.000Z,BUY,0.04,1,1,40.00,1,49740.00
2026-04-01T21:41:00.000Z,2026-04-01T22:39:00.000Z,BUY,0.04,1,1,40.00,1,49780.00
2026-04-01T22:39:00.000Z,2026-04-02T02:06:00.000Z,BUY,0.04,3,1,40.00,3,49820.00
2026-04-02T02:06:00.000Z,2026-04-02T02:19:00.000Z,BUY,0.04,1,1,40.00,1,49860.00
2026-04-02T02:19:00.000Z,2026-04-02T04:03:00.000Z,BUY,0.04,4,1,40.00,4,49900.00
2026-04-02T04:03:00.000Z,2026-04-02T04:04:00.000Z,BUY,0.04,2,1,40.00,2,49940.00
2026-04-02T04:04:00.000Z,2026-04-02T04:05:00.000Z,BUY,0.04,1,1,40.00,1,49980.00
2026-04-02T04:05:00.000Z,2026-04-02T04:10:00.000Z,BUY,0.04,3,1,40.00,3,50020.00
2026-04-02T04:10:00.000Z,2026-04-02T04:18:00.000Z,BUY,0.05,2,1,50.00,2,50070.00
2026-04-02T04:18:00.000Z,2026-04-02T04:26:00.000Z,BUY,0.05,2,1,50.00,2,50120.00
2026-04-02T04:26:00.000Z,2026-04-02T04:32:00.000Z,BUY,0.05,2,1,50.00,2,50170.00
2026-04-02T04:32:00.000Z,2026-04-02T04:34:00.000Z,BUY,0.05,1,1,50.00,1,50220.00
2026-04-02T04:34:00.000Z,2026-04-02T04:36:00.000Z,BUY,0.05,1,1,50.00,1,50270.00
2026-04-02T04:36:00.000Z,2026-04-02T04:39:00.000Z,BUY,0.05,1,1,50.00,1,50320.00
2026-04-02T04:39:00.000Z,2026-04-02T04:40:00.000Z,BUY,0.05,1,1,50.00,1,50370.00
2026-04-02T04:40:00.000Z,2026-04-02T05:32:00.000Z,BUY,0.05,4,1,50.00,4,50420.00
2026-04-02T05:32:00.000Z,2026-04-02T05:56:00.000Z,BUY,0.05,3,1,50.00,3,50470.00
2026-04-02T05:56:00.000Z,2026-04-02T06:22:00.000Z,BUY,0.05,1,1,50.00,1,50520.00
2026-04-02T06:22:00.000Z,2026-04-02T07:06:00.000Z,BUY,0.05,2,1,50.00,2,50570.00
2026-04-02T07:06:00.000Z,2026-04-02T08:25:00.000Z,BUY,0.05,1,1,50.00,1,50620.00
2026-04-02T08:25:00.000Z,2026-04-02T08:30:00.000Z,SELL,0.05,1,1,50.00,1,50670.00
2026-04-02T08:30:00.000Z,2026-04-02T08:33:00.000Z,SELL,0.05,1,1,50.00,1,50720.00
2026-04-02T08:33:00.000Z,2026-04-02T08:33:00.000Z,SELL,0.05,1,1,50.00,1,50770.00
2026-04-02T08:33:00.000Z,2026-04-02T08:42:00.000Z,SELL,0.05,1,1,50.00,1,50820.00
2026-04-02T08:42:00.000Z,2026-04-02T08:45:00.000Z,SELL,0.05,1,1,50.00,1,50870.00
2026-04-02T08:45:00.000Z,2026-04-02T08:47:00.000Z,SELL,0.05,1,1,50.00,1,50920.00
2026-04-02T08:47:00.000Z,2026-04-02T08:47:00.000Z,SELL,0.05,1,1,50.00,1,50970.00
2026-04-02T08:47:00.000Z,2026-04-02T08:49:00.000Z,SELL,0.05,1,1,50.00,1,51020.00
2026-04-02T08:49:00.000Z,2026-04-02T09:02:00.000Z,SELL,0.05,1,1,50.00,1,51070.00
2026-04-02T09:02:00.000Z,2026-04-02T09:07:00.000Z,SELL,0.05,1,1,50.00,1,51120.00
2026-04-02T09:07:00.000Z,2026-04-02T09:08:00.000Z,SELL,0.05,1,1,50.00,1,51170.00
2026-04-02T09:08:00.000Z,2026-04-02T09:11:00.000Z,SELL,0.05,1,1,50.00,1,51220.00
2026-04-02T09:11:00.000Z,2026-04-02T09:15:00.000Z,SELL,0.05,2,1,50.00,2,51270.00
2026-04-02T09:15:00.000Z,2026-04-02T09:16:00.000Z,SELL,0.05,1,1,50.00,1,51320.00
2026-04-02T09:16:00.000Z,2026-04-02T09:50:00.000Z,SELL,0.05,2,1,50.00,2,51370.00
2026-04-02T09:50:00.000Z,2026-04-02T09:55:00.000Z,SELL,0.05,1,1,50.00,1,51420.00
2026-04-02T09:55:00.000Z,2026-04-02T10:17:00.000Z,SELL,0.05,2,1,50.00,2,51470.00
2026-04-02T10:17:00.000Z,2026-04-02T12:04:00.000Z,SELL,0.05,3,1,50.00,3,51520.00
2026-04-02T12:04:00.000Z,2026-04-02T14:41:00.000Z,SELL,0.05,3,1,50.00,3,51570.00
2026-04-02T14:41:00.000Z,2026-04-02T14:43:00.000Z,SELL,0.05,1,1,50.00,1,51620.00
2026-04-02T14:43:00.000Z,2026-04-02T15:22:00.000Z,SELL,0.05,2,1,50.00,2,51670.00
2026-04-02T15:22:00.000Z,2026-04-02T15:56:00.000Z,SELL,0.05,1,1,50.00,1,51720.00
2026-04-02T15:56:00.000Z,2026-04-02T15:59:00.000Z,SELL,0.05,1,1,50.00,1,51770.00
2026-04-02T15:59:00.000Z,2026-04-02T16:00:00.000Z,SELL,0.05,1,1,50.00,1,51820.00
2026-04-02T16:00:00.000Z,2026-04-02T16:00:00.000Z,SELL,0.05,1,1,50.00,1,51870.00
2026-04-02T16:00:00.000Z,2026-04-02T16:06:00.000Z,SELL,0.05,2,1,50.00,2,51920.00
2026-04-02T16:06:00.000Z,2026-04-02T16:08:00.000Z,SELL,0.05,1,1,50.00,1,51970.00
2026-04-02T16:08:00.000Z,2026-04-02T16:10:00.000Z,SELL,0.05,1,1,50.00,1,52020.00
2026-04-02T16:10:00.000Z,2026-04-02T16:23:00.000Z,SELL,0.05,1,1,50.00,1,52070.00
2026-04-02T16:23:00.000Z,2026-04-02T16:46:00.000Z,SELL,0.05,2,1,50.00,2,52120.00
2026-04-02T16:46:00.000Z,2026-04-02T16:53:00.000Z,SELL,0.05,2,1,50.00,2,52170.00
2026-04-02T16:53:00.000Z,2026-04-02T17:01:00.000Z,SELL,0.05,1,1,50.00,1,52220.00
2026-04-02T17:01:00.000Z,2026-04-02T17:18:00.000Z,SELL,0.05,2,1,50.00,2,52270.00
2026-04-02T17:18:00.000Z,2026-04-02T17:36:00.000Z,SELL,0.05,2,1,50.00,2,52320.00
2026-04-02T17:36:00.000Z,2026-04-02T17:36:00.000Z,SELL,0.05,1,1,50.00,1,52370.00
2026-04-02T17:36:00.000Z,2026-04-02T18:03:00.000Z,SELL,0.05,1,1,50.00,1,52420.00
2026-04-02T18:03:00.000Z,2026-04-02T18:22:00.000Z,SELL,0.05,1,1,50.00,1,52470.00
2026-04-02T18:22:00.000Z,2026-04-02T19:08:00.000Z,SELL,0.05,1,1,50.00,1,52520.00
2026-04-02T19:08:00.000Z,2026-04-02T22:10:00.000Z,SELL,0.05,2,1,50.00,2,52570.00
2026-04-02T22:10:00.000Z,2026-04-02T22:16:00.000Z,SELL,0.05,1,1,50.00,1,52620.00
2026-04-02T22:16:00.000Z,2026-04-06T01:00:00.000Z,SELL,0.05,1,1,50.00,1,52670.00
2026-04-06T01:00:00.000Z,2026-04-06T01:00:00.000Z,SELL,0.05,1,1,50.00,1,52720.00
2026-04-06T01:00:00.000Z,2026-04-06T01:00:00.000Z,SELL,0.05,1,1,50.00,1,52770.00
2026-04-06T01:00:00.000Z,2026-04-06T01:00:00.000Z,SELL,0.05,1,1,50.00,1,52820.00
2026-04-06T01:00:00.000Z,2026-04-06T01:01:00.000Z,SELL,0.05,2,1,50.00,2,52870.00
2026-04-06T01:01:00.000Z,2026-04-06T01:02:00.000Z,SELL,0.05,1,1,50.00,1,52920.00
2026-04-06T01:02:00.000Z,2026-04-06T01:02:00.000Z,SELL,0.05,1,1,50.00,1,52970.00
2026-04-06T01:02:00.000Z,2026-04-06T01:10:00.000Z,SELL,0.05,1,1,50.00,1,53020.00
2026-04-06T01:10:00.000Z,2026-04-06T01:10:00.000Z,SELL,0.05,1,1,50.00,1,53070.00
2026-04-06T01:10:00.000Z,2026-04-06T01:46:00.000Z,SELL,0.05,2,1,50.00,2,53120.00
2026-04-06T01:46:00.000Z,2026-04-06T01:47:00.000Z,SELL,0.05,1,1,50.00,1,53170.00
2026-04-06T01:47:00.000Z,2026-04-06T01:47:00.000Z,SELL,0.05,1,1,50.00,1,53220.00
2026-04-06T01:47:00.000Z,2026-04-06T01:47:00.000Z,SELL,0.05,1,1,50.00,1,53270.00
2026-04-06T01:47:00.000Z,2026-04-06T01:48:00.000Z,SELL,0.05,2,1,50.00,2,53320.00
2026-04-06T01:48:00.000Z,2026-04-06T01:54:00.000Z,SELL,0.05,1,1,50.00,1,53370.00
2026-04-06T01:54:00.000Z,2026-04-06T01:54:00.000Z,SELL,0.05,1,1,50.00,1,53420.00
2026-04-06T01:54:00.000Z,2026-04-06T01:54:00.000Z,SELL,0.05,1,1,50.00,1,53470.00
2026-04-06T01:54:00.000Z,2026-04-06T01:55:00.000Z,SELL,0.05,2,1,50.00,2,53520.00
2026-04-06T01:55:00.000Z,2026-04-06T01:55:00.000Z,SELL,0.05,1,1,50.00,1,53570.00
2026-04-06T01:55:00.000Z,2026-04-06T02:19:00.000Z,SELL,0.05,1,1,50.00,1,53620.00
2026-04-06T02:19:00.000Z,2026-04-06T02:25:00.000Z,SELL,0.05,1,1,50.00,1,53670.00
2026-04-06T02:25:00.000Z,2026-04-06T02:30:00.000Z,SELL,0.05,1,1,50.00,1,53720.00
2026-04-06T02:30:00.000Z,2026-04-06T04:06:00.000Z,SELL,0.05,4,1,50.00,4,53770.00
2026-04-06T04:06:00.000Z,2026-04-06T04:19:00.000Z,SELL,0.05,1,1,50.00,1,53820.00
2026-04-06T04:19:00.000Z,2026-04-06T05:17:00.000Z,SELL,0.05,2,1,50.00,2,53870.00
2026-04-06T05:17:00.000Z,2026-04-06T05:35:00.000Z,SELL,0.05,1,1,50.00,1,53920.00
2026-04-06T05:35:00.000Z,2026-04-06T06:03:00.000Z,SELL,0.05,1,1,50.00,1,53970.00
2026-04-06T06:03:00.000Z,2026-04-06T06:20:00.000Z,SELL,0.05,1,1,50.00,1,54020.00
2026-04-06T06:20:00.000Z,2026-04-06T07:54:00.000Z,SELL,0.05,2,1,50.00,2,54070.00
2026-04-06T07:54:00.000Z,2026-04-06T09:00:00.000Z,SELL,0.05,3,1,50.00,3,54120.00
2026-04-06T09:00:00.000Z,2026-04-06T10:50:00.000Z,SELL,0.05,4,1,50.00,4,54170.00
2026-04-06T10:50:00.000Z,2026-04-06T12:42:00.000Z,SELL,0.05,2,1,50.00,2,54220.00
2026-04-06T12:42:00.000Z,2026-04-06T15:11:00.000Z,BUY,0.05,2,1,50.00,2,54270.00
2026-04-06T15:11:00.000Z,2026-04-06T17:00:00.000Z,BUY,0.05,1,1,50.00,1,54320.00
2026-04-06T17:00:00.000Z,2026-04-06T17:35:00.000Z,BUY,0.05,3,1,50.00,3,54370.00
2026-04-06T17:35:00.000Z,2026-04-06T18:06:00.000Z,BUY,0.05,2,1,50.00,2,54420.00
2026-04-06T18:06:00.000Z,2026-04-07T04:00:00.000Z,BUY,0.05,4,1,50.00,4,54470.00
2026-04-07T04:00:00.000Z,2026-04-07T04:52:00.000Z,SELL,0.05,5,1,50.00,5,54520.00
2026-04-07T04:52:00.000Z,2026-04-07T07:31:00.000Z,SELL,0.05,2,1,50.00,2,54570.00
2026-04-07T07:31:00.000Z,2026-04-07T08:25:00.000Z,SELL,0.05,1,1,50.00,1,54620.00
2026-04-07T08:25:00.000Z,2026-04-07T08:28:00.000Z,SELL,0.05,1,1,50.00,1,54670.00
2026-04-07T08:28:00.000Z,2026-04-07T08:30:00.000Z,SELL,0.05,1,1,50.00,1,54720.00
2026-04-07T08:30:00.000Z,2026-04-07T09:54:00.000Z,SELL,0.05,2,1,50.00,2,54770.00
2026-04-07T09:54:00.000Z,2026-04-07T10:26:00.000Z,SELL,0.05,1,1,50.00,1,54820.00
2026-04-07T10:26:00.000Z,2026-04-07T11:20:00.000Z,SELL,0.05,2,1,50.00,2,54870.00
2026-04-07T11:20:00.000Z,2026-04-07T12:45:00.000Z,SELL,0.05,3,1,50.00,3,54920.00
2026-04-07T12:45:00.000Z,2026-04-07T13:48:00.000Z,SELL,0.05,1,1,50.00,1,54970.00
2026-04-07T13:48:00.000Z,2026-04-07T15:06:00.000Z,BUY,0.05,3,1,50.00,3,55020.00
2026-04-07T15:06:00.000Z,2026-04-07T15:06:00.000Z,SELL,0.05,1,1,50.00,1,55070.00
2026-04-07T15:06:00.000Z,2026-04-07T16:41:00.000Z,SELL,0.05,1,1,50.00,1,55120.00
2026-04-07T16:41:00.000Z,2026-04-07T17:02:00.000Z,SELL,0.05,1,1,50.00,1,55170.00
2026-04-07T17:02:00.000Z,2026-04-07T17:04:00.000Z,SELL,0.05,1,1,50.00,1,55220.00
2026-04-07T17:04:00.000Z,2026-04-07T17:06:00.000Z,SELL,0.05,1,1,50.00,1,55270.00
2026-04-07T17:06:00.000Z,2026-04-07T17:24:00.000Z,SELL,0.05,2,1,50.00,2,55320.00
2026-04-07T17:24:00.000Z,2026-04-07T17:59:00.000Z,SELL,0.05,1,1,50.00,1,55370.00
2026-04-07T17:59:00.000Z,2026-04-07T19:03:00.000Z,SELL,0.05,2,1,50.00,2,55420.00
2026-04-07T19:03:00.000Z,2026-04-07T22:20:00.000Z,SELL,0.05,4,1,50.00,4,55470.00
2026-04-07T22:20:00.000Z,2026-04-07T22:45:00.000Z,BUY,0.05,1,1,50.00,1,55520.00
2026-04-07T22:45:00.000Z,2026-04-07T22:46:00.000Z,BUY,0.05,1,1,50.00,1,55570.00
2026-04-07T22:46:00.000Z,2026-04-08T01:00:00.000Z,BUY,0.05,1,1,50.00,1,55620.00
2026-04-08T01:00:00.000Z,2026-04-08T01:00:00.000Z,BUY,0.05,1,1,50.00,1,55670.00
2026-04-08T01:00:00.000Z,2026-04-08T01:00:00.000Z,BUY,0.05,1,1,50.00,1,55720.00
2026-04-08T01:00:00.000Z,2026-04-08T01:32:00.000Z,BUY,0.05,1,1,50.00,1,55770.00
2026-04-08T01:32:00.000Z,2026-04-08T01:32:00.000Z,BUY,0.05,2,1,50.00,2,55820.00
2026-04-08T01:32:00.000Z,2026-04-08T01:33:00.000Z,BUY,0.05,1,1,50.00,1,55870.00
2026-04-08T01:33:00.000Z,2026-04-08T01:33:00.000Z,BUY,0.05,1,1,50.00,1,55920.00
2026-04-08T01:33:00.000Z,2026-04-08T01:34:00.000Z,BUY,0.05,1,1,50.00,1,55970.00
2026-04-08T01:34:00.000Z,2026-04-08T01:36:00.000Z,BUY,0.05,1,1,50.00,1,56020.00
2026-04-08T01:36:00.000Z,2026-04-08T01:39:00.000Z,BUY,0.05,1,1,50.00,1,56070.00
2026-04-08T01:39:00.000Z,2026-04-08T01:54:00.000Z,BUY,0.05,1,1,50.00,1,56120.00
2026-04-08T01:54:00.000Z,2026-04-08T01:54:00.000Z,BUY,0.05,1,1,50.00,1,56170.00
2026-04-08T01:54:00.000Z,2026-04-08T01:55:00.000Z,BUY,0.05,1,1,50.00,1,56220.00
2026-04-08T01:55:00.000Z,2026-04-08T01:56:00.000Z,BUY,0.05,1,1,50.00,1,56270.00
2026-04-08T01:56:00.000Z,2026-04-08T02:22:00.000Z,BUY,0.05,1,1,50.00,1,56320.00
2026-04-08T02:22:00.000Z,2026-04-08T03:00:00.000Z,BUY,0.05,3,1,50.00,3,56370.00
2026-04-08T03:00:00.000Z,2026-04-08T03:02:00.000Z,BUY,0.05,1,1,50.00,1,56420.00
2026-04-08T03:02:00.000Z,2026-04-08T03:06:00.000Z,BUY,0.05,1,1,50.00,1,56470.00
2026-04-08T03:06:00.000Z,2026-04-08T03:21:00.000Z,BUY,0.05,2,1,50.00,2,56520.00
2026-04-08T03:21:00.000Z,2026-04-08T04:20:00.000Z,BUY,0.05,2,1,50.00,2,56570.00
2026-04-08T04:20:00.000Z,2026-04-08T04:23:00.000Z,BUY,0.05,1,1,50.00,1,56620.00
2026-04-08T04:23:00.000Z,2026-04-08T05:00:00.000Z,BUY,0.05,1,1,50.00,1,56670.00
2026-04-08T05:00:00.000Z,2026-04-08T08:48:00.000Z,BUY,0.05,3,1,50.00,3,56720.00
2026-04-08T08:48:00.000Z,2026-04-08T08:51:00.000Z,BUY,0.05,1,1,50.00,1,56770.00
2026-04-08T08:51:00.000Z,2026-04-08T10:34:00.000Z,BUY,0.05,2,1,50.00,2,56820.00
2026-04-08T10:34:00.000Z,2026-04-08T10:51:00.000Z,BUY,0.05,1,1,50.00,1,56870.00
2026-04-08T10:51:00.000Z,2026-04-08T12:43:00.000Z,BUY,0.05,2,1,50.00,2,56920.00
2026-04-08T12:43:00.000Z,2026-04-08T14:50:00.000Z,BUY,0.05,1,1,50.00,1,56970.00
2026-04-08T14:50:00.000Z,2026-04-08T16:55:00.000Z,BUY,0.05,4,1,50.00,4,57020.00
2026-04-08T16:55:00.000Z,2026-04-08T16:56:00.000Z,BUY,0.05,1,1,50.00,1,57070.00
2026-04-08T16:56:00.000Z,2026-04-08T17:03:00.000Z,BUY,0.05,1,1,50.00,1,57120.00
2026-04-08T17:03:00.000Z,2026-04-08T17:31:00.000Z,BUY,0.05,2,1,50.00,2,57170.00
2026-04-08T17:31:00.000Z,2026-04-08T17:41:00.000Z,BUY,0.05,1,1,50.00,1,57220.00
2026-04-08T17:41:00.000Z,2026-04-08T17:56:00.000Z,BUY,0.05,2,1,50.00,2,57270.00
2026-04-08T17:56:00.000Z,2026-04-08T18:16:00.000Z,BUY,0.05,1,1,50.00,1,57320.00
2026-04-08T18:16:00.000Z,2026-04-08T18:36:00.000Z,BUY,0.05,1,1,50.00,1,57370.00
2026-04-08T18:36:00.000Z,2026-04-08T21:00:00.000Z,BUY,0.05,2,1,50.00,2,57420.00
2026-04-08T21:00:00.000Z,2026-04-08T21:04:00.000Z,BUY,0.05,1,1,50.00,1,57470.00
2026-04-08T21:04:00.000Z,2026-04-08T21:43:00.000Z,BUY,0.05,2,1,50.00,2,57520.00
2026-04-08T21:43:00.000Z,2026-04-08T22:36:00.000Z,BUY,0.05,1,1,50.00,1,57570.00
2026-04-08T22:36:00.000Z,2026-04-09T01:13:00.000Z,SELL,0.05,1,1,50.00,1,57620.00
2026-04-09T01:13:00.000Z,2026-04-09T03:07:00.000Z,SELL,0.05,1,1,50.00,1,57670.00
2026-04-09T03:07:00.000Z,2026-04-09T05:37:00.000Z,SELL,0.05,2,1,50.00,2,57720.00
2026-04-09T05:37:00.000Z,2026-04-09T05:56:00.000Z,SELL,0.05,1,1,50.00,1,57770.00
2026-04-09T05:56:00.000Z,2026-04-09T06:16:00.000Z,SELL,0.05,1,1,50.00,1,57820.00
2026-04-09T06:16:00.000Z,2026-04-09T13:25:00.000Z,SELL,0.05,4,1,50.00,4,57870.00
2026-04-09T13:25:00.000Z,2026-04-09T16:38:00.000Z,SELL,0.05,4,1,50.00,4,57920.00
2026-04-09T16:38:00.000Z,2026-04-09T17:32:00.000Z,SELL,0.05,1,1,50.00,1,57970.00
2026-04-09T17:32:00.000Z,2026-04-09T18:14:00.000Z,BUY,0.05,1,1,50.00,1,58020.00
2026-04-09T18:14:00.000Z,2026-04-09T18:18:00.000Z,BUY,0.05,1,1,50.00,1,58070.00
2026-04-09T18:18:00.000Z,2026-04-09T18:32:00.000Z,BUY,0.05,1,1,50.00,1,58120.00
2026-04-09T18:32:00.000Z,2026-04-09T19:03:00.000Z,BUY,0.05,1,1,50.00,1,58170.00
2026-04-09T19:03:00.000Z,2026-04-09T21:41:00.000Z,BUY,0.05,2,1,50.00,2,58220.00
2026-04-09T21:41:00.000Z,2026-04-09T22:07:00.000Z,BUY,0.05,1,1,50.00,1,58270.00
2026-04-09T22:07:00.000Z,2026-04-10T05:13:00.000Z,BUY,0.05,2,1,50.00,2,58320.00
2026-04-10T05:13:00.000Z,2026-04-10T06:12:00.000Z,BUY,0.05,1,1,50.00,1,58370.00
2026-04-10T06:12:00.000Z,2026-04-10T15:18:00.000Z,BUY,0.05,3,1,50.00,3,58420.00
2026-04-10T15:18:00.000Z,2026-04-10T15:34:00.000Z,BUY,0.05,1,1,50.00,1,58470.00
2026-04-10T15:34:00.000Z,2026-04-10T17:25:00.000Z,BUY,0.05,1,1,50.00,1,58520.00
2026-04-10T17:25:00.000Z,2026-04-10T18:36:00.000Z,BUY,0.05,2,1,50.00,2,58570.00
2026-04-10T18:36:00.000Z,2026-04-10T21:34:00.000Z,BUY,0.05,1,1,50.00,1,58620.00
2026-04-10T21:34:00.000Z,2026-04-13T01:00:00.000Z,BUY,0.05,2,1,50.00,2,58670.00
2026-04-13T01:00:00.000Z,2026-04-13T01:00:00.000Z,BUY,0.05,2,1,50.00,2,58720.00
2026-04-13T01:00:00.000Z,2026-04-13T01:00:00.000Z,BUY,0.05,2,1,50.00,2,58770.00
2026-04-13T01:00:00.000Z,2026-04-13T01:00:00.000Z,BUY,0.05,2,1,50.00,2,58820.00
2026-04-13T01:00:00.000Z,2026-04-13T01:00:00.000Z,BUY,0.05,2,1,50.00,2,58870.00
2026-04-13T01:00:00.000Z,2026-04-13T01:00:00.000Z,BUY,0.05,2,1,50.00,2,58920.00
2026-04-13T01:00:00.000Z,2026-04-13T01:00:00.000Z,BUY,0.05,1,1,50.00,1,58970.00
2026-04-13T01:00:00.000Z,2026-04-13T01:00:00.000Z,BUY,0.05,1,1,50.00,1,59020.00
2026-04-13T01:00:00.000Z,2026-04-13T01:00:00.000Z,BUY,0.05,1,1,50.00,1,59070.00
2026-04-13T01:00:00.000Z,2026-04-13T01:00:00.000Z,BUY,0.05,1,1,50.00,1,59120.00
2026-04-13T01:00:00.000Z,2026-04-13T01:00:00.000Z,BUY,0.05,1,1,50.00,1,59170.00
2026-04-13T01:00:00.000Z,2026-04-13T01:00:00.000Z,BUY,0.05,1,1,50.00,1,59220.00
2026-04-13T01:00:00.000Z,2026-04-13T01:00:00.000Z,BUY,0.05,1,1,50.00,1,59270.00
2026-04-13T01:00:00.000Z,2026-04-13T01:01:00.000Z,BUY,0.05,1,1,50.00,1,59320.00
2026-04-13T01:01:00.000Z,2026-04-13T01:02:00.000Z,BUY,0.05,1,1,50.00,1,59370.00
2026-04-13T01:02:00.000Z,2026-04-13T01:25:00.000Z,BUY,0.05,2,1,50.00,2,59420.00
2026-04-13T01:25:00.000Z,2026-04-13T02:50:00.000Z,BUY,0.05,1,1,50.00,1,59470.00
2026-04-13T02:50:00.000Z,2026-04-13T03:59:00.000Z,SELL,0.05,2,1,50.00,2,59520.00
2026-04-13T03:59:00.000Z,2026-04-13T04:55:00.000Z,SELL,0.05,2,1,50.00,2,59570.00
2026-04-13T04:55:00.000Z,2026-04-13T05:46:00.000Z,SELL,0.05,1,1,50.00,1,59620.00
2026-04-13T05:46:00.000Z,2026-04-13T16:50:00.000Z,SELL,0.05,4,1,50.00,4,59670.00
2026-04-13T16:50:00.000Z,2026-04-13T16:51:00.000Z,SELL,0.05,1,1,50.00,1,59720.00
2026-04-13T16:51:00.000Z,2026-04-13T16:53:00.000Z,SELL,0.05,1,1,50.00,1,59770.00
2026-04-13T16:53:00.000Z,2026-04-13T17:23:00.000Z,SELL,0.05,1,1,50.00,1,59820.00
2026-04-13T17:23:00.000Z,2026-04-13T18:05:00.000Z,SELL,0.05,1,1,50.00,1,59870.00
2026-04-13T18:05:00.000Z,2026-04-13T19:29:00.000Z,SELL,0.05,2,1,50.00,2,59920.00
2026-04-13T19:29:00.000Z,2026-04-14T02:03:00.000Z,SELL,0.05,2,1,50.00,2,59970.00
2026-04-14T02:03:00.000Z,2026-04-14T03:40:00.000Z,BUY,0.05,1,1,50.00,1,60020.00
2026-04-14T03:40:00.000Z,2026-04-14T10:00:00.000Z,BUY,0.06,1,1,60.00,1,60080.00
2026-04-14T10:00:00.000Z,2026-04-14T10:06:00.000Z,BUY,0.06,1,1,60.00,1,60140.00
2026-04-14T10:06:00.000Z,2026-04-14T13:39:00.000Z,BUY,0.06,2,1,60.00,2,60200.00
2026-04-14T13:39:00.000Z,2026-04-14T14:06:00.000Z,BUY,0.06,1,1,60.00,1,60260.00
2026-04-14T14:06:00.000Z,2026-04-14T16:16:00.000Z,BUY,0.06,1,1,60.00,1,60320.00
2026-04-14T16:16:00.000Z,2026-04-14T16:35:00.000Z,BUY,0.06,1,1,60.00,1,60380.00
2026-04-14T16:35:00.000Z,2026-04-14T17:19:00.000Z,BUY,0.06,1,1,60.00,1,60440.00
2026-04-14T17:19:00.000Z,2026-04-14T17:33:00.000Z,BUY,0.06,1,1,60.00,1,60500.00
2026-04-14T17:33:00.000Z,2026-04-14T20:06:00.000Z,BUY,0.06,3,1,60.00,3,60560.00
2026-04-14T20:06:00.000Z,2026-04-14T20:38:00.000Z,BUY,0.06,1,1,60.00,1,60620.00
2026-04-14T20:38:00.000Z,2026-04-14T22:56:00.000Z,BUY,0.06,1,1,60.00,1,60680.00
2026-04-14T22:56:00.000Z,2026-04-15T04:16:00.000Z,BUY,0.06,1,1,60.00,1,60740.00
2026-04-15T04:16:00.000Z,2026-04-15T04:16:00.000Z,BUY,0.06,1,1,60.00,1,60800.00
2026-04-15T04:16:00.000Z,2026-04-15T05:23:00.000Z,BUY,0.06,2,1,60.00,2,60860.00
2026-04-15T05:23:00.000Z,2026-04-15T10:01:00.000Z,BUY,0.06,2,1,60.00,2,60920.00
2026-04-15T10:01:00.000Z,2026-04-15T10:14:00.000Z,BUY,0.06,1,1,60.00,1,60980.00
2026-04-15T10:14:00.000Z,2026-04-15T16:50:00.000Z,BUY,0.06,3,1,60.00,3,61040.00
2026-04-15T16:50:00.000Z,2026-04-15T18:30:00.000Z,BUY,0.06,2,1,60.00,2,61100.00
2026-04-15T18:30:00.000Z,2026-04-15T18:46:00.000Z,BUY,0.06,1,1,60.00,1,61160.00
2026-04-15T18:46:00.000Z,2026-04-16T02:30:00.000Z,BUY,0.06,1,1,60.00,1,61220.00
2026-04-16T02:30:00.000Z,2026-04-16T11:33:00.000Z,SELL,0.06,5,1,60.00,5,61280.00
2026-04-16T11:33:00.000Z,2026-04-16T12:09:00.000Z,BUY,0.06,1,1,60.00,1,61340.00
2026-04-16T12:09:00.000Z,2026-04-16T16:55:00.000Z,BUY,0.06,2,1,60.00,2,61400.00
2026-04-16T16:55:00.000Z,2026-04-16T16:56:00.000Z,BUY,0.06,1,1,60.00,1,61460.00
2026-04-16T16:56:00.000Z,2026-04-16T18:08:00.000Z,BUY,0.06,3,1,60.00,3,61520.00
2026-04-16T18:08:00.000Z,2026-04-16T19:27:00.000Z,SELL,0.06,1,1,60.00,1,61580.00
2026-04-16T19:27:00.000Z,2026-04-16T19:33:00.000Z,SELL,0.06,1,1,60.00,1,61640.00
2026-04-16T19:33:00.000Z,2026-04-17T04:12:00.000Z,SELL,0.06,1,1,60.00,1,61700.00
2026-04-17T04:12:00.000Z,2026-04-17T14:47:00.000Z,SELL,0.06,2,1,60.00,2,61760.00
2026-04-17T14:47:00.000Z,2026-04-17T15:48:00.000Z,SELL,0.06,2,1,60.00,2,61820.00
2026-04-17T15:48:00.000Z,2026-04-17T16:10:00.000Z,SELL,0.06,2,1,60.00,2,61880.00
2026-04-17T16:10:00.000Z,2026-04-17T16:10:00.000Z,BUY,0.06,1,1,60.00,1,61940.00
2026-04-17T16:10:00.000Z,2026-04-17T16:13:00.000Z,BUY,0.06,1,1,60.00,1,62000.00
2026-04-17T16:13:00.000Z,2026-04-17T16:20:00.000Z,BUY,0.06,2,1,60.00,2,62060.00
2026-04-17T16:20:00.000Z,2026-04-17T16:36:00.000Z,BUY,0.06,1,1,60.00,1,62120.00
2026-04-17T16:36:00.000Z,2026-04-17T16:54:00.000Z,BUY,0.06,1,1,60.00,1,62180.00
2026-04-17T16:54:00.000Z,2026-04-20T01:00:00.000Z,BUY,0.06,2,1,60.00,2,62240.00
2026-04-20T01:00:00.000Z,2026-04-20T01:00:00.000Z,BUY,0.06,2,1,60.00,2,62300.00
2026-04-20T01:00:00.000Z,2026-04-20T01:00:00.000Z,BUY,0.06,2,1,60.00,2,62360.00
2026-04-20T01:00:00.000Z,2026-04-20T02:43:00.000Z,BUY,0.06,4,1,60.00,4,62420.00
2026-04-20T02:43:00.000Z,2026-04-20T03:33:00.000Z,BUY,0.06,3,1,60.00,3,62480.00
2026-04-20T03:33:00.000Z,2026-04-20T04:00:00.000Z,BUY,0.06,1,1,60.00,1,62540.00
2026-04-20T04:00:00.000Z,2026-04-20T04:31:00.000Z,SELL,0.06,2,1,60.00,2,62600.00
2026-04-20T04:31:00.000Z,2026-04-20T05:39:00.000Z,SELL,0.06,1,1,60.00,1,62660.00
2026-04-20T05:39:00.000Z,2026-04-20T07:44:00.000Z,SELL,0.06,1,1,60.00,1,62720.00
2026-04-20T07:44:00.000Z,2026-04-20T15:20:00.000Z,SELL,0.06,2,1,60.00,2,62780.00
2026-04-20T15:20:00.000Z,2026-04-20T15:27:00.000Z,SELL,0.06,1,1,60.00,1,62840.00
2026-04-20T15:27:00.000Z,2026-04-20T17:51:00.000Z,SELL,0.06,3,1,60.00,3,62900.00
2026-04-20T17:51:00.000Z,2026-04-21T01:00:00.000Z,SELL,0.06,2,1,60.00,2,62960.00
2026-04-21T01:00:00.000Z,2026-04-21T06:19:00.000Z,BUY,0.06,2,1,60.00,2,63020.00
2026-04-21T06:19:00.000Z,2026-04-21T15:30:00.000Z,BUY,0.06,4,1,60.00,4,63080.00
2026-04-21T15:30:00.000Z,2026-04-21T17:40:00.000Z,SELL,0.06,5,1,60.00,5,63140.00
2026-04-21T17:40:00.000Z,2026-04-21T17:44:00.000Z,SELL,0.06,1,1,60.00,1,63200.00
2026-04-21T17:44:00.000Z,2026-04-21T17:46:00.000Z,SELL,0.06,1,1,60.00,1,63260.00
2026-04-21T17:46:00.000Z,2026-04-21T17:48:00.000Z,SELL,0.06,1,1,60.00,1,63320.00
2026-04-21T17:48:00.000Z,2026-04-21T18:19:00.000Z,SELL,0.06,2,1,60.00,2,63380.00
2026-04-21T18:19:00.000Z,2026-04-21T18:25:00.000Z,SELL,0.06,1,1,60.00,1,63440.00
2026-04-21T18:25:00.000Z,2026-04-21T19:09:00.000Z,SELL,0.06,1,1,60.00,1,63500.00
2026-04-21T19:09:00.000Z,2026-04-21T19:27:00.000Z,SELL,0.06,1,1,60.00,1,63560.00
2026-04-21T19:27:00.000Z,2026-04-21T19:51:00.000Z,SELL,0.06,1,1,60.00,1,63620.00
2026-04-21T19:51:00.000Z,2026-04-21T20:11:00.000Z,SELL,0.06,1,1,60.00,1,63680.00
2026-04-21T20:11:00.000Z,2026-04-21T21:22:00.000Z,SELL,0.06,1,1,60.00,1,63740.00
2026-04-21T21:22:00.000Z,2026-04-21T22:42:00.000Z,SELL,0.06,3,1,60.00,3,63800.00
2026-04-21T22:42:00.000Z,2026-04-21T22:43:00.000Z,SELL,0.06,1,1,60.00,1,63860.00
2026-04-21T22:43:00.000Z,2026-04-22T01:00:00.000Z,SELL,0.06,2,1,60.00,2,63920.00
2026-04-22T01:00:00.000Z,2026-04-22T02:45:00.000Z,SELL,0.06,2,1,60.00,2,63980.00
2026-04-22T02:45:00.000Z,2026-04-22T06:31:00.000Z,SELL,0.06,2,1,60.00,2,64040.00
2026-04-22T06:31:00.000Z,2026-04-22T07:39:00.000Z,SELL,0.06,1,1,60.00,1,64100.00
2026-04-22T07:39:00.000Z,2026-04-22T15:48:00.000Z,SELL,0.06,1,1,60.00,1,64160.00
2026-04-22T15:48:00.000Z,2026-04-22T17:32:00.000Z,SELL,0.06,1,1,60.00,1,64220.00
2026-04-22T17:32:00.000Z,2026-04-23T03:01:00.000Z,SELL,0.06,1,1,60.00,1,64280.00
2026-04-23T03:01:00.000Z,2026-04-23T03:10:00.000Z,SELL,0.06,1,1,60.00,1,64340.00
2026-04-23T03:10:00.000Z,2026-04-23T03:14:00.000Z,SELL,0.06,1,1,60.00,1,64400.00
2026-04-23T03:14:00.000Z,2026-04-23T03:22:00.000Z,SELL,0.06,2,1,60.00,2,64460.00
2026-04-23T03:22:00.000Z,2026-04-23T04:59:00.000Z,SELL,0.06,3,1,60.00,3,64520.00
2026-04-23T04:59:00.000Z,2026-04-23T05:09:00.000Z,SELL,0.06,1,1,60.00,1,64580.00
2026-04-23T05:09:00.000Z,2026-04-23T05:44:00.000Z,SELL,0.06,1,1,60.00,1,64640.00
2026-04-23T05:44:00.000Z,2026-04-23T13:09:00.000Z,SELL,0.06,3,1,60.00,3,64700.00
2026-04-23T13:09:00.000Z,2026-04-23T15:00:00.000Z,SELL,0.06,2,1,60.00,2,64760.00
2026-04-23T15:00:00.000Z,2026-04-23T20:09:00.000Z,SELL,0.06,3,1,60.00,3,64820.00
2026-04-23T20:09:00.000Z,2026-04-23T20:36:00.000Z,SELL,0.06,1,1,60.00,1,64880.00
2026-04-23T20:36:00.000Z,2026-04-23T20:41:00.000Z,SELL,0.06,1,1,60.00,1,64940.00
2026-04-23T20:41:00.000Z,2026-04-23T20:42:00.000Z,SELL,0.06,1,1,60.00,1,65000.00
2026-04-23T20:42:00.000Z,2026-04-23T20:46:00.000Z,SELL,0.06,1,1,60.00,1,65060.00
2026-04-23T20:46:00.000Z,2026-04-23T20:53:00.000Z,SELL,0.06,2,1,60.00,2,65120.00
2026-04-23T20:53:00.000Z,2026-04-23T22:35:00.000Z,SELL,0.06,3,1,60.00,3,65180.00
2026-04-23T22:35:00.000Z,2026-04-24T05:42:00.000Z,SELL,0.06,3,1,60.00,3,65240.00
2026-04-24T05:42:00.000Z,2026-04-24T06:07:00.000Z,SELL,0.06,1,1,60.00,1,65300.00
2026-04-24T06:07:00.000Z,2026-04-24T07:25:00.000Z,SELL,0.06,1,1,60.00,1,65360.00
2026-04-24T07:25:00.000Z,2026-04-24T10:46:00.000Z,SELL,0.06,2,1,60.00,2,65420.00
2026-04-24T10:46:00.000Z,2026-04-24T12:33:00.000Z,SELL,0.06,1,1,60.00,1,65480.00
2026-04-24T12:33:00.000Z,2026-04-24T14:24:00.000Z,SELL,0.06,2,1,60.00,2,65540.00
2026-04-24T14:24:00.000Z,2026-04-24T15:44:00.000Z,SELL,0.06,1,1,60.00,1,65600.00
2026-04-24T15:44:00.000Z,2026-04-24T17:09:00.000Z,SELL,0.06,2,1,60.00,2,65660.00
2026-04-24T17:09:00.000Z,2026-04-24T18:07:00.000Z,SELL,0.06,1,1,60.00,1,65720.00
2026-04-24T18:07:00.000Z,2026-04-24T18:44:00.000Z,BUY,0.06,1,1,60.00,1,65780.00
2026-04-24T18:44:00.000Z,2026-04-27T01:00:00.000Z,BUY,0.06,2,1,60.00,2,65840.00
2026-04-27T01:00:00.000Z,2026-04-27T04:04:00.000Z,BUY,0.06,3,1,60.00,3,65900.00
2026-04-27T04:04:00.000Z,2026-04-27T04:07:00.000Z,SELL,0.06,1,1,60.00,1,65960.00
2026-04-27T04:07:00.000Z,2026-04-27T06:44:00.000Z,SELL,0.06,2,1,60.00,2,66020.00
2026-04-27T06:44:00.000Z,2026-04-27T15:40:00.000Z,BUY,0.06,2,1,60.00,2,66080.00
2026-04-27T15:40:00.000Z,2026-04-27T18:02:00.000Z,BUY,0.06,2,1,60.00,2,66140.00
2026-04-27T18:02:00.000Z,2026-04-28T03:07:00.000Z,SELL,0.06,2,1,60.00,2,66200.00
2026-04-28T03:07:00.000Z,2026-04-28T04:00:00.000Z,SELL,0.06,1,1,60.00,1,66260.00
2026-04-28T04:00:00.000Z,2026-04-28T04:56:00.000Z,SELL,0.06,1,1,60.00,1,66320.00
2026-04-28T04:56:00.000Z,2026-04-28T05:00:00.000Z,SELL,0.06,1,1,60.00,1,66380.00
2026-04-28T05:00:00.000Z,2026-04-28T08:06:00.000Z,SELL,0.06,1,1,60.00,1,66440.00
2026-04-28T08:06:00.000Z,2026-04-28T08:30:00.000Z,SELL,0.06,1,1,60.00,1,66500.00
2026-04-28T08:30:00.000Z,2026-04-28T08:38:00.000Z,SELL,0.06,1,1,60.00,1,66560.00
2026-04-28T08:38:00.000Z,2026-04-28T08:43:00.000Z,SELL,0.06,1,1,60.00,1,66620.00
2026-04-28T08:43:00.000Z,2026-04-28T11:06:00.000Z,SELL,0.06,1,1,60.00,1,66680.00
2026-04-28T11:06:00.000Z,2026-04-28T12:57:00.000Z,SELL,0.06,1,1,60.00,1,66740.00
2026-04-28T12:57:00.000Z,2026-04-28T14:16:00.000Z,SELL,0.06,1,1,60.00,1,66800.00
2026-04-28T14:16:00.000Z,2026-04-28T14:36:00.000Z,SELL,0.06,1,1,60.00,1,66860.00
2026-04-28T14:36:00.000Z,2026-04-28T14:37:00.000Z,SELL,0.06,1,1,60.00,1,66920.00
2026-04-28T14:37:00.000Z,2026-04-28T14:46:00.000Z,SELL,0.06,1,1,60.00,1,66980.00
2026-04-28T14:46:00.000Z,2026-04-28T14:50:00.000Z,SELL,0.06,1,1,60.00,1,67040.00
2026-04-28T14:50:00.000Z,2026-04-28T15:16:00.000Z,SELL,0.06,2,1,60.00,2,67100.00
2026-04-28T15:16:00.000Z,2026-04-28T15:25:00.000Z,SELL,0.06,1,1,60.00,1,67160.00
2026-04-28T15:25:00.000Z,2026-04-28T17:04:00.000Z,SELL,0.06,3,1,60.00,3,67220.00
2026-04-28T17:04:00.000Z,2026-04-28T20:24:00.000Z,SELL,0.06,2,1,60.00,2,67280.00
2026-04-28T20:24:00.000Z,2026-04-29T04:03:00.000Z,SELL,0.06,1,1,60.00,1,67340.00
2026-04-29T04:03:00.000Z,2026-04-29T10:24:00.000Z,SELL,0.06,3,1,60.00,3,67400.00
2026-04-29T10:24:00.000Z,2026-04-29T11:09:00.000Z,SELL,0.06,1,1,60.00,1,67460.00
2026-04-29T11:09:00.000Z,2026-04-29T12:50:00.000Z,SELL,0.06,1,1,60.00,1,67520.00
2026-04-29T12:50:00.000Z,2026-04-29T15:55:00.000Z,SELL,0.06,3,1,60.00,3,67580.00
2026-04-29T15:55:00.000Z,2026-04-29T16:30:00.000Z,SELL,0.06,1,1,60.00,1,67640.00
2026-04-29T16:30:00.000Z,2026-04-29T16:40:00.000Z,SELL,0.06,1,1,60.00,1,67700.00
2026-04-29T16:40:00.000Z,2026-04-29T16:45:00.000Z,SELL,0.06,1,1,60.00,1,67760.00
2026-04-29T16:45:00.000Z,2026-04-29T18:00:00.000Z,SELL,0.06,2,1,60.00,2,67820.00
2026-04-29T18:00:00.000Z,2026-04-29T21:08:00.000Z,SELL,0.06,3,1,60.00,3,67880.00
2026-04-29T21:08:00.000Z,2026-04-29T21:34:00.000Z,SELL,0.06,1,1,60.00,1,67940.00
2026-04-29T21:34:00.000Z,2026-04-30T02:00:00.000Z,SELL,0.06,2,1,60.00,2,68000.00
2026-04-30T02:00:00.000Z,2026-04-30T07:33:00.000Z,SELL,0.06,3,1,60.00,3,68060.00
2026-04-30T07:33:00.000Z,2026-04-30T09:31:00.000Z,SELL,0.06,2,1,60.00,2,68120.00
2026-04-30T09:31:00.000Z,2026-04-30T10:57:00.000Z,SELL,0.06,2,1,60.00,2,68180.00
2026-04-30T10:57:00.000Z,2026-04-30T13:23:00.000Z,SELL,0.06,2,1,60.00,2,68240.00
2026-04-30T13:23:00.000Z,2026-04-30T13:29:00.000Z,BUY,0.06,1,1,60.00,1,68300.00
2026-04-30T13:29:00.000Z,2026-04-30T16:52:00.000Z,BUY,0.06,2,1,60.00,2,68360.00
2026-04-30T16:52:00.000Z,2026-04-30T17:03:00.000Z,BUY,0.06,1,1,60.00,1,68420.00
2026-04-30T17:03:00.000Z,2026-05-01T02:33:00.000Z,BUY,0.06,1,1,60.00,1,68480.00
2026-05-01T02:33:00.000Z,2026-05-01T08:56:00.000Z,BUY,0.06,2,1,60.00,2,68540.00
2026-05-01T08:56:00.000Z,2026-05-01T11:15:00.000Z,BUY,0.06,2,1,60.00,2,68600.00
2026-05-01T11:15:00.000Z,2026-05-01T12:54:00.000Z,SELL,0.06,1,1,60.00,1,68660.00
2026-05-01T12:54:00.000Z,2026-05-01T15:22:00.000Z,SELL,0.06,2,1,60.00,2,68720.00
2026-05-01T15:22:00.000Z,2026-05-01T16:55:00.000Z,SELL,0.06,2,1,60.00,2,68780.00
2026-05-01T16:55:00.000Z,2026-05-01T17:12:00.000Z,SELL,0.06,2,1,60.00,2,68840.00
2026-05-01T17:12:00.000Z,2026-05-01T17:30:00.000Z,SELL,0.06,1,1,60.00,1,68900.00
2026-05-01T17:30:00.000Z,2026-05-01T17:41:00.000Z,SELL,0.06,1,1,60.00,1,68960.00
2026-05-01T17:41:00.000Z,2026-05-01T18:05:00.000Z,SELL,0.06,1,1,60.00,1,69020.00
2026-05-01T18:05:00.000Z,2026-05-01T18:13:00.000Z,BUY,0.06,1,1,60.00,1,69080.00
2026-05-01T18:13:00.000Z,2026-05-01T18:39:00.000Z,BUY,0.06,1,1,60.00,1,69140.00
2026-05-01T18:39:00.000Z,2026-05-01T22:42:00.000Z,BUY,0.06,2,1,60.00,2,69200.00
2026-05-01T22:42:00.000Z,2026-05-04T01:00:00.000Z,BUY,0.06,1,1,60.00,1,69260.00
2026-05-04T01:00:00.000Z,2026-05-04T04:30:00.000Z,BUY,0.06,2,1,60.00,2,69320.00
2026-05-04T04:30:00.000Z,2026-05-04T04:50:00.000Z,BUY,0.06,1,1,60.00,1,69380.00
2026-05-04T04:50:00.000Z,2026-05-04T04:59:00.000Z,BUY,0.06,1,1,60.00,1,69440.00
2026-05-04T04:59:00.000Z,2026-05-04T09:46:00.000Z,BUY,0.06,4,1,60.00,4,69500.00
2026-05-04T09:46:00.000Z,2026-05-04T12:58:00.000Z,SELL,0.06,1,1,60.00,1,69560.00
2026-05-04T12:58:00.000Z,2026-05-04T13:03:00.000Z,SELL,0.06,1,1,60.00,1,69620.00
2026-05-04T13:03:00.000Z,2026-05-04T13:04:00.000Z,SELL,0.06,1,1,60.00,1,69680.00
2026-05-04T13:04:00.000Z,2026-05-04T13:12:00.000Z,SELL,0.06,1,1,60.00,1,69740.00
2026-05-04T13:12:00.000Z,2026-05-04T13:21:00.000Z,SELL,0.06,1,1,60.00,1,69800.00
2026-05-04T13:21:00.000Z,2026-05-04T13:39:00.000Z,SELL,0.06,2,1,60.00,2,69860.00
2026-05-04T13:39:00.000Z,2026-05-04T14:39:00.000Z,SELL,0.06,1,1,60.00,1,69920.00
2026-05-04T14:39:00.000Z,2026-05-04T17:22:00.000Z,SELL,0.06,2,1,60.00,2,69980.00
2026-05-04T17:22:00.000Z,2026-05-04T17:29:00.000Z,SELL,0.06,1,1,60.00,1,70040.00
2026-05-04T17:29:00.000Z,2026-05-04T17:59:00.000Z,SELL,0.07,1,1,70.00,1,70110.00
2026-05-04T17:59:00.000Z,2026-05-04T18:13:00.000Z,SELL,0.07,1,1,70.00,1,70180.00
2026-05-04T18:13:00.000Z,2026-05-04T18:19:00.000Z,SELL,0.07,1,1,70.00,1,70250.00
2026-05-04T18:19:00.000Z,2026-05-04T18:21:00.000Z,SELL,0.07,1,1,70.00,1,70320.00
2026-05-04T18:21:00.000Z,2026-05-04T18:21:00.000Z,SELL,0.07,1,1,70.00,1,70390.00
2026-05-04T18:21:00.000Z,2026-05-04T19:07:00.000Z,SELL,0.07,3,1,70.00,3,70460.00
2026-05-04T19:07:00.000Z,2026-05-05T04:37:00.000Z,SELL,0.07,4,1,70.00,4,70530.00
2026-05-05T04:37:00.000Z,2026-05-05T07:20:00.000Z,SELL,0.07,1,1,70.00,1,70600.00
2026-05-05T07:20:00.000Z,2026-05-05T12:08:00.000Z,SELL,0.07,2,1,70.00,2,70670.00
2026-05-05T12:08:00.000Z,2026-05-05T13:26:00.000Z,SELL,0.07,1,1,70.00,1,70740.00
2026-05-05T13:26:00.000Z,2026-05-05T14:01:00.000Z,SELL,0.07,1,1,70.00,1,70810.00
2026-05-05T14:01:00.000Z,2026-05-05T15:24:00.000Z,SELL,0.07,2,1,70.00,2,70880.00
2026-05-05T15:24:00.000Z,2026-05-05T19:25:00.000Z,SELL,0.07,1,1,70.00,1,70950.00
2026-05-05T19:25:00.000Z,2026-05-06T01:55:00.000Z,BUY,0.07,1,1,70.00,1,71020.00
2026-05-06T01:55:00.000Z,2026-05-06T02:09:00.000Z,BUY,0.07,1,1,70.00,1,71090.00
2026-05-06T02:09:00.000Z,2026-05-06T02:14:00.000Z,BUY,0.07,1,1,70.00,1,71160.00
2026-05-06T02:14:00.000Z,2026-05-06T03:23:00.000Z,BUY,0.07,1,1,70.00,1,71230.00
2026-05-06T03:23:00.000Z,2026-05-06T03:41:00.000Z,BUY,0.07,1,1,70.00,1,71300.00
2026-05-06T03:41:00.000Z,2026-05-06T04:00:00.000Z,BUY,0.07,1,1,70.00,1,71370.00
2026-05-06T04:00:00.000Z,2026-05-06T05:08:00.000Z,BUY,0.07,1,1,70.00,1,71440.00
2026-05-06T05:08:00.000Z,2026-05-06T05:57:00.000Z,BUY,0.07,1,1,70.00,1,71510.00
2026-05-06T05:57:00.000Z,2026-05-06T06:39:00.000Z,BUY,0.07,1,1,70.00,1,71580.00
2026-05-06T06:39:00.000Z,2026-05-06T08:58:00.000Z,BUY,0.07,1,1,70.00,1,71650.00
2026-05-06T08:58:00.000Z,2026-05-06T10:45:00.000Z,BUY,0.07,1,1,70.00,1,71720.00
2026-05-06T10:45:00.000Z,2026-05-06T11:00:00.000Z,BUY,0.07,1,1,70.00,1,71790.00
2026-05-06T11:00:00.000Z,2026-05-06T11:50:00.000Z,BUY,0.07,1,1,70.00,1,71860.00
2026-05-06T11:50:00.000Z,2026-05-06T12:00:00.000Z,BUY,0.07,1,1,70.00,1,71930.00
2026-05-06T12:00:00.000Z,2026-05-06T13:41:00.000Z,BUY,0.07,1,1,70.00,1,72000.00
2026-05-06T13:41:00.000Z,2026-05-06T15:03:00.000Z,BUY,0.07,2,1,70.00,2,72070.00
2026-05-06T15:03:00.000Z,2026-05-06T16:33:00.000Z,BUY,0.07,3,1,70.00,3,72140.00
2026-05-06T16:33:00.000Z,2026-05-06T16:53:00.000Z,BUY,0.07,1,1,70.00,1,72210.00
2026-05-06T16:53:00.000Z,2026-05-06T17:15:00.000Z,BUY,0.07,1,1,70.00,1,72280.00
2026-05-06T17:15:00.000Z,2026-05-06T19:02:00.000Z,BUY,0.07,2,1,70.00,2,72350.00
2026-05-06T19:02:00.000Z,2026-05-06T22:09:00.000Z,BUY,0.07,1,1,70.00,1,72420.00
2026-05-06T22:09:00.000Z,2026-05-07T04:10:00.000Z,BUY,0.07,1,1,70.00,1,72490.00
2026-05-07T04:10:00.000Z,2026-05-07T04:16:00.000Z,BUY,0.07,1,1,70.00,1,72560.00
2026-05-07T04:16:00.000Z,2026-05-07T09:31:00.000Z,BUY,0.07,3,1,70.00,3,72630.00
2026-05-07T09:31:00.000Z,2026-05-07T09:35:00.000Z,BUY,0.07,1,1,70.00,1,72700.00
2026-05-07T09:35:00.000Z,2026-05-07T09:40:00.000Z,BUY,0.07,1,1,70.00,1,72770.00
2026-05-07T09:40:00.000Z,2026-05-07T16:33:00.000Z,BUY,0.07,3,1,70.00,3,72840.00
2026-05-07T16:33:00.000Z,2026-05-07T19:00:00.000Z,BUY,0.07,2,1,70.00,2,72910.00
2026-05-07T19:00:00.000Z,2026-05-07T20:27:00.000Z,BUY,0.07,2,1,70.00,2,72980.00
2026-05-07T20:27:00.000Z,2026-05-07T20:42:00.000Z,BUY,0.07,1,1,70.00,1,73050.00
2026-05-07T20:42:00.000Z,2026-05-07T21:35:00.000Z,BUY,0.07,1,1,70.00,1,73120.00
2026-05-07T21:35:00.000Z,2026-05-08T01:00:00.000Z,BUY,0.07,2,1,70.00,2,73190.00
2026-05-08T01:00:00.000Z,2026-05-08T01:12:00.000Z,BUY,0.07,1,1,70.00,1,73260.00
2026-05-08T01:12:00.000Z,2026-05-08T03:06:00.000Z,BUY,0.07,1,1,70.00,1,73330.00
2026-05-08T03:06:00.000Z,2026-05-08T03:18:00.000Z,SELL,0.07,1,1,70.00,1,73400.00
2026-05-08T03:18:00.000Z,2026-05-08T05:02:00.000Z,SELL,0.07,2,1,70.00,2,73470.00
2026-05-08T05:02:00.000Z,2026-05-08T05:35:00.000Z,SELL,0.07,1,1,70.00,1,73540.00
2026-05-08T05:35:00.000Z,2026-05-08T10:23:00.000Z,SELL,0.07,1,1,70.00,1,73610.00
2026-05-08T10:23:00.000Z,2026-05-08T11:21:00.000Z,BUY,0.07,1,1,70.00,1,73680.00
2026-05-08T11:21:00.000Z,2026-05-08T13:37:00.000Z,BUY,0.07,1,1,70.00,1,73750.00
2026-05-08T13:37:00.000Z,2026-05-08T16:31:00.000Z,BUY,0.07,3,1,70.00,3,73820.00
2026-05-08T16:31:00.000Z,2026-05-08T16:58:00.000Z,BUY,0.07,1,1,70.00,1,73890.00
2026-05-08T16:58:00.000Z,2026-05-08T17:30:00.000Z,BUY,0.07,2,1,70.00,2,73960.00
2026-05-08T17:30:00.000Z,2026-05-08T21:02:00.000Z,BUY,0.07,1,1,70.00,1,74030.00
2026-05-08T21:02:00.000Z,2026-05-11T01:00:00.000Z,BUY,0.07,2,1,70.00,2,74100.00
2026-05-11T01:00:00.000Z,2026-05-11T08:43:00.000Z,BUY,0.07,4,1,70.00,4,74170.00
2026-05-11T08:43:00.000Z,2026-05-11T08:51:00.000Z,SELL,0.07,1,1,70.00,1,74240.00
2026-05-11T08:51:00.000Z,2026-05-11T15:23:00.000Z,SELL,0.07,4,1,70.00,4,74310.00
2026-05-11T15:23:00.000Z,2026-05-11T16:09:00.000Z,SELL,0.07,2,1,70.00,2,74380.00
2026-05-11T16:09:00.000Z,2026-05-11T16:45:00.000Z,SELL,0.07,2,1,70.00,2,74450.00
2026-05-11T16:45:00.000Z,2026-05-11T16:49:00.000Z,SELL,0.07,1,1,70.00,1,74520.00
2026-05-11T16:49:00.000Z,2026-05-11T17:05:00.000Z,SELL,0.07,1,1,70.00,1,74590.00
2026-05-11T17:05:00.000Z,2026-05-11T17:32:00.000Z,SELL,0.07,1,1,70.00,1,74660.00
2026-05-11T17:32:00.000Z,2026-05-12T01:46:00.000Z,SELL,0.07,4,1,70.00,4,74730.00
2026-05-12T01:46:00.000Z,2026-05-12T02:31:00.000Z,BUY,0.07,1,1,70.00,1,74800.00
2026-05-12T02:31:00.000Z,2026-05-12T02:52:00.000Z,BUY,0.07,1,1,70.00,1,74870.00
2026-05-12T02:52:00.000Z,2026-05-12T04:27:00.000Z,BUY,0.07,2,1,70.00,2,74940.00
2026-05-12T04:27:00.000Z,2026-05-12T09:00:00.000Z,BUY,0.07,2,1,70.00,2,75010.00
2026-05-12T09:00:00.000Z,2026-05-12T17:00:00.000Z,BUY,0.07,4,1,70.00,4,75080.00
2026-05-12T17:00:00.000Z,2026-05-12T18:12:00.000Z,SELL,0.07,1,1,70.00,1,75150.00
2026-05-12T18:12:00.000Z,2026-05-12T18:22:00.000Z,SELL,0.07,1,1,70.00,1,75220.00
2026-05-12T18:22:00.000Z,2026-05-12T18:23:00.000Z,SELL,0.07,1,1,70.00,1,75290.00
2026-05-12T18:23:00.000Z,2026-05-12T20:02:00.000Z,SELL,0.07,2,1,70.00,2,75360.00
2026-05-12T20:02:00.000Z,2026-05-12T22:31:00.000Z,SELL,0.07,2,1,70.00,2,75430.00
2026-05-12T22:31:00.000Z,2026-05-13T05:36:00.000Z,SELL,0.07,3,1,70.00,3,75500.00
2026-05-13T05:36:00.000Z,2026-05-13T06:38:00.000Z,BUY,0.07,1,1,70.00,1,75570.00
2026-05-13T06:38:00.000Z,2026-05-13T06:57:00.000Z,SELL,0.07,1,1,70.00,1,75640.00
2026-05-13T06:57:00.000Z,2026-05-13T15:22:00.000Z,SELL,0.07,3,1,70.00,3,75710.00
2026-05-13T15:22:00.000Z,2026-05-13T16:38:00.000Z,SELL,0.07,1,1,70.00,1,75780.00
2026-05-13T16:38:00.000Z,2026-05-13T19:24:00.000Z,SELL,0.07,2,1,70.00,2,75850.00
2026-05-13T19:24:00.000Z,2026-05-13T20:33:00.000Z,SELL,0.07,1,1,70.00,1,75920.00
2026-05-13T20:33:00.000Z,2026-05-13T20:59:00.000Z,SELL,0.07,1,1,70.00,1,75990.00
2026-05-13T20:59:00.000Z,2026-05-14T06:55:00.000Z,SELL,0.07,3,1,70.00,3,76060.00
2026-05-14T06:55:00.000Z,2026-05-14T07:27:00.000Z,SELL,0.07,2,1,70.00,2,76130.00
2026-05-14T07:27:00.000Z,2026-05-14T08:26:00.000Z,SELL,0.07,1,1,70.00,1,76200.00
2026-05-14T08:26:00.000Z,2026-05-14T16:30:00.000Z,SELL,0.07,3,1,70.00,3,76270.00
2026-05-14T16:30:00.000Z,2026-05-14T17:18:00.000Z,BUY,0.07,1,1,70.00,1,76340.00
2026-05-14T17:18:00.000Z,2026-05-14T17:54:00.000Z,SELL,0.07,1,1,70.00,1,76410.00
2026-05-14T17:54:00.000Z,2026-05-14T19:35:00.000Z,SELL,0.07,1,1,70.00,1,76480.00
2026-05-14T19:35:00.000Z,2026-05-14T22:29:00.000Z,SELL,0.07,1,1,70.00,1,76550.00
2026-05-14T22:29:00.000Z,2026-05-14T22:48:00.000Z,SELL,0.07,1,1,70.00,1,76620.00
2026-05-14T22:48:00.000Z,2026-05-15T03:01:00.000Z,SELL,0.07,1,1,70.00,1,76690.00
2026-05-15T03:01:00.000Z,2026-05-15T03:25:00.000Z,SELL,0.07,1,1,70.00,1,76760.00
2026-05-15T03:25:00.000Z,2026-05-15T03:34:00.000Z,SELL,0.07,1,1,70.00,1,76830.00
2026-05-15T03:34:00.000Z,2026-05-15T04:07:00.000Z,SELL,0.07,1,1,70.00,1,76900.00
2026-05-15T04:07:00.000Z,2026-05-15T08:01:00.000Z,SELL,0.07,1,1,70.00,1,76970.00
2026-05-15T08:01:00.000Z,2026-05-15T08:10:00.000Z,SELL,0.07,1,1,70.00,1,77040.00
2026-05-15T08:10:00.000Z,2026-05-15T08:20:00.000Z,SELL,0.07,1,1,70.00,1,77110.00
2026-05-15T08:20:00.000Z,2026-05-15T08:34:00.000Z,SELL,0.07,1,1,70.00,1,77180.00
2026-05-15T08:34:00.000Z,2026-05-15T08:59:00.000Z,SELL,0.07,1,1,70.00,1,77250.00
2026-05-15T08:59:00.000Z,2026-05-15T11:30:00.000Z,SELL,0.07,3,1,70.00,3,77320.00
2026-05-15T11:30:00.000Z,2026-05-15T12:16:00.000Z,SELL,0.07,1,1,70.00,1,77390.00
2026-05-15T12:16:00.000Z,2026-05-15T13:53:00.000Z,SELL,0.07,2,1,70.00,2,77460.00
2026-05-15T13:53:00.000Z,2026-05-15T14:25:00.000Z,SELL,0.07,1,1,70.00,1,77530.00
2026-05-15T14:25:00.000Z,2026-05-15T14:55:00.000Z,SELL,0.07,1,1,70.00,1,77600.00
2026-05-15T14:55:00.000Z,2026-05-15T16:01:00.000Z,SELL,0.07,1,1,70.00,1,77670.00
2026-05-15T16:01:00.000Z,2026-05-15T16:37:00.000Z,SELL,0.07,1,1,70.00,1,77740.00
2026-05-15T16:37:00.000Z,2026-05-15T16:45:00.000Z,SELL,0.07,1,1,70.00,1,77810.00
2026-05-15T16:45:00.000Z,2026-05-15T17:14:00.000Z,SELL,0.07,2,1,70.00,2,77880.00
2026-05-15T17:14:00.000Z,2026-05-15T18:52:00.000Z,SELL,0.07,1,1,70.00,1,77950.00
2026-05-15T18:52:00.000Z,2026-05-18T01:01:00.000Z,SELL,0.07,3,1,70.00,3,78020.00
2026-05-18T01:01:00.000Z,2026-05-18T01:02:00.000Z,SELL,0.07,1,1,70.00,1,78090.00
2026-05-18T01:02:00.000Z,2026-05-18T01:02:00.000Z,SELL,0.07,1,1,70.00,1,78160.00
2026-05-18T01:02:00.000Z,2026-05-18T01:02:00.000Z,SELL,0.07,2,1,70.00,2,78230.00
2026-05-18T01:02:00.000Z,2026-05-18T03:05:00.000Z,SELL,0.07,1,1,70.00,1,78300.00
2026-05-18T03:05:00.000Z,2026-05-18T03:24:00.000Z,SELL,0.07,1,1,70.00,1,78370.00
2026-05-18T03:24:00.000Z,2026-05-18T03:33:00.000Z,SELL,0.07,1,1,70.00,1,78440.00
2026-05-18T03:33:00.000Z,2026-05-18T03:34:00.000Z,SELL,0.07,1,1,70.00,1,78510.00
2026-05-18T03:34:00.000Z,2026-05-18T03:40:00.000Z,SELL,0.07,1,1,70.00,1,78580.00
2026-05-18T03:40:00.000Z,2026-05-18T04:47:00.000Z,SELL,0.07,2,1,70.00,2,78650.00
2026-05-18T04:47:00.000Z,2026-05-18T06:44:00.000Z,SELL,0.07,2,1,70.00,2,78720.00
2026-05-18T06:44:00.000Z,2026-05-18T07:24:00.000Z,SELL,0.07,1,1,70.00,1,78790.00
2026-05-18T07:24:00.000Z,2026-05-18T14:41:00.000Z,SELL,0.07,4,1,70.00,4,78860.00
2026-05-18T14:41:00.000Z,2026-05-18T14:48:00.000Z,SELL,0.07,1,1,70.00,1,78930.00
2026-05-18T14:48:00.000Z,2026-05-18T15:20:00.000Z,SELL,0.07,1,1,70.00,1,79000.00
2026-05-18T15:20:00.000Z,2026-05-18T16:01:00.000Z,SELL,0.07,2,1,70.00,2,79070.00
2026-05-18T16:01:00.000Z,2026-05-18T16:02:00.000Z,SELL,0.07,1,1,70.00,1,79140.00
2026-05-18T16:02:00.000Z,2026-05-18T17:22:00.000Z,SELL,0.07,1,1,70.00,1,79210.00
2026-05-18T17:22:00.000Z,2026-05-18T17:34:00.000Z,SELL,0.07,1,1,70.00,1,79280.00
2026-05-18T17:34:00.000Z,2026-05-18T18:02:00.000Z,SELL,0.07,1,1,70.00,1,79350.00
2026-05-18T18:02:00.000Z,2026-05-19T01:00:00.000Z,SELL,0.07,4,1,70.00,4,79420.00
2026-05-19T01:00:00.000Z,2026-05-19T04:21:00.000Z,SELL,0.07,3,1,70.00,3,79490.00
2026-05-19T04:21:00.000Z,2026-05-19T04:39:00.000Z,BUY,0.07,1,1,70.00,1,79560.00
2026-05-19T04:39:00.000Z,2026-05-19T08:23:00.000Z,BUY,0.07,2,1,70.00,2,79630.00
2026-05-19T08:23:00.000Z,2026-05-19T16:04:00.000Z,SELL,0.07,3,1,70.00,3,79700.00
2026-05-19T16:04:00.000Z,2026-05-19T16:07:00.000Z,SELL,0.07,1,1,70.00,1,79770.00
2026-05-19T16:07:00.000Z,2026-05-19T16:24:00.000Z,SELL,0.07,1,1,70.00,1,79840.00
2026-05-19T16:24:00.000Z,2026-05-19T16:29:00.000Z,SELL,0.07,1,1,70.00,1,79910.00
2026-05-19T16:29:00.000Z,2026-05-19T16:31:00.000Z,SELL,0.07,1,1,70.00,1,79980.00
2026-05-19T16:31:00.000Z,2026-05-19T16:31:00.000Z,SELL,0.07,1,1,70.00,1,80050.00
2026-05-19T16:31:00.000Z,2026-05-19T16:54:00.000Z,SELL,0.08,2,1,80.00,2,80130.00
2026-05-19T16:54:00.000Z,2026-05-19T17:14:00.000Z,SELL,0.08,1,1,80.00,1,80210.00
2026-05-19T17:14:00.000Z,2026-05-19T22:55:00.000Z,SELL,0.08,1,1,80.00,1,80290.00
2026-05-19T22:55:00.000Z,2026-05-20T04:29:00.000Z,SELL,0.08,3,1,80.00,3,80370.00
2026-05-20T04:29:00.000Z,2026-05-20T04:36:00.000Z,SELL,0.08,1,1,80.00,1,80450.00
2026-05-20T04:36:00.000Z,2026-05-20T13:35:00.000Z,SELL,0.08,4,1,80.00,4,80530.00
2026-05-20T13:35:00.000Z,2026-05-20T16:58:00.000Z,SELL,0.08,1,1,80.00,1,80610.00
2026-05-20T16:58:00.000Z,2026-05-20T17:11:00.000Z,SELL,0.08,1,1,80.00,1,80690.00
2026-05-20T17:11:00.000Z,2026-05-20T17:17:00.000Z,SELL,0.08,2,1,80.00,2,80770.00
2026-05-20T17:17:00.000Z,2026-05-20T17:17:00.000Z,SELL,0.08,1,1,80.00,1,80850.00
2026-05-20T17:17:00.000Z,2026-05-20T17:31:00.000Z,SELL,0.08,2,1,80.00,2,80930.00
2026-05-20T17:31:00.000Z,2026-05-20T18:16:00.000Z,SELL,0.08,2,1,80.00,2,81010.00
2026-05-20T18:16:00.000Z,2026-05-20T18:17:00.000Z,SELL,0.08,1,1,80.00,1,81090.00
2026-05-20T18:17:00.000Z,2026-05-20T18:26:00.000Z,SELL,0.08,1,1,80.00,1,81170.00
2026-05-20T18:26:00.000Z,2026-05-21T04:23:00.000Z,SELL,0.08,2,1,80.00,2,81250.00
2026-05-21T04:23:00.000Z,2026-05-21T05:46:00.000Z,BUY,0.08,2,1,80.00,2,81330.00
2026-05-21T05:46:00.000Z,2026-05-21T12:21:00.000Z,BUY,0.08,3,1,80.00,3,81410.00
2026-05-21T12:21:00.000Z,2026-05-21T13:27:00.000Z,BUY,0.08,2,1,80.00,2,81490.00
2026-05-21T13:27:00.000Z,2026-05-21T20:10:00.000Z,BUY,0.08,3,1,80.00,3,81570.00
2026-05-21T20:10:00.000Z,2026-05-21T20:49:00.000Z,SELL,0.08,2,1,80.00,2,81650.00
2026-05-21T20:49:00.000Z,2026-05-21T21:48:00.000Z,SELL,0.08,1,1,80.00,1,81730.00
2026-05-21T21:48:00.000Z,2026-05-22T08:57:00.000Z,BUY,0.08,2,1,80.00,2,81810.00
2026-05-22T08:57:00.000Z,2026-05-22T09:09:00.000Z,BUY,0.08,1,1,80.00,1,81890.00
2026-05-22T09:09:00.000Z,2026-05-22T13:45:00.000Z,SELL,0.08,1,1,80.00,1,81970.00
2026-05-22T13:45:00.000Z,2026-05-22T14:44:00.000Z,BUY,0.08,1,1,80.00,1,82050.00
2026-05-22T14:44:00.000Z,2026-05-22T16:42:00.000Z,SELL,0.08,1,1,80.00,1,82130.00
2026-05-22T16:42:00.000Z,2026-05-22T17:13:00.000Z,SELL,0.08,1,1,80.00,1,82210.00
2026-05-22T17:13:00.000Z,2026-05-25T01:00:00.000Z,SELL,0.08,2,1,80.00,2,82290.00
2026-05-25T01:00:00.000Z,2026-05-25T01:47:00.000Z,SELL,0.08,2,1,80.00,2,82370.00
2026-05-25T01:47:00.000Z,2026-05-25T09:05:00.000Z,SELL,0.08,1,1,80.00,1,82450.00
2026-05-25T09:05:00.000Z,2026-05-25T09:57:00.000Z,BUY,0.08,1,1,80.00,1,82530.00
2026-05-25T09:57:00.000Z,2026-05-25T13:11:00.000Z,BUY,0.08,1,1,80.00,1,82610.00
2026-05-25T13:11:00.000Z,2026-05-26T03:19:00.000Z,BUY,0.08,2,1,80.00,2,82690.00
2026-05-26T03:19:00.000Z,2026-05-26T03:31:00.000Z,BUY,0.08,1,1,80.00,1,82770.00
2026-05-26T03:31:00.000Z,2026-05-26T10:17:00.000Z,BUY,0.08,2,1,80.00,2,82850.00
2026-05-26T10:17:00.000Z,2026-05-26T12:44:00.000Z,SELL,0.08,1,1,80.00,1,82930.00
2026-05-26T12:44:00.000Z,2026-05-26T15:31:00.000Z,SELL,0.08,3,1,80.00,3,83010.00
2026-05-26T15:31:00.000Z,2026-05-26T20:58:00.000Z,SELL,0.08,3,1,80.00,3,83090.00
2026-05-26T20:58:00.000Z,2026-05-27T01:00:00.000Z,SELL,0.08,2,1,80.00,2,83170.00
2026-05-27T01:00:00.000Z,2026-05-27T01:02:00.000Z,SELL,0.08,1,1,80.00,1,83250.00
2026-05-27T01:02:00.000Z,2026-05-27T01:05:00.000Z,SELL,0.08,1,1,80.00,1,83330.00
2026-05-27T01:05:00.000Z,2026-05-27T09:18:00.000Z,SELL,0.08,3,1,80.00,3,83410.00
2026-05-27T09:18:00.000Z,2026-05-27T09:31:00.000Z,SELL,0.08,1,1,80.00,1,83490.00
2026-05-27T09:31:00.000Z,2026-05-27T13:39:00.000Z,SELL,0.08,1,1,80.00,1,83570.00
2026-05-27T13:39:00.000Z,2026-05-27T13:46:00.000Z,SELL,0.08,1,1,80.00,1,83650.00
2026-05-27T13:46:00.000Z,2026-05-27T13:46:00.000Z,SELL,0.08,1,1,80.00,1,83730.00
2026-05-27T13:46:00.000Z,2026-05-27T14:28:00.000Z,SELL,0.08,1,1,80.00,1,83810.00
2026-05-27T14:28:00.000Z,2026-05-27T14:57:00.000Z,SELL,0.08,1,1,80.00,1,83890.00
2026-05-27T14:57:00.000Z,2026-05-27T15:22:00.000Z,SELL,0.08,2,1,80.00,2,83970.00
2026-05-27T15:22:00.000Z,2026-05-27T15:33:00.000Z,SELL,0.08,1,1,80.00,1,84050.00
2026-05-27T15:33:00.000Z,2026-05-27T15:58:00.000Z,SELL,0.08,1,1,80.00,1,84130.00
2026-05-27T15:58:00.000Z,2026-05-27T16:05:00.000Z,SELL,0.08,1,1,80.00,1,84210.00
2026-05-27T16:05:00.000Z,2026-05-27T16:07:00.000Z,SELL,0.08,1,1,80.00,1,84290.00
2026-05-27T16:07:00.000Z,2026-05-27T16:20:00.000Z,SELL,0.08,1,1,80.00,1,84370.00
2026-05-27T16:20:00.000Z,2026-05-27T17:05:00.000Z,SELL,0.08,2,1,80.00,2,84450.00
2026-05-27T17:05:00.000Z,2026-05-28T04:23:00.000Z,SELL,0.08,3,1,80.00,3,84530.00
2026-05-28T04:23:00.000Z,2026-05-28T04:28:00.000Z,SELL,0.08,1,1,80.00,1,84610.00
2026-05-28T04:28:00.000Z,2026-05-28T04:55:00.000Z,SELL,0.08,1,1,80.00,1,84690.00
2026-05-28T04:55:00.000Z,2026-05-28T05:13:00.000Z,SELL,0.08,1,1,80.00,1,84770.00
2026-05-28T05:13:00.000Z,2026-05-28T06:18:00.000Z,SELL,0.08,1,1,80.00,1,84850.00
2026-05-28T06:18:00.000Z,2026-05-28T06:37:00.000Z,SELL,0.08,1,1,80.00,1,84930.00
2026-05-28T06:37:00.000Z,2026-05-28T07:20:00.000Z,SELL,0.08,1,1,80.00,1,85010.00
2026-05-28T07:20:00.000Z,2026-05-28T12:21:00.000Z,SELL,0.08,2,1,80.00,2,85090.00
2026-05-28T12:21:00.000Z,2026-05-28T13:46:00.000Z,SELL,0.08,1,1,80.00,1,85170.00
2026-05-28T13:46:00.000Z,2026-05-28T13:51:00.000Z,SELL,0.08,1,1,80.00,1,85250.00
2026-05-28T13:51:00.000Z,2026-05-28T15:46:00.000Z,SELL,0.08,2,1,80.00,2,85330.00
2026-05-28T15:46:00.000Z,2026-05-28T16:04:00.000Z,SELL,0.08,2,1,80.00,2,85410.00
2026-05-28T16:04:00.000Z,2026-05-28T16:10:00.000Z,SELL,0.08,1,1,80.00,1,85490.00
2026-05-28T16:10:00.000Z,2026-05-28T17:13:00.000Z,SELL,0.08,2,1,80.00,2,85570.00
2026-05-28T17:13:00.000Z,2026-05-28T19:05:00.000Z,SELL,0.08,2,1,80.00,2,85650.00
2026-05-28T19:05:00.000Z,2026-05-28T19:19:00.000Z,BUY,0.08,1,1,80.00,1,85730.00
2026-05-28T19:19:00.000Z,2026-05-28T19:45:00.000Z,BUY,0.08,1,1,80.00,1,85810.00
2026-05-28T19:45:00.000Z,2026-05-29T04:15:00.000Z,BUY,0.08,1,1,80.00,1,85890.00
2026-05-29T04:15:00.000Z,2026-05-29T12:13:00.000Z,BUY,0.08,3,1,80.00,3,85970.00
2026-05-29T12:13:00.000Z,2026-05-29T12:46:00.000Z,BUY,0.08,1,1,80.00,1,86050.00
2026-05-29T12:46:00.000Z,2026-05-29T17:02:00.000Z,BUY,0.08,3,1,80.00,3,86130.00
2026-05-29T17:02:00.000Z,2026-05-29T17:52:00.000Z,BUY,0.08,3,1,80.00,3,86210.00
2026-05-29T17:52:00.000Z,2026-05-29T17:53:00.000Z,BUY,0.08,1,1,80.00,1,86290.00
2026-05-29T17:53:00.000Z,2026-05-29T18:04:00.000Z,BUY,0.08,1,1,80.00,1,86370.00
2026-05-29T18:04:00.000Z,2026-05-29T18:08:00.000Z,BUY,0.08,1,1,80.00,1,86450.00
2026-05-29T18:08:00.000Z,2026-05-29T18:48:00.000Z,BUY,0.08,2,1,80.00,2,86530.00
2026-05-29T18:48:00.000Z,2026-05-29T18:51:00.000Z,BUY,0.08,1,1,80.00,1,86610.00
2026-05-29T18:51:00.000Z,2026-06-01T01:00:00.000Z,BUY,0.08,2,1,80.00,2,86690.00
2026-06-01T01:00:00.000Z,2026-06-01T09:20:00.000Z,BUY,0.08,4,1,80.00,4,86770.00
2026-06-01T09:20:00.000Z,2026-06-01T16:12:00.000Z,BUY,0.08,2,1,80.00,2,86850.00
2026-06-01T16:12:00.000Z,2026-06-01T16:22:00.000Z,SELL,0.08,1,1,80.00,1,86930.00
2026-06-01T16:22:00.000Z,2026-06-01T16:51:00.000Z,SELL,0.08,1,1,80.00,1,87010.00
2026-06-01T16:51:00.000Z,2026-06-01T17:00:00.000Z,SELL,0.08,1,1,80.00,1,87090.00
2026-06-01T17:00:00.000Z,2026-06-01T18:34:00.000Z,SELL,0.08,2,1,80.00,2,87170.00
2026-06-01T18:34:00.000Z,2026-06-01T19:10:00.000Z,SELL,0.08,1,1,80.00,1,87250.00
2026-06-01T19:10:00.000Z,2026-06-02T06:31:00.000Z,SELL,0.08,4,1,80.00,4,87330.00
2026-06-02T06:31:00.000Z,2026-06-02T08:35:00.000Z,SELL,0.08,2,1,80.00,2,87410.00
2026-06-02T08:35:00.000Z,2026-06-02T08:55:00.000Z,SELL,0.08,1,1,80.00,1,87490.00
2026-06-02T08:55:00.000Z,2026-06-02T16:30:00.000Z,SELL,0.08,3,1,80.00,3,87570.00
2026-06-02T16:30:00.000Z,2026-06-03T02:10:00.000Z,BUY,0.08,2,1,80.00,2,87650.00
2026-06-03T02:10:00.000Z,2026-06-03T02:23:00.000Z,SELL,0.08,1,1,80.00,1,87730.00
2026-06-03T02:23:00.000Z,2026-06-03T08:59:00.000Z,SELL,0.08,5,1,80.00,5,87810.00
2026-06-03T08:59:00.000Z,2026-06-03T11:51:00.000Z,SELL,0.08,1,1,80.00,1,87890.00
2026-06-03T11:51:00.000Z,2026-06-03T16:42:00.000Z,SELL,0.08,3,1,80.00,3,87970.00
2026-06-03T16:42:00.000Z,2026-06-04T01:16:00.000Z,SELL,0.08,3,1,80.00,3,88050.00
2026-06-04T01:16:00.000Z,2026-06-04T02:45:00.000Z,SELL,0.08,2,1,80.00,2,88130.00
2026-06-04T02:45:00.000Z,2026-06-04T03:38:00.000Z,SELL,0.08,1,1,80.00,1,88210.00
2026-06-04T03:38:00.000Z,2026-06-04T05:56:00.000Z,SELL,0.08,2,1,80.00,2,88290.00
2026-06-04T05:56:00.000Z,2026-06-04T06:36:00.000Z,SELL,0.08,1,1,80.00,1,88370.00
2026-06-04T06:36:00.000Z,2026-06-04T14:46:00.000Z,SELL,0.08,2,1,80.00,2,88450.00
2026-06-04T14:46:00.000Z,2026-06-04T14:55:00.000Z,BUY,0.08,1,1,80.00,1,88530.00
2026-06-04T14:55:00.000Z,2026-06-04T17:43:00.000Z,BUY,0.08,2,1,80.00,2,88610.00
2026-06-04T17:43:00.000Z,2026-06-05T04:42:00.000Z,BUY,0.08,2,1,80.00,2,88690.00
2026-06-05T04:42:00.000Z,2026-06-05T06:22:00.000Z,SELL,0.08,1,1,80.00,1,88770.00
2026-06-05T06:22:00.000Z,2026-06-05T10:23:00.000Z,SELL,0.08,2,1,80.00,2,88850.00
2026-06-05T10:23:00.000Z,2026-06-05T15:30:00.000Z,SELL,0.08,1,1,80.00,1,88930.00
2026-06-05T15:30:00.000Z,2026-06-05T15:36:00.000Z,SELL,0.08,1,1,80.00,1,89010.00
2026-06-05T15:36:00.000Z,2026-06-05T15:50:00.000Z,SELL,0.08,1,1,80.00,1,89090.00
2026-06-05T15:50:00.000Z,2026-06-05T15:52:00.000Z,SELL,0.08,1,1,80.00,1,89170.00
2026-06-05T15:52:00.000Z,2026-06-05T15:55:00.000Z,SELL,0.08,1,1,80.00,1,89250.00
2026-06-05T15:55:00.000Z,2026-06-05T16:00:00.000Z,SELL,0.08,1,1,80.00,1,89330.00
2026-06-05T16:00:00.000Z,2026-06-05T16:37:00.000Z,SELL,0.08,1,1,80.00,1,89410.00
2026-06-05T16:37:00.000Z,2026-06-05T16:47:00.000Z,SELL,0.08,1,1,80.00,1,89490.00
2026-06-05T16:47:00.000Z,2026-06-05T16:59:00.000Z,SELL,0.08,1,1,80.00,1,89570.00
2026-06-05T16:59:00.000Z,2026-06-05T17:22:00.000Z,SELL,0.08,1,1,80.00,1,89650.00
2026-06-05T17:22:00.000Z,2026-06-05T17:33:00.000Z,SELL,0.08,1,1,80.00,1,89730.00
2026-06-05T17:33:00.000Z,2026-06-05T18:37:00.000Z,SELL,0.08,1,1,80.00,1,89810.00
2026-06-05T18:37:00.000Z,2026-06-05T19:00:00.000Z,SELL,0.08,1,1,80.00,1,89890.00
2026-06-05T19:00:00.000Z,2026-06-05T21:16:00.000Z,SELL,0.08,1,1,80.00,1,89970.00
2026-06-05T21:16:00.000Z,2026-06-08T01:02:00.000Z,SELL,0.08,1,1,80.00,1,90050.00
2026-06-08T01:02:00.000Z,2026-06-08T02:48:00.000Z,SELL,0.09,2,1,90.00,2,90140.00
2026-06-08T02:48:00.000Z,2026-06-08T04:07:00.000Z,SELL,0.09,1,1,90.00,1,90230.00
2026-06-08T04:07:00.000Z,2026-06-08T04:15:00.000Z,SELL,0.09,1,1,90.00,1,90320.00
2026-06-08T04:15:00.000Z,2026-06-08T04:30:00.000Z,SELL,0.09,1,1,90.00,1,90410.00
2026-06-08T04:30:00.000Z,2026-06-08T04:30:00.000Z,SELL,0.09,1,1,90.00,1,90500.00
2026-06-08T04:30:00.000Z,2026-06-08T08:34:00.000Z,SELL,0.09,3,1,90.00,3,90590.00
2026-06-08T08:34:00.000Z,2026-06-08T08:36:00.000Z,SELL,0.09,1,1,90.00,1,90680.00
2026-06-08T08:36:00.000Z,2026-06-08T08:37:00.000Z,SELL,0.09,1,1,90.00,1,90770.00
2026-06-08T08:37:00.000Z,2026-06-08T09:00:00.000Z,SELL,0.09,2,1,90.00,2,90860.00
2026-06-08T09:00:00.000Z,2026-06-08T11:07:00.000Z,SELL,0.09,1,1,90.00,1,90950.00
2026-06-08T11:07:00.000Z,2026-06-08T12:29:00.000Z,SELL,0.09,1,1,90.00,1,91040.00
2026-06-08T12:29:00.000Z,2026-06-08T14:10:00.000Z,SELL,0.09,2,1,90.00,2,91130.00
2026-06-08T14:10:00.000Z,2026-06-08T16:32:00.000Z,SELL,0.09,2,1,90.00,2,91220.00
2026-06-08T16:32:00.000Z,2026-06-08T16:50:00.000Z,SELL,0.09,1,1,90.00,1,91310.00
2026-06-08T16:50:00.000Z,2026-06-08T17:08:00.000Z,SELL,0.09,1,1,90.00,1,91400.00
2026-06-08T17:08:00.000Z,2026-06-09T08:43:00.000Z,SELL,0.09,4,1,90.00,4,91490.00
2026-06-09T08:43:00.000Z,2026-06-09T09:28:00.000Z,SELL,0.09,1,1,90.00,1,91580.00
2026-06-09T09:28:00.000Z,2026-06-09T16:48:00.000Z,BUY,0.09,1,1,90.00,1,91670.00
2026-06-09T16:48:00.000Z,2026-06-09T16:49:00.000Z,BUY,0.09,1,1,90.00,1,91760.00
2026-06-09T16:49:00.000Z,2026-06-09T16:56:00.000Z,BUY,0.09,2,1,90.00,2,91850.00
2026-06-09T16:56:00.000Z,2026-06-09T17:43:00.000Z,BUY,0.09,2,1,90.00,2,91940.00
2026-06-09T17:43:00.000Z,2026-06-09T18:31:00.000Z,BUY,0.09,4,1,90.00,4,92030.00
2026-06-09T18:31:00.000Z,2026-06-09T19:14:00.000Z,SELL,0.09,1,1,90.00,1,92120.00
2026-06-09T19:14:00.000Z,2026-06-09T19:38:00.000Z,SELL,0.09,1,1,90.00,1,92210.00
2026-06-09T19:38:00.000Z,2026-06-09T19:39:00.000Z,SELL,0.09,1,1,90.00,1,92300.00
2026-06-09T19:39:00.000Z,2026-06-09T21:18:00.000Z,SELL,0.09,2,1,90.00,2,92390.00
2026-06-09T21:18:00.000Z,2026-06-09T22:14:00.000Z,SELL,0.09,1,1,90.00,1,92480.00
2026-06-09T22:14:00.000Z,2026-06-10T01:00:00.000Z,SELL,0.09,1,1,90.00,1,92570.00
2026-06-10T01:00:00.000Z,2026-06-10T01:49:00.000Z,SELL,0.09,1,1,90.00,1,92660.00
2026-06-10T01:49:00.000Z,2026-06-10T02:18:00.000Z,SELL,0.09,1,1,90.00,1,92750.00
2026-06-10T02:18:00.000Z,2026-06-10T02:44:00.000Z,SELL,0.09,1,1,90.00,1,92840.00
2026-06-10T02:44:00.000Z,2026-06-10T03:33:00.000Z,SELL,0.09,1,1,90.00,1,92930.00
2026-06-10T03:33:00.000Z,2026-06-10T04:04:00.000Z,SELL,0.09,1,1,90.00,1,93020.00
2026-06-10T04:04:00.000Z,2026-06-10T04:42:00.000Z,SELL,0.09,1,1,90.00,1,93110.00
2026-06-10T04:42:00.000Z,2026-06-10T05:33:00.000Z,SELL,0.09,1,1,90.00,1,93200.00
2026-06-10T05:33:00.000Z,2026-06-10T08:55:00.000Z,SELL,0.09,2,1,90.00,2,93290.00
2026-06-10T08:55:00.000Z,2026-06-10T10:25:00.000Z,SELL,0.09,1,1,90.00,1,93380.00
2026-06-10T10:25:00.000Z,2026-06-10T10:52:00.000Z,SELL,0.09,1,1,90.00,1,93470.00
2026-06-10T10:52:00.000Z,2026-06-10T11:02:00.000Z,SELL,0.09,1,1,90.00,1,93560.00
2026-06-10T11:02:00.000Z,2026-06-10T11:04:00.000Z,SELL,0.09,1,1,90.00,1,93650.00
2026-06-10T11:04:00.000Z,2026-06-10T14:05:00.000Z,SELL,0.09,1,1,90.00,1,93740.00
2026-06-10T14:05:00.000Z,2026-06-10T15:08:00.000Z,SELL,0.09,1,1,90.00,1,93830.00
2026-06-10T15:08:00.000Z,2026-06-10T15:12:00.000Z,SELL,0.09,1,1,90.00,1,93920.00
2026-06-10T15:12:00.000Z,2026-06-10T15:30:00.000Z,SELL,0.09,2,1,90.00,2,94010.00
2026-06-10T15:30:00.000Z,2026-06-10T15:32:00.000Z,SELL,0.09,1,1,90.00,1,94100.00
2026-06-10T15:32:00.000Z,2026-06-10T15:56:00.000Z,SELL,0.09,1,1,90.00,1,94190.00
2026-06-10T15:56:00.000Z,2026-06-10T16:20:00.000Z,SELL,0.09,1,1,90.00,1,94280.00
2026-06-10T16:20:00.000Z,2026-06-10T16:37:00.000Z,SELL,0.09,2,1,90.00,2,94370.00
2026-06-10T16:37:00.000Z,2026-06-10T17:37:00.000Z,SELL,0.09,3,1,90.00,3,94460.00
2026-06-10T17:37:00.000Z,2026-06-10T17:48:00.000Z,SELL,0.09,1,1,90.00,1,94550.00
2026-06-10T17:48:00.000Z,2026-06-10T17:56:00.000Z,SELL,0.09,1,1,90.00,1,94640.00
2026-06-10T17:56:00.000Z,2026-06-10T17:57:00.000Z,SELL,0.09,1,1,90.00,1,94730.00
2026-06-10T17:57:00.000Z,2026-06-10T18:48:00.000Z,SELL,0.09,1,1,90.00,1,94820.00
2026-06-10T18:48:00.000Z,2026-06-10T20:44:00.000Z,SELL,0.09,3,1,90.00,3,94910.00
2026-06-10T20:44:00.000Z,2026-06-10T22:11:00.000Z,SELL,0.09,1,1,90.00,1,95000.00
2026-06-10T22:11:00.000Z,2026-06-10T22:25:00.000Z,SELL,0.09,1,1,90.00,1,95090.00
2026-06-10T22:25:00.000Z,2026-06-11T01:00:00.000Z,SELL,0.09,1,1,90.00,1,95180.00
2026-06-11T01:00:00.000Z,2026-06-11T01:02:00.000Z,SELL,0.09,1,1,90.00,1,95270.00
2026-06-11T01:02:00.000Z,2026-06-11T01:09:00.000Z,SELL,0.09,1,1,90.00,1,95360.00
2026-06-11T01:09:00.000Z,2026-06-11T01:20:00.000Z,SELL,0.09,1,1,90.00,1,95450.00
2026-06-11T01:20:00.000Z,2026-06-11T02:13:00.000Z,SELL,0.09,3,1,90.00,3,95540.00
2026-06-11T02:13:00.000Z,2026-06-11T02:26:00.000Z,SELL,0.09,2,1,90.00,2,95630.00
2026-06-11T02:26:00.000Z,2026-06-11T02:45:00.000Z,SELL,0.09,1,1,90.00,1,95720.00
2026-06-11T02:45:00.000Z,2026-06-11T03:08:00.000Z,SELL,0.09,1,1,90.00,1,95810.00
2026-06-11T03:08:00.000Z,2026-06-11T03:17:00.000Z,SELL,0.09,2,1,90.00,2,95900.00
2026-06-11T03:17:00.000Z,2026-06-11T03:25:00.000Z,SELL,0.09,1,1,90.00,1,95990.00
2026-06-11T03:25:00.000Z,2026-06-11T04:16:00.000Z,SELL,0.09,2,1,90.00,2,96080.00
2026-06-11T04:16:00.000Z,2026-06-11T05:31:00.000Z,SELL,0.09,3,1,90.00,3,96170.00
2026-06-11T05:31:00.000Z,2026-06-11T05:39:00.000Z,SELL,0.09,1,1,90.00,1,96260.00
2026-06-11T05:39:00.000Z,2026-06-11T05:41:00.000Z,SELL,0.09,1,1,90.00,1,96350.00
2026-06-11T05:41:00.000Z,2026-06-11T08:32:00.000Z,SELL,0.09,2,1,90.00,2,96440.00
2026-06-11T08:32:00.000Z,2026-06-11T09:07:00.000Z,SELL,0.09,1,1,90.00,1,96530.00
2026-06-11T09:07:00.000Z,2026-06-11T10:26:00.000Z,SELL,0.09,2,1,90.00,2,96620.00
2026-06-11T10:26:00.000Z,2026-06-11T10:52:00.000Z,SELL,0.09,1,1,90.00,1,96710.00
2026-06-11T10:52:00.000Z,2026-06-11T11:45:00.000Z,SELL,0.09,1,1,90.00,1,96800.00
2026-06-11T11:45:00.000Z,2026-06-11T12:30:00.000Z,SELL,0.09,1,1,90.00,1,96890.00
2026-06-11T12:30:00.000Z,2026-06-11T15:22:00.000Z,SELL,0.09,1,1,90.00,1,96980.00
2026-06-11T15:22:00.000Z,2026-06-11T15:33:00.000Z,SELL,0.09,1,1,90.00,1,97070.00
2026-06-11T15:33:00.000Z,2026-06-11T16:46:00.000Z,SELL,0.09,2,1,90.00,2,97160.00
2026-06-11T16:46:00.000Z,2026-06-11T17:03:00.000Z,SELL,0.09,1,1,90.00,1,97250.00
2026-06-11T17:03:00.000Z,2026-06-11T17:09:00.000Z,SELL,0.09,1,1,90.00,1,97340.00
2026-06-11T17:09:00.000Z,2026-06-11T17:10:00.000Z,SELL,0.09,1,1,90.00,1,97430.00
2026-06-11T17:10:00.000Z,2026-06-11T18:12:00.000Z,SELL,0.09,2,1,90.00,2,97520.00
2026-06-11T18:12:00.000Z,2026-06-11T18:23:00.000Z,SELL,0.09,1,1,90.00,1,97610.00
2026-06-11T18:23:00.000Z,2026-06-11T19:15:00.000Z,SELL,0.09,2,1,90.00,2,97700.00
2026-06-11T19:15:00.000Z,2026-06-11T19:18:00.000Z,SELL,0.09,1,1,90.00,1,97790.00
2026-06-11T19:18:00.000Z,2026-06-11T19:25:00.000Z,SELL,0.09,1,1,90.00,1,97880.00
2026-06-11T19:25:00.000Z,2026-06-11T20:00:00.000Z,SELL,0.09,1,1,90.00,1,97970.00
2026-06-11T20:00:00.000Z,2026-06-11T20:30:00.000Z,SELL,0.09,2,1,90.00,2,98060.00
2026-06-11T20:30:00.000Z,2026-06-11T20:33:00.000Z,SELL,0.09,2,1,90.00,2,98150.00
2026-06-11T20:33:00.000Z,2026-06-11T20:42:00.000Z,SELL,0.09,2,1,90.00,2,98240.00
2026-06-11T20:42:00.000Z,2026-06-11T20:45:00.000Z,SELL,0.09,1,1,90.00,1,98330.00
2026-06-11T20:45:00.000Z,2026-06-11T21:02:00.000Z,SELL,0.09,1,1,90.00,1,98420.00
2026-06-11T21:02:00.000Z,2026-06-11T21:05:00.000Z,SELL,0.09,1,1,90.00,1,98510.00
2026-06-11T21:05:00.000Z,2026-06-11T21:45:00.000Z,SELL,0.09,2,1,90.00,2,98600.00
2026-06-11T21:45:00.000Z,2026-06-11T22:17:00.000Z,SELL,0.09,2,1,90.00,2,98690.00
2026-06-11T22:17:00.000Z,2026-06-11T22:30:00.000Z,BUY,0.09,1,1,90.00,1,98780.00
2026-06-11T22:30:00.000Z,2026-06-11T22:36:00.000Z,BUY,0.09,1,1,90.00,1,98870.00
2026-06-11T22:36:00.000Z,2026-06-12T01:43:00.000Z,BUY,0.09,1,1,90.00,1,98960.00
2026-06-12T01:43:00.000Z,2026-06-12T01:56:00.000Z,BUY,0.09,1,1,90.00,1,99050.00
2026-06-12T01:56:00.000Z,2026-06-12T03:44:00.000Z,BUY,0.09,2,1,90.00,2,99140.00
2026-06-12T03:44:00.000Z,2026-06-12T04:36:00.000Z,BUY,0.09,2,1,90.00,2,99230.00
2026-06-12T04:36:00.000Z,2026-06-12T04:46:00.000Z,BUY,0.09,1,1,90.00,1,99320.00
2026-06-12T04:46:00.000Z,2026-06-12T05:09:00.000Z,BUY,0.09,1,1,90.00,1,99410.00
2026-06-12T05:09:00.000Z,2026-06-12T11:17:00.000Z,BUY,0.09,3,1,90.00,3,99500.00
2026-06-12T11:17:00.000Z,2026-06-12T11:18:00.000Z,BUY,0.09,1,1,90.00,1,99590.00
2026-06-12T11:18:00.000Z,2026-06-12T12:48:00.000Z,BUY,0.09,1,1,90.00,1,99680.00
2026-06-12T12:48:00.000Z,2026-06-12T14:32:00.000Z,BUY,0.09,2,1,90.00,2,99770.00
2026-06-12T14:32:00.000Z,2026-06-12T14:41:00.000Z,BUY,0.09,1,1,90.00,1,99860.00
2026-06-12T14:41:00.000Z,2026-06-12T17:47:00.000Z,BUY,0.09,4,1,90.00,4,99950.00
2026-06-12T17:47:00.000Z,2026-06-12T17:52:00.000Z,BUY,0.09,1,1,90.00,1,100040.00
2026-06-12T17:52:00.000Z,2026-06-12T17:52:00.000Z,BUY,0.10,1,1,100.00,1,100140.00
2026-06-12T17:52:00.000Z,2026-06-12T18:02:00.000Z,BUY,0.10,1,1,100.00,1,100240.00
2026-06-12T18:02:00.000Z,2026-06-12T18:19:00.000Z,BUY,0.10,1,1,100.00,1,100340.00
2026-06-12T18:19:00.000Z,2026-06-12T18:24:00.000Z,BUY,0.10,1,1,100.00,1,100440.00
2026-06-12T18:24:00.000Z,2026-06-22T21:06:00.000Z,BUY,0.10,4,1,100.00,4,100540.00
2026-06-22T21:06:00.000Z,2026-06-23T04:33:00.000Z,BUY,0.10,2,1,100.00,2,100640.00
2026-06-23T04:33:00.000Z,2026-06-23T06:11:00.000Z,BUY,0.10,2,1,100.00,2,100740.00
2026-06-23T06:11:00.000Z,2026-06-23T07:56:00.000Z,SELL,0.10,1,1,100.00,1,100840.00
2026-06-23T07:56:00.000Z,2026-06-23T07:59:00.000Z,SELL,0.10,1,1,100.00,1,100940.00
2026-06-23T07:59:00.000Z,2026-06-23T10:41:00.000Z,SELL,0.10,1,1,100.00,1,101040.00
2026-06-23T10:41:00.000Z,2026-06-23T10:56:00.000Z,SELL,0.10,1,1,100.00,1,101140.00
2026-06-23T10:56:00.000Z,2026-06-23T13:00:00.000Z,SELL,0.10,2,1,100.00,2,101240.00
2026-06-23T13:00:00.000Z,2026-06-23T14:01:00.000Z,SELL,0.10,1,1,100.00,1,101340.00
2026-06-23T14:01:00.000Z,2026-06-23T16:16:00.000Z,SELL,0.10,1,1,100.00,1,101440.00
2026-06-23T16:16:00.000Z,2026-06-23T16:52:00.000Z,SELL,0.10,2,1,100.00,2,101540.00
2026-06-23T16:52:00.000Z,2026-06-23T17:32:00.000Z,SELL,0.10,1,1,100.00,1,101640.00
2026-06-23T17:32:00.000Z,2026-06-23T21:42:00.000Z,SELL,0.10,1,1,100.00,1,101740.00
2026-06-23T21:42:00.000Z,2026-06-24T01:20:00.000Z,SELL,0.10,1,1,100.00,1,101840.00
2026-06-24T01:20:00.000Z,2026-06-24T02:05:00.000Z,SELL,0.10,1,1,100.00,1,101940.00
2026-06-24T02:05:00.000Z,2026-06-24T02:38:00.000Z,SELL,0.10,1,1,100.00,1,102040.00
2026-06-24T02:38:00.000Z,2026-06-24T04:03:00.000Z,SELL,0.10,3,1,100.00,3,102140.00
2026-06-24T04:03:00.000Z,2026-06-24T05:31:00.000Z,SELL,0.10,3,1,100.00,3,102240.00
2026-06-24T05:31:00.000Z,2026-06-24T05:42:00.000Z,SELL,0.10,1,1,100.00,1,102340.00
2026-06-24T05:42:00.000Z,2026-06-24T08:33:00.000Z,SELL,0.10,2,1,100.00,2,102440.00
2026-06-24T08:33:00.000Z,2026-06-24T08:40:00.000Z,SELL,0.10,1,1,100.00,1,102540.00
2026-06-24T08:40:00.000Z,2026-06-24T12:43:00.000Z,SELL,0.10,3,1,100.00,3,102640.00
2026-06-24T12:43:00.000Z,2026-06-24T13:17:00.000Z,SELL,0.10,1,1,100.00,1,102740.00
2026-06-24T13:17:00.000Z,2026-06-24T14:14:00.000Z,SELL,0.10,1,1,100.00,1,102840.00
2026-06-24T14:14:00.000Z,2026-06-24T15:24:00.000Z,SELL,0.10,1,1,100.00,1,102940.00
2026-06-24T15:24:00.000Z,2026-06-24T15:25:00.000Z,SELL,0.10,1,1,100.00,1,103040.00
2026-06-24T15:25:00.000Z,2026-06-24T15:25:00.000Z,SELL,0.10,1,1,100.00,1,103140.00
2026-06-24T15:25:00.000Z,2026-06-24T15:49:00.000Z,SELL,0.10,1,1,100.00,1,103240.00
2026-06-24T15:49:00.000Z,2026-06-24T15:58:00.000Z,SELL,0.10,1,1,100.00,1,103340.00
2026-06-24T15:58:00.000Z,2026-06-24T16:00:00.000Z,SELL,0.10,1,1,100.00,1,103440.00
2026-06-24T16:00:00.000Z,2026-06-24T16:01:00.000Z,SELL,0.10,1,1,100.00,1,103540.00
2026-06-24T16:01:00.000Z,2026-06-24T16:39:00.000Z,SELL,0.10,4,1,100.00,4,103640.00
2026-06-24T16:39:00.000Z,2026-06-24T16:51:00.000Z,SELL,0.10,2,1,100.00,2,103740.00
2026-06-24T16:51:00.000Z,2026-06-24T17:04:00.000Z,SELL,0.10,1,1,100.00,1,103840.00
2026-06-24T17:04:00.000Z,2026-06-24T17:43:00.000Z,SELL,0.10,1,1,100.00,1,103940.00
2026-06-24T17:43:00.000Z,2026-06-24T18:04:00.000Z,SELL,0.10,1,1,100.00,1,104040.00
2026-06-24T18:04:00.000Z,2026-06-24T20:25:00.000Z,SELL,0.10,1,1,100.00,1,104140.00
2026-06-24T20:25:00.000Z,2026-06-24T20:46:00.000Z,SELL,0.10,1,1,100.00,1,104240.00
2026-06-24T20:46:00.000Z,2026-06-24T21:00:00.000Z,SELL,0.10,1,1,100.00,1,104340.00
2026-06-24T21:00:00.000Z,2026-06-24T21:03:00.000Z,SELL,0.10,1,1,100.00,1,104440.00
2026-06-24T21:03:00.000Z,2026-06-24T21:11:00.000Z,SELL,0.10,2,1,100.00,2,104540.00
2026-06-24T21:11:00.000Z,2026-06-24T21:21:00.000Z,SELL,0.10,1,1,100.00,1,104640.00
2026-06-24T21:21:00.000Z,2026-06-25T02:35:00.000Z,SELL,0.10,2,1,100.00,2,104740.00
2026-06-25T02:35:00.000Z,2026-06-25T03:18:00.000Z,SELL,0.10,1,1,100.00,1,104840.00
2026-06-25T03:18:00.000Z,2026-06-25T03:32:00.000Z,SELL,0.10,1,1,100.00,1,104940.00
2026-06-25T03:32:00.000Z,2026-06-25T03:47:00.000Z,SELL,0.10,1,1,100.00,1,105040.00
2026-06-25T03:47:00.000Z,2026-06-25T05:08:00.000Z,SELL,0.10,3,1,100.00,3,105140.00
2026-06-25T05:08:00.000Z,2026-06-25T06:56:00.000Z,SELL,0.10,4,1,100.00,4,105240.00
2026-06-25T06:56:00.000Z,2026-06-25T07:14:00.000Z,SELL,0.10,1,1,100.00,1,105340.00
2026-06-25T07:14:00.000Z,2026-06-25T09:14:00.000Z,SELL,0.10,1,1,100.00,1,105440.00
2026-06-25T09:14:00.000Z,2026-06-25T15:30:00.000Z,SELL,0.10,4,1,100.00,4,105540.00
2026-06-25T15:30:00.000Z,2026-06-25T15:31:00.000Z,SELL,0.10,1,1,100.00,1,105640.00
2026-06-25T15:31:00.000Z,2026-06-25T15:35:00.000Z,SELL,0.10,1,1,100.00,1,105740.00
2026-06-25T15:35:00.000Z,2026-06-25T16:00:00.000Z,SELL,0.10,2,1,100.00,2,105840.00
2026-06-25T16:00:00.000Z,2026-06-25T16:46:00.000Z,SELL,0.10,1,1,100.00,1,105940.00
2026-06-25T16:46:00.000Z,2026-06-25T17:00:00.000Z,SELL,0.10,1,1,100.00,1,106040.00
2026-06-25T17:00:00.000Z,2026-06-25T18:22:00.000Z,SELL,0.10,2,1,100.00,2,106140.00
2026-06-25T18:22:00.000Z,2026-06-26T02:48:00.000Z,SELL,0.10,1,1,100.00,1,106240.00
2026-06-26T02:48:00.000Z,2026-06-26T04:01:00.000Z,BUY,0.10,1,1,100.00,1,106340.00
2026-06-26T04:01:00.000Z,2026-06-26T05:37:00.000Z,BUY,0.10,2,1,100.00,2,106440.00
2026-06-26T05:37:00.000Z,2026-06-26T07:14:00.000Z,BUY,0.10,1,1,100.00,1,106540.00
2026-06-26T07:14:00.000Z,2026-06-26T10:28:00.000Z,SELL,0.10,2,1,100.00,2,106640.00
2026-06-26T10:28:00.000Z,2026-06-26T12:25:00.000Z,BUY,0.10,1,1,100.00,1,106740.00
2026-06-26T12:25:00.000Z,2026-06-26T15:58:00.000Z,BUY,0.10,1,1,100.00,1,106840.00
2026-06-26T15:58:00.000Z,2026-06-26T16:56:00.000Z,BUY,0.10,1,1,100.00,1,106940.00
2026-06-26T16:56:00.000Z,2026-06-26T17:10:00.000Z,BUY,0.10,1,1,100.00,1,107040.00
2026-06-26T17:10:00.000Z,2026-06-26T17:16:00.000Z,BUY,0.10,1,1,100.00,1,107140.00
2026-06-26T17:16:00.000Z,2026-06-29T01:18:00.000Z,BUY,0.10,2,1,100.00,2,107240.00
2026-06-29T01:18:00.000Z,2026-06-29T03:56:00.000Z,BUY,0.10,1,1,100.00,1,107340.00
2026-06-29T03:56:00.000Z,2026-06-29T08:31:00.000Z,BUY,0.10,2,1,100.00,2,107440.00
2026-06-29T08:31:00.000Z,2026-06-29T08:44:00.000Z,BUY,0.10,1,1,100.00,1,107540.00
2026-06-29T08:44:00.000Z,2026-06-29T09:06:00.000Z,BUY,0.10,1,1,100.00,1,107640.00
2026-06-29T09:06:00.000Z,2026-06-29T12:57:00.000Z,BUY,0.10,2,1,100.00,2,107740.00
2026-06-29T12:57:00.000Z,2026-06-29T14:56:00.000Z,BUY,0.10,1,1,100.00,1,107840.00
2026-06-29T14:56:00.000Z,2026-06-29T16:54:00.000Z,SELL,0.10,1,1,100.00,1,107940.00
2026-06-29T16:54:00.000Z,2026-06-29T17:06:00.000Z,SELL,0.10,1,1,100.00,1,108040.00
2026-06-29T17:06:00.000Z,2026-06-29T17:11:00.000Z,SELL,0.10,1,1,100.00,1,108140.00
2026-06-29T17:11:00.000Z,2026-06-30T03:36:00.000Z,SELL,0.10,3,1,100.00,3,108240.00
2026-06-30T03:36:00.000Z,2026-06-30T03:55:00.000Z,SELL,0.10,1,1,100.00,1,108340.00
2026-06-30T03:55:00.000Z,2026-06-30T04:00:00.000Z,SELL,0.10,1,1,100.00,1,108440.00
2026-06-30T04:00:00.000Z,2026-06-30T04:06:00.000Z,SELL,0.10,1,1,100.00,1,108540.00
2026-06-30T04:06:00.000Z,2026-06-30T04:07:00.000Z,SELL,0.10,1,1,100.00,1,108640.00
2026-06-30T04:07:00.000Z,2026-06-30T04:07:00.000Z,SELL,0.10,1,1,100.00,1,108740.00
2026-06-30T04:07:00.000Z,2026-06-30T04:29:00.000Z,SELL,0.10,2,1,100.00,2,108840.00
2026-06-30T04:29:00.000Z,2026-06-30T04:40:00.000Z,SELL,0.10,1,1,100.00,1,108940.00
2026-06-30T04:40:00.000Z,2026-06-30T05:09:00.000Z,SELL,0.10,1,1,100.00,1,109040.00
2026-06-30T05:09:00.000Z,2026-06-30T07:30:00.000Z,SELL,0.10,2,1,100.00,2,109140.00
2026-06-30T07:30:00.000Z,2026-06-30T08:30:00.000Z,SELL,0.10,1,1,100.00,1,109240.00
2026-06-30T08:30:00.000Z,2026-06-30T09:28:00.000Z,SELL,0.10,2,1,100.00,2,109340.00
2026-06-30T09:28:00.000Z,2026-06-30T17:09:00.000Z,SELL,0.10,2,1,100.00,2,109440.00
2026-06-30T17:09:00.000Z,2026-06-30T17:15:00.000Z,BUY,0.10,1,1,100.00,1,109540.00
2026-06-30T17:15:00.000Z,2026-06-30T17:23:00.000Z,BUY,0.10,1,1,100.00,1,109640.00
2026-06-30T17:23:00.000Z,2026-06-30T18:17:00.000Z,BUY,0.10,2,1,100.00,2,109740.00
2026-06-30T18:17:00.000Z,2026-07-01T03:41:00.000Z,BUY,0.10,2,1,100.00,2,109840.00
2026-07-01T03:41:00.000Z,2026-07-01T04:05:00.000Z,SELL,0.10,1,1,100.00,1,109940.00
2026-07-01T04:05:00.000Z,2026-07-01T04:17:00.000Z,SELL,0.10,1,1,100.00,1,110040.00
2026-07-01T04:17:00.000Z,2026-07-01T09:07:00.000Z,SELL,0.11,1,1,110.00,1,110150.00
2026-07-01T09:07:00.000Z,2026-07-01T13:57:00.000Z,SELL,0.11,2,1,110.00,2,110260.00
2026-07-01T13:57:00.000Z,2026-07-01T14:43:00.000Z,SELL,0.11,2,1,110.00,2,110370.00
2026-07-01T14:43:00.000Z,2026-07-01T16:00:00.000Z,SELL,0.11,1,1,110.00,1,110480.00
2026-07-01T16:00:00.000Z,2026-07-01T16:30:00.000Z,SELL,0.11,2,1,110.00,2,110590.00
2026-07-01T16:30:00.000Z,2026-07-01T16:40:00.000Z,SELL,0.11,2,1,110.00,2,110700.00
2026-07-01T16:40:00.000Z,2026-07-01T17:34:00.000Z,SELL,0.11,2,1,110.00,2,110810.00
2026-07-01T17:34:00.000Z,2026-07-01T18:34:00.000Z,BUY,0.11,2,1,110.00,2,110920.00
2026-07-01T18:34:00.000Z,2026-07-01T19:06:00.000Z,BUY,0.11,1,1,110.00,1,111030.00
2026-07-01T19:06:00.000Z,2026-07-01T21:53:00.000Z,BUY,0.11,2,1,110.00,2,111140.00
2026-07-01T21:53:00.000Z,2026-07-02T06:49:00.000Z,BUY,0.11,3,1,110.00,3,111250.00
2026-07-02T06:49:00.000Z,2026-07-02T09:22:00.000Z,BUY,0.11,1,1,110.00,1,111360.00
2026-07-02T09:22:00.000Z,2026-07-02T15:30:00.000Z,BUY,0.11,3,1,110.00,3,111470.00
2026-07-02T15:30:00.000Z,2026-07-02T15:30:00.000Z,BUY,0.11,1,1,110.00,1,111580.00
2026-07-02T15:30:00.000Z,2026-07-02T15:30:00.000Z,BUY,0.11,1,1,110.00,1,111690.00
2026-07-02T15:30:00.000Z,2026-07-02T15:30:00.000Z,BUY,0.11,1,1,110.00,1,111800.00
2026-07-02T15:30:00.000Z,2026-07-02T15:35:00.000Z,BUY,0.11,1,1,110.00,1,111910.00
2026-07-02T15:35:00.000Z,2026-07-02T15:40:00.000Z,BUY,0.11,1,1,110.00,1,112020.00
2026-07-02T15:40:00.000Z,2026-07-02T16:25:00.000Z,BUY,0.11,2,1,110.00,2,112130.00
2026-07-02T16:25:00.000Z,2026-07-02T16:31:00.000Z,BUY,0.11,1,1,110.00,1,112240.00
2026-07-02T16:31:00.000Z,2026-07-02T16:35:00.000Z,BUY,0.11,1,1,110.00,1,112350.00
2026-07-02T16:35:00.000Z,2026-07-02T16:49:00.000Z,BUY,0.11,1,1,110.00,1,112460.00
2026-07-02T16:49:00.000Z,2026-07-02T19:30:00.000Z,BUY,0.11,2,1,110.00,2,112570.00
2026-07-02T19:30:00.000Z,2026-07-02T21:08:00.000Z,BUY,0.11,1,1,110.00,1,112680.00
2026-07-02T21:08:00.000Z,2026-07-03T02:33:00.000Z,BUY,0.11,1,1,110.00,1,112790.00
2026-07-03T02:33:00.000Z,2026-07-03T03:51:00.000Z,BUY,0.11,1,1,110.00,1,112900.00
2026-07-03T03:51:00.000Z,2026-07-03T04:00:00.000Z,BUY,0.11,1,1,110.00,1,113010.00
2026-07-03T04:00:00.000Z,2026-07-03T04:06:00.000Z,BUY,0.11,1,1,110.00,1,113120.00
2026-07-03T04:06:00.000Z,2026-07-03T04:09:00.000Z,BUY,0.11,1,1,110.00,1,113230.00
2026-07-03T04:09:00.000Z,2026-07-03T04:20:00.000Z,BUY,0.11,1,1,110.00,1,113340.00
2026-07-03T04:20:00.000Z,2026-07-03T04:24:00.000Z,BUY,0.11,1,1,110.00,1,113450.00
2026-07-03T04:24:00.000Z,2026-07-03T09:14:00.000Z,BUY,0.11,2,1,110.00,2,113560.00
2026-07-03T09:14:00.000Z,2026-07-03T09:36:00.000Z,BUY,0.11,1,1,110.00,1,113670.00
2026-07-03T09:36:00.000Z,2026-07-03T11:02:00.000Z,BUY,0.11,1,1,110.00,1,113780.00
2026-07-03T11:02:00.000Z,2026-07-06T02:28:00.000Z,BUY,0.11,3,1,110.00,3,113890.00
2026-07-06T02:28:00.000Z,2026-07-06T06:22:00.000Z,BUY,0.11,4,1,110.00,4,114000.00
2026-07-06T06:22:00.000Z,2026-07-06T15:42:00.000Z,BUY,0.11,2,1,110.00,2,114110.00
2026-07-06T15:42:00.000Z,2026-07-06T21:33:00.000Z,SELL,0.11,2,1,110.00,2,114220.00
2026-07-06T21:33:00.000Z,2026-07-07T03:12:00.000Z,SELL,0.11,1,1,110.00,1,114330.00
2026-07-07T03:12:00.000Z,2026-07-07T08:01:00.000Z,BUY,0.11,2,1,110.00,2,114440.00
2026-07-07T08:01:00.000Z,2026-07-07T14:58:00.000Z,SELL,0.11,2,1,110.00,2,114550.00
2026-07-07T14:58:00.000Z,2026-07-07T18:18:00.000Z,SELL,0.11,3,1,110.00,3,114660.00
2026-07-07T18:18:00.000Z,2026-07-07T22:07:00.000Z,BUY,0.11,2,1,110.00,2,114770.00
2026-07-07T22:07:00.000Z,2026-07-07T22:15:00.000Z,SELL,0.11,1,1,110.00,1,114880.00
2026-07-07T22:15:00.000Z,2026-07-07T22:18:00.000Z,SELL,0.11,1,1,110.00,1,114990.00
2026-07-07T22:18:00.000Z,2026-07-08T03:39:00.000Z,SELL,0.11,2,1,110.00,2,115100.00
2026-07-08T03:39:00.000Z,2026-07-08T03:58:00.000Z,SELL,0.11,1,1,110.00,1,115210.00
2026-07-08T03:58:00.000Z,2026-07-08T04:05:00.000Z,SELL,0.11,1,1,110.00,1,115320.00
2026-07-08T04:05:00.000Z,2026-07-08T08:06:00.000Z,SELL,0.11,2,1,110.00,2,115430.00
2026-07-08T08:06:00.000Z,2026-07-08T08:29:00.000Z,SELL,0.11,1,1,110.00,1,115540.00
2026-07-08T08:29:00.000Z,2026-07-08T11:16:00.000Z,SELL,0.11,1,1,110.00,1,115650.00
2026-07-08T11:16:00.000Z,2026-07-08T11:17:00.000Z,SELL,0.11,1,1,110.00,1,115760.00
2026-07-08T11:17:00.000Z,2026-07-08T11:17:00.000Z,SELL,0.11,1,1,110.00,1,115870.00
2026-07-08T11:17:00.000Z,2026-07-08T11:18:00.000Z,SELL,0.11,1,1,110.00,1,115980.00
2026-07-08T11:18:00.000Z,2026-07-08T11:37:00.000Z,SELL,0.11,1,1,110.00,1,116090.00
2026-07-08T11:37:00.000Z,2026-07-08T11:56:00.000Z,SELL,0.11,1,1,110.00,1,116200.00
2026-07-08T11:56:00.000Z,2026-07-08T12:09:00.000Z,SELL,0.11,1,1,110.00,1,116310.00
2026-07-08T12:09:00.000Z,2026-07-08T15:46:00.000Z,SELL,0.11,2,1,110.00,2,116420.00
2026-07-08T15:46:00.000Z,2026-07-08T16:14:00.000Z,SELL,0.11,1,1,110.00,1,116530.00
2026-07-08T16:14:00.000Z,2026-07-08T17:11:00.000Z,SELL,0.11,1,1,110.00,1,116640.00
2026-07-08T17:11:00.000Z,2026-07-08T17:36:00.000Z,SELL,0.11,1,1,110.00,1,116750.00
2026-07-08T17:36:00.000Z,2026-07-08T17:43:00.000Z,SELL,0.11,1,1,110.00,1,116860.00
2026-07-08T17:43:00.000Z,2026-07-08T18:16:00.000Z,SELL,0.11,1,1,110.00,1,116970.00
2026-07-08T18:16:00.000Z,2026-07-08T19:49:00.000Z,SELL,0.11,2,1,110.00,2,117080.00
2026-07-08T19:49:00.000Z,2026-07-08T21:49:00.000Z,SELL,0.11,2,1,110.00,2,117190.00
2026-07-08T21:49:00.000Z,2026-07-08T22:47:00.000Z,SELL,0.11,1,1,110.00,1,117300.00
2026-07-08T22:47:00.000Z,2026-07-09T04:03:00.000Z,SELL,0.11,1,1,110.00,1,117410.00
2026-07-09T04:03:00.000Z,2026-07-09T06:10:00.000Z,SELL,0.11,1,1,110.00,1,117520.00
2026-07-09T06:10:00.000Z,2026-07-09T09:00:00.000Z,SELL,0.11,2,1,110.00,2,117630.00
2026-07-09T09:00:00.000Z,2026-07-09T15:08:00.000Z,SELL,0.11,2,1,110.00,2,117740.00
2026-07-09T15:08:00.000Z,2026-07-09T16:34:00.000Z,BUY,0.11,1,1,110.00,1,117850.00
2026-07-09T16:34:00.000Z,2026-07-10T11:47:00.000Z,BUY,0.11,4,1,110.00,4,117960.00
2026-07-10T11:47:00.000Z,2026-07-10T13:22:00.000Z,BUY,0.11,1,1,110.00,1,118070.00
2026-07-10T13:22:00.000Z,2026-07-10T14:35:00.000Z,SELL,0.11,1,1,110.00,1,118180.00
2026-07-10T14:35:00.000Z,2026-07-10T16:28:00.000Z,SELL,0.11,1,1,110.00,1,118290.00
2026-07-10T16:28:00.000Z,2026-07-10T17:33:00.000Z,SELL,0.11,3,1,110.00,3,118400.00
2026-07-10T17:33:00.000Z,2026-07-10T18:48:00.000Z,SELL,0.11,2,1,110.00,2,118510.00
2026-07-10T18:48:00.000Z,2026-07-10T22:02:00.000Z,SELL,0.11,1,1,110.00,1,118620.00
2026-07-10T22:02:00.000Z,2026-07-13T01:05:00.000Z,SELL,0.11,1,1,110.00,1,118730.00
2026-07-13T01:05:00.000Z,2026-07-13T01:45:00.000Z,SELL,0.11,1,1,110.00,1,118840.00
2026-07-13T01:45:00.000Z,2026-07-13T03:34:00.000Z,SELL,0.11,1,1,110.00,1,118950.00
2026-07-13T03:34:00.000Z,2026-07-13T06:11:00.000Z,SELL,0.11,3,1,110.00,3,119060.00
2026-07-13T06:11:00.000Z,2026-07-13T09:06:00.000Z,SELL,0.11,1,1,110.00,1,119170.00
2026-07-13T09:06:00.000Z,2026-07-13T11:15:00.000Z,SELL,0.11,2,1,110.00,2,119280.00
2026-07-13T11:15:00.000Z,2026-07-13T13:16:00.000Z,SELL,0.11,1,1,110.00,1,119390.00
2026-07-13T13:16:00.000Z,2026-07-13T13:41:00.000Z,SELL,0.11,1,1,110.00,1,119500.00
2026-07-13T13:41:00.000Z,2026-07-13T16:51:00.000Z,SELL,0.11,1,1,110.00,1,119610.00
2026-07-13T16:51:00.000Z,2026-07-13T17:06:00.000Z,SELL,0.11,1,1,110.00,1,119720.00
2026-07-13T17:06:00.000Z,2026-07-13T17:16:00.000Z,SELL,0.11,1,1,110.00,1,119830.00
2026-07-13T17:16:00.000Z,2026-07-13T17:16:00.000Z,SELL,0.11,1,1,110.00,1,119940.00
2026-07-13T17:16:00.000Z,2026-07-13T17:21:00.000Z,SELL,0.11,1,1,110.00,1,120050.00
2026-07-13T17:21:00.000Z,2026-07-13T19:33:00.000Z,SELL,0.12,3,1,120.00,3,120170.00
2026-07-13T19:33:00.000Z,2026-07-14T03:07:00.000Z,SELL,0.12,1,1,120.00,1,120290.00
2026-07-14T03:07:00.000Z,2026-07-14T05:11:00.000Z,SELL,0.12,2,1,120.00,2,120410.00
2026-07-14T05:11:00.000Z,2026-07-14T15:30:00.000Z,SELL,0.12,2,1,120.00,2,120530.00
2026-07-14T15:30:00.000Z,2026-07-14T15:30:00.000Z,SELL,0.12,2,1,120.00,2,120650.00
2026-07-14T15:30:00.000Z,2026-07-14T19:00:00.000Z,SELL,0.12,5,1,120.00,5,120770.00
2026-07-14T19:00:00.000Z,2026-07-15T05:01:00.000Z,BUY,0.12,2,1,120.00,2,120890.00
2026-07-15T05:01:00.000Z,2026-07-15T15:30:00.000Z,BUY,0.12,1,1,120.00,1,121010.00
2026-07-15T15:30:00.000Z,2026-07-15T19:19:00.000Z,SELL,0.12,3,1,120.00,3,121130.00
2026-07-15T19:19:00.000Z,2026-07-15T20:29:00.000Z,BUY,0.12,1,1,120.00,1,121250.00
2026-07-15T20:29:00.000Z,2026-07-15T20:33:00.000Z,BUY,0.12,1,1,120.00,1,121370.00
2026-07-15T20:33:00.000Z,2026-07-15T20:46:00.000Z,BUY,0.12,1,1,120.00,1,121490.00
2026-07-15T20:46:00.000Z,2026-07-15T21:29:00.000Z,BUY,0.12,1,1,120.00,1,121610.00
2026-07-15T21:29:00.000Z,2026-07-16T03:59:00.000Z,BUY,0.12,2,1,120.00,2,121730.00
2026-07-16T03:59:00.000Z,2026-07-16T15:16:00.000Z,BUY,0.12,2,1,120.00,2,121850.00
2026-07-16T15:16:00.000Z,2026-07-16T15:43:00.000Z,SELL,0.12,1,1,120.00,1,121970.00
2026-07-16T15:43:00.000Z,2026-07-16T15:54:00.000Z,SELL,0.12,1,1,120.00,1,122090.00
2026-07-16T15:54:00.000Z,2026-07-16T16:02:00.000Z,SELL,0.12,1,1,120.00,1,122210.00
2026-07-16T16:02:00.000Z,2026-07-16T16:05:00.000Z,SELL,0.12,1,1,120.00,1,122330.00
2026-07-16T16:05:00.000Z,2026-07-16T16:27:00.000Z,SELL,0.12,2,1,120.00,2,122450.00
2026-07-16T16:27:00.000Z,2026-07-16T16:34:00.000Z,SELL,0.12,1,1,120.00,1,122570.00
2026-07-16T16:34:00.000Z,2026-07-16T16:39:00.000Z,SELL,0.12,1,1,120.00,1,122690.00
2026-07-16T16:39:00.000Z,2026-07-16T18:25:00.000Z,SELL,0.12,2,1,120.00,2,122810.00
2026-07-16T18:25:00.000Z,2026-07-16T19:01:00.000Z,SELL,0.12,1,1,120.00,1,122930.00
2026-07-16T19:01:00.000Z,2026-07-16T19:12:00.000Z,SELL,0.12,1,1,120.00,1,123050.00
2026-07-16T19:12:00.000Z,2026-07-16T19:20:00.000Z,SELL,0.12,1,1,120.00,1,123170.00
2026-07-16T19:20:00.000Z,2026-07-16T22:35:00.000Z,SELL,0.12,1,1,120.00,1,123290.00
2026-07-16T22:35:00.000Z,2026-07-17T06:20:00.000Z,SELL,0.12,4,1,120.00,4,123410.00
2026-07-17T06:20:00.000Z,2026-07-17T06:55:00.000Z,SELL,0.12,1,1,120.00,1,123530.00
2026-07-17T06:55:00.000Z,2026-07-17T07:38:00.000Z,SELL,0.12,1,1,120.00,1,123650.00
2026-07-17T07:38:00.000Z,2026-07-17T15:43:00.000Z,SELL,0.12,3,1,120.00,3,123770.00
2026-07-17T15:43:00.000Z,2026-07-17T16:00:00.000Z,SELL,0.12,1,1,120.00,1,123890.00
2026-07-17T16:00:00.000Z,2026-07-17T16:39:00.000Z,SELL,0.12,2,1,120.00,2,124010.00
2026-07-17T16:39:00.000Z,2026-07-17T16:45:00.000Z,SELL,0.12,1,1,120.00,1,124130.00
2026-07-17T16:45:00.000Z,2026-07-17T18:04:00.000Z,SELL,0.12,2,1,120.00,2,124250.00
2026-07-17T18:04:00.000Z,2026-07-20T01:05:00.000Z,SELL,0.12,1,1,120.00,1,124370.00
2026-07-20T01:05:00.000Z,2026-07-20T04:00:00.000Z,BUY,0.12,1,1,120.00,1,124490.00
2026-07-20T04:00:00.000Z,2026-07-20T05:48:00.000Z,BUY,0.12,1,1,120.00,1,124610.00
2026-07-20T05:48:00.000Z,2026-07-20T14:30:00.000Z,BUY,0.12,1,1,120.00,1,124730.00
2026-07-20T14:30:00.000Z,2026-07-20T17:02:00.000Z,BUY,0.12,2,1,120.00,2,124850.00
2026-07-20T17:02:00.000Z,2026-07-20T17:46:00.000Z,BUY,0.12,1,1,120.00,1,124970.00
2026-07-20T17:46:00.000Z,2026-07-21T03:42:00.000Z,BUY,0.12,1,1,120.00,1,125090.00
2026-07-21T03:42:00.000Z,2026-07-21T08:15:00.000Z,SELL,0.12,2,1,120.00,2,125210.00
2026-07-21T08:15:00.000Z,2026-07-21T08:40:00.000Z,BUY,0.12,1,1,120.00,1,125330.00
2026-07-21T08:40:00.000Z,2026-07-21T09:22:00.000Z,BUY,0.12,1,1,120.00,1,125450.00
2026-07-21T09:22:00.000Z,2026-07-21T09:49:00.000Z,BUY,0.12,1,1,120.00,1,125570.00
2026-07-21T09:49:00.000Z,2026-07-21T15:41:00.000Z,BUY,0.12,2,1,120.00,2,125690.00
2026-07-21T15:41:00.000Z,2026-07-21T17:12:00.000Z,BUY,0.12,1,1,120.00,1,125810.00
2026-07-21T17:12:00.000Z,2026-07-21T18:10:00.000Z,BUY,0.12,1,1,120.00,1,125930.00
2026-07-21T18:10:00.000Z,2026-07-21T21:25:00.000Z,BUY,0.12,1,1,120.00,1,126050.00
2026-07-21T21:25:00.000Z,2026-07-22T03:16:00.000Z,BUY,0.12,1,1,120.00,1,126170.00
2026-07-22T03:16:00.000Z,2026-07-22T04:00:00.000Z,BUY,0.12,1,1,120.00,1,126290.00
2026-07-22T04:00:00.000Z,2026-07-22T04:06:00.000Z,BUY,0.12,1,1,120.00,1,126410.00
2026-07-22T04:06:00.000Z,2026-07-22T05:17:00.000Z,BUY,0.12,1,1,120.00,1,126530.00
2026-07-22T05:17:00.000Z,2026-07-22T06:06:00.000Z,BUY,0.12,1,1,120.00,1,126650.00
2026-07-22T06:06:00.000Z,2026-07-22T16:33:00.000Z,BUY,0.12,3,1,120.00,3,126770.00
2026-07-22T16:33:00.000Z,2026-07-22T16:59:00.000Z,BUY,0.12,1,1,120.00,1,126890.00
2026-07-22T16:59:00.000Z,2026-07-22T18:52:00.000Z,BUY,0.12,1,1,120.00,1,127010.00
2026-07-22T18:52:00.000Z,2026-07-22T21:22:00.000Z,BUY,0.12,2,1,120.00,2,127130.00
2026-07-22T21:22:00.000Z,2026-07-23T10:11:00.000Z,BUY,0.12,2,1,120.00,2,127250.00
2026-07-23T10:11:00.000Z,2026-07-23T14:40:00.000Z,BUY,0.12,2,1,120.00,2,127370.00
2026-07-23T14:40:00.000Z,2026-07-23T15:37:00.000Z,SELL,0.12,1,1,120.00,1,127490.00
2026-07-23T15:37:00.000Z,2026-07-23T16:01:00.000Z,SELL,0.12,1,1,120.00,1,127610.00
2026-07-23T16:01:00.000Z,2026-07-23T16:08:00.000Z,SELL,0.12,1,1,120.00,1,127730.00
2026-07-23T16:08:00.000Z,2026-07-24T05:48:00.000Z,SELL,0.12,3,1,120.00,3,127850.00
2026-07-24T05:48:00.000Z,2026-07-24T05:55:00.000Z,SELL,0.12,1,1,120.00,1,127970.00
2026-07-24T05:55:00.000Z,2026-07-24T11:42:00.000Z,SELL,0.12,2,1,120.00,2,128090.00
2026-07-24T11:42:00.000Z,2026-07-27T01:05:00.000Z,SELL,0.12,4,1,120.00,4,128210.00
2026-07-27T01:05:00.000Z,2026-07-27T02:50:00.000Z,BUY,0.12,1,1,120.00,1,128330.00
2026-07-27T02:50:00.000Z,2026-07-27T03:09:00.000Z,BUY,0.12,1,1,120.00,1,128450.00
2026-07-27T03:09:00.000Z,2026-07-27T03:12:00.000Z,BUY,0.12,1,1,120.00,1,128570.00
2026-07-27T03:12:00.000Z,2026-07-27T06:29:00.000Z,BUY,0.12,2,1,120.00,2,128690.00
2026-07-27T06:29:00.000Z,2026-07-27T09:11:00.000Z,BUY,0.12,1,1,120.00,1,128810.00
2026-07-27T09:11:00.000Z,2026-07-27T10:25:00.000Z,BUY,0.12,1,1,120.00,1,128930.00
2026-07-27T10:25:00.000Z,2026-07-27T16:28:00.000Z,BUY,0.12,2,1,120.00,2,129050.00
2026-07-27T16:28:00.000Z,2026-07-27T16:39:00.000Z,BUY,0.12,1,1,120.00,1,129170.00
2026-07-27T16:39:00.000Z,2026-07-28T04:00:00.000Z,BUY,0.12,4,1,120.00,4,129290.00
2026-07-28T04:00:00.000Z,2026-07-28T04:33:00.000Z,SELL,0.12,1,1,120.00,1,129410.00
2026-07-28T04:33:00.000Z,2026-07-28T08:36:00.000Z,SELL,0.12,1,1,120.00,1,129530.00
2026-07-28T08:36:00.000Z,2026-07-28T12:57:00.000Z,SELL,0.12,1,1,120.00,1,129650.00
2026-07-28T12:57:00.000Z,2026-07-28T17:21:00.000Z,SELL,0.12,1,1,120.00,1,129770.00
2026-07-28T17:21:00.000Z,2026-07-28T18:53:00.000Z,SELL,0.12,2,1,120.00,2,129890.00
2026-07-28T18:53:00.000Z,2026-07-28T20:31:00.000Z,SELL,0.12,1,1,120.00,1,130010.00
2026-07-28T20:31:00.000Z,2026-07-28T21:33:00.000Z,SELL,0.13,1,1,130.00,1,130140.00
2026-07-28T21:33:00.000Z,2026-07-29T01:32:00.000Z,SELL,0.13,1,1,130.00,1,130270.00
2026-07-29T01:32:00.000Z,2026-07-29T09:35:00.000Z,SELL,0.13,2,1,130.00,2,130400.00
2026-07-29T09:35:00.000Z,2026-07-29T12:23:00.000Z,SELL,0.13,1,1,130.00,1,130530.00
2026-07-29T12:23:00.000Z,2026-07-29T15:16:00.000Z,SELL,0.13,1,1,130.00,1,130660.00
2026-07-29T15:16:00.000Z,2026-07-29T15:29:00.000Z,SELL,0.13,1,1,130.00,1,130790.00
2026-07-29T15:29:00.000Z,2026-07-29T16:58:00.000Z,SELL,0.13,1,1,130.00,1,130920.00
2026-07-29T16:58:00.000Z,2026-07-29T20:03:00.000Z,SELL,0.13,2,1,130.00,2,131050.00
2026-07-29T20:03:00.000Z,2026-07-29T21:00:00.000Z,SELL,0.13,2,1,130.00,2,131180.00
2026-07-29T21:00:00.000Z,2026-07-29T21:32:00.000Z,SELL,0.13,3,1,130.00,3,131310.00
2026-07-29T21:32:00.000Z,2026-07-29T21:43:00.000Z,SELL,0.13,2,1,130.00,2,131440.00
2026-07-29T21:43:00.000Z,2026-07-29T22:01:00.000Z,SELL,0.13,2,1,130.00,2,131570.00
2026-07-29T22:01:00.000Z,2026-07-29T22:26:00.000Z,BUY,0.13,2,1,130.00,2,131700.00
2026-07-29T22:26:00.000Z,2026-07-29T22:56:00.000Z,BUY,0.13,2,1,130.00,2,131830.00
2026-07-29T22:56:00.000Z,2026-07-29T23:40:00.000Z,BUY,0.13,1,1,130.00,1,131960.00
2026-07-29T23:40:00.000Z,2026-07-30T01:05:00.000Z,BUY,0.13,1,1,130.00,1,132090.00
2026-07-30T01:05:00.000Z,2026-07-30T01:45:00.000Z,BUY,0.13,1,1,130.00,1,132220.00
2026-07-30T01:45:00.000Z,2026-07-30T02:03:00.000Z,BUY,0.13,1,1,130.00,1,132350.00
2026-07-30T02:03:00.000Z,2026-07-30T05:59:00.000Z,BUY,0.13,2,1,130.00,2,132480.00
2026-07-30T05:59:00.000Z,2026-07-30T08:37:00.000Z,BUY,0.13,2,1,130.00,2,132610.00
2026-07-30T08:37:00.000Z,2026-07-30T10:02:00.000Z,BUY,0.13,1,1,130.00,1,132740.00
2026-07-30T10:02:00.000Z,2026-07-30T11:12:00.000Z,BUY,0.13,1,1,130.00,1,132870.00
2026-07-30T11:12:00.000Z,2026-07-30T11:26:00.000Z,BUY,0.13,1,1,130.00,1,133000.00
2026-07-30T11:26:00.000Z,2026-07-30T13:16:00.000Z,BUY,0.13,1,1,130.00,1,133130.00
2026-07-30T13:16:00.000Z,2026-07-30T15:30:00.000Z,BUY,0.13,1,1,130.00,1,133260.00
2026-07-30T15:30:00.000Z,2026-07-30T16:38:00.000Z,BUY,0.13,3,1,130.00,3,133390.00
2026-07-30T16:38:00.000Z,2026-07-30T16:58:00.000Z,BUY,0.13,1,1,130.00,1,133520.00
2026-07-30T16:58:00.000Z,2026-07-30T17:00:00.000Z,BUY,0.13,1,1,130.00,1,133650.00
2026-07-30T17:00:00.000Z,2026-07-30T18:12:00.000Z,BUY,0.13,2,1,130.00,2,133780.00
2026-07-30T18:12:00.000Z,2026-07-30T18:19:00.000Z,BUY,0.13,1,1,130.00,1,133910.00
2026-07-30T18:19:00.000Z,2026-07-30T18:44:00.000Z,BUY,0.13,1,1,130.00,1,134040.00
2026-07-30T18:44:00.000Z,2026-07-30T19:24:00.000Z,BUY,0.13,1,1,130.00,1,134170.00
2026-07-30T19:24:00.000Z,2026-07-31T04:15:00.000Z,BUY,0.13,2,1,130.00,2,134300.00
2026-07-31T04:15:00.000Z,2026-07-31T11:31:00.000Z,BUY,0.13,2,1,130.00,2,134430.00
2026-07-31T11:31:00.000Z,2026-07-31T15:30:00.000Z,SELL,0.13,1,1,130.00,1,134560.00
2026-07-31T15:30:00.000Z,2026-07-31T16:00:00.000Z,SELL,0.13,1,1,130.00,1,134690.00
2026-07-31T16:00:00.000Z,2026-07-31T16:42:00.000Z,SELL,0.13,1,1,130.00,1,134820.00
2026-07-31T16:42:00.000Z,2026-08-03T01:05:00.000Z,SELL,0.13,2,1,130.00,2,134950.00
2026-08-03T01:05:00.000Z,2026-08-03T14:23:00.000Z,SELL,0.13,3,1,130.00,3,135080.00
2026-08-03T14:23:00.000Z,2026-08-03T16:19:00.000Z,SELL,0.13,1,1,130.00,1,135210.00
2026-08-03T16:19:00.000Z,2026-08-03T16:38:00.000Z,SELL,0.13,1,1,130.00,1,135340.00
2026-08-03T16:38:00.000Z,2026-08-03T22:30:00.000Z,SELL,0.13,2,1,130.00,2,135470.00
2026-08-03T22:30:00.000Z,2026-08-04T04:05:00.000Z,SELL,0.13,1,1,130.00,1,135600.00
2026-08-04T04:05:00.000Z,2026-08-04T14:48:00.000Z,SELL,0.13,2,1,130.00,2,135730.00
2026-08-04T14:48:00.000Z,2026-08-04T16:23:00.000Z,BUY,0.13,1,1,130.00,1,135860.00
2026-08-04T16:23:00.000Z,2026-08-04T20:00:00.000Z,BUY,0.13,1,1,130.00,1,135990.00
2026-08-04T20:00:00.000Z,2026-08-04T20:06:00.000Z,BUY,0.13,1,1,130.00,1,136120.00
2026-08-04T20:06:00.000Z,2026-08-04T21:45:00.000Z,BUY,0.13,2,1,130.00,2,136250.00
2026-08-04T21:45:00.000Z,2026-08-05T04:11:00.000Z,BUY,0.13,1,1,130.00,1,136380.00
2026-08-05T04:11:00.000Z,2026-08-05T04:55:00.000Z,BUY,0.13,1,1,130.00,1,136510.00
2026-08-05T04:55:00.000Z,2026-08-05T05:25:00.000Z,BUY,0.13,1,1,130.00,1,136640.00
2026-08-05T05:25:00.000Z,2026-08-05T05:37:00.000Z,BUY,0.13,1,1,130.00,1,136770.00
2026-08-05T05:37:00.000Z,2026-08-05T05:41:00.000Z,BUY,0.13,1,1,130.00,1,136900.00
2026-08-05T05:41:00.000Z,2026-08-05T07:06:00.000Z,BUY,0.13,1,1,130.00,1,137030.00
2026-08-05T07:06:00.000Z,2026-08-05T08:35:00.000Z,BUY,0.13,1,1,130.00,1,137160.00
2026-08-05T08:35:00.000Z,2026-08-05T08:44:00.000Z,BUY,0.13,1,1,130.00,1,137290.00
2026-08-05T08:44:00.000Z,2026-08-05T08:47:00.000Z,BUY,0.13,1,1,130.00,1,137420.00
2026-08-05T08:47:00.000Z,2026-08-05T09:59:00.000Z,BUY,0.13,1,1,130.00,1,137550.00
2026-08-05T09:59:00.000Z,2026-08-05T14:44:00.000Z,BUY,0.13,3,1,130.00,3,137680.00
2026-08-05T14:44:00.000Z,2026-08-05T15:07:00.000Z,BUY,0.13,1,1,130.00,1,137810.00
2026-08-05T15:07:00.000Z,2026-08-05T15:20:00.000Z,BUY,0.13,1,1,130.00,1,137940.00
2026-08-05T15:20:00.000Z,2026-08-05T17:05:00.000Z,BUY,0.13,3,1,130.00,3,138070.00
2026-08-05T17:05:00.000Z,2026-08-05T17:10:00.000Z,BUY,0.13,1,1,130.00,1,138200.00
2026-08-05T17:10:00.000Z,2026-08-05T17:29:00.000Z,BUY,0.13,1,1,130.00,1,138330.00
2026-08-05T17:29:00.000Z,2026-08-05T18:01:00.000Z,BUY,0.13,1,1,130.00,1,138460.00
2026-08-05T18:01:00.000Z,2026-08-05T18:10:00.000Z,BUY,0.13,1,1,130.00,1,138590.00
2026-08-05T18:10:00.000Z,2026-08-05T19:00:00.000Z,BUY,0.13,2,1,130.00,2,138720.00
2026-08-05T19:00:00.000Z,2026-08-05T19:25:00.000Z,BUY,0.13,1,1,130.00,1,138850.00
2026-08-05T19:25:00.000Z,2026-08-05T20:40:00.000Z,BUY,0.13,1,1,130.00,1,138980.00
2026-08-05T20:40:00.000Z,2026-08-05T21:21:00.000Z,BUY,0.13,1,1,130.00,1,139110.00
2026-08-05T21:21:00.000Z,2026-08-06T02:35:00.000Z,BUY,0.13,1,1,130.00,1,139240.00
2026-08-06T02:35:00.000Z,2026-08-06T02:43:00.000Z,BUY,0.13,1,1,130.00,1,139370.00
2026-08-06T02:43:00.000Z,2026-08-06T03:45:00.000Z,BUY,0.13,1,1,130.00,1,139500.00
2026-08-06T03:45:00.000Z,2026-08-06T04:01:00.000Z,BUY,0.13,1,1,130.00,1,139630.00
2026-08-06T04:01:00.000Z,2026-08-06T06:15:00.000Z,BUY,0.13,4,1,130.00,4,139760.00
2026-08-06T06:15:00.000Z,2026-08-06T12:02:00.000Z,BUY,0.13,3,1,130.00,3,139890.00
2026-08-06T12:02:00.000Z,2026-08-06T15:52:00.000Z,BUY,0.13,2,1,130.00,2,140020.00
2026-08-06T15:52:00.000Z,2026-08-06T16:38:00.000Z,BUY,0.14,3,1,140.00,3,140160.00
2026-08-06T16:38:00.000Z,2026-08-06T16:43:00.000Z,BUY,0.14,1,1,140.00,1,140300.00
2026-08-06T16:43:00.000Z,2026-08-06T18:53:00.000Z,BUY,0.14,2,1,140.00,2,140440.00
2026-08-06T18:53:00.000Z,2026-08-07T02:56:00.000Z,BUY,0.14,1,1,140.00,1,140580.00
2026-08-07T02:56:00.000Z,2026-08-07T03:16:00.000Z,SELL,0.14,1,1,140.00,1,140720.00
2026-08-07T03:16:00.000Z,2026-08-07T04:43:00.000Z,BUY,0.14,1,1,140.00,1,140860.00
2026-08-07T04:43:00.000Z,2026-08-07T09:04:00.000Z,SELL,0.14,2,1,140.00,2,141000.00
2026-08-07T09:04:00.000Z,2026-08-07T09:38:00.000Z,BUY,0.14,1,1,140.00,1,141140.00
2026-08-07T09:38:00.000Z,2026-08-07T11:33:00.000Z,BUY,0.14,1,1,140.00,1,141280.00
2026-08-07T11:33:00.000Z,2026-08-07T11:33:00.000Z,BUY,0.14,1,1,140.00,1,141420.00
2026-08-07T11:33:00.000Z,2026-08-07T14:03:00.000Z,BUY,0.14,1,1,140.00,1,141560.00
2026-08-07T14:03:00.000Z,2026-08-07T15:30:00.000Z,BUY,0.14,3,1,140.00,3,141700.00
2026-08-07T15:30:00.000Z,2026-08-07T15:30:00.000Z,BUY,0.14,1,1,140.00,1,141840.00
2026-08-07T15:30:00.000Z,2026-08-07T15:31:00.000Z,BUY,0.14,1,1,140.00,1,141980.00
2026-08-07T15:31:00.000Z,2026-08-07T15:39:00.000Z,BUY,0.14,1,1,140.00,1,142120.00
2026-08-07T15:39:00.000Z,2026-08-07T17:04:00.000Z,BUY,0.14,4,1,140.00,4,142260.00
2026-08-07T17:04:00.000Z,2026-08-07T17:18:00.000Z,BUY,0.14,1,1,140.00,1,142400.00
2026-08-07T17:18:00.000Z,2026-08-07T18:14:00.000Z,BUY,0.14,1,1,140.00,1,142540.00
2026-08-07T18:14:00.000Z,2026-08-10T04:05:00.000Z,BUY,0.14,2,1,140.00,2,142680.00
2026-08-10T04:05:00.000Z,2026-08-10T07:21:00.000Z,BUY,0.14,1,1,140.00,1,142820.00
2026-08-10T07:21:00.000Z,2026-08-10T08:48:00.000Z,BUY,0.14,1,1,140.00,1,142960.00
2026-08-10T08:48:00.000Z,2026-08-10T09:45:00.000Z,BUY,0.14,1,1,140.00,1,143100.00
2026-08-10T09:45:00.000Z,2026-08-10T15:26:00.000Z,BUY,0.14,2,1,140.00,2,143240.00
2026-08-10T15:26:00.000Z,2026-08-10T16:11:00.000Z,BUY,0.14,1,1,140.00,1,143380.00
2026-08-10T16:11:00.000Z,2026-08-10T17:27:00.000Z,BUY,0.14,1,1,140.00,1,143520.00
2026-08-10T17:27:00.000Z,2026-08-10T18:53:00.000Z,BUY,0.14,1,1,140.00,1,143660.00
2026-08-10T18:53:00.000Z,2026-08-10T21:25:00.000Z,BUY,0.14,1,1,140.00,1,143800.00
2026-08-10T21:25:00.000Z,2026-08-10T21:31:00.000Z,BUY,0.14,1,1,140.00,1,143940.00
2026-08-10T21:31:00.000Z,2026-08-10T22:24:00.000Z,BUY,0.14,1,1,140.00,1,144080.00
2026-08-10T22:24:00.000Z,2026-08-11T01:46:00.000Z,BUY,0.14,1,1,140.00,1,144220.00
2026-08-11T01:46:00.000Z,2026-08-11T03:11:00.000Z,BUY,0.14,1,1,140.00,1,144360.00
2026-08-11T03:11:00.000Z,2026-08-11T03:47:00.000Z,BUY,0.14,1,1,140.00,1,144500.00
2026-08-11T03:47:00.000Z,2026-08-11T04:53:00.000Z,BUY,0.14,3,1,140.00,3,144640.00
2026-08-11T04:53:00.000Z,2026-08-11T08:19:00.000Z,BUY,0.14,2,1,140.00,2,144780.00
2026-08-11T08:19:00.000Z,2026-08-11T08:51:00.000Z,BUY,0.14,2,1,140.00,2,144920.00
2026-08-11T08:51:00.000Z,2026-08-11T09:02:00.000Z,BUY,0.14,1,1,140.00,1,145060.00
2026-08-11T09:02:00.000Z,2026-08-11T14:01:00.000Z,BUY,0.14,3,1,140.00,3,145200.00
2026-08-11T14:01:00.000Z,2026-08-11T15:21:00.000Z,BUY,0.14,1,1,140.00,1,145340.00
2026-08-11T15:21:00.000Z,2026-08-11T18:41:00.000Z,BUY,0.14,2,1,140.00,2,145480.00
2026-08-11T18:41:00.000Z,2026-08-11T18:54:00.000Z,BUY,0.14,1,1,140.00,1,145620.00
2026-08-11T18:54:00.000Z,2026-08-12T04:11:00.000Z,BUY,0.14,1,1,140.00,1,145760.00
2026-08-12T04:11:00.000Z,2026-08-12T12:23:00.000Z,SELL,0.14,4,1,140.00,4,145900.00
2026-08-12T12:23:00.000Z,2026-08-12T15:30:00.000Z,BUY,0.14,2,1,140.00,2,146040.00
2026-08-12T15:30:00.000Z,2026-08-12T15:31:00.000Z,BUY,0.14,1,1,140.00,1,146180.00
2026-08-12T15:31:00.000Z,2026-08-12T15:32:00.000Z,BUY,0.14,1,1,140.00,1,146320.00
2026-08-12T15:32:00.000Z,2026-08-12T15:33:00.000Z,BUY,0.14,1,1,140.00,1,146460.00
2026-08-12T15:33:00.000Z,2026-08-12T15:34:00.000Z,BUY,0.14,1,1,140.00,1,146600.00
2026-08-12T15:34:00.000Z,2026-08-12T16:00:00.000Z,BUY,0.14,1,1,140.00,1,146740.00
2026-08-12T16:00:00.000Z,2026-08-12T16:39:00.000Z,BUY,0.14,2,1,140.00,2,146880.00
2026-08-12T16:39:00.000Z,2026-08-12T16:46:00.000Z,BUY,0.14,1,1,140.00,1,147020.00
2026-08-12T16:46:00.000Z,2026-08-12T16:53:00.000Z,BUY,0.14,1,1,140.00,1,147160.00
2026-08-12T16:53:00.000Z,2026-08-12T19:56:00.000Z,BUY,0.14,2,1,140.00,2,147300.00
2026-08-12T19:56:00.000Z,2026-08-12T21:33:00.000Z,BUY,0.14,1,1,140.00,1,147440.00
2026-08-12T21:33:00.000Z,2026-08-13T03:09:00.000Z,BUY,0.14,1,1,140.00,1,147580.00
2026-08-13T03:09:00.000Z,2026-08-13T03:20:00.000Z,BUY,0.14,1,1,140.00,1,147720.00
2026-08-13T03:20:00.000Z,2026-08-13T03:34:00.000Z,BUY,0.14,1,1,140.00,1,147860.00
2026-08-13T03:34:00.000Z,2026-08-13T04:46:00.000Z,BUY,0.14,2,1,140.00,2,148000.00
2026-08-13T04:46:00.000Z,2026-08-13T08:59:00.000Z,BUY,0.14,2,1,140.00,2,148140.00
2026-08-13T08:59:00.000Z,2026-08-13T13:50:00.000Z,BUY,0.14,1,1,140.00,1,148280.00
2026-08-13T13:50:00.000Z,2026-08-13T15:32:00.000Z,SELL,0.14,1,1,140.00,1,148420.00
2026-08-13T15:32:00.000Z,2026-08-13T16:51:00.000Z,SELL,0.14,1,1,140.00,1,148560.00
2026-08-13T16:51:00.000Z,2026-08-13T17:30:00.000Z,SELL,0.14,1,1,140.00,1,148700.00
2026-08-13T17:30:00.000Z,2026-08-13T19:19:00.000Z,SELL,0.14,3,1,140.00,3,148840.00
2026-08-13T19:19:00.000Z,2026-08-14T03:26:00.000Z,SELL,0.14,3,1,140.00,3,148980.00
2026-08-14T03:26:00.000Z,2026-08-14T03:48:00.000Z,SELL,0.14,1,1,140.00,1,149120.00
2026-08-14T03:48:00.000Z,2026-08-14T04:18:00.000Z,SELL,0.14,1,1,140.00,1,149260.00
2026-08-14T04:18:00.000Z,2026-08-14T12:14:00.000Z,SELL,0.14,2,1,140.00,2,149400.00
2026-08-14T12:14:00.000Z,2026-08-14T15:30:00.000Z,SELL,0.14,2,1,140.00,2,149540.00
2026-08-14T15:30:00.000Z,2026-08-14T16:00:00.000Z,SELL,0.14,1,1,140.00,1,149680.00