start_time,end_time,start_direction,base_lot,terminal_level,won,pnl,trades,end_balance
2004-06-14T10:04:00.000Z,2004-06-18T14:21:00.000Z,BUY,0.01,1,1,10.00,1,10010.00
2004-06-18T14:21:00.000Z,2004-10-08T14:45:00.000Z,SELL,0.01,2,1,10.00,2,10020.00
2004-10-08T14:45:00.000Z,2004-11-04T15:07:00.000Z,BUY,0.01,1,1,10.00,1,10030.00
2004-11-04T15:07:00.000Z,2005-01-06T16:15:00.000Z,SELL,0.01,3,1,10.00,3,10040.00
2005-01-06T16:15:00.000Z,2005-02-22T14:20:00.000Z,BUY,0.01,1,1,10.00,1,10050.00
2005-02-22T14:20:00.000Z,2005-04-04T16:35:00.000Z,SELL,0.01,1,1,10.00,1,10060.00
2005-04-04T16:35:00.000Z,2005-04-19T18:06:00.000Z,BUY,0.01,1,1,10.00,1,10070.00
2005-04-19T18:06:00.000Z,2005-05-12T18:12:00.000Z,SELL,0.01,1,1,10.00,1,10080.00
2005-05-12T18:12:00.000Z,2005-06-16T14:50:00.000Z,BUY,0.01,1,1,10.00,1,10090.00
2005-06-16T14:50:00.000Z,2005-07-05T16:01:00.000Z,SELL,0.01,1,1,10.00,1,10100.00
2005-07-05T16:01:00.000Z,2005-08-02T14:52:00.000Z,BUY,0.01,1,1,10.00,1,10110.00
2005-08-02T14:52:00.000Z,2005-09-19T12:52:00.000Z,SELL,0.01,2,1,10.00,2,10120.00
2005-09-19T12:52:00.000Z,2005-11-22T02:35:00.000Z,SELL,0.01,2,1,10.00,2,10130.00
2005-11-22T02:35:00.000Z,2005-12-09T02:35:00.000Z,SELL,0.01,2,1,10.00,2,10140.00
2005-12-09T02:35:00.000Z,2005-12-14T01:57:00.000Z,SELL,0.01,1,1,10.00,1,10150.00
2005-12-14T01:57:00.000Z,2006-01-03T12:54:00.000Z,BUY,0.01,3,1,10.00,3,10160.00
2006-01-03T12:54:00.000Z,2006-01-13T16:39:00.000Z,SELL,0.01,2,1,10.00,2,10170.00
2006-01-13T16:39:00.000Z,2006-01-18T05:59:00.000Z,SELL,0.01,1,1,10.00,1,10180.00
2006-01-18T05:59:00.000Z,2006-01-19T15:20:00.000Z,BUY,0.01,1,1,10.00,1,10190.00
2006-01-19T15:20:00.000Z,2006-02-13T18:18:00.000Z,SELL,0.01,3,1,10.00,3,10200.00
2006-02-13T18:18:00.000Z,2006-02-17T16:23:00.000Z,BUY,0.01,1,1,10.00,1,10210.00
2006-02-17T16:23:00.000Z,2006-03-08T14:47:00.000Z,SELL,0.01,1,1,10.00,1,10220.00
2006-03-08T14:47:00.000Z,2006-03-15T13:36:00.000Z,BUY,0.01,1,1,10.00,1,10230.00
2006-03-15T13:36:00.000Z,2006-03-30T16:08:00.000Z,SELL,0.01,2,1,10.00,2,10240.00
2006-03-30T16:08:00.000Z,2006-04-03T01:07:00.000Z,SELL,0.01,1,1,10.00,1,10250.00
2006-04-03T01:07:00.000Z,2006-04-03T03:10:00.000Z,BUY,0.01,1,1,10.00,1,10260.00
2006-04-03T03:10:00.000Z,2006-04-06T08:57:00.000Z,BUY,0.01,1,1,10.00,1,10270.00
2006-04-06T08:57:00.000Z,2006-04-19T01:15:00.000Z,SELL,0.01,2,1,10.00,2,10280.00
2006-04-19T01:15:00.000Z,2006-04-20T16:47:00.000Z,SELL,0.01,3,1,10.00,3,10290.00
2006-04-20T16:47:00.000Z,2006-04-27T16:18:00.000Z,SELL,0.01,2,1,10.00,2,10300.00
2006-04-27T16:18:00.000Z,2006-04-28T18:30:00.000Z,BUY,0.01,1,1,10.00,1,10310.00
2006-04-28T18:30:00.000Z,2006-05-05T09:44:00.000Z,SELL,0.01,2,1,10.00,2,10320.00
2006-05-05T09:44:00.000Z,2006-05-08T16:11:00.000Z,SELL,0.01,1,1,10.00,1,10330.00
2006-05-08T16:11:00.000Z,2006-05-09T14:21:00.000Z,BUY,0.01,1,1,10.00,1,10340.00
2006-05-09T14:21:00.000Z,2006-05-11T14:36:00.000Z,SELL,0.01,2,1,10.00,2,10350.00
2006-05-11T14:36:00.000Z,2006-05-15T09:57:00.000Z,SELL,0.01,1,1,10.00,1,10360.00
2006-05-15T09:57:00.000Z,2006-05-15T10:05:00.000Z,SELL,0.01,1,1,10.00,1,10370.00
2006-05-15T10:05:00.000Z,2006-05-17T05:24:00.000Z,BUY,0.01,1,1,10.00,1,10380.00
2006-05-17T05:24:00.000Z,2006-05-17T16:30:00.000Z,SELL,0.01,1,1,10.00,1,10390.00
2006-05-17T16:30:00.000Z,2006-05-18T05:48:00.000Z,SELL,0.01,1,1,10.00,1,10400.00
2006-05-18T05:48:00.000Z,2006-05-18T15:34:00.000Z,BUY,0.01,1,1,10.00,1,10410.00
2006-05-18T15:34:00.000Z,2006-05-19T14:57:00.000Z,BUY,0.01,2,1,10.00,2,10420.00
2006-05-19T14:57:00.000Z,2006-05-23T19:21:00.000Z,BUY,0.01,3,1,10.00,3,10430.00
2006-05-23T19:21:00.000Z,2006-05-24T02:19:00.000Z,SELL,0.01,1,1,10.00,1,10440.00
2006-05-24T02:19:00.000Z,2006-05-24T14:30:00.000Z,SELL,0.01,1,1,10.00,1,10450.00
2006-05-24T14:30:00.000Z,2006-05-24T16:58:00.000Z,SELL,0.01,1,1,10.00,1,10460.00
2006-05-24T16:58:00.000Z,2006-05-26T02:25:00.000Z,BUY,0.01,1,1,10.00,1,10470.00
2006-05-26T02:25:00.000Z,2006-05-26T15:53:00.000Z,SELL,0.01,1,1,10.00,1,10480.00
2006-05-26T15:53:00.000Z,2006-06-01T08:30:00.000Z,SELL,0.01,3,1,10.00,3,10490.00
2006-06-01T08:30:00.000Z,2006-06-05T02:10:00.000Z,BUY,0.01,1,1,10.00,1,10500.00
2006-06-05T02:10:00.000Z,2006-06-06T14:19:00.000Z,SELL,0.01,1,1,10.00,1,10510.00
2006-06-06T14:19:00.000Z,2006-06-09T21:36:00.000Z,BUY,0.01,2,1,10.00,2,10520.00
2006-06-09T21:36:00.000Z,2006-06-13T17:41:00.000Z,BUY,0.01,2,1,10.00,2,10530.00
2006-06-13T17:41:00.000Z,2006-06-16T03:57:00.000Z,BUY,0.01,3,1,10.00,3,10540.00
2006-06-16T03:57:00.000Z,2006-06-16T17:00:00.000Z,SELL,0.01,1,1,10.00,1,10550.00
2006-06-16T17:00:00.000Z,2006-06-20T05:51:00.000Z,SELL,0.01,1,1,10.00,1,10560.00
2006-06-20T05:51:00.000Z,2006-06-20T08:46:00.000Z,BUY,0.01,1,1,10.00,1,10570.00
2006-06-20T08:46:00.000Z,2006-06-21T18:04:00.000Z,BUY,0.01,1,1,10.00,1,10580.00
2006-06-21T18:04:00.000Z,2006-06-30T16:05:00.000Z,SELL,0.01,2,1,10.00,2,10590.00
2006-06-30T16:05:00.000Z,2006-07-11T20:14:00.000Z,SELL,0.01,2,1,10.00,2,10600.00
2006-07-11T20:14:00.000Z,2006-07-17T02:22:00.000Z,SELL,0.01,2,1,10.00,2,10610.00
2006-07-17T02:22:00.000Z,2006-07-17T14:27:00.000Z,SELL,0.01,1,1,10.00,1,10620.00
2006-07-17T14:27:00.000Z,2006-07-17T15:17:00.000Z,SELL,0.01,1,1,10.00,1,10630.00
2006-07-17T15:17:00.000Z,2006-07-19T12:25:00.000Z,BUY,0.01,2,1,10.00,2,10640.00
2006-07-19T12:25:00.000Z,2006-07-19T16:02:00.000Z,BUY,0.01,1,1,10.00,1,10650.00
2006-07-19T16:02:00.000Z,2006-07-19T16:34:00.000Z,BUY,0.01,1,1,10.00,1,10660.00
2006-07-19T16:34:00.000Z,2006-07-24T08:14:00.000Z,BUY,0.01,2,1,10.00,2,10670.00
2006-07-24T08:14:00.000Z,2006-07-25T09:24:00.000Z,BUY,0.01,1,1,10.00,1,10680.00
2006-07-25T09:24:00.000Z,2006-07-25T17:12:00.000Z,SELL,0.01,1,1,10.00,1,10690.00
2006-07-25T17:12:00.000Z,2006-08-01T17:42:00.000Z,SELL,0.01,2,1,10.00,2,10700.00
2006-08-01T17:42:00.000Z,2006-08-11T17:40:00.000Z,SELL,0.01,1,1,10.00,1,10710.00
2006-08-11T17:40:00.000Z,2006-09-11T03:24:00.000Z,BUY,0.01,4,1,10.00,4,10720.00
2006-09-11T03:24:00.000Z,2006-09-15T15:41:00.000Z,BUY,0.01,2,1,10.00,2,10730.00
2006-09-15T15:41:00.000Z,2006-09-18T01:06:00.000Z,BUY,0.01,1,1,10.00,1,10740.00
2006-09-18T01:06:00.000Z,2006-09-22T11:51:00.000Z,BUY,0.01,1,1,10.00,1,10750.00
2006-09-22T11:51:00.000Z,2006-09-25T15:41:00.000Z,SELL,0.01,1,1,10.00,1,10760.00
2006-09-25T15:41:00.000Z,2006-10-04T16:12:00.000Z,SELL,0.01,5,1,10.00,5,10770.00
2006-10-04T16:12:00.000Z,2006-10-13T13:34:00.000Z,BUY,0.01,1,1,10.00,1,10780.00
2006-10-13T13:34:00.000Z,2006-11-01T15:38:00.000Z,SELL,0.01,4,1,10.00,4,10790.00
2006-11-01T15:38:00.000Z,2006-11-29T09:12:00.000Z,SELL,0.01,2,1,10.00,2,10800.00
2006-11-29T09:12:00.000Z,2006-12-06T19:24:00.000Z,SELL,0.01,1,1,10.00,1,10810.00
2006-12-06T19:24:00.000Z,2007-01-03T15:31:00.000Z,BUY,0.01,3,1,10.00,3,10820.00
2007-01-03T15:31:00.000Z,2007-01-05T14:53:00.000Z,BUY,0.01,2,1,10.00,2,10830.00
2007-01-05T14:53:00.000Z,2007-01-12T18:24:00.000Z,BUY,0.01,1,1,10.00,1,10840.00
2007-01-12T18:24:00.000Z,2007-01-25T13:27:00.000Z,SELL,0.01,2,1,10.00,2,10850.00
2007-01-25T13:27:00.000Z,2007-01-26T12:38:00.000Z,SELL,0.01,1,1,10.00,1,10860.00
2007-01-26T12:38:00.000Z,2007-01-31T16:22:00.000Z,BUY,0.01,1,1,10.00,1,10870.00
2007-01-31T16:22:00.000Z,2007-02-21T19:13:00.000Z,SELL,0.01,2,1,10.00,2,10880.00
2007-02-21T19:13:00.000Z,2007-02-27T21:02:00.000Z,SELL,0.01,1,1,10.00,1,10890.00
2007-02-27T21:02:00.000Z,2007-03-02T18:26:00.000Z,BUY,0.01,2,1,10.00,2,10900.00
2007-03-02T18:26:00.000Z,2007-03-08T04:46:00.000Z,BUY,0.01,1,1,10.00,1,10910.00
2007-03-08T04:46:00.000Z,2007-03-13T20:05:00.000Z,SELL,0.01,1,1,10.00,1,10920.00
2007-03-13T20:05:00.000Z,2007-03-16T10:34:00.000Z,BUY,0.01,1,1,10.00,1,10930.00
2007-03-16T10:34:00.000Z,2007-04-13T16:04:00.000Z,SELL,0.01,2,1,10.00,2,10940.00
2007-04-13T16:04:00.000Z,2007-04-26T17:37:00.000Z,SELL,0.01,1,1,10.00,1,10950.00
2007-04-26T17:37:00.000Z,2007-05-04T13:08:00.000Z,BUY,0.01,1,1,10.00,1,10960.00
2007-05-04T13:08:00.000Z,2007-05-10T17:15:00.000Z,SELL,0.01,1,1,10.00,1,10970.00
2007-05-10T17:15:00.000Z,2007-06-26T18:12:00.000Z,BUY,0.01,4,1,10.00,4,10980.00
2007-06-26T18:12:00.000Z,2007-06-29T18:07:00.000Z,BUY,0.01,1,1,10.00,1,10990.00
2007-06-29T18:07:00.000Z,2007-07-20T15:56:00.000Z,SELL,0.01,2,1,10.00,2,11000.00
2007-07-20T15:56:00.000Z,2007-07-25T16:43:00.000Z,SELL,0.01,1,1,10.00,1,11010.00
2007-07-25T16:43:00.000Z,2007-08-16T19:08:00.000Z,BUY,0.01,2,1,10.00,2,11020.00
2007-08-16T19:08:00.000Z,2007-08-16T21:44:00.000Z,BUY,0.01,1,1,10.00,1,11030.00
2007-08-16T21:44:00.000Z,2007-08-17T15:11:00.000Z,BUY,0.01,1,1,10.00,1,11040.00
2007-08-17T15:11:00.000Z,2007-08-31T14:04:00.000Z,BUY,0.01,1,1,10.00,1,11050.00
2007-08-31T14:04:00.000Z,2007-09-07T14:35:00.000Z,SELL,0.01,2,1,10.00,2,11060.00
2007-09-07T14:35:00.000Z,2007-09-20T14:57:00.000Z,SELL,0.01,2,1,10.00,2,11070.00
2007-09-20T14:57:00.000Z,2007-09-25T13:03:00.000Z,SELL,0.01,1,1,10.00,1,11080.00
2007-09-25T13:03:00.000Z,2007-09-25T18:25:00.000Z,BUY,0.01,1,1,10.00,1,11090.00
2007-09-25T18:25:00.000Z,2007-09-28T14:46:00.000Z,BUY,0.01,1,1,10.00,1,11100.00
2007-09-28T14:46:00.000Z,2007-10-02T09:09:00.000Z,SELL,0.01,1,1,10.00,1,11110.00
2007-10-02T09:09:00.000Z,2007-10-05T18:19:00.000Z,BUY,0.01,1,1,10.00,1,11120.00
2007-10-05T18:19:00.000Z,2007-10-08T14:24:00.000Z,SELL,0.01,1,1,10.00,1,11130.00
2007-10-08T14:24:00.000Z,2007-10-10T12:40:00.000Z,BUY,0.01,1,1,10.00,1,11140.00
2007-10-10T12:40:00.000Z,2007-10-26T05:08:00.000Z,SELL,0.01,2,1,10.00,2,11150.00
2007-10-26T05:08:00.000Z,2007-11-02T17:40:00.000Z,SELL,0.01,2,1,10.00,2,11160.00
2007-11-02T17:40:00.000Z,2007-11-07T03:28:00.000Z,SELL,0.01,2,1,10.00,2,11170.00
2007-11-07T03:28:00.000Z,2007-11-12T02:08:00.000Z,SELL,0.01,1,1,10.00,1,11180.00
2007-11-12T02:08:00.000Z,2007-11-12T22:10:00.000Z,BUY,0.01,2,1,10.00,2,11190.00
2007-11-12T22:10:00.000Z,2007-11-13T02:59:00.000Z,BUY,0.01,1,1,10.00,1,11200.00
2007-11-13T02:59:00.000Z,2007-11-14T14:40:00.000Z,BUY,0.01,1,1,10.00,1,11210.00
2007-11-14T14:40:00.000Z,2007-11-15T11:45:00.000Z,SELL,0.01,1,1,10.00,1,11220.00
2007-11-15T11:45:00.000Z,2007-11-15T15:23:00.000Z,SELL,0.01,1,1,10.00,1,11230.00
2007-11-15T15:23:00.000Z,2007-11-20T20:52:00.000Z,BUY,0.01,3,1,10.00,3,11240.00
2007-11-20T20:52:00.000Z,2007-11-26T10:54:00.000Z,SELL,0.01,2,1,10.00,2,11250.00
2007-11-26T10:54:00.000Z,2007-11-26T16:45:00.000Z,SELL,0.01,1,1,10.00,1,11260.00
2007-11-26T16:45:00.000Z,2007-11-27T14:02:00.000Z,SELL,0.01,1,1,10.00,1,11270.00
2007-11-27T14:02:00.000Z,2007-11-30T16:05:00.000Z,BUY,0.01,2,1,10.00,2,11280.00
2007-11-30T16:05:00.000Z,2007-12-03T22:53:00.000Z,BUY,0.01,1,1,10.00,1,11290.00
2007-12-03T22:53:00.000Z,2007-12-26T16:55:00.000Z,SELL,0.01,4,1,10.00,4,11300.00
2007-12-26T16:55:00.000Z,2008-01-02T16:59:00.000Z,SELL,0.01,2,1,10.00,2,11310.00
2008-01-02T16:59:00.000Z,2008-01-09T01:05:00.000Z,SELL,0.01,2,1,10.00,2,11320.00
2008-01-09T01:05:00.000Z,2008-01-09T14:34:00.000Z,SELL,0.01,1,1,10.00,1,11330.00
2008-01-09T14:34:00.000Z,2008-01-14T08:06:00.000Z,SELL,0.01,2,1,10.00,2,11340.00
2008-01-14T08:06:00.000Z,2008-01-15T21:40:00.000Z,SELL,0.01,1,1,10.00,1,11350.00
2008-01-15T21:40:00.000Z,2008-01-21T17:49:00.000Z,BUY,0.01,2,1,10.00,2,11360.00
2008-01-21T17:49:00.000Z,2008-01-22T14:21:00.000Z,BUY,0.01,1,1,10.00,1,11370.00
2008-01-22T14:21:00.000Z,2008-01-22T16:20:00.000Z,BUY,0.01,1,1,10.00,1,11380.00
2008-01-22T16:20:00.000Z,2008-01-24T20:34:00.000Z,SELL,0.01,2,1,10.00,2,11390.00
2008-01-24T20:34:00.000Z,2008-02-04T10:09:00.000Z,SELL,0.01,3,1,10.00,3,11400.00
2008-02-04T10:09:00.000Z,2008-02-08T09:46:00.000Z,BUY,0.01,1,1,10.00,1,11410.00
2008-02-08T09:46:00.000Z,2008-02-13T02:41:00.000Z,SELL,0.01,1,1,10.00,1,11420.00
2008-02-13T02:41:00.000Z,2008-02-14T09:12:00.000Z,BUY,0.01,1,1,10.00,1,11430.00
2008-02-14T09:12:00.000Z,2008-02-14T14:43:00.000Z,SELL,0.01,1,1,10.00,1,11440.00
2008-02-14T14:43:00.000Z,2008-02-20T18:42:00.000Z,SELL,0.01,2,1,10.00,2,11450.00
2008-02-20T18:42:00.000Z,2008-02-20T21:51:00.000Z,BUY,0.01,1,1,10.00,1,11460.00
2008-02-20T21:51:00.000Z,2008-02-26T03:18:00.000Z,SELL,0.01,1,1,10.00,1,11470.00
2008-02-26T03:18:00.000Z,2008-02-26T17:02:00.000Z,BUY,0.01,1,1,10.00,1,11480.00
2008-02-26T17:02:00.000Z,2008-02-27T01:51:00.000Z,BUY,0.01,1,1,10.00,1,11490.00
2008-02-27T01:51:00.000Z,2008-03-03T05:43:00.000Z,SELL,0.01,2,1,10.00,2,11500.00
2008-03-03T05:43:00.000Z,2008-03-04T17:14:00.000Z,SELL,0.01,1,1,10.00,1,11510.00
2008-03-04T17:14:00.000Z,2008-03-04T17:42:00.000Z,SELL,0.01,1,1,10.00,1,11520.00
2008-03-04T17:42:00.000Z,2008-03-05T18:32:00.000Z,SELL,0.01,2,1,10.00,2,11530.00
2008-03-05T18:32:00.000Z,2008-03-06T14:03:00.000Z,SELL,0.01,1,1,10.00,1,11540.00
2008-03-06T14:03:00.000Z,2008-03-06T15:57:00.000Z,SELL,0.01,1,1,10.00,1,11550.00
2008-03-06T15:57:00.000Z,2008-03-10T13:27:00.000Z,SELL,0.01,1,1,10.00,1,11560.00
2008-03-10T13:27:00.000Z,2008-03-10T15:47:00.000Z,BUY,0.01,1,1,10.00,1,11570.00
2008-03-10T15:47:00.000Z,2008-03-11T11:41:00.000Z,BUY,0.01,1,1,10.00,1,11580.00
2008-03-11T11:41:00.000Z,2008-03-11T14:46:00.000Z,SELL,0.01,1,1,10.00,1,11590.00
2008-03-11T14:46:00.000Z,2008-03-14T15:05:00.000Z,SELL,0.01,2,1,10.00,2,11600.00
2008-03-14T15:05:00.000Z,2008-03-17T02:40:00.000Z,SELL,0.01,2,1,10.00,2,11610.00
2008-03-17T02:40:00.000Z,2008-03-17T03:52:00.000Z,SELL,0.01,1,1,10.00,1,11620.00
2008-03-17T03:52:00.000Z,2008-03-17T13:37:00.000Z,SELL,0.01,1,1,10.00,1,11630.00
2008-03-17T13:37:00.000Z,2008-03-17T14:15:00.000Z,SELL,0.01,1,1,10.00,1,11640.00
2008-03-17T14:15:00.000Z,2008-03-18T19:57:00.000Z,SELL,0.01,1,1,10.00,1,11650.00
2008-03-18T19:57:00.000Z,2008-03-19T14:44:00.000Z,BUY,0.01,2,1,10.00,2,11660.00
2008-03-19T14:44:00.000Z,2008-03-20T01:38:00.000Z,BUY,0.01,2,1,10.00,2,11670.00
2008-03-20T01:38:00.000Z,2008-03-26T01:35:00.000Z,BUY,0.01,3,1,10.00,3,11680.00
2008-03-26T01:35:00.000Z,2008-03-28T14:26:00.000Z,SELL,0.01,1,1,10.00,1,11690.00
2008-03-28T14:26:00.000Z,2008-04-01T09:36:00.000Z,BUY,0.01,2,1,10.00,2,11700.00
2008-04-01T09:36:00.000Z,2008-04-04T20:21:00.000Z,BUY,0.01,3,1,10.00,3,11710.00
2008-04-04T20:21:00.000Z,2008-04-16T14:37:00.000Z,SELL,0.01,2,1,10.00,2,11720.00
2008-04-16T14:37:00.000Z,2008-04-18T13:52:00.000Z,SELL,0.01,1,1,10.00,1,11730.00
2008-04-18T13:52:00.000Z,2008-04-23T15:14:00.000Z,BUY,0.01,2,1,10.00,2,11740.00
2008-04-23T15:14:00.000Z,2008-04-29T21:04:00.000Z,BUY,0.01,2,1,10.00,2,11750.00
2008-04-29T21:04:00.000Z,2008-05-01T03:38:00.000Z,BUY,0.01,1,1,10.00,1,11760.00
2008-05-01T03:38:00.000Z,2008-05-01T10:19:00.000Z,SELL,0.01,1,1,10.00,1,11770.00
2008-05-01T10:19:00.000Z,2008-05-01T14:32:00.000Z,SELL,0.01,1,1,10.00,1,11780.00
2008-05-01T14:32:00.000Z,2008-05-05T19:07:00.000Z,BUY,0.01,1,1,10.00,1,11790.00
2008-05-05T19:07:00.000Z,2008-05-13T15:59:00.000Z,SELL,0.01,1,1,10.00,1,11800.00
2008-05-13T15:59:00.000Z,2008-05-13T17:41:00.000Z,BUY,0.01,1,1,10.00,1,11810.00
2008-05-13T17:41:00.000Z,2008-05-15T15:09:00.000Z,BUY,0.01,1,1,10.00,1,11820.00
2008-05-15T15:09:00.000Z,2008-05-19T10:23:00.000Z,SELL,0.01,2,1,10.00,2,11830.00
2008-05-19T10:23:00.000Z,2008-05-19T17:16:00.000Z,SELL,0.01,1,1,10.00,1,11840.00
2008-05-19T17:16:00.000Z,2008-05-21T20:43:00.000Z,SELL,0.01,2,1,10.00,2,11850.00
2008-05-21T20:43:00.000Z,2008-05-22T16:27:00.000Z,SELL,0.01,1,1,10.00,1,11860.00
2008-05-22T16:27:00.000Z,2008-05-28T11:08:00.000Z,BUY,0.01,2,1,10.00,2,11870.00
2008-05-28T11:08:00.000Z,2008-05-28T16:00:00.000Z,BUY,0.01,1,1,10.00,1,11880.00
2008-05-28T16:00:00.000Z,2008-05-30T09:22:00.000Z,BUY,0.01,2,1,10.00,2,11890.00
2008-05-30T09:22:00.000Z,2008-05-30T12:41:00.000Z,BUY,0.01,1,1,10.00,1,11900.00
2008-05-30T12:41:00.000Z,2008-06-02T11:28:00.000Z,BUY,0.01,1,1,10.00,1,11910.00
2008-06-02T11:28:00.000Z,2008-06-06T22:19:00.000Z,BUY,0.01,3,1,10.00,3,11920.00
2008-06-06T22:19:00.000Z,2008-06-09T19:13:00.000Z,SELL,0.01,1,1,10.00,1,11930.00
2008-06-09T19:13:00.000Z,2008-06-10T15:16:00.000Z,SELL,0.01,1,1,10.00,1,11940.00
2008-06-10T15:16:00.000Z,2008-06-16T14:52:00.000Z,BUY,0.01,3,1,10.00,3,11950.00
2008-06-16T14:52:00.000Z,2008-06-17T02:00:00.000Z,SELL,0.01,1,1,10.00,1,11960.00
2008-06-17T02:00:00.000Z,2008-06-26T14:28:00.000Z,SELL,0.01,4,1,10.00,4,11970.00
2008-06-26T14:28:00.000Z,2008-07-01T16:13:00.000Z,SELL,0.01,2,1,10.00,2,11980.00
2008-07-01T16:13:00.000Z,2008-07-03T14:39:00.000Z,SELL,0.01,1,1,10.00,1,11990.00
2008-07-03T14:39:00.000Z,2008-07-07T09:45:00.000Z,SELL,0.01,1,1,10.00,1,12000.00
2008-07-07T09:45:00.000Z,2008-07-08T09:55:00.000Z,BUY,0.01,1,1,10.00,1,12010.00
2008-07-08T09:55:00.000Z,2008-07-08T12:48:00.000Z,SELL,0.01,1,1,10.00,1,12020.00
2008-07-08T12:48:00.000Z,2008-07-11T12:02:00.000Z,SELL,0.01,2,1,10.00,2,12030.00
2008-07-11T12:02:00.000Z,2008-07-15T11:18:00.000Z,SELL,0.01,2,1,10.00,2,12040.00
2008-07-15T11:18:00.000Z,2008-07-15T17:06:00.000Z,SELL,0.01,1,1,10.00,1,12050.00
2008-07-15T17:06:00.000Z,2008-07-16T17:06:00.000Z,SELL,0.01,1,1,10.00,1,12060.00
2008-07-16T17:06:00.000Z,2008-07-17T16:31:00.000Z,BUY,0.01,1,1,10.00,1,12070.00
2008-07-17T16:31:00.000Z,2008-07-23T08:29:00.000Z,BUY,0.01,4,1,10.00,4,12080.00
2008-07-23T08:29:00.000Z,2008-07-30T11:40:00.000Z,BUY,0.01,2,1,10.00,2,12090.00
2008-07-30T11:40:00.000Z,2008-07-31T14:59:00.000Z,BUY,0.01,1,1,10.00,1,12100.00
2008-07-31T14:59:00.000Z,2008-08-01T04:02:00.000Z,SELL,0.01,1,1,10.00,1,12110.00
2008-08-01T04:02:00.000Z,2008-08-04T14:07:00.000Z,SELL,0.01,1,1,10.00,1,12120.00
2008-08-04T14:07:00.000Z,2008-08-07T16:06:00.000Z,BUY,0.01,2,1,10.00,2,12130.00
2008-08-07T16:06:00.000Z,2008-08-11T17:53:00.000Z,BUY,0.01,2,1,10.00,2,12140.00
2008-08-11T17:53:00.000Z,2008-08-12T03:09:00.000Z,BUY,0.01,2,1,10.00,2,12150.00
2008-08-12T03:09:00.000Z,2008-08-12T14:19:00.000Z,BUY,0.01,1,1,10.00,1,12160.00
2008-08-12T14:19:00.000Z,2008-08-14T02:08:00.000Z,BUY,0.01,1,1,10.00,1,12170.00
2008-08-14T02:08:00.000Z,2008-08-14T15:00:00.000Z,SELL,0.01,1,1,10.00,1,12180.00
2008-08-14T15:00:00.000Z,2008-08-14T18:06:00.000Z,SELL,0.01,1,1,10.00,1,12190.00
2008-08-14T18:06:00.000Z,2008-08-15T10:33:00.000Z,BUY,0.01,2,1,10.00,2,12200.00
2008-08-15T10:33:00.000Z,2008-08-15T13:51:00.000Z,BUY,0.01,1,1,10.00,1,12210.00
2008-08-15T13:51:00.000Z,2008-08-18T08:26:00.000Z,BUY,0.01,1,1,10.00,1,12220.00
2008-08-18T08:26:00.000Z,2008-08-18T13:31:00.000Z,SELL,0.01,1,1,10.00,1,12230.00
2008-08-18T13:31:00.000Z,2008-08-21T08:24:00.000Z,SELL,0.01,2,1,10.00,2,12240.00
2008-08-21T08:24:00.000Z,2008-08-26T11:05:00.000Z,SELL,0.01,1,1,10.00,1,12250.00
2008-08-26T11:05:00.000Z,2008-08-26T15:38:00.000Z,BUY,0.01,1,1,10.00,1,12260.00
2008-08-26T15:38:00.000Z,2008-08-27T10:09:00.000Z,BUY,0.01,1,1,10.00,1,12270.00
2008-08-27T10:09:00.000Z,2008-09-01T16:21:00.000Z,SELL,0.01,1,1,10.00,1,12280.00
2008-09-01T16:21:00.000Z,2008-09-02T15:01:00.000Z,BUY,0.01,2,1,10.00,2,12290.00
2008-09-02T15:01:00.000Z,2008-09-02T18:27:00.000Z,BUY,0.01,1,1,10.00,1,12300.00
2008-09-02T18:27:00.000Z,2008-09-04T09:25:00.000Z,BUY,0.01,1,1,10.00,1,12310.00
2008-09-04T09:25:00.000Z,2008-09-04T16:51:00.000Z,SELL,0.01,1,1,10.00,1,12320.00
2008-09-04T16:51:00.000Z,2008-09-05T01:43:00.000Z,SELL,0.01,1,1,10.00,1,12330.00
2008-09-05T01:43:00.000Z,2008-09-05T14:30:00.000Z,BUY,0.01,1,1,10.00,1,12340.00
2008-09-05T14:30:00.000Z,2008-09-05T14:48:00.000Z,BUY,0.01,1,1,10.00,1,12350.00
2008-09-05T14:48:00.000Z,2008-09-09T15:38:00.000Z,BUY,0.01,2,1,10.00,2,12360.00
2008-09-09T15:38:00.000Z,2008-09-11T01:52:00.000Z,BUY,0.01,2,1,10.00,2,12370.00
2008-09-11T01:52:00.000Z,2008-09-12T19:26:00.000Z,BUY,0.01,1,1,10.00,1,12380.00
2008-09-12T19:26:00.000Z,2008-09-17T15:44:00.000Z,SELL,0.01,2,1,10.00,2,12390.00
2008-09-17T15:44:00.000Z,2008-09-17T16:38:00.000Z,SELL,0.01,2,1,10.00,2,12400.00
2008-09-17T16:38:00.000Z,2008-09-17T19:33:00.000Z,SELL,0.01,2,1,10.00,2,12410.00
2008-09-17T19:33:00.000Z,2008-09-18T02:25:00.000Z,SELL,0.01,2,1,10.00,2,12420.00
2008-09-18T02:25:00.000Z,2008-09-18T04:25:00.000Z,SELL,0.01,1,1,10.00,1,12430.00
2008-09-18T04:25:00.000Z,2008-09-18T05:05:00.000Z,SELL,0.01,1,1,10.00,1,12440.00
2008-09-18T05:05:00.000Z,2008-09-18T18:38:00.000Z,SELL,0.01,5,0,-2420.00,5,10020.00
2008-09-18T18:38:00.000Z,2008-09-18T21:16:00.000Z,SELL,0.01,3,1,10.00,3,10030.00
2008-09-18T21:16:00.000Z,2008-09-18T21:30:00.000Z,SELL,0.01,1,1,10.00,1,10040.00
2008-09-18T21:30:00.000Z,2008-09-18T21:35:00.000Z,SELL,0.01,1,1,10.00,1,10050.00
2008-09-18T21:35:00.000Z,2008-09-18T21:37:00.000Z,SELL,0.01,1,1,10.00,1,10060.00
2008-09-18T21:37:00.000Z,2008-09-19T09:59:00.000Z,SELL,0.01,3,1,10.00,3,10070.00
2008-09-19T09:59:00.000Z,2008-09-19T11:40:00.000Z,BUY,0.01,1,1,10.00,1,10080.00
2008-09-19T11:40:00.000Z,2008-09-19T14:10:00.000Z,BUY,0.01,1,1,10.00,1,10090.00
2008-09-19T14:10:00.000Z,2008-09-19T14:33:00.000Z,BUY,0.01,1,1,10.00,1,10100.00
2008-09-19T14:33:00.000Z,2008-09-19T14:34:00.000Z,BUY,0.01,1,1,10.00,1,10110.00
2008-09-19T14:34:00.000Z,2008-09-22T12:26:00.000Z,BUY,0.01,1,1,10.00,1,10120.00
2008-09-22T12:26:00.000Z,2008-09-25T16:26:00.000Z,SELL,0.01,5,1,10.00,5,10130.00
2008-09-25T16:26:00.000Z,2008-09-26T01:52:00.000Z,BUY,0.01,1,1,10.00,1,10140.00
2008-09-26T01:52:00.000Z,2008-09-26T15:45:00.000Z,BUY,0.01,1,1,10.00,1,10150.00
2008-09-26T15:45:00.000Z,2008-09-26T15:49:00.000Z,BUY,0.01,1,1,10.00,1,10160.00
2008-09-26T15:49:00.000Z,2008-09-26T15:50:00.000Z,BUY,0.01,1,1,10.00,1,10170.00
2008-09-26T15:50:00.000Z,2008-09-26T21:48:00.000Z,BUY,0.01,2,1,10.00,2,10180.00
2008-09-26T21:48:00.000Z,2008-09-29T02:12:00.000Z,SELL,0.01,1,1,10.00,1,10190.00
2008-09-29T02:12:00.000Z,2008-09-29T16:03:00.000Z,SELL,0.01,2,1,10.00,2,10200.00
2008-09-29T16:03:00.000Z,2008-09-29T16:28:00.000Z,SELL,0.01,1,1,10.00,1,10210.00
2008-09-29T16:28:00.000Z,2008-09-29T21:34:00.000Z,SELL,0.01,2,1,10.00,2,10220.00
2008-09-29T21:34:00.000Z,2008-09-29T21:45:00.000Z,SELL,0.01,1,1,10.00,1,10230.00
2008-09-29T21:45:00.000Z,2008-09-30T06:36:00.000Z,SELL,0.01,1,1,10.00,1,10240.00
2008-09-30T06:36:00.000Z,2008-09-30T14:30:00.000Z,SELL,0.01,1,1,10.00,1,10250.00
2008-09-30T14:30:00.000Z,2008-09-30T15:44:00.000Z,SELL,0.01,1,1,10.00,1,10260.00
2008-09-30T15:44:00.000Z,2008-10-01T18:14:00.000Z,BUY,0.01,3,1,10.00,3,10270.00
2008-10-01T18:14:00.000Z,2008-10-01T20:22:00.000Z,SELL,0.01,1,1,10.00,1,10280.00
2008-10-01T20:22:00.000Z,2008-10-01T20:46:00.000Z,SELL,0.01,1,1,10.00,1,10290.00
2008-10-01T20:46:00.000Z,2008-10-02T14:32:00.000Z,SELL,0.01,1,1,10.00,1,10300.00
2008-10-02T14:32:00.000Z,2008-10-03T15:18:00.000Z,BUY,0.01,2,1,10.00,2,10310.00
2008-10-03T15:18:00.000Z,2008-10-03T16:55:00.000Z,BUY,0.01,1,1,10.00,1,10320.00
2008-10-03T16:55:00.000Z,2008-10-06T12:30:00.000Z,BUY,0.01,1,1,10.00,1,10330.00
2008-10-06T12:30:00.000Z,2008-10-06T12:35:00.000Z,BUY,0.01,1,1,10.00,1,10340.00
2008-10-06T12:35:00.000Z,2008-10-06T15:28:00.000Z,BUY,0.01,1,1,10.00,1,10350.00
2008-10-06T15:28:00.000Z,2008-10-06T17:18:00.000Z,SELL,0.01,1,1,10.00,1,10360.00
2008-10-06T17:18:00.000Z,2008-10-07T15:13:00.000Z,SELL,0.01,2,1,10.00,2,10370.00
2008-10-07T15:13:00.000Z,2008-10-07T15:46:00.000Z,SELL,0.01,1,1,10.00,1,10380.00
2008-10-07T15:46:00.000Z,2008-10-07T18:48:00.000Z,SELL,0.01,1,1,10.00,1,10390.00
2008-10-07T18:48:00.000Z,2008-10-08T08:42:00.000Z,SELL,0.01,2,1,10.00,2,10400.00
2008-10-08T08:42:00.000Z,2008-10-09T06:02:00.000Z,SELL,0.01,3,1,10.00,3,10410.00
2008-10-09T06:02:00.000Z,2008-10-09T22:11:00.000Z,SELL,0.01,2,1,10.00,2,10420.00
2008-10-09T22:11:00.000Z,2008-10-10T09:22:00.000Z,BUY,0.01,1,1,10.00,1,10430.00
2008-10-10T09:22:00.000Z,2008-10-10T11:10:00.000Z,SELL,0.01,1,1,10.00,1,10440.00
2008-10-10T11:10:00.000Z,2008-10-10T14:11:00.000Z,SELL,0.01,1,1,10.00,1,10450.00
2008-10-10T14:11:00.000Z,2008-10-10T15:46:00.000Z,SELL,0.01,1,1,10.00,1,10460.00
2008-10-10T15:46:00.000Z,2008-10-10T17:02:00.000Z,SELL,0.01,1,1,10.00,1,10470.00
2008-10-10T17:02:00.000Z,2008-10-10T18:46:00.000Z,SELL,0.01,1,1,10.00,1,10480.00
2008-10-10T18:46:00.000Z,2008-10-10T19:39:00.000Z,BUY,0.01,2,1,10.00,2,10490.00
2008-10-10T19:39:00.000Z,2008-10-13T01:05:00.000Z,BUY,0.01,3,1,10.00,3,10500.00
2008-10-13T01:05:00.000Z,2008-10-13T04:43:00.000Z,BUY,0.01,1,1,10.00,1,10510.00
2008-10-13T04:43:00.000Z,2008-10-13T15:54:00.000Z,BUY,0.01,2,1,10.00,2,10520.00
2008-10-13T15:54:00.000Z,2008-10-14T02:23:00.000Z,BUY,0.01,1,1,10.00,1,10530.00
2008-10-14T02:23:00.000Z,2008-10-16T15:36:00.000Z,BUY,0.01,2,1,10.00,2,10540.00
2008-10-16T15:36:00.000Z,2008-10-16T17:29:00.000Z,BUY,0.01,2,1,10.00,2,10550.00
2008-10-16T17:29:00.000Z,2008-10-16T17:48:00.000Z,BUY,0.01,1,1,10.00,1,10560.00
2008-10-16T17:48:00.000Z,2008-10-17T08:28:00.000Z,BUY,0.01,1,1,10.00,1,10570.00
2008-10-17T08:28:00.000Z,2008-10-17T14:31:00.000Z,BUY,0.01,2,1,10.00,2,10580.00
2008-10-17T14:31:00.000Z,2008-10-17T15:05:00.000Z,BUY,0.01,1,1,10.00,1,10590.00
2008-10-17T15:05:00.000Z,2008-10-20T02:53:00.000Z,BUY,0.01,1,1,10.00,1,10600.00
2008-10-20T02:53:00.000Z,2008-10-21T14:41:00.000Z,BUY,0.01,2,1,10.00,2,10610.00
2008-10-21T14:41:00.000Z,2008-10-22T18:50:00.000Z,BUY,0.01,2,1,10.00,2,10620.00
2008-10-22T18:50:00.000Z,2008-10-23T12:38:00.000Z,BUY,0.01,2,1,10.00,2,10630.00
2008-10-23T12:38:00.000Z,2008-10-23T16:05:00.000Z,BUY,0.01,1,1,10.00,1,10640.00
2008-10-23T16:05:00.000Z,2008-10-23T16:21:00.000Z,BUY,0.01,1,1,10.00,1,10650.00
2008-10-23T16:21:00.000Z,2008-10-24T09:03:00.000Z,BUY,0.01,2,1,10.00,2,10660.00
2008-10-24T09:03:00.000Z,2008-10-24T14:54:00.000Z,BUY,0.01,1,1,10.00,1,10670.00
2008-10-24T14:54:00.000Z,2008-10-24T17:39:00.000Z,BUY,0.01,1,1,10.00,1,10680.00
2008-10-24T17:39:00.000Z,2008-10-24T18:14:00.000Z,BUY,0.01,1,1,10.00,1,10690.00
2008-10-24T18:14:00.000Z,2008-10-24T18:27:00.000Z,BUY,0.01,1,1,10.00,1,10700.00
2008-10-24T18:27:00.000Z,2008-10-27T09:35:00.000Z,BUY,0.01,2,1,10.00,2,10710.00
2008-10-27T09:35:00.000Z,2008-10-27T18:03:00.000Z,SELL,0.01,2,1,10.00,2,10720.00
2008-10-27T18:03:00.000Z,2008-10-27T21:03:00.000Z,SELL,0.01,1,1,10.00,1,10730.00
2008-10-27T21:03:00.000Z,2008-10-29T13:22:00.000Z,SELL,0.01,4,1,10.00,4,10740.00
2008-10-29T13:22:00.000Z,2008-10-29T18:19:00.000Z,SELL,0.01,1,1,10.00,1,10750.00
2008-10-29T18:19:00.000Z,2008-10-30T16:53:00.000Z,SELL,0.01,3,1,10.00,3,10760.00
2008-10-30T16:53:00.000Z,2008-10-31T01:33:00.000Z,SELL,0.01,1,1,10.00,1,10770.00
2008-10-31T01:33:00.000Z,2008-10-31T14:26:00.000Z,BUY,0.01,1,1,10.00,1,10780.00
2008-10-31T14:26:00.000Z,2008-11-04T16:37:00.000Z,BUY,0.01,3,1,10.00,3,10790.00
2008-11-04T16:37:00.000Z,2008-11-05T17:35:00.000Z,SELL,0.01,1,1,10.00,1,10800.00
2008-11-05T17:35:00.000Z,2008-11-06T17:23:00.000Z,SELL,0.01,1,1,10.00,1,10810.00
2008-11-06T17:23:00.000Z,2008-11-10T14:34:00.000Z,SELL,0.01,2,1,10.00,2,10820.00
2008-11-10T14:34:00.000Z,2008-11-10T16:54:00.000Z,SELL,0.01,1,1,10.00,1,10830.00
2008-11-10T16:54:00.000Z,2008-11-11T11:42:00.000Z,SELL,0.01,1,1,10.00,1,10840.00
2008-11-11T11:42:00.000Z,2008-11-12T21:15:00.000Z,BUY,0.01,2,1,10.00,2,10850.00
2008-11-12T21:15:00.000Z,2008-11-13T14:23:00.000Z,BUY,0.01,1,1,10.00,1,10860.00
2008-11-13T14:23:00.000Z,2008-11-13T20:45:00.000Z,BUY,0.01,3,1,10.00,3,10870.00
2008-11-13T20:45:00.000Z,2008-11-14T14:30:00.000Z,BUY,0.01,1,1,10.00,1,10880.00
2008-11-14T14:30:00.000Z,2008-11-21T14:39:00.000Z,SELL,0.01,4,1,10.00,4,10890.00
2008-11-21T14:39:00.000Z,2008-11-21T20:57:00.000Z,SELL,0.01,2,1,10.00,2,10900.00
2008-11-21T20:57:00.000Z,2008-11-24T04:27:00.000Z,SELL,0.01,1,1,10.00,1,10910.00
2008-11-24T04:27:00.000Z,2008-11-24T13:20:00.000Z,SELL,0.01,2,1,10.00,2,10920.00
2008-11-24T13:20:00.000Z,2008-11-25T02:10:00.000Z,SELL,0.01,1,1,10.00,1,10930.00
2008-11-25T02:10:00.000Z,2008-12-01T11:30:00.000Z,SELL,0.01,3,1,10.00,3,10940.00
2008-12-01T11:30:00.000Z,2008-12-01T17:33:00.000Z,BUY,0.01,2,1,10.00,2,10950.00
2008-12-01T17:33:00.000Z,2008-12-02T13:59:00.000Z,BUY,0.01,1,1,10.00,1,10960.00
2008-12-02T13:59:00.000Z,2008-12-05T14:50:00.000Z,BUY,0.01,2,1,10.00,2,10970.00
2008-12-05T14:50:00.000Z,2008-12-08T01:13:00.000Z,BUY,0.01,1,1,10.00,1,10980.00
2008-12-08T01:13:00.000Z,2008-12-08T08:49:00.000Z,BUY,0.01,1,1,10.00,1,10990.00
2008-12-08T08:49:00.000Z,2008-12-10T15:04:00.000Z,SELL,0.01,2,1,10.00,2,11000.00
2008-12-10T15:04:00.000Z,2008-12-11T13:37:00.000Z,SELL,0.01,2,1,10.00,2,11010.00
2008-12-11T13:37:00.000Z,2008-12-11T16:51:00.000Z,SELL,0.01,1,1,10.00,1,11020.00
2008-12-11T16:51:00.000Z,2008-12-12T05:36:00.000Z,SELL,0.01,1,1,10.00,1,11030.00
2008-12-12T05:36:00.000Z,2008-12-15T16:24:00.000Z,SELL,0.01,2,1,10.00,2,11040.00
2008-12-15T16:24:00.000Z,2008-12-17T15:58:00.000Z,SELL,0.01,2,1,10.00,2,11050.00
2008-12-17T15:58:00.000Z,2008-12-18T15:05:00.000Z,SELL,0.01,1,1,10.00,1,11060.00
2008-12-18T15:05:00.000Z,2008-12-18T17:07:00.000Z,SELL,0.01,1,1,10.00,1,11070.00
2008-12-18T17:07:00.000Z,2008-12-19T10:33:00.000Z,SELL,0.01,1,1,10.00,1,11080.00
2008-12-19T10:33:00.000Z,2008-12-22T08:48:00.000Z,BUY,0.01,1,1,10.00,1,11090.00
2008-12-22T08:48:00.000Z,2008-12-26T19:04:00.000Z,BUY,0.01,3,1,10.00,3,11100.00
2008-12-26T19:04:00.000Z,2009-01-05T14:36:00.000Z,SELL,0.01,5,1,10.00,5,11110.00
2009-01-05T14:36:00.000Z,2009-01-06T19:12:00.000Z,BUY,0.01,1,1,10.00,1,11120.00
2009-01-06T19:12:00.000Z,2009-01-12T14:25:00.000Z,BUY,0.01,4,1,10.00,4,11130.00
2009-01-12T14:25:00.000Z,2009-01-16T19:30:00.000Z,BUY,0.01,3,1,10.00,3,11140.00
2009-01-16T19:30:00.000Z,2009-01-20T01:40:00.000Z,SELL,0.01,1,1,10.00,1,11150.00
2009-01-20T01:40:00.000Z,2009-01-20T14:47:00.000Z,SELL,0.01,2,1,10.00,2,11160.00
2009-01-20T14:47:00.000Z,2009-01-20T20:12:00.000Z,SELL,0.01,1,1,10.00,1,11170.00
2009-01-20T20:12:00.000Z,2009-01-23T14:43:00.000Z,SELL,0.01,2,1,10.00,2,11180.00
2009-01-23T14:43:00.000Z,2009-01-26T15:35:00.000Z,SELL,0.01,2,1,10.00,2,11190.00
2009-01-26T15:35:00.000Z,2009-01-27T09:42:00.000Z,SELL,0.01,1,1,10.00,1,11200.00
2009-01-27T09:42:00.000Z,2009-01-28T10:31:00.000Z,SELL,0.01,1,1,10.00,1,11210.00
2009-01-28T10:31:00.000Z,2009-01-29T17:21:00.000Z,BUY,0.01,1,1,10.00,1,11220.00
2009-01-29T17:21:00.000Z,2009-01-30T09:16:00.000Z,BUY,0.01,1,1,10.00,1,11230.00
2009-01-30T09:16:00.000Z,2009-02-03T01:05:00.000Z,SELL,0.01,1,1,10.00,1,11240.00
2009-02-03T01:05:00.000Z,2009-02-03T14:30:00.000Z,BUY,0.01,1,1,10.00,1,11250.00
2009-02-03T14:30:00.000Z,2009-02-05T13:40:00.000Z,BUY,0.01,3,1,10.00,3,11260.00
2009-02-05T13:40:00.000Z,2009-02-05T18:45:00.000Z,SELL,0.01,1,1,10.00,1,11270.00
2009-02-05T18:45:00.000Z,2009-02-09T11:36:00.000Z,SELL,0.01,1,1,10.00,1,11280.00
2009-02-09T11:36:00.000Z,2009-02-10T14:41:00.000Z,BUY,0.01,1,1,10.00,1,11290.00
2009-02-10T14:41:00.000Z,2009-02-11T11:00:00.000Z,BUY,0.01,1,1,10.00,1,11300.00
2009-02-11T11:00:00.000Z,2009-02-12T16:36:00.000Z,SELL,0.01,2,1,10.00,2,11310.00
2009-02-12T16:36:00.000Z,2009-02-13T03:53:00.000Z,SELL,0.01,1,1,10.00,1,11320.00
2009-02-13T03:53:00.000Z,2009-02-17T15:18:00.000Z,SELL,0.01,2,1,10.00,2,11330.00
2009-02-17T15:18:00.000Z,2009-02-20T18:47:00.000Z,SELL,0.01,2,1,10.00,2,11340.00
2009-02-20T18:47:00.000Z,2009-02-23T02:45:00.000Z,SELL,0.01,1,1,10.00,1,11350.00
2009-02-23T02:45:00.000Z,2009-02-23T15:31:00.000Z,SELL,0.01,1,1,10.00,1,11360.00
2009-02-23T15:31:00.000Z,2009-02-23T16:36:00.000Z,BUY,0.01,1,1,10.00,1,11370.00
2009-02-23T16:36:00.000Z,2009-02-24T18:03:00.000Z,BUY,0.01,2,1,10.00,2,11380.00
2009-02-24T18:03:00.000Z,2009-02-24T19:07:00.000Z,BUY,0.01,1,1,10.00,1,11390.00
2009-02-24T19:07:00.000Z,2009-02-26T13:48:00.000Z,BUY,0.01,2,1,10.00,2,11400.00
2009-02-26T13:48:00.000Z,2009-02-27T13:26:00.000Z,BUY,0.01,1,1,10.00,1,11410.00
2009-02-27T13:26:00.000Z,2009-02-27T14:30:00.000Z,BUY,0.01,1,1,10.00,1,11420.00
2009-02-27T14:30:00.000Z,2009-02-27T16:05:00.000Z,SELL,0.01,1,1,10.00,1,11430.00
2009-02-27T16:05:00.000Z,2009-02-27T17:51:00.000Z,SELL,0.01,1,1,10.00,1,11440.00
2009-02-27T17:51:00.000Z,2009-02-27T18:01:00.000Z,SELL,0.01,1,1,10.00,1,11450.00
2009-02-27T18:01:00.000Z,2009-03-03T15:38:00.000Z,SELL,0.01,3,1,10.00,3,11460.00
2009-03-03T15:38:00.000Z,2009-03-05T20:24:00.000Z,BUY,0.01,1,1,10.00,1,11470.00
2009-03-05T20:24:00.000Z,2009-03-09T17:10:00.000Z,SELL,0.01,1,1,10.00,1,11480.00
2009-03-09T17:10:00.000Z,2009-03-12T14:49:00.000Z,BUY,0.01,3,1,10.00,3,11490.00
2009-03-12T14:49:00.000Z,2009-03-16T14:16:00.000Z,SELL,0.01,1,1,10.00,1,11500.00
2009-03-16T14:16:00.000Z,2009-03-18T16:21:00.000Z,BUY,0.01,2,1,10.00,2,11510.00
2009-03-18T16:21:00.000Z,2009-03-18T19:18:00.000Z,BUY,0.01,1,1,10.00,1,11520.00
2009-03-18T19:18:00.000Z,2009-03-18T19:21:00.000Z,BUY,0.01,1,1,10.00,1,11530.00
2009-03-18T19:21:00.000Z,2009-03-18T19:22:00.000Z,BUY,0.01,1,1,10.00,1,11540.00
2009-03-18T19:22:00.000Z,2009-03-18T19:29:00.000Z,BUY,0.01,1,1,10.00,1,11550.00
2009-03-18T19:29:00.000Z,2009-03-18T20:10:00.000Z,BUY,0.01,1,1,10.00,1,11560.00
2009-03-18T20:10:00.000Z,2009-03-19T13:20:00.000Z,BUY,0.01,1,1,10.00,1,11570.00
2009-03-19T13:20:00.000Z,2009-03-23T20:22:00.000Z,SELL,0.01,1,1,10.00,1,11580.00
2009-03-23T20:22:00.000Z,2009-03-30T12:46:00.000Z,BUY,0.01,4,1,10.00,4,11590.00
2009-03-30T12:46:00.000Z,2009-03-30T15:35:00.000Z,BUY,0.01,1,1,10.00,1,11600.00
2009-03-30T15:35:00.000Z,2009-03-30T15:46:00.000Z,BUY,0.01,1,1,10.00,1,11610.00
2009-03-30T15:46:00.000Z,2009-04-02T15:38:00.000Z,BUY,0.01,2,1,10.00,2,11620.00
2009-04-02T15:38:00.000Z,2009-04-06T15:40:00.000Z,BUY,0.01,2,1,10.00,2,11630.00
2009-04-06T15:40:00.000Z,2009-04-07T15:45:00.000Z,BUY,0.01,1,1,10.00,1,11640.00
2009-04-07T15:45:00.000Z,2009-04-17T10:36:00.000Z,SELL,0.01,1,1,10.00,1,11650.00
2009-04-17T10:36:00.000Z,2009-04-20T16:20:00.000Z,BUY,0.01,1,1,10.00,1,11660.00
2009-04-20T16:20:00.000Z,2009-04-24T06:43:00.000Z,SELL,0.01,2,1,10.00,2,11670.00
2009-04-24T06:43:00.000Z,2009-04-28T02:07:00.000Z,SELL,0.01,1,1,10.00,1,11680.00
2009-04-28T02:07:00.000Z,2009-05-05T13:39:00.000Z,BUY,0.01,3,1,10.00,3,11690.00
2009-05-05T13:39:00.000Z,2009-05-05T19:11:00.000Z,SELL,0.01,1,1,10.00,1,11700.00
2009-05-05T19:11:00.000Z,2009-05-15T16:35:00.000Z,SELL,0.01,2,1,10.00,2,11710.00
2009-05-15T16:35:00.000Z,2009-05-18T15:45:00.000Z,SELL,0.01,1,1,10.00,1,11720.00
2009-05-18T15:45:00.000Z,2009-05-21T18:43:00.000Z,SELL,0.01,2,1,10.00,2,11730.00
2009-05-21T18:43:00.000Z,2009-06-01T03:18:00.000Z,SELL,0.01,2,1,10.00,2,11740.00
2009-06-01T03:18:00.000Z,2009-06-02T08:47:00.000Z,SELL,0.01,1,1,10.00,1,11750.00
2009-06-02T08:47:00.000Z,2009-06-02T13:39:00.000Z,BUY,0.01,1,1,10.00,1,11760.00
2009-06-02T13:39:00.000Z,2009-06-08T09:38:00.000Z,BUY,0.01,4,1,10.00,4,11770.00
2009-06-08T09:38:00.000Z,2009-06-09T15:14:00.000Z,BUY,0.01,1,1,10.00,1,11780.00
2009-06-09T15:14:00.000Z,2009-06-10T16:26:00.000Z,SELL,0.01,1,1,10.00,1,11790.00
2009-06-10T16:26:00.000Z,2009-06-12T14:29:00.000Z,SELL,0.01,1,1,10.00,1,11800.00
2009-06-12T14:29:00.000Z,2009-07-08T17:15:00.000Z,BUY,0.01,4,1,10.00,4,11810.00
2009-07-08T17:15:00.000Z,2009-07-13T19:26:00.000Z,BUY,0.01,1,1,10.00,1,11820.00
2009-07-13T19:26:00.000Z,2009-07-20T11:15:00.000Z,SELL,0.01,2,1,10.00,2,11830.00
2009-07-20T11:15:00.000Z,2009-07-28T17:09:00.000Z,SELL,0.01,1,1,10.00,1,11840.00
2009-07-28T17:09:00.000Z,2009-07-31T17:50:00.000Z,BUY,0.01,1,1,10.00,1,11850.00
2009-07-31T17:50:00.000Z,2009-08-12T09:45:00.000Z,SELL,0.01,3,1,10.00,3,11860.00
2009-08-12T09:45:00.000Z,2009-08-12T18:08:00.000Z,BUY,0.01,1,1,10.00,1,11870.00
2009-08-12T18:08:00.000Z,2009-08-17T09:41:00.000Z,SELL,0.01,1,1,10.00,1,11880.00
2009-08-17T09:41:00.000Z,2009-08-21T14:25:00.000Z,BUY,0.01,1,1,10.00,1,11890.00
2009-08-21T14:25:00.000Z,2009-08-24T19:14:00.000Z,SELL,0.01,1,1,10.00,1,11900.00
2009-08-24T19:14:00.000Z,2009-09-02T16:46:00.000Z,SELL,0.01,2,1,10.00,2,11910.00
2009-09-02T16:46:00.000Z,2009-09-08T08:13:00.000Z,SELL,0.01,2,1,10.00,2,11920.00
2009-09-08T08:13:00.000Z,2009-09-09T20:10:00.000Z,SELL,0.01,1,1,10.00,1,11930.00
2009-09-09T20:10:00.000Z,2009-09-11T05:20:00.000Z,BUY,0.01,1,1,10.00,1,11940.00
2009-09-11T05:20:00.000Z,2009-09-25T14:35:00.000Z,SELL,0.01,3,1,10.00,3,11950.00
2009-09-25T14:35:00.000Z,2009-09-30T10:47:00.000Z,BUY,0.01,1,1,10.00,1,11960.00
2009-09-30T10:47:00.000Z,2009-10-02T14:33:00.000Z,SELL,0.01,1,1,10.00,1,11970.00
2009-10-02T14:33:00.000Z,2009-10-02T15:38:00.000Z,BUY,0.01,1,1,10.00,1,11980.00
2009-10-02T15:38:00.000Z,2009-10-05T18:18:00.000Z,BUY,0.01,1,1,10.00,1,11990.00
2009-10-05T18:18:00.000Z,2009-10-06T16:26:00.000Z,SELL,0.01,2,1,10.00,2,12000.00
2009-10-06T16:26:00.000Z,2009-10-28T12:30:00.000Z,SELL,0.01,3,1,10.00,3,12010.00
2009-10-28T12:30:00.000Z,2009-10-29T16:05:00.000Z,BUY,0.01,1,1,10.00,1,12020.00
2009-10-29T16:05:00.000Z,2009-11-04T01:05:00.000Z,SELL,0.01,2,1,10.00,2,12030.00
2009-11-04T01:05:00.000Z,2009-11-06T15:46:00.000Z,SELL,0.01,2,1,10.00,2,12040.00
2009-11-06T15:46:00.000Z,2009-11-16T08:22:00.000Z,SELL,0.01,2,1,10.00,2,12050.00
2009-11-16T08:22:00.000Z,2009-11-23T01:07:00.000Z,SELL,0.01,4,1,10.00,4,12060.00
2009-11-23T01:07:00.000Z,2009-11-25T21:46:00.000Z,SELL,0.01,2,1,10.00,2,12070.00
2009-11-25T21:46:00.000Z,2009-11-26T17:18:00.000Z,SELL,0.01,1,1,10.00,1,12080.00
2009-11-26T17:18:00.000Z,2009-11-26T19:01:00.000Z,BUY,0.01,1,1,10.00,1,12090.00
2009-11-26T19:01:00.000Z,2009-11-27T06:53:00.000Z,SELL,0.01,1,1,10.00,1,12100.00
2009-11-27T06:53:00.000Z,2009-11-27T07:18:00.000Z,SELL,0.01,1,1,10.00,1,12110.00
2009-11-27T07:18:00.000Z,2009-11-27T08:45:00.000Z,BUY,0.01,2,1,10.00,2,12120.00
2009-11-27T08:45:00.000Z,2009-11-27T08:57:00.000Z,BUY,0.01,1,1,10.00,1,12130.00
2009-11-27T08:57:00.000Z,2009-11-27T10:32:00.000Z,BUY,0.01,1,1,10.00,1,12140.00
2009-11-27T10:32:00.000Z,2009-11-27T16:15:00.000Z,BUY,0.01,1,1,10.00,1,12150.00
2009-11-27T16:15:00.000Z,2009-11-30T19:29:00.000Z,BUY,0.01,1,1,10.00,1,12160.00
2009-11-30T19:29:00.000Z,2009-12-01T09:48:00.000Z,BUY,0.01,1,1,10.00,1,12170.00
2009-12-01T09:48:00.000Z,2009-12-03T01:16:00.000Z,SELL,0.01,2,1,10.00,2,12180.00
2009-12-03T01:16:00.000Z,2009-12-03T15:21:00.000Z,SELL,0.01,1,1,10.00,1,12190.00
2009-12-03T15:21:00.000Z,2009-12-04T01:45:00.000Z,SELL,0.01,1,1,10.00,1,12200.00
2009-12-04T01:45:00.000Z,2009-12-04T08:18:00.000Z,BUY,0.01,1,1,10.00,1,12210.00
2009-12-04T08:18:00.000Z,2009-12-04T16:40:00.000Z,BUY,0.01,2,1,10.00,2,12220.00
2009-12-04T16:40:00.000Z,2009-12-04T20:49:00.000Z,BUY,0.01,2,1,10.00,2,12230.00
2009-12-04T20:49:00.000Z,2009-12-04T22:03:00.000Z,BUY,0.01,1,1,10.00,1,12240.00
2009-12-04T22:03:00.000Z,2009-12-08T20:41:00.000Z,BUY,0.01,4,1,10.00,4,12250.00
2009-12-08T20:41:00.000Z,2009-12-09T11:21:00.000Z,BUY,0.01,1,1,10.00,1,12260.00
2009-12-09T11:21:00.000Z,2009-12-11T17:20:00.000Z,BUY,0.01,4,1,10.00,4,12270.00
2009-12-11T17:20:00.000Z,2009-12-14T03:00:00.000Z,BUY,0.01,1,1,10.00,1,12280.00
2009-12-14T03:00:00.000Z,2009-12-16T10:15:00.000Z,BUY,0.01,1,1,10.00,1,12290.00
2009-12-16T10:15:00.000Z,2009-12-17T11:38:00.000Z,SELL,0.01,1,1,10.00,1,12300.00
2009-12-17T11:38:00.000Z,2009-12-21T18:40:00.000Z,BUY,0.01,2,1,10.00,2,12310.00
2009-12-21T18:40:00.000Z,2009-12-24T07:27:00.000Z,BUY,0.01,1,1,10.00,1,12320.00
2009-12-24T07:27:00.000Z,2009-12-30T01:27:00.000Z,SELL,0.01,1,1,10.00,1,12330.00
2009-12-30T01:27:00.000Z,2009-12-31T08:28:00.000Z,BUY,0.01,1,1,10.00,1,12340.00
2009-12-31T08:28:00.000Z,2010-01-06T14:59:00.000Z,SELL,0.01,2,1,10.00,2,12350.00
2010-01-06T14:59:00.000Z,2010-01-08T06:54:00.000Z,SELL,0.01,1,1,10.00,1,12360.00
2010-01-08T06:54:00.000Z,2010-01-08T14:33:00.000Z,BUY,0.01,1,1,10.00,1,12370.00
2010-01-08T14:33:00.000Z,2010-01-11T01:05:00.000Z,BUY,0.01,1,1,10.00,1,12380.00
2010-01-11T01:05:00.000Z,2010-01-12T19:19:00.000Z,SELL,0.01,1,1,10.00,1,12390.00
2010-01-12T19:19:00.000Z,2010-01-14T01:29:00.000Z,BUY,0.01,1,1,10.00,1,12400.00
2010-01-14T01:29:00.000Z,2010-01-14T17:01:00.000Z,SELL,0.01,1,1,10.00,1,12410.00
2010-01-14T17:01:00.000Z,2010-01-14T19:29:00.000Z,BUY,0.01,1,1,10.00,1,12420.00
2010-01-14T19:29:00.000Z,2010-01-20T16:25:00.000Z,BUY,0.01,2,1,10.00,2,12430.00
2010-01-20T16:25:00.000Z,2010-01-22T16:11:00.000Z,BUY,0.01,2,1,10.00,2,12440.00
2010-01-22T16:11:00.000Z,2010-01-22T17:02:00.000Z,BUY,0.01,1,1,10.00,1,12450.00
2010-01-22T17:02:00.000Z,2010-01-25T07:14:00.000Z,BUY,0.01,1,1,10.00,1,12460.00
2010-01-25T07:14:00.000Z,2010-01-26T07:37:00.000Z,SELL,0.01,1,1,10.00,1,12470.00
2010-01-26T07:37:00.000Z,2010-02-01T19:09:00.000Z,BUY,0.01,1,1,10.00,1,12480.00
2010-02-01T19:09:00.000Z,2010-02-04T15:15:00.000Z,SELL,0.01,3,1,10.00,3,12490.00
2010-02-04T15:15:00.000Z,2010-02-04T17:42:00.000Z,BUY,0.01,2,1,10.00,2,12500.00
2010-02-04T17:42:00.000Z,2010-02-08T09:39:00.000Z,BUY,0.01,1,1,10.00,1,12510.00
2010-02-08T09:39:00.000Z,2010-02-08T14:36:00.000Z,SELL,0.01,1,1,10.00,1,12520.00
2010-02-08T14:36:00.000Z,2010-02-11T17:41:00.000Z,SELL,0.01,2,1,10.00,2,12530.00
2010-02-11T17:41:00.000Z,2010-02-12T11:20:00.000Z,SELL,0.01,1,1,10.00,1,12540.00
2010-02-12T11:20:00.000Z,2010-02-16T08:13:00.000Z,SELL,0.01,2,1,10.00,2,12550.00
2010-02-16T08:13:00.000Z,2010-02-18T01:26:00.000Z,SELL,0.01,1,1,10.00,1,12560.00
2010-02-18T01:26:00.000Z,2010-02-18T14:29:00.000Z,BUY,0.01,1,1,10.00,1,12570.00
2010-02-18T14:29:00.000Z,2010-02-18T16:58:00.000Z,BUY,0.01,1,1,10.00,1,12580.00
2010-02-18T16:58:00.000Z,2010-02-24T10:30:00.000Z,BUY,0.01,4,1,10.00,4,12590.00
2010-02-24T10:30:00.000Z,2010-02-24T16:03:00.000Z,BUY,0.01,1,1,10.00,1,12600.00
2010-02-24T16:03:00.000Z,2010-02-26T09:39:00.000Z,BUY,0.01,1,1,10.00,1,12610.00
2010-02-26T09:39:00.000Z,2010-03-03T17:07:00.000Z,SELL,0.01,2,1,10.00,2,12620.00
2010-03-03T17:07:00.000Z,2010-03-04T07:56:00.000Z,SELL,0.01,1,1,10.00,1,12630.00
2010-03-04T07:56:00.000Z,2010-03-08T16:43:00.000Z,SELL,0.01,1,1,10.00,1,12640.00
2010-03-08T16:43:00.000Z,2010-03-17T11:50:00.000Z,BUY,0.01,3,1,10.00,3,12650.00
2010-03-17T11:50:00.000Z,2010-03-17T15:50:00.000Z,SELL,0.01,1,1,10.00,1,12660.00
2010-03-17T15:50:00.000Z,2010-03-19T15:26:00.000Z,SELL,0.01,1,1,10.00,1,12670.00
2010-03-19T15:26:00.000Z,2010-04-01T14:50:00.000Z,BUY,0.01,3,1,10.00,3,12680.00
2010-04-01T14:50:00.000Z,2010-04-07T18:49:00.000Z,SELL,0.01,2,1,10.00,2,12690.00
2010-04-07T18:49:00.000Z,2010-04-16T16:55:00.000Z,SELL,0.01,1,1,10.00,1,12700.00
2010-04-16T16:55:00.000Z,2010-04-23T16:44:00.000Z,BUY,0.01,1,1,10.00,1,12710.00
2010-04-23T16:44:00.000Z,2010-04-27T17:05:00.000Z,BUY,0.01,1,1,10.00,1,12720.00
2010-04-27T17:05:00.000Z,2010-04-28T17:31:00.000Z,BUY,0.01,1,1,10.00,1,12730.00
2010-04-28T17:31:00.000Z,2010-04-29T14:49:00.000Z,SELL,0.01,1,1,10.00,1,12740.00
2010-04-29T14:49:00.000Z,2010-05-06T17:51:00.000Z,SELL,0.01,4,1,10.00,4,12750.00
2010-05-06T17:51:00.000Z,2010-05-11T15:00:00.000Z,SELL,0.01,4,1,10.00,4,12760.00
2010-05-11T15:00:00.000Z,2010-05-18T09:27:00.000Z,SELL,0.01,3,1,10.00,3,12770.00
2010-05-18T09:27:00.000Z,2010-05-18T20:19:00.000Z,BUY,0.01,1,1,10.00,1,12780.00
2010-05-18T20:19:00.000Z,2010-05-19T17:46:00.000Z,BUY,0.01,2,1,10.00,2,12790.00
2010-05-19T17:46:00.000Z,2010-05-25T22:58:00.000Z,BUY,0.01,3,1,10.00,3,12800.00
2010-05-25T22:58:00.000Z,2010-06-07T16:50:00.000Z,SELL,0.01,4,1,10.00,4,12810.00
2010-06-07T16:50:00.000Z,2010-06-09T17:09:00.000Z,SELL,0.01,1,1,10.00,1,12820.00
2010-06-09T17:09:00.000Z,2010-06-09T21:42:00.000Z,BUY,0.01,1,1,10.00,1,12830.00
2010-06-09T21:42:00.000Z,2010-06-17T14:35:00.000Z,BUY,0.01,1,1,10.00,1,12840.00
2010-06-17T14:35:00.000Z,2010-06-21T20:55:00.000Z,SELL,0.01,3,1,10.00,3,12850.00
2010-06-21T20:55:00.000Z,2010-06-23T09:25:00.000Z,BUY,0.01,1,1,10.00,1,12860.00
2010-06-23T09:25:00.000Z,2010-06-25T15:10:00.000Z,BUY,0.01,1,1,10.00,1,12870.00
2010-06-25T15:10:00.000Z,2010-06-28T17:49:00.000Z,SELL,0.01,1,1,10.00,1,12880.00
2010-06-28T17:49:00.000Z,2010-06-29T10:27:00.000Z,SELL,0.01,1,1,10.00,1,12890.00
2010-06-29T10:27:00.000Z,2010-06-29T18:12:00.000Z,BUY,0.01,1,1,10.00,1,12900.00
2010-06-29T18:12:00.000Z,2010-07-01T18:06:00.000Z,BUY,0.01,2,1,10.00,2,12910.00
2010-07-01T18:06:00.000Z,2010-07-19T14:59:00.000Z,BUY,0.01,4,1,10.00,4,12920.00
2010-07-19T14:59:00.000Z,2010-07-20T17:15:00.000Z,BUY,0.01,1,1,10.00,1,12930.00
2010-07-20T17:15:00.000Z,2010-07-27T16:43:00.000Z,BUY,0.01,2,1,10.00,2,12940.00
2010-07-27T16:43:00.000Z,2010-07-30T14:32:00.000Z,BUY,0.01,1,1,10.00,1,12950.00
2010-07-30T14:32:00.000Z,2010-08-06T14:47:00.000Z,SELL,0.01,2,1,10.00,2,12960.00
2010-08-06T14:47:00.000Z,2010-08-10T13:39:00.000Z,SELL,0.01,1,1,10.00,1,12970.00
2010-08-10T13:39:00.000Z,2010-08-10T20:19:00.000Z,BUY,0.01,1,1,10.00,1,12980.00
2010-08-10T20:19:00.000Z,2010-08-12T14:38:00.000Z,BUY,0.01,1,1,10.00,1,12990.00
2010-08-12T14:38:00.000Z,2010-08-31T14:47:00.000Z,SELL,0.01,4,1,10.00,4,13000.00
2010-08-31T14:47:00.000Z,2010-09-01T13:51:00.000Z,BUY,0.01,1,1,10.00,1,13010.00
2010-09-01T13:51:00.000Z,2010-09-01T16:43:00.000Z,SELL,0.01,1,1,10.00,1,13020.00
2010-09-01T16:43:00.000Z,2010-09-14T17:45:00.000Z,SELL,0.01,2,1,10.00,2,13030.00
2010-09-14T17:45:00.000Z,2010-09-15T17:39:00.000Z,SELL,0.01,1,1,10.00,1,13040.00
2010-09-15T17:39:00.000Z,2010-09-22T11:17:00.000Z,SELL,0.01,2,1,10.00,2,13050.00
2010-09-22T11:17:00.000Z,2010-09-28T09:23:00.000Z,SELL,0.01,1,1,10.00,1,13060.00
2010-09-28T09:23:00.000Z,2010-09-28T15:06:00.000Z,BUY,0.01,1,1,10.00,1,13070.00
2010-09-28T15:06:00.000Z,2010-09-28T16:33:00.000Z,BUY,0.01,1,1,10.00,1,13080.00
2010-09-28T16:33:00.000Z,2010-09-30T11:57:00.000Z,BUY,0.01,1,1,10.00,1,13090.00
2010-09-30T11:57:00.000Z,2010-09-30T17:01:00.000Z,SELL,0.01,1,1,10.00,1,13100.00
2010-09-30T17:01:00.000Z,2010-10-05T16:37:00.000Z,SELL,0.01,2,1,10.00,2,13110.00
2010-10-05T16:37:00.000Z,2010-10-13T16:04:00.000Z,SELL,0.01,2,1,10.00,2,13120.00
2010-10-13T16:04:00.000Z,2010-10-18T10:04:00.000Z,SELL,0.01,3,1,10.00,3,13130.00
2010-10-18T10:04:00.000Z,2010-10-18T14:55:00.000Z,BUY,0.01,1,1,10.00,1,13140.00
2010-10-18T14:55:00.000Z,2010-10-18T21:54:00.000Z,BUY,0.01,1,1,10.00,1,13150.00
2010-10-18T21:54:00.000Z,2010-10-19T13:06:00.000Z,SELL,0.01,1,1,10.00,1,13160.00
2010-10-19T13:06:00.000Z,2010-10-19T13:42:00.000Z,SELL,0.01,1,1,10.00,1,13170.00
2010-10-19T13:42:00.000Z,2010-10-19T14:57:00.000Z,SELL,0.01,1,1,10.00,1,13180.00
2010-10-19T14:57:00.000Z,2010-10-29T18:37:00.000Z,BUY,0.01,5,1,10.00,5,13190.00
2010-10-29T18:37:00.000Z,2010-11-03T16:07:00.000Z,SELL,0.01,1,1,10.00,1,13200.00
2010-11-03T16:07:00.000Z,2010-11-04T02:40:00.000Z,BUY,0.01,1,1,10.00,1,13210.00
2010-11-04T02:40:00.000Z,2010-11-04T10:44:00.000Z,BUY,0.01,1,1,10.00,1,13220.00
2010-11-04T10:44:00.000Z,2010-11-05T15:36:00.000Z,SELL,0.01,2,1,10.00,2,13230.00
2010-11-05T15:36:00.000Z,2010-11-09T19:05:00.000Z,SELL,0.01,2,1,10.00,2,13240.00
2010-11-09T19:05:00.000Z,2010-11-09T19:27:00.000Z,SELL,0.01,1,1,10.00,1,13250.00
2010-11-09T19:27:00.000Z,2010-11-09T19:45:00.000Z,SELL,0.01,1,1,10.00,1,13260.00
2010-11-09T19:45:00.000Z,2010-11-09T21:21:00.000Z,SELL,0.01,1,1,10.00,1,13270.00
2010-11-09T21:21:00.000Z,2010-11-09T21:48:00.000Z,SELL,0.01,1,1,10.00,1,13280.00
2010-11-09T21:48:00.000Z,2010-11-11T10:00:00.000Z,SELL,0.01,2,1,10.00,2,13290.00
2010-11-11T10:00:00.000Z,2010-11-15T01:05:00.000Z,SELL,0.01,1,1,10.00,1,13300.00
2010-11-15T01:05:00.000Z,2010-11-15T01:05:00.000Z,SELL,0.01,1,1,10.00,1,13310.00
2010-11-15T01:05:00.000Z,2010-11-15T01:05:00.000Z,SELL,0.01,1,1,10.00,1,13320.00
2010-11-15T01:05:00.000Z,2010-11-15T02:08:00.000Z,SELL,0.01,1,1,10.00,1,13330.00
2010-11-15T02:08:00.000Z,2010-11-16T16:56:00.000Z,BUY,0.01,2,1,10.00,2,13340.00
2010-11-16T16:56:00.000Z,2010-11-18T06:55:00.000Z,BUY,0.01,1,1,10.00,1,13350.00
2010-11-18T06:55:00.000Z,2010-11-19T15:54:00.000Z,SELL,0.01,1,1,10.00,1,13360.00
2010-11-19T15:54:00.000Z,2010-11-19T16:38:00.000Z,BUY,0.01,1,1,10.00,1,13370.00
2010-11-19T16:38:00.000Z,2010-11-22T08:14:00.000Z,BUY,0.01,1,1,10.00,1,13380.00
2010-11-22T08:14:00.000Z,2010-11-22T14:31:00.000Z,SELL,0.01,1,1,10.00,1,13390.00
2010-11-22T14:31:00.000Z,2010-11-30T14:36:00.000Z,SELL,0.01,4,1,10.00,4,13400.00
2010-11-30T14:36:00.000Z,2010-12-03T21:51:00.000Z,SELL,0.01,2,1,10.00,2,13410.00
2010-12-03T21:51:00.000Z,2010-12-07T21:22:00.000Z,SELL,0.01,1,1,10.00,1,13420.00
2010-12-07T21:22:00.000Z,2010-12-08T16:21:00.000Z,BUY,0.01,2,1,10.00,2,13430.00
2010-12-08T16:21:00.000Z,2010-12-08T17:53:00.000Z,BUY,0.01,1,1,10.00,1,13440.00
2010-12-08T17:53:00.000Z,2010-12-09T15:53:00.000Z,BUY,0.01,1,1,10.00,1,13450.00
2010-12-09T15:53:00.000Z,2010-12-14T06:46:00.000Z,BUY,0.01,3,1,10.00,3,13460.00
2010-12-14T06:46:00.000Z,2010-12-16T15:04:00.000Z,BUY,0.01,2,1,10.00,2,13470.00
2010-12-16T15:04:00.000Z,2010-12-20T02:00:00.000Z,BUY,0.01,1,1,10.00,1,13480.00
2010-12-20T02:00:00.000Z,2010-12-23T15:00:00.000Z,SELL,0.01,1,1,10.00,1,13490.00
2010-12-23T15:00:00.000Z,2010-12-24T04:00:00.000Z,BUY,0.01,1,1,10.00,1,13500.00
2010-12-24T04:00:00.000Z,2010-12-28T10:00:00.000Z,BUY,0.01,1,1,10.00,1,13510.00
2010-12-28T10:00:00.000Z,2011-01-03T14:00:00.000Z,SELL,0.01,2,1,10.00,2,13520.00
2011-01-03T14:00:00.000Z,2011-01-03T21:00:00.000Z,SELL,0.01,1,1,10.00,1,13530.00
2011-01-03T21:00:00.000Z,2011-01-04T14:00:00.000Z,SELL,0.01,1,1,10.00,1,13540.00
2011-01-04T14:00:00.000Z,2011-01-05T15:00:00.000Z,BUY,0.01,2,1,10.00,2,13550.00
2011-01-05T15:00:00.000Z,2011-01-11T12:00:00.000Z,BUY,0.01,3,1,10.00,3,13560.00
2011-01-11T12:00:00.000Z,2011-01-13T21:00:00.000Z,SELL,0.01,1,1,10.00,1,13570.00
2011-01-13T21:00:00.000Z,2011-01-21T10:55:00.000Z,BUY,0.01,2,1,10.00,2,13580.00
2011-01-21T10:55:00.000Z,2011-01-24T04:28:00.000Z,BUY,0.01,1,1,10.00,1,13590.00
2011-01-24T04:28:00.000Z,2011-01-25T11:43:00.000Z,BUY,0.01,2,1,10.00,2,13600.00
2011-01-25T11:43:00.000Z,2011-01-25T18:52:00.000Z,BUY,0.01,1,1,10.00,1,13610.00
2011-01-25T18:52:00.000Z,2011-01-26T22:07:00.000Z,BUY,0.01,1,1,10.00,1,13620.00
2011-01-26T22:07:00.000Z,2011-01-27T13:47:00.000Z,SELL,0.01,1,1,10.00,1,13630.00
2011-01-27T13:47:00.000Z,2011-01-27T17:20:00.000Z,SELL,0.01,1,1,10.00,1,13640.00
2011-01-27T17:20:00.000Z,2011-01-28T17:32:00.000Z,BUY,0.01,1,1,10.00,1,13650.00
2011-01-28T17:32:00.000Z,2011-01-28T17:54:00.000Z,BUY,0.01,1,1,10.00,1,13660.00
2011-01-28T17:54:00.000Z,2011-02-03T18:30:00.000Z,BUY,0.01,3,1,10.00,3,13670.00
2011-02-03T18:30:00.000Z,2011-02-17T17:23:00.000Z,SELL,0.01,2,1,10.00,2,13680.00
2011-02-17T17:23:00.000Z,2011-02-23T17:52:00.000Z,SELL,0.01,2,1,10.00,2,13690.00
2011-02-23T17:52:00.000Z,2011-02-24T20:28:00.000Z,SELL,0.01,1,1,10.00,1,13700.00
2011-02-24T20:28:00.000Z,2011-02-24T21:16:00.000Z,SELL,0.01,1,1,10.00,1,13710.00
2011-02-24T21:16:00.000Z,2011-03-01T15:54:00.000Z,SELL,0.01,2,1,10.00,2,13720.00
2011-03-01T15:54:00.000Z,2011-03-03T18:20:00.000Z,SELL,0.01,1,1,10.00,1,13730.00
2011-03-03T18:20:00.000Z,2011-03-04T15:34:00.000Z,BUY,0.01,1,1,10.00,1,13740.00
2011-03-04T15:34:00.000Z,2011-03-07T01:05:00.000Z,BUY,0.01,1,1,10.00,1,13750.00
2011-03-07T01:05:00.000Z,2011-03-08T15:58:00.000Z,SELL,0.01,1,1,10.00,1,13760.00
2011-03-08T15:58:00.000Z,2011-03-10T15:38:00.000Z,SELL,0.01,1,1,10.00,1,13770.00
2011-03-10T15:38:00.000Z,2011-03-11T19:41:00.000Z,BUY,0.01,1,1,10.00,1,13780.00
2011-03-11T19:41:00.000Z,2011-03-15T04:47:00.000Z,SELL,0.01,1,1,10.00,1,13790.00
2011-03-15T04:47:00.000Z,2011-03-15T12:42:00.000Z,SELL,0.01,1,1,10.00,1,13800.00
2011-03-15T12:42:00.000Z,2011-03-18T07:52:00.000Z,BUY,0.01,3,1,10.00,3,13810.00
2011-03-18T07:52:00.000Z,2011-03-24T15:42:00.000Z,SELL,0.01,2,1,10.00,2,13820.00
2011-03-24T15:42:00.000Z,2011-03-24T18:19:00.000Z,SELL,0.01,1,1,10.00,1,13830.00
2011-03-24T18:19:00.000Z,2011-03-25T17:43:00.000Z,SELL,0.01,1,1,10.00,1,13840.00
2011-03-25T17:43:00.000Z,2011-03-31T12:58:00.000Z,BUY,0.01,1,1,10.00,1,13850.00
2011-03-31T12:58:00.000Z,2011-04-01T14:42:00.000Z,SELL,0.01,1,1,10.00,1,13860.00
2011-04-01T14:42:00.000Z,2011-04-05T18:51:00.000Z,SELL,0.01,2,1,10.00,2,13870.00
2011-04-05T18:51:00.000Z,2011-04-15T16:49:00.000Z,SELL,0.01,4,1,10.00,4,13880.00
2011-04-15T16:49:00.000Z,2011-04-25T08:02:00.000Z,SELL,0.01,2,1,10.00,2,13890.00
2011-04-25T08:02:00.000Z,2011-04-26T08:15:00.000Z,SELL,0.01,1,1,10.00,1,13900.00
2011-04-26T08:15:00.000Z,2011-04-28T06:39:00.000Z,SELL,0.01,2,1,10.00,2,13910.00
2011-04-28T06:39:00.000Z,2011-04-29T20:18:00.000Z,SELL,0.01,2,1,10.00,2,13920.00
2011-04-29T20:18:00.000Z,2011-05-02T01:09:00.000Z,SELL,0.01,1,1,10.00,1,13930.00
2011-05-02T01:09:00.000Z,2011-05-02T04:58:00.000Z,SELL,0.01,1,1,10.00,1,13940.00
2011-05-02T04:58:00.000Z,2011-05-02T17:12:00.000Z,SELL,0.01,2,1,10.00,2,13950.00
2011-05-02T17:12:00.000Z,2011-05-02T18:27:00.000Z,SELL,0.01,1,1,10.00,1,13960.00
2011-05-02T18:27:00.000Z,2011-05-02T21:35:00.000Z,SELL,0.01,1,1,10.00,1,13970.00
2011-05-02T21:35:00.000Z,2011-05-03T01:05:00.000Z,SELL,0.01,1,1,10.00,1,13980.00
2011-05-03T01:05:00.000Z,2011-05-03T20:04:00.000Z,SELL,0.01,1,1,10.00,1,13990.00
2011-05-03T20:04:00.000Z,2011-05-04T14:24:00.000Z,BUY,0.01,1,1,10.00,1,14000.00
2011-05-04T14:24:00.000Z,2011-05-04T18:25:00.000Z,BUY,0.01,2,1,10.00,2,14010.00
2011-05-04T18:25:00.000Z,2011-05-05T06:52:00.000Z,BUY,0.01,1,1,10.00,1,14020.00
2011-05-05T06:52:00.000Z,2011-05-05T17:09:00.000Z,BUY,0.01,2,1,10.00,2,14030.00
2011-05-05T17:09:00.000Z,2011-05-09T06:29:00.000Z,BUY,0.01,3,1,10.00,3,14040.00
2011-05-09T06:29:00.000Z,2011-05-12T09:43:00.000Z,SELL,0.01,3,1,10.00,3,14050.00
2011-05-12T09:43:00.000Z,2011-05-12T20:01:00.000Z,BUY,0.01,1,1,10.00,1,14060.00
2011-05-12T20:01:00.000Z,2011-05-13T10:17:00.000Z,BUY,0.01,1,1,10.00,1,14070.00
2011-05-13T10:17:00.000Z,2011-05-13T18:30:00.000Z,SELL,0.01,1,1,10.00,1,14080.00
2011-05-13T18:30:00.000Z,2011-05-13T19:10:00.000Z,SELL,0.01,1,1,10.00,1,14090.00
2011-05-13T19:10:00.000Z,2011-05-17T15:52:00.000Z,SELL,0.01,1,1,10.00,1,14100.00
2011-05-17T15:52:00.000Z,2011-05-20T18:22:00.000Z,SELL,0.01,2,1,10.00,2,14110.00
2011-05-20T18:22:00.000Z,2011-06-01T17:41:00.000Z,SELL,0.01,2,1,10.00,2,14120.00
2011-06-01T17:41:00.000Z,2011-06-06T17:02:00.000Z,BUY,0.01,3,1,10.00,3,14130.00
2011-06-06T17:02:00.000Z,2011-06-07T17:55:00.000Z,SELL,0.01,1,1,10.00,1,14140.00
2011-06-07T17:55:00.000Z,2011-06-08T15:16:00.000Z,SELL,0.01,1,1,10.00,1,14150.00
2011-06-08T15:16:00.000Z,2011-06-08T16:22:00.000Z,BUY,0.01,1,1,10.00,1,14160.00
2011-06-08T16:22:00.000Z,2011-06-13T20:12:00.000Z,BUY,0.01,2,1,10.00,2,14170.00
2011-06-13T20:12:00.000Z,2011-06-14T08:41:00.000Z,BUY,0.01,1,1,10.00,1,14180.00
2011-06-14T08:41:00.000Z,2011-06-15T16:37:00.000Z,BUY,0.01,1,1,10.00,1,14190.00
2011-06-15T16:37:00.000Z,2011-06-17T18:21:00.000Z,BUY,0.01,1,1,10.00,1,14200.00
2011-06-17T18:21:00.000Z,2011-06-23T15:21:00.000Z,SELL,0.01,1,1,10.00,1,14210.00
2011-06-23T15:21:00.000Z,2011-06-24T20:04:00.000Z,BUY,0.01,2,1,10.00,2,14220.00
2011-06-24T20:04:00.000Z,2011-06-29T18:23:00.000Z,BUY,0.01,1,1,10.00,1,14230.00
2011-06-29T18:23:00.000Z,2011-06-30T17:14:00.000Z,SELL,0.01,1,1,10.00,1,14240.00
2011-06-30T17:14:00.000Z,2011-07-05T20:28:00.000Z,BUY,0.01,3,1,10.00,3,14250.00
2011-07-05T20:28:00.000Z,2011-07-08T15:41:00.000Z,SELL,0.01,2,1,10.00,2,14260.00
2011-07-08T15:41:00.000Z,2011-07-11T15:18:00.000Z,BUY,0.01,1,1,10.00,1,14270.00
2011-07-11T15:18:00.000Z,2011-07-11T17:53:00.000Z,SELL,0.01,1,1,10.00,1,14280.00
2011-07-11T17:53:00.000Z,2011-07-12T21:17:00.000Z,SELL,0.01,2,1,10.00,2,14290.00
2011-07-12T21:17:00.000Z,2011-07-18T08:06:00.000Z,SELL,0.01,3,1,10.00,3,14300.00
2011-07-18T08:06:00.000Z,2011-07-18T08:06:00.000Z,SELL,0.01,1,1,10.00,1,14310.00
2011-07-18T08:06:00.000Z,2011-07-18T08:06:00.000Z,SELL,0.01,1,1,10.00,1,14320.00
2011-07-18T08:06:00.000Z,2011-07-18T08:06:00.000Z,SELL,0.01,1,1,10.00,1,14330.00
2011-07-18T08:06:00.000Z,2011-07-18T08:06:00.000Z,SELL,0.01,1,1,10.00,1,14340.00
2011-07-18T08:06:00.000Z,2011-07-18T08:06:00.000Z,SELL,0.01,1,1,10.00,1,14350.00
2011-07-18T08:06:00.000Z,2011-07-18T08:06:00.000Z,SELL,0.01,1,1,10.00,1,14360.00
2011-07-18T08:06:00.000Z,2011-07-18T08:06:00.000Z,SELL,0.01,2,1,10.00,2,14370.00
2011-07-18T08:06:00.000Z,2011-07-18T08:06:00.000Z,SELL,0.01,2,1,10.00,2,14380.00
2011-07-18T08:06:00.000Z,2011-07-18T08:06:00.000Z,SELL,0.01,2,1,10.00,2,14390.00
2011-07-18T08:06:00.000Z,2011-07-25T01:41:00.000Z,SELL,0.01,2,1,10.00,2,14400.00
2011-07-25T01:41:00.000Z,2011-07-25T04:14:00.000Z,SELL,0.01,1,1,10.00,1,14410.00
2011-07-25T04:14:00.000Z,2011-08-02T15:43:00.000Z,SELL,0.01,4,1,10.00,4,14420.00
2011-08-02T15:43:00.000Z,2011-08-03T09:51:00.000Z,SELL,0.01,2,1,10.00,2,14430.00
2011-08-03T09:51:00.000Z,2011-08-03T20:34:00.000Z,SELL,0.01,1,1,10.00,1,14440.00
2011-08-03T20:34:00.000Z,2011-08-04T19:34:00.000Z,SELL,0.01,3,1,10.00,3,14450.00
2011-08-04T19:34:00.000Z,2011-08-08T01:05:00.000Z,SELL,0.01,4,1,10.00,4,14460.00
2011-08-08T01:05:00.000Z,2011-08-08T08:34:00.000Z,SELL,0.01,2,1,10.00,2,14470.00
2011-08-08T08:34:00.000Z,2011-08-08T15:27:00.000Z,SELL,0.01,1,1,10.00,1,14480.00
2011-08-08T15:27:00.000Z,2011-08-09T04:27:00.000Z,SELL,0.01,2,1,10.00,2,14490.00
2011-08-09T04:27:00.000Z,2011-08-09T06:53:00.000Z,SELL,0.01,2,1,10.00,2,14500.00
2011-08-09T06:53:00.000Z,2011-08-09T09:05:00.000Z,SELL,0.01,1,1,10.00,1,14510.00
2011-08-09T09:05:00.000Z,2011-08-09T10:12:00.000Z,SELL,0.01,1,1,10.00,1,14520.00
2011-08-09T10:12:00.000Z,2011-08-09T12:17:00.000Z,SELL,0.01,2,1,10.00,2,14530.00
2011-08-09T12:17:00.000Z,2011-08-09T14:23:00.000Z,SELL,0.01,1,1,10.00,1,14540.00
2011-08-09T14:23:00.000Z,2011-08-09T14:55:00.000Z,SELL,0.01,1,1,10.00,1,14550.00
2011-08-09T14:55:00.000Z,2011-08-09T16:32:00.000Z,SELL,0.01,1,1,10.00,1,14560.00
2011-08-09T16:32:00.000Z,2011-08-09T17:29:00.000Z,SELL,0.01,1,1,10.00,1,14570.00
2011-08-09T17:29:00.000Z,2011-08-09T21:19:00.000Z,SELL,0.01,2,1,10.00,2,14580.00
2011-08-09T21:19:00.000Z,2011-08-09T21:19:00.000Z,SELL,0.01,1,1,10.00,1,14590.00
2011-08-09T21:19:00.000Z,2011-08-09T22:46:00.000Z,SELL,0.01,3,1,10.00,3,14600.00
2011-08-09T22:46:00.000Z,2011-08-09T22:46:00.000Z,SELL,0.01,1,1,10.00,1,14610.00
2011-08-09T22:46:00.000Z,2011-08-10T02:27:00.000Z,SELL,0.01,2,1,10.00,2,14620.00
2011-08-10T02:27:00.000Z,2011-08-10T03:32:00.000Z,SELL,0.01,1,1,10.00,1,14630.00
2011-08-10T03:32:00.000Z,2011-08-10T17:22:00.000Z,SELL,0.01,2,1,10.00,2,14640.00
2011-08-10T17:22:00.000Z,2011-08-10T21:23:00.000Z,SELL,0.01,3,1,10.00,3,14650.00
2011-08-10T21:23:00.000Z,2011-08-11T01:05:00.000Z,SELL,0.01,2,1,10.00,2,14660.00
2011-08-11T01:05:00.000Z,2011-08-11T05:25:00.000Z,SELL,0.01,1,1,10.00,1,14670.00
2011-08-11T05:25:00.000Z,2011-08-11T09:56:00.000Z,SELL,0.01,1,1,10.00,1,14680.00
2011-08-11T09:56:00.000Z,2011-08-11T16:15:00.000Z,SELL,0.01,1,1,10.00,1,14690.00
2011-08-11T16:15:00.000Z,2011-08-11T16:37:00.000Z,SELL,0.01,1,1,10.00,1,14700.00
2011-08-11T16:37:00.000Z,2011-08-11T20:33:00.000Z,SELL,0.01,1,1,10.00,1,14710.00
2011-08-11T20:33:00.000Z,2011-08-11T23:04:00.000Z,BUY,0.01,1,1,10.00,1,14720.00
2011-08-11T23:04:00.000Z,2011-08-12T01:09:00.000Z,BUY,0.01,1,1,10.00,1,14730.00
2011-08-12T01:09:00.000Z,2011-08-12T16:40:00.000Z,BUY,0.01,2,1,10.00,2,14740.00
2011-08-12T16:40:00.000Z,2011-08-15T05:16:00.000Z,BUY,0.01,1,1,10.00,1,14750.00
2011-08-15T05:16:00.000Z,2011-08-15T20:38:00.000Z,BUY,0.01,1,1,10.00,1,14760.00
2011-08-15T20:38:00.000Z,2011-08-16T22:49:00.000Z,SELL,0.01,2,1,10.00,2,14770.00
2011-08-16T22:49:00.000Z,2011-08-18T15:43:00.000Z,SELL,0.01,2,1,10.00,2,14780.00
2011-08-18T15:43:00.000Z,2011-08-19T09:16:00.000Z,SELL,0.01,2,1,10.00,2,14790.00
2011-08-19T09:16:00.000Z,2011-08-19T13:45:00.000Z,SELL,0.01,2,1,10.00,2,14800.00
2011-08-19T13:45:00.000Z,2011-08-19T14:25:00.000Z,SELL,0.01,1,1,10.00,1,14810.00
2011-08-19T14:25:00.000Z,2011-08-19T14:28:00.000Z,SELL,0.01,1,1,10.00,1,14820.00
2011-08-19T14:28:00.000Z,2011-08-19T15:27:00.000Z,SELL,0.01,1,1,10.00,1,14830.00
2011-08-19T15:27:00.000Z,2011-08-22T03:14:00.000Z,SELL,0.01,2,1,10.00,2,14840.00
2011-08-22T03:14:00.000Z,2011-08-22T04:41:00.000Z,SELL,0.01,1,1,10.00,1,14850.00
2011-08-22T04:41:00.000Z,2011-08-22T22:50:00.000Z,SELL,0.01,4,1,10.00,4,14860.00
2011-08-22T22:50:00.000Z,2011-08-23T10:09:00.000Z,SELL,0.01,1,1,10.00,1,14870.00
2011-08-23T10:09:00.000Z,2011-08-23T10:21:00.000Z,SELL,0.01,1,1,10.00,1,14880.00
2011-08-23T10:21:00.000Z,2011-08-23T16:15:00.000Z,SELL,0.01,1,1,10.00,1,14890.00
2011-08-23T16:15:00.000Z,2011-08-23T16:44:00.000Z,BUY,0.01,1,1,10.00,1,14900.00
2011-08-23T16:44:00.000Z,2011-08-23T18:07:00.000Z,BUY,0.01,1,1,10.00,1,14910.00
2011-08-23T18:07:00.000Z,2011-08-23T19:22:00.000Z,BUY,0.01,2,1,10.00,2,14920.00
2011-08-23T19:22:00.000Z,2011-08-23T20:54:00.000Z,BUY,0.01,1,1,10.00,1,14930.00
2011-08-23T20:54:00.000Z,2011-08-23T21:35:00.000Z,BUY,0.01,2,1,10.00,2,14940.00
2011-08-23T21:35:00.000Z,2011-08-24T03:16:00.000Z,BUY,0.01,1,1,10.00,1,14950.00
2011-08-24T03:16:00.000Z,2011-08-24T16:49:00.000Z,BUY,0.01,2,1,10.00,2,14960.00
2011-08-24T16:49:00.000Z,2011-08-24T17:14:00.000Z,BUY,0.01,2,1,10.00,2,14970.00
2011-08-24T17:14:00.000Z,2011-08-24T20:22:00.000Z,BUY,0.01,4,1,10.00,4,14980.00
2011-08-24T20:22:00.000Z,2011-08-24T23:07:00.000Z,BUY,0.01,1,1,10.00,1,14990.00
2011-08-24T23:07:00.000Z,2011-08-25T07:55:00.000Z,BUY,0.01,4,1,10.00,4,15000.00
2011-08-25T07:55:00.000Z,2011-08-25T12:09:00.000Z,BUY,0.01,2,1,10.00,2,15010.00
2011-08-25T12:09:00.000Z,2011-08-25T12:28:00.000Z,BUY,0.01,1,1,10.00,1,15020.00
2011-08-25T12:28:00.000Z,2011-08-25T14:49:00.000Z,BUY,0.01,1,1,10.00,1,15030.00
2011-08-25T14:49:00.000Z,2011-08-25T15:43:00.000Z,BUY,0.01,1,1,10.00,1,15040.00
2011-08-25T15:43:00.000Z,2011-08-25T16:32:00.000Z,BUY,0.01,2,1,10.00,2,15050.00
2011-08-25T16:32:00.000Z,2011-08-25T16:40:00.000Z,BUY,0.01,1,1,10.00,1,15060.00
2011-08-25T16:40:00.000Z,2011-08-25T16:53:00.000Z,BUY,0.01,1,1,10.00,1,15070.00
2011-08-25T16:53:00.000Z,2011-08-25T17:28:00.000Z,BUY,0.01,1,1,10.00,1,15080.00
2011-08-25T17:28:00.000Z,2011-08-25T19:19:00.000Z,BUY,0.01,1,1,10.00,1,15090.00
2011-08-25T19:19:00.000Z,2011-08-25T19:42:00.000Z,BUY,0.01,1,1,10.00,1,15100.00
2011-08-25T19:42:00.000Z,2011-08-25T22:45:00.000Z,BUY,0.01,1,1,10.00,1,15110.00
2011-08-25T22:45:00.000Z,2011-08-26T07:12:00.000Z,BUY,0.01,1,1,10.00,1,15120.00
2011-08-26T07:12:00.000Z,2011-08-26T09:32:00.000Z,SELL,0.01,1,1,10.00,1,15130.00
2011-08-26T09:32:00.000Z,2011-08-26T17:17:00.000Z,SELL,0.01,5,0,-2420.00,5,12710.00
2011-08-26T17:17:00.000Z,2011-08-26T17:45:00.000Z,SELL,0.01,1,1,10.00,1,12720.00
2011-08-26T17:45:00.000Z,2011-08-26T21:15:00.000Z,SELL,0.01,2,1,10.00,2,12730.00
2011-08-26T21:15:00.000Z,2011-08-29T16:32:00.000Z,SELL,0.01,3,1,10.00,3,12740.00
2011-08-29T16:32:00.000Z,2011-08-29T16:36:00.000Z,SELL,0.01,1,1,10.00,1,12750.00
2011-08-29T16:36:00.000Z,2011-08-29T22:29:00.000Z,SELL,0.01,1,1,10.00,1,12760.00
2011-08-29T22:29:00.000Z,2011-08-29T23:17:00.000Z,BUY,0.01,1,1,10.00,1,12770.00
2011-08-29T23:17:00.000Z,2011-08-30T04:00:00.000Z,BUY,0.01,1,1,10.00,1,12780.00
2011-08-30T04:00:00.000Z,2011-08-30T14:52:00.000Z,BUY,0.01,1,1,10.00,1,12790.00
2011-08-30T14:52:00.000Z,2011-08-30T15:03:00.000Z,BUY,0.01,1,1,10.00,1,12800.00
2011-08-30T15:03:00.000Z,2011-09-02T10:22:00.000Z,SELL,0.01,5,0,-2420.00,5,10380.00
2011-09-02T10:22:00.000Z,2011-09-02T15:30:00.000Z,SELL,0.01,2,1,10.00,2,10390.00
2011-09-02T15:30:00.000Z,2011-09-05T12:09:00.000Z,SELL,0.01,2,1,10.00,2,10400.00
2011-09-05T12:09:00.000Z,2011-09-05T13:39:00.000Z,SELL,0.01,1,1,10.00,1,10410.00
2011-09-05T13:39:00.000Z,2011-09-06T08:44:00.000Z,SELL,0.01,2,1,10.00,2,10420.00
2011-09-06T08:44:00.000Z,2011-09-06T10:03:00.000Z,SELL,0.01,1,1,10.00,1,10430.00
2011-09-06T10:03:00.000Z,2011-09-06T10:58:00.000Z,SELL,0.01,1,1,10.00,1,10440.00
2011-09-06T10:58:00.000Z,2011-09-06T10:59:00.000Z,SELL,0.01,1,1,10.00,1,10450.00
2011-09-06T10:59:00.000Z,2011-09-06T11:03:00.000Z,SELL,0.01,1,1,10.00,1,10460.00
2011-09-06T11:03:00.000Z,2011-09-06T11:03:00.000Z,SELL,0.01,1,1,10.00,1,10470.00
2011-09-06T11:03:00.000Z,2011-09-06T11:24:00.000Z,SELL,0.01,2,1,10.00,2,10480.00
2011-09-06T11:24:00.000Z,2011-09-06T12:01:00.000Z,SELL,0.01,1,1,10.00,1,10490.00
2011-09-06T12:01:00.000Z,2011-09-06T18:19:00.000Z,SELL,0.01,3,1,10.00,3,10500.00
2011-09-06T18:19:00.000Z,2011-09-07T07:21:00.000Z,BUY,0.01,2,1,10.00,2,10510.00
2011-09-07T07:21:00.000Z,2011-09-07T07:21:00.000Z,BUY,0.01,1,1,10.00,1,10520.00
2011-09-07T07:21:00.000Z,2011-09-07T07:21:00.000Z,BUY,0.01,1,1,10.00,1,10530.00
2011-09-07T07:21:00.000Z,2011-09-07T07:21:00.000Z,BUY,0.01,2,1,10.00,2,10540.00
2011-09-07T07:21:00.000Z,2011-09-07T07:36:00.000Z,BUY,0.01,3,1,10.00,3,10550.00
2011-09-07T07:36:00.000Z,2011-09-07T16:07:00.000Z,BUY,0.01,2,1,10.00,2,10560.00
2011-09-07T16:07:00.000Z,2011-09-07T19:41:00.000Z,BUY,0.01,3,1,10.00,3,10570.00
2011-09-07T19:41:00.000Z,2011-09-08T04:03:00.000Z,BUY,0.01,1,1,10.00,1,10580.00
2011-09-08T04:03:00.000Z,2011-09-08T14:49:00.000Z,BUY,0.01,1,1,10.00,1,10590.00
2011-09-08T14:49:00.000Z,2011-09-09T10:09:00.000Z,SELL,0.01,2,1,10.00,2,10600.00
2011-09-09T10:09:00.000Z,2011-09-09T13:06:00.000Z,SELL,0.01,1,1,10.00,1,10610.00
2011-09-09T13:06:00.000Z,2011-09-09T13:07:00.000Z,SELL,0.01,1,1,10.00,1,10620.00
2011-09-09T13:07:00.000Z,2011-09-09T13:07:00.000Z,SELL,0.01,1,1,10.00,1,10630.00
2011-09-09T13:07:00.000Z,2011-09-09T13:26:00.000Z,SELL,0.01,1,1,10.00,1,10640.00
2011-09-09T13:26:00.000Z,2011-09-09T13:33:00.000Z,SELL,0.01,1,1,10.00,1,10650.00
2011-09-09T13:33:00.000Z,2011-09-09T16:35:00.000Z,SELL,0.01,2,1,10.00,2,10660.00
2011-09-09T16:35:00.000Z,2011-09-09T19:14:00.000Z,BUY,0.01,1,1,10.00,1,10670.00
2011-09-09T19:14:00.000Z,2011-09-12T09:45:00.000Z,BUY,0.01,2,1,10.00,2,10680.00
2011-09-12T09:45:00.000Z,2011-09-12T11:18:00.000Z,BUY,0.01,1,1,10.00,1,10690.00
2011-09-12T11:18:00.000Z,2011-09-12T19:25:00.000Z,BUY,0.01,2,1,10.00,2,10700.00
2011-09-12T19:25:00.000Z,2011-09-13T04:01:00.000Z,BUY,0.01,1,1,10.00,1,10710.00
2011-09-13T04:01:00.000Z,2011-09-13T11:09:00.000Z,BUY,0.01,2,1,10.00,2,10720.00
2011-09-13T11:09:00.000Z,2011-09-13T11:09:00.000Z,BUY,0.01,1,1,10.00,1,10730.00
2011-09-13T11:09:00.000Z,2011-09-13T11:49:00.000Z,BUY,0.01,1,1,10.00,1,10740.00
2011-09-13T11:49:00.000Z,2011-09-13T15:22:00.000Z,BUY,0.01,1,1,10.00,1,10750.00
2011-09-13T15:22:00.000Z,2011-09-13T20:42:00.000Z,BUY,0.01,1,1,10.00,1,10760.00
2011-09-13T20:42:00.000Z,2011-09-15T04:42:00.000Z,BUY,0.01,2,1,10.00,2,10770.00
2011-09-15T04:42:00.000Z,2011-09-15T05:57:00.000Z,BUY,0.01,1,1,10.00,1,10780.00
2011-09-15T05:57:00.000Z,2011-09-15T15:38:00.000Z,BUY,0.01,2,1,10.00,2,10790.00
2011-09-15T15:38:00.000Z,2011-09-15T16:20:00.000Z,BUY,0.01,1,1,10.00,1,10800.00
2011-09-15T16:20:00.000Z,2011-09-16T05:49:00.000Z,BUY,0.01,2,1,10.00,2,10810.00
2011-09-16T05:49:00.000Z,2011-09-16T10:55:00.000Z,BUY,0.01,1,1,10.00,1,10820.00
2011-09-16T10:55:00.000Z,2011-09-16T13:47:00.000Z,BUY,0.01,1,1,10.00,1,10830.00
2011-09-16T13:47:00.000Z,2011-09-16T18:04:00.000Z,BUY,0.01,1,1,10.00,1,10840.00
2011-09-16T18:04:00.000Z,2011-09-19T16:57:00.000Z,SELL,0.01,3,1,10.00,3,10850.00
2011-09-19T16:57:00.000Z,2011-09-19T17:21:00.000Z,SELL,0.01,1,1,10.00,1,10860.00
2011-09-19T17:21:00.000Z,2011-09-20T17:22:00.000Z,SELL,0.01,2,1,10.00,2,10870.00
2011-09-20T17:22:00.000Z,2011-09-22T04:02:00.000Z,BUY,0.01,4,1,10.00,4,10880.00
2011-09-22T04:02:00.000Z,2011-09-22T14:06:00.000Z,BUY,0.01,2,1,10.00,2,10890.00
2011-09-22T14:06:00.000Z,2011-09-23T08:33:00.000Z,BUY,0.01,5,0,-2420.00,5,8470.00
2011-09-23T08:33:00.000Z,2011-09-23T09:46:00.000Z,BUY,0.01,1,1,10.00,1,8480.00
2011-09-23T09:46:00.000Z,2011-09-23T13:42:00.000Z,BUY,0.01,2,1,10.00,2,8490.00
2011-09-23T13:42:00.000Z,2011-09-23T17:34:00.000Z,BUY,0.01,2,1,10.00,2,8500.00
2011-09-23T17:34:00.000Z,2011-09-23T19:55:00.000Z,BUY,0.01,2,1,10.00,2,8510.00
2011-09-23T19:55:00.000Z,2011-09-26T03:15:00.000Z,BUY,0.01,3,1,10.00,3,8520.00
2011-09-26T03:15:00.000Z,2011-09-26T07:13:00.000Z,BUY,0.01,2,1,10.00,2,8530.00
2011-09-26T07:13:00.000Z,2011-09-26T08:30:00.000Z,BUY,0.01,2,1,10.00,2,8540.00
2011-09-26T08:30:00.000Z,2011-09-26T09:00:00.000Z,BUY,0.01,2,1,10.00,2,8550.00
2011-09-26T09:00:00.000Z,2011-09-26T09:05:00.000Z,BUY,0.01,1,1,10.00,1,8560.00
2011-09-26T09:05:00.000Z,2011-09-26T09:41:00.000Z,BUY,0.01,2,1,10.00,2,8570.00
2011-09-26T09:41:00.000Z,2011-09-26T10:03:00.000Z,BUY,0.01,1,1,10.00,1,8580.00
2011-09-26T10:03:00.000Z,2011-09-26T10:23:00.000Z,BUY,0.01,1,1,10.00,1,8590.00
2011-09-26T10:23:00.000Z,2011-09-26T10:29:00.000Z,BUY,0.01,1,1,10.00,1,8600.00
2011-09-26T10:29:00.000Z,2011-09-26T10:36:00.000Z,BUY,0.01,1,1,10.00,1,8610.00
2011-09-26T10:36:00.000Z,2011-09-26T11:11:00.000Z,BUY,0.01,1,1,10.00,1,8620.00
2011-09-26T11:11:00.000Z,2011-09-26T11:14:00.000Z,BUY,0.01,1,1,10.00,1,8630.00
2011-09-26T11:14:00.000Z,2011-09-26T11:20:00.000Z,BUY,0.01,1,1,10.00,1,8640.00
2011-09-26T11:20:00.000Z,2011-09-26T14:25:00.000Z,BUY,0.01,3,1,10.00,3,8650.00
2011-09-26T14:25:00.000Z,2011-09-26T17:04:00.000Z,BUY,0.01,2,1,10.00,2,8660.00
2011-09-26T17:04:00.000Z,2011-09-26T18:22:00.000Z,BUY,0.01,1,1,10.00,1,8670.00
2011-09-26T18:22:00.000Z,2011-09-26T22:38:00.000Z,BUY,0.01,3,1,10.00,3,8680.00
2011-09-26T22:38:00.000Z,2011-09-27T04:03:00.000Z,BUY,0.01,1,1,10.00,1,8690.00
2011-09-27T04:03:00.000Z,2011-09-27T05:41:00.000Z,BUY,0.01,1,1,10.00,1,8700.00
2011-09-27T05:41:00.000Z,2011-09-27T08:59:00.000Z,BUY,0.01,1,1,10.00,1,8710.00
2011-09-27T08:59:00.000Z,2011-09-28T02:58:00.000Z,SELL,0.01,3,1,10.00,3,8720.00
2011-09-28T02:58:00.000Z,2011-09-28T04:39:00.000Z,SELL,0.01,1,1,10.00,1,8730.00
2011-09-28T04:39:00.000Z,2011-09-28T10:14:00.000Z,SELL,0.01,2,1,10.00,2,8740.00
2011-09-28T10:14:00.000Z,2011-09-28T19:13:00.000Z,BUY,0.01,2,1,10.00,2,8750.00
2011-09-28T19:13:00.000Z,2011-09-28T21:05:00.000Z,BUY,0.01,2,1,10.00,2,8760.00
2011-09-28T21:05:00.000Z,2011-09-28T22:06:00.000Z,BUY,0.01,1,1,10.00,1,8770.00
2011-09-28T22:06:00.000Z,2011-09-29T08:56:00.000Z,BUY,0.01,3,1,10.00,3,8780.00
2011-09-29T08:56:00.000Z,2011-09-29T10:06:00.000Z,BUY,0.01,1,1,10.00,1,8790.00
2011-09-29T10:06:00.000Z,2011-09-29T14:28:00.000Z,BUY,0.01,2,1,10.00,2,8800.00
2011-09-29T14:28:00.000Z,2011-09-29T14:46:00.000Z,BUY,0.01,1,1,10.00,1,8810.00
2011-09-29T14:46:00.000Z,2011-09-29T16:10:00.000Z,BUY,0.01,1,1,10.00,1,8820.00
2011-09-29T16:10:00.000Z,2011-09-30T04:47:00.000Z,BUY,0.01,1,1,10.00,1,8830.00
2011-09-30T04:47:00.000Z,2011-10-03T09:39:00.000Z,BUY,0.01,3,1,10.00,3,8840.00
2011-10-03T09:39:00.000Z,2011-10-04T09:09:00.000Z,SELL,0.01,4,1,10.00,4,8850.00
2011-10-04T09:09:00.000Z,2011-10-04T10:54:00.000Z,SELL,0.01,1,1,10.00,1,8860.00
2011-10-04T10:54:00.000Z,2011-10-04T14:39:00.000Z,SELL,0.01,1,1,10.00,1,8870.00
2011-10-04T14:39:00.000Z,2011-10-04T14:49:00.000Z,SELL,0.01,1,1,10.00,1,8880.00
2011-10-04T14:49:00.000Z,2011-10-04T18:02:00.000Z,SELL,0.01,1,1,10.00,1,8890.00
2011-10-04T18:02:00.000Z,2011-10-04T21:42:00.000Z,BUY,0.01,2,1,10.00,2,8900.00
2011-10-04T21:42:00.000Z,2011-10-04T22:48:00.000Z,BUY,0.01,1,1,10.00,1,8910.00
2011-10-04T22:48:00.000Z,2011-10-05T01:05:00.000Z,BUY,0.01,1,1,10.00,1,8920.00
2011-10-05T01:05:00.000Z,2011-10-05T03:17:00.000Z,BUY,0.01,1,1,10.00,1,8930.00
2011-10-05T03:17:00.000Z,2011-10-05T11:54:00.000Z,BUY,0.01,2,1,10.00,2,8940.00
2011-10-05T11:54:00.000Z,2011-10-05T14:10:00.000Z,BUY,0.01,1,1,10.00,1,8950.00
2011-10-05T14:10:00.000Z,2011-10-05T15:26:00.000Z,BUY,0.01,1,1,10.00,1,8960.00
2011-10-05T15:26:00.000Z,2011-10-05T19:42:00.000Z,BUY,0.01,1,1,10.00,1,8970.00
2011-10-05T19:42:00.000Z,2011-10-05T20:05:00.000Z,BUY,0.01,1,1,10.00,1,8980.00
2011-10-05T20:05:00.000Z,2011-10-06T14:00:00.000Z,BUY,0.01,1,1,10.00,1,8990.00
2011-10-06T14:00:00.000Z,2011-10-06T14:50:00.000Z,SELL,0.01,1,1,10.00,1,9000.00
2011-10-06T14:50:00.000Z,2011-10-06T16:50:00.000Z,SELL,0.01,1,1,10.00,1,9010.00
2011-10-06T16:50:00.000Z,2011-10-07T06:24:00.000Z,SELL,0.01,2,1,10.00,2,9020.00
2011-10-07T06:24:00.000Z,2011-10-07T11:49:00.000Z,SELL,0.01,1,1,10.00,1,9030.00
2011-10-07T11:49:00.000Z,2011-10-07T19:17:00.000Z,SELL,0.01,1,1,10.00,1,9040.00
2011-10-07T19:17:00.000Z,2011-10-07T19:56:00.000Z,SELL,0.01,1,1,10.00,1,9050.00
2011-10-07T19:56:00.000Z,2011-10-10T12:32:00.000Z,SELL,0.01,2,1,10.00,2,9060.00
2011-10-10T12:32:00.000Z,2011-10-13T16:55:00.000Z,SELL,0.01,5,1,10.00,5,9070.00
2011-10-13T16:55:00.000Z,2011-10-13T19:04:00.000Z,BUY,0.01,1,1,10.00,1,9080.00
2011-10-13T19:04:00.000Z,2011-10-14T10:01:00.000Z,BUY,0.01,1,1,10.00,1,9090.00
2011-10-14T10:01:00.000Z,2011-10-17T07:35:00.000Z,BUY,0.01,1,1,10.00,1,9100.00
2011-10-17T07:35:00.000Z,2011-10-17T19:05:00.000Z,SELL,0.01,1,1,10.00,1,9110.00
2011-10-17T19:05:00.000Z,2011-10-18T09:58:00.000Z,SELL,0.01,1,1,10.00,1,9120.00
2011-10-18T09:58:00.000Z,2011-10-18T16:49:00.000Z,BUY,0.01,2,1,10.00,2,9130.00
2011-10-18T16:49:00.000Z,2011-10-18T18:38:00.000Z,BUY,0.01,1,1,10.00,1,9140.00
2011-10-18T18:38:00.000Z,2011-10-18T19:39:00.000Z,BUY,0.01,1,1,10.00,1,9150.00
2011-10-18T19:39:00.000Z,2011-10-18T22:14:00.000Z,BUY,0.01,1,1,10.00,1,9160.00
2011-10-18T22:14:00.000Z,2011-10-20T03:40:00.000Z,BUY,0.01,2,1,10.00,2,9170.00
2011-10-20T03:40:00.000Z,2011-10-20T19:50:00.000Z,BUY,0.01,2,1,10.00,2,9180.00
2011-10-20T19:50:00.000Z,2011-10-20T20:17:00.000Z,BUY,0.01,1,1,10.00,1,9190.00
2011-10-20T20:17:00.000Z,2011-10-21T04:21:00.000Z,BUY,0.01,1,1,10.00,1,9200.00
2011-10-21T04:21:00.000Z,2011-10-21T14:30:00.000Z,BUY,0.01,1,1,10.00,1,9210.00
2011-10-21T14:30:00.000Z,2011-10-25T17:10:00.000Z,SELL,0.01,2,1,10.00,2,9220.00
2011-10-25T17:10:00.000Z,2011-10-25T18:52:00.000Z,SELL,0.01,2,1,10.00,2,9230.00
2011-10-25T18:52:00.000Z,2011-10-26T19:46:00.000Z,SELL,0.01,2,1,10.00,2,9240.00
2011-10-26T19:46:00.000Z,2011-10-27T10:33:00.000Z,SELL,0.01,1,1,10.00,1,9250.00
2011-10-27T10:33:00.000Z,2011-10-27T19:18:00.000Z,SELL,0.01,2,1,10.00,2,9260.00
2011-10-27T19:18:00.000Z,2011-10-28T12:30:00.000Z,SELL,0.01,1,1,10.00,1,9270.00
2011-10-28T12:30:00.000Z,2011-10-31T04:10:00.000Z,SELL,0.01,1,1,10.00,1,9280.00
2011-10-31T04:10:00.000Z,2011-11-01T14:00:00.000Z,BUY,0.01,4,1,10.00,4,9290.00
2011-11-01T14:00:00.000Z,2011-11-01T16:25:00.000Z,BUY,0.01,1,1,10.00,1,9300.00
2011-11-01T16:25:00.000Z,2011-11-01T19:35:00.000Z,BUY,0.01,1,1,10.00,1,9310.00
2011-11-01T19:35:00.000Z,2011-11-02T03:12:00.000Z,BUY,0.01,1,1,10.00,1,9320.00
2011-11-02T03:12:00.000Z,2011-11-03T13:57:00.000Z,SELL,0.01,2,1,10.00,2,9330.00
2011-11-03T13:57:00.000Z,2011-11-07T19:48:00.000Z,SELL,0.01,2,1,10.00,2,9340.00
2011-11-07T19:48:00.000Z,2011-11-09T21:24:00.000Z,SELL,0.01,1,1,10.00,1,9350.00
2011-11-09T21:24:00.000Z,2011-11-10T17:22:00.000Z,BUY,0.01,4,1,10.00,4,9360.00
2011-11-10T17:22:00.000Z,2011-11-10T18:44:00.000Z,BUY,0.01,1,1,10.00,1,9370.00
2011-11-10T18:44:00.000Z,2011-11-11T04:27:00.000Z,BUY,0.01,1,1,10.00,1,9380.00
2011-11-11T04:27:00.000Z,2011-11-11T17:03:00.000Z,BUY,0.01,1,1,10.00,1,9390.00
2011-11-11T17:03:00.000Z,2011-11-15T10:54:00.000Z,SELL,0.01,3,1,10.00,3,9400.00
2011-11-15T10:54:00.000Z,2011-11-15T16:07:00.000Z,BUY,0.01,1,1,10.00,1,9410.00
2011-11-15T16:07:00.000Z,2011-11-15T16:43:00.000Z,BUY,0.01,1,1,10.00,1,9420.00
2011-11-15T16:43:00.000Z,2011-11-16T16:37:00.000Z,BUY,0.01,2,1,10.00,2,9430.00
2011-11-16T16:37:00.000Z,2011-11-16T17:52:00.000Z,BUY,0.01,1,1,10.00,1,9440.00
2011-11-16T17:52:00.000Z,2011-11-16T20:45:00.000Z,BUY,0.01,1,1,10.00,1,9450.00
2011-11-16T20:45:00.000Z,2011-11-17T14:01:00.000Z,BUY,0.01,2,1,10.00,2,9460.00
2011-11-17T14:01:00.000Z,2011-11-17T19:37:00.000Z,BUY,0.01,2,1,10.00,2,9470.00
2011-11-17T19:37:00.000Z,2011-11-18T09:30:00.000Z,BUY,0.01,1,1,10.00,1,9480.00
2011-11-18T09:30:00.000Z,2011-11-18T14:31:00.000Z,BUY,0.01,1,1,10.00,1,9490.00
2011-11-18T14:31:00.000Z,2011-11-21T12:01:00.000Z,BUY,0.01,2,1,10.00,2,9500.00
2011-11-21T12:01:00.000Z,2011-11-21T19:26:00.000Z,BUY,0.01,2,1,10.00,2,9510.00
2011-11-21T19:26:00.000Z,2011-11-22T04:37:00.000Z,BUY,0.01,1,1,10.00,1,9520.00
2011-11-22T04:37:00.000Z,2011-11-22T12:37:00.000Z,BUY,0.01,1,1,10.00,1,9530.00
2011-11-22T12:37:00.000Z,2011-11-23T03:29:00.000Z,BUY,0.01,1,1,10.00,1,9540.00
2011-11-23T03:29:00.000Z,2011-11-23T10:36:00.000Z,SELL,0.01,1,1,10.00,1,9550.00
2011-11-23T10:36:00.000Z,2011-11-23T12:15:00.000Z,SELL,0.01,1,1,10.00,1,9560.00
2011-11-23T12:15:00.000Z,2011-11-25T10:57:00.000Z,SELL,0.01,1,1,10.00,1,9570.00
2011-11-25T10:57:00.000Z,2011-11-25T16:36:00.000Z,BUY,0.01,1,1,10.00,1,9580.00
2011-11-25T16:36:00.000Z,2011-11-25T17:40:00.000Z,BUY,0.01,1,1,10.00,1,9590.00
2011-11-25T17:40:00.000Z,2011-11-28T03:14:00.000Z,BUY,0.01,1,1,10.00,1,9600.00
2011-11-28T03:14:00.000Z,2011-11-30T15:05:00.000Z,SELL,0.01,2,1,10.00,2,9610.00
2011-11-30T15:05:00.000Z,2011-11-30T16:07:00.000Z,BUY,0.01,1,1,10.00,1,9620.00
2011-11-30T16:07:00.000Z,2011-12-01T18:43:00.000Z,SELL,0.01,1,1,10.00,1,9630.00
2011-12-01T18:43:00.000Z,2011-12-05T20:45:00.000Z,SELL,0.01,3,1,10.00,3,9640.00
2011-12-05T20:45:00.000Z,2011-12-07T15:41:00.000Z,BUY,0.01,3,1,10.00,3,9650.00
2011-12-07T15:41:00.000Z,2011-12-07T17:55:00.000Z,SELL,0.01,1,1,10.00,1,9660.00
2011-12-07T17:55:00.000Z,2011-12-08T16:19:00.000Z,SELL,0.01,3,1,10.00,3,9670.00
2011-12-08T16:19:00.000Z,2011-12-08T18:11:00.000Z,SELL,0.01,1,1,10.00,1,9680.00
2011-12-08T18:11:00.000Z,2011-12-09T13:00:00.000Z,BUY,0.01,1,1,10.00,1,9690.00
2011-12-09T13:00:00.000Z,2011-12-12T05:30:00.000Z,BUY,0.01,2,1,10.00,2,9700.00
2011-12-12T05:30:00.000Z,2011-12-12T05:46:00.000Z,BUY,0.01,1,1,10.00,1,9710.00
2011-12-12T05:46:00.000Z,2011-12-12T16:06:00.000Z,BUY,0.01,2,1,10.00,2,9720.00
2011-12-12T16:06:00.000Z,2011-12-13T16:51:00.000Z,BUY,0.01,1,1,10.00,1,9730.00
2011-12-13T16:51:00.000Z,2011-12-13T21:37:00.000Z,BUY,0.01,2,1,10.00,2,9740.00
2011-12-13T21:37:00.000Z,2011-12-14T16:09:00.000Z,BUY,0.01,2,1,10.00,2,9750.00
2011-12-14T16:09:00.000Z,2011-12-14T17:57:00.000Z,BUY,0.01,2,1,10.00,2,9760.00
2011-12-14T17:57:00.000Z,2011-12-15T17:40:00.000Z,BUY,0.01,5,0,-2420.00,5,7340.00
2011-12-15T17:40:00.000Z,2011-12-15T18:31:00.000Z,BUY,0.01,1,1,10.00,1,7350.00
2011-12-15T18:31:00.000Z,2011-12-16T06:11:00.000Z,BUY,0.01,1,1,10.00,1,7360.00
2011-12-16T06:11:00.000Z,2011-12-16T14:32:00.000Z,BUY,0.01,1,1,10.00,1,7370.00
2011-12-16T14:32:00.000Z,2011-12-16T16:05:00.000Z,SELL,0.01,1,1,10.00,1,7380.00
2011-12-16T16:05:00.000Z,2011-12-20T18:17:00.000Z,SELL,0.01,4,1,10.00,4,7390.00
2011-12-20T18:17:00.000Z,2011-12-21T15:23:00.000Z,SELL,0.01,3,1,10.00,3,7400.00
2011-12-21T15:23:00.000Z,2011-12-27T02:44:00.000Z,SELL,0.01,1,1,10.00,1,7410.00
2011-12-27T02:44:00.000Z,2011-12-28T18:22:00.000Z,BUY,0.01,2,1,10.00,2,7420.00
2011-12-28T18:22:00.000Z,2011-12-29T12:31:00.000Z,BUY,0.01,2,1,10.00,2,7430.00
2011-12-29T12:31:00.000Z,2011-12-29T21:03:00.000Z,BUY,0.01,1,1,10.00,1,7440.00
2011-12-29T21:03:00.000Z,2011-12-30T03:11:00.000Z,BUY,0.01,1,1,10.00,1,7450.00
2011-12-30T03:11:00.000Z,2011-12-30T12:30:00.000Z,BUY,0.01,1,1,10.00,1,7460.00
2011-12-30T12:30:00.000Z,2012-01-03T16:58:00.000Z,SELL,0.01,2,1,10.00,2,7470.00
2012-01-03T16:58:00.000Z,2012-01-06T16:11:00.000Z,SELL,0.01,4,1,10.00,4,7480.00
2012-01-06T16:11:00.000Z,2012-01-06T16:52:00.000Z,SELL,0.01,1,1,10.00,1,7490.00
2012-01-06T16:52:00.000Z,2012-01-09T03:59:00.000Z,SELL,0.01,1,1,10.00,1,7500.00
2012-01-09T03:59:00.000Z,2012-01-09T09:36:00.000Z,BUY,0.01,1,1,10.00,1,7510.00
2012-01-09T09:36:00.000Z,2012-01-10T12:52:00.000Z,BUY,0.01,1,1,10.00,1,7520.00
2012-01-10T12:52:00.000Z,2012-01-12T16:10:00.000Z,SELL,0.01,2,1,10.00,2,7530.00
2012-01-12T16:10:00.000Z,2012-01-12T20:20:00.000Z,SELL,0.01,1,1,10.00,1,7540.00
2012-01-12T20:20:00.000Z,2012-01-13T05:21:00.000Z,SELL,0.01,1,1,10.00,1,7550.00
2012-01-13T05:21:00.000Z,2012-01-13T08:46:00.000Z,BUY,0.01,1,1,10.00,1,7560.00
2012-01-13T08:46:00.000Z,2012-01-17T06:31:00.000Z,BUY,0.01,3,1,10.00,3,7570.00
2012-01-17T06:31:00.000Z,2012-01-18T03:13:00.000Z,SELL,0.01,1,1,10.00,1,7580.00
2012-01-18T03:13:00.000Z,2012-01-18T09:10:00.000Z,BUY,0.01,1,1,10.00,1,7590.00
2012-01-18T09:10:00.000Z,2012-01-19T10:58:00.000Z,BUY,0.01,1,1,10.00,1,7600.00
2012-01-19T10:58:00.000Z,2012-01-19T15:48:00.000Z,SELL,0.01,1,1,10.00,1,7610.00
2012-01-19T15:48:00.000Z,2012-01-20T11:00:00.000Z,SELL,0.01,1,1,10.00,1,7620.00
2012-01-20T11:00:00.000Z,2012-01-20T17:16:00.000Z,BUY,0.01,1,1,10.00,1,7630.00
2012-01-20T17:16:00.000Z,2012-01-23T03:59:00.000Z,BUY,0.01,1,1,10.00,1,7640.00
2012-01-23T03:59:00.000Z,2012-01-25T12:00:00.000Z,SELL,0.01,1,1,10.00,1,7650.00
2012-01-25T12:00:00.000Z,2012-01-25T19:33:00.000Z,BUY,0.01,1,1,10.00,1,7660.00
2012-01-25T19:33:00.000Z,2012-01-25T19:49:00.000Z,BUY,0.01,1,1,10.00,1,7670.00
2012-01-25T19:49:00.000Z,2012-01-25T19:55:00.000Z,BUY,0.01,1,1,10.00,1,7680.00
2012-01-25T19:55:00.000Z,2012-01-25T20:17:00.000Z,BUY,0.01,1,1,10.00,1,7690.00
2012-01-25T20:17:00.000Z,2012-01-26T15:59:00.000Z,SELL,0.01,2,1,10.00,2,7700.00
2012-01-26T15:59:00.000Z,2012-01-26T19:20:00.000Z,SELL,0.01,1,1,10.00,1,7710.00
2012-01-26T19:20:00.000Z,2012-02-01T14:22:00.000Z,SELL,0.01,4,1,10.00,4,7720.00
2012-02-01T14:22:00.000Z,2012-02-03T16:57:00.000Z,SELL,0.01,1,1,10.00,1,7730.00
2012-02-03T16:57:00.000Z,2012-02-03T21:47:00.000Z,SELL,0.01,1,1,10.00,1,7740.00
2012-02-03T21:47:00.000Z,2012-02-07T18:10:00.000Z,BUY,0.01,1,1,10.00,1,7750.00
2012-02-07T18:10:00.000Z,2012-02-08T18:42:00.000Z,SELL,0.01,1,1,10.00,1,7760.00
2012-02-08T18:42:00.000Z,2012-02-10T10:04:00.000Z,SELL,0.01,3,1,10.00,3,7770.00
2012-02-10T10:04:00.000Z,2012-02-13T01:10:00.000Z,BUY,0.01,1,1,10.00,1,7780.00
2012-02-13T01:10:00.000Z,2012-02-21T07:50:00.000Z,BUY,0.01,3,1,10.00,3,7790.00
2012-02-21T07:50:00.000Z,2012-02-22T20:14:00.000Z,SELL,0.01,2,1,10.00,2,7800.00
2012-02-22T20:14:00.000Z,2012-02-29T17:47:00.000Z,SELL,0.01,3,1,10.00,3,7810.00
2012-02-29T17:47:00.000Z,2012-02-29T17:47:00.000Z,SELL,0.01,1,1,10.00,1,7820.00
2012-02-29T17:47:00.000Z,2012-02-29T17:48:00.000Z,SELL,0.01,1,1,10.00,1,7830.00
2012-02-29T17:48:00.000Z,2012-02-29T17:49:00.000Z,SELL,0.01,1,1,10.00,1,7840.00
2012-02-29T17:49:00.000Z,2012-02-29T18:23:00.000Z,SELL,0.01,1,1,10.00,1,7850.00
2012-02-29T18:23:00.000Z,2012-02-29T18:55:00.000Z,BUY,0.01,1,1,10.00,1,7860.00
2012-02-29T18:55:00.000Z,2012-02-29T22:33:00.000Z,BUY,0.01,2,1,10.00,2,7870.00
2012-02-29T22:33:00.000Z,2012-03-02T01:05:00.000Z,BUY,0.01,1,1,10.00,1,7880.00
2012-03-02T01:05:00.000Z,2012-03-02T01:09:00.000Z,BUY,0.01,1,1,10.00,1,7890.00
2012-03-02T01:09:00.000Z,2012-03-06T12:00:00.000Z,BUY,0.01,2,1,10.00,2,7900.00
2012-03-06T12:00:00.000Z,2012-03-08T11:00:00.000Z,BUY,0.01,3,1,10.00,3,7910.00
2012-03-08T11:00:00.000Z,2012-03-09T15:00:00.000Z,SELL,0.01,1,1,10.00,1,7920.00
2012-03-09T15:00:00.000Z,2012-03-09T16:00:00.000Z,SELL,0.01,1,1,10.00,1,7930.00
2012-03-09T16:00:00.000Z,2012-03-09T17:00:00.000Z,BUY,0.01,1,1,10.00,1,7940.00
2012-03-09T17:00:00.000Z,2012-03-09T17:00:00.000Z,BUY,0.01,1,1,10.00,1,7950.00
2012-03-09T17:00:00.000Z,2012-03-09T17:00:00.000Z,BUY,0.01,1,1,10.00,1,7960.00
2012-03-09T17:00:00.000Z,2012-03-13T20:00:00.000Z,BUY,0.01,4,1,10.00,4,7970.00
2012-03-13T20:00:00.000Z,2012-03-13T20:00:00.000Z,BUY,0.01,1,1,10.00,1,7980.00
2012-03-13T20:00:00.000Z,2012-03-14T11:00:00.000Z,BUY,0.01,2,1,10.00,2,7990.00
2012-03-14T11:00:00.000Z,2012-03-19T17:00:00.000Z,BUY,0.01,3,1,10.00,3,8000.00
2012-03-19T17:00:00.000Z,2012-03-20T04:00:00.000Z,SELL,0.01,1,1,10.00,1,8010.00
2012-03-20T04:00:00.000Z,2012-03-20T10:00:00.000Z,SELL,0.01,1,1,10.00,1,8020.00
2012-03-20T10:00:00.000Z,2012-03-21T10:00:00.000Z,BUY,0.01,1,1,10.00,1,8030.00
2012-03-21T10:00:00.000Z,2012-03-22T15:00:00.000Z,BUY,0.01,2,1,10.00,2,8040.00
2012-03-22T15:00:00.000Z,2012-03-22T16:00:00.000Z,BUY,0.01,1,1,10.00,1,8050.00
2012-03-22T16:00:00.000Z,2012-03-23T10:00:00.000Z,BUY,0.01,1,1,10.00,1,8060.00
2012-03-23T10:00:00.000Z,2012-03-26T15:17:00.000Z,SELL,0.01,2,1,10.00,2,8070.00
2012-03-26T15:17:00.000Z,2012-03-28T19:11:00.000Z,SELL,0.01,1,1,10.00,1,8080.00
2012-03-28T19:11:00.000Z,2012-04-02T17:13:00.000Z,BUY,0.01,3,1,10.00,3,8090.00
2012-04-02T17:13:00.000Z,2012-04-03T17:20:00.000Z,SELL,0.01,1,1,10.00,1,8100.00
2012-04-03T17:20:00.000Z,2012-04-03T21:02:00.000Z,SELL,0.01,1,1,10.00,1,8110.00
2012-04-03T21:02:00.000Z,2012-04-04T14:13:00.000Z,BUY,0.01,2,1,10.00,2,8120.00
2012-04-04T14:13:00.000Z,2012-04-09T01:05:00.000Z,BUY,0.01,1,1,10.00,1,8130.00
2012-04-09T01:05:00.000Z,2012-04-12T16:54:00.000Z,SELL,0.01,2,1,10.00,2,8140.00
2012-04-12T16:54:00.000Z,2012-04-12T20:20:00.000Z,BUY,0.01,1,1,10.00,1,8150.00
2012-04-12T20:20:00.000Z,2012-04-13T15:40:00.000Z,SELL,0.01,1,1,10.00,1,8160.00
2012-04-13T15:40:00.000Z,2012-04-13T20:19:00.000Z,SELL,0.01,1,1,10.00,1,8170.00
2012-04-13T20:19:00.000Z,2012-04-23T14:39:00.000Z,BUY,0.01,2,1,10.00,2,8180.00
2012-04-23T14:39:00.000Z,2012-04-24T10:39:00.000Z,BUY,0.01,1,1,10.00,1,8190.00
2012-04-24T10:39:00.000Z,2012-04-26T09:17:00.000Z,BUY,0.01,1,1,10.00,1,8200.00
2012-04-26T09:17:00.000Z,2012-05-03T15:48:00.000Z,SELL,0.01,3,1,10.00,3,8210.00
2012-05-03T15:48:00.000Z,2012-05-08T16:03:00.000Z,BUY,0.01,2,1,10.00,2,8220.00
2012-05-08T16:03:00.000Z,2012-05-11T10:19:00.000Z,BUY,0.01,2,1,10.00,2,8230.00
2012-05-11T10:19:00.000Z,2012-05-11T17:17:00.000Z,BUY,0.01,1,1,10.00,1,8240.00
2012-05-11T17:17:00.000Z,2012-05-14T14:01:00.000Z,BUY,0.01,2,1,10.00,2,8250.00
2012-05-14T14:01:00.000Z,2012-05-16T10:11:00.000Z,BUY,0.01,2,1,10.00,2,8260.00
2012-05-16T10:11:00.000Z,2012-05-16T15:01:00.000Z,BUY,0.01,1,1,10.00,1,8270.00
2012-05-16T15:01:00.000Z,2012-05-16T17:00:00.000Z,BUY,0.01,1,1,10.00,1,8280.00
2012-05-16T17:00:00.000Z,2012-05-17T17:05:00.000Z,BUY,0.01,1,1,10.00,1,8290.00
2012-05-17T17:05:00.000Z,2012-05-18T12:48:00.000Z,SELL,0.01,2,1,10.00,2,8300.00
2012-05-18T12:48:00.000Z,2012-05-22T11:36:00.000Z,SELL,0.01,1,1,10.00,1,8310.00
2012-05-22T11:36:00.000Z,2012-05-22T17:36:00.000Z,BUY,0.01,1,1,10.00,1,8320.00
2012-05-22T17:36:00.000Z,2012-05-23T03:36:00.000Z,BUY,0.01,2,1,10.00,2,8330.00
2012-05-23T03:36:00.000Z,2012-05-24T14:46:00.000Z,BUY,0.01,3,1,10.00,3,8340.00
2012-05-24T14:46:00.000Z,2012-05-24T20:23:00.000Z,SELL,0.01,1,1,10.00,1,8350.00
2012-05-24T20:23:00.000Z,2012-05-29T20:29:00.000Z,SELL,0.01,3,1,10.00,3,8360.00
2012-05-29T20:29:00.000Z,2012-05-30T18:58:00.000Z,BUY,0.01,1,1,10.00,1,8370.00
2012-05-30T18:58:00.000Z,2012-05-31T12:34:00.000Z,BUY,0.01,1,1,10.00,1,8380.00
2012-05-31T12:34:00.000Z,2012-05-31T15:22:00.000Z,SELL,0.01,1,1,10.00,1,8390.00
2012-05-31T15:22:00.000Z,2012-06-01T12:06:00.000Z,SELL,0.01,1,1,10.00,1,8400.00
2012-06-01T12:06:00.000Z,2012-06-01T15:31:00.000Z,BUY,0.01,1,1,10.00,1,8410.00
2012-06-01T15:31:00.000Z,2012-06-01T15:34:00.000Z,BUY,0.01,1,1,10.00,1,8420.00
2012-06-01T15:34:00.000Z,2012-06-01T15:44:00.000Z,BUY,0.01,1,1,10.00,1,8430.00
2012-06-01T15:44:00.000Z,2012-06-01T16:23:00.000Z,BUY,0.01,1,1,10.00,1,8440.00
2012-06-01T16:23:00.000Z,2012-06-01T20:19:00.000Z,SELL,0.01,2,1,10.00,2,8450.00
2012-06-01T20:19:00.000Z,2012-06-04T17:45:00.000Z,SELL,0.01,1,1,10.00,1,8460.00
2012-06-04T17:45:00.000Z,2012-06-06T15:31:00.000Z,SELL,0.01,2,1,10.00,2,8470.00
2012-06-06T15:31:00.000Z,2012-06-06T20:03:00.000Z,SELL,0.01,1,1,10.00,1,8480.00
2012-06-06T20:03:00.000Z,2012-06-06T21:14:00.000Z,SELL,0.01,1,1,10.00,1,8490.00
2012-06-06T21:14:00.000Z,2012-06-07T17:02:00.000Z,SELL,0.01,1,1,10.00,1,8500.00
2012-06-07T17:02:00.000Z,2012-06-07T18:32:00.000Z,BUY,0.01,2,1,10.00,2,8510.00
2012-06-07T18:32:00.000Z,2012-06-07T19:14:00.000Z,BUY,0.01,1,1,10.00,1,8520.00
2012-06-07T19:14:00.000Z,2012-06-11T01:05:00.000Z,BUY,0.01,3,1,10.00,3,8530.00
2012-06-11T01:05:00.000Z,2012-06-11T12:42:00.000Z,SELL,0.01,1,1,10.00,1,8540.00
2012-06-11T12:42:00.000Z,2012-06-13T15:35:00.000Z,SELL,0.01,2,1,10.00,2,8550.00
2012-06-13T15:35:00.000Z,2012-06-14T16:36:00.000Z,SELL,0.01,1,1,10.00,1,8560.00
2012-06-14T16:36:00.000Z,2012-06-20T17:03:00.000Z,SELL,0.01,5,1,10.00,5,8570.00
2012-06-20T17:03:00.000Z,2012-06-20T20:07:00.000Z,BUY,0.01,1,1,10.00,1,8580.00
2012-06-20T20:07:00.000Z,2012-06-20T21:16:00.000Z,BUY,0.01,1,1,10.00,1,8590.00
2012-06-20T21:16:00.000Z,2012-06-21T15:20:00.000Z,BUY,0.01,2,1,10.00,2,8600.00
2012-06-21T15:20:00.000Z,2012-06-22T10:05:00.000Z,BUY,0.01,2,1,10.00,2,8610.00
2012-06-22T10:05:00.000Z,2012-06-22T12:01:00.000Z,BUY,0.01,1,1,10.00,1,8620.00
2012-06-22T12:01:00.000Z,2012-06-25T18:56:00.000Z,BUY,0.01,1,1,10.00,1,8630.00
2012-06-25T18:56:00.000Z,2012-06-26T17:34:00.000Z,SELL,0.01,1,1,10.00,1,8640.00
2012-06-26T17:34:00.000Z,2012-06-28T17:00:00.000Z,SELL,0.01,1,1,10.00,1,8650.00
2012-06-28T17:00:00.000Z,2012-06-29T09:07:00.000Z,BUY,0.01,1,1,10.00,1,8660.00
2012-06-29T09:07:00.000Z,2012-06-29T14:15:00.000Z,BUY,0.01,1,1,10.00,1,8670.00
2012-06-29T14:15:00.000Z,2012-07-03T10:09:00.000Z,SELL,0.01,2,1,10.00,2,8680.00
2012-07-03T10:09:00.000Z,2012-07-05T15:32:00.000Z,SELL,0.01,1,1,10.00,1,8690.00
2012-07-05T15:32:00.000Z,2012-07-06T11:49:00.000Z,SELL,0.01,1,1,10.00,1,8700.00
2012-07-06T11:49:00.000Z,2012-07-06T15:30:00.000Z,BUY,0.01,1,1,10.00,1,8710.00
2012-07-06T15:30:00.000Z,2012-07-10T21:30:00.000Z,BUY,0.01,4,1,10.00,4,8720.00
2012-07-10T21:30:00.000Z,2012-07-11T10:27:00.000Z,BUY,0.01,1,1,10.00,1,8730.00
2012-07-11T10:27:00.000Z,2012-07-13T16:43:00.000Z,BUY,0.01,3,1,10.00,3,8740.00
2012-07-13T16:43:00.000Z,2012-07-16T15:04:00.000Z,SELL,0.01,1,1,10.00,1,8750.00
2012-07-16T15:04:00.000Z,2012-07-18T15:42:00.000Z,SELL,0.01,1,1,10.00,1,8760.00
2012-07-18T15:42:00.000Z,2012-07-18T18:02:00.000Z,BUY,0.01,1,1,10.00,1,8770.00
2012-07-18T18:02:00.000Z,2012-07-19T15:30:00.000Z,BUY,0.01,1,1,10.00,1,8780.00
2012-07-19T15:30:00.000Z,2012-07-19T20:29:00.000Z,SELL,0.01,1,1,10.00,1,8790.00
2012-07-19T20:29:00.000Z,2012-07-23T11:22:00.000Z,SELL,0.01,1,1,10.00,1,8800.00
2012-07-23T11:22:00.000Z,2012-07-24T16:01:00.000Z,BUY,0.01,1,1,10.00,1,8810.00
2012-07-24T16:01:00.000Z,2012-07-25T13:32:00.000Z,BUY,0.01,1,1,10.00,1,8820.00
2012-07-25T13:32:00.000Z,2012-07-26T14:15:00.000Z,SELL,0.01,2,1,10.00,2,8830.00
2012-07-26T14:15:00.000Z,2012-07-26T18:57:00.000Z,SELL,0.01,1,1,10.00,1,8840.00
2012-07-26T18:57:00.000Z,2012-08-01T16:26:00.000Z,SELL,0.01,1,1,10.00,1,8850.00
2012-08-01T16:26:00.000Z,2012-08-02T15:35:00.000Z,BUY,0.01,1,1,10.00,1,8860.00
2012-08-02T15:35:00.000Z,2012-08-10T17:11:00.000Z,BUY,0.01,3,1,10.00,3,8870.00
2012-08-10T17:11:00.000Z,2012-08-14T15:42:00.000Z,BUY,0.01,2,1,10.00,2,8880.00
2012-08-14T15:42:00.000Z,2012-08-14T15:42:00.000Z,BUY,0.01,1,1,10.00,1,8890.00
2012-08-14T15:42:00.000Z,2012-08-16T17:20:00.000Z,BUY,0.01,1,1,10.00,1,8900.00
2012-08-16T17:20:00.000Z,2012-08-22T11:16:00.000Z,SELL,0.01,2,1,10.00,2,8910.00
2012-08-22T11:16:00.000Z,2012-08-23T17:45:00.000Z,SELL,0.01,2,1,10.00,2,8920.00
2012-08-23T17:45:00.000Z,2012-08-28T03:51:00.000Z,SELL,0.01,1,1,10.00,1,8930.00
2012-08-28T03:51:00.000Z,2012-08-28T18:00:00.000Z,BUY,0.01,1,1,10.00,1,8940.00
2012-08-28T18:00:00.000Z,2012-08-31T18:41:00.000Z,BUY,0.01,3,1,10.00,3,8950.00
2012-08-31T18:41:00.000Z,2012-09-06T11:12:00.000Z,SELL,0.01,2,1,10.00,2,8960.00
2012-09-06T11:12:00.000Z,2012-09-06T15:16:00.000Z,SELL,0.01,1,1,10.00,1,8970.00
2012-09-06T15:16:00.000Z,2012-09-07T06:01:00.000Z,SELL,0.01,1,1,10.00,1,8980.00
2012-09-07T06:01:00.000Z,2012-09-07T15:30:00.000Z,BUY,0.01,1,1,10.00,1,8990.00
2012-09-07T15:30:00.000Z,2012-09-07T15:30:00.000Z,BUY,0.01,1,1,10.00,1,9000.00
2012-09-07T15:30:00.000Z,2012-09-07T15:37:00.000Z,BUY,0.01,3,1,10.00,3,9010.00
2012-09-07T15:37:00.000Z,2012-09-07T16:26:00.000Z,BUY,0.01,1,1,10.00,1,9020.00
2012-09-07T16:26:00.000Z,2012-09-13T19:14:00.000Z,SELL,0.01,1,1,10.00,1,9030.00
2012-09-13T19:14:00.000Z,2012-09-13T19:31:00.000Z,BUY,0.01,1,1,10.00,1,9040.00
2012-09-13T19:31:00.000Z,2012-09-13T19:31:00.000Z,BUY,0.01,1,1,10.00,1,9050.00
2012-09-13T19:31:00.000Z,2012-09-13T19:32:00.000Z,BUY,0.01,3,1,10.00,3,9060.00
2012-09-13T19:32:00.000Z,2012-09-13T20:10:00.000Z,BUY,0.01,3,1,10.00,3,9070.00
2012-09-13T20:10:00.000Z,2012-09-18T09:01:00.000Z,SELL,0.01,1,1,10.00,1,9080.00
2012-09-18T09:01:00.000Z,2012-09-18T15:38:00.000Z,BUY,0.01,1,1,10.00,1,9090.00
2012-09-18T15:38:00.000Z,2012-09-18T17:07:00.000Z,BUY,0.01,1,1,10.00,1,9100.00
2012-09-18T17:07:00.000Z,2012-09-21T15:45:00.000Z,BUY,0.01,1,1,10.00,1,9110.00
2012-09-21T15:45:00.000Z,2012-09-21T17:51:00.000Z,SELL,0.01,1,1,10.00,1,9120.00
2012-09-21T17:51:00.000Z,2012-09-24T04:00:00.000Z,SELL,0.01,1,1,10.00,1,9130.00
2012-09-24T04:00:00.000Z,2012-09-25T15:34:00.000Z,BUY,0.01,1,1,10.00,1,9140.00
2012-09-25T15:34:00.000Z,2012-09-25T19:23:00.000Z,SELL,0.01,1,1,10.00,1,9150.00
2012-09-25T19:23:00.000Z,2012-09-26T15:21:00.000Z,SELL,0.01,1,1,10.00,1,9160.00
2012-09-26T15:21:00.000Z,2012-09-27T15:19:00.000Z,BUY,0.01,1,1,10.00,1,9170.00
2012-09-27T15:19:00.000Z,2012-10-04T15:25:00.000Z,SELL,0.01,2,1,10.00,2,9180.00
2012-10-04T15:25:00.000Z,2012-10-04T15:47:00.000Z,SELL,0.01,1,1,10.00,1,9190.00
2012-10-04T15:47:00.000Z,2012-10-08T04:50:00.000Z,SELL,0.01,1,1,10.00,1,9200.00
2012-10-08T04:50:00.000Z,2012-10-15T02:44:00.000Z,BUY,0.01,2,1,10.00,2,9210.00
2012-10-15T02:44:00.000Z,2012-10-17T04:35:00.000Z,BUY,0.01,1,1,10.00,1,9220.00
2012-10-17T04:35:00.000Z,2012-10-18T14:09:00.000Z,SELL,0.01,1,1,10.00,1,9230.00
2012-10-18T14:09:00.000Z,2012-10-23T13:00:00.000Z,BUY,0.01,2,1,10.00,2,9240.00
2012-10-23T13:00:00.000Z,2012-10-31T17:14:00.000Z,BUY,0.01,1,1,10.00,1,9250.00
2012-10-31T17:14:00.000Z,2012-11-02T04:31:00.000Z,SELL,0.01,1,1,10.00,1,9260.00
2012-11-02T04:31:00.000Z,2012-11-02T17:23:00.000Z,BUY,0.01,2,1,10.00,2,9270.00
2012-11-02T17:23:00.000Z,2012-11-06T13:38:00.000Z,BUY,0.01,1,1,10.00,1,9280.00
2012-11-06T13:38:00.000Z,2012-11-07T04:38:00.000Z,SELL,0.01,2,1,10.00,2,9290.00
2012-11-07T04:38:00.000Z,2012-11-07T17:45:00.000Z,SELL,0.01,1,1,10.00,1,9300.00
2012-11-07T17:45:00.000Z,2012-11-23T17:16:00.000Z,SELL,0.01,4,1,10.00,4,9310.00
2012-11-23T17:16:00.000Z,2012-11-28T15:21:00.000Z,SELL,0.01,1,1,10.00,1,9320.00
2012-11-28T15:21:00.000Z,2012-12-04T07:51:00.000Z,BUY,0.01,2,1,10.00,2,9330.00
2012-12-04T07:51:00.000Z,2012-12-10T13:02:00.000Z,BUY,0.01,1,1,10.00,1,9340.00
2012-12-10T13:02:00.000Z,2012-12-13T03:01:00.000Z,SELL,0.01,1,1,10.00,1,9350.00
2012-12-13T03:01:00.000Z,2012-12-18T20:16:00.000Z,BUY,0.01,2,1,10.00,2,9360.00
2012-12-18T20:16:00.000Z,2012-12-20T18:10:00.000Z,BUY,0.01,2,1,10.00,2,9370.00
2012-12-20T18:10:00.000Z,2012-12-21T16:32:00.000Z,BUY,0.01,1,1,10.00,1,9380.00
2012-12-21T16:32:00.000Z,2012-12-24T08:48:00.000Z,BUY,0.01,1,1,10.00,1,9390.00
2012-12-24T08:48:00.000Z,2013-01-02T16:58:00.000Z,SELL,0.01,2,1,10.00,2,9400.00
2013-01-02T16:58:00.000Z,2013-01-03T12:55:00.000Z,SELL,0.01,1,1,10.00,1,9410.00
2013-01-03T12:55:00.000Z,2013-01-03T21:00:00.000Z,SELL,0.01,1,1,10.00,1,9420.00
2013-01-03T21:00:00.000Z,2013-01-04T10:47:00.000Z,BUY,0.01,2,1,10.00,2,9430.00
2013-01-04T10:47:00.000Z,2013-01-04T16:53:00.000Z,BUY,0.01,1,1,10.00,1,9440.00
2013-01-04T16:53:00.000Z,2013-01-07T04:39:00.000Z,BUY,0.01,1,1,10.00,1,9450.00
2013-01-07T04:39:00.000Z,2013-01-07T11:07:00.000Z,SELL,0.01,1,1,10.00,1,9460.00
2013-01-07T11:07:00.000Z,2013-01-15T10:36:00.000Z,SELL,0.01,2,1,10.00,2,9470.00
2013-01-15T10:36:00.000Z,2013-01-17T15:36:00.000Z,SELL,0.01,1,1,10.00,1,9480.00
2013-01-17T15:36:00.000Z,2013-01-25T15:16:00.000Z,SELL,0.01,3,1,10.00,3,9490.00
2013-01-25T15:16:00.000Z,2013-01-30T15:30:00.000Z,BUY,0.01,1,1,10.00,1,9500.00
2013-01-30T15:30:00.000Z,2013-01-31T16:58:00.000Z,SELL,0.01,1,1,10.00,1,9510.00
2013-01-31T16:58:00.000Z,2013-02-11T15:20:00.000Z,SELL,0.01,5,1,10.00,5,9520.00
2013-02-11T15:20:00.000Z,2013-02-15T15:10:00.000Z,BUY,0.01,2,1,10.00,2,9530.00
2013-02-15T15:10:00.000Z,2013-02-20T13:06:00.000Z,BUY,0.01,2,1,10.00,2,9540.00
2013-02-20T13:06:00.000Z,2013-02-20T21:51:00.000Z,BUY,0.01,2,1,10.00,2,9550.00
2013-02-20T21:51:00.000Z,2013-02-21T13:43:00.000Z,BUY,0.01,1,1,10.00,1,9560.00
2013-02-21T13:43:00.000Z,2013-02-21T17:15:00.000Z,BUY,0.01,1,1,10.00,1,9570.00
2013-02-21T17:15:00.000Z,2013-02-25T10:27:00.000Z,BUY,0.01,1,1,10.00,1,9580.00
2013-02-25T10:27:00.000Z,2013-02-28T18:16:00.000Z,SELL,0.01,3,1,10.00,3,9590.00
2013-02-28T18:16:00.000Z,2013-03-12T13:06:00.000Z,BUY,0.01,3,1,10.00,3,9600.00
2013-03-12T13:06:00.000Z,2013-03-14T13:25:00.000Z,SELL,0.01,1,1,10.00,1,9610.00
2013-03-14T13:25:00.000Z,2013-03-14T18:19:00.000Z,BUY,0.01,1,1,10.00,1,9620.00
2013-03-14T18:19:00.000Z,2013-03-18T01:05:00.000Z,BUY,0.01,1,1,10.00,1,9630.00
2013-03-18T01:05:00.000Z,2013-03-18T03:31:00.000Z,SELL,0.01,1,1,10.00,1,9640.00
2013-03-18T03:31:00.000Z,2013-04-02T16:46:00.000Z,SELL,0.01,3,1,10.00,3,9650.00
2013-04-02T16:46:00.000Z,2013-04-03T20:06:00.000Z,BUY,0.01,2,1,10.00,2,9660.00
2013-04-03T20:06:00.000Z,2013-04-05T15:31:00.000Z,BUY,0.01,1,1,10.00,1,9670.00
2013-04-05T15:31:00.000Z,2013-04-12T12:05:00.000Z,SELL,0.01,3,1,10.00,3,9680.00
2013-04-12T12:05:00.000Z,2013-04-12T17:35:00.000Z,BUY,0.01,2,1,10.00,2,9690.00
2013-04-12T17:35:00.000Z,2013-04-12T22:20:00.000Z,BUY,0.01,2,1,10.00,2,9700.00
2013-04-12T22:20:00.000Z,2013-04-15T04:45:00.000Z,BUY,0.01,2,1,10.00,2,9710.00
2013-04-15T04:45:00.000Z,2013-04-15T05:04:00.000Z,BUY,0.01,2,1,10.00,2,9720.00
2013-04-15T05:04:00.000Z,2013-04-15T05:13:00.000Z,BUY,0.01,1,1,10.00,1,9730.00
2013-04-15T05:13:00.000Z,2013-04-15T08:54:00.000Z,BUY,0.01,1,1,10.00,1,9740.00
2013-04-15T08:54:00.000Z,2013-04-15T11:54:00.000Z,BUY,0.01,2,1,10.00,2,9750.00
2013-04-15T11:54:00.000Z,2013-04-15T12:57:00.000Z,BUY,0.01,2,1,10.00,2,9760.00
2013-04-15T12:57:00.000Z,2013-04-15T13:20:00.000Z,BUY,0.01,1,1,10.00,1,9770.00
2013-04-15T13:20:00.000Z,2013-04-15T13:32:00.000Z,BUY,0.01,1,1,10.00,1,9780.00
2013-04-15T13:32:00.000Z,2013-04-15T15:25:00.000Z,BUY,0.01,1,1,10.00,1,9790.00
2013-04-15T15:25:00.000Z,2013-04-15T17:06:00.000Z,BUY,0.01,2,1,10.00,2,9800.00
2013-04-15T17:06:00.000Z,2013-04-15T17:54:00.000Z,BUY,0.01,2,1,10.00,2,9810.00
2013-04-15T17:54:00.000Z,2013-04-15T18:29:00.000Z,BUY,0.01,1,1,10.00,1,9820.00
2013-04-15T18:29:00.000Z,2013-04-15T23:17:00.000Z,BUY,0.01,2,1,10.00,2,9830.00
2013-04-15T23:17:00.000Z,2013-04-16T01:05:00.000Z,BUY,0.01,1,1,10.00,1,9840.00
2013-04-16T01:05:00.000Z,2013-04-16T01:05:00.000Z,BUY,0.01,1,1,10.00,1,9850.00
2013-04-16T01:05:00.000Z,2013-04-16T03:21:00.000Z,BUY,0.01,2,1,10.00,2,9860.00
2013-04-16T03:21:00.000Z,2013-04-16T05:41:00.000Z,BUY,0.01,1,1,10.00,1,9870.00
2013-04-16T05:41:00.000Z,2013-04-16T05:49:00.000Z,BUY,0.01,1,1,10.00,1,9880.00
2013-04-16T05:49:00.000Z,2013-04-16T07:38:00.000Z,BUY,0.01,1,1,10.00,1,9890.00
2013-04-16T07:38:00.000Z,2013-04-16T09:18:00.000Z,BUY,0.01,1,1,10.00,1,9900.00
2013-04-16T09:18:00.000Z,2013-04-16T12:39:00.000Z,BUY,0.01,1,1,10.00,1,9910.00
2013-04-16T12:39:00.000Z,2013-04-16T15:16:00.000Z,BUY,0.01,1,1,10.00,1,9920.00
2013-04-16T15:16:00.000Z,2013-04-16T22:18:00.000Z,BUY,0.01,2,1,10.00,2,9930.00
2013-04-16T22:18:00.000Z,2013-04-17T01:50:00.000Z,BUY,0.01,1,1,10.00,1,9940.00
2013-04-17T01:50:00.000Z,2013-04-17T10:18:00.000Z,BUY,0.01,1,1,10.00,1,9950.00
2013-04-17T10:18:00.000Z,2013-04-18T04:05:00.000Z,BUY,0.01,2,1,10.00,2,9960.00
2013-04-18T04:05:00.000Z,2013-04-18T05:49:00.000Z,BUY,0.01,1,1,10.00,1,9970.00
2013-04-18T05:49:00.000Z,2013-04-18T09:03:00.000Z,BUY,0.01,1,1,10.00,1,9980.00
2013-04-18T09:03:00.000Z,2013-04-18T11:30:00.000Z,BUY,0.01,1,1,10.00,1,9990.00
2013-04-18T11:30:00.000Z,2013-04-18T12:31:00.000Z,BUY,0.01,1,1,10.00,1,10000.00
2013-04-18T12:31:00.000Z,2013-04-18T16:06:00.000Z,SELL,0.01,1,1,10.00,1,10010.00
2013-04-18T16:06:00.000Z,2013-04-19T09:02:00.000Z,SELL,0.01,2,1,10.00,2,10020.00
2013-04-19T09:02:00.000Z,2013-04-19T15:20:00.000Z,SELL,0.01,1,1,10.00,1,10030.00
2013-04-19T15:20:00.000Z,2013-04-19T19:47:00.000Z,SELL,0.01,1,1,10.00,1,10040.00
2013-04-19T19:47:00.000Z,2013-04-22T09:45:00.000Z,SELL,0.01,2,1,10.00,2,10050.00
2013-04-22T09:45:00.000Z,2013-04-23T09:18:00.000Z,SELL,0.01,1,1,10.00,1,10060.00
2013-04-23T09:18:00.000Z,2013-04-23T16:57:00.000Z,SELL,0.01,1,1,10.00,1,10070.00
2013-04-23T16:57:00.000Z,2013-04-23T18:48:00.000Z,BUY,0.01,1,1,10.00,1,10080.00
2013-04-23T18:48:00.000Z,2013-04-24T07:49:00.000Z,BUY,0.01,1,1,10.00,1,10090.00
2013-04-24T07:49:00.000Z,2013-04-25T17:20:00.000Z,SELL,0.01,2,1,10.00,2,10100.00
2013-04-25T17:20:00.000Z,2013-05-01T17:42:00.000Z,SELL,0.01,5,1,10.00,5,10110.00
2013-05-01T17:42:00.000Z,2013-05-01T21:22:00.000Z,BUY,0.01,1,1,10.00,1,10120.00
2013-05-01T21:22:00.000Z,2013-05-02T15:20:00.000Z,BUY,0.01,1,1,10.00,1,10130.00
2013-05-02T15:20:00.000Z,2013-05-03T05:45:00.000Z,BUY,0.01,1,1,10.00,1,10140.00
2013-05-03T05:45:00.000Z,2013-05-03T15:31:00.000Z,SELL,0.01,1,1,10.00,1,10150.00
2013-05-03T15:31:00.000Z,2013-05-07T15:22:00.000Z,SELL,0.01,1,1,10.00,1,10160.00
2013-05-07T15:22:00.000Z,2013-05-08T15:12:00.000Z,BUY,0.01,1,1,10.00,1,10170.00
2013-05-08T15:12:00.000Z,2013-05-09T21:58:00.000Z,SELL,0.01,1,1,10.00,1,10180.00
2013-05-09T21:58:00.000Z,2013-05-10T12:00:00.000Z,SELL,0.01,1,1,10.00,1,10190.00
2013-05-10T12:00:00.000Z,2013-05-15T09:28:00.000Z,BUY,0.01,4,1,10.00,4,10200.00
2013-05-15T09:28:00.000Z,2013-05-16T10:30:00.000Z,BUY,0.01,2,1,10.00,2,10210.00
2013-05-16T10:30:00.000Z,2013-05-17T22:59:00.000Z,BUY,0.01,2,1,10.00,2,10220.00
2013-05-17T22:59:00.000Z,2013-05-20T18:42:00.000Z,BUY,0.01,1,1,10.00,1,10230.00
2013-05-20T18:42:00.000Z,2013-05-20T19:03:00.000Z,BUY,0.01,1,1,10.00,1,10240.00
2013-05-20T19:03:00.000Z,2013-05-20T19:04:00.000Z,BUY,0.01,1,1,10.00,1,10250.00
2013-05-20T19:04:00.000Z,2013-05-20T19:05:00.000Z,BUY,0.01,1,1,10.00,1,10260.00
2013-05-20T19:05:00.000Z,2013-05-21T16:16:00.000Z,BUY,0.01,2,1,10.00,2,10270.00
2013-05-21T16:16:00.000Z,2013-05-22T14:42:00.000Z,SELL,0.01,2,1,10.00,2,10280.00
2013-05-22T14:42:00.000Z,2013-05-22T16:42:00.000Z,SELL,0.01,1,1,10.00,1,10290.00
2013-05-22T16:42:00.000Z,2013-05-22T17:51:00.000Z,SELL,0.01,3,1,10.00,3,10300.00
2013-05-22T17:51:00.000Z,2013-05-22T20:35:00.000Z,SELL,0.01,1,1,10.00,1,10310.00
2013-05-22T20:35:00.000Z,2013-05-23T09:02:00.000Z,BUY,0.01,1,1,10.00,1,10320.00
2013-05-23T09:02:00.000Z,2013-05-23T11:37:00.000Z,BUY,0.01,1,1,10.00,1,10330.00
2013-05-23T11:37:00.000Z,2013-05-23T15:19:00.000Z,BUY,0.01,1,1,10.00,1,10340.00
2013-05-23T15:19:00.000Z,2013-05-23T15:55:00.000Z,SELL,0.01,1,1,10.00,1,10350.00
2013-05-23T15:55:00.000Z,2013-05-28T15:20:00.000Z,SELL,0.01,1,1,10.00,1,10360.00
2013-05-28T15:20:00.000Z,2013-05-28T18:09:00.000Z,BUY,0.01,1,1,10.00,1,10370.00
2013-05-28T18:09:00.000Z,2013-05-28T18:38:00.000Z,BUY,0.01,1,1,10.00,1,10380.00
2013-05-28T18:38:00.000Z,2013-05-30T08:37:00.000Z,BUY,0.01,1,1,10.00,1,10390.00
2013-05-30T08:37:00.000Z,2013-05-31T16:55:00.000Z,SELL,0.01,1,1,10.00,1,10400.00
2013-05-31T16:55:00.000Z,2013-06-03T18:10:00.000Z,BUY,0.01,1,1,10.00,1,10410.00
2013-06-03T18:10:00.000Z,2013-06-06T19:11:00.000Z,BUY,0.01,1,1,10.00,1,10420.00
2013-06-06T19:11:00.000Z,2013-06-07T15:31:00.000Z,SELL,0.01,1,1,10.00,1,10430.00
2013-06-07T15:31:00.000Z,2013-06-07T15:55:00.000Z,SELL,0.01,1,1,10.00,1,10440.00
2013-06-07T15:55:00.000Z,2013-06-07T16:20:00.000Z,SELL,0.01,1,1,10.00,1,10450.00
2013-06-07T16:20:00.000Z,2013-06-19T22:40:00.000Z,BUY,0.01,4,1,10.00,4,10460.00
2013-06-19T22:40:00.000Z,2013-06-20T10:02:00.000Z,BUY,0.01,2,1,10.00,2,10470.00
2013-06-20T10:02:00.000Z,2013-06-20T12:38:00.000Z,BUY,0.01,2,1,10.00,2,10480.00
2013-06-20T12:38:00.000Z,2013-06-20T14:54:00.000Z,BUY,0.01,1,1,10.00,1,10490.00
2013-06-20T14:54:00.000Z,2013-06-20T22:12:00.000Z,BUY,0.01,2,1,10.00,2,10500.00
2013-06-20T22:12:00.000Z,2013-06-21T05:09:00.000Z,BUY,0.01,1,1,10.00,1,10510.00
2013-06-21T05:09:00.000Z,2013-06-21T08:17:00.000Z,BUY,0.01,1,1,10.00,1,10520.00
2013-06-21T08:17:00.000Z,2013-06-26T04:07:00.000Z,BUY,0.01,2,1,10.00,2,10530.00
2013-06-26T04:07:00.000Z,2013-06-26T10:59:00.000Z,BUY,0.01,2,1,10.00,2,10540.00
2013-06-26T10:59:00.000Z,2013-06-26T16:01:00.000Z,BUY,0.01,1,1,10.00,1,10550.00
2013-06-26T16:01:00.000Z,2013-06-27T20:15:00.000Z,BUY,0.01,2,1,10.00,2,10560.00
2013-06-27T20:15:00.000Z,2013-06-28T03:44:00.000Z,BUY,0.01,2,1,10.00,2,10570.00
2013-06-28T03:44:00.000Z,2013-06-28T05:21:00.000Z,BUY,0.01,1,1,10.00,1,10580.00
2013-06-28T05:21:00.000Z,2013-06-28T08:46:00.000Z,BUY,0.01,1,1,10.00,1,10590.00
2013-06-28T08:46:00.000Z,2013-06-28T17:29:00.000Z,BUY,0.01,3,1,10.00,3,10600.00
2013-06-28T17:29:00.000Z,2013-06-28T20:17:00.000Z,BUY,0.01,1,1,10.00,1,10610.00
2013-06-28T20:17:00.000Z,2013-07-01T18:26:00.000Z,SELL,0.01,2,1,10.00,2,10620.00
2013-07-01T18:26:00.000Z,2013-07-02T17:11:00.000Z,SELL,0.01,1,1,10.00,1,10630.00
2013-07-02T17:11:00.000Z,2013-07-03T10:14:00.000Z,SELL,0.01,1,1,10.00,1,10640.00
2013-07-03T10:14:00.000Z,2013-07-03T11:03:00.000Z,BUY,0.01,1,1,10.00,1,10650.00
2013-07-03T11:03:00.000Z,2013-07-03T14:38:00.000Z,BUY,0.01,1,1,10.00,1,10660.00
2013-07-03T14:38:00.000Z,2013-07-05T15:31:00.000Z,BUY,0.01,2,1,10.00,2,10670.00
2013-07-05T15:31:00.000Z,2013-07-08T15:22:00.000Z,BUY,0.01,3,1,10.00,3,10680.00
2013-07-08T15:22:00.000Z,2013-07-11T01:07:00.000Z,SELL,0.01,2,1,10.00,2,10690.00
2013-07-11T01:07:00.000Z,2013-07-11T09:00:00.000Z,SELL,0.01,2,1,10.00,2,10700.00
2013-07-11T09:00:00.000Z,2013-07-11T09:34:00.000Z,SELL,0.01,1,1,10.00,1,10710.00
2013-07-11T09:34:00.000Z,2013-07-11T18:03:00.000Z,SELL,0.01,1,1,10.00,1,10720.00
2013-07-11T18:03:00.000Z,2013-07-12T14:04:00.000Z,SELL,0.01,1,1,10.00,1,10730.00
2013-07-12T14:04:00.000Z,2013-07-12T16:20:00.000Z,BUY,0.01,1,1,10.00,1,10740.00
2013-07-12T16:20:00.000Z,2013-07-15T01:05:00.000Z,BUY,0.01,1,1,10.00,1,10750.00
2013-07-15T01:05:00.000Z,2013-07-15T14:51:00.000Z,SELL,0.01,1,1,10.00,1,10760.00
2013-07-15T14:51:00.000Z,2013-07-22T01:14:00.000Z,SELL,0.01,4,1,10.00,4,10770.00
2013-07-22T01:14:00.000Z,2013-07-22T20:17:00.000Z,SELL,0.01,2,1,10.00,2,10780.00
2013-07-22T20:17:00.000Z,2013-07-23T12:21:00.000Z,SELL,0.01,1,1,10.00,1,10790.00
2013-07-23T12:21:00.000Z,2013-07-24T19:58:00.000Z,SELL,0.01,1,1,10.00,1,10800.00
2013-07-24T19:58:00.000Z,2013-07-25T18:17:00.000Z,BUY,0.01,1,1,10.00,1,10810.00
2013-07-25T18:17:00.000Z,2013-07-26T05:19:00.000Z,BUY,0.01,1,1,10.00,1,10820.00
2013-07-26T05:19:00.000Z,2013-07-26T11:17:00.000Z,SELL,0.01,1,1,10.00,1,10830.00
2013-07-26T11:17:00.000Z,2013-07-26T17:52:00.000Z,SELL,0.01,1,1,10.00,1,10840.00
2013-07-26T17:52:00.000Z,2013-07-26T22:09:00.000Z,BUY,0.01,1,1,10.00,1,10850.00
2013-07-26T22:09:00.000Z,2013-07-29T13:47:00.000Z,BUY,0.01,1,1,10.00,1,10860.00
2013-07-29T13:47:00.000Z,2013-07-29T16:10:00.000Z,SELL,0.01,1,1,10.00,1,10870.00
2013-07-29T16:10:00.000Z,2013-07-30T16:40:00.000Z,SELL,0.01,1,1,10.00,1,10880.00
2013-07-30T16:40:00.000Z,2013-07-31T02:01:00.000Z,BUY,0.01,1,1,10.00,1,10890.00
2013-07-31T02:01:00.000Z,2013-07-31T04:45:00.000Z,BUY,0.01,1,1,10.00,1,10900.00
2013-07-31T04:45:00.000Z,2013-07-31T14:28:00.000Z,SELL,0.01,1,1,10.00,1,10910.00
2013-07-31T14:28:00.000Z,2013-07-31T16:36:00.000Z,SELL,0.01,1,1,10.00,1,10920.00
2013-07-31T16:36:00.000Z,2013-07-31T17:54:00.000Z,SELL,0.01,1,1,10.00,1,10930.00
2013-07-31T17:54:00.000Z,2013-07-31T21:03:00.000Z,BUY,0.01,1,1,10.00,1,10940.00
2013-07-31T21:03:00.000Z,2013-07-31T21:58:00.000Z,BUY,0.01,1,1,10.00,1,10950.00
2013-07-31T21:58:00.000Z,2013-08-02T07:46:00.000Z,BUY,0.01,2,1,10.00,2,10960.00
2013-08-02T07:46:00.000Z,2013-08-02T15:35:00.000Z,BUY,0.01,1,1,10.00,1,10970.00
2013-08-02T15:35:00.000Z,2013-08-02T15:51:00.000Z,BUY,0.01,1,1,10.00,1,10980.00
2013-08-02T15:51:00.000Z,2013-08-06T08:37:00.000Z,BUY,0.01,2,1,10.00,2,10990.00
2013-08-06T08:37:00.000Z,2013-08-08T17:03:00.000Z,BUY,0.01,1,1,10.00,1,11000.00
2013-08-08T17:03:00.000Z,2013-08-12T01:36:00.000Z,SELL,0.01,2,1,10.00,2,11010.00
2013-08-12T01:36:00.000Z,2013-08-14T03:53:00.000Z,SELL,0.01,1,1,10.00,1,11020.00
2013-08-14T03:53:00.000Z,2013-08-14T17:20:00.000Z,BUY,0.01,1,1,10.00,1,11030.00
2013-08-14T17:20:00.000Z,2013-08-15T01:37:00.000Z,BUY,0.01,1,1,10.00,1,11040.00
2013-08-15T01:37:00.000Z,2013-08-15T15:31:00.000Z,SELL,0.01,1,1,10.00,1,11050.00
2013-08-15T15:31:00.000Z,2013-08-15T19:55:00.000Z,SELL,0.01,2,1,10.00,2,11060.00
2013-08-15T19:55:00.000Z,2013-08-15T21:12:00.000Z,BUY,0.01,1,1,10.00,1,11070.00
2013-08-15T21:12:00.000Z,2013-08-16T12:36:00.000Z,SELL,0.01,1,1,10.00,1,11080.00
2013-08-16T12:36:00.000Z,2013-08-22T17:06:00.000Z,SELL,0.01,5,0,-2420.00,5,8660.00
2013-08-22T17:06:00.000Z,2013-08-27T11:04:00.000Z,SELL,0.01,2,1,10.00,2,8670.00
2013-08-27T11:04:00.000Z,2013-08-30T10:06:00.000Z,SELL,0.01,3,1,10.00,3,8680.00
2013-08-30T10:06:00.000Z,2013-09-03T19:36:00.000Z,BUY,0.01,3,1,10.00,3,8690.00
2013-09-03T19:36:00.000Z,2013-09-04T15:25:00.000Z,SELL,0.01,1,1,10.00,1,8700.00
2013-09-04T15:25:00.000Z,2013-09-04T17:05:00.000Z,SELL,0.01,1,1,10.00,1,8710.00
2013-09-04T17:05:00.000Z,2013-09-05T15:15:00.000Z,BUY,0.01,1,1,10.00,1,8720.00
2013-09-05T15:15:00.000Z,2013-09-05T17:45:00.000Z,BUY,0.01,2,1,10.00,2,8730.00
2013-09-05T17:45:00.000Z,2013-09-06T15:31:00.000Z,BUY,0.01,1,1,10.00,1,8740.00
2013-09-06T15:31:00.000Z,2013-09-06T15:31:00.000Z,BUY,0.01,1,1,10.00,1,8750.00
2013-09-06T15:31:00.000Z,2013-09-10T16:54:00.000Z,BUY,0.01,2,1,10.00,2,8760.00
2013-09-10T16:54:00.000Z,2013-09-12T16:00:00.000Z,BUY,0.01,2,1,10.00,2,8770.00
2013-09-12T16:00:00.000Z,2013-09-18T03:22:00.000Z,BUY,0.01,4,1,10.00,4,8780.00
2013-09-18T03:22:00.000Z,2013-09-18T20:17:00.000Z,BUY,0.01,1,1,10.00,1,8790.00
2013-09-18T20:17:00.000Z,2013-09-18T21:01:00.000Z,BUY,0.01,1,1,10.00,1,8800.00
2013-09-18T21:01:00.000Z,2013-09-18T21:01:00.000Z,BUY,0.01,1,1,10.00,1,8810.00
2013-09-18T21:01:00.000Z,2013-09-18T21:04:00.000Z,BUY,0.01,1,1,10.00,1,8820.00
2013-09-18T21:04:00.000Z,2013-09-18T21:55:00.000Z,BUY,0.01,1,1,10.00,1,8830.00
2013-09-18T21:55:00.000Z,2013-09-18T22:34:00.000Z,BUY,0.01,1,1,10.00,1,8840.00
2013-09-18T22:34:00.000Z,2013-09-20T15:01:00.000Z,SELL,0.01,1,1,10.00,1,8850.00
2013-09-20T15:01:00.000Z,2013-09-23T04:00:00.000Z,BUY,0.01,2,1,10.00,2,8860.00
2013-09-23T04:00:00.000Z,2013-09-23T09:41:00.000Z,BUY,0.01,1,1,10.00,1,8870.00
2013-09-23T09:41:00.000Z,2013-09-27T14:50:00.000Z,BUY,0.01,3,1,10.00,3,8880.00
2013-09-27T14:50:00.000Z,2013-10-01T15:29:00.000Z,BUY,0.01,2,1,10.00,2,8890.00
2013-10-01T15:29:00.000Z,2013-10-02T03:19:00.000Z,BUY,0.01,2,1,10.00,2,8900.00
2013-10-02T03:19:00.000Z,2013-10-02T05:40:00.000Z,BUY,0.01,1,1,10.00,1,8910.00
2013-10-02T05:40:00.000Z,2013-10-02T15:21:00.000Z,BUY,0.01,1,1,10.00,1,8920.00
2013-10-02T15:21:00.000Z,2013-10-02T17:11:00.000Z,BUY,0.01,1,1,10.00,1,8930.00
2013-10-02T17:11:00.000Z,2013-10-02T17:32:00.000Z,BUY,0.01,1,1,10.00,1,8940.00
2013-10-02T17:32:00.000Z,2013-10-10T22:29:00.000Z,BUY,0.01,2,1,10.00,2,8950.00
2013-10-10T22:29:00.000Z,2013-10-15T11:46:00.000Z,BUY,0.01,2,1,10.00,2,8960.00
2013-10-15T11:46:00.000Z,2013-10-15T16:43:00.000Z,BUY,0.01,1,1,10.00,1,8970.00
2013-10-15T16:43:00.000Z,2013-10-15T21:22:00.000Z,BUY,0.01,1,1,10.00,1,8980.00
2013-10-15T21:22:00.000Z,2013-10-17T10:51:00.000Z,BUY,0.01,1,1,10.00,1,8990.00
2013-10-17T10:51:00.000Z,2013-10-17T15:20:00.000Z,SELL,0.01,2,1,10.00,2,9000.00
2013-10-17T15:20:00.000Z,2013-10-18T19:46:00.000Z,SELL,0.01,1,1,10.00,1,9010.00
2013-10-18T19:46:00.000Z,2013-10-22T18:01:00.000Z,SELL,0.01,2,1,10.00,2,9020.00
2013-10-22T18:01:00.000Z,2013-10-23T11:22:00.000Z,SELL,0.01,1,1,10.00,1,9030.00
2013-10-23T11:22:00.000Z,2013-10-28T17:02:00.000Z,SELL,0.01,2,1,10.00,2,9040.00
2013-10-28T17:02:00.000Z,2013-10-29T03:45:00.000Z,SELL,0.01,1,1,10.00,1,9050.00
2013-10-29T03:45:00.000Z,2013-10-29T09:48:00.000Z,SELL,0.01,1,1,10.00,1,9060.00
2013-10-29T09:48:00.000Z,2013-10-31T10:04:00.000Z,SELL,0.01,1,1,10.00,1,9070.00
2013-10-31T10:04:00.000Z,2013-11-07T15:34:00.000Z,BUY,0.01,2,1,10.00,2,9080.00
2013-11-07T15:34:00.000Z,2013-11-08T15:42:00.000Z,SELL,0.01,1,1,10.00,1,9090.00
2013-11-08T15:42:00.000Z,2013-11-20T13:26:00.000Z,BUY,0.01,4,1,10.00,4,9100.00
2013-11-20T13:26:00.000Z,2013-11-25T08:02:00.000Z,BUY,0.01,2,1,10.00,2,9110.00
2013-11-25T08:02:00.000Z,2013-11-25T16:37:00.000Z,BUY,0.01,1,1,10.00,1,9120.00
2013-11-25T16:37:00.000Z,2013-11-25T21:52:00.000Z,BUY,0.01,1,1,10.00,1,9130.00
2013-11-25T21:52:00.000Z,2013-11-26T19:05:00.000Z,SELL,0.01,1,1,10.00,1,9140.00
2013-11-26T19:05:00.000Z,2013-11-27T11:45:00.000Z,BUY,0.01,1,1,10.00,1,9150.00
2013-11-27T11:45:00.000Z,2013-11-27T18:43:00.000Z,SELL,0.01,1,1,10.00,1,9160.00
2013-11-27T18:43:00.000Z,2013-12-02T17:01:00.000Z,SELL,0.01,1,1,10.00,1,9170.00
2013-12-02T17:01:00.000Z,2013-12-04T19:30:00.000Z,BUY,0.01,1,1,10.00,1,9180.00
2013-12-04T19:30:00.000Z,2013-12-05T11:15:00.000Z,SELL,0.01,1,1,10.00,1,9190.00
2013-12-05T11:15:00.000Z,2013-12-05T17:27:00.000Z,SELL,0.01,1,1,10.00,1,9200.00
2013-12-05T17:27:00.000Z,2013-12-05T18:34:00.000Z,BUY,0.01,1,1,10.00,1,9210.00
2013-12-05T18:34:00.000Z,2013-12-06T16:02:00.000Z,BUY,0.01,1,1,10.00,1,9220.00
2013-12-06T16:02:00.000Z,2013-12-06T16:25:00.000Z,SELL,0.01,1,1,10.00,1,9230.00
2013-12-06T16:25:00.000Z,2013-12-10T15:07:00.000Z,SELL,0.01,2,1,10.00,2,9240.00
2013-12-10T15:07:00.000Z,2013-12-10T15:07:00.000Z,SELL,0.01,1,1,10.00,1,9250.00
2013-12-10T15:07:00.000Z,2013-12-12T11:52:00.000Z,SELL,0.01,1,1,10.00,1,9260.00
2013-12-12T11:52:00.000Z,2013-12-16T18:25:00.000Z,BUY,0.01,1,1,10.00,1,9270.00
2013-12-16T18:25:00.000Z,2013-12-16T22:45:00.000Z,SELL,0.01,1,1,10.00,1,9280.00
2013-12-16T22:45:00.000Z,2013-12-17T17:27:00.000Z,SELL,0.01,1,1,10.00,1,9290.00
2013-12-17T17:27:00.000Z,2013-12-18T20:52:00.000Z,BUY,0.01,1,1,10.00,1,9300.00
2013-12-18T20:52:00.000Z,2013-12-19T10:29:00.000Z,BUY,0.01,4,1,10.00,4,9310.00
2013-12-19T10:29:00.000Z,2014-01-02T09:00:00.000Z,BUY,0.01,5,1,10.00,5,9320.00
2014-01-02T09:00:00.000Z,2014-01-10T15:30:00.000Z,SELL,0.01,5,0,-2420.00,5,6900.00
2014-01-10T15:30:00.000Z,2014-01-10T15:30:00.000Z,SELL,0.01,1,1,10.00,1,6910.00
2014-01-10T15:30:00.000Z,2014-01-23T17:00:00.000Z,SELL,0.01,2,1,10.00,2,6920.00
2014-01-23T17:00:00.000Z,2014-01-28T16:59:00.000Z,SELL,0.01,1,1,10.00,1,6930.00
2014-01-28T16:59:00.000Z,2014-01-29T13:47:00.000Z,BUY,0.01,1,1,10.00,1,6940.00
2014-01-29T13:47:00.000Z,2014-01-30T15:21:00.000Z,SELL,0.01,1,1,10.00,1,6950.00
2014-01-30T15:21:00.000Z,2014-02-03T17:02:00.000Z,BUY,0.01,1,1,10.00,1,6960.00
2014-02-03T17:02:00.000Z,2014-02-04T15:20:00.000Z,SELL,0.01,1,1,10.00,1,6970.00
2014-02-04T15:20:00.000Z,2014-02-11T02:56:00.000Z,SELL,0.01,2,1,10.00,2,6980.00
2014-02-11T02:56:00.000Z,2014-02-14T09:16:00.000Z,SELL,0.01,2,1,10.00,2,6990.00
2014-02-14T09:16:00.000Z,2014-02-25T17:04:00.000Z,SELL,0.01,4,1,10.00,4,7000.00
2014-02-25T17:04:00.000Z,2014-02-26T17:10:00.000Z,SELL,0.01,1,1,10.00,1,7010.00
2014-02-26T17:10:00.000Z,2014-03-03T02:16:00.000Z,BUY,0.01,1,1,10.00,1,7020.00
2014-03-03T02:16:00.000Z,2014-03-03T09:56:00.000Z,BUY,0.01,1,1,10.00,1,7030.00
2014-03-03T09:56:00.000Z,2014-03-04T08:20:00.000Z,SELL,0.01,1,1,10.00,1,7040.00
2014-03-04T08:20:00.000Z,2014-03-07T16:28:00.000Z,SELL,0.01,1,1,10.00,1,7050.00
2014-03-07T16:28:00.000Z,2014-03-07T18:19:00.000Z,BUY,0.01,1,1,10.00,1,7060.00
2014-03-07T18:19:00.000Z,2014-03-11T13:53:00.000Z,BUY,0.01,1,1,10.00,1,7070.00
2014-03-11T13:53:00.000Z,2014-03-11T17:49:00.000Z,SELL,0.01,1,1,10.00,1,7080.00
2014-03-11T17:49:00.000Z,2014-03-12T18:34:00.000Z,SELL,0.01,2,1,10.00,2,7090.00
2014-03-12T18:34:00.000Z,2014-03-18T03:33:00.000Z,SELL,0.01,1,1,10.00,1,7100.00
2014-03-18T03:33:00.000Z,2014-03-19T21:09:00.000Z,BUY,0.01,2,1,10.00,2,7110.00
2014-03-19T21:09:00.000Z,2014-03-21T10:55:00.000Z,BUY,0.01,1,1,10.00,1,7120.00
2014-03-21T10:55:00.000Z,2014-03-24T03:26:00.000Z,SELL,0.01,1,1,10.00,1,7130.00
2014-03-24T03:26:00.000Z,2014-03-24T14:31:00.000Z,SELL,0.01,1,1,10.00,1,7140.00
2014-03-24T14:31:00.000Z,2014-03-27T21:00:00.000Z,BUY,0.01,2,1,10.00,2,7150.00
2014-03-27T21:00:00.000Z,2014-04-04T15:33:00.000Z,BUY,0.01,1,1,10.00,1,7160.00
2014-04-04T15:33:00.000Z,2014-04-14T09:30:00.000Z,SELL,0.01,2,1,10.00,2,7170.00
2014-04-14T09:30:00.000Z,2014-04-14T15:30:00.000Z,SELL,0.01,1,1,10.00,1,7180.00
2014-04-14T15:30:00.000Z,2014-04-15T10:29:00.000Z,SELL,0.01,1,1,10.00,1,7190.00
2014-04-15T10:29:00.000Z,2014-04-22T18:35:00.000Z,BUY,0.01,2,1,10.00,2,7200.00
2014-04-22T18:35:00.000Z,2014-04-24T16:45:00.000Z,BUY,0.01,1,1,10.00,1,7210.00
2014-04-24T16:45:00.000Z,2014-04-25T14:04:00.000Z,BUY,0.01,1,1,10.00,1,7220.00
2014-04-25T14:04:00.000Z,2014-04-29T10:35:00.000Z,SELL,0.01,1,1,10.00,1,7230.00
2014-04-29T10:35:00.000Z,2014-04-29T16:37:00.000Z,BUY,0.01,1,1,10.00,1,7240.00
2014-04-29T16:37:00.000Z,2014-05-05T10:55:00.000Z,BUY,0.01,3,1,10.00,3,7250.00
2014-05-05T10:55:00.000Z,2014-05-07T17:00:00.000Z,SELL,0.01,1,1,10.00,1,7260.00
2014-05-07T17:00:00.000Z,2014-05-27T17:32:00.000Z,BUY,0.01,4,1,10.00,4,7270.00
2014-05-27T17:32:00.000Z,2014-06-16T04:00:00.000Z,BUY,0.01,3,1,10.00,3,7280.00
2014-06-16T04:00:00.000Z,2014-06-17T06:17:00.000Z,SELL,0.01,1,1,10.00,1,7290.00
2014-06-17T06:17:00.000Z,2014-06-19T09:37:00.000Z,BUY,0.01,1,1,10.00,1,7300.00
2014-06-19T09:37:00.000Z,2014-06-19T19:47:00.000Z,SELL,0.01,2,1,10.00,2,7310.00
2014-06-19T19:47:00.000Z,2014-07-10T12:21:00.000Z,SELL,0.01,4,1,10.00,4,7320.00
2014-07-10T12:21:00.000Z,2014-07-14T08:39:00.000Z,SELL,0.01,1,1,10.00,1,7330.00
2014-07-14T08:39:00.000Z,2014-07-15T17:55:00.000Z,BUY,0.01,2,1,10.00,2,7340.00
2014-07-15T17:55:00.000Z,2014-07-17T18:27:00.000Z,BUY,0.01,1,1,10.00,1,7350.00
2014-07-17T18:27:00.000Z,2014-07-24T04:32:00.000Z,SELL,0.01,1,1,10.00,1,7360.00
2014-07-24T04:32:00.000Z,2014-07-29T10:46:00.000Z,BUY,0.01,1,1,10.00,1,7370.00
2014-07-29T10:46:00.000Z,2014-07-29T17:00:00.000Z,SELL,0.01,1,1,10.00,1,7380.00
2014-07-29T17:00:00.000Z,2014-07-31T15:33:00.000Z,SELL,0.01,1,1,10.00,1,7390.00
2014-07-31T15:33:00.000Z,2014-08-06T15:26:00.000Z,BUY,0.01,1,1,10.00,1,7400.00
2014-08-06T15:26:00.000Z,2014-08-20T21:18:00.000Z,SELL,0.01,3,1,10.00,3,7410.00
2014-08-20T21:18:00.000Z,2014-09-05T01:31:00.000Z,BUY,0.01,2,1,10.00,2,7420.00
2014-09-05T01:31:00.000Z,2014-09-05T15:30:00.000Z,BUY,0.01,1,1,10.00,1,7430.00
2014-09-05T15:30:00.000Z,2014-09-11T13:33:00.000Z,BUY,0.01,2,1,10.00,2,7440.00
2014-09-11T13:33:00.000Z,2014-09-22T04:31:00.000Z,BUY,0.01,2,1,10.00,2,7450.00
2014-09-22T04:31:00.000Z,2014-09-22T19:00:00.000Z,BUY,0.01,1,1,10.00,1,7460.00
2014-09-22T19:00:00.000Z,2014-09-23T13:59:00.000Z,BUY,0.01,1,1,10.00,1,7470.00
2014-09-23T13:59:00.000Z,2014-09-24T15:13:00.000Z,SELL,0.01,1,1,10.00,1,7480.00
2014-09-24T15:13:00.000Z,2014-09-25T09:25:00.000Z,SELL,0.01,1,1,10.00,1,7490.00
2014-09-25T09:25:00.000Z,2014-09-25T17:40:00.000Z,BUY,0.01,1,1,10.00,1,7500.00
2014-09-25T17:40:00.000Z,2014-09-26T09:56:00.000Z,BUY,0.01,1,1,10.00,1,7510.00
2014-09-26T09:56:00.000Z,2014-09-26T14:19:00.000Z,SELL,0.01,1,1,10.00,1,7520.00
2014-09-26T14:19:00.000Z,2014-09-30T12:26:00.000Z,SELL,0.01,1,1,10.00,1,7530.00
2014-09-30T12:26:00.000Z,2014-09-30T16:49:00.000Z,BUY,0.01,1,1,10.00,1,7540.00
2014-09-30T16:49:00.000Z,2014-10-06T01:05:00.000Z,BUY,0.01,2,1,10.00,2,7550.00
2014-10-06T01:05:00.000Z,2014-10-06T17:27:00.000Z,BUY,0.01,1,1,10.00,1,7560.00
2014-10-06T17:27:00.000Z,2014-10-07T10:37:00.000Z,BUY,0.01,1,1,10.00,1,7570.00
2014-10-07T10:37:00.000Z,2014-10-15T16:29:00.000Z,SELL,0.01,2,1,10.00,2,7580.00
2014-10-15T16:29:00.000Z,2014-10-21T10:06:00.000Z,BUY,0.01,1,1,10.00,1,7590.00
2014-10-21T10:06:00.000Z,2014-10-22T23:33:00.000Z,SELL,0.01,1,1,10.00,1,7600.00
2014-10-22T23:33:00.000Z,2014-10-29T21:05:00.000Z,BUY,0.01,2,1,10.00,2,7610.00
2014-10-29T21:05:00.000Z,2014-10-31T09:01:00.000Z,BUY,0.01,2,1,10.00,2,7620.00
2014-10-31T09:01:00.000Z,2014-11-05T08:51:00.000Z,BUY,0.01,2,1,10.00,2,7630.00
2014-11-05T08:51:00.000Z,2014-11-07T17:31:00.000Z,BUY,0.01,1,1,10.00,1,7640.00
2014-11-07T17:31:00.000Z,2014-11-10T21:49:00.000Z,SELL,0.01,1,1,10.00,1,7650.00
2014-11-10T21:49:00.000Z,2014-11-11T18:28:00.000Z,BUY,0.01,1,1,10.00,1,7660.00
2014-11-11T18:28:00.000Z,2014-11-11T21:06:00.000Z,BUY,0.01,1,1,10.00,1,7670.00
2014-11-11T21:06:00.000Z,2014-11-12T03:10:00.000Z,SELL,0.01,1,1,10.00,1,7680.00
2014-11-12T03:10:00.000Z,2014-11-14T08:34:00.000Z,SELL,0.01,1,1,10.00,1,7690.00
2014-11-14T08:34:00.000Z,2014-11-14T17:01:00.000Z,BUY,0.01,1,1,10.00,1,7700.00
2014-11-14T17:01:00.000Z,2014-11-14T17:06:00.000Z,BUY,0.01,1,1,10.00,1,7710.00
2014-11-14T17:06:00.000Z,2014-11-14T19:13:00.000Z,BUY,0.01,1,1,10.00,1,7720.00
2014-11-14T19:13:00.000Z,2014-11-28T19:46:00.000Z,SELL,0.01,5,1,10.00,5,7730.00
2014-11-28T19:46:00.000Z,2014-12-01T11:52:00.000Z,BUY,0.01,3,1,10.00,3,7740.00
2014-12-01T11:52:00.000Z,2014-12-01T16:37:00.000Z,BUY,0.01,1,1,10.00,1,7750.00
2014-12-01T16:37:00.000Z,2014-12-09T16:38:00.000Z,SELL,0.01,4,1,10.00,4,7760.00
2014-12-09T16:38:00.000Z,2014-12-15T10:50:00.000Z,SELL,0.01,1,1,10.00,1,7770.00
2014-12-15T10:50:00.000Z,2014-12-16T14:08:00.000Z,BUY,0.01,3,1,10.00,3,7780.00
2014-12-16T14:08:00.000Z,2014-12-16T17:48:00.000Z,BUY,0.01,2,1,10.00,2,7790.00
2014-12-16T17:48:00.000Z,2014-12-22T18:31:00.000Z,SELL,0.01,3,1,10.00,3,7800.00
2014-12-22T18:31:00.000Z,2014-12-26T12:33:00.000Z,BUY,0.01,1,1,10.00,1,7810.00
2014-12-26T12:33:00.000Z,2014-12-29T17:47:00.000Z,SELL,0.01,1,1,10.00,1,7820.00
2014-12-29T17:47:00.000Z,2014-12-30T15:24:00.000Z,BUY,0.01,1,1,10.00,1,7830.00
2014-12-30T15:24:00.000Z,2014-12-30T15:26:00.000Z,BUY,0.01,1,1,10.00,1,7840.00
2014-12-30T15:26:00.000Z,2015-01-02T15:20:00.000Z,BUY,0.01,2,1,10.00,2,7850.00
2015-01-02T15:20:00.000Z,2015-01-02T17:35:00.000Z,BUY,0.01,1,1,10.00,1,7860.00
2015-01-02T17:35:00.000Z,2015-01-02T17:41:00.000Z,BUY,0.01,1,1,10.00,1,7870.00
2015-01-02T17:41:00.000Z,2015-01-05T17:00:00.000Z,BUY,0.01,1,1,10.00,1,7880.00
2015-01-05T17:00:00.000Z,2015-01-12T20:22:00.000Z,SELL,0.01,2,1,10.00,2,7890.00
2015-01-12T20:22:00.000Z,2015-01-15T17:12:00.000Z,SELL,0.01,2,1,10.00,2,7900.00
2015-01-15T17:12:00.000Z,2015-01-21T01:05:00.000Z,SELL,0.01,2,1,10.00,2,7910.00
2015-01-21T01:05:00.000Z,2015-01-22T14:24:00.000Z,SELL,0.01,1,1,10.00,1,7920.00
2015-01-22T14:24:00.000Z,2015-01-22T15:03:00.000Z,BUY,0.01,1,1,10.00,1,7930.00
2015-01-22T15:03:00.000Z,2015-01-22T16:18:00.000Z,BUY,0.01,1,1,10.00,1,7940.00
2015-01-22T16:18:00.000Z,2015-01-27T02:34:00.000Z,BUY,0.01,2,1,10.00,2,7950.00
2015-01-27T02:34:00.000Z,2015-01-27T08:55:00.000Z,BUY,0.01,1,1,10.00,1,7960.00
2015-01-27T08:55:00.000Z,2015-01-27T17:33:00.000Z,BUY,0.01,1,1,10.00,1,7970.00
2015-01-27T17:33:00.000Z,2015-01-28T21:20:00.000Z,SELL,0.01,1,1,10.00,1,7980.00
2015-01-28T21:20:00.000Z,2015-01-29T19:19:00.000Z,BUY,0.01,2,1,10.00,2,7990.00
2015-01-29T19:19:00.000Z,2015-01-30T09:17:00.000Z,BUY,0.01,1,1,10.00,1,8000.00
2015-01-30T09:17:00.000Z,2015-01-30T17:58:00.000Z,BUY,0.01,1,1,10.00,1,8010.00
2015-01-30T17:58:00.000Z,2015-01-30T22:42:00.000Z,BUY,0.01,1,1,10.00,1,8020.00
2015-01-30T22:42:00.000Z,2015-02-02T14:39:00.000Z,SELL,0.01,1,1,10.00,1,8030.00
2015-02-02T14:39:00.000Z,2015-02-03T16:42:00.000Z,SELL,0.01,1,1,10.00,1,8040.00
2015-02-03T16:42:00.000Z,2015-02-05T01:35:00.000Z,BUY,0.01,1,1,10.00,1,8050.00
2015-02-05T01:35:00.000Z,2015-02-05T12:57:00.000Z,SELL,0.01,1,1,10.00,1,8060.00
2015-02-05T12:57:00.000Z,2015-02-06T15:30:00.000Z,SELL,0.01,1,1,10.00,1,8070.00
2015-02-06T15:30:00.000Z,2015-02-06T16:03:00.000Z,SELL,0.01,1,1,10.00,1,8080.00
2015-02-06T16:03:00.000Z,2015-02-17T16:21:00.000Z,BUY,0.01,2,1,10.00,2,8090.00
2015-02-17T16:21:00.000Z,2015-02-19T14:26:00.000Z,BUY,0.01,1,1,10.00,1,8100.00
2015-02-19T14:26:00.000Z,2015-02-19T16:18:00.000Z,SELL,0.01,1,1,10.00,1,8110.00
2015-02-19T16:18:00.000Z,2015-02-20T11:28:00.000Z,SELL,0.01,1,1,10.00,1,8120.00
2015-02-20T11:28:00.000Z,2015-02-20T14:19:00.000Z,BUY,0.01,1,1,10.00,1,8130.00
2015-02-20T14:19:00.000Z,2015-03-02T04:40:00.000Z,BUY,0.01,3,1,10.00,3,8140.00
2015-03-02T04:40:00.000Z,2015-03-02T16:10:00.000Z,SELL,0.01,1,1,10.00,1,8150.00
2015-03-02T16:10:00.000Z,2015-03-03T04:02:00.000Z,SELL,0.01,1,1,10.00,1,8160.00
2015-03-03T04:02:00.000Z,2015-03-03T16:33:00.000Z,BUY,0.01,1,1,10.00,1,8170.00
2015-03-03T16:33:00.000Z,2015-03-06T15:59:00.000Z,BUY,0.01,2,1,10.00,2,8180.00
2015-03-06T15:59:00.000Z,2015-03-11T16:15:00.000Z,BUY,0.01,2,1,10.00,2,8190.00
2015-03-11T16:15:00.000Z,2015-03-12T08:42:00.000Z,BUY,0.01,1,1,10.00,1,8200.00
2015-03-12T08:42:00.000Z,2015-03-18T20:21:00.000Z,BUY,0.01,3,1,10.00,3,8210.00
2015-03-18T20:21:00.000Z,2015-03-18T20:47:00.000Z,SELL,0.01,1,1,10.00,1,8220.00
2015-03-18T20:47:00.000Z,2015-03-24T10:36:00.000Z,SELL,0.01,2,1,10.00,2,8230.00
2015-03-24T10:36:00.000Z,2015-03-30T16:10:00.000Z,SELL,0.01,3,1,10.00,3,8240.00
2015-03-30T16:10:00.000Z,2015-04-01T15:21:00.000Z,BUY,0.01,1,1,10.00,1,8250.00
2015-04-01T15:21:00.000Z,2015-04-01T17:21:00.000Z,BUY,0.01,1,1,10.00,1,8260.00
2015-04-01T17:21:00.000Z,2015-04-14T09:22:00.000Z,SELL,0.01,3,1,10.00,3,8270.00
2015-04-14T09:22:00.000Z,2015-04-15T20:26:00.000Z,BUY,0.01,1,1,10.00,1,8280.00
2015-04-15T20:26:00.000Z,2015-04-20T17:29:00.000Z,SELL,0.01,1,1,10.00,1,8290.00
2015-04-20T17:29:00.000Z,2015-04-21T19:36:00.000Z,BUY,0.01,1,1,10.00,1,8300.00
2015-04-21T19:36:00.000Z,2015-04-22T17:03:00.000Z,SELL,0.01,1,1,10.00,1,8310.00
2015-04-22T17:03:00.000Z,2015-04-27T17:54:00.000Z,BUY,0.01,1,1,10.00,1,8320.00
2015-04-27T17:54:00.000Z,2015-04-30T15:50:00.000Z,SELL,0.01,1,1,10.00,1,8330.00
2015-04-30T15:50:00.000Z,2015-05-13T15:30:00.000Z,BUY,0.01,3,1,10.00,3,8340.00
2015-05-13T15:30:00.000Z,2015-05-26T15:21:00.000Z,SELL,0.01,3,1,10.00,3,8350.00
2015-05-26T15:21:00.000Z,2015-06-01T16:50:00.000Z,BUY,0.01,1,1,10.00,1,8360.00
2015-06-01T16:50:00.000Z,2015-06-05T15:01:00.000Z,BUY,0.01,2,1,10.00,2,8370.00
2015-06-05T15:01:00.000Z,2015-06-10T10:09:00.000Z,BUY,0.01,1,1,10.00,1,8380.00
2015-06-10T10:09:00.000Z,2015-06-15T13:01:00.000Z,SELL,0.01,1,1,10.00,1,8390.00
2015-06-15T13:01:00.000Z,2015-06-15T16:20:00.000Z,BUY,0.01,1,1,10.00,1,8400.00
2015-06-15T16:20:00.000Z,2015-06-18T11:10:00.000Z,BUY,0.01,1,1,10.00,1,8410.00
2015-06-18T11:10:00.000Z,2015-06-22T17:11:00.000Z,SELL,0.01,1,1,10.00,1,8420.00
2015-06-22T17:11:00.000Z,2015-07-07T17:09:00.000Z,BUY,0.01,2,1,10.00,2,8430.00
2015-07-07T17:09:00.000Z,2015-07-08T16:21:00.000Z,BUY,0.01,1,1,10.00,1,8440.00
2015-07-08T16:21:00.000Z,2015-07-17T17:01:00.000Z,BUY,0.01,2,1,10.00,2,8450.00
2015-07-17T17:01:00.000Z,2015-07-20T04:29:00.000Z,BUY,0.01,2,1,10.00,2,8460.00
2015-07-20T04:29:00.000Z,2015-07-20T04:29:00.000Z,BUY,0.01,2,1,10.00,2,8470.00
2015-07-20T04:29:00.000Z,2015-07-20T04:29:00.000Z,BUY,0.01,1,1,10.00,1,8480.00
2015-07-20T04:29:00.000Z,2015-07-20T04:29:00.000Z,BUY,0.01,1,1,10.00,1,8490.00
2015-07-20T04:29:00.000Z,2015-07-20T04:29:00.000Z,BUY,0.01,1,1,10.00,1,8500.00
2015-07-20T04:29:00.000Z,2015-07-20T04:29:00.000Z,BUY,0.01,1,1,10.00,1,8510.00
2015-07-20T04:29:00.000Z,2015-07-20T04:29:00.000Z,BUY,0.01,1,1,10.00,1,8520.00
2015-07-20T04:29:00.000Z,2015-07-20T04:35:00.000Z,BUY,0.01,2,1,10.00,2,8530.00
2015-07-20T04:35:00.000Z,2015-07-20T04:35:00.000Z,BUY,0.01,1,1,10.00,1,8540.00
2015-07-20T04:35:00.000Z,2015-07-20T09:19:00.000Z,BUY,0.01,1,1,10.00,1,8550.00
2015-07-20T09:19:00.000Z,2015-07-24T04:04:00.000Z,BUY,0.01,2,1,10.00,2,8560.00
2015-07-24T04:04:00.000Z,2015-07-24T21:04:00.000Z,BUY,0.01,1,1,10.00,1,8570.00
2015-07-24T21:04:00.000Z,2015-08-10T18:21:00.000Z,BUY,0.01,1,1,10.00,1,8580.00
2015-08-10T18:21:00.000Z,2015-08-11T04:54:00.000Z,SELL,0.01,1,1,10.00,1,8590.00
2015-08-11T04:54:00.000Z,2015-08-12T18:54:00.000Z,SELL,0.01,2,1,10.00,2,8600.00
2015-08-12T18:54:00.000Z,2015-08-13T14:31:00.000Z,SELL,0.01,1,1,10.00,1,8610.00
2015-08-13T14:31:00.000Z,2015-08-19T16:40:00.000Z,BUY,0.01,1,1,10.00,1,8620.00
2015-08-19T16:40:00.000Z,2015-08-21T02:34:00.000Z,SELL,0.01,2,1,10.00,2,8630.00
2015-08-21T02:34:00.000Z,2015-08-25T13:47:00.000Z,SELL,0.01,1,1,10.00,1,8640.00
2015-08-25T13:47:00.000Z,2015-09-09T16:05:00.000Z,BUY,0.01,4,1,10.00,4,8650.00
2015-09-09T16:05:00.000Z,2015-09-17T21:00:00.000Z,BUY,0.01,1,1,10.00,1,8660.00
2015-09-17T21:00:00.000Z,2015-09-24T17:20:00.000Z,SELL,0.01,2,1,10.00,2,8670.00
2015-09-24T17:20:00.000Z,2015-09-25T10:49:00.000Z,SELL,0.01,1,1,10.00,1,8680.00
2015-09-25T10:49:00.000Z,2015-09-28T13:09:00.000Z,SELL,0.01,1,1,10.00,1,8690.00
2015-09-28T13:09:00.000Z,2015-10-02T13:11:00.000Z,BUY,0.01,2,1,10.00,2,8700.00
2015-10-02T13:11:00.000Z,2015-10-02T15:30:00.000Z,BUY,0.01,1,1,10.00,1,8710.00
2015-10-02T15:30:00.000Z,2015-10-02T15:37:00.000Z,BUY,0.01,1,1,10.00,1,8720.00
2015-10-02T15:37:00.000Z,2015-10-02T15:45:00.000Z,BUY,0.01,1,1,10.00,1,8730.00
2015-10-02T15:45:00.000Z,2015-10-06T16:21:00.000Z,BUY,0.01,1,1,10.00,1,8740.00
2015-10-06T16:21:00.000Z,2015-10-14T10:31:00.000Z,SELL,0.01,2,1,10.00,2,8750.00
2015-10-14T10:31:00.000Z,2015-10-14T12:48:00.000Z,SELL,0.01,1,1,10.00,1,8760.00
2015-10-14T12:48:00.000Z,2015-10-28T20:35:00.000Z,SELL,0.01,3,1,10.00,3,8770.00
2015-10-28T20:35:00.000Z,2015-10-29T22:15:00.000Z,SELL,0.01,1,1,10.00,1,8780.00
2015-10-29T22:15:00.000Z,2015-11-03T19:55:00.000Z,BUY,0.01,2,1,10.00,2,8790.00
2015-11-03T19:55:00.000Z,2015-11-11T19:48:00.000Z,BUY,0.01,2,1,10.00,2,8800.00
2015-11-11T19:48:00.000Z,2015-11-16T07:54:00.000Z,BUY,0.01,1,1,10.00,1,8810.00
2015-11-16T07:54:00.000Z,2015-11-16T16:17:00.000Z,SELL,0.01,1,1,10.00,1,8820.00
2015-11-16T16:17:00.000Z,2015-11-17T17:54:00.000Z,SELL,0.01,1,1,10.00,1,8830.00
2015-11-17T17:54:00.000Z,2015-11-19T18:40:00.000Z,BUY,0.01,1,1,10.00,1,8840.00
2015-11-19T18:40:00.000Z,2015-11-23T01:05:00.000Z,SELL,0.01,1,1,10.00,1,8850.00
2015-11-23T01:05:00.000Z,2015-12-04T17:07:00.000Z,BUY,0.01,3,1,10.00,3,8860.00
2015-12-04T17:07:00.000Z,2015-12-07T17:10:00.000Z,SELL,0.01,1,1,10.00,1,8870.00
2015-12-07T17:10:00.000Z,2015-12-11T12:44:00.000Z,SELL,0.01,1,1,10.00,1,8880.00
2015-12-11T12:44:00.000Z,2015-12-11T16:48:00.000Z,BUY,0.01,1,1,10.00,1,8890.00
2015-12-11T16:48:00.000Z,2016-01-06T10:51:00.000Z,BUY,0.01,3,1,10.00,3,8900.00
2016-01-06T10:51:00.000Z,2016-01-14T20:23:00.000Z,SELL,0.01,3,1,10.00,3,8910.00
2016-01-14T20:23:00.000Z,2016-01-15T10:01:00.000Z,BUY,0.01,1,1,10.00,1,8920.00
2016-01-15T10:01:00.000Z,2016-01-15T15:49:00.000Z,BUY,0.01,1,1,10.00,1,8930.00
2016-01-15T15:49:00.000Z,2016-01-20T19:23:00.000Z,BUY,0.01,1,1,10.00,1,8940.00
2016-01-20T19:23:00.000Z,2016-01-21T15:37:00.000Z,SELL,0.01,1,1,10.00,1,8950.00
2016-01-21T15:37:00.000Z,2016-01-27T21:48:00.000Z,SELL,0.01,2,1,10.00,2,8960.00
2016-01-27T21:48:00.000Z,2016-02-03T17:17:00.000Z,BUY,0.01,1,1,10.00,1,8970.00
2016-02-03T17:17:00.000Z,2016-02-05T22:09:00.000Z,SELL,0.01,2,1,10.00,2,8980.00
2016-02-05T22:09:00.000Z,2016-02-08T17:10:00.000Z,SELL,0.01,2,1,10.00,2,8990.00
2016-02-08T17:10:00.000Z,2016-02-10T11:07:00.000Z,SELL,0.01,1,1,10.00,1,9000.00
2016-02-10T11:07:00.000Z,2016-02-10T22:40:00.000Z,BUY,0.01,1,1,10.00,1,9010.00
2016-02-10T22:40:00.000Z,2016-02-11T12:22:00.000Z,SELL,0.01,2,1,10.00,2,9020.00
2016-02-11T12:22:00.000Z,2016-02-11T18:33:00.000Z,SELL,0.01,2,1,10.00,2,9030.00
2016-02-11T18:33:00.000Z,2016-02-11T20:11:00.000Z,SELL,0.01,1,1,10.00,1,9040.00
2016-02-11T20:11:00.000Z,2016-02-12T05:38:00.000Z,SELL,0.01,1,1,10.00,1,9050.00
2016-02-12T05:38:00.000Z,2016-02-15T03:10:00.000Z,SELL,0.01,1,1,10.00,1,9060.00
2016-02-15T03:10:00.000Z,2016-02-16T05:28:00.000Z,BUY,0.01,2,1,10.00,2,9070.00
2016-02-16T05:28:00.000Z,2016-02-16T11:04:00.000Z,BUY,0.01,1,1,10.00,1,9080.00
2016-02-16T11:04:00.000Z,2016-02-16T13:25:00.000Z,BUY,0.01,1,1,10.00,1,9090.00
2016-02-16T13:25:00.000Z,2016-02-18T19:56:00.000Z,BUY,0.01,1,1,10.00,1,9100.00
2016-02-18T19:56:00.000Z,2016-02-22T06:49:00.000Z,SELL,0.01,1,1,10.00,1,9110.00
2016-02-22T06:49:00.000Z,2016-02-23T15:25:00.000Z,BUY,0.01,1,1,10.00,1,9120.00
2016-02-23T15:25:00.000Z,2016-02-26T18:00:00.000Z,SELL,0.01,3,1,10.00,3,9130.00
2016-02-26T18:00:00.000Z,2016-02-26T21:37:00.000Z,BUY,0.01,1,1,10.00,1,9140.00
2016-02-26T21:37:00.000Z,2016-02-29T17:00:00.000Z,BUY,0.01,1,1,10.00,1,9150.00
2016-02-29T17:00:00.000Z,2016-03-02T04:54:00.000Z,SELL,0.01,1,1,10.00,1,9160.00
2016-03-02T04:54:00.000Z,2016-03-02T15:06:00.000Z,BUY,0.01,1,1,10.00,1,9170.00
2016-03-02T15:06:00.000Z,2016-03-03T16:42:00.000Z,BUY,0.01,1,1,10.00,1,9180.00
2016-03-03T16:42:00.000Z,2016-03-04T16:45:00.000Z,SELL,0.01,2,1,10.00,2,9190.00
2016-03-04T16:45:00.000Z,2016-03-04T17:47:00.000Z,SELL,0.01,1,1,10.00,1,9200.00
2016-03-04T17:47:00.000Z,2016-03-09T03:06:00.000Z,SELL,0.01,1,1,10.00,1,9210.00
2016-03-09T03:06:00.000Z,2016-03-10T16:46:00.000Z,BUY,0.01,1,1,10.00,1,9220.00
2016-03-10T16:46:00.000Z,2016-03-11T03:12:00.000Z,BUY,0.01,1,1,10.00,1,9230.00
2016-03-11T03:12:00.000Z,2016-03-11T10:50:00.000Z,SELL,0.01,1,1,10.00,1,9240.00
2016-03-11T10:50:00.000Z,2016-03-11T17:21:00.000Z,SELL,0.01,1,1,10.00,1,9250.00
2016-03-11T17:21:00.000Z,2016-03-14T16:00:00.000Z,SELL,0.01,1,1,10.00,1,9260.00
2016-03-14T16:00:00.000Z,2016-03-16T20:42:00.000Z,BUY,0.01,1,1,10.00,1,9270.00
2016-03-16T20:42:00.000Z,2016-03-17T10:02:00.000Z,BUY,0.01,1,1,10.00,1,9280.00
2016-03-17T10:02:00.000Z,2016-03-18T10:55:00.000Z,SELL,0.01,1,1,10.00,1,9290.00
2016-03-18T10:55:00.000Z,2016-03-21T07:48:00.000Z,SELL,0.01,1,1,10.00,1,9300.00
2016-03-21T07:48:00.000Z,2016-03-22T09:55:00.000Z,BUY,0.01,1,1,10.00,1,9310.00
2016-03-22T09:55:00.000Z,2016-03-23T14:30:00.000Z,BUY,0.01,2,1,10.00,2,9320.00
2016-03-23T14:30:00.000Z,2016-03-29T19:21:00.000Z,BUY,0.01,1,1,10.00,1,9330.00
2016-03-29T19:21:00.000Z,2016-03-30T18:36:00.000Z,SELL,0.01,1,1,10.00,1,9340.00
2016-03-30T18:36:00.000Z,2016-04-01T16:19:00.000Z,SELL,0.01,1,1,10.00,1,9350.00
2016-04-01T16:19:00.000Z,2016-04-05T04:58:00.000Z,BUY,0.01,1,1,10.00,1,9360.00
2016-04-05T04:58:00.000Z,2016-04-05T15:36:00.000Z,BUY,0.01,1,1,10.00,1,9370.00
2016-04-05T15:36:00.000Z,2016-04-06T10:16:00.000Z,SELL,0.01,1,1,10.00,1,9380.00
2016-04-06T10:16:00.000Z,2016-04-11T16:48:00.000Z,SELL,0.01,2,1,10.00,2,9390.00
2016-04-11T16:48:00.000Z,2016-04-13T11:55:00.000Z,SELL,0.01,1,1,10.00,1,9400.00
2016-04-13T11:55:00.000Z,2016-04-19T16:22:00.000Z,BUY,0.01,3,1,10.00,3,9410.00
2016-04-19T16:22:00.000Z,2016-04-20T22:12:00.000Z,SELL,0.01,1,1,10.00,1,9420.00
2016-04-20T22:12:00.000Z,2016-04-22T19:04:00.000Z,SELL,0.01,3,1,10.00,3,9430.00
2016-04-22T19:04:00.000Z,2016-04-27T03:20:00.000Z,BUY,0.01,1,1,10.00,1,9440.00
2016-04-27T03:20:00.000Z,2016-04-29T04:30:00.000Z,SELL,0.01,2,1,10.00,2,9450.00
2016-04-29T04:30:00.000Z,2016-05-09T16:43:00.000Z,SELL,0.01,5,1,10.00,5,9460.00
2016-05-09T16:43:00.000Z,2016-05-11T13:41:00.000Z,BUY,0.01,1,1,10.00,1,9470.00
2016-05-11T13:41:00.000Z,2016-05-12T23:45:00.000Z,SELL,0.01,1,1,10.00,1,9480.00
2016-05-12T23:45:00.000Z,2016-05-13T09:00:00.000Z,BUY,0.01,1,1,10.00,1,9490.00
2016-05-13T09:00:00.000Z,2016-05-16T15:30:00.000Z,BUY,0.01,1,1,10.00,1,9500.00
2016-05-16T15:30:00.000Z,2016-05-16T17:39:00.000Z,SELL,0.01,1,1,10.00,1,9510.00
2016-05-16T17:39:00.000Z,2016-05-18T21:05:00.000Z,SELL,0.01,1,1,10.00,1,9520.00
2016-05-18T21:05:00.000Z,2016-05-24T17:06:00.000Z,BUY,0.01,2,1,10.00,2,9530.00
2016-05-24T17:06:00.000Z,2016-05-30T04:00:00.000Z,BUY,0.01,2,1,10.00,2,9540.00
2016-05-30T04:00:00.000Z,2016-05-31T17:20:00.000Z,BUY,0.01,1,1,10.00,1,9550.00
2016-05-31T17:20:00.000Z,2016-06-06T01:13:00.000Z,SELL,0.01,2,1,10.00,2,9560.00
2016-06-06T01:13:00.000Z,2016-06-07T15:31:00.000Z,SELL,0.01,1,1,10.00,1,9570.00
2016-06-07T15:31:00.000Z,2016-06-07T21:16:00.000Z,BUY,0.01,1,1,10.00,1,9580.00
2016-06-07T21:16:00.000Z,2016-06-08T14:58:00.000Z,BUY,0.01,1,1,10.00,1,9590.00
2016-06-08T14:58:00.000Z,2016-06-13T13:33:00.000Z,SELL,0.01,2,1,10.00,2,9600.00
2016-06-13T13:33:00.000Z,2016-06-16T17:39:00.000Z,SELL,0.01,2,1,10.00,2,9610.00
2016-06-16T17:39:00.000Z,2016-06-16T19:20:00.000Z,SELL,0.01,1,1,10.00,1,9620.00
2016-06-16T19:20:00.000Z,2016-06-16T20:12:00.000Z,SELL,0.01,1,1,10.00,1,9630.00
2016-06-16T20:12:00.000Z,2016-06-16T20:58:00.000Z,SELL,0.01,1,1,10.00,1,9640.00
2016-06-16T20:58:00.000Z,2016-06-21T14:02:00.000Z,SELL,0.01,1,1,10.00,1,9650.00
2016-06-21T14:02:00.000Z,2016-06-24T04:08:00.000Z,BUY,0.01,3,1,10.00,3,9660.00
2016-06-24T04:08:00.000Z,2016-06-24T05:43:00.000Z,BUY,0.01,1,1,10.00,1,9670.00
2016-06-24T05:43:00.000Z,2016-06-24T06:40:00.000Z,SELL,0.01,2,1,10.00,2,9680.00
2016-06-24T06:40:00.000Z,2016-06-24T06:50:00.000Z,SELL,0.01,2,1,10.00,2,9690.00
2016-06-24T06:50:00.000Z,2016-06-24T06:53:00.000Z,SELL,0.01,1,1,10.00,1,9700.00
2016-06-24T06:53:00.000Z,2016-06-24T06:53:00.000Z,SELL,0.01,1,1,10.00,1,9710.00
2016-06-24T06:53:00.000Z,2016-06-24T07:10:00.000Z,SELL,0.01,1,1,10.00,1,9720.00
2016-06-24T07:10:00.000Z,2016-06-24T09:17:00.000Z,SELL,0.01,1,1,10.00,1,9730.00
2016-06-24T09:17:00.000Z,2016-07-01T22:49:00.000Z,SELL,0.01,4,1,10.00,4,9740.00
2016-07-01T22:49:00.000Z,2016-07-06T13:23:00.000Z,SELL,0.01,2,1,10.00,2,9750.00
2016-07-06T13:23:00.000Z,2016-07-06T17:01:00.000Z,SELL,0.01,1,1,10.00,1,9760.00
2016-07-06T17:01:00.000Z,2016-07-07T16:41:00.000Z,SELL,0.01,1,1,10.00,1,9770.00
2016-07-07T16:41:00.000Z,2016-07-08T15:26:00.000Z,BUY,0.01,1,1,10.00,1,9780.00
2016-07-08T15:26:00.000Z,2016-07-11T01:53:00.000Z,BUY,0.01,3,1,10.00,3,9790.00
2016-07-11T01:53:00.000Z,2016-07-11T04:00:00.000Z,SELL,0.01,1,1,10.00,1,9800.00
2016-07-11T04:00:00.000Z,2016-07-11T15:56:00.000Z,SELL,0.01,1,1,10.00,1,9810.00
2016-07-11T15:56:00.000Z,2016-07-14T14:37:00.000Z,BUY,0.01,2,1,10.00,2,9820.00
2016-07-14T14:37:00.000Z,2016-07-14T22:43:00.000Z,BUY,0.01,1,1,10.00,1,9830.00
2016-07-14T22:43:00.000Z,2016-07-28T15:02:00.000Z,BUY,0.01,5,1,10.00,5,9840.00
2016-07-28T15:02:00.000Z,2016-07-28T18:58:00.000Z,SELL,0.01,1,1,10.00,1,9850.00
2016-07-28T18:58:00.000Z,2016-08-02T15:48:00.000Z,SELL,0.01,2,1,10.00,2,9860.00
2016-08-02T15:48:00.000Z,2016-08-04T05:43:00.000Z,SELL,0.01,1,1,10.00,1,9870.00
2016-08-04T05:43:00.000Z,2016-08-04T15:46:00.000Z,BUY,0.01,1,1,10.00,1,9880.00
2016-08-04T15:46:00.000Z,2016-08-08T01:05:00.000Z,BUY,0.01,2,1,10.00,2,9890.00
2016-08-08T01:05:00.000Z,2016-08-10T03:13:00.000Z,BUY,0.01,1,1,10.00,1,9900.00
2016-08-10T03:13:00.000Z,2016-08-12T19:48:00.000Z,SELL,0.01,1,1,10.00,1,9910.00
2016-08-12T19:48:00.000Z,2016-08-25T04:18:00.000Z,SELL,0.01,3,1,10.00,3,9920.00
2016-08-25T04:18:00.000Z,2016-08-26T17:10:00.000Z,BUY,0.01,1,1,10.00,1,9930.00
2016-08-26T17:10:00.000Z,2016-08-26T18:39:00.000Z,SELL,0.01,1,1,10.00,1,9940.00
2016-08-26T18:39:00.000Z,2016-08-30T20:03:00.000Z,SELL,0.01,1,1,10.00,1,9950.00
2016-08-30T20:03:00.000Z,2016-09-02T15:30:00.000Z,BUY,0.01,1,1,10.00,1,9960.00
2016-09-02T15:30:00.000Z,2016-09-02T15:30:00.000Z,SELL,0.01,1,1,10.00,1,9970.00
2016-09-02T15:30:00.000Z,2016-09-06T19:28:00.000Z,SELL,0.01,2,1,10.00,2,9980.00
2016-09-06T19:28:00.000Z,2016-09-09T13:55:00.000Z,SELL,0.01,1,1,10.00,1,9990.00
2016-09-09T13:55:00.000Z,2016-09-22T19:04:00.000Z,BUY,0.01,3,1,10.00,3,10000.00
2016-09-22T19:04:00.000Z,2016-09-26T06:21:00.000Z,SELL,0.01,1,1,10.00,1,10010.00
2016-09-26T06:21:00.000Z,2016-10-04T15:21:00.000Z,BUY,0.01,2,1,10.00,2,10020.00
2016-10-04T15:21:00.000Z,2016-10-04T19:46:00.000Z,BUY,0.01,2,1,10.00,2,10030.00
2016-10-04T19:46:00.000Z,2016-10-07T18:33:00.000Z,BUY,0.01,2,1,10.00,2,10040.00
2016-10-07T18:33:00.000Z,2016-10-19T18:09:00.000Z,SELL,0.01,2,1,10.00,2,10050.00
2016-10-19T18:09:00.000Z,2016-10-21T05:35:00.000Z,SELL,0.01,1,1,10.00,1,10060.00
2016-10-21T05:35:00.000Z,2016-10-25T18:11:00.000Z,BUY,0.01,1,1,10.00,1,10070.00
2016-10-25T18:11:00.000Z,2016-10-28T15:30:00.000Z,SELL,0.01,1,1,10.00,1,10080.00
2016-10-28T15:30:00.000Z,2016-10-28T16:33:00.000Z,BUY,0.01,1,1,10.00,1,10090.00
2016-10-28T16:33:00.000Z,2016-10-28T21:00:00.000Z,BUY,0.01,1,1,10.00,1,10100.00
2016-10-28T21:00:00.000Z,2016-10-31T11:11:00.000Z,SELL,0.01,1,1,10.00,1,10110.00
2016-10-31T11:11:00.000Z,2016-11-02T16:01:00.000Z,SELL,0.01,2,1,10.00,2,10120.00
2016-11-02T16:01:00.000Z,2016-11-03T10:47:00.000Z,SELL,0.01,1,1,10.00,1,10130.00
2016-11-03T10:47:00.000Z,2016-11-07T17:00:00.000Z,SELL,0.01,1,1,10.00,1,10140.00
2016-11-07T17:00:00.000Z,2016-11-09T04:05:00.000Z,BUY,0.01,1,1,10.00,1,10150.00
2016-11-09T04:05:00.000Z,2016-11-09T04:22:00.000Z,BUY,0.01,1,1,10.00,1,10160.00
2016-11-09T04:22:00.000Z,2016-11-09T05:14:00.000Z,BUY,0.01,1,1,10.00,1,10170.00
2016-11-09T05:14:00.000Z,2016-11-09T10:10:00.000Z,SELL,0.01,3,1,10.00,3,10180.00
2016-11-09T10:10:00.000Z,2016-11-09T10:15:00.000Z,SELL,0.01,1,1,10.00,1,10190.00
2016-11-09T10:15:00.000Z,2016-11-09T16:59:00.000Z,SELL,0.01,1,1,10.00,1,10200.00
2016-11-09T16:59:00.000Z,2016-11-09T20:12:00.000Z,SELL,0.01,1,1,10.00,1,10210.00
2016-11-09T20:12:00.000Z,2016-11-10T03:15:00.000Z,BUY,0.01,1,1,10.00,1,10220.00
2016-11-10T03:15:00.000Z,2016-11-10T22:34:00.000Z,BUY,0.01,2,1,10.00,2,10230.00
2016-11-10T22:34:00.000Z,2016-11-11T02:50:00.000Z,BUY,0.01,1,1,10.00,1,10240.00
2016-11-11T02:50:00.000Z,2016-11-11T17:11:00.000Z,BUY,0.01,2,1,10.00,2,10250.00
2016-11-11T17:11:00.000Z,2016-11-18T09:41:00.000Z,BUY,0.01,4,1,10.00,4,10260.00
2016-11-18T09:41:00.000Z,2016-11-18T14:52:00.000Z,BUY,0.01,1,1,10.00,1,10270.00
2016-11-18T14:52:00.000Z,2016-11-23T17:31:00.000Z,BUY,0.01,2,1,10.00,2,10280.00
2016-11-23T17:31:00.000Z,2016-11-28T02:51:00.000Z,BUY,0.01,1,1,10.00,1,10290.00
2016-11-28T02:51:00.000Z,2016-12-01T03:25:00.000Z,BUY,0.01,2,1,10.00,2,10300.00
2016-12-01T03:25:00.000Z,2016-12-01T07:05:00.000Z,BUY,0.01,1,1,10.00,1,10310.00
2016-12-01T07:05:00.000Z,2016-12-05T01:05:00.000Z,BUY,0.01,1,1,10.00,1,10320.00
2016-12-05T01:05:00.000Z,2016-12-05T03:44:00.000Z,SELL,0.01,1,1,10.00,1,10330.00
2016-12-05T03:44:00.000Z,2016-12-05T10:36:00.000Z,SELL,0.01,1,1,10.00,1,10340.00
2016-12-05T10:36:00.000Z,2016-12-12T10:21:00.000Z,SELL,0.01,1,1,10.00,1,10350.00
2016-12-12T10:21:00.000Z,2016-12-12T19:12:00.000Z,BUY,0.01,1,1,10.00,1,10360.00
2016-12-12T19:12:00.000Z,2016-12-15T12:27:00.000Z,BUY,0.01,2,1,10.00,2,10370.00
2016-12-15T12:27:00.000Z,2016-12-27T09:48:00.000Z,BUY,0.01,1,1,10.00,1,10380.00
2016-12-27T09:48:00.000Z,2017-01-05T05:07:00.000Z,SELL,0.01,2,1,10.00,2,10390.00
2017-01-05T05:07:00.000Z,2017-01-12T10:30:00.000Z,SELL,0.01,2,1,10.00,2,10400.00
2017-01-12T10:30:00.000Z,2017-01-13T03:57:00.000Z,SELL,0.01,1,1,10.00,1,10410.00
2017-01-13T03:57:00.000Z,2017-01-16T01:32:00.000Z,BUY,0.01,1,1,10.00,1,10420.00
2017-01-16T01:32:00.000Z,2017-01-25T16:35:00.000Z,SELL,0.01,1,1,10.00,1,10430.00
2017-01-25T16:35:00.000Z,2017-01-31T13:59:00.000Z,BUY,0.01,1,1,10.00,1,10440.00
2017-01-31T13:59:00.000Z,2017-02-06T21:33:00.000Z,SELL,0.01,2,1,10.00,2,10450.00
2017-02-06T21:33:00.000Z,2017-02-10T03:11:00.000Z,SELL,0.01,1,1,10.00,1,10460.00
2017-02-10T03:11:00.000Z,2017-02-10T18:30:00.000Z,BUY,0.01,1,1,10.00,1,10470.00
2017-02-10T18:30:00.000Z,2017-02-17T14:07:00.000Z,BUY,0.01,1,1,10.00,1,10480.00
2017-02-17T14:07:00.000Z,2017-02-20T03:32:00.000Z,SELL,0.01,1,1,10.00,1,10490.00
2017-02-20T03:32:00.000Z,2017-02-23T15:15:00.000Z,BUY,0.01,1,1,10.00,1,10500.00
2017-02-23T15:15:00.000Z,2017-03-02T19:10:00.000Z,SELL,0.01,3,1,10.00,3,10510.00
2017-03-02T19:10:00.000Z,2017-03-09T10:47:00.000Z,BUY,0.01,2,1,10.00,2,10520.00
2017-03-09T10:47:00.000Z,2017-03-15T20:06:00.000Z,BUY,0.01,1,1,10.00,1,10530.00
2017-03-15T20:06:00.000Z,2017-03-16T03:22:00.000Z,BUY,0.01,1,1,10.00,1,10540.00
2017-03-16T03:22:00.000Z,2017-03-27T01:55:00.000Z,SELL,0.01,2,1,10.00,2,10550.00
2017-03-27T01:55:00.000Z,2017-03-30T22:28:00.000Z,SELL,0.01,1,1,10.00,1,10560.00
2017-03-30T22:28:00.000Z,2017-04-04T01:05:00.000Z,BUY,0.01,1,1,10.00,1,10570.00
2017-04-04T01:05:00.000Z,2017-04-05T16:50:00.000Z,SELL,0.01,1,1,10.00,1,10580.00
2017-04-05T16:50:00.000Z,2017-04-05T22:13:00.000Z,BUY,0.01,1,1,10.00,1,10590.00
2017-04-05T22:13:00.000Z,2017-04-07T04:59:00.000Z,BUY,0.01,1,1,10.00,1,10600.00
2017-04-07T04:59:00.000Z,2017-04-11T21:12:00.000Z,BUY,0.01,1,1,10.00,1,10610.00
2017-04-11T21:12:00.000Z,2017-04-25T19:05:00.000Z,SELL,0.01,3,1,10.00,3,10620.00
2017-04-25T19:05:00.000Z,2017-05-04T09:36:00.000Z,BUY,0.01,2,1,10.00,2,10630.00
2017-05-04T09:36:00.000Z,2017-05-17T02:43:00.000Z,BUY,0.01,3,1,10.00,3,10640.00
2017-05-17T02:43:00.000Z,2017-06-02T15:47:00.000Z,SELL,0.01,2,1,10.00,2,10650.00
2017-06-02T15:47:00.000Z,2017-06-06T05:29:00.000Z,BUY,0.01,1,1,10.00,1,10660.00
2017-06-06T05:29:00.000Z,2017-06-08T16:41:00.000Z,SELL,0.01,1,1,10.00,1,10670.00
2017-06-08T16:41:00.000Z,2017-06-19T22:14:00.000Z,BUY,0.01,2,1,10.00,2,10680.00
2017-06-19T22:14:00.000Z,2017-06-22T08:53:00.000Z,BUY,0.01,1,1,10.00,1,10690.00
2017-06-22T08:53:00.000Z,2017-06-26T11:01:00.000Z,SELL,0.01,1,1,10.00,1,10700.00
2017-06-26T11:01:00.000Z,2017-06-28T15:19:00.000Z,BUY,0.01,1,1,10.00,1,10710.00
2017-06-28T15:19:00.000Z,2017-06-29T11:01:00.000Z,SELL,0.01,1,1,10.00,1,10720.00
2017-06-29T11:01:00.000Z,2017-07-07T16:44:00.000Z,BUY,0.01,2,1,10.00,2,10730.00
2017-07-07T16:44:00.000Z,2017-07-12T15:47:00.000Z,BUY,0.01,1,1,10.00,1,10740.00
2017-07-12T15:47:00.000Z,2017-07-21T20:26:00.000Z,SELL,0.01,2,1,10.00,2,10750.00
2017-07-21T20:26:00.000Z,2017-07-26T09:31:00.000Z,SELL,0.01,1,1,10.00,1,10760.00
2017-07-26T09:31:00.000Z,2017-07-26T21:10:00.000Z,BUY,0.01,1,1,10.00,1,10770.00
2017-07-26T21:10:00.000Z,2017-07-27T15:39:00.000Z,BUY,0.01,1,1,10.00,1,10780.00
2017-07-27T15:39:00.000Z,2017-07-27T19:21:00.000Z,SELL,0.01,1,1,10.00,1,10790.00
2017-07-27T19:21:00.000Z,2017-08-10T16:00:00.000Z,SELL,0.01,2,1,10.00,2,10800.00
2017-08-10T16:00:00.000Z,2017-08-15T04:09:00.000Z,SELL,0.01,1,1,10.00,1,10810.00
2017-08-15T04:09:00.000Z,2017-08-17T03:55:00.000Z,BUY,0.01,1,1,10.00,1,10820.00
2017-08-17T03:55:00.000Z,2017-08-29T01:06:00.000Z,SELL,0.01,2,1,10.00,2,10830.00
2017-08-29T01:06:00.000Z,2017-08-31T04:43:00.000Z,SELL,0.01,1,1,10.00,1,10840.00
2017-08-31T04:43:00.000Z,2017-08-31T17:20:00.000Z,BUY,0.01,1,1,10.00,1,10850.00
2017-08-31T17:20:00.000Z,2017-09-07T15:31:00.000Z,SELL,0.01,2,1,10.00,2,10860.00
2017-09-07T15:31:00.000Z,2017-09-11T09:42:00.000Z,SELL,0.01,1,1,10.00,1,10870.00
2017-09-11T09:42:00.000Z,2017-09-20T21:09:00.000Z,BUY,0.01,2,1,10.00,2,10880.00
2017-09-20T21:09:00.000Z,2017-09-21T09:58:00.000Z,SELL,0.01,1,1,10.00,1,10890.00
2017-09-21T09:58:00.000Z,2017-09-25T18:14:00.000Z,BUY,0.01,1,1,10.00,1,10900.00
2017-09-25T18:14:00.000Z,2017-09-26T19:40:00.000Z,SELL,0.01,1,1,10.00,1,10910.00
2017-09-26T19:40:00.000Z,2017-10-06T15:32:00.000Z,BUY,0.01,2,1,10.00,2,10920.00
2017-10-06T15:32:00.000Z,2017-10-06T18:33:00.000Z,BUY,0.01,1,1,10.00,1,10930.00
2017-10-06T18:33:00.000Z,2017-10-09T05:30:00.000Z,BUY,0.01,1,1,10.00,1,10940.00
2017-10-09T05:30:00.000Z,2017-10-23T02:33:00.000Z,SELL,0.01,3,1,10.00,3,10950.00
2017-10-23T02:33:00.000Z,2017-11-08T16:20:00.000Z,BUY,0.01,1,1,10.00,1,10960.00
2017-11-08T16:20:00.000Z,2017-11-10T18:16:00.000Z,SELL,0.01,1,1,10.00,1,10970.00
2017-11-10T18:16:00.000Z,2017-11-15T11:36:00.000Z,BUY,0.01,1,1,10.00,1,10980.00
2017-11-15T11:36:00.000Z,2017-11-30T19:01:00.000Z,SELL,0.01,1,1,10.00,1,10990.00
2017-11-30T19:01:00.000Z,2017-12-01T18:20:00.000Z,BUY,0.01,1,1,10.00,1,11000.00
2017-12-01T18:20:00.000Z,2017-12-07T12:43:00.000Z,BUY,0.01,2,1,10.00,2,11010.00
2017-12-07T12:43:00.000Z,2017-12-19T14:23:00.000Z,BUY,0.01,1,1,10.00,1,11020.00
2017-12-19T14:23:00.000Z,2017-12-28T18:57:00.000Z,SELL,0.01,2,1,10.00,2,11030.00
2017-12-28T18:57:00.000Z,2018-01-04T22:04:00.000Z,SELL,0.01,2,1,10.00,2,11040.00
2018-01-04T22:04:00.000Z,2018-01-05T16:16:00.000Z,SELL,0.01,1,1,10.00,1,11050.00
2018-01-05T16:16:00.000Z,2018-01-24T10:08:00.000Z,SELL,0.01,2,1,10.00,2,11060.00
2018-01-24T10:08:00.000Z,2018-01-31T21:18:00.000Z,SELL,0.01,3,1,10.00,3,11070.00
2018-01-31T21:18:00.000Z,2018-02-06T22:01:00.000Z,SELL,0.01,1,1,10.00,1,11080.00
2018-02-06T22:01:00.000Z,2018-02-14T04:52:00.000Z,BUY,0.01,1,1,10.00,1,11090.00
2018-02-14T04:52:00.000Z,2018-02-14T15:30:00.000Z,SELL,0.01,1,1,10.00,1,11100.00
2018-02-14T15:30:00.000Z,2018-02-14T20:20:00.000Z,SELL,0.01,2,1,10.00,2,11110.00
2018-02-14T20:20:00.000Z,2018-02-20T01:46:00.000Z,SELL,0.01,1,1,10.00,1,11120.00
2018-02-20T01:46:00.000Z,2018-02-27T19:15:00.000Z,BUY,0.01,2,1,10.00,2,11130.00
2018-02-27T19:15:00.000Z,2018-03-02T15:57:00.000Z,BUY,0.01,1,1,10.00,1,11140.00
2018-03-02T15:57:00.000Z,2018-03-09T15:24:00.000Z,SELL,0.01,1,1,10.00,1,11150.00
2018-03-09T15:24:00.000Z,2018-03-09T18:50:00.000Z,BUY,0.01,1,1,10.00,1,11160.00
2018-03-09T18:50:00.000Z,2018-03-21T21:31:00.000Z,BUY,0.01,1,1,10.00,1,11170.00
2018-03-21T21:31:00.000Z,2018-03-28T21:19:00.000Z,SELL,0.01,3,1,10.00,3,11180.00
2018-03-28T21:19:00.000Z,2018-04-02T14:41:00.000Z,BUY,0.01,1,1,10.00,1,11190.00
2018-04-02T14:41:00.000Z,2018-04-05T16:18:00.000Z,SELL,0.01,1,1,10.00,1,11200.00
2018-04-05T16:18:00.000Z,2018-04-06T16:25:00.000Z,BUY,0.01,1,1,10.00,1,11210.00
2018-04-06T16:25:00.000Z,2018-04-11T09:18:00.000Z,BUY,0.01,1,1,10.00,1,11220.00
2018-04-11T09:18:00.000Z,2018-04-12T22:34:00.000Z,SELL,0.01,3,1,10.00,3,11230.00
2018-04-12T22:34:00.000Z,2018-04-13T17:02:00.000Z,BUY,0.01,1,1,10.00,1,11240.00
2018-04-13T17:02:00.000Z,2018-04-18T16:34:00.000Z,BUY,0.01,1,1,10.00,1,11250.00
2018-04-18T16:34:00.000Z,2018-04-19T12:26:00.000Z,SELL,0.01,1,1,10.00,1,11260.00
2018-04-19T12:26:00.000Z,2018-04-23T01:23:00.000Z,SELL,0.01,1,1,10.00,1,11270.00
2018-04-23T01:23:00.000Z,2018-05-01T17:13:00.000Z,BUY,0.01,2,1,10.00,2,11280.00
2018-05-01T17:13:00.000Z,2018-05-03T14:48:00.000Z,BUY,0.01,1,1,10.00,1,11290.00
2018-05-03T14:48:00.000Z,2018-05-09T10:50:00.000Z,SELL,0.01,1,1,10.00,1,11300.00
2018-05-09T10:50:00.000Z,2018-05-09T16:20:00.000Z,BUY,0.01,1,1,10.00,1,11310.00
2018-05-09T16:20:00.000Z,2018-05-11T13:08:00.000Z,BUY,0.01,1,1,10.00,1,11320.00
2018-05-11T13:08:00.000Z,2018-05-14T21:01:00.000Z,SELL,0.01,1,1,10.00,1,11330.00
2018-05-14T21:01:00.000Z,2018-05-21T09:19:00.000Z,BUY,0.01,2,1,10.00,2,11340.00
2018-05-21T09:19:00.000Z,2018-05-22T11:01:00.000Z,BUY,0.01,1,1,10.00,1,11350.00
2018-05-22T11:01:00.000Z,2018-06-15T16:50:00.000Z,SELL,0.01,1,1,10.00,1,11360.00
2018-06-15T16:50:00.000Z,2018-06-27T05:02:00.000Z,BUY,0.01,2,1,10.00,2,11370.00
2018-06-27T05:02:00.000Z,2018-07-09T13:51:00.000Z,BUY,0.01,1,1,10.00,1,11380.00
2018-07-09T13:51:00.000Z,2018-07-10T11:39:00.000Z,SELL,0.01,1,1,10.00,1,11390.00
2018-07-10T11:39:00.000Z,2018-07-18T08:31:00.000Z,BUY,0.01,2,1,10.00,2,11400.00
2018-07-18T08:31:00.000Z,2018-07-23T03:28:00.000Z,BUY,0.01,1,1,10.00,1,11410.00
2018-07-23T03:28:00.000Z,2018-07-23T16:56:00.000Z,SELL,0.01,1,1,10.00,1,11420.00
2018-07-23T16:56:00.000Z,2018-07-31T16:24:00.000Z,SELL,0.01,1,1,10.00,1,11430.00
2018-07-31T16:24:00.000Z,2018-07-31T19:30:00.000Z,BUY,0.01,1,1,10.00,1,11440.00
2018-07-31T19:30:00.000Z,2018-08-13T18:36:00.000Z,BUY,0.01,2,1,10.00,2,11450.00
2018-08-13T18:36:00.000Z,2018-08-16T03:41:00.000Z,BUY,0.01,2,1,10.00,2,11460.00
2018-08-16T03:41:00.000Z,2018-08-16T08:27:00.000Z,BUY,0.01,1,1,10.00,1,11470.00
2018-08-16T08:27:00.000Z,2018-08-20T05:22:00.000Z,BUY,0.01,1,1,10.00,1,11480.00
2018-08-20T05:22:00.000Z,2018-10-11T13:40:00.000Z,SELL,0.01,5,0,-2420.00,5,9060.00
2018-10-11T13:40:00.000Z,2018-10-23T11:29:00.000Z,SELL,0.01,2,1,10.00,2,9070.00
2018-10-23T11:29:00.000Z,2018-10-29T19:03:00.000Z,SELL,0.01,1,1,10.00,1,9080.00
2018-10-29T19:03:00.000Z,2018-11-01T19:18:00.000Z,BUY,0.01,1,1,10.00,1,9090.00
2018-11-01T19:18:00.000Z,2018-11-06T20:29:00.000Z,SELL,0.01,1,1,10.00,1,9100.00
2018-11-06T20:29:00.000Z,2018-11-07T12:22:00.000Z,BUY,0.01,1,1,10.00,1,9110.00
2018-11-07T12:22:00.000Z,2018-11-08T04:23:00.000Z,SELL,0.01,1,1,10.00,1,9120.00
2018-11-08T04:23:00.000Z,2018-12-04T03:54:00.000Z,BUY,0.01,3,1,10.00,3,9130.00
2018-12-04T03:54:00.000Z,2018-12-20T20:23:00.000Z,SELL,0.01,2,1,10.00,2,9140.00
2018-12-20T20:23:00.000Z,2018-12-21T20:12:00.000Z,SELL,0.01,1,1,10.00,1,9150.00
2018-12-21T20:12:00.000Z,2019-01-02T07:18:00.000Z,SELL,0.01,2,1,10.00,2,9160.00
2019-01-02T07:18:00.000Z,2019-01-30T07:55:00.000Z,SELL,0.01,2,1,10.00,2,9170.00
2019-01-30T07:55:00.000Z,2019-02-07T03:55:00.000Z,SELL,0.01,1,1,10.00,1,9180.00
2019-02-07T03:55:00.000Z,2019-02-08T15:30:00.000Z,BUY,0.01,1,1,10.00,1,9190.00
2019-02-08T15:30:00.000Z,2019-02-11T16:19:00.000Z,SELL,0.01,1,1,10.00,1,9200.00
2019-02-11T16:19:00.000Z,2019-02-12T15:11:00.000Z,BUY,0.01,1,1,10.00,1,9210.00
2019-02-12T15:11:00.000Z,2019-02-14T14:37:00.000Z,SELL,0.01,1,1,10.00,1,9220.00
2019-02-14T14:37:00.000Z,2019-02-15T08:45:00.000Z,BUY,0.01,1,1,10.00,1,9230.00
2019-02-15T08:45:00.000Z,2019-02-20T03:55:00.000Z,SELL,0.01,2,1,10.00,2,9240.00
2019-02-20T03:55:00.000Z,2019-02-21T11:09:00.000Z,SELL,0.01,1,1,10.00,1,9250.00
2019-02-21T11:09:00.000Z,2019-03-01T15:44:00.000Z,BUY,0.01,2,1,10.00,2,9260.00
2019-03-01T15:44:00.000Z,2019-03-20T20:20:00.000Z,BUY,0.01,3,1,10.00,3,9270.00
2019-03-20T20:20:00.000Z,2019-04-04T15:31:00.000Z,BUY,0.01,2,1,10.00,2,9280.00
2019-04-04T15:31:00.000Z,2019-04-08T04:33:00.000Z,BUY,0.01,1,1,10.00,1,9290.00
2019-04-08T04:33:00.000Z,2019-04-15T15:30:00.000Z,SELL,0.01,1,1,10.00,1,9300.00
2019-04-15T15:30:00.000Z,2019-05-13T16:04:00.000Z,BUY,0.01,1,1,10.00,1,9310.00
2019-05-13T16:04:00.000Z,2019-05-16T18:36:00.000Z,SELL,0.01,1,1,10.00,1,9320.00
2019-05-16T18:36:00.000Z,2019-05-31T10:01:00.000Z,BUY,0.01,1,1,10.00,1,9330.00
2019-05-31T10:01:00.000Z,2019-06-03T20:38:00.000Z,SELL,0.01,2,1,10.00,2,9340.00
2019-06-03T20:38:00.000Z,2019-06-14T09:57:00.000Z,SELL,0.01,4,1,10.00,4,9350.00
2019-06-14T09:57:00.000Z,2019-06-14T20:02:00.000Z,SELL,0.01,1,1,10.00,1,9360.00
2019-06-14T20:02:00.000Z,2019-06-17T10:53:00.000Z,SELL,0.01,1,1,10.00,1,9370.00
2019-06-17T10:53:00.000Z,2019-06-18T08:47:00.000Z,BUY,0.01,1,1,10.00,1,9380.00
2019-06-18T08:47:00.000Z,2019-06-20T04:02:00.000Z,SELL,0.01,2,1,10.00,2,9390.00
2019-06-20T04:02:00.000Z,2019-06-21T05:00:00.000Z,SELL,0.01,2,1,10.00,2,9400.00
2019-06-21T05:00:00.000Z,2019-06-21T09:02:00.000Z,SELL,0.01,1,1,10.00,1,9410.00
2019-06-21T09:02:00.000Z,2019-06-21T10:50:00.000Z,SELL,0.01,1,1,10.00,1,9420.00
2019-06-21T10:50:00.000Z,2019-06-24T18:25:00.000Z,SELL,0.01,2,1,10.00,2,9430.00
2019-06-24T18:25:00.000Z,2019-06-26T06:54:00.000Z,SELL,0.01,3,1,10.00,3,9440.00
2019-06-26T06:54:00.000Z,2019-06-26T18:45:00.000Z,BUY,0.01,1,1,10.00,1,9450.00
2019-06-26T18:45:00.000Z,2019-06-28T04:55:00.000Z,BUY,0.01,1,1,10.00,1,9460.00
2019-06-28T04:55:00.000Z,2019-06-28T09:34:00.000Z,SELL,0.01,1,1,10.00,1,9470.00
2019-06-28T09:34:00.000Z,2019-07-01T01:05:00.000Z,SELL,0.01,1,1,10.00,1,9480.00
2019-07-01T01:05:00.000Z,2019-07-02T22:05:00.000Z,BUY,0.01,3,1,10.00,3,9490.00
2019-07-02T22:05:00.000Z,2019-07-05T15:30:00.000Z,SELL,0.01,3,1,10.00,3,9500.00
2019-07-05T15:30:00.000Z,2019-07-10T21:01:00.000Z,BUY,0.01,1,1,10.00,1,9510.00
2019-07-10T21:01:00.000Z,2019-07-11T20:33:00.000Z,SELL,0.01,1,1,10.00,1,9520.00
2019-07-11T20:33:00.000Z,2019-07-12T21:27:00.000Z,BUY,0.01,1,1,10.00,1,9530.00
2019-07-12T21:27:00.000Z,2019-07-16T19:00:00.000Z,SELL,0.01,1,1,10.00,1,9540.00
2019-07-16T19:00:00.000Z,2019-07-17T17:18:00.000Z,BUY,0.01,1,1,10.00,1,9550.00
2019-07-17T17:18:00.000Z,2019-07-17T21:00:00.000Z,BUY,0.01,1,1,10.00,1,9560.00
2019-07-17T21:00:00.000Z,2019-07-23T08:32:00.000Z,SELL,0.01,3,1,10.00,3,9570.00
2019-07-23T08:32:00.000Z,2019-07-23T14:42:00.000Z,BUY,0.01,1,1,10.00,1,9580.00
2019-07-23T14:42:00.000Z,2019-08-01T20:50:00.000Z,BUY,0.01,3,1,10.00,3,9590.00
2019-08-01T20:50:00.000Z,2019-08-01T22:16:00.000Z,BUY,0.01,1,1,10.00,1,9600.00
2019-08-01T22:16:00.000Z,2019-08-02T04:10:00.000Z,SELL,0.01,1,1,10.00,1,9610.00
2019-08-02T04:10:00.000Z,2019-08-05T16:00:00.000Z,SELL,0.01,2,1,10.00,2,9620.00
2019-08-05T16:00:00.000Z,2019-08-05T18:06:00.000Z,SELL,0.01,1,1,10.00,1,9630.00
2019-08-05T18:06:00.000Z,2019-08-07T04:34:00.000Z,SELL,0.01,2,1,10.00,2,9640.00
2019-08-07T04:34:00.000Z,2019-08-12T21:43:00.000Z,SELL,0.01,2,1,10.00,2,9650.00
2019-08-12T21:43:00.000Z,2019-08-13T16:49:00.000Z,SELL,0.01,3,1,10.00,3,9660.00
2019-08-13T16:49:00.000Z,2019-08-13T16:55:00.000Z,SELL,0.01,1,1,10.00,1,9670.00
2019-08-13T16:55:00.000Z,2019-08-13T16:56:00.000Z,SELL,0.01,1,1,10.00,1,9680.00
2019-08-13T16:56:00.000Z,2019-08-14T14:36:00.000Z,SELL,0.01,2,1,10.00,2,9690.00
2019-08-14T14:36:00.000Z,2019-08-14T20:00:00.000Z,BUY,0.01,1,1,10.00,1,9700.00
2019-08-14T20:00:00.000Z,2019-08-14T20:38:00.000Z,SELL,0.01,1,1,10.00,1,9710.00
2019-08-14T20:38:00.000Z,2019-08-19T11:05:00.000Z,SELL,0.01,1,1,10.00,1,9720.00
2019-08-19T11:05:00.000Z,2019-08-23T17:30:00.000Z,BUY,0.01,1,1,10.00,1,9730.00
2019-08-23T17:30:00.000Z,2019-08-26T01:05:00.000Z,SELL,0.01,2,1,10.00,2,9740.00
2019-08-26T01:05:00.000Z,2019-08-26T10:01:00.000Z,SELL,0.01,1,1,10.00,1,9750.00
2019-08-26T10:01:00.000Z,2019-08-29T21:11:00.000Z,SELL,0.01,1,1,10.00,1,9760.00
2019-08-29T21:11:00.000Z,2019-09-02T01:07:00.000Z,BUY,0.01,1,1,10.00,1,9770.00
2019-09-02T01:07:00.000Z,2019-09-03T17:04:00.000Z,BUY,0.01,1,1,10.00,1,9780.00
2019-09-03T17:04:00.000Z,2019-09-05T16:36:00.000Z,SELL,0.01,1,1,10.00,1,9790.00
2019-09-05T16:36:00.000Z,2019-09-06T12:34:00.000Z,BUY,0.01,2,1,10.00,2,9800.00
2019-09-06T12:34:00.000Z,2019-09-06T15:30:00.000Z,BUY,0.01,1,1,10.00,1,9810.00
2019-09-06T15:30:00.000Z,2019-09-06T16:12:00.000Z,BUY,0.01,1,1,10.00,1,9820.00
2019-09-06T16:12:00.000Z,2019-09-10T03:46:00.000Z,BUY,0.01,2,1,10.00,2,9830.00
2019-09-10T03:46:00.000Z,2019-09-12T11:19:00.000Z,BUY,0.01,1,1,10.00,1,9840.00
2019-09-12T11:19:00.000Z,2019-09-13T17:34:00.000Z,SELL,0.01,3,1,10.00,3,9850.00
2019-09-13T17:34:00.000Z,2019-09-18T21:44:00.000Z,SELL,0.01,1,1,10.00,1,9860.00
2019-09-18T21:44:00.000Z,2019-09-20T21:20:00.000Z,SELL,0.01,2,1,10.00,2,9870.00
2019-09-20T21:20:00.000Z,2019-09-25T19:07:00.000Z,SELL,0.01,3,1,10.00,3,9880.00
2019-09-25T19:07:00.000Z,2019-09-30T18:14:00.000Z,BUY,0.01,2,1,10.00,2,9890.00
2019-09-30T18:14:00.000Z,2019-10-01T18:00:00.000Z,BUY,0.01,1,1,10.00,1,9900.00
2019-10-01T18:00:00.000Z,2019-10-02T16:10:00.000Z,BUY,0.01,1,1,10.00,1,9910.00
2019-10-02T16:10:00.000Z,2019-10-11T14:45:00.000Z,SELL,0.01,5,1,10.00,5,9920.00
2019-10-11T14:45:00.000Z,2019-10-14T12:20:00.000Z,BUY,0.01,1,1,10.00,1,9930.00
2019-10-14T12:20:00.000Z,2019-10-25T08:38:00.000Z,BUY,0.01,1,1,10.00,1,9940.00
2019-10-25T08:38:00.000Z,2019-10-28T15:40:00.000Z,SELL,0.01,1,1,10.00,1,9950.00
2019-10-28T15:40:00.000Z,2019-10-31T11:20:00.000Z,BUY,0.01,1,1,10.00,1,9960.00
2019-10-31T11:20:00.000Z,2019-11-05T15:52:00.000Z,SELL,0.01,1,1,10.00,1,9970.00
2019-11-05T15:52:00.000Z,2019-11-07T18:38:00.000Z,BUY,0.01,2,1,10.00,2,9980.00
2019-11-07T18:38:00.000Z,2019-11-14T20:57:00.000Z,BUY,0.01,1,1,10.00,1,9990.00
2019-11-14T20:57:00.000Z,2019-11-15T07:46:00.000Z,SELL,0.01,1,1,10.00,1,10000.00
2019-11-15T07:46:00.000Z,2019-11-26T01:32:00.000Z,SELL,0.01,1,1,10.00,1,10010.00
2019-11-26T01:32:00.000Z,2019-11-29T18:33:00.000Z,BUY,0.01,1,1,10.00,1,10020.00
2019-11-29T18:33:00.000Z,2019-12-23T08:56:00.000Z,SELL,0.01,5,0,-2420.00,5,7600.00
2019-12-23T08:56:00.000Z,2019-12-27T04:49:00.000Z,SELL,0.01,2,1,10.00,2,7610.00
2019-12-27T04:49:00.000Z,2020-01-03T07:33:00.000Z,SELL,0.01,2,1,10.00,2,7620.00
2020-01-03T07:33:00.000Z,2020-01-06T01:05:00.000Z,SELL,0.01,2,1,10.00,2,7630.00
2020-01-06T01:05:00.000Z,2020-01-06T17:41:00.000Z,SELL,0.01,1,1,10.00,1,7640.00
2020-01-06T17:41:00.000Z,2020-01-08T01:41:00.000Z,SELL,0.01,2,1,10.00,2,7650.00
2020-01-08T01:41:00.000Z,2020-01-08T10:53:00.000Z,SELL,0.01,1,1,10.00,1,7660.00
2020-01-08T10:53:00.000Z,2020-01-08T15:00:00.000Z,SELL,0.01,1,1,10.00,1,7670.00
2020-01-08T15:00:00.000Z,2020-01-08T18:38:00.000Z,SELL,0.01,1,1,10.00,1,7680.00
2020-01-08T18:38:00.000Z,2020-01-24T17:26:00.000Z,BUY,0.01,5,1,10.00,5,7690.00
2020-01-24T17:26:00.000Z,2020-02-04T15:43:00.000Z,SELL,0.01,1,1,10.00,1,7700.00
2020-02-04T15:43:00.000Z,2020-02-07T16:33:00.000Z,BUY,0.01,1,1,10.00,1,7710.00
2020-02-07T16:33:00.000Z,2020-02-11T17:55:00.000Z,SELL,0.01,1,1,10.00,1,7720.00
2020-02-11T17:55:00.000Z,2020-02-13T05:27:00.000Z,BUY,0.01,1,1,10.00,1,7730.00
2020-02-13T05:27:00.000Z,2020-02-18T18:15:00.000Z,SELL,0.01,2,1,10.00,2,7740.00
2020-02-18T18:15:00.000Z,2020-02-21T09:15:00.000Z,SELL,0.01,2,1,10.00,2,7750.00
2020-02-21T09:15:00.000Z,2020-02-24T01:10:00.000Z,SELL,0.01,2,1,10.00,2,7760.00
2020-02-24T01:10:00.000Z,2020-02-24T21:30:00.000Z,SELL,0.01,3,1,10.00,3,7770.00
2020-02-24T21:30:00.000Z,2020-02-25T08:23:00.000Z,SELL,0.01,1,1,10.00,1,7780.00
2020-02-25T08:23:00.000Z,2020-02-25T10:58:00.000Z,BUY,0.01,1,1,10.00,1,7790.00
2020-02-25T10:58:00.000Z,2020-02-28T07:52:00.000Z,BUY,0.01,5,0,-2420.00,5,5370.00
2020-02-28T07:52:00.000Z,2020-02-28T17:31:00.000Z,BUY,0.01,2,1,10.00,2,5380.00
2020-02-28T17:31:00.000Z,2020-02-28T17:41:00.000Z,BUY,0.01,2,1,10.00,2,5390.00
2020-02-28T17:41:00.000Z,2020-02-28T17:41:00.000Z,BUY,0.01,1,1,10.00,1,5400.00
2020-02-28T17:41:00.000Z,2020-02-28T18:42:00.000Z,BUY,0.01,1,1,10.00,1,5410.00
2020-02-28T18:42:00.000Z,2020-02-28T20:29:00.000Z,BUY,0.01,2,1,10.00,2,5420.00
2020-02-28T20:29:00.000Z,2020-02-28T20:44:00.000Z,BUY,0.01,1,1,10.00,1,5430.00
2020-02-28T20:44:00.000Z,2020-02-28T21:42:00.000Z,BUY,0.01,1,1,10.00,1,5440.00
2020-02-28T21:42:00.000Z,2020-03-02T02:45:00.000Z,BUY,0.01,1,1,10.00,1,5450.00
2020-03-02T02:45:00.000Z,2020-03-02T03:24:00.000Z,BUY,0.01,1,1,10.00,1,5460.00
2020-03-02T03:24:00.000Z,2020-03-03T17:00:00.000Z,BUY,0.01,3,1,10.00,3,5470.00
2020-03-03T17:00:00.000Z,2020-03-03T19:15:00.000Z,SELL,0.01,2,1,10.00,2,5480.00
2020-03-03T19:15:00.000Z,2020-03-03T21:12:00.000Z,SELL,0.01,1,1,10.00,1,5490.00
2020-03-03T21:12:00.000Z,2020-03-05T19:26:00.000Z,SELL,0.01,2,1,10.00,2,5500.00
2020-03-05T19:26:00.000Z,2020-03-06T17:28:00.000Z,SELL,0.01,3,1,10.00,3,5510.00
2020-03-06T17:28:00.000Z,2020-03-06T17:28:00.000Z,SELL,0.01,1,1,10.00,1,5520.00
2020-03-06T17:28:00.000Z,2020-03-06T21:02:00.000Z,SELL,0.01,2,1,10.00,2,5530.00
2020-03-06T21:02:00.000Z,2020-03-09T06:36:00.000Z,SELL,0.01,3,1,10.00,3,5540.00
2020-03-09T06:36:00.000Z,2020-03-10T07:57:00.000Z,SELL,0.01,5,1,10.00,5,5550.00
2020-03-10T07:57:00.000Z,2020-03-10T09:00:00.000Z,BUY,0.01,1,1,10.00,1,5560.00
2020-03-10T09:00:00.000Z,2020-03-11T21:17:00.000Z,BUY,0.01,4,1,10.00,4,5570.00
2020-03-11T21:17:00.000Z,2020-03-11T21:23:00.000Z,BUY,0.01,1,1,10.00,1,5580.00
2020-03-11T21:23:00.000Z,2020-03-12T14:25:00.000Z,BUY,0.01,2,1,10.00,2,5590.00
2020-03-12T14:25:00.000Z,2020-03-12T16:11:00.000Z,BUY,0.01,2,1,10.00,2,5600.00
2020-03-12T16:11:00.000Z,2020-03-12T18:58:00.000Z,BUY,0.01,3,1,10.00,3,5610.00
2020-03-12T18:58:00.000Z,2020-03-12T19:01:00.000Z,BUY,0.01,1,1,10.00,1,5620.00
2020-03-12T19:01:00.000Z,2020-03-12T21:20:00.000Z,BUY,0.01,2,1,10.00,2,5630.00
2020-03-12T21:20:00.000Z,2020-03-13T07:21:00.000Z,BUY,0.01,3,1,10.00,3,5640.00
2020-03-13T07:21:00.000Z,2020-03-13T14:45:00.000Z,BUY,0.01,1,1,10.00,1,5650.00
2020-03-13T14:45:00.000Z,2020-03-13T16:55:00.000Z,BUY,0.01,2,1,10.00,2,5660.00
2020-03-13T16:55:00.000Z,2020-03-13T17:48:00.000Z,BUY,0.01,2,1,10.00,2,5670.00
2020-03-13T17:48:00.000Z,2020-03-13T17:55:00.000Z,BUY,0.01,1,1,10.00,1,5680.00
2020-03-13T17:55:00.000Z,2020-03-13T18:37:00.000Z,BUY,0.01,2,1,10.00,2,5690.00
2020-03-13T18:37:00.000Z,2020-03-13T20:03:00.000Z,BUY,0.01,1,1,10.00,1,5700.00
2020-03-13T20:03:00.000Z,2020-03-13T20:10:00.000Z,BUY,0.01,1,1,10.00,1,5710.00
2020-03-13T20:10:00.000Z,2020-03-16T01:07:00.000Z,BUY,0.01,3,1,10.00,3,5720.00
2020-03-16T01:07:00.000Z,2020-03-16T01:15:00.000Z,BUY,0.01,1,1,10.00,1,5730.00
2020-03-16T01:15:00.000Z,2020-03-16T03:26:00.000Z,BUY,0.01,2,1,10.00,2,5740.00
2020-03-16T03:26:00.000Z,2020-03-16T03:50:00.000Z,BUY,0.01,1,1,10.00,1,5750.00
2020-03-16T03:50:00.000Z,2020-03-16T04:53:00.000Z,BUY,0.01,1,1,10.00,1,5760.00
2020-03-16T04:53:00.000Z,2020-03-16T11:36:00.000Z,BUY,0.01,2,1,10.00,2,5770.00
2020-03-16T11:36:00.000Z,2020-03-16T11:40:00.000Z,BUY,0.01,1,1,10.00,1,5780.00
2020-03-16T11:40:00.000Z,2020-03-16T12:53:00.000Z,BUY,0.01,2,1,10.00,2,5790.00
2020-03-16T12:53:00.000Z,2020-03-16T13:01:00.000Z,BUY,0.01,2,1,10.00,2,5800.00
2020-03-16T13:01:00.000Z,2020-03-16T13:03:00.000Z,BUY,0.01,1,1,10.00,1,5810.00
2020-03-16T13:03:00.000Z,2020-03-16T16:39:00.000Z,BUY,0.01,5,1,10.00,5,5820.00
2020-03-16T16:39:00.000Z,2020-03-16T16:59:00.000Z,BUY,0.01,1,1,10.00,1,5830.00
2020-03-16T16:59:00.000Z,2020-03-16T17:16:00.000Z,BUY,0.01,1,1,10.00,1,5840.00
2020-03-16T17:16:00.000Z,2020-03-16T17:25:00.000Z,BUY,0.01,1,1,10.00,1,5850.00
2020-03-16T17:25:00.000Z,2020-03-16T19:29:00.000Z,BUY,0.01,2,1,10.00,2,5860.00
2020-03-16T19:29:00.000Z,2020-03-16T19:49:00.000Z,BUY,0.01,1,1,10.00,1,5870.00
2020-03-16T19:49:00.000Z,2020-03-16T20:58:00.000Z,BUY,0.01,1,1,10.00,1,5880.00
2020-03-16T20:58:00.000Z,2020-03-17T02:56:00.000Z,BUY,0.01,3,1,10.00,3,5890.00
2020-03-17T02:56:00.000Z,2020-03-17T04:10:00.000Z,BUY,0.01,2,1,10.00,2,5900.00
2020-03-17T04:10:00.000Z,2020-03-17T05:43:00.000Z,BUY,0.01,1,1,10.00,1,5910.00
2020-03-17T05:43:00.000Z,2020-03-17T11:50:00.000Z,BUY,0.01,2,1,10.00,2,5920.00
2020-03-17T11:50:00.000Z,2020-03-17T14:19:00.000Z,BUY,0.01,1,1,10.00,1,5930.00
2020-03-17T14:19:00.000Z,2020-03-17T15:29:00.000Z,BUY,0.01,1,1,10.00,1,5940.00
2020-03-17T15:29:00.000Z,2020-03-17T15:32:00.000Z,BUY,0.01,1,1,10.00,1,5950.00
2020-03-17T15:32:00.000Z,2020-03-17T16:26:00.000Z,BUY,0.01,1,1,10.00,1,5960.00
2020-03-17T16:26:00.000Z,2020-03-17T16:45:00.000Z,BUY,0.01,1,1,10.00,1,5970.00
2020-03-17T16:45:00.000Z,2020-03-17T16:49:00.000Z,BUY,0.01,1,1,10.00,1,5980.00
2020-03-17T16:49:00.000Z,2020-03-17T17:02:00.000Z,BUY,0.01,1,1,10.00,1,5990.00
2020-03-17T17:02:00.000Z,2020-03-17T17:12:00.000Z,BUY,0.01,1,1,10.00,1,6000.00
2020-03-17T17:12:00.000Z,2020-03-17T21:05:00.000Z,BUY,0.01,2,1,10.00,2,6010.00
2020-03-17T21:05:00.000Z,2020-03-18T08:25:00.000Z,SELL,0.01,3,1,10.00,3,6020.00
2020-03-18T08:25:00.000Z,2020-03-18T09:42:00.000Z,SELL,0.01,1,1,10.00,1,6030.00
2020-03-18T09:42:00.000Z,2020-03-18T10:49:00.000Z,SELL,0.01,1,1,10.00,1,6040.00
2020-03-18T10:49:00.000Z,2020-03-18T14:02:00.000Z,SELL,0.01,2,1,10.00,2,6050.00
2020-03-18T14:02:00.000Z,2020-03-18T17:05:00.000Z,BUY,0.01,2,1,10.00,2,6060.00
2020-03-18T17:05:00.000Z,2020-03-18T20:56:00.000Z,BUY,0.01,1,1,10.00,1,6070.00
2020-03-18T20:56:00.000Z,2020-03-19T05:00:00.000Z,BUY,0.01,2,1,10.00,2,6080.00
2020-03-19T05:00:00.000Z,2020-03-19T08:15:00.000Z,BUY,0.01,1,1,10.00,1,6090.00
2020-03-19T08:15:00.000Z,2020-03-19T08:50:00.000Z,BUY,0.01,1,1,10.00,1,6100.00
2020-03-19T08:50:00.000Z,2020-03-20T08:41:00.000Z,BUY,0.01,5,1,10.00,5,6110.00
2020-03-20T08:41:00.000Z,2020-03-20T14:46:00.000Z,SELL,0.01,1,1,10.00,1,6120.00
2020-03-20T14:46:00.000Z,2020-03-20T18:23:00.000Z,SELL,0.01,1,1,10.00,1,6130.00
2020-03-20T18:23:00.000Z,2020-03-23T14:05:00.000Z,SELL,0.01,2,1,10.00,2,6140.00
2020-03-23T14:05:00.000Z,2020-03-23T17:21:00.000Z,SELL,0.01,2,1,10.00,2,6150.00
2020-03-23T17:21:00.000Z,2020-03-24T02:54:00.000Z,SELL,0.01,2,1,10.00,2,6160.00
2020-03-24T02:54:00.000Z,2020-03-24T07:41:00.000Z,SELL,0.01,1,1,10.00,1,6170.00
2020-03-24T07:41:00.000Z,2020-03-24T10:34:00.000Z,SELL,0.01,2,1,10.00,2,6180.00
2020-03-24T10:34:00.000Z,2020-03-24T10:35:00.000Z,SELL,0.01,1,1,10.00,1,6190.00
2020-03-24T10:35:00.000Z,2020-03-24T12:50:00.000Z,SELL,0.01,2,1,10.00,2,6200.00
2020-03-24T12:50:00.000Z,2020-03-24T12:50:00.000Z,SELL,0.01,1,1,10.00,1,6210.00
2020-03-24T12:50:00.000Z,2020-03-24T12:59:00.000Z,SELL,0.01,1,1,10.00,1,6220.00
2020-03-24T12:59:00.000Z,2020-03-24T12:59:00.000Z,SELL,0.01,1,1,10.00,1,6230.00
2020-03-24T12:59:00.000Z,2020-03-24T13:03:00.000Z,SELL,0.01,2,1,10.00,2,6240.00
2020-03-24T13:03:00.000Z,2020-03-24T13:03:00.000Z,SELL,0.01,1,1,10.00,1,6250.00
2020-03-24T13:03:00.000Z,2020-03-24T13:03:00.000Z,SELL,0.01,1,1,10.00,1,6260.00
2020-03-24T13:03:00.000Z,2020-03-24T13:03:00.000Z,SELL,0.01,1,1,10.00,1,6270.00
2020-03-24T13:03:00.000Z,2020-03-24T13:08:00.000Z,SELL,0.01,2,1,10.00,2,6280.00
2020-03-24T13:08:00.000Z,2020-03-24T13:08:00.000Z,SELL,0.01,1,1,10.00,1,6290.00
2020-03-24T13:08:00.000Z,2020-03-24T13:09:00.000Z,SELL,0.01,1,1,10.00,1,6300.00
2020-03-24T13:09:00.000Z,2020-03-24T13:10:00.000Z,SELL,0.01,1,1,10.00,1,6310.00
2020-03-24T13:10:00.000Z,2020-03-24T13:20:00.000Z,SELL,0.01,2,1,10.00,2,6320.00
2020-03-24T13:20:00.000Z,2020-03-24T13:20:00.000Z,SELL,0.01,1,1,10.00,1,6330.00
2020-03-24T13:20:00.000Z,2020-03-24T13:20:00.000Z,SELL,0.01,1,1,10.00,1,6340.00
2020-03-24T13:20:00.000Z,2020-03-24T13:26:00.000Z,SELL,0.01,1,1,10.00,1,6350.00
2020-03-24T13:26:00.000Z,2020-03-24T15:18:00.000Z,SELL,0.01,2,1,10.00,2,6360.00
2020-03-24T15:18:00.000Z,2020-03-24T15:18:00.000Z,SELL,0.01,1,1,10.00,1,6370.00
2020-03-24T15:18:00.000Z,2020-03-24T16:34:00.000Z,SELL,0.01,1,1,10.00,1,6380.00
2020-03-24T16:34:00.000Z,2020-03-24T17:53:00.000Z,SELL,0.01,2,1,10.00,2,6390.00
2020-03-24T17:53:00.000Z,2020-03-24T18:15:00.000Z,SELL,0.01,1,1,10.00,1,6400.00
2020-03-24T18:15:00.000Z,2020-03-25T01:14:00.000Z,SELL,0.01,2,1,10.00,2,6410.00
2020-03-25T01:14:00.000Z,2020-03-25T01:31:00.000Z,SELL,0.01,1,1,10.00,1,6420.00
2020-03-25T01:31:00.000Z,2020-03-25T02:47:00.000Z,SELL,0.01,1,1,10.00,1,6430.00
2020-03-25T02:47:00.000Z,2020-03-25T04:43:00.000Z,SELL,0.01,1,1,10.00,1,6440.00
2020-03-25T04:43:00.000Z,2020-03-25T13:34:00.000Z,SELL,0.01,3,1,10.00,3,6450.00
2020-03-25T13:34:00.000Z,2020-03-26T14:40:00.000Z,SELL,0.01,4,1,10.00,4,6460.00
2020-03-26T14:40:00.000Z,2020-03-26T21:19:00.000Z,SELL,0.01,1,1,10.00,1,6470.00
2020-03-26T21:19:00.000Z,2020-03-31T11:44:00.000Z,SELL,0.01,1,1,10.00,1,6480.00
2020-03-31T11:44:00.000Z,2020-03-31T23:02:00.000Z,BUY,0.01,2,1,10.00,2,6490.00
2020-03-31T23:02:00.000Z,2020-04-01T07:14:00.000Z,BUY,0.01,1,1,10.00,1,6500.00
2020-04-01T07:14:00.000Z,2020-04-01T10:26:00.000Z,BUY,0.01,1,1,10.00,1,6510.00
2020-04-01T10:26:00.000Z,2020-04-02T15:19:00.000Z,BUY,0.01,3,1,10.00,3,6520.00
2020-04-02T15:19:00.000Z,2020-04-06T11:56:00.000Z,SELL,0.01,2,1,10.00,2,6530.00
2020-04-06T11:56:00.000Z,2020-04-06T22:28:00.000Z,SELL,0.01,2,1,10.00,2,6540.00
2020-04-06T22:28:00.000Z,2020-04-06T23:37:00.000Z,SELL,0.01,1,1,10.00,1,6550.00
2020-04-06T23:37:00.000Z,2020-04-07T10:58:00.000Z,SELL,0.01,1,1,10.00,1,6560.00
2020-04-07T10:58:00.000Z,2020-04-09T16:05:00.000Z,SELL,0.01,2,1,10.00,2,6570.00
2020-04-09T16:05:00.000Z,2020-04-13T18:19:00.000Z,SELL,0.01,2,1,10.00,2,6580.00
2020-04-13T18:19:00.000Z,2020-04-14T16:47:00.000Z,SELL,0.01,2,1,10.00,2,6590.00
2020-04-14T16:47:00.000Z,2020-04-14T18:12:00.000Z,SELL,0.01,1,1,10.00,1,6600.00
2020-04-14T18:12:00.000Z,2020-04-15T09:53:00.000Z,SELL,0.01,1,1,10.00,1,6610.00
2020-04-15T09:53:00.000Z,2020-04-17T01:14:00.000Z,SELL,0.01,3,1,10.00,3,6620.00
2020-04-17T01:14:00.000Z,2020-04-17T02:29:00.000Z,BUY,0.01,1,1,10.00,1,6630.00
2020-04-17T02:29:00.000Z,2020-04-17T13:21:00.000Z,BUY,0.01,2,1,10.00,2,6640.00
2020-04-17T13:21:00.000Z,2020-04-17T15:09:00.000Z,BUY,0.01,1,1,10.00,1,6650.00
2020-04-17T15:09:00.000Z,2020-04-21T14:18:00.000Z,BUY,0.01,4,1,10.00,4,6660.00
2020-04-21T14:18:00.000Z,2020-04-21T14:22:00.000Z,BUY,0.01,1,1,10.00,1,6670.00
2020-04-21T14:22:00.000Z,2020-04-21T17:22:00.000Z,BUY,0.01,1,1,10.00,1,6680.00
2020-04-21T17:22:00.000Z,2020-04-22T10:48:00.000Z,BUY,0.01,1,1,10.00,1,6690.00
2020-04-22T10:48:00.000Z,2020-04-23T11:24:00.000Z,SELL,0.01,2,1,10.00,2,6700.00
2020-04-23T11:24:00.000Z,2020-04-24T17:04:00.000Z,SELL,0.01,1,1,10.00,1,6710.00
2020-04-24T17:04:00.000Z,2020-04-28T03:21:00.000Z,SELL,0.01,1,1,10.00,1,6720.00
2020-04-28T03:21:00.000Z,2020-04-29T22:40:00.000Z,BUY,0.01,1,1,10.00,1,6730.00
2020-04-29T22:40:00.000Z,2020-04-30T19:16:00.000Z,BUY,0.01,2,1,10.00,2,6740.00
2020-04-30T19:16:00.000Z,2020-05-01T18:27:00.000Z,BUY,0.01,1,1,10.00,1,6750.00
2020-05-01T18:27:00.000Z,2020-05-04T09:39:00.000Z,BUY,0.01,1,1,10.00,1,6760.00
2020-05-04T09:39:00.000Z,2020-05-04T15:35:00.000Z,SELL,0.01,1,1,10.00,1,6770.00
2020-05-04T15:35:00.000Z,2020-05-06T16:20:00.000Z,SELL,0.01,1,1,10.00,1,6780.00
2020-05-06T16:20:00.000Z,2020-05-06T16:44:00.000Z,BUY,0.01,1,1,10.00,1,6790.00
2020-05-06T16:44:00.000Z,2020-05-07T18:44:00.000Z,BUY,0.01,1,1,10.00,1,6800.00
2020-05-07T18:44:00.000Z,2020-05-11T13:20:00.000Z,SELL,0.01,1,1,10.00,1,6810.00
2020-05-11T13:20:00.000Z,2020-05-11T15:39:00.000Z,BUY,0.01,1,1,10.00,1,6820.00
2020-05-11T15:39:00.000Z,2020-05-13T16:00:00.000Z,BUY,0.01,1,1,10.00,1,6830.00
2020-05-13T16:00:00.000Z,2020-05-13T16:22:00.000Z,SELL,0.01,1,1,10.00,1,6840.00
2020-05-13T16:22:00.000Z,2020-05-14T19:21:00.000Z,SELL,0.01,2,1,10.00,2,6850.00
2020-05-14T19:21:00.000Z,2020-05-19T09:40:00.000Z,SELL,0.01,3,1,10.00,3,6860.00
2020-05-19T09:40:00.000Z,2020-05-19T11:39:00.000Z,BUY,0.01,1,1,10.00,1,6870.00
2020-05-19T11:39:00.000Z,2020-05-19T22:05:00.000Z,BUY,0.01,1,1,10.00,1,6880.00
2020-05-19T22:05:00.000Z,2020-05-21T09:12:00.000Z,SELL,0.01,1,1,10.00,1,6890.00
2020-05-21T09:12:00.000Z,2020-05-27T07:05:00.000Z,BUY,0.01,2,1,10.00,2,6900.00
2020-05-27T07:05:00.000Z,2020-05-28T07:25:00.000Z,BUY,0.01,1,1,10.00,1,6910.00
2020-05-28T07:25:00.000Z,2020-06-03T15:57:00.000Z,SELL,0.01,3,1,10.00,3,6920.00
2020-06-03T15:57:00.000Z,2020-06-04T15:45:00.000Z,BUY,0.01,1,1,10.00,1,6930.00
2020-06-04T15:45:00.000Z,2020-06-05T15:41:00.000Z,BUY,0.01,2,1,10.00,2,6940.00
2020-06-05T15:41:00.000Z,2020-06-08T11:07:00.000Z,BUY,0.01,1,1,10.00,1,6950.00
2020-06-08T11:07:00.000Z,2020-06-09T11:39:00.000Z,BUY,0.01,1,1,10.00,1,6960.00
2020-06-09T11:39:00.000Z,2020-06-10T22:39:00.000Z,SELL,0.01,2,1,10.00,2,6970.00
2020-06-10T22:39:00.000Z,2020-06-11T08:54:00.000Z,SELL,0.01,1,1,10.00,1,6980.00
2020-06-11T08:54:00.000Z,2020-06-15T10:28:00.000Z,SELL,0.01,1,1,10.00,1,6990.00
2020-06-15T10:28:00.000Z,2020-06-15T21:01:00.000Z,BUY,0.01,1,1,10.00,1,7000.00
2020-06-15T21:01:00.000Z,2020-06-18T12:10:00.000Z,BUY,0.01,1,1,10.00,1,7010.00
2020-06-18T12:10:00.000Z,2020-06-18T12:48:00.000Z,SELL,0.01,1,1,10.00,1,7020.00
2020-06-18T12:48:00.000Z,2020-06-22T04:33:00.000Z,SELL,0.01,2,1,10.00,2,7030.00
2020-06-22T04:33:00.000Z,2020-06-22T10:19:00.000Z,SELL,0.01,1,1,10.00,1,7040.00
2020-06-22T10:19:00.000Z,2020-06-24T12:12:00.000Z,SELL,0.01,2,1,10.00,2,7050.00
2020-06-24T12:12:00.000Z,2020-06-24T15:47:00.000Z,SELL,0.01,1,1,10.00,1,7060.00
2020-06-24T15:47:00.000Z,2020-06-25T15:21:00.000Z,SELL,0.01,1,1,10.00,1,7070.00
2020-06-25T15:21:00.000Z,2020-06-25T16:15:00.000Z,BUY,0.01,1,1,10.00,1,7080.00
2020-06-25T16:15:00.000Z,2020-06-30T17:33:00.000Z,BUY,0.01,1,1,10.00,1,7090.00
2020-06-30T17:33:00.000Z,2020-07-01T10:14:00.000Z,BUY,0.01,1,1,10.00,1,7100.00
2020-07-01T10:14:00.000Z,2020-07-01T15:21:00.000Z,SELL,0.01,1,1,10.00,1,7110.00
2020-07-01T15:21:00.000Z,2020-07-01T16:54:00.000Z,SELL,0.01,1,1,10.00,1,7120.00
2020-07-01T16:54:00.000Z,2020-07-07T17:54:00.000Z,SELL,0.01,2,1,10.00,2,7130.00
2020-07-07T17:54:00.000Z,2020-07-08T16:01:00.000Z,BUY,0.01,1,1,10.00,1,7140.00
2020-07-08T16:01:00.000Z,2020-07-09T18:07:00.000Z,SELL,0.01,1,1,10.00,1,7150.00
2020-07-09T18:07:00.000Z,2020-07-21T13:18:00.000Z,SELL,0.01,2,1,10.00,2,7160.00
2020-07-21T13:18:00.000Z,2020-07-22T04:10:00.000Z,SELL,0.01,2,1,10.00,2,7170.00
2020-07-22T04:10:00.000Z,2020-07-23T11:40:00.000Z,SELL,0.01,2,1,10.00,2,7180.00
2020-07-23T11:40:00.000Z,2020-07-23T14:28:00.000Z,SELL,0.01,1,1,10.00,1,7190.00
2020-07-23T14:28:00.000Z,2020-07-24T16:26:00.000Z,SELL,0.01,2,1,10.00,2,7200.00
2020-07-24T16:26:00.000Z,2020-07-27T06:13:00.000Z,SELL,0.01,2,1,10.00,2,7210.00
2020-07-27T06:13:00.000Z,2020-07-28T02:48:00.000Z,SELL,0.01,2,1,10.00,2,7220.00
2020-07-28T02:48:00.000Z,2020-07-28T06:03:00.000Z,SELL,0.01,1,1,10.00,1,7230.00
2020-07-28T06:03:00.000Z,2020-07-28T06:04:00.000Z,SELL,0.01,1,1,10.00,1,7240.00
2020-07-28T06:04:00.000Z,2020-07-28T06:07:00.000Z,SELL,0.01,1,1,10.00,1,7250.00
2020-07-28T06:07:00.000Z,2020-07-28T10:35:00.000Z,SELL,0.01,1,1,10.00,1,7260.00
2020-07-28T10:35:00.000Z,2020-07-28T10:39:00.000Z,SELL,0.01,1,1,10.00,1,7270.00
2020-07-28T10:39:00.000Z,2020-07-28T17:19:00.000Z,SELL,0.01,2,1,10.00,2,7280.00
2020-07-28T17:19:00.000Z,2020-07-28T17:58:00.000Z,BUY,0.01,1,1,10.00,1,7290.00
2020-07-28T17:58:00.000Z,2020-07-29T21:10:00.000Z,BUY,0.01,1,1,10.00,1,7300.00
2020-07-29T21:10:00.000Z,2020-07-29T22:02:00.000Z,SELL,0.01,1,1,10.00,1,7310.00
2020-07-29T22:02:00.000Z,2020-07-30T17:41:00.000Z,SELL,0.01,1,1,10.00,1,7320.00
2020-07-30T17:41:00.000Z,2020-07-30T21:06:00.000Z,BUY,0.01,1,1,10.00,1,7330.00
2020-07-30T21:06:00.000Z,2020-07-31T04:38:00.000Z,BUY,0.01,1,1,10.00,1,7340.00
2020-07-31T04:38:00.000Z,2020-07-31T09:10:00.000Z,BUY,0.01,1,1,10.00,1,7350.00
2020-07-31T09:10:00.000Z,2020-07-31T16:23:00.000Z,SELL,0.01,1,1,10.00,1,7360.00
2020-07-31T16:23:00.000Z,2020-08-04T18:33:00.000Z,SELL,0.01,2,1,10.00,2,7370.00
2020-08-04T18:33:00.000Z,2020-08-05T01:19:00.000Z,SELL,0.01,2,1,10.00,2,7380.00
2020-08-05T01:19:00.000Z,2020-08-05T03:36:00.000Z,SELL,0.01,1,1,10.00,1,7390.00
2020-08-05T03:36:00.000Z,2020-08-05T16:41:00.000Z,SELL,0.01,2,1,10.00,2,7400.00
2020-08-05T16:41:00.000Z,2020-08-05T19:16:00.000Z,SELL,0.01,1,1,10.00,1,7410.00
2020-08-05T19:16:00.000Z,2020-08-06T15:21:00.000Z,SELL,0.01,2,1,10.00,2,7420.00
2020-08-06T15:21:00.000Z,2020-08-06T15:35:00.000Z,SELL,0.01,1,1,10.00,1,7430.00
2020-08-06T15:35:00.000Z,2020-08-07T15:30:00.000Z,SELL,0.01,3,1,10.00,3,7440.00
2020-08-07T15:30:00.000Z,2020-08-07T17:04:00.000Z,SELL,0.01,1,1,10.00,1,7450.00
2020-08-07T17:04:00.000Z,2020-08-10T16:49:00.000Z,BUY,0.01,1,1,10.00,1,7460.00
2020-08-10T16:49:00.000Z,2020-08-11T08:10:00.000Z,BUY,0.01,2,1,10.00,2,7470.00
2020-08-11T08:10:00.000Z,2020-08-11T11:08:00.000Z,BUY,0.01,2,1,10.00,2,7480.00
2020-08-11T11:08:00.000Z,2020-08-11T12:03:00.000Z,BUY,0.01,1,1,10.00,1,7490.00
2020-08-11T12:03:00.000Z,2020-08-11T15:44:00.000Z,BUY,0.01,2,1,10.00,2,7500.00
2020-08-11T15:44:00.000Z,2020-08-11T20:11:00.000Z,BUY,0.01,2,1,10.00,2,7510.00
2020-08-11T20:11:00.000Z,2020-08-11T23:18:00.000Z,BUY,0.01,2,1,10.00,2,7520.00
2020-08-11T23:18:00.000Z,2020-08-11T23:49:00.000Z,BUY,0.01,1,1,10.00,1,7530.00
2020-08-11T23:49:00.000Z,2020-08-12T01:34:00.000Z,BUY,0.01,1,1,10.00,1,7540.00
2020-08-12T01:34:00.000Z,2020-08-12T04:45:00.000Z,BUY,0.01,2,1,10.00,2,7550.00
2020-08-12T04:45:00.000Z,2020-08-12T07:29:00.000Z,BUY,0.01,4,1,10.00,4,7560.00
2020-08-12T07:29:00.000Z,2020-08-12T07:38:00.000Z,BUY,0.01,1,1,10.00,1,7570.00
2020-08-12T07:38:00.000Z,2020-08-12T07:48:00.000Z,BUY,0.01,1,1,10.00,1,7580.00
2020-08-12T07:48:00.000Z,2020-08-12T09:17:00.000Z,BUY,0.01,1,1,10.00,1,7590.00
2020-08-12T09:17:00.000Z,2020-08-12T09:40:00.000Z,BUY,0.01,1,1,10.00,1,7600.00
2020-08-12T09:40:00.000Z,2020-08-12T09:51:00.000Z,BUY,0.01,1,1,10.00,1,7610.00
2020-08-12T09:51:00.000Z,2020-08-12T10:31:00.000Z,BUY,0.01,1,1,10.00,1,7620.00
2020-08-12T10:31:00.000Z,2020-08-12T10:38:00.000Z,BUY,0.01,1,1,10.00,1,7630.00
2020-08-12T10:38:00.000Z,2020-08-12T11:19:00.000Z,BUY,0.01,1,1,10.00,1,7640.00
2020-08-12T11:19:00.000Z,2020-08-12T22:48:00.000Z,BUY,0.01,4,1,10.00,4,7650.00
2020-08-12T22:48:00.000Z,2020-08-13T17:28:00.000Z,SELL,0.01,2,1,10.00,2,7660.00
2020-08-13T17:28:00.000Z,2020-08-14T19:35:00.000Z,SELL,0.01,1,1,10.00,1,7670.00
2020-08-14T19:35:00.000Z,2020-08-17T16:29:00.000Z,SELL,0.01,2,1,10.00,2,7680.00
2020-08-17T16:29:00.000Z,2020-08-18T08:40:00.000Z,SELL,0.01,2,1,10.00,2,7690.00
2020-08-18T08:40:00.000Z,2020-08-18T17:28:00.000Z,SELL,0.01,1,1,10.00,1,7700.00
2020-08-18T17:28:00.000Z,2020-08-18T17:31:00.000Z,SELL,0.01,1,1,10.00,1,7710.00
2020-08-18T17:31:00.000Z,2020-08-18T19:14:00.000Z,SELL,0.01,2,1,10.00,2,7720.00
2020-08-18T19:14:00.000Z,2020-08-19T03:38:00.000Z,SELL,0.01,1,1,10.00,1,7730.00
2020-08-19T03:38:00.000Z,2020-08-19T08:49:00.000Z,SELL,0.01,1,1,10.00,1,7740.00
2020-08-19T08:49:00.000Z,2020-08-19T17:44:00.000Z,SELL,0.01,1,1,10.00,1,7750.00
2020-08-19T17:44:00.000Z,2020-08-19T21:15:00.000Z,BUY,0.01,2,1,10.00,2,7760.00
2020-08-19T21:15:00.000Z,2020-08-21T03:02:00.000Z,BUY,0.01,5,1,10.00,5,7770.00
2020-08-21T03:02:00.000Z,2020-08-21T04:07:00.000Z,SELL,0.01,1,1,10.00,1,7780.00
2020-08-21T04:07:00.000Z,2020-08-21T10:21:00.000Z,SELL,0.01,1,1,10.00,1,7790.00
2020-08-21T10:21:00.000Z,2020-08-21T14:39:00.000Z,SELL,0.01,1,1,10.00,1,7800.00
2020-08-21T14:39:00.000Z,2020-08-21T15:48:00.000Z,BUY,0.01,1,1,10.00,1,7810.00
2020-08-21T15:48:00.000Z,2020-08-21T17:59:00.000Z,BUY,0.01,1,1,10.00,1,7820.00
2020-08-21T17:59:00.000Z,2020-08-24T15:04:00.000Z,BUY,0.01,1,1,10.00,1,7830.00
2020-08-24T15:04:00.000Z,2020-08-24T16:09:00.000Z,SELL,0.01,1,1,10.00,1,7840.00
2020-08-24T16:09:00.000Z,2020-08-24T17:43:00.000Z,SELL,0.01,1,1,10.00,1,7850.00
2020-08-24T17:43:00.000Z,2020-08-24T22:07:00.000Z,SELL,0.01,1,1,10.00,1,7860.00
2020-08-24T22:07:00.000Z,2020-08-25T05:17:00.000Z,BUY,0.01,1,1,10.00,1,7870.00
2020-08-25T05:17:00.000Z,2020-08-26T15:31:00.000Z,BUY,0.01,2,1,10.00,2,7880.00
2020-08-26T15:31:00.000Z,2020-08-26T16:07:00.000Z,BUY,0.01,1,1,10.00,1,7890.00
2020-08-26T16:07:00.000Z,2020-08-26T16:36:00.000Z,BUY,0.01,1,1,10.00,1,7900.00
2020-08-26T16:36:00.000Z,2020-08-26T16:59:00.000Z,BUY,0.01,1,1,10.00,1,7910.00
2020-08-26T16:59:00.000Z,2020-08-26T18:44:00.000Z,BUY,0.01,1,1,10.00,1,7920.00
2020-08-26T18:44:00.000Z,2020-08-27T15:34:00.000Z,SELL,0.01,1,1,10.00,1,7930.00
2020-08-27T15:34:00.000Z,2020-08-27T16:16:00.000Z,SELL,0.01,2,1,10.00,2,7940.00
2020-08-27T16:16:00.000Z,2020-08-27T16:34:00.000Z,SELL,0.01,1,1,10.00,1,7950.00
2020-08-27T16:34:00.000Z,2020-08-27T16:39:00.000Z,SELL,0.01,1,1,10.00,1,7960.00
2020-08-27T16:39:00.000Z,2020-08-27T16:46:00.000Z,SELL,0.01,1,1,10.00,1,7970.00
2020-08-27T16:46:00.000Z,2020-08-27T17:05:00.000Z,SELL,0.01,1,1,10.00,1,7980.00
2020-08-27T17:05:00.000Z,2020-08-27T17:08:00.000Z,SELL,0.01,1,1,10.00,1,7990.00
2020-08-27T17:08:00.000Z,2020-08-28T08:07:00.000Z,SELL,0.01,2,1,10.00,2,8000.00
2020-08-28T08:07:00.000Z,2020-08-31T01:43:00.000Z,SELL,0.01,2,1,10.00,2,8010.00
2020-08-31T01:43:00.000Z,2020-08-31T09:29:00.000Z,SELL,0.01,1,1,10.00,1,8020.00
2020-08-31T09:29:00.000Z,2020-09-02T15:11:00.000Z,SELL,0.01,3,1,10.00,3,8030.00
2020-09-02T15:11:00.000Z,2020-09-02T15:15:00.000Z,BUY,0.01,1,1,10.00,1,8040.00
2020-09-02T15:15:00.000Z,2020-09-02T19:23:00.000Z,BUY,0.01,2,1,10.00,2,8050.00
2020-09-02T19:23:00.000Z,2020-09-02T22:24:00.000Z,BUY,0.01,1,1,10.00,1,8060.00
2020-09-02T22:24:00.000Z,2020-09-08T13:06:00.000Z,BUY,0.01,4,1,10.00,4,8070.00
2020-09-08T13:06:00.000Z,2020-09-08T17:30:00.000Z,BUY,0.01,1,1,10.00,1,8080.00
2020-09-08T17:30:00.000Z,2020-09-08T19:17:00.000Z,BUY,0.01,1,1,10.00,1,8090.00
2020-09-08T19:17:00.000Z,2020-09-09T16:33:00.000Z,BUY,0.01,1,1,10.00,1,8100.00
2020-09-09T16:33:00.000Z,2020-09-17T16:07:00.000Z,SELL,0.01,5,1,10.00,5,8110.00
2020-09-17T16:07:00.000Z,2020-09-17T17:43:00.000Z,BUY,0.01,1,1,10.00,1,8120.00
2020-09-17T17:43:00.000Z,2020-09-18T11:54:00.000Z,BUY,0.01,1,1,10.00,1,8130.00
2020-09-18T11:54:00.000Z,2020-09-18T16:55:00.000Z,SELL,0.01,1,1,10.00,1,8140.00
2020-09-18T16:55:00.000Z,2020-09-21T11:50:00.000Z,SELL,0.01,1,1,10.00,1,8150.00
2020-09-21T11:50:00.000Z,2020-09-21T17:20:00.000Z,BUY,0.01,2,1,10.00,2,8160.00
2020-09-21T17:20:00.000Z,2020-09-22T02:17:00.000Z,BUY,0.01,3,1,10.00,3,8170.00
2020-09-22T02:17:00.000Z,2020-09-23T07:44:00.000Z,BUY,0.01,4,1,10.00,4,8180.00
2020-09-23T07:44:00.000Z,2020-09-24T01:44:00.000Z,BUY,0.01,2,1,10.00,2,8190.00
2020-09-24T01:44:00.000Z,2020-09-24T04:23:00.000Z,BUY,0.01,1,1,10.00,1,8200.00
2020-09-24T04:23:00.000Z,2020-09-24T20:44:00.000Z,BUY,0.01,1,1,10.00,1,8210.00
2020-09-24T20:44:00.000Z,2020-09-29T03:27:00.000Z,BUY,0.01,3,1,10.00,3,8220.00
2020-09-29T03:27:00.000Z,2020-09-29T08:31:00.000Z,SELL,0.01,1,1,10.00,1,8230.00
2020-09-29T08:31:00.000Z,2020-10-01T15:23:00.000Z,SELL,0.01,2,1,10.00,2,8240.00
2020-10-01T15:23:00.000Z,2020-10-02T05:41:00.000Z,SELL,0.01,1,1,10.00,1,8250.00
2020-10-02T05:41:00.000Z,2020-10-06T23:06:00.000Z,SELL,0.01,5,1,10.00,5,8260.00
2020-10-06T23:06:00.000Z,2020-10-07T10:06:00.000Z,BUY,0.01,1,1,10.00,1,8270.00
2020-10-07T10:06:00.000Z,2020-10-09T04:55:00.000Z,BUY,0.01,1,1,10.00,1,8280.00
2020-10-09T04:55:00.000Z,2020-10-13T16:38:00.000Z,SELL,0.01,3,1,10.00,3,8290.00
2020-10-13T16:38:00.000Z,2020-10-14T15:30:00.000Z,BUY,0.01,1,1,10.00,1,8300.00
2020-10-14T15:30:00.000Z,2020-10-19T15:13:00.000Z,BUY,0.01,1,1,10.00,1,8310.00
2020-10-19T15:13:00.000Z,2020-10-19T17:00:00.000Z,SELL,0.01,1,1,10.00,1,8320.00
2020-10-19T17:00:00.000Z,2020-10-20T05:00:00.000Z,SELL,0.01,1,1,10.00,1,8330.00
2020-10-20T05:00:00.000Z,2020-10-20T12:15:00.000Z,BUY,0.01,1,1,10.00,1,8340.00
2020-10-20T12:15:00.000Z,2020-10-21T04:00:00.000Z,BUY,0.01,1,1,10.00,1,8350.00
2020-10-21T04:00:00.000Z,2020-10-22T15:14:00.000Z,SELL,0.01,1,1,10.00,1,8360.00
2020-10-22T15:14:00.000Z,2020-10-28T15:53:00.000Z,BUY,0.01,2,1,10.00,2,8370.00
2020-10-28T15:53:00.000Z,2020-10-30T14:49:00.000Z,BUY,0.01,1,1,10.00,1,8380.00
2020-10-30T14:49:00.000Z,2020-10-30T17:27:00.000Z,SELL,0.01,1,1,10.00,1,8390.00
2020-10-30T17:27:00.000Z,2020-11-03T15:28:00.000Z,SELL,0.01,2,1,10.00,2,8400.00
2020-11-03T15:28:00.000Z,2020-11-04T03:00:00.000Z,SELL,0.01,1,1,10.00,1,8410.00
2020-11-04T03:00:00.000Z,2020-11-04T03:00:00.000Z,SELL,0.01,1,1,10.00,1,8420.00
2020-11-04T03:00:00.000Z,2020-11-05T10:25:00.000Z,SELL,0.01,4,1,10.00,4,8430.00
2020-11-05T10:25:00.000Z,2020-11-05T17:19:00.000Z,SELL,0.01,2,1,10.00,2,8440.00
2020-11-05T17:19:00.000Z,2020-11-09T13:59:00.000Z,SELL,0.01,3,1,10.00,3,8450.00
2020-11-09T13:59:00.000Z,2020-11-09T14:03:00.000Z,SELL,0.01,1,1,10.00,1,8460.00
2020-11-09T14:03:00.000Z,2020-11-09T14:10:00.000Z,SELL,0.01,1,1,10.00,1,8470.00
2020-11-09T14:10:00.000Z,2020-11-09T14:13:00.000Z,SELL,0.01,1,1,10.00,1,8480.00
2020-11-09T14:13:00.000Z,2020-11-09T15:12:00.000Z,SELL,0.01,1,1,10.00,1,8490.00
2020-11-09T15:12:00.000Z,2020-11-09T16:56:00.000Z,BUY,0.01,2,1,10.00,2,8500.00
2020-11-09T16:56:00.000Z,2020-11-10T02:09:00.000Z,BUY,0.01,1,1,10.00,1,8510.00
2020-11-10T02:09:00.000Z,2020-11-10T06:12:00.000Z,BUY,0.01,1,1,10.00,1,8520.00
2020-11-10T06:12:00.000Z,2020-11-13T15:51:00.000Z,BUY,0.01,3,1,10.00,3,8530.00
2020-11-13T15:51:00.000Z,2020-11-13T21:28:00.000Z,SELL,0.01,1,1,10.00,1,8540.00
2020-11-13T21:28:00.000Z,2020-11-16T13:53:00.000Z,SELL,0.01,1,1,10.00,1,8550.00
2020-11-16T13:53:00.000Z,2020-11-18T14:03:00.000Z,SELL,0.01,3,1,10.00,3,8560.00
2020-11-18T14:03:00.000Z,2020-11-18T15:32:00.000Z,BUY,0.01,1,1,10.00,1,8570.00
2020-11-18T15:32:00.000Z,2020-11-18T17:30:00.000Z,BUY,0.01,1,1,10.00,1,8580.00
2020-11-18T17:30:00.000Z,2020-11-19T15:37:00.000Z,BUY,0.01,2,1,10.00,2,8590.00
2020-11-19T15:37:00.000Z,2020-11-19T20:03:00.000Z,BUY,0.01,1,1,10.00,1,8600.00
2020-11-19T20:03:00.000Z,2020-11-20T16:11:00.000Z,BUY,0.01,1,1,10.00,1,8610.00
2020-11-20T16:11:00.000Z,2020-11-23T12:31:00.000Z,SELL,0.01,1,1,10.00,1,8620.00
2020-11-23T12:31:00.000Z,2020-11-23T16:49:00.000Z,SELL,0.01,1,1,10.00,1,8630.00
2020-11-23T16:49:00.000Z,2020-11-24T04:52:00.000Z,BUY,0.01,2,1,10.00,2,8640.00
2020-11-24T04:52:00.000Z,2020-11-27T15:13:00.000Z,BUY,0.01,2,1,10.00,2,8650.00
2020-11-27T15:13:00.000Z,2020-11-30T04:58:00.000Z,BUY,0.01,2,1,10.00,2,8660.00
2020-11-30T04:58:00.000Z,2020-11-30T08:48:00.000Z,BUY,0.01,1,1,10.00,1,8670.00
2020-11-30T08:48:00.000Z,2020-12-01T05:24:00.000Z,BUY,0.01,1,1,10.00,1,8680.00
2020-12-01T05:24:00.000Z,2020-12-01T12:00:00.000Z,BUY,0.01,1,1,10.00,1,8690.00
2020-12-01T12:00:00.000Z,2020-12-02T10:50:00.000Z,SELL,0.01,2,1,10.00,2,8700.00
2020-12-02T10:50:00.000Z,2020-12-02T15:47:00.000Z,SELL,0.01,1,1,10.00,1,8710.00
2020-12-02T15:47:00.000Z,2020-12-04T15:30:00.000Z,SELL,0.01,2,1,10.00,2,8720.00
2020-12-04T15:30:00.000Z,2020-12-04T15:33:00.000Z,SELL,0.01,1,1,10.00,1,8730.00
2020-12-04T15:33:00.000Z,2020-12-07T10:32:00.000Z,SELL,0.01,1,1,10.00,1,8740.00
2020-12-07T10:32:00.000Z,2020-12-07T16:51:00.000Z,SELL,0.01,2,1,10.00,2,8750.00
2020-12-07T16:51:00.000Z,2020-12-07T17:50:00.000Z,BUY,0.01,1,1,10.00,1,8760.00
2020-12-07T17:50:00.000Z,2020-12-09T13:41:00.000Z,SELL,0.01,1,1,10.00,1,8770.00
2020-12-09T13:41:00.000Z,2020-12-11T13:28:00.000Z,BUY,0.01,2,1,10.00,2,8780.00
2020-12-11T13:28:00.000Z,2020-12-11T14:59:00.000Z,BUY,0.01,1,1,10.00,1,8790.00
2020-12-11T14:59:00.000Z,2020-12-11T17:14:00.000Z,BUY,0.01,1,1,10.00,1,8800.00
2020-12-11T17:14:00.000Z,2020-12-14T03:02:00.000Z,SELL,0.01,1,1,10.00,1,8810.00
2020-12-14T03:02:00.000Z,2020-12-14T12:29:00.000Z,SELL,0.01,1,1,10.00,1,8820.00
2020-12-14T12:29:00.000Z,2020-12-14T16:30:00.000Z,BUY,0.01,1,1,10.00,1,8830.00
2020-12-14T16:30:00.000Z,2020-12-15T10:30:00.000Z,BUY,0.01,1,1,10.00,1,8840.00
2020-12-15T10:30:00.000Z,2020-12-17T10:11:00.000Z,SELL,0.01,4,1,10.00,4,8850.00
2020-12-17T10:11:00.000Z,2020-12-21T08:17:00.000Z,SELL,0.01,2,1,10.00,2,8860.00
2020-12-21T08:17:00.000Z,2020-12-21T09:52:00.000Z,SELL,0.01,1,1,10.00,1,8870.00
2020-12-21T09:52:00.000Z,2020-12-21T11:47:00.000Z,SELL,0.01,1,1,10.00,1,8880.00
2020-12-21T11:47:00.000Z,2020-12-21T12:05:00.000Z,SELL,0.01,1,1,10.00,1,8890.00
2020-12-21T12:05:00.000Z,2020-12-21T12:06:00.000Z,SELL,0.01,1,1,10.00,1,8900.00
2020-12-21T12:06:00.000Z,2020-12-28T03:04:00.000Z,SELL,0.01,4,1,10.00,4,8910.00
2020-12-28T03:04:00.000Z,2020-12-28T08:24:00.000Z,SELL,0.01,1,1,10.00,1,8920.00
2020-12-28T08:24:00.000Z,2020-12-28T13:41:00.000Z,SELL,0.01,1,1,10.00,1,8930.00
2020-12-28T13:41:00.000Z,2021-01-04T01:05:00.000Z,SELL,0.01,4,1,10.00,4,8940.00
2021-01-04T01:05:00.000Z,2021-01-04T10:27:00.000Z,SELL,0.01,2,1,10.00,2,8950.00
2021-01-04T10:27:00.000Z,2021-01-06T17:26:00.000Z,SELL,0.01,3,1,10.00,3,8960.00
2021-01-06T17:26:00.000Z,2021-01-08T10:00:00.000Z,BUY,0.01,4,1,10.00,4,8970.00
2021-01-08T10:00:00.000Z,2021-01-08T10:00:00.000Z,BUY,0.01,1,1,10.00,1,8980.00
2021-01-08T10:00:00.000Z,2021-01-08T16:42:00.000Z,BUY,0.01,2,1,10.00,2,8990.00
2021-01-08T16:42:00.000Z,2021-01-08T19:27:00.000Z,BUY,0.01,2,1,10.00,2,9000.00
2021-01-08T19:27:00.000Z,2021-01-11T01:05:00.000Z,BUY,0.01,1,1,10.00,1,9010.00
2021-01-11T01:05:00.000Z,2021-01-11T03:15:00.000Z,BUY,0.01,2,1,10.00,2,9020.00
2021-01-11T03:15:00.000Z,2021-01-11T04:33:00.000Z,BUY,0.01,1,1,10.00,1,9030.00
2021-01-11T04:33:00.000Z,2021-01-11T08:24:00.000Z,BUY,0.01,1,1,10.00,1,9040.00
2021-01-11T08:24:00.000Z,2021-01-11T10:14:00.000Z,BUY,0.01,1,1,10.00,1,9050.00
2021-01-11T10:14:00.000Z,2021-01-15T17:05:00.000Z,BUY,0.01,5,0,-2420.00,5,6630.00
2021-01-15T17:05:00.000Z,2021-01-19T12:44:00.000Z,BUY,0.01,3,1,10.00,3,6640.00
2021-01-19T12:44:00.000Z,2021-01-19T15:08:00.000Z,SELL,0.01,1,1,10.00,1,6650.00
2021-01-19T15:08:00.000Z,2021-01-20T17:17:00.000Z,SELL,0.01,4,1,10.00,4,6660.00
2021-01-20T17:17:00.000Z,2021-01-22T12:30:00.000Z,SELL,0.01,1,1,10.00,1,6670.00
2021-01-22T12:30:00.000Z,2021-01-25T13:06:00.000Z,BUY,0.01,1,1,10.00,1,6680.00
2021-01-25T13:06:00.000Z,2021-01-27T16:40:00.000Z,BUY,0.01,2,1,10.00,2,6690.00
2021-01-27T16:40:00.000Z,2021-01-27T17:09:00.000Z,BUY,0.01,1,1,10.00,1,6700.00
2021-01-27T17:09:00.000Z,2021-01-28T15:50:00.000Z,BUY,0.01,1,1,10.00,1,6710.00
2021-01-28T15:50:00.000Z,2021-01-29T14:08:00.000Z,BUY,0.01,3,1,10.00,3,6720.00
2021-01-29T14:08:00.000Z,2021-01-29T16:44:00.000Z,SELL,0.01,1,1,10.00,1,6730.00
2021-01-29T16:44:00.000Z,2021-01-29T22:48:00.000Z,SELL,0.01,1,1,10.00,1,6740.00
2021-01-29T22:48:00.000Z,2021-02-02T15:25:00.000Z,SELL,0.01,3,1,10.00,3,6750.00
2021-02-02T15:25:00.000Z,2021-02-04T16:03:00.000Z,BUY,0.01,2,1,10.00,2,6760.00
2021-02-04T16:03:00.000Z,2021-02-05T19:04:00.000Z,BUY,0.01,3,1,10.00,3,6770.00
2021-02-05T19:04:00.000Z,2021-02-09T10:58:00.000Z,SELL,0.01,2,1,10.00,2,6780.00
2021-02-09T10:58:00.000Z,2021-02-09T16:40:00.000Z,SELL,0.01,1,1,10.00,1,6790.00
2021-02-09T16:40:00.000Z,2021-02-11T19:27:00.000Z,SELL,0.01,3,1,10.00,3,6800.00
2021-02-11T19:27:00.000Z,2021-02-16T16:00:00.000Z,BUY,0.01,2,1,10.00,2,6810.00
2021-02-16T16:00:00.000Z,2021-02-16T17:14:00.000Z,BUY,0.01,1,1,10.00,1,6820.00
2021-02-16T17:14:00.000Z,2021-02-17T15:32:00.000Z,BUY,0.01,2,1,10.00,2,6830.00
2021-02-17T15:32:00.000Z,2021-02-18T05:14:00.000Z,BUY,0.01,1,1,10.00,1,6840.00
2021-02-18T05:14:00.000Z,2021-02-22T11:17:00.000Z,BUY,0.01,3,1,10.00,3,6850.00
2021-02-22T11:17:00.000Z,2021-02-24T16:36:00.000Z,SELL,0.01,3,1,10.00,3,6860.00
2021-02-24T16:36:00.000Z,2021-02-24T17:25:00.000Z,BUY,0.01,1,1,10.00,1,6870.00
2021-02-24T17:25:00.000Z,2021-02-25T20:02:00.000Z,BUY,0.01,2,1,10.00,2,6880.00
2021-02-25T20:02:00.000Z,2021-02-25T20:18:00.000Z,BUY,0.01,1,1,10.00,1,6890.00
2021-02-25T20:18:00.000Z,2021-02-26T16:59:00.000Z,BUY,0.01,2,1,10.00,2,6900.00
2021-02-26T16:59:00.000Z,2021-03-01T08:35:00.000Z,BUY,0.01,3,1,10.00,3,6910.00
2021-03-01T08:35:00.000Z,2021-03-01T20:02:00.000Z,BUY,0.01,2,1,10.00,2,6920.00
2021-03-01T20:02:00.000Z,2021-03-02T15:05:00.000Z,BUY,0.01,1,1,10.00,1,6930.00
2021-03-02T15:05:00.000Z,2021-03-03T17:43:00.000Z,BUY,0.01,2,1,10.00,2,6940.00
2021-03-03T17:43:00.000Z,2021-03-03T17:58:00.000Z,BUY,0.01,1,1,10.00,1,6950.00
2021-03-03T17:58:00.000Z,2021-03-08T13:59:00.000Z,BUY,0.01,2,1,10.00,2,6960.00
2021-03-08T13:59:00.000Z,2021-03-09T09:38:00.000Z,BUY,0.01,1,1,10.00,1,6970.00
2021-03-09T09:38:00.000Z,2021-03-09T13:22:00.000Z,BUY,0.01,1,1,10.00,1,6980.00
2021-03-09T13:22:00.000Z,2021-03-11T09:28:00.000Z,SELL,0.01,2,1,10.00,2,6990.00
2021-03-11T09:28:00.000Z,2021-03-11T16:22:00.000Z,SELL,0.01,1,1,10.00,1,7000.00
2021-03-11T16:22:00.000Z,2021-03-12T07:52:00.000Z,SELL,0.01,1,1,10.00,1,7010.00
2021-03-12T07:52:00.000Z,2021-03-12T23:49:00.000Z,BUY,0.01,1,1,10.00,1,7020.00
2021-03-12T23:49:00.000Z,2021-03-29T16:37:00.000Z,SELL,0.01,5,1,10.00,5,7030.00
2021-03-29T16:37:00.000Z,2021-03-30T14:50:00.000Z,BUY,0.01,2,1,10.00,2,7040.00
2021-03-30T14:50:00.000Z,2021-03-31T16:55:00.000Z,BUY,0.01,1,1,10.00,1,7050.00
2021-03-31T16:55:00.000Z,2021-03-31T18:47:00.000Z,BUY,0.01,1,1,10.00,1,7060.00
2021-03-31T18:47:00.000Z,2021-04-06T08:30:00.000Z,SELL,0.01,2,1,10.00,2,7070.00
2021-04-06T08:30:00.000Z,2021-04-13T08:33:00.000Z,SELL,0.01,3,1,10.00,3,7080.00
2021-04-13T08:33:00.000Z,2021-04-13T15:39:00.000Z,BUY,0.01,1,1,10.00,1,7090.00
2021-04-13T15:39:00.000Z,2021-04-13T16:38:00.000Z,BUY,0.01,1,1,10.00,1,7100.00
2021-04-13T16:38:00.000Z,2021-04-15T17:04:00.000Z,BUY,0.01,1,1,10.00,1,7110.00
2021-04-15T17:04:00.000Z,2021-04-19T11:03:00.000Z,SELL,0.01,2,1,10.00,2,7120.00
2021-04-19T11:03:00.000Z,2021-04-19T15:12:00.000Z,SELL,0.01,1,1,10.00,1,7130.00
2021-04-19T15:12:00.000Z,2021-04-19T16:23:00.000Z,SELL,0.01,1,1,10.00,1,7140.00
2021-04-19T16:23:00.000Z,2021-04-21T16:57:00.000Z,SELL,0.01,2,1,10.00,2,7150.00
2021-04-21T16:57:00.000Z,2021-04-22T12:30:00.000Z,SELL,0.01,1,1,10.00,1,7160.00
2021-04-22T12:30:00.000Z,2021-04-23T17:17:00.000Z,SELL,0.01,1,1,10.00,1,7170.00
2021-04-23T17:17:00.000Z,2021-04-28T12:28:00.000Z,SELL,0.01,1,1,10.00,1,7180.00
2021-04-28T12:28:00.000Z,2021-04-28T21:03:00.000Z,BUY,0.01,1,1,10.00,1,7190.00
2021-04-28T21:03:00.000Z,2021-04-29T04:05:00.000Z,BUY,0.01,1,1,10.00,1,7200.00
2021-04-29T04:05:00.000Z,2021-04-29T11:31:00.000Z,SELL,0.01,1,1,10.00,1,7210.00
2021-04-29T11:31:00.000Z,2021-04-29T16:20:00.000Z,SELL,0.01,1,1,10.00,1,7220.00
2021-04-29T16:20:00.000Z,2021-05-03T09:25:00.000Z,BUY,0.01,1,1,10.00,1,7230.00
2021-05-03T09:25:00.000Z,2021-05-06T16:38:00.000Z,SELL,0.01,4,1,10.00,4,7240.00
2021-05-06T16:38:00.000Z,2021-05-07T15:35:00.000Z,SELL,0.01,2,1,10.00,2,7250.00
2021-05-07T15:35:00.000Z,2021-05-07T16:35:00.000Z,SELL,0.01,1,1,10.00,1,7260.00
2021-05-07T16:35:00.000Z,2021-05-12T23:24:00.000Z,SELL,0.01,1,1,10.00,1,7270.00
2021-05-12T23:24:00.000Z,2021-05-13T17:47:00.000Z,BUY,0.01,1,1,10.00,1,7280.00
2021-05-13T17:47:00.000Z,2021-05-14T12:04:00.000Z,BUY,0.01,1,1,10.00,1,7290.00
2021-05-14T12:04:00.000Z,2021-05-17T18:49:00.000Z,SELL,0.01,2,1,10.00,2,7300.00
2021-05-17T18:49:00.000Z,2021-05-19T13:19:00.000Z,SELL,0.01,1,1,10.00,1,7310.00
2021-05-19T13:19:00.000Z,2021-05-19T15:40:00.000Z,BUY,0.01,1,1,10.00,1,7320.00
2021-05-19T15:40:00.000Z,2021-05-19T16:38:00.000Z,BUY,0.01,1,1,10.00,1,7330.00
2021-05-19T16:38:00.000Z,2021-05-19T16:46:00.000Z,BUY,0.01,1,1,10.00,1,7340.00
2021-05-19T16:46:00.000Z,2021-05-25T20:07:00.000Z,BUY,0.01,3,1,10.00,3,7350.00
2021-05-25T20:07:00.000Z,2021-05-28T15:10:00.000Z,SELL,0.01,1,1,10.00,1,7360.00
2021-05-28T15:10:00.000Z,2021-05-28T16:07:00.000Z,BUY,0.01,1,1,10.00,1,7370.00
2021-05-28T16:07:00.000Z,2021-05-31T04:02:00.000Z,BUY,0.01,1,1,10.00,1,7380.00
2021-05-31T04:02:00.000Z,2021-06-01T17:18:00.000Z,SELL,0.01,1,1,10.00,1,7390.00
2021-06-01T17:18:00.000Z,2021-06-03T15:30:00.000Z,SELL,0.01,1,1,10.00,1,7400.00
2021-06-03T15:30:00.000Z,2021-06-04T04:56:00.000Z,BUY,0.01,2,1,10.00,2,7410.00
2021-06-04T04:56:00.000Z,2021-06-04T05:53:00.000Z,BUY,0.01,1,1,10.00,1,7420.00
2021-06-04T05:53:00.000Z,2021-06-04T15:30:00.000Z,BUY,0.01,1,1,10.00,1,7430.00
2021-06-04T15:30:00.000Z,2021-06-04T16:06:00.000Z,BUY,0.01,1,1,10.00,1,7440.00
2021-06-04T16:06:00.000Z,2021-06-07T20:58:00.000Z,BUY,0.01,1,1,10.00,1,7450.00
2021-06-07T20:58:00.000Z,2021-06-08T16:54:00.000Z,SELL,0.01,1,1,10.00,1,7460.00
2021-06-08T16:54:00.000Z,2021-06-10T10:59:00.000Z,SELL,0.01,1,1,10.00,1,7470.00
2021-06-10T10:59:00.000Z,2021-06-10T15:39:00.000Z,BUY,0.01,1,1,10.00,1,7480.00
2021-06-10T15:39:00.000Z,2021-06-10T22:17:00.000Z,BUY,0.01,1,1,10.00,1,7490.00
2021-06-10T22:17:00.000Z,2021-06-11T14:13:00.000Z,SELL,0.01,1,1,10.00,1,7500.00
2021-06-11T14:13:00.000Z,2021-06-11T18:20:00.000Z,SELL,0.01,1,1,10.00,1,7510.00
2021-06-11T18:20:00.000Z,2021-06-14T15:46:00.000Z,BUY,0.01,2,1,10.00,2,7520.00
2021-06-14T15:46:00.000Z,2021-06-14T16:40:00.000Z,BUY,0.01,1,1,10.00,1,7530.00
2021-06-14T16:40:00.000Z,2021-06-14T17:13:00.000Z,BUY,0.01,1,1,10.00,1,7540.00
2021-06-14T17:13:00.000Z,2021-06-16T21:15:00.000Z,BUY,0.01,2,1,10.00,2,7550.00
2021-06-16T21:15:00.000Z,2021-06-16T23:42:00.000Z,BUY,0.01,2,1,10.00,2,7560.00
2021-06-16T23:42:00.000Z,2021-06-17T01:47:00.000Z,BUY,0.01,1,1,10.00,1,7570.00
2021-06-17T01:47:00.000Z,2021-06-17T14:48:00.000Z,BUY,0.01,2,1,10.00,2,7580.00
2021-06-17T14:48:00.000Z,2021-06-29T11:05:00.000Z,BUY,0.01,5,0,-2420.00,5,5160.00
2021-06-29T11:05:00.000Z,2021-07-01T09:12:00.000Z,BUY,0.01,1,1,10.00,1,5170.00
2021-07-01T09:12:00.000Z,2021-07-06T10:53:00.000Z,SELL,0.01,2,1,10.00,2,5180.00
2021-07-06T10:53:00.000Z,2021-07-06T18:53:00.000Z,SELL,0.01,1,1,10.00,1,5190.00
2021-07-06T18:53:00.000Z,2021-07-14T15:33:00.000Z,SELL,0.01,4,1,10.00,4,5200.00
2021-07-14T15:33:00.000Z,2021-07-16T13:46:00.000Z,SELL,0.01,1,1,10.00,1,5210.00
2021-07-16T13:46:00.000Z,2021-07-29T17:16:00.000Z,BUY,0.01,5,1,10.00,5,5220.00
2021-07-29T17:16:00.000Z,2021-07-30T19:28:00.000Z,SELL,0.01,1,1,10.00,1,5230.00
2021-07-30T19:28:00.000Z,2021-08-04T16:02:00.000Z,BUY,0.01,1,1,10.00,1,5240.00
2021-08-04T16:02:00.000Z,2021-08-04T17:13:00.000Z,SELL,0.01,1,1,10.00,1,5250.00
2021-08-04T17:13:00.000Z,2021-08-04T18:12:00.000Z,SELL,0.01,1,1,10.00,1,5260.00
2021-08-04T18:12:00.000Z,2021-08-06T10:16:00.000Z,SELL,0.01,1,1,10.00,1,5270.00
2021-08-06T10:16:00.000Z,2021-08-06T16:45:00.000Z,BUY,0.01,2,1,10.00,2,5280.00
2021-08-06T16:45:00.000Z,2021-08-09T01:48:00.000Z,BUY,0.01,2,1,10.00,2,5290.00
2021-08-09T01:48:00.000Z,2021-08-09T01:48:00.000Z,BUY,0.01,1,1,10.00,1,5300.00
2021-08-09T01:48:00.000Z,2021-08-09T01:53:00.000Z,BUY,0.01,2,1,10.00,2,5310.00
2021-08-09T01:53:00.000Z,2021-08-09T01:58:00.000Z,BUY,0.01,2,1,10.00,2,5320.00
2021-08-09T01:58:00.000Z,2021-08-09T02:03:00.000Z,BUY,0.01,1,1,10.00,1,5330.00
2021-08-09T02:03:00.000Z,2021-08-09T02:31:00.000Z,BUY,0.01,1,1,10.00,1,5340.00
2021-08-09T02:31:00.000Z,2021-08-09T02:44:00.000Z,BUY,0.01,1,1,10.00,1,5350.00
2021-08-09T02:44:00.000Z,2021-08-09T04:00:00.000Z,BUY,0.01,1,1,10.00,1,5360.00
2021-08-09T04:00:00.000Z,2021-08-09T04:25:00.000Z,BUY,0.01,1,1,10.00,1,5370.00
2021-08-09T04:25:00.000Z,2021-08-09T10:31:00.000Z,BUY,0.01,1,1,10.00,1,5380.00
2021-08-09T10:31:00.000Z,2021-08-10T17:12:00.000Z,BUY,0.01,2,1,10.00,2,5390.00
2021-08-10T17:12:00.000Z,2021-08-10T18:42:00.000Z,BUY,0.01,1,1,10.00,1,5400.00
2021-08-10T18:42:00.000Z,2021-08-11T15:04:00.000Z,BUY,0.01,1,1,10.00,1,5410.00
2021-08-11T15:04:00.000Z,2021-08-13T17:05:00.000Z,SELL,0.01,2,1,10.00,2,5420.00
2021-08-13T17:05:00.000Z,2021-08-23T15:50:00.000Z,SELL,0.01,2,1,10.00,2,5430.00
2021-08-23T15:50:00.000Z,2021-08-25T16:40:00.000Z,SELL,0.01,1,1,10.00,1,5440.00
2021-08-25T16:40:00.000Z,2021-08-27T07:36:00.000Z,BUY,0.01,1,1,10.00,1,5450.00
2021-08-27T07:36:00.000Z,2021-08-27T16:30:00.000Z,SELL,0.01,1,1,10.00,1,5460.00
2021-08-27T16:30:00.000Z,2021-08-30T03:30:00.000Z,SELL,0.01,2,1,10.00,2,5470.00
2021-08-30T03:30:00.000Z,2021-08-30T18:35:00.000Z,SELL,0.01,1,1,10.00,1,5480.00
2021-08-30T18:35:00.000Z,2021-09-07T17:15:00.000Z,SELL,0.01,3,1,10.00,3,5490.00
2021-09-07T17:15:00.000Z,2021-09-16T15:08:00.000Z,BUY,0.01,2,1,10.00,2,5500.00
2021-09-16T15:08:00.000Z,2021-09-21T18:10:00.000Z,BUY,0.01,3,1,10.00,3,5510.00
2021-09-21T18:10:00.000Z,2021-09-22T21:00:00.000Z,SELL,0.01,1,1,10.00,1,5520.00
2021-09-22T21:00:00.000Z,2021-09-23T16:06:00.000Z,SELL,0.01,1,1,10.00,1,5530.00
2021-09-23T16:06:00.000Z,2021-09-28T15:45:00.000Z,BUY,0.01,4,1,10.00,4,5540.00
2021-09-28T15:45:00.000Z,2021-09-28T16:27:00.000Z,BUY,0.01,1,1,10.00,1,5550.00
2021-09-28T16:27:00.000Z,2021-09-30T17:24:00.000Z,BUY,0.01,1,1,10.00,1,5560.00
2021-09-30T17:24:00.000Z,2021-10-08T16:15:00.000Z,SELL,0.01,4,1,10.00,4,5570.00
2021-10-08T16:15:00.000Z,2021-10-08T17:10:00.000Z,SELL,0.01,1,1,10.00,1,5580.00
2021-10-08T17:10:00.000Z,2021-10-08T17:34:00.000Z,SELL,0.01,1,1,10.00,1,5590.00
2021-10-08T17:34:00.000Z,2021-10-13T17:33:00.000Z,SELL,0.01,2,1,10.00,2,5600.00
2021-10-13T17:33:00.000Z,2021-10-15T14:45:00.000Z,SELL,0.01,1,1,10.00,1,5610.00
2021-10-15T14:45:00.000Z,2021-10-21T05:35:00.000Z,BUY,0.01,1,1,10.00,1,5620.00
2021-10-21T05:35:00.000Z,2021-10-21T14:29:00.000Z,SELL,0.01,1,1,10.00,1,5630.00
2021-10-21T14:29:00.000Z,2021-10-22T16:55:00.000Z,SELL,0.01,2,1,10.00,2,5640.00
2021-10-22T16:55:00.000Z,2021-10-22T18:30:00.000Z,SELL,0.01,1,1,10.00,1,5650.00
2021-10-22T18:30:00.000Z,2021-10-22T18:37:00.000Z,SELL,0.01,1,1,10.00,1,5660.00
2021-10-22T18:37:00.000Z,2021-10-29T15:51:00.000Z,SELL,0.01,5,1,10.00,5,5670.00
2021-10-29T15:51:00.000Z,2021-11-01T12:12:00.000Z,BUY,0.01,1,1,10.00,1,5680.00
2021-11-01T12:12:00.000Z,2021-11-04T16:00:00.000Z,BUY,0.01,3,1,10.00,3,5690.00
2021-11-04T16:00:00.000Z,2021-11-05T14:30:00.000Z,SELL,0.01,1,1,10.00,1,5700.00
2021-11-05T14:30:00.000Z,2021-11-05T21:47:00.000Z,SELL,0.01,2,1,10.00,2,5710.00
2021-11-05T21:47:00.000Z,2021-11-10T15:44:00.000Z,SELL,0.01,2,1,10.00,2,5720.00
2021-11-10T15:44:00.000Z,2021-11-10T16:29:00.000Z,BUY,0.01,1,1,10.00,1,5730.00
2021-11-10T16:29:00.000Z,2021-11-10T20:02:00.000Z,SELL,0.01,1,1,10.00,1,5740.00
2021-11-10T20:02:00.000Z,2021-11-22T12:44:00.000Z,SELL,0.01,3,1,10.00,3,5750.00
2021-11-22T12:44:00.000Z,2021-11-22T19:28:00.000Z,BUY,0.01,2,1,10.00,2,5760.00
2021-11-22T19:28:00.000Z,2021-11-29T01:08:00.000Z,BUY,0.01,4,1,10.00,4,5770.00
2021-11-29T01:08:00.000Z,2021-11-29T01:08:00.000Z,BUY,0.01,1,1,10.00,1,5780.00
2021-11-29T01:08:00.000Z,2021-11-29T10:51:00.000Z,BUY,0.01,1,1,10.00,1,5790.00
2021-11-29T10:51:00.000Z,2021-11-30T17:12:00.000Z,BUY,0.01,1,1,10.00,1,5800.00
2021-11-30T17:12:00.000Z,2021-11-30T17:35:00.000Z,SELL,0.01,1,1,10.00,1,5810.00
2021-11-30T17:35:00.000Z,2021-11-30T17:52:00.000Z,SELL,0.01,1,1,10.00,1,5820.00
2021-11-30T17:52:00.000Z,2021-11-30T18:00:00.000Z,SELL,0.01,1,1,10.00,1,5830.00
2021-11-30T18:00:00.000Z,2021-12-02T10:27:00.000Z,SELL,0.01,1,1,10.00,1,5840.00
2021-12-02T10:27:00.000Z,2021-12-02T13:20:00.000Z,BUY,0.01,1,1,10.00,1,5850.00
2021-12-02T13:20:00.000Z,2021-12-08T04:04:00.000Z,BUY,0.01,1,1,10.00,1,5860.00
2021-12-08T04:04:00.000Z,2021-12-09T14:17:00.000Z,SELL,0.01,1,1,10.00,1,5870.00
2021-12-09T14:17:00.000Z,2021-12-10T16:02:00.000Z,BUY,0.01,1,1,10.00,1,5880.00
2021-12-10T16:02:00.000Z,2021-12-15T21:00:00.000Z,BUY,0.01,2,1,10.00,2,5890.00
2021-12-15T21:00:00.000Z,2021-12-15T21:53:00.000Z,BUY,0.01,1,1,10.00,1,5900.00
2021-12-15T21:53:00.000Z,2021-12-15T22:29:00.000Z,BUY,0.01,1,1,10.00,1,5910.00
2021-12-15T22:29:00.000Z,2021-12-16T15:12:00.000Z,BUY,0.01,1,1,10.00,1,5920.00
2021-12-16T15:12:00.000Z,2021-12-28T15:28:00.000Z,SELL,0.01,4,1,10.00,4,5930.00
2021-12-28T15:28:00.000Z,2021-12-28T20:38:00.000Z,SELL,0.01,1,1,10.00,1,5940.00
2021-12-28T20:38:00.000Z,2021-12-29T12:30:00.000Z,SELL,0.01,1,1,10.00,1,5950.00
2021-12-29T12:30:00.000Z,2021-12-30T16:39:00.000Z,BUY,0.01,1,1,10.00,1,5960.00
2021-12-30T16:39:00.000Z,2021-12-31T03:20:00.000Z,BUY,0.01,1,1,10.00,1,5970.00
2021-12-31T03:20:00.000Z,2022-01-03T15:33:00.000Z,SELL,0.01,1,1,10.00,1,5980.00
2022-01-03T15:33:00.000Z,2022-01-06T10:27:00.000Z,SELL,0.01,3,1,10.00,3,5990.00
2022-01-06T10:27:00.000Z,2022-01-11T07:51:00.000Z,BUY,0.01,1,1,10.00,1,6000.00
2022-01-11T07:51:00.000Z,2022-01-19T17:46:00.000Z,SELL,0.01,4,1,10.00,4,6010.00
2022-01-19T17:46:00.000Z,2022-01-26T21:03:00.000Z,SELL,0.01,1,1,10.00,1,6020.00
2022-01-26T21:03:00.000Z,2022-01-27T15:55:00.000Z,BUY,0.01,2,1,10.00,2,6030.00
2022-01-27T15:55:00.000Z,2022-01-27T16:38:00.000Z,BUY,0.01,1,1,10.00,1,6040.00
2022-01-27T16:38:00.000Z,2022-02-07T19:24:00.000Z,BUY,0.01,5,1,10.00,5,6050.00
2022-02-07T19:24:00.000Z,2022-02-11T20:37:00.000Z,SELL,0.01,2,1,10.00,2,6060.00
2022-02-11T20:37:00.000Z,2022-02-15T05:26:00.000Z,SELL,0.01,2,1,10.00,2,6070.00
2022-02-15T05:26:00.000Z,2022-02-15T10:23:00.000Z,SELL,0.01,1,1,10.00,1,6080.00
2022-02-15T10:23:00.000Z,2022-02-15T10:45:00.000Z,SELL,0.01,1,1,10.00,1,6090.00
2022-02-15T10:45:00.000Z,2022-02-15T14:22:00.000Z,SELL,0.01,1,1,10.00,1,6100.00
2022-02-15T14:22:00.000Z,2022-02-16T11:47:00.000Z,BUY,0.01,1,1,10.00,1,6110.00
2022-02-16T11:47:00.000Z,2022-02-16T19:26:00.000Z,BUY,0.01,1,1,10.00,1,6120.00
2022-02-16T19:26:00.000Z,2022-02-17T18:46:00.000Z,SELL,0.01,2,1,10.00,2,6130.00
2022-02-17T18:46:00.000Z,2022-02-18T03:58:00.000Z,SELL,0.01,1,1,10.00,1,6140.00
2022-02-18T03:58:00.000Z,2022-02-24T04:50:00.000Z,SELL,0.01,4,1,10.00,4,6150.00
2022-02-24T04:50:00.000Z,2022-02-24T06:16:00.000Z,SELL,0.01,2,1,10.00,2,6160.00
2022-02-24T06:16:00.000Z,2022-02-24T06:50:00.000Z,SELL,0.01,1,1,10.00,1,6170.00
2022-02-24T06:50:00.000Z,2022-02-24T12:17:00.000Z,SELL,0.01,2,1,10.00,2,6180.00
2022-02-24T12:17:00.000Z,2022-02-24T14:22:00.000Z,SELL,0.01,1,1,10.00,1,6190.00
2022-02-24T14:22:00.000Z,2022-02-24T16:33:00.000Z,SELL,0.01,1,1,10.00,1,6200.00
2022-02-24T16:33:00.000Z,2022-02-24T16:41:00.000Z,SELL,0.01,1,1,10.00,1,6210.00
2022-02-24T16:41:00.000Z,2022-02-24T17:18:00.000Z,SELL,0.01,1,1,10.00,1,6220.00
2022-02-24T17:18:00.000Z,2022-02-24T17:20:00.000Z,SELL,0.01,1,1,10.00,1,6230.00
2022-02-24T17:20:00.000Z,2022-02-24T21:13:00.000Z,SELL,0.01,1,1,10.00,1,6240.00
2022-02-24T21:13:00.000Z,2022-02-24T21:20:00.000Z,SELL,0.01,1,1,10.00,1,6250.00
2022-02-24T21:20:00.000Z,2022-02-24T21:27:00.000Z,SELL,0.01,1,1,10.00,1,6260.00
2022-02-24T21:27:00.000Z,2022-02-25T03:01:00.000Z,SELL,0.01,2,1,10.00,2,6270.00
2022-02-25T03:01:00.000Z,2022-02-25T16:00:00.000Z,BUY,0.01,2,1,10.00,2,6280.00
2022-02-25T16:00:00.000Z,2022-02-28T01:05:00.000Z,BUY,0.01,1,1,10.00,1,6290.00
2022-02-28T01:05:00.000Z,2022-02-28T01:05:00.000Z,BUY,0.01,1,1,10.00,1,6300.00
2022-02-28T01:05:00.000Z,2022-02-28T01:05:00.000Z,BUY,0.01,1,1,10.00,1,6310.00
2022-02-28T01:05:00.000Z,2022-03-01T17:44:00.000Z,BUY,0.01,5,1,10.00,5,6320.00
2022-03-01T17:44:00.000Z,2022-03-02T12:26:00.000Z,SELL,0.01,3,1,10.00,3,6330.00
2022-03-02T12:26:00.000Z,2022-03-04T02:37:00.000Z,SELL,0.01,2,1,10.00,2,6340.00
2022-03-04T02:37:00.000Z,2022-03-04T03:50:00.000Z,SELL,0.01,1,1,10.00,1,6350.00
2022-03-04T03:50:00.000Z,2022-03-04T21:01:00.000Z,SELL,0.01,2,1,10.00,2,6360.00
2022-03-04T21:01:00.000Z,2022-03-07T03:42:00.000Z,SELL,0.01,2,1,10.00,2,6370.00
2022-03-07T03:42:00.000Z,2022-03-07T05:31:00.000Z,SELL,0.01,1,1,10.00,1,6380.00
2022-03-07T05:31:00.000Z,2022-03-07T08:08:00.000Z,SELL,0.01,1,1,10.00,1,6390.00
2022-03-07T08:08:00.000Z,2022-03-07T15:32:00.000Z,SELL,0.01,3,1,10.00,3,6400.00
2022-03-07T15:32:00.000Z,2022-03-07T20:43:00.000Z,SELL,0.01,2,1,10.00,2,6410.00
2022-03-07T20:43:00.000Z,2022-03-08T03:24:00.000Z,SELL,0.01,1,1,10.00,1,6420.00
2022-03-08T03:24:00.000Z,2022-03-08T08:57:00.000Z,SELL,0.01,2,1,10.00,2,6430.00
2022-03-08T08:57:00.000Z,2022-03-08T10:17:00.000Z,SELL,0.01,1,1,10.00,1,6440.00
2022-03-08T10:17:00.000Z,2022-03-08T16:49:00.000Z,SELL,0.01,2,1,10.00,2,6450.00
2022-03-08T16:49:00.000Z,2022-03-08T17:44:00.000Z,SELL,0.01,2,1,10.00,2,6460.00
2022-03-08T17:44:00.000Z,2022-03-08T17:50:00.000Z,SELL,0.01,1,1,10.00,1,6470.00
2022-03-08T17:50:00.000Z,2022-03-08T18:00:00.000Z,SELL,0.01,1,1,10.00,1,6480.00
2022-03-08T18:00:00.000Z,2022-03-08T19:19:00.000Z,SELL,0.01,3,1,10.00,3,6490.00
2022-03-08T19:19:00.000Z,2022-03-08T19:37:00.000Z,SELL,0.01,1,1,10.00,1,6500.00
2022-03-08T19:37:00.000Z,2022-03-09T04:51:00.000Z,SELL,0.01,2,1,10.00,2,6510.00
2022-03-09T04:51:00.000Z,2022-03-09T09:11:00.000Z,SELL,0.01,1,1,10.00,1,6520.00
2022-03-09T09:11:00.000Z,2022-03-09T11:05:00.000Z,SELL,0.01,1,1,10.00,1,6530.00
2022-03-09T11:05:00.000Z,2022-03-09T11:39:00.000Z,SELL,0.01,1,1,10.00,1,6540.00
2022-03-09T11:39:00.000Z,2022-03-09T12:02:00.000Z,SELL,0.01,1,1,10.00,1,6550.00
2022-03-09T12:02:00.000Z,2022-03-09T15:02:00.000Z,SELL,0.01,1,1,10.00,1,6560.00
2022-03-09T15:02:00.000Z,2022-03-10T03:05:00.000Z,BUY,0.01,4,1,10.00,4,6570.00
2022-03-10T03:05:00.000Z,2022-03-10T07:47:00.000Z,BUY,0.01,1,1,10.00,1,6580.00
2022-03-10T07:47:00.000Z,2022-03-10T12:12:00.000Z,BUY,0.01,1,1,10.00,1,6590.00
2022-03-10T12:12:00.000Z,2022-03-10T13:09:00.000Z,BUY,0.01,1,1,10.00,1,6600.00
2022-03-10T13:09:00.000Z,2022-03-11T13:43:00.000Z,BUY,0.01,4,1,10.00,4,6610.00
2022-03-11T13:43:00.000Z,2022-03-11T13:52:00.000Z,BUY,0.01,1,1,10.00,1,6620.00
2022-03-11T13:52:00.000Z,2022-03-14T15:46:00.000Z,BUY,0.01,4,1,10.00,4,6630.00
2022-03-14T15:46:00.000Z,2022-03-15T12:56:00.000Z,BUY,0.01,2,1,10.00,2,6640.00
2022-03-15T12:56:00.000Z,2022-03-17T04:01:00.000Z,BUY,0.01,3,1,10.00,3,6650.00
2022-03-17T04:01:00.000Z,2022-03-18T15:24:00.000Z,SELL,0.01,1,1,10.00,1,6660.00
2022-03-18T15:24:00.000Z,2022-03-18T15:33:00.000Z,BUY,0.01,1,1,10.00,1,6670.00
2022-03-18T15:33:00.000Z,2022-03-23T21:42:00.000Z,BUY,0.01,3,1,10.00,3,6680.00
2022-03-23T21:42:00.000Z,2022-03-28T08:54:00.000Z,SELL,0.01,3,1,10.00,3,6690.00
2022-03-28T08:54:00.000Z,2022-03-28T15:20:00.000Z,BUY,0.01,1,1,10.00,1,6700.00
2022-03-28T15:20:00.000Z,2022-03-29T11:38:00.000Z,BUY,0.01,2,1,10.00,2,6710.00
2022-03-29T11:38:00.000Z,2022-03-30T05:12:00.000Z,BUY,0.01,3,1,10.00,3,6720.00
2022-03-30T05:12:00.000Z,2022-03-30T17:34:00.000Z,BUY,0.01,1,1,10.00,1,6730.00
2022-03-30T17:34:00.000Z,2022-03-31T06:00:00.000Z,SELL,0.01,1,1,10.00,1,6740.00
2022-03-31T06:00:00.000Z,2022-04-11T11:21:00.000Z,SELL,0.01,4,1,10.00,4,6750.00
2022-04-11T11:21:00.000Z,2022-04-11T19:51:00.000Z,SELL,0.01,1,1,10.00,1,6760.00
2022-04-11T19:51:00.000Z,2022-04-12T17:51:00.000Z,SELL,0.01,2,1,10.00,2,6770.00
2022-04-12T17:51:00.000Z,2022-04-13T03:25:00.000Z,SELL,0.01,1,1,10.00,1,6780.00
2022-04-13T03:25:00.000Z,2022-04-18T15:10:00.000Z,SELL,0.01,2,1,10.00,2,6790.00
2022-04-18T15:10:00.000Z,2022-04-18T17:40:00.000Z,SELL,0.01,1,1,10.00,1,6800.00
2022-04-18T17:40:00.000Z,2022-04-19T07:52:00.000Z,SELL,0.01,1,1,10.00,1,6810.00
2022-04-19T07:52:00.000Z,2022-04-19T22:35:00.000Z,BUY,0.01,2,1,10.00,2,6820.00
2022-04-19T22:35:00.000Z,2022-04-20T14:01:00.000Z,BUY,0.01,1,1,10.00,1,6830.00
2022-04-20T14:01:00.000Z,2022-04-25T05:07:00.000Z,BUY,0.01,2,1,10.00,2,6840.00
2022-04-25T05:07:00.000Z,2022-04-25T15:49:00.000Z,BUY,0.01,2,1,10.00,2,6850.00
2022-04-25T15:49:00.000Z,2022-04-26T06:01:00.000Z,BUY,0.01,1,1,10.00,1,6860.00
2022-04-26T06:01:00.000Z,2022-04-28T08:36:00.000Z,BUY,0.01,2,1,10.00,2,6870.00
2022-04-28T08:36:00.000Z,2022-04-28T10:18:00.000Z,BUY,0.01,1,1,10.00,1,6880.00
2022-04-28T10:18:00.000Z,2022-04-28T15:33:00.000Z,BUY,0.01,1,1,10.00,1,6890.00
2022-04-28T15:33:00.000Z,2022-04-29T04:34:00.000Z,BUY,0.01,1,1,10.00,1,6900.00
2022-04-29T04:34:00.000Z,2022-04-29T22:54:00.000Z,SELL,0.01,1,1,10.00,1,6910.00
2022-04-29T22:54:00.000Z,2022-05-02T05:27:00.000Z,SELL,0.01,1,1,10.00,1,6920.00
2022-05-02T05:27:00.000Z,2022-05-02T16:50:00.000Z,BUY,0.01,2,1,10.00,2,6930.00
2022-05-02T16:50:00.000Z,2022-05-02T17:35:00.000Z,BUY,0.01,1,1,10.00,1,6940.00
2022-05-02T17:35:00.000Z,2022-05-03T17:37:00.000Z,BUY,0.01,1,1,10.00,1,6950.00
2022-05-03T17:37:00.000Z,2022-05-04T21:54:00.000Z,BUY,0.01,1,1,10.00,1,6960.00
2022-05-04T21:54:00.000Z,2022-05-05T18:54:00.000Z,SELL,0.01,3,1,10.00,3,6970.00
2022-05-05T18:54:00.000Z,2022-05-09T11:39:00.000Z,SELL,0.01,1,1,10.00,1,6980.00
2022-05-09T11:39:00.000Z,2022-05-11T02:44:00.000Z,BUY,0.01,2,1,10.00,2,6990.00
2022-05-11T02:44:00.000Z,2022-05-11T09:45:00.000Z,BUY,0.01,1,1,10.00,1,7000.00
2022-05-11T09:45:00.000Z,2022-05-11T16:42:00.000Z,BUY,0.01,1,1,10.00,1,7010.00
2022-05-11T16:42:00.000Z,2022-05-12T19:56:00.000Z,BUY,0.01,2,1,10.00,2,7020.00
2022-05-12T19:56:00.000Z,2022-05-16T10:44:00.000Z,BUY,0.01,2,1,10.00,2,7030.00
2022-05-16T10:44:00.000Z,2022-05-16T12:29:00.000Z,BUY,0.01,1,1,10.00,1,7040.00
2022-05-16T12:29:00.000Z,2022-05-16T19:52:00.000Z,BUY,0.01,1,1,10.00,1,7050.00
2022-05-16T19:52:00.000Z,2022-05-16T22:51:00.000Z,BUY,0.01,1,1,10.00,1,7060.00
2022-05-16T22:51:00.000Z,2022-05-17T21:13:00.000Z,SELL,0.01,1,1,10.00,1,7070.00
2022-05-17T21:13:00.000Z,2022-05-19T17:11:00.000Z,SELL,0.01,2,1,10.00,2,7080.00
2022-05-19T17:11:00.000Z,2022-05-20T17:00:00.000Z,SELL,0.01,1,1,10.00,1,7090.00
2022-05-20T17:00:00.000Z,2022-05-24T16:46:00.000Z,SELL,0.01,2,1,10.00,2,7100.00
2022-05-24T16:46:00.000Z,2022-05-25T11:27:00.000Z,SELL,0.01,1,1,10.00,1,7110.00
2022-05-25T11:27:00.000Z,2022-06-02T16:42:00.000Z,BUY,0.01,3,1,10.00,3,7120.00
2022-06-02T16:42:00.000Z,2022-06-03T18:04:00.000Z,SELL,0.01,1,1,10.00,1,7130.00
2022-06-03T18:04:00.000Z,2022-06-10T15:32:00.000Z,BUY,0.01,2,1,10.00,2,7140.00
2022-06-10T15:32:00.000Z,2022-06-10T15:37:00.000Z,BUY,0.01,1,1,10.00,1,7150.00
2022-06-10T15:37:00.000Z,2022-06-10T17:30:00.000Z,BUY,0.01,1,1,10.00,1,7160.00
2022-06-10T17:30:00.000Z,2022-06-10T17:52:00.000Z,BUY,0.01,1,1,10.00,1,7170.00
2022-06-10T17:52:00.000Z,2022-06-10T18:56:00.000Z,BUY,0.01,1,1,10.00,1,7180.00
2022-06-10T18:56:00.000Z,2022-06-13T01:05:00.000Z,BUY,0.01,1,1,10.00,1,7190.00
2022-06-13T01:05:00.000Z,2022-06-13T04:42:00.000Z,SELL,0.01,1,1,10.00,1,7200.00
2022-06-13T04:42:00.000Z,2022-06-13T10:43:00.000Z,SELL,0.01,1,1,10.00,1,7210.00
2022-06-13T10:43:00.000Z,2022-06-13T15:39:00.000Z,SELL,0.01,1,1,10.00,1,7220.00
2022-06-13T15:39:00.000Z,2022-06-14T01:05:00.000Z,BUY,0.01,2,1,10.00,2,7230.00
2022-06-14T01:05:00.000Z,2022-06-14T05:33:00.000Z,BUY,0.01,1,1,10.00,1,7240.00
2022-06-14T05:33:00.000Z,2022-06-15T15:49:00.000Z,BUY,0.01,3,1,10.00,3,7250.00
2022-06-15T15:49:00.000Z,2022-06-15T16:32:00.000Z,SELL,0.01,1,1,10.00,1,7260.00
2022-06-15T16:32:00.000Z,2022-06-15T21:04:00.000Z,SELL,0.01,1,1,10.00,1,7270.00
2022-06-15T21:04:00.000Z,2022-06-16T18:33:00.000Z,SELL,0.01,4,1,10.00,4,7280.00
2022-06-16T18:33:00.000Z,2022-06-17T22:02:00.000Z,SELL,0.01,1,1,10.00,1,7290.00
2022-06-17T22:02:00.000Z,2022-06-20T06:50:00.000Z,BUY,0.01,1,1,10.00,1,7300.00
2022-06-20T06:50:00.000Z,2022-06-23T20:57:00.000Z,BUY,0.01,5,0,-2420.00,5,4880.00
2022-06-23T20:57:00.000Z,2022-06-27T01:05:00.000Z,BUY,0.01,1,1,10.00,1,4890.00
2022-06-27T01:05:00.000Z,2022-06-30T14:38:00.000Z,BUY,0.01,2,1,10.00,2,4900.00
2022-06-30T14:38:00.000Z,2022-06-30T15:42:00.000Z,BUY,0.01,1,1,10.00,1,4910.00
2022-06-30T15:42:00.000Z,2022-07-01T14:38:00.000Z,BUY,0.01,2,1,10.00,2,4920.00
2022-07-01T14:38:00.000Z,2022-07-01T16:05:00.000Z,BUY,0.01,1,1,10.00,1,4930.00
2022-07-01T16:05:00.000Z,2022-07-01T18:12:00.000Z,BUY,0.01,1,1,10.00,1,4940.00
2022-07-01T18:12:00.000Z,2022-07-05T17:05:00.000Z,BUY,0.01,2,1,10.00,2,4950.00
2022-07-05T17:05:00.000Z,2022-07-06T17:56:00.000Z,BUY,0.01,2,1,10.00,2,4960.00
2022-07-06T17:56:00.000Z,2022-07-13T15:33:00.000Z,BUY,0.01,2,1,10.00,2,4970.00
2022-07-13T15:33:00.000Z,2022-07-13T16:40:00.000Z,BUY,0.01,1,1,10.00,1,4980.00
2022-07-13T16:40:00.000Z,2022-07-13T17:48:00.000Z,BUY,0.01,1,1,10.00,1,4990.00
2022-07-13T17:48:00.000Z,2022-07-14T16:01:00.000Z,BUY,0.01,2,1,10.00,2,5000.00
2022-07-14T16:01:00.000Z,2022-07-18T08:43:00.000Z,BUY,0.01,1,1,10.00,1,5010.00
2022-07-18T08:43:00.000Z,2022-07-18T22:14:00.000Z,SELL,0.01,1,1,10.00,1,5020.00
2022-07-18T22:14:00.000Z,2022-07-19T14:06:00.000Z,BUY,0.01,1,1,10.00,1,5030.00
2022-07-19T14:06:00.000Z,2022-07-20T09:06:00.000Z,SELL,0.01,1,1,10.00,1,5040.00
2022-07-20T09:06:00.000Z,2022-07-21T18:05:00.000Z,BUY,0.01,3,1,10.00,3,5050.00
2022-07-21T18:05:00.000Z,2022-07-28T11:15:00.000Z,SELL,0.01,4,1,10.00,4,5060.00
2022-07-28T11:15:00.000Z,2022-07-28T15:22:00.000Z,SELL,0.01,1,1,10.00,1,5070.00
2022-07-28T15:22:00.000Z,2022-07-29T09:28:00.000Z,SELL,0.01,2,1,10.00,2,5080.00
2022-07-29T09:28:00.000Z,2022-07-29T12:50:00.000Z,SELL,0.01,1,1,10.00,1,5090.00
2022-07-29T12:50:00.000Z,2022-08-02T15:31:00.000Z,SELL,0.01,2,1,10.00,2,5100.00
2022-08-02T15:31:00.000Z,2022-08-02T16:22:00.000Z,SELL,0.01,1,1,10.00,1,5110.00
2022-08-02T16:22:00.000Z,2022-08-02T21:16:00.000Z,SELL,0.01,1,1,10.00,1,5120.00
2022-08-02T21:16:00.000Z,2022-08-03T01:25:00.000Z,SELL,0.01,1,1,10.00,1,5130.00
2022-08-03T01:25:00.000Z,2022-08-03T05:11:00.000Z,BUY,0.01,1,1,10.00,1,5140.00
2022-08-03T05:11:00.000Z,2022-08-04T12:02:00.000Z,BUY,0.01,1,1,10.00,1,5150.00
2022-08-04T12:02:00.000Z,2022-08-05T16:02:00.000Z,SELL,0.01,1,1,10.00,1,5160.00
2022-08-05T16:02:00.000Z,2022-08-05T17:11:00.000Z,BUY,0.01,1,1,10.00,1,5170.00
2022-08-05T17:11:00.000Z,2022-08-08T17:34:00.000Z,BUY,0.01,1,1,10.00,1,5180.00
2022-08-08T17:34:00.000Z,2022-08-15T13:11:00.000Z,SELL,0.01,3,1,10.00,3,5190.00
2022-08-15T13:11:00.000Z,2022-08-19T17:36:00.000Z,BUY,0.01,2,1,10.00,2,5200.00
2022-08-19T17:36:00.000Z,2022-08-25T06:09:00.000Z,BUY,0.01,1,1,10.00,1,5210.00
2022-08-25T06:09:00.000Z,2022-08-26T13:35:00.000Z,SELL,0.01,1,1,10.00,1,5220.00
2022-08-26T13:35:00.000Z,2022-08-31T11:21:00.000Z,BUY,0.01,2,1,10.00,2,5230.00
2022-08-31T11:21:00.000Z,2022-09-08T14:39:00.000Z,BUY,0.01,5,1,10.00,5,5240.00
2022-09-08T14:39:00.000Z,2022-09-08T15:33:00.000Z,SELL,0.01,1,1,10.00,1,5250.00
2022-09-08T15:33:00.000Z,2022-09-08T17:12:00.000Z,SELL,0.01,1,1,10.00,1,5260.00
2022-09-08T17:12:00.000Z,2022-09-14T21:13:00.000Z,SELL,0.01,3,1,10.00,3,5270.00
2022-09-14T21:13:00.000Z,2022-09-15T17:56:00.000Z,BUY,0.01,2,1,10.00,2,5280.00
2022-09-15T17:56:00.000Z,2022-09-16T17:28:00.000Z,BUY,0.01,1,1,10.00,1,5290.00
2022-09-16T17:28:00.000Z,2022-09-21T21:46:00.000Z,BUY,0.01,3,1,10.00,3,5300.00
2022-09-21T21:46:00.000Z,2022-09-21T22:31:00.000Z,SELL,0.01,1,1,10.00,1,5310.00
2022-09-21T22:31:00.000Z,2022-09-22T02:34:00.000Z,SELL,0.01,1,1,10.00,1,5320.00
2022-09-22T02:34:00.000Z,2022-09-22T10:04:00.000Z,SELL,0.01,1,1,10.00,1,5330.00
2022-09-22T10:04:00.000Z,2022-09-22T11:11:00.000Z,BUY,0.01,1,1,10.00,1,5340.00
2022-09-22T11:11:00.000Z,2022-09-22T11:20:00.000Z,BUY,0.01,1,1,10.00,1,5350.00
2022-09-22T11:20:00.000Z,2022-09-23T13:51:00.000Z,BUY,0.01,2,1,10.00,2,5360.00
2022-09-23T13:51:00.000Z,2022-09-23T16:10:00.000Z,BUY,0.01,1,1,10.00,1,5370.00
2022-09-23T16:10:00.000Z,2022-09-26T03:59:00.000Z,BUY,0.01,2,1,10.00,2,5380.00
2022-09-26T03:59:00.000Z,2022-09-26T04:02:00.000Z,BUY,0.01,1,1,10.00,1,5390.00
2022-09-26T04:02:00.000Z,2022-09-26T10:27:00.000Z,BUY,0.01,1,1,10.00,1,5400.00
2022-09-26T10:27:00.000Z,2022-09-28T10:22:00.000Z,BUY,0.01,2,1,10.00,2,5410.00
2022-09-28T10:22:00.000Z,2022-09-28T13:19:00.000Z,BUY,0.01,1,1,10.00,1,5420.00
2022-09-28T13:19:00.000Z,2022-09-28T15:37:00.000Z,BUY,0.01,1,1,10.00,1,5430.00
2022-09-28T15:37:00.000Z,2022-09-28T16:47:00.000Z,BUY,0.01,1,1,10.00,1,5440.00
2022-09-28T16:47:00.000Z,2022-09-28T18:52:00.000Z,BUY,0.01,1,1,10.00,1,5450.00
2022-09-28T18:52:00.000Z,2022-09-29T08:33:00.000Z,SELL,0.01,1,1,10.00,1,5460.00
2022-09-29T08:33:00.000Z,2022-10-03T17:07:00.000Z,SELL,0.01,2,1,10.00,2,5470.00
2022-10-03T17:07:00.000Z,2022-10-04T10:08:00.000Z,SELL,0.01,2,1,10.00,2,5480.00
2022-10-04T10:08:00.000Z,2022-10-07T15:46:00.000Z,SELL,0.01,3,1,10.00,3,5490.00
2022-10-07T15:46:00.000Z,2022-10-10T17:50:00.000Z,BUY,0.01,2,1,10.00,2,5500.00
2022-10-10T17:50:00.000Z,2022-10-11T18:35:00.000Z,BUY,0.01,1,1,10.00,1,5510.00
2022-10-11T18:35:00.000Z,2022-10-13T15:45:00.000Z,BUY,0.01,4,1,10.00,4,5520.00
2022-10-13T15:45:00.000Z,2022-10-19T10:05:00.000Z,SELL,0.01,5,1,10.00,5,5530.00
2022-10-19T10:05:00.000Z,2022-10-21T18:48:00.000Z,BUY,0.01,3,1,10.00,3,5540.00
2022-10-21T18:48:00.000Z,2022-10-31T10:18:00.000Z,SELL,0.01,5,1,10.00,5,5550.00
2022-10-31T10:18:00.000Z,2022-11-01T09:01:00.000Z,BUY,0.01,1,1,10.00,1,5560.00
2022-11-01T09:01:00.000Z,2022-11-02T21:23:00.000Z,SELL,0.01,3,1,10.00,3,5570.00
2022-11-02T21:23:00.000Z,2022-11-03T10:02:00.000Z,SELL,0.01,1,1,10.00,1,5580.00
2022-11-03T10:02:00.000Z,2022-11-04T05:10:00.000Z,BUY,0.01,1,1,10.00,1,5590.00
2022-11-04T05:10:00.000Z,2022-11-04T16:00:00.000Z,SELL,0.01,2,1,10.00,2,5600.00
2022-11-04T16:00:00.000Z,2022-11-08T17:10:00.000Z,SELL,0.01,2,1,10.00,2,5610.00
2022-11-08T17:10:00.000Z,2022-11-10T15:30:00.000Z,SELL,0.01,2,1,10.00,2,5620.00
2022-11-10T15:30:00.000Z,2022-11-10T15:30:00.000Z,SELL,0.01,1,1,10.00,1,5630.00
2022-11-10T15:30:00.000Z,2022-11-10T17:08:00.000Z,SELL,0.01,2,1,10.00,2,5640.00
2022-11-10T17:08:00.000Z,2022-11-15T09:31:00.000Z,SELL,0.01,2,1,10.00,2,5650.00
2022-11-15T09:31:00.000Z,2022-11-17T04:22:00.000Z,SELL,0.01,1,1,10.00,1,5660.00
2022-11-17T04:22:00.000Z,2022-11-21T11:44:00.000Z,BUY,0.01,2,1,10.00,2,5670.00
2022-11-21T11:44:00.000Z,2022-11-22T11:39:00.000Z,BUY,0.01,1,1,10.00,1,5680.00
2022-11-22T11:39:00.000Z,2022-11-22T21:04:00.000Z,SELL,0.01,1,1,10.00,1,5690.00
2022-11-22T21:04:00.000Z,2022-11-23T21:01:00.000Z,BUY,0.01,1,1,10.00,1,5700.00
2022-11-23T21:01:00.000Z,2022-12-01T02:57:00.000Z,SELL,0.01,2,1,10.00,2,5710.00
2022-12-01T02:57:00.000Z,2022-12-05T03:41:00.000Z,SELL,0.01,2,1,10.00,2,5720.00
2022-12-05T03:41:00.000Z,2022-12-05T09:12:00.000Z,SELL,0.01,1,1,10.00,1,5730.00
2022-12-05T09:12:00.000Z,2022-12-05T16:39:00.000Z,SELL,0.01,1,1,10.00,1,5740.00
2022-12-05T16:39:00.000Z,2022-12-09T07:22:00.000Z,BUY,0.01,3,1,10.00,3,5750.00
2022-12-09T07:22:00.000Z,2022-12-12T05:15:00.000Z,SELL,0.01,1,1,10.00,1,5760.00
2022-12-12T05:15:00.000Z,2022-12-13T15:30:00.000Z,BUY,0.01,1,1,10.00,1,5770.00
2022-12-13T15:30:00.000Z,2022-12-15T10:05:00.000Z,SELL,0.01,3,1,10.00,3,5780.00
2022-12-15T10:05:00.000Z,2022-12-19T10:20:00.000Z,BUY,0.01,1,1,10.00,1,5790.00
2022-12-19T10:20:00.000Z,2022-12-19T17:55:00.000Z,SELL,0.01,1,1,10.00,1,5800.00
2022-12-19T17:55:00.000Z,2022-12-20T17:09:00.000Z,SELL,0.01,2,1,10.00,2,5810.00
2022-12-20T17:09:00.000Z,2022-12-22T16:00:00.000Z,SELL,0.01,1,1,10.00,1,5820.00
2022-12-22T16:00:00.000Z,2022-12-27T17:21:00.000Z,BUY,0.01,3,1,10.00,3,5830.00
2022-12-27T17:21:00.000Z,2022-12-28T10:08:00.000Z,SELL,0.01,1,1,10.00,1,5840.00
2022-12-28T10:08:00.000Z,2023-01-03T04:43:00.000Z,SELL,0.01,2,1,10.00,2,5850.00
2023-01-03T04:43:00.000Z,2023-01-05T17:34:00.000Z,SELL,0.01,3,1,10.00,3,5860.00
2023-01-05T17:34:00.000Z,2023-01-05T20:24:00.000Z,BUY,0.01,1,1,10.00,1,5870.00
2023-01-05T20:24:00.000Z,2023-01-06T15:43:00.000Z,BUY,0.01,1,1,10.00,1,5880.00
2023-01-06T15:43:00.000Z,2023-01-06T17:07:00.000Z,BUY,0.01,1,1,10.00,1,5890.00
2023-01-06T17:07:00.000Z,2023-01-12T14:21:00.000Z,SELL,0.01,2,1,10.00,2,5900.00
2023-01-12T14:21:00.000Z,2023-01-12T15:30:00.000Z,SELL,0.01,1,1,10.00,1,5910.00
2023-01-12T15:30:00.000Z,2023-01-13T10:43:00.000Z,SELL,0.01,2,1,10.00,2,5920.00
2023-01-13T10:43:00.000Z,2023-01-13T14:27:00.000Z,SELL,0.01,1,1,10.00,1,5930.00
2023-01-13T14:27:00.000Z,2023-01-16T04:57:00.000Z,SELL,0.01,2,1,10.00,2,5940.00
2023-01-16T04:57:00.000Z,2023-01-16T08:29:00.000Z,SELL,0.01,1,1,10.00,1,5950.00
2023-01-16T08:29:00.000Z,2023-01-17T11:42:00.000Z,SELL,0.01,1,1,10.00,1,5960.00
2023-01-17T11:42:00.000Z,2023-01-18T14:07:00.000Z,BUY,0.01,1,1,10.00,1,5970.00
2023-01-18T14:07:00.000Z,2023-01-18T18:44:00.000Z,SELL,0.01,1,1,10.00,1,5980.00
2023-01-18T18:44:00.000Z,2023-01-20T10:09:00.000Z,SELL,0.01,2,1,10.00,2,5990.00
2023-01-20T10:09:00.000Z,2023-01-20T15:35:00.000Z,SELL,0.01,1,1,10.00,1,6000.00
2023-01-20T15:35:00.000Z,2023-01-23T16:07:00.000Z,SELL,0.01,1,1,10.00,1,6010.00
2023-01-23T16:07:00.000Z,2023-01-23T18:13:00.000Z,BUY,0.01,1,1,10.00,1,6020.00
2023-01-23T18:13:00.000Z,2023-01-24T04:02:00.000Z,BUY,0.01,1,1,10.00,1,6030.00
2023-01-24T04:02:00.000Z,2023-01-24T16:45:00.000Z,SELL,0.01,1,1,10.00,1,6040.00
2023-01-24T16:45:00.000Z,2023-01-31T08:02:00.000Z,SELL,0.01,3,1,10.00,3,6050.00
2023-01-31T08:02:00.000Z,2023-01-31T16:52:00.000Z,BUY,0.01,1,1,10.00,1,6060.00
2023-01-31T16:52:00.000Z,2023-02-01T21:41:00.000Z,BUY,0.01,1,1,10.00,1,6070.00
2023-02-01T21:41:00.000Z,2023-02-02T16:56:00.000Z,SELL,0.01,3,1,10.00,3,6080.00
2023-02-02T16:56:00.000Z,2023-02-02T18:48:00.000Z,SELL,0.01,1,1,10.00,1,6090.00
2023-02-02T18:48:00.000Z,2023-02-03T15:45:00.000Z,BUY,0.01,2,1,10.00,2,6100.00
2023-02-03T15:45:00.000Z,2023-02-10T05:33:00.000Z,BUY,0.01,4,1,10.00,4,6110.00
2023-02-10T05:33:00.000Z,2023-02-10T09:46:00.000Z,BUY,0.01,1,1,10.00,1,6120.00
2023-02-10T09:46:00.000Z,2023-02-15T09:36:00.000Z,BUY,0.01,2,1,10.00,2,6130.00
2023-02-15T09:36:00.000Z,2023-02-20T10:00:00.000Z,BUY,0.01,1,1,10.00,1,6140.00
2023-02-20T10:00:00.000Z,2023-02-21T09:20:00.000Z,SELL,0.01,1,1,10.00,1,6150.00
2023-02-21T09:20:00.000Z,2023-02-28T10:17:00.000Z,BUY,0.01,2,1,10.00,2,6160.00
2023-02-28T10:17:00.000Z,2023-02-28T16:24:00.000Z,BUY,0.01,1,1,10.00,1,6170.00
2023-02-28T16:24:00.000Z,2023-02-28T18:05:00.000Z,BUY,0.01,1,1,10.00,1,6180.00
2023-02-28T18:05:00.000Z,2023-03-06T09:37:00.000Z,SELL,0.01,2,1,10.00,2,6190.00
2023-03-06T09:37:00.000Z,2023-03-06T20:48:00.000Z,SELL,0.01,1,1,10.00,1,6200.00
2023-03-06T20:48:00.000Z,2023-03-07T15:25:00.000Z,SELL,0.01,1,1,10.00,1,6210.00
2023-03-07T15:25:00.000Z,2023-03-10T16:13:00.000Z,BUY,0.01,3,1,10.00,3,6220.00
2023-03-10T16:13:00.000Z,2023-03-13T00:02:00.000Z,SELL,0.01,2,1,10.00,2,6230.00
2023-03-13T00:02:00.000Z,2023-03-13T15:40:00.000Z,SELL,0.01,2,1,10.00,2,6240.00
2023-03-13T15:40:00.000Z,2023-03-14T15:48:00.000Z,SELL,0.01,1,1,10.00,1,6250.00
2023-03-14T15:48:00.000Z,2023-03-15T10:34:00.000Z,SELL,0.01,1,1,10.00,1,6260.00
2023-03-15T10:34:00.000Z,2023-03-15T11:40:00.000Z,BUY,0.01,1,1,10.00,1,6270.00
2023-03-15T11:40:00.000Z,2023-03-15T12:13:00.000Z,BUY,0.01,1,1,10.00,1,6280.00
2023-03-15T12:13:00.000Z,2023-03-15T13:32:00.000Z,BUY,0.01,1,1,10.00,1,6290.00
2023-03-15T13:32:00.000Z,2023-03-15T14:51:00.000Z,BUY,0.01,1,1,10.00,1,6300.00
2023-03-15T14:51:00.000Z,2023-03-15T20:28:00.000Z,SELL,0.01,1,1,10.00,1,6310.00
2023-03-15T20:28:00.000Z,2023-03-17T15:02:00.000Z,SELL,0.01,2,1,10.00,2,6320.00
2023-03-17T15:02:00.000Z,2023-03-17T20:06:00.000Z,SELL,0.01,2,1,10.00,2,6330.00
2023-03-17T20:06:00.000Z,2023-03-20T09:28:00.000Z,SELL,0.01,2,1,10.00,2,6340.00
2023-03-20T09:28:00.000Z,2023-03-20T10:02:00.000Z,SELL,0.01,1,1,10.00,1,6350.00
2023-03-20T10:02:00.000Z,2023-03-20T11:56:00.000Z,SELL,0.01,1,1,10.00,1,6360.00
2023-03-20T11:56:00.000Z,2023-03-20T12:34:00.000Z,SELL,0.01,1,1,10.00,1,6370.00
2023-03-20T12:34:00.000Z,2023-03-20T16:12:00.000Z,SELL,0.01,1,1,10.00,1,6380.00
2023-03-20T16:12:00.000Z,2023-03-21T15:44:00.000Z,SELL,0.01,1,1,10.00,1,6390.00
2023-03-21T15:44:00.000Z,2023-03-22T20:38:00.000Z,BUY,0.01,3,1,10.00,3,6400.00
2023-03-22T20:38:00.000Z,2023-03-22T20:47:00.000Z,BUY,0.01,1,1,10.00,1,6410.00
2023-03-22T20:47:00.000Z,2023-03-23T17:24:00.000Z,BUY,0.01,3,1,10.00,3,6420.00
2023-03-23T17:24:00.000Z,2023-03-24T19:38:00.000Z,SELL,0.01,1,1,10.00,1,6430.00
2023-03-24T19:38:00.000Z,2023-03-27T12:20:00.000Z,SELL,0.01,1,1,10.00,1,6440.00
2023-03-27T12:20:00.000Z,2023-03-30T19:00:00.000Z,BUY,0.01,3,1,10.00,3,6450.00
2023-03-30T19:00:00.000Z,2023-04-03T01:06:00.000Z,SELL,0.01,1,1,10.00,1,6460.00
2023-04-03T01:06:00.000Z,2023-04-03T14:31:00.000Z,BUY,0.01,1,1,10.00,1,6470.00
2023-04-03T14:31:00.000Z,2023-04-03T17:27:00.000Z,BUY,0.01,1,1,10.00,1,6480.00
2023-04-03T17:27:00.000Z,2023-04-04T17:14:00.000Z,SELL,0.01,2,1,10.00,2,6490.00
2023-04-04T17:14:00.000Z,2023-04-06T16:42:00.000Z,SELL,0.01,1,1,10.00,1,6500.00
2023-04-06T16:42:00.000Z,2023-04-12T05:30:00.000Z,BUY,0.01,3,1,10.00,3,6510.00
2023-04-12T05:30:00.000Z,2023-04-12T16:43:00.000Z,SELL,0.01,1,1,10.00,1,6520.00
2023-04-12T16:43:00.000Z,2023-04-13T15:30:00.000Z,SELL,0.01,2,1,10.00,2,6530.00
2023-04-13T15:30:00.000Z,2023-04-14T15:44:00.000Z,SELL,0.01,1,1,10.00,1,6540.00
2023-04-14T15:44:00.000Z,2023-04-14T17:06:00.000Z,SELL,0.01,1,1,10.00,1,6550.00
2023-04-14T17:06:00.000Z,2023-04-17T17:46:00.000Z,BUY,0.01,2,1,10.00,2,6560.00
2023-04-17T17:46:00.000Z,2023-04-17T20:24:00.000Z,BUY,0.01,1,1,10.00,1,6570.00
2023-04-17T20:24:00.000Z,2023-04-18T17:08:00.000Z,BUY,0.01,1,1,10.00,1,6580.00
2023-04-18T17:08:00.000Z,2023-04-19T09:10:00.000Z,SELL,0.01,1,1,10.00,1,6590.00
2023-04-19T09:10:00.000Z,2023-04-19T11:07:00.000Z,SELL,0.01,1,1,10.00,1,6600.00
2023-04-19T11:07:00.000Z,2023-04-19T17:37:00.000Z,BUY,0.01,1,1,10.00,1,6610.00
2023-04-19T17:37:00.000Z,2023-04-20T15:31:00.000Z,BUY,0.01,1,1,10.00,1,6620.00
2023-04-20T15:31:00.000Z,2023-04-21T08:35:00.000Z,SELL,0.01,1,1,10.00,1,6630.00
2023-04-21T08:35:00.000Z,2023-04-21T09:31:00.000Z,SELL,0.01,1,1,10.00,1,6640.00
2023-04-21T09:31:00.000Z,2023-04-21T16:51:00.000Z,SELL,0.01,1,1,10.00,1,6650.00
2023-04-21T16:51:00.000Z,2023-04-21T17:24:00.000Z,BUY,0.01,1,1,10.00,1,6660.00
2023-04-21T17:24:00.000Z,2023-04-25T02:42:00.000Z,BUY,0.01,1,1,10.00,1,6670.00
2023-04-25T02:42:00.000Z,2023-04-25T13:17:00.000Z,SELL,0.01,1,1,10.00,1,6680.00
2023-04-25T13:17:00.000Z,2023-04-27T16:38:00.000Z,SELL,0.01,3,1,10.00,3,6690.00
2023-04-27T16:38:00.000Z,2023-04-27T17:07:00.000Z,BUY,0.01,1,1,10.00,1,6700.00
2023-04-27T17:07:00.000Z,2023-05-01T15:23:00.000Z,BUY,0.01,1,1,10.00,1,6710.00
2023-05-01T15:23:00.000Z,2023-05-02T17:32:00.000Z,BUY,0.01,1,1,10.00,1,6720.00
2023-05-02T17:32:00.000Z,2023-05-03T23:48:00.000Z,SELL,0.01,2,1,10.00,2,6730.00
2023-05-03T23:48:00.000Z,2023-05-04T01:03:00.000Z,SELL,0.01,2,1,10.00,2,6740.00
2023-05-04T01:03:00.000Z,2023-05-04T01:05:00.000Z,SELL,0.01,1,1,10.00,1,6750.00
2023-05-04T01:05:00.000Z,2023-05-04T01:05:00.000Z,SELL,0.01,1,1,10.00,1,6760.00
2023-05-04T01:05:00.000Z,2023-05-04T10:07:00.000Z,SELL,0.01,1,1,10.00,1,6770.00
2023-05-04T10:07:00.000Z,2023-05-05T15:30:00.000Z,SELL,0.01,3,1,10.00,3,6780.00
2023-05-05T15:30:00.000Z,2023-05-09T20:16:00.000Z,BUY,0.01,3,1,10.00,3,6790.00
2023-05-09T20:16:00.000Z,2023-05-10T15:24:00.000Z,SELL,0.01,1,1,10.00,1,6800.00
2023-05-10T15:24:00.000Z,2023-05-10T15:30:00.000Z,BUY,0.01,1,1,10.00,1,6810.00
2023-05-10T15:30:00.000Z,2023-05-10T15:32:00.000Z,BUY,0.01,1,1,10.00,1,6820.00
2023-05-10T15:32:00.000Z,2023-05-11T16:51:00.000Z,BUY,0.01,2,1,10.00,2,6830.00
2023-05-11T16:51:00.000Z,2023-05-12T12:07:00.000Z,SELL,0.01,1,1,10.00,1,6840.00
2023-05-12T12:07:00.000Z,2023-05-12T15:51:00.000Z,BUY,0.01,1,1,10.00,1,6850.00
2023-05-12T15:51:00.000Z,2023-05-16T20:08:00.000Z,BUY,0.01,2,1,10.00,2,6860.00
2023-05-16T20:08:00.000Z,2023-05-18T17:40:00.000Z,BUY,0.01,2,1,10.00,2,6870.00
2023-05-18T17:40:00.000Z,2023-05-19T09:23:00.000Z,BUY,0.01,1,1,10.00,1,6880.00
2023-05-19T09:23:00.000Z,2023-05-19T18:20:00.000Z,BUY,0.01,1,1,10.00,1,6890.00
2023-05-19T18:20:00.000Z,2023-05-25T15:36:00.000Z,BUY,0.01,4,1,10.00,4,6900.00
2023-05-25T15:36:00.000Z,2023-05-26T10:44:00.000Z,BUY,0.01,1,1,10.00,1,6910.00
2023-05-26T10:44:00.000Z,2023-05-31T16:42:00.000Z,BUY,0.01,3,1,10.00,3,6920.00
2023-05-31T16:42:00.000Z,2023-06-01T10:33:00.000Z,SELL,0.01,1,1,10.00,1,6930.00
2023-06-01T10:33:00.000Z,2023-06-05T03:33:00.000Z,SELL,0.01,3,1,10.00,3,6940.00
2023-06-05T03:33:00.000Z,2023-06-05T17:01:00.000Z,BUY,0.01,1,1,10.00,1,6950.00
2023-06-05T17:01:00.000Z,2023-06-07T04:30:00.000Z,BUY,0.01,1,1,10.00,1,6960.00
2023-06-07T04:30:00.000Z,2023-06-07T10:08:00.000Z,SELL,0.01,1,1,10.00,1,6970.00
2023-06-07T10:08:00.000Z,2023-06-07T19:04:00.000Z,SELL,0.01,1,1,10.00,1,6980.00
2023-06-07T19:04:00.000Z,2023-06-08T15:38:00.000Z,BUY,0.01,1,1,10.00,1,6990.00
2023-06-08T15:38:00.000Z,2023-06-08T16:46:00.000Z,BUY,0.01,1,1,10.00,1,7000.00
2023-06-08T16:46:00.000Z,2023-06-15T03:51:00.000Z,BUY,0.01,2,1,10.00,2,7010.00
2023-06-15T03:51:00.000Z,2023-06-15T16:45:00.000Z,BUY,0.01,1,1,10.00,1,7020.00
2023-06-15T16:45:00.000Z,2023-06-15T17:10:00.000Z,BUY,0.01,1,1,10.00,1,7030.00
2023-06-15T17:10:00.000Z,2023-06-16T15:15:00.000Z,BUY,0.01,1,1,10.00,1,7040.00
2023-06-16T15:15:00.000Z,2023-06-16T16:31:00.000Z,SELL,0.01,1,1,10.00,1,7050.00
2023-06-16T16:31:00.000Z,2023-06-20T04:51:00.000Z,SELL,0.01,1,1,10.00,1,7060.00
2023-06-20T04:51:00.000Z,2023-06-22T17:27:00.000Z,BUY,0.01,2,1,10.00,2,7070.00
2023-06-22T17:27:00.000Z,2023-06-23T15:48:00.000Z,BUY,0.01,1,1,10.00,1,7080.00
2023-06-23T15:48:00.000Z,2023-06-23T16:45:00.000Z,BUY,0.01,1,1,10.00,1,7090.00
2023-06-23T16:45:00.000Z,2023-06-23T17:23:00.000Z,SELL,0.01,1,1,10.00,1,7100.00
2023-06-23T17:23:00.000Z,2023-06-27T17:05:00.000Z,SELL,0.01,1,1,10.00,1,7110.00
2023-06-27T17:05:00.000Z,2023-07-03T17:00:00.000Z,BUY,0.01,3,1,10.00,3,7120.00
2023-07-03T17:00:00.000Z,2023-07-05T21:18:00.000Z,SELL,0.01,1,1,10.00,1,7130.00
2023-07-05T21:18:00.000Z,2023-07-06T14:43:00.000Z,BUY,0.01,1,1,10.00,1,7140.00
2023-07-06T14:43:00.000Z,2023-07-11T09:40:00.000Z,BUY,0.01,3,1,10.00,3,7150.00
2023-07-11T09:40:00.000Z,2023-07-18T14:16:00.000Z,SELL,0.01,2,1,10.00,2,7160.00
2023-07-18T14:16:00.000Z,2023-07-21T18:04:00.000Z,SELL,0.01,3,1,10.00,3,7170.00
2023-07-21T18:04:00.000Z,2023-07-24T14:38:00.000Z,BUY,0.01,1,1,10.00,1,7180.00
2023-07-24T14:38:00.000Z,2023-07-26T21:40:00.000Z,BUY,0.01,1,1,10.00,1,7190.00
2023-07-26T21:40:00.000Z,2023-07-27T15:32:00.000Z,SELL,0.01,1,1,10.00,1,7200.00
2023-07-27T15:32:00.000Z,2023-07-27T16:04:00.000Z,SELL,0.01,1,1,10.00,1,7210.00
2023-07-27T16:04:00.000Z,2023-07-27T16:40:00.000Z,SELL,0.01,1,1,10.00,1,7220.00
2023-07-27T16:40:00.000Z,2023-08-02T17:18:00.000Z,SELL,0.01,3,1,10.00,3,7230.00
2023-08-02T17:18:00.000Z,2023-08-04T16:36:00.000Z,BUY,0.01,1,1,10.00,1,7240.00
2023-08-04T16:36:00.000Z,2023-08-09T17:57:00.000Z,BUY,0.01,2,1,10.00,2,7250.00
2023-08-09T17:57:00.000Z,2023-08-10T15:30:00.000Z,BUY,0.01,1,1,10.00,1,7260.00
2023-08-10T15:30:00.000Z,2023-08-15T15:32:00.000Z,BUY,0.01,2,1,10.00,2,7270.00
2023-08-15T15:32:00.000Z,2023-08-15T16:18:00.000Z,BUY,0.01,1,1,10.00,1,7280.00
2023-08-15T16:18:00.000Z,2023-08-23T16:48:00.000Z,BUY,0.01,3,1,10.00,3,7290.00
2023-08-23T16:48:00.000Z,2023-08-25T17:39:00.000Z,SELL,0.01,1,1,10.00,1,7300.00
2023-08-25T17:39:00.000Z,2023-08-29T18:53:00.000Z,SELL,0.01,2,1,10.00,2,7310.00
2023-08-29T18:53:00.000Z,2023-09-05T16:57:00.000Z,SELL,0.01,1,1,10.00,1,7320.00
2023-09-05T16:57:00.000Z,2023-09-19T15:21:00.000Z,BUY,0.01,3,1,10.00,3,7330.00
2023-09-19T15:21:00.000Z,2023-09-21T03:29:00.000Z,SELL,0.01,1,1,10.00,1,7340.00
2023-09-21T03:29:00.000Z,2023-09-27T07:32:00.000Z,BUY,0.01,2,1,10.00,2,7350.00
2023-09-27T07:32:00.000Z,2023-09-28T17:43:00.000Z,BUY,0.01,2,1,10.00,2,7360.00
2023-09-28T17:43:00.000Z,2023-09-29T16:13:00.000Z,BUY,0.01,1,1,10.00,1,7370.00
2023-09-29T16:13:00.000Z,2023-09-29T17:06:00.000Z,SELL,0.01,1,1,10.00,1,7380.00
2023-09-29T17:06:00.000Z,2023-09-29T18:09:00.000Z,SELL,0.01,1,1,10.00,1,7390.00
2023-09-29T18:09:00.000Z,2023-10-03T02:03:00.000Z,BUY,0.01,2,1,10.00,2,7400.00
2023-10-03T02:03:00.000Z,2023-10-09T01:00:00.000Z,BUY,0.01,1,1,10.00,1,7410.00
2023-10-09T01:00:00.000Z,2023-10-11T10:42:00.000Z,SELL,0.01,2,1,10.00,2,7420.00
2023-10-11T10:42:00.000Z,2023-10-13T14:52:00.000Z,SELL,0.01,2,1,10.00,2,7430.00
2023-10-13T14:52:00.000Z,2023-10-13T19:59:00.000Z,SELL,0.01,2,1,10.00,2,7440.00
2023-10-13T19:59:00.000Z,2023-10-16T08:51:00.000Z,SELL,0.01,1,1,10.00,1,7450.00
2023-10-16T08:51:00.000Z,2023-10-18T14:32:00.000Z,SELL,0.01,2,1,10.00,2,7460.00
2023-10-18T14:32:00.000Z,2023-10-19T22:12:00.000Z,SELL,0.01,2,1,10.00,2,7470.00
2023-10-19T22:12:00.000Z,2023-10-23T03:47:00.000Z,SELL,0.01,3,1,10.00,3,7480.00
2023-10-23T03:47:00.000Z,2023-10-24T14:04:00.000Z,SELL,0.01,1,1,10.00,1,7490.00
2023-10-24T14:04:00.000Z,2023-10-24T15:22:00.000Z,BUY,0.01,1,1,10.00,1,7500.00
2023-10-24T15:22:00.000Z,2023-10-24T20:46:00.000Z,BUY,0.01,1,1,10.00,1,7510.00
2023-10-24T20:46:00.000Z,2023-10-25T16:54:00.000Z,BUY,0.01,1,1,10.00,1,7520.00
2023-10-25T16:54:00.000Z,2023-10-25T17:07:00.000Z,SELL,0.01,1,1,10.00,1,7530.00
2023-10-25T17:07:00.000Z,2023-10-25T18:03:00.000Z,SELL,0.01,1,1,10.00,1,7540.00
2023-10-25T18:03:00.000Z,2023-10-27T20:57:00.000Z,SELL,0.01,2,1,10.00,2,7550.00
2023-10-27T20:57:00.000Z,2023-10-27T21:15:00.000Z,BUY,0.01,1,1,10.00,1,7560.00
2023-10-27T21:15:00.000Z,2023-10-30T08:55:00.000Z,SELL,0.01,1,1,10.00,1,7570.00
2023-10-30T08:55:00.000Z,2023-10-31T19:19:00.000Z,SELL,0.01,1,1,10.00,1,7580.00
2023-10-31T19:19:00.000Z,2023-11-03T14:30:00.000Z,BUY,0.01,1,1,10.00,1,7590.00
2023-11-03T14:30:00.000Z,2023-11-06T05:23:00.000Z,SELL,0.01,1,1,10.00,1,7600.00
2023-11-06T05:23:00.000Z,2023-11-07T01:36:00.000Z,SELL,0.01,1,1,10.00,1,7610.00
2023-11-07T01:36:00.000Z,2023-11-09T10:15:00.000Z,BUY,0.01,2,1,10.00,2,7620.00
2023-11-09T10:15:00.000Z,2023-11-09T16:42:00.000Z,BUY,0.01,1,1,10.00,1,7630.00
2023-11-09T16:42:00.000Z,2023-11-14T16:38:00.000Z,BUY,0.01,3,1,10.00,3,7640.00
2023-11-14T16:38:00.000Z,2023-11-15T16:52:00.000Z,SELL,0.01,1,1,10.00,1,7650.00
2023-11-15T16:52:00.000Z,2023-11-16T17:31:00.000Z,SELL,0.01,2,1,10.00,2,7660.00
2023-11-16T17:31:00.000Z,2023-11-20T01:58:00.000Z,SELL,0.01,1,1,10.00,1,7670.00
2023-11-20T01:58:00.000Z,2023-11-21T02:52:00.000Z,BUY,0.01,1,1,10.00,1,7680.00
2023-11-21T02:52:00.000Z,2023-11-21T15:30:00.000Z,BUY,0.01,1,1,10.00,1,7690.00
2023-11-21T15:30:00.000Z,2023-11-28T16:24:00.000Z,SELL,0.01,2,1,10.00,2,7700.00
2023-11-28T16:24:00.000Z,2023-12-01T18:13:00.000Z,SELL,0.01,2,1,10.00,2,7710.00
2023-12-01T18:13:00.000Z,2023-12-04T01:16:00.000Z,SELL,0.01,2,1,10.00,2,7720.00
2023-12-04T01:16:00.000Z,2023-12-04T01:23:00.000Z,SELL,0.01,2,1,10.00,2,7730.00
2023-12-04T01:23:00.000Z,2023-12-04T01:23:00.000Z,SELL,0.01,1,1,10.00,1,7740.00
2023-12-04T01:23:00.000Z,2023-12-04T01:27:00.000Z,SELL,0.01,2,1,10.00,2,7750.00
2023-12-04T01:27:00.000Z,2023-12-04T01:27:00.000Z,SELL,0.01,1,1,10.00,1,7760.00
2023-12-04T01:27:00.000Z,2023-12-04T01:41:00.000Z,SELL,0.01,1,1,10.00,1,7770.00
2023-12-04T01:41:00.000Z,2023-12-04T02:08:00.000Z,SELL,0.01,1,1,10.00,1,7780.00
2023-12-04T02:08:00.000Z,2023-12-04T02:46:00.000Z,SELL,0.01,1,1,10.00,1,7790.00
2023-12-04T02:46:00.000Z,2023-12-04T03:37:00.000Z,SELL,0.01,1,1,10.00,1,7800.00
2023-12-04T03:37:00.000Z,2023-12-04T08:55:00.000Z,SELL,0.01,1,1,10.00,1,7810.00
2023-12-04T08:55:00.000Z,2023-12-04T09:56:00.000Z,SELL,0.01,1,1,10.00,1,7820.00
2023-12-04T09:56:00.000Z,2023-12-04T16:02:00.000Z,SELL,0.01,1,1,10.00,1,7830.00
2023-12-04T16:02:00.000Z,2023-12-04T16:22:00.000Z,SELL,0.01,1,1,10.00,1,7840.00
2023-12-04T16:22:00.000Z,2023-12-04T17:25:00.000Z,SELL,0.01,1,1,10.00,1,7850.00
2023-12-04T17:25:00.000Z,2023-12-08T16:23:00.000Z,BUY,0.01,4,1,10.00,4,7860.00
2023-12-08T16:23:00.000Z,2023-12-08T17:27:00.000Z,BUY,0.01,1,1,10.00,1,7870.00
2023-12-08T17:27:00.000Z,2023-12-11T17:24:00.000Z,BUY,0.01,2,1,10.00,2,7880.00
2023-12-11T17:24:00.000Z,2023-12-12T15:30:00.000Z,BUY,0.01,1,1,10.00,1,7890.00
2023-12-12T15:30:00.000Z,2023-12-13T21:14:00.000Z,BUY,0.01,3,1,10.00,3,7900.00
2023-12-13T21:14:00.000Z,2023-12-14T02:26:00.000Z,SELL,0.01,2,1,10.00,2,7910.00
2023-12-14T02:26:00.000Z,2023-12-15T20:19:00.000Z,SELL,0.01,1,1,10.00,1,7920.00
2023-12-15T20:19:00.000Z,2023-12-22T01:47:00.000Z,SELL,0.01,2,1,10.00,2,7930.00
2023-12-22T01:47:00.000Z,2023-12-27T20:05:00.000Z,SELL,0.01,2,1,10.00,2,7940.00
2023-12-27T20:05:00.000Z,2023-12-28T11:10:00.000Z,SELL,0.01,1,1,10.00,1,7950.00
2023-12-28T11:10:00.000Z,2023-12-29T12:19:00.000Z,SELL,0.01,1,1,10.00,1,7960.00
2023-12-29T12:19:00.000Z,2024-01-02T07:47:00.000Z,BUY,0.01,1,1,10.00,1,7970.00
2024-01-02T07:47:00.000Z,2024-01-03T14:06:00.000Z,BUY,0.01,2,1,10.00,2,7980.00
2024-01-03T14:06:00.000Z,2024-01-05T17:00:00.000Z,BUY,0.01,3,1,10.00,3,7990.00
2024-01-05T17:00:00.000Z,2024-01-08T13:18:00.000Z,BUY,0.01,2,1,10.00,2,8000.00
2024-01-08T13:18:00.000Z,2024-01-08T17:51:00.000Z,BUY,0.01,1,1,10.00,1,8010.00
2024-01-08T17:51:00.000Z,2024-01-11T15:30:00.000Z,BUY,0.01,1,1,10.00,1,8020.00
2024-01-11T15:30:00.000Z,2024-01-11T15:30:00.000Z,SELL,0.01,1,1,10.00,1,8030.00
2024-01-11T15:30:00.000Z,2024-01-11T18:15:00.000Z,SELL,0.01,1,1,10.00,1,8040.00
2024-01-11T18:15:00.000Z,2024-01-11T18:36:00.000Z,SELL,0.01,1,1,10.00,1,8050.00
2024-01-11T18:36:00.000Z,2024-01-12T12:54:00.000Z,SELL,0.01,2,1,10.00,2,8060.00
2024-01-12T12:54:00.000Z,2024-01-16T15:14:00.000Z,SELL,0.01,1,1,10.00,1,8070.00
2024-01-16T15:14:00.000Z,2024-01-16T15:43:00.000Z,BUY,0.01,1,1,10.00,1,8080.00
2024-01-16T15:43:00.000Z,2024-01-17T16:55:00.000Z,BUY,0.01,2,1,10.00,2,8090.00
2024-01-17T16:55:00.000Z,2024-01-19T01:00:00.000Z,BUY,0.01,1,1,10.00,1,8100.00
2024-01-19T01:00:00.000Z,2024-01-24T18:06:00.000Z,SELL,0.01,1,1,10.00,1,8110.00
2024-01-24T18:06:00.000Z,2024-01-25T16:13:00.000Z,BUY,0.01,1,1,10.00,1,8120.00
2024-01-25T16:13:00.000Z,2024-01-29T15:41:00.000Z,BUY,0.01,1,1,10.00,1,8130.00
2024-01-29T15:41:00.000Z,2024-01-29T16:40:00.000Z,SELL,0.01,1,1,10.00,1,8140.00
2024-01-29T16:40:00.000Z,2024-01-31T16:53:00.000Z,SELL,0.01,2,1,10.00,2,8150.00
2024-01-31T16:53:00.000Z,2024-01-31T21:00:00.000Z,SELL,0.01,1,1,10.00,1,8160.00
2024-01-31T21:00:00.000Z,2024-01-31T22:04:00.000Z,SELL,0.01,1,1,10.00,1,8170.00
2024-01-31T22:04:00.000Z,2024-02-01T18:45:00.000Z,SELL,0.01,2,1,10.00,2,8180.00
2024-02-01T18:45:00.000Z,2024-02-01T19:44:00.000Z,SELL,0.01,1,1,10.00,1,8190.00
2024-02-01T19:44:00.000Z,2024-02-02T15:30:00.000Z,SELL,0.01,1,1,10.00,1,8200.00
2024-02-02T15:30:00.000Z,2024-02-02T15:40:00.000Z,SELL,0.01,1,1,10.00,1,8210.00
2024-02-02T15:40:00.000Z,2024-02-05T10:26:00.000Z,SELL,0.01,1,1,10.00,1,8220.00
2024-02-05T10:26:00.000Z,2024-02-06T17:09:00.000Z,BUY,0.01,1,1,10.00,1,8230.00
2024-02-06T17:09:00.000Z,2024-02-08T15:31:00.000Z,SELL,0.01,1,1,10.00,1,8240.00
2024-02-08T15:31:00.000Z,2024-02-08T16:34:00.000Z,BUY,0.01,1,1,10.00,1,8250.00
2024-02-08T16:34:00.000Z,2024-02-13T15:58:00.000Z,BUY,0.01,2,1,10.00,2,8260.00
2024-02-13T15:58:00.000Z,2024-02-13T16:55:00.000Z,SELL,0.01,1,1,10.00,1,8270.00
2024-02-13T16:55:00.000Z,2024-02-15T15:30:00.000Z,BUY,0.01,1,1,10.00,1,8280.00
2024-02-15T15:30:00.000Z,2024-02-22T10:07:00.000Z,SELL,0.01,2,1,10.00,2,8290.00
2024-02-22T10:07:00.000Z,2024-02-22T15:30:00.000Z,SELL,0.01,1,1,10.00,1,8300.00
2024-02-22T15:30:00.000Z,2024-03-01T12:37:00.000Z,SELL,0.01,2,1,10.00,2,8310.00
2024-03-01T12:37:00.000Z,2024-03-01T19:03:00.000Z,SELL,0.01,2,1,10.00,2,8320.00
2024-03-01T19:03:00.000Z,2024-03-04T18:12:00.000Z,SELL,0.01,2,1,10.00,2,8330.00
2024-03-04T18:12:00.000Z,2024-03-06T16:32:00.000Z,SELL,0.01,2,1,10.00,2,8340.00
2024-03-06T16:32:00.000Z,2024-03-06T17:04:00.000Z,SELL,0.01,1,1,10.00,1,8350.00
2024-03-06T17:04:00.000Z,2024-03-07T15:05:00.000Z,SELL,0.01,2,1,10.00,2,8360.00
2024-03-07T15:05:00.000Z,2024-03-07T16:32:00.000Z,SELL,0.01,1,1,10.00,1,8370.00
2024-03-07T16:32:00.000Z,2024-03-08T15:32:00.000Z,SELL,0.01,2,1,10.00,2,8380.00
2024-03-08T15:32:00.000Z,2024-03-08T15:50:00.000Z,SELL,0.01,1,1,10.00,1,8390.00
2024-03-08T15:50:00.000Z,2024-03-12T14:30:00.000Z,SELL,0.01,3,1,10.00,3,8400.00
2024-03-12T14:30:00.000Z,2024-03-12T14:32:00.000Z,BUY,0.01,1,1,10.00,1,8410.00
2024-03-12T14:32:00.000Z,2024-03-20T20:58:00.000Z,BUY,0.01,5,1,10.00,5,8420.00
2024-03-20T20:58:00.000Z,2024-03-21T00:13:00.000Z,BUY,0.01,1,1,10.00,1,8430.00
2024-03-21T00:13:00.000Z,2024-03-21T16:08:00.000Z,SELL,0.01,3,1,10.00,3,8440.00
2024-03-21T16:08:00.000Z,2024-03-21T17:02:00.000Z,SELL,0.01,1,1,10.00,1,8450.00
2024-03-21T17:02:00.000Z,2024-03-22T18:48:00.000Z,SELL,0.01,1,1,10.00,1,8460.00
2024-03-22T18:48:00.000Z,2024-03-25T03:20:00.000Z,BUY,0.01,1,1,10.00,1,8470.00
2024-03-25T03:20:00.000Z,2024-03-26T11:13:00.000Z,BUY,0.01,1,1,10.00,1,8480.00
2024-03-26T11:13:00.000Z,2024-03-26T17:40:00.000Z,SELL,0.01,1,1,10.00,1,8490.00
2024-03-26T17:40:00.000Z,2024-03-28T12:22:00.000Z,SELL,0.01,2,1,10.00,2,8500.00
2024-03-28T12:22:00.000Z,2024-03-28T22:49:00.000Z,SELL,0.01,2,1,10.00,2,8510.00
2024-03-28T22:49:00.000Z,2024-04-01T06:37:00.000Z,SELL,0.01,2,1,10.00,2,8520.00
2024-04-01T06:37:00.000Z,2024-04-01T12:29:00.000Z,SELL,0.01,1,1,10.00,1,8530.00
2024-04-01T12:29:00.000Z,2024-04-01T16:50:00.000Z,SELL,0.01,1,1,10.00,1,8540.00
2024-04-01T16:50:00.000Z,2024-04-01T17:20:00.000Z,SELL,0.01,1,1,10.00,1,8550.00
2024-04-01T17:20:00.000Z,2024-04-02T11:08:00.000Z,SELL,0.01,2,1,10.00,2,8560.00
2024-04-02T11:08:00.000Z,2024-04-02T18:34:00.000Z,SELL,0.01,1,1,10.00,1,8570.00
2024-04-02T18:34:00.000Z,2024-04-03T01:00:00.000Z,SELL,0.01,2,1,10.00,2,8580.00
2024-04-03T01:00:00.000Z,2024-04-03T10:28:00.000Z,SELL,0.01,1,1,10.00,1,8590.00
2024-04-03T10:28:00.000Z,2024-04-03T23:55:00.000Z,SELL,0.01,2,1,10.00,2,8600.00
2024-04-03T23:55:00.000Z,2024-04-04T12:00:00.000Z,SELL,0.01,1,1,10.00,1,8610.00
2024-04-04T12:00:00.000Z,2024-04-04T22:49:00.000Z,SELL,0.01,1,1,10.00,1,8620.00
2024-04-04T22:49:00.000Z,2024-04-05T04:23:00.000Z,SELL,0.01,1,1,10.00,1,8630.00
2024-04-05T04:23:00.000Z,2024-04-05T08:36:00.000Z,BUY,0.01,1,1,10.00,1,8640.00
2024-04-05T08:36:00.000Z,2024-04-05T11:04:00.000Z,BUY,0.01,1,1,10.00,1,8650.00
2024-04-05T11:04:00.000Z,2024-04-05T16:51:00.000Z,BUY,0.01,1,1,10.00,1,8660.00
2024-04-05T16:51:00.000Z,2024-04-08T05:15:00.000Z,SELL,0.01,2,1,10.00,2,8670.00
2024-04-08T05:15:00.000Z,2024-04-08T17:04:00.000Z,SELL,0.01,3,1,10.00,3,8680.00
2024-04-08T17:04:00.000Z,2024-04-09T10:14:00.000Z,SELL,0.01,2,1,10.00,2,8690.00
2024-04-09T10:14:00.000Z,2024-04-09T18:56:00.000Z,SELL,0.01,1,1,10.00,1,8700.00
2024-04-09T18:56:00.000Z,2024-04-10T15:33:00.000Z,SELL,0.01,1,1,10.00,1,8710.00
2024-04-10T15:33:00.000Z,2024-04-10T16:31:00.000Z,SELL,0.01,1,1,10.00,1,8720.00
2024-04-10T16:31:00.000Z,2024-04-10T16:36:00.000Z,BUY,0.01,1,1,10.00,1,8730.00
2024-04-10T16:36:00.000Z,2024-04-10T17:08:00.000Z,BUY,0.01,1,1,10.00,1,8740.00
2024-04-10T17:08:00.000Z,2024-04-10T17:24:00.000Z,BUY,0.01,1,1,10.00,1,8750.00
2024-04-10T17:24:00.000Z,2024-04-11T21:07:00.000Z,BUY,0.01,3,1,10.00,3,8760.00
2024-04-11T21:07:00.000Z,2024-04-12T04:57:00.000Z,SELL,0.01,2,1,10.00,2,8770.00
2024-04-12T04:57:00.000Z,2024-04-12T17:53:00.000Z,SELL,0.01,2,1,10.00,2,8780.00
2024-04-12T17:53:00.000Z,2024-04-12T18:12:00.000Z,SELL,0.01,1,1,10.00,1,8790.00
2024-04-12T18:12:00.000Z,2024-04-12T18:25:00.000Z,SELL,0.01,1,1,10.00,1,8800.00
2024-04-12T18:25:00.000Z,2024-04-12T18:31:00.000Z,SELL,0.01,1,1,10.00,1,8810.00
2024-04-12T18:31:00.000Z,2024-04-12T19:19:00.000Z,SELL,0.01,1,1,10.00,1,8820.00
2024-04-12T19:19:00.000Z,2024-04-12T19:31:00.000Z,SELL,0.01,1,1,10.00,1,8830.00
2024-04-12T19:31:00.000Z,2024-04-12T20:13:00.000Z,SELL,0.01,1,1,10.00,1,8840.00
2024-04-12T20:13:00.000Z,2024-04-12T20:44:00.000Z,SELL,0.01,1,1,10.00,1,8850.00
2024-04-12T20:44:00.000Z,2024-04-12T21:42:00.000Z,SELL,0.01,1,1,10.00,1,8860.00
2024-04-12T21:42:00.000Z,2024-04-15T01:07:00.000Z,SELL,0.01,2,1,10.00,2,8870.00
2024-04-15T01:07:00.000Z,2024-04-15T17:06:00.000Z,BUY,0.01,2,1,10.00,2,8880.00
2024-04-15T17:06:00.000Z,2024-04-15T17:42:00.000Z,BUY,0.01,1,1,10.00,1,8890.00
2024-04-15T17:42:00.000Z,2024-04-15T19:54:00.000Z,BUY,0.01,1,1,10.00,1,8900.00
2024-04-15T19:54:00.000Z,2024-04-15T20:40:00.000Z,BUY,0.01,1,1,10.00,1,8910.00
2024-04-15T20:40:00.000Z,2024-04-15T22:07:00.000Z,BUY,0.01,1,1,10.00,1,8920.00
2024-04-15T22:07:00.000Z,2024-04-16T09:43:00.000Z,SELL,0.01,1,1,10.00,1,8930.00
2024-04-16T09:43:00.000Z,2024-04-17T23:52:00.000Z,SELL,0.01,3,1,10.00,3,8940.00
2024-04-17T23:52:00.000Z,2024-04-18T03:44:00.000Z,BUY,0.01,1,1,10.00,1,8950.00
2024-04-18T03:44:00.000Z,2024-04-18T09:59:00.000Z,BUY,0.01,1,1,10.00,1,8960.00
2024-04-18T09:59:00.000Z,2024-04-18T16:29:00.000Z,BUY,0.01,1,1,10.00,1,8970.00
2024-04-18T16:29:00.000Z,2024-04-18T16:35:00.000Z,SELL,0.01,1,1,10.00,1,8980.00
2024-04-18T16:35:00.000Z,2024-04-18T17:38:00.000Z,SELL,0.01,1,1,10.00,1,8990.00
2024-04-18T17:38:00.000Z,2024-04-19T04:31:00.000Z,SELL,0.01,2,1,10.00,2,9000.00
2024-04-19T04:31:00.000Z,2024-04-19T06:13:00.000Z,SELL,0.01,1,1,10.00,1,9010.00
2024-04-19T06:13:00.000Z,2024-04-19T07:44:00.000Z,SELL,0.01,1,1,10.00,1,9020.00
2024-04-19T07:44:00.000Z,2024-04-22T06:01:00.000Z,SELL,0.01,3,1,10.00,3,9030.00
2024-04-22T06:01:00.000Z,2024-04-22T15:01:00.000Z,BUY,0.01,2,1,10.00,2,9040.00
2024-04-22T15:01:00.000Z,2024-04-22T15:33:00.000Z,BUY,0.01,1,1,10.00,1,9050.00
2024-04-22T15:33:00.000Z,2024-04-23T04:37:00.000Z,BUY,0.01,2,1,10.00,2,9060.00
2024-04-23T04:37:00.000Z,2024-04-23T16:55:00.000Z,BUY,0.01,3,1,10.00,3,9070.00
2024-04-23T16:55:00.000Z,2024-04-25T17:35:00.000Z,BUY,0.01,3,1,10.00,3,9080.00
2024-04-25T17:35:00.000Z,2024-04-25T18:00:00.000Z,SELL,0.01,1,1,10.00,1,9090.00
2024-04-25T18:00:00.000Z,2024-04-30T09:07:00.000Z,SELL,0.01,3,1,10.00,3,9100.00
2024-04-30T09:07:00.000Z,2024-04-30T22:59:00.000Z,BUY,0.01,2,1,10.00,2,9110.00
2024-04-30T22:59:00.000Z,2024-05-01T15:51:00.000Z,BUY,0.01,1,1,10.00,1,9120.00
2024-05-01T15:51:00.000Z,2024-05-01T17:14:00.000Z,BUY,0.01,1,1,10.00,1,9130.00
2024-05-01T17:14:00.000Z,2024-05-01T21:39:00.000Z,BUY,0.01,1,1,10.00,1,9140.00
2024-05-01T21:39:00.000Z,2024-05-01T22:59:00.000Z,SELL,0.01,1,1,10.00,1,9150.00
2024-05-01T22:59:00.000Z,2024-05-02T12:35:00.000Z,SELL,0.01,1,1,10.00,1,9160.00
2024-05-02T12:35:00.000Z,2024-05-02T16:08:00.000Z,SELL,0.01,1,1,10.00,1,9170.00
2024-05-02T16:08:00.000Z,2024-05-02T17:34:00.000Z,BUY,0.01,1,1,10.00,1,9180.00
2024-05-02T17:34:00.000Z,2024-05-03T15:30:00.000Z,BUY,0.01,1,1,10.00,1,9190.00
2024-05-03T15:30:00.000Z,2024-05-03T15:30:00.000Z,BUY,0.01,1,1,10.00,1,9200.00
2024-05-03T15:30:00.000Z,2024-05-03T16:33:00.000Z,BUY,0.01,2,1,10.00,2,9210.00
2024-05-03T16:33:00.000Z,2024-05-03T17:00:00.000Z,BUY,0.01,1,1,10.00,1,9220.00
2024-05-03T17:00:00.000Z,2024-05-06T05:02:00.000Z,BUY,0.01,1,1,10.00,1,9230.00
2024-05-06T05:02:00.000Z,2024-05-06T10:39:00.000Z,BUY,0.01,1,1,10.00,1,9240.00
2024-05-06T10:39:00.000Z,2024-05-07T15:00:00.000Z,SELL,0.01,1,1,10.00,1,9250.00
2024-05-07T15:00:00.000Z,2024-05-07T16:11:00.000Z,BUY,0.01,1,1,10.00,1,9260.00
2024-05-07T16:11:00.000Z,2024-05-09T17:09:00.000Z,BUY,0.01,1,1,10.00,1,9270.00
2024-05-09T17:09:00.000Z,2024-05-10T09:17:00.000Z,SELL,0.01,2,1,10.00,2,9280.00
2024-05-10T09:17:00.000Z,2024-05-13T09:11:00.000Z,SELL,0.01,1,1,10.00,1,9290.00
2024-05-13T09:11:00.000Z,2024-05-15T10:05:00.000Z,BUY,0.01,1,1,10.00,1,9300.00
2024-05-15T10:05:00.000Z,2024-05-16T02:22:00.000Z,SELL,0.01,2,1,10.00,2,9310.00
2024-05-16T02:22:00.000Z,2024-05-16T15:37:00.000Z,SELL,0.01,1,1,10.00,1,9320.00
2024-05-16T15:37:00.000Z,2024-05-17T17:47:00.000Z,SELL,0.01,2,1,10.00,2,9330.00
2024-05-17T17:47:00.000Z,2024-05-20T08:30:00.000Z,SELL,0.01,2,1,10.00,2,9340.00
2024-05-20T08:30:00.000Z,2024-05-20T14:28:00.000Z,SELL,0.01,1,1,10.00,1,9350.00
2024-05-20T14:28:00.000Z,2024-05-20T15:15:00.000Z,SELL,0.01,1,1,10.00,1,9360.00
2024-05-20T15:15:00.000Z,2024-05-20T15:42:00.000Z,SELL,0.01,1,1,10.00,1,9370.00
2024-05-20T15:42:00.000Z,2024-05-22T17:09:00.000Z,SELL,0.01,5,1,10.00,5,9380.00
2024-05-22T17:09:00.000Z,2024-05-23T04:27:00.000Z,BUY,0.01,2,1,10.00,2,9390.00
2024-05-23T04:27:00.000Z,2024-05-23T20:08:00.000Z,BUY,0.01,2,1,10.00,2,9400.00
2024-05-23T20:08:00.000Z,2024-05-27T16:18:00.000Z,BUY,0.01,1,1,10.00,1,9410.00
2024-05-27T16:18:00.000Z,2024-05-29T14:53:00.000Z,SELL,0.01,1,1,10.00,1,9420.00
2024-05-29T14:53:00.000Z,2024-05-30T17:00:00.000Z,BUY,0.01,1,1,10.00,1,9430.00
2024-05-30T17:00:00.000Z,2024-05-31T06:04:00.000Z,SELL,0.01,1,1,10.00,1,9440.00
2024-05-31T06:04:00.000Z,2024-05-31T18:14:00.000Z,SELL,0.01,3,1,10.00,3,9450.00
2024-05-31T18:14:00.000Z,2024-06-03T08:41:00.000Z,SELL,0.01,1,1,10.00,1,9460.00
2024-06-03T08:41:00.000Z,2024-06-03T13:42:00.000Z,BUY,0.01,1,1,10.00,1,9470.00
2024-06-03T13:42:00.000Z,2024-06-03T17:00:00.000Z,BUY,0.01,1,1,10.00,1,9480.00
2024-06-03T17:00:00.000Z,2024-06-03T20:01:00.000Z,BUY,0.01,1,1,10.00,1,9490.00
2024-06-03T20:01:00.000Z,2024-06-04T10:58:00.000Z,SELL,0.01,1,1,10.00,1,9500.00
2024-06-04T10:58:00.000Z,2024-06-04T12:11:00.000Z,SELL,0.01,1,1,10.00,1,9510.00
2024-06-04T12:11:00.000Z,2024-06-04T17:15:00.000Z,SELL,0.01,1,1,10.00,1,9520.00
2024-06-04T17:15:00.000Z,2024-06-04T19:05:00.000Z,BUY,0.01,1,1,10.00,1,9530.00
2024-06-04T19:05:00.000Z,2024-06-05T08:01:00.000Z,BUY,0.01,1,1,10.00,1,9540.00
2024-06-05T08:01:00.000Z,2024-06-05T09:18:00.000Z,SELL,0.01,1,1,10.00,1,9550.00
2024-06-05T09:18:00.000Z,2024-06-06T04:04:00.000Z,SELL,0.01,2,1,10.00,2,9560.00
2024-06-06T04:04:00.000Z,2024-06-07T11:35:00.000Z,SELL,0.01,3,1,10.00,3,9570.00
2024-06-07T11:35:00.000Z,2024-06-07T12:27:00.000Z,SELL,0.01,1,1,10.00,1,9580.00
2024-06-07T12:27:00.000Z,2024-06-07T15:30:00.000Z,SELL,0.01,1,1,10.00,1,9590.00
2024-06-07T15:30:00.000Z,2024-06-07T22:10:00.000Z,BUY,0.01,2,1,10.00,2,9600.00
2024-06-07T22:10:00.000Z,2024-06-10T19:04:00.000Z,BUY,0.01,1,1,10.00,1,9610.00
2024-06-10T19:04:00.000Z,2024-06-11T15:41:00.000Z,BUY,0.01,1,1,10.00,1,9620.00
2024-06-11T15:41:00.000Z,2024-06-12T15:38:00.000Z,BUY,0.01,1,1,10.00,1,9630.00
2024-06-12T15:38:00.000Z,2024-06-12T22:23:00.000Z,SELL,0.01,1,1,10.00,1,9640.00
2024-06-12T22:23:00.000Z,2024-06-13T04:36:00.000Z,SELL,0.01,1,1,10.00,1,9650.00
2024-06-13T04:36:00.000Z,2024-06-13T18:57:00.000Z,SELL,0.01,1,1,10.00,1,9660.00
2024-06-13T18:57:00.000Z,2024-06-14T08:34:00.000Z,BUY,0.01,1,1,10.00,1,9670.00
2024-06-14T08:34:00.000Z,2024-06-14T11:09:00.000Z,BUY,0.01,1,1,10.00,1,9680.00
2024-06-14T11:09:00.000Z,2024-06-18T13:25:00.000Z,SELL,0.01,1,1,10.00,1,9690.00
2024-06-18T13:25:00.000Z,2024-06-18T15:30:00.000Z,BUY,0.01,1,1,10.00,1,9700.00
2024-06-18T15:30:00.000Z,2024-06-18T18:44:00.000Z,BUY,0.01,1,1,10.00,1,9710.00
2024-06-18T18:44:00.000Z,2024-06-20T07:38:00.000Z,BUY,0.01,1,1,10.00,1,9720.00
2024-06-20T07:38:00.000Z,2024-06-21T17:25:00.000Z,SELL,0.01,3,1,10.00,3,9730.00
2024-06-21T17:25:00.000Z,2024-06-21T20:26:00.000Z,SELL,0.01,1,1,10.00,1,9740.00
2024-06-21T20:26:00.000Z,2024-06-24T10:40:00.000Z,BUY,0.01,1,1,10.00,1,9750.00
2024-06-24T10:40:00.000Z,2024-06-26T16:26:00.000Z,BUY,0.01,2,1,10.00,2,9760.00
2024-06-26T16:26:00.000Z,2024-06-27T12:06:00.000Z,BUY,0.01,1,1,10.00,1,9770.00
2024-06-27T12:06:00.000Z,2024-06-27T15:07:00.000Z,BUY,0.01,1,1,10.00,1,9780.00
2024-06-27T15:07:00.000Z,2024-07-03T15:30:00.000Z,SELL,0.01,2,1,10.00,2,9790.00
2024-07-03T15:30:00.000Z,2024-07-05T16:35:00.000Z,SELL,0.01,2,1,10.00,2,9800.00
2024-07-05T16:35:00.000Z,2024-07-08T12:48:00.000Z,SELL,0.01,1,1,10.00,1,9810.00
2024-07-08T12:48:00.000Z,2024-07-08T18:45:00.000Z,SELL,0.01,1,1,10.00,1,9820.00
2024-07-08T18:45:00.000Z,2024-07-09T17:00:00.000Z,BUY,0.01,1,1,10.00,1,9830.00
2024-07-09T17:00:00.000Z,2024-07-10T15:21:00.000Z,BUY,0.01,3,1,10.00,3,9840.00
2024-07-10T15:21:00.000Z,2024-07-10T21:25:00.000Z,SELL,0.01,1,1,10.00,1,9850.00
2024-07-10T21:25:00.000Z,2024-07-11T15:33:00.000Z,SELL,0.01,2,1,10.00,2,9860.00
2024-07-11T15:33:00.000Z,2024-07-15T17:53:00.000Z,SELL,0.01,4,1,10.00,4,9870.00
2024-07-15T17:53:00.000Z,2024-07-16T18:22:00.000Z,SELL,0.01,2,1,10.00,2,9880.00
2024-07-16T18:22:00.000Z,2024-07-18T22:04:00.000Z,SELL,0.01,3,1,10.00,3,9890.00
2024-07-18T22:04:00.000Z,2024-07-19T09:06:00.000Z,BUY,0.01,2,1,10.00,2,9900.00
2024-07-19T09:06:00.000Z,2024-07-22T15:34:00.000Z,BUY,0.01,2,1,10.00,2,9910.00
2024-07-22T15:34:00.000Z,2024-07-22T16:09:00.000Z,BUY,0.01,1,1,10.00,1,9920.00
2024-07-22T16:09:00.000Z,2024-07-23T14:23:00.000Z,BUY,0.01,1,1,10.00,1,9930.00
2024-07-23T14:23:00.000Z,2024-07-23T16:53:00.000Z,SELL,0.01,1,1,10.00,1,9940.00
2024-07-23T16:53:00.000Z,2024-07-24T17:51:00.000Z,SELL,0.01,2,1,10.00,2,9950.00
2024-07-24T17:51:00.000Z,2024-07-24T19:13:00.000Z,SELL,0.01,1,1,10.00,1,9960.00
2024-07-24T19:13:00.000Z,2024-07-24T20:55:00.000Z,SELL,0.01,1,1,10.00,1,9970.00
2024-07-24T20:55:00.000Z,2024-07-24T22:59:00.000Z,SELL,0.01,1,1,10.00,1,9980.00
2024-07-24T22:59:00.000Z,2024-07-25T04:26:00.000Z,SELL,0.01,1,1,10.00,1,9990.00
2024-07-25T04:26:00.000Z,2024-07-25T17:15:00.000Z,BUY,0.01,2,1,10.00,2,10000.00
2024-07-25T17:15:00.000Z,2024-07-26T04:41:00.000Z,BUY,0.01,1,1,10.00,1,10010.00
2024-07-26T04:41:00.000Z,2024-07-26T16:01:00.000Z,BUY,0.01,1,1,10.00,1,10020.00
2024-07-26T16:01:00.000Z,2024-07-30T20:02:00.000Z,SELL,0.01,4,1,10.00,4,10030.00
2024-07-30T20:02:00.000Z,2024-07-31T22:24:00.000Z,SELL,0.01,2,1,10.00,2,10040.00
2024-07-31T22:24:00.000Z,2024-08-02T15:30:00.000Z,SELL,0.01,4,1,10.00,4,10050.00
2024-08-02T15:30:00.000Z,2024-08-02T15:30:00.000Z,SELL,0.01,1,1,10.00,1,10060.00
2024-08-02T15:30:00.000Z,2024-08-02T17:34:00.000Z,SELL,0.01,1,1,10.00,1,10070.00
2024-08-02T17:34:00.000Z,2024-08-02T17:38:00.000Z,SELL,0.01,1,1,10.00,1,10080.00
2024-08-02T17:38:00.000Z,2024-08-02T17:56:00.000Z,SELL,0.01,1,1,10.00,1,10090.00
2024-08-02T17:56:00.000Z,2024-08-02T18:13:00.000Z,SELL,0.01,1,1,10.00,1,10100.00
2024-08-02T18:13:00.000Z,2024-08-05T06:47:00.000Z,SELL,0.01,4,1,10.00,4,10110.00
2024-08-05T06:47:00.000Z,2024-08-05T07:26:00.000Z,BUY,0.01,1,1,10.00,1,10120.00
2024-08-05T07:26:00.000Z,2024-08-05T09:18:00.000Z,BUY,0.01,2,1,10.00,2,10130.00
2024-08-05T09:18:00.000Z,2024-08-05T10:23:00.000Z,BUY,0.01,1,1,10.00,1,10140.00
2024-08-05T10:23:00.000Z,2024-08-05T13:57:00.000Z,BUY,0.01,2,1,10.00,2,10150.00
2024-08-05T13:57:00.000Z,2024-08-05T15:20:00.000Z,BUY,0.01,2,1,10.00,2,10160.00
2024-08-05T15:20:00.000Z,2024-08-05T16:06:00.000Z,BUY,0.01,1,1,10.00,1,10170.00
2024-08-05T16:06:00.000Z,2024-08-05T18:01:00.000Z,BUY,0.01,1,1,10.00,1,10180.00
2024-08-05T18:01:00.000Z,2024-08-05T18:13:00.000Z,BUY,0.01,1,1,10.00,1,10190.00
2024-08-05T18:13:00.000Z,2024-08-07T04:24:00.000Z,BUY,0.01,2,1,10.00,2,10200.00
2024-08-07T04:24:00.000Z,2024-08-07T07:16:00.000Z,BUY,0.01,1,1,10.00,1,10210.00
2024-08-07T07:16:00.000Z,2024-08-07T14:56:00.000Z,BUY,0.01,1,1,10.00,1,10220.00
2024-08-07T14:56:00.000Z,2024-08-08T14:13:00.000Z,BUY,0.01,1,1,10.00,1,10230.00
2024-08-08T14:13:00.000Z,2024-08-12T10:39:00.000Z,SELL,0.01,2,1,10.00,2,10240.00
2024-08-12T10:39:00.000Z,2024-08-12T21:24:00.000Z,SELL,0.01,2,1,10.00,2,10250.00
2024-08-12T21:24:00.000Z,2024-08-13T08:10:00.000Z,SELL,0.01,1,1,10.00,1,10260.00
2024-08-13T08:10:00.000Z,2024-08-14T16:22:00.000Z,SELL,0.01,3,1,10.00,3,10270.00
2024-08-14T16:22:00.000Z,2024-08-14T19:24:00.000Z,SELL,0.01,1,1,10.00,1,10280.00
2024-08-14T19:24:00.000Z,2024-08-15T03:00:00.000Z,BUY,0.01,1,1,10.00,1,10290.00
2024-08-15T03:00:00.000Z,2024-08-15T13:12:00.000Z,BUY,0.01,1,1,10.00,1,10300.00
2024-08-15T13:12:00.000Z,2024-08-16T14:18:00.000Z,BUY,0.01,3,1,10.00,3,10310.00
2024-08-16T14:18:00.000Z,2024-08-16T21:25:00.000Z,SELL,0.01,2,1,10.00,2,10320.00
2024-08-16T21:25:00.000Z,2024-08-19T13:55:00.000Z,SELL,0.01,1,1,10.00,1,10330.00
2024-08-19T13:55:00.000Z,2024-08-20T11:05:00.000Z,SELL,0.01,2,1,10.00,2,10340.00
2024-08-20T11:05:00.000Z,2024-08-20T18:06:00.000Z,SELL,0.01,1,1,10.00,1,10350.00
2024-08-20T18:06:00.000Z,2024-08-21T16:44:00.000Z,SELL,0.01,1,1,10.00,1,10360.00
2024-08-21T16:44:00.000Z,2024-08-21T18:40:00.000Z,BUY,0.01,1,1,10.00,1,10370.00
2024-08-21T18:40:00.000Z,2024-08-22T17:10:00.000Z,BUY,0.01,2,1,10.00,2,10380.00
2024-08-22T17:10:00.000Z,2024-08-23T03:38:00.000Z,BUY,0.01,1,1,10.00,1,10390.00
2024-08-23T03:38:00.000Z,2024-08-23T12:15:00.000Z,BUY,0.01,1,1,10.00,1,10400.00
2024-08-23T12:15:00.000Z,2024-08-23T17:04:00.000Z,BUY,0.01,1,1,10.00,1,10410.00
2024-08-23T17:04:00.000Z,2024-08-28T15:00:00.000Z,SELL,0.01,1,1,10.00,1,10420.00
2024-08-28T15:00:00.000Z,2024-08-28T16:29:00.000Z,BUY,0.01,1,1,10.00,1,10430.00
2024-08-28T16:29:00.000Z,2024-08-29T09:19:00.000Z,BUY,0.01,1,1,10.00,1,10440.00
2024-08-29T09:19:00.000Z,2024-08-29T15:30:00.000Z,SELL,0.01,1,1,10.00,1,10450.00
2024-08-29T15:30:00.000Z,2024-08-30T19:37:00.000Z,SELL,0.01,1,1,10.00,1,10460.00
2024-08-30T19:37:00.000Z,2024-09-05T11:21:00.000Z,BUY,0.01,3,1,10.00,3,10470.00
2024-09-05T11:21:00.000Z,2024-09-06T19:04:00.000Z,SELL,0.01,1,1,10.00,1,10480.00
2024-09-06T19:04:00.000Z,2024-09-10T15:44:00.000Z,BUY,0.01,1,1,10.00,1,10490.00
2024-09-10T15:44:00.000Z,2024-09-12T16:09:00.000Z,SELL,0.01,2,1,10.00,2,10500.00
2024-09-12T16:09:00.000Z,2024-09-13T10:50:00.000Z,SELL,0.01,2,1,10.00,2,10510.00
2024-09-13T10:50:00.000Z,2024-09-18T22:07:00.000Z,SELL,0.01,3,1,10.00,3,10520.00
2024-09-18T22:07:00.000Z,2024-09-19T08:40:00.000Z,BUY,0.01,1,1,10.00,1,10530.00
2024-09-19T08:40:00.000Z,2024-09-19T10:42:00.000Z,BUY,0.01,1,1,10.00,1,10540.00
2024-09-19T10:42:00.000Z,2024-09-19T12:24:00.000Z,BUY,0.01,1,1,10.00,1,10550.00
2024-09-19T12:24:00.000Z,2024-09-19T15:40:00.000Z,SELL,0.01,1,1,10.00,1,10560.00
2024-09-19T15:40:00.000Z,2024-09-19T16:50:00.000Z,SELL,0.01,1,1,10.00,1,10570.00
2024-09-19T16:50:00.000Z,2024-09-20T09:49:00.000Z,SELL,0.01,2,1,10.00,2,10580.00
2024-09-20T09:49:00.000Z,2024-09-23T06:27:00.000Z,SELL,0.01,2,1,10.00,2,10590.00
2024-09-23T06:27:00.000Z,2024-09-23T10:15:00.000Z,SELL,0.01,1,1,10.00,1,10600.00
2024-09-23T10:15:00.000Z,2024-09-24T19:14:00.000Z,SELL,0.01,2,1,10.00,2,10610.00
2024-09-24T19:14:00.000Z,2024-09-26T14:33:00.000Z,SELL,0.01,4,1,10.00,4,10620.00
2024-09-26T14:33:00.000Z,2024-09-26T15:39:00.000Z,SELL,0.01,1,1,10.00,1,10630.00
2024-09-26T15:39:00.000Z,2024-09-26T16:19:00.000Z,SELL,0.01,1,1,10.00,1,10640.00
2024-09-26T16:19:00.000Z,2024-09-27T17:59:00.000Z,SELL,0.01,1,1,10.00,1,10650.00
2024-09-27T17:59:00.000Z,2024-09-27T23:55:00.000Z,BUY,0.01,1,1,10.00,1,10660.00
2024-09-27T23:55:00.000Z,2024-09-30T17:03:00.000Z,BUY,0.01,2,1,10.00,2,10670.00
2024-09-30T17:03:00.000Z,2024-09-30T20:02:00.000Z,BUY,0.01,1,1,10.00,1,10680.00
2024-09-30T20:02:00.000Z,2024-10-01T13:27:00.000Z,BUY,0.01,1,1,10.00,1,10690.00
2024-10-01T13:27:00.000Z,2024-10-03T17:00:00.000Z,SELL,0.01,3,1,10.00,3,10700.00
2024-10-03T17:00:00.000Z,2024-10-03T17:07:00.000Z,BUY,0.01,1,1,10.00,1,10710.00
2024-10-03T17:07:00.000Z,2024-10-03T19:41:00.000Z,BUY,0.01,1,1,10.00,1,10720.00
2024-10-03T19:41:00.000Z,2024-10-08T11:19:00.000Z,BUY,0.01,4,1,10.00,4,10730.00
2024-10-08T11:19:00.000Z,2024-10-08T12:48:00.000Z,BUY,0.01,1,1,10.00,1,10740.00
2024-10-08T12:48:00.000Z,2024-10-08T14:42:00.000Z,BUY,0.01,1,1,10.00,1,10750.00
2024-10-08T14:42:00.000Z,2024-10-08T17:36:00.000Z,BUY,0.01,2,1,10.00,2,10760.00
2024-10-08T17:36:00.000Z,2024-10-10T22:30:00.000Z,BUY,0.01,1,1,10.00,1,10770.00
2024-10-10T22:30:00.000Z,2024-10-11T19:29:00.000Z,SELL,0.01,2,1,10.00,2,10780.00
2024-10-11T19:29:00.000Z,2024-10-14T01:01:00.000Z,SELL,0.01,1,1,10.00,1,10790.00
2024-10-14T01:01:00.000Z,2024-10-15T08:24:00.000Z,SELL,0.01,1,1,10.00,1,10800.00
2024-10-15T08:24:00.000Z,2024-10-15T10:26:00.000Z,BUY,0.01,1,1,10.00,1,10810.00
2024-10-15T10:26:00.000Z,2024-10-15T17:21:00.000Z,BUY,0.01,1,1,10.00,1,10820.00
2024-10-15T17:21:00.000Z,2024-10-16T09:04:00.000Z,BUY,0.01,1,1,10.00,1,10830.00
2024-10-16T09:04:00.000Z,2024-10-18T04:34:00.000Z,SELL,0.01,2,1,10.00,2,10840.00
2024-10-18T04:34:00.000Z,2024-10-21T05:59:00.000Z,SELL,0.01,2,1,10.00,2,10850.00
2024-10-21T05:59:00.000Z,2024-10-21T18:08:00.000Z,SELL,0.01,1,1,10.00,1,10860.00
2024-10-21T18:08:00.000Z,2024-10-23T08:22:00.000Z,SELL,0.01,2,1,10.00,2,10870.00
2024-10-23T08:22:00.000Z,2024-10-23T15:56:00.000Z,SELL,0.01,1,1,10.00,1,10880.00
2024-10-23T15:56:00.000Z,2024-10-23T17:10:00.000Z,SELL,0.01,1,1,10.00,1,10890.00
2024-10-23T17:10:00.000Z,2024-10-23T17:36:00.000Z,SELL,0.01,1,1,10.00,1,10900.00
2024-10-23T17:36:00.000Z,2024-10-23T18:14:00.000Z,SELL,0.01,1,1,10.00,1,10910.00
2024-10-23T18:14:00.000Z,2024-10-23T18:53:00.000Z,BUY,0.01,1,1,10.00,1,10920.00
2024-10-23T18:53:00.000Z,2024-10-24T09:13:00.000Z,BUY,0.01,1,1,10.00,1,10930.00
2024-10-24T09:13:00.000Z,2024-10-24T15:43:00.000Z,BUY,0.01,1,1,10.00,1,10940.00
2024-10-24T15:43:00.000Z,2024-10-24T16:52:00.000Z,SELL,0.01,1,1,10.00,1,10950.00
2024-10-24T16:52:00.000Z,2024-10-25T11:36:00.000Z,SELL,0.01,1,1,10.00,1,10960.00
2024-10-25T11:36:00.000Z,2024-10-25T15:49:00.000Z,BUY,0.01,1,1,10.00,1,10970.00
2024-10-25T15:49:00.000Z,2024-10-25T18:22:00.000Z,BUY,0.01,1,1,10.00,1,10980.00
2024-10-25T18:22:00.000Z,2024-10-29T03:37:00.000Z,BUY,0.01,1,1,10.00,1,10990.00
2024-10-29T03:37:00.000Z,2024-10-30T03:41:00.000Z,SELL,0.01,2,1,10.00,2,11000.00
2024-10-30T03:41:00.000Z,2024-10-31T15:01:00.000Z,SELL,0.01,1,1,10.00,1,11010.00
2024-10-31T15:01:00.000Z,2024-10-31T16:44:00.000Z,BUY,0.01,2,1,10.00,2,11020.00
2024-10-31T16:44:00.000Z,2024-11-01T05:42:00.000Z,BUY,0.01,1,1,10.00,1,11030.00
2024-11-01T05:42:00.000Z,2024-11-01T15:09:00.000Z,BUY,0.01,1,1,10.00,1,11040.00
2024-11-01T15:09:00.000Z,2024-11-04T01:03:00.000Z,BUY,0.01,2,1,10.00,2,11050.00
2024-11-04T01:03:00.000Z,2024-11-04T05:11:00.000Z,BUY,0.01,1,1,10.00,1,11060.00
2024-11-04T05:11:00.000Z,2024-11-06T08:34:00.000Z,BUY,0.01,2,1,10.00,2,11070.00
2024-11-06T08:34:00.000Z,2024-11-06T09:12:00.000Z,BUY,0.01,1,1,10.00,1,11080.00
2024-11-06T09:12:00.000Z,2024-11-06T09:19:00.000Z,BUY,0.01,1,1,10.00,1,11090.00
2024-11-06T09:19:00.000Z,2024-11-06T13:53:00.000Z,BUY,0.01,2,1,10.00,2,11100.00
2024-11-06T13:53:00.000Z,2024-11-06T15:30:00.000Z,BUY,0.01,2,1,10.00,2,11110.00
2024-11-06T15:30:00.000Z,2024-11-07T15:24:00.000Z,BUY,0.01,3,1,10.00,3,11120.00
2024-11-07T15:24:00.000Z,2024-11-07T16:40:00.000Z,BUY,0.01,1,1,10.00,1,11130.00
2024-11-07T16:40:00.000Z,2024-11-07T22:10:00.000Z,BUY,0.01,1,1,10.00,1,11140.00
2024-11-07T22:10:00.000Z,2024-11-08T08:07:00.000Z,SELL,0.01,1,1,10.00,1,11150.00
2024-11-08T08:07:00.000Z,2024-11-08T09:15:00.000Z,SELL,0.01,1,1,10.00,1,11160.00
2024-11-08T09:15:00.000Z,2024-11-11T03:58:00.000Z,SELL,0.01,3,1,10.00,3,11170.00
2024-11-11T03:58:00.000Z,2024-11-11T15:35:00.000Z,BUY,0.01,2,1,10.00,2,11180.00
2024-11-11T15:35:00.000Z,2024-11-11T19:26:00.000Z,BUY,0.01,2,1,10.00,2,11190.00
2024-11-11T19:26:00.000Z,2024-11-11T22:08:00.000Z,BUY,0.01,1,1,10.00,1,11200.00
2024-11-11T22:08:00.000Z,2024-11-12T11:09:00.000Z,BUY,0.01,2,1,10.00,2,11210.00
2024-11-12T11:09:00.000Z,2024-11-12T14:02:00.000Z,BUY,0.01,1,1,10.00,1,11220.00
2024-11-12T14:02:00.000Z,2024-11-12T15:24:00.000Z,BUY,0.01,1,1,10.00,1,11230.00
2024-11-12T15:24:00.000Z,2024-11-13T19:10:00.000Z,BUY,0.01,4,1,10.00,4,11240.00
2024-11-13T19:10:00.000Z,2024-11-14T08:47:00.000Z,BUY,0.01,2,1,10.00,2,11250.00
2024-11-14T08:47:00.000Z,2024-11-14T16:25:00.000Z,BUY,0.01,1,1,10.00,1,11260.00
2024-11-14T16:25:00.000Z,2024-11-14T18:18:00.000Z,BUY,0.01,1,1,10.00,1,11270.00
2024-11-14T18:18:00.000Z,2024-11-18T03:21:00.000Z,BUY,0.01,1,1,10.00,1,11280.00
2024-11-18T03:21:00.000Z,2024-11-18T18:00:00.000Z,SELL,0.01,2,1,10.00,2,11290.00
2024-11-18T18:00:00.000Z,2024-11-20T16:35:00.000Z,SELL,0.01,2,1,10.00,2,11300.00
2024-11-20T16:35:00.000Z,2024-11-21T13:23:00.000Z,SELL,0.01,2,1,10.00,2,11310.00
2024-11-21T13:23:00.000Z,2024-11-21T14:57:00.000Z,SELL,0.01,1,1,10.00,1,11320.00
2024-11-21T14:57:00.000Z,2024-11-22T08:56:00.000Z,SELL,0.01,2,1,10.00,2,11330.00
2024-11-22T08:56:00.000Z,2024-11-25T05:26:00.000Z,SELL,0.01,5,1,10.00,5,11340.00
2024-11-25T05:26:00.000Z,2024-11-25T05:28:00.000Z,SELL,0.01,1,1,10.00,1,11350.00
2024-11-25T05:28:00.000Z,2024-11-25T05:29:00.000Z,SELL,0.01,1,1,10.00,1,11360.00
2024-11-25T05:29:00.000Z,2024-11-25T16:16:00.000Z,SELL,0.01,3,1,10.00,3,11370.00
2024-11-25T16:16:00.000Z,2024-11-25T20:16:00.000Z,BUY,0.01,2,1,10.00,2,11380.00
2024-11-25T20:16:00.000Z,2024-11-26T12:35:00.000Z,BUY,0.01,1,1,10.00,1,11390.00
2024-11-26T12:35:00.000Z,2024-11-27T07:33:00.000Z,BUY,0.01,1,1,10.00,1,11400.00
2024-11-27T07:33:00.000Z,2024-11-28T03:01:00.000Z,SELL,0.01,1,1,10.00,1,11410.00
2024-11-28T03:01:00.000Z,2024-11-28T10:53:00.000Z,BUY,0.01,1,1,10.00,1,11420.00
2024-11-28T10:53:00.000Z,2024-11-29T04:12:00.000Z,BUY,0.01,1,1,10.00,1,11430.00
2024-11-29T04:12:00.000Z,2024-12-02T02:35:00.000Z,SELL,0.01,1,1,10.00,1,11440.00
2024-12-02T02:35:00.000Z,2024-12-02T02:43:00.000Z,SELL,0.01,1,1,10.00,1,11450.00
2024-12-02T02:43:00.000Z,2024-12-02T07:23:00.000Z,SELL,0.01,1,1,10.00,1,11460.00
2024-12-02T07:23:00.000Z,2024-12-02T09:39:00.000Z,BUY,0.01,1,1,10.00,1,11470.00
2024-12-02T09:39:00.000Z,2024-12-02T13:21:00.000Z,BUY,0.01,1,1,10.00,1,11480.00
2024-12-02T13:21:00.000Z,2024-12-03T15:55:00.000Z,BUY,0.01,1,1,10.00,1,11490.00
2024-12-03T15:55:00.000Z,2024-12-03T17:01:00.000Z,SELL,0.01,1,1,10.00,1,11500.00
2024-12-03T17:01:00.000Z,2024-12-04T15:04:00.000Z,SELL,0.01,1,1,10.00,1,11510.00
2024-12-04T15:04:00.000Z,2024-12-04T15:22:00.000Z,BUY,0.01,1,1,10.00,1,11520.00
2024-12-04T15:22:00.000Z,2024-12-04T16:29:00.000Z,BUY,0.01,1,1,10.00,1,11530.00
2024-12-04T16:29:00.000Z,2024-12-05T10:55:00.000Z,SELL,0.01,1,1,10.00,1,11540.00
2024-12-05T10:55:00.000Z,2024-12-05T17:41:00.000Z,SELL,0.01,1,1,10.00,1,11550.00
2024-12-05T17:41:00.000Z,2024-12-05T18:05:00.000Z,BUY,0.01,1,1,10.00,1,11560.00
2024-12-05T18:05:00.000Z,2024-12-06T03:10:00.000Z,BUY,0.01,2,1,10.00,2,11570.00
2024-12-06T03:10:00.000Z,2024-12-06T03:38:00.000Z,BUY,0.01,1,1,10.00,1,11580.00
2024-12-06T03:38:00.000Z,2024-12-06T05:23:00.000Z,BUY,0.01,1,1,10.00,1,11590.00
2024-12-06T05:23:00.000Z,2024-12-06T06:27:00.000Z,BUY,0.01,1,1,10.00,1,11600.00
2024-12-06T06:27:00.000Z,2024-12-09T11:20:00.000Z,BUY,0.01,1,1,10.00,1,11610.00
2024-12-09T11:20:00.000Z,2024-12-10T16:19:00.000Z,SELL,0.01,2,1,10.00,2,11620.00
2024-12-10T16:19:00.000Z,2024-12-11T17:36:00.000Z,SELL,0.01,4,1,10.00,4,11630.00
2024-12-11T17:36:00.000Z,2024-12-12T03:30:00.000Z,SELL,0.01,1,1,10.00,1,11640.00
2024-12-12T03:30:00.000Z,2024-12-12T16:10:00.000Z,SELL,0.01,1,1,10.00,1,11650.00
2024-12-12T16:10:00.000Z,2024-12-13T14:01:00.000Z,BUY,0.01,2,1,10.00,2,11660.00
2024-12-13T14:01:00.000Z,2024-12-17T16:13:00.000Z,BUY,0.01,2,1,10.00,2,11670.00
2024-12-17T16:13:00.000Z,2024-12-17T19:43:00.000Z,BUY,0.01,1,1,10.00,1,11680.00
2024-12-17T19:43:00.000Z,2024-12-18T21:47:00.000Z,BUY,0.01,2,1,10.00,2,11690.00
2024-12-18T21:47:00.000Z,2024-12-19T01:00:00.000Z,BUY,0.01,2,1,10.00,2,11700.00
2024-12-19T01:00:00.000Z,2024-12-19T02:33:00.000Z,BUY,0.01,1,1,10.00,1,11710.00
2024-12-19T02:33:00.000Z,2024-12-19T03:24:00.000Z,BUY,0.01,1,1,10.00,1,11720.00
2024-12-19T03:24:00.000Z,2024-12-19T03:42:00.000Z,BUY,0.01,1,1,10.00,1,11730.00
2024-12-19T03:42:00.000Z,2024-12-19T12:47:00.000Z,BUY,0.01,1,1,10.00,1,11740.00
2024-12-19T12:47:00.000Z,2024-12-19T16:44:00.000Z,BUY,0.01,2,1,10.00,2,11750.00
2024-12-19T16:44:00.000Z,2024-12-20T08:40:00.000Z,BUY,0.01,1,1,10.00,1,11760.00
2024-12-20T08:40:00.000Z,2024-12-20T16:13:00.000Z,BUY,0.01,1,1,10.00,1,11770.00
2024-12-20T16:13:00.000Z,2024-12-30T17:07:00.000Z,SELL,0.01,3,1,10.00,3,11780.00
2024-12-30T17:07:00.000Z,2024-12-31T10:23:00.000Z,BUY,0.01,1,1,10.00,1,11790.00
2024-12-31T10:23:00.000Z,2024-12-31T17:54:00.000Z,BUY,0.01,1,1,10.00,1,11800.00
2024-12-31T17:54:00.000Z,2025-01-02T17:52:00.000Z,SELL,0.01,2,1,10.00,2,11810.00
2025-01-02T17:52:00.000Z,2025-01-03T15:39:00.000Z,SELL,0.01,1,1,10.00,1,11820.00
2025-01-03T15:39:00.000Z,2025-01-06T06:52:00.000Z,SELL,0.01,1,1,10.00,1,11830.00
2025-01-06T06:52:00.000Z,2025-01-06T13:28:00.000Z,BUY,0.01,1,1,10.00,1,11840.00
2025-01-06T13:28:00.000Z,2025-01-06T16:18:00.000Z,BUY,0.01,2,1,10.00,2,11850.00
2025-01-06T16:18:00.000Z,2025-01-06T16:27:00.000Z,BUY,0.01,1,1,10.00,1,11860.00
2025-01-06T16:27:00.000Z,2025-01-06T17:06:00.000Z,BUY,0.01,1,1,10.00,1,11870.00
2025-01-06T17:06:00.000Z,2025-01-07T07:39:00.000Z,BUY,0.01,1,1,10.00,1,11880.00
2025-01-07T07:39:00.000Z,2025-01-07T15:16:00.000Z,BUY,0.01,1,1,10.00,1,11890.00
2025-01-07T15:16:00.000Z,2025-01-07T17:05:00.000Z,SELL,0.01,1,1,10.00,1,11900.00
2025-01-07T17:05:00.000Z,2025-01-09T15:21:00.000Z,SELL,0.01,2,1,10.00,2,11910.00
2025-01-09T15:21:00.000Z,2025-01-09T19:04:00.000Z,SELL,0.01,1,1,10.00,1,11920.00
2025-01-09T19:04:00.000Z,2025-01-10T17:29:00.000Z,SELL,0.01,2,1,10.00,2,11930.00
2025-01-10T17:29:00.000Z,2025-01-10T20:53:00.000Z,SELL,0.01,1,1,10.00,1,11940.00
2025-01-10T20:53:00.000Z,2025-01-13T14:00:00.000Z,SELL,0.01,1,1,10.00,1,11950.00
2025-01-13T14:00:00.000Z,2025-01-15T10:07:00.000Z,BUY,0.01,1,1,10.00,1,11960.00
2025-01-15T10:07:00.000Z,2025-01-16T15:45:00.000Z,SELL,0.01,2,1,10.00,2,11970.00
2025-01-16T15:45:00.000Z,2025-01-17T11:55:00.000Z,SELL,0.01,1,1,10.00,1,11980.00
2025-01-17T11:55:00.000Z,2025-01-20T01:23:00.000Z,SELL,0.01,1,1,10.00,1,11990.00
2025-01-20T01:23:00.000Z,2025-01-20T06:39:00.000Z,BUY,0.01,1,1,10.00,1,12000.00
2025-01-20T06:39:00.000Z,2025-01-21T03:42:00.000Z,BUY,0.01,1,1,10.00,1,12010.00
2025-01-21T03:42:00.000Z,2025-01-21T18:23:00.000Z,SELL,0.01,2,1,10.00,2,12020.00
2025-01-21T18:23:00.000Z,2025-01-24T04:56:00.000Z,SELL,0.01,2,1,10.00,2,12030.00
2025-01-24T04:56:00.000Z,2025-01-27T01:08:00.000Z,SELL,0.01,1,1,10.00,1,12040.00
2025-01-27T01:08:00.000Z,2025-01-27T04:21:00.000Z,SELL,0.01,1,1,10.00,1,12050.00
2025-01-27T04:21:00.000Z,2025-01-27T11:13:00.000Z,BUY,0.01,1,1,10.00,1,12060.00
2025-01-27T11:13:00.000Z,2025-01-27T18:51:00.000Z,BUY,0.01,2,1,10.00,2,12070.00
2025-01-27T18:51:00.000Z,2025-01-28T01:29:00.000Z,BUY,0.01,1,1,10.00,1,12080.00
2025-01-28T01:29:00.000Z,2025-01-28T16:30:00.000Z,BUY,0.01,1,1,10.00,1,12090.00
2025-01-28T16:30:00.000Z,2025-01-29T03:02:00.000Z,BUY,0.01,1,1,10.00,1,12100.00
2025-01-29T03:02:00.000Z,2025-01-29T15:17:00.000Z,SELL,0.01,1,1,10.00,1,12110.00
2025-01-29T15:17:00.000Z,2025-01-29T21:25:00.000Z,SELL,0.01,1,1,10.00,1,12120.00
2025-01-29T21:25:00.000Z,2025-01-29T21:40:00.000Z,BUY,0.01,1,1,10.00,1,12130.00
2025-01-29T21:40:00.000Z,2025-01-30T08:58:00.000Z,BUY,0.01,1,1,10.00,1,12140.00
2025-01-30T08:58:00.000Z,2025-01-30T17:55:00.000Z,SELL,0.01,2,1,10.00,2,12150.00
2025-01-30T17:55:00.000Z,2025-02-03T01:38:00.000Z,SELL,0.01,3,1,10.00,3,12160.00
2025-02-03T01:38:00.000Z,2025-02-03T04:39:00.000Z,SELL,0.01,1,1,10.00,1,12170.00
2025-02-03T04:39:00.000Z,2025-02-03T08:17:00.000Z,BUY,0.01,1,1,10.00,1,12180.00
2025-02-03T08:17:00.000Z,2025-02-03T10:22:00.000Z,BUY,0.01,1,1,10.00,1,12190.00
2025-02-03T10:22:00.000Z,2025-02-03T14:38:00.000Z,BUY,0.01,1,1,10.00,1,12200.00
2025-02-03T14:38:00.000Z,2025-02-04T15:30:00.000Z,SELL,0.01,2,1,10.00,2,12210.00
2025-02-04T15:30:00.000Z,2025-02-05T10:16:00.000Z,SELL,0.01,2,1,10.00,2,12220.00
2025-02-05T10:16:00.000Z,2025-02-06T09:46:00.000Z,SELL,0.01,1,1,10.00,1,12230.00
2025-02-06T09:46:00.000Z,2025-02-06T16:58:00.000Z,SELL,0.01,1,1,10.00,1,12240.00
2025-02-06T16:58:00.000Z,2025-02-06T22:06:00.000Z,BUY,0.01,1,1,10.00,1,12250.00
2025-02-06T22:06:00.000Z,2025-02-07T03:43:00.000Z,BUY,0.01,1,1,10.00,1,12260.00
2025-02-07T03:43:00.000Z,2025-02-07T16:37:00.000Z,BUY,0.01,1,1,10.00,1,12270.00
2025-02-07T16:37:00.000Z,2025-02-07T18:17:00.000Z,SELL,0.01,1,1,10.00,1,12280.00
2025-02-07T18:17:00.000Z,2025-02-07T19:32:00.000Z,SELL,0.01,1,1,10.00,1,12290.00
2025-02-07T19:32:00.000Z,2025-02-10T08:40:00.000Z,SELL,0.01,2,1,10.00,2,12300.00
2025-02-10T08:40:00.000Z,2025-02-11T01:34:00.000Z,SELL,0.01,2,1,10.00,2,12310.00
2025-02-11T01:34:00.000Z,2025-02-11T11:00:00.000Z,SELL,0.01,3,1,10.00,3,12320.00
2025-02-11T11:00:00.000Z,2025-02-11T14:50:00.000Z,SELL,0.01,1,1,10.00,1,12330.00
2025-02-11T14:50:00.000Z,2025-02-11T15:02:00.000Z,SELL,0.01,1,1,10.00,1,12340.00
2025-02-11T15:02:00.000Z,2025-02-11T15:39:00.000Z,BUY,0.01,1,1,10.00,1,12350.00
2025-02-11T15:39:00.000Z,2025-02-11T17:46:00.000Z,BUY,0.01,1,1,10.00,1,12360.00
2025-02-11T17:46:00.000Z,2025-02-12T15:18:00.000Z,BUY,0.01,2,1,10.00,2,12370.00
2025-02-12T15:18:00.000Z,2025-02-12T16:00:00.000Z,BUY,0.01,1,1,10.00,1,12380.00
2025-02-12T16:00:00.000Z,2025-02-12T16:27:00.000Z,BUY,0.01,1,1,10.00,1,12390.00
2025-02-12T16:27:00.000Z,2025-02-12T19:10:00.000Z,BUY,0.01,1,1,10.00,1,12400.00
2025-02-12T19:10:00.000Z,2025-02-13T05:26:00.000Z,BUY,0.01,1,1,10.00,1,12410.00
2025-02-13T05:26:00.000Z,2025-02-13T15:52:00.000Z,SELL,0.01,1,1,10.00,1,12420.00
2025-02-13T15:52:00.000Z,2025-02-14T08:43:00.000Z,SELL,0.01,2,1,10.00,2,12430.00
2025-02-14T08:43:00.000Z,2025-02-14T15:05:00.000Z,SELL,0.01,1,1,10.00,1,12440.00
2025-02-14T15:05:00.000Z,2025-02-14T16:01:00.000Z,SELL,0.01,1,1,10.00,1,12450.00
2025-02-14T16:01:00.000Z,2025-02-14T17:22:00.000Z,SELL,0.01,1,1,10.00,1,12460.00
2025-02-14T17:22:00.000Z,2025-02-14T17:32:00.000Z,SELL,0.01,1,1,10.00,1,12470.00
2025-02-14T17:32:00.000Z,2025-02-14T20:07:00.000Z,SELL,0.01,1,1,10.00,1,12480.00
2025-02-14T20:07:00.000Z,2025-02-17T03:37:00.000Z,BUY,0.01,1,1,10.00,1,12490.00
2025-02-17T03:37:00.000Z,2025-02-17T11:18:00.000Z,BUY,0.01,1,1,10.00,1,12500.00
2025-02-17T11:18:00.000Z,2025-02-18T14:40:00.000Z,BUY,0.01,1,1,10.00,1,12510.00
2025-02-18T14:40:00.000Z,2025-02-19T11:19:00.000Z,SELL,0.01,2,1,10.00,2,12520.00
2025-02-19T11:19:00.000Z,2025-02-19T13:59:00.000Z,SELL,0.01,1,1,10.00,1,12530.00
2025-02-19T13:59:00.000Z,2025-02-19T18:00:00.000Z,SELL,0.01,1,1,10.00,1,12540.00
2025-02-19T18:00:00.000Z,2025-02-24T10:52:00.000Z,SELL,0.01,5,0,-2420.00,5,10120.00
2025-02-24T10:52:00.000Z,2025-02-24T17:03:00.000Z,SELL,0.01,1,1,10.00,1,10130.00
2025-02-24T17:03:00.000Z,2025-02-25T14:44:00.000Z,SELL,0.01,1,1,10.00,1,10140.00
2025-02-25T14:44:00.000Z,2025-02-25T15:42:00.000Z,BUY,0.01,1,1,10.00,1,10150.00
2025-02-25T15:42:00.000Z,2025-02-25T17:31:00.000Z,BUY,0.01,2,1,10.00,2,10160.00
2025-02-25T17:31:00.000Z,2025-02-25T23:03:00.000Z,BUY,0.01,1,1,10.00,1,10170.00
2025-02-25T23:03:00.000Z,2025-02-26T02:15:00.000Z,BUY,0.01,1,1,10.00,1,10180.00
2025-02-26T02:15:00.000Z,2025-02-26T16:11:00.000Z,BUY,0.01,2,1,10.00,2,10190.00
2025-02-26T16:11:00.000Z,2025-02-26T17:09:00.000Z,BUY,0.01,1,1,10.00,1,10200.00
2025-02-26T17:09:00.000Z,2025-02-26T18:03:00.000Z,BUY,0.01,1,1,10.00,1,10210.00
2025-02-26T18:03:00.000Z,2025-02-27T10:11:00.000Z,BUY,0.01,2,1,10.00,2,10220.00
2025-02-27T10:11:00.000Z,2025-02-28T10:15:00.000Z,BUY,0.01,2,1,10.00,2,10230.00
2025-02-28T10:15:00.000Z,2025-03-03T01:01:00.000Z,BUY,0.01,3,1,10.00,3,10240.00
2025-03-03T01:01:00.000Z,2025-03-03T01:10:00.000Z,BUY,0.01,1,1,10.00,1,10250.00
2025-03-03T01:10:00.000Z,2025-03-03T17:23:00.000Z,BUY,0.01,1,1,10.00,1,10260.00
2025-03-03T17:23:00.000Z,2025-03-04T10:37:00.000Z,SELL,0.01,2,1,10.00,2,10270.00
2025-03-04T10:37:00.000Z,2025-03-04T16:58:00.000Z,SELL,0.01,1,1,10.00,1,10280.00
2025-03-04T16:58:00.000Z,2025-03-05T15:49:00.000Z,SELL,0.01,1,1,10.00,1,10290.00
2025-03-05T15:49:00.000Z,2025-03-05T18:17:00.000Z,SELL,0.01,2,1,10.00,2,10300.00
2025-03-05T18:17:00.000Z,2025-03-05T19:54:00.000Z,SELL,0.01,1,1,10.00,1,10310.00
2025-03-05T19:54:00.000Z,2025-03-06T10:13:00.000Z,SELL,0.01,1,1,10.00,1,10320.00
2025-03-06T10:13:00.000Z,2025-03-06T11:53:00.000Z,SELL,0.01,1,1,10.00,1,10330.00
2025-03-06T11:53:00.000Z,2025-03-06T13:31:00.000Z,BUY,0.01,1,1,10.00,1,10340.00
2025-03-06T13:31:00.000Z,2025-03-06T16:54:00.000Z,BUY,0.01,1,1,10.00,1,10350.00
2025-03-06T16:54:00.000Z,2025-03-07T15:37:00.000Z,BUY,0.01,3,1,10.00,3,10360.00
2025-03-07T15:37:00.000Z,2025-03-07T15:55:00.000Z,SELL,0.01,1,1,10.00,1,10370.00
2025-03-07T15:55:00.000Z,2025-03-07T16:01:00.000Z,SELL,0.01,1,1,10.00,1,10380.00
2025-03-07T16:01:00.000Z,2025-03-10T19:00:00.000Z,SELL,0.01,3,1,10.00,3,10390.00
2025-03-10T19:00:00.000Z,2025-03-11T10:17:00.000Z,BUY,0.01,1,1,10.00,1,10400.00
2025-03-11T10:17:00.000Z,2025-03-11T14:43:00.000Z,BUY,0.01,1,1,10.00,1,10410.00
2025-03-11T14:43:00.000Z,2025-03-13T04:55:00.000Z,SELL,0.01,2,1,10.00,2,10420.00
2025-03-13T04:55:00.000Z,2025-03-13T08:10:00.000Z,SELL,0.01,1,1,10.00,1,10430.00
2025-03-13T08:10:00.000Z,2025-03-13T16:44:00.000Z,SELL,0.01,2,1,10.00,2,10440.00
2025-03-13T16:44:00.000Z,2025-03-14T11:11:00.000Z,SELL,0.01,2,1,10.00,2,10450.00
2025-03-14T11:11:00.000Z,2025-03-14T15:37:00.000Z,SELL,0.01,1,1,10.00,1,10460.00
2025-03-14T15:37:00.000Z,2025-03-18T06:49:00.000Z,SELL,0.01,2,1,10.00,2,10470.00
2025-03-18T06:49:00.000Z,2025-03-19T07:57:00.000Z,SELL,0.01,2,1,10.00,2,10480.00
2025-03-19T07:57:00.000Z,2025-03-19T08:20:00.000Z,SELL,0.01,1,1,10.00,1,10490.00
2025-03-19T08:20:00.000Z,2025-03-19T11:00:00.000Z,SELL,0.01,1,1,10.00,1,10500.00
2025-03-19T11:00:00.000Z,2025-03-20T02:24:00.000Z,SELL,0.01,2,1,10.00,2,10510.00
2025-03-20T02:24:00.000Z,2025-03-20T09:21:00.000Z,SELL,0.01,1,1,10.00,1,10520.00
2025-03-20T09:21:00.000Z,2025-03-20T12:15:00.000Z,SELL,0.01,1,1,10.00,1,10530.00
2025-03-20T12:15:00.000Z,2025-03-21T07:42:00.000Z,SELL,0.01,1,1,10.00,1,10540.00
2025-03-21T07:42:00.000Z,2025-03-21T10:02:00.000Z,BUY,0.01,1,1,10.00,1,10550.00
2025-03-21T10:02:00.000Z,2025-03-21T16:03:00.000Z,BUY,0.01,2,1,10.00,2,10560.00
2025-03-21T16:03:00.000Z,2025-03-21T16:50:00.000Z,BUY,0.01,1,1,10.00,1,10570.00
2025-03-21T16:50:00.000Z,2025-03-24T00:01:00.000Z,BUY,0.01,1,1,10.00,1,10580.00
2025-03-24T00:01:00.000Z,2025-03-25T16:05:00.000Z,BUY,0.01,3,1,10.00,3,10590.00
2025-03-25T16:05:00.000Z,2025-03-25T17:09:00.000Z,SELL,0.01,1,1,10.00,1,10600.00
2025-03-25T17:09:00.000Z,2025-03-26T06:56:00.000Z,SELL,0.01,1,1,10.00,1,10610.00
2025-03-26T06:56:00.000Z,2025-03-27T12:07:00.000Z,SELL,0.01,2,1,10.00,2,10620.00
2025-03-27T12:07:00.000Z,2025-03-27T15:40:00.000Z,SELL,0.01,1,1,10.00,1,10630.00
2025-03-27T15:40:00.000Z,2025-03-28T03:05:00.000Z,SELL,0.01,2,1,10.00,2,10640.00
2025-03-28T03:05:00.000Z,2025-03-31T01:06:00.000Z,SELL,0.01,2,1,10.00,2,10650.00
2025-03-31T01:06:00.000Z,2025-03-31T03:27:00.000Z,SELL,0.01,1,1,10.00,1,10660.00
2025-03-31T03:27:00.000Z,2025-03-31T07:51:00.000Z,SELL,0.01,2,1,10.00,2,10670.00
2025-03-31T07:51:00.000Z,2025-03-31T16:45:00.000Z,SELL,0.01,1,1,10.00,1,10680.00
2025-03-31T16:45:00.000Z,2025-04-01T04:01:00.000Z,SELL,0.01,2,1,10.00,2,10690.00
2025-04-01T04:01:00.000Z,2025-04-01T18:42:00.000Z,SELL,0.01,1,1,10.00,1,10700.00
2025-04-01T18:42:00.000Z,2025-04-01T19:00:00.000Z,SELL,0.01,1,1,10.00,1,10710.00
2025-04-01T19:00:00.000Z,2025-04-01T19:17:00.000Z,SELL,0.01,1,1,10.00,1,10720.00
2025-04-01T19:17:00.000Z,2025-04-02T04:20:00.000Z,SELL,0.01,2,1,10.00,2,10730.00
2025-04-02T04:20:00.000Z,2025-04-02T23:13:00.000Z,BUY,0.01,5,0,-2420.00,5,8310.00
2025-04-02T23:13:00.000Z,2025-04-03T01:10:00.000Z,SELL,0.01,2,1,10.00,2,8320.00
2025-04-03T01:10:00.000Z,2025-04-03T01:28:00.000Z,SELL,0.01,1,1,10.00,1,8330.00
2025-04-03T01:28:00.000Z,2025-04-03T02:46:00.000Z,SELL,0.01,2,1,10.00,2,8340.00
2025-04-03T02:46:00.000Z,2025-04-03T03:10:00.000Z,SELL,0.01,1,1,10.00,1,8350.00
2025-04-03T03:10:00.000Z,2025-04-03T03:20:00.000Z,SELL,0.01,1,1,10.00,1,8360.00
2025-04-03T03:20:00.000Z,2025-04-03T08:16:00.000Z,SELL,0.01,3,1,10.00,3,8370.00
2025-04-03T08:16:00.000Z,2025-04-03T09:29:00.000Z,SELL,0.01,1,1,10.00,1,8380.00
2025-04-03T09:29:00.000Z,2025-04-03T13:17:00.000Z,SELL,0.01,1,1,10.00,1,8390.00
2025-04-03T13:17:00.000Z,2025-04-03T15:24:00.000Z,BUY,0.01,2,1,10.00,2,8400.00
2025-04-03T15:24:00.000Z,2025-04-03T16:45:00.000Z,BUY,0.01,3,1,10.00,3,8410.00
2025-04-03T16:45:00.000Z,2025-04-03T17:07:00.000Z,BUY,0.01,1,1,10.00,1,8420.00
2025-04-03T17:07:00.000Z,2025-04-03T17:13:00.000Z,BUY,0.01,1,1,10.00,1,8430.00
2025-04-03T17:13:00.000Z,2025-04-03T17:25:00.000Z,BUY,0.01,1,1,10.00,1,8440.00
2025-04-03T17:25:00.000Z,2025-04-03T17:49:00.000Z,BUY,0.01,1,1,10.00,1,8450.00
2025-04-03T17:49:00.000Z,2025-04-03T19:23:00.000Z,BUY,0.01,2,1,10.00,2,8460.00
2025-04-03T19:23:00.000Z,2025-04-03T23:38:00.000Z,BUY,0.01,1,1,10.00,1,8470.00
2025-04-03T23:38:00.000Z,2025-04-04T11:21:00.000Z,BUY,0.01,2,1,10.00,2,8480.00
2025-04-04T11:21:00.000Z,2025-04-04T12:22:00.000Z,BUY,0.01,1,1,10.00,1,8490.00
2025-04-04T12:22:00.000Z,2025-04-04T13:28:00.000Z,BUY,0.01,1,1,10.00,1,8500.00
2025-04-04T13:28:00.000Z,2025-04-04T13:34:00.000Z,BUY,0.01,1,1,10.00,1,8510.00
2025-04-04T13:34:00.000Z,2025-04-04T14:09:00.000Z,BUY,0.01,1,1,10.00,1,8520.00
2025-04-04T14:09:00.000Z,2025-04-04T14:12:00.000Z,BUY,0.01,1,1,10.00,1,8530.00
2025-04-04T14:12:00.000Z,2025-04-04T14:45:00.000Z,BUY,0.01,2,1,10.00,2,8540.00
2025-04-04T14:45:00.000Z,2025-04-04T15:41:00.000Z,BUY,0.01,2,1,10.00,2,8550.00
2025-04-04T15:41:00.000Z,2025-04-04T15:44:00.000Z,BUY,0.01,1,1,10.00,1,8560.00
2025-04-04T15:44:00.000Z,2025-04-04T17:01:00.000Z,BUY,0.01,2,1,10.00,2,8570.00
2025-04-04T17:01:00.000Z,2025-04-04T18:28:00.000Z,BUY,0.01,2,1,10.00,2,8580.00
2025-04-04T18:28:00.000Z,2025-04-04T18:31:00.000Z,BUY,0.01,1,1,10.00,1,8590.00
2025-04-04T18:31:00.000Z,2025-04-07T01:06:00.000Z,BUY,0.01,4,1,10.00,4,8600.00
2025-04-07T01:06:00.000Z,2025-04-07T01:06:00.000Z,BUY,0.01,1,1,10.00,1,8610.00
2025-04-07T01:06:00.000Z,2025-04-07T01:06:00.000Z,BUY,0.01,2,1,10.00,2,8620.00
2025-04-07T01:06:00.000Z,2025-04-07T01:06:00.000Z,BUY,0.01,1,1,10.00,1,8630.00
2025-04-07T01:06:00.000Z,2025-04-07T01:06:00.000Z,BUY,0.01,1,1,10.00,1,8640.00
2025-04-07T01:06:00.000Z,2025-04-07T01:07:00.000Z,BUY,0.01,1,1,10.00,1,8650.00
2025-04-07T01:07:00.000Z,2025-04-07T01:12:00.000Z,BUY,0.01,1,1,10.00,1,8660.00
2025-04-07T01:12:00.000Z,2025-04-07T02:21:00.000Z,BUY,0.01,2,1,10.00,2,8670.00
2025-04-07T02:21:00.000Z,2025-04-07T03:00:00.000Z,BUY,0.01,1,1,10.00,1,8680.00
2025-04-07T03:00:00.000Z,2025-04-07T03:10:00.000Z,BUY,0.01,2,1,10.00,2,8690.00
2025-04-07T03:10:00.000Z,2025-04-07T03:10:00.000Z,BUY,0.01,1,1,10.00,1,8700.00
2025-04-07T03:10:00.000Z,2025-04-07T04:10:00.000Z,BUY,0.01,1,1,10.00,1,8710.00
2025-04-07T04:10:00.000Z,2025-04-07T04:13:00.000Z,BUY,0.01,1,1,10.00,1,8720.00
2025-04-07T04:13:00.000Z,2025-04-07T04:24:00.000Z,BUY,0.01,1,1,10.00,1,8730.00
2025-04-07T04:24:00.000Z,2025-04-07T04:32:00.000Z,BUY,0.01,1,1,10.00,1,8740.00
2025-04-07T04:32:00.000Z,2025-04-07T04:39:00.000Z,BUY,0.01,1,1,10.00,1,8750.00
2025-04-07T04:39:00.000Z,2025-04-07T04:39:00.000Z,BUY,0.01,1,1,10.00,1,8760.00
2025-04-07T04:39:00.000Z,2025-04-07T06:55:00.000Z,BUY,0.01,2,1,10.00,2,8770.00
2025-04-07T06:55:00.000Z,2025-04-07T07:11:00.000Z,BUY,0.01,1,1,10.00,1,8780.00
2025-04-07T07:11:00.000Z,2025-04-07T08:20:00.000Z,BUY,0.01,1,1,10.00,1,8790.00
2025-04-07T08:20:00.000Z,2025-04-07T16:35:00.000Z,BUY,0.01,4,1,10.00,4,8800.00
2025-04-07T16:35:00.000Z,2025-04-07T16:58:00.000Z,BUY,0.01,1,1,10.00,1,8810.00
2025-04-07T16:58:00.000Z,2025-04-07T17:12:00.000Z,BUY,0.01,1,1,10.00,1,8820.00
2025-04-07T17:12:00.000Z,2025-04-07T17:37:00.000Z,BUY,0.01,2,1,10.00,2,8830.00
2025-04-07T17:37:00.000Z,2025-04-07T17:45:00.000Z,BUY,0.01,1,1,10.00,1,8840.00
2025-04-07T17:45:00.000Z,2025-04-07T19:11:00.000Z,BUY,0.01,2,1,10.00,2,8850.00
2025-04-07T19:11:00.000Z,2025-04-08T03:30:00.000Z,BUY,0.01,3,1,10.00,3,8860.00
2025-04-08T03:30:00.000Z,2025-04-08T04:11:00.000Z,BUY,0.01,1,1,10.00,1,8870.00
2025-04-08T04:11:00.000Z,2025-04-08T09:20:00.000Z,BUY,0.01,1,1,10.00,1,8880.00
2025-04-08T09:20:00.000Z,2025-04-08T16:13:00.000Z,BUY,0.01,1,1,10.00,1,8890.00
2025-04-08T16:13:00.000Z,2025-04-08T16:36:00.000Z,SELL,0.01,1,1,10.00,1,8900.00
2025-04-08T16:36:00.000Z,2025-04-08T19:01:00.000Z,SELL,0.01,1,1,10.00,1,8910.00
2025-04-08T19:01:00.000Z,2025-04-08T19:39:00.000Z,SELL,0.01,1,1,10.00,1,8920.00
2025-04-08T19:39:00.000Z,2025-04-08T20:12:00.000Z,SELL,0.01,1,1,10.00,1,8930.00
2025-04-08T20:12:00.000Z,2025-04-08T21:30:00.000Z,BUY,0.01,1,1,10.00,1,8940.00
2025-04-08T21:30:00.000Z,2025-04-09T04:38:00.000Z,BUY,0.01,1,1,10.00,1,8950.00
2025-04-09T04:38:00.000Z,2025-04-09T05:00:00.000Z,BUY,0.01,1,1,10.00,1,8960.00
2025-04-09T05:00:00.000Z,2025-04-09T08:15:00.000Z,BUY,0.01,1,1,10.00,1,8970.00
2025-04-09T08:15:00.000Z,2025-04-09T10:11:00.000Z,SELL,0.01,2,1,10.00,2,8980.00
2025-04-09T10:11:00.000Z,2025-04-09T10:59:00.000Z,SELL,0.01,1,1,10.00,1,8990.00
2025-04-09T10:59:00.000Z,2025-04-09T15:00:00.000Z,SELL,0.01,2,1,10.00,2,9000.00
2025-04-09T15:00:00.000Z,2025-04-09T15:11:00.000Z,SELL,0.01,1,1,10.00,1,9010.00
2025-04-09T15:11:00.000Z,2025-04-09T15:25:00.000Z,SELL,0.01,1,1,10.00,1,9020.00
2025-04-09T15:25:00.000Z,2025-04-09T17:16:00.000Z,SELL,0.01,2,1,10.00,2,9030.00
2025-04-09T17:16:00.000Z,2025-04-09T18:00:00.000Z,SELL,0.01,1,1,10.00,1,9040.00
2025-04-09T18:00:00.000Z,2025-04-09T20:30:00.000Z,SELL,0.01,3,1,10.00,3,9050.00
2025-04-09T20:30:00.000Z,2025-04-09T21:15:00.000Z,SELL,0.01,1,1,10.00,1,9060.00
2025-04-09T21:15:00.000Z,2025-04-09T22:05:00.000Z,SELL,0.01,2,1,10.00,2,9070.00
2025-04-09T22:05:00.000Z,2025-04-10T05:01:00.000Z,SELL,0.01,5,0,-2420.00,5,6650.00
2025-04-10T05:01:00.000Z,2025-04-10T06:21:00.000Z,SELL,0.01,2,1,10.00,2,6660.00
2025-04-10T06:21:00.000Z,2025-04-10T08:38:00.000Z,SELL,0.01,1,1,10.00,1,6670.00
2025-04-10T08:38:00.000Z,2025-04-10T10:38:00.000Z,SELL,0.01,1,1,10.00,1,6680.00
2025-04-10T10:38:00.000Z,2025-04-10T17:07:00.000Z,SELL,0.01,2,1,10.00,2,6690.00
2025-04-10T17:07:00.000Z,2025-04-10T18:28:00.000Z,SELL,0.01,2,1,10.00,2,6700.00
2025-04-10T18:28:00.000Z,2025-04-10T18:57:00.000Z,SELL,0.01,1,1,10.00,1,6710.00
2025-04-10T18:57:00.000Z,2025-04-11T01:33:00.000Z,SELL,0.01,2,1,10.00,2,6720.00
2025-04-11T01:33:00.000Z,2025-04-11T04:06:00.000Z,SELL,0.01,2,1,10.00,2,6730.00
2025-04-11T04:06:00.000Z,2025-04-11T04:17:00.000Z,SELL,0.01,1,1,10.00,1,6740.00
2025-04-11T04:17:00.000Z,2025-04-11T08:43:00.000Z,SELL,0.01,1,1,10.00,1,6750.00
2025-04-11T08:43:00.000Z,2025-04-11T11:23:00.000Z,SELL,0.01,2,1,10.00,2,6760.00
2025-04-11T11:23:00.000Z,2025-04-11T11:31:00.000Z,SELL,0.01,1,1,10.00,1,6770.00
2025-04-11T11:31:00.000Z,2025-04-14T04:36:00.000Z,SELL,0.01,5,0,-2420.00,5,4350.00
2025-04-14T04:36:00.000Z,2025-04-14T07:55:00.000Z,SELL,0.01,1,1,10.00,1,4360.00
2025-04-14T07:55:00.000Z,2025-04-14T13:20:00.000Z,SELL,0.01,1,1,10.00,1,4370.00
2025-04-14T13:20:00.000Z,2025-04-14T15:40:00.000Z,SELL,0.01,1,1,10.00,1,4380.00
2025-04-14T15:40:00.000Z,2025-04-14T16:13:00.000Z,SELL,0.01,1,1,10.00,1,4390.00
2025-04-14T16:13:00.000Z,2025-04-14T16:41:00.000Z,BUY,0.01,1,1,10.00,1,4400.00
2025-04-14T16:41:00.000Z,2025-04-14T20:38:00.000Z,BUY,0.01,1,1,10.00,1,4410.00
2025-04-14T20:38:00.000Z,2025-04-15T06:01:00.000Z,BUY,0.01,1,1,10.00,1,4420.00
2025-04-15T06:01:00.000Z,2025-04-15T15:25:00.000Z,SELL,0.01,1,1,10.00,1,4430.00
2025-04-15T15:25:00.000Z,2025-04-16T02:37:00.000Z,SELL,0.01,2,1,10.00,2,4440.00
2025-04-16T02:37:00.000Z,2025-04-16T06:30:00.000Z,SELL,0.01,2,1,10.00,2,4450.00
2025-04-16T06:30:00.000Z,2025-04-16T11:04:00.000Z,SELL,0.01,2,1,10.00,2,4460.00
2025-04-16T11:04:00.000Z,2025-04-16T11:30:00.000Z,SELL,0.01,1,1,10.00,1,4470.00
2025-04-16T11:30:00.000Z,2025-04-16T18:52:00.000Z,SELL,0.01,2,1,10.00,2,4480.00
2025-04-16T18:52:00.000Z,2025-04-17T01:20:00.000Z,SELL,0.01,2,1,10.00,2,4490.00
2025-04-17T01:20:00.000Z,2025-04-17T03:03:00.000Z,SELL,0.01,1,1,10.00,1,4500.00
2025-04-17T03:03:00.000Z,2025-04-17T04:31:00.000Z,SELL,0.01,1,1,10.00,1,4510.00
2025-04-17T04:31:00.000Z,2025-04-17T04:51:00.000Z,SELL,0.01,1,1,10.00,1,4520.00
2025-04-17T04:51:00.000Z,2025-04-17T10:17:00.000Z,SELL,0.01,3,1,10.00,3,4530.00
2025-04-17T10:17:00.000Z,2025-04-17T17:27:00.000Z,SELL,0.01,3,1,10.00,3,4540.00
2025-04-17T17:27:00.000Z,2025-04-17T17:32:00.000Z,SELL,0.01,1,1,10.00,1,4550.00
2025-04-17T17:32:00.000Z,2025-04-17T17:36:00.000Z,SELL,0.01,1,1,10.00,1,4560.00
2025-04-17T17:36:00.000Z,2025-04-17T19:48:00.000Z,SELL,0.01,2,1,10.00,2,4570.00
2025-04-17T19:48:00.000Z,2025-04-17T23:28:00.000Z,BUY,0.01,1,1,10.00,1,4580.00
2025-04-17T23:28:00.000Z,2025-04-21T01:02:00.000Z,BUY,0.01,1,1,10.00,1,4590.00
2025-04-21T01:02:00.000Z,2025-04-21T01:17:00.000Z,BUY,0.01,1,1,10.00,1,4600.00
2025-04-21T01:17:00.000Z,2025-04-21T03:12:00.000Z,BUY,0.01,1,1,10.00,1,4610.00
2025-04-21T03:12:00.000Z,2025-04-21T08:06:00.000Z,SELL,0.01,2,1,10.00,2,4620.00
2025-04-21T08:06:00.000Z,2025-04-21T15:58:00.000Z,SELL,0.01,2,1,10.00,2,4630.00
2025-04-21T15:58:00.000Z,2025-04-22T04:36:00.000Z,SELL,0.01,4,1,10.00,4,4640.00
2025-04-22T04:36:00.000Z,2025-04-22T05:57:00.000Z,SELL,0.01,2,1,10.00,2,4650.00
2025-04-22T05:57:00.000Z,2025-04-22T10:13:00.000Z,SELL,0.01,3,1,10.00,3,4660.00
2025-04-22T10:13:00.000Z,2025-04-22T11:37:00.000Z,SELL,0.01,1,1,10.00,1,4670.00
2025-04-22T11:37:00.000Z,2025-04-22T11:55:00.000Z,SELL,0.01,1,1,10.00,1,4680.00
2025-04-22T11:55:00.000Z,2025-04-22T15:50:00.000Z,SELL,0.01,3,1,10.00,3,4690.00
2025-04-22T15:50:00.000Z,2025-04-22T16:05:00.000Z,SELL,0.01,1,1,10.00,1,4700.00
2025-04-22T16:05:00.000Z,2025-04-22T16:44:00.000Z,SELL,0.01,3,1,10.00,3,4710.00
2025-04-22T16:44:00.000Z,2025-04-22T19:16:00.000Z,SELL,0.01,3,1,10.00,3,4720.00
2025-04-22T19:16:00.000Z,2025-04-22T19:21:00.000Z,SELL,0.01,1,1,10.00,1,4730.00
2025-04-22T19:21:00.000Z,2025-04-22T19:31:00.000Z,SELL,0.01,1,1,10.00,1,4740.00
2025-04-22T19:31:00.000Z,2025-04-22T19:38:00.000Z,SELL,0.01,1,1,10.00,1,4750.00
2025-04-22T19:38:00.000Z,2025-04-22T20:16:00.000Z,SELL,0.01,2,1,10.00,2,4760.00
2025-04-22T20:16:00.000Z,2025-04-22T22:31:00.000Z,BUY,0.01,2,1,10.00,2,4770.00
2025-04-22T22:31:00.000Z,2025-04-23T01:00:00.000Z,BUY,0.01,2,1,10.00,2,4780.00
2025-04-23T01:00:00.000Z,2025-04-23T01:00:00.000Z,BUY,0.01,2,1,10.00,2,4790.00
2025-04-23T01:00:00.000Z,2025-04-23T01:00:00.000Z,BUY,0.01,1,1,10.00,1,4800.00
2025-04-23T01:00:00.000Z,2025-04-23T01:00:00.000Z,BUY,0.01,1,1,10.00,1,4810.00
2025-04-23T01:00:00.000Z,2025-04-23T01:00:00.000Z,BUY,0.01,1,1,10.00,1,4820.00
2025-04-23T01:00:00.000Z,2025-04-23T01:28:00.000Z,BUY,0.01,5,0,-2420.00,5,2400.00
2025-04-23T01:28:00.000Z,2025-04-23T02:03:00.000Z,BUY,0.01,1,1,10.00,1,2410.00
2025-04-23T02:03:00.000Z,2025-04-23T02:16:00.000Z,BUY,0.01,1,1,10.00,1,2420.00
2025-04-23T02:16:00.000Z,2025-04-23T03:32:00.000Z,BUY,0.01,1,1,10.00,1,2430.00
2025-04-23T03:32:00.000Z,2025-04-23T03:52:00.000Z,BUY,0.01,1,1,10.00,1,2440.00
2025-04-23T03:52:00.000Z,2025-04-23T04:00:00.000Z,BUY,0.01,1,1,10.00,1,2450.00
2025-04-23T04:00:00.000Z,2025-04-23T04:44:00.000Z,BUY,0.01,1,1,10.00,1,2460.00
2025-04-23T04:44:00.000Z,2025-04-23T05:56:00.000Z,BUY,0.01,2,1,10.00,2,2470.00
2025-04-23T05:56:00.000Z,2025-04-23T08:40:00.000Z,BUY,0.01,2,1,10.00,2,2480.00
2025-04-23T08:40:00.000Z,2025-04-23T09:55:00.000Z,BUY,0.01,2,1,10.00,2,2490.00
2025-04-23T09:55:00.000Z,2025-04-23T10:02:00.000Z,BUY,0.01,1,1,10.00,1,2500.00
2025-04-23T10:02:00.000Z,2025-04-23T10:42:00.000Z,BUY,0.01,1,1,10.00,1,2510.00
2025-04-23T10:42:00.000Z,2025-04-23T12:04:00.000Z,BUY,0.01,1,1,10.00,1,2520.00
2025-04-23T12:04:00.000Z,2025-04-23T12:19:00.000Z,BUY,0.01,1,1,10.00,1,2530.00
2025-04-23T12:19:00.000Z,2025-04-23T16:04:00.000Z,BUY,0.01,2,1,10.00,2,2540.00
2025-04-23T16:04:00.000Z,2025-04-23T16:50:00.000Z,BUY,0.01,2,1,10.00,2,2550.00
2025-04-23T16:50:00.000Z,2025-04-23T17:44:00.000Z,BUY,0.01,1,1,10.00,1,2560.00
2025-04-23T17:44:00.000Z,2025-04-23T19:38:00.000Z,BUY,0.01,1,1,10.00,1,2570.00
2025-04-23T19:38:00.000Z,2025-04-24T01:05:00.000Z,BUY,0.01,1,1,10.00,1,2580.00
2025-04-24T01:05:00.000Z,2025-04-24T03:09:00.000Z,BUY,0.01,1,1,10.00,1,2590.00
2025-04-24T03:09:00.000Z,2025-04-24T03:26:00.000Z,BUY,0.01,1,1,10.00,1,2600.00
2025-04-24T03:26:00.000Z,2025-04-24T03:33:00.000Z,BUY,0.01,1,1,10.00,1,2610.00
2025-04-24T03:33:00.000Z,2025-04-24T04:14:00.000Z,BUY,0.01,1,1,10.00,1,2620.00
2025-04-24T04:14:00.000Z,2025-04-24T04:18:00.000Z,BUY,0.01,1,1,10.00,1,2630.00
2025-04-24T04:18:00.000Z,2025-04-24T06:24:00.000Z,BUY,0.01,2,1,10.00,2,2640.00
2025-04-24T06:24:00.000Z,2025-04-24T10:08:00.000Z,BUY,0.01,1,1,10.00,1,2650.00
2025-04-24T10:08:00.000Z,2025-04-24T10:22:00.000Z,SELL,0.01,1,1,10.00,1,2660.00
2025-04-24T10:22:00.000Z,2025-04-24T16:44:00.000Z,SELL,0.01,1,1,10.00,1,2670.00
2025-04-24T16:44:00.000Z,2025-04-24T17:06:00.000Z,SELL,0.01,1,1,10.00,1,2680.00
2025-04-24T17:06:00.000Z,2025-04-24T20:30:00.000Z,SELL,0.01,2,1,10.00,2,2690.00
2025-04-24T20:30:00.000Z,2025-04-25T01:30:00.000Z,SELL,0.01,2,1,10.00,2,2700.00
2025-04-25T01:30:00.000Z,2025-04-25T02:21:00.000Z,SELL,0.01,1,1,10.00,1,2710.00
2025-04-25T02:21:00.000Z,2025-04-25T02:58:00.000Z,SELL,0.01,1,1,10.00,1,2720.00
2025-04-25T02:58:00.000Z,2025-04-25T06:52:00.000Z,SELL,0.01,1,1,10.00,1,2730.00
2025-04-25T06:52:00.000Z,2025-04-25T06:59:00.000Z,SELL,0.01,1,1,10.00,1,2740.00
2025-04-25T06:59:00.000Z,2025-04-25T07:32:00.000Z,SELL,0.01,1,1,10.00,1,2750.00
2025-04-25T07:32:00.000Z,2025-04-25T08:45:00.000Z,SELL,0.01,1,1,10.00,1,2760.00
2025-04-25T08:45:00.000Z,2025-04-25T08:54:00.000Z,SELL,0.01,1,1,10.00,1,2770.00
2025-04-25T08:54:00.000Z,2025-04-25T16:01:00.000Z,SELL,0.01,1,1,10.00,1,2780.00
2025-04-25T16:01:00.000Z,2025-04-25T21:06:00.000Z,BUY,0.01,3,1,10.00,3,2790.00
2025-04-25T21:06:00.000Z,2025-04-25T22:43:00.000Z,BUY,0.01,1,1,10.00,1,2800.00
2025-04-25T22:43:00.000Z,2025-04-25T23:55:00.000Z,BUY,0.01,1,1,10.00,1,2810.00
2025-04-25T23:55:00.000Z,2025-04-28T01:00:00.000Z,BUY,0.01,1,1,10.00,1,2820.00
2025-04-28T01:00:00.000Z,2025-04-28T01:00:00.000Z,BUY,0.01,1,1,10.00,1,2830.00
2025-04-28T01:00:00.000Z,2025-04-28T02:15:00.000Z,BUY,0.01,2,1,10.00,2,2840.00
2025-04-28T02:15:00.000Z,2025-04-28T05:02:00.000Z,BUY,0.01,2,1,10.00,2,2850.00
2025-04-28T05:02:00.000Z,2025-04-28T06:15:00.000Z,BUY,0.01,1,1,10.00,1,2860.00
2025-04-28T06:15:00.000Z,2025-04-28T07:47:00.000Z,BUY,0.01,1,1,10.00,1,2870.00
2025-04-28T07:47:00.000Z,2025-04-28T17:18:00.000Z,BUY,0.01,3,1,10.00,3,2880.00
2025-04-28T17:18:00.000Z,2025-04-28T17:30:00.000Z,BUY,0.01,1,1,10.00,1,2890.00
2025-04-28T17:30:00.000Z,2025-04-28T17:40:00.000Z,BUY,0.01,1,1,10.00,1,2900.00
2025-04-28T17:40:00.000Z,2025-04-28T19:37:00.000Z,BUY,0.01,1,1,10.00,1,2910.00
2025-04-28T19:37:00.000Z,2025-04-29T03:54:00.000Z,SELL,0.01,1,1,10.00,1,2920.00
2025-04-29T03:54:00.000Z,2025-04-29T06:05:00.000Z,SELL,0.01,1,1,10.00,1,2930.00
2025-04-29T06:05:00.000Z,2025-04-29T07:56:00.000Z,SELL,0.01,1,1,10.00,1,2940.00
2025-04-29T07:56:00.000Z,2025-04-30T11:11:00.000Z,SELL,0.01,3,1,10.00,3,2950.00
2025-04-30T11:11:00.000Z,2025-04-30T15:05:00.000Z,BUY,0.01,2,1,10.00,2,2960.00
2025-04-30T15:05:00.000Z,2025-04-30T15:15:00.000Z,BUY,0.01,1,1,10.00,1,2970.00
2025-04-30T15:15:00.000Z,2025-04-30T15:21:00.000Z,BUY,0.01,1,1,10.00,1,2980.00
2025-04-30T15:21:00.000Z,2025-04-30T15:46:00.000Z,BUY,0.01,1,1,10.00,1,2990.00
2025-04-30T15:46:00.000Z,2025-04-30T16:14:00.000Z,BUY,0.01,1,1,10.00,1,3000.00
2025-04-30T16:14:00.000Z,2025-04-30T16:39:00.000Z,BUY,0.01,1,1,10.00,1,3010.00
2025-04-30T16:39:00.000Z,2025-04-30T23:32:00.000Z,BUY,0.01,2,1,10.00,2,3020.00
2025-04-30T23:32:00.000Z,2025-05-01T03:24:00.000Z,BUY,0.01,2,1,10.00,2,3030.00
2025-05-01T03:24:00.000Z,2025-05-01T07:02:00.000Z,BUY,0.01,2,1,10.00,2,3040.00
2025-05-01T07:02:00.000Z,2025-05-01T09:03:00.000Z,BUY,0.01,1,1,10.00,1,3050.00
2025-05-01T09:03:00.000Z,2025-05-01T14:49:00.000Z,BUY,0.01,2,1,10.00,2,3060.00
2025-05-01T14:49:00.000Z,2025-05-01T15:28:00.000Z,BUY,0.01,1,1,10.00,1,3070.00
2025-05-01T15:28:00.000Z,2025-05-01T15:46:00.000Z,BUY,0.01,1,1,10.00,1,3080.00
2025-05-01T15:46:00.000Z,2025-05-01T23:45:00.000Z,BUY,0.01,3,1,10.00,3,3090.00
2025-05-01T23:45:00.000Z,2025-05-02T06:07:00.000Z,BUY,0.01,1,1,10.00,1,3100.00
2025-05-02T06:07:00.000Z,2025-05-02T09:20:00.000Z,BUY,0.01,1,1,10.00,1,3110.00
2025-05-02T09:20:00.000Z,2025-05-02T09:46:00.000Z,SELL,0.01,1,1,10.00,1,3120.00
2025-05-02T09:46:00.000Z,2025-05-02T16:08:00.000Z,SELL,0.01,1,1,10.00,1,3130.00
2025-05-02T16:08:00.000Z,2025-05-02T19:00:00.000Z,SELL,0.01,3,1,10.00,3,3140.00
2025-05-02T19:00:00.000Z,2025-05-05T04:15:00.000Z,SELL,0.01,2,1,10.00,2,3150.00
2025-05-05T04:15:00.000Z,2025-05-05T04:31:00.000Z,BUY,0.01,1,1,10.00,1,3160.00
2025-05-05T04:31:00.000Z,2025-05-05T11:51:00.000Z,BUY,0.01,1,1,10.00,1,3170.00
2025-05-05T11:51:00.000Z,2025-05-05T13:00:00.000Z,SELL,0.01,2,1,10.00,2,3180.00
2025-05-05T13:00:00.000Z,2025-05-06T04:01:00.000Z,SELL,0.01,2,1,10.00,2,3190.00
2025-05-06T04:01:00.000Z,2025-05-06T04:39:00.000Z,SELL,0.01,2,1,10.00,2,3200.00
2025-05-06T04:39:00.000Z,2025-05-06T05:49:00.000Z,SELL,0.01,1,1,10.00,1,3210.00
2025-05-06T05:49:00.000Z,2025-05-06T15:40:00.000Z,SELL,0.01,2,1,10.00,2,3220.00
2025-05-06T15:40:00.000Z,2025-05-06T17:44:00.000Z,SELL,0.01,1,1,10.00,1,3230.00
2025-05-06T17:44:00.000Z,2025-05-06T19:46:00.000Z,SELL,0.01,2,1,10.00,2,3240.00
2025-05-06T19:46:00.000Z,2025-05-07T01:09:00.000Z,SELL,0.01,3,1,10.00,3,3250.00
2025-05-07T01:09:00.000Z,2025-05-07T01:28:00.000Z,SELL,0.01,1,1,10.00,1,3260.00
2025-05-07T01:28:00.000Z,2025-05-07T02:00:00.000Z,SELL,0.01,1,1,10.00,1,3270.00
2025-05-07T02:00:00.000Z,2025-05-07T03:44:00.000Z,SELL,0.01,3,1,10.00,3,3280.00
2025-05-07T03:44:00.000Z,2025-05-08T04:51:00.000Z,SELL,0.01,4,1,10.00,4,3290.00
2025-05-08T04:51:00.000Z,2025-05-08T04:58:00.000Z,BUY,0.01,1,1,10.00,1,3300.00
2025-05-08T04:58:00.000Z,2025-05-08T08:10:00.000Z,BUY,0.01,2,1,10.00,2,3310.00
2025-05-08T08:10:00.000Z,2025-05-08T08:52:00.000Z,SELL,0.01,1,1,10.00,1,3320.00
2025-05-08T08:52:00.000Z,2025-05-08T08:59:00.000Z,SELL,0.01,1,1,10.00,1,3330.00
2025-05-08T08:59:00.000Z,2025-05-08T09:14:00.000Z,SELL,0.01,1,1,10.00,1,3340.00
2025-05-08T09:14:00.000Z,2025-05-08T15:40:00.000Z,BUY,0.01,3,1,10.00,3,3350.00
2025-05-08T15:40:00.000Z,2025-05-08T16:35:00.000Z,BUY,0.01,1,1,10.00,1,3360.00
2025-05-08T16:35:00.000Z,2025-05-08T18:41:00.000Z,BUY,0.01,2,1,10.00,2,3370.00
2025-05-08T18:41:00.000Z,2025-05-08T19:19:00.000Z,BUY,0.01,2,1,10.00,2,3380.00
2025-05-08T19:19:00.000Z,2025-05-09T01:33:00.000Z,BUY,0.01,1,1,10.00,1,3390.00
2025-05-09T01:33:00.000Z,2025-05-09T04:37:00.000Z,BUY,0.01,2,1,10.00,2,3400.00
2025-05-09T04:37:00.000Z,2025-05-09T05:45:00.000Z,BUY,0.01,1,1,10.00,1,3410.00
2025-05-09T05:45:00.000Z,2025-05-09T06:01:00.000Z,BUY,0.01,1,1,10.00,1,3420.00
2025-05-09T06:01:00.000Z,2025-05-09T07:50:00.000Z,BUY,0.01,1,1,10.00,1,3430.00
2025-05-09T07:50:00.000Z,2025-05-09T08:10:00.000Z,BUY,0.01,1,1,10.00,1,3440.00
2025-05-09T08:10:00.000Z,2025-05-09T16:29:00.000Z,BUY,0.01,1,1,10.00,1,3450.00
2025-05-09T16:29:00.000Z,2025-05-12T01:00:00.000Z,BUY,0.01,2,1,10.00,2,3460.00
2025-05-12T01:00:00.000Z,2025-05-12T01:00:00.000Z,SELL,0.01,1,1,10.00,1,3470.00
2025-05-12T01:00:00.000Z,2025-05-12T01:00:00.000Z,SELL,0.01,1,1,10.00,1,3480.00
2025-05-12T01:00:00.000Z,2025-05-12T01:00:00.000Z,SELL,0.01,1,1,10.00,1,3490.00
2025-05-12T01:00:00.000Z,2025-05-12T01:45:00.000Z,SELL,0.01,5,1,10.00,5,3500.00
2025-05-12T01:45:00.000Z,2025-05-12T10:00:00.000Z,SELL,0.01,3,1,10.00,3,3510.00
2025-05-12T10:00:00.000Z,2025-05-12T10:00:00.000Z,BUY,0.01,1,1,10.00,1,3520.00
2025-05-12T10:00:00.000Z,2025-05-12T10:23:00.000Z,BUY,0.01,2,1,10.00,2,3530.00
2025-05-12T10:23:00.000Z,2025-05-12T13:41:00.000Z,BUY,0.01,2,1,10.00,2,3540.00
2025-05-12T13:41:00.000Z,2025-05-12T14:05:00.000Z,BUY,0.01,1,1,10.00,1,3550.00
2025-05-12T14:05:00.000Z,2025-05-12T15:20:00.000Z,BUY,0.01,1,1,10.00,1,3560.00
2025-05-12T15:20:00.000Z,2025-05-12T16:05:00.000Z,BUY,0.01,1,1,10.00,1,3570.00
2025-05-12T16:05:00.000Z,2025-05-13T07:51:00.000Z,BUY,0.01,3,1,10.00,3,3580.00
2025-05-13T07:51:00.000Z,2025-05-13T08:14:00.000Z,BUY,0.01,1,1,10.00,1,3590.00
2025-05-13T08:14:00.000Z,2025-05-13T16:56:00.000Z,BUY,0.01,2,1,10.00,2,3600.00
2025-05-13T16:56:00.000Z,2025-05-14T14:57:00.000Z,SELL,0.01,3,1,10.00,3,3610.00
2025-05-14T14:57:00.000Z,2025-05-14T15:47:00.000Z,BUY,0.01,2,1,10.00,2,3620.00
2025-05-14T15:47:00.000Z,2025-05-15T05:34:00.000Z,BUY,0.01,4,1,10.00,4,3630.00
2025-05-15T05:34:00.000Z,2025-05-15T08:54:00.000Z,BUY,0.01,2,1,10.00,2,3640.00
2025-05-15T08:54:00.000Z,2025-05-15T09:29:00.000Z,BUY,0.01,1,1,10.00,1,3650.00
2025-05-15T09:29:00.000Z,2025-05-15T09:40:00.000Z,BUY,0.01,1,1,10.00,1,3660.00
2025-05-15T09:40:00.000Z,2025-05-15T11:52:00.000Z,BUY,0.01,3,1,10.00,3,3670.00
2025-05-15T11:52:00.000Z,2025-05-15T12:33:00.000Z,BUY,0.01,1,1,10.00,1,3680.00
2025-05-15T12:33:00.000Z,2025-05-15T15:04:00.000Z,BUY,0.01,1,1,10.00,1,3690.00
2025-05-15T15:04:00.000Z,2025-05-15T16:07:00.000Z,BUY,0.01,1,1,10.00,1,3700.00
2025-05-15T16:07:00.000Z,2025-05-15T17:10:00.000Z,BUY,0.01,1,1,10.00,1,3710.00
2025-05-15T17:10:00.000Z,2025-05-15T18:17:00.000Z,BUY,0.01,1,1,10.00,1,3720.00
2025-05-15T18:17:00.000Z,2025-05-16T01:03:00.000Z,SELL,0.01,2,1,10.00,2,3730.00
2025-05-16T01:03:00.000Z,2025-05-16T04:08:00.000Z,SELL,0.01,1,1,10.00,1,3740.00
2025-05-16T04:08:00.000Z,2025-05-16T04:43:00.000Z,SELL,0.01,1,1,10.00,1,3750.00
2025-05-16T04:43:00.000Z,2025-05-16T06:03:00.000Z,SELL,0.01,1,1,10.00,1,3760.00
2025-05-16T06:03:00.000Z,2025-05-16T11:13:00.000Z,SELL,0.01,3,1,10.00,3,3770.00
2025-05-16T11:13:00.000Z,2025-05-16T13:47:00.000Z,SELL,0.01,1,1,10.00,1,3780.00
2025-05-16T13:47:00.000Z,2025-05-16T13:51:00.000Z,SELL,0.01,1,1,10.00,1,3790.00
2025-05-16T13:51:00.000Z,2025-05-16T13:53:00.000Z,SELL,0.01,1,1,10.00,1,3800.00
2025-05-16T13:53:00.000Z,2025-05-16T14:54:00.000Z,SELL,0.01,1,1,10.00,1,3810.00
2025-05-16T14:54:00.000Z,2025-05-16T15:20:00.000Z,BUY,0.01,1,1,10.00,1,3820.00
2025-05-16T15:20:00.000Z,2025-05-16T15:38:00.000Z,BUY,0.01,1,1,10.00,1,3830.00
2025-05-16T15:38:00.000Z,2025-05-16T20:06:00.000Z,BUY,0.01,1,1,10.00,1,3840.00
2025-05-16T20:06:00.000Z,2025-05-16T23:05:00.000Z,BUY,0.01,1,1,10.00,1,3850.00
2025-05-16T23:05:00.000Z,2025-05-19T01:00:00.000Z,BUY,0.01,1,1,10.00,1,3860.00
2025-05-19T01:00:00.000Z,2025-05-19T01:00:00.000Z,BUY,0.01,1,1,10.00,1,3870.00
2025-05-19T01:00:00.000Z,2025-05-19T01:19:00.000Z,BUY,0.01,1,1,10.00,1,3880.00
2025-05-19T01:19:00.000Z,2025-05-19T02:03:00.000Z,BUY,0.01,1,1,10.00,1,3890.00
2025-05-19T02:03:00.000Z,2025-05-19T02:41:00.000Z,SELL,0.01,1,1,10.00,1,3900.00
2025-05-19T02:41:00.000Z,2025-05-19T04:36:00.000Z,SELL,0.01,1,1,10.00,1,3910.00
2025-05-19T04:36:00.000Z,2025-05-19T06:48:00.000Z,SELL,0.01,1,1,10.00,1,3920.00
2025-05-19T06:48:00.000Z,2025-05-19T11:51:00.000Z,SELL,0.01,2,1,10.00,2,3930.00
2025-05-19T11:51:00.000Z,2025-05-19T15:56:00.000Z,SELL,0.01,1,1,10.00,1,3940.00
2025-05-19T15:56:00.000Z,2025-05-19T17:07:00.000Z,SELL,0.01,1,1,10.00,1,3950.00
2025-05-19T17:07:00.000Z,2025-05-20T05:39:00.000Z,SELL,0.01,1,1,10.00,1,3960.00
2025-05-20T05:39:00.000Z,2025-05-20T14:18:00.000Z,SELL,0.01,2,1,10.00,2,3970.00
2025-05-20T14:18:00.000Z,2025-05-20T17:04:00.000Z,SELL,0.01,2,1,10.00,2,3980.00
2025-05-20T17:04:00.000Z,2025-05-21T01:11:00.000Z,SELL,0.01,2,1,10.00,2,3990.00
2025-05-21T01:11:00.000Z,2025-05-21T02:04:00.000Z,SELL,0.01,1,1,10.00,1,4000.00
2025-05-21T02:04:00.000Z,2025-05-21T09:43:00.000Z,SELL,0.01,4,1,10.00,4,4010.00
2025-05-21T09:43:00.000Z,2025-05-21T10:19:00.000Z,SELL,0.01,1,1,10.00,1,4020.00
2025-05-21T10:19:00.000Z,2025-05-21T15:28:00.000Z,SELL,0.01,1,1,10.00,1,4030.00
2025-05-21T15:28:00.000Z,2025-05-22T04:07:00.000Z,SELL,0.01,2,1,10.00,2,4040.00
2025-05-22T04:07:00.000Z,2025-05-22T11:26:00.000Z,SELL,0.01,1,1,10.00,1,4050.00
2025-05-22T11:26:00.000Z,2025-05-22T12:00:00.000Z,SELL,0.01,1,1,10.00,1,4060.00
2025-05-22T12:00:00.000Z,2025-05-22T13:28:00.000Z,SELL,0.01,1,1,10.00,1,4070.00
2025-05-22T13:28:00.000Z,2025-05-22T13:58:00.000Z,SELL,0.01,1,1,10.00,1,4080.00
2025-05-22T13:58:00.000Z,2025-05-23T07:18:00.000Z,SELL,0.01,5,0,-2420.00,5,1660.00
2025-05-23T07:18:00.000Z,2025-05-23T08:15:00.000Z,BUY,0.01,1,1,10.00,1,1670.00
2025-05-23T08:15:00.000Z,2025-05-23T09:04:00.000Z,BUY,0.01,1,1,10.00,1,1680.00
2025-05-23T09:04:00.000Z,2025-05-23T15:37:00.000Z,SELL,0.01,2,1,10.00,2,1690.00
2025-05-23T15:37:00.000Z,2025-05-23T16:20:00.000Z,SELL,0.01,1,1,10.00,1,1700.00
2025-05-23T16:20:00.000Z,2025-05-23T16:35:00.000Z,SELL,0.01,1,1,10.00,1,1710.00
2025-05-23T16:35:00.000Z,2025-05-26T12:25:00.000Z,SELL,0.01,3,1,10.00,3,1720.00
2025-05-26T12:25:00.000Z,2025-05-27T08:46:00.000Z,SELL,0.01,3,1,10.00,3,1730.00
2025-05-27T08:46:00.000Z,2025-05-27T08:52:00.000Z,BUY,0.01,1,1,10.00,1,1740.00
2025-05-27T08:52:00.000Z,2025-05-27T10:51:00.000Z,BUY,0.01,2,1,10.00,2,1750.00
2025-05-27T10:51:00.000Z,2025-05-27T11:09:00.000Z,BUY,0.01,1,1,10.00,1,1760.00
2025-05-27T11:09:00.000Z,2025-05-28T10:45:00.000Z,BUY,0.01,3,1,10.00,3,1770.00
2025-05-28T10:45:00.000Z,2025-05-28T19:45:00.000Z,BUY,0.01,2,1,10.00,2,1780.00
2025-05-28T19:45:00.000Z,2025-05-28T20:21:00.000Z,BUY,0.01,1,1,10.00,1,1790.00
2025-05-28T20:21:00.000Z,2025-05-29T02:13:00.000Z,BUY,0.01,2,1,10.00,2,1800.00
2025-05-29T02:13:00.000Z,2025-05-29T06:46:00.000Z,BUY,0.01,3,1,10.00,3,1810.00
2025-05-29T06:46:00.000Z,2025-05-29T13:15:00.000Z,BUY,0.01,1,1,10.00,1,1820.00
2025-05-29T13:15:00.000Z,2025-05-29T13:55:00.000Z,BUY,0.01,1,1,10.00,1,1830.00
2025-05-29T13:55:00.000Z,2025-05-29T15:17:00.000Z,BUY,0.01,1,1,10.00,1,1840.00
2025-05-29T15:17:00.000Z,2025-05-29T16:30:00.000Z,BUY,0.01,1,1,10.00,1,1850.00
2025-05-29T16:30:00.000Z,2025-05-29T17:30:00.000Z,SELL,0.01,1,1,10.00,1,1860.00
2025-05-29T17:30:00.000Z,2025-05-30T05:28:00.000Z,SELL,0.01,3,1,10.00,3,1870.00
2025-05-30T05:28:00.000Z,2025-05-30T10:13:00.000Z,SELL,0.01,1,1,10.00,1,1880.00
2025-05-30T10:13:00.000Z,2025-05-30T13:05:00.000Z,BUY,0.01,1,1,10.00,1,1890.00
2025-05-30T13:05:00.000Z,2025-06-02T01:52:00.000Z,BUY,0.01,3,1,10.00,3,1900.00
2025-06-02T01:52:00.000Z,2025-06-02T08:41:00.000Z,BUY,0.01,1,1,10.00,1,1910.00
2025-06-02T08:41:00.000Z,2025-06-02T10:11:00.000Z,SELL,0.01,2,1,10.00,2,1920.00
2025-06-02T10:11:00.000Z,2025-06-02T22:09:00.000Z,SELL,0.01,2,1,10.00,2,1930.00
2025-06-02T22:09:00.000Z,2025-06-03T04:13:00.000Z,SELL,0.01,1,1,10.00,1,1940.00
2025-06-03T04:13:00.000Z,2025-06-03T07:37:00.000Z,SELL,0.01,1,1,10.00,1,1950.00
2025-06-03T07:37:00.000Z,2025-06-03T15:20:00.000Z,SELL,0.01,1,1,10.00,1,1960.00
2025-06-03T15:20:00.000Z,2025-06-03T17:00:00.000Z,SELL,0.01,1,1,10.00,1,1970.00
2025-06-03T17:00:00.000Z,2025-06-03T17:37:00.000Z,BUY,0.01,1,1,10.00,1,1980.00
2025-06-03T17:37:00.000Z,2025-06-04T02:10:00.000Z,BUY,0.01,1,1,10.00,1,1990.00
2025-06-04T02:10:00.000Z,2025-06-04T04:51:00.000Z,BUY,0.01,1,1,10.00,1,2000.00
2025-06-04T04:51:00.000Z,2025-06-04T17:40:00.000Z,BUY,0.01,3,1,10.00,3,2010.00
2025-06-04T17:40:00.000Z,2025-06-05T12:56:00.000Z,BUY,0.01,1,1,10.00,1,2020.00
2025-06-05T12:56:00.000Z,2025-06-05T15:50:00.000Z,SELL,0.01,1,1,10.00,1,2030.00
2025-06-05T15:50:00.000Z,2025-06-05T17:05:00.000Z,SELL,0.01,1,1,10.00,1,2040.00
2025-06-05T17:05:00.000Z,2025-06-05T18:31:00.000Z,SELL,0.01,1,1,10.00,1,2050.00
2025-06-05T18:31:00.000Z,2025-06-05T18:40:00.000Z,SELL,0.01,1,1,10.00,1,2060.00
2025-06-05T18:40:00.000Z,2025-06-06T17:02:00.000Z,SELL,0.01,3,1,10.00,3,2070.00
2025-06-06T17:02:00.000Z,2025-06-06T23:05:00.000Z,BUY,0.01,2,1,10.00,2,2080.00
2025-06-06T23:05:00.000Z,2025-06-09T01:05:00.000Z,BUY,0.01,1,1,10.00,1,2090.00
2025-06-09T01:05:00.000Z,2025-06-09T18:23:00.000Z,BUY,0.01,3,1,10.00,3,2100.00
2025-06-09T18:23:00.000Z,2025-06-10T14:15:00.000Z,BUY,0.01,3,1,10.00,3,2110.00
2025-06-10T14:15:00.000Z,2025-06-10T15:13:00.000Z,SELL,0.01,1,1,10.00,1,2120.00
2025-06-10T15:13:00.000Z,2025-06-11T02:20:00.000Z,SELL,0.01,1,1,10.00,1,2130.00
2025-06-11T02:20:00.000Z,2025-06-11T15:30:00.000Z,SELL,0.01,2,1,10.00,2,2140.00
2025-06-11T15:30:00.000Z,2025-06-11T15:56:00.000Z,SELL,0.01,1,1,10.00,1,2150.00
2025-06-11T15:56:00.000Z,2025-06-11T16:45:00.000Z,SELL,0.01,1,1,10.00,1,2160.00
2025-06-11T16:45:00.000Z,2025-06-12T01:01:00.000Z,SELL,0.01,2,1,10.00,2,2170.00
2025-06-12T01:01:00.000Z,2025-06-12T10:41:00.000Z,SELL,0.01,1,1,10.00,1,2180.00
2025-06-12T10:41:00.000Z,2025-06-12T13:28:00.000Z,SELL,0.01,2,1,10.00,2,2190.00
2025-06-12T13:28:00.000Z,2025-06-13T03:07:00.000Z,SELL,0.01,4,1,10.00,4,2200.00
2025-06-13T03:07:00.000Z,2025-06-13T05:33:00.000Z,SELL,0.01,2,1,10.00,2,2210.00
2025-06-13T05:33:00.000Z,2025-06-13T06:15:00.000Z,SELL,0.01,1,1,10.00,1,2220.00
2025-06-13T06:15:00.000Z,2025-06-13T08:30:00.000Z,SELL,0.01,1,1,10.00,1,2230.00
2025-06-13T08:30:00.000Z,2025-06-13T10:10:00.000Z,SELL,0.01,1,1,10.00,1,2240.00
2025-06-13T10:10:00.000Z,2025-06-13T15:56:00.000Z,SELL,0.01,2,1,10.00,2,2250.00
2025-06-13T15:56:00.000Z,2025-06-13T17:14:00.000Z,SELL,0.01,1,1,10.00,1,2260.00
2025-06-13T17:14:00.000Z,2025-06-16T09:05:00.000Z,SELL,0.01,3,1,10.00,3,2270.00
2025-06-16T09:05:00.000Z,2025-06-16T16:16:00.000Z,SELL,0.01,1,1,10.00,1,2280.00
2025-06-16T16:16:00.000Z,2025-06-17T06:23:00.000Z,BUY,0.01,2,1,10.00,2,2290.00
2025-06-17T06:23:00.000Z,2025-06-17T06:34:00.000Z,BUY,0.01,1,1,10.00,1,2300.00
2025-06-17T06:34:00.000Z,2025-06-17T13:40:00.000Z,BUY,0.01,1,1,10.00,1,2310.00
2025-06-17T13:40:00.000Z,2025-06-17T17:37:00.000Z,BUY,0.01,2,1,10.00,2,2320.00
2025-06-17T17:37:00.000Z,2025-06-17T17:49:00.000Z,BUY,0.01,1,1,10.00,1,2330.00
2025-06-17T17:49:00.000Z,2025-06-17T18:06:00.000Z,BUY,0.01,1,1,10.00,1,2340.00
2025-06-17T18:06:00.000Z,2025-06-18T07:45:00.000Z,BUY,0.01,1,1,10.00,1,2350.00
2025-06-18T07:45:00.000Z,2025-06-18T22:28:00.000Z,BUY,0.01,2,1,10.00,2,2360.00
2025-06-18T22:28:00.000Z,2025-06-19T01:21:00.000Z,BUY,0.01,1,1,10.00,1,2370.00
2025-06-19T01:21:00.000Z,2025-06-19T09:30:00.000Z,BUY,0.01,2,1,10.00,2,2380.00
2025-06-19T09:30:00.000Z,2025-06-19T10:38:00.000Z,BUY,0.01,1,1,10.00,1,2390.00
2025-06-19T10:38:00.000Z,2025-06-19T11:44:00.000Z,BUY,0.01,1,1,10.00,1,2400.00
2025-06-19T11:44:00.000Z,2025-06-23T01:00:00.000Z,BUY,0.01,3,1,10.00,3,2410.00
2025-06-23T01:00:00.000Z,2025-06-23T03:09:00.000Z,SELL,0.01,1,1,10.00,1,2420.00
2025-06-23T03:09:00.000Z,2025-06-23T03:40:00.000Z,SELL,0.01,1,1,10.00,1,2430.00
2025-06-23T03:40:00.000Z,2025-06-23T08:36:00.000Z,SELL,0.01,1,1,10.00,1,2440.00
2025-06-23T08:36:00.000Z,2025-06-23T09:02:00.000Z,BUY,0.01,1,1,10.00,1,2450.00
2025-06-23T09:02:00.000Z,2025-06-23T14:00:00.000Z,BUY,0.01,1,1,10.00,1,2460.00
2025-06-23T14:00:00.000Z,2025-06-23T15:31:00.000Z,SELL,0.01,1,1,10.00,1,2470.00
2025-06-23T15:31:00.000Z,2025-06-23T18:30:00.000Z,SELL,0.01,2,1,10.00,2,2480.00
2025-06-23T18:30:00.000Z,2025-06-23T20:20:00.000Z,SELL,0.01,1,1,10.00,1,2490.00
2025-06-23T20:20:00.000Z,2025-06-23T23:41:00.000Z,SELL,0.01,1,1,10.00,1,2500.00
2025-06-23T23:41:00.000Z,2025-06-24T01:03:00.000Z,SELL,0.01,1,1,10.00,1,2510.00
2025-06-24T01:03:00.000Z,2025-06-24T02:34:00.000Z,SELL,0.01,1,1,10.00,1,2520.00
2025-06-24T02:34:00.000Z,2025-06-24T03:01:00.000Z,SELL,0.01,1,1,10.00,1,2530.00
2025-06-24T03:01:00.000Z,2025-06-24T03:20:00.000Z,BUY,0.01,1,1,10.00,1,2540.00
2025-06-24T03:20:00.000Z,2025-06-24T09:35:00.000Z,BUY,0.01,2,1,10.00,2,2550.00
2025-06-24T09:35:00.000Z,2025-06-24T10:34:00.000Z,BUY,0.01,1,1,10.00,1,2560.00
2025-06-24T10:34:00.000Z,2025-06-24T16:40:00.000Z,BUY,0.01,2,1,10.00,2,2570.00
2025-06-24T16:40:00.000Z,2025-06-24T17:15:00.000Z,BUY,0.01,1,1,10.00,1,2580.00
2025-06-24T17:15:00.000Z,2025-06-24T19:54:00.000Z,BUY,0.01,1,1,10.00,1,2590.00
2025-06-24T19:54:00.000Z,2025-06-25T03:30:00.000Z,BUY,0.01,1,1,10.00,1,2600.00
2025-06-25T03:30:00.000Z,2025-06-26T02:51:00.000Z,BUY,0.01,1,1,10.00,1,2610.00
2025-06-26T02:51:00.000Z,2025-06-26T15:49:00.000Z,SELL,0.01,1,1,10.00,1,2620.00
2025-06-26T15:49:00.000Z,2025-06-26T16:03:00.000Z,SELL,0.01,1,1,10.00,1,2630.00
2025-06-26T16:03:00.000Z,2025-06-27T06:00:00.000Z,SELL,0.01,1,1,10.00,1,2640.00
2025-06-27T06:00:00.000Z,2025-06-27T14:51:00.000Z,BUY,0.01,2,1,10.00,2,2650.00
2025-06-27T14:51:00.000Z,2025-06-30T01:28:00.000Z,BUY,0.01,4,1,10.00,4,2660.00
2025-06-30T01:28:00.000Z,2025-06-30T01:35:00.000Z,BUY,0.01,1,1,10.00,1,2670.00
2025-06-30T01:35:00.000Z,2025-06-30T02:02:00.000Z,BUY,0.01,1,1,10.00,1,2680.00
2025-06-30T02:02:00.000Z,2025-06-30T05:03:00.000Z,BUY,0.01,1,1,10.00,1,2690.00
2025-06-30T05:03:00.000Z,2025-06-30T08:30:00.000Z,BUY,0.01,1,1,10.00,1,2700.00
2025-06-30T08:30:00.000Z,2025-06-30T22:08:00.000Z,BUY,0.01,1,1,10.00,1,2710.00
2025-06-30T22:08:00.000Z,2025-07-01T08:22:00.000Z,SELL,0.01,2,1,10.00,2,2720.00
2025-07-01T08:22:00.000Z,2025-07-02T23:07:00.000Z,SELL,0.01,4,1,10.00,4,2730.00
2025-07-02T23:07:00.000Z,2025-07-03T02:25:00.000Z,SELL,0.01,1,1,10.00,1,2740.00
2025-07-03T02:25:00.000Z,2025-07-03T15:30:00.000Z,SELL,0.01,1,1,10.00,1,2750.00
2025-07-03T15:30:00.000Z,2025-07-03T15:32:00.000Z,SELL,0.01,1,1,10.00,1,2760.00
2025-07-03T15:32:00.000Z,2025-07-03T15:38:00.000Z,SELL,0.01,1,1,10.00,1,2770.00
2025-07-03T15:38:00.000Z,2025-07-07T04:20:00.000Z,SELL,0.01,3,1,10.00,3,2780.00
2025-07-07T04:20:00.000Z,2025-07-07T04:41:00.000Z,BUY,0.01,1,1,10.00,1,2790.00
2025-07-07T04:41:00.000Z,2025-07-07T20:01:00.000Z,BUY,0.01,3,1,10.00,3,2800.00
2025-07-07T20:01:00.000Z,2025-07-07T22:33:00.000Z,BUY,0.01,1,1,10.00,1,2810.00
2025-07-07T22:33:00.000Z,2025-07-08T07:46:00.000Z,SELL,0.01,1,1,10.00,1,2820.00
2025-07-08T07:46:00.000Z,2025-07-08T16:48:00.000Z,SELL,0.01,1,1,10.00,1,2830.00
2025-07-08T16:48:00.000Z,2025-07-08T18:11:00.000Z,BUY,0.01,2,1,10.00,2,2840.00
2025-07-08T18:11:00.000Z,2025-07-08T18:50:00.000Z,BUY,0.01,1,1,10.00,1,2850.00
2025-07-08T18:50:00.000Z,2025-07-08T20:25:00.000Z,BUY,0.01,1,1,10.00,1,2860.00
2025-07-08T20:25:00.000Z,2025-07-10T01:17:00.000Z,BUY,0.01,3,1,10.00,3,2870.00
2025-07-10T01:17:00.000Z,2025-07-11T14:45:00.000Z,SELL,0.01,2,1,10.00,2,2880.00
2025-07-11T14:45:00.000Z,2025-07-15T16:27:00.000Z,SELL,0.01,3,1,10.00,3,2890.00
2025-07-15T16:27:00.000Z,2025-07-15T18:32:00.000Z,SELL,0.01,1,1,10.00,1,2900.00
2025-07-15T18:32:00.000Z,2025-07-16T08:02:00.000Z,BUY,0.01,1,1,10.00,1,2910.00
2025-07-16T08:02:00.000Z,2025-07-16T18:06:00.000Z,BUY,0.01,1,1,10.00,1,2920.00
2025-07-16T18:06:00.000Z,2025-07-16T18:16:00.000Z,BUY,0.01,1,1,10.00,1,2930.00
2025-07-16T18:16:00.000Z,2025-07-16T18:19:00.000Z,BUY,0.01,1,1,10.00,1,2940.00
2025-07-16T18:19:00.000Z,2025-07-16T18:56:00.000Z,BUY,0.01,2,1,10.00,2,2950.00
2025-07-16T18:56:00.000Z,2025-07-16T19:09:00.000Z,BUY,0.01,1,1,10.00,1,2960.00
2025-07-16T19:09:00.000Z,2025-07-17T15:30:00.000Z,BUY,0.01,2,1,10.00,2,2970.00
2025-07-17T15:30:00.000Z,2025-07-17T17:31:00.000Z,BUY,0.01,1,1,10.00,1,2980.00
2025-07-17T17:31:00.000Z,2025-07-17T20:28:00.000Z,BUY,0.01,1,1,10.00,1,2990.00
2025-07-17T20:28:00.000Z,2025-07-18T12:07:00.000Z,BUY,0.01,1,1,10.00,1,3000.00
2025-07-18T12:07:00.000Z,2025-07-21T15:24:00.000Z,SELL,0.01,2,1,10.00,2,3010.00
2025-07-21T15:24:00.000Z,2025-07-22T16:07:00.000Z,SELL,0.01,2,1,10.00,2,3020.00
2025-07-22T16:07:00.000Z,2025-07-23T18:57:00.000Z,SELL,0.01,3,1,10.00,3,3030.00
2025-07-23T18:57:00.000Z,2025-07-23T19:01:00.000Z,SELL,0.01,1,1,10.00,1,3040.00
2025-07-23T19:01:00.000Z,2025-07-24T15:01:00.000Z,BUY,0.01,2,1,10.00,2,3050.00
2025-07-24T15:01:00.000Z,2025-07-24T16:47:00.000Z,BUY,0.01,1,1,10.00,1,3060.00
2025-07-24T16:47:00.000Z,2025-07-25T14:27:00.000Z,BUY,0.01,2,1,10.00,2,3070.00
2025-07-25T14:27:00.000Z,2025-07-28T16:53:00.000Z,BUY,0.01,2,1,10.00,2,3080.00
2025-07-28T16:53:00.000Z,2025-07-29T09:19:00.000Z,BUY,0.01,1,1,10.00,1,3090.00
2025-07-29T09:19:00.000Z,2025-07-29T18:04:00.000Z,BUY,0.01,1,1,10.00,1,3100.00
2025-07-29T18:04:00.000Z,2025-07-29T18:48:00.000Z,SELL,0.01,1,1,10.00,1,3110.00
2025-07-29T18:48:00.000Z,2025-07-30T16:13:00.000Z,SELL,0.01,1,1,10.00,1,3120.00
2025-07-30T16:13:00.000Z,2025-07-30T16:55:00.000Z,SELL,0.01,1,1,10.00,1,3130.00
2025-07-30T16:55:00.000Z,2025-07-30T18:30:00.000Z,SELL,0.01,1,1,10.00,1,3140.00
2025-07-30T18:30:00.000Z,2025-07-30T20:46:00.000Z,BUY,0.01,1,1,10.00,1,3150.00
2025-07-30T20:46:00.000Z,2025-07-30T22:31:00.000Z,BUY,0.01,2,1,10.00,2,3160.00
2025-07-30T22:31:00.000Z,2025-07-31T02:31:00.000Z,BUY,0.01,1,1,10.00,1,3170.00
2025-07-31T02:31:00.000Z,2025-07-31T04:24:00.000Z,BUY,0.01,1,1,10.00,1,3180.00
2025-07-31T04:24:00.000Z,2025-07-31T08:58:00.000Z,BUY,0.01,1,1,10.00,1,3190.00
2025-07-31T08:58:00.000Z,2025-07-31T11:18:00.000Z,BUY,0.01,1,1,10.00,1,3200.00
2025-07-31T11:18:00.000Z,2025-08-01T15:32:00.000Z,BUY,0.01,3,1,10.00,3,3210.00
2025-08-01T15:32:00.000Z,2025-08-01T16:16:00.000Z,SELL,0.01,2,1,10.00,2,3220.00
2025-08-01T16:16:00.000Z,2025-08-01T16:51:00.000Z,SELL,0.01,1,1,10.00,1,3230.00
2025-08-01T16:51:00.000Z,2025-08-04T15:05:00.000Z,SELL,0.01,2,1,10.00,2,3240.00
2025-08-04T15:05:00.000Z,2025-08-04T15:32:00.000Z,SELL,0.01,1,1,10.00,1,3250.00
2025-08-04T15:32:00.000Z,2025-08-05T14:34:00.000Z,SELL,0.01,3,1,10.00,3,3260.00
2025-08-05T14:34:00.000Z,2025-08-05T15:30:00.000Z,BUY,0.01,1,1,10.00,1,3270.00
2025-08-05T15:30:00.000Z,2025-08-05T16:27:00.000Z,BUY,0.01,1,1,10.00,1,3280.00
2025-08-05T16:27:00.000Z,2025-08-05T17:24:00.000Z,BUY,0.01,1,1,10.00,1,3290.00
2025-08-05T17:24:00.000Z,2025-08-07T10:26:00.000Z,BUY,0.01,3,1,10.00,3,3300.00
2025-08-07T10:26:00.000Z,2025-08-07T11:08:00.000Z,SELL,0.01,1,1,10.00,1,3310.00
2025-08-07T11:08:00.000Z,2025-08-08T15:43:00.000Z,SELL,0.01,5,0,-2420.00,5,890.00
2025-08-08T15:43:00.000Z,2025-08-08T15:48:00.000Z,SELL,0.01,1,1,10.00,1,900.00
2025-08-08T15:48:00.000Z,2025-08-08T21:00:00.000Z,SELL,0.01,1,1,10.00,1,910.00
2025-08-08T21:00:00.000Z,2025-08-11T04:08:00.000Z,SELL,0.01,3,1,10.00,3,920.00
2025-08-11T04:08:00.000Z,2025-08-12T14:20:00.000Z,BUY,0.01,2,1,10.00,2,930.00
2025-08-12T14:20:00.000Z,2025-08-12T15:30:00.000Z,BUY,0.01,1,1,10.00,1,940.00
2025-08-12T15:30:00.000Z,2025-08-13T11:45:00.000Z,BUY,0.01,3,1,10.00,3,950.00
2025-08-13T11:45:00.000Z,2025-08-13T21:25:00.000Z,SELL,0.01,1,1,10.00,1,960.00
2025-08-13T21:25:00.000Z,2025-08-14T17:05:00.000Z,SELL,0.01,3,1,10.00,3,970.00
2025-08-14T17:05:00.000Z,2025-08-18T06:49:00.000Z,BUY,0.01,1,1,10.00,1,980.00
2025-08-18T06:49:00.000Z,2025-08-19T19:13:00.000Z,BUY,0.01,2,1,10.00,2,990.00
2025-08-19T19:13:00.000Z,2025-08-20T14:29:00.000Z,BUY,0.01,1,1,10.00,1,1000.00
2025-08-20T14:29:00.000Z,2025-08-20T15:33:00.000Z,BUY,0.01,1,1,10.00,1,1010.00
2025-08-20T15:33:00.000Z,2025-08-21T13:41:00.000Z,SELL,0.01,1,1,10.00,1,1020.00
2025-08-21T13:41:00.000Z,2025-08-22T17:15:00.000Z,SELL,0.01,2,1,10.00,2,1030.00
2025-08-22T17:15:00.000Z,2025-08-22T17:31:00.000Z,BUY,0.01,1,1,10.00,1,1040.00
2025-08-22T17:31:00.000Z,2025-08-26T03:32:00.000Z,BUY,0.01,3,1,10.00,3,1050.00
2025-08-26T03:32:00.000Z,2025-08-26T23:52:00.000Z,BUY,0.01,1,1,10.00,1,1060.00
2025-08-26T23:52:00.000Z,2025-08-27T06:33:00.000Z,SELL,0.01,1,1,10.00,1,1070.00
2025-08-27T06:33:00.000Z,2025-08-28T17:12:00.000Z,SELL,0.01,2,1,10.00,2,1080.00
2025-08-28T17:12:00.000Z,2025-08-29T18:05:00.000Z,SELL,0.01,2,1,10.00,2,1090.00
2025-08-29T18:05:00.000Z,2025-09-01T05:36:00.000Z,SELL,0.01,2,1,10.00,2,1100.00
2025-09-01T05:36:00.000Z,2025-09-02T04:44:00.000Z,SELL,0.01,2,1,10.00,2,1110.00
2025-09-02T04:44:00.000Z,2025-09-02T04:50:00.000Z,SELL,0.01,1,1,10.00,1,1120.00
2025-09-02T04:50:00.000Z,2025-09-02T10:23:00.000Z,SELL,0.01,1,1,10.00,1,1130.00
2025-09-02T10:23:00.000Z,2025-09-02T11:05:00.000Z,SELL,0.01,1,1,10.00,1,1140.00
2025-09-02T11:05:00.000Z,2025-09-02T17:24:00.000Z,SELL,0.01,2,1,10.00,2,1150.00
2025-09-02T17:24:00.000Z,2025-09-02T21:32:00.000Z,SELL,0.01,2,1,10.00,2,1160.00
2025-09-02T21:32:00.000Z,2025-09-03T16:29:00.000Z,SELL,0.01,2,1,10.00,2,1170.00
2025-09-03T16:29:00.000Z,2025-09-03T16:37:00.000Z,SELL,0.01,1,1,10.00,1,1180.00
2025-09-03T16:37:00.000Z,2025-09-04T05:37:00.000Z,SELL,0.01,3,1,10.00,3,1190.00
2025-09-04T05:37:00.000Z,2025-09-04T05:50:00.000Z,SELL,0.01,1,1,10.00,1,1200.00
2025-09-04T05:50:00.000Z,2025-09-04T06:12:00.000Z,SELL,0.01,1,1,10.00,1,1210.00
2025-09-04T06:12:00.000Z,2025-09-04T15:15:00.000Z,SELL,0.01,2,1,10.00,2,1220.00
2025-09-04T15:15:00.000Z,2025-09-05T08:07:00.000Z,BUY,0.01,1,1,10.00,1,1230.00
2025-09-05T08:07:00.000Z,2025-09-05T09:21:00.000Z,SELL,0.01,1,1,10.00,1,1240.00
2025-09-05T09:21:00.000Z,2025-09-05T15:33:00.000Z,SELL,0.01,2,1,10.00,2,1250.00
2025-09-05T15:33:00.000Z,2025-09-08T10:20:00.000Z,SELL,0.01,4,1,10.00,4,1260.00
2025-09-08T10:20:00.000Z,2025-09-08T17:55:00.000Z,SELL,0.01,2,1,10.00,2,1270.00
2025-09-08T17:55:00.000Z,2025-09-09T01:34:00.000Z,SELL,0.01,1,1,10.00,1,1280.00
2025-09-09T01:34:00.000Z,2025-09-09T16:27:00.000Z,SELL,0.01,2,1,10.00,2,1290.00
2025-09-09T16:27:00.000Z,2025-09-09T17:07:00.000Z,SELL,0.01,1,1,10.00,1,1300.00
2025-09-09T17:07:00.000Z,2025-09-09T17:36:00.000Z,SELL,0.01,1,1,10.00,1,1310.00
2025-09-09T17:36:00.000Z,2025-09-09T18:16:00.000Z,SELL,0.01,1,1,10.00,1,1320.00
2025-09-09T18:16:00.000Z,2025-09-11T12:14:00.000Z,SELL,0.01,5,1,10.00,5,1330.00
2025-09-11T12:14:00.000Z,2025-09-11T15:30:00.000Z,BUY,0.01,1,1,10.00,1,1340.00
2025-09-11T15:30:00.000Z,2025-09-11T15:32:00.000Z,BUY,0.01,1,1,10.00,1,1350.00
2025-09-11T15:32:00.000Z,2025-09-12T05:23:00.000Z,BUY,0.01,3,1,10.00,3,1360.00
2025-09-12T05:23:00.000Z,2025-09-12T12:05:00.000Z,SELL,0.01,1,1,10.00,1,1370.00
2025-09-12T12:05:00.000Z,2025-09-15T04:06:00.000Z,SELL,0.01,1,1,10.00,1,1380.00
2025-09-15T04:06:00.000Z,2025-09-15T05:09:00.000Z,BUY,0.01,1,1,10.00,1,1390.00
2025-09-15T05:09:00.000Z,2025-09-15T15:50:00.000Z,BUY,0.01,1,1,10.00,1,1400.00
2025-09-15T15:50:00.000Z,2025-09-15T16:37:00.000Z,BUY,0.01,1,1,10.00,1,1410.00
2025-09-15T16:37:00.000Z,2025-09-16T09:44:00.000Z,SELL,0.01,2,1,10.00,2,1420.00
2025-09-16T09:44:00.000Z,2025-09-16T18:35:00.000Z,SELL,0.01,1,1,10.00,1,1430.00
2025-09-16T18:35:00.000Z,2025-09-17T10:29:00.000Z,SELL,0.01,1,1,10.00,1,1440.00
2025-09-17T10:29:00.000Z,2025-09-17T16:34:00.000Z,BUY,0.01,1,1,10.00,1,1450.00
2025-09-17T16:34:00.000Z,2025-09-17T21:00:00.000Z,BUY,0.01,1,1,10.00,1,1460.00
2025-09-17T21:00:00.000Z,2025-09-17T21:01:00.000Z,SELL,0.01,1,1,10.00,1,1470.00
2025-09-17T21:01:00.000Z,2025-09-17T21:01:00.000Z,SELL,0.01,1,1,10.00,1,1480.00
2025-09-17T21:01:00.000Z,2025-09-17T21:01:00.000Z,SELL,0.01,1,1,10.00,1,1490.00
2025-09-17T21:01:00.000Z,2025-09-17T21:02:00.000Z,SELL,0.01,2,1,10.00,2,1500.00
2025-09-17T21:02:00.000Z,2025-09-17T21:02:00.000Z,SELL,0.01,1,1,10.00,1,1510.00
2025-09-17T21:02:00.000Z,2025-09-17T21:37:00.000Z,SELL,0.01,3,1,10.00,3,1520.00
2025-09-17T21:37:00.000Z,2025-09-17T21:46:00.000Z,SELL,0.01,1,1,10.00,1,1530.00
2025-09-17T21:46:00.000Z,2025-09-17T21:52:00.000Z,SELL,0.01,1,1,10.00,1,1540.00
2025-09-17T21:52:00.000Z,2025-09-18T09:10:00.000Z,SELL,0.01,3,1,10.00,3,1550.00
2025-09-18T09:10:00.000Z,2025-09-18T10:19:00.000Z,BUY,0.01,1,1,10.00,1,1560.00
2025-09-18T10:19:00.000Z,2025-09-18T10:42:00.000Z,BUY,0.01,1,1,10.00,1,1570.00
2025-09-18T10:42:00.000Z,2025-09-18T12:10:00.000Z,BUY,0.01,1,1,10.00,1,1580.00
2025-09-18T12:10:00.000Z,2025-09-18T16:40:00.000Z,BUY,0.01,2,1,10.00,2,1590.00
2025-09-18T16:40:00.000Z,2025-09-19T04:08:00.000Z,BUY,0.01,1,1,10.00,1,1600.00
2025-09-19T04:08:00.000Z,2025-09-19T07:07:00.000Z,BUY,0.01,1,1,10.00,1,1610.00
2025-09-19T07:07:00.000Z,2025-09-19T18:03:00.000Z,BUY,0.01,1,1,10.00,1,1620.00
2025-09-19T18:03:00.000Z,2025-09-22T08:42:00.000Z,SELL,0.01,2,1,10.00,2,1630.00
2025-09-22T08:42:00.000Z,2025-09-22T18:24:00.000Z,SELL,0.01,2,1,10.00,2,1640.00
2025-09-22T18:24:00.000Z,2025-09-23T04:45:00.000Z,SELL,0.01,2,1,10.00,2,1650.00
2025-09-23T04:45:00.000Z,2025-09-23T05:07:00.000Z,SELL,0.01,1,1,10.00,1,1660.00
2025-09-23T05:07:00.000Z,2025-09-23T05:53:00.000Z,SELL,0.01,1,1,10.00,1,1670.00
2025-09-23T05:53:00.000Z,2025-09-23T11:40:00.000Z,SELL,0.01,2,1,10.00,2,1680.00
2025-09-23T11:40:00.000Z,2025-09-23T21:58:00.000Z,SELL,0.01,3,1,10.00,3,1690.00
2025-09-23T21:58:00.000Z,2025-09-24T18:31:00.000Z,SELL,0.01,3,1,10.00,3,1700.00
2025-09-24T18:31:00.000Z,2025-09-24T22:22:00.000Z,BUY,0.01,2,1,10.00,2,1710.00
2025-09-24T22:22:00.000Z,2025-09-24T22:45:00.000Z,BUY,0.01,1,1,10.00,1,1720.00
2025-09-24T22:45:00.000Z,2025-09-25T01:00:00.000Z,BUY,0.01,1,1,10.00,1,1730.00
2025-09-25T01:00:00.000Z,2025-09-25T03:13:00.000Z,BUY,0.01,1,1,10.00,1,1740.00
2025-09-25T03:13:00.000Z,2025-09-25T11:14:00.000Z,BUY,0.01,1,1,10.00,1,1750.00
2025-09-25T11:14:00.000Z,2025-09-25T16:40:00.000Z,BUY,0.01,2,1,10.00,2,1760.00
2025-09-25T16:40:00.000Z,2025-09-26T16:08:00.000Z,SELL,0.01,2,1,10.00,2,1770.00
2025-09-26T16:08:00.000Z,2025-09-29T05:19:00.000Z,SELL,0.01,4,1,10.00,4,1780.00
2025-09-29T05:19:00.000Z,2025-09-29T09:43:00.000Z,SELL,0.01,2,1,10.00,2,1790.00
2025-09-29T09:43:00.000Z,2025-09-29T10:40:00.000Z,SELL,0.01,1,1,10.00,1,1800.00
2025-09-29T10:40:00.000Z,2025-09-30T03:05:00.000Z,SELL,0.01,2,1,10.00,2,1810.00
2025-09-30T03:05:00.000Z,2025-09-30T08:03:00.000Z,SELL,0.01,2,1,10.00,2,1820.00
2025-09-30T08:03:00.000Z,2025-09-30T09:53:00.000Z,SELL,0.01,1,1,10.00,1,1830.00
2025-09-30T09:53:00.000Z,2025-09-30T10:41:00.000Z,SELL,0.01,1,1,10.00,1,1840.00
2025-09-30T10:41:00.000Z,2025-09-30T11:07:00.000Z,SELL,0.01,1,1,10.00,1,1850.00
2025-09-30T11:07:00.000Z,2025-09-30T11:21:00.000Z,SELL,0.01,1,1,10.00,1,1860.00
2025-09-30T11:21:00.000Z,2025-09-30T11:31:00.000Z,SELL,0.01,1,1,10.00,1,1870.00
2025-09-30T11:31:00.000Z,2025-09-30T12:11:00.000Z,SELL,0.01,1,1,10.00,1,1880.00
2025-09-30T12:11:00.000Z,2025-09-30T12:13:00.000Z,SELL,0.01,1,1,10.00,1,1890.00
2025-09-30T12:13:00.000Z,2025-09-30T16:47:00.000Z,SELL,0.01,2,1,10.00,2,1900.00
2025-09-30T16:47:00.000Z,2025-09-30T17:09:00.000Z,BUY,0.01,1,1,10.00,1,1910.00
2025-09-30T17:09:00.000Z,2025-09-30T17:16:00.000Z,BUY,0.01,1,1,10.00,1,1920.00
2025-09-30T17:16:00.000Z,2025-09-30T22:52:00.000Z,BUY,0.01,1,1,10.00,1,1930.00
2025-09-30T22:52:00.000Z,2025-10-01T11:12:00.000Z,SELL,0.01,2,1,10.00,2,1940.00
2025-10-01T11:12:00.000Z,2025-10-01T15:27:00.000Z,SELL,0.01,1,1,10.00,1,1950.00
2025-10-01T15:27:00.000Z,2025-10-01T15:55:00.000Z,SELL,0.01,1,1,10.00,1,1960.00
2025-10-01T15:55:00.000Z,2025-10-01T17:48:00.000Z,SELL,0.01,1,1,10.00,1,1970.00
2025-10-01T17:48:00.000Z,2025-10-02T15:03:00.000Z,SELL,0.01,2,1,10.00,2,1980.00
2025-10-02T15:03:00.000Z,2025-10-02T16:50:00.000Z,SELL,0.01,1,1,10.00,1,1990.00
2025-10-02T16:50:00.000Z,2025-10-02T17:17:00.000Z,SELL,0.01,1,1,10.00,1,2000.00
2025-10-02T17:17:00.000Z,2025-10-02T17:34:00.000Z,SELL,0.01,1,1,10.00,1,2010.00
2025-10-02T17:34:00.000Z,2025-10-02T17:37:00.000Z,SELL,0.01,1,1,10.00,1,2020.00
2025-10-02T17:37:00.000Z,2025-10-02T17:46:00.000Z,SELL,0.01,1,1,10.00,1,2030.00
2025-10-02T17:46:00.000Z,2025-10-02T17:53:00.000Z,SELL,0.01,1,1,10.00,1,2040.00
2025-10-02T17:53:00.000Z,2025-10-02T22:04:00.000Z,SELL,0.01,2,1,10.00,2,2050.00
2025-10-02T22:04:00.000Z,2025-10-03T13:15:00.000Z,BUY,0.01,1,1,10.00,1,2060.00
2025-10-03T13:15:00.000Z,2025-10-03T14:34:00.000Z,SELL,0.01,1,1,10.00,1,2070.00
2025-10-03T14:34:00.000Z,2025-10-03T16:41:00.000Z,SELL,0.01,2,1,10.00,2,2080.00
2025-10-03T16:41:00.000Z,2025-10-03T17:08:00.000Z,SELL,0.01,1,1,10.00,1,2090.00
2025-10-03T17:08:00.000Z,2025-10-06T02:02:00.000Z,SELL,0.01,2,1,10.00,2,2100.00
2025-10-06T02:02:00.000Z,2025-10-06T07:35:00.000Z,SELL,0.01,2,1,10.00,2,2110.00
2025-10-06T07:35:00.000Z,2025-10-06T09:06:00.000Z,SELL,0.01,1,1,10.00,1,2120.00
2025-10-06T09:06:00.000Z,2025-10-06T17:34:00.000Z,SELL,0.01,2,1,10.00,2,2130.00
2025-10-06T17:34:00.000Z,2025-10-07T10:22:00.000Z,SELL,0.01,3,1,10.00,3,2140.00
2025-10-07T10:22:00.000Z,2025-10-07T15:49:00.000Z,SELL,0.01,2,1,10.00,2,2150.00
2025-10-07T15:49:00.000Z,2025-10-07T18:49:00.000Z,SELL,0.01,1,1,10.00,1,2160.00
2025-10-07T18:49:00.000Z,2025-10-08T02:48:00.000Z,SELL,0.01,2,1,10.00,2,2170.00
2025-10-08T02:48:00.000Z,2025-10-08T04:09:00.000Z,SELL,0.01,1,1,10.00,1,2180.00
2025-10-08T04:09:00.000Z,2025-10-08T06:47:00.000Z,SELL,0.01,2,1,10.00,2,2190.00
2025-10-08T06:47:00.000Z,2025-10-08T12:46:00.000Z,SELL,0.01,2,1,10.00,2,2200.00
2025-10-08T12:46:00.000Z,2025-10-08T13:35:00.000Z,SELL,0.01,1,1,10.00,1,2210.00
2025-10-08T13:35:00.000Z,2025-10-09T01:09:00.000Z,SELL,0.01,3,1,10.00,3,2220.00
2025-10-09T01:09:00.000Z,2025-10-09T02:04:00.000Z,SELL,0.01,1,1,10.00,1,2230.00
2025-10-09T02:04:00.000Z,2025-10-09T02:50:00.000Z,SELL,0.01,1,1,10.00,1,2240.00
2025-10-09T02:50:00.000Z,2025-10-09T04:33:00.000Z,SELL,0.01,2,1,10.00,2,2250.00
2025-10-09T04:33:00.000Z,2025-10-09T04:50:00.000Z,SELL,0.01,1,1,10.00,1,2260.00
2025-10-09T04:50:00.000Z,2025-10-09T05:02:00.000Z,SELL,0.01,1,1,10.00,1,2270.00
2025-10-09T05:02:00.000Z,2025-10-09T05:17:00.000Z,SELL,0.01,1,1,10.00,1,2280.00
2025-10-09T05:17:00.000Z,2025-10-09T07:14:00.000Z,SELL,0.01,2,1,10.00,2,2290.00
2025-10-09T07:14:00.000Z,2025-10-09T16:47:00.000Z,SELL,0.01,3,1,10.00,3,2300.00
2025-10-09T16:47:00.000Z,2025-10-09T17:23:00.000Z,SELL,0.01,1,1,10.00,1,2310.00
2025-10-09T17:23:00.000Z,2025-10-09T19:34:00.000Z,SELL,0.01,1,1,10.00,1,2320.00
2025-10-09T19:34:00.000Z,2025-10-09T19:54:00.000Z,BUY,0.01,2,1,10.00,2,2330.00
2025-10-09T19:54:00.000Z,2025-10-10T02:25:00.000Z,BUY,0.01,3,1,10.00,3,2340.00
2025-10-10T02:25:00.000Z,2025-10-10T03:17:00.000Z,BUY,0.01,1,1,10.00,1,2350.00
2025-10-10T03:17:00.000Z,2025-10-10T06:27:00.000Z,BUY,0.01,2,1,10.00,2,2360.00
2025-10-10T06:27:00.000Z,2025-10-10T06:30:00.000Z,BUY,0.01,1,1,10.00,1,2370.00
2025-10-10T06:30:00.000Z,2025-10-10T11:09:00.000Z,BUY,0.01,5,1,10.00,5,2380.00
2025-10-10T11:09:00.000Z,2025-10-10T11:47:00.000Z,BUY,0.01,1,1,10.00,1,2390.00
2025-10-10T11:47:00.000Z,2025-10-10T12:46:00.000Z,BUY,0.01,1,1,10.00,1,2400.00
2025-10-10T12:46:00.000Z,2025-10-10T17:03:00.000Z,BUY,0.01,2,1,10.00,2,2410.00
2025-10-10T17:03:00.000Z,2025-10-10T17:19:00.000Z,BUY,0.01,1,1,10.00,1,2420.00
2025-10-10T17:19:00.000Z,2025-10-10T18:00:00.000Z,BUY,0.01,1,1,10.00,1,2430.00
2025-10-10T18:00:00.000Z,2025-10-10T18:06:00.000Z,BUY,0.01,1,1,10.00,1,2440.00
2025-10-10T18:06:00.000Z,2025-10-10T18:24:00.000Z,BUY,0.01,1,1,10.00,1,2450.00
2025-10-10T18:24:00.000Z,2025-10-10T19:06:00.000Z,BUY,0.01,2,1,10.00,2,2460.00
2025-10-10T19:06:00.000Z,2025-10-10T19:11:00.000Z,BUY,0.01,1,1,10.00,1,2470.00
2025-10-10T19:11:00.000Z,2025-10-10T21:23:00.000Z,BUY,0.01,1,1,10.00,1,2480.00
2025-10-10T21:23:00.000Z,2025-10-10T22:43:00.000Z,BUY,0.01,1,1,10.00,1,2490.00
2025-10-10T22:43:00.000Z,2025-10-13T01:00:00.000Z,SELL,0.01,1,1,10.00,1,2500.00
2025-10-13T01:00:00.000Z,2025-10-13T01:24:00.000Z,SELL,0.01,2,1,10.00,2,2510.00
2025-10-13T01:24:00.000Z,2025-10-13T03:21:00.000Z,SELL,0.01,3,1,10.00,3,2520.00
2025-10-13T03:21:00.000Z,2025-10-13T03:44:00.000Z,SELL,0.01,2,1,10.00,2,2530.00
2025-10-13T03:44:00.000Z,2025-10-13T03:48:00.000Z,SELL,0.01,1,1,10.00,1,2540.00
2025-10-13T03:48:00.000Z,2025-10-13T08:32:00.000Z,SELL,0.01,2,1,10.00,2,2550.00
2025-10-13T08:32:00.000Z,2025-10-13T08:57:00.000Z,SELL,0.01,1,1,10.00,1,2560.00
2025-10-13T08:57:00.000Z,2025-10-13T16:54:00.000Z,SELL,0.01,2,1,10.00,2,2570.00
2025-10-13T16:54:00.000Z,2025-10-14T02:34:00.000Z,SELL,0.01,4,1,10.00,4,2580.00
2025-10-14T02:34:00.000Z,2025-10-14T06:12:00.000Z,SELL,0.01,2,1,10.00,2,2590.00
2025-10-14T06:12:00.000Z,2025-10-14T08:38:00.000Z,SELL,0.01,3,1,10.00,3,2600.00
2025-10-14T08:38:00.000Z,2025-10-14T08:41:00.000Z,SELL,0.01,1,1,10.00,1,2610.00
2025-10-14T08:41:00.000Z,2025-10-14T08:44:00.000Z,SELL,0.01,1,1,10.00,1,2620.00
2025-10-14T08:44:00.000Z,2025-10-14T08:57:00.000Z,SELL,0.01,1,1,10.00,1,2630.00
2025-10-14T08:57:00.000Z,2025-10-14T09:22:00.000Z,SELL,0.01,3,1,10.00,3,2640.00
2025-10-14T09:22:00.000Z,2025-10-14T09:23:00.000Z,SELL,0.01,1,1,10.00,1,2650.00
2025-10-14T09:23:00.000Z,2025-10-14T10:17:00.000Z,SELL,0.01,4,1,10.00,4,2660.00
2025-10-14T10:17:00.000Z,2025-10-14T15:32:00.000Z,SELL,0.01,5,1,10.00,5,2670.00
2025-10-14T15:32:00.000Z,2025-10-14T16:00:00.000Z,SELL,0.01,1,1,10.00,1,2680.00
2025-10-14T16:00:00.000Z,2025-10-14T17:10:00.000Z,SELL,0.01,2,1,10.00,2,2690.00
2025-10-14T17:10:00.000Z,2025-10-15T01:15:00.000Z,SELL,0.01,2,1,10.00,2,2700.00
2025-10-15T01:15:00.000Z,2025-10-15T01:26:00.000Z,SELL,0.01,1,1,10.00,1,2710.00
2025-10-15T01:26:00.000Z,2025-10-15T04:12:00.000Z,SELL,0.01,2,1,10.00,2,2720.00
2025-10-15T04:12:00.000Z,2025-10-15T05:31:00.000Z,SELL,0.01,1,1,10.00,1,2730.00
2025-10-15T05:31:00.000Z,2025-10-15T10:37:00.000Z,SELL,0.01,2,1,10.00,2,2740.00
2025-10-15T10:37:00.000Z,2025-10-15T12:19:00.000Z,SELL,0.01,1,1,10.00,1,2750.00
2025-10-15T12:19:00.000Z,2025-10-15T12:21:00.000Z,SELL,0.01,1,1,10.00,1,2760.00
2025-10-15T12:21:00.000Z,2025-10-15T12:21:00.000Z,SELL,0.01,1,1,10.00,1,2770.00
2025-10-15T12:21:00.000Z,2025-10-15T13:16:00.000Z,SELL,0.01,2,1,10.00,2,2780.00
2025-10-15T13:16:00.000Z,2025-10-15T13:43:00.000Z,SELL,0.01,1,1,10.00,1,2790.00
2025-10-15T13:43:00.000Z,2025-10-15T15:21:00.000Z,SELL,0.01,1,1,10.00,1,2800.00
2025-10-15T15:21:00.000Z,2025-10-15T17:12:00.000Z,SELL,0.01,2,1,10.00,2,2810.00
2025-10-15T17:12:00.000Z,2025-10-15T17:35:00.000Z,SELL,0.01,1,1,10.00,1,2820.00
2025-10-15T17:35:00.000Z,2025-10-15T18:34:00.000Z,SELL,0.01,1,1,10.00,1,2830.00
2025-10-15T18:34:00.000Z,2025-10-15T18:51:00.000Z,SELL,0.01,1,1,10.00,1,2840.00
2025-10-15T18:51:00.000Z,2025-10-15T22:19:00.000Z,SELL,0.01,2,1,10.00,2,2850.00
2025-10-15T22:19:00.000Z,2025-10-16T01:15:00.000Z,SELL,0.01,1,1,10.00,1,2860.00
2025-10-16T01:15:00.000Z,2025-10-16T04:41:00.000Z,SELL,0.01,2,1,10.00,2,2870.00
2025-10-16T04:41:00.000Z,2025-10-16T08:30:00.000Z,SELL,0.01,1,1,10.00,1,2880.00
2025-10-16T08:30:00.000Z,2025-10-16T08:33:00.000Z,SELL,0.01,1,1,10.00,1,2890.00
2025-10-16T08:33:00.000Z,2025-10-16T12:58:00.000Z,SELL,0.01,2,1,10.00,2,2900.00
2025-10-16T12:58:00.000Z,2025-10-16T15:40:00.000Z,SELL,0.01,1,1,10.00,1,2910.00
2025-10-16T15:40:00.000Z,2025-10-16T17:05:00.000Z,SELL,0.01,2,1,10.00,2,2920.00
2025-10-16T17:05:00.000Z,2025-10-16T19:18:00.000Z,SELL,0.01,2,1,10.00,2,2930.00
2025-10-16T19:18:00.000Z,2025-10-16T19:34:00.000Z,SELL,0.01,1,1,10.00,1,2940.00
2025-10-16T19:34:00.000Z,2025-10-16T19:39:00.000Z,SELL,0.01,1,1,10.00,1,2950.00
2025-10-16T19:39:00.000Z,2025-10-16T22:53:00.000Z,SELL,0.01,2,1,10.00,2,2960.00
2025-10-16T22:53:00.000Z,2025-10-16T23:54:00.000Z,SELL,0.01,2,1,10.00,2,2970.00
2025-10-16T23:54:00.000Z,2025-10-17T01:10:00.000Z,SELL,0.01,2,1,10.00,2,2980.00
2025-10-17T01:10:00.000Z,2025-10-17T01:35:00.000Z,SELL,0.01,3,1,10.00,3,2990.00
2025-10-17T01:35:00.000Z,2025-10-17T02:51:00.000Z,SELL,0.01,2,1,10.00,2,3000.00
2025-10-17T02:51:00.000Z,2025-10-17T02:54:00.000Z,SELL,0.01,1,1,10.00,1,3010.00
2025-10-17T02:54:00.000Z,2025-10-17T03:13:00.000Z,SELL,0.01,1,1,10.00,1,3020.00
2025-10-17T03:13:00.000Z,2025-10-17T04:03:00.000Z,SELL,0.01,1,1,10.00,1,3030.00
2025-10-17T04:03:00.000Z,2025-10-17T04:17:00.000Z,SELL,0.01,1,1,10.00,1,3040.00
2025-10-17T04:17:00.000Z,2025-10-17T04:17:00.000Z,SELL,0.01,1,1,10.00,1,3050.00
2025-10-17T04:17:00.000Z,2025-10-17T04:38:00.000Z,SELL,0.01,1,1,10.00,1,3060.00
2025-10-17T04:38:00.000Z,2025-10-17T04:42:00.000Z,SELL,0.01,1,1,10.00,1,3070.00
2025-10-17T04:42:00.000Z,2025-10-17T04:43:00.000Z,SELL,0.01,1,1,10.00,1,3080.00
2025-10-17T04:43:00.000Z,2025-10-17T04:44:00.000Z,SELL,0.01,1,1,10.00,1,3090.00
2025-10-17T04:44:00.000Z,2025-10-17T05:00:00.000Z,SELL,0.01,2,1,10.00,2,3100.00
2025-10-17T05:00:00.000Z,2025-10-17T05:50:00.000Z,SELL,0.01,2,1,10.00,2,3110.00
2025-10-17T05:50:00.000Z,2025-10-17T07:03:00.000Z,SELL,0.01,2,1,10.00,2,3120.00
2025-10-17T07:03:00.000Z,2025-10-17T07:16:00.000Z,SELL,0.01,1,1,10.00,1,3130.00
2025-10-17T07:16:00.000Z,2025-10-17T07:23:00.000Z,SELL,0.01,1,1,10.00,1,3140.00
2025-10-17T07:23:00.000Z,2025-10-17T08:32:00.000Z,SELL,0.01,3,1,10.00,3,3150.00
2025-10-17T08:32:00.000Z,2025-10-17T10:20:00.000Z,SELL,0.01,3,1,10.00,3,3160.00
2025-10-17T10:20:00.000Z,2025-10-17T10:20:00.000Z,SELL,0.01,1,1,10.00,1,3170.00
2025-10-17T10:20:00.000Z,2025-10-17T10:20:00.000Z,SELL,0.01,1,1,10.00,1,3180.00
2025-10-17T10:20:00.000Z,2025-10-17T10:24:00.000Z,SELL,0.01,2,1,10.00,2,3190.00
2025-10-17T10:24:00.000Z,2025-10-17T10:30:00.000Z,SELL,0.01,1,1,10.00,1,3200.00
2025-10-17T10:30:00.000Z,2025-10-17T11:07:00.000Z,SELL,0.01,1,1,10.00,1,3210.00
2025-10-17T11:07:00.000Z,2025-10-17T14:31:00.000Z,SELL,0.01,3,1,10.00,3,3220.00
2025-10-17T14:31:00.000Z,2025-10-17T14:51:00.000Z,SELL,0.01,1,1,10.00,1,3230.00
2025-10-17T14:51:00.000Z,2025-10-17T14:56:00.000Z,SELL,0.01,1,1,10.00,1,3240.00
2025-10-17T14:56:00.000Z,2025-10-17T16:35:00.000Z,SELL,0.01,5,1,10.00,5,3250.00
2025-10-17T16:35:00.000Z,2025-10-17T16:35:00.000Z,SELL,0.01,1,1,10.00,1,3260.00
2025-10-17T16:35:00.000Z,2025-10-17T16:35:00.000Z,SELL,0.01,1,1,10.00,1,3270.00
2025-10-17T16:35:00.000Z,2025-10-17T16:35:00.000Z,SELL,0.01,2,1,10.00,2,3280.00
2025-10-17T16:35:00.000Z,2025-10-17T16:35:00.000Z,SELL,0.01,1,1,10.00,1,3290.00
2025-10-17T16:35:00.000Z,2025-10-17T16:36:00.000Z,SELL,0.01,1,1,10.00,1,3300.00
2025-10-17T16:36:00.000Z,2025-10-17T16:37:00.000Z,SELL,0.01,1,1,10.00,1,3310.00
2025-10-17T16:37:00.000Z,2025-10-17T16:46:00.000Z,SELL,0.01,2,1,10.00,2,3320.00
2025-10-17T16:46:00.000Z,2025-10-17T16:48:00.000Z,SELL,0.01,1,1,10.00,1,3330.00
2025-10-17T16:48:00.000Z,2025-10-17T17:00:00.000Z,SELL,0.01,1,1,10.00,1,3340.00
2025-10-17T17:00:00.000Z,2025-10-17T17:01:00.000Z,SELL,0.01,1,1,10.00,1,3350.00
2025-10-17T17:01:00.000Z,2025-10-17T17:03:00.000Z,SELL,0.01,1,1,10.00,1,3360.00
2025-10-17T17:03:00.000Z,2025-10-17T17:03:00.000Z,SELL,0.01,1,1,10.00,1,3370.00
2025-10-17T17:03:00.000Z,2025-10-17T17:05:00.000Z,SELL,0.01,1,1,10.00,1,3380.00
2025-10-17T17:05:00.000Z,2025-10-17T17:14:00.000Z,SELL,0.01,3,1,10.00,3,3390.00
2025-10-17T17:14:00.000Z,2025-10-17T17:38:00.000Z,SELL,0.01,4,1,10.00,4,3400.00
2025-10-17T17:38:00.000Z,2025-10-17T17:38:00.000Z,SELL,0.01,1,1,10.00,1,3410.00
2025-10-17T17:38:00.000Z,2025-10-17T19:07:00.000Z,SELL,0.01,3,1,10.00,3,3420.00
2025-10-17T19:07:00.000Z,2025-10-17T20:02:00.000Z,BUY,0.01,2,1,10.00,2,3430.00
2025-10-17T20:02:00.000Z,2025-10-17T20:22:00.000Z,BUY,0.01,1,1,10.00,1,3440.00
2025-10-17T20:22:00.000Z,2025-10-17T20:41:00.000Z,BUY,0.01,1,1,10.00,1,3450.00
2025-10-17T20:41:00.000Z,2025-10-17T21:06:00.000Z,BUY,0.01,1,1,10.00,1,3460.00
2025-10-17T21:06:00.000Z,2025-10-17T21:11:00.000Z,BUY,0.01,1,1,10.00,1,3470.00
2025-10-17T21:11:00.000Z,2025-10-17T23:56:00.000Z,BUY,0.01,3,1,10.00,3,3480.00
2025-10-17T23:56:00.000Z,2025-10-20T01:03:00.000Z,BUY,0.01,1,1,10.00,1,3490.00
2025-10-20T01:03:00.000Z,2025-10-20T01:03:00.000Z,BUY,0.01,1,1,10.00,1,3500.00
2025-10-20T01:03:00.000Z,2025-10-20T02:16:00.000Z,BUY,0.01,2,1,10.00,2,3510.00
2025-10-20T02:16:00.000Z,2025-10-20T04:12:00.000Z,BUY,0.01,3,1,10.00,3,3520.00
2025-10-20T04:12:00.000Z,2025-10-20T04:27:00.000Z,BUY,0.01,1,1,10.00,1,3530.00
2025-10-20T04:27:00.000Z,2025-10-20T09:04:00.000Z,BUY,0.01,2,1,10.00,2,3540.00
2025-10-20T09:04:00.000Z,2025-10-20T09:10:00.000Z,BUY,0.01,1,1,10.00,1,3550.00
2025-10-20T09:10:00.000Z,2025-10-20T10:12:00.000Z,BUY,0.01,3,1,10.00,3,3560.00
2025-10-20T10:12:00.000Z,2025-10-20T11:33:00.000Z,BUY,0.01,1,1,10.00,1,3570.00
2025-10-20T11:33:00.000Z,2025-10-20T14:59:00.000Z,BUY,0.01,1,1,10.00,1,3580.00
2025-10-20T14:59:00.000Z,2025-10-20T15:14:00.000Z,BUY,0.01,1,1,10.00,1,3590.00
2025-10-20T15:14:00.000Z,2025-10-20T15:19:00.000Z,BUY,0.01,1,1,10.00,1,3600.00
2025-10-20T15:19:00.000Z,2025-10-20T15:33:00.000Z,BUY,0.01,1,1,10.00,1,3610.00
2025-10-20T15:33:00.000Z,2025-10-20T15:36:00.000Z,BUY,0.01,1,1,10.00,1,3620.00
2025-10-20T15:36:00.000Z,2025-10-20T15:58:00.000Z,BUY,0.01,1,1,10.00,1,3630.00
2025-10-20T15:58:00.000Z,2025-10-20T17:02:00.000Z,BUY,0.01,2,1,10.00,2,3640.00
2025-10-20T17:02:00.000Z,2025-10-20T17:19:00.000Z,SELL,0.01,2,1,10.00,2,3650.00
2025-10-20T17:19:00.000Z,2025-10-20T18:18:00.000Z,SELL,0.01,2,1,10.00,2,3660.00
2025-10-20T18:18:00.000Z,2025-10-20T18:25:00.000Z,SELL,0.01,1,1,10.00,1,3670.00
2025-10-20T18:25:00.000Z,2025-10-20T22:55:00.000Z,SELL,0.01,2,1,10.00,2,3680.00
2025-10-20T22:55:00.000Z,2025-10-20T23:02:00.000Z,SELL,0.01,1,1,10.00,1,3690.00
2025-10-20T23:02:00.000Z,2025-10-20T23:16:00.000Z,SELL,0.01,1,1,10.00,1,3700.00
2025-10-20T23:16:00.000Z,2025-10-21T04:30:00.000Z,SELL,0.01,3,1,10.00,3,3710.00
2025-10-21T04:30:00.000Z,2025-10-21T04:38:00.000Z,SELL,0.01,1,1,10.00,1,3720.00
2025-10-21T04:38:00.000Z,2025-10-21T08:34:00.000Z,SELL,0.01,3,1,10.00,3,3730.00
2025-10-21T08:34:00.000Z,2025-10-21T10:33:00.000Z,SELL,0.01,3,1,10.00,3,3740.00
2025-10-21T10:33:00.000Z,2025-10-21T10:34:00.000Z,SELL,0.01,1,1,10.00,1,3750.00
2025-10-21T10:34:00.000Z,2025-10-21T11:02:00.000Z,SELL,0.01,1,1,10.00,1,3760.00
2025-10-21T11:02:00.000Z,2025-10-21T11:03:00.000Z,SELL,0.01,1,1,10.00,1,3770.00
2025-10-21T11:03:00.000Z,2025-10-21T11:04:00.000Z,SELL,0.01,1,1,10.00,1,3780.00
2025-10-21T11:04:00.000Z,2025-10-21T11:13:00.000Z,SELL,0.01,1,1,10.00,1,3790.00
2025-10-21T11:13:00.000Z,2025-10-21T11:14:00.000Z,SELL,0.01,1,1,10.00,1,3800.00
2025-10-21T11:14:00.000Z,2025-10-21T15:10:00.000Z,SELL,0.01,5,1,10.00,5,3810.00
2025-10-21T15:10:00.000Z,2025-10-21T15:10:00.000Z,BUY,0.01,1,1,10.00,1,3820.00
2025-10-21T15:10:00.000Z,2025-10-21T15:12:00.000Z,BUY,0.01,2,1,10.00,2,3830.00
2025-10-21T15:12:00.000Z,2025-10-21T15:12:00.000Z,BUY,0.01,1,1,10.00,1,3840.00
2025-10-21T15:12:00.000Z,2025-10-21T16:01:00.000Z,BUY,0.01,2,1,10.00,2,3850.00
2025-10-21T16:01:00.000Z,2025-10-21T16:37:00.000Z,BUY,0.01,1,1,10.00,1,3860.00
2025-10-21T16:37:00.000Z,2025-10-21T16:37:00.000Z,BUY,0.01,1,1,10.00,1,3870.00
2025-10-21T16:37:00.000Z,2025-10-21T16:47:00.000Z,BUY,0.01,2,1,10.00,2,3880.00
2025-10-21T16:47:00.000Z,2025-10-21T17:20:00.000Z,BUY,0.01,2,1,10.00,2,3890.00
2025-10-21T17:20:00.000Z,2025-10-21T17:29:00.000Z,BUY,0.01,2,1,10.00,2,3900.00
2025-10-21T17:29:00.000Z,2025-10-21T17:29:00.000Z,BUY,0.01,1,1,10.00,1,3910.00
2025-10-21T17:29:00.000Z,2025-10-21T17:42:00.000Z,BUY,0.01,2,1,10.00,2,3920.00
2025-10-21T17:42:00.000Z,2025-10-21T17:45:00.000Z,BUY,0.01,2,1,10.00,2,3930.00
2025-10-21T17:45:00.000Z,2025-10-21T17:45:00.000Z,BUY,0.01,1,1,10.00,1,3940.00
2025-10-21T17:45:00.000Z,2025-10-21T17:45:00.000Z,BUY,0.01,1,1,10.00,1,3950.00
2025-10-21T17:45:00.000Z,2025-10-21T17:48:00.000Z,BUY,0.01,1,1,10.00,1,3960.00
2025-10-21T17:48:00.000Z,2025-10-21T17:54:00.000Z,BUY,0.01,1,1,10.00,1,3970.00
2025-10-21T17:54:00.000Z,2025-10-21T17:59:00.000Z,BUY,0.01,1,1,10.00,1,3980.00
2025-10-21T17:59:00.000Z,2025-10-21T18:11:00.000Z,BUY,0.01,1,1,10.00,1,3990.00
2025-10-21T18:11:00.000Z,2025-10-21T19:30:00.000Z,BUY,0.01,4,1,10.00,4,4000.00
2025-10-21T19:30:00.000Z,2025-10-21T19:53:00.000Z,BUY,0.01,1,1,10.00,1,4010.00
2025-10-21T19:53:00.000Z,2025-10-21T20:27:00.000Z,BUY,0.01,2,1,10.00,2,4020.00
2025-10-21T20:27:00.000Z,2025-10-21T20:27:00.000Z,BUY,0.01,1,1,10.00,1,4030.00
2025-10-21T20:27:00.000Z,2025-10-21T20:34:00.000Z,BUY,0.01,1,1,10.00,1,4040.00
2025-10-21T20:34:00.000Z,2025-10-21T21:37:00.000Z,BUY,0.01,1,1,10.00,1,4050.00
2025-10-21T21:37:00.000Z,2025-10-22T02:58:00.000Z,BUY,0.01,4,1,10.00,4,4060.00
2025-10-22T02:58:00.000Z,2025-10-22T03:02:00.000Z,BUY,0.01,2,1,10.00,2,4070.00
2025-10-22T03:02:00.000Z,2025-10-22T03:02:00.000Z,BUY,0.01,1,1,10.00,1,4080.00
2025-10-22T03:02:00.000Z,2025-10-22T03:02:00.000Z,BUY,0.01,1,1,10.00,1,4090.00
2025-10-22T03:02:00.000Z,2025-10-22T03:05:00.000Z,BUY,0.01,2,1,10.00,2,4100.00
2025-10-22T03:05:00.000Z,2025-10-22T03:10:00.000Z,BUY,0.01,2,1,10.00,2,4110.00
2025-10-22T03:10:00.000Z,2025-10-22T03:10:00.000Z,BUY,0.01,1,1,10.00,1,4120.00
2025-10-22T03:10:00.000Z,2025-10-22T03:12:00.000Z,BUY,0.01,2,1,10.00,2,4130.00
2025-10-22T03:12:00.000Z,2025-10-22T03:13:00.000Z,BUY,0.01,1,1,10.00,1,4140.00
2025-10-22T03:13:00.000Z,2025-10-22T03:14:00.000Z,BUY,0.01,1,1,10.00,1,4150.00
2025-10-22T03:14:00.000Z,2025-10-22T03:14:00.000Z,BUY,0.01,1,1,10.00,1,4160.00
2025-10-22T03:14:00.000Z,2025-10-22T03:15:00.000Z,BUY,0.01,1,1,10.00,1,4170.00
2025-10-22T03:15:00.000Z,2025-10-22T03:19:00.000Z,BUY,0.01,1,1,10.00,1,4180.00
2025-10-22T03:19:00.000Z,2025-10-22T03:34:00.000Z,BUY,0.01,1,1,10.00,1,4190.00
2025-10-22T03:34:00.000Z,2025-10-22T03:35:00.000Z,BUY,0.01,1,1,10.00,1,4200.00
2025-10-22T03:35:00.000Z,2025-10-22T03:47:00.000Z,BUY,0.01,1,1,10.00,1,4210.00
2025-10-22T03:47:00.000Z,2025-10-22T04:04:00.000Z,BUY,0.01,3,1,10.00,3,4220.00
2025-10-22T04:04:00.000Z,2025-10-22T04:06:00.000Z,BUY,0.01,1,1,10.00,1,4230.00
2025-10-22T04:06:00.000Z,2025-10-22T04:11:00.000Z,BUY,0.01,1,1,10.00,1,4240.00
2025-10-22T04:11:00.000Z,2025-10-22T04:40:00.000Z,BUY,0.01,2,1,10.00,2,4250.00
2025-10-22T04:40:00.000Z,2025-10-22T04:43:00.000Z,BUY,0.01,1,1,10.00,1,4260.00
2025-10-22T04:43:00.000Z,2025-10-22T05:09:00.000Z,BUY,0.01,1,1,10.00,1,4270.00
2025-10-22T05:09:00.000Z,2025-10-22T06:25:00.000Z,BUY,0.01,1,1,10.00,1,4280.00
2025-10-22T06:25:00.000Z,2025-10-22T06:34:00.000Z,BUY,0.01,1,1,10.00,1,4290.00
2025-10-22T06:34:00.000Z,2025-10-22T06:42:00.000Z,BUY,0.01,1,1,10.00,1,4300.00
2025-10-22T06:42:00.000Z,2025-10-22T07:12:00.000Z,BUY,0.01,2,1,10.00,2,4310.00
2025-10-22T07:12:00.000Z,2025-10-22T07:13:00.000Z,BUY,0.01,1,1,10.00,1,4320.00
2025-10-22T07:13:00.000Z,2025-10-22T07:19:00.000Z,BUY,0.01,1,1,10.00,1,4330.00
2025-10-22T07:19:00.000Z,2025-10-22T08:07:00.000Z,BUY,0.01,1,1,10.00,1,4340.00
2025-10-22T08:07:00.000Z,2025-10-22T09:37:00.000Z,BUY,0.01,1,1,10.00,1,4350.00
2025-10-22T09:37:00.000Z,2025-10-22T09:47:00.000Z,BUY,0.01,1,1,10.00,1,4360.00
2025-10-22T09:47:00.000Z,2025-10-22T10:06:00.000Z,BUY,0.01,2,1,10.00,2,4370.00
2025-10-22T10:06:00.000Z,2025-10-22T10:06:00.000Z,BUY,0.01,1,1,10.00,1,4380.00
2025-10-22T10:06:00.000Z,2025-10-22T11:05:00.000Z,BUY,0.01,2,1,10.00,2,4390.00
2025-10-22T11:05:00.000Z,2025-10-22T11:15:00.000Z,BUY,0.01,2,1,10.00,2,4400.00
2025-10-22T11:15:00.000Z,2025-10-22T11:20:00.000Z,BUY,0.01,3,1,10.00,3,4410.00
2025-10-22T11:20:00.000Z,2025-10-22T11:21:00.000Z,BUY,0.01,1,1,10.00,1,4420.00
2025-10-22T11:21:00.000Z,2025-10-22T11:23:00.000Z,BUY,0.01,1,1,10.00,1,4430.00
2025-10-22T11:23:00.000Z,2025-10-22T11:46:00.000Z,BUY,0.01,2,1,10.00,2,4440.00
2025-10-22T11:46:00.000Z,2025-10-22T11:52:00.000Z,BUY,0.01,1,1,10.00,1,4450.00
2025-10-22T11:52:00.000Z,2025-10-22T12:51:00.000Z,BUY,0.01,4,1,10.00,4,4460.00
2025-10-22T12:51:00.000Z,2025-10-22T12:58:00.000Z,BUY,0.01,1,1,10.00,1,4470.00
2025-10-22T12:58:00.000Z,2025-10-22T13:24:00.000Z,BUY,0.01,1,1,10.00,1,4480.00
2025-10-22T13:24:00.000Z,2025-10-22T13:41:00.000Z,BUY,0.01,2,1,10.00,2,4490.00
2025-10-22T13:41:00.000Z,2025-10-22T13:41:00.000Z,BUY,0.01,1,1,10.00,1,4500.00
2025-10-22T13:41:00.000Z,2025-10-22T13:56:00.000Z,BUY,0.01,2,1,10.00,2,4510.00
2025-10-22T13:56:00.000Z,2025-10-22T14:24:00.000Z,BUY,0.01,1,1,10.00,1,4520.00
2025-10-22T14:24:00.000Z,2025-10-22T15:49:00.000Z,BUY,0.01,3,1,10.00,3,4530.00
2025-10-22T15:49:00.000Z,2025-10-22T16:04:00.000Z,BUY,0.01,3,1,10.00,3,4540.00
2025-10-22T16:04:00.000Z,2025-10-22T16:37:00.000Z,BUY,0.01,1,1,10.00,1,4550.00
2025-10-22T16:37:00.000Z,2025-10-22T16:40:00.000Z,BUY,0.01,1,1,10.00,1,4560.00
2025-10-22T16:40:00.000Z,2025-10-22T17:22:00.000Z,BUY,0.01,2,1,10.00,2,4570.00
2025-10-22T17:22:00.000Z,2025-10-22T17:45:00.000Z,BUY,0.01,2,1,10.00,2,4580.00
2025-10-22T17:45:00.000Z,2025-10-22T18:08:00.000Z,BUY,0.01,1,1,10.00,1,4590.00
2025-10-22T18:08:00.000Z,2025-10-22T18:12:00.000Z,BUY,0.01,1,1,10.00,1,4600.00
2025-10-22T18:12:00.000Z,2025-10-22T19:32:00.000Z,BUY,0.01,5,1,10.00,5,4610.00
2025-10-22T19:32:00.000Z,2025-10-22T20:49:00.000Z,BUY,0.01,1,1,10.00,1,4620.00
2025-10-22T20:49:00.000Z,2025-10-22T21:05:00.000Z,BUY,0.01,1,1,10.00,1,4630.00
2025-10-22T21:05:00.000Z,2025-10-22T22:03:00.000Z,BUY,0.01,1,1,10.00,1,4640.00
2025-10-22T22:03:00.000Z,2025-10-22T22:23:00.000Z,BUY,0.01,1,1,10.00,1,4650.00
2025-10-22T22:23:00.000Z,2025-10-22T22:29:00.000Z,BUY,0.01,1,1,10.00,1,4660.00
2025-10-22T22:29:00.000Z,2025-10-23T01:03:00.000Z,BUY,0.01,1,1,10.00,1,4670.00
2025-10-23T01:03:00.000Z,2025-10-23T02:12:00.000Z,BUY,0.01,2,1,10.00,2,4680.00
2025-10-23T02:12:00.000Z,2025-10-23T02:13:00.000Z,BUY,0.01,1,1,10.00,1,4690.00
2025-10-23T02:13:00.000Z,2025-10-23T08:55:00.000Z,BUY,0.01,3,1,10.00,3,4700.00
2025-10-23T08:55:00.000Z,2025-10-23T09:00:00.000Z,BUY,0.01,1,1,10.00,1,4710.00
2025-10-23T09:00:00.000Z,2025-10-23T09:06:00.000Z,BUY,0.01,1,1,10.00,1,4720.00
2025-10-23T09:06:00.000Z,2025-10-23T09:14:00.000Z,BUY,0.01,1,1,10.00,1,4730.00
2025-10-23T09:14:00.000Z,2025-10-23T10:35:00.000Z,BUY,0.01,2,1,10.00,2,4740.00
2025-10-23T10:35:00.000Z,2025-10-23T10:37:00.000Z,SELL,0.01,1,1,10.00,1,4750.00
2025-10-23T10:37:00.000Z,2025-10-23T15:40:00.000Z,SELL,0.01,2,1,10.00,2,4760.00
2025-10-23T15:40:00.000Z,2025-10-23T23:00:00.000Z,SELL,0.01,3,1,10.00,3,4770.00
2025-10-23T23:00:00.000Z,2025-10-24T02:32:00.000Z,SELL,0.01,1,1,10.00,1,4780.00
2025-10-24T02:32:00.000Z,2025-10-24T04:03:00.000Z,SELL,0.01,2,1,10.00,2,4790.00
2025-10-24T04:03:00.000Z,2025-10-24T04:37:00.000Z,SELL,0.01,1,1,10.00,1,4800.00
2025-10-24T04:37:00.000Z,2025-10-24T04:52:00.000Z,SELL,0.01,1,1,10.00,1,4810.00
2025-10-24T04:52:00.000Z,2025-10-24T07:24:00.000Z,SELL,0.01,1,1,10.00,1,4820.00
2025-10-24T07:24:00.000Z,2025-10-24T09:03:00.000Z,SELL,0.01,1,1,10.00,1,4830.00
2025-10-24T09:03:00.000Z,2025-10-24T09:10:00.000Z,SELL,0.01,1,1,10.00,1,4840.00
2025-10-24T09:10:00.000Z,2025-10-24T10:52:00.000Z,SELL,0.01,1,1,10.00,1,4850.00
2025-10-24T10:52:00.000Z,2025-10-24T14:03:00.000Z,BUY,0.01,2,1,10.00,2,4860.00
2025-10-24T14:03:00.000Z,2025-10-24T14:07:00.000Z,BUY,0.01,1,1,10.00,1,4870.00
2025-10-24T14:07:00.000Z,2025-10-24T14:49:00.000Z,BUY,0.01,1,1,10.00,1,4880.00
2025-10-24T14:49:00.000Z,2025-10-24T15:30:00.000Z,BUY,0.01,1,1,10.00,1,4890.00
2025-10-24T15:30:00.000Z,2025-10-24T15:30:00.000Z,BUY,0.01,1,1,10.00,1,4900.00
2025-10-24T15:30:00.000Z,2025-10-24T16:06:00.000Z,BUY,0.01,3,1,10.00,3,4910.00
2025-10-24T16:06:00.000Z,2025-10-24T16:07:00.000Z,BUY,0.01,1,1,10.00,1,4920.00
2025-10-24T16:07:00.000Z,2025-10-24T16:16:00.000Z,BUY,0.01,1,1,10.00,1,4930.00
2025-10-24T16:16:00.000Z,2025-10-24T17:12:00.000Z,BUY,0.01,1,1,10.00,1,4940.00
2025-10-24T17:12:00.000Z,2025-10-24T19:28:00.000Z,BUY,0.01,1,1,10.00,1,4950.00
2025-10-24T19:28:00.000Z,2025-10-24T20:58:00.000Z,BUY,0.01,2,1,10.00,2,4960.00
2025-10-24T20:58:00.000Z,2025-10-24T23:11:00.000Z,SELL,0.01,1,1,10.00,1,4970.00
2025-10-24T23:11:00.000Z,2025-10-27T00:00:00.000Z,SELL,0.01,1,1,10.00,1,4980.00
2025-10-27T00:00:00.000Z,2025-10-27T00:01:00.000Z,SELL,0.01,1,1,10.00,1,4990.00
2025-10-27T00:01:00.000Z,2025-10-27T00:01:00.000Z,SELL,0.01,1,1,10.00,1,5000.00
2025-10-27T00:01:00.000Z,2025-10-27T00:10:00.000Z,SELL,0.01,2,1,10.00,2,5010.00
2025-10-27T00:10:00.000Z,2025-10-27T00:44:00.000Z,SELL,0.01,1,1,10.00,1,5020.00
2025-10-27T00:44:00.000Z,2025-10-27T00:46:00.000Z,SELL,0.01,1,1,10.00,1,5030.00
2025-10-27T00:46:00.000Z,2025-10-27T01:43:00.000Z,SELL,0.01,1,1,10.00,1,5040.00
2025-10-27T01:43:00.000Z,2025-10-27T02:34:00.000Z,BUY,0.01,1,1,10.00,1,5050.00
2025-10-27T02:34:00.000Z,2025-10-27T03:05:00.000Z,BUY,0.01,1,1,10.00,1,5060.00
2025-10-27T03:05:00.000Z,2025-10-27T03:09:00.000Z,BUY,0.01,1,1,10.00,1,5070.00
2025-10-27T03:09:00.000Z,2025-10-27T05:02:00.000Z,BUY,0.01,2,1,10.00,2,5080.00
2025-10-27T05:02:00.000Z,2025-10-27T05:10:00.000Z,BUY,0.01,1,1,10.00,1,5090.00
2025-10-27T05:10:00.000Z,2025-10-27T10:53:00.000Z,BUY,0.01,4,1,10.00,4,5100.00
2025-10-27T10:53:00.000Z,2025-10-27T13:39:00.000Z,BUY,0.01,4,1,10.00,4,5110.00
2025-10-27T13:39:00.000Z,2025-10-27T13:47:00.000Z,BUY,0.01,1,1,10.00,1,5120.00
2025-10-27T13:47:00.000Z,2025-10-27T14:03:00.000Z,BUY,0.01,1,1,10.00,1,5130.00
2025-10-27T14:03:00.000Z,2025-10-27T15:00:00.000Z,BUY,0.01,1,1,10.00,1,5140.00
2025-10-27T15:00:00.000Z,2025-10-27T15:47:00.000Z,BUY,0.01,2,1,10.00,2,5150.00
2025-10-27T15:47:00.000Z,2025-10-27T16:24:00.000Z,BUY,0.01,2,1,10.00,2,5160.00
2025-10-27T16:24:00.000Z,2025-10-27T16:27:00.000Z,BUY,0.01,1,1,10.00,1,5170.00
2025-10-27T16:27:00.000Z,2025-10-27T19:47:00.000Z,BUY,0.01,3,1,10.00,3,5180.00
2025-10-27T19:47:00.000Z,2025-10-28T02:20:00.000Z,BUY,0.01,2,1,10.00,2,5190.00
2025-10-28T02:20:00.000Z,2025-10-28T02:30:00.000Z,BUY,0.01,1,1,10.00,1,5200.00
2025-10-28T02:30:00.000Z,2025-10-28T02:35:00.000Z,BUY,0.01,1,1,10.00,1,5210.00
2025-10-28T02:35:00.000Z,2025-10-28T02:51:00.000Z,BUY,0.01,1,1,10.00,1,5220.00
2025-10-28T02:51:00.000Z,2025-10-28T03:07:00.000Z,BUY,0.01,1,1,10.00,1,5230.00
2025-10-28T03:07:00.000Z,2025-10-28T04:39:00.000Z,BUY,0.01,2,1,10.00,2,5240.00
2025-10-28T04:39:00.000Z,2025-10-28T08:07:00.000Z,BUY,0.01,2,1,10.00,2,5250.00
2025-10-28T08:07:00.000Z,2025-10-28T09:31:00.000Z,BUY,0.01,2,1,10.00,2,5260.00
2025-10-28T09:31:00.000Z,2025-10-28T10:58:00.000Z,BUY,0.01,2,1,10.00,2,5270.00
2025-10-28T10:58:00.000Z,2025-10-28T11:44:00.000Z,BUY,0.01,1,1,10.00,1,5280.00
2025-10-28T11:44:00.000Z,2025-10-28T12:42:00.000Z,BUY,0.01,1,1,10.00,1,5290.00
2025-10-28T12:42:00.000Z,2025-10-28T12:53:00.000Z,BUY,0.01,1,1,10.00,1,5300.00
2025-10-28T12:53:00.000Z,2025-10-28T15:59:00.000Z,BUY,0.01,3,1,10.00,3,5310.00
2025-10-28T15:59:00.000Z,2025-10-28T16:27:00.000Z,BUY,0.01,1,1,10.00,1,5320.00
2025-10-28T16:27:00.000Z,2025-10-28T17:13:00.000Z,BUY,0.01,1,1,10.00,1,5330.00
2025-10-28T17:13:00.000Z,2025-10-28T19:14:00.000Z,BUY,0.01,1,1,10.00,1,5340.00
2025-10-28T19:14:00.000Z,2025-10-29T00:07:00.000Z,BUY,0.01,2,1,10.00,2,5350.00
2025-10-29T00:07:00.000Z,2025-10-29T00:07:00.000Z,BUY,0.01,3,1,10.00,3,5360.00
2025-10-29T00:07:00.000Z,2025-10-29T01:45:00.000Z,BUY,0.01,3,1,10.00,3,5370.00
2025-10-29T01:45:00.000Z,2025-10-29T02:28:00.000Z,BUY,0.01,1,1,10.00,1,5380.00
2025-10-29T02:28:00.000Z,2025-10-29T02:43:00.000Z,BUY,0.01,1,1,10.00,1,5390.00
2025-10-29T02:43:00.000Z,2025-10-29T04:35:00.000Z,BUY,0.01,2,1,10.00,2,5400.00
2025-10-29T04:35:00.000Z,2025-10-29T04:59:00.000Z,BUY,0.01,1,1,10.00,1,5410.00
2025-10-29T04:59:00.000Z,2025-10-29T05:39:00.000Z,BUY,0.01,1,1,10.00,1,5420.00
2025-10-29T05:39:00.000Z,2025-10-29T08:46:00.000Z,BUY,0.01,3,1,10.00,3,5430.00
2025-10-29T08:46:00.000Z,2025-10-29T09:12:00.000Z,BUY,0.01,1,1,10.00,1,5440.00
2025-10-29T09:12:00.000Z,2025-10-29T11:09:00.000Z,SELL,0.01,2,1,10.00,2,5450.00
2025-10-29T11:09:00.000Z,2025-10-29T15:13:00.000Z,SELL,0.01,1,1,10.00,1,5460.00
2025-10-29T15:13:00.000Z,2025-10-29T17:46:00.000Z,SELL,0.01,1,1,10.00,1,5470.00
2025-10-29T17:46:00.000Z,2025-10-29T17:51:00.000Z,SELL,0.01,1,1,10.00,1,5480.00
2025-10-29T17:51:00.000Z,2025-10-29T20:01:00.000Z,SELL,0.01,1,1,10.00,1,5490.00
2025-10-29T20:01:00.000Z,2025-10-29T20:35:00.000Z,SELL,0.01,3,1,10.00,3,5500.00
2025-10-29T20:35:00.000Z,2025-10-29T20:36:00.000Z,SELL,0.01,1,1,10.00,1,5510.00
2025-10-29T20:36:00.000Z,2025-10-29T20:40:00.000Z,SELL,0.01,1,1,10.00,1,5520.00
2025-10-29T20:40:00.000Z,2025-10-29T21:33:00.000Z,SELL,0.01,3,1,10.00,3,5530.00
2025-10-29T21:33:00.000Z,2025-10-29T21:44:00.000Z,SELL,0.01,1,1,10.00,1,5540.00
2025-10-29T21:44:00.000Z,2025-10-30T00:00:00.000Z,SELL,0.01,3,1,10.00,3,5550.00
2025-10-30T00:00:00.000Z,2025-10-30T00:01:00.000Z,BUY,0.01,1,1,10.00,1,5560.00
2025-10-30T00:01:00.000Z,2025-10-30T00:14:00.000Z,BUY,0.01,1,1,10.00,1,5570.00
2025-10-30T00:14:00.000Z,2025-10-30T01:24:00.000Z,BUY,0.01,1,1,10.00,1,5580.00
2025-10-30T01:24:00.000Z,2025-10-30T02:01:00.000Z,BUY,0.01,1,1,10.00,1,5590.00
2025-10-30T02:01:00.000Z,2025-10-30T04:10:00.000Z,BUY,0.01,4,1,10.00,4,5600.00
2025-10-30T04:10:00.000Z,2025-10-30T04:37:00.000Z,BUY,0.01,1,1,10.00,1,5610.00
2025-10-30T04:37:00.000Z,2025-10-30T06:21:00.000Z,BUY,0.01,3,1,10.00,3,5620.00
2025-10-30T06:21:00.000Z,2025-10-30T06:30:00.000Z,BUY,0.01,1,1,10.00,1,5630.00
2025-10-30T06:30:00.000Z,2025-10-30T06:35:00.000Z,BUY,0.01,1,1,10.00,1,5640.00
2025-10-30T06:35:00.000Z,2025-10-30T06:37:00.000Z,BUY,0.01,1,1,10.00,1,5650.00
2025-10-30T06:37:00.000Z,2025-10-30T07:26:00.000Z,BUY,0.01,2,1,10.00,2,5660.00
2025-10-30T07:26:00.000Z,2025-10-30T07:41:00.000Z,BUY,0.01,1,1,10.00,1,5670.00
2025-10-30T07:41:00.000Z,2025-10-30T07:50:00.000Z,BUY,0.01,1,1,10.00,1,5680.00
2025-10-30T07:50:00.000Z,2025-10-30T11:01:00.000Z,BUY,0.01,1,1,10.00,1,5690.00
2025-10-30T11:01:00.000Z,2025-10-30T11:05:00.000Z,BUY,0.01,1,1,10.00,1,5700.00
2025-10-30T11:05:00.000Z,2025-10-30T11:11:00.000Z,BUY,0.01,1,1,10.00,1,5710.00
2025-10-30T11:11:00.000Z,2025-10-30T13:18:00.000Z,BUY,0.01,2,1,10.00,2,5720.00
2025-10-30T13:18:00.000Z,2025-10-30T14:58:00.000Z,SELL,0.01,1,1,10.00,1,5730.00
2025-10-30T14:58:00.000Z,2025-10-30T15:57:00.000Z,SELL,0.01,2,1,10.00,2,5740.00
2025-10-30T15:57:00.000Z,2025-10-30T21:05:00.000Z,SELL,0.01,4,1,10.00,4,5750.00
2025-10-30T21:05:00.000Z,2025-10-31T00:00:00.000Z,SELL,0.01,1,1,10.00,1,5760.00
2025-10-31T00:00:00.000Z,2025-10-31T00:55:00.000Z,SELL,0.01,2,1,10.00,2,5770.00
2025-10-31T00:55:00.000Z,2025-10-31T01:02:00.000Z,SELL,0.01,1,1,10.00,1,5780.00
2025-10-31T01:02:00.000Z,2025-10-31T01:13:00.000Z,SELL,0.01,1,1,10.00,1,5790.00
2025-10-31T01:13:00.000Z,2025-10-31T04:07:00.000Z,SELL,0.01,3,1,10.00,3,5800.00
2025-10-31T04:07:00.000Z,2025-10-31T05:07:00.000Z,SELL,0.01,1,1,10.00,1,5810.00
2025-10-31T05:07:00.000Z,2025-10-31T05:13:00.000Z,SELL,0.01,1,1,10.00,1,5820.00
2025-10-31T05:13:00.000Z,2025-10-31T09:22:00.000Z,SELL,0.01,2,1,10.00,2,5830.00
2025-10-31T09:22:00.000Z,2025-10-31T10:54:00.000Z,SELL,0.01,1,1,10.00,1,5840.00
2025-10-31T10:54:00.000Z,2025-10-31T11:21:00.000Z,SELL,0.01,1,1,10.00,1,5850.00
2025-10-31T11:21:00.000Z,2025-10-31T14:41:00.000Z,SELL,0.01,2,1,10.00,2,5860.00
2025-10-31T14:41:00.000Z,2025-10-31T15:32:00.000Z,SELL,0.01,1,1,10.00,1,5870.00
2025-10-31T15:32:00.000Z,2025-10-31T17:04:00.000Z,SELL,0.01,1,1,10.00,1,5880.00
2025-10-31T17:04:00.000Z,2025-10-31T18:09:00.000Z,SELL,0.01,1,1,10.00,1,5890.00
2025-10-31T18:09:00.000Z,2025-10-31T18:14:00.000Z,SELL,0.01,1,1,10.00,1,5900.00
2025-10-31T18:14:00.000Z,2025-10-31T18:14:00.000Z,SELL,0.01,1,1,10.00,1,5910.00
2025-10-31T18:14:00.000Z,2025-10-31T20:19:00.000Z,SELL,0.01,2,1,10.00,2,5920.00
2025-10-31T20:19:00.000Z,2025-11-03T01:43:00.000Z,BUY,0.01,2,1,10.00,2,5930.00
2025-11-03T01:43:00.000Z,2025-11-03T03:15:00.000Z,BUY,0.01,1,1,10.00,1,5940.00
2025-11-03T03:15:00.000Z,2025-11-03T03:30:00.000Z,BUY,0.01,1,1,10.00,1,5950.00
2025-11-03T03:30:00.000Z,2025-11-03T05:02:00.000Z,BUY,0.01,1,1,10.00,1,5960.00
2025-11-03T05:02:00.000Z,2025-11-03T09:01:00.000Z,BUY,0.01,1,1,10.00,1,5970.00
2025-11-03T09:01:00.000Z,2025-11-03T11:26:00.000Z,SELL,0.01,1,1,10.00,1,5980.00
2025-11-03T11:26:00.000Z,2025-11-03T11:41:00.000Z,SELL,0.01,1,1,10.00,1,5990.00
2025-11-03T11:41:00.000Z,2025-11-03T17:00:00.000Z,SELL,0.01,2,1,10.00,2,6000.00
2025-11-03T17:00:00.000Z,2025-11-03T17:24:00.000Z,SELL,0.01,1,1,10.00,1,6010.00
2025-11-03T17:24:00.000Z,2025-11-03T17:29:00.000Z,SELL,0.01,1,1,10.00,1,6020.00
2025-11-03T17:29:00.000Z,2025-11-03T18:17:00.000Z,SELL,0.01,1,1,10.00,1,6030.00
2025-11-03T18:17:00.000Z,2025-11-04T01:13:00.000Z,SELL,0.01,1,1,10.00,1,6040.00
2025-11-04T01:13:00.000Z,2025-11-04T01:32:00.000Z,BUY,0.01,1,1,10.00,1,6050.00
2025-11-04T01:32:00.000Z,2025-11-04T08:04:00.000Z,BUY,0.01,4,1,10.00,4,6060.00
2025-11-04T08:04:00.000Z,2025-11-04T08:41:00.000Z,BUY,0.01,1,1,10.00,1,6070.00
2025-11-04T08:41:00.000Z,2025-11-04T09:10:00.000Z,BUY,0.01,1,1,10.00,1,6080.00
2025-11-04T09:10:00.000Z,2025-11-04T10:27:00.000Z,BUY,0.01,1,1,10.00,1,6090.00
2025-11-04T10:27:00.000Z,2025-11-04T16:01:00.000Z,BUY,0.01,2,1,10.00,2,6100.00
2025-11-04T16:01:00.000Z,2025-11-04T16:34:00.000Z,BUY,0.01,2,1,10.00,2,6110.00
2025-11-04T16:34:00.000Z,2025-11-04T16:55:00.000Z,BUY,0.01,1,1,10.00,1,6120.00
2025-11-04T16:55:00.000Z,2025-11-04T17:35:00.000Z,BUY,0.01,1,1,10.00,1,6130.00
2025-11-04T17:35:00.000Z,2025-11-04T18:17:00.000Z,BUY,0.01,1,1,10.00,1,6140.00
2025-11-04T18:17:00.000Z,2025-11-04T20:35:00.000Z,BUY,0.01,2,1,10.00,2,6150.00
2025-11-04T20:35:00.000Z,2025-11-05T05:03:00.000Z,BUY,0.01,1,1,10.00,1,6160.00
2025-11-05T05:03:00.000Z,2025-11-05T05:46:00.000Z,BUY,0.01,1,1,10.00,1,6170.00
2025-11-05T05:46:00.000Z,2025-11-05T06:42:00.000Z,BUY,0.01,1,1,10.00,1,6180.00
2025-11-05T06:42:00.000Z,2025-11-05T10:05:00.000Z,BUY,0.01,1,1,10.00,1,6190.00
2025-11-05T10:05:00.000Z,2025-11-06T08:55:00.000Z,BUY,0.01,3,1,10.00,3,6200.00
2025-11-06T08:55:00.000Z,2025-11-06T17:03:00.000Z,SELL,0.01,3,1,10.00,3,6210.00
2025-11-06T17:03:00.000Z,2025-11-06T19:21:00.000Z,SELL,0.01,1,1,10.00,1,6220.00
2025-11-06T19:21:00.000Z,2025-11-07T03:18:00.000Z,SELL,0.01,2,1,10.00,2,6230.00
2025-11-07T03:18:00.000Z,2025-11-07T11:15:00.000Z,BUY,0.01,1,1,10.00,1,6240.00
2025-11-07T11:15:00.000Z,2025-11-07T13:16:00.000Z,SELL,0.01,1,1,10.00,1,6250.00
2025-11-07T13:16:00.000Z,2025-11-07T16:32:00.000Z,SELL,0.01,1,1,10.00,1,6260.00
2025-11-07T16:32:00.000Z,2025-11-07T18:36:00.000Z,SELL,0.01,2,1,10.00,2,6270.00
2025-11-07T18:36:00.000Z,2025-11-07T18:55:00.000Z,SELL,0.01,1,1,10.00,1,6280.00
2025-11-07T18:55:00.000Z,2025-11-07T19:06:00.000Z,SELL,0.01,1,1,10.00,1,6290.00
2025-11-07T19:06:00.000Z,2025-11-10T03:16:00.000Z,SELL,0.01,2,1,10.00,2,6300.00
2025-11-10T03:16:00.000Z,2025-11-10T07:31:00.000Z,SELL,0.01,2,1,10.00,2,6310.00
2025-11-10T07:31:00.000Z,2025-11-10T14:17:00.000Z,SELL,0.01,2,1,10.00,2,6320.00
2025-11-10T14:17:00.000Z,2025-11-10T16:33:00.000Z,SELL,0.01,1,1,10.00,1,6330.00
2025-11-10T16:33:00.000Z,2025-11-10T20:18:00.000Z,SELL,0.01,2,1,10.00,2,6340.00
2025-11-10T20:18:00.000Z,2025-11-11T03:32:00.000Z,SELL,0.01,2,1,10.00,2,6350.00
2025-11-11T03:32:00.000Z,2025-11-11T04:32:00.000Z,SELL,0.01,1,1,10.00,1,6360.00
2025-11-11T04:32:00.000Z,2025-11-11T17:08:00.000Z,SELL,0.01,1,1,10.00,1,6370.00
2025-11-11T17:08:00.000Z,2025-11-11T17:22:00.000Z,SELL,0.01,1,1,10.00,1,6380.00
2025-11-11T17:22:00.000Z,2025-11-11T17:28:00.000Z,SELL,0.01,1,1,10.00,1,6390.00
2025-11-11T17:28:00.000Z,2025-11-11T22:39:00.000Z,SELL,0.01,2,1,10.00,2,6400.00
2025-11-11T22:39:00.000Z,2025-11-12T04:51:00.000Z,SELL,0.01,1,1,10.00,1,6410.00
2025-11-12T04:51:00.000Z,2025-11-12T06:03:00.000Z,SELL,0.01,1,1,10.00,1,6420.00
2025-11-12T06:03:00.000Z,2025-11-12T14:34:00.000Z,SELL,0.01,2,1,10.00,2,6430.00
2025-11-12T14:34:00.000Z,2025-11-12T15:00:00.000Z,SELL,0.01,1,1,10.00,1,6440.00
2025-11-12T15:00:00.000Z,2025-11-12T17:11:00.000Z,SELL,0.01,2,1,10.00,2,6450.00
2025-11-12T17:11:00.000Z,2025-11-12T18:30:00.000Z,SELL,0.01,2,1,10.00,2,6460.00
2025-11-12T18:30:00.000Z,2025-11-13T05:47:00.000Z,SELL,0.01,5,0,-2420.00,5,4040.00
2025-11-13T05:47:00.000Z,2025-11-13T10:30:00.000Z,SELL,0.01,2,1,10.00,2,4050.00
2025-11-13T10:30:00.000Z,2025-11-13T11:04:00.000Z,SELL,0.01,1,1,10.00,1,4060.00
2025-11-13T11:04:00.000Z,2025-11-13T16:08:00.000Z,SELL,0.01,1,1,10.00,1,4070.00
2025-11-13T16:08:00.000Z,2025-11-13T16:29:00.000Z,SELL,0.01,1,1,10.00,1,4080.00
2025-11-13T16:29:00.000Z,2025-11-13T16:42:00.000Z,SELL,0.01,1,1,10.00,1,4090.00
2025-11-13T16:42:00.000Z,2025-11-13T16:44:00.000Z,SELL,0.01,1,1,10.00,1,4100.00
2025-11-13T16:44:00.000Z,2025-11-13T20:31:00.000Z,SELL,0.01,3,1,10.00,3,4110.00
2025-11-13T20:31:00.000Z,2025-11-13T20:32:00.000Z,SELL,0.01,1,1,10.00,1,4120.00
2025-11-13T20:32:00.000Z,2025-11-13T20:35:00.000Z,SELL,0.01,1,1,10.00,1,4130.00
2025-11-13T20:35:00.000Z,2025-11-13T20:38:00.000Z,SELL,0.01,1,1,10.00,1,4140.00
2025-11-13T20:38:00.000Z,2025-11-13T23:08:00.000Z,SELL,0.01,2,1,10.00,2,4150.00
2025-11-13T23:08:00.000Z,2025-11-14T01:50:00.000Z,BUY,0.01,1,1,10.00,1,4160.00
2025-11-14T01:50:00.000Z,2025-11-14T04:21:00.000Z,BUY,0.01,1,1,10.00,1,4170.00
2025-11-14T04:21:00.000Z,2025-11-14T04:50:00.000Z,BUY,0.01,1,1,10.00,1,4180.00
2025-11-14T04:50:00.000Z,2025-11-14T08:26:00.000Z,BUY,0.01,2,1,10.00,2,4190.00
2025-11-14T08:26:00.000Z,2025-11-14T13:17:00.000Z,BUY,0.01,2,1,10.00,2,4200.00
2025-11-14T13:17:00.000Z,2025-11-14T13:40:00.000Z,BUY,0.01,1,1,10.00,1,4210.00
2025-11-14T13:40:00.000Z,2025-11-14T14:12:00.000Z,BUY,0.01,2,1,10.00,2,4220.00
2025-11-14T14:12:00.000Z,2025-11-14T15:11:00.000Z,BUY,0.01,2,1,10.00,2,4230.00
2025-11-14T15:11:00.000Z,2025-11-14T15:23:00.000Z,BUY,0.01,2,1,10.00,2,4240.00
2025-11-14T15:23:00.000Z,2025-11-14T16:32:00.000Z,BUY,0.01,2,1,10.00,2,4250.00
2025-11-14T16:32:00.000Z,2025-11-14T16:32:00.000Z,BUY,0.01,1,1,10.00,1,4260.00
2025-11-14T16:32:00.000Z,2025-11-14T16:37:00.000Z,BUY,0.01,1,1,10.00,1,4270.00
2025-11-14T16:37:00.000Z,2025-11-14T16:40:00.000Z,BUY,0.01,1,1,10.00,1,4280.00
2025-11-14T16:40:00.000Z,2025-11-14T16:53:00.000Z,BUY,0.01,1,1,10.00,1,4290.00
2025-11-14T16:53:00.000Z,2025-11-14T17:47:00.000Z,BUY,0.01,1,1,10.00,1,4300.00
2025-11-14T17:47:00.000Z,2025-11-14T18:22:00.000Z,BUY,0.01,1,1,10.00,1,4310.00
2025-11-14T18:22:00.000Z,2025-11-14T18:40:00.000Z,BUY,0.01,1,1,10.00,1,4320.00
2025-11-14T18:40:00.000Z,2025-11-14T22:21:00.000Z,BUY,0.01,2,1,10.00,2,4330.00
2025-11-14T22:21:00.000Z,2025-11-14T22:35:00.000Z,BUY,0.01,1,1,10.00,1,4340.00
2025-11-14T22:35:00.000Z,2025-11-17T01:07:00.000Z,BUY,0.01,1,1,10.00,1,4350.00
2025-11-17T01:07:00.000Z,2025-11-17T07:18:00.000Z,BUY,0.01,2,1,10.00,2,4360.00
2025-11-17T07:18:00.000Z,2025-11-17T09:31:00.000Z,BUY,0.01,3,1,10.00,3,4370.00
2025-11-17T09:31:00.000Z,2025-11-17T10:00:00.000Z,BUY,0.01,1,1,10.00,1,4380.00
2025-11-17T10:00:00.000Z,2025-11-17T18:04:00.000Z,BUY,0.01,4,1,10.00,4,4390.00
2025-11-17T18:04:00.000Z,2025-11-17T18:30:00.000Z,BUY,0.01,1,1,10.00,1,4400.00
2025-11-17T18:30:00.000Z,2025-11-17T19:27:00.000Z,BUY,0.01,1,1,10.00,1,4410.00
2025-11-17T19:27:00.000Z,2025-11-17T21:32:00.000Z,BUY,0.01,2,1,10.00,2,4420.00
2025-11-17T21:32:00.000Z,2025-11-17T21:42:00.000Z,BUY,0.01,2,1,10.00,2,4430.00
2025-11-17T21:42:00.000Z,2025-11-17T22:30:00.000Z,BUY,0.01,1,1,10.00,1,4440.00
2025-11-17T22:30:00.000Z,2025-11-17T22:56:00.000Z,BUY,0.01,1,1,10.00,1,4450.00
2025-11-17T22:56:00.000Z,2025-11-18T01:00:00.000Z,BUY,0.01,1,1,10.00,1,4460.00
2025-11-18T01:00:00.000Z,2025-11-18T04:01:00.000Z,BUY,0.01,2,1,10.00,2,4470.00
2025-11-18T04:01:00.000Z,2025-11-18T04:08:00.000Z,BUY,0.01,1,1,10.00,1,4480.00
2025-11-18T04:08:00.000Z,2025-11-18T09:30:00.000Z,BUY,0.01,2,1,10.00,2,4490.00
2025-11-18T09:30:00.000Z,2025-11-18T09:40:00.000Z,BUY,0.01,1,1,10.00,1,4500.00
2025-11-18T09:40:00.000Z,2025-11-18T10:06:00.000Z,BUY,0.01,1,1,10.00,1,4510.00
2025-11-18T10:06:00.000Z,2025-11-18T10:33:00.000Z,BUY,0.01,1,1,10.00,1,4520.00
2025-11-18T10:33:00.000Z,2025-11-18T10:40:00.000Z,BUY,0.01,1,1,10.00,1,4530.00
2025-11-18T10:40:00.000Z,2025-11-18T15:25:00.000Z,BUY,0.01,1,1,10.00,1,4540.00
2025-11-18T15:25:00.000Z,2025-11-18T15:36:00.000Z,BUY,0.01,1,1,10.00,1,4550.00
2025-11-18T15:36:00.000Z,2025-11-18T16:04:00.000Z,BUY,0.01,1,1,10.00,1,4560.00
2025-11-18T16:04:00.000Z,2025-11-18T18:03:00.000Z,BUY,0.01,2,1,10.00,2,4570.00
2025-11-18T18:03:00.000Z,2025-11-18T19:38:00.000Z,SELL,0.01,2,1,10.00,2,4580.00
2025-11-18T19:38:00.000Z,2025-11-19T03:07:00.000Z,SELL,0.01,1,1,10.00,1,4590.00
2025-11-19T03:07:00.000Z,2025-11-19T07:32:00.000Z,SELL,0.01,2,1,10.00,2,4600.00
2025-11-19T07:32:00.000Z,2025-11-19T10:09:00.000Z,SELL,0.01,1,1,10.00,1,4610.00
2025-11-19T10:09:00.000Z,2025-11-19T11:57:00.000Z,SELL,0.01,2,1,10.00,2,4620.00
2025-11-19T11:57:00.000Z,2025-11-19T15:14:00.000Z,SELL,0.01,1,1,10.00,1,4630.00
2025-11-19T15:14:00.000Z,2025-11-19T17:16:00.000Z,SELL,0.01,2,1,10.00,2,4640.00
2025-11-19T17:16:00.000Z,2025-11-19T17:25:00.000Z,SELL,0.01,1,1,10.00,1,4650.00
2025-11-19T17:25:00.000Z,2025-11-19T17:39:00.000Z,SELL,0.01,1,1,10.00,1,4660.00
2025-11-19T17:39:00.000Z,2025-11-19T17:53:00.000Z,SELL,0.01,1,1,10.00,1,4670.00
2025-11-19T17:53:00.000Z,2025-11-19T17:53:00.000Z,SELL,0.01,1,1,10.00,1,4680.00
2025-11-19T17:53:00.000Z,2025-11-19T18:25:00.000Z,SELL,0.01,1,1,10.00,1,4690.00
2025-11-19T18:25:00.000Z,2025-11-19T18:37:00.000Z,SELL,0.01,1,1,10.00,1,4700.00
2025-11-19T18:37:00.000Z,2025-11-19T19:04:00.000Z,SELL,0.01,1,1,10.00,1,4710.00
2025-11-19T19:04:00.000Z,2025-11-19T20:54:00.000Z,SELL,0.01,2,1,10.00,2,4720.00
2025-11-19T20:54:00.000Z,2025-11-19T21:00:00.000Z,SELL,0.01,1,1,10.00,1,4730.00
2025-11-19T21:00:00.000Z,2025-11-19T21:28:00.000Z,SELL,0.01,1,1,10.00,1,4740.00
2025-11-19T21:28:00.000Z,2025-11-20T01:47:00.000Z,SELL,0.01,2,1,10.00,2,4750.00
2025-11-20T01:47:00.000Z,2025-11-20T03:32:00.000Z,SELL,0.01,1,1,10.00,1,4760.00
2025-11-20T03:32:00.000Z,2025-11-20T04:00:00.000Z,SELL,0.01,1,1,10.00,1,4770.00
2025-11-20T04:00:00.000Z,2025-11-20T04:05:00.000Z,SELL,0.01,1,1,10.00,1,4780.00
2025-11-20T04:05:00.000Z,2025-11-20T04:07:00.000Z,SELL,0.01,1,1,10.00,1,4790.00
2025-11-20T04:07:00.000Z,2025-11-20T04:18:00.000Z,SELL,0.01,1,1,10.00,1,4800.00
2025-11-20T04:18:00.000Z,2025-11-20T05:06:00.000Z,SELL,0.01,2,1,10.00,2,4810.00
2025-11-20T05:06:00.000Z,2025-11-20T10:04:00.000Z,BUY,0.01,2,1,10.00,2,4820.00
2025-11-20T10:04:00.000Z,2025-11-20T10:55:00.000Z,BUY,0.01,1,1,10.00,1,4830.00
2025-11-20T10:55:00.000Z,2025-11-20T11:02:00.000Z,BUY,0.01,1,1,10.00,1,4840.00
2025-11-20T11:02:00.000Z,2025-11-20T14:50:00.000Z,BUY,0.01,1,1,10.00,1,4850.00
2025-11-20T14:50:00.000Z,2025-11-20T15:06:00.000Z,BUY,0.01,1,1,10.00,1,4860.00
2025-11-20T15:06:00.000Z,2025-11-20T16:49:00.000Z,BUY,0.01,3,1,10.00,3,4870.00
2025-11-20T16:49:00.000Z,2025-11-20T18:00:00.000Z,BUY,0.01,2,1,10.00,2,4880.00
2025-11-20T18:00:00.000Z,2025-11-20T18:08:00.000Z,BUY,0.01,1,1,10.00,1,4890.00
2025-11-20T18:08:00.000Z,2025-11-20T18:58:00.000Z,BUY,0.01,2,1,10.00,2,4900.00
2025-11-20T18:58:00.000Z,2025-11-20T19:22:00.000Z,BUY,0.01,1,1,10.00,1,4910.00
2025-11-20T19:22:00.000Z,2025-11-20T20:05:00.000Z,BUY,0.01,1,1,10.00,1,4920.00
2025-11-20T20:05:00.000Z,2025-11-20T21:23:00.000Z,BUY,0.01,1,1,10.00,1,4930.00
2025-11-20T21:23:00.000Z,2025-11-21T05:17:00.000Z,BUY,0.01,2,1,10.00,2,4940.00
2025-11-21T05:17:00.000Z,2025-11-21T06:10:00.000Z,BUY,0.01,1,1,10.00,1,4950.00
2025-11-21T06:10:00.000Z,2025-11-21T08:28:00.000Z,BUY,0.01,4,1,10.00,4,4960.00
2025-11-21T08:28:00.000Z,2025-11-21T08:28:00.000Z,BUY,0.01,1,1,10.00,1,4970.00
2025-11-21T08:28:00.000Z,2025-11-21T11:11:00.000Z,BUY,0.01,1,1,10.00,1,4980.00
2025-11-21T11:11:00.000Z,2025-11-21T11:19:00.000Z,BUY,0.01,1,1,10.00,1,4990.00
2025-11-21T11:19:00.000Z,2025-11-21T13:53:00.000Z,BUY,0.01,2,1,10.00,2,5000.00
2025-11-21T13:53:00.000Z,2025-11-21T14:07:00.000Z,BUY,0.01,1,1,10.00,1,5010.00
2025-11-21T14:07:00.000Z,2025-11-21T14:30:00.000Z,BUY,0.01,1,1,10.00,1,5020.00
2025-11-21T14:30:00.000Z,2025-11-21T14:32:00.000Z,BUY,0.01,1,1,10.00,1,5030.00
2025-11-21T14:32:00.000Z,2025-11-21T15:45:00.000Z,BUY,0.01,1,1,10.00,1,5040.00
2025-11-21T15:45:00.000Z,2025-11-21T16:01:00.000Z,BUY,0.01,1,1,10.00,1,5050.00
2025-11-21T16:01:00.000Z,2025-11-21T18:50:00.000Z,BUY,0.01,3,1,10.00,3,5060.00
2025-11-21T18:50:00.000Z,2025-11-21T18:50:00.000Z,SELL,0.01,1,1,10.00,1,5070.00
2025-11-21T18:50:00.000Z,2025-11-21T22:23:00.000Z,SELL,0.01,1,1,10.00,1,5080.00
2025-11-21T22:23:00.000Z,2025-11-21T22:30:00.000Z,SELL,0.01,1,1,10.00,1,5090.00
2025-11-21T22:30:00.000Z,2025-11-24T03:11:00.000Z,SELL,0.01,1,1,10.00,1,5100.00
2025-11-24T03:11:00.000Z,2025-11-24T04:53:00.000Z,SELL,0.01,1,1,10.00,1,5110.00
2025-11-24T04:53:00.000Z,2025-11-24T11:11:00.000Z,SELL,0.01,2,1,10.00,2,5120.00
2025-11-24T11:11:00.000Z,2025-11-24T14:50:00.000Z,BUY,0.01,1,1,10.00,1,5130.00
2025-11-24T14:50:00.000Z,2025-11-24T16:30:00.000Z,SELL,0.01,1,1,10.00,1,5140.00
2025-11-24T16:30:00.000Z,2025-11-24T20:37:00.000Z,SELL,0.01,2,1,10.00,2,5150.00
2025-11-24T20:37:00.000Z,2025-11-24T22:37:00.000Z,SELL,0.01,2,1,10.00,2,5160.00
2025-11-24T22:37:00.000Z,2025-11-25T10:38:00.000Z,SELL,0.01,3,1,10.00,3,5170.00
2025-11-25T10:38:00.000Z,2025-11-25T10:54:00.000Z,SELL,0.01,1,1,10.00,1,5180.00
2025-11-25T10:54:00.000Z,2025-11-25T15:15:00.000Z,SELL,0.01,2,1,10.00,2,5190.00
2025-11-25T15:15:00.000Z,2025-11-25T16:31:00.000Z,SELL,0.01,1,1,10.00,1,5200.00
2025-11-25T16:31:00.000Z,2025-11-25T16:39:00.000Z,SELL,0.01,1,1,10.00,1,5210.00
2025-11-25T16:39:00.000Z,2025-11-25T19:10:00.000Z,SELL,0.01,2,1,10.00,2,5220.00
2025-11-25T19:10:00.000Z,2025-11-25T20:38:00.000Z,SELL,0.01,1,1,10.00,1,5230.00
2025-11-25T20:38:00.000Z,2025-11-25T21:24:00.000Z,SELL,0.01,1,1,10.00,1,5240.00
2025-11-25T21:24:00.000Z,2025-11-26T04:25:00.000Z,SELL,0.01,2,1,10.00,2,5250.00
2025-11-26T04:25:00.000Z,2025-11-26T08:35:00.000Z,SELL,0.01,1,1,10.00,1,5260.00
2025-11-26T08:35:00.000Z,2025-11-26T16:08:00.000Z,SELL,0.01,3,1,10.00,3,5270.00
2025-11-26T16:08:00.000Z,2025-11-26T20:12:00.000Z,SELL,0.01,2,1,10.00,2,5280.00
2025-11-26T20:12:00.000Z,2025-11-26T20:34:00.000Z,SELL,0.01,1,1,10.00,1,5290.00
2025-11-26T20:34:00.000Z,2025-11-27T03:22:00.000Z,SELL,0.01,1,1,10.00,1,5300.00
2025-11-27T03:22:00.000Z,2025-11-28T02:34:00.000Z,SELL,0.01,2,1,10.00,2,5310.00
2025-11-28T02:34:00.000Z,2025-11-28T10:10:00.000Z,SELL,0.01,1,1,10.00,1,5320.00
2025-11-28T10:10:00.000Z,2025-11-28T10:24:00.000Z,SELL,0.01,1,1,10.00,1,5330.00
2025-11-28T10:24:00.000Z,2025-11-28T16:11:00.000Z,SELL,0.01,2,1,10.00,2,5340.00
2025-11-28T16:11:00.000Z,2025-11-28T20:29:00.000Z,SELL,0.01,2,1,10.00,2,5350.00
2025-11-28T20:29:00.000Z,2025-12-01T01:08:00.000Z,SELL,0.01,1,1,10.00,1,5360.00
2025-12-01T01:08:00.000Z,2025-12-01T03:31:00.000Z,SELL,0.01,2,1,10.00,2,5370.00
2025-12-01T03:31:00.000Z,2025-12-01T07:15:00.000Z,SELL,0.01,1,1,10.00,1,5380.00
2025-12-01T07:15:00.000Z,2025-12-01T07:26:00.000Z,SELL,0.01,1,1,10.00,1,5390.00
2025-12-01T07:26:00.000Z,2025-12-01T10:03:00.000Z,SELL,0.01,2,1,10.00,2,5400.00
2025-12-01T10:03:00.000Z,2025-12-01T10:48:00.000Z,SELL,0.01,1,1,10.00,1,5410.00
2025-12-01T10:48:00.000Z,2025-12-01T16:37:00.000Z,SELL,0.01,3,1,10.00,3,5420.00
2025-12-01T16:37:00.000Z,2025-12-02T03:03:00.000Z,SELL,0.01,1,1,10.00,1,5430.00
2025-12-02T03:03:00.000Z,2025-12-02T03:09:00.000Z,SELL,0.01,1,1,10.00,1,5440.00
2025-12-02T03:09:00.000Z,2025-12-02T03:09:00.000Z,SELL,0.01,1,1,10.00,1,5450.00
2025-12-02T03:09:00.000Z,2025-12-02T11:36:00.000Z,SELL,0.01,3,1,10.00,3,5460.00
2025-12-02T11:36:00.000Z,2025-12-02T13:32:00.000Z,BUY,0.01,1,1,10.00,1,5470.00
2025-12-02T13:32:00.000Z,2025-12-02T14:05:00.000Z,BUY,0.01,1,1,10.00,1,5480.00
2025-12-02T14:05:00.000Z,2025-12-02T16:05:00.000Z,BUY,0.01,1,1,10.00,1,5490.00
2025-12-02T16:05:00.000Z,2025-12-02T16:26:00.000Z,BUY,0.01,1,1,10.00,1,5500.00
2025-12-02T16:26:00.000Z,2025-12-02T17:18:00.000Z,BUY,0.01,2,1,10.00,2,5510.00
2025-12-02T17:18:00.000Z,2025-12-02T17:58:00.000Z,BUY,0.01,2,1,10.00,2,5520.00
2025-12-02T17:58:00.000Z,2025-12-02T18:21:00.000Z,BUY,0.01,1,1,10.00,1,5530.00
2025-12-02T18:21:00.000Z,2025-12-02T18:41:00.000Z,BUY,0.01,1,1,10.00,1,5540.00
2025-12-02T18:41:00.000Z,2025-12-02T21:31:00.000Z,BUY,0.01,1,1,10.00,1,5550.00
2025-12-02T21:31:00.000Z,2025-12-02T22:38:00.000Z,BUY,0.01,1,1,10.00,1,5560.00
2025-12-02T22:38:00.000Z,2025-12-03T03:06:00.000Z,BUY,0.01,1,1,10.00,1,5570.00
2025-12-03T03:06:00.000Z,2025-12-03T15:52:00.000Z,BUY,0.01,3,1,10.00,3,5580.00
2025-12-03T15:52:00.000Z,2025-12-03T16:00:00.000Z,BUY,0.01,1,1,10.00,1,5590.00
2025-12-03T16:00:00.000Z,2025-12-03T16:05:00.000Z,SELL,0.01,1,1,10.00,1,5600.00
2025-12-03T16:05:00.000Z,2025-12-03T16:09:00.000Z,SELL,0.01,1,1,10.00,1,5610.00
2025-12-03T16:09:00.000Z,2025-12-03T16:54:00.000Z,SELL,0.01,3,1,10.00,3,5620.00
2025-12-03T16:54:00.000Z,2025-12-03T18:56:00.000Z,SELL,0.01,3,1,10.00,3,5630.00
2025-12-03T18:56:00.000Z,2025-12-04T05:02:00.000Z,SELL,0.01,1,1,10.00,1,5640.00
2025-12-04T05:02:00.000Z,2025-12-04T05:02:00.000Z,BUY,0.01,1,1,10.00,1,5650.00
2025-12-04T05:02:00.000Z,2025-12-04T16:22:00.000Z,BUY,0.01,3,1,10.00,3,5660.00
2025-12-04T16:22:00.000Z,2025-12-05T07:28:00.000Z,BUY,0.01,1,1,10.00,1,5670.00
2025-12-05T07:28:00.000Z,2025-12-05T17:30:00.000Z,SELL,0.01,2,1,10.00,2,5680.00
2025-12-05T17:30:00.000Z,2025-12-05T17:57:00.000Z,SELL,0.01,1,1,10.00,1,5690.00
2025-12-05T17:57:00.000Z,2025-12-05T18:09:00.000Z,SELL,0.01,1,1,10.00,1,5700.00
2025-12-05T18:09:00.000Z,2025-12-05T18:10:00.000Z,SELL,0.01,1,1,10.00,1,5710.00
2025-12-05T18:10:00.000Z,2025-12-05T18:14:00.000Z,SELL,0.01,1,1,10.00,1,5720.00
2025-12-05T18:14:00.000Z,2025-12-05T23:16:00.000Z,SELL,0.01,1,1,10.00,1,5730.00
2025-12-05T23:16:00.000Z,2025-12-08T01:01:00.000Z,BUY,0.01,1,1,10.00,1,5740.00
2025-12-08T01:01:00.000Z,2025-12-08T08:34:00.000Z,BUY,0.01,1,1,10.00,1,5750.00
2025-12-08T08:34:00.000Z,2025-12-08T17:04:00.000Z,BUY,0.01,2,1,10.00,2,5760.00
2025-12-08T17:04:00.000Z,2025-12-09T11:05:00.000Z,BUY,0.01,1,1,10.00,1,5770.00
2025-12-09T11:05:00.000Z,2025-12-09T11:18:00.000Z,BUY,0.01,1,1,10.00,1,5780.00
2025-12-09T11:18:00.000Z,2025-12-09T18:11:00.000Z,BUY,0.01,3,1,10.00,3,5790.00
2025-12-09T18:11:00.000Z,2025-12-09T19:17:00.000Z,SELL,0.01,1,1,10.00,1,5800.00
2025-12-09T19:17:00.000Z,2025-12-10T10:44:00.000Z,SELL,0.01,1,1,10.00,1,5810.00
2025-12-10T10:44:00.000Z,2025-12-10T12:32:00.000Z,SELL,0.01,1,1,10.00,1,5820.00
2025-12-10T12:32:00.000Z,2025-12-10T14:02:00.000Z,BUY,0.01,1,1,10.00,1,5830.00
2025-12-10T14:02:00.000Z,2025-12-10T21:00:00.000Z,BUY,0.01,1,1,10.00,1,5840.00
2025-12-10T21:00:00.000Z,2025-12-10T21:11:00.000Z,BUY,0.01,1,1,10.00,1,5850.00
2025-12-10T21:11:00.000Z,2025-12-10T21:41:00.000Z,BUY,0.01,2,1,10.00,2,5860.00
2025-12-10T21:41:00.000Z,2025-12-10T21:52:00.000Z,BUY,0.01,1,1,10.00,1,5870.00
2025-12-10T21:52:00.000Z,2025-12-10T21:56:00.000Z,BUY,0.01,1,1,10.00,1,5880.00
2025-12-10T21:56:00.000Z,2025-12-10T22:04:00.000Z,BUY,0.01,1,1,10.00,1,5890.00
2025-12-10T22:04:00.000Z,2025-12-10T22:11:00.000Z,BUY,0.01,1,1,10.00,1,5900.00
2025-12-10T22:11:00.000Z,2025-12-11T02:12:00.000Z,BUY,0.01,1,1,10.00,1,5910.00
2025-12-11T02:12:00.000Z,2025-12-11T04:29:00.000Z,SELL,0.01,1,1,10.00,1,5920.00
2025-12-11T04:29:00.000Z,2025-12-11T05:05:00.000Z,SELL,0.01,1,1,10.00,1,5930.00
2025-12-11T05:05:00.000Z,2025-12-11T05:12:00.000Z,SELL,0.01,1,1,10.00,1,5940.00
2025-12-11T05:12:00.000Z,2025-12-11T16:37:00.000Z,SELL,0.01,2,1,10.00,2,5950.00
2025-12-11T16:37:00.000Z,2025-12-11T16:59:00.000Z,SELL,0.01,1,1,10.00,1,5960.00
2025-12-11T16:59:00.000Z,2025-12-11T17:51:00.000Z,SELL,0.01,2,1,10.00,2,5970.00
2025-12-11T17:51:00.000Z,2025-12-12T09:36:00.000Z,SELL,0.01,2,1,10.00,2,5980.00
2025-12-12T09:36:00.000Z,2025-12-12T11:56:00.000Z,SELL,0.01,2,1,10.00,2,5990.00
2025-12-12T11:56:00.000Z,2025-12-12T16:54:00.000Z,SELL,0.01,2,1,10.00,2,6000.00
2025-12-12T16:54:00.000Z,2025-12-12T17:16:00.000Z,SELL,0.01,1,1,10.00,1,6010.00
2025-12-12T17:16:00.000Z,2025-12-12T17:18:00.000Z,SELL,0.01,1,1,10.00,1,6020.00
2025-12-12T17:18:00.000Z,2025-12-12T17:21:00.000Z,SELL,0.01,1,1,10.00,1,6030.00
2025-12-12T17:21:00.000Z,2025-12-12T17:24:00.000Z,SELL,0.01,1,1,10.00,1,6040.00
2025-12-12T17:24:00.000Z,2025-12-12T17:30:00.000Z,SELL,0.01,1,1,10.00,1,6050.00
2025-12-12T17:30:00.000Z,2025-12-12T17:58:00.000Z,SELL,0.01,3,1,10.00,3,6060.00
2025-12-12T17:58:00.000Z,2025-12-12T18:03:00.000Z,SELL,0.01,1,1,10.00,1,6070.00
2025-12-12T18:03:00.000Z,2025-12-12T18:38:00.000Z,SELL,0.01,1,1,10.00,1,6080.00
2025-12-12T18:38:00.000Z,2025-12-12T18:40:00.000Z,SELL,0.01,1,1,10.00,1,6090.00
2025-12-12T18:40:00.000Z,2025-12-12T19:22:00.000Z,SELL,0.01,2,1,10.00,2,6100.00
2025-12-12T19:22:00.000Z,2025-12-15T03:34:00.000Z,SELL,0.01,2,1,10.00,2,6110.00
2025-12-15T03:34:00.000Z,2025-12-15T10:48:00.000Z,SELL,0.01,2,1,10.00,2,6120.00
2025-12-15T10:48:00.000Z,2025-12-15T13:05:00.000Z,SELL,0.01,1,1,10.00,1,6130.00
2025-12-15T13:05:00.000Z,2025-12-15T16:20:00.000Z,SELL,0.01,1,1,10.00,1,6140.00
2025-12-15T16:20:00.000Z,2025-12-15T17:01:00.000Z,SELL,0.01,1,1,10.00,1,6150.00
2025-12-15T17:01:00.000Z,2025-12-15T18:05:00.000Z,SELL,0.01,1,1,10.00,1,6160.00
2025-12-15T18:05:00.000Z,2025-12-15T18:22:00.000Z,SELL,0.01,1,1,10.00,1,6170.00
2025-12-15T18:22:00.000Z,2025-12-15T18:37:00.000Z,SELL,0.01,1,1,10.00,1,6180.00
2025-12-15T18:37:00.000Z,2025-12-15T21:03:00.000Z,SELL,0.01,2,1,10.00,2,6190.00
2025-12-15T21:03:00.000Z,2025-12-16T05:11:00.000Z,BUY,0.01,2,1,10.00,2,6200.00
2025-12-16T05:11:00.000Z,2025-12-16T15:08:00.000Z,BUY,0.01,1,1,10.00,1,6210.00
2025-12-16T15:08:00.000Z,2025-12-16T15:30:00.000Z,BUY,0.01,1,1,10.00,1,6220.00
2025-12-16T15:30:00.000Z,2025-12-16T16:03:00.000Z,BUY,0.01,1,1,10.00,1,6230.00
2025-12-16T16:03:00.000Z,2025-12-16T16:19:00.000Z,BUY,0.01,1,1,10.00,1,6240.00
2025-12-16T16:19:00.000Z,2025-12-16T18:36:00.000Z,BUY,0.01,2,1,10.00,2,6250.00
2025-12-16T18:36:00.000Z,2025-12-17T04:00:00.000Z,SELL,0.01,2,1,10.00,2,6260.00
2025-12-17T04:00:00.000Z,2025-12-17T04:35:00.000Z,SELL,0.01,1,1,10.00,1,6270.00
2025-12-17T04:35:00.000Z,2025-12-17T12:38:00.000Z,SELL,0.01,3,1,10.00,3,6280.00
2025-12-17T12:38:00.000Z,2025-12-17T15:40:00.000Z,SELL,0.01,2,1,10.00,2,6290.00
2025-12-17T15:40:00.000Z,2025-12-17T16:15:00.000Z,SELL,0.01,1,1,10.00,1,6300.00
2025-12-17T16:15:00.000Z,2025-12-18T15:06:00.000Z,SELL,0.01,5,1,10.00,5,6310.00
2025-12-18T15:06:00.000Z,2025-12-18T15:30:00.000Z,BUY,0.01,1,1,10.00,1,6320.00
2025-12-18T15:30:00.000Z,2025-12-18T15:41:00.000Z,BUY,0.01,1,1,10.00,1,6330.00
2025-12-18T15:41:00.000Z,2025-12-18T18:10:00.000Z,BUY,0.01,3,1,10.00,3,6340.00
2025-12-18T18:10:00.000Z,2025-12-18T19:09:00.000Z,SELL,0.01,3,1,10.00,3,6350.00
2025-12-18T19:09:00.000Z,2025-12-18T19:11:00.000Z,SELL,0.01,1,1,10.00,1,6360.00
2025-12-18T19:11:00.000Z,2025-12-19T03:25:00.000Z,SELL,0.01,1,1,10.00,1,6370.00
2025-12-19T03:25:00.000Z,2025-12-19T17:23:00.000Z,SELL,0.01,2,1,10.00,2,6380.00
2025-12-19T17:23:00.000Z,2025-12-19T20:26:00.000Z,BUY,0.01,1,1,10.00,1,6390.00
2025-12-19T20:26:00.000Z,2025-12-19T20:42:00.000Z,SELL,0.01,1,1,10.00,1,6400.00
2025-12-19T20:42:00.000Z,2025-12-22T03:39:00.000Z,SELL,0.01,2,1,10.00,2,6410.00
2025-12-22T03:39:00.000Z,2025-12-22T07:30:00.000Z,SELL,0.01,2,1,10.00,2,6420.00
2025-12-22T07:30:00.000Z,2025-12-22T18:08:00.000Z,SELL,0.01,2,1,10.00,2,6430.00
2025-12-22T18:08:00.000Z,2025-12-23T02:13:00.000Z,SELL,0.01,2,1,10.00,2,6440.00
2025-12-23T02:13:00.000Z,2025-12-23T04:42:00.000Z,SELL,0.01,2,1,10.00,2,6450.00
2025-12-23T04:42:00.000Z,2025-12-23T05:14:00.000Z,SELL,0.01,1,1,10.00,1,6460.00
2025-12-23T05:14:00.000Z,2025-12-23T07:57:00.000Z,SELL,0.01,1,1,10.00,1,6470.00
2025-12-23T07:57:00.000Z,2025-12-23T16:05:00.000Z,SELL,0.01,3,1,10.00,3,6480.00
2025-12-23T16:05:00.000Z,2025-12-23T16:05:00.000Z,SELL,0.01,1,1,10.00,1,6490.00
2025-12-23T16:05:00.000Z,2025-12-23T16:58:00.000Z,SELL,0.01,1,1,10.00,1,6500.00
2025-12-23T16:58:00.000Z,2025-12-23T17:02:00.000Z,SELL,0.01,1,1,10.00,1,6510.00
2025-12-23T17:02:00.000Z,2025-12-23T18:26:00.000Z,SELL,0.01,2,1,10.00,2,6520.00
2025-12-23T18:26:00.000Z,2025-12-23T21:06:00.000Z,SELL,0.01,2,1,10.00,2,6530.00
2025-12-23T21:06:00.000Z,2025-12-23T23:56:00.000Z,SELL,0.01,1,1,10.00,1,6540.00
2025-12-23T23:56:00.000Z,2025-12-24T02:30:00.000Z,SELL,0.01,2,1,10.00,2,6550.00
2025-12-24T02:30:00.000Z,2025-12-24T04:55:00.000Z,SELL,0.01,1,1,10.00,1,6560.00
2025-12-24T04:55:00.000Z,2025-12-24T04:58:00.000Z,SELL,0.01,1,1,10.00,1,6570.00
2025-12-24T04:58:00.000Z,2025-12-24T04:59:00.000Z,SELL,0.01,1,1,10.00,1,6580.00
2025-12-24T04:59:00.000Z,2025-12-24T05:00:00.000Z,SELL,0.01,1,1,10.00,1,6590.00
2025-12-24T05:00:00.000Z,2025-12-24T16:50:00.000Z,SELL,0.01,3,1,10.00,3,6600.00
2025-12-24T16:50:00.000Z,2025-12-24T17:43:00.000Z,SELL,0.01,1,1,10.00,1,6610.00
2025-12-24T17:43:00.000Z,2025-12-24T19:07:00.000Z,SELL,0.01,2,1,10.00,2,6620.00
2025-12-24T19:07:00.000Z,2025-12-26T01:01:00.000Z,BUY,0.01,1,1,10.00,1,6630.00
2025-12-26T01:01:00.000Z,2025-12-26T01:01:00.000Z,BUY,0.01,1,1,10.00,1,6640.00
2025-12-26T01:01:00.000Z,2025-12-26T02:52:00.000Z,BUY,0.01,3,1,10.00,3,6650.00
2025-12-26T02:52:00.000Z,2025-12-26T03:04:00.000Z,BUY,0.01,1,1,10.00,1,6660.00
2025-12-26T03:04:00.000Z,2025-12-26T03:10:00.000Z,SELL,0.01,1,1,10.00,1,6670.00
2025-12-26T03:10:00.000Z,2025-12-26T03:42:00.000Z,SELL,0.01,1,1,10.00,1,6680.00
2025-12-26T03:42:00.000Z,2025-12-26T04:32:00.000Z,SELL,0.01,1,1,10.00,1,6690.00
2025-12-26T04:32:00.000Z,2025-12-26T12:25:00.000Z,SELL,0.01,2,1,10.00,2,6700.00
2025-12-26T12:25:00.000Z,2025-12-26T12:47:00.000Z,SELL,0.01,1,1,10.00,1,6710.00
2025-12-26T12:47:00.000Z,2025-12-26T17:37:00.000Z,SELL,0.01,4,1,10.00,4,6720.00
2025-12-26T17:37:00.000Z,2025-12-26T18:52:00.000Z,SELL,0.01,1,1,10.00,1,6730.00
2025-12-26T18:52:00.000Z,2025-12-26T19:20:00.000Z,SELL,0.01,1,1,10.00,1,6740.00
2025-12-26T19:20:00.000Z,2025-12-26T19:33:00.000Z,SELL,0.01,1,1,10.00,1,6750.00
2025-12-26T19:33:00.000Z,2025-12-29T02:22:00.000Z,SELL,0.01,3,1,10.00,3,6760.00
2025-12-29T02:22:00.000Z,2025-12-29T02:26:00.000Z,SELL,0.01,1,1,10.00,1,6770.00
2025-12-29T02:26:00.000Z,2025-12-29T02:30:00.000Z,SELL,0.01,1,1,10.00,1,6780.00
2025-12-29T02:30:00.000Z,2025-12-29T03:10:00.000Z,SELL,0.01,2,1,10.00,2,6790.00
2025-12-29T03:10:00.000Z,2025-12-29T03:26:00.000Z,SELL,0.01,1,1,10.00,1,6800.00
2025-12-29T03:26:00.000Z,2025-12-29T08:28:00.000Z,SELL,0.01,1,1,10.00,1,6810.00
2025-12-29T08:28:00.000Z,2025-12-29T09:00:00.000Z,BUY,0.01,2,1,10.00,2,6820.00
2025-12-29T09:00:00.000Z,2025-12-29T09:00:00.000Z,BUY,0.01,1,1,10.00,1,6830.00
2025-12-29T09:00:00.000Z,2025-12-29T09:20:00.000Z,BUY,0.01,3,1,10.00,3,6840.00
2025-12-29T09:20:00.000Z,2025-12-29T13:39:00.000Z,BUY,0.01,2,1,10.00,2,6850.00
2025-12-29T13:39:00.000Z,2025-12-29T14:39:00.000Z,BUY,0.01,1,1,10.00,1,6860.00
2025-12-29T14:39:00.000Z,2025-12-29T15:42:00.000Z,BUY,0.01,2,1,10.00,2,6870.00
2025-12-29T15:42:00.000Z,2025-12-29T16:03:00.000Z,BUY,0.01,2,1,10.00,2,6880.00
2025-12-29T16:03:00.000Z,2025-12-29T16:30:00.000Z,BUY,0.01,2,1,10.00,2,6890.00
2025-12-29T16:30:00.000Z,2025-12-29T16:30:00.000Z,BUY,0.01,1,1,10.00,1,6900.00
2025-12-29T16:30:00.000Z,2025-12-29T17:00:00.000Z,BUY,0.01,4,1,10.00,4,6910.00
2025-12-29T17:00:00.000Z,2025-12-29T17:21:00.000Z,BUY,0.01,2,1,10.00,2,6920.00
2025-12-29T17:21:00.000Z,2025-12-29T17:35:00.000Z,BUY,0.01,1,1,10.00,1,6930.00
2025-12-29T17:35:00.000Z,2025-12-29T18:12:00.000Z,BUY,0.01,1,1,10.00,1,6940.00
2025-12-29T18:12:00.000Z,2025-12-30T03:49:00.000Z,BUY,0.01,3,1,10.00,3,6950.00
2025-12-30T03:49:00.000Z,2025-12-30T04:53:00.000Z,BUY,0.01,1,1,10.00,1,6960.00
2025-12-30T04:53:00.000Z,2025-12-30T07:24:00.000Z,BUY,0.01,1,1,10.00,1,6970.00
2025-12-30T07:24:00.000Z,2025-12-30T12:30:00.000Z,BUY,0.01,3,1,10.00,3,6980.00
2025-12-30T12:30:00.000Z,2025-12-30T14:13:00.000Z,BUY,0.01,1,1,10.00,1,6990.00
2025-12-30T14:13:00.000Z,2025-12-30T15:04:00.000Z,BUY,0.01,1,1,10.00,1,7000.00
2025-12-30T15:04:00.000Z,2025-12-30T16:38:00.000Z,BUY,0.01,2,1,10.00,2,7010.00
2025-12-30T16:38:00.000Z,2025-12-30T21:52:00.000Z,BUY,0.01,2,1,10.00,2,7020.00
2025-12-30T21:52:00.000Z,2025-12-30T22:33:00.000Z,BUY,0.01,1,1,10.00,1,7030.00
2025-12-30T22:33:00.000Z,2025-12-31T03:35:00.000Z,BUY,0.01,3,1,10.00,3,7040.00
2025-12-31T03:35:00.000Z,2025-12-31T06:57:00.000Z,BUY,0.01,2,1,10.00,2,7050.00
2025-12-31T06:57:00.000Z,2025-12-31T07:50:00.000Z,BUY,0.01,2,1,10.00,2,7060.00
2025-12-31T07:50:00.000Z,2025-12-31T08:34:00.000Z,BUY,0.01,3,1,10.00,3,7070.00
2025-12-31T08:34:00.000Z,2025-12-31T08:53:00.000Z,BUY,0.01,1,1,10.00,1,7080.00
2025-12-31T08:53:00.000Z,2025-12-31T11:43:00.000Z,BUY,0.01,3,1,10.00,3,7090.00
2025-12-31T11:43:00.000Z,2025-12-31T12:50:00.000Z,BUY,0.01,2,1,10.00,2,7100.00
2025-12-31T12:50:00.000Z,2025-12-31T13:14:00.000Z,BUY,0.01,1,1,10.00,1,7110.00
2025-12-31T13:14:00.000Z,2025-12-31T15:24:00.000Z,BUY,0.01,1,1,10.00,1,7120.00
2025-12-31T15:24:00.000Z,2025-12-31T15:46:00.000Z,BUY,0.01,1,1,10.00,1,7130.00
2025-12-31T15:46:00.000Z,2025-12-31T15:55:00.000Z,BUY,0.01,1,1,10.00,1,7140.00
2025-12-31T15:55:00.000Z,2025-12-31T20:51:00.000Z,BUY,0.01,2,1,10.00,2,7150.00
2025-12-31T20:51:00.000Z,2026-01-02T01:00:00.000Z,BUY,0.01,1,1,10.00,1,7160.00
2026-01-02T01:00:00.000Z,2026-01-02T01:22:00.000Z,BUY,0.01,1,1,10.00,1,7170.00
2026-01-02T01:22:00.000Z,2026-01-02T01:54:00.000Z,BUY,0.01,1,1,10.00,1,7180.00
2026-01-02T01:54:00.000Z,2026-01-02T04:50:00.000Z,BUY,0.01,1,1,10.00,1,7190.00
2026-01-02T04:50:00.000Z,2026-01-02T10:33:00.000Z,SELL,0.01,2,1,10.00,2,7200.00
2026-01-02T10:33:00.000Z,2026-01-02T15:25:00.000Z,SELL,0.01,1,1,10.00,1,7210.00
2026-01-02T15:25:00.000Z,2026-01-02T15:37:00.000Z,SELL,0.01,1,1,10.00,1,7220.00
2026-01-02T15:37:00.000Z,2026-01-02T16:34:00.000Z,SELL,0.01,1,1,10.00,1,7230.00
2026-01-02T16:34:00.000Z,2026-01-02T17:04:00.000Z,SELL,0.01,1,1,10.00,1,7240.00
2026-01-02T17:04:00.000Z,2026-01-02T17:11:00.000Z,SELL,0.01,1,1,10.00,1,7250.00
2026-01-02T17:11:00.000Z,2026-01-02T18:03:00.000Z,SELL,0.01,1,1,10.00,1,7260.00
2026-01-02T18:03:00.000Z,2026-01-02T18:19:00.000Z,SELL,0.01,1,1,10.00,1,7270.00
2026-01-02T18:19:00.000Z,2026-01-05T01:00:00.000Z,SELL,0.01,2,1,10.00,2,7280.00
2026-01-05T01:00:00.000Z,2026-01-05T01:03:00.000Z,BUY,0.01,1,1,10.00,1,7290.00
2026-01-05T01:03:00.000Z,2026-01-05T01:12:00.000Z,BUY,0.01,1,1,10.00,1,7300.00
2026-01-05T01:12:00.000Z,2026-01-05T02:10:00.000Z,BUY,0.01,1,1,10.00,1,7310.00
2026-01-05T02:10:00.000Z,2026-01-05T02:28:00.000Z,BUY,0.01,1,1,10.00,1,7320.00
2026-01-05T02:28:00.000Z,2026-01-05T02:37:00.000Z,BUY,0.01,1,1,10.00,1,7330.00
2026-01-05T02:37:00.000Z,2026-01-05T03:02:00.000Z,BUY,0.01,1,1,10.00,1,7340.00
2026-01-05T03:02:00.000Z,2026-01-05T03:19:00.000Z,SELL,0.01,1,1,10.00,1,7350.00
2026-01-05T03:19:00.000Z,2026-01-05T10:15:00.000Z,SELL,0.01,2,1,10.00,2,7360.00
2026-01-05T10:15:00.000Z,2026-01-05T13:26:00.000Z,SELL,0.01,1,1,10.00,1,7370.00
2026-01-05T13:26:00.000Z,2026-01-05T14:50:00.000Z,SELL,0.01,1,1,10.00,1,7380.00
2026-01-05T14:50:00.000Z,2026-01-05T16:48:00.000Z,SELL,0.01,2,1,10.00,2,7390.00
2026-01-05T16:48:00.000Z,2026-01-06T05:18:00.000Z,SELL,0.01,4,1,10.00,4,7400.00
2026-01-06T05:18:00.000Z,2026-01-06T07:51:00.000Z,SELL,0.01,1,1,10.00,1,7410.00
2026-01-06T07:51:00.000Z,2026-01-06T11:48:00.000Z,SELL,0.01,3,1,10.00,3,7420.00
2026-01-06T11:48:00.000Z,2026-01-06T16:33:00.000Z,SELL,0.01,2,1,10.00,2,7430.00
2026-01-06T16:33:00.000Z,2026-01-06T17:37:00.000Z,SELL,0.01,1,1,10.00,1,7440.00
2026-01-06T17:37:00.000Z,2026-01-06T22:58:00.000Z,SELL,0.01,2,1,10.00,2,7450.00
2026-01-06T22:58:00.000Z,2026-01-07T02:52:00.000Z,SELL,0.01,1,1,10.00,1,7460.00
2026-01-07T02:52:00.000Z,2026-01-07T03:07:00.000Z,SELL,0.01,1,1,10.00,1,7470.00
2026-01-07T03:07:00.000Z,2026-01-07T03:56:00.000Z,SELL,0.01,1,1,10.00,1,7480.00
2026-01-07T03:56:00.000Z,2026-01-07T07:34:00.000Z,SELL,0.01,1,1,10.00,1,7490.00
2026-01-07T07:34:00.000Z,2026-01-07T07:48:00.000Z,SELL,0.01,1,1,10.00,1,7500.00
2026-01-07T07:48:00.000Z,2026-01-07T10:42:00.000Z,SELL,0.01,2,1,10.00,2,7510.00
2026-01-07T10:42:00.000Z,2026-01-07T14:12:00.000Z,BUY,0.01,2,1,10.00,2,7520.00
2026-01-07T14:12:00.000Z,2026-01-07T14:32:00.000Z,BUY,0.01,1,1,10.00,1,7530.00
2026-01-07T14:32:00.000Z,2026-01-07T17:16:00.000Z,BUY,0.01,2,1,10.00,2,7540.00
2026-01-07T17:16:00.000Z,2026-01-07T17:25:00.000Z,BUY,0.01,1,1,10.00,1,7550.00
2026-01-07T17:25:00.000Z,2026-01-07T17:31:00.000Z,BUY,0.01,1,1,10.00,1,7560.00
2026-01-07T17:31:00.000Z,2026-01-07T18:22:00.000Z,BUY,0.01,1,1,10.00,1,7570.00
2026-01-07T18:22:00.000Z,2026-01-07T18:43:00.000Z,BUY,0.01,1,1,10.00,1,7580.00
2026-01-07T18:43:00.000Z,2026-01-08T04:37:00.000Z,BUY,0.01,4,1,10.00,4,7590.00
2026-01-08T04:37:00.000Z,2026-01-08T05:12:00.000Z,BUY,0.01,1,1,10.00,1,7600.00
2026-01-08T05:12:00.000Z,2026-01-08T14:04:00.000Z,BUY,0.01,2,1,10.00,2,7610.00
2026-01-08T14:04:00.000Z,2026-01-08T14:33:00.000Z,BUY,0.01,1,1,10.00,1,7620.00
2026-01-08T14:33:00.000Z,2026-01-08T16:47:00.000Z,BUY,0.01,1,1,10.00,1,7630.00
2026-01-08T16:47:00.000Z,2026-01-08T17:10:00.000Z,BUY,0.01,1,1,10.00,1,7640.00
2026-01-08T17:10:00.000Z,2026-01-08T18:01:00.000Z,BUY,0.01,1,1,10.00,1,7650.00
2026-01-08T18:01:00.000Z,2026-01-08T22:25:00.000Z,BUY,0.01,1,1,10.00,1,7660.00
2026-01-08T22:25:00.000Z,2026-01-09T03:07:00.000Z,SELL,0.01,1,1,10.00,1,7670.00
2026-01-09T03:07:00.000Z,2026-01-09T15:32:00.000Z,SELL,0.01,2,1,10.00,2,7680.00
2026-01-09T15:32:00.000Z,2026-01-09T15:32:00.000Z,SELL,0.01,1,1,10.00,1,7690.00
2026-01-09T15:32:00.000Z,2026-01-09T17:22:00.000Z,SELL,0.01,2,1,10.00,2,7700.00
2026-01-09T17:22:00.000Z,2026-01-09T19:51:00.000Z,SELL,0.01,1,1,10.00,1,7710.00
2026-01-09T19:51:00.000Z,2026-01-09T19:54:00.000Z,SELL,0.01,1,1,10.00,1,7720.00
2026-01-09T19:54:00.000Z,2026-01-12T01:00:00.000Z,SELL,0.01,2,1,10.00,2,7730.00
2026-01-12T01:00:00.000Z,2026-01-12T02:05:00.000Z,SELL,0.01,2,1,10.00,2,7740.00
2026-01-12T02:05:00.000Z,2026-01-12T02:32:00.000Z,SELL,0.01,2,1,10.00,2,7750.00
2026-01-12T02:32:00.000Z,2026-01-12T04:04:00.000Z,SELL,0.01,3,1,10.00,3,7760.00
2026-01-12T04:04:00.000Z,2026-01-12T10:50:00.000Z,SELL,0.01,2,1,10.00,2,7770.00
2026-01-12T10:50:00.000Z,2026-01-12T13:25:00.000Z,SELL,0.01,1,1,10.00,1,7780.00
2026-01-12T13:25:00.000Z,2026-01-12T15:50:00.000Z,SELL,0.01,2,1,10.00,2,7790.00
2026-01-12T15:50:00.000Z,2026-01-12T16:03:00.000Z,SELL,0.01,1,1,10.00,1,7800.00
2026-01-12T16:03:00.000Z,2026-01-12T16:10:00.000Z,SELL,0.01,1,1,10.00,1,7810.00
2026-01-12T16:10:00.000Z,2026-01-12T17:35:00.000Z,SELL,0.01,2,1,10.00,2,7820.00
2026-01-12T17:35:00.000Z,2026-01-12T18:38:00.000Z,SELL,0.01,1,1,10.00,1,7830.00
2026-01-12T18:38:00.000Z,2026-01-12T20:16:00.000Z,SELL,0.01,1,1,10.00,1,7840.00
2026-01-12T20:16:00.000Z,2026-01-12T22:44:00.000Z,SELL,0.01,1,1,10.00,1,7850.00
2026-01-12T22:44:00.000Z,2026-01-13T01:12:00.000Z,SELL,0.01,1,1,10.00,1,7860.00
2026-01-13T01:12:00.000Z,2026-01-13T08:41:00.000Z,SELL,0.01,1,1,10.00,1,7870.00
2026-01-13T08:41:00.000Z,2026-01-13T15:12:00.000Z,SELL,0.01,2,1,10.00,2,7880.00
2026-01-13T15:12:00.000Z,2026-01-13T16:48:00.000Z,SELL,0.01,2,1,10.00,2,7890.00
2026-01-13T16:48:00.000Z,2026-01-13T16:54:00.000Z,SELL,0.01,1,1,10.00,1,7900.00
2026-01-13T16:54:00.000Z,2026-01-13T17:17:00.000Z,SELL,0.01,1,1,10.00,1,7910.00
2026-01-13T17:17:00.000Z,2026-01-13T17:20:00.000Z,SELL,0.01,1,1,10.00,1,7920.00
2026-01-13T17:20:00.000Z,2026-01-13T19:58:00.000Z,SELL,0.01,1,1,10.00,1,7930.00
2026-01-13T19:58:00.000Z,2026-01-13T20:21:00.000Z,SELL,0.01,1,1,10.00,1,7940.00
2026-01-13T20:21:00.000Z,2026-01-13T22:34:00.000Z,SELL,0.01,1,1,10.00,1,7950.00
2026-01-13T22:34:00.000Z,2026-01-14T02:03:00.000Z,SELL,0.01,2,1,10.00,2,7960.00
2026-01-14T02:03:00.000Z,2026-01-14T07:01:00.000Z,SELL,0.01,2,1,10.00,2,7970.00
2026-01-14T07:01:00.000Z,2026-01-14T07:57:00.000Z,SELL,0.01,1,1,10.00,1,7980.00
2026-01-14T07:57:00.000Z,2026-01-14T16:48:00.000Z,SELL,0.01,3,1,10.00,3,7990.00
2026-01-14T16:48:00.000Z,2026-01-14T17:09:00.000Z,SELL,0.01,1,1,10.00,1,8000.00
2026-01-14T17:09:00.000Z,2026-01-14T20:31:00.000Z,SELL,0.01,4,1,10.00,4,8010.00
2026-01-14T20:31:00.000Z,2026-01-14T23:26:00.000Z,SELL,0.01,1,1,10.00,1,8020.00
2026-01-14T23:26:00.000Z,2026-01-15T01:18:00.000Z,SELL,0.01,1,1,10.00,1,8030.00
2026-01-15T01:18:00.000Z,2026-01-15T03:24:00.000Z,SELL,0.01,1,1,10.00,1,8040.00
2026-01-15T03:24:00.000Z,2026-01-15T03:31:00.000Z,SELL,0.01,1,1,10.00,1,8050.00
2026-01-15T03:31:00.000Z,2026-01-15T13:00:00.000Z,SELL,0.01,4,1,10.00,4,8060.00
2026-01-15T13:00:00.000Z,2026-01-15T15:41:00.000Z,BUY,0.01,2,1,10.00,2,8070.00
2026-01-15T15:41:00.000Z,2026-01-15T16:20:00.000Z,BUY,0.01,1,1,10.00,1,8080.00
2026-01-15T16:20:00.000Z,2026-01-15T16:32:00.000Z,BUY,0.01,1,1,10.00,1,8090.00
2026-01-15T16:32:00.000Z,2026-01-15T18:11:00.000Z,BUY,0.01,1,1,10.00,1,8100.00
2026-01-15T18:11:00.000Z,2026-01-16T15:16:00.000Z,BUY,0.01,4,1,10.00,4,8110.00
2026-01-16T15:16:00.000Z,2026-01-16T15:46:00.000Z,BUY,0.01,1,1,10.00,1,8120.00
2026-01-16T15:46:00.000Z,2026-01-16T16:47:00.000Z,BUY,0.01,1,1,10.00,1,8130.00
2026-01-16T16:47:00.000Z,2026-01-16T17:26:00.000Z,BUY,0.01,2,1,10.00,2,8140.00
2026-01-16T17:26:00.000Z,2026-01-16T17:33:00.000Z,BUY,0.01,2,1,10.00,2,8150.00
2026-01-16T17:33:00.000Z,2026-01-16T17:45:00.000Z,BUY,0.01,1,1,10.00,1,8160.00
2026-01-16T17:45:00.000Z,2026-01-16T17:50:00.000Z,BUY,0.01,1,1,10.00,1,8170.00
2026-01-16T17:50:00.000Z,2026-01-16T18:06:00.000Z,BUY,0.01,1,1,10.00,1,8180.00
2026-01-16T18:06:00.000Z,2026-01-16T18:13:00.000Z,BUY,0.01,1,1,10.00,1,8190.00
2026-01-16T18:13:00.000Z,2026-01-19T01:00:00.000Z,BUY,0.01,1,1,10.00,1,8200.00
2026-01-19T01:00:00.000Z,2026-01-19T01:00:00.000Z,BUY,0.01,1,1,10.00,1,8210.00
2026-01-19T01:00:00.000Z,2026-01-19T01:00:00.000Z,BUY,0.01,1,1,10.00,1,8220.00
2026-01-19T01:00:00.000Z,2026-01-19T01:00:00.000Z,BUY,0.01,1,1,10.00,1,8230.00
2026-01-19T01:00:00.000Z,2026-01-19T01:02:00.000Z,BUY,0.01,1,1,10.00,1,8240.00
2026-01-19T01:02:00.000Z,2026-01-19T01:06:00.000Z,BUY,0.01,1,1,10.00,1,8250.00
2026-01-19T01:06:00.000Z,2026-01-19T01:16:00.000Z,BUY,0.01,1,1,10.00,1,8260.00
2026-01-19T01:16:00.000Z,2026-01-19T01:22:00.000Z,BUY,0.01,1,1,10.00,1,8270.00
2026-01-19T01:22:00.000Z,2026-01-19T01:31:00.000Z,BUY,0.01,1,1,10.00,1,8280.00
2026-01-19T01:31:00.000Z,2026-01-19T04:01:00.000Z,BUY,0.01,2,1,10.00,2,8290.00
2026-01-19T04:01:00.000Z,2026-01-20T06:25:00.000Z,SELL,0.01,2,1,10.00,2,8300.00
2026-01-20T06:25:00.000Z,2026-01-20T07:58:00.000Z,SELL,0.01,2,1,10.00,2,8310.00
2026-01-20T07:58:00.000Z,2026-01-20T16:02:00.000Z,SELL,0.01,2,1,10.00,2,8320.00
2026-01-20T16:02:00.000Z,2026-01-20T16:06:00.000Z,SELL,0.01,1,1,10.00,1,8330.00
2026-01-20T16:06:00.000Z,2026-01-20T17:25:00.000Z,SELL,0.01,1,1,10.00,1,8340.00
2026-01-20T17:25:00.000Z,2026-01-20T18:56:00.000Z,SELL,0.01,2,1,10.00,2,8350.00
2026-01-20T18:56:00.000Z,2026-01-21T02:42:00.000Z,SELL,0.01,2,1,10.00,2,8360.00
2026-01-21T02:42:00.000Z,2026-01-21T03:20:00.000Z,SELL,0.01,2,1,10.00,2,8370.00
2026-01-21T03:20:00.000Z,2026-01-21T05:03:00.000Z,SELL,0.01,2,1,10.00,2,8380.00
2026-01-21T05:03:00.000Z,2026-01-21T05:14:00.000Z,SELL,0.01,1,1,10.00,1,8390.00
2026-01-21T05:14:00.000Z,2026-01-21T06:43:00.000Z,SELL,0.01,2,1,10.00,2,8400.00
2026-01-21T06:43:00.000Z,2026-01-21T08:56:00.000Z,SELL,0.01,3,1,10.00,3,8410.00
2026-01-21T08:56:00.000Z,2026-01-21T09:00:00.000Z,SELL,0.01,1,1,10.00,1,8420.00
2026-01-21T09:00:00.000Z,2026-01-21T09:16:00.000Z,SELL,0.01,1,1,10.00,1,8430.00
2026-01-21T09:16:00.000Z,2026-01-21T10:05:00.000Z,SELL,0.01,2,1,10.00,2,8440.00
2026-01-21T10:05:00.000Z,2026-01-21T11:01:00.000Z,SELL,0.01,1,1,10.00,1,8450.00
2026-01-21T11:01:00.000Z,2026-01-21T16:05:00.000Z,SELL,0.01,5,1,10.00,5,8460.00
2026-01-21T16:05:00.000Z,2026-01-21T17:19:00.000Z,SELL,0.01,5,1,10.00,5,8470.00
2026-01-21T17:19:00.000Z,2026-01-21T17:21:00.000Z,SELL,0.01,1,1,10.00,1,8480.00
2026-01-21T17:21:00.000Z,2026-01-21T17:56:00.000Z,SELL,0.01,2,1,10.00,2,8490.00
2026-01-21T17:56:00.000Z,2026-01-21T18:18:00.000Z,SELL,0.01,1,1,10.00,1,8500.00
2026-01-21T18:18:00.000Z,2026-01-21T18:21:00.000Z,SELL,0.01,1,1,10.00,1,8510.00
2026-01-21T18:21:00.000Z,2026-01-21T18:52:00.000Z,SELL,0.01,1,1,10.00,1,8520.00
2026-01-21T18:52:00.000Z,2026-01-21T19:31:00.000Z,SELL,0.01,1,1,10.00,1,8530.00
2026-01-21T19:31:00.000Z,2026-01-21T20:48:00.000Z,SELL,0.01,2,1,10.00,2,8540.00
2026-01-21T20:48:00.000Z,2026-01-21T21:27:00.000Z,SELL,0.01,1,1,10.00,1,8550.00
2026-01-21T21:27:00.000Z,2026-01-21T21:27:00.000Z,SELL,0.01,1,1,10.00,1,8560.00
2026-01-21T21:27:00.000Z,2026-01-21T21:27:00.000Z,SELL,0.01,2,1,10.00,2,8570.00
2026-01-21T21:27:00.000Z,2026-01-21T21:27:00.000Z,SELL,0.01,1,1,10.00,1,8580.00
2026-01-21T21:27:00.000Z,2026-01-21T21:27:00.000Z,SELL,0.01,1,1,10.00,1,8590.00
2026-01-21T21:27:00.000Z,2026-01-21T21:27:00.000Z,SELL,0.01,1,1,10.00,1,8600.00
2026-01-21T21:27:00.000Z,2026-01-21T21:29:00.000Z,SELL,0.01,1,1,10.00,1,8610.00
2026-01-21T21:29:00.000Z,2026-01-21T21:35:00.000Z,SELL,0.01,1,1,10.00,1,8620.00
2026-01-21T21:35:00.000Z,2026-01-21T21:35:00.000Z,SELL,0.01,1,1,10.00,1,8630.00
2026-01-21T21:35:00.000Z,2026-01-21T21:37:00.000Z,SELL,0.01,1,1,10.00,1,8640.00
2026-01-21T21:37:00.000Z,2026-01-21T21:40:00.000Z,SELL,0.01,1,1,10.00,1,8650.00
2026-01-21T21:40:00.000Z,2026-01-21T21:51:00.000Z,SELL,0.01,1,1,10.00,1,8660.00
2026-01-21T21:51:00.000Z,2026-01-21T22:15:00.000Z,SELL,0.01,2,1,10.00,2,8670.00
2026-01-21T22:15:00.000Z,2026-01-21T22:44:00.000Z,SELL,0.01,2,1,10.00,2,8680.00
2026-01-21T22:44:00.000Z,2026-01-22T01:09:00.000Z,SELL,0.01,3,1,10.00,3,8690.00
2026-01-22T01:09:00.000Z,2026-01-22T01:24:00.000Z,SELL,0.01,1,1,10.00,1,8700.00
2026-01-22T01:24:00.000Z,2026-01-22T01:27:00.000Z,SELL,0.01,1,1,10.00,1,8710.00
2026-01-22T01:27:00.000Z,2026-01-22T01:59:00.000Z,SELL,0.01,1,1,10.00,1,8720.00
2026-01-22T01:59:00.000Z,2026-01-22T03:24:00.000Z,SELL,0.01,4,1,10.00,4,8730.00
2026-01-22T03:24:00.000Z,2026-01-22T04:39:00.000Z,BUY,0.01,2,1,10.00,2,8740.00
2026-01-22T04:39:00.000Z,2026-01-22T04:52:00.000Z,BUY,0.01,1,1,10.00,1,8750.00
2026-01-22T04:52:00.000Z,2026-01-22T06:06:00.000Z,BUY,0.01,1,1,10.00,1,8760.00
2026-01-22T06:06:00.000Z,2026-01-22T07:50:00.000Z,BUY,0.01,1,1,10.00,1,8770.00
2026-01-22T07:50:00.000Z,2026-01-22T07:53:00.000Z,BUY,0.01,1,1,10.00,1,8780.00
2026-01-22T07:53:00.000Z,2026-01-22T08:26:00.000Z,BUY,0.01,1,1,10.00,1,8790.00
2026-01-22T08:26:00.000Z,2026-01-22T16:32:00.000Z,BUY,0.01,1,1,10.00,1,8800.00
2026-01-22T16:32:00.000Z,2026-01-22T17:00:00.000Z,SELL,0.01,1,1,10.00,1,8810.00
2026-01-22T17:00:00.000Z,2026-01-22T17:31:00.000Z,SELL,0.01,2,1,10.00,2,8820.00
2026-01-22T17:31:00.000Z,2026-01-22T19:22:00.000Z,SELL,0.01,2,1,10.00,2,8830.00
2026-01-22T19:22:00.000Z,2026-01-22T20:55:00.000Z,SELL,0.01,2,1,10.00,2,8840.00
2026-01-22T20:55:00.000Z,2026-01-22T21:48:00.000Z,SELL,0.01,1,1,10.00,1,8850.00
2026-01-22T21:48:00.000Z,2026-01-22T23:41:00.000Z,SELL,0.01,2,1,10.00,2,8860.00
2026-01-22T23:41:00.000Z,2026-01-23T03:47:00.000Z,SELL,0.01,5,0,-2420.00,5,6440.00
2026-01-23T03:47:00.000Z,2026-01-23T04:10:00.000Z,SELL,0.01,1,1,10.00,1,6450.00
2026-01-23T04:10:00.000Z,2026-01-23T05:26:00.000Z,SELL,0.01,1,1,10.00,1,6460.00
2026-01-23T05:26:00.000Z,2026-01-23T10:22:00.000Z,SELL,0.01,3,1,10.00,3,6470.00
2026-01-23T10:22:00.000Z,2026-01-23T10:25:00.000Z,SELL,0.01,1,1,10.00,1,6480.00
2026-01-23T10:25:00.000Z,2026-01-23T10:27:00.000Z,SELL,0.01,1,1,10.00,1,6490.00
2026-01-23T10:27:00.000Z,2026-01-23T14:38:00.000Z,SELL,0.01,2,1,10.00,2,6500.00
2026-01-23T14:38:00.000Z,2026-01-23T15:23:00.000Z,SELL,0.01,1,1,10.00,1,6510.00
2026-01-23T15:23:00.000Z,2026-01-23T17:41:00.000Z,SELL,0.01,2,1,10.00,2,6520.00
2026-01-23T17:41:00.000Z,2026-01-23T18:31:00.000Z,SELL,0.01,2,1,10.00,2,6530.00
2026-01-23T18:31:00.000Z,2026-01-23T18:45:00.000Z,SELL,0.01,1,1,10.00,1,6540.00
2026-01-23T18:45:00.000Z,2026-01-23T19:55:00.000Z,SELL,0.01,1,1,10.00,1,6550.00
2026-01-23T19:55:00.000Z,2026-01-26T01:00:00.000Z,SELL,0.01,2,1,10.00,2,6560.00
2026-01-26T01:00:00.000Z,2026-01-26T01:02:00.000Z,SELL,0.01,2,1,10.00,2,6570.00
2026-01-26T01:02:00.000Z,2026-01-26T01:04:00.000Z,SELL,0.01,1,1,10.00,1,6580.00
2026-01-26T01:04:00.000Z,2026-01-26T01:05:00.000Z,SELL,0.01,1,1,10.00,1,6590.00
2026-01-26T01:05:00.000Z,2026-01-26T01:47:00.000Z,SELL,0.01,2,1,10.00,2,6600.00
2026-01-26T01:47:00.000Z,2026-01-26T03:22:00.000Z,SELL,0.01,2,1,10.00,2,6610.00
2026-01-26T03:22:00.000Z,2026-01-26T07:12:00.000Z,SELL,0.01,3,1,10.00,3,6620.00
2026-01-26T07:12:00.000Z,2026-01-26T08:42:00.000Z,SELL,0.01,2,1,10.00,2,6630.00
2026-01-26T08:42:00.000Z,2026-01-26T09:00:00.000Z,SELL,0.01,3,1,10.00,3,6640.00
2026-01-26T09:00:00.000Z,2026-01-26T15:30:00.000Z,SELL,0.01,5,1,10.00,5,6650.00
2026-01-26T15:30:00.000Z,2026-01-26T15:32:00.000Z,SELL,0.01,1,1,10.00,1,6660.00
2026-01-26T15:32:00.000Z,2026-01-26T16:34:00.000Z,SELL,0.01,2,1,10.00,2,6670.00
2026-01-26T16:34:00.000Z,2026-01-26T17:35:00.000Z,SELL,0.01,1,1,10.00,1,6680.00
2026-01-26T17:35:00.000Z,2026-01-26T20:41:00.000Z,SELL,0.01,5,1,10.00,5,6690.00
2026-01-26T20:41:00.000Z,2026-01-26T21:02:00.000Z,SELL,0.01,1,1,10.00,1,6700.00
2026-01-26T21:02:00.000Z,2026-01-26T21:03:00.000Z,SELL,0.01,1,1,10.00,1,6710.00
2026-01-26T21:03:00.000Z,2026-01-26T21:21:00.000Z,SELL,0.01,1,1,10.00,1,6720.00
2026-01-26T21:21:00.000Z,2026-01-26T21:22:00.000Z,SELL,0.01,1,1,10.00,1,6730.00
2026-01-26T21:22:00.000Z,2026-01-26T21:48:00.000Z,SELL,0.01,3,1,10.00,3,6740.00
2026-01-26T21:48:00.000Z,2026-01-26T22:05:00.000Z,SELL,0.01,2,1,10.00,2,6750.00
2026-01-26T22:05:00.000Z,2026-01-26T23:15:00.000Z,SELL,0.01,1,1,10.00,1,6760.00
2026-01-26T23:15:00.000Z,2026-01-26T23:17:00.000Z,SELL,0.01,1,1,10.00,1,6770.00
2026-01-26T23:17:00.000Z,2026-01-26T23:22:00.000Z,SELL,0.01,1,1,10.00,1,6780.00
2026-01-26T23:22:00.000Z,2026-01-26T23:36:00.000Z,SELL,0.01,1,1,10.00,1,6790.00
2026-01-26T23:36:00.000Z,2026-01-26T23:36:00.000Z,SELL,0.01,1,1,10.00,1,6800.00
2026-01-26T23:36:00.000Z,2026-01-27T01:00:00.000Z,SELL,0.01,2,1,10.00,2,6810.00
2026-01-27T01:00:00.000Z,2026-01-27T01:00:00.000Z,SELL,0.01,1,1,10.00,1,6820.00
2026-01-27T01:00:00.000Z,2026-01-27T01:15:00.000Z,SELL,0.01,2,1,10.00,2,6830.00
2026-01-27T01:15:00.000Z,2026-01-27T02:42:00.000Z,SELL,0.01,1,1,10.00,1,6840.00
2026-01-27T02:42:00.000Z,2026-01-27T02:50:00.000Z,SELL,0.01,1,1,10.00,1,6850.00
2026-01-27T02:50:00.000Z,2026-01-27T03:09:00.000Z,SELL,0.01,2,1,10.00,2,6860.00
2026-01-27T03:09:00.000Z,2026-01-27T03:11:00.000Z,BUY,0.01,1,1,10.00,1,6870.00
2026-01-27T03:11:00.000Z,2026-01-27T03:15:00.000Z,BUY,0.01,1,1,10.00,1,6880.00
2026-01-27T03:15:00.000Z,2026-01-27T07:50:00.000Z,BUY,0.01,3,1,10.00,3,6890.00
2026-01-27T07:50:00.000Z,2026-01-27T13:51:00.000Z,SELL,0.01,1,1,10.00,1,6900.00
2026-01-27T13:51:00.000Z,2026-01-27T16:05:00.000Z,SELL,0.01,3,1,10.00,3,6910.00
2026-01-27T16:05:00.000Z,2026-01-27T16:16:00.000Z,SELL,0.01,1,1,10.00,1,6920.00
2026-01-27T16:16:00.000Z,2026-01-27T16:43:00.000Z,SELL,0.01,2,1,10.00,2,6930.00
2026-01-27T16:43:00.000Z,2026-01-27T16:46:00.000Z,SELL,0.01,1,1,10.00,1,6940.00
2026-01-27T16:46:00.000Z,2026-01-27T16:50:00.000Z,SELL,0.01,1,1,10.00,1,6950.00
2026-01-27T16:50:00.000Z,2026-01-27T17:00:00.000Z,SELL,0.01,1,1,10.00,1,6960.00
2026-01-27T17:00:00.000Z,2026-01-27T17:37:00.000Z,SELL,0.01,2,1,10.00,2,6970.00
2026-01-27T17:37:00.000Z,2026-01-27T22:03:00.000Z,SELL,0.01,4,1,10.00,4,6980.00
2026-01-27T22:03:00.000Z,2026-01-27T22:14:00.000Z,SELL,0.01,2,1,10.00,2,6990.00
2026-01-27T22:14:00.000Z,2026-01-27T22:53:00.000Z,SELL,0.01,2,1,10.00,2,7000.00
2026-01-27T22:53:00.000Z,2026-01-28T01:24:00.000Z,SELL,0.01,1,1,10.00,1,7010.00
2026-01-28T01:24:00.000Z,2026-01-28T03:06:00.000Z,SELL,0.01,2,1,10.00,2,7020.00
2026-01-28T03:06:00.000Z,2026-01-28T03:11:00.000Z,SELL,0.01,1,1,10.00,1,7030.00
2026-01-28T03:11:00.000Z,2026-01-28T03:42:00.000Z,SELL,0.01,2,1,10.00,2,7040.00
2026-01-28T03:42:00.000Z,2026-01-28T05:05:00.000Z,SELL,0.01,2,1,10.00,2,7050.00
2026-01-28T05:05:00.000Z,2026-01-28T05:38:00.000Z,SELL,0.01,1,1,10.00,1,7060.00
2026-01-28T05:38:00.000Z,2026-01-28T07:24:00.000Z,SELL,0.01,2,1,10.00,2,7070.00
2026-01-28T07:24:00.000Z,2026-01-28T09:51:00.000Z,SELL,0.01,2,1,10.00,2,7080.00
2026-01-28T09:51:00.000Z,2026-01-28T11:15:00.000Z,SELL,0.01,3,1,10.00,3,7090.00
2026-01-28T11:15:00.000Z,2026-01-28T11:23:00.000Z,SELL,0.01,1,1,10.00,1,7100.00
2026-01-28T11:23:00.000Z,2026-01-28T13:04:00.000Z,SELL,0.01,1,1,10.00,1,7110.00
2026-01-28T13:04:00.000Z,2026-01-28T13:04:00.000Z,SELL,0.01,1,1,10.00,1,7120.00
2026-01-28T13:04:00.000Z,2026-01-28T13:06:00.000Z,SELL,0.01,1,1,10.00,1,7130.00
2026-01-28T13:06:00.000Z,2026-01-28T14:39:00.000Z,SELL,0.01,2,1,10.00,2,7140.00
2026-01-28T14:39:00.000Z,2026-01-28T15:45:00.000Z,SELL,0.01,3,1,10.00,3,7150.00
2026-01-28T15:45:00.000Z,2026-01-28T17:00:00.000Z,SELL,0.01,2,1,10.00,2,7160.00
2026-01-28T17:00:00.000Z,2026-01-28T17:07:00.000Z,SELL,0.01,1,1,10.00,1,7170.00
2026-01-28T17:07:00.000Z,2026-01-28T17:07:00.000Z,SELL,0.01,1,1,10.00,1,7180.00
2026-01-28T17:07:00.000Z,2026-01-28T17:08:00.000Z,SELL,0.01,3,1,10.00,3,7190.00
2026-01-28T17:08:00.000Z,2026-01-28T17:08:00.000Z,SELL,0.01,1,1,10.00,1,7200.00
2026-01-28T17:08:00.000Z,2026-01-28T17:08:00.000Z,SELL,0.01,1,1,10.00,1,7210.00
2026-01-28T17:08:00.000Z,2026-01-28T17:16:00.000Z,SELL,0.01,2,1,10.00,2,7220.00
2026-01-28T17:16:00.000Z,2026-01-28T17:16:00.000Z,SELL,0.01,1,1,10.00,1,7230.00
2026-01-28T17:16:00.000Z,2026-01-28T17:17:00.000Z,SELL,0.01,1,1,10.00,1,7240.00
2026-01-28T17:17:00.000Z,2026-01-28T17:36:00.000Z,SELL,0.01,2,1,10.00,2,7250.00
2026-01-28T17:36:00.000Z,2026-01-28T20:18:00.000Z,SELL,0.01,2,1,10.00,2,7260.00
2026-01-28T20:18:00.000Z,2026-01-28T20:30:00.000Z,SELL,0.01,1,1,10.00,1,7270.00
2026-01-28T20:30:00.000Z,2026-01-28T20:31:00.000Z,SELL,0.01,1,1,10.00,1,7280.00
2026-01-28T20:31:00.000Z,2026-01-28T20:32:00.000Z,SELL,0.01,1,1,10.00,1,7290.00
2026-01-28T20:32:00.000Z,2026-01-28T21:41:00.000Z,SELL,0.01,2,1,10.00,2,7300.00
2026-01-28T21:41:00.000Z,2026-01-28T22:01:00.000Z,SELL,0.01,2,1,10.00,2,7310.00
2026-01-28T22:01:00.000Z,2026-01-28T22:02:00.000Z,SELL,0.01,1,1,10.00,1,7320.00
2026-01-28T22:02:00.000Z,2026-01-28T22:30:00.000Z,SELL,0.01,2,1,10.00,2,7330.00
2026-01-28T22:30:00.000Z,2026-01-28T22:42:00.000Z,SELL,0.01,2,1,10.00,2,7340.00
2026-01-28T22:42:00.000Z,2026-01-28T22:52:00.000Z,SELL,0.01,1,1,10.00,1,7350.00
2026-01-28T22:52:00.000Z,2026-01-28T23:53:00.000Z,SELL,0.01,2,1,10.00,2,7360.00
2026-01-28T23:53:00.000Z,2026-01-29T01:01:00.000Z,SELL,0.01,2,1,10.00,2,7370.00
2026-01-29T01:01:00.000Z,2026-01-29T01:01:00.000Z,SELL,0.01,1,1,10.00,1,7380.00
2026-01-29T01:01:00.000Z,2026-01-29T01:08:00.000Z,SELL,0.01,2,1,10.00,2,7390.00
2026-01-29T01:08:00.000Z,2026-01-29T01:09:00.000Z,SELL,0.01,1,1,10.00,1,7400.00
2026-01-29T01:09:00.000Z,2026-01-29T01:15:00.000Z,SELL,0.01,2,1,10.00,2,7410.00
2026-01-29T01:15:00.000Z,2026-01-29T01:35:00.000Z,SELL,0.01,4,1,10.00,4,7420.00
2026-01-29T01:35:00.000Z,2026-01-29T01:37:00.000Z,SELL,0.01,2,1,10.00,2,7430.00
2026-01-29T01:37:00.000Z,2026-01-29T01:37:00.000Z,SELL,0.01,1,1,10.00,1,7440.00
2026-01-29T01:37:00.000Z,2026-01-29T01:38:00.000Z,SELL,0.01,2,1,10.00,2,7450.00
2026-01-29T01:38:00.000Z,2026-01-29T01:38:00.000Z,SELL,0.01,3,1,10.00,3,7460.00
2026-01-29T01:38:00.000Z,2026-01-29T01:38:00.000Z,SELL,0.01,1,1,10.00,1,7470.00
2026-01-29T01:38:00.000Z,2026-01-29T01:38:00.000Z,SELL,0.01,2,1,10.00,2,7480.00
2026-01-29T01:38:00.000Z,2026-01-29T01:39:00.000Z,SELL,0.01,2,1,10.00,2,7490.00
2026-01-29T01:39:00.000Z,2026-01-29T01:39:00.000Z,SELL,0.01,1,1,10.00,1,7500.00
2026-01-29T01:39:00.000Z,2026-01-29T01:39:00.000Z,SELL,0.01,1,1,10.00,1,7510.00
2026-01-29T01:39:00.000Z,2026-01-29T01:39:00.000Z,SELL,0.01,1,1,10.00,1,7520.00
2026-01-29T01:39:00.000Z,2026-01-29T01:39:00.000Z,SELL,0.01,1,1,10.00,1,7530.00
2026-01-29T01:39:00.000Z,2026-01-29T01:39:00.000Z,SELL,0.01,2,1,10.00,2,7540.00
2026-01-29T01:39:00.000Z,2026-01-29T01:40:00.000Z,SELL,0.01,1,1,10.00,1,7550.00
2026-01-29T01:40:00.000Z,2026-01-29T01:40:00.000Z,SELL,0.01,1,1,10.00,1,7560.00
2026-01-29T01:40:00.000Z,2026-01-29T01:42:00.000Z,SELL,0.01,3,1,10.00,3,7570.00
2026-01-29T01:42:00.000Z,2026-01-29T01:44:00.000Z,SELL,0.01,3,1,10.00,3,7580.00
2026-01-29T01:44:00.000Z,2026-01-29T01:44:00.000Z,SELL,0.01,1,1,10.00,1,7590.00
2026-01-29T01:44:00.000Z,2026-01-29T01:46:00.000Z,SELL,0.01,1,1,10.00,1,7600.00
2026-01-29T01:46:00.000Z,2026-01-29T01:47:00.000Z,SELL,0.01,1,1,10.00,1,7610.00
2026-01-29T01:47:00.000Z,2026-01-29T01:49:00.000Z,SELL,0.01,1,1,10.00,1,7620.00
2026-01-29T01:49:00.000Z,2026-01-29T01:54:00.000Z,SELL,0.01,1,1,10.00,1,7630.00
2026-01-29T01:54:00.000Z,2026-01-29T01:56:00.000Z,SELL,0.01,2,1,10.00,2,7640.00
2026-01-29T01:56:00.000Z,2026-01-29T01:56:00.000Z,SELL,0.01,1,1,10.00,1,7650.00
2026-01-29T01:56:00.000Z,2026-01-29T01:56:00.000Z,SELL,0.01,1,1,10.00,1,7660.00
2026-01-29T01:56:00.000Z,2026-01-29T02:00:00.000Z,SELL,0.01,3,1,10.00,3,7670.00
2026-01-29T02:00:00.000Z,2026-01-29T02:01:00.000Z,SELL,0.01,3,1,10.00,3,7680.00
2026-01-29T02:01:00.000Z,2026-01-29T02:01:00.000Z,SELL,0.01,1,1,10.00,1,7690.00
2026-01-29T02:01:00.000Z,2026-01-29T02:01:00.000Z,SELL,0.01,1,1,10.00,1,7700.00
2026-01-29T02:01:00.000Z,2026-01-29T02:03:00.000Z,SELL,0.01,4,1,10.00,4,7710.00
2026-01-29T02:03:00.000Z,2026-01-29T02:04:00.000Z,SELL,0.01,1,1,10.00,1,7720.00
2026-01-29T02:04:00.000Z,2026-01-29T02:09:00.000Z,SELL,0.01,2,1,10.00,2,7730.00
2026-01-29T02:09:00.000Z,2026-01-29T02:13:00.000Z,SELL,0.01,1,1,10.00,1,7740.00
2026-01-29T02:13:00.000Z,2026-01-29T02:14:00.000Z,SELL,0.01,1,1,10.00,1,7750.00
2026-01-29T02:14:00.000Z,2026-01-29T02:20:00.000Z,SELL,0.01,1,1,10.00,1,7760.00
2026-01-29T02:20:00.000Z,2026-01-29T02:21:00.000Z,SELL,0.01,1,1,10.00,1,7770.00
2026-01-29T02:21:00.000Z,2026-01-29T02:28:00.000Z,SELL,0.01,2,1,10.00,2,7780.00
2026-01-29T02:28:00.000Z,2026-01-29T03:00:00.000Z,SELL,0.01,5,1,10.00,5,7790.00
2026-01-29T03:00:00.000Z,2026-01-29T03:00:00.000Z,SELL,0.01,2,1,10.00,2,7800.00
2026-01-29T03:00:00.000Z,2026-01-29T03:00:00.000Z,SELL,0.01,1,1,10.00,1,7810.00
2026-01-29T03:00:00.000Z,2026-01-29T03:00:00.000Z,SELL,0.01,1,1,10.00,1,7820.00
2026-01-29T03:00:00.000Z,2026-01-29T03:01:00.000Z,SELL,0.01,1,1,10.00,1,7830.00
2026-01-29T03:01:00.000Z,2026-01-29T03:02:00.000Z,SELL,0.01,1,1,10.00,1,7840.00
2026-01-29T03:02:00.000Z,2026-01-29T03:09:00.000Z,SELL,0.01,3,1,10.00,3,7850.00
2026-01-29T03:09:00.000Z,2026-01-29T03:09:00.000Z,SELL,0.01,1,1,10.00,1,7860.00
2026-01-29T03:09:00.000Z,2026-01-29T03:09:00.000Z,SELL,0.01,1,1,10.00,1,7870.00
2026-01-29T03:09:00.000Z,2026-01-29T03:09:00.000Z,SELL,0.01,2,1,10.00,2,7880.00
2026-01-29T03:09:00.000Z,2026-01-29T03:09:00.000Z,SELL,0.01,1,1,10.00,1,7890.00
2026-01-29T03:09:00.000Z,2026-01-29T03:09:00.000Z,SELL,0.01,1,1,10.00,1,7900.00
2026-01-29T03:09:00.000Z,2026-01-29T03:15:00.000Z,SELL,0.01,2,1,10.00,2,7910.00
2026-01-29T03:15:00.000Z,2026-01-29T03:30:00.000Z,SELL,0.01,2,1,10.00,2,7920.00
2026-01-29T03:30:00.000Z,2026-01-29T03:42:00.000Z,SELL,0.01,2,1,10.00,2,7930.00
2026-01-29T03:42:00.000Z,2026-01-29T03:45:00.000Z,SELL,0.01,1,1,10.00,1,7940.00
2026-01-29T03:45:00.000Z,2026-01-29T04:02:00.000Z,SELL,0.01,1,1,10.00,1,7950.00
2026-01-29T04:02:00.000Z,2026-01-29T04:02:00.000Z,SELL,0.01,1,1,10.00,1,7960.00
2026-01-29T04:02:00.000Z,2026-01-29T04:02:00.000Z,SELL,0.01,1,1,10.00,1,7970.00
2026-01-29T04:02:00.000Z,2026-01-29T04:13:00.000Z,SELL,0.01,4,1,10.00,4,7980.00
2026-01-29T04:13:00.000Z,2026-01-29T04:14:00.000Z,SELL,0.01,1,1,10.00,1,7990.00
2026-01-29T04:14:00.000Z,2026-01-29T04:16:00.000Z,SELL,0.01,1,1,10.00,1,8000.00
2026-01-29T04:16:00.000Z,2026-01-29T04:36:00.000Z,SELL,0.01,2,1,10.00,2,8010.00
2026-01-29T04:36:00.000Z,2026-01-29T04:40:00.000Z,SELL,0.01,1,1,10.00,1,8020.00
2026-01-29T04:40:00.000Z,2026-01-29T04:41:00.000Z,SELL,0.01,1,1,10.00,1,8030.00
2026-01-29T04:41:00.000Z,2026-01-29T05:04:00.000Z,SELL,0.01,3,1,10.00,3,8040.00
2026-01-29T05:04:00.000Z,2026-01-29T05:54:00.000Z,SELL,0.01,2,1,10.00,2,8050.00
2026-01-29T05:54:00.000Z,2026-01-29T06:15:00.000Z,SELL,0.01,1,1,10.00,1,8060.00
2026-01-29T06:15:00.000Z,2026-01-29T06:36:00.000Z,SELL,0.01,2,1,10.00,2,8070.00
2026-01-29T06:36:00.000Z,2026-01-29T06:41:00.000Z,SELL,0.01,1,1,10.00,1,8080.00
2026-01-29T06:41:00.000Z,2026-01-29T07:20:00.000Z,SELL,0.01,1,1,10.00,1,8090.00
2026-01-29T07:20:00.000Z,2026-01-29T07:21:00.000Z,SELL,0.01,1,1,10.00,1,8100.00
2026-01-29T07:21:00.000Z,2026-01-29T07:23:00.000Z,SELL,0.01,1,1,10.00,1,8110.00
2026-01-29T07:23:00.000Z,2026-01-29T07:32:00.000Z,SELL,0.01,2,1,10.00,2,8120.00
2026-01-29T07:32:00.000Z,2026-01-29T08:04:00.000Z,SELL,0.01,2,1,10.00,2,8130.00
2026-01-29T08:04:00.000Z,2026-01-29T08:46:00.000Z,SELL,0.01,1,1,10.00,1,8140.00
2026-01-29T08:46:00.000Z,2026-01-29T08:47:00.000Z,SELL,0.01,1,1,10.00,1,8150.00
2026-01-29T08:47:00.000Z,2026-01-29T09:23:00.000Z,SELL,0.01,1,1,10.00,1,8160.00
2026-01-29T09:23:00.000Z,2026-01-29T09:28:00.000Z,SELL,0.01,1,1,10.00,1,8170.00
2026-01-29T09:28:00.000Z,2026-01-29T10:05:00.000Z,SELL,0.01,1,1,10.00,1,8180.00
2026-01-29T10:05:00.000Z,2026-01-29T10:31:00.000Z,SELL,0.01,1,1,10.00,1,8190.00
2026-01-29T10:31:00.000Z,2026-01-29T10:39:00.000Z,SELL,0.01,1,1,10.00,1,8200.00
2026-01-29T10:39:00.000Z,2026-01-29T10:43:00.000Z,SELL,0.01,1,1,10.00,1,8210.00
2026-01-29T10:43:00.000Z,2026-01-29T10:43:00.000Z,SELL,0.01,1,1,10.00,1,8220.00
2026-01-29T10:43:00.000Z,2026-01-29T10:44:00.000Z,SELL,0.01,3,1,10.00,3,8230.00
2026-01-29T10:44:00.000Z,2026-01-29T10:50:00.000Z,SELL,0.01,2,1,10.00,2,8240.00
2026-01-29T10:50:00.000Z,2026-01-29T11:03:00.000Z,SELL,0.01,1,1,10.00,1,8250.00
2026-01-29T11:03:00.000Z,2026-01-29T12:57:00.000Z,SELL,0.01,3,1,10.00,3,8260.00
2026-01-29T12:57:00.000Z,2026-01-29T13:02:00.000Z,SELL,0.01,1,1,10.00,1,8270.00
2026-01-29T13:02:00.000Z,2026-01-29T13:16:00.000Z,SELL,0.01,2,1,10.00,2,8280.00
2026-01-29T13:16:00.000Z,2026-01-29T14:24:00.000Z,SELL,0.01,2,1,10.00,2,8290.00
2026-01-29T14:24:00.000Z,2026-01-29T14:38:00.000Z,SELL,0.01,1,1,10.00,1,8300.00
2026-01-29T14:38:00.000Z,2026-01-29T15:11:00.000Z,SELL,0.01,1,1,10.00,1,8310.00
2026-01-29T15:11:00.000Z,2026-01-29T15:20:00.000Z,SELL,0.01,1,1,10.00,1,8320.00
2026-01-29T15:20:00.000Z,2026-01-29T16:27:00.000Z,SELL,0.01,4,1,10.00,4,8330.00
2026-01-29T16:27:00.000Z,2026-01-29T16:33:00.000Z,SELL,0.01,1,1,10.00,1,8340.00
2026-01-29T16:33:00.000Z,2026-01-29T16:35:00.000Z,SELL,0.01,1,1,10.00,1,8350.00
2026-01-29T16:35:00.000Z,2026-01-29T16:36:00.000Z,SELL,0.01,1,1,10.00,1,8360.00
2026-01-29T16:36:00.000Z,2026-01-29T16:47:00.000Z,SELL,0.01,3,1,10.00,3,8370.00
2026-01-29T16:47:00.000Z,2026-01-29T17:00:00.000Z,SELL,0.01,3,1,10.00,3,8380.00
2026-01-29T17:00:00.000Z,2026-01-29T17:01:00.000Z,SELL,0.01,1,1,10.00,1,8390.00
2026-01-29T17:01:00.000Z,2026-01-29T17:01:00.000Z,SELL,0.01,1,1,10.00,1,8400.00
2026-01-29T17:01:00.000Z,2026-01-29T17:02:00.000Z,SELL,0.01,3,1,10.00,3,8410.00
2026-01-29T17:02:00.000Z,2026-01-29T17:04:00.000Z,SELL,0.01,1,1,10.00,1,8420.00
2026-01-29T17:04:00.000Z,2026-01-29T17:07:00.000Z,SELL,0.01,3,1,10.00,3,8430.00
2026-01-29T17:07:00.000Z,2026-01-29T17:08:00.000Z,SELL,0.01,1,1,10.00,1,8440.00
2026-01-29T17:08:00.000Z,2026-01-29T17:09:00.000Z,SELL,0.01,1,1,10.00,1,8450.00
2026-01-29T17:09:00.000Z,2026-01-29T17:10:00.000Z,SELL,0.01,1,1,10.00,1,8460.00
2026-01-29T17:10:00.000Z,2026-01-29T17:13:00.000Z,SELL,0.01,5,0,-2420.00,5,6040.00
2026-01-29T17:13:00.000Z,2026-01-29T17:13:00.000Z,SELL,0.01,1,1,10.00,1,6050.00
2026-01-29T17:13:00.000Z,2026-01-29T17:14:00.000Z,SELL,0.01,1,1,10.00,1,6060.00
2026-01-29T17:14:00.000Z,2026-01-29T17:14:00.000Z,SELL,0.01,1,1,10.00,1,6070.00
2026-01-29T17:14:00.000Z,2026-01-29T17:14:00.000Z,SELL,0.01,1,1,10.00,1,6080.00
2026-01-29T17:14:00.000Z,2026-01-29T17:14:00.000Z,SELL,0.01,1,1,10.00,1,6090.00
2026-01-29T17:14:00.000Z,2026-01-29T17:14:00.000Z,SELL,0.01,2,1,10.00,2,6100.00
2026-01-29T17:14:00.000Z,2026-01-29T17:14:00.000Z,SELL,0.01,1,1,10.00,1,6110.00
2026-01-29T17:14:00.000Z,2026-01-29T17:14:00.000Z,SELL,0.01,1,1,10.00,1,6120.00
2026-01-29T17:14:00.000Z,2026-01-29T17:15:00.000Z,SELL,0.01,1,1,10.00,1,6130.00
2026-01-29T17:15:00.000Z,2026-01-29T17:15:00.000Z,SELL,0.01,1,1,10.00,1,6140.00
2026-01-29T17:15:00.000Z,2026-01-29T17:15:00.000Z,SELL,0.01,1,1,10.00,1,6150.00
2026-01-29T17:15:00.000Z,2026-01-29T17:15:00.000Z,SELL,0.01,2,1,10.00,2,6160.00
2026-01-29T17:15:00.000Z,2026-01-29T17:15:00.000Z,SELL,0.01,1,1,10.00,1,6170.00
2026-01-29T17:15:00.000Z,2026-01-29T17:15:00.000Z,SELL,0.01,1,1,10.00,1,6180.00
2026-01-29T17:15:00.000Z,2026-01-29T17:16:00.000Z,SELL,0.01,1,1,10.00,1,6190.00
2026-01-29T17:16:00.000Z,2026-01-29T17:16:00.000Z,SELL,0.01,1,1,10.00,1,6200.00
2026-01-29T17:16:00.000Z,2026-01-29T17:16:00.000Z,SELL,0.01,1,1,10.00,1,6210.00
2026-01-29T17:16:00.000Z,2026-01-29T17:16:00.000Z,SELL,0.01,1,1,10.00,1,6220.00
2026-01-29T17:16:00.000Z,2026-01-29T17:16:00.000Z,SELL,0.01,1,1,10.00,1,6230.00
2026-01-29T17:16:00.000Z,2026-01-29T17:16:00.000Z,SELL,0.01,2,1,10.00,2,6240.00
2026-01-29T17:16:00.000Z,2026-01-29T17:16:00.000Z,SELL,0.01,1,1,10.00,1,6250.00
2026-01-29T17:16:00.000Z,2026-01-29T17:17:00.000Z,SELL,0.01,1,1,10.00,1,6260.00
2026-01-29T17:17:00.000Z,2026-01-29T17:17:00.000Z,SELL,0.01,1,1,10.00,1,6270.00
2026-01-29T17:17:00.000Z,2026-01-29T17:17:00.000Z,SELL,0.01,1,1,10.00,1,6280.00
2026-01-29T17:17:00.000Z,2026-01-29T17:17:00.000Z,SELL,0.01,1,1,10.00,1,6290.00
2026-01-29T17:17:00.000Z,2026-01-29T17:17:00.000Z,SELL,0.01,1,1,10.00,1,6300.00
2026-01-29T17:17:00.000Z,2026-01-29T17:17:00.000Z,SELL,0.01,2,1,10.00,2,6310.00
2026-01-29T17:17:00.000Z,2026-01-29T17:17:00.000Z,SELL,0.01,1,1,10.00,1,6320.00
2026-01-29T17:17:00.000Z,2026-01-29T17:18:00.000Z,SELL,0.01,2,1,10.00,2,6330.00
2026-01-29T17:18:00.000Z,2026-01-29T17:18:00.000Z,SELL,0.01,3,1,10.00,3,6340.00
2026-01-29T17:18:00.000Z,2026-01-29T17:18:00.000Z,SELL,0.01,1,1,10.00,1,6350.00
2026-01-29T17:18:00.000Z,2026-01-29T17:18:00.000Z,SELL,0.01,1,1,10.00,1,6360.00
2026-01-29T17:18:00.000Z,2026-01-29T17:18:00.000Z,SELL,0.01,2,1,10.00,2,6370.00
2026-01-29T17:18:00.000Z,2026-01-29T17:19:00.000Z,SELL,0.01,1,1,10.00,1,6380.00
2026-01-29T17:19:00.000Z,2026-01-29T17:20:00.000Z,SELL,0.01,2,1,10.00,2,6390.00
2026-01-29T17:20:00.000Z,2026-01-29T17:20:00.000Z,SELL,0.01,1,1,10.00,1,6400.00
2026-01-29T17:20:00.000Z,2026-01-29T17:20:00.000Z,SELL,0.01,1,1,10.00,1,6410.00
2026-01-29T17:20:00.000Z,2026-01-29T17:21:00.000Z,SELL,0.01,2,1,10.00,2,6420.00
2026-01-29T17:21:00.000Z,2026-01-29T17:21:00.000Z,SELL,0.01,1,1,10.00,1,6430.00
2026-01-29T17:21:00.000Z,2026-01-29T17:23:00.000Z,SELL,0.01,1,1,10.00,1,6440.00
2026-01-29T17:23:00.000Z,2026-01-29T17:23:00.000Z,SELL,0.01,1,1,10.00,1,6450.00
2026-01-29T17:23:00.000Z,2026-01-29T17:24:00.000Z,SELL,0.01,3,1,10.00,3,6460.00
2026-01-29T17:24:00.000Z,2026-01-29T17:24:00.000Z,SELL,0.01,1,1,10.00,1,6470.00
2026-01-29T17:24:00.000Z,2026-01-29T17:24:00.000Z,SELL,0.01,1,1,10.00,1,6480.00
2026-01-29T17:24:00.000Z,2026-01-29T17:24:00.000Z,SELL,0.01,2,1,10.00,2,6490.00
2026-01-29T17:24:00.000Z,2026-01-29T17:24:00.000Z,SELL,0.01,1,1,10.00,1,6500.00
2026-01-29T17:24:00.000Z,2026-01-29T17:24:00.000Z,SELL,0.01,1,1,10.00,1,6510.00
2026-01-29T17:24:00.000Z,2026-01-29T17:24:00.000Z,SELL,0.01,1,1,10.00,1,6520.00
2026-01-29T17:24:00.000Z,2026-01-29T17:26:00.000Z,SELL,0.01,1,1,10.00,1,6530.00
2026-01-29T17:26:00.000Z,2026-01-29T17:26:00.000Z,SELL,0.01,1,1,10.00,1,6540.00
2026-01-29T17:26:00.000Z,2026-01-29T17:26:00.000Z,SELL,0.01,1,1,10.00,1,6550.00
2026-01-29T17:26:00.000Z,2026-01-29T17:26:00.000Z,SELL,0.01,1,1,10.00,1,6560.00
2026-01-29T17:26:00.000Z,2026-01-29T17:26:00.000Z,SELL,0.01,1,1,10.00,1,6570.00
2026-01-29T17:26:00.000Z,2026-01-29T17:26:00.000Z,SELL,0.01,2,1,10.00,2,6580.00
2026-01-29T17:26:00.000Z,2026-01-29T17:26:00.000Z,SELL,0.01,3,1,10.00,3,6590.00
2026-01-29T17:26:00.000Z,2026-01-29T17:27:00.000Z,SELL,0.01,1,1,10.00,1,6600.00
2026-01-29T17:27:00.000Z,2026-01-29T17:27:00.000Z,SELL,0.01,1,1,10.00,1,6610.00
2026-01-29T17:27:00.000Z,2026-01-29T17:27:00.000Z,SELL,0.01,1,1,10.00,1,6620.00
2026-01-29T17:27:00.000Z,2026-01-29T17:27:00.000Z,SELL,0.01,1,1,10.00,1,6630.00
2026-01-29T17:27:00.000Z,2026-01-29T17:27:00.000Z,SELL,0.01,1,1,10.00,1,6640.00
2026-01-29T17:27:00.000Z,2026-01-29T17:27:00.000Z,SELL,0.01,1,1,10.00,1,6650.00
2026-01-29T17:27:00.000Z,2026-01-29T17:27:00.000Z,SELL,0.01,1,1,10.00,1,6660.00
2026-01-29T17:27:00.000Z,2026-01-29T17:27:00.000Z,SELL,0.01,1,1,10.00,1,6670.00
2026-01-29T17:27:00.000Z,2026-01-29T17:27:00.000Z,SELL,0.01,1,1,10.00,1,6680.00
2026-01-29T17:27:00.000Z,2026-01-29T17:27:00.000Z,SELL,0.01,1,1,10.00,1,6690.00
2026-01-29T17:27:00.000Z,2026-01-29T17:27:00.000Z,SELL,0.01,1,1,10.00,1,6700.00
2026-01-29T17:27:00.000Z,2026-01-29T17:27:00.000Z,SELL,0.01,1,1,10.00,1,6710.00
2026-01-29T17:27:00.000Z,2026-01-29T17:27:00.000Z,SELL,0.01,1,1,10.00,1,6720.00
2026-01-29T17:27:00.000Z,2026-01-29T17:27:00.000Z,SELL,0.01,2,1,10.00,2,6730.00
2026-01-29T17:27:00.000Z,2026-01-29T17:27:00.000Z,SELL,0.01,2,1,10.00,2,6740.00
2026-01-29T17:27:00.000Z,2026-01-29T17:27:00.000Z,SELL,0.01,2,1,10.00,2,6750.00
2026-01-29T17:27:00.000Z,2026-01-29T17:27:00.000Z,SELL,0.01,2,1,10.00,2,6760.00
2026-01-29T17:27:00.000Z,2026-01-29T17:27:00.000Z,SELL,0.01,1,1,10.00,1,6770.00
2026-01-29T17:27:00.000Z,2026-01-29T17:27:00.000Z,SELL,0.01,1,1,10.00,1,6780.00
2026-01-29T17:27:00.000Z,2026-01-29T17:27:00.000Z,SELL,0.01,1,1,10.00,1,6790.00
2026-01-29T17:27:00.000Z,2026-01-29T17:27:00.000Z,SELL,0.01,1,1,10.00,1,6800.00
2026-01-29T17:27:00.000Z,2026-01-29T17:27:00.000Z,SELL,0.01,1,1,10.00,1,6810.00
2026-01-29T17:27:00.000Z,2026-01-29T17:27:00.000Z,SELL,0.01,1,1,10.00,1,6820.00
2026-01-29T17:27:00.000Z,2026-01-29T17:27:00.000Z,SELL,0.01,1,1,10.00,1,6830.00
2026-01-29T17:27:00.000Z,2026-01-29T17:27:00.000Z,SELL,0.01,1,1,10.00,1,6840.00
2026-01-29T17:27:00.000Z,2026-01-29T17:27:00.000Z,SELL,0.01,1,1,10.00,1,6850.00
2026-01-29T17:27:00.000Z,2026-01-29T17:27:00.000Z,SELL,0.01,1,1,10.00,1,6860.00
2026-01-29T17:27:00.000Z,2026-01-29T17:27:00.000Z,SELL,0.01,1,1,10.00,1,6870.00
2026-01-29T17:27:00.000Z,2026-01-29T17:28:00.000Z,SELL,0.01,2,1,10.00,2,6880.00
2026-01-29T17:28:00.000Z,2026-01-29T17:28:00.000Z,SELL,0.01,2,1,10.00,2,6890.00
2026-01-29T17:28:00.000Z,2026-01-29T17:28:00.000Z,SELL,0.01,1,1,10.00,1,6900.00
2026-01-29T17:28:00.000Z,2026-01-29T17:28:00.000Z,SELL,0.01,1,1,10.00,1,6910.00
2026-01-29T17:28:00.000Z,2026-01-29T17:28:00.000Z,SELL,0.01,1,1,10.00,1,6920.00
2026-01-29T17:28:00.000Z,2026-01-29T17:28:00.000Z,SELL,0.01,1,1,10.00,1,6930.00
2026-01-29T17:28:00.000Z,2026-01-29T17:28:00.000Z,SELL,0.01,1,1,10.00,1,6940.00
2026-01-29T17:28:00.000Z,2026-01-29T17:28:00.000Z,SELL,0.01,1,1,10.00,1,6950.00
2026-01-29T17:28:00.000Z,2026-01-29T17:28:00.000Z,SELL,0.01,1,1,10.00,1,6960.00
2026-01-29T17:28:00.000Z,2026-01-29T17:28:00.000Z,SELL,0.01,1,1,10.00,1,6970.00
2026-01-29T17:28:00.000Z,2026-01-29T17:28:00.000Z,SELL,0.01,1,1,10.00,1,6980.00
2026-01-29T17:28:00.000Z,2026-01-29T17:28:00.000Z,SELL,0.01,2,1,10.00,2,6990.00
2026-01-29T17:28:00.000Z,2026-01-29T17:28:00.000Z,SELL,0.01,2,1,10.00,2,7000.00
2026-01-29T17:28:00.000Z,2026-01-29T17:29:00.000Z,SELL,0.01,2,1,10.00,2,7010.00
2026-01-29T17:29:00.000Z,2026-01-29T17:29:00.000Z,SELL,0.01,1,1,10.00,1,7020.00
2026-01-29T17:29:00.000Z,2026-01-29T17:29:00.000Z,SELL,0.01,1,1,10.00,1,7030.00
2026-01-29T17:29:00.000Z,2026-01-29T17:29:00.000Z,SELL,0.01,1,1,10.00,1,7040.00
2026-01-29T17:29:00.000Z,2026-01-29T17:29:00.000Z,SELL,0.01,1,1,10.00,1,7050.00
2026-01-29T17:29:00.000Z,2026-01-29T17:29:00.000Z,SELL,0.01,1,1,10.00,1,7060.00
2026-01-29T17:29:00.000Z,2026-01-29T17:29:00.000Z,SELL,0.01,1,1,10.00,1,7070.00
2026-01-29T17:29:00.000Z,2026-01-29T17:29:00.000Z,SELL,0.01,2,1,10.00,2,7080.00
2026-01-29T17:29:00.000Z,2026-01-29T17:30:00.000Z,SELL,0.01,2,1,10.00,2,7090.00
2026-01-29T17:30:00.000Z,2026-01-29T17:30:00.000Z,SELL,0.01,2,1,10.00,2,7100.00
2026-01-29T17:30:00.000Z,2026-01-29T17:30:00.000Z,SELL,0.01,2,1,10.00,2,7110.00
2026-01-29T17:30:00.000Z,2026-01-29T17:30:00.000Z,SELL,0.01,1,1,10.00,1,7120.00
2026-01-29T17:30:00.000Z,2026-01-29T17:30:00.000Z,SELL,0.01,1,1,10.00,1,7130.00
2026-01-29T17:30:00.000Z,2026-01-29T17:30:00.000Z,SELL,0.01,1,1,10.00,1,7140.00
2026-01-29T17:30:00.000Z,2026-01-29T17:30:00.000Z,SELL,0.01,1,1,10.00,1,7150.00
2026-01-29T17:30:00.000Z,2026-01-29T17:30:00.000Z,SELL,0.01,1,1,10.00,1,7160.00
2026-01-29T17:30:00.000Z,2026-01-29T17:30:00.000Z,SELL,0.01,1,1,10.00,1,7170.00
2026-01-29T17:30:00.000Z,2026-01-29T17:30:00.000Z,SELL,0.01,1,1,10.00,1,7180.00
2026-01-29T17:30:00.000Z,2026-01-29T17:30:00.000Z,SELL,0.01,2,1,10.00,2,7190.00
2026-01-29T17:30:00.000Z,2026-01-29T17:31:00.000Z,SELL,0.01,1,1,10.00,1,7200.00
2026-01-29T17:31:00.000Z,2026-01-29T17:31:00.000Z,SELL,0.01,1,1,10.00,1,7210.00
2026-01-29T17:31:00.000Z,2026-01-29T17:31:00.000Z,SELL,0.01,1,1,10.00,1,7220.00
2026-01-29T17:31:00.000Z,2026-01-29T17:31:00.000Z,SELL,0.01,2,1,10.00,2,7230.00
2026-01-29T17:31:00.000Z,2026-01-29T17:31:00.000Z,SELL,0.01,2,1,10.00,2,7240.00
2026-01-29T17:31:00.000Z,2026-01-29T17:31:00.000Z,SELL,0.01,1,1,10.00,1,7250.00
2026-01-29T17:31:00.000Z,2026-01-29T17:31:00.000Z,SELL,0.01,1,1,10.00,1,7260.00
2026-01-29T17:31:00.000Z,2026-01-29T17:31:00.000Z,SELL,0.01,1,1,10.00,1,7270.00
2026-01-29T17:31:00.000Z,2026-01-29T17:31:00.000Z,SELL,0.01,1,1,10.00,1,7280.00
2026-01-29T17:31:00.000Z,2026-01-29T17:31:00.000Z,SELL,0.01,1,1,10.00,1,7290.00
2026-01-29T17:31:00.000Z,2026-01-29T17:32:00.000Z,SELL,0.01,1,1,10.00,1,7300.00
2026-01-29T17:32:00.000Z,2026-01-29T17:32:00.000Z,SELL,0.01,1,1,10.00,1,7310.00
2026-01-29T17:32:00.000Z,2026-01-29T17:32:00.000Z,SELL,0.01,1,1,10.00,1,7320.00
2026-01-29T17:32:00.000Z,2026-01-29T17:32:00.000Z,SELL,0.01,1,1,10.00,1,7330.00
2026-01-29T17:32:00.000Z,2026-01-29T17:32:00.000Z,SELL,0.01,1,1,10.00,1,7340.00
2026-01-29T17:32:00.000Z,2026-01-29T17:32:00.000Z,SELL,0.01,2,1,10.00,2,7350.00
2026-01-29T17:32:00.000Z,2026-01-29T17:32:00.000Z,SELL,0.01,1,1,10.00,1,7360.00
2026-01-29T17:32:00.000Z,2026-01-29T17:32:00.000Z,SELL,0.01,1,1,10.00,1,7370.00
2026-01-29T17:32:00.000Z,2026-01-29T17:33:00.000Z,SELL,0.01,2,1,10.00,2,7380.00
2026-01-29T17:33:00.000Z,2026-01-29T17:33:00.000Z,SELL,0.01,1,1,10.00,1,7390.00
2026-01-29T17:33:00.000Z,2026-01-29T17:33:00.000Z,SELL,0.01,1,1,10.00,1,7400.00
2026-01-29T17:33:00.000Z,2026-01-29T17:33:00.000Z,SELL,0.01,1,1,10.00,1,7410.00
2026-01-29T17:33:00.000Z,2026-01-29T17:33:00.000Z,SELL,0.01,1,1,10.00,1,7420.00
2026-01-29T17:33:00.000Z,2026-01-29T17:33:00.000Z,SELL,0.01,2,1,10.00,2,7430.00
2026-01-29T17:33:00.000Z,2026-01-29T17:34:00.000Z,SELL,0.01,1,1,10.00,1,7440.00
2026-01-29T17:34:00.000Z,2026-01-29T17:34:00.000Z,SELL,0.01,2,1,10.00,2,7450.00
2026-01-29T17:34:00.000Z,2026-01-29T17:34:00.000Z,SELL,0.01,1,1,10.00,1,7460.00
2026-01-29T17:34:00.000Z,2026-01-29T17:34:00.000Z,SELL,0.01,1,1,10.00,1,7470.00
2026-01-29T17:34:00.000Z,2026-01-29T17:35:00.000Z,SELL,0.01,1,1,10.00,1,7480.00
2026-01-29T17:35:00.000Z,2026-01-29T17:35:00.000Z,SELL,0.01,1,1,10.00,1,7490.00
2026-01-29T17:35:00.000Z,2026-01-29T17:35:00.000Z,SELL,0.01,1,1,10.00,1,7500.00
2026-01-29T17:35:00.000Z,2026-01-29T17:35:00.000Z,SELL,0.01,1,1,10.00,1,7510.00
2026-01-29T17:35:00.000Z,2026-01-29T17:35:00.000Z,SELL,0.01,2,1,10.00,2,7520.00
2026-01-29T17:35:00.000Z,2026-01-29T17:35:00.000Z,SELL,0.01,1,1,10.00,1,7530.00
2026-01-29T17:35:00.000Z,2026-01-29T17:35:00.000Z,SELL,0.01,1,1,10.00,1,7540.00
2026-01-29T17:35:00.000Z,2026-01-29T17:36:00.000Z,SELL,0.01,1,1,10.00,1,7550.00
2026-01-29T17:36:00.000Z,2026-01-29T17:36:00.000Z,SELL,0.01,1,1,10.00,1,7560.00
2026-01-29T17:36:00.000Z,2026-01-29T17:36:00.000Z,SELL,0.01,1,1,10.00,1,7570.00
2026-01-29T17:36:00.000Z,2026-01-29T17:37:00.000Z,SELL,0.01,2,1,10.00,2,7580.00
2026-01-29T17:37:00.000Z,2026-01-29T17:37:00.000Z,SELL,0.01,2,1,10.00,2,7590.00
2026-01-29T17:37:00.000Z,2026-01-29T17:37:00.000Z,SELL,0.01,1,1,10.00,1,7600.00
2026-01-29T17:37:00.000Z,2026-01-29T17:37:00.000Z,SELL,0.01,1,1,10.00,1,7610.00
2026-01-29T17:37:00.000Z,2026-01-29T17:37:00.000Z,SELL,0.01,1,1,10.00,1,7620.00
2026-01-29T17:37:00.000Z,2026-01-29T17:37:00.000Z,SELL,0.01,2,1,10.00,2,7630.00
2026-01-29T17:37:00.000Z,2026-01-29T17:38:00.000Z,SELL,0.01,2,1,10.00,2,7640.00
2026-01-29T17:38:00.000Z,2026-01-29T17:38:00.000Z,SELL,0.01,3,1,10.00,3,7650.00
2026-01-29T17:38:00.000Z,2026-01-29T17:38:00.000Z,SELL,0.01,1,1,10.00,1,7660.00
2026-01-29T17:38:00.000Z,2026-01-29T17:38:00.000Z,SELL,0.01,2,1,10.00,2,7670.00
2026-01-29T17:38:00.000Z,2026-01-29T17:40:00.000Z,SELL,0.01,3,1,10.00,3,7680.00
2026-01-29T17:40:00.000Z,2026-01-29T17:40:00.000Z,SELL,0.01,1,1,10.00,1,7690.00
2026-01-29T17:40:00.000Z,2026-01-29T17:40:00.000Z,SELL,0.01,1,1,10.00,1,7700.00
2026-01-29T17:40:00.000Z,2026-01-29T17:40:00.000Z,SELL,0.01,1,1,10.00,1,7710.00
2026-01-29T17:40:00.000Z,2026-01-29T17:40:00.000Z,SELL,0.01,2,1,10.00,2,7720.00
2026-01-29T17:40:00.000Z,2026-01-29T17:40:00.000Z,SELL,0.01,1,1,10.00,1,7730.00
2026-01-29T17:40:00.000Z,2026-01-29T17:41:00.000Z,SELL,0.01,1,1,10.00,1,7740.00
2026-01-29T17:41:00.000Z,2026-01-29T17:41:00.000Z,SELL,0.01,1,1,10.00,1,7750.00
2026-01-29T17:41:00.000Z,2026-01-29T17:42:00.000Z,SELL,0.01,1,1,10.00,1,7760.00
2026-01-29T17:42:00.000Z,2026-01-29T17:42:00.000Z,SELL,0.01,1,1,10.00,1,7770.00
2026-01-29T17:42:00.000Z,2026-01-29T17:42:00.000Z,SELL,0.01,1,1,10.00,1,7780.00
2026-01-29T17:42:00.000Z,2026-01-29T17:42:00.000Z,SELL,0.01,1,1,10.00,1,7790.00
2026-01-29T17:42:00.000Z,2026-01-29T17:42:00.000Z,SELL,0.01,2,1,10.00,2,7800.00
2026-01-29T17:42:00.000Z,2026-01-29T17:42:00.000Z,SELL,0.01,3,1,10.00,3,7810.00
2026-01-29T17:42:00.000Z,2026-01-29T17:42:00.000Z,SELL,0.01,1,1,10.00,1,7820.00
2026-01-29T17:42:00.000Z,2026-01-29T17:43:00.000Z,SELL,0.01,1,1,10.00,1,7830.00
2026-01-29T17:43:00.000Z,2026-01-29T17:44:00.000Z,SELL,0.01,1,1,10.00,1,7840.00
2026-01-29T17:44:00.000Z,2026-01-29T17:45:00.000Z,SELL,0.01,2,1,10.00,2,7850.00
2026-01-29T17:45:00.000Z,2026-01-29T17:45:00.000Z,SELL,0.01,3,1,10.00,3,7860.00
2026-01-29T17:45:00.000Z,2026-01-29T17:45:00.000Z,SELL,0.01,1,1,10.00,1,7870.00
2026-01-29T17:45:00.000Z,2026-01-29T17:45:00.000Z,SELL,0.01,2,1,10.00,2,7880.00
2026-01-29T17:45:00.000Z,2026-01-29T17:47:00.000Z,SELL,0.01,2,1,10.00,2,7890.00
2026-01-29T17:47:00.000Z,2026-01-29T17:47:00.000Z,SELL,0.01,1,1,10.00,1,7900.00
2026-01-29T17:47:00.000Z,2026-01-29T17:47:00.000Z,SELL,0.01,1,1,10.00,1,7910.00
2026-01-29T17:47:00.000Z,2026-01-29T17:48:00.000Z,SELL,0.01,3,1,10.00,3,7920.00
2026-01-29T17:48:00.000Z,2026-01-29T17:50:00.000Z,SELL,0.01,2,1,10.00,2,7930.00
2026-01-29T17:50:00.000Z,2026-01-29T17:50:00.000Z,SELL,0.01,1,1,10.00,1,7940.00
2026-01-29T17:50:00.000Z,2026-01-29T17:53:00.000Z,SELL,0.01,2,1,10.00,2,7950.00
2026-01-29T17:53:00.000Z,2026-01-29T17:55:00.000Z,SELL,0.01,1,1,10.00,1,7960.00
2026-01-29T17:55:00.000Z,2026-01-29T17:55:00.000Z,SELL,0.01,1,1,10.00,1,7970.00
2026-01-29T17:55:00.000Z,2026-01-29T17:57:00.000Z,SELL,0.01,1,1,10.00,1,7980.00
2026-01-29T17:57:00.000Z,2026-01-29T18:01:00.000Z,SELL,0.01,2,1,10.00,2,7990.00
2026-01-29T18:01:00.000Z,2026-01-29T18:01:00.000Z,SELL,0.01,1,1,10.00,1,8000.00
2026-01-29T18:01:00.000Z,2026-01-29T18:02:00.000Z,SELL,0.01,2,1,10.00,2,8010.00
2026-01-29T18:02:00.000Z,2026-01-29T18:02:00.000Z,SELL,0.01,1,1,10.00,1,8020.00
2026-01-29T18:02:00.000Z,2026-01-29T18:05:00.000Z,SELL,0.01,2,1,10.00,2,8030.00
2026-01-29T18:05:00.000Z,2026-01-29T18:05:00.000Z,SELL,0.01,1,1,10.00,1,8040.00
2026-01-29T18:05:00.000Z,2026-01-29T18:13:00.000Z,SELL,0.01,4,1,10.00,4,8050.00
2026-01-29T18:13:00.000Z,2026-01-29T18:13:00.000Z,SELL,0.01,1,1,10.00,1,8060.00
2026-01-29T18:13:00.000Z,2026-01-29T18:23:00.000Z,SELL,0.01,5,1,10.00,5,8070.00
2026-01-29T18:23:00.000Z,2026-01-29T18:24:00.000Z,SELL,0.01,2,1,10.00,2,8080.00
2026-01-29T18:24:00.000Z,2026-01-29T18:24:00.000Z,SELL,0.01,1,1,10.00,1,8090.00
2026-01-29T18:24:00.000Z,2026-01-29T18:26:00.000Z,SELL,0.01,2,1,10.00,2,8100.00
2026-01-29T18:26:00.000Z,2026-01-29T18:26:00.000Z,SELL,0.01,1,1,10.00,1,8110.00
2026-01-29T18:26:00.000Z,2026-01-29T18:30:00.000Z,SELL,0.01,2,1,10.00,2,8120.00
2026-01-29T18:30:00.000Z,2026-01-29T18:30:00.000Z,SELL,0.01,1,1,10.00,1,8130.00
2026-01-29T18:30:00.000Z,2026-01-29T18:30:00.000Z,SELL,0.01,1,1,10.00,1,8140.00
2026-01-29T18:30:00.000Z,2026-01-29T18:35:00.000Z,SELL,0.01,3,1,10.00,3,8150.00
2026-01-29T18:35:00.000Z,2026-01-29T18:35:00.000Z,SELL,0.01,1,1,10.00,1,8160.00
2026-01-29T18:35:00.000Z,2026-01-29T18:36:00.000Z,SELL,0.01,1,1,10.00,1,8170.00
2026-01-29T18:36:00.000Z,2026-01-29T18:40:00.000Z,SELL,0.01,1,1,10.00,1,8180.00
2026-01-29T18:40:00.000Z,2026-01-29T18:41:00.000Z,SELL,0.01,2,1,10.00,2,8190.00
2026-01-29T18:41:00.000Z,2026-01-29T18:41:00.000Z,SELL,0.01,1,1,10.00,1,8200.00
2026-01-29T18:41:00.000Z,2026-01-29T18:47:00.000Z,SELL,0.01,1,1,10.00,1,8210.00
2026-01-29T18:47:00.000Z,2026-01-29T18:52:00.000Z,SELL,0.01,3,1,10.00,3,8220.00
2026-01-29T18:52:00.000Z,2026-01-29T18:54:00.000Z,SELL,0.01,1,1,10.00,1,8230.00
2026-01-29T18:54:00.000Z,2026-01-29T19:00:00.000Z,SELL,0.01,2,1,10.00,2,8240.00
2026-01-29T19:00:00.000Z,2026-01-29T19:00:00.000Z,BUY,0.01,1,1,10.00,1,8250.00
2026-01-29T19:00:00.000Z,2026-01-29T19:01:00.000Z,BUY,0.01,1,1,10.00,1,8260.00
2026-01-29T19:01:00.000Z,2026-01-29T19:01:00.000Z,BUY,0.01,1,1,10.00,1,8270.00
2026-01-29T19:01:00.000Z,2026-01-29T19:15:00.000Z,BUY,0.01,3,1,10.00,3,8280.00
2026-01-29T19:15:00.000Z,2026-01-29T19:15:00.000Z,BUY,0.01,1,1,10.00,1,8290.00
2026-01-29T19:15:00.000Z,2026-01-29T19:16:00.000Z,BUY,0.01,3,1,10.00,3,8300.00
2026-01-29T19:16:00.000Z,2026-01-29T19:18:00.000Z,BUY,0.01,1,1,10.00,1,8310.00
2026-01-29T19:18:00.000Z,2026-01-29T19:26:00.000Z,BUY,0.01,1,1,10.00,1,8320.00
2026-01-29T19:26:00.000Z,2026-01-29T19:26:00.000Z,BUY,0.01,1,1,10.00,1,8330.00
2026-01-29T19:26:00.000Z,2026-01-29T19:37:00.000Z,BUY,0.01,1,1,10.00,1,8340.00
2026-01-29T19:37:00.000Z,2026-01-29T19:51:00.000Z,BUY,0.01,2,1,10.00,2,8350.00
2026-01-29T19:51:00.000Z,2026-01-29T20:01:00.000Z,BUY,0.01,3,1,10.00,3,8360.00
2026-01-29T20:01:00.000Z,2026-01-29T20:13:00.000Z,BUY,0.01,1,1,10.00,1,8370.00
2026-01-29T20:13:00.000Z,2026-01-29T20:24:00.000Z,BUY,0.01,2,1,10.00,2,8380.00
2026-01-29T20:24:00.000Z,2026-01-29T20:25:00.000Z,BUY,0.01,1,1,10.00,1,8390.00
2026-01-29T20:25:00.000Z,2026-01-29T20:28:00.000Z,BUY,0.01,2,1,10.00,2,8400.00
2026-01-29T20:28:00.000Z,2026-01-29T20:29:00.000Z,BUY,0.01,1,1,10.00,1,8410.00
2026-01-29T20:29:00.000Z,2026-01-29T20:29:00.000Z,BUY,0.01,1,1,10.00,1,8420.00
2026-01-29T20:29:00.000Z,2026-01-29T20:31:00.000Z,BUY,0.01,1,1,10.00,1,8430.00
2026-01-29T20:31:00.000Z,2026-01-29T20:32:00.000Z,BUY,0.01,1,1,10.00,1,8440.00
2026-01-29T20:32:00.000Z,2026-01-29T20:32:00.000Z,BUY,0.01,1,1,10.00,1,8450.00
2026-01-29T20:32:00.000Z,2026-01-29T21:00:00.000Z,BUY,0.01,4,1,10.00,4,8460.00
2026-01-29T21:00:00.000Z,2026-01-29T21:00:00.000Z,BUY,0.01,1,1,10.00,1,8470.00
2026-01-29T21:00:00.000Z,2026-01-29T21:14:00.000Z,BUY,0.01,2,1,10.00,2,8480.00
2026-01-29T21:14:00.000Z,2026-01-29T21:14:00.000Z,BUY,0.01,1,1,10.00,1,8490.00
2026-01-29T21:14:00.000Z,2026-01-29T21:18:00.000Z,BUY,0.01,1,1,10.00,1,8500.00
2026-01-29T21:18:00.000Z,2026-01-29T21:30:00.000Z,BUY,0.01,2,1,10.00,2,8510.00
2026-01-29T21:30:00.000Z,2026-01-29T21:30:00.000Z,BUY,0.01,1,1,10.00,1,8520.00
2026-01-29T21:30:00.000Z,2026-01-29T21:37:00.000Z,BUY,0.01,3,1,10.00,3,8530.00
2026-01-29T21:37:00.000Z,2026-01-29T22:01:00.000Z,BUY,0.01,2,1,10.00,2,8540.00
2026-01-29T22:01:00.000Z,2026-01-29T22:01:00.000Z,BUY,0.01,1,1,10.00,1,8550.00
2026-01-29T22:01:00.000Z,2026-01-29T22:19:00.000Z,BUY,0.01,1,1,10.00,1,8560.00
2026-01-29T22:19:00.000Z,2026-01-29T22:24:00.000Z,BUY,0.01,1,1,10.00,1,8570.00
2026-01-29T22:24:00.000Z,2026-01-29T22:37:00.000Z,BUY,0.01,1,1,10.00,1,8580.00
2026-01-29T22:37:00.000Z,2026-01-29T22:38:00.000Z,BUY,0.01,1,1,10.00,1,8590.00
2026-01-29T22:38:00.000Z,2026-01-29T22:42:00.000Z,BUY,0.01,1,1,10.00,1,8600.00
2026-01-29T22:42:00.000Z,2026-01-29T22:46:00.000Z,BUY,0.01,1,1,10.00,1,8610.00
2026-01-29T22:46:00.000Z,2026-01-29T22:50:00.000Z,BUY,0.01,1,1,10.00,1,8620.00
2026-01-29T22:50:00.000Z,2026-01-29T22:50:00.000Z,BUY,0.01,1,1,10.00,1,8630.00
2026-01-29T22:50:00.000Z,2026-01-29T22:51:00.000Z,BUY,0.01,1,1,10.00,1,8640.00
2026-01-29T22:51:00.000Z,2026-01-29T22:57:00.000Z,BUY,0.01,1,1,10.00,1,8650.00
2026-01-29T22:57:00.000Z,2026-01-29T23:26:00.000Z,BUY,0.01,3,1,10.00,3,8660.00
2026-01-29T23:26:00.000Z,2026-01-29T23:27:00.000Z,BUY,0.01,1,1,10.00,1,8670.00
2026-01-29T23:27:00.000Z,2026-01-29T23:41:00.000Z,BUY,0.01,2,1,10.00,2,8680.00
2026-01-29T23:41:00.000Z,2026-01-30T01:02:00.000Z,BUY,0.01,3,1,10.00,3,8690.00
2026-01-30T01:02:00.000Z,2026-01-30T01:03:00.000Z,BUY,0.01,1,1,10.00,1,8700.00
2026-01-30T01:03:00.000Z,2026-01-30T01:03:00.000Z,BUY,0.01,1,1,10.00,1,8710.00
2026-01-30T01:03:00.000Z,2026-01-30T01:06:00.000Z,BUY,0.01,1,1,10.00,1,8720.00
2026-01-30T01:06:00.000Z,2026-01-30T01:06:00.000Z,BUY,0.01,1,1,10.00,1,8730.00
2026-01-30T01:06:00.000Z,2026-01-30T01:17:00.000Z,BUY,0.01,4,1,10.00,4,8740.00
2026-01-30T01:17:00.000Z,2026-01-30T01:33:00.000Z,BUY,0.01,5,1,10.00,5,8750.00
2026-01-30T01:33:00.000Z,2026-01-30T01:42:00.000Z,BUY,0.01,1,1,10.00,1,8760.00
2026-01-30T01:42:00.000Z,2026-01-30T01:50:00.000Z,BUY,0.01,1,1,10.00,1,8770.00
2026-01-30T01:50:00.000Z,2026-01-30T02:30:00.000Z,BUY,0.01,2,1,10.00,2,8780.00
2026-01-30T02:30:00.000Z,2026-01-30T02:30:00.000Z,BUY,0.01,1,1,10.00,1,8790.00
2026-01-30T02:30:00.000Z,2026-01-30T02:47:00.000Z,BUY,0.01,2,1,10.00,2,8800.00
2026-01-30T02:47:00.000Z,2026-01-30T02:47:00.000Z,BUY,0.01,1,1,10.00,1,8810.00
2026-01-30T02:47:00.000Z,2026-01-30T02:54:00.000Z,BUY,0.01,1,1,10.00,1,8820.00
2026-01-30T02:54:00.000Z,2026-01-30T03:01:00.000Z,BUY,0.01,2,1,10.00,2,8830.00
2026-01-30T03:01:00.000Z,2026-01-30T03:01:00.000Z,BUY,0.01,1,1,10.00,1,8840.00
2026-01-30T03:01:00.000Z,2026-01-30T03:09:00.000Z,BUY,0.01,4,1,10.00,4,8850.00
2026-01-30T03:09:00.000Z,2026-01-30T03:09:00.000Z,BUY,0.01,1,1,10.00,1,8860.00
2026-01-30T03:09:00.000Z,2026-01-30T03:11:00.000Z,BUY,0.01,2,1,10.00,2,8870.00
2026-01-30T03:11:00.000Z,2026-01-30T03:11:00.000Z,BUY,0.01,3,1,10.00,3,8880.00
2026-01-30T03:11:00.000Z,2026-01-30T03:13:00.000Z,BUY,0.01,2,1,10.00,2,8890.00
2026-01-30T03:13:00.000Z,2026-01-30T03:13:00.000Z,BUY,0.01,1,1,10.00,1,8900.00
2026-01-30T03:13:00.000Z,2026-01-30T03:13:00.000Z,BUY,0.01,1,1,10.00,1,8910.00
2026-01-30T03:13:00.000Z,2026-01-30T03:14:00.000Z,BUY,0.01,2,1,10.00,2,8920.00
2026-01-30T03:14:00.000Z,2026-01-30T03:14:00.000Z,BUY,0.01,1,1,10.00,1,8930.00
2026-01-30T03:14:00.000Z,2026-01-30T03:20:00.000Z,BUY,0.01,3,1,10.00,3,8940.00
2026-01-30T03:20:00.000Z,2026-01-30T03:23:00.000Z,BUY,0.01,1,1,10.00,1,8950.00
2026-01-30T03:23:00.000Z,2026-01-30T03:27:00.000Z,BUY,0.01,1,1,10.00,1,8960.00
2026-01-30T03:27:00.000Z,2026-01-30T03:34:00.000Z,BUY,0.01,1,1,10.00,1,8970.00
2026-01-30T03:34:00.000Z,2026-01-30T03:45:00.000Z,BUY,0.01,2,1,10.00,2,8980.00
2026-01-30T03:45:00.000Z,2026-01-30T03:45:00.000Z,BUY,0.01,1,1,10.00,1,8990.00
2026-01-30T03:45:00.000Z,2026-01-30T03:48:00.000Z,BUY,0.01,2,1,10.00,2,9000.00
2026-01-30T03:48:00.000Z,2026-01-30T03:48:00.000Z,BUY,0.01,1,1,10.00,1,9010.00
2026-01-30T03:48:00.000Z,2026-01-30T03:50:00.000Z,BUY,0.01,1,1,10.00,1,9020.00
2026-01-30T03:50:00.000Z,2026-01-30T03:57:00.000Z,BUY,0.01,2,1,10.00,2,9030.00
2026-01-30T03:57:00.000Z,2026-01-30T03:57:00.000Z,BUY,0.01,1,1,10.00,1,9040.00
2026-01-30T03:57:00.000Z,2026-01-30T04:00:00.000Z,BUY,0.01,2,1,10.00,2,9050.00
2026-01-30T04:00:00.000Z,2026-01-30T04:00:00.000Z,BUY,0.01,1,1,10.00,1,9060.00
2026-01-30T04:00:00.000Z,2026-01-30T04:02:00.000Z,BUY,0.01,1,1,10.00,1,9070.00
2026-01-30T04:02:00.000Z,2026-01-30T04:08:00.000Z,BUY,0.01,2,1,10.00,2,9080.00
2026-01-30T04:08:00.000Z,2026-01-30T04:08:00.000Z,BUY,0.01,1,1,10.00,1,9090.00
2026-01-30T04:08:00.000Z,2026-01-30T04:10:00.000Z,BUY,0.01,2,1,10.00,2,9100.00
2026-01-30T04:10:00.000Z,2026-01-30T04:10:00.000Z,BUY,0.01,1,1,10.00,1,9110.00
2026-01-30T04:10:00.000Z,2026-01-30T04:12:00.000Z,BUY,0.01,2,1,10.00,2,9120.00
2026-01-30T04:12:00.000Z,2026-01-30T04:12:00.000Z,BUY,0.01,3,1,10.00,3,9130.00
2026-01-30T04:12:00.000Z,2026-01-30T04:12:00.000Z,BUY,0.01,1,1,10.00,1,9140.00
2026-01-30T04:12:00.000Z,2026-01-30T04:12:00.000Z,BUY,0.01,2,1,10.00,2,9150.00
2026-01-30T04:12:00.000Z,2026-01-30T04:14:00.000Z,BUY,0.01,2,1,10.00,2,9160.00
2026-01-30T04:14:00.000Z,2026-01-30T04:14:00.000Z,BUY,0.01,1,1,10.00,1,9170.00
2026-01-30T04:14:00.000Z,2026-01-30T04:14:00.000Z,BUY,0.01,1,1,10.00,1,9180.00
2026-01-30T04:14:00.000Z,2026-01-30T04:15:00.000Z,BUY,0.01,2,1,10.00,2,9190.00
2026-01-30T04:15:00.000Z,2026-01-30T04:15:00.000Z,BUY,0.01,1,1,10.00,1,9200.00
2026-01-30T04:15:00.000Z,2026-01-30T04:15:00.000Z,BUY,0.01,1,1,10.00,1,9210.00
2026-01-30T04:15:00.000Z,2026-01-30T04:17:00.000Z,BUY,0.01,2,1,10.00,2,9220.00
2026-01-30T04:17:00.000Z,2026-01-30T04:17:00.000Z,BUY,0.01,1,1,10.00,1,9230.00
2026-01-30T04:17:00.000Z,2026-01-30T04:19:00.000Z,BUY,0.01,4,1,10.00,4,9240.00
2026-01-30T04:19:00.000Z,2026-01-30T04:21:00.000Z,BUY,0.01,4,1,10.00,4,9250.00
2026-01-30T04:21:00.000Z,2026-01-30T04:21:00.000Z,BUY,0.01,1,1,10.00,1,9260.00
2026-01-30T04:21:00.000Z,2026-01-30T04:21:00.000Z,BUY,0.01,1,1,10.00,1,9270.00
2026-01-30T04:21:00.000Z,2026-01-30T04:23:00.000Z,BUY,0.01,2,1,10.00,2,9280.00
2026-01-30T04:23:00.000Z,2026-01-30T04:23:00.000Z,BUY,0.01,1,1,10.00,1,9290.00
2026-01-30T04:23:00.000Z,2026-01-30T04:24:00.000Z,BUY,0.01,1,1,10.00,1,9300.00
2026-01-30T04:24:00.000Z,2026-01-30T04:24:00.000Z,BUY,0.01,1,1,10.00,1,9310.00
2026-01-30T04:24:00.000Z,2026-01-30T04:24:00.000Z,BUY,0.01,1,1,10.00,1,9320.00
2026-01-30T04:24:00.000Z,2026-01-30T04:24:00.000Z,BUY,0.01,1,1,10.00,1,9330.00
2026-01-30T04:24:00.000Z,2026-01-30T04:24:00.000Z,BUY,0.01,2,1,10.00,2,9340.00
2026-01-30T04:24:00.000Z,2026-01-30T04:24:00.000Z,BUY,0.01,1,1,10.00,1,9350.00
2026-01-30T04:24:00.000Z,2026-01-30T04:25:00.000Z,BUY,0.01,1,1,10.00,1,9360.00
2026-01-30T04:25:00.000Z,2026-01-30T04:25:00.000Z,BUY,0.01,1,1,10.00,1,9370.00
2026-01-30T04:25:00.000Z,2026-01-30T04:26:00.000Z,BUY,0.01,1,1,10.00,1,9380.00
2026-01-30T04:26:00.000Z,2026-01-30T04:29:00.000Z,BUY,0.01,2,1,10.00,2,9390.00
2026-01-30T04:29:00.000Z,2026-01-30T04:29:00.000Z,BUY,0.01,1,1,10.00,1,9400.00
2026-01-30T04:29:00.000Z,2026-01-30T04:30:00.000Z,BUY,0.01,1,1,10.00,1,9410.00
2026-01-30T04:30:00.000Z,2026-01-30T04:32:00.000Z,BUY,0.01,2,1,10.00,2,9420.00
2026-01-30T04:32:00.000Z,2026-01-30T04:33:00.000Z,BUY,0.01,1,1,10.00,1,9430.00
2026-01-30T04:33:00.000Z,2026-01-30T04:33:00.000Z,BUY,0.01,1,1,10.00,1,9440.00
2026-01-30T04:33:00.000Z,2026-01-30T04:36:00.000Z,BUY,0.01,1,1,10.00,1,9450.00
2026-01-30T04:36:00.000Z,2026-01-30T04:36:00.000Z,BUY,0.01,1,1,10.00,1,9460.00
2026-01-30T04:36:00.000Z,2026-01-30T04:37:00.000Z,BUY,0.01,3,1,10.00,3,9470.00
2026-01-30T04:37:00.000Z,2026-01-30T04:38:00.000Z,BUY,0.01,1,1,10.00,1,9480.00
2026-01-30T04:38:00.000Z,2026-01-30T04:39:00.000Z,BUY,0.01,1,1,10.00,1,9490.00
2026-01-30T04:39:00.000Z,2026-01-30T04:42:00.000Z,BUY,0.01,1,1,10.00,1,9500.00
2026-01-30T04:42:00.000Z,2026-01-30T04:48:00.000Z,BUY,0.01,1,1,10.00,1,9510.00
2026-01-30T04:48:00.000Z,2026-01-30T04:58:00.000Z,BUY,0.01,2,1,10.00,2,9520.00
2026-01-30T04:58:00.000Z,2026-01-30T04:58:00.000Z,BUY,0.01,1,1,10.00,1,9530.00
2026-01-30T04:58:00.000Z,2026-01-30T05:00:00.000Z,BUY,0.01,1,1,10.00,1,9540.00
2026-01-30T05:00:00.000Z,2026-01-30T05:05:00.000Z,BUY,0.01,2,1,10.00,2,9550.00
2026-01-30T05:05:00.000Z,2026-01-30T05:14:00.000Z,BUY,0.01,2,1,10.00,2,9560.00
2026-01-30T05:14:00.000Z,2026-01-30T05:14:00.000Z,BUY,0.01,1,1,10.00,1,9570.00
2026-01-30T05:14:00.000Z,2026-01-30T05:15:00.000Z,BUY,0.01,1,1,10.00,1,9580.00
2026-01-30T05:15:00.000Z,2026-01-30T05:25:00.000Z,BUY,0.01,1,1,10.00,1,9590.00
2026-01-30T05:25:00.000Z,2026-01-30T05:30:00.000Z,BUY,0.01,1,1,10.00,1,9600.00
2026-01-30T05:30:00.000Z,2026-01-30T05:31:00.000Z,BUY,0.01,1,1,10.00,1,9610.00
2026-01-30T05:31:00.000Z,2026-01-30T05:34:00.000Z,BUY,0.01,2,1,10.00,2,9620.00
2026-01-30T05:34:00.000Z,2026-01-30T05:43:00.000Z,BUY,0.01,2,1,10.00,2,9630.00
2026-01-30T05:43:00.000Z,2026-01-30T05:47:00.000Z,BUY,0.01,1,1,10.00,1,9640.00
2026-01-30T05:47:00.000Z,2026-01-30T05:54:00.000Z,BUY,0.01,1,1,10.00,1,9650.00
2026-01-30T05:54:00.000Z,2026-01-30T05:56:00.000Z,BUY,0.01,1,1,10.00,1,9660.00
2026-01-30T05:56:00.000Z,2026-01-30T06:00:00.000Z,BUY,0.01,1,1,10.00,1,9670.00
2026-01-30T06:00:00.000Z,2026-01-30T06:02:00.000Z,BUY,0.01,1,1,10.00,1,9680.00
2026-01-30T06:02:00.000Z,2026-01-30T06:07:00.000Z,BUY,0.01,1,1,10.00,1,9690.00
2026-01-30T06:07:00.000Z,2026-01-30T07:16:00.000Z,BUY,0.01,5,1,10.00,5,9700.00
2026-01-30T07:16:00.000Z,2026-01-30T07:56:00.000Z,BUY,0.01,2,1,10.00,2,9710.00
2026-01-30T07:56:00.000Z,2026-01-30T08:15:00.000Z,BUY,0.01,5,0,-2420.00,5,7290.00
2026-01-30T08:15:00.000Z,2026-01-30T08:24:00.000Z,BUY,0.01,3,1,10.00,3,7300.00
2026-01-30T08:24:00.000Z,2026-01-30T08:29:00.000Z,BUY,0.01,2,1,10.00,2,7310.00
2026-01-30T08:29:00.000Z,2026-01-30T08:29:00.000Z,BUY,0.01,1,1,10.00,1,7320.00
2026-01-30T08:29:00.000Z,2026-01-30T09:00:00.000Z,BUY,0.01,2,1,10.00,2,7330.00
2026-01-30T09:00:00.000Z,2026-01-30T09:00:00.000Z,BUY,0.01,1,1,10.00,1,7340.00
2026-01-30T09:00:00.000Z,2026-01-30T09:07:00.000Z,BUY,0.01,3,1,10.00,3,7350.00
2026-01-30T09:07:00.000Z,2026-01-30T09:08:00.000Z,BUY,0.01,1,1,10.00,1,7360.00
2026-01-30T09:08:00.000Z,2026-01-30T09:12:00.000Z,BUY,0.01,1,1,10.00,1,7370.00
2026-01-30T09:12:00.000Z,2026-01-30T09:34:00.000Z,BUY,0.01,2,1,10.00,2,7380.00
2026-01-30T09:34:00.000Z,2026-01-30T09:35:00.000Z,BUY,0.01,2,1,10.00,2,7390.00
2026-01-30T09:35:00.000Z,2026-01-30T09:35:00.000Z,BUY,0.01,1,1,10.00,1,7400.00
2026-01-30T09:35:00.000Z,2026-01-30T09:35:00.000Z,BUY,0.01,1,1,10.00,1,7410.00
2026-01-30T09:35:00.000Z,2026-01-30T09:40:00.000Z,BUY,0.01,5,1,10.00,5,7420.00
2026-01-30T09:40:00.000Z,2026-01-30T09:52:00.000Z,BUY,0.01,1,1,10.00,1,7430.00
2026-01-30T09:52:00.000Z,2026-01-30T09:57:00.000Z,BUY,0.01,1,1,10.00,1,7440.00
2026-01-30T09:57:00.000Z,2026-01-30T09:59:00.000Z,BUY,0.01,1,1,10.00,1,7450.00
2026-01-30T09:59:00.000Z,2026-01-30T10:07:00.000Z,BUY,0.01,2,1,10.00,2,7460.00
2026-01-30T10:07:00.000Z,2026-01-30T10:22:00.000Z,BUY,0.01,3,1,10.00,3,7470.00
2026-01-30T10:22:00.000Z,2026-01-30T10:31:00.000Z,BUY,0.01,2,1,10.00,2,7480.00
2026-01-30T10:31:00.000Z,2026-01-30T10:33:00.000Z,BUY,0.01,2,1,10.00,2,7490.00
2026-01-30T10:33:00.000Z,2026-01-30T10:33:00.000Z,BUY,0.01,2,1,10.00,2,7500.00
2026-01-30T10:33:00.000Z,2026-01-30T10:33:00.000Z,BUY,0.01,1,1,10.00,1,7510.00
2026-01-30T10:33:00.000Z,2026-01-30T10:33:00.000Z,BUY,0.01,1,1,10.00,1,7520.00
2026-01-30T10:33:00.000Z,2026-01-30T10:33:00.000Z,BUY,0.01,1,1,10.00,1,7530.00
2026-01-30T10:33:00.000Z,2026-01-30T10:33:00.000Z,BUY,0.01,1,1,10.00,1,7540.00
2026-01-30T10:33:00.000Z,2026-01-30T10:33:00.000Z,BUY,0.01,1,1,10.00,1,7550.00
2026-01-30T10:33:00.000Z,2026-01-30T10:33:00.000Z,BUY,0.01,1,1,10.00,1,7560.00
2026-01-30T10:33:00.000Z,2026-01-30T10:33:00.000Z,BUY,0.01,2,1,10.00,2,7570.00
2026-01-30T10:33:00.000Z,2026-01-30T10:33:00.000Z,BUY,0.01,2,1,10.00,2,7580.00
2026-01-30T10:33:00.000Z,2026-01-30T10:34:00.000Z,BUY,0.01,1,1,10.00,1,7590.00
2026-01-30T10:34:00.000Z,2026-01-30T10:34:00.000Z,BUY,0.01,1,1,10.00,1,7600.00
2026-01-30T10:34:00.000Z,2026-01-30T10:34:00.000Z,BUY,0.01,2,1,10.00,2,7610.00
2026-01-30T10:34:00.000Z,2026-01-30T10:34:00.000Z,BUY,0.01,1,1,10.00,1,7620.00
2026-01-30T10:34:00.000Z,2026-01-30T10:37:00.000Z,BUY,0.01,3,1,10.00,3,7630.00
2026-01-30T10:37:00.000Z,2026-01-30T10:37:00.000Z,BUY,0.01,1,1,10.00,1,7640.00
2026-01-30T10:37:00.000Z,2026-01-30T10:47:00.000Z,BUY,0.01,5,1,10.00,5,7650.00
2026-01-30T10:47:00.000Z,2026-01-30T10:48:00.000Z,BUY,0.01,1,1,10.00,1,7660.00
2026-01-30T10:48:00.000Z,2026-01-30T10:50:00.000Z,BUY,0.01,1,1,10.00,1,7670.00
2026-01-30T10:50:00.000Z,2026-01-30T11:05:00.000Z,BUY,0.01,4,1,10.00,4,7680.00
2026-01-30T11:05:00.000Z,2026-01-30T11:05:00.000Z,BUY,0.01,1,1,10.00,1,7690.00
2026-01-30T11:05:00.000Z,2026-01-30T11:07:00.000Z,BUY,0.01,2,1,10.00,2,7700.00
2026-01-30T11:07:00.000Z,2026-01-30T11:07:00.000Z,BUY,0.01,1,1,10.00,1,7710.00
2026-01-30T11:07:00.000Z,2026-01-30T11:09:00.000Z,BUY,0.01,2,1,10.00,2,7720.00
2026-01-30T11:09:00.000Z,2026-01-30T11:09:00.000Z,BUY,0.01,1,1,10.00,1,7730.00
2026-01-30T11:09:00.000Z,2026-01-30T11:13:00.000Z,BUY,0.01,2,1,10.00,2,7740.00
2026-01-30T11:13:00.000Z,2026-01-30T11:13:00.000Z,BUY,0.01,1,1,10.00,1,7750.00
2026-01-30T11:13:00.000Z,2026-01-30T11:14:00.000Z,BUY,0.01,2,1,10.00,2,7760.00
2026-01-30T11:14:00.000Z,2026-01-30T11:15:00.000Z,BUY,0.01,1,1,10.00,1,7770.00
2026-01-30T11:15:00.000Z,2026-01-30T11:15:00.000Z,BUY,0.01,1,1,10.00,1,7780.00
2026-01-30T11:15:00.000Z,2026-01-30T11:15:00.000Z,BUY,0.01,1,1,10.00,1,7790.00
2026-01-30T11:15:00.000Z,2026-01-30T11:17:00.000Z,BUY,0.01,3,1,10.00,3,7800.00
2026-01-30T11:17:00.000Z,2026-01-30T11:28:00.000Z,BUY,0.01,2,1,10.00,2,7810.00
2026-01-30T11:28:00.000Z,2026-01-30T11:30:00.000Z,BUY,0.01,1,1,10.00,1,7820.00
2026-01-30T11:30:00.000Z,2026-01-30T11:31:00.000Z,BUY,0.01,1,1,10.00,1,7830.00
2026-01-30T11:31:00.000Z,2026-01-30T11:32:00.000Z,BUY,0.01,1,1,10.00,1,7840.00
2026-01-30T11:32:00.000Z,2026-01-30T11:39:00.000Z,BUY,0.01,2,1,10.00,2,7850.00
2026-01-30T11:39:00.000Z,2026-01-30T11:39:00.000Z,BUY,0.01,1,1,10.00,1,7860.00
2026-01-30T11:39:00.000Z,2026-01-30T11:42:00.000Z,BUY,0.01,2,1,10.00,2,7870.00
2026-01-30T11:42:00.000Z,2026-01-30T11:42:00.000Z,BUY,0.01,1,1,10.00,1,7880.00
2026-01-30T11:42:00.000Z,2026-01-30T11:44:00.000Z,BUY,0.01,2,1,10.00,2,7890.00
2026-01-30T11:44:00.000Z,2026-01-30T11:44:00.000Z,BUY,0.01,1,1,10.00,1,7900.00
2026-01-30T11:44:00.000Z,2026-01-30T11:45:00.000Z,BUY,0.01,2,1,10.00,2,7910.00
2026-01-30T11:45:00.000Z,2026-01-30T11:45:00.000Z,BUY,0.01,3,1,10.00,3,7920.00
2026-01-30T11:45:00.000Z,2026-01-30T11:47:00.000Z,BUY,0.01,3,1,10.00,3,7930.00
2026-01-30T11:47:00.000Z,2026-01-30T11:49:00.000Z,BUY,0.01,4,1,10.00,4,7940.00
2026-01-30T11:49:00.000Z,2026-01-30T11:49:00.000Z,BUY,0.01,1,1,10.00,1,7950.00
2026-01-30T11:49:00.000Z,2026-01-30T11:50:00.000Z,BUY,0.01,3,1,10.00,3,7960.00
2026-01-30T11:50:00.000Z,2026-01-30T11:51:00.000Z,BUY,0.01,2,1,10.00,2,7970.00
2026-01-30T11:51:00.000Z,2026-01-30T11:51:00.000Z,BUY,0.01,1,1,10.00,1,7980.00
2026-01-30T11:51:00.000Z,2026-01-30T11:52:00.000Z,BUY,0.01,1,1,10.00,1,7990.00
2026-01-30T11:52:00.000Z,2026-01-30T11:52:00.000Z,BUY,0.01,1,1,10.00,1,8000.00
2026-01-30T11:52:00.000Z,2026-01-30T11:54:00.000Z,BUY,0.01,3,1,10.00,3,8010.00
2026-01-30T11:54:00.000Z,2026-01-30T11:57:00.000Z,BUY,0.01,1,1,10.00,1,8020.00
2026-01-30T11:57:00.000Z,2026-01-30T11:57:00.000Z,BUY,0.01,1,1,10.00,1,8030.00
2026-01-30T11:57:00.000Z,2026-01-30T11:57:00.000Z,BUY,0.01,1,1,10.00,1,8040.00
2026-01-30T11:57:00.000Z,2026-01-30T12:00:00.000Z,BUY,0.01,3,1,10.00,3,8050.00
2026-01-30T12:00:00.000Z,2026-01-30T12:03:00.000Z,BUY,0.01,3,1,10.00,3,8060.00
2026-01-30T12:03:00.000Z,2026-01-30T12:06:00.000Z,BUY,0.01,2,1,10.00,2,8070.00
2026-01-30T12:06:00.000Z,2026-01-30T12:06:00.000Z,BUY,0.01,1,1,10.00,1,8080.00
2026-01-30T12:06:00.000Z,2026-01-30T12:12:00.000Z,BUY,0.01,3,1,10.00,3,8090.00
2026-01-30T12:12:00.000Z,2026-01-30T12:16:00.000Z,BUY,0.01,1,1,10.00,1,8100.00
2026-01-30T12:16:00.000Z,2026-01-30T12:19:00.000Z,BUY,0.01,1,1,10.00,1,8110.00
2026-01-30T12:19:00.000Z,2026-01-30T12:20:00.000Z,BUY,0.01,1,1,10.00,1,8120.00
2026-01-30T12:20:00.000Z,2026-01-30T12:37:00.000Z,BUY,0.01,1,1,10.00,1,8130.00
2026-01-30T12:37:00.000Z,2026-01-30T12:43:00.000Z,BUY,0.01,1,1,10.00,1,8140.00
2026-01-30T12:43:00.000Z,2026-01-30T12:53:00.000Z,BUY,0.01,1,1,10.00,1,8150.00
2026-01-30T12:53:00.000Z,2026-01-30T12:58:00.000Z,BUY,0.01,1,1,10.00,1,8160.00
2026-01-30T12:58:00.000Z,2026-01-30T12:59:00.000Z,BUY,0.01,1,1,10.00,1,8170.00
2026-01-30T12:59:00.000Z,2026-01-30T13:16:00.000Z,BUY,0.01,3,1,10.00,3,8180.00
2026-01-30T13:16:00.000Z,2026-01-30T13:43:00.000Z,BUY,0.01,3,1,10.00,3,8190.00
2026-01-30T13:43:00.000Z,2026-01-30T13:47:00.000Z,BUY,0.01,2,1,10.00,2,8200.00
2026-01-30T13:47:00.000Z,2026-01-30T13:54:00.000Z,BUY,0.01,1,1,10.00,1,8210.00
2026-01-30T13:54:00.000Z,2026-01-30T13:55:00.000Z,BUY,0.01,1,1,10.00,1,8220.00
2026-01-30T13:55:00.000Z,2026-01-30T13:57:00.000Z,BUY,0.01,1,1,10.00,1,8230.00
2026-01-30T13:57:00.000Z,2026-01-30T14:37:00.000Z,BUY,0.01,2,1,10.00,2,8240.00
2026-01-30T14:37:00.000Z,2026-01-30T14:46:00.000Z,BUY,0.01,2,1,10.00,2,8250.00
2026-01-30T14:46:00.000Z,2026-01-30T14:46:00.000Z,BUY,0.01,1,1,10.00,1,8260.00
2026-01-30T14:46:00.000Z,2026-01-30T14:46:00.000Z,BUY,0.01,1,1,10.00,1,8270.00
2026-01-30T14:46:00.000Z,2026-01-30T14:47:00.000Z,BUY,0.01,2,1,10.00,2,8280.00
2026-01-30T14:47:00.000Z,2026-01-30T14:47:00.000Z,BUY,0.01,1,1,10.00,1,8290.00
2026-01-30T14:47:00.000Z,2026-01-30T14:53:00.000Z,BUY,0.01,3,1,10.00,3,8300.00
2026-01-30T14:53:00.000Z,2026-01-30T14:59:00.000Z,BUY,0.01,2,1,10.00,2,8310.00
2026-01-30T14:59:00.000Z,2026-01-30T14:59:00.000Z,BUY,0.01,1,1,10.00,1,8320.00
2026-01-30T14:59:00.000Z,2026-01-30T15:00:00.000Z,BUY,0.01,1,1,10.00,1,8330.00
2026-01-30T15:00:00.000Z,2026-01-30T15:03:00.000Z,BUY,0.01,3,1,10.00,3,8340.00
2026-01-30T15:03:00.000Z,2026-01-30T15:16:00.000Z,BUY,0.01,2,1,10.00,2,8350.00
2026-01-30T15:16:00.000Z,2026-01-30T15:19:00.000Z,BUY,0.01,1,1,10.00,1,8360.00
2026-01-30T15:19:00.000Z,2026-01-30T15:23:00.000Z,BUY,0.01,2,1,10.00,2,8370.00
2026-01-30T15:23:00.000Z,2026-01-30T15:23:00.000Z,BUY,0.01,1,1,10.00,1,8380.00
2026-01-30T15:23:00.000Z,2026-01-30T15:24:00.000Z,BUY,0.01,2,1,10.00,2,8390.00
2026-01-30T15:24:00.000Z,2026-01-30T15:24:00.000Z,BUY,0.01,1,1,10.00,1,8400.00
2026-01-30T15:24:00.000Z,2026-01-30T15:35:00.000Z,BUY,0.01,3,1,10.00,3,8410.00
2026-01-30T15:35:00.000Z,2026-01-30T15:47:00.000Z,BUY,0.01,2,1,10.00,2,8420.00
2026-01-30T15:47:00.000Z,2026-01-30T15:47:00.000Z,BUY,0.01,1,1,10.00,1,8430.00
2026-01-30T15:47:00.000Z,2026-01-30T16:01:00.000Z,BUY,0.01,3,1,10.00,3,8440.00
2026-01-30T16:01:00.000Z,2026-01-30T16:01:00.000Z,BUY,0.01,1,1,10.00,1,8450.00
2026-01-30T16:01:00.000Z,2026-01-30T16:01:00.000Z,BUY,0.01,1,1,10.00,1,8460.00
2026-01-30T16:01:00.000Z,2026-01-30T16:03:00.000Z,BUY,0.01,3,1,10.00,3,8470.00
2026-01-30T16:03:00.000Z,2026-01-30T16:05:00.000Z,BUY,0.01,1,1,10.00,1,8480.00
2026-01-30T16:05:00.000Z,2026-01-30T16:12:00.000Z,BUY,0.01,2,1,10.00,2,8490.00
2026-01-30T16:12:00.000Z,2026-01-30T16:13:00.000Z,BUY,0.01,1,1,10.00,1,8500.00
2026-01-30T16:13:00.000Z,2026-01-30T16:21:00.000Z,BUY,0.01,1,1,10.00,1,8510.00
2026-01-30T16:21:00.000Z,2026-01-30T16:22:00.000Z,BUY,0.01,1,1,10.00,1,8520.00
2026-01-30T16:22:00.000Z,2026-01-30T16:23:00.000Z,BUY,0.01,1,1,10.00,1,8530.00
2026-01-30T16:23:00.000Z,2026-01-30T16:33:00.000Z,BUY,0.01,5,1,10.00,5,8540.00
2026-01-30T16:33:00.000Z,2026-01-30T16:33:00.000Z,BUY,0.01,1,1,10.00,1,8550.00
2026-01-30T16:33:00.000Z,2026-01-30T16:42:00.000Z,BUY,0.01,2,1,10.00,2,8560.00
2026-01-30T16:42:00.000Z,2026-01-30T16:42:00.000Z,BUY,0.01,1,1,10.00,1,8570.00
2026-01-30T16:42:00.000Z,2026-01-30T16:50:00.000Z,BUY,0.01,1,1,10.00,1,8580.00
2026-01-30T16:50:00.000Z,2026-01-30T16:54:00.000Z,BUY,0.01,2,1,10.00,2,8590.00
2026-01-30T16:54:00.000Z,2026-01-30T16:55:00.000Z,BUY,0.01,4,1,10.00,4,8600.00
2026-01-30T16:55:00.000Z,2026-01-30T16:55:00.000Z,BUY,0.01,1,1,10.00,1,8610.00
2026-01-30T16:55:00.000Z,2026-01-30T17:01:00.000Z,BUY,0.01,2,1,10.00,2,8620.00
2026-01-30T17:01:00.000Z,2026-01-30T17:02:00.000Z,BUY,0.01,4,1,10.00,4,8630.00
2026-01-30T17:02:00.000Z,2026-01-30T17:02:00.000Z,BUY,0.01,1,1,10.00,1,8640.00
2026-01-30T17:02:00.000Z,2026-01-30T17:02:00.000Z,BUY,0.01,1,1,10.00,1,8650.00
2026-01-30T17:02:00.000Z,2026-01-30T17:11:00.000Z,BUY,0.01,5,1,10.00,5,8660.00
2026-01-30T17:11:00.000Z,2026-01-30T17:11:00.000Z,BUY,0.01,1,1,10.00,1,8670.00
2026-01-30T17:11:00.000Z,2026-01-30T17:11:00.000Z,BUY,0.01,1,1,10.00,1,8680.00
2026-01-30T17:11:00.000Z,2026-01-30T17:16:00.000Z,BUY,0.01,3,1,10.00,3,8690.00
2026-01-30T17:16:00.000Z,2026-01-30T17:18:00.000Z,BUY,0.01,1,1,10.00,1,8700.00
2026-01-30T17:18:00.000Z,2026-01-30T17:36:00.000Z,BUY,0.01,3,1,10.00,3,8710.00
2026-01-30T17:36:00.000Z,2026-01-30T18:02:00.000Z,BUY,0.01,2,1,10.00,2,8720.00
2026-01-30T18:02:00.000Z,2026-01-30T18:19:00.000Z,BUY,0.01,2,1,10.00,2,8730.00
2026-01-30T18:19:00.000Z,2026-01-30T18:20:00.000Z,BUY,0.01,1,1,10.00,1,8740.00
2026-01-30T18:20:00.000Z,2026-01-30T18:34:00.000Z,BUY,0.01,4,1,10.00,4,8750.00
2026-01-30T18:34:00.000Z,2026-01-30T18:34:00.000Z,BUY,0.01,1,1,10.00,1,8760.00
2026-01-30T18:34:00.000Z,2026-01-30T18:35:00.000Z,BUY,0.01,2,1,10.00,2,8770.00
2026-01-30T18:35:00.000Z,2026-01-30T18:35:00.000Z,BUY,0.01,1,1,10.00,1,8780.00
2026-01-30T18:35:00.000Z,2026-01-30T18:40:00.000Z,BUY,0.01,1,1,10.00,1,8790.00
2026-01-30T18:40:00.000Z,2026-01-30T18:42:00.000Z,BUY,0.01,1,1,10.00,1,8800.00
2026-01-30T18:42:00.000Z,2026-01-30T18:42:00.000Z,BUY,0.01,1,1,10.00,1,8810.00
2026-01-30T18:42:00.000Z,2026-01-30T18:49:00.000Z,BUY,0.01,2,1,10.00,2,8820.00
2026-01-30T18:49:00.000Z,2026-01-30T18:49:00.000Z,BUY,0.01,1,1,10.00,1,8830.00
2026-01-30T18:49:00.000Z,2026-01-30T18:51:00.000Z,BUY,0.01,2,1,10.00,2,8840.00
2026-01-30T18:51:00.000Z,2026-01-30T18:51:00.000Z,BUY,0.01,1,1,10.00,1,8850.00
2026-01-30T18:51:00.000Z,2026-01-30T18:53:00.000Z,BUY,0.01,3,1,10.00,3,8860.00
2026-01-30T18:53:00.000Z,2026-01-30T19:07:00.000Z,BUY,0.01,2,1,10.00,2,8870.00
2026-01-30T19:07:00.000Z,2026-01-30T19:12:00.000Z,BUY,0.01,2,1,10.00,2,8880.00
2026-01-30T19:12:00.000Z,2026-01-30T19:12:00.000Z,BUY,0.01,1,1,10.00,1,8890.00
2026-01-30T19:12:00.000Z,2026-01-30T19:18:00.000Z,BUY,0.01,5,0,-2420.00,5,6470.00
2026-01-30T19:18:00.000Z,2026-01-30T19:22:00.000Z,BUY,0.01,1,1,10.00,1,6480.00
2026-01-30T19:22:00.000Z,2026-01-30T19:23:00.000Z,BUY,0.01,1,1,10.00,1,6490.00
2026-01-30T19:23:00.000Z,2026-01-30T19:25:00.000Z,BUY,0.01,1,1,10.00,1,6500.00
2026-01-30T19:25:00.000Z,2026-01-30T19:31:00.000Z,BUY,0.01,2,1,10.00,2,6510.00
2026-01-30T19:31:00.000Z,2026-01-30T19:42:00.000Z,BUY,0.01,2,1,10.00,2,6520.00
2026-01-30T19:42:00.000Z,2026-01-30T19:42:00.000Z,BUY,0.01,1,1,10.00,1,6530.00
2026-01-30T19:42:00.000Z,2026-01-30T19:43:00.000Z,BUY,0.01,2,1,10.00,2,6540.00
2026-01-30T19:43:00.000Z,2026-01-30T19:43:00.000Z,BUY,0.01,1,1,10.00,1,6550.00
2026-01-30T19:43:00.000Z,2026-01-30T19:44:00.000Z,BUY,0.01,2,1,10.00,2,6560.00
2026-01-30T19:44:00.000Z,2026-01-30T19:44:00.000Z,BUY,0.01,1,1,10.00,1,6570.00
2026-01-30T19:44:00.000Z,2026-01-30T19:45:00.000Z,BUY,0.01,1,1,10.00,1,6580.00
2026-01-30T19:45:00.000Z,2026-01-30T19:47:00.000Z,BUY,0.01,1,1,10.00,1,6590.00
2026-01-30T19:47:00.000Z,2026-01-30T19:51:00.000Z,BUY,0.01,2,1,10.00,2,6600.00
2026-01-30T19:51:00.000Z,2026-01-30T19:51:00.000Z,BUY,0.01,1,1,10.00,1,6610.00
2026-01-30T19:51:00.000Z,2026-01-30T19:54:00.000Z,BUY,0.01,2,1,10.00,2,6620.00
2026-01-30T19:54:00.000Z,2026-01-30T19:56:00.000Z,BUY,0.01,3,1,10.00,3,6630.00
2026-01-30T19:56:00.000Z,2026-01-30T19:57:00.000Z,BUY,0.01,3,1,10.00,3,6640.00
2026-01-30T19:57:00.000Z,2026-01-30T20:00:00.000Z,BUY,0.01,1,1,10.00,1,6650.00
2026-01-30T20:00:00.000Z,2026-01-30T20:01:00.000Z,BUY,0.01,1,1,10.00,1,6660.00
2026-01-30T20:01:00.000Z,2026-01-30T20:02:00.000Z,BUY,0.01,1,1,10.00,1,6670.00
2026-01-30T20:02:00.000Z,2026-01-30T20:04:00.000Z,BUY,0.01,1,1,10.00,1,6680.00
2026-01-30T20:04:00.000Z,2026-01-30T20:07:00.000Z,BUY,0.01,4,1,10.00,4,6690.00
2026-01-30T20:07:00.000Z,2026-01-30T20:09:00.000Z,BUY,0.01,2,1,10.00,2,6700.00
2026-01-30T20:09:00.000Z,2026-01-30T20:09:00.000Z,BUY,0.01,1,1,10.00,1,6710.00
2026-01-30T20:09:00.000Z,2026-01-30T20:10:00.000Z,BUY,0.01,2,1,10.00,2,6720.00
2026-01-30T20:10:00.000Z,2026-01-30T20:10:00.000Z,BUY,0.01,1,1,10.00,1,6730.00
2026-01-30T20:10:00.000Z,2026-01-30T20:11:00.000Z,BUY,0.01,1,1,10.00,1,6740.00
2026-01-30T20:11:00.000Z,2026-01-30T20:12:00.000Z,BUY,0.01,2,1,10.00,2,6750.00
2026-01-30T20:12:00.000Z,2026-01-30T20:12:00.000Z,BUY,0.01,1,1,10.00,1,6760.00
2026-01-30T20:12:00.000Z,2026-01-30T20:12:00.000Z,BUY,0.01,1,1,10.00,1,6770.00
2026-01-30T20:12:00.000Z,2026-01-30T20:17:00.000Z,BUY,0.01,4,1,10.00,4,6780.00
2026-01-30T20:17:00.000Z,2026-01-30T20:19:00.000Z,BUY,0.01,4,1,10.00,4,6790.00
2026-01-30T20:19:00.000Z,2026-01-30T20:19:00.000Z,BUY,0.01,1,1,10.00,1,6800.00
2026-01-30T20:19:00.000Z,2026-01-30T20:20:00.000Z,BUY,0.01,2,1,10.00,2,6810.00
2026-01-30T20:20:00.000Z,2026-01-30T20:20:00.000Z,BUY,0.01,1,1,10.00,1,6820.00
2026-01-30T20:20:00.000Z,2026-01-30T20:20:00.000Z,BUY,0.01,1,1,10.00,1,6830.00
2026-01-30T20:20:00.000Z,2026-01-30T20:20:00.000Z,BUY,0.01,1,1,10.00,1,6840.00
2026-01-30T20:20:00.000Z,2026-01-30T20:20:00.000Z,BUY,0.01,2,1,10.00,2,6850.00
2026-01-30T20:20:00.000Z,2026-01-30T20:21:00.000Z,BUY,0.01,2,1,10.00,2,6860.00
2026-01-30T20:21:00.000Z,2026-01-30T20:21:00.000Z,BUY,0.01,1,1,10.00,1,6870.00
2026-01-30T20:21:00.000Z,2026-01-30T20:21:00.000Z,BUY,0.01,1,1,10.00,1,6880.00
2026-01-30T20:21:00.000Z,2026-01-30T20:21:00.000Z,BUY,0.01,1,1,10.00,1,6890.00
2026-01-30T20:21:00.000Z,2026-01-30T20:22:00.000Z,BUY,0.01,2,1,10.00,2,6900.00
2026-01-30T20:22:00.000Z,2026-01-30T20:22:00.000Z,BUY,0.01,1,1,10.00,1,6910.00
2026-01-30T20:22:00.000Z,2026-01-30T20:22:00.000Z,BUY,0.01,1,1,10.00,1,6920.00
2026-01-30T20:22:00.000Z,2026-01-30T20:23:00.000Z,BUY,0.01,1,1,10.00,1,6930.00
2026-01-30T20:23:00.000Z,2026-01-30T20:23:00.000Z,BUY,0.01,1,1,10.00,1,6940.00
2026-01-30T20:23:00.000Z,2026-01-30T20:23:00.000Z,BUY,0.01,2,1,10.00,2,6950.00
2026-01-30T20:23:00.000Z,2026-01-30T20:23:00.000Z,BUY,0.01,1,1,10.00,1,6960.00
2026-01-30T20:23:00.000Z,2026-01-30T20:23:00.000Z,BUY,0.01,1,1,10.00,1,6970.00
2026-01-30T20:23:00.000Z,2026-01-30T20:26:00.000Z,BUY,0.01,5,1,10.00,5,6980.00
2026-01-30T20:26:00.000Z,2026-01-30T20:28:00.000Z,BUY,0.01,2,1,10.00,2,6990.00
2026-01-30T20:28:00.000Z,2026-01-30T20:28:00.000Z,BUY,0.01,1,1,10.00,1,7000.00
2026-01-30T20:28:00.000Z,2026-01-30T20:28:00.000Z,BUY,0.01,1,1,10.00,1,7010.00
2026-01-30T20:28:00.000Z,2026-01-30T20:28:00.000Z,BUY,0.01,1,1,10.00,1,7020.00
2026-01-30T20:28:00.000Z,2026-01-30T20:28:00.000Z,BUY,0.01,2,1,10.00,2,7030.00
2026-01-30T20:28:00.000Z,2026-01-30T20:29:00.000Z,BUY,0.01,1,1,10.00,1,7040.00
2026-01-30T20:29:00.000Z,2026-01-30T20:29:00.000Z,BUY,0.01,1,1,10.00,1,7050.00
2026-01-30T20:29:00.000Z,2026-01-30T20:29:00.000Z,BUY,0.01,1,1,10.00,1,7060.00
2026-01-30T20:29:00.000Z,2026-01-30T20:29:00.000Z,BUY,0.01,2,1,10.00,2,7070.00
2026-01-30T20:29:00.000Z,2026-01-30T20:29:00.000Z,BUY,0.01,3,1,10.00,3,7080.00
2026-01-30T20:29:00.000Z,2026-01-30T20:29:00.000Z,BUY,0.01,1,1,10.00,1,7090.00
2026-01-30T20:29:00.000Z,2026-01-30T20:31:00.000Z,BUY,0.01,1,1,10.00,1,7100.00
2026-01-30T20:31:00.000Z,2026-01-30T20:32:00.000Z,BUY,0.01,3,1,10.00,3,7110.00
2026-01-30T20:32:00.000Z,2026-01-30T20:32:00.000Z,BUY,0.01,1,1,10.00,1,7120.00
2026-01-30T20:32:00.000Z,2026-01-30T20:36:00.000Z,BUY,0.01,4,1,10.00,4,7130.00
2026-01-30T20:36:00.000Z,2026-01-30T20:38:00.000Z,BUY,0.01,4,1,10.00,4,7140.00
2026-01-30T20:38:00.000Z,2026-01-30T20:40:00.000Z,BUY,0.01,3,1,10.00,3,7150.00
2026-01-30T20:40:00.000Z,2026-01-30T20:41:00.000Z,BUY,0.01,3,1,10.00,3,7160.00
2026-01-30T20:41:00.000Z,2026-01-30T20:42:00.000Z,BUY,0.01,1,1,10.00,1,7170.00
2026-01-30T20:42:00.000Z,2026-01-30T20:42:00.000Z,BUY,0.01,1,1,10.00,1,7180.00
2026-01-30T20:42:00.000Z,2026-01-30T20:42:00.000Z,BUY,0.01,1,1,10.00,1,7190.00
2026-01-30T20:42:00.000Z,2026-01-30T20:42:00.000Z,BUY,0.01,2,1,10.00,2,7200.00
2026-01-30T20:42:00.000Z,2026-01-30T20:42:00.000Z,BUY,0.01,1,1,10.00,1,7210.00
2026-01-30T20:42:00.000Z,2026-01-30T20:42:00.000Z,BUY,0.01,1,1,10.00,1,7220.00
2026-01-30T20:42:00.000Z,2026-01-30T20:43:00.000Z,BUY,0.01,1,1,10.00,1,7230.00
2026-01-30T20:43:00.000Z,2026-01-30T20:44:00.000Z,BUY,0.01,1,1,10.00,1,7240.00
2026-01-30T20:44:00.000Z,2026-01-30T20:44:00.000Z,BUY,0.01,1,1,10.00,1,7250.00
2026-01-30T20:44:00.000Z,2026-01-30T20:45:00.000Z,BUY,0.01,3,1,10.00,3,7260.00
2026-01-30T20:45:00.000Z,2026-01-30T20:45:00.000Z,BUY,0.01,1,1,10.00,1,7270.00
2026-01-30T20:45:00.000Z,2026-01-30T20:47:00.000Z,BUY,0.01,3,1,10.00,3,7280.00
2026-01-30T20:47:00.000Z,2026-01-30T20:47:00.000Z,BUY,0.01,1,1,10.00,1,7290.00
2026-01-30T20:47:00.000Z,2026-01-30T20:50:00.000Z,BUY,0.01,3,1,10.00,3,7300.00
2026-01-30T20:50:00.000Z,2026-01-30T20:51:00.000Z,BUY,0.01,1,1,10.00,1,7310.00
2026-01-30T20:51:00.000Z,2026-01-30T20:53:00.000Z,BUY,0.01,3,1,10.00,3,7320.00
2026-01-30T20:53:00.000Z,2026-01-30T20:53:00.000Z,BUY,0.01,2,1,10.00,2,7330.00
2026-01-30T20:53:00.000Z,2026-01-30T20:53:00.000Z,BUY,0.01,1,1,10.00,1,7340.00
2026-01-30T20:53:00.000Z,2026-01-30T20:53:00.000Z,BUY,0.01,1,1,10.00,1,7350.00
2026-01-30T20:53:00.000Z,2026-01-30T20:53:00.000Z,BUY,0.01,1,1,10.00,1,7360.00
2026-01-30T20:53:00.000Z,2026-01-30T20:54:00.000Z,BUY,0.01,1,1,10.00,1,7370.00
2026-01-30T20:54:00.000Z,2026-01-30T20:55:00.000Z,BUY,0.01,3,1,10.00,3,7380.00
2026-01-30T20:55:00.000Z,2026-01-30T20:56:00.000Z,BUY,0.01,3,1,10.00,3,7390.00
2026-01-30T20:56:00.000Z,2026-01-30T21:00:00.000Z,BUY,0.01,3,1,10.00,3,7400.00
2026-01-30T21:00:00.000Z,2026-01-30T21:00:00.000Z,BUY,0.01,1,1,10.00,1,7410.00
2026-01-30T21:00:00.000Z,2026-01-30T21:00:00.000Z,BUY,0.01,2,1,10.00,2,7420.00
2026-01-30T21:00:00.000Z,2026-01-30T21:00:00.000Z,BUY,0.01,1,1,10.00,1,7430.00
2026-01-30T21:00:00.000Z,2026-01-30T21:00:00.000Z,BUY,0.01,1,1,10.00,1,7440.00
2026-01-30T21:00:00.000Z,2026-01-30T21:01:00.000Z,BUY,0.01,1,1,10.00,1,7450.00
2026-01-30T21:01:00.000Z,2026-01-30T21:02:00.000Z,BUY,0.01,2,1,10.00,2,7460.00
2026-01-30T21:02:00.000Z,2026-01-30T21:02:00.000Z,BUY,0.01,1,1,10.00,1,7470.00
2026-01-30T21:02:00.000Z,2026-01-30T21:02:00.000Z,BUY,0.01,1,1,10.00,1,7480.00
2026-01-30T21:02:00.000Z,2026-01-30T21:04:00.000Z,BUY,0.01,3,1,10.00,3,7490.00
2026-01-30T21:04:00.000Z,2026-01-30T21:10:00.000Z,BUY,0.01,3,1,10.00,3,7500.00
2026-01-30T21:10:00.000Z,2026-01-30T21:11:00.000Z,BUY,0.01,2,1,10.00,2,7510.00
2026-01-30T21:11:00.000Z,2026-01-30T21:11:00.000Z,BUY,0.01,1,1,10.00,1,7520.00
2026-01-30T21:11:00.000Z,2026-01-30T21:22:00.000Z,BUY,0.01,2,1,10.00,2,7530.00
2026-01-30T21:22:00.000Z,2026-01-30T21:22:00.000Z,BUY,0.01,1,1,10.00,1,7540.00
2026-01-30T21:22:00.000Z,2026-01-30T21:23:00.000Z,BUY,0.01,2,1,10.00,2,7550.00
2026-01-30T21:23:00.000Z,2026-01-30T21:23:00.000Z,BUY,0.01,1,1,10.00,1,7560.00
2026-01-30T21:23:00.000Z,2026-01-30T21:25:00.000Z,BUY,0.01,1,1,10.00,1,7570.00
2026-01-30T21:25:00.000Z,2026-01-30T21:27:00.000Z,BUY,0.01,1,1,10.00,1,7580.00
2026-01-30T21:27:00.000Z,2026-01-30T21:27:00.000Z,BUY,0.01,1,1,10.00,1,7590.00
2026-01-30T21:27:00.000Z,2026-01-30T21:29:00.000Z,BUY,0.01,3,1,10.00,3,7600.00
2026-01-30T21:29:00.000Z,2026-01-30T21:33:00.000Z,BUY,0.01,1,1,10.00,1,7610.00
2026-01-30T21:33:00.000Z,2026-01-30T21:38:00.000Z,BUY,0.01,1,1,10.00,1,7620.00
2026-01-30T21:38:00.000Z,2026-01-30T21:45:00.000Z,BUY,0.01,3,1,10.00,3,7630.00
2026-01-30T21:45:00.000Z,2026-01-30T21:54:00.000Z,BUY,0.01,3,1,10.00,3,7640.00
2026-01-30T21:54:00.000Z,2026-01-30T22:00:00.000Z,BUY,0.01,2,1,10.00,2,7650.00
2026-01-30T22:00:00.000Z,2026-01-30T22:00:00.000Z,BUY,0.01,1,1,10.00,1,7660.00
2026-01-30T22:00:00.000Z,2026-01-30T22:00:00.000Z,BUY,0.01,1,1,10.00,1,7670.00
2026-01-30T22:00:00.000Z,2026-01-30T22:01:00.000Z,BUY,0.01,2,1,10.00,2,7680.00
2026-01-30T22:01:00.000Z,2026-01-30T22:05:00.000Z,BUY,0.01,1,1,10.00,1,7690.00
2026-01-30T22:05:00.000Z,2026-01-30T22:12:00.000Z,BUY,0.01,2,1,10.00,2,7700.00
2026-01-30T22:12:00.000Z,2026-01-30T22:13:00.000Z,BUY,0.01,1,1,10.00,1,7710.00
2026-01-30T22:13:00.000Z,2026-01-30T22:19:00.000Z,BUY,0.01,1,1,10.00,1,7720.00
2026-01-30T22:19:00.000Z,2026-01-30T22:26:00.000Z,BUY,0.01,1,1,10.00,1,7730.00
2026-01-30T22:26:00.000Z,2026-01-30T22:32:00.000Z,BUY,0.01,2,1,10.00,2,7740.00
2026-01-30T22:32:00.000Z,2026-01-30T22:37:00.000Z,BUY,0.01,4,1,10.00,4,7750.00
2026-01-30T22:37:00.000Z,2026-01-30T22:37:00.000Z,BUY,0.01,1,1,10.00,1,7760.00
2026-01-30T22:37:00.000Z,2026-01-30T22:42:00.000Z,BUY,0.01,1,1,10.00,1,7770.00
2026-01-30T22:42:00.000Z,2026-01-30T22:54:00.000Z,BUY,0.01,4,1,10.00,4,7780.00
2026-01-30T22:54:00.000Z,2026-01-30T22:54:00.000Z,BUY,0.01,1,1,10.00,1,7790.00
2026-01-30T22:54:00.000Z,2026-01-30T22:55:00.000Z,BUY,0.01,2,1,10.00,2,7800.00
2026-01-30T22:55:00.000Z,2026-01-30T22:55:00.000Z,BUY,0.01,1,1,10.00,1,7810.00
2026-01-30T22:55:00.000Z,2026-01-30T22:57:00.000Z,BUY,0.01,3,1,10.00,3,7820.00
2026-01-30T22:57:00.000Z,2026-01-30T22:59:00.000Z,BUY,0.01,1,1,10.00,1,7830.00
2026-01-30T22:59:00.000Z,2026-01-30T23:20:00.000Z,BUY,0.01,3,1,10.00,3,7840.00
2026-01-30T23:20:00.000Z,2026-01-30T23:21:00.000Z,BUY,0.01,1,1,10.00,1,7850.00
2026-01-30T23:21:00.000Z,2026-01-30T23:23:00.000Z,BUY,0.01,1,1,10.00,1,7860.00
2026-01-30T23:23:00.000Z,2026-01-30T23:38:00.000Z,BUY,0.01,2,1,10.00,2,7870.00
2026-01-30T23:38:00.000Z,2026-01-30T23:38:00.000Z,BUY,0.01,1,1,10.00,1,7880.00
2026-01-30T23:38:00.000Z,2026-01-30T23:51:00.000Z,BUY,0.01,1,1,10.00,1,7890.00
2026-01-30T23:51:00.000Z,2026-01-30T23:51:00.000Z,BUY,0.01,1,1,10.00,1,7900.00
2026-01-30T23:51:00.000Z,2026-01-30T23:58:00.000Z,BUY,0.01,1,1,10.00,1,7910.00
2026-01-30T23:58:00.000Z,2026-02-02T01:00:00.000Z,BUY,0.01,2,1,10.00,2,7920.00
2026-02-02T01:00:00.000Z,2026-02-02T01:00:00.000Z,BUY,0.01,2,1,10.00,2,7930.00
2026-02-02T01:00:00.000Z,2026-02-02T01:00:00.000Z,BUY,0.01,2,1,10.00,2,7940.00
2026-02-02T01:00:00.000Z,2026-02-02T01:00:00.000Z,BUY,0.01,2,1,10.00,2,7950.00
2026-02-02T01:00:00.000Z,2026-02-02T01:00:00.000Z,BUY,0.01,1,1,10.00,1,7960.00
2026-02-02T01:00:00.000Z,2026-02-02T01:01:00.000Z,BUY,0.01,1,1,10.00,1,7970.00
2026-02-02T01:01:00.000Z,2026-02-02T01:01:00.000Z,BUY,0.01,1,1,10.00,1,7980.00
2026-02-02T01:01:00.000Z,2026-02-02T01:02:00.000Z,BUY,0.01,3,1,10.00,3,7990.00
2026-02-02T01:02:00.000Z,2026-02-02T01:02:00.000Z,BUY,0.01,1,1,10.00,1,8000.00
2026-02-02T01:02:00.000Z,2026-02-02T01:02:00.000Z,BUY,0.01,1,1,10.00,1,8010.00
2026-02-02T01:02:00.000Z,2026-02-02T01:02:00.000Z,BUY,0.01,1,1,10.00,1,8020.00
2026-02-02T01:02:00.000Z,2026-02-02T01:02:00.000Z,BUY,0.01,2,1,10.00,2,8030.00
2026-02-02T01:02:00.000Z,2026-02-02T01:02:00.000Z,BUY,0.01,1,1,10.00,1,8040.00
2026-02-02T01:02:00.000Z,2026-02-02T01:02:00.000Z,BUY,0.01,1,1,10.00,1,8050.00
2026-02-02T01:02:00.000Z,2026-02-02T01:02:00.000Z,BUY,0.01,1,1,10.00,1,8060.00
2026-02-02T01:02:00.000Z,2026-02-02T01:03:00.000Z,BUY,0.01,1,1,10.00,1,8070.00
2026-02-02T01:03:00.000Z,2026-02-02T01:04:00.000Z,BUY,0.01,2,1,10.00,2,8080.00
2026-02-02T01:04:00.000Z,2026-02-02T01:04:00.000Z,BUY,0.01,1,1,10.00,1,8090.00
2026-02-02T01:04:00.000Z,2026-02-02T01:10:00.000Z,BUY,0.01,2,1,10.00,2,8100.00
2026-02-02T01:10:00.000Z,2026-02-02T01:10:00.000Z,BUY,0.01,2,1,10.00,2,8110.00
2026-02-02T01:10:00.000Z,2026-02-02T01:10:00.000Z,BUY,0.01,1,1,10.00,1,8120.00
2026-02-02T01:10:00.000Z,2026-02-02T01:10:00.000Z,BUY,0.01,1,1,10.00,1,8130.00
2026-02-02T01:10:00.000Z,2026-02-02T01:10:00.000Z,BUY,0.01,1,1,10.00,1,8140.00
2026-02-02T01:10:00.000Z,2026-02-02T01:10:00.000Z,BUY,0.01,1,1,10.00,1,8150.00
2026-02-02T01:10:00.000Z,2026-02-02T01:10:00.000Z,BUY,0.01,2,1,10.00,2,8160.00
2026-02-02T01:10:00.000Z,2026-02-02T01:11:00.000Z,BUY,0.01,2,1,10.00,2,8170.00
2026-02-02T01:11:00.000Z,2026-02-02T01:11:00.000Z,BUY,0.01,2,1,10.00,2,8180.00
2026-02-02T01:11:00.000Z,2026-02-02T01:11:00.000Z,BUY,0.01,1,1,10.00,1,8190.00
2026-02-02T01:11:00.000Z,2026-02-02T01:11:00.000Z,BUY,0.01,1,1,10.00,1,8200.00
2026-02-02T01:11:00.000Z,2026-02-02T01:11:00.000Z,BUY,0.01,1,1,10.00,1,8210.00
2026-02-02T01:11:00.000Z,2026-02-02T01:11:00.000Z,BUY,0.01,1,1,10.00,1,8220.00
2026-02-02T01:11:00.000Z,2026-02-02T01:11:00.000Z,BUY,0.01,1,1,10.00,1,8230.00
2026-02-02T01:11:00.000Z,2026-02-02T01:11:00.000Z,BUY,0.01,1,1,10.00,1,8240.00
2026-02-02T01:11:00.000Z,2026-02-02T01:11:00.000Z,BUY,0.01,2,1,10.00,2,8250.00
2026-02-02T01:11:00.000Z,2026-02-02T01:11:00.000Z,BUY,0.01,2,1,10.00,2,8260.00
2026-02-02T01:11:00.000Z,2026-02-02T01:12:00.000Z,BUY,0.01,1,1,10.00,1,8270.00
2026-02-02T01:12:00.000Z,2026-02-02T01:12:00.000Z,BUY,0.01,1,1,10.00,1,8280.00
2026-02-02T01:12:00.000Z,2026-02-02T01:12:00.000Z,BUY,0.01,1,1,10.00,1,8290.00
2026-02-02T01:12:00.000Z,2026-02-02T01:12:00.000Z,BUY,0.01,2,1,10.00,2,8300.00
2026-02-02T01:12:00.000Z,2026-02-02T01:12:00.000Z,BUY,0.01,1,1,10.00,1,8310.00
2026-02-02T01:12:00.000Z,2026-02-02T01:12:00.000Z,BUY,0.01,1,1,10.00,1,8320.00
2026-02-02T01:12:00.000Z,2026-02-02T01:13:00.000Z,BUY,0.01,1,1,10.00,1,8330.00
2026-02-02T01:13:00.000Z,2026-02-02T01:13:00.000Z,BUY,0.01,1,1,10.00,1,8340.00
2026-02-02T01:13:00.000Z,2026-02-02T01:14:00.000Z,BUY,0.01,2,1,10.00,2,8350.00
2026-02-02T01:14:00.000Z,2026-02-02T01:14:00.000Z,BUY,0.01,1,1,10.00,1,8360.00
2026-02-02T01:14:00.000Z,2026-02-02T01:14:00.000Z,BUY,0.01,1,1,10.00,1,8370.00
2026-02-02T01:14:00.000Z,2026-02-02T01:15:00.000Z,BUY,0.01,2,1,10.00,2,8380.00
2026-02-02T01:15:00.000Z,2026-02-02T01:15:00.000Z,BUY,0.01,1,1,10.00,1,8390.00
2026-02-02T01:15:00.000Z,2026-02-02T01:15:00.000Z,BUY,0.01,1,1,10.00,1,8400.00
2026-02-02T01:15:00.000Z,2026-02-02T01:18:00.000Z,BUY,0.01,2,1,10.00,2,8410.00
2026-02-02T01:18:00.000Z,2026-02-02T01:22:00.000Z,BUY,0.01,5,1,10.00,5,8420.00
2026-02-02T01:22:00.000Z,2026-02-02T01:34:00.000Z,BUY,0.01,1,1,10.00,1,8430.00
2026-02-02T01:34:00.000Z,2026-02-02T01:35:00.000Z,BUY,0.01,1,1,10.00,1,8440.00
2026-02-02T01:35:00.000Z,2026-02-02T01:37:00.000Z,BUY,0.01,1,1,10.00,1,8450.00
2026-02-02T01:37:00.000Z,2026-02-02T01:38:00.000Z,BUY,0.01,1,1,10.00,1,8460.00
2026-02-02T01:38:00.000Z,2026-02-02T01:40:00.000Z,BUY,0.01,1,1,10.00,1,8470.00
2026-02-02T01:40:00.000Z,2026-02-02T01:45:00.000Z,BUY,0.01,2,1,10.00,2,8480.00
2026-02-02T01:45:00.000Z,2026-02-02T01:45:00.000Z,BUY,0.01,3,1,10.00,3,8490.00
2026-02-02T01:45:00.000Z,2026-02-02T01:45:00.000Z,BUY,0.01,1,1,10.00,1,8500.00
2026-02-02T01:45:00.000Z,2026-02-02T01:46:00.000Z,BUY,0.01,2,1,10.00,2,8510.00
2026-02-02T01:46:00.000Z,2026-02-02T01:50:00.000Z,BUY,0.01,3,1,10.00,3,8520.00
2026-02-02T01:50:00.000Z,2026-02-02T01:50:00.000Z,BUY,0.01,1,1,10.00,1,8530.00
2026-02-02T01:50:00.000Z,2026-02-02T02:04:00.000Z,BUY,0.01,3,1,10.00,3,8540.00
2026-02-02T02:04:00.000Z,2026-02-02T02:05:00.000Z,BUY,0.01,1,1,10.00,1,8550.00
2026-02-02T02:05:00.000Z,2026-02-02T02:08:00.000Z,BUY,0.01,1,1,10.00,1,8560.00
2026-02-02T02:08:00.000Z,2026-02-02T02:08:00.000Z,BUY,0.01,1,1,10.00,1,8570.00
2026-02-02T02:08:00.000Z,2026-02-02T02:09:00.000Z,BUY,0.01,3,1,10.00,3,8580.00
2026-02-02T02:09:00.000Z,2026-02-02T02:11:00.000Z,BUY,0.01,1,1,10.00,1,8590.00
2026-02-02T02:11:00.000Z,2026-02-02T02:13:00.000Z,BUY,0.01,1,1,10.00,1,8600.00
2026-02-02T02:13:00.000Z,2026-02-02T02:15:00.000Z,BUY,0.01,1,1,10.00,1,8610.00
2026-02-02T02:15:00.000Z,2026-02-02T02:18:00.000Z,BUY,0.01,1,1,10.00,1,8620.00
2026-02-02T02:18:00.000Z,2026-02-02T02:18:00.000Z,BUY,0.01,1,1,10.00,1,8630.00
2026-02-02T02:18:00.000Z,2026-02-02T02:21:00.000Z,BUY,0.01,5,1,10.00,5,8640.00
2026-02-02T02:21:00.000Z,2026-02-02T02:25:00.000Z,BUY,0.01,2,1,10.00,2,8650.00
2026-02-02T02:25:00.000Z,2026-02-02T02:33:00.000Z,BUY,0.01,4,1,10.00,4,8660.00
2026-02-02T02:33:00.000Z,2026-02-02T02:33:00.000Z,BUY,0.01,1,1,10.00,1,8670.00
2026-02-02T02:33:00.000Z,2026-02-02T02:36:00.000Z,BUY,0.01,1,1,10.00,1,8680.00
2026-02-02T02:36:00.000Z,2026-02-02T02:43:00.000Z,BUY,0.01,2,1,10.00,2,8690.00
2026-02-02T02:43:00.000Z,2026-02-02T02:43:00.000Z,BUY,0.01,1,1,10.00,1,8700.00
2026-02-02T02:43:00.000Z,2026-02-02T02:43:00.000Z,BUY,0.01,1,1,10.00,1,8710.00
2026-02-02T02:43:00.000Z,2026-02-02T02:44:00.000Z,BUY,0.01,2,1,10.00,2,8720.00
2026-02-02T02:44:00.000Z,2026-02-02T02:44:00.000Z,BUY,0.01,1,1,10.00,1,8730.00
2026-02-02T02:44:00.000Z,2026-02-02T02:48:00.000Z,BUY,0.01,2,1,10.00,2,8740.00
2026-02-02T02:48:00.000Z,2026-02-02T02:48:00.000Z,BUY,0.01,1,1,10.00,1,8750.00
2026-02-02T02:48:00.000Z,2026-02-02T03:00:00.000Z,BUY,0.01,2,1,10.00,2,8760.00
2026-02-02T03:00:00.000Z,2026-02-02T03:01:00.000Z,BUY,0.01,5,0,-2420.00,5,6340.00
2026-02-02T03:01:00.000Z,2026-02-02T03:02:00.000Z,BUY,0.01,1,1,10.00,1,6350.00
2026-02-02T03:02:00.000Z,2026-02-02T03:02:00.000Z,BUY,0.01,1,1,10.00,1,6360.00
2026-02-02T03:02:00.000Z,2026-02-02T03:02:00.000Z,BUY,0.01,1,1,10.00,1,6370.00
2026-02-02T03:02:00.000Z,2026-02-02T03:02:00.000Z,BUY,0.01,1,1,10.00,1,6380.00
2026-02-02T03:02:00.000Z,2026-02-02T03:02:00.000Z,BUY,0.01,2,1,10.00,2,6390.00
2026-02-02T03:02:00.000Z,2026-02-02T03:02:00.000Z,BUY,0.01,1,1,10.00,1,6400.00
2026-02-02T03:02:00.000Z,2026-02-02T03:02:00.000Z,BUY,0.01,1,1,10.00,1,6410.00
2026-02-02T03:02:00.000Z,2026-02-02T03:03:00.000Z,BUY,0.01,1,1,10.00,1,6420.00
2026-02-02T03:03:00.000Z,2026-02-02T03:06:00.000Z,BUY,0.01,2,1,10.00,2,6430.00
2026-02-02T03:06:00.000Z,2026-02-02T03:06:00.000Z,BUY,0.01,3,1,10.00,3,6440.00
2026-02-02T03:06:00.000Z,2026-02-02T03:07:00.000Z,BUY,0.01,2,1,10.00,2,6450.00
2026-02-02T03:07:00.000Z,2026-02-02T03:07:00.000Z,BUY,0.01,2,1,10.00,2,6460.00
2026-02-02T03:07:00.000Z,2026-02-02T03:07:00.000Z,BUY,0.01,1,1,10.00,1,6470.00
2026-02-02T03:07:00.000Z,2026-02-02T03:07:00.000Z,BUY,0.01,1,1,10.00,1,6480.00
2026-02-02T03:07:00.000Z,2026-02-02T03:07:00.000Z,BUY,0.01,1,1,10.00,1,6490.00
2026-02-02T03:07:00.000Z,2026-02-02T03:07:00.000Z,BUY,0.01,1,1,10.00,1,6500.00
2026-02-02T03:07:00.000Z,2026-02-02T03:07:00.000Z,BUY,0.01,2,1,10.00,2,6510.00
2026-02-02T03:07:00.000Z,2026-02-02T03:09:00.000Z,BUY,0.01,2,1,10.00,2,6520.00
2026-02-02T03:09:00.000Z,2026-02-02T03:09:00.000Z,BUY,0.01,2,1,10.00,2,6530.00
2026-02-02T03:09:00.000Z,2026-02-02T03:09:00.000Z,BUY,0.01,1,1,10.00,1,6540.00
2026-02-02T03:09:00.000Z,2026-02-02T03:09:00.000Z,BUY,0.01,1,1,10.00,1,6550.00
2026-02-02T03:09:00.000Z,2026-02-02T03:09:00.000Z,BUY,0.01,1,1,10.00,1,6560.00
2026-02-02T03:09:00.000Z,2026-02-02T03:09:00.000Z,BUY,0.01,1,1,10.00,1,6570.00
2026-02-02T03:09:00.000Z,2026-02-02T03:09:00.000Z,BUY,0.01,1,1,10.00,1,6580.00
2026-02-02T03:09:00.000Z,2026-02-02T03:09:00.000Z,BUY,0.01,2,1,10.00,2,6590.00
2026-02-02T03:09:00.000Z,2026-02-02T03:10:00.000Z,BUY,0.01,2,1,10.00,2,6600.00
2026-02-02T03:10:00.000Z,2026-02-02T03:10:00.000Z,BUY,0.01,2,1,10.00,2,6610.00
2026-02-02T03:10:00.000Z,2026-02-02T03:10:00.000Z,BUY,0.01,3,1,10.00,3,6620.00
2026-02-02T03:10:00.000Z,2026-02-02T03:10:00.000Z,BUY,0.01,1,1,10.00,1,6630.00
2026-02-02T03:10:00.000Z,2026-02-02T03:10:00.000Z,BUY,0.01,1,1,10.00,1,6640.00
2026-02-02T03:10:00.000Z,2026-02-02T03:10:00.000Z,BUY,0.01,1,1,10.00,1,6650.00
2026-02-02T03:10:00.000Z,2026-02-02T03:10:00.000Z,BUY,0.01,2,1,10.00,2,6660.00
2026-02-02T03:10:00.000Z,2026-02-02T03:10:00.000Z,BUY,0.01,2,1,10.00,2,6670.00
2026-02-02T03:10:00.000Z,2026-02-02T03:11:00.000Z,BUY,0.01,1,1,10.00,1,6680.00
2026-02-02T03:11:00.000Z,2026-02-02T03:11:00.000Z,BUY,0.01,1,1,10.00,1,6690.00
2026-02-02T03:11:00.000Z,2026-02-02T03:11:00.000Z,BUY,0.01,1,1,10.00,1,6700.00
2026-02-02T03:11:00.000Z,2026-02-02T03:11:00.000Z,BUY,0.01,2,1,10.00,2,6710.00
2026-02-02T03:11:00.000Z,2026-02-02T03:11:00.000Z,BUY,0.01,1,1,10.00,1,6720.00
2026-02-02T03:11:00.000Z,2026-02-02T03:12:00.000Z,BUY,0.01,1,1,10.00,1,6730.00
2026-02-02T03:12:00.000Z,2026-02-02T03:12:00.000Z,BUY,0.01,1,1,10.00,1,6740.00
2026-02-02T03:12:00.000Z,2026-02-02T03:12:00.000Z,BUY,0.01,2,1,10.00,2,6750.00
2026-02-02T03:12:00.000Z,2026-02-02T03:13:00.000Z,BUY,0.01,1,1,10.00,1,6760.00
2026-02-02T03:13:00.000Z,2026-02-02T03:13:00.000Z,BUY,0.01,1,1,10.00,1,6770.00
2026-02-02T03:13:00.000Z,2026-02-02T03:13:00.000Z,BUY,0.01,1,1,10.00,1,6780.00
2026-02-02T03:13:00.000Z,2026-02-02T03:13:00.000Z,BUY,0.01,1,1,10.00,1,6790.00
2026-02-02T03:13:00.000Z,2026-02-02T03:13:00.000Z,BUY,0.01,1,1,10.00,1,6800.00
2026-02-02T03:13:00.000Z,2026-02-02T03:13:00.000Z,BUY,0.01,2,1,10.00,2,6810.00
2026-02-02T03:13:00.000Z,2026-02-02T03:13:00.000Z,BUY,0.01,3,1,10.00,3,6820.00
2026-02-02T03:13:00.000Z,2026-02-02T03:14:00.000Z,BUY,0.01,1,1,10.00,1,6830.00
2026-02-02T03:14:00.000Z,2026-02-02T03:14:00.000Z,BUY,0.01,1,1,10.00,1,6840.00
2026-02-02T03:14:00.000Z,2026-02-02T03:14:00.000Z,BUY,0.01,2,1,10.00,2,6850.00
2026-02-02T03:14:00.000Z,2026-02-02T03:14:00.000Z,BUY,0.01,1,1,10.00,1,6860.00
2026-02-02T03:14:00.000Z,2026-02-02T03:14:00.000Z,BUY,0.01,1,1,10.00,1,6870.00
2026-02-02T03:14:00.000Z,2026-02-02T03:15:00.000Z,BUY,0.01,1,1,10.00,1,6880.00
2026-02-02T03:15:00.000Z,2026-02-02T03:15:00.000Z,BUY,0.01,1,1,10.00,1,6890.00
2026-02-02T03:15:00.000Z,2026-02-02T03:15:00.000Z,BUY,0.01,1,1,10.00,1,6900.00
2026-02-02T03:15:00.000Z,2026-02-02T03:16:00.000Z,BUY,0.01,3,1,10.00,3,6910.00
2026-02-02T03:16:00.000Z,2026-02-02T03:16:00.000Z,BUY,0.01,1,1,10.00,1,6920.00
2026-02-02T03:16:00.000Z,2026-02-02T03:16:00.000Z,BUY,0.01,2,1,10.00,2,6930.00
2026-02-02T03:16:00.000Z,2026-02-02T03:16:00.000Z,BUY,0.01,1,1,10.00,1,6940.00
2026-02-02T03:16:00.000Z,2026-02-02T03:16:00.000Z,BUY,0.01,1,1,10.00,1,6950.00
2026-02-02T03:16:00.000Z,2026-02-02T03:17:00.000Z,BUY,0.01,1,1,10.00,1,6960.00
2026-02-02T03:17:00.000Z,2026-02-02T03:17:00.000Z,BUY,0.01,1,1,10.00,1,6970.00
2026-02-02T03:17:00.000Z,2026-02-02T03:18:00.000Z,BUY,0.01,2,1,10.00,2,6980.00
2026-02-02T03:18:00.000Z,2026-02-02T03:18:00.000Z,BUY,0.01,1,1,10.00,1,6990.00
2026-02-02T03:18:00.000Z,2026-02-02T03:18:00.000Z,BUY,0.01,1,1,10.00,1,7000.00
2026-02-02T03:18:00.000Z,2026-02-02T03:20:00.000Z,BUY,0.01,3,1,10.00,3,7010.00
2026-02-02T03:20:00.000Z,2026-02-02T03:20:00.000Z,BUY,0.01,2,1,10.00,2,7020.00
2026-02-02T03:20:00.000Z,2026-02-02T03:20:00.000Z,BUY,0.01,1,1,10.00,1,7030.00
2026-02-02T03:20:00.000Z,2026-02-02T03:20:00.000Z,BUY,0.01,1,1,10.00,1,7040.00
2026-02-02T03:20:00.000Z,2026-02-02T03:20:00.000Z,BUY,0.01,1,1,10.00,1,7050.00
2026-02-02T03:20:00.000Z,2026-02-02T03:23:00.000Z,BUY,0.01,4,1,10.00,4,7060.00
2026-02-02T03:23:00.000Z,2026-02-02T03:23:00.000Z,BUY,0.01,3,1,10.00,3,7070.00
2026-02-02T03:23:00.000Z,2026-02-02T03:23:00.000Z,BUY,0.01,2,1,10.00,2,7080.00
2026-02-02T03:23:00.000Z,2026-02-02T03:24:00.000Z,BUY,0.01,1,1,10.00,1,7090.00
2026-02-02T03:24:00.000Z,2026-02-02T03:24:00.000Z,BUY,0.01,1,1,10.00,1,7100.00
2026-02-02T03:24:00.000Z,2026-02-02T03:25:00.000Z,BUY,0.01,3,1,10.00,3,7110.00
2026-02-02T03:25:00.000Z,2026-02-02T03:26:00.000Z,BUY,0.01,3,1,10.00,3,7120.00
2026-02-02T03:26:00.000Z,2026-02-02T03:26:00.000Z,BUY,0.01,2,1,10.00,2,7130.00
2026-02-02T03:26:00.000Z,2026-02-02T03:26:00.000Z,BUY,0.01,1,1,10.00,1,7140.00
2026-02-02T03:26:00.000Z,2026-02-02T03:26:00.000Z,BUY,0.01,1,1,10.00,1,7150.00
2026-02-02T03:26:00.000Z,2026-02-02T03:28:00.000Z,BUY,0.01,1,1,10.00,1,7160.00
2026-02-02T03:28:00.000Z,2026-02-02T03:28:00.000Z,BUY,0.01,1,1,10.00,1,7170.00
2026-02-02T03:28:00.000Z,2026-02-02T03:30:00.000Z,BUY,0.01,4,1,10.00,4,7180.00
2026-02-02T03:30:00.000Z,2026-02-02T03:30:00.000Z,BUY,0.01,1,1,10.00,1,7190.00
2026-02-02T03:30:00.000Z,2026-02-02T03:30:00.000Z,BUY,0.01,1,1,10.00,1,7200.00
2026-02-02T03:30:00.000Z,2026-02-02T03:33:00.000Z,BUY,0.01,1,1,10.00,1,7210.00
2026-02-02T03:33:00.000Z,2026-02-02T03:35:00.000Z,BUY,0.01,1,1,10.00,1,7220.00
2026-02-02T03:35:00.000Z,2026-02-02T03:35:00.000Z,BUY,0.01,1,1,10.00,1,7230.00
2026-02-02T03:35:00.000Z,2026-02-02T03:36:00.000Z,BUY,0.01,3,1,10.00,3,7240.00
2026-02-02T03:36:00.000Z,2026-02-02T03:41:00.000Z,BUY,0.01,2,1,10.00,2,7250.00
2026-02-02T03:41:00.000Z,2026-02-02T03:41:00.000Z,BUY,0.01,1,1,10.00,1,7260.00
2026-02-02T03:41:00.000Z,2026-02-02T03:47:00.000Z,BUY,0.01,3,1,10.00,3,7270.00
2026-02-02T03:47:00.000Z,2026-02-02T03:51:00.000Z,BUY,0.01,1,1,10.00,1,7280.00
2026-02-02T03:51:00.000Z,2026-02-02T03:51:00.000Z,BUY,0.01,1,1,10.00,1,7290.00
2026-02-02T03:51:00.000Z,2026-02-02T04:03:00.000Z,BUY,0.01,4,1,10.00,4,7300.00
2026-02-02T04:03:00.000Z,2026-02-02T04:03:00.000Z,BUY,0.01,1,1,10.00,1,7310.00
2026-02-02T04:03:00.000Z,2026-02-02T04:14:00.000Z,BUY,0.01,3,1,10.00,3,7320.00
2026-02-02T04:14:00.000Z,2026-02-02T04:30:00.000Z,BUY,0.01,3,1,10.00,3,7330.00
2026-02-02T04:30:00.000Z,2026-02-02T04:32:00.000Z,BUY,0.01,1,1,10.00,1,7340.00
2026-02-02T04:32:00.000Z,2026-02-02T04:32:00.000Z,BUY,0.01,1,1,10.00,1,7350.00
2026-02-02T04:32:00.000Z,2026-02-02T04:47:00.000Z,BUY,0.01,5,0,-2420.00,5,4930.00
2026-02-02T04:47:00.000Z,2026-02-02T04:57:00.000Z,BUY,0.01,2,1,10.00,2,4940.00
2026-02-02T04:57:00.000Z,2026-02-02T04:57:00.000Z,BUY,0.01,1,1,10.00,1,4950.00
2026-02-02T04:57:00.000Z,2026-02-02T05:14:00.000Z,BUY,0.01,4,1,10.00,4,4960.00
2026-02-02T05:14:00.000Z,2026-02-02T05:15:00.000Z,BUY,0.01,2,1,10.00,2,4970.00
2026-02-02T05:15:00.000Z,2026-02-02T05:15:00.000Z,BUY,0.01,1,1,10.00,1,4980.00
2026-02-02T05:15:00.000Z,2026-02-02T05:15:00.000Z,BUY,0.01,1,1,10.00,1,4990.00
2026-02-02T05:15:00.000Z,2026-02-02T05:17:00.000Z,BUY,0.01,1,1,10.00,1,5000.00
2026-02-02T05:17:00.000Z,2026-02-02T05:19:00.000Z,BUY,0.01,3,1,10.00,3,5010.00
2026-02-02T05:19:00.000Z,2026-02-02T05:21:00.000Z,BUY,0.01,1,1,10.00,1,5020.00
2026-02-02T05:21:00.000Z,2026-02-02T05:31:00.000Z,BUY,0.01,2,1,10.00,2,5030.00
2026-02-02T05:31:00.000Z,2026-02-02T05:35:00.000Z,BUY,0.01,2,1,10.00,2,5040.00
2026-02-02T05:35:00.000Z,2026-02-02T05:35:00.000Z,BUY,0.01,1,1,10.00,1,5050.00
2026-02-02T05:35:00.000Z,2026-02-02T05:35:00.000Z,BUY,0.01,1,1,10.00,1,5060.00
2026-02-02T05:35:00.000Z,2026-02-02T05:36:00.000Z,BUY,0.01,2,1,10.00,2,5070.00
2026-02-02T05:36:00.000Z,2026-02-02T05:36:00.000Z,BUY,0.01,1,1,10.00,1,5080.00
2026-02-02T05:36:00.000Z,2026-02-02T05:37:00.000Z,BUY,0.01,1,1,10.00,1,5090.00
2026-02-02T05:37:00.000Z,2026-02-02T05:40:00.000Z,BUY,0.01,4,1,10.00,4,5100.00
2026-02-02T05:40:00.000Z,2026-02-02T05:40:00.000Z,BUY,0.01,1,1,10.00,1,5110.00
2026-02-02T05:40:00.000Z,2026-02-02T05:43:00.000Z,BUY,0.01,3,1,10.00,3,5120.00
2026-02-02T05:43:00.000Z,2026-02-02T05:44:00.000Z,BUY,0.01,1,1,10.00,1,5130.00
2026-02-02T05:44:00.000Z,2026-02-02T05:48:00.000Z,BUY,0.01,1,1,10.00,1,5140.00
2026-02-02T05:48:00.000Z,2026-02-02T05:49:00.000Z,BUY,0.01,1,1,10.00,1,5150.00
2026-02-02T05:49:00.000Z,2026-02-02T05:54:00.000Z,BUY,0.01,2,1,10.00,2,5160.00
2026-02-02T05:54:00.000Z,2026-02-02T05:54:00.000Z,BUY,0.01,1,1,10.00,1,5170.00
2026-02-02T05:54:00.000Z,2026-02-02T05:58:00.000Z,BUY,0.01,2,1,10.00,2,5180.00
2026-02-02T05:58:00.000Z,2026-02-02T06:00:00.000Z,BUY,0.01,1,1,10.00,1,5190.00
2026-02-02T06:00:00.000Z,2026-02-02T06:01:00.000Z,BUY,0.01,2,1,10.00,2,5200.00
2026-02-02T06:01:00.000Z,2026-02-02T06:01:00.000Z,BUY,0.01,1,1,10.00,1,5210.00
2026-02-02T06:01:00.000Z,2026-02-02T06:01:00.000Z,BUY,0.01,1,1,10.00,1,5220.00
2026-02-02T06:01:00.000Z,2026-02-02T06:01:00.000Z,BUY,0.01,1,1,10.00,1,5230.00
2026-02-02T06:01:00.000Z,2026-02-02T06:01:00.000Z,BUY,0.01,2,1,10.00,2,5240.00
2026-02-02T06:01:00.000Z,2026-02-02T06:06:00.000Z,BUY,0.01,1,1,10.00,1,5250.00
2026-02-02T06:06:00.000Z,2026-02-02T06:08:00.000Z,BUY,0.01,1,1,10.00,1,5260.00
2026-02-02T06:08:00.000Z,2026-02-02T06:09:00.000Z,BUY,0.01,1,1,10.00,1,5270.00
2026-02-02T06:09:00.000Z,2026-02-02T06:14:00.000Z,BUY,0.01,3,1,10.00,3,5280.00
2026-02-02T06:14:00.000Z,2026-02-02T06:16:00.000Z,BUY,0.01,1,1,10.00,1,5290.00
2026-02-02T06:16:00.000Z,2026-02-02T06:19:00.000Z,BUY,0.01,1,1,10.00,1,5300.00
2026-02-02T06:19:00.000Z,2026-02-02T06:19:00.000Z,BUY,0.01,1,1,10.00,1,5310.00
2026-02-02T06:19:00.000Z,2026-02-02T06:20:00.000Z,BUY,0.01,1,1,10.00,1,5320.00
2026-02-02T06:20:00.000Z,2026-02-02T06:26:00.000Z,BUY,0.01,2,1,10.00,2,5330.00
2026-02-02T06:26:00.000Z,2026-02-02T06:26:00.000Z,BUY,0.01,1,1,10.00,1,5340.00
2026-02-02T06:26:00.000Z,2026-02-02T06:31:00.000Z,BUY,0.01,1,1,10.00,1,5350.00
2026-02-02T06:31:00.000Z,2026-02-02T06:40:00.000Z,BUY,0.01,2,1,10.00,2,5360.00
2026-02-02T06:40:00.000Z,2026-02-02T06:41:00.000Z,BUY,0.01,1,1,10.00,1,5370.00
2026-02-02T06:41:00.000Z,2026-02-02T06:43:00.000Z,BUY,0.01,1,1,10.00,1,5380.00
2026-02-02T06:43:00.000Z,2026-02-02T06:45:00.000Z,BUY,0.01,1,1,10.00,1,5390.00
2026-02-02T06:45:00.000Z,2026-02-02T06:46:00.000Z,BUY,0.01,1,1,10.00,1,5400.00
2026-02-02T06:46:00.000Z,2026-02-02T06:50:00.000Z,BUY,0.01,2,1,10.00,2,5410.00
2026-02-02T06:50:00.000Z,2026-02-02T06:50:00.000Z,BUY,0.01,1,1,10.00,1,5420.00
2026-02-02T06:50:00.000Z,2026-02-02T07:12:00.000Z,BUY,0.01,2,1,10.00,2,5430.00
2026-02-02T07:12:00.000Z,2026-02-02T07:12:00.000Z,BUY,0.01,1,1,10.00,1,5440.00
2026-02-02T07:12:00.000Z,2026-02-02T07:31:00.000Z,BUY,0.01,2,1,10.00,2,5450.00
2026-02-02T07:31:00.000Z,2026-02-02T07:37:00.000Z,BUY,0.01,4,1,10.00,4,5460.00
2026-02-02T07:37:00.000Z,2026-02-02T07:38:00.000Z,BUY,0.01,1,1,10.00,1,5470.00
2026-02-02T07:38:00.000Z,2026-02-02T07:44:00.000Z,BUY,0.01,2,1,10.00,2,5480.00
2026-02-02T07:44:00.000Z,2026-02-02T07:44:00.000Z,BUY,0.01,1,1,10.00,1,5490.00
2026-02-02T07:44:00.000Z,2026-02-02T07:45:00.000Z,BUY,0.01,2,1,10.00,2,5500.00
2026-02-02T07:45:00.000Z,2026-02-02T07:45:00.000Z,BUY,0.01,1,1,10.00,1,5510.00
2026-02-02T07:45:00.000Z,2026-02-02T07:49:00.000Z,BUY,0.01,4,1,10.00,4,5520.00
2026-02-02T07:49:00.000Z,2026-02-02T07:50:00.000Z,BUY,0.01,3,1,10.00,3,5530.00
2026-02-02T07:50:00.000Z,2026-02-02T07:50:00.000Z,BUY,0.01,1,1,10.00,1,5540.00
2026-02-02T07:50:00.000Z,2026-02-02T07:51:00.000Z,BUY,0.01,2,1,10.00,2,5550.00
2026-02-02T07:51:00.000Z,2026-02-02T07:51:00.000Z,BUY,0.01,1,1,10.00,1,5560.00
2026-02-02T07:51:00.000Z,2026-02-02T07:51:00.000Z,BUY,0.01,1,1,10.00,1,5570.00
2026-02-02T07:51:00.000Z,2026-02-02T07:52:00.000Z,BUY,0.01,2,1,10.00,2,5580.00
2026-02-02T07:52:00.000Z,2026-02-02T07:53:00.000Z,BUY,0.01,2,1,10.00,2,5590.00
2026-02-02T07:53:00.000Z,2026-02-02T07:53:00.000Z,BUY,0.01,1,1,10.00,1,5600.00
2026-02-02T07:53:00.000Z,2026-02-02T07:53:00.000Z,BUY,0.01,1,1,10.00,1,5610.00
2026-02-02T07:53:00.000Z,2026-02-02T07:54:00.000Z,BUY,0.01,1,1,10.00,1,5620.00
2026-02-02T07:54:00.000Z,2026-02-02T07:54:00.000Z,BUY,0.01,1,1,10.00,1,5630.00
2026-02-02T07:54:00.000Z,2026-02-02T07:58:00.000Z,BUY,0.01,3,1,10.00,3,5640.00
2026-02-02T07:58:00.000Z,2026-02-02T07:58:00.000Z,BUY,0.01,1,1,10.00,1,5650.00
2026-02-02T07:58:00.000Z,2026-02-02T08:00:00.000Z,BUY,0.01,3,1,10.00,3,5660.00
2026-02-02T08:00:00.000Z,2026-02-02T08:06:00.000Z,BUY,0.01,4,1,10.00,4,5670.00
2026-02-02T08:06:00.000Z,2026-02-02T08:06:00.000Z,BUY,0.01,1,1,10.00,1,5680.00
2026-02-02T08:06:00.000Z,2026-02-02T08:09:00.000Z,BUY,0.01,3,1,10.00,3,5690.00
2026-02-02T08:09:00.000Z,2026-02-02T08:17:00.000Z,BUY,0.01,4,1,10.00,4,5700.00
2026-02-02T08:17:00.000Z,2026-02-02T08:21:00.000Z,BUY,0.01,4,1,10.00,4,5710.00
2026-02-02T08:21:00.000Z,2026-02-02T08:23:00.000Z,BUY,0.01,2,1,10.00,2,5720.00
2026-02-02T08:23:00.000Z,2026-02-02T08:23:00.000Z,BUY,0.01,1,1,10.00,1,5730.00
2026-02-02T08:23:00.000Z,2026-02-02T08:24:00.000Z,BUY,0.01,2,1,10.00,2,5740.00
2026-02-02T08:24:00.000Z,2026-02-02T08:24:00.000Z,BUY,0.01,1,1,10.00,1,5750.00
2026-02-02T08:24:00.000Z,2026-02-02T08:24:00.000Z,BUY,0.01,1,1,10.00,1,5760.00
2026-02-02T08:24:00.000Z,2026-02-02T08:24:00.000Z,BUY,0.01,1,1,10.00,1,5770.00
2026-02-02T08:24:00.000Z,2026-02-02T08:24:00.000Z,BUY,0.01,2,1,10.00,2,5780.00
2026-02-02T08:24:00.000Z,2026-02-02T08:25:00.000Z,BUY,0.01,1,1,10.00,1,5790.00
2026-02-02T08:25:00.000Z,2026-02-02T08:25:00.000Z,BUY,0.01,1,1,10.00,1,5800.00
2026-02-02T08:25:00.000Z,2026-02-02T08:27:00.000Z,BUY,0.01,2,1,10.00,2,5810.00
2026-02-02T08:27:00.000Z,2026-02-02T08:27:00.000Z,BUY,0.01,1,1,10.00,1,5820.00
2026-02-02T08:27:00.000Z,2026-02-02T08:28:00.000Z,BUY,0.01,1,1,10.00,1,5830.00
2026-02-02T08:28:00.000Z,2026-02-02T08:28:00.000Z,BUY,0.01,1,1,10.00,1,5840.00
2026-02-02T08:28:00.000Z,2026-02-02T08:29:00.000Z,BUY,0.01,1,1,10.00,1,5850.00
2026-02-02T08:29:00.000Z,2026-02-02T08:29:00.000Z,BUY,0.01,1,1,10.00,1,5860.00
2026-02-02T08:29:00.000Z,2026-02-02T08:36:00.000Z,BUY,0.01,4,1,10.00,4,5870.00
2026-02-02T08:36:00.000Z,2026-02-02T08:37:00.000Z,BUY,0.01,2,1,10.00,2,5880.00
2026-02-02T08:37:00.000Z,2026-02-02T08:37:00.000Z,BUY,0.01,1,1,10.00,1,5890.00
2026-02-02T08:37:00.000Z,2026-02-02T08:37:00.000Z,BUY,0.01,1,1,10.00,1,5900.00
2026-02-02T08:37:00.000Z,2026-02-02T08:38:00.000Z,BUY,0.01,2,1,10.00,2,5910.00
2026-02-02T08:38:00.000Z,2026-02-02T08:42:00.000Z,BUY,0.01,3,1,10.00,3,5920.00
2026-02-02T08:42:00.000Z,2026-02-02T08:42:00.000Z,BUY,0.01,1,1,10.00,1,5930.00
2026-02-02T08:42:00.000Z,2026-02-02T08:44:00.000Z,BUY,0.01,1,1,10.00,1,5940.00
2026-02-02T08:44:00.000Z,2026-02-02T08:50:00.000Z,BUY,0.01,5,1,10.00,5,5950.00
2026-02-02T08:50:00.000Z,2026-02-02T08:52:00.000Z,BUY,0.01,3,1,10.00,3,5960.00
2026-02-02T08:52:00.000Z,2026-02-02T08:54:00.000Z,BUY,0.01,1,1,10.00,1,5970.00
2026-02-02T08:54:00.000Z,2026-02-02T08:55:00.000Z,BUY,0.01,1,1,10.00,1,5980.00
2026-02-02T08:55:00.000Z,2026-02-02T08:56:00.000Z,BUY,0.01,1,1,10.00,1,5990.00
2026-02-02T08:56:00.000Z,2026-02-02T08:57:00.000Z,BUY,0.01,1,1,10.00,1,6000.00
2026-02-02T08:57:00.000Z,2026-02-02T09:02:00.000Z,BUY,0.01,3,1,10.00,3,6010.00
2026-02-02T09:02:00.000Z,2026-02-02T09:03:00.000Z,BUY,0.01,1,1,10.00,1,6020.00
2026-02-02T09:03:00.000Z,2026-02-02T09:07:00.000Z,BUY,0.01,1,1,10.00,1,6030.00
2026-02-02T09:07:00.000Z,2026-02-02T09:15:00.000Z,BUY,0.01,5,1,10.00,5,6040.00
2026-02-02T09:15:00.000Z,2026-02-02T09:17:00.000Z,BUY,0.01,2,1,10.00,2,6050.00
2026-02-02T09:17:00.000Z,2026-02-02T09:17:00.000Z,BUY,0.01,1,1,10.00,1,6060.00
2026-02-02T09:17:00.000Z,2026-02-02T09:21:00.000Z,BUY,0.01,1,1,10.00,1,6070.00
2026-02-02T09:21:00.000Z,2026-02-02T09:24:00.000Z,BUY,0.01,1,1,10.00,1,6080.00
2026-02-02T09:24:00.000Z,2026-02-02T09:25:00.000Z,BUY,0.01,1,1,10.00,1,6090.00
2026-02-02T09:25:00.000Z,2026-02-02T09:32:00.000Z,BUY,0.01,2,1,10.00,2,6100.00
2026-02-02T09:32:00.000Z,2026-02-02T09:37:00.000Z,BUY,0.01,1,1,10.00,1,6110.00
2026-02-02T09:37:00.000Z,2026-02-02T09:37:00.000Z,BUY,0.01,1,1,10.00,1,6120.00
2026-02-02T09:37:00.000Z,2026-02-02T09:39:00.000Z,BUY,0.01,1,1,10.00,1,6130.00
2026-02-02T09:39:00.000Z,2026-02-02T09:40:00.000Z,BUY,0.01,1,1,10.00,1,6140.00
2026-02-02T09:40:00.000Z,2026-02-02T09:41:00.000Z,BUY,0.01,1,1,10.00,1,6150.00
2026-02-02T09:41:00.000Z,2026-02-02T09:46:00.000Z,BUY,0.01,3,1,10.00,3,6160.00
2026-02-02T09:46:00.000Z,2026-02-02T09:49:00.000Z,BUY,0.01,1,1,10.00,1,6170.00
2026-02-02T09:49:00.000Z,2026-02-02T10:00:00.000Z,BUY,0.01,4,1,10.00,4,6180.00
2026-02-02T10:00:00.000Z,2026-02-02T10:00:00.000Z,BUY,0.01,1,1,10.00,1,6190.00
2026-02-02T10:00:00.000Z,2026-02-02T10:08:00.000Z,BUY,0.01,3,1,10.00,3,6200.00
2026-02-02T10:08:00.000Z,2026-02-02T10:09:00.000Z,BUY,0.01,1,1,10.00,1,6210.00
2026-02-02T10:09:00.000Z,2026-02-02T10:09:00.000Z,BUY,0.01,1,1,10.00,1,6220.00
2026-02-02T10:09:00.000Z,2026-02-02T10:19:00.000Z,BUY,0.01,1,1,10.00,1,6230.00
2026-02-02T10:19:00.000Z,2026-02-02T10:20:00.000Z,BUY,0.01,1,1,10.00,1,6240.00
2026-02-02T10:20:00.000Z,2026-02-02T10:38:00.000Z,BUY,0.01,4,1,10.00,4,6250.00
2026-02-02T10:38:00.000Z,2026-02-02T10:39:00.000Z,BUY,0.01,1,1,10.00,1,6260.00
2026-02-02T10:39:00.000Z,2026-02-02T10:39:00.000Z,BUY,0.01,1,1,10.00,1,6270.00
2026-02-02T10:39:00.000Z,2026-02-02T10:42:00.000Z,BUY,0.01,1,1,10.00,1,6280.00
2026-02-02T10:42:00.000Z,2026-02-02T11:03:00.000Z,BUY,0.01,2,1,10.00,2,6290.00
2026-02-02T11:03:00.000Z,2026-02-02T11:04:00.000Z,BUY,0.01,1,1,10.00,1,6300.00
2026-02-02T11:04:00.000Z,2026-02-02T11:05:00.000Z,BUY,0.01,1,1,10.00,1,6310.00
2026-02-02T11:05:00.000Z,2026-02-02T11:11:00.000Z,BUY,0.01,1,1,10.00,1,6320.00
2026-02-02T11:11:00.000Z,2026-02-02T11:12:00.000Z,BUY,0.01,1,1,10.00,1,6330.00
2026-02-02T11:12:00.000Z,2026-02-02T11:26:00.000Z,BUY,0.01,3,1,10.00,3,6340.00
2026-02-02T11:26:00.000Z,2026-02-02T11:26:00.000Z,BUY,0.01,1,1,10.00,1,6350.00
2026-02-02T11:26:00.000Z,2026-02-02T11:27:00.000Z,BUY,0.01,1,1,10.00,1,6360.00
2026-02-02T11:27:00.000Z,2026-02-02T11:28:00.000Z,BUY,0.01,1,1,10.00,1,6370.00
2026-02-02T11:28:00.000Z,2026-02-02T11:31:00.000Z,BUY,0.01,1,1,10.00,1,6380.00
2026-02-02T11:31:00.000Z,2026-02-02T11:48:00.000Z,BUY,0.01,3,1,10.00,3,6390.00
2026-02-02T11:48:00.000Z,2026-02-02T11:55:00.000Z,BUY,0.01,1,1,10.00,1,6400.00
2026-02-02T11:55:00.000Z,2026-02-02T12:21:00.000Z,BUY,0.01,4,1,10.00,4,6410.00
2026-02-02T12:21:00.000Z,2026-02-02T12:21:00.000Z,BUY,0.01,1,1,10.00,1,6420.00
2026-02-02T12:21:00.000Z,2026-02-02T12:27:00.000Z,BUY,0.01,2,1,10.00,2,6430.00
2026-02-02T12:27:00.000Z,2026-02-02T12:27:00.000Z,BUY,0.01,1,1,10.00,1,6440.00
2026-02-02T12:27:00.000Z,2026-02-02T12:40:00.000Z,BUY,0.01,3,1,10.00,3,6450.00
2026-02-02T12:40:00.000Z,2026-02-02T12:45:00.000Z,BUY,0.01,2,1,10.00,2,6460.00
2026-02-02T12:45:00.000Z,2026-02-02T12:48:00.000Z,BUY,0.01,1,1,10.00,1,6470.00
2026-02-02T12:48:00.000Z,2026-02-02T12:51:00.000Z,BUY,0.01,1,1,10.00,1,6480.00
2026-02-02T12:51:00.000Z,2026-02-02T12:52:00.000Z,BUY,0.01,1,1,10.00,1,6490.00
2026-02-02T12:52:00.000Z,2026-02-02T12:55:00.000Z,BUY,0.01,1,1,10.00,1,6500.00
2026-02-02T12:55:00.000Z,2026-02-02T13:00:00.000Z,BUY,0.01,1,1,10.00,1,6510.00
2026-02-02T13:00:00.000Z,2026-02-02T13:11:00.000Z,BUY,0.01,1,1,10.00,1,6520.00
2026-02-02T13:11:00.000Z,2026-02-02T13:13:00.000Z,BUY,0.01,1,1,10.00,1,6530.00
2026-02-02T13:13:00.000Z,2026-02-02T13:14:00.000Z,BUY,0.01,1,1,10.00,1,6540.00
2026-02-02T13:14:00.000Z,2026-02-02T13:23:00.000Z,BUY,0.01,1,1,10.00,1,6550.00
2026-02-02T13:23:00.000Z,2026-02-02T13:36:00.000Z,BUY,0.01,1,1,10.00,1,6560.00
2026-02-02T13:36:00.000Z,2026-02-02T13:40:00.000Z,BUY,0.01,1,1,10.00,1,6570.00
2026-02-02T13:40:00.000Z,2026-02-02T14:07:00.000Z,BUY,0.01,2,1,10.00,2,6580.00
2026-02-02T14:07:00.000Z,2026-02-02T14:09:00.000Z,BUY,0.01,1,1,10.00,1,6590.00
2026-02-02T14:09:00.000Z,2026-02-02T14:10:00.000Z,BUY,0.01,1,1,10.00,1,6600.00
2026-02-02T14:10:00.000Z,2026-02-02T14:19:00.000Z,BUY,0.01,1,1,10.00,1,6610.00
2026-02-02T14:19:00.000Z,2026-02-02T14:23:00.000Z,BUY,0.01,1,1,10.00,1,6620.00
2026-02-02T14:23:00.000Z,2026-02-02T14:45:00.000Z,BUY,0.01,1,1,10.00,1,6630.00
2026-02-02T14:45:00.000Z,2026-02-02T14:46:00.000Z,BUY,0.01,1,1,10.00,1,6640.00
2026-02-02T14:46:00.000Z,2026-02-02T14:51:00.000Z,BUY,0.01,2,1,10.00,2,6650.00
2026-02-02T14:51:00.000Z,2026-02-02T14:52:00.000Z,BUY,0.01,1,1,10.00,1,6660.00
2026-02-02T14:52:00.000Z,2026-02-02T15:00:00.000Z,BUY,0.01,2,1,10.00,2,6670.00
2026-02-02T15:00:00.000Z,2026-02-02T15:00:00.000Z,BUY,0.01,1,1,10.00,1,6680.00
2026-02-02T15:00:00.000Z,2026-02-02T15:00:00.000Z,BUY,0.01,1,1,10.00,1,6690.00
2026-02-02T15:00:00.000Z,2026-02-02T15:00:00.000Z,BUY,0.01,1,1,10.00,1,6700.00
2026-02-02T15:00:00.000Z,2026-02-02T15:00:00.000Z,BUY,0.01,2,1,10.00,2,6710.00
2026-02-02T15:00:00.000Z,2026-02-02T15:02:00.000Z,BUY,0.01,4,1,10.00,4,6720.00
2026-02-02T15:02:00.000Z,2026-02-02T15:02:00.000Z,BUY,0.01,1,1,10.00,1,6730.00
2026-02-02T15:02:00.000Z,2026-02-02T15:04:00.000Z,BUY,0.01,1,1,10.00,1,6740.00
2026-02-02T15:04:00.000Z,2026-02-02T15:07:00.000Z,BUY,0.01,3,1,10.00,3,6750.00
2026-02-02T15:07:00.000Z,2026-02-02T15:07:00.000Z,BUY,0.01,1,1,10.00,1,6760.00
2026-02-02T15:07:00.000Z,2026-02-02T15:08:00.000Z,BUY,0.01,1,1,10.00,1,6770.00
2026-02-02T15:08:00.000Z,2026-02-02T15:10:00.000Z,BUY,0.01,1,1,10.00,1,6780.00
2026-02-02T15:10:00.000Z,2026-02-02T15:11:00.000Z,BUY,0.01,1,1,10.00,1,6790.00
2026-02-02T15:11:00.000Z,2026-02-02T15:16:00.000Z,BUY,0.01,2,1,10.00,2,6800.00
2026-02-02T15:16:00.000Z,2026-02-02T15:20:00.000Z,BUY,0.01,2,1,10.00,2,6810.00
2026-02-02T15:20:00.000Z,2026-02-02T15:22:00.000Z,BUY,0.01,1,1,10.00,1,6820.00
2026-02-02T15:22:00.000Z,2026-02-02T15:31:00.000Z,BUY,0.01,2,1,10.00,2,6830.00
2026-02-02T15:31:00.000Z,2026-02-02T15:31:00.000Z,BUY,0.01,1,1,10.00,1,6840.00
2026-02-02T15:31:00.000Z,2026-02-02T15:33:00.000Z,BUY,0.01,2,1,10.00,2,6850.00
2026-02-02T15:33:00.000Z,2026-02-02T15:33:00.000Z,BUY,0.01,1,1,10.00,1,6860.00
2026-02-02T15:33:00.000Z,2026-02-02T15:33:00.000Z,BUY,0.01,1,1,10.00,1,6870.00
2026-02-02T15:33:00.000Z,2026-02-02T15:36:00.000Z,BUY,0.01,2,1,10.00,2,6880.00
2026-02-02T15:36:00.000Z,2026-02-02T15:36:00.000Z,BUY,0.01,1,1,10.00,1,6890.00
2026-02-02T15:36:00.000Z,2026-02-02T15:42:00.000Z,BUY,0.01,2,1,10.00,2,6900.00
2026-02-02T15:42:00.000Z,2026-02-02T15:43:00.000Z,BUY,0.01,1,1,10.00,1,6910.00
2026-02-02T15:43:00.000Z,2026-02-02T15:45:00.000Z,BUY,0.01,1,1,10.00,1,6920.00
2026-02-02T15:45:00.000Z,2026-02-02T15:45:00.000Z,BUY,0.01,1,1,10.00,1,6930.00
2026-02-02T15:45:00.000Z,2026-02-02T15:53:00.000Z,BUY,0.01,1,1,10.00,1,6940.00
2026-02-02T15:53:00.000Z,2026-02-02T16:00:00.000Z,BUY,0.01,1,1,10.00,1,6950.00
2026-02-02T16:00:00.000Z,2026-02-02T16:13:00.000Z,BUY,0.01,3,1,10.00,3,6960.00
2026-02-02T16:13:00.000Z,2026-02-02T16:19:00.000Z,BUY,0.01,2,1,10.00,2,6970.00
2026-02-02T16:19:00.000Z,2026-02-02T16:19:00.000Z,BUY,0.01,1,1,10.00,1,6980.00
2026-02-02T16:19:00.000Z,2026-02-02T16:23:00.000Z,BUY,0.01,2,1,10.00,2,6990.00
2026-02-02T16:23:00.000Z,2026-02-02T16:24:00.000Z,BUY,0.01,1,1,10.00,1,7000.00
2026-02-02T16:24:00.000Z,2026-02-02T16:27:00.000Z,BUY,0.01,1,1,10.00,1,7010.00
2026-02-02T16:27:00.000Z,2026-02-02T16:28:00.000Z,BUY,0.01,1,1,10.00,1,7020.00
2026-02-02T16:28:00.000Z,2026-02-02T16:28:00.000Z,BUY,0.01,1,1,10.00,1,7030.00
2026-02-02T16:28:00.000Z,2026-02-02T16:33:00.000Z,BUY,0.01,1,1,10.00,1,7040.00
2026-02-02T16:33:00.000Z,2026-02-02T16:33:00.000Z,BUY,0.01,1,1,10.00,1,7050.00
2026-02-02T16:33:00.000Z,2026-02-02T16:34:00.000Z,BUY,0.01,1,1,10.00,1,7060.00
2026-02-02T16:34:00.000Z,2026-02-02T16:35:00.000Z,BUY,0.01,1,1,10.00,1,7070.00
2026-02-02T16:35:00.000Z,2026-02-02T16:37:00.000Z,BUY,0.01,1,1,10.00,1,7080.00
2026-02-02T16:37:00.000Z,2026-02-02T16:38:00.000Z,BUY,0.01,1,1,10.00,1,7090.00
2026-02-02T16:38:00.000Z,2026-02-02T16:43:00.000Z,BUY,0.01,2,1,10.00,2,7100.00
2026-02-02T16:43:00.000Z,2026-02-02T16:43:00.000Z,BUY,0.01,1,1,10.00,1,7110.00
2026-02-02T16:43:00.000Z,2026-02-02T16:43:00.000Z,BUY,0.01,1,1,10.00,1,7120.00
2026-02-02T16:43:00.000Z,2026-02-02T16:45:00.000Z,BUY,0.01,2,1,10.00,2,7130.00
2026-02-02T16:45:00.000Z,2026-02-02T16:46:00.000Z,BUY,0.01,1,1,10.00,1,7140.00
2026-02-02T16:46:00.000Z,2026-02-02T16:49:00.000Z,BUY,0.01,2,1,10.00,2,7150.00
2026-02-02T16:49:00.000Z,2026-02-02T16:49:00.000Z,BUY,0.01,1,1,10.00,1,7160.00
2026-02-02T16:49:00.000Z,2026-02-02T16:56:00.000Z,BUY,0.01,2,1,10.00,2,7170.00
2026-02-02T16:56:00.000Z,2026-02-02T16:56:00.000Z,BUY,0.01,1,1,10.00,1,7180.00
2026-02-02T16:56:00.000Z,2026-02-02T16:58:00.000Z,BUY,0.01,1,1,10.00,1,7190.00
2026-02-02T16:58:00.000Z,2026-02-02T17:01:00.000Z,BUY,0.01,2,1,10.00,2,7200.00
2026-02-02T17:01:00.000Z,2026-02-02T17:01:00.000Z,BUY,0.01,1,1,10.00,1,7210.00
2026-02-02T17:01:00.000Z,2026-02-02T17:03:00.000Z,BUY,0.01,1,1,10.00,1,7220.00
2026-02-02T17:03:00.000Z,2026-02-02T17:03:00.000Z,BUY,0.01,1,1,10.00,1,7230.00
2026-02-02T17:03:00.000Z,2026-02-02T17:05:00.000Z,BUY,0.01,3,1,10.00,3,7240.00
2026-02-02T17:05:00.000Z,2026-02-02T17:12:00.000Z,BUY,0.01,2,1,10.00,2,7250.00
2026-02-02T17:12:00.000Z,2026-02-02T17:15:00.000Z,BUY,0.01,1,1,10.00,1,7260.00
2026-02-02T17:15:00.000Z,2026-02-02T17:24:00.000Z,BUY,0.01,2,1,10.00,2,7270.00
2026-02-02T17:24:00.000Z,2026-02-02T17:24:00.000Z,BUY,0.01,1,1,10.00,1,7280.00
2026-02-02T17:24:00.000Z,2026-02-02T17:25:00.000Z,BUY,0.01,1,1,10.00,1,7290.00
2026-02-02T17:25:00.000Z,2026-02-02T17:28:00.000Z,BUY,0.01,4,1,10.00,4,7300.00
2026-02-02T17:28:00.000Z,2026-02-02T17:28:00.000Z,BUY,0.01,1,1,10.00,1,7310.00
2026-02-02T17:28:00.000Z,2026-02-02T17:30:00.000Z,BUY,0.01,2,1,10.00,2,7320.00
2026-02-02T17:30:00.000Z,2026-02-02T17:30:00.000Z,BUY,0.01,1,1,10.00,1,7330.00
2026-02-02T17:30:00.000Z,2026-02-02T17:30:00.000Z,BUY,0.01,1,1,10.00,1,7340.00
2026-02-02T17:30:00.000Z,2026-02-02T17:32:00.000Z,BUY,0.01,2,1,10.00,2,7350.00
2026-02-02T17:32:00.000Z,2026-02-02T17:32:00.000Z,BUY,0.01,1,1,10.00,1,7360.00
2026-02-02T17:32:00.000Z,2026-02-02T17:33:00.000Z,BUY,0.01,1,1,10.00,1,7370.00
2026-02-02T17:33:00.000Z,2026-02-02T17:34:00.000Z,BUY,0.01,1,1,10.00,1,7380.00
2026-02-02T17:34:00.000Z,2026-02-02T17:35:00.000Z,BUY,0.01,1,1,10.00,1,7390.00
2026-02-02T17:35:00.000Z,2026-02-02T17:39:00.000Z,BUY,0.01,1,1,10.00,1,7400.00
2026-02-02T17:39:00.000Z,2026-02-02T17:43:00.000Z,BUY,0.01,2,1,10.00,2,7410.00
2026-02-02T17:43:00.000Z,2026-02-02T17:43:00.000Z,BUY,0.01,1,1,10.00,1,7420.00
2026-02-02T17:43:00.000Z,2026-02-02T17:47:00.000Z,BUY,0.01,2,1,10.00,2,7430.00
2026-02-02T17:47:00.000Z,2026-02-02T17:47:00.000Z,BUY,0.01,1,1,10.00,1,7440.00
2026-02-02T17:47:00.000Z,2026-02-02T17:53:00.000Z,BUY,0.01,2,1,10.00,2,7450.00
2026-02-02T17:53:00.000Z,2026-02-02T17:53:00.000Z,BUY,0.01,1,1,10.00,1,7460.00
2026-02-02T17:53:00.000Z,2026-02-02T18:00:00.000Z,BUY,0.01,2,1,10.00,2,7470.00
2026-02-02T18:00:00.000Z,2026-02-02T18:03:00.000Z,BUY,0.01,1,1,10.00,1,7480.00
2026-02-02T18:03:00.000Z,2026-02-02T18:03:00.000Z,BUY,0.01,1,1,10.00,1,7490.00
2026-02-02T18:03:00.000Z,2026-02-02T18:04:00.000Z,BUY,0.01,1,1,10.00,1,7500.00
2026-02-02T18:04:00.000Z,2026-02-02T18:06:00.000Z,BUY,0.01,1,1,10.00,1,7510.00
2026-02-02T18:06:00.000Z,2026-02-02T18:06:00.000Z,BUY,0.01,1,1,10.00,1,7520.00
2026-02-02T18:06:00.000Z,2026-02-02T18:09:00.000Z,BUY,0.01,1,1,10.00,1,7530.00
2026-02-02T18:09:00.000Z,2026-02-02T18:11:00.000Z,BUY,0.01,1,1,10.00,1,7540.00
2026-02-02T18:11:00.000Z,2026-02-02T18:13:00.000Z,BUY,0.01,1,1,10.00,1,7550.00
2026-02-02T18:13:00.000Z,2026-02-02T18:21:00.000Z,BUY,0.01,3,1,10.00,3,7560.00
2026-02-02T18:21:00.000Z,2026-02-02T18:27:00.000Z,BUY,0.01,2,1,10.00,2,7570.00
2026-02-02T18:27:00.000Z,2026-02-02T18:40:00.000Z,BUY,0.01,3,1,10.00,3,7580.00
2026-02-02T18:40:00.000Z,2026-02-02T18:49:00.000Z,BUY,0.01,2,1,10.00,2,7590.00
2026-02-02T18:49:00.000Z,2026-02-02T18:53:00.000Z,BUY,0.01,1,1,10.00,1,7600.00
2026-02-02T18:53:00.000Z,2026-02-02T18:58:00.000Z,BUY,0.01,1,1,10.00,1,7610.00
2026-02-02T18:58:00.000Z,2026-02-02T19:06:00.000Z,BUY,0.01,1,1,10.00,1,7620.00
2026-02-02T19:06:00.000Z,2026-02-02T19:06:00.000Z,BUY,0.01,1,1,10.00,1,7630.00
2026-02-02T19:06:00.000Z,2026-02-02T19:08:00.000Z,BUY,0.01,1,1,10.00,1,7640.00
2026-02-02T19:08:00.000Z,2026-02-02T19:18:00.000Z,BUY,0.01,2,1,10.00,2,7650.00
2026-02-02T19:18:00.000Z,2026-02-02T19:18:00.000Z,BUY,0.01,1,1,10.00,1,7660.00
2026-02-02T19:18:00.000Z,2026-02-02T20:00:00.000Z,BUY,0.01,5,0,-2420.00,5,5240.00
2026-02-02T20:00:00.000Z,2026-02-02T20:14:00.000Z,BUY,0.01,2,1,10.00,2,5250.00
2026-02-02T20:14:00.000Z,2026-02-02T20:14:00.000Z,BUY,0.01,1,1,10.00,1,5260.00
2026-02-02T20:14:00.000Z,2026-02-02T20:34:00.000Z,BUY,0.01,5,1,10.00,5,5270.00
2026-02-02T20:34:00.000Z,2026-02-02T20:36:00.000Z,BUY,0.01,1,1,10.00,1,5280.00
2026-02-02T20:36:00.000Z,2026-02-02T21:09:00.000Z,BUY,0.01,2,1,10.00,2,5290.00
2026-02-02T21:09:00.000Z,2026-02-02T21:09:00.000Z,BUY,0.01,1,1,10.00,1,5300.00
2026-02-02T21:09:00.000Z,2026-02-02T21:11:00.000Z,BUY,0.01,1,1,10.00,1,5310.00
2026-02-02T21:11:00.000Z,2026-02-02T21:40:00.000Z,BUY,0.01,3,1,10.00,3,5320.00
2026-02-02T21:40:00.000Z,2026-02-02T21:40:00.000Z,BUY,0.01,1,1,10.00,1,5330.00
2026-02-02T21:40:00.000Z,2026-02-02T21:42:00.000Z,BUY,0.01,1,1,10.00,1,5340.00
2026-02-02T21:42:00.000Z,2026-02-02T21:43:00.000Z,BUY,0.01,1,1,10.00,1,5350.00
2026-02-02T21:43:00.000Z,2026-02-02T21:46:00.000Z,BUY,0.01,1,1,10.00,1,5360.00
2026-02-02T21:46:00.000Z,2026-02-02T21:56:00.000Z,BUY,0.01,2,1,10.00,2,5370.00
2026-02-02T21:56:00.000Z,2026-02-02T21:58:00.000Z,BUY,0.01,1,1,10.00,1,5380.00
2026-02-02T21:58:00.000Z,2026-02-02T22:11:00.000Z,BUY,0.01,3,1,10.00,3,5390.00
2026-02-02T22:11:00.000Z,2026-02-02T22:21:00.000Z,BUY,0.01,2,1,10.00,2,5400.00
2026-02-02T22:21:00.000Z,2026-02-02T22:41:00.000Z,BUY,0.01,1,1,10.00,1,5410.00
2026-02-02T22:41:00.000Z,2026-02-02T22:43:00.000Z,BUY,0.01,1,1,10.00,1,5420.00
2026-02-02T22:43:00.000Z,2026-02-02T22:58:00.000Z,BUY,0.01,2,1,10.00,2,5430.00
2026-02-02T22:58:00.000Z,2026-02-02T23:12:00.000Z,BUY,0.01,1,1,10.00,1,5440.00
2026-02-02T23:12:00.000Z,2026-02-02T23:26:00.000Z,BUY,0.01,1,1,10.00,1,5450.00
2026-02-02T23:26:00.000Z,2026-02-02T23:51:00.000Z,BUY,0.01,2,1,10.00,2,5460.00
2026-02-02T23:51:00.000Z,2026-02-02T23:52:00.000Z,BUY,0.01,1,1,10.00,1,5470.00
2026-02-02T23:52:00.000Z,2026-02-03T01:00:00.000Z,BUY,0.01,1,1,10.00,1,5480.00
2026-02-03T01:00:00.000Z,2026-02-03T01:00:00.000Z,BUY,0.01,1,1,10.00,1,5490.00
2026-02-03T01:00:00.000Z,2026-02-03T01:00:00.000Z,BUY,0.01,1,1,10.00,1,5500.00
2026-02-03T01:00:00.000Z,2026-02-03T01:00:00.000Z,BUY,0.01,2,1,10.00,2,5510.00
2026-02-03T01:00:00.000Z,2026-02-03T01:00:00.000Z,BUY,0.01,1,1,10.00,1,5520.00
2026-02-03T01:00:00.000Z,2026-02-03T01:01:00.000Z,BUY,0.01,1,1,10.00,1,5530.00
2026-02-03T01:01:00.000Z,2026-02-03T01:01:00.000Z,BUY,0.01,1,1,10.00,1,5540.00
2026-02-03T01:01:00.000Z,2026-02-03T01:03:00.000Z,BUY,0.01,1,1,10.00,1,5550.00
2026-02-03T01:03:00.000Z,2026-02-03T01:04:00.000Z,BUY,0.01,1,1,10.00,1,5560.00
2026-02-03T01:04:00.000Z,2026-02-03T01:08:00.000Z,BUY,0.01,1,1,10.00,1,5570.00
2026-02-03T01:08:00.000Z,2026-02-03T01:18:00.000Z,BUY,0.01,1,1,10.00,1,5580.00
2026-02-03T01:18:00.000Z,2026-02-03T01:21:00.000Z,BUY,0.01,1,1,10.00,1,5590.00
2026-02-03T01:21:00.000Z,2026-02-03T01:24:00.000Z,BUY,0.01,1,1,10.00,1,5600.00
2026-02-03T01:24:00.000Z,2026-02-03T01:31:00.000Z,BUY,0.01,2,1,10.00,2,5610.00
2026-02-03T01:31:00.000Z,2026-02-03T01:34:00.000Z,BUY,0.01,1,1,10.00,1,5620.00
2026-02-03T01:34:00.000Z,2026-02-03T01:38:00.000Z,BUY,0.01,1,1,10.00,1,5630.00
2026-02-03T01:38:00.000Z,2026-02-03T01:49:00.000Z,BUY,0.01,1,1,10.00,1,5640.00
2026-02-03T01:49:00.000Z,2026-02-03T01:51:00.000Z,BUY,0.01,1,1,10.00,1,5650.00
2026-02-03T01:51:00.000Z,2026-02-03T01:59:00.000Z,BUY,0.01,1,1,10.00,1,5660.00
2026-02-03T01:59:00.000Z,2026-02-03T02:03:00.000Z,BUY,0.01,1,1,10.00,1,5670.00
2026-02-03T02:03:00.000Z,2026-02-03T02:04:00.000Z,BUY,0.01,1,1,10.00,1,5680.00
2026-02-03T02:04:00.000Z,2026-02-03T02:19:00.000Z,BUY,0.01,3,1,10.00,3,5690.00
2026-02-03T02:19:00.000Z,2026-02-03T02:24:00.000Z,BUY,0.01,1,1,10.00,1,5700.00
2026-02-03T02:24:00.000Z,2026-02-03T02:26:00.000Z,BUY,0.01,1,1,10.00,1,5710.00
2026-02-03T02:26:00.000Z,2026-02-03T02:55:00.000Z,BUY,0.01,4,1,10.00,4,5720.00
2026-02-03T02:55:00.000Z,2026-02-03T03:02:00.000Z,BUY,0.01,3,1,10.00,3,5730.00
2026-02-03T03:02:00.000Z,2026-02-03T03:04:00.000Z,BUY,0.01,3,1,10.00,3,5740.00
2026-02-03T03:04:00.000Z,2026-02-03T03:13:00.000Z,BUY,0.01,3,1,10.00,3,5750.00
2026-02-03T03:13:00.000Z,2026-02-03T03:15:00.000Z,BUY,0.01,1,1,10.00,1,5760.00
2026-02-03T03:15:00.000Z,2026-02-03T03:15:00.000Z,BUY,0.01,1,1,10.00,1,5770.00
2026-02-03T03:15:00.000Z,2026-02-03T04:02:00.000Z,BUY,0.01,5,0,-2420.00,5,3350.00
2026-02-03T04:02:00.000Z,2026-02-03T04:10:00.000Z,BUY,0.01,2,1,10.00,2,3360.00
2026-02-03T04:10:00.000Z,2026-02-03T04:10:00.000Z,BUY,0.01,1,1,10.00,1,3370.00
2026-02-03T04:10:00.000Z,2026-02-03T04:18:00.000Z,BUY,0.01,2,1,10.00,2,3380.00
2026-02-03T04:18:00.000Z,2026-02-03T04:19:00.000Z,BUY,0.01,1,1,10.00,1,3390.00
2026-02-03T04:19:00.000Z,2026-02-03T04:44:00.000Z,BUY,0.01,2,1,10.00,2,3400.00
2026-02-03T04:44:00.000Z,2026-02-03T04:44:00.000Z,BUY,0.01,1,1,10.00,1,3410.00
2026-02-03T04:44:00.000Z,2026-02-03T04:59:00.000Z,BUY,0.01,3,1,10.00,3,3420.00
2026-02-03T04:59:00.000Z,2026-02-03T05:00:00.000Z,BUY,0.01,1,1,10.00,1,3430.00
2026-02-03T05:00:00.000Z,2026-02-03T05:07:00.000Z,SELL,0.01,1,1,10.00,1,3440.00
2026-02-03T05:07:00.000Z,2026-02-03T05:10:00.000Z,SELL,0.01,1,1,10.00,1,3450.00
2026-02-03T05:10:00.000Z,2026-02-03T05:25:00.000Z,SELL,0.01,1,1,10.00,1,3460.00
2026-02-03T05:25:00.000Z,2026-02-03T05:32:00.000Z,SELL,0.01,2,1,10.00,2,3470.00
2026-02-03T05:32:00.000Z,2026-02-03T06:03:00.000Z,SELL,0.01,4,1,10.00,4,3480.00
2026-02-03T06:03:00.000Z,2026-02-03T06:16:00.000Z,SELL,0.01,1,1,10.00,1,3490.00
2026-02-03T06:16:00.000Z,2026-02-03T07:29:00.000Z,SELL,0.01,2,1,10.00,2,3500.00
2026-02-03T07:29:00.000Z,2026-02-03T07:30:00.000Z,SELL,0.01,1,1,10.00,1,3510.00
2026-02-03T07:30:00.000Z,2026-02-03T07:44:00.000Z,SELL,0.01,1,1,10.00,1,3520.00
2026-02-03T07:44:00.000Z,2026-02-03T08:14:00.000Z,SELL,0.01,2,1,10.00,2,3530.00
2026-02-03T08:14:00.000Z,2026-02-03T08:35:00.000Z,SELL,0.01,2,1,10.00,2,3540.00
2026-02-03T08:35:00.000Z,2026-02-03T08:50:00.000Z,SELL,0.01,1,1,10.00,1,3550.00
2026-02-03T08:50:00.000Z,2026-02-03T09:25:00.000Z,SELL,0.01,2,1,10.00,2,3560.00
2026-02-03T09:25:00.000Z,2026-02-03T09:37:00.000Z,SELL,0.01,2,1,10.00,2,3570.00
2026-02-03T09:37:00.000Z,2026-02-03T09:45:00.000Z,SELL,0.01,1,1,10.00,1,3580.00
2026-02-03T09:45:00.000Z,2026-02-03T10:04:00.000Z,SELL,0.01,1,1,10.00,1,3590.00
2026-02-03T10:04:00.000Z,2026-02-03T10:16:00.000Z,SELL,0.01,2,1,10.00,2,3600.00
2026-02-03T10:16:00.000Z,2026-02-03T10:57:00.000Z,SELL,0.01,1,1,10.00,1,3610.00
2026-02-03T10:57:00.000Z,2026-02-03T10:59:00.000Z,SELL,0.01,1,1,10.00,1,3620.00
2026-02-03T10:59:00.000Z,2026-02-03T11:16:00.000Z,SELL,0.01,1,1,10.00,1,3630.00
2026-02-03T11:16:00.000Z,2026-02-03T11:27:00.000Z,SELL,0.01,1,1,10.00,1,3640.00
2026-02-03T11:27:00.000Z,2026-02-03T11:30:00.000Z,SELL,0.01,1,1,10.00,1,3650.00
2026-02-03T11:30:00.000Z,2026-02-03T11:40:00.000Z,SELL,0.01,2,1,10.00,2,3660.00
2026-02-03T11:40:00.000Z,2026-02-03T12:59:00.000Z,SELL,0.01,1,1,10.00,1,3670.00
2026-02-03T12:59:00.000Z,2026-02-03T13:02:00.000Z,SELL,0.01,1,1,10.00,1,3680.00
2026-02-03T13:02:00.000Z,2026-02-03T13:24:00.000Z,SELL,0.01,1,1,10.00,1,3690.00
2026-02-03T13:24:00.000Z,2026-02-03T13:33:00.000Z,SELL,0.01,2,1,10.00,2,3700.00
2026-02-03T13:33:00.000Z,2026-02-03T13:52:00.000Z,SELL,0.01,1,1,10.00,1,3710.00
2026-02-03T13:52:00.000Z,2026-02-03T14:04:00.000Z,SELL,0.01,2,1,10.00,2,3720.00
2026-02-03T14:04:00.000Z,2026-02-03T14:14:00.000Z,SELL,0.01,1,1,10.00,1,3730.00
2026-02-03T14:14:00.000Z,2026-02-03T14:18:00.000Z,SELL,0.01,1,1,10.00,1,3740.00
2026-02-03T14:18:00.000Z,2026-02-03T14:22:00.000Z,SELL,0.01,1,1,10.00,1,3750.00
2026-02-03T14:22:00.000Z,2026-02-03T14:25:00.000Z,SELL,0.01,1,1,10.00,1,3760.00
2026-02-03T14:25:00.000Z,2026-02-03T15:05:00.000Z,SELL,0.01,2,1,10.00,2,3770.00
2026-02-03T15:05:00.000Z,2026-02-03T16:16:00.000Z,SELL,0.01,3,1,10.00,3,3780.00
2026-02-03T16:16:00.000Z,2026-02-03T16:17:00.000Z,SELL,0.01,1,1,10.00,1,3790.00
2026-02-03T16:17:00.000Z,2026-02-03T17:08:00.000Z,SELL,0.01,4,1,10.00,4,3800.00
2026-02-03T17:08:00.000Z,2026-02-03T17:08:00.000Z,SELL,0.01,1,1,10.00,1,3810.00
2026-02-03T17:08:00.000Z,2026-02-03T17:24:00.000Z,SELL,0.01,3,1,10.00,3,3820.00
2026-02-03T17:24:00.000Z,2026-02-03T18:02:00.000Z,SELL,0.01,2,1,10.00,2,3830.00
2026-02-03T18:02:00.000Z,2026-02-03T18:07:00.000Z,SELL,0.01,1,1,10.00,1,3840.00
2026-02-03T18:07:00.000Z,2026-02-03T18:16:00.000Z,SELL,0.01,2,1,10.00,2,3850.00
2026-02-03T18:16:00.000Z,2026-02-03T18:16:00.000Z,SELL,0.01,1,1,10.00,1,3860.00
2026-02-03T18:16:00.000Z,2026-02-03T18:35:00.000Z,SELL,0.01,2,1,10.00,2,3870.00
2026-02-03T18:35:00.000Z,2026-02-03T18:46:00.000Z,SELL,0.01,1,1,10.00,1,3880.00
2026-02-03T18:46:00.000Z,2026-02-03T18:51:00.000Z,SELL,0.01,1,1,10.00,1,3890.00
2026-02-03T18:51:00.000Z,2026-02-03T19:00:00.000Z,SELL,0.01,1,1,10.00,1,3900.00
2026-02-03T19:00:00.000Z,2026-02-03T19:08:00.000Z,SELL,0.01,1,1,10.00,1,3910.00
2026-02-03T19:08:00.000Z,2026-02-03T19:11:00.000Z,SELL,0.01,1,1,10.00,1,3920.00
2026-02-03T19:11:00.000Z,2026-02-03T19:18:00.000Z,SELL,0.01,2,1,10.00,2,3930.00
2026-02-03T19:18:00.000Z,2026-02-03T19:27:00.000Z,SELL,0.01,1,1,10.00,1,3940.00
2026-02-03T19:27:00.000Z,2026-02-03T19:40:00.000Z,SELL,0.01,1,1,10.00,1,3950.00
2026-02-03T19:40:00.000Z,2026-02-03T19:42:00.000Z,SELL,0.01,1,1,10.00,1,3960.00
2026-02-03T19:42:00.000Z,2026-02-03T19:43:00.000Z,SELL,0.01,1,1,10.00,1,3970.00
2026-02-03T19:43:00.000Z,2026-02-03T19:46:00.000Z,SELL,0.01,1,1,10.00,1,3980.00
2026-02-03T19:46:00.000Z,2026-02-03T19:50:00.000Z,SELL,0.01,2,1,10.00,2,3990.00
2026-02-03T19:50:00.000Z,2026-02-03T19:58:00.000Z,SELL,0.01,1,1,10.00,1,4000.00
2026-02-03T19:58:00.000Z,2026-02-03T20:25:00.000Z,SELL,0.01,3,1,10.00,3,4010.00
2026-02-03T20:25:00.000Z,2026-02-03T20:29:00.000Z,SELL,0.01,1,1,10.00,1,4020.00
2026-02-03T20:29:00.000Z,2026-02-03T20:32:00.000Z,SELL,0.01,1,1,10.00,1,4030.00
2026-02-03T20:32:00.000Z,2026-02-03T20:32:00.000Z,SELL,0.01,1,1,10.00,1,4040.00
2026-02-03T20:32:00.000Z,2026-02-03T21:13:00.000Z,SELL,0.01,5,0,-2420.00,5,1620.00
2026-02-03T21:13:00.000Z,2026-02-03T21:38:00.000Z,SELL,0.01,2,1,10.00,2,1630.00
2026-02-03T21:38:00.000Z,2026-02-03T21:51:00.000Z,SELL,0.01,1,1,10.00,1,1640.00
2026-02-03T21:51:00.000Z,2026-02-03T21:54:00.000Z,SELL,0.01,1,1,10.00,1,1650.00
2026-02-03T21:54:00.000Z,2026-02-03T22:04:00.000Z,SELL,0.01,1,1,10.00,1,1660.00
2026-02-03T22:04:00.000Z,2026-02-03T22:27:00.000Z,SELL,0.01,2,1,10.00,2,1670.00
2026-02-03T22:27:00.000Z,2026-02-04T01:02:00.000Z,SELL,0.01,4,1,10.00,4,1680.00
2026-02-04T01:02:00.000Z,2026-02-04T01:04:00.000Z,SELL,0.01,1,1,10.00,1,1690.00
2026-02-04T01:04:00.000Z,2026-02-04T01:06:00.000Z,SELL,0.01,1,1,10.00,1,1700.00
2026-02-04T01:06:00.000Z,2026-02-04T01:07:00.000Z,SELL,0.01,1,1,10.00,1,1710.00
2026-02-04T01:07:00.000Z,2026-02-04T01:07:00.000Z,SELL,0.01,1,1,10.00,1,1720.00
2026-02-04T01:07:00.000Z,2026-02-04T01:07:00.000Z,SELL,0.01,1,1,10.00,1,1730.00
2026-02-04T01:07:00.000Z,2026-02-04T01:07:00.000Z,SELL,0.01,2,1,10.00,2,1740.00
2026-02-04T01:07:00.000Z,2026-02-04T01:07:00.000Z,SELL,0.01,1,1,10.00,1,1750.00
2026-02-04T01:07:00.000Z,2026-02-04T01:07:00.000Z,SELL,0.01,1,1,10.00,1,1760.00
2026-02-04T01:07:00.000Z,2026-02-04T01:07:00.000Z,SELL,0.01,1,1,10.00,1,1770.00
2026-02-04T01:07:00.000Z,2026-02-04T01:40:00.000Z,SELL,0.01,2,1,10.00,2,1780.00
2026-02-04T01:40:00.000Z,2026-02-04T02:13:00.000Z,SELL,0.01,2,1,10.00,2,1790.00
2026-02-04T02:13:00.000Z,2026-02-04T02:55:00.000Z,SELL,0.01,4,1,10.00,4,1800.00
2026-02-04T02:55:00.000Z,2026-02-04T03:00:00.000Z,SELL,0.01,1,1,10.00,1,1810.00
2026-02-04T03:00:00.000Z,2026-02-04T03:06:00.000Z,SELL,0.01,2,1,10.00,2,1820.00
2026-02-04T03:06:00.000Z,2026-02-04T03:06:00.000Z,SELL,0.01,1,1,10.00,1,1830.00
2026-02-04T03:06:00.000Z,2026-02-04T03:10:00.000Z,SELL,0.01,2,1,10.00,2,1840.00
2026-02-04T03:10:00.000Z,2026-02-04T03:10:00.000Z,SELL,0.01,1,1,10.00,1,1850.00
2026-02-04T03:10:00.000Z,2026-02-04T03:34:00.000Z,SELL,0.01,1,1,10.00,1,1860.00
2026-02-04T03:34:00.000Z,2026-02-04T03:38:00.000Z,SELL,0.01,1,1,10.00,1,1870.00
2026-02-04T03:38:00.000Z,2026-02-04T03:49:00.000Z,SELL,0.01,2,1,10.00,2,1880.00
2026-02-04T03:49:00.000Z,2026-02-04T06:46:00.000Z,SELL,0.01,4,1,10.00,4,1890.00
2026-02-04T06:46:00.000Z,2026-02-04T08:07:00.000Z,SELL,0.01,1,1,10.00,1,1900.00
2026-02-04T08:07:00.000Z,2026-02-04T08:15:00.000Z,SELL,0.01,1,1,10.00,1,1910.00
2026-02-04T08:15:00.000Z,2026-02-04T09:26:00.000Z,SELL,0.01,2,1,10.00,2,1920.00
2026-02-04T09:26:00.000Z,2026-02-04T09:35:00.000Z,SELL,0.01,1,1,10.00,1,1930.00
2026-02-04T09:35:00.000Z,2026-02-04T11:15:00.000Z,SELL,0.01,1,1,10.00,1,1940.00
2026-02-04T11:15:00.000Z,2026-02-04T11:31:00.000Z,SELL,0.01,1,1,10.00,1,1950.00
2026-02-04T11:31:00.000Z,2026-02-04T12:24:00.000Z,SELL,0.01,1,1,10.00,1,1960.00
2026-02-04T12:24:00.000Z,2026-02-04T13:16:00.000Z,SELL,0.01,1,1,10.00,1,1970.00
2026-02-04T13:16:00.000Z,2026-02-04T13:17:00.000Z,SELL,0.01,1,1,10.00,1,1980.00
2026-02-04T13:17:00.000Z,2026-02-04T14:01:00.000Z,SELL,0.01,2,1,10.00,2,1990.00
2026-02-04T14:01:00.000Z,2026-02-04T14:09:00.000Z,SELL,0.01,1,1,10.00,1,2000.00
2026-02-04T14:09:00.000Z,2026-02-04T15:00:00.000Z,SELL,0.01,3,1,10.00,3,2010.00
2026-02-04T15:00:00.000Z,2026-02-04T15:54:00.000Z,SELL,0.01,2,1,10.00,2,2020.00
2026-02-04T15:54:00.000Z,2026-02-04T16:01:00.000Z,SELL,0.01,1,1,10.00,1,2030.00
2026-02-04T16:01:00.000Z,2026-02-04T16:08:00.000Z,SELL,0.01,1,1,10.00,1,2040.00
2026-02-04T16:08:00.000Z,2026-02-04T16:27:00.000Z,SELL,0.01,1,1,10.00,1,2050.00
2026-02-04T16:27:00.000Z,2026-02-04T16:32:00.000Z,SELL,0.01,1,1,10.00,1,2060.00
2026-02-04T16:32:00.000Z,2026-02-04T16:32:00.000Z,SELL,0.01,1,1,10.00,1,2070.00
2026-02-04T16:32:00.000Z,2026-02-04T16:37:00.000Z,SELL,0.01,1,1,10.00,1,2080.00
2026-02-04T16:37:00.000Z,2026-02-04T16:38:00.000Z,SELL,0.01,1,1,10.00,1,2090.00
2026-02-04T16:38:00.000Z,2026-02-04T16:38:00.000Z,SELL,0.01,1,1,10.00,1,2100.00
2026-02-04T16:38:00.000Z,2026-02-04T16:39:00.000Z,SELL,0.01,1,1,10.00,1,2110.00
2026-02-04T16:39:00.000Z,2026-02-04T16:49:00.000Z,SELL,0.01,2,1,10.00,2,2120.00
2026-02-04T16:49:00.000Z,2026-02-04T16:49:00.000Z,SELL,0.01,1,1,10.00,1,2130.00
2026-02-04T16:49:00.000Z,2026-02-04T16:59:00.000Z,SELL,0.01,3,1,10.00,3,2140.00
2026-02-04T16:59:00.000Z,2026-02-04T17:22:00.000Z,SELL,0.01,3,1,10.00,3,2150.00
2026-02-04T17:22:00.000Z,2026-02-04T17:22:00.000Z,SELL,0.01,1,1,10.00,1,2160.00
2026-02-04T17:22:00.000Z,2026-02-04T17:31:00.000Z,SELL,0.01,3,1,10.00,3,2170.00
2026-02-04T17:31:00.000Z,2026-02-04T17:31:00.000Z,SELL,0.01,1,1,10.00,1,2180.00
2026-02-04T17:31:00.000Z,2026-02-04T17:32:00.000Z,SELL,0.01,1,1,10.00,1,2190.00
2026-02-04T17:32:00.000Z,2026-02-04T17:34:00.000Z,SELL,0.01,1,1,10.00,1,2200.00
2026-02-04T17:34:00.000Z,2026-02-04T17:36:00.000Z,SELL,0.01,1,1,10.00,1,2210.00
2026-02-04T17:36:00.000Z,2026-02-04T17:36:00.000Z,SELL,0.01,1,1,10.00,1,2220.00
2026-02-04T17:36:00.000Z,2026-02-04T17:40:00.000Z,SELL,0.01,2,1,10.00,2,2230.00
2026-02-04T17:40:00.000Z,2026-02-04T17:40:00.000Z,SELL,0.01,1,1,10.00,1,2240.00
2026-02-04T17:40:00.000Z,2026-02-04T17:40:00.000Z,SELL,0.01,1,1,10.00,1,2250.00
2026-02-04T17:40:00.000Z,2026-02-04T17:42:00.000Z,SELL,0.01,2,1,10.00,2,2260.00
2026-02-04T17:42:00.000Z,2026-02-04T17:57:00.000Z,SELL,0.01,1,1,10.00,1,2270.00
2026-02-04T17:57:00.000Z,2026-02-04T17:59:00.000Z,SELL,0.01,1,1,10.00,1,2280.00
2026-02-04T17:59:00.000Z,2026-02-04T18:02:00.000Z,SELL,0.01,1,1,10.00,1,2290.00
2026-02-04T18:02:00.000Z,2026-02-04T18:03:00.000Z,SELL,0.01,1,1,10.00,1,2300.00
2026-02-04T18:03:00.000Z,2026-02-04T18:11:00.000Z,SELL,0.01,2,1,10.00,2,2310.00
2026-02-04T18:11:00.000Z,2026-02-04T18:19:00.000Z,SELL,0.01,1,1,10.00,1,2320.00
2026-02-04T18:19:00.000Z,2026-02-04T18:21:00.000Z,SELL,0.01,1,1,10.00,1,2330.00
2026-02-04T18:21:00.000Z,2026-02-04T18:21:00.000Z,SELL,0.01,1,1,10.00,1,2340.00
2026-02-04T18:21:00.000Z,2026-02-04T18:29:00.000Z,SELL,0.01,2,1,10.00,2,2350.00
2026-02-04T18:29:00.000Z,2026-02-04T18:31:00.000Z,SELL,0.01,1,1,10.00,1,2360.00
2026-02-04T18:31:00.000Z,2026-02-04T18:40:00.000Z,SELL,0.01,1,1,10.00,1,2370.00
2026-02-04T18:40:00.000Z,2026-02-04T18:45:00.000Z,SELL,0.01,1,1,10.00,1,2380.00
2026-02-04T18:45:00.000Z,2026-02-04T18:46:00.000Z,SELL,0.01,1,1,10.00,1,2390.00
2026-02-04T18:46:00.000Z,2026-02-04T18:48:00.000Z,SELL,0.01,1,1,10.00,1,2400.00
2026-02-04T18:48:00.000Z,2026-02-04T18:48:00.000Z,SELL,0.01,1,1,10.00,1,2410.00
2026-02-04T18:48:00.000Z,2026-02-04T18:51:00.000Z,SELL,0.01,4,1,10.00,4,2420.00
2026-02-04T18:51:00.000Z,2026-02-04T18:52:00.000Z,SELL,0.01,1,1,10.00,1,2430.00
2026-02-04T18:52:00.000Z,2026-02-04T19:04:00.000Z,SELL,0.01,2,1,10.00,2,2440.00
2026-02-04T19:04:00.000Z,2026-02-04T19:15:00.000Z,BUY,0.01,1,1,10.00,1,2450.00
2026-02-04T19:15:00.000Z,2026-02-04T19:26:00.000Z,BUY,0.01,2,1,10.00,2,2460.00
2026-02-04T19:26:00.000Z,2026-02-04T19:28:00.000Z,BUY,0.01,1,1,10.00,1,2470.00
2026-02-04T19:28:00.000Z,2026-02-04T19:28:00.000Z,BUY,0.01,1,1,10.00,1,2480.00
2026-02-04T19:28:00.000Z,2026-02-04T19:30:00.000Z,BUY,0.01,1,1,10.00,1,2490.00
2026-02-04T19:30:00.000Z,2026-02-04T20:00:00.000Z,BUY,0.01,2,1,10.00,2,2500.00
2026-02-04T20:00:00.000Z,2026-02-04T20:06:00.000Z,BUY,0.01,5,1,10.00,5,2510.00
2026-02-04T20:06:00.000Z,2026-02-04T20:07:00.000Z,BUY,0.01,1,1,10.00,1,2520.00
2026-02-04T20:07:00.000Z,2026-02-04T20:25:00.000Z,BUY,0.01,1,1,10.00,1,2530.00
2026-02-04T20:25:00.000Z,2026-02-04T21:08:00.000Z,BUY,0.01,3,1,10.00,3,2540.00
2026-02-04T21:08:00.000Z,2026-02-04T21:13:00.000Z,BUY,0.01,1,1,10.00,1,2550.00
2026-02-04T21:13:00.000Z,2026-02-04T21:53:00.000Z,BUY,0.01,3,1,10.00,3,2560.00
2026-02-04T21:53:00.000Z,2026-02-04T22:11:00.000Z,BUY,0.01,2,1,10.00,2,2570.00
2026-02-04T22:11:00.000Z,2026-02-04T22:11:00.000Z,BUY,0.01,1,1,10.00,1,2580.00
2026-02-04T22:11:00.000Z,2026-02-04T22:39:00.000Z,BUY,0.01,3,1,10.00,3,2590.00
2026-02-04T22:39:00.000Z,2026-02-04T23:15:00.000Z,BUY,0.01,1,1,10.00,1,2600.00
2026-02-04T23:15:00.000Z,2026-02-04T23:36:00.000Z,BUY,0.01,1,1,10.00,1,2610.00
2026-02-04T23:36:00.000Z,2026-02-05T01:00:00.000Z,BUY,0.01,1,1,10.00,1,2620.00
2026-02-05T01:00:00.000Z,2026-02-05T01:01:00.000Z,BUY,0.01,1,1,10.00,1,2630.00
2026-02-05T01:01:00.000Z,2026-02-05T01:05:00.000Z,BUY,0.01,1,1,10.00,1,2640.00
2026-02-05T01:05:00.000Z,2026-02-05T01:14:00.000Z,BUY,0.01,1,1,10.00,1,2650.00
2026-02-05T01:14:00.000Z,2026-02-05T01:28:00.000Z,BUY,0.01,1,1,10.00,1,2660.00
2026-02-05T01:28:00.000Z,2026-02-05T03:12:00.000Z,BUY,0.01,4,1,10.00,4,2670.00
2026-02-05T03:12:00.000Z,2026-02-05T03:15:00.000Z,BUY,0.01,2,1,10.00,2,2680.00
2026-02-05T03:15:00.000Z,2026-02-05T03:15:00.000Z,BUY,0.01,1,1,10.00,1,2690.00
2026-02-05T03:15:00.000Z,2026-02-05T03:25:00.000Z,BUY,0.01,2,1,10.00,2,2700.00
2026-02-05T03:25:00.000Z,2026-02-05T03:25:00.000Z,BUY,0.01,1,1,10.00,1,2710.00
2026-02-05T03:25:00.000Z,2026-02-05T03:30:00.000Z,BUY,0.01,1,1,10.00,1,2720.00
2026-02-05T03:30:00.000Z,2026-02-05T03:32:00.000Z,BUY,0.01,1,1,10.00,1,2730.00
2026-02-05T03:32:00.000Z,2026-02-05T03:36:00.000Z,BUY,0.01,1,1,10.00,1,2740.00
2026-02-05T03:36:00.000Z,2026-02-05T04:01:00.000Z,BUY,0.01,2,1,10.00,2,2750.00
2026-02-05T04:01:00.000Z,2026-02-05T04:14:00.000Z,BUY,0.01,2,1,10.00,2,2760.00
2026-02-05T04:14:00.000Z,2026-02-05T04:23:00.000Z,BUY,0.01,5,1,10.00,5,2770.00
2026-02-05T04:23:00.000Z,2026-02-05T04:26:00.000Z,BUY,0.01,1,1,10.00,1,2780.00
2026-02-05T04:26:00.000Z,2026-02-05T04:39:00.000Z,BUY,0.01,4,1,10.00,4,2790.00
2026-02-05T04:39:00.000Z,2026-02-05T04:45:00.000Z,BUY,0.01,2,1,10.00,2,2800.00
2026-02-05T04:45:00.000Z,2026-02-05T04:45:00.000Z,BUY,0.01,1,1,10.00,1,2810.00
2026-02-05T04:45:00.000Z,2026-02-05T04:47:00.000Z,BUY,0.01,2,1,10.00,2,2820.00
2026-02-05T04:47:00.000Z,2026-02-05T04:47:00.000Z,BUY,0.01,3,1,10.00,3,2830.00
2026-02-05T04:47:00.000Z,2026-02-05T04:48:00.000Z,BUY,0.01,2,1,10.00,2,2840.00
2026-02-05T04:48:00.000Z,2026-02-05T04:48:00.000Z,BUY,0.01,1,1,10.00,1,2850.00
2026-02-05T04:48:00.000Z,2026-02-05T04:48:00.000Z,BUY,0.01,1,1,10.00,1,2860.00
2026-02-05T04:48:00.000Z,2026-02-05T04:51:00.000Z,BUY,0.01,2,1,10.00,2,2870.00
2026-02-05T04:51:00.000Z,2026-02-05T04:51:00.000Z,BUY,0.01,1,1,10.00,1,2880.00
2026-02-05T04:51:00.000Z,2026-02-05T04:52:00.000Z,BUY,0.01,2,1,10.00,2,2890.00
2026-02-05T04:52:00.000Z,2026-02-05T04:53:00.000Z,BUY,0.01,1,1,10.00,1,2900.00
2026-02-05T04:53:00.000Z,2026-02-05T04:53:00.000Z,BUY,0.01,1,1,10.00,1,2910.00
2026-02-05T04:53:00.000Z,2026-02-05T04:53:00.000Z,BUY,0.01,1,1,10.00,1,2920.00
2026-02-05T04:53:00.000Z,2026-02-05T04:56:00.000Z,BUY,0.01,3,1,10.00,3,2930.00
2026-02-05T04:56:00.000Z,2026-02-05T04:59:00.000Z,BUY,0.01,2,1,10.00,2,2940.00
2026-02-05T04:59:00.000Z,2026-02-05T05:00:00.000Z,BUY,0.01,2,1,10.00,2,2950.00
2026-02-05T05:00:00.000Z,2026-02-05T05:00:00.000Z,BUY,0.01,1,1,10.00,1,2960.00
2026-02-05T05:00:00.000Z,2026-02-05T05:01:00.000Z,BUY,0.01,1,1,10.00,1,2970.00
2026-02-05T05:01:00.000Z,2026-02-05T05:03:00.000Z,BUY,0.01,1,1,10.00,1,2980.00
2026-02-05T05:03:00.000Z,2026-02-05T05:03:00.000Z,BUY,0.01,1,1,10.00,1,2990.00
2026-02-05T05:03:00.000Z,2026-02-05T05:04:00.000Z,BUY,0.01,1,1,10.00,1,3000.00
2026-02-05T05:04:00.000Z,2026-02-05T05:10:00.000Z,BUY,0.01,1,1,10.00,1,3010.00
2026-02-05T05:10:00.000Z,2026-02-05T05:20:00.000Z,BUY,0.01,3,1,10.00,3,3020.00
2026-02-05T05:20:00.000Z,2026-02-05T05:21:00.000Z,BUY,0.01,1,1,10.00,1,3030.00
2026-02-05T05:21:00.000Z,2026-02-05T05:21:00.000Z,BUY,0.01,1,1,10.00,1,3040.00
2026-02-05T05:21:00.000Z,2026-02-05T05:30:00.000Z,BUY,0.01,2,1,10.00,2,3050.00
2026-02-05T05:30:00.000Z,2026-02-05T05:32:00.000Z,BUY,0.01,1,1,10.00,1,3060.00
2026-02-05T05:32:00.000Z,2026-02-05T05:42:00.000Z,BUY,0.01,3,1,10.00,3,3070.00
2026-02-05T05:42:00.000Z,2026-02-05T05:56:00.000Z,BUY,0.01,3,1,10.00,3,3080.00
2026-02-05T05:56:00.000Z,2026-02-05T07:13:00.000Z,BUY,0.01,4,1,10.00,4,3090.00
2026-02-05T07:13:00.000Z,2026-02-05T07:28:00.000Z,BUY,0.01,1,1,10.00,1,3100.00
2026-02-05T07:28:00.000Z,2026-02-05T07:32:00.000Z,BUY,0.01,2,1,10.00,2,3110.00
2026-02-05T07:32:00.000Z,2026-02-05T07:32:00.000Z,BUY,0.01,1,1,10.00,1,3120.00
2026-02-05T07:32:00.000Z,2026-02-05T07:38:00.000Z,BUY,0.01,1,1,10.00,1,3130.00
2026-02-05T07:38:00.000Z,2026-02-05T07:41:00.000Z,BUY,0.01,1,1,10.00,1,3140.00
2026-02-05T07:41:00.000Z,2026-02-05T07:42:00.000Z,BUY,0.01,1,1,10.00,1,3150.00
2026-02-05T07:42:00.000Z,2026-02-05T07:43:00.000Z,BUY,0.01,1,1,10.00,1,3160.00
2026-02-05T07:43:00.000Z,2026-02-05T07:45:00.000Z,BUY,0.01,1,1,10.00,1,3170.00
2026-02-05T07:45:00.000Z,2026-02-05T08:08:00.000Z,BUY,0.01,1,1,10.00,1,3180.00
2026-02-05T08:08:00.000Z,2026-02-05T08:09:00.000Z,BUY,0.01,1,1,10.00,1,3190.00
2026-02-05T08:09:00.000Z,2026-02-05T08:28:00.000Z,BUY,0.01,1,1,10.00,1,3200.00
2026-02-05T08:28:00.000Z,2026-02-05T09:26:00.000Z,BUY,0.01,3,1,10.00,3,3210.00
2026-02-05T09:26:00.000Z,2026-02-05T09:38:00.000Z,BUY,0.01,2,1,10.00,2,3220.00
2026-02-05T09:38:00.000Z,2026-02-05T09:51:00.000Z,BUY,0.01,1,1,10.00,1,3230.00
2026-02-05T09:51:00.000Z,2026-02-05T10:03:00.000Z,BUY,0.01,1,1,10.00,1,3240.00
2026-02-05T10:03:00.000Z,2026-02-05T10:12:00.000Z,BUY,0.01,1,1,10.00,1,3250.00
2026-02-05T10:12:00.000Z,2026-02-05T10:50:00.000Z,BUY,0.01,2,1,10.00,2,3260.00
2026-02-05T10:50:00.000Z,2026-02-05T10:58:00.000Z,BUY,0.01,1,1,10.00,1,3270.00
2026-02-05T10:58:00.000Z,2026-02-05T11:03:00.000Z,BUY,0.01,2,1,10.00,2,3280.00
2026-02-05T11:03:00.000Z,2026-02-05T11:03:00.000Z,BUY,0.01,1,1,10.00,1,3290.00
2026-02-05T11:03:00.000Z,2026-02-05T11:11:00.000Z,BUY,0.01,2,1,10.00,2,3300.00
2026-02-05T11:11:00.000Z,2026-02-05T11:11:00.000Z,BUY,0.01,1,1,10.00,1,3310.00
2026-02-05T11:11:00.000Z,2026-02-05T11:39:00.000Z,BUY,0.01,3,1,10.00,3,3320.00
2026-02-05T11:39:00.000Z,2026-02-05T11:55:00.000Z,BUY,0.01,2,1,10.00,2,3330.00
2026-02-05T11:55:00.000Z,2026-02-05T11:55:00.000Z,BUY,0.01,1,1,10.00,1,3340.00
2026-02-05T11:55:00.000Z,2026-02-05T12:46:00.000Z,BUY,0.01,5,1,10.00,5,3350.00
2026-02-05T12:46:00.000Z,2026-02-05T13:15:00.000Z,BUY,0.01,1,1,10.00,1,3360.00
2026-02-05T13:15:00.000Z,2026-02-05T14:05:00.000Z,BUY,0.01,2,1,10.00,2,3370.00
2026-02-05T14:05:00.000Z,2026-02-05T14:19:00.000Z,BUY,0.01,2,1,10.00,2,3380.00
2026-02-05T14:19:00.000Z,2026-02-05T14:27:00.000Z,BUY,0.01,1,1,10.00,1,3390.00
2026-02-05T14:27:00.000Z,2026-02-05T14:30:00.000Z,BUY,0.01,1,1,10.00,1,3400.00
2026-02-05T14:30:00.000Z,2026-02-05T14:35:00.000Z,BUY,0.01,1,1,10.00,1,3410.00
2026-02-05T14:35:00.000Z,2026-02-05T15:00:00.000Z,BUY,0.01,2,1,10.00,2,3420.00
2026-02-05T15:00:00.000Z,2026-02-05T15:00:00.000Z,BUY,0.01,1,1,10.00,1,3430.00
2026-02-05T15:00:00.000Z,2026-02-05T15:00:00.000Z,BUY,0.01,1,1,10.00,1,3440.00
2026-02-05T15:00:00.000Z,2026-02-05T15:01:00.000Z,BUY,0.01,2,1,10.00,2,3450.00
2026-02-05T15:01:00.000Z,2026-02-05T15:01:00.000Z,BUY,0.01,1,1,10.00,1,3460.00
2026-02-05T15:01:00.000Z,2026-02-05T15:01:00.000Z,BUY,0.01,1,1,10.00,1,3470.00
2026-02-05T15:01:00.000Z,2026-02-05T15:06:00.000Z,BUY,0.01,2,1,10.00,2,3480.00
2026-02-05T15:06:00.000Z,2026-02-05T15:07:00.000Z,BUY,0.01,1,1,10.00,1,3490.00
2026-02-05T15:07:00.000Z,2026-02-05T15:11:00.000Z,BUY,0.01,1,1,10.00,1,3500.00
2026-02-05T15:11:00.000Z,2026-02-05T15:16:00.000Z,BUY,0.01,1,1,10.00,1,3510.00
2026-02-05T15:16:00.000Z,2026-02-05T15:22:00.000Z,BUY,0.01,1,1,10.00,1,3520.00
2026-02-05T15:22:00.000Z,2026-02-05T15:27:00.000Z,BUY,0.01,1,1,10.00,1,3530.00
2026-02-05T15:27:00.000Z,2026-02-05T15:43:00.000Z,BUY,0.01,4,1,10.00,4,3540.00
2026-02-05T15:43:00.000Z,2026-02-05T15:54:00.000Z,BUY,0.01,1,1,10.00,1,3550.00
2026-02-05T15:54:00.000Z,2026-02-05T16:14:00.000Z,BUY,0.01,4,1,10.00,4,3560.00
2026-02-05T16:14:00.000Z,2026-02-05T16:14:00.000Z,BUY,0.01,1,1,10.00,1,3570.00
2026-02-05T16:14:00.000Z,2026-02-05T16:25:00.000Z,BUY,0.01,1,1,10.00,1,3580.00
2026-02-05T16:25:00.000Z,2026-02-05T16:39:00.000Z,BUY,0.01,5,1,10.00,5,3590.00
2026-02-05T16:39:00.000Z,2026-02-05T16:39:00.000Z,BUY,0.01,1,1,10.00,1,3600.00
2026-02-05T16:39:00.000Z,2026-02-05T16:40:00.000Z,BUY,0.01,1,1,10.00,1,3610.00
2026-02-05T16:40:00.000Z,2026-02-05T17:01:00.000Z,BUY,0.01,5,0,-2420.00,5,1190.00
2026-02-05T17:01:00.000Z,2026-02-05T17:09:00.000Z,BUY,0.01,5,1,10.00,5,1200.00
2026-02-05T17:09:00.000Z,2026-02-05T17:15:00.000Z,BUY,0.01,2,1,10.00,2,1210.00
2026-02-05T17:15:00.000Z,2026-02-05T17:16:00.000Z,BUY,0.01,1,1,10.00,1,1220.00
2026-02-05T17:16:00.000Z,2026-02-05T17:18:00.000Z,BUY,0.01,1,1,10.00,1,1230.00
2026-02-05T17:18:00.000Z,2026-02-05T17:28:00.000Z,BUY,0.01,2,1,10.00,2,1240.00
2026-02-05T17:28:00.000Z,2026-02-05T17:37:00.000Z,BUY,0.01,1,1,10.00,1,1250.00
2026-02-05T17:37:00.000Z,2026-02-05T17:39:00.000Z,BUY,0.01,1,1,10.00,1,1260.00
2026-02-05T17:39:00.000Z,2026-02-05T17:46:00.000Z,BUY,0.01,2,1,10.00,2,1270.00
2026-02-05T17:46:00.000Z,2026-02-05T17:50:00.000Z,BUY,0.01,1,1,10.00,1,1280.00
2026-02-05T17:50:00.000Z,2026-02-05T18:01:00.000Z,BUY,0.01,1,1,10.00,1,1290.00
2026-02-05T18:01:00.000Z,2026-02-05T18:07:00.000Z,BUY,0.01,1,1,10.00,1,1300.00
2026-02-05T18:07:00.000Z,2026-02-05T18:22:00.000Z,BUY,0.01,1,1,10.00,1,1310.00
2026-02-05T18:22:00.000Z,2026-02-05T18:28:00.000Z,BUY,0.01,1,1,10.00,1,1320.00
2026-02-05T18:28:00.000Z,2026-02-05T18:43:00.000Z,BUY,0.01,1,1,10.00,1,1330.00
2026-02-05T18:43:00.000Z,2026-02-05T18:44:00.000Z,BUY,0.01,1,1,10.00,1,1340.00
2026-02-05T18:44:00.000Z,2026-02-05T18:50:00.000Z,BUY,0.01,1,1,10.00,1,1350.00
2026-02-05T18:50:00.000Z,2026-02-05T18:50:00.000Z,BUY,0.01,1,1,10.00,1,1360.00
2026-02-05T18:50:00.000Z,2026-02-05T19:12:00.000Z,BUY,0.01,2,1,10.00,2,1370.00
2026-02-05T19:12:00.000Z,2026-02-05T19:17:00.000Z,BUY,0.01,1,1,10.00,1,1380.00
2026-02-05T19:17:00.000Z,2026-02-05T21:05:00.000Z,BUY,0.01,2,1,10.00,2,1390.00
2026-02-05T21:05:00.000Z,2026-02-05T21:06:00.000Z,BUY,0.01,1,1,10.00,1,1400.00
2026-02-05T21:06:00.000Z,2026-02-05T21:53:00.000Z,BUY,0.01,2,1,10.00,2,1410.00
2026-02-05T21:53:00.000Z,2026-02-05T22:10:00.000Z,BUY,0.01,1,1,10.00,1,1420.00
2026-02-05T22:10:00.000Z,2026-02-05T22:39:00.000Z,BUY,0.01,2,1,10.00,2,1430.00
2026-02-05T22:39:00.000Z,2026-02-05T23:02:00.000Z,BUY,0.01,1,1,10.00,1,1440.00
2026-02-05T23:02:00.000Z,2026-02-05T23:33:00.000Z,BUY,0.01,2,1,10.00,2,1450.00
2026-02-05T23:33:00.000Z,2026-02-06T01:24:00.000Z,BUY,0.01,4,1,10.00,4,1460.00
2026-02-06T01:24:00.000Z,2026-02-06T01:46:00.000Z,BUY,0.01,2,1,10.00,2,1470.00
2026-02-06T01:46:00.000Z,2026-02-06T01:46:00.000Z,BUY,0.01,1,1,10.00,1,1480.00
2026-02-06T01:46:00.000Z,2026-02-06T01:52:00.000Z,BUY,0.01,2,1,10.00,2,1490.00
2026-02-06T01:52:00.000Z,2026-02-06T01:55:00.000Z,BUY,0.01,1,1,10.00,1,1500.00
2026-02-06T01:55:00.000Z,2026-02-06T02:04:00.000Z,BUY,0.01,2,1,10.00,2,1510.00
2026-02-06T02:04:00.000Z,2026-02-06T02:08:00.000Z,BUY,0.01,1,1,10.00,1,1520.00
2026-02-06T02:08:00.000Z,2026-02-06T02:16:00.000Z,BUY,0.01,2,1,10.00,2,1530.00
2026-02-06T02:16:00.000Z,2026-02-06T02:20:00.000Z,BUY,0.01,1,1,10.00,1,1540.00
2026-02-06T02:20:00.000Z,2026-02-06T02:24:00.000Z,BUY,0.01,1,1,10.00,1,1550.00
2026-02-06T02:24:00.000Z,2026-02-06T02:24:00.000Z,BUY,0.01,1,1,10.00,1,1560.00
2026-02-06T02:24:00.000Z,2026-02-06T02:26:00.000Z,BUY,0.01,1,1,10.00,1,1570.00
2026-02-06T02:26:00.000Z,2026-02-06T02:27:00.000Z,BUY,0.01,1,1,10.00,1,1580.00
2026-02-06T02:27:00.000Z,2026-02-06T02:30:00.000Z,BUY,0.01,1,1,10.00,1,1590.00
2026-02-06T02:30:00.000Z,2026-02-06T02:35:00.000Z,BUY,0.01,3,1,10.00,3,1600.00
2026-02-06T02:35:00.000Z,2026-02-06T02:38:00.000Z,BUY,0.01,1,1,10.00,1,1610.00
2026-02-06T02:38:00.000Z,2026-02-06T02:58:00.000Z,BUY,0.01,3,1,10.00,3,1620.00
2026-02-06T02:58:00.000Z,2026-02-06T03:01:00.000Z,BUY,0.01,2,1,10.00,2,1630.00
2026-02-06T03:01:00.000Z,2026-02-06T03:01:00.000Z,BUY,0.01,1,1,10.00,1,1640.00
2026-02-06T03:01:00.000Z,2026-02-06T03:02:00.000Z,BUY,0.01,2,1,10.00,2,1650.00
2026-02-06T03:02:00.000Z,2026-02-06T03:03:00.000Z,BUY,0.01,1,1,10.00,1,1660.00
2026-02-06T03:03:00.000Z,2026-02-06T03:03:00.000Z,BUY,0.01,1,1,10.00,1,1670.00
2026-02-06T03:03:00.000Z,2026-02-06T03:03:00.000Z,BUY,0.01,2,1,10.00,2,1680.00
2026-02-06T03:03:00.000Z,2026-02-06T03:03:00.000Z,BUY,0.01,1,1,10.00,1,1690.00
2026-02-06T03:03:00.000Z,2026-02-06T03:03:00.000Z,BUY,0.01,1,1,10.00,1,1700.00
2026-02-06T03:03:00.000Z,2026-02-06T03:03:00.000Z,BUY,0.01,1,1,10.00,1,1710.00
2026-02-06T03:03:00.000Z,2026-02-06T03:04:00.000Z,BUY,0.01,1,1,10.00,1,1720.00
2026-02-06T03:04:00.000Z,2026-02-06T03:06:00.000Z,BUY,0.01,1,1,10.00,1,1730.00
2026-02-06T03:06:00.000Z,2026-02-06T03:17:00.000Z,BUY,0.01,5,0,-2420.00,5,-690.00
2026-02-06T03:17:00.000Z,2026-02-06T03:17:00.000Z,BUY,0.01,1,1,10.00,1,-680.00
2026-02-06T03:17:00.000Z,2026-02-06T03:19:00.000Z,BUY,0.01,2,1,10.00,2,-670.00
2026-02-06T03:19:00.000Z,2026-02-06T03:20:00.000Z,BUY,0.01,1,1,10.00,1,-660.00
2026-02-06T03:20:00.000Z,2026-02-06T03:33:00.000Z,BUY,0.01,1,1,10.00,1,-650.00
2026-02-06T03:33:00.000Z,2026-02-06T03:34:00.000Z,BUY,0.01,1,1,10.00,1,-640.00
2026-02-06T03:34:00.000Z,2026-02-06T03:49:00.000Z,BUY,0.01,1,1,10.00,1,-630.00
2026-02-06T03:49:00.000Z,2026-02-06T03:54:00.000Z,BUY,0.01,1,1,10.00,1,-620.00
2026-02-06T03:54:00.000Z,2026-02-06T03:55:00.000Z,BUY,0.01,1,1,10.00,1,-610.00
2026-02-06T03:55:00.000Z,2026-02-06T04:07:00.000Z,BUY,0.01,1,1,10.00,1,-600.00
2026-02-06T04:07:00.000Z,2026-02-06T04:12:00.000Z,BUY,0.01,1,1,10.00,1,-590.00
2026-02-06T04:12:00.000Z,2026-02-06T04:28:00.000Z,BUY,0.01,1,1,10.00,1,-580.00
2026-02-06T04:28:00.000Z,2026-02-06T04:28:00.000Z,BUY,0.01,1,1,10.00,1,-570.00
2026-02-06T04:28:00.000Z,2026-02-06T04:30:00.000Z,BUY,0.01,1,1,10.00,1,-560.00
2026-02-06T04:30:00.000Z,2026-02-06T04:34:00.000Z,BUY,0.01,1,1,10.00,1,-550.00
2026-02-06T04:34:00.000Z,2026-02-06T05:23:00.000Z,BUY,0.01,4,1,10.00,4,-540.00
2026-02-06T05:23:00.000Z,2026-02-06T05:23:00.000Z,BUY,0.01,1,1,10.00,1,-530.00
2026-02-06T05:23:00.000Z,2026-02-06T05:52:00.000Z,BUY,0.01,1,1,10.00,1,-520.00
2026-02-06T05:52:00.000Z,2026-02-06T07:25:00.000Z,BUY,0.01,3,1,10.00,3,-510.00
2026-02-06T07:25:00.000Z,2026-02-06T07:25:00.000Z,BUY,0.01,1,1,10.00,1,-500.00
2026-02-06T07:25:00.000Z,2026-02-06T07:38:00.000Z,BUY,0.01,1,1,10.00,1,-490.00
2026-02-06T07:38:00.000Z,2026-02-06T07:40:00.000Z,BUY,0.01,1,1,10.00,1,-480.00
2026-02-06T07:40:00.000Z,2026-02-06T07:50:00.000Z,BUY,0.01,1,1,10.00,1,-470.00
2026-02-06T07:50:00.000Z,2026-02-06T07:55:00.000Z,BUY,0.01,1,1,10.00,1,-460.00
2026-02-06T07:55:00.000Z,2026-02-06T08:00:00.000Z,BUY,0.01,1,1,10.00,1,-450.00
2026-02-06T08:00:00.000Z,2026-02-06T08:11:00.000Z,BUY,0.01,2,1,10.00,2,-440.00
2026-02-06T08:11:00.000Z,2026-02-06T08:38:00.000Z,BUY,0.01,2,1,10.00,2,-430.00
2026-02-06T08:38:00.000Z,2026-02-06T08:47:00.000Z,BUY,0.01,1,1,10.00,1,-420.00
2026-02-06T08:47:00.000Z,2026-02-06T09:25:00.000Z,BUY,0.01,3,1,10.00,3,-410.00
2026-02-06T09:25:00.000Z,2026-02-06T10:25:00.000Z,BUY,0.01,3,1,10.00,3,-400.00
2026-02-06T10:25:00.000Z,2026-02-06T10:34:00.000Z,BUY,0.01,1,1,10.00,1,-390.00
2026-02-06T10:34:00.000Z,2026-02-06T11:03:00.000Z,BUY,0.01,2,1,10.00,2,-380.00
2026-02-06T11:03:00.000Z,2026-02-06T11:23:00.000Z,BUY,0.01,1,1,10.00,1,-370.00
2026-02-06T11:23:00.000Z,2026-02-06T11:35:00.000Z,BUY,0.01,1,1,10.00,1,-360.00
2026-02-06T11:35:00.000Z,2026-02-06T13:00:00.000Z,BUY,0.01,1,1,10.00,1,-350.00
2026-02-06T13:00:00.000Z,2026-02-06T13:05:00.000Z,SELL,0.01,1,1,10.00,1,-340.00
2026-02-06T13:05:00.000Z,2026-02-06T14:07:00.000Z,SELL,0.01,2,1,10.00,2,-330.00
2026-02-06T14:07:00.000Z,2026-02-06T14:19:00.000Z,SELL,0.01,1,1,10.00,1,-320.00
2026-02-06T14:19:00.000Z,2026-02-06T14:21:00.000Z,SELL,0.01,1,1,10.00,1,-310.00
2026-02-06T14:21:00.000Z,2026-02-06T15:00:00.000Z,SELL,0.01,2,1,10.00,2,-300.00
2026-02-06T15:00:00.000Z,2026-02-06T15:00:00.000Z,SELL,0.01,1,1,10.00,1,-290.00
2026-02-06T15:00:00.000Z,2026-02-06T15:38:00.000Z,SELL,0.01,2,1,10.00,2,-280.00
2026-02-06T15:38:00.000Z,2026-02-06T16:07:00.000Z,SELL,0.01,1,1,10.00,1,-270.00
2026-02-06T16:07:00.000Z,2026-02-06T16:22:00.000Z,SELL,0.01,1,1,10.00,1,-260.00
2026-02-06T16:22:00.000Z,2026-02-06T16:25:00.000Z,SELL,0.01,1,1,10.00,1,-250.00
2026-02-06T16:25:00.000Z,2026-02-06T16:33:00.000Z,SELL,0.01,2,1,10.00,2,-240.00
2026-02-06T16:33:00.000Z,2026-02-06T17:00:00.000Z,SELL,0.01,2,1,10.00,2,-230.00
2026-02-06T17:00:00.000Z,2026-02-06T17:00:00.000Z,SELL,0.01,1,1,10.00,1,-220.00
2026-02-06T17:00:00.000Z,2026-02-06T17:20:00.000Z,SELL,0.01,1,1,10.00,1,-210.00
2026-02-06T17:20:00.000Z,2026-02-06T18:26:00.000Z,SELL,0.01,3,1,10.00,3,-200.00
2026-02-06T18:26:00.000Z,2026-02-06T19:04:00.000Z,SELL,0.01,2,1,10.00,2,-190.00
2026-02-06T19:04:00.000Z,2026-02-06T20:24:00.000Z,SELL,0.01,1,1,10.00,1,-180.00
2026-02-06T20:24:00.000Z,2026-02-06T22:36:00.000Z,SELL,0.01,3,1,10.00,3,-170.00
2026-02-06T22:36:00.000Z,2026-02-06T23:57:00.000Z,SELL,0.01,2,1,10.00,2,-160.00
2026-02-06T23:57:00.000Z,2026-02-09T01:18:00.000Z,SELL,0.01,5,0,-2420.00,5,-2580.00
2026-02-09T01:18:00.000Z,2026-02-09T01:26:00.000Z,SELL,0.01,2,1,10.00,2,-2570.00
2026-02-09T01:26:00.000Z,2026-02-09T03:07:00.000Z,SELL,0.01,5,1,10.00,5,-2560.00
2026-02-09T03:07:00.000Z,2026-02-09T03:35:00.000Z,SELL,0.01,3,1,10.00,3,-2550.00
2026-02-09T03:35:00.000Z,2026-02-09T03:36:00.000Z,SELL,0.01,1,1,10.00,1,-2540.00
2026-02-09T03:36:00.000Z,2026-02-09T03:38:00.000Z,SELL,0.01,1,1,10.00,1,-2530.00
2026-02-09T03:38:00.000Z,2026-02-09T03:44:00.000Z,SELL,0.01,2,1,10.00,2,-2520.00
2026-02-09T03:44:00.000Z,2026-02-09T03:46:00.000Z,SELL,0.01,1,1,10.00,1,-2510.00
2026-02-09T03:46:00.000Z,2026-02-09T03:58:00.000Z,SELL,0.01,1,1,10.00,1,-2500.00
2026-02-09T03:58:00.000Z,2026-02-09T04:00:00.000Z,SELL,0.01,1,1,10.00,1,-2490.00
2026-02-09T04:00:00.000Z,2026-02-09T04:33:00.000Z,SELL,0.01,2,1,10.00,2,-2480.00
2026-02-09T04:33:00.000Z,2026-02-09T04:40:00.000Z,SELL,0.01,1,1,10.00,1,-2470.00
2026-02-09T04:40:00.000Z,2026-02-09T05:25:00.000Z,SELL,0.01,2,1,10.00,2,-2460.00
2026-02-09T05:25:00.000Z,2026-02-09T05:56:00.000Z,SELL,0.01,1,1,10.00,1,-2450.00
2026-02-09T05:56:00.000Z,2026-02-09T08:04:00.000Z,SELL,0.01,2,1,10.00,2,-2440.00
2026-02-09T08:04:00.000Z,2026-02-09T08:10:00.000Z,SELL,0.01,1,1,10.00,1,-2430.00
2026-02-09T08:10:00.000Z,2026-02-09T08:20:00.000Z,SELL,0.01,1,1,10.00,1,-2420.00
2026-02-09T08:20:00.000Z,2026-02-09T08:22:00.000Z,SELL,0.01,1,1,10.00,1,-2410.00
2026-02-09T08:22:00.000Z,2026-02-09T09:22:00.000Z,SELL,0.01,3,1,10.00,3,-2400.00
2026-02-09T09:22:00.000Z,2026-02-09T10:48:00.000Z,SELL,0.01,2,1,10.00,2,-2390.00
2026-02-09T10:48:00.000Z,2026-02-09T10:52:00.000Z,SELL,0.01,1,1,10.00,1,-2380.00
2026-02-09T10:52:00.000Z,2026-02-09T11:39:00.000Z,SELL,0.01,1,1,10.00,1,-2370.00
2026-02-09T11:39:00.000Z,2026-02-09T11:58:00.000Z,SELL,0.01,1,1,10.00,1,-2360.00
2026-02-09T11:58:00.000Z,2026-02-09T12:27:00.000Z,SELL,0.01,1,1,10.00,1,-2350.00
2026-02-09T12:27:00.000Z,2026-02-09T12:30:00.000Z,SELL,0.01,1,1,10.00,1,-2340.00
2026-02-09T12:30:00.000Z,2026-02-09T13:51:00.000Z,SELL,0.01,2,1,10.00,2,-2330.00
2026-02-09T13:51:00.000Z,2026-02-09T15:39:00.000Z,SELL,0.01,1,1,10.00,1,-2320.00
2026-02-09T15:39:00.000Z,2026-02-09T16:32:00.000Z,SELL,0.01,2,1,10.00,2,-2310.00
2026-02-09T16:32:00.000Z,2026-02-09T18:03:00.000Z,SELL,0.01,2,1,10.00,2,-2300.00
2026-02-09T18:03:00.000Z,2026-02-09T19:51:00.000Z,SELL,0.01,1,1,10.00,1,-2290.00
2026-02-09T19:51:00.000Z,2026-02-09T19:58:00.000Z,SELL,0.01,1,1,10.00,1,-2280.00
2026-02-09T19:58:00.000Z,2026-02-09T21:27:00.000Z,SELL,0.01,2,1,10.00,2,-2270.00
2026-02-09T21:27:00.000Z,2026-02-09T23:14:00.000Z,SELL,0.01,1,1,10.00,1,-2260.00
2026-02-09T23:14:00.000Z,2026-02-09T23:28:00.000Z,SELL,0.01,1,1,10.00,1,-2250.00
2026-02-09T23:28:00.000Z,2026-02-10T01:09:00.000Z,SELL,0.01,3,1,10.00,3,-2240.00
2026-02-10T01:09:00.000Z,2026-02-10T01:10:00.000Z,SELL,0.01,1,1,10.00,1,-2230.00
2026-02-10T01:10:00.000Z,2026-02-10T01:10:00.000Z,SELL,0.01,1,1,10.00,1,-2220.00
2026-02-10T01:10:00.000Z,2026-02-10T01:11:00.000Z,SELL,0.01,1,1,10.00,1,-2210.00
2026-02-10T01:11:00.000Z,2026-02-10T01:12:00.000Z,SELL,0.01,1,1,10.00,1,-2200.00
2026-02-10T01:12:00.000Z,2026-02-10T01:12:00.000Z,SELL,0.01,1,1,10.00,1,-2190.00
2026-02-10T01:12:00.000Z,2026-02-10T01:13:00.000Z,SELL,0.01,2,1,10.00,2,-2180.00
2026-02-10T01:13:00.000Z,2026-02-10T01:14:00.000Z,SELL,0.01,1,1,10.00,1,-2170.00
2026-02-10T01:14:00.000Z,2026-02-10T01:44:00.000Z,SELL,0.01,2,1,10.00,2,-2160.00
2026-02-10T01:44:00.000Z,2026-02-10T01:57:00.000Z,SELL,0.01,1,1,10.00,1,-2150.00
2026-02-10T01:57:00.000Z,2026-02-10T02:35:00.000Z,SELL,0.01,1,1,10.00,1,-2140.00
2026-02-10T02:35:00.000Z,2026-02-10T02:47:00.000Z,SELL,0.01,1,1,10.00,1,-2130.00
2026-02-10T02:47:00.000Z,2026-02-10T04:06:00.000Z,SELL,0.01,2,1,10.00,2,-2120.00
2026-02-10T04:06:00.000Z,2026-02-10T05:05:00.000Z,SELL,0.01,1,1,10.00,1,-2110.00
2026-02-10T05:05:00.000Z,2026-02-10T05:18:00.000Z,SELL,0.01,1,1,10.00,1,-2100.00
2026-02-10T05:18:00.000Z,2026-02-10T10:45:00.000Z,SELL,0.01,4,1,10.00,4,-2090.00
2026-02-10T10:45:00.000Z,2026-02-10T10:59:00.000Z,SELL,0.01,1,1,10.00,1,-2080.00
2026-02-10T10:59:00.000Z,2026-02-10T14:44:00.000Z,SELL,0.01,3,1,10.00,3,-2070.00
2026-02-10T14:44:00.000Z,2026-02-10T16:15:00.000Z,SELL,0.01,2,1,10.00,2,-2060.00
2026-02-10T16:15:00.000Z,2026-02-10T16:45:00.000Z,SELL,0.01,3,1,10.00,3,-2050.00
2026-02-10T16:45:00.000Z,2026-02-10T16:47:00.000Z,SELL,0.01,1,1,10.00,1,-2040.00
2026-02-10T16:47:00.000Z,2026-02-10T16:48:00.000Z,SELL,0.01,1,1,10.00,1,-2030.00
2026-02-10T16:48:00.000Z,2026-02-10T17:37:00.000Z,SELL,0.01,3,1,10.00,3,-2020.00
2026-02-10T17:37:00.000Z,2026-02-10T17:38:00.000Z,SELL,0.01,1,1,10.00,1,-2010.00
2026-02-10T17:38:00.000Z,2026-02-10T19:28:00.000Z,SELL,0.01,4,1,10.00,4,-2000.00
2026-02-10T19:28:00.000Z,2026-02-10T19:54:00.000Z,SELL,0.01,1,1,10.00,1,-1990.00
2026-02-10T19:54:00.000Z,2026-02-10T20:06:00.000Z,SELL,0.01,1,1,10.00,1,-1980.00
2026-02-10T20:06:00.000Z,2026-02-10T21:30:00.000Z,BUY,0.01,1,1,10.00,1,-1970.00
2026-02-10T21:30:00.000Z,2026-02-10T22:48:00.000Z,BUY,0.01,1,1,10.00,1,-1960.00
2026-02-10T22:48:00.000Z,2026-02-11T01:21:00.000Z,BUY,0.01,1,1,10.00,1,-1950.00
2026-02-11T01:21:00.000Z,2026-02-11T05:23:00.000Z,BUY,0.01,1,1,10.00,1,-1940.00
2026-02-11T05:23:00.000Z,2026-02-11T06:52:00.000Z,SELL,0.01,1,1,10.00,1,-1930.00
2026-02-11T06:52:00.000Z,2026-02-11T12:40:00.000Z,SELL,0.01,4,1,10.00,4,-1920.00
2026-02-11T12:40:00.000Z,2026-02-11T13:29:00.000Z,SELL,0.01,2,1,10.00,2,-1910.00
2026-02-11T13:29:00.000Z,2026-02-11T14:17:00.000Z,SELL,0.01,1,1,10.00,1,-1900.00
2026-02-11T14:17:00.000Z,2026-02-11T14:20:00.000Z,SELL,0.01,1,1,10.00,1,-1890.00
2026-02-11T14:20:00.000Z,2026-02-11T14:41:00.000Z,SELL,0.01,1,1,10.00,1,-1880.00
2026-02-11T14:41:00.000Z,2026-02-11T14:41:00.000Z,SELL,0.01,1,1,10.00,1,-1870.00
2026-02-11T14:41:00.000Z,2026-02-11T14:41:00.000Z,SELL,0.01,1,1,10.00,1,-1860.00
2026-02-11T14:41:00.000Z,2026-02-11T15:01:00.000Z,SELL,0.01,4,1,10.00,4,-1850.00
2026-02-11T15:01:00.000Z,2026-02-11T15:13:00.000Z,SELL,0.01,1,1,10.00,1,-1840.00
2026-02-11T15:13:00.000Z,2026-02-11T15:18:00.000Z,SELL,0.01,1,1,10.00,1,-1830.00
2026-02-11T15:18:00.000Z,2026-02-11T15:30:00.000Z,SELL,0.01,3,1,10.00,3,-1820.00
2026-02-11T15:30:00.000Z,2026-02-11T15:30:00.000Z,SELL,0.01,1,1,10.00,1,-1810.00
2026-02-11T15:30:00.000Z,2026-02-11T15:30:00.000Z,SELL,0.01,1,1,10.00,1,-1800.00
2026-02-11T15:30:00.000Z,2026-02-11T15:30:00.000Z,SELL,0.01,1,1,10.00,1,-1790.00
2026-02-11T15:30:00.000Z,2026-02-11T15:30:00.000Z,SELL,0.01,2,1,10.00,2,-1780.00
2026-02-11T15:30:00.000Z,2026-02-11T15:30:00.000Z,SELL,0.01,3,1,10.00,3,-1770.00
2026-02-11T15:30:00.000Z,2026-02-11T15:30:00.000Z,SELL,0.01,1,1,10.00,1,-1760.00
2026-02-11T15:30:00.000Z,2026-02-11T15:30:00.000Z,SELL,0.01,1,1,10.00,1,-1750.00
2026-02-11T15:30:00.000Z,2026-02-11T15:37:00.000Z,SELL,0.01,4,1,10.00,4,-1740.00
2026-02-11T15:37:00.000Z,2026-02-11T16:39:00.000Z,SELL,0.01,3,1,10.00,3,-1730.00
2026-02-11T16:39:00.000Z,2026-02-11T17:05:00.000Z,SELL,0.01,2,1,10.00,2,-1720.00
2026-02-11T17:05:00.000Z,2026-02-11T17:18:00.000Z,SELL,0.01,1,1,10.00,1,-1710.00
2026-02-11T17:18:00.000Z,2026-02-11T17:24:00.000Z,SELL,0.01,1,1,10.00,1,-1700.00
2026-02-11T17:24:00.000Z,2026-02-11T17:37:00.000Z,SELL,0.01,1,1,10.00,1,-1690.00
2026-02-11T17:37:00.000Z,2026-02-11T18:33:00.000Z,SELL,0.01,4,1,10.00,4,-1680.00
2026-02-11T18:33:00.000Z,2026-02-12T01:00:00.000Z,SELL,0.01,5,0,-2420.00,5,-4100.00
2026-02-12T01:00:00.000Z,2026-02-12T01:06:00.000Z,SELL,0.01,1,1,10.00,1,-4090.00
2026-02-12T01:06:00.000Z,2026-02-12T01:11:00.000Z,SELL,0.01,1,1,10.00,1,-4080.00
2026-02-12T01:11:00.000Z,2026-02-12T01:11:00.000Z,SELL,0.01,1,1,10.00,1,-4070.00
2026-02-12T01:11:00.000Z,2026-02-12T02:12:00.000Z,SELL,0.01,1,1,10.00,1,-4060.00
2026-02-12T02:12:00.000Z,2026-02-12T10:07:00.000Z,SELL,0.01,5,0,-2420.00,5,-6480.00
2026-02-12T10:07:00.000Z,2026-02-12T10:29:00.000Z,SELL,0.01,1,1,10.00,1,-6470.00
2026-02-12T10:29:00.000Z,2026-02-12T14:52:00.000Z,SELL,0.01,1,1,10.00,1,-6460.00
2026-02-12T14:52:00.000Z,2026-02-12T15:10:00.000Z,BUY,0.01,1,1,10.00,1,-6450.00
2026-02-12T15:10:00.000Z,2026-02-12T15:21:00.000Z,BUY,0.01,1,1,10.00,1,-6440.00
2026-02-12T15:21:00.000Z,2026-02-12T15:56:00.000Z,BUY,0.01,1,1,10.00,1,-6430.00
2026-02-12T15:56:00.000Z,2026-02-12T16:48:00.000Z,BUY,0.01,2,1,10.00,2,-6420.00
2026-02-12T16:48:00.000Z,2026-02-12T17:10:00.000Z,BUY,0.01,1,1,10.00,1,-6410.00
2026-02-12T17:10:00.000Z,2026-02-12T17:45:00.000Z,BUY,0.01,1,1,10.00,1,-6400.00
2026-02-12T17:45:00.000Z,2026-02-12T18:10:00.000Z,BUY,0.01,2,1,10.00,2,-6390.00
2026-02-12T18:10:00.000Z,2026-02-12T18:12:00.000Z,BUY,0.01,2,1,10.00,2,-6380.00
2026-02-12T18:12:00.000Z,2026-02-12T18:14:00.000Z,BUY,0.01,2,1,10.00,2,-6370.00
2026-02-12T18:14:00.000Z,2026-02-12T18:14:00.000Z,BUY,0.01,2,1,10.00,2,-6360.00
2026-02-12T18:14:00.000Z,2026-02-12T18:14:00.000Z,BUY,0.01,1,1,10.00,1,-6350.00
2026-02-12T18:14:00.000Z,2026-02-12T18:14:00.000Z,BUY,0.01,1,1,10.00,1,-6340.00
2026-02-12T18:14:00.000Z,2026-02-12T18:14:00.000Z,BUY,0.01,1,1,10.00,1,-6330.00
2026-02-12T18:14:00.000Z,2026-02-12T18:14:00.000Z,BUY,0.01,2,1,10.00,2,-6320.00
2026-02-12T18:14:00.000Z,2026-02-12T18:15:00.000Z,BUY,0.01,1,1,10.00,1,-6310.00
2026-02-12T18:15:00.000Z,2026-02-12T18:17:00.000Z,BUY,0.01,2,1,10.00,2,-6300.00
2026-02-12T18:17:00.000Z,2026-02-12T18:17:00.000Z,BUY,0.01,1,1,10.00,1,-6290.00
2026-02-12T18:17:00.000Z,2026-02-12T18:18:00.000Z,BUY,0.01,2,1,10.00,2,-6280.00
2026-02-12T18:18:00.000Z,2026-02-12T18:18:00.000Z,BUY,0.01,1,1,10.00,1,-6270.00
2026-02-12T18:18:00.000Z,2026-02-12T18:19:00.000Z,BUY,0.01,1,1,10.00,1,-6260.00
2026-02-12T18:19:00.000Z,2026-02-12T18:26:00.000Z,BUY,0.01,4,1,10.00,4,-6250.00
2026-02-12T18:26:00.000Z,2026-02-12T18:30:00.000Z,BUY,0.01,3,1,10.00,3,-6240.00
2026-02-12T18:30:00.000Z,2026-02-12T18:31:00.000Z,BUY,0.01,3,1,10.00,3,-6230.00
2026-02-12T18:31:00.000Z,2026-02-12T18:32:00.000Z,BUY,0.01,1,1,10.00,1,-6220.00
2026-02-12T18:32:00.000Z,2026-02-12T18:35:00.000Z,BUY,0.01,1,1,10.00,1,-6210.00
2026-02-12T18:35:00.000Z,2026-02-12T18:39:00.000Z,BUY,0.01,1,1,10.00,1,-6200.00
2026-02-12T18:39:00.000Z,2026-02-12T18:41:00.000Z,BUY,0.01,1,1,10.00,1,-6190.00
2026-02-12T18:41:00.000Z,2026-02-12T18:47:00.000Z,BUY,0.01,2,1,10.00,2,-6180.00
2026-02-12T18:47:00.000Z,2026-02-12T18:48:00.000Z,BUY,0.01,1,1,10.00,1,-6170.00
2026-02-12T18:48:00.000Z,2026-02-12T18:51:00.000Z,BUY,0.01,1,1,10.00,1,-6160.00
2026-02-12T18:51:00.000Z,2026-02-12T19:07:00.000Z,BUY,0.01,3,1,10.00,3,-6150.00
2026-02-12T19:07:00.000Z,2026-02-12T19:23:00.000Z,BUY,0.01,1,1,10.00,1,-6140.00
2026-02-12T19:23:00.000Z,2026-02-12T19:53:00.000Z,BUY,0.01,2,1,10.00,2,-6130.00
2026-02-12T19:53:00.000Z,2026-02-12T20:18:00.000Z,BUY,0.01,2,1,10.00,2,-6120.00
2026-02-12T20:18:00.000Z,2026-02-12T20:21:00.000Z,BUY,0.01,1,1,10.00,1,-6110.00
2026-02-12T20:21:00.000Z,2026-02-12T20:35:00.000Z,BUY,0.01,1,1,10.00,1,-6100.00
2026-02-12T20:35:00.000Z,2026-02-12T20:51:00.000Z,BUY,0.01,1,1,10.00,1,-6090.00
2026-02-12T20:51:00.000Z,2026-02-12T21:52:00.000Z,BUY,0.01,1,1,10.00,1,-6080.00
2026-02-12T21:52:00.000Z,2026-02-12T22:24:00.000Z,BUY,0.01,2,1,10.00,2,-6070.00
2026-02-12T22:24:00.000Z,2026-02-13T01:00:00.000Z,BUY,0.01,2,1,10.00,2,-6060.00
2026-02-13T01:00:00.000Z,2026-02-13T01:00:00.000Z,BUY,0.01,1,1,10.00,1,-6050.00
2026-02-13T01:00:00.000Z,2026-02-13T01:00:00.000Z,BUY,0.01,1,1,10.00,1,-6040.00
2026-02-13T01:00:00.000Z,2026-02-13T01:00:00.000Z,BUY,0.01,1,1,10.00,1,-6030.00
2026-02-13T01:00:00.000Z,2026-02-13T01:00:00.000Z,BUY,0.01,2,1,10.00,2,-6020.00
2026-02-13T01:00:00.000Z,2026-02-13T01:03:00.000Z,BUY,0.01,1,1,10.00,1,-6010.00
2026-02-13T01:03:00.000Z,2026-02-13T01:16:00.000Z,BUY,0.01,3,1,10.00,3,-6000.00
2026-02-13T01:16:00.000Z,2026-02-13T02:06:00.000Z,BUY,0.01,1,1,10.00,1,-5990.00
2026-02-13T02:06:00.000Z,2026-02-13T02:07:00.000Z,BUY,0.01,1,1,10.00,1,-5980.00
2026-02-13T02:07:00.000Z,2026-02-13T03:01:00.000Z,BUY,0.01,1,1,10.00,1,-5970.00
2026-02-13T03:01:00.000Z,2026-02-13T03:06:00.000Z,BUY,0.01,1,1,10.00,1,-5960.00
2026-02-13T03:06:00.000Z,2026-02-13T03:15:00.000Z,BUY,0.01,1,1,10.00,1,-5950.00
2026-02-13T03:15:00.000Z,2026-02-13T03:42:00.000Z,BUY,0.01,1,1,10.00,1,-5940.00
2026-02-13T03:42:00.000Z,2026-02-13T04:55:00.000Z,BUY,0.01,1,1,10.00,1,-5930.00
2026-02-13T04:55:00.000Z,2026-02-13T07:43:00.000Z,BUY,0.01,2,1,10.00,2,-5920.00
2026-02-13T07:43:00.000Z,2026-02-13T07:43:00.000Z,BUY,0.01,1,1,10.00,1,-5910.00
2026-02-13T07:43:00.000Z,2026-02-13T09:37:00.000Z,BUY,0.01,3,1,10.00,3,-5900.00
2026-02-13T09:37:00.000Z,2026-02-13T12:58:00.000Z,BUY,0.01,2,1,10.00,2,-5890.00
2026-02-13T12:58:00.000Z,2026-02-13T14:06:00.000Z,BUY,0.01,1,1,10.00,1,-5880.00
2026-02-13T14:06:00.000Z,2026-02-13T14:22:00.000Z,BUY,0.01,1,1,10.00,1,-5870.00
2026-02-13T14:22:00.000Z,2026-02-13T15:30:00.000Z,BUY,0.01,1,1,10.00,1,-5860.00
2026-02-13T15:30:00.000Z,2026-02-13T15:30:00.000Z,BUY,0.01,1,1,10.00,1,-5850.00
2026-02-13T15:30:00.000Z,2026-02-13T16:15:00.000Z,BUY,0.01,5,1,10.00,5,-5840.00
2026-02-13T16:15:00.000Z,2026-02-13T16:41:00.000Z,BUY,0.01,2,1,10.00,2,-5830.00
2026-02-13T16:41:00.000Z,2026-02-13T16:43:00.000Z,BUY,0.01,1,1,10.00,1,-5820.00
2026-02-13T16:43:00.000Z,2026-02-13T16:44:00.000Z,BUY,0.01,1,1,10.00,1,-5810.00
2026-02-13T16:44:00.000Z,2026-02-13T16:47:00.000Z,BUY,0.01,1,1,10.00,1,-5800.00
2026-02-13T16:47:00.000Z,2026-02-13T17:36:00.000Z,BUY,0.01,1,1,10.00,1,-5790.00
2026-02-13T17:36:00.000Z,2026-02-13T17:56:00.000Z,BUY,0.01,2,1,10.00,2,-5780.00
2026-02-13T17:56:00.000Z,2026-02-13T18:04:00.000Z,BUY,0.01,1,1,10.00,1,-5770.00
2026-02-13T18:04:00.000Z,2026-02-13T18:17:00.000Z,BUY,0.01,1,1,10.00,1,-5760.00
2026-02-13T18:17:00.000Z,2026-02-13T18:26:00.000Z,BUY,0.01,1,1,10.00,1,-5750.00
2026-02-13T18:26:00.000Z,2026-02-13T18:27:00.000Z,BUY,0.01,1,1,10.00,1,-5740.00
2026-02-13T18:27:00.000Z,2026-02-13T20:54:00.000Z,BUY,0.01,1,1,10.00,1,-5730.00
2026-02-13T20:54:00.000Z,2026-02-13T21:59:00.000Z,SELL,0.01,1,1,10.00,1,-5720.00
2026-02-13T21:59:00.000Z,2026-02-16T01:02:00.000Z,SELL,0.01,3,1,10.00,3,-5710.00
2026-02-16T01:02:00.000Z,2026-02-16T02:03:00.000Z,SELL,0.01,1,1,10.00,1,-5700.00
2026-02-16T02:03:00.000Z,2026-02-16T04:51:00.000Z,SELL,0.01,3,1,10.00,3,-5690.00
2026-02-16T04:51:00.000Z,2026-02-16T05:49:00.000Z,SELL,0.01,1,1,10.00,1,-5680.00
2026-02-16T05:49:00.000Z,2026-02-16T07:03:00.000Z,SELL,0.01,1,1,10.00,1,-5670.00
2026-02-16T07:03:00.000Z,2026-02-16T08:44:00.000Z,SELL,0.01,2,1,10.00,2,-5660.00
2026-02-16T08:44:00.000Z,2026-02-16T09:00:00.000Z,SELL,0.01,1,1,10.00,1,-5650.00
2026-02-16T09:00:00.000Z,2026-02-16T16:46:00.000Z,SELL,0.01,3,1,10.00,3,-5640.00
2026-02-16T16:46:00.000Z,2026-02-16T17:03:00.000Z,SELL,0.01,1,1,10.00,1,-5630.00
2026-02-16T17:03:00.000Z,2026-02-16T17:55:00.000Z,BUY,0.01,1,1,10.00,1,-5620.00
2026-02-16T17:55:00.000Z,2026-02-16T19:03:00.000Z,BUY,0.01,1,1,10.00,1,-5610.00
2026-02-16T19:03:00.000Z,2026-02-17T02:52:00.000Z,BUY,0.01,2,1,10.00,2,-5600.00
2026-02-17T02:52:00.000Z,2026-02-17T02:58:00.000Z,BUY,0.01,2,1,10.00,2,-5590.00
2026-02-17T02:58:00.000Z,2026-02-17T02:58:00.000Z,BUY,0.01,1,1,10.00,1,-5580.00
2026-02-17T02:58:00.000Z,2026-02-17T03:26:00.000Z,BUY,0.01,3,1,10.00,3,-5570.00
2026-02-17T03:26:00.000Z,2026-02-17T03:44:00.000Z,BUY,0.01,1,1,10.00,1,-5560.00
2026-02-17T03:44:00.000Z,2026-02-17T07:14:00.000Z,BUY,0.01,2,1,10.00,2,-5550.00
2026-02-17T07:14:00.000Z,2026-02-17T07:17:00.000Z,BUY,0.01,2,1,10.00,2,-5540.00
2026-02-17T07:17:00.000Z,2026-02-17T07:17:00.000Z,BUY,0.01,1,1,10.00,1,-5530.00
2026-02-17T07:17:00.000Z,2026-02-17T07:31:00.000Z,BUY,0.01,2,1,10.00,2,-5520.00
2026-02-17T07:31:00.000Z,2026-02-17T07:31:00.000Z,BUY,0.01,1,1,10.00,1,-5510.00
2026-02-17T07:31:00.000Z,2026-02-17T07:32:00.000Z,BUY,0.01,2,1,10.00,2,-5500.00
2026-02-17T07:32:00.000Z,2026-02-17T07:32:00.000Z,BUY,0.01,1,1,10.00,1,-5490.00
2026-02-17T07:32:00.000Z,2026-02-17T07:34:00.000Z,BUY,0.01,1,1,10.00,1,-5480.00
2026-02-17T07:34:00.000Z,2026-02-17T07:53:00.000Z,BUY,0.01,1,1,10.00,1,-5470.00
2026-02-17T07:53:00.000Z,2026-02-17T08:33:00.000Z,BUY,0.01,1,1,10.00,1,-5460.00
2026-02-17T08:33:00.000Z,2026-02-17T09:21:00.000Z,BUY,0.01,1,1,10.00,1,-5450.00
2026-02-17T09:21:00.000Z,2026-02-17T10:04:00.000Z,BUY,0.01,1,1,10.00,1,-5440.00
2026-02-17T10:04:00.000Z,2026-02-17T12:11:00.000Z,BUY,0.01,1,1,10.00,1,-5430.00
2026-02-17T12:11:00.000Z,2026-02-17T15:56:00.000Z,BUY,0.01,4,1,10.00,4,-5420.00
2026-02-17T15:56:00.000Z,2026-02-17T15:58:00.000Z,BUY,0.01,2,1,10.00,2,-5410.00
2026-02-17T15:58:00.000Z,2026-02-17T15:58:00.000Z,BUY,0.01,1,1,10.00,1,-5400.00
2026-02-17T15:58:00.000Z,2026-02-17T16:01:00.000Z,BUY,0.01,2,1,10.00,2,-5390.00
2026-02-17T16:01:00.000Z,2026-02-17T16:01:00.000Z,BUY,0.01,1,1,10.00,1,-5380.00
2026-02-17T16:01:00.000Z,2026-02-17T16:05:00.000Z,BUY,0.01,1,1,10.00,1,-5370.00
2026-02-17T16:05:00.000Z,2026-02-17T16:08:00.000Z,BUY,0.01,1,1,10.00,1,-5360.00
2026-02-17T16:08:00.000Z,2026-02-17T16:08:00.000Z,BUY,0.01,1,1,10.00,1,-5350.00
2026-02-17T16:08:00.000Z,2026-02-17T16:31:00.000Z,BUY,0.01,1,1,10.00,1,-5340.00
2026-02-17T16:31:00.000Z,2026-02-17T16:39:00.000Z,BUY,0.01,2,1,10.00,2,-5330.00
2026-02-17T16:39:00.000Z,2026-02-17T16:39:00.000Z,BUY,0.01,1,1,10.00,1,-5320.00
2026-02-17T16:39:00.000Z,2026-02-17T16:50:00.000Z,BUY,0.01,2,1,10.00,2,-5310.00
2026-02-17T16:50:00.000Z,2026-02-17T16:50:00.000Z,BUY,0.01,1,1,10.00,1,-5300.00
2026-02-17T16:50:00.000Z,2026-02-17T16:52:00.000Z,BUY,0.01,1,1,10.00,1,-5290.00
2026-02-17T16:52:00.000Z,2026-02-17T18:02:00.000Z,BUY,0.01,3,1,10.00,3,-5280.00
2026-02-17T18:02:00.000Z,2026-02-17T19:10:00.000Z,BUY,0.01,2,1,10.00,2,-5270.00
2026-02-17T19:10:00.000Z,2026-02-17T19:37:00.000Z,BUY,0.01,1,1,10.00,1,-5260.00
2026-02-17T19:37:00.000Z,2026-02-17T20:20:00.000Z,BUY,0.01,1,1,10.00,1,-5250.00
2026-02-17T20:20:00.000Z,2026-02-17T20:25:00.000Z,BUY,0.01,1,1,10.00,1,-5240.00
2026-02-17T20:25:00.000Z,2026-02-17T20:55:00.000Z,BUY,0.01,1,1,10.00,1,-5230.00
2026-02-17T20:55:00.000Z,2026-02-17T20:56:00.000Z,BUY,0.01,1,1,10.00,1,-5220.00
2026-02-17T20:56:00.000Z,2026-02-17T21:31:00.000Z,BUY,0.01,2,1,10.00,2,-5210.00
2026-02-17T21:31:00.000Z,2026-02-18T03:08:00.000Z,BUY,0.01,3,1,10.00,3,-5200.00
2026-02-18T03:08:00.000Z,2026-02-18T04:07:00.000Z,BUY,0.01,1,1,10.00,1,-5190.00
2026-02-18T04:07:00.000Z,2026-02-18T05:04:00.000Z,BUY,0.01,1,1,10.00,1,-5180.00
2026-02-18T05:04:00.000Z,2026-02-18T05:30:00.000Z,BUY,0.01,1,1,10.00,1,-5170.00
2026-02-18T05:30:00.000Z,2026-02-18T06:13:00.000Z,BUY,0.01,1,1,10.00,1,-5160.00
2026-02-18T06:13:00.000Z,2026-02-18T09:14:00.000Z,BUY,0.01,1,1,10.00,1,-5150.00
2026-02-18T09:14:00.000Z,2026-02-18T09:52:00.000Z,SELL,0.01,1,1,10.00,1,-5140.00
2026-02-18T09:52:00.000Z,2026-02-18T10:44:00.000Z,SELL,0.01,1,1,10.00,1,-5130.00
2026-02-18T10:44:00.000Z,2026-02-18T12:38:00.000Z,SELL,0.01,1,1,10.00,1,-5120.00
2026-02-18T12:38:00.000Z,2026-02-18T14:58:00.000Z,SELL,0.01,2,1,10.00,2,-5110.00
2026-02-18T14:58:00.000Z,2026-02-18T16:32:00.000Z,SELL,0.01,2,1,10.00,2,-5100.00
2026-02-18T16:32:00.000Z,2026-02-18T17:01:00.000Z,SELL,0.01,2,1,10.00,2,-5090.00
2026-02-18T17:01:00.000Z,2026-02-18T20:25:00.000Z,SELL,0.01,1,1,10.00,1,-5080.00
2026-02-18T20:25:00.000Z,2026-02-18T21:27:00.000Z,SELL,0.01,1,1,10.00,1,-5070.00
2026-02-18T21:27:00.000Z,2026-02-19T01:01:00.000Z,SELL,0.01,1,1,10.00,1,-5060.00
2026-02-19T01:01:00.000Z,2026-02-19T01:01:00.000Z,SELL,0.01,1,1,10.00,1,-5050.00
2026-02-19T01:01:00.000Z,2026-02-19T07:06:00.000Z,SELL,0.01,2,1,10.00,2,-5040.00
2026-02-19T07:06:00.000Z,2026-02-19T08:52:00.000Z,SELL,0.01,2,1,10.00,2,-5030.00
2026-02-19T08:52:00.000Z,2026-02-19T10:01:00.000Z,SELL,0.01,1,1,10.00,1,-5020.00
2026-02-19T10:01:00.000Z,2026-02-19T11:36:00.000Z,SELL,0.01,1,1,10.00,1,-5010.00
2026-02-19T11:36:00.000Z,2026-02-19T12:09:00.000Z,SELL,0.01,1,1,10.00,1,-5000.00
2026-02-19T12:09:00.000Z,2026-02-19T13:52:00.000Z,SELL,0.01,1,1,10.00,1,-4990.00
2026-02-19T13:52:00.000Z,2026-02-19T16:34:00.000Z,SELL,0.01,3,1,10.00,3,-4980.00
2026-02-19T16:34:00.000Z,2026-02-19T16:49:00.000Z,SELL,0.01,2,1,10.00,2,-4970.00
2026-02-19T16:49:00.000Z,2026-02-19T19:37:00.000Z,SELL,0.01,3,1,10.00,3,-4960.00
2026-02-19T19:37:00.000Z,2026-02-19T20:26:00.000Z,SELL,0.01,1,1,10.00,1,-4950.00
2026-02-19T20:26:00.000Z,2026-02-20T01:08:00.000Z,SELL,0.01,2,1,10.00,2,-4940.00
2026-02-20T01:08:00.000Z,2026-02-20T01:17:00.000Z,SELL,0.01,1,1,10.00,1,-4930.00
2026-02-20T01:17:00.000Z,2026-02-20T01:57:00.000Z,SELL,0.01,1,1,10.00,1,-4920.00
2026-02-20T01:57:00.000Z,2026-02-20T08:02:00.000Z,SELL,0.01,4,1,10.00,4,-4910.00
2026-02-20T08:02:00.000Z,2026-02-20T09:59:00.000Z,SELL,0.01,1,1,10.00,1,-4900.00
2026-02-20T09:59:00.000Z,2026-02-20T11:06:00.000Z,SELL,0.01,2,1,10.00,2,-4890.00
2026-02-20T11:06:00.000Z,2026-02-20T12:02:00.000Z,SELL,0.01,1,1,10.00,1,-4880.00
2026-02-20T12:02:00.000Z,2026-02-20T13:57:00.000Z,SELL,0.01,1,1,10.00,1,-4870.00
2026-02-20T13:57:00.000Z,2026-02-20T15:51:00.000Z,SELL,0.01,2,1,10.00,2,-4860.00
2026-02-20T15:51:00.000Z,2026-02-20T17:03:00.000Z,SELL,0.01,1,1,10.00,1,-4850.00
2026-02-20T17:03:00.000Z,2026-02-20T17:03:00.000Z,SELL,0.01,1,1,10.00,1,-4840.00
2026-02-20T17:03:00.000Z,2026-02-20T17:05:00.000Z,SELL,0.01,1,1,10.00,1,-4830.00
2026-02-20T17:05:00.000Z,2026-02-20T17:06:00.000Z,SELL,0.01,1,1,10.00,1,-4820.00
2026-02-20T17:06:00.000Z,2026-02-20T17:06:00.000Z,SELL,0.01,1,1,10.00,1,-4810.00
2026-02-20T17:06:00.000Z,2026-02-20T17:08:00.000Z,SELL,0.01,4,1,10.00,4,-4800.00
2026-02-20T17:08:00.000Z,2026-02-20T17:08:00.000Z,SELL,0.01,1,1,10.00,1,-4790.00
2026-02-20T17:08:00.000Z,2026-02-20T17:18:00.000Z,SELL,0.01,2,1,10.00,2,-4780.00
2026-02-20T17:18:00.000Z,2026-02-20T17:18:00.000Z,SELL,0.01,1,1,10.00,1,-4770.00
2026-02-20T17:18:00.000Z,2026-02-20T17:24:00.000Z,SELL,0.01,1,1,10.00,1,-4760.00
2026-02-20T17:24:00.000Z,2026-02-20T17:27:00.000Z,SELL,0.01,1,1,10.00,1,-4750.00
2026-02-20T17:27:00.000Z,2026-02-20T17:43:00.000Z,SELL,0.01,2,1,10.00,2,-4740.00
2026-02-20T17:43:00.000Z,2026-02-20T19:49:00.000Z,SELL,0.01,2,1,10.00,2,-4730.00
2026-02-20T19:49:00.000Z,2026-02-20T20:26:00.000Z,SELL,0.01,1,1,10.00,1,-4720.00
2026-02-20T20:26:00.000Z,2026-02-20T22:57:00.000Z,SELL,0.01,2,1,10.00,2,-4710.00
2026-02-20T22:57:00.000Z,2026-02-23T01:06:00.000Z,SELL,0.01,2,1,10.00,2,-4700.00
2026-02-23T01:06:00.000Z,2026-02-23T01:40:00.000Z,SELL,0.01,2,1,10.00,2,-4690.00
2026-02-23T01:40:00.000Z,2026-02-23T02:01:00.000Z,SELL,0.01,1,1,10.00,1,-4680.00
2026-02-23T02:01:00.000Z,2026-02-23T02:12:00.000Z,SELL,0.01,1,1,10.00,1,-4670.00
2026-02-23T02:12:00.000Z,2026-02-23T03:40:00.000Z,SELL,0.01,2,1,10.00,2,-4660.00
2026-02-23T03:40:00.000Z,2026-02-23T05:12:00.000Z,SELL,0.01,1,1,10.00,1,-4650.00
2026-02-23T05:12:00.000Z,2026-02-23T09:00:00.000Z,SELL,0.01,1,1,10.00,1,-4640.00
2026-02-23T09:00:00.000Z,2026-02-23T09:26:00.000Z,SELL,0.01,1,1,10.00,1,-4630.00
2026-02-23T09:26:00.000Z,2026-02-23T10:31:00.000Z,SELL,0.01,1,1,10.00,1,-4620.00
2026-02-23T10:31:00.000Z,2026-02-23T12:01:00.000Z,SELL,0.01,2,1,10.00,2,-4610.00
2026-02-23T12:01:00.000Z,2026-02-23T16:00:00.000Z,SELL,0.01,1,1,10.00,1,-4600.00
2026-02-23T16:00:00.000Z,2026-02-23T16:32:00.000Z,SELL,0.01,2,1,10.00,2,-4590.00
2026-02-23T16:32:00.000Z,2026-02-23T17:20:00.000Z,SELL,0.01,2,1,10.00,2,-4580.00
2026-02-23T17:20:00.000Z,2026-02-23T17:23:00.000Z,SELL,0.01,1,1,10.00,1,-4570.00
2026-02-23T17:23:00.000Z,2026-02-23T18:03:00.000Z,SELL,0.01,1,1,10.00,1,-4560.00
2026-02-23T18:03:00.000Z,2026-02-23T18:18:00.000Z,SELL,0.01,2,1,10.00,2,-4550.00
2026-02-23T18:18:00.000Z,2026-02-23T19:13:00.000Z,SELL,0.01,1,1,10.00,1,-4540.00
2026-02-23T19:13:00.000Z,2026-02-23T19:38:00.000Z,SELL,0.01,1,1,10.00,1,-4530.00
2026-02-23T19:38:00.000Z,2026-02-23T22:03:00.000Z,SELL,0.01,2,1,10.00,2,-4520.00
2026-02-23T22:03:00.000Z,2026-02-24T03:00:00.000Z,SELL,0.01,3,1,10.00,3,-4510.00
2026-02-24T03:00:00.000Z,2026-02-24T03:05:00.000Z,SELL,0.01,1,1,10.00,1,-4500.00
2026-02-24T03:05:00.000Z,2026-02-24T03:13:00.000Z,SELL,0.01,1,1,10.00,1,-4490.00
2026-02-24T03:13:00.000Z,2026-02-24T03:15:00.000Z,SELL,0.01,1,1,10.00,1,-4480.00
2026-02-24T03:15:00.000Z,2026-02-24T03:15:00.000Z,SELL,0.01,1,1,10.00,1,-4470.00
2026-02-24T03:15:00.000Z,2026-02-24T03:15:00.000Z,SELL,0.01,1,1,10.00,1,-4460.00
2026-02-24T03:15:00.000Z,2026-02-24T03:16:00.000Z,SELL,0.01,3,1,10.00,3,-4450.00
2026-02-24T03:16:00.000Z,2026-02-24T04:00:00.000Z,SELL,0.01,4,1,10.00,4,-4440.00
2026-02-24T04:00:00.000Z,2026-02-24T04:08:00.000Z,SELL,0.01,1,1,10.00,1,-4430.00
2026-02-24T04:08:00.000Z,2026-02-24T08:35:00.000Z,SELL,0.01,3,1,10.00,3,-4420.00
2026-02-24T08:35:00.000Z,2026-02-24T14:19:00.000Z,SELL,0.01,3,1,10.00,3,-4410.00
2026-02-24T14:19:00.000Z,2026-02-24T14:22:00.000Z,BUY,0.01,1,1,10.00,1,-4400.00
2026-02-24T14:22:00.000Z,2026-02-24T15:48:00.000Z,BUY,0.01,2,1,10.00,2,-4390.00
2026-02-24T15:48:00.000Z,2026-02-24T16:13:00.000Z,BUY,0.01,2,1,10.00,2,-4380.00
2026-02-24T16:13:00.000Z,2026-02-24T16:13:00.000Z,BUY,0.01,1,1,10.00,1,-4370.00
2026-02-24T16:13:00.000Z,2026-02-24T16:25:00.000Z,BUY,0.01,1,1,10.00,1,-4360.00
2026-02-24T16:25:00.000Z,2026-02-24T16:38:00.000Z,BUY,0.01,1,1,10.00,1,-4350.00
2026-02-24T16:38:00.000Z,2026-02-24T17:16:00.000Z,BUY,0.01,1,1,10.00,1,-4340.00
2026-02-24T17:16:00.000Z,2026-02-24T17:45:00.000Z,BUY,0.01,1,1,10.00,1,-4330.00
2026-02-24T17:45:00.000Z,2026-02-24T19:18:00.000Z,BUY,0.01,1,1,10.00,1,-4320.00
2026-02-24T19:18:00.000Z,2026-02-24T22:35:00.000Z,BUY,0.01,1,1,10.00,1,-4310.00
2026-02-24T22:35:00.000Z,2026-02-24T23:50:00.000Z,BUY,0.01,2,1,10.00,2,-4300.00
2026-02-24T23:50:00.000Z,2026-02-25T01:47:00.000Z,BUY,0.01,3,1,10.00,3,-4290.00
2026-02-25T01:47:00.000Z,2026-02-25T03:04:00.000Z,BUY,0.01,1,1,10.00,1,-4280.00
2026-02-25T03:04:00.000Z,2026-02-25T03:09:00.000Z,BUY,0.01,1,1,10.00,1,-4270.00
2026-02-25T03:09:00.000Z,2026-02-25T03:18:00.000Z,BUY,0.01,1,1,10.00,1,-4260.00
2026-02-25T03:18:00.000Z,2026-02-25T04:16:00.000Z,BUY,0.01,1,1,10.00,1,-4250.00
2026-02-25T04:16:00.000Z,2026-02-25T07:43:00.000Z,BUY,0.01,3,1,10.00,3,-4240.00
2026-02-25T07:43:00.000Z,2026-02-25T08:06:00.000Z,SELL,0.01,1,1,10.00,1,-4230.00
2026-02-25T08:06:00.000Z,2026-02-25T09:54:00.000Z,SELL,0.01,1,1,10.00,1,-4220.00
2026-02-25T09:54:00.000Z,2026-02-25T12:33:00.000Z,SELL,0.01,1,1,10.00,1,-4210.00
2026-02-25T12:33:00.000Z,2026-02-25T13:16:00.000Z,SELL,0.01,1,1,10.00,1,-4200.00
2026-02-25T13:16:00.000Z,2026-02-25T15:24:00.000Z,SELL,0.01,2,1,10.00,2,-4190.00
2026-02-25T15:24:00.000Z,2026-02-25T16:23:00.000Z,SELL,0.01,1,1,10.00,1,-4180.00
2026-02-25T16:23:00.000Z,2026-02-25T16:35:00.000Z,SELL,0.01,1,1,10.00,1,-4170.00
2026-02-25T16:35:00.000Z,2026-02-25T16:39:00.000Z,SELL,0.01,1,1,10.00,1,-4160.00
2026-02-25T16:39:00.000Z,2026-02-25T16:55:00.000Z,SELL,0.01,2,1,10.00,2,-4150.00
2026-02-25T16:55:00.000Z,2026-02-25T17:26:00.000Z,SELL,0.01,1,1,10.00,1,-4140.00
2026-02-25T17:26:00.000Z,2026-02-25T18:46:00.000Z,SELL,0.01,2,1,10.00,2,-4130.00
2026-02-25T18:46:00.000Z,2026-02-25T21:05:00.000Z,SELL,0.01,1,1,10.00,1,-4120.00
2026-02-25T21:05:00.000Z,2026-02-25T22:16:00.000Z,SELL,0.01,1,1,10.00,1,-4110.00
2026-02-25T22:16:00.000Z,2026-02-25T22:42:00.000Z,SELL,0.01,1,1,10.00,1,-4100.00
2026-02-25T22:42:00.000Z,2026-02-25T22:45:00.000Z,SELL,0.01,1,1,10.00,1,-4090.00
2026-02-25T22:45:00.000Z,2026-02-25T22:58:00.000Z,SELL,0.01,1,1,10.00,1,-4080.00
2026-02-25T22:58:00.000Z,2026-02-25T22:58:00.000Z,SELL,0.01,1,1,10.00,1,-4070.00
2026-02-25T22:58:00.000Z,2026-02-26T01:03:00.000Z,SELL,0.01,2,1,10.00,2,-4060.00
2026-02-26T01:03:00.000Z,2026-02-26T01:13:00.000Z,SELL,0.01,1,1,10.00,1,-4050.00
2026-02-26T01:13:00.000Z,2026-02-26T02:00:00.000Z,SELL,0.01,1,1,10.00,1,-4040.00
2026-02-26T02:00:00.000Z,2026-02-26T02:14:00.000Z,BUY,0.01,1,1,10.00,1,-4030.00
2026-02-26T02:14:00.000Z,2026-02-26T02:23:00.000Z,BUY,0.01,1,1,10.00,1,-4020.00
2026-02-26T02:23:00.000Z,2026-02-26T02:30:00.000Z,BUY,0.01,1,1,10.00,1,-4010.00
2026-02-26T02:30:00.000Z,2026-02-26T06:12:00.000Z,BUY,0.01,1,1,10.00,1,-4000.00
2026-02-26T06:12:00.000Z,2026-02-26T09:02:00.000Z,SELL,0.01,1,1,10.00,1,-3990.00
2026-02-26T09:02:00.000Z,2026-02-26T10:27:00.000Z,SELL,0.01,1,1,10.00,1,-3980.00
2026-02-26T10:27:00.000Z,2026-02-26T10:47:00.000Z,SELL,0.01,1,1,10.00,1,-3970.00
2026-02-26T10:47:00.000Z,2026-02-26T14:02:00.000Z,SELL,0.01,3,1,10.00,3,-3960.00
2026-02-26T14:02:00.000Z,2026-02-26T14:09:00.000Z,BUY,0.01,1,1,10.00,1,-3950.00
2026-02-26T14:09:00.000Z,2026-02-26T14:28:00.000Z,BUY,0.01,1,1,10.00,1,-3940.00
2026-02-26T14:28:00.000Z,2026-02-26T16:30:00.000Z,BUY,0.01,2,1,10.00,2,-3930.00
2026-02-26T16:30:00.000Z,2026-02-26T16:30:00.000Z,BUY,0.01,1,1,10.00,1,-3920.00
2026-02-26T16:30:00.000Z,2026-02-26T16:30:00.000Z,BUY,0.01,1,1,10.00,1,-3910.00
2026-02-26T16:30:00.000Z,2026-02-26T17:27:00.000Z,BUY,0.01,4,1,10.00,4,-3900.00
2026-02-26T17:27:00.000Z,2026-02-26T17:27:00.000Z,BUY,0.01,1,1,10.00,1,-3890.00
2026-02-26T17:27:00.000Z,2026-02-26T17:35:00.000Z,BUY,0.01,1,1,10.00,1,-3880.00
2026-02-26T17:35:00.000Z,2026-02-26T17:40:00.000Z,BUY,0.01,1,1,10.00,1,-3870.00
2026-02-26T17:40:00.000Z,2026-02-26T17:45:00.000Z,BUY,0.01,1,1,10.00,1,-3860.00
2026-02-26T17:45:00.000Z,2026-02-26T17:53:00.000Z,BUY,0.01,1,1,10.00,1,-3850.00
2026-02-26T17:53:00.000Z,2026-02-27T15:07:00.000Z,BUY,0.01,5,1,10.00,5,-3840.00
2026-02-27T15:07:00.000Z,2026-02-27T15:23:00.000Z,SELL,0.01,2,1,10.00,2,-3830.00
2026-02-27T15:23:00.000Z,2026-02-27T15:35:00.000Z,SELL,0.01,1,1,10.00,1,-3820.00
2026-02-27T15:35:00.000Z,2026-02-27T15:41:00.000Z,SELL,0.01,1,1,10.00,1,-3810.00
2026-02-27T15:41:00.000Z,2026-02-27T17:52:00.000Z,SELL,0.01,2,1,10.00,2,-3800.00
2026-02-27T17:52:00.000Z,2026-02-27T18:24:00.000Z,SELL,0.01,1,1,10.00,1,-3790.00
2026-02-27T18:24:00.000Z,2026-02-27T22:21:00.000Z,SELL,0.01,2,1,10.00,2,-3780.00
2026-02-27T22:21:00.000Z,2026-03-02T01:00:00.000Z,SELL,0.01,2,1,10.00,2,-3770.00
2026-03-02T01:00:00.000Z,2026-03-02T01:00:00.000Z,SELL,0.01,2,1,10.00,2,-3760.00
2026-03-02T01:00:00.000Z,2026-03-02T01:00:00.000Z,SELL,0.01,2,1,10.00,2,-3750.00
2026-03-02T01:00:00.000Z,2026-03-02T01:00:00.000Z,SELL,0.01,1,1,10.00,1,-3740.00
2026-03-02T01:00:00.000Z,2026-03-02T01:00:00.000Z,SELL,0.01,1,1,10.00,1,-3730.00
2026-03-02T01:00:00.000Z,2026-03-02T01:00:00.000Z,SELL,0.01,1,1,10.00,1,-3720.00
2026-03-02T01:00:00.000Z,2026-03-02T01:00:00.000Z,SELL,0.01,2,1,10.00,2,-3710.00
2026-03-02T01:00:00.000Z,2026-03-02T01:00:00.000Z,SELL,0.01,1,1,10.00,1,-3700.00
2026-03-02T01:00:00.000Z,2026-03-02T01:00:00.000Z,SELL,0.01,1,1,10.00,1,-3690.00
2026-03-02T01:00:00.000Z,2026-03-02T01:00:00.000Z,SELL,0.01,1,1,10.00,1,-3680.00
2026-03-02T01:00:00.000Z,2026-03-02T01:01:00.000Z,SELL,0.01,1,1,10.00,1,-3670.00
2026-03-02T01:01:00.000Z,2026-03-02T01:02:00.000Z,SELL,0.01,2,1,10.00,2,-3660.00
2026-03-02T01:02:00.000Z,2026-03-02T01:02:00.000Z,SELL,0.01,1,1,10.00,1,-3650.00
2026-03-02T01:02:00.000Z,2026-03-02T01:02:00.000Z,SELL,0.01,1,1,10.00,1,-3640.00
2026-03-02T01:02:00.000Z,2026-03-02T01:03:00.000Z,SELL,0.01,2,1,10.00,2,-3630.00
2026-03-02T01:03:00.000Z,2026-03-02T01:03:00.000Z,SELL,0.01,1,1,10.00,1,-3620.00
2026-03-02T01:03:00.000Z,2026-03-02T01:05:00.000Z,SELL,0.01,2,1,10.00,2,-3610.00
2026-03-02T01:05:00.000Z,2026-03-02T01:05:00.000Z,SELL,0.01,1,1,10.00,1,-3600.00
2026-03-02T01:05:00.000Z,2026-03-02T01:06:00.000Z,SELL,0.01,1,1,10.00,1,-3590.00
2026-03-02T01:06:00.000Z,2026-03-02T01:06:00.000Z,SELL,0.01,1,1,10.00,1,-3580.00
2026-03-02T01:06:00.000Z,2026-03-02T01:06:00.000Z,SELL,0.01,2,1,10.00,2,-3570.00
2026-03-02T01:06:00.000Z,2026-03-02T01:06:00.000Z,SELL,0.01,1,1,10.00,1,-3560.00
2026-03-02T01:06:00.000Z,2026-03-02T01:06:00.000Z,SELL,0.01,1,1,10.00,1,-3550.00
2026-03-02T01:06:00.000Z,2026-03-02T01:07:00.000Z,SELL,0.01,1,1,10.00,1,-3540.00
2026-03-02T01:07:00.000Z,2026-03-02T01:32:00.000Z,SELL,0.01,2,1,10.00,2,-3530.00
2026-03-02T01:32:00.000Z,2026-03-02T02:20:00.000Z,SELL,0.01,3,1,10.00,3,-3520.00
2026-03-02T02:20:00.000Z,2026-03-02T02:53:00.000Z,SELL,0.01,1,1,10.00,1,-3510.00
2026-03-02T02:53:00.000Z,2026-03-02T03:00:00.000Z,SELL,0.01,1,1,10.00,1,-3500.00
2026-03-02T03:00:00.000Z,2026-03-02T03:01:00.000Z,SELL,0.01,1,1,10.00,1,-3490.00
2026-03-02T03:01:00.000Z,2026-03-02T03:29:00.000Z,SELL,0.01,3,1,10.00,3,-3480.00
2026-03-02T03:29:00.000Z,2026-03-02T03:29:00.000Z,SELL,0.01,1,1,10.00,1,-3470.00
2026-03-02T03:29:00.000Z,2026-03-02T03:39:00.000Z,SELL,0.01,2,1,10.00,2,-3460.00
2026-03-02T03:39:00.000Z,2026-03-02T03:58:00.000Z,SELL,0.01,1,1,10.00,1,-3450.00
2026-03-02T03:58:00.000Z,2026-03-02T05:04:00.000Z,SELL,0.01,2,1,10.00,2,-3440.00
2026-03-02T05:04:00.000Z,2026-03-02T07:16:00.000Z,SELL,0.01,1,1,10.00,1,-3430.00
2026-03-02T07:16:00.000Z,2026-03-02T08:06:00.000Z,SELL,0.01,2,1,10.00,2,-3420.00
2026-03-02T08:06:00.000Z,2026-03-02T09:12:00.000Z,SELL,0.01,2,1,10.00,2,-3410.00
2026-03-02T09:12:00.000Z,2026-03-02T10:56:00.000Z,SELL,0.01,1,1,10.00,1,-3400.00
2026-03-02T10:56:00.000Z,2026-03-02T12:04:00.000Z,SELL,0.01,1,1,10.00,1,-3390.00
2026-03-02T12:04:00.000Z,2026-03-02T15:31:00.000Z,SELL,0.01,4,1,10.00,4,-3380.00
2026-03-02T15:31:00.000Z,2026-03-02T15:33:00.000Z,SELL,0.01,1,1,10.00,1,-3370.00
2026-03-02T15:33:00.000Z,2026-03-02T15:43:00.000Z,SELL,0.01,1,1,10.00,1,-3360.00
2026-03-02T15:43:00.000Z,2026-03-02T16:04:00.000Z,SELL,0.01,1,1,10.00,1,-3350.00
2026-03-02T16:04:00.000Z,2026-03-02T16:09:00.000Z,SELL,0.01,1,1,10.00,1,-3340.00
2026-03-02T16:09:00.000Z,2026-03-02T16:18:00.000Z,SELL,0.01,1,1,10.00,1,-3330.00
2026-03-02T16:18:00.000Z,2026-03-02T16:22:00.000Z,SELL,0.01,1,1,10.00,1,-3320.00
2026-03-02T16:22:00.000Z,2026-03-02T16:25:00.000Z,SELL,0.01,1,1,10.00,1,-3310.00
2026-03-02T16:25:00.000Z,2026-03-02T16:25:00.000Z,SELL,0.01,1,1,10.00,1,-3300.00
2026-03-02T16:25:00.000Z,2026-03-02T16:26:00.000Z,SELL,0.01,3,1,10.00,3,-3290.00
2026-03-02T16:26:00.000Z,2026-03-02T16:26:00.000Z,SELL,0.01,1,1,10.00,1,-3280.00
2026-03-02T16:26:00.000Z,2026-03-02T16:37:00.000Z,SELL,0.01,4,1,10.00,4,-3270.00
2026-03-02T16:37:00.000Z,2026-03-02T16:37:00.000Z,SELL,0.01,1,1,10.00,1,-3260.00
2026-03-02T16:37:00.000Z,2026-03-02T17:00:00.000Z,SELL,0.01,3,1,10.00,3,-3250.00
2026-03-02T17:00:00.000Z,2026-03-02T17:30:00.000Z,SELL,0.01,5,0,-2420.00,5,-5670.00
2026-03-02T17:30:00.000Z,2026-03-02T17:30:00.000Z,SELL,0.01,1,1,10.00,1,-5660.00
2026-03-02T17:30:00.000Z,2026-03-02T17:57:00.000Z,SELL,0.01,1,1,10.00,1,-5650.00
2026-03-02T17:57:00.000Z,2026-03-02T17:58:00.000Z,SELL,0.01,1,1,10.00,1,-5640.00
2026-03-02T17:58:00.000Z,2026-03-02T18:00:00.000Z,SELL,0.01,1,1,10.00,1,-5630.00
2026-03-02T18:00:00.000Z,2026-03-02T18:00:00.000Z,SELL,0.01,1,1,10.00,1,-5620.00
2026-03-02T18:00:00.000Z,2026-03-02T18:01:00.000Z,SELL,0.01,3,1,10.00,3,-5610.00
2026-03-02T18:01:00.000Z,2026-03-02T18:02:00.000Z,SELL,0.01,1,1,10.00,1,-5600.00
2026-03-02T18:02:00.000Z,2026-03-02T18:12:00.000Z,SELL,0.01,2,1,10.00,2,-5590.00
2026-03-02T18:12:00.000Z,2026-03-02T18:18:00.000Z,SELL,0.01,1,1,10.00,1,-5580.00
2026-03-02T18:18:00.000Z,2026-03-02T19:07:00.000Z,SELL,0.01,5,0,-2420.00,5,-8000.00
2026-03-02T19:07:00.000Z,2026-03-02T19:11:00.000Z,SELL,0.01,1,1,10.00,1,-7990.00
2026-03-02T19:11:00.000Z,2026-03-02T21:07:00.000Z,SELL,0.01,4,1,10.00,4,-7980.00
2026-03-02T21:07:00.000Z,2026-03-03T02:17:00.000Z,SELL,0.01,2,1,10.00,2,-7970.00
2026-03-03T02:17:00.000Z,2026-03-03T02:54:00.000Z,SELL,0.01,1,1,10.00,1,-7960.00
2026-03-03T02:54:00.000Z,2026-03-03T03:21:00.000Z,SELL,0.01,2,1,10.00,2,-7950.00
2026-03-03T03:21:00.000Z,2026-03-03T03:42:00.000Z,SELL,0.01,1,1,10.00,1,-7940.00
2026-03-03T03:42:00.000Z,2026-03-03T03:46:00.000Z,SELL,0.01,1,1,10.00,1,-7930.00
2026-03-03T03:46:00.000Z,2026-03-03T03:47:00.000Z,SELL,0.01,1,1,10.00,1,-7920.00
2026-03-03T03:47:00.000Z,2026-03-03T04:00:00.000Z,SELL,0.01,1,1,10.00,1,-7910.00
2026-03-03T04:00:00.000Z,2026-03-03T04:49:00.000Z,SELL,0.01,2,1,10.00,2,-7900.00
2026-03-03T04:49:00.000Z,2026-03-03T07:00:00.000Z,SELL,0.01,1,1,10.00,1,-7890.00
2026-03-03T07:00:00.000Z,2026-03-03T07:32:00.000Z,SELL,0.01,1,1,10.00,1,-7880.00
2026-03-03T07:32:00.000Z,2026-03-03T07:38:00.000Z,SELL,0.01,1,1,10.00,1,-7870.00
2026-03-03T07:38:00.000Z,2026-03-03T07:49:00.000Z,SELL,0.01,1,1,10.00,1,-7860.00
2026-03-03T07:49:00.000Z,2026-03-03T07:54:00.000Z,SELL,0.01,1,1,10.00,1,-7850.00
2026-03-03T07:54:00.000Z,2026-03-03T07:56:00.000Z,SELL,0.01,1,1,10.00,1,-7840.00
2026-03-03T07:56:00.000Z,2026-03-03T08:12:00.000Z,SELL,0.01,1,1,10.00,1,-7830.00
2026-03-03T08:12:00.000Z,2026-03-03T08:14:00.000Z,SELL,0.01,1,1,10.00,1,-7820.00
2026-03-03T08:14:00.000Z,2026-03-03T08:23:00.000Z,SELL,0.01,2,1,10.00,2,-7810.00
2026-03-03T08:23:00.000Z,2026-03-03T08:37:00.000Z,SELL,0.01,1,1,10.00,1,-7800.00
2026-03-03T08:37:00.000Z,2026-03-03T08:52:00.000Z,SELL,0.01,1,1,10.00,1,-7790.00
2026-03-03T08:52:00.000Z,2026-03-03T09:38:00.000Z,SELL,0.01,2,1,10.00,2,-7780.00
2026-03-03T09:38:00.000Z,2026-03-03T10:24:00.000Z,SELL,0.01,1,1,10.00,1,-7770.00
2026-03-03T10:24:00.000Z,2026-03-03T11:24:00.000Z,BUY,0.01,2,1,10.00,2,-7760.00
2026-03-03T11:24:00.000Z,2026-03-03T11:25:00.000Z,BUY,0.01,2,1,10.00,2,-7750.00
2026-03-03T11:25:00.000Z,2026-03-03T11:25:00.000Z,BUY,0.01,1,1,10.00,1,-7740.00
2026-03-03T11:25:00.000Z,2026-03-03T11:25:00.000Z,BUY,0.01,1,1,10.00,1,-7730.00
2026-03-03T11:25:00.000Z,2026-03-03T11:25:00.000Z,BUY,0.01,1,1,10.00,1,-7720.00
2026-03-03T11:25:00.000Z,2026-03-03T11:25:00.000Z,BUY,0.01,2,1,10.00,2,-7710.00
2026-03-03T11:25:00.000Z,2026-03-03T11:33:00.000Z,BUY,0.01,3,1,10.00,3,-7700.00
2026-03-03T11:33:00.000Z,2026-03-03T11:52:00.000Z,BUY,0.01,1,1,10.00,1,-7690.00
2026-03-03T11:52:00.000Z,2026-03-03T12:03:00.000Z,BUY,0.01,1,1,10.00,1,-7680.00
2026-03-03T12:03:00.000Z,2026-03-03T12:38:00.000Z,BUY,0.01,2,1,10.00,2,-7670.00
2026-03-03T12:38:00.000Z,2026-03-03T12:41:00.000Z,BUY,0.01,1,1,10.00,1,-7660.00
2026-03-03T12:41:00.000Z,2026-03-03T13:06:00.000Z,BUY,0.01,2,1,10.00,2,-7650.00
2026-03-03T13:06:00.000Z,2026-03-03T13:06:00.000Z,BUY,0.01,1,1,10.00,1,-7640.00
2026-03-03T13:06:00.000Z,2026-03-03T13:07:00.000Z,BUY,0.01,2,1,10.00,2,-7630.00
2026-03-03T13:07:00.000Z,2026-03-03T13:07:00.000Z,BUY,0.01,1,1,10.00,1,-7620.00
2026-03-03T13:07:00.000Z,2026-03-03T13:07:00.000Z,BUY,0.01,1,1,10.00,1,-7610.00
2026-03-03T13:07:00.000Z,2026-03-03T13:07:00.000Z,BUY,0.01,2,1,10.00,2,-7600.00
2026-03-03T13:07:00.000Z,2026-03-03T13:08:00.000Z,BUY,0.01,3,1,10.00,3,-7590.00
2026-03-03T13:08:00.000Z,2026-03-03T13:08:00.000Z,BUY,0.01,2,1,10.00,2,-7580.00
2026-03-03T13:08:00.000Z,2026-03-03T13:10:00.000Z,BUY,0.01,3,1,10.00,3,-7570.00
2026-03-03T13:10:00.000Z,2026-03-03T13:10:00.000Z,BUY,0.01,2,1,10.00,2,-7560.00
2026-03-03T13:10:00.000Z,2026-03-03T13:10:00.000Z,BUY,0.01,1,1,10.00,1,-7550.00
2026-03-03T13:10:00.000Z,2026-03-03T13:10:00.000Z,BUY,0.01,1,1,10.00,1,-7540.00
2026-03-03T13:10:00.000Z,2026-03-03T13:11:00.000Z,BUY,0.01,1,1,10.00,1,-7530.00
2026-03-03T13:11:00.000Z,2026-03-03T13:12:00.000Z,BUY,0.01,1,1,10.00,1,-7520.00
2026-03-03T13:12:00.000Z,2026-03-03T13:17:00.000Z,BUY,0.01,2,1,10.00,2,-7510.00
2026-03-03T13:17:00.000Z,2026-03-03T13:17:00.000Z,BUY,0.01,1,1,10.00,1,-7500.00
2026-03-03T13:17:00.000Z,2026-03-03T13:18:00.000Z,BUY,0.01,1,1,10.00,1,-7490.00
2026-03-03T13:18:00.000Z,2026-03-03T13:23:00.000Z,BUY,0.01,1,1,10.00,1,-7480.00
2026-03-03T13:23:00.000Z,2026-03-03T13:26:00.000Z,BUY,0.01,2,1,10.00,2,-7470.00
2026-03-03T13:26:00.000Z,2026-03-03T13:29:00.000Z,BUY,0.01,2,1,10.00,2,-7460.00
2026-03-03T13:29:00.000Z,2026-03-03T13:29:00.000Z,BUY,0.01,2,1,10.00,2,-7450.00
2026-03-03T13:29:00.000Z,2026-03-03T13:29:00.000Z,BUY,0.01,1,1,10.00,1,-7440.00
2026-03-03T13:29:00.000Z,2026-03-03T13:29:00.000Z,BUY,0.01,1,1,10.00,1,-7430.00
2026-03-03T13:29:00.000Z,2026-03-03T13:29:00.000Z,BUY,0.01,1,1,10.00,1,-7420.00
2026-03-03T13:29:00.000Z,2026-03-03T13:30:00.000Z,BUY,0.01,2,1,10.00,2,-7410.00
2026-03-03T13:30:00.000Z,2026-03-03T13:31:00.000Z,BUY,0.01,2,1,10.00,2,-7400.00
2026-03-03T13:31:00.000Z,2026-03-03T13:31:00.000Z,BUY,0.01,1,1,10.00,1,-7390.00
2026-03-03T13:31:00.000Z,2026-03-03T13:31:00.000Z,BUY,0.01,1,1,10.00,1,-7380.00
2026-03-03T13:31:00.000Z,2026-03-03T13:31:00.000Z,BUY,0.01,1,1,10.00,1,-7370.00
2026-03-03T13:31:00.000Z,2026-03-03T13:32:00.000Z,BUY,0.01,2,1,10.00,2,-7360.00
2026-03-03T13:32:00.000Z,2026-03-03T13:32:00.000Z,BUY,0.01,1,1,10.00,1,-7350.00
2026-03-03T13:32:00.000Z,2026-03-03T13:34:00.000Z,BUY,0.01,3,1,10.00,3,-7340.00
2026-03-03T13:34:00.000Z,2026-03-03T13:35:00.000Z,BUY,0.01,3,1,10.00,3,-7330.00
2026-03-03T13:35:00.000Z,2026-03-03T13:36:00.000Z,BUY,0.01,1,1,10.00,1,-7320.00
2026-03-03T13:36:00.000Z,2026-03-03T13:39:00.000Z,BUY,0.01,1,1,10.00,1,-7310.00
2026-03-03T13:39:00.000Z,2026-03-03T13:41:00.000Z,BUY,0.01,2,1,10.00,2,-7300.00
2026-03-03T13:41:00.000Z,2026-03-03T13:41:00.000Z,BUY,0.01,1,1,10.00,1,-7290.00
2026-03-03T13:41:00.000Z,2026-03-03T13:41:00.000Z,BUY,0.01,1,1,10.00,1,-7280.00
2026-03-03T13:41:00.000Z,2026-03-03T13:47:00.000Z,BUY,0.01,3,1,10.00,3,-7270.00
2026-03-03T13:47:00.000Z,2026-03-03T13:54:00.000Z,BUY,0.01,1,1,10.00,1,-7260.00
2026-03-03T13:54:00.000Z,2026-03-03T14:05:00.000Z,BUY,0.01,1,1,10.00,1,-7250.00
2026-03-03T14:05:00.000Z,2026-03-03T14:07:00.000Z,BUY,0.01,1,1,10.00,1,-7240.00
2026-03-03T14:07:00.000Z,2026-03-03T14:10:00.000Z,BUY,0.01,1,1,10.00,1,-7230.00
2026-03-03T14:10:00.000Z,2026-03-03T14:17:00.000Z,BUY,0.01,1,1,10.00,1,-7220.00
2026-03-03T14:17:00.000Z,2026-03-03T14:26:00.000Z,BUY,0.01,1,1,10.00,1,-7210.00
2026-03-03T14:26:00.000Z,2026-03-03T14:55:00.000Z,BUY,0.01,1,1,10.00,1,-7200.00
2026-03-03T14:55:00.000Z,2026-03-03T14:57:00.000Z,BUY,0.01,1,1,10.00,1,-7190.00
2026-03-03T14:57:00.000Z,2026-03-03T15:01:00.000Z,BUY,0.01,4,1,10.00,4,-7180.00
2026-03-03T15:01:00.000Z,2026-03-03T15:07:00.000Z,BUY,0.01,2,1,10.00,2,-7170.00
2026-03-03T15:07:00.000Z,2026-03-03T15:07:00.000Z,BUY,0.01,1,1,10.00,1,-7160.00
2026-03-03T15:07:00.000Z,2026-03-03T15:21:00.000Z,BUY,0.01,3,1,10.00,3,-7150.00
2026-03-03T15:21:00.000Z,2026-03-03T15:40:00.000Z,BUY,0.01,4,1,10.00,4,-7140.00
2026-03-03T15:40:00.000Z,2026-03-03T16:01:00.000Z,BUY,0.01,3,1,10.00,3,-7130.00
2026-03-03T16:01:00.000Z,2026-03-03T16:08:00.000Z,BUY,0.01,1,1,10.00,1,-7120.00
2026-03-03T16:08:00.000Z,2026-03-03T16:18:00.000Z,BUY,0.01,2,1,10.00,2,-7110.00
2026-03-03T16:18:00.000Z,2026-03-03T16:31:00.000Z,BUY,0.01,5,0,-2420.00,5,-9530.00
2026-03-03T16:31:00.000Z,2026-03-03T16:31:00.000Z,BUY,0.01,1,1,10.00,1,-9520.00
2026-03-03T16:31:00.000Z,2026-03-03T16:36:00.000Z,BUY,0.01,2,1,10.00,2,-9510.00
2026-03-03T16:36:00.000Z,2026-03-03T16:37:00.000Z,BUY,0.01,1,1,10.00,1,-9500.00
2026-03-03T16:37:00.000Z,2026-03-03T16:38:00.000Z,BUY,0.01,1,1,10.00,1,-9490.00
2026-03-03T16:38:00.000Z,2026-03-03T16:41:00.000Z,BUY,0.01,2,1,10.00,2,-9480.00
2026-03-03T16:41:00.000Z,2026-03-03T16:41:00.000Z,BUY,0.01,1,1,10.00,1,-9470.00
2026-03-03T16:41:00.000Z,2026-03-03T16:44:00.000Z,BUY,0.01,2,1,10.00,2,-9460.00
2026-03-03T16:44:00.000Z,2026-03-03T16:50:00.000Z,BUY,0.01,4,1,10.00,4,-9450.00
2026-03-03T16:50:00.000Z,2026-03-03T16:50:00.000Z,BUY,0.01,3,1,10.00,3,-9440.00
2026-03-03T16:50:00.000Z,2026-03-03T16:51:00.000Z,BUY,0.01,2,1,10.00,2,-9430.00
2026-03-03T16:51:00.000Z,2026-03-03T16:51:00.000Z,BUY,0.01,1,1,10.00,1,-9420.00
2026-03-03T16:51:00.000Z,2026-03-03T16:54:00.000Z,BUY,0.01,3,1,10.00,3,-9410.00
2026-03-03T16:54:00.000Z,2026-03-03T16:56:00.000Z,BUY,0.01,1,1,10.00,1,-9400.00
2026-03-03T16:56:00.000Z,2026-03-03T17:03:00.000Z,BUY,0.01,5,1,10.00,5,-9390.00
2026-03-03T17:03:00.000Z,2026-03-03T17:04:00.000Z,BUY,0.01,2,1,10.00,2,-9380.00
2026-03-03T17:04:00.000Z,2026-03-03T17:04:00.000Z,BUY,0.01,1,1,10.00,1,-9370.00
2026-03-03T17:04:00.000Z,2026-03-03T17:06:00.000Z,BUY,0.01,3,1,10.00,3,-9360.00
2026-03-03T17:06:00.000Z,2026-03-03T17:13:00.000Z,BUY,0.01,2,1,10.00,2,-9350.00
2026-03-03T17:13:00.000Z,2026-03-03T17:13:00.000Z,BUY,0.01,1,1,10.00,1,-9340.00
2026-03-03T17:13:00.000Z,2026-03-03T17:16:00.000Z,BUY,0.01,2,1,10.00,2,-9330.00
2026-03-03T17:16:00.000Z,2026-03-03T17:16:00.000Z,BUY,0.01,1,1,10.00,1,-9320.00
2026-03-03T17:16:00.000Z,2026-03-03T17:16:00.000Z,BUY,0.01,1,1,10.00,1,-9310.00
2026-03-03T17:16:00.000Z,2026-03-03T17:17:00.000Z,BUY,0.01,2,1,10.00,2,-9300.00
2026-03-03T17:17:00.000Z,2026-03-03T17:18:00.000Z,BUY,0.01,1,1,10.00,1,-9290.00
2026-03-03T17:18:00.000Z,2026-03-03T17:19:00.000Z,BUY,0.01,1,1,10.00,1,-9280.00
2026-03-03T17:19:00.000Z,2026-03-03T17:20:00.000Z,BUY,0.01,1,1,10.00,1,-9270.00
2026-03-03T17:20:00.000Z,2026-03-03T17:21:00.000Z,BUY,0.01,1,1,10.00,1,-9260.00
2026-03-03T17:21:00.000Z,2026-03-03T17:28:00.000Z,BUY,0.01,1,1,10.00,1,-9250.00
2026-03-03T17:28:00.000Z,2026-03-03T17:31:00.000Z,BUY,0.01,1,1,10.00,1,-9240.00
2026-03-03T17:31:00.000Z,2026-03-03T17:41:00.000Z,BUY,0.01,1,1,10.00,1,-9230.00
2026-03-03T17:41:00.000Z,2026-03-03T17:51:00.000Z,BUY,0.01,1,1,10.00,1,-9220.00
2026-03-03T17:51:00.000Z,2026-03-03T17:57:00.000Z,BUY,0.01,1,1,10.00,1,-9210.00
2026-03-03T17:57:00.000Z,2026-03-03T18:02:00.000Z,BUY,0.01,1,1,10.00,1,-9200.00
2026-03-03T18:02:00.000Z,2026-03-03T18:05:00.000Z,BUY,0.01,1,1,10.00,1,-9190.00
2026-03-03T18:05:00.000Z,2026-03-03T18:07:00.000Z,BUY,0.01,1,1,10.00,1,-9180.00
2026-03-03T18:07:00.000Z,2026-03-03T18:37:00.000Z,BUY,0.01,3,1,10.00,3,-9170.00
2026-03-03T18:37:00.000Z,2026-03-03T18:46:00.000Z,BUY,0.01,2,1,10.00,2,-9160.00
2026-03-03T18:46:00.000Z,2026-03-03T18:48:00.000Z,BUY,0.01,1,1,10.00,1,-9150.00
2026-03-03T18:48:00.000Z,2026-03-03T19:04:00.000Z,BUY,0.01,2,1,10.00,2,-9140.00
2026-03-03T19:04:00.000Z,2026-03-03T19:09:00.000Z,BUY,0.01,1,1,10.00,1,-9130.00
2026-03-03T19:09:00.000Z,2026-03-03T19:16:00.000Z,BUY,0.01,1,1,10.00,1,-9120.00
2026-03-03T19:16:00.000Z,2026-03-03T19:33:00.000Z,BUY,0.01,2,1,10.00,2,-9110.00
2026-03-03T19:33:00.000Z,2026-03-03T19:40:00.000Z,BUY,0.01,1,1,10.00,1,-9100.00
2026-03-03T19:40:00.000Z,2026-03-03T20:02:00.000Z,BUY,0.01,1,1,10.00,1,-9090.00
2026-03-03T20:02:00.000Z,2026-03-03T20:11:00.000Z,BUY,0.01,1,1,10.00,1,-9080.00
2026-03-03T20:11:00.000Z,2026-03-03T20:29:00.000Z,BUY,0.01,1,1,10.00,1,-9070.00
2026-03-03T20:29:00.000Z,2026-03-03T20:39:00.000Z,BUY,0.01,1,1,10.00,1,-9060.00
2026-03-03T20:39:00.000Z,2026-03-03T20:40:00.000Z,BUY,0.01,1,1,10.00,1,-9050.00
2026-03-03T20:40:00.000Z,2026-03-03T21:01:00.000Z,BUY,0.01,1,1,10.00,1,-9040.00
2026-03-03T21:01:00.000Z,2026-03-03T21:13:00.000Z,BUY,0.01,2,1,10.00,2,-9030.00
2026-03-03T21:13:00.000Z,2026-03-03T21:46:00.000Z,BUY,0.01,1,1,10.00,1,-9020.00
2026-03-03T21:46:00.000Z,2026-03-03T22:51:00.000Z,BUY,0.01,2,1,10.00,2,-9010.00
2026-03-03T22:51:00.000Z,2026-03-03T23:04:00.000Z,BUY,0.01,1,1,10.00,1,-9000.00
2026-03-03T23:04:00.000Z,2026-03-04T01:08:00.000Z,BUY,0.01,5,1,10.00,5,-8990.00
2026-03-04T01:08:00.000Z,2026-03-04T01:16:00.000Z,BUY,0.01,1,1,10.00,1,-8980.00
2026-03-04T01:16:00.000Z,2026-03-04T02:43:00.000Z,BUY,0.01,1,1,10.00,1,-8970.00
2026-03-04T02:43:00.000Z,2026-03-04T03:00:00.000Z,BUY,0.01,1,1,10.00,1,-8960.00
2026-03-04T03:00:00.000Z,2026-03-04T03:01:00.000Z,BUY,0.01,1,1,10.00,1,-8950.00
2026-03-04T03:01:00.000Z,2026-03-04T03:47:00.000Z,BUY,0.01,1,1,10.00,1,-8940.00
2026-03-04T03:47:00.000Z,2026-03-04T03:50:00.000Z,BUY,0.01,1,1,10.00,1,-8930.00
2026-03-04T03:50:00.000Z,2026-03-04T04:10:00.000Z,BUY,0.01,1,1,10.00,1,-8920.00
2026-03-04T04:10:00.000Z,2026-03-04T04:59:00.000Z,BUY,0.01,2,1,10.00,2,-8910.00
2026-03-04T04:59:00.000Z,2026-03-04T05:25:00.000Z,BUY,0.01,1,1,10.00,1,-8900.00
2026-03-04T05:25:00.000Z,2026-03-04T05:57:00.000Z,BUY,0.01,1,1,10.00,1,-8890.00
2026-03-04T05:57:00.000Z,2026-03-04T08:01:00.000Z,BUY,0.01,2,1,10.00,2,-8880.00
2026-03-04T08:01:00.000Z,2026-03-04T08:50:00.000Z,BUY,0.01,3,1,10.00,3,-8870.00
2026-03-04T08:50:00.000Z,2026-03-04T09:02:00.000Z,BUY,0.01,1,1,10.00,1,-8860.00
2026-03-04T09:02:00.000Z,2026-03-04T10:47:00.000Z,BUY,0.01,1,1,10.00,1,-8850.00
2026-03-04T10:47:00.000Z,2026-03-04T12:08:00.000Z,BUY,0.01,1,1,10.00,1,-8840.00
2026-03-04T12:08:00.000Z,2026-03-04T12:15:00.000Z,BUY,0.01,1,1,10.00,1,-8830.00
2026-03-04T12:15:00.000Z,2026-03-04T14:39:00.000Z,BUY,0.01,2,1,10.00,2,-8820.00
2026-03-04T14:39:00.000Z,2026-03-04T15:00:00.000Z,BUY,0.01,1,1,10.00,1,-8810.00
2026-03-04T15:00:00.000Z,2026-03-04T15:10:00.000Z,BUY,0.01,1,1,10.00,1,-8800.00
2026-03-04T15:10:00.000Z,2026-03-04T16:48:00.000Z,BUY,0.01,2,1,10.00,2,-8790.00
2026-03-04T16:48:00.000Z,2026-03-04T17:44:00.000Z,BUY,0.01,5,0,-2420.00,5,-11210.00
2026-03-04T17:44:00.000Z,2026-03-04T17:53:00.000Z,BUY,0.01,1,1,10.00,1,-11200.00
2026-03-04T17:53:00.000Z,2026-03-04T18:02:00.000Z,BUY,0.01,1,1,10.00,1,-11190.00
2026-03-04T18:02:00.000Z,2026-03-04T19:23:00.000Z,BUY,0.01,2,1,10.00,2,-11180.00
2026-03-04T19:23:00.000Z,2026-03-04T19:27:00.000Z,BUY,0.01,1,1,10.00,1,-11170.00
2026-03-04T19:27:00.000Z,2026-03-04T20:40:00.000Z,BUY,0.01,2,1,10.00,2,-11160.00
2026-03-04T20:40:00.000Z,2026-03-04T20:43:00.000Z,BUY,0.01,1,1,10.00,1,-11150.00
2026-03-04T20:43:00.000Z,2026-03-04T20:46:00.000Z,BUY,0.01,1,1,10.00,1,-11140.00
2026-03-04T20:46:00.000Z,2026-03-04T22:36:00.000Z,BUY,0.01,1,1,10.00,1,-11130.00
2026-03-04T22:36:00.000Z,2026-03-05T01:00:00.000Z,BUY,0.01,1,1,10.00,1,-11120.00
2026-03-05T01:00:00.000Z,2026-03-05T01:46:00.000Z,BUY,0.01,1,1,10.00,1,-11110.00
2026-03-05T01:46:00.000Z,2026-03-05T02:10:00.000Z,BUY,0.01,1,1,10.00,1,-11100.00
2026-03-05T02:10:00.000Z,2026-03-05T03:09:00.000Z,BUY,0.01,1,1,10.00,1,-11090.00
2026-03-05T03:09:00.000Z,2026-03-05T04:58:00.000Z,BUY,0.01,1,1,10.00,1,-11080.00
2026-03-05T04:58:00.000Z,2026-03-05T07:50:00.000Z,BUY,0.01,2,1,10.00,2,-11070.00
2026-03-05T07:50:00.000Z,2026-03-05T07:58:00.000Z,SELL,0.01,1,1,10.00,1,-11060.00
2026-03-05T07:58:00.000Z,2026-03-05T08:08:00.000Z,SELL,0.01,1,1,10.00,1,-11050.00
2026-03-05T08:08:00.000Z,2026-03-05T08:10:00.000Z,SELL,0.01,1,1,10.00,1,-11040.00
2026-03-05T08:10:00.000Z,2026-03-05T08:12:00.000Z,SELL,0.01,1,1,10.00,1,-11030.00
2026-03-05T08:12:00.000Z,2026-03-05T08:37:00.000Z,SELL,0.01,2,1,10.00,2,-11020.00
2026-03-05T08:37:00.000Z,2026-03-05T10:15:00.000Z,SELL,0.01,3,1,10.00,3,-11010.00
2026-03-05T10:15:00.000Z,2026-03-05T11:06:00.000Z,SELL,0.01,2,1,10.00,2,-11000.00
2026-03-05T11:06:00.000Z,2026-03-05T11:39:00.000Z,SELL,0.01,1,1,10.00,1,-10990.00
2026-03-05T11:39:00.000Z,2026-03-05T12:04:00.000Z,SELL,0.01,1,1,10.00,1,-10980.00
2026-03-05T12:04:00.000Z,2026-03-05T15:16:00.000Z,SELL,0.01,3,1,10.00,3,-10970.00
2026-03-05T15:16:00.000Z,2026-03-05T15:17:00.000Z,SELL,0.01,3,1,10.00,3,-10960.00
2026-03-05T15:17:00.000Z,2026-03-05T15:20:00.000Z,SELL,0.01,1,1,10.00,1,-10950.00
2026-03-05T15:20:00.000Z,2026-03-05T15:22:00.000Z,SELL,0.01,1,1,10.00,1,-10940.00
2026-03-05T15:22:00.000Z,2026-03-05T15:22:00.000Z,SELL,0.01,1,1,10.00,1,-10930.00
2026-03-05T15:22:00.000Z,2026-03-05T15:23:00.000Z,SELL,0.01,1,1,10.00,1,-10920.00
2026-03-05T15:23:00.000Z,2026-03-05T15:28:00.000Z,SELL,0.01,2,1,10.00,2,-10910.00
2026-03-05T15:28:00.000Z,2026-03-05T16:17:00.000Z,SELL,0.01,1,1,10.00,1,-10900.00
2026-03-05T16:17:00.000Z,2026-03-05T16:29:00.000Z,BUY,0.01,1,1,10.00,1,-10890.00
2026-03-05T16:29:00.000Z,2026-03-05T17:07:00.000Z,BUY,0.01,4,1,10.00,4,-10880.00
2026-03-05T17:07:00.000Z,2026-03-05T17:55:00.000Z,BUY,0.01,5,1,10.00,5,-10870.00
2026-03-05T17:55:00.000Z,2026-03-05T18:21:00.000Z,BUY,0.01,2,1,10.00,2,-10860.00
2026-03-05T18:21:00.000Z,2026-03-05T18:49:00.000Z,BUY,0.01,1,1,10.00,1,-10850.00
2026-03-05T18:49:00.000Z,2026-03-05T19:12:00.000Z,BUY,0.01,1,1,10.00,1,-10840.00
2026-03-05T19:12:00.000Z,2026-03-05T19:36:00.000Z,BUY,0.01,2,1,10.00,2,-10830.00
2026-03-05T19:36:00.000Z,2026-03-05T19:40:00.000Z,BUY,0.01,1,1,10.00,1,-10820.00
2026-03-05T19:40:00.000Z,2026-03-05T20:39:00.000Z,BUY,0.01,1,1,10.00,1,-10810.00
2026-03-05T20:39:00.000Z,2026-03-05T22:16:00.000Z,BUY,0.01,3,1,10.00,3,-10800.00
2026-03-05T22:16:00.000Z,2026-03-06T01:44:00.000Z,BUY,0.01,1,1,10.00,1,-10790.00
2026-03-06T01:44:00.000Z,2026-03-06T03:00:00.000Z,BUY,0.01,2,1,10.00,2,-10780.00
2026-03-06T03:00:00.000Z,2026-03-06T03:00:00.000Z,BUY,0.01,1,1,10.00,1,-10770.00
2026-03-06T03:00:00.000Z,2026-03-06T03:31:00.000Z,BUY,0.01,1,1,10.00,1,-10760.00
2026-03-06T03:31:00.000Z,2026-03-06T03:35:00.000Z,BUY,0.01,1,1,10.00,1,-10750.00
2026-03-06T03:35:00.000Z,2026-03-06T03:40:00.000Z,BUY,0.01,1,1,10.00,1,-10740.00
2026-03-06T03:40:00.000Z,2026-03-06T03:50:00.000Z,BUY,0.01,1,1,10.00,1,-10730.00
2026-03-06T03:50:00.000Z,2026-03-06T03:50:00.000Z,BUY,0.01,1,1,10.00,1,-10720.00
2026-03-06T03:50:00.000Z,2026-03-06T03:56:00.000Z,BUY,0.01,1,1,10.00,1,-10710.00
2026-03-06T03:56:00.000Z,2026-03-06T08:01:00.000Z,BUY,0.01,2,1,10.00,2,-10700.00
2026-03-06T08:01:00.000Z,2026-03-06T08:24:00.000Z,BUY,0.01,1,1,10.00,1,-10690.00
2026-03-06T08:24:00.000Z,2026-03-06T11:23:00.000Z,BUY,0.01,2,1,10.00,2,-10680.00
2026-03-06T11:23:00.000Z,2026-03-06T11:32:00.000Z,BUY,0.01,1,1,10.00,1,-10670.00
2026-03-06T11:32:00.000Z,2026-03-06T13:55:00.000Z,BUY,0.01,2,1,10.00,2,-10660.00
2026-03-06T13:55:00.000Z,2026-03-06T14:01:00.000Z,BUY,0.01,1,1,10.00,1,-10650.00
2026-03-06T14:01:00.000Z,2026-03-06T14:19:00.000Z,BUY,0.01,1,1,10.00,1,-10640.00
2026-03-06T14:19:00.000Z,2026-03-06T15:30:00.000Z,BUY,0.01,3,1,10.00,3,-10630.00
2026-03-06T15:30:00.000Z,2026-03-06T15:30:00.000Z,BUY,0.01,1,1,10.00,1,-10620.00
2026-03-06T15:30:00.000Z,2026-03-06T15:30:00.000Z,BUY,0.01,2,1,10.00,2,-10610.00
2026-03-06T15:30:00.000Z,2026-03-06T15:30:00.000Z,BUY,0.01,1,1,10.00,1,-10600.00
2026-03-06T15:30:00.000Z,2026-03-06T15:30:00.000Z,BUY,0.01,1,1,10.00,1,-10590.00
2026-03-06T15:30:00.000Z,2026-03-06T15:30:00.000Z,BUY,0.01,1,1,10.00,1,-10580.00
2026-03-06T15:30:00.000Z,2026-03-06T15:33:00.000Z,BUY,0.01,1,1,10.00,1,-10570.00
2026-03-06T15:33:00.000Z,2026-03-06T15:56:00.000Z,BUY,0.01,2,1,10.00,2,-10560.00
2026-03-06T15:56:00.000Z,2026-03-06T16:24:00.000Z,BUY,0.01,3,1,10.00,3,-10550.00
2026-03-06T16:24:00.000Z,2026-03-06T16:31:00.000Z,BUY,0.01,1,1,10.00,1,-10540.00
2026-03-06T16:31:00.000Z,2026-03-06T16:42:00.000Z,BUY,0.01,2,1,10.00,2,-10530.00
2026-03-06T16:42:00.000Z,2026-03-06T16:42:00.000Z,BUY,0.01,1,1,10.00,1,-10520.00
2026-03-06T16:42:00.000Z,2026-03-06T16:54:00.000Z,BUY,0.01,1,1,10.00,1,-10510.00
2026-03-06T16:54:00.000Z,2026-03-06T16:56:00.000Z,BUY,0.01,1,1,10.00,1,-10500.00
2026-03-06T16:56:00.000Z,2026-03-06T16:58:00.000Z,BUY,0.01,1,1,10.00,1,-10490.00
2026-03-06T16:58:00.000Z,2026-03-06T17:00:00.000Z,BUY,0.01,1,1,10.00,1,-10480.00
2026-03-06T17:00:00.000Z,2026-03-06T17:02:00.000Z,BUY,0.01,1,1,10.00,1,-10470.00
2026-03-06T17:02:00.000Z,2026-03-06T17:02:00.000Z,BUY,0.01,1,1,10.00,1,-10460.00
2026-03-06T17:02:00.000Z,2026-03-06T17:24:00.000Z,BUY,0.01,1,1,10.00,1,-10450.00
2026-03-06T17:24:00.000Z,2026-03-06T17:52:00.000Z,BUY,0.01,2,1,10.00,2,-10440.00
2026-03-06T17:52:00.000Z,2026-03-06T17:58:00.000Z,BUY,0.01,1,1,10.00,1,-10430.00
2026-03-06T17:58:00.000Z,2026-03-06T20:39:00.000Z,BUY,0.01,3,1,10.00,3,-10420.00
2026-03-06T20:39:00.000Z,2026-03-09T01:00:00.000Z,SELL,0.01,1,1,10.00,1,-10410.00
2026-03-09T01:00:00.000Z,2026-03-09T01:00:00.000Z,SELL,0.01,1,1,10.00,1,-10400.00
2026-03-09T01:00:00.000Z,2026-03-09T01:02:00.000Z,SELL,0.01,1,1,10.00,1,-10390.00
2026-03-09T01:02:00.000Z,2026-03-09T01:03:00.000Z,SELL,0.01,1,1,10.00,1,-10380.00
2026-03-09T01:03:00.000Z,2026-03-09T01:10:00.000Z,SELL,0.01,1,1,10.00,1,-10370.00
2026-03-09T01:10:00.000Z,2026-03-09T01:10:00.000Z,SELL,0.01,1,1,10.00,1,-10360.00
2026-03-09T01:10:00.000Z,2026-03-09T01:35:00.000Z,SELL,0.01,1,1,10.00,1,-10350.00
2026-03-09T01:35:00.000Z,2026-03-09T01:39:00.000Z,SELL,0.01,1,1,10.00,1,-10340.00
2026-03-09T01:39:00.000Z,2026-03-09T01:42:00.000Z,SELL,0.01,1,1,10.00,1,-10330.00
2026-03-09T01:42:00.000Z,2026-03-09T01:42:00.000Z,SELL,0.01,1,1,10.00,1,-10320.00
2026-03-09T01:42:00.000Z,2026-03-09T01:43:00.000Z,SELL,0.01,1,1,10.00,1,-10310.00
2026-03-09T01:43:00.000Z,2026-03-09T01:45:00.000Z,SELL,0.01,2,1,10.00,2,-10300.00
2026-03-09T01:45:00.000Z,2026-03-09T01:47:00.000Z,SELL,0.01,1,1,10.00,1,-10290.00
2026-03-09T01:47:00.000Z,2026-03-09T02:06:00.000Z,SELL,0.01,1,1,10.00,1,-10280.00
2026-03-09T02:06:00.000Z,2026-03-09T02:13:00.000Z,SELL,0.01,1,1,10.00,1,-10270.00
2026-03-09T02:13:00.000Z,2026-03-09T02:13:00.000Z,SELL,0.01,1,1,10.00,1,-10260.00
2026-03-09T02:13:00.000Z,2026-03-09T03:00:00.000Z,SELL,0.01,3,1,10.00,3,-10250.00
2026-03-09T03:00:00.000Z,2026-03-09T03:00:00.000Z,BUY,0.01,1,1,10.00,1,-10240.00
2026-03-09T03:00:00.000Z,2026-03-09T03:00:00.000Z,BUY,0.01,1,1,10.00,1,-10230.00
2026-03-09T03:00:00.000Z,2026-03-09T03:06:00.000Z,BUY,0.01,3,1,10.00,3,-10220.00
2026-03-09T03:06:00.000Z,2026-03-09T03:12:00.000Z,BUY,0.01,1,1,10.00,1,-10210.00
2026-03-09T03:12:00.000Z,2026-03-09T03:15:00.000Z,BUY,0.01,1,1,10.00,1,-10200.00
2026-03-09T03:15:00.000Z,2026-03-09T03:19:00.000Z,BUY,0.01,1,1,10.00,1,-10190.00
2026-03-09T03:19:00.000Z,2026-03-09T04:14:00.000Z,BUY,0.01,3,1,10.00,3,-10180.00
2026-03-09T04:14:00.000Z,2026-03-09T07:33:00.000Z,BUY,0.01,3,1,10.00,3,-10170.00
2026-03-09T07:33:00.000Z,2026-03-09T07:43:00.000Z,BUY,0.01,1,1,10.00,1,-10160.00
2026-03-09T07:43:00.000Z,2026-03-09T07:45:00.000Z,BUY,0.01,1,1,10.00,1,-10150.00
2026-03-09T07:45:00.000Z,2026-03-09T07:47:00.000Z,BUY,0.01,1,1,10.00,1,-10140.00
2026-03-09T07:47:00.000Z,2026-03-09T08:43:00.000Z,BUY,0.01,2,1,10.00,2,-10130.00
2026-03-09T08:43:00.000Z,2026-03-09T08:43:00.000Z,BUY,0.01,1,1,10.00,1,-10120.00
2026-03-09T08:43:00.000Z,2026-03-09T11:29:00.000Z,BUY,0.01,3,1,10.00,3,-10110.00
2026-03-09T11:29:00.000Z,2026-03-09T12:30:00.000Z,BUY,0.01,2,1,10.00,2,-10100.00
2026-03-09T12:30:00.000Z,2026-03-09T14:28:00.000Z,BUY,0.01,1,1,10.00,1,-10090.00
2026-03-09T14:28:00.000Z,2026-03-09T15:42:00.000Z,BUY,0.01,4,1,10.00,4,-10080.00
2026-03-09T15:42:00.000Z,2026-03-09T16:04:00.000Z,BUY,0.01,1,1,10.00,1,-10070.00
2026-03-09T16:04:00.000Z,2026-03-09T16:40:00.000Z,BUY,0.01,3,1,10.00,3,-10060.00
2026-03-09T16:40:00.000Z,2026-03-09T16:44:00.000Z,BUY,0.01,1,1,10.00,1,-10050.00
2026-03-09T16:44:00.000Z,2026-03-09T20:41:00.000Z,BUY,0.01,3,1,10.00,3,-10040.00
2026-03-09T20:41:00.000Z,2026-03-09T21:01:00.000Z,BUY,0.01,1,1,10.00,1,-10030.00
2026-03-09T21:01:00.000Z,2026-03-09T21:20:00.000Z,BUY,0.01,1,1,10.00,1,-10020.00
2026-03-09T21:20:00.000Z,2026-03-10T01:00:00.000Z,BUY,0.01,1,1,10.00,1,-10010.00
2026-03-10T01:00:00.000Z,2026-03-10T01:44:00.000Z,SELL,0.01,1,1,10.00,1,-10000.00
2026-03-10T01:44:00.000Z,2026-03-10T02:32:00.000Z,SELL,0.01,1,1,10.00,1,-9990.00
2026-03-10T02:32:00.000Z,2026-03-10T03:20:00.000Z,SELL,0.01,2,1,10.00,2,-9980.00
2026-03-10T03:20:00.000Z,2026-03-10T10:30:00.000Z,SELL,0.01,4,1,10.00,4,-9970.00
2026-03-10T10:30:00.000Z,2026-03-10T12:04:00.000Z,SELL,0.01,1,1,10.00,1,-9960.00
2026-03-10T12:04:00.000Z,2026-03-10T12:33:00.000Z,SELL,0.01,1,1,10.00,1,-9950.00
2026-03-10T12:33:00.000Z,2026-03-10T12:39:00.000Z,SELL,0.01,1,1,10.00,1,-9940.00
2026-03-10T12:39:00.000Z,2026-03-10T13:05:00.000Z,SELL,0.01,2,1,10.00,2,-9930.00
2026-03-10T13:05:00.000Z,2026-03-10T13:31:00.000Z,SELL,0.01,1,1,10.00,1,-9920.00
2026-03-10T13:31:00.000Z,2026-03-10T14:05:00.000Z,SELL,0.01,1,1,10.00,1,-9910.00
2026-03-10T14:05:00.000Z,2026-03-10T15:01:00.000Z,SELL,0.01,2,1,10.00,2,-9900.00
2026-03-10T15:01:00.000Z,2026-03-10T15:26:00.000Z,SELL,0.01,2,1,10.00,2,-9890.00
2026-03-10T15:26:00.000Z,2026-03-10T15:30:00.000Z,SELL,0.01,1,1,10.00,1,-9880.00
2026-03-10T15:30:00.000Z,2026-03-10T15:45:00.000Z,SELL,0.01,1,1,10.00,1,-9870.00
2026-03-10T15:45:00.000Z,2026-03-10T16:07:00.000Z,SELL,0.01,1,1,10.00,1,-9860.00
2026-03-10T16:07:00.000Z,2026-03-10T16:10:00.000Z,SELL,0.01,1,1,10.00,1,-9850.00
2026-03-10T16:10:00.000Z,2026-03-10T17:03:00.000Z,SELL,0.01,2,1,10.00,2,-9840.00
2026-03-10T17:03:00.000Z,2026-03-10T20:16:00.000Z,SELL,0.01,3,1,10.00,3,-9830.00
2026-03-10T20:16:00.000Z,2026-03-10T20:17:00.000Z,SELL,0.01,1,1,10.00,1,-9820.00
2026-03-10T20:17:00.000Z,2026-03-10T20:18:00.000Z,SELL,0.01,1,1,10.00,1,-9810.00
2026-03-10T20:18:00.000Z,2026-03-10T20:18:00.000Z,SELL,0.01,1,1,10.00,1,-9800.00
2026-03-10T20:18:00.000Z,2026-03-10T20:19:00.000Z,SELL,0.01,3,1,10.00,3,-9790.00
2026-03-10T20:19:00.000Z,2026-03-10T20:24:00.000Z,SELL,0.01,2,1,10.00,2,-9780.00
2026-03-10T20:24:00.000Z,2026-03-10T21:01:00.000Z,SELL,0.01,1,1,10.00,1,-9770.00
2026-03-10T21:01:00.000Z,2026-03-11T02:26:00.000Z,SELL,0.01,4,1,10.00,4,-9760.00
2026-03-11T02:26:00.000Z,2026-03-11T04:01:00.000Z,SELL,0.01,1,1,10.00,1,-9750.00
2026-03-11T04:01:00.000Z,2026-03-11T07:30:00.000Z,SELL,0.01,1,1,10.00,1,-9740.00
2026-03-11T07:30:00.000Z,2026-03-11T10:26:00.000Z,SELL,0.01,1,1,10.00,1,-9730.00
2026-03-11T10:26:00.000Z,2026-03-11T14:37:00.000Z,SELL,0.01,1,1,10.00,1,-9720.00
2026-03-11T14:37:00.000Z,2026-03-11T16:01:00.000Z,BUY,0.01,3,1,10.00,3,-9710.00
2026-03-11T16:01:00.000Z,2026-03-11T16:29:00.000Z,BUY,0.01,1,1,10.00,1,-9700.00
2026-03-11T16:29:00.000Z,2026-03-11T18:08:00.000Z,BUY,0.01,2,1,10.00,2,-9690.00
2026-03-11T18:08:00.000Z,2026-03-11T18:38:00.000Z,BUY,0.01,1,1,10.00,1,-9680.00
2026-03-11T18:38:00.000Z,2026-03-12T00:56:00.000Z,BUY,0.01,2,1,10.00,2,-9670.00
2026-03-12T00:56:00.000Z,2026-03-12T00:56:00.000Z,BUY,0.01,1,1,10.00,1,-9660.00
2026-03-12T00:56:00.000Z,2026-03-12T03:01:00.000Z,BUY,0.01,5,1,10.00,5,-9650.00
2026-03-12T03:01:00.000Z,2026-03-12T04:20:00.000Z,BUY,0.01,1,1,10.00,1,-9640.00
2026-03-12T04:20:00.000Z,2026-03-12T06:39:00.000Z,BUY,0.01,2,1,10.00,2,-9630.00
2026-03-12T06:39:00.000Z,2026-03-12T07:45:00.000Z,BUY,0.01,1,1,10.00,1,-9620.00
2026-03-12T07:45:00.000Z,2026-03-12T08:40:00.000Z,BUY,0.01,1,1,10.00,1,-9610.00
2026-03-12T08:40:00.000Z,2026-03-12T09:42:00.000Z,BUY,0.01,1,1,10.00,1,-9600.00
2026-03-12T09:42:00.000Z,2026-03-12T10:01:00.000Z,BUY,0.01,1,1,10.00,1,-9590.00
2026-03-12T10:01:00.000Z,2026-03-12T15:43:00.000Z,BUY,0.01,4,1,10.00,4,-9580.00
2026-03-12T15:43:00.000Z,2026-03-12T16:33:00.000Z,SELL,0.01,1,1,10.00,1,-9570.00
2026-03-12T16:33:00.000Z,2026-03-12T17:11:00.000Z,BUY,0.01,2,1,10.00,2,-9560.00
2026-03-12T17:11:00.000Z,2026-03-12T17:11:00.000Z,BUY,0.01,1,1,10.00,1,-9550.00
2026-03-12T17:11:00.000Z,2026-03-12T18:21:00.000Z,BUY,0.01,1,1,10.00,1,-9540.00
2026-03-12T18:21:00.000Z,2026-03-12T19:41:00.000Z,BUY,0.01,2,1,10.00,2,-9530.00
2026-03-12T19:41:00.000Z,2026-03-12T22:26:00.000Z,BUY,0.01,2,1,10.00,2,-9520.00
2026-03-12T22:26:00.000Z,2026-03-13T00:06:00.000Z,BUY,0.01,3,1,10.00,3,-9510.00
2026-03-13T00:06:00.000Z,2026-03-13T01:24:00.000Z,BUY,0.01,1,1,10.00,1,-9500.00
2026-03-13T01:24:00.000Z,2026-03-13T02:13:00.000Z,BUY,0.01,1,1,10.00,1,-9490.00
2026-03-13T02:13:00.000Z,2026-03-13T03:00:00.000Z,BUY,0.01,1,1,10.00,1,-9480.00
2026-03-13T03:00:00.000Z,2026-03-13T04:00:00.000Z,BUY,0.01,1,1,10.00,1,-9470.00
2026-03-13T04:00:00.000Z,2026-03-13T08:21:00.000Z,BUY,0.01,2,1,10.00,2,-9460.00
2026-03-13T08:21:00.000Z,2026-03-13T10:06:00.000Z,BUY,0.01,2,1,10.00,2,-9450.00
2026-03-13T10:06:00.000Z,2026-03-13T10:13:00.000Z,BUY,0.01,1,1,10.00,1,-9440.00
2026-03-13T10:13:00.000Z,2026-03-13T10:59:00.000Z,BUY,0.01,1,1,10.00,1,-9430.00
2026-03-13T10:59:00.000Z,2026-03-13T12:53:00.000Z,BUY,0.01,1,1,10.00,1,-9420.00
2026-03-13T12:53:00.000Z,2026-03-13T14:00:00.000Z,BUY,0.01,1,1,10.00,1,-9410.00
2026-03-13T14:00:00.000Z,2026-03-13T14:02:00.000Z,BUY,0.01,1,1,10.00,1,-9400.00
2026-03-13T14:02:00.000Z,2026-03-13T16:16:00.000Z,BUY,0.01,2,1,10.00,2,-9390.00
2026-03-13T16:16:00.000Z,2026-03-13T16:53:00.000Z,BUY,0.01,2,1,10.00,2,-9380.00
2026-03-13T16:53:00.000Z,2026-03-13T17:12:00.000Z,BUY,0.01,3,1,10.00,3,-9370.00
2026-03-13T17:12:00.000Z,2026-03-13T17:54:00.000Z,BUY,0.01,2,1,10.00,2,-9360.00
2026-03-13T17:54:00.000Z,2026-03-13T18:33:00.000Z,BUY,0.01,1,1,10.00,1,-9350.00
2026-03-13T18:33:00.000Z,2026-03-13T19:15:00.000Z,BUY,0.01,1,1,10.00,1,-9340.00
2026-03-13T19:15:00.000Z,2026-03-13T21:35:00.000Z,BUY,0.01,2,1,10.00,2,-9330.00
2026-03-13T21:35:00.000Z,2026-03-16T01:20:00.000Z,BUY,0.01,4,1,10.00,4,-9320.00
2026-03-16T01:20:00.000Z,2026-03-16T01:23:00.000Z,BUY,0.01,2,1,10.00,2,-9310.00
2026-03-16T01:23:00.000Z,2026-03-16T01:23:00.000Z,BUY,0.01,1,1,10.00,1,-9300.00
2026-03-16T01:23:00.000Z,2026-03-16T01:28:00.000Z,BUY,0.01,1,1,10.00,1,-9290.00
2026-03-16T01:28:00.000Z,2026-03-16T02:00:00.000Z,BUY,0.01,1,1,10.00,1,-9280.00
2026-03-16T02:00:00.000Z,2026-03-16T02:01:00.000Z,BUY,0.01,1,1,10.00,1,-9270.00
2026-03-16T02:01:00.000Z,2026-03-16T02:02:00.000Z,BUY,0.01,1,1,10.00,1,-9260.00
2026-03-16T02:02:00.000Z,2026-03-16T02:34:00.000Z,BUY,0.01,1,1,10.00,1,-9250.00
2026-03-16T02:34:00.000Z,2026-03-16T03:13:00.000Z,BUY,0.01,2,1,10.00,2,-9240.00
2026-03-16T03:13:00.000Z,2026-03-16T03:55:00.000Z,BUY,0.01,1,1,10.00,1,-9230.00
2026-03-16T03:55:00.000Z,2026-03-16T06:01:00.000Z,BUY,0.01,1,1,10.00,1,-9220.00
2026-03-16T06:01:00.000Z,2026-03-16T08:15:00.000Z,BUY,0.01,1,1,10.00,1,-9210.00
2026-03-16T08:15:00.000Z,2026-03-16T09:15:00.000Z,BUY,0.01,2,1,10.00,2,-9200.00
2026-03-16T09:15:00.000Z,2026-03-16T12:01:00.000Z,BUY,0.01,2,1,10.00,2,-9190.00
2026-03-16T12:01:00.000Z,2026-03-16T12:21:00.000Z,BUY,0.01,1,1,10.00,1,-9180.00
2026-03-16T12:21:00.000Z,2026-03-16T12:48:00.000Z,BUY,0.01,1,1,10.00,1,-9170.00
2026-03-16T12:48:00.000Z,2026-03-16T13:10:00.000Z,BUY,0.01,1,1,10.00,1,-9160.00
2026-03-16T13:10:00.000Z,2026-03-16T13:19:00.000Z,BUY,0.01,1,1,10.00,1,-9150.00
2026-03-16T13:19:00.000Z,2026-03-16T13:26:00.000Z,BUY,0.01,1,1,10.00,1,-9140.00
2026-03-16T13:26:00.000Z,2026-03-16T15:35:00.000Z,BUY,0.01,3,1,10.00,3,-9130.00
2026-03-16T15:35:00.000Z,2026-03-16T16:42:00.000Z,BUY,0.01,2,1,10.00,2,-9120.00
2026-03-16T16:42:00.000Z,2026-03-16T20:38:00.000Z,BUY,0.01,3,1,10.00,3,-9110.00
2026-03-16T20:38:00.000Z,2026-03-17T03:50:00.000Z,BUY,0.01,1,1,10.00,1,-9100.00
2026-03-17T03:50:00.000Z,2026-03-17T05:30:00.000Z,BUY,0.01,1,1,10.00,1,-9090.00
2026-03-17T05:30:00.000Z,2026-03-17T07:17:00.000Z,BUY,0.01,1,1,10.00,1,-9080.00
2026-03-17T07:17:00.000Z,2026-03-17T07:28:00.000Z,SELL,0.01,1,1,10.00,1,-9070.00
2026-03-17T07:28:00.000Z,2026-03-17T07:54:00.000Z,SELL,0.01,1,1,10.00,1,-9060.00
2026-03-17T07:54:00.000Z,2026-03-17T08:01:00.000Z,SELL,0.01,1,1,10.00,1,-9050.00
2026-03-17T08:01:00.000Z,2026-03-17T12:07:00.000Z,SELL,0.01,1,1,10.00,1,-9040.00
2026-03-17T12:07:00.000Z,2026-03-17T12:42:00.000Z,SELL,0.01,1,1,10.00,1,-9030.00
2026-03-17T12:42:00.000Z,2026-03-17T14:32:00.000Z,SELL,0.01,2,1,10.00,2,-9020.00
2026-03-17T14:32:00.000Z,2026-03-17T17:34:00.000Z,BUY,0.01,2,1,10.00,2,-9010.00
2026-03-17T17:34:00.000Z,2026-03-17T18:18:00.000Z,BUY,0.01,1,1,10.00,1,-9000.00
2026-03-17T18:18:00.000Z,2026-03-18T03:10:00.000Z,BUY,0.01,1,1,10.00,1,-8990.00
2026-03-18T03:10:00.000Z,2026-03-18T06:39:00.000Z,BUY,0.01,2,1,10.00,2,-8980.00
2026-03-18T06:39:00.000Z,2026-03-18T07:34:00.000Z,BUY,0.01,1,1,10.00,1,-8970.00
2026-03-18T07:34:00.000Z,2026-03-18T08:11:00.000Z,BUY,0.01,1,1,10.00,1,-8960.00
2026-03-18T08:11:00.000Z,2026-03-18T08:35:00.000Z,BUY,0.01,1,1,10.00,1,-8950.00
2026-03-18T08:35:00.000Z,2026-03-18T10:24:00.000Z,BUY,0.01,2,1,10.00,2,-8940.00
2026-03-18T10:24:00.000Z,2026-03-18T11:21:00.000Z,BUY,0.01,1,1,10.00,1,-8930.00
2026-03-18T11:21:00.000Z,2026-03-18T12:35:00.000Z,BUY,0.01,2,1,10.00,2,-8920.00
2026-03-18T12:35:00.000Z,2026-03-18T12:35:00.000Z,BUY,0.01,1,1,10.00,1,-8910.00
2026-03-18T12:35:00.000Z,2026-03-18T13:40:00.000Z,BUY,0.01,2,1,10.00,2,-8900.00
2026-03-18T13:40:00.000Z,2026-03-18T14:09:00.000Z,BUY,0.01,2,1,10.00,2,-8890.00
2026-03-18T14:09:00.000Z,2026-03-18T14:37:00.000Z,BUY,0.01,2,1,10.00,2,-8880.00
2026-03-18T14:37:00.000Z,2026-03-18T15:01:00.000Z,BUY,0.01,2,1,10.00,2,-8870.00
2026-03-18T15:01:00.000Z,2026-03-18T15:04:00.000Z,BUY,0.01,1,1,10.00,1,-8860.00
2026-03-18T15:04:00.000Z,2026-03-18T15:18:00.000Z,BUY,0.01,2,1,10.00,2,-8850.00
2026-03-18T15:18:00.000Z,2026-03-18T15:19:00.000Z,BUY,0.01,1,1,10.00,1,-8840.00
2026-03-18T15:19:00.000Z,2026-03-18T15:20:00.000Z,BUY,0.01,1,1,10.00,1,-8830.00
2026-03-18T15:20:00.000Z,2026-03-18T15:26:00.000Z,BUY,0.01,1,1,10.00,1,-8820.00
2026-03-18T15:26:00.000Z,2026-03-18T15:41:00.000Z,BUY,0.01,1,1,10.00,1,-8810.00
2026-03-18T15:41:00.000Z,2026-03-18T16:04:00.000Z,BUY,0.01,1,1,10.00,1,-8800.00
2026-03-18T16:04:00.000Z,2026-03-18T19:24:00.000Z,BUY,0.01,3,1,10.00,3,-8790.00
2026-03-18T19:24:00.000Z,2026-03-18T20:50:00.000Z,BUY,0.01,2,1,10.00,2,-8780.00
2026-03-18T20:50:00.000Z,2026-03-18T22:11:00.000Z,BUY,0.01,2,1,10.00,2,-8770.00
2026-03-18T22:11:00.000Z,2026-03-19T00:21:00.000Z,BUY,0.01,4,1,10.00,4,-8760.00
2026-03-19T00:21:00.000Z,2026-03-19T00:24:00.000Z,BUY,0.01,1,1,10.00,1,-8750.00
2026-03-19T00:24:00.000Z,2026-03-19T00:36:00.000Z,BUY,0.01,1,1,10.00,1,-8740.00
2026-03-19T00:36:00.000Z,2026-03-19T00:48:00.000Z,BUY,0.01,1,1,10.00,1,-8730.00
2026-03-19T00:48:00.000Z,2026-03-19T02:06:00.000Z,BUY,0.01,1,1,10.00,1,-8720.00
2026-03-19T02:06:00.000Z,2026-03-19T03:37:00.000Z,BUY,0.01,1,1,10.00,1,-8710.00
2026-03-19T03:37:00.000Z,2026-03-19T07:56:00.000Z,BUY,0.01,2,1,10.00,2,-8700.00
2026-03-19T07:56:00.000Z,2026-03-19T08:01:00.000Z,BUY,0.01,1,1,10.00,1,-8690.00
2026-03-19T08:01:00.000Z,2026-03-19T08:35:00.000Z,BUY,0.01,2,1,10.00,2,-8680.00
2026-03-19T08:35:00.000Z,2026-03-19T08:46:00.000Z,BUY,0.01,2,1,10.00,2,-8670.00
2026-03-19T08:46:00.000Z,2026-03-19T09:44:00.000Z,BUY,0.01,4,1,10.00,4,-8660.00
2026-03-19T09:44:00.000Z,2026-03-19T10:05:00.000Z,BUY,0.01,2,1,10.00,2,-8650.00
2026-03-19T10:05:00.000Z,2026-03-19T10:05:00.000Z,BUY,0.01,1,1,10.00,1,-8640.00
2026-03-19T10:05:00.000Z,2026-03-19T10:34:00.000Z,BUY,0.01,4,1,10.00,4,-8630.00
2026-03-19T10:34:00.000Z,2026-03-19T10:35:00.000Z,BUY,0.01,1,1,10.00,1,-8620.00
2026-03-19T10:35:00.000Z,2026-03-19T10:36:00.000Z,BUY,0.01,1,1,10.00,1,-8610.00
2026-03-19T10:36:00.000Z,2026-03-19T10:42:00.000Z,BUY,0.01,2,1,10.00,2,-8600.00
2026-03-19T10:42:00.000Z,2026-03-19T10:42:00.000Z,BUY,0.01,1,1,10.00,1,-8590.00
2026-03-19T10:42:00.000Z,2026-03-19T10:47:00.000Z,BUY,0.01,1,1,10.00,1,-8580.00
2026-03-19T10:47:00.000Z,2026-03-19T10:48:00.000Z,BUY,0.01,1,1,10.00,1,-8570.00
2026-03-19T10:48:00.000Z,2026-03-19T11:13:00.000Z,BUY,0.01,2,1,10.00,2,-8560.00
2026-03-19T11:13:00.000Z,2026-03-19T11:15:00.000Z,BUY,0.01,1,1,10.00,1,-8550.00
2026-03-19T11:15:00.000Z,2026-03-19T11:17:00.000Z,BUY,0.01,1,1,10.00,1,-8540.00
2026-03-19T11:17:00.000Z,2026-03-19T11:22:00.000Z,BUY,0.01,1,1,10.00,1,-8530.00
2026-03-19T11:22:00.000Z,2026-03-19T12:17:00.000Z,BUY,0.01,4,1,10.00,4,-8520.00
2026-03-19T12:17:00.000Z,2026-03-19T12:17:00.000Z,BUY,0.01,1,1,10.00,1,-8510.00
2026-03-19T12:17:00.000Z,2026-03-19T12:53:00.000Z,BUY,0.01,4,1,10.00,4,-8500.00
2026-03-19T12:53:00.000Z,2026-03-19T12:59:00.000Z,BUY,0.01,1,1,10.00,1,-8490.00
2026-03-19T12:59:00.000Z,2026-03-19T13:01:00.000Z,BUY,0.01,1,1,10.00,1,-8480.00
2026-03-19T13:01:00.000Z,2026-03-19T13:42:00.000Z,BUY,0.01,2,1,10.00,2,-8470.00
2026-03-19T13:42:00.000Z,2026-03-19T13:42:00.000Z,BUY,0.01,1,1,10.00,1,-8460.00
2026-03-19T13:42:00.000Z,2026-03-19T14:01:00.000Z,BUY,0.01,2,1,10.00,2,-8450.00
2026-03-19T14:01:00.000Z,2026-03-19T14:01:00.000Z,BUY,0.01,1,1,10.00,1,-8440.00
2026-03-19T14:01:00.000Z,2026-03-19T14:10:00.000Z,BUY,0.01,2,1,10.00,2,-8430.00
2026-03-19T14:10:00.000Z,2026-03-19T14:43:00.000Z,BUY,0.01,2,1,10.00,2,-8420.00
2026-03-19T14:43:00.000Z,2026-03-19T14:44:00.000Z,BUY,0.01,2,1,10.00,2,-8410.00
2026-03-19T14:44:00.000Z,2026-03-19T14:44:00.000Z,BUY,0.01,1,1,10.00,1,-8400.00
2026-03-19T14:44:00.000Z,2026-03-19T14:47:00.000Z,BUY,0.01,2,1,10.00,2,-8390.00
2026-03-19T14:47:00.000Z,2026-03-19T14:47:00.000Z,BUY,0.01,1,1,10.00,1,-8380.00
2026-03-19T14:47:00.000Z,2026-03-19T14:50:00.000Z,BUY,0.01,3,1,10.00,3,-8370.00
2026-03-19T14:50:00.000Z,2026-03-19T14:52:00.000Z,BUY,0.01,1,1,10.00,1,-8360.00
2026-03-19T14:52:00.000Z,2026-03-19T14:57:00.000Z,BUY,0.01,1,1,10.00,1,-8350.00
2026-03-19T14:57:00.000Z,2026-03-19T15:01:00.000Z,BUY,0.01,2,1,10.00,2,-8340.00
2026-03-19T15:01:00.000Z,2026-03-19T15:02:00.000Z,BUY,0.01,4,1,10.00,4,-8330.00
2026-03-19T15:02:00.000Z,2026-03-19T15:03:00.000Z,BUY,0.01,1,1,10.00,1,-8320.00
2026-03-19T15:03:00.000Z,2026-03-19T15:04:00.000Z,BUY,0.01,3,1,10.00,3,-8310.00
2026-03-19T15:04:00.000Z,2026-03-19T15:05:00.000Z,BUY,0.01,1,1,10.00,1,-8300.00
2026-03-19T15:05:00.000Z,2026-03-19T15:05:00.000Z,BUY,0.01,1,1,10.00,1,-8290.00
2026-03-19T15:05:00.000Z,2026-03-19T15:09:00.000Z,BUY,0.01,4,1,10.00,4,-8280.00
2026-03-19T15:09:00.000Z,2026-03-19T15:09:00.000Z,BUY,0.01,1,1,10.00,1,-8270.00
2026-03-19T15:09:00.000Z,2026-03-19T15:17:00.000Z,BUY,0.01,1,1,10.00,1,-8260.00
2026-03-19T15:17:00.000Z,2026-03-19T15:19:00.000Z,BUY,0.01,1,1,10.00,1,-8250.00
2026-03-19T15:19:00.000Z,2026-03-19T15:20:00.000Z,BUY,0.01,1,1,10.00,1,-8240.00
2026-03-19T15:20:00.000Z,2026-03-19T15:40:00.000Z,BUY,0.01,5,0,-2420.00,5,-10660.00
2026-03-19T15:40:00.000Z,2026-03-19T15:40:00.000Z,BUY,0.01,1,1,10.00,1,-10650.00
2026-03-19T15:40:00.000Z,2026-03-19T15:51:00.000Z,BUY,0.01,3,1,10.00,3,-10640.00
2026-03-19T15:51:00.000Z,2026-03-19T15:53:00.000Z,BUY,0.01,1,1,10.00,1,-10630.00
2026-03-19T15:53:00.000Z,2026-03-19T15:54:00.000Z,BUY,0.01,1,1,10.00,1,-10620.00
2026-03-19T15:54:00.000Z,2026-03-19T15:56:00.000Z,BUY,0.01,1,1,10.00,1,-10610.00
2026-03-19T15:56:00.000Z,2026-03-19T15:57:00.000Z,BUY,0.01,1,1,10.00,1,-10600.00
2026-03-19T15:57:00.000Z,2026-03-19T16:00:00.000Z,BUY,0.01,1,1,10.00,1,-10590.00
2026-03-19T16:00:00.000Z,2026-03-19T16:00:00.000Z,BUY,0.01,1,1,10.00,1,-10580.00
2026-03-19T16:00:00.000Z,2026-03-19T16:11:00.000Z,BUY,0.01,1,1,10.00,1,-10570.00
2026-03-19T16:11:00.000Z,2026-03-19T16:15:00.000Z,BUY,0.01,2,1,10.00,2,-10560.00
2026-03-19T16:15:00.000Z,2026-03-19T16:15:00.000Z,BUY,0.01,1,1,10.00,1,-10550.00
2026-03-19T16:15:00.000Z,2026-03-19T16:27:00.000Z,BUY,0.01,2,1,10.00,2,-10540.00
2026-03-19T16:27:00.000Z,2026-03-19T16:35:00.000Z,BUY,0.01,1,1,10.00,1,-10530.00
2026-03-19T16:35:00.000Z,2026-03-19T16:36:00.000Z,BUY,0.01,1,1,10.00,1,-10520.00
2026-03-19T16:36:00.000Z,2026-03-19T16:51:00.000Z,BUY,0.01,1,1,10.00,1,-10510.00
2026-03-19T16:51:00.000Z,2026-03-19T17:02:00.000Z,BUY,0.01,2,1,10.00,2,-10500.00
2026-03-19T17:02:00.000Z,2026-03-19T17:04:00.000Z,BUY,0.01,1,1,10.00,1,-10490.00
2026-03-19T17:04:00.000Z,2026-03-19T17:05:00.000Z,BUY,0.01,1,1,10.00,1,-10480.00
2026-03-19T17:05:00.000Z,2026-03-19T17:05:00.000Z,BUY,0.01,1,1,10.00,1,-10470.00
2026-03-19T17:05:00.000Z,2026-03-19T17:06:00.000Z,BUY,0.01,1,1,10.00,1,-10460.00
2026-03-19T17:06:00.000Z,2026-03-19T17:17:00.000Z,BUY,0.01,2,1,10.00,2,-10450.00
2026-03-19T17:17:00.000Z,2026-03-19T17:33:00.000Z,BUY,0.01,2,1,10.00,2,-10440.00
2026-03-19T17:33:00.000Z,2026-03-19T17:50:00.000Z,BUY,0.01,1,1,10.00,1,-10430.00
2026-03-19T17:50:00.000Z,2026-03-19T17:56:00.000Z,BUY,0.01,1,1,10.00,1,-10420.00
2026-03-19T17:56:00.000Z,2026-03-19T17:56:00.000Z,BUY,0.01,1,1,10.00,1,-10410.00
2026-03-19T17:56:00.000Z,2026-03-19T18:05:00.000Z,BUY,0.01,1,1,10.00,1,-10400.00
2026-03-19T18:05:00.000Z,2026-03-19T18:33:00.000Z,BUY,0.01,2,1,10.00,2,-10390.00
2026-03-19T18:33:00.000Z,2026-03-19T18:40:00.000Z,BUY,0.01,1,1,10.00,1,-10380.00
2026-03-19T18:40:00.000Z,2026-03-19T19:22:00.000Z,BUY,0.01,3,1,10.00,3,-10370.00
2026-03-19T19:22:00.000Z,2026-03-19T19:51:00.000Z,BUY,0.01,1,1,10.00,1,-10360.00
2026-03-19T19:51:00.000Z,2026-03-19T21:00:00.000Z,BUY,0.01,3,1,10.00,3,-10350.00
2026-03-19T21:00:00.000Z,2026-03-19T21:01:00.000Z,BUY,0.01,1,1,10.00,1,-10340.00
2026-03-19T21:01:00.000Z,2026-03-19T21:06:00.000Z,BUY,0.01,1,1,10.00,1,-10330.00
2026-03-19T21:06:00.000Z,2026-03-19T21:11:00.000Z,BUY,0.01,1,1,10.00,1,-10320.00
2026-03-19T21:11:00.000Z,2026-03-20T00:14:00.000Z,BUY,0.01,3,1,10.00,3,-10310.00
2026-03-20T00:14:00.000Z,2026-03-20T00:52:00.000Z,BUY,0.01,2,1,10.00,2,-10300.00
2026-03-20T00:52:00.000Z,2026-03-20T02:02:00.000Z,BUY,0.01,1,1,10.00,1,-10290.00
2026-03-20T02:02:00.000Z,2026-03-20T02:14:00.000Z,BUY,0.01,1,1,10.00,1,-10280.00
2026-03-20T02:14:00.000Z,2026-03-20T03:05:00.000Z,BUY,0.01,3,1,10.00,3,-10270.00
2026-03-20T03:05:00.000Z,2026-03-20T03:40:00.000Z,BUY,0.01,3,1,10.00,3,-10260.00
2026-03-20T03:40:00.000Z,2026-03-20T03:45:00.000Z,BUY,0.01,1,1,10.00,1,-10250.00
2026-03-20T03:45:00.000Z,2026-03-20T04:50:00.000Z,BUY,0.01,3,1,10.00,3,-10240.00
2026-03-20T04:50:00.000Z,2026-03-20T05:05:00.000Z,BUY,0.01,1,1,10.00,1,-10230.00
2026-03-20T05:05:00.000Z,2026-03-20T05:11:00.000Z,BUY,0.01,1,1,10.00,1,-10220.00
2026-03-20T05:11:00.000Z,2026-03-20T05:18:00.000Z,BUY,0.01,1,1,10.00,1,-10210.00
2026-03-20T05:18:00.000Z,2026-03-20T07:33:00.000Z,BUY,0.01,2,1,10.00,2,-10200.00
2026-03-20T07:33:00.000Z,2026-03-20T07:39:00.000Z,BUY,0.01,1,1,10.00,1,-10190.00
2026-03-20T07:39:00.000Z,2026-03-20T08:27:00.000Z,BUY,0.01,2,1,10.00,2,-10180.00
2026-03-20T08:27:00.000Z,2026-03-20T09:39:00.000Z,BUY,0.01,3,1,10.00,3,-10170.00
2026-03-20T09:39:00.000Z,2026-03-20T09:57:00.000Z,BUY,0.01,1,1,10.00,1,-10160.00
2026-03-20T09:57:00.000Z,2026-03-20T10:11:00.000Z,BUY,0.01,1,1,10.00,1,-10150.00
2026-03-20T10:11:00.000Z,2026-03-20T10:19:00.000Z,BUY,0.01,1,1,10.00,1,-10140.00
2026-03-20T10:19:00.000Z,2026-03-20T10:26:00.000Z,BUY,0.01,1,1,10.00,1,-10130.00
2026-03-20T10:26:00.000Z,2026-03-20T10:33:00.000Z,BUY,0.01,2,1,10.00,2,-10120.00
2026-03-20T10:33:00.000Z,2026-03-20T11:40:00.000Z,BUY,0.01,2,1,10.00,2,-10110.00
2026-03-20T11:40:00.000Z,2026-03-20T12:55:00.000Z,BUY,0.01,2,1,10.00,2,-10100.00
2026-03-20T12:55:00.000Z,2026-03-20T13:03:00.000Z,BUY,0.01,1,1,10.00,1,-10090.00
2026-03-20T13:03:00.000Z,2026-03-20T13:14:00.000Z,BUY,0.01,1,1,10.00,1,-10080.00
2026-03-20T13:14:00.000Z,2026-03-20T14:00:00.000Z,BUY,0.01,1,1,10.00,1,-10070.00
2026-03-20T14:00:00.000Z,2026-03-20T14:07:00.000Z,BUY,0.01,1,1,10.00,1,-10060.00
2026-03-20T14:07:00.000Z,2026-03-20T15:10:00.000Z,BUY,0.01,2,1,10.00,2,-10050.00
2026-03-20T15:10:00.000Z,2026-03-20T15:11:00.000Z,BUY,0.01,1,1,10.00,1,-10040.00
2026-03-20T15:11:00.000Z,2026-03-20T15:51:00.000Z,BUY,0.01,2,1,10.00,2,-10030.00
2026-03-20T15:51:00.000Z,2026-03-20T16:08:00.000Z,BUY,0.01,2,1,10.00,2,-10020.00
2026-03-20T16:08:00.000Z,2026-03-20T16:08:00.000Z,BUY,0.01,1,1,10.00,1,-10010.00
2026-03-20T16:08:00.000Z,2026-03-20T16:14:00.000Z,BUY,0.01,2,1,10.00,2,-10000.00
2026-03-20T16:14:00.000Z,2026-03-20T16:25:00.000Z,BUY,0.01,2,1,10.00,2,-9990.00
2026-03-20T16:25:00.000Z,2026-03-20T16:25:00.000Z,BUY,0.01,1,1,10.00,1,-9980.00
2026-03-20T16:25:00.000Z,2026-03-20T16:33:00.000Z,BUY,0.01,1,1,10.00,1,-9970.00
2026-03-20T16:33:00.000Z,2026-03-20T17:25:00.000Z,BUY,0.01,4,1,10.00,4,-9960.00
2026-03-20T17:25:00.000Z,2026-03-20T17:25:00.000Z,BUY,0.01,1,1,10.00,1,-9950.00
2026-03-20T17:25:00.000Z,2026-03-20T17:31:00.000Z,BUY,0.01,1,1,10.00,1,-9940.00
2026-03-20T17:31:00.000Z,2026-03-20T18:05:00.000Z,BUY,0.01,3,1,10.00,3,-9930.00
2026-03-20T18:05:00.000Z,2026-03-20T18:14:00.000Z,BUY,0.01,1,1,10.00,1,-9920.00
2026-03-20T18:14:00.000Z,2026-03-20T18:19:00.000Z,BUY,0.01,1,1,10.00,1,-9910.00
2026-03-20T18:19:00.000Z,2026-03-20T18:20:00.000Z,BUY,0.01,1,1,10.00,1,-9900.00
2026-03-20T18:20:00.000Z,2026-03-20T18:31:00.000Z,BUY,0.01,2,1,10.00,2,-9890.00
2026-03-20T18:31:00.000Z,2026-03-20T18:36:00.000Z,BUY,0.01,1,1,10.00,1,-9880.00
2026-03-20T18:36:00.000Z,2026-03-20T19:08:00.000Z,BUY,0.01,3,1,10.00,3,-9870.00
2026-03-20T19:08:00.000Z,2026-03-20T19:31:00.000Z,BUY,0.01,2,1,10.00,2,-9860.00
2026-03-20T19:31:00.000Z,2026-03-20T20:22:00.000Z,BUY,0.01,2,1,10.00,2,-9850.00
2026-03-20T20:22:00.000Z,2026-03-20T20:22:00.000Z,BUY,0.01,1,1,10.00,1,-9840.00
2026-03-20T20:22:00.000Z,2026-03-20T20:47:00.000Z,BUY,0.01,2,1,10.00,2,-9830.00
2026-03-20T20:47:00.000Z,2026-03-20T20:55:00.000Z,BUY,0.01,2,1,10.00,2,-9820.00
2026-03-20T20:55:00.000Z,2026-03-20T20:55:00.000Z,BUY,0.01,1,1,10.00,1,-9810.00
2026-03-20T20:55:00.000Z,2026-03-20T21:00:00.000Z,BUY,0.01,3,1,10.00,3,-9800.00
2026-03-20T21:00:00.000Z,2026-03-23T00:01:00.000Z,BUY,0.01,4,1,10.00,4,-9790.00
2026-03-23T00:01:00.000Z,2026-03-23T00:05:00.000Z,BUY,0.01,3,1,10.00,3,-9780.00
2026-03-23T00:05:00.000Z,2026-03-23T00:06:00.000Z,BUY,0.01,1,1,10.00,1,-9770.00
2026-03-23T00:06:00.000Z,2026-03-23T00:07:00.000Z,BUY,0.01,1,1,10.00,1,-9760.00
2026-03-23T00:07:00.000Z,2026-03-23T00:19:00.000Z,BUY,0.01,3,1,10.00,3,-9750.00
2026-03-23T00:19:00.000Z,2026-03-23T00:24:00.000Z,BUY,0.01,1,1,10.00,1,-9740.00
2026-03-23T00:24:00.000Z,2026-03-23T00:57:00.000Z,BUY,0.01,2,1,10.00,2,-9730.00
2026-03-23T00:57:00.000Z,2026-03-23T01:02:00.000Z,BUY,0.01,1,1,10.00,1,-9720.00
2026-03-23T01:02:00.000Z,2026-03-23T01:34:00.000Z,BUY,0.01,2,1,10.00,2,-9710.00
2026-03-23T01:34:00.000Z,2026-03-23T01:44:00.000Z,BUY,0.01,1,1,10.00,1,-9700.00
2026-03-23T01:44:00.000Z,2026-03-23T01:48:00.000Z,BUY,0.01,2,1,10.00,2,-9690.00
2026-03-23T01:48:00.000Z,2026-03-23T01:48:00.000Z,BUY,0.01,1,1,10.00,1,-9680.00
2026-03-23T01:48:00.000Z,2026-03-23T01:48:00.000Z,BUY,0.01,1,1,10.00,1,-9670.00
2026-03-23T01:48:00.000Z,2026-03-23T02:02:00.000Z,BUY,0.01,2,1,10.00,2,-9660.00
2026-03-23T02:02:00.000Z,2026-03-23T02:15:00.000Z,BUY,0.01,4,1,10.00,4,-9650.00
2026-03-23T02:15:00.000Z,2026-03-23T02:15:00.000Z,BUY,0.01,1,1,10.00,1,-9640.00
2026-03-23T02:15:00.000Z,2026-03-23T02:25:00.000Z,BUY,0.01,3,1,10.00,3,-9630.00
2026-03-23T02:25:00.000Z,2026-03-23T02:34:00.000Z,BUY,0.01,2,1,10.00,2,-9620.00
2026-03-23T02:34:00.000Z,2026-03-23T02:35:00.000Z,BUY,0.01,2,1,10.00,2,-9610.00
2026-03-23T02:35:00.000Z,2026-03-23T02:35:00.000Z,BUY,0.01,1,1,10.00,1,-9600.00
2026-03-23T02:35:00.000Z,2026-03-23T02:36:00.000Z,BUY,0.01,2,1,10.00,2,-9590.00
2026-03-23T02:36:00.000Z,2026-03-23T02:38:00.000Z,BUY,0.01,4,1,10.00,4,-9580.00
2026-03-23T02:38:00.000Z,2026-03-23T02:39:00.000Z,BUY,0.01,1,1,10.00,1,-9570.00
2026-03-23T02:39:00.000Z,2026-03-23T02:39:00.000Z,BUY,0.01,1,1,10.00,1,-9560.00
2026-03-23T02:39:00.000Z,2026-03-23T02:44:00.000Z,BUY,0.01,1,1,10.00,1,-9550.00
2026-03-23T02:44:00.000Z,2026-03-23T02:52:00.000Z,BUY,0.01,2,1,10.00,2,-9540.00
2026-03-23T02:52:00.000Z,2026-03-23T02:52:00.000Z,BUY,0.01,1,1,10.00,1,-9530.00
2026-03-23T02:52:00.000Z,2026-03-23T02:57:00.000Z,BUY,0.01,3,1,10.00,3,-9520.00
2026-03-23T02:57:00.000Z,2026-03-23T02:58:00.000Z,BUY,0.01,1,1,10.00,1,-9510.00
2026-03-23T02:58:00.000Z,2026-03-23T03:00:00.000Z,BUY,0.01,2,1,10.00,2,-9500.00
2026-03-23T03:00:00.000Z,2026-03-23T03:00:00.000Z,BUY,0.01,1,1,10.00,1,-9490.00
2026-03-23T03:00:00.000Z,2026-03-23T03:00:00.000Z,BUY,0.01,1,1,10.00,1,-9480.00
2026-03-23T03:00:00.000Z,2026-03-23T03:03:00.000Z,BUY,0.01,1,1,10.00,1,-9470.00
2026-03-23T03:03:00.000Z,2026-03-23T03:04:00.000Z,BUY,0.01,1,1,10.00,1,-9460.00
2026-03-23T03:04:00.000Z,2026-03-23T03:05:00.000Z,BUY,0.01,1,1,10.00,1,-9450.00
2026-03-23T03:05:00.000Z,2026-03-23T03:06:00.000Z,BUY,0.01,1,1,10.00,1,-9440.00
2026-03-23T03:06:00.000Z,2026-03-23T03:08:00.000Z,BUY,0.01,1,1,10.00,1,-9430.00
2026-03-23T03:08:00.000Z,2026-03-23T03:08:00.000Z,BUY,0.01,1,1,10.00,1,-9420.00
2026-03-23T03:08:00.000Z,2026-03-23T03:16:00.000Z,BUY,0.01,3,1,10.00,3,-9410.00
2026-03-23T03:16:00.000Z,2026-03-23T03:18:00.000Z,BUY,0.01,1,1,10.00,1,-9400.00
2026-03-23T03:18:00.000Z,2026-03-23T03:32:00.000Z,BUY,0.01,1,1,10.00,1,-9390.00
2026-03-23T03:32:00.000Z,2026-03-23T03:48:00.000Z,BUY,0.01,2,1,10.00,2,-9380.00
2026-03-23T03:48:00.000Z,2026-03-23T03:59:00.000Z,BUY,0.01,2,1,10.00,2,-9370.00
2026-03-23T03:59:00.000Z,2026-03-23T04:01:00.000Z,BUY,0.01,1,1,10.00,1,-9360.00
2026-03-23T04:01:00.000Z,2026-03-23T04:01:00.000Z,BUY,0.01,1,1,10.00,1,-9350.00
2026-03-23T04:01:00.000Z,2026-03-23T04:02:00.000Z,BUY,0.01,3,1,10.00,3,-9340.00
2026-03-23T04:02:00.000Z,2026-03-23T04:32:00.000Z,BUY,0.01,4,1,10.00,4,-9330.00
2026-03-23T04:32:00.000Z,2026-03-23T04:53:00.000Z,BUY,0.01,2,1,10.00,2,-9320.00
2026-03-23T04:53:00.000Z,2026-03-23T04:53:00.000Z,BUY,0.01,1,1,10.00,1,-9310.00
2026-03-23T04:53:00.000Z,2026-03-23T05:02:00.000Z,BUY,0.01,1,1,10.00,1,-9300.00
2026-03-23T05:02:00.000Z,2026-03-23T05:26:00.000Z,BUY,0.01,2,1,10.00,2,-9290.00
2026-03-23T05:26:00.000Z,2026-03-23T05:30:00.000Z,BUY,0.01,1,1,10.00,1,-9280.00
2026-03-23T05:30:00.000Z,2026-03-23T06:00:00.000Z,BUY,0.01,3,1,10.00,3,-9270.00
2026-03-23T06:00:00.000Z,2026-03-23T06:36:00.000Z,BUY,0.01,1,1,10.00,1,-9260.00
2026-03-23T06:36:00.000Z,2026-03-23T07:30:00.000Z,BUY,0.01,4,1,10.00,4,-9250.00
2026-03-23T07:30:00.000Z,2026-03-23T07:51:00.000Z,BUY,0.01,2,1,10.00,2,-9240.00
2026-03-23T07:51:00.000Z,2026-03-23T08:03:00.000Z,BUY,0.01,2,1,10.00,2,-9230.00
2026-03-23T08:03:00.000Z,2026-03-23T08:15:00.000Z,BUY,0.01,1,1,10.00,1,-9220.00
2026-03-23T08:15:00.000Z,2026-03-23T08:15:00.000Z,BUY,0.01,1,1,10.00,1,-9210.00
2026-03-23T08:15:00.000Z,2026-03-23T08:18:00.000Z,BUY,0.01,2,1,10.00,2,-9200.00
2026-03-23T08:18:00.000Z,2026-03-23T08:18:00.000Z,BUY,0.01,1,1,10.00,1,-9190.00
2026-03-23T08:18:00.000Z,2026-03-23T08:28:00.000Z,BUY,0.01,2,1,10.00,2,-9180.00
2026-03-23T08:28:00.000Z,2026-03-23T08:32:00.000Z,BUY,0.01,2,1,10.00,2,-9170.00
2026-03-23T08:32:00.000Z,2026-03-23T08:32:00.000Z,BUY,0.01,1,1,10.00,1,-9160.00
2026-03-23T08:32:00.000Z,2026-03-23T08:43:00.000Z,BUY,0.01,4,1,10.00,4,-9150.00
2026-03-23T08:43:00.000Z,2026-03-23T08:43:00.000Z,BUY,0.01,1,1,10.00,1,-9140.00
2026-03-23T08:43:00.000Z,2026-03-23T08:44:00.000Z,BUY,0.01,2,1,10.00,2,-9130.00
2026-03-23T08:44:00.000Z,2026-03-23T08:44:00.000Z,BUY,0.01,1,1,10.00,1,-9120.00
2026-03-23T08:44:00.000Z,2026-03-23T08:47:00.000Z,BUY,0.01,2,1,10.00,2,-9110.00
2026-03-23T08:47:00.000Z,2026-03-23T08:47:00.000Z,BUY,0.01,1,1,10.00,1,-9100.00
2026-03-23T08:47:00.000Z,2026-03-23T08:48:00.000Z,BUY,0.01,1,1,10.00,1,-9090.00
2026-03-23T08:48:00.000Z,2026-03-23T08:49:00.000Z,BUY,0.01,3,1,10.00,3,-9080.00
2026-03-23T08:49:00.000Z,2026-03-23T08:50:00.000Z,BUY,0.01,1,1,10.00,1,-9070.00
2026-03-23T08:50:00.000Z,2026-03-23T08:51:00.000Z,BUY,0.01,1,1,10.00,1,-9060.00
2026-03-23T08:51:00.000Z,2026-03-23T09:01:00.000Z,BUY,0.01,2,1,10.00,2,-9050.00
2026-03-23T09:01:00.000Z,2026-03-23T09:01:00.000Z,BUY,0.01,1,1,10.00,1,-9040.00
2026-03-23T09:01:00.000Z,2026-03-23T09:01:00.000Z,BUY,0.01,1,1,10.00,1,-9030.00
2026-03-23T09:01:00.000Z,2026-03-23T09:04:00.000Z,BUY,0.01,2,1,10.00,2,-9020.00
2026-03-23T09:04:00.000Z,2026-03-23T09:04:00.000Z,BUY,0.01,1,1,10.00,1,-9010.00
2026-03-23T09:04:00.000Z,2026-03-23T09:06:00.000Z,BUY,0.01,2,1,10.00,2,-9000.00
2026-03-23T09:06:00.000Z,2026-03-23T09:06:00.000Z,BUY,0.01,1,1,10.00,1,-8990.00
2026-03-23T09:06:00.000Z,2026-03-23T09:08:00.000Z,BUY,0.01,2,1,10.00,2,-8980.00
2026-03-23T09:08:00.000Z,2026-03-23T09:08:00.000Z,BUY,0.01,1,1,10.00,1,-8970.00
2026-03-23T09:08:00.000Z,2026-03-23T09:08:00.000Z,BUY,0.01,1,1,10.00,1,-8960.00
2026-03-23T09:08:00.000Z,2026-03-23T09:14:00.000Z,BUY,0.01,4,1,10.00,4,-8950.00
2026-03-23T09:14:00.000Z,2026-03-23T09:14:00.000Z,BUY,0.01,1,1,10.00,1,-8940.00
2026-03-23T09:14:00.000Z,2026-03-23T09:17:00.000Z,BUY,0.01,3,1,10.00,3,-8930.00
2026-03-23T09:17:00.000Z,2026-03-23T09:18:00.000Z,BUY,0.01,2,1,10.00,2,-8920.00
2026-03-23T09:18:00.000Z,2026-03-23T09:18:00.000Z,BUY,0.01,1,1,10.00,1,-8910.00
2026-03-23T09:18:00.000Z,2026-03-23T09:18:00.000Z,BUY,0.01,1,1,10.00,1,-8900.00
2026-03-23T09:18:00.000Z,2026-03-23T09:20:00.000Z,BUY,0.01,2,1,10.00,2,-8890.00
2026-03-23T09:20:00.000Z,2026-03-23T09:23:00.000Z,BUY,0.01,1,1,10.00,1,-8880.00
2026-03-23T09:23:00.000Z,2026-03-23T09:24:00.000Z,BUY,0.01,1,1,10.00,1,-8870.00
2026-03-23T09:24:00.000Z,2026-03-23T09:24:00.000Z,BUY,0.01,1,1,10.00,1,-8860.00
2026-03-23T09:24:00.000Z,2026-03-23T09:26:00.000Z,BUY,0.01,2,1,10.00,2,-8850.00
2026-03-23T09:26:00.000Z,2026-03-23T09:27:00.000Z,BUY,0.01,1,1,10.00,1,-8840.00
2026-03-23T09:27:00.000Z,2026-03-23T09:27:00.000Z,BUY,0.01,1,1,10.00,1,-8830.00
2026-03-23T09:27:00.000Z,2026-03-23T09:31:00.000Z,BUY,0.01,1,1,10.00,1,-8820.00
2026-03-23T09:31:00.000Z,2026-03-23T09:33:00.000Z,BUY,0.01,1,1,10.00,1,-8810.00
2026-03-23T09:33:00.000Z,2026-03-23T09:34:00.000Z,BUY,0.01,1,1,10.00,1,-8800.00
2026-03-23T09:34:00.000Z,2026-03-23T09:36:00.000Z,BUY,0.01,1,1,10.00,1,-8790.00
2026-03-23T09:36:00.000Z,2026-03-23T09:38:00.000Z,BUY,0.01,1,1,10.00,1,-8780.00
2026-03-23T09:38:00.000Z,2026-03-23T09:38:00.000Z,BUY,0.01,1,1,10.00,1,-8770.00
2026-03-23T09:38:00.000Z,2026-03-23T09:41:00.000Z,BUY,0.01,3,1,10.00,3,-8760.00
2026-03-23T09:41:00.000Z,2026-03-23T09:44:00.000Z,BUY,0.01,3,1,10.00,3,-8750.00
2026-03-23T09:44:00.000Z,2026-03-23T09:47:00.000Z,BUY,0.01,1,1,10.00,1,-8740.00
2026-03-23T09:47:00.000Z,2026-03-23T09:53:00.000Z,BUY,0.01,2,1,10.00,2,-8730.00
2026-03-23T09:53:00.000Z,2026-03-23T10:00:00.000Z,BUY,0.01,1,1,10.00,1,-8720.00
2026-03-23T10:00:00.000Z,2026-03-23T10:00:00.000Z,BUY,0.01,1,1,10.00,1,-8710.00
2026-03-23T10:00:00.000Z,2026-03-23T10:01:00.000Z,BUY,0.01,1,1,10.00,1,-8700.00
2026-03-23T10:01:00.000Z,2026-03-23T10:06:00.000Z,BUY,0.01,1,1,10.00,1,-8690.00
2026-03-23T10:06:00.000Z,2026-03-23T10:12:00.000Z,BUY,0.01,1,1,10.00,1,-8680.00
2026-03-23T10:12:00.000Z,2026-03-23T10:18:00.000Z,BUY,0.01,2,1,10.00,2,-8670.00
2026-03-23T10:18:00.000Z,2026-03-23T10:23:00.000Z,BUY,0.01,1,1,10.00,1,-8660.00
2026-03-23T10:23:00.000Z,2026-03-23T10:30:00.000Z,BUY,0.01,1,1,10.00,1,-8650.00
2026-03-23T10:30:00.000Z,2026-03-23T10:32:00.000Z,BUY,0.01,1,1,10.00,1,-8640.00
2026-03-23T10:32:00.000Z,2026-03-23T10:32:00.000Z,BUY,0.01,1,1,10.00,1,-8630.00
2026-03-23T10:32:00.000Z,2026-03-23T10:35:00.000Z,BUY,0.01,1,1,10.00,1,-8620.00
2026-03-23T10:35:00.000Z,2026-03-23T10:38:00.000Z,BUY,0.01,2,1,10.00,2,-8610.00
2026-03-23T10:38:00.000Z,2026-03-23T10:41:00.000Z,BUY,0.01,1,1,10.00,1,-8600.00
2026-03-23T10:41:00.000Z,2026-03-23T10:45:00.000Z,BUY,0.01,1,1,10.00,1,-8590.00
2026-03-23T10:45:00.000Z,2026-03-23T10:45:00.000Z,BUY,0.01,1,1,10.00,1,-8580.00
2026-03-23T10:45:00.000Z,2026-03-23T10:50:00.000Z,BUY,0.01,2,1,10.00,2,-8570.00
2026-03-23T10:50:00.000Z,2026-03-23T10:59:00.000Z,BUY,0.01,3,1,10.00,3,-8560.00
2026-03-23T10:59:00.000Z,2026-03-23T11:00:00.000Z,BUY,0.01,1,1,10.00,1,-8550.00
2026-03-23T11:00:00.000Z,2026-03-23T11:15:00.000Z,BUY,0.01,1,1,10.00,1,-8540.00
2026-03-23T11:15:00.000Z,2026-03-23T11:15:00.000Z,BUY,0.01,1,1,10.00,1,-8530.00
2026-03-23T11:15:00.000Z,2026-03-23T11:16:00.000Z,BUY,0.01,1,1,10.00,1,-8520.00
2026-03-23T11:16:00.000Z,2026-03-23T11:23:00.000Z,BUY,0.01,1,1,10.00,1,-8510.00
2026-03-23T11:23:00.000Z,2026-03-23T11:36:00.000Z,BUY,0.01,2,1,10.00,2,-8500.00
2026-03-23T11:36:00.000Z,2026-03-23T11:36:00.000Z,BUY,0.01,1,1,10.00,1,-8490.00
2026-03-23T11:36:00.000Z,2026-03-23T11:39:00.000Z,BUY,0.01,2,1,10.00,2,-8480.00
2026-03-23T11:39:00.000Z,2026-03-23T12:07:00.000Z,BUY,0.01,3,1,10.00,3,-8470.00
2026-03-23T12:07:00.000Z,2026-03-23T12:11:00.000Z,BUY,0.01,1,1,10.00,1,-8460.00
2026-03-23T12:11:00.000Z,2026-03-23T12:39:00.000Z,BUY,0.01,2,1,10.00,2,-8450.00
2026-03-23T12:39:00.000Z,2026-03-23T12:41:00.000Z,BUY,0.01,1,1,10.00,1,-8440.00
2026-03-23T12:41:00.000Z,2026-03-23T12:50:00.000Z,BUY,0.01,1,1,10.00,1,-8430.00
2026-03-23T12:50:00.000Z,2026-03-23T12:50:00.000Z,BUY,0.01,1,1,10.00,1,-8420.00
2026-03-23T12:50:00.000Z,2026-03-23T13:00:00.000Z,BUY,0.01,3,1,10.00,3,-8410.00
2026-03-23T13:00:00.000Z,2026-03-23T13:02:00.000Z,BUY,0.01,1,1,10.00,1,-8400.00
2026-03-23T13:02:00.000Z,2026-03-23T13:05:00.000Z,BUY,0.01,1,1,10.00,1,-8390.00
2026-03-23T13:05:00.000Z,2026-03-23T13:05:00.000Z,BUY,0.01,1,1,10.00,1,-8380.00
2026-03-23T13:05:00.000Z,2026-03-23T13:05:00.000Z,BUY,0.01,1,1,10.00,1,-8370.00
2026-03-23T13:05:00.000Z,2026-03-23T13:05:00.000Z,BUY,0.01,1,1,10.00,1,-8360.00
2026-03-23T13:05:00.000Z,2026-03-23T13:05:00.000Z,BUY,0.01,2,1,10.00,2,-8350.00
2026-03-23T13:05:00.000Z,2026-03-23T13:05:00.000Z,BUY,0.01,3,1,10.00,3,-8340.00
2026-03-23T13:05:00.000Z,2026-03-23T13:05:00.000Z,BUY,0.01,1,1,10.00,1,-8330.00
2026-03-23T13:05:00.000Z,2026-03-23T13:05:00.000Z,BUY,0.01,1,1,10.00,1,-8320.00
2026-03-23T13:05:00.000Z,2026-03-23T13:06:00.000Z,BUY,0.01,1,1,10.00,1,-8310.00
2026-03-23T13:06:00.000Z,2026-03-23T13:06:00.000Z,BUY,0.01,1,1,10.00,1,-8300.00
2026-03-23T13:06:00.000Z,2026-03-23T13:06:00.000Z,BUY,0.01,1,1,10.00,1,-8290.00
2026-03-23T13:06:00.000Z,2026-03-23T13:06:00.000Z,BUY,0.01,1,1,10.00,1,-8280.00
2026-03-23T13:06:00.000Z,2026-03-23T13:06:00.000Z,BUY,0.01,2,1,10.00,2,-8270.00
2026-03-23T13:06:00.000Z,2026-03-23T13:06:00.000Z,BUY,0.01,1,1,10.00,1,-8260.00
2026-03-23T13:06:00.000Z,2026-03-23T13:06:00.000Z,BUY,0.01,1,1,10.00,1,-8250.00
2026-03-23T13:06:00.000Z,2026-03-23T13:06:00.000Z,BUY,0.01,1,1,10.00,1,-8240.00
2026-03-23T13:06:00.000Z,2026-03-23T13:07:00.000Z,BUY,0.01,1,1,10.00,1,-8230.00
2026-03-23T13:07:00.000Z,2026-03-23T13:07:00.000Z,BUY,0.01,1,1,10.00,1,-8220.00
2026-03-23T13:07:00.000Z,2026-03-23T13:07:00.000Z,BUY,0.01,1,1,10.00,1,-8210.00
2026-03-23T13:07:00.000Z,2026-03-23T13:07:00.000Z,BUY,0.01,1,1,10.00,1,-8200.00
2026-03-23T13:07:00.000Z,2026-03-23T13:07:00.000Z,BUY,0.01,2,1,10.00,2,-8190.00
2026-03-23T13:07:00.000Z,2026-03-23T13:07:00.000Z,BUY,0.01,1,1,10.00,1,-8180.00
2026-03-23T13:07:00.000Z,2026-03-23T13:07:00.000Z,BUY,0.01,1,1,10.00,1,-8170.00
2026-03-23T13:07:00.000Z,2026-03-23T13:08:00.000Z,BUY,0.01,2,1,10.00,2,-8160.00
2026-03-23T13:08:00.000Z,2026-03-23T13:08:00.000Z,BUY,0.01,1,1,10.00,1,-8150.00
2026-03-23T13:08:00.000Z,2026-03-23T13:08:00.000Z,BUY,0.01,1,1,10.00,1,-8140.00
2026-03-23T13:08:00.000Z,2026-03-23T13:08:00.000Z,BUY,0.01,1,1,10.00,1,-8130.00
2026-03-23T13:08:00.000Z,2026-03-23T13:08:00.000Z,BUY,0.01,1,1,10.00,1,-8120.00
2026-03-23T13:08:00.000Z,2026-03-23T13:10:00.000Z,BUY,0.01,3,1,10.00,3,-8110.00
2026-03-23T13:10:00.000Z,2026-03-23T13:10:00.000Z,BUY,0.01,2,1,10.00,2,-8100.00
2026-03-23T13:10:00.000Z,2026-03-23T13:10:00.000Z,BUY,0.01,1,1,10.00,1,-8090.00
2026-03-23T13:10:00.000Z,2026-03-23T13:10:00.000Z,BUY,0.01,1,1,10.00,1,-8080.00
2026-03-23T13:10:00.000Z,2026-03-23T13:10:00.000Z,BUY,0.01,1,1,10.00,1,-8070.00
2026-03-23T13:10:00.000Z,2026-03-23T13:11:00.000Z,BUY,0.01,1,1,10.00,1,-8060.00
2026-03-23T13:11:00.000Z,2026-03-23T13:11:00.000Z,BUY,0.01,1,1,10.00,1,-8050.00
2026-03-23T13:11:00.000Z,2026-03-23T13:11:00.000Z,BUY,0.01,1,1,10.00,1,-8040.00
2026-03-23T13:11:00.000Z,2026-03-23T13:11:00.000Z,BUY,0.01,2,1,10.00,2,-8030.00
2026-03-23T13:11:00.000Z,2026-03-23T13:12:00.000Z,BUY,0.01,1,1,10.00,1,-8020.00
2026-03-23T13:12:00.000Z,2026-03-23T13:14:00.000Z,BUY,0.01,3,1,10.00,3,-8010.00
2026-03-23T13:14:00.000Z,2026-03-23T13:15:00.000Z,BUY,0.01,2,1,10.00,2,-8000.00
2026-03-23T13:15:00.000Z,2026-03-23T13:15:00.000Z,BUY,0.01,1,1,10.00,1,-7990.00
2026-03-23T13:15:00.000Z,2026-03-23T13:15:00.000Z,BUY,0.01,1,1,10.00,1,-7980.00
2026-03-23T13:15:00.000Z,2026-03-23T13:15:00.000Z,BUY,0.01,1,1,10.00,1,-7970.00
2026-03-23T13:15:00.000Z,2026-03-23T13:15:00.000Z,BUY,0.01,2,1,10.00,2,-7960.00
2026-03-23T13:15:00.000Z,2026-03-23T13:19:00.000Z,BUY,0.01,2,1,10.00,2,-7950.00
2026-03-23T13:19:00.000Z,2026-03-23T13:20:00.000Z,BUY,0.01,3,1,10.00,3,-7940.00
2026-03-23T13:20:00.000Z,2026-03-23T13:20:00.000Z,BUY,0.01,2,1,10.00,2,-7930.00
2026-03-23T13:20:00.000Z,2026-03-23T13:25:00.000Z,BUY,0.01,1,1,10.00,1,-7920.00
2026-03-23T13:25:00.000Z,2026-03-23T13:26:00.000Z,BUY,0.01,1,1,10.00,1,-7910.00
2026-03-23T13:26:00.000Z,2026-03-23T13:26:00.000Z,BUY,0.01,1,1,10.00,1,-7900.00
2026-03-23T13:26:00.000Z,2026-03-23T13:28:00.000Z,BUY,0.01,2,1,10.00,2,-7890.00
2026-03-23T13:28:00.000Z,2026-03-23T13:28:00.000Z,BUY,0.01,1,1,10.00,1,-7880.00
2026-03-23T13:28:00.000Z,2026-03-23T13:28:00.000Z,BUY,0.01,1,1,10.00,1,-7870.00
2026-03-23T13:28:00.000Z,2026-03-23T13:30:00.000Z,BUY,0.01,1,1,10.00,1,-7860.00
2026-03-23T13:30:00.000Z,2026-03-23T13:34:00.000Z,BUY,0.01,1,1,10.00,1,-7850.00
2026-03-23T13:34:00.000Z,2026-03-23T13:34:00.000Z,BUY,0.01,1,1,10.00,1,-7840.00
2026-03-23T13:34:00.000Z,2026-03-23T13:38:00.000Z,BUY,0.01,2,1,10.00,2,-7830.00
2026-03-23T13:38:00.000Z,2026-03-23T13:38:00.000Z,BUY,0.01,1,1,10.00,1,-7820.00
2026-03-23T13:38:00.000Z,2026-03-23T13:39:00.000Z,BUY,0.01,1,1,10.00,1,-7810.00
2026-03-23T13:39:00.000Z,2026-03-23T13:40:00.000Z,BUY,0.01,2,1,10.00,2,-7800.00
2026-03-23T13:40:00.000Z,2026-03-23T13:40:00.000Z,BUY,0.01,1,1,10.00,1,-7790.00
2026-03-23T13:40:00.000Z,2026-03-23T13:40:00.000Z,BUY,0.01,1,1,10.00,1,-7780.00
2026-03-23T13:40:00.000Z,2026-03-23T13:44:00.000Z,BUY,0.01,1,1,10.00,1,-7770.00
2026-03-23T13:44:00.000Z,2026-03-23T13:48:00.000Z,BUY,0.01,2,1,10.00,2,-7760.00
2026-03-23T13:48:00.000Z,2026-03-23T13:51:00.000Z,BUY,0.01,1,1,10.00,1,-7750.00
2026-03-23T13:51:00.000Z,2026-03-23T13:53:00.000Z,BUY,0.01,1,1,10.00,1,-7740.00
2026-03-23T13:53:00.000Z,2026-03-23T13:57:00.000Z,BUY,0.01,2,1,10.00,2,-7730.00
2026-03-23T13:57:00.000Z,2026-03-23T14:05:00.000Z,BUY,0.01,2,1,10.00,2,-7720.00
2026-03-23T14:05:00.000Z,2026-03-23T14:05:00.000Z,BUY,0.01,1,1,10.00,1,-7710.00
2026-03-23T14:05:00.000Z,2026-03-23T14:09:00.000Z,BUY,0.01,1,1,10.00,1,-7700.00
2026-03-23T14:09:00.000Z,2026-03-23T14:16:00.000Z,BUY,0.01,1,1,10.00,1,-7690.00
2026-03-23T14:16:00.000Z,2026-03-23T14:17:00.000Z,BUY,0.01,1,1,10.00,1,-7680.00
2026-03-23T14:17:00.000Z,2026-03-23T14:19:00.000Z,BUY,0.01,1,1,10.00,1,-7670.00
2026-03-23T14:19:00.000Z,2026-03-23T14:33:00.000Z,BUY,0.01,3,1,10.00,3,-7660.00
2026-03-23T14:33:00.000Z,2026-03-23T14:41:00.000Z,BUY,0.01,1,1,10.00,1,-7650.00
2026-03-23T14:41:00.000Z,2026-03-23T14:41:00.000Z,BUY,0.01,1,1,10.00,1,-7640.00
2026-03-23T14:41:00.000Z,2026-03-23T14:42:00.000Z,BUY,0.01,1,1,10.00,1,-7630.00
2026-03-23T14:42:00.000Z,2026-03-23T14:46:00.000Z,BUY,0.01,1,1,10.00,1,-7620.00
2026-03-23T14:46:00.000Z,2026-03-23T14:49:00.000Z,BUY,0.01,1,1,10.00,1,-7610.00
2026-03-23T14:49:00.000Z,2026-03-23T14:50:00.000Z,BUY,0.01,1,1,10.00,1,-7600.00
2026-03-23T14:50:00.000Z,2026-03-23T14:52:00.000Z,BUY,0.01,1,1,10.00,1,-7590.00
2026-03-23T14:52:00.000Z,2026-03-23T14:59:00.000Z,BUY,0.01,1,1,10.00,1,-7580.00
2026-03-23T14:59:00.000Z,2026-03-23T15:01:00.000Z,BUY,0.01,2,1,10.00,2,-7570.00
2026-03-23T15:01:00.000Z,2026-03-23T15:17:00.000Z,BUY,0.01,5,0,-2420.00,5,-9990.00
2026-03-23T15:17:00.000Z,2026-03-23T15:25:00.000Z,BUY,0.01,2,1,10.00,2,-9980.00
2026-03-23T15:25:00.000Z,2026-03-23T15:25:00.000Z,BUY,0.01,1,1,10.00,1,-9970.00
2026-03-23T15:25:00.000Z,2026-03-23T15:35:00.000Z,BUY,0.01,1,1,10.00,1,-9960.00
2026-03-23T15:35:00.000Z,2026-03-23T15:37:00.000Z,BUY,0.01,1,1,10.00,1,-9950.00
2026-03-23T15:37:00.000Z,2026-03-23T15:41:00.000Z,BUY,0.01,1,1,10.00,1,-9940.00
2026-03-23T15:41:00.000Z,2026-03-23T15:45:00.000Z,BUY,0.01,2,1,10.00,2,-9930.00
2026-03-23T15:45:00.000Z,2026-03-23T15:45:00.000Z,BUY,0.01,1,1,10.00,1,-9920.00
2026-03-23T15:45:00.000Z,2026-03-23T15:46:00.000Z,BUY,0.01,1,1,10.00,1,-9910.00
2026-03-23T15:46:00.000Z,2026-03-23T15:51:00.000Z,BUY,0.01,1,1,10.00,1,-9900.00
2026-03-23T15:51:00.000Z,2026-03-23T15:53:00.000Z,BUY,0.01,1,1,10.00,1,-9890.00
2026-03-23T15:53:00.000Z,2026-03-23T16:01:00.000Z,BUY,0.01,3,1,10.00,3,-9880.00
2026-03-23T16:01:00.000Z,2026-03-23T16:15:00.000Z,BUY,0.01,1,1,10.00,1,-9870.00
2026-03-23T16:15:00.000Z,2026-03-23T16:18:00.000Z,BUY,0.01,3,1,10.00,3,-9860.00
2026-03-23T16:18:00.000Z,2026-03-23T16:24:00.000Z,BUY,0.01,1,1,10.00,1,-9850.00
2026-03-23T16:24:00.000Z,2026-03-23T16:26:00.000Z,BUY,0.01,1,1,10.00,1,-9840.00
2026-03-23T16:26:00.000Z,2026-03-23T16:29:00.000Z,BUY,0.01,2,1,10.00,2,-9830.00
2026-03-23T16:29:00.000Z,2026-03-23T16:32:00.000Z,BUY,0.01,1,1,10.00,1,-9820.00
2026-03-23T16:32:00.000Z,2026-03-23T16:33:00.000Z,BUY,0.01,1,1,10.00,1,-9810.00
2026-03-23T16:33:00.000Z,2026-03-23T16:40:00.000Z,BUY,0.01,2,1,10.00,2,-9800.00
2026-03-23T16:40:00.000Z,2026-03-23T16:42:00.000Z,BUY,0.01,1,1,10.00,1,-9790.00
2026-03-23T16:42:00.000Z,2026-03-23T17:16:00.000Z,BUY,0.01,4,1,10.00,4,-9780.00
2026-03-23T17:16:00.000Z,2026-03-23T17:16:00.000Z,BUY,0.01,1,1,10.00,1,-9770.00
2026-03-23T17:16:00.000Z,2026-03-23T17:18:00.000Z,BUY,0.01,2,1,10.00,2,-9760.00
2026-03-23T17:18:00.000Z,2026-03-23T17:18:00.000Z,BUY,0.01,1,1,10.00,1,-9750.00
2026-03-23T17:18:00.000Z,2026-03-23T17:22:00.000Z,BUY,0.01,1,1,10.00,1,-9740.00
2026-03-23T17:22:00.000Z,2026-03-23T17:36:00.000Z,BUY,0.01,2,1,10.00,2,-9730.00
2026-03-23T17:36:00.000Z,2026-03-23T17:52:00.000Z,BUY,0.01,2,1,10.00,2,-9720.00
2026-03-23T17:52:00.000Z,2026-03-23T17:56:00.000Z,BUY,0.01,4,1,10.00,4,-9710.00
2026-03-23T17:56:00.000Z,2026-03-23T17:56:00.000Z,BUY,0.01,1,1,10.00,1,-9700.00
2026-03-23T17:56:00.000Z,2026-03-23T18:12:00.000Z,BUY,0.01,5,1,10.00,5,-9690.00
2026-03-23T18:12:00.000Z,2026-03-23T18:29:00.000Z,BUY,0.01,2,1,10.00,2,-9680.00
2026-03-23T18:29:00.000Z,2026-03-23T18:30:00.000Z,BUY,0.01,1,1,10.00,1,-9670.00
2026-03-23T18:30:00.000Z,2026-03-23T18:32:00.000Z,BUY,0.01,1,1,10.00,1,-9660.00
2026-03-23T18:32:00.000Z,2026-03-23T18:37:00.000Z,BUY,0.01,1,1,10.00,1,-9650.00
2026-03-23T18:37:00.000Z,2026-03-23T19:08:00.000Z,BUY,0.01,1,1,10.00,1,-9640.00
2026-03-23T19:08:00.000Z,2026-03-23T19:13:00.000Z,BUY,0.01,1,1,10.00,1,-9630.00
2026-03-23T19:13:00.000Z,2026-03-23T19:31:00.000Z,BUY,0.01,1,1,10.00,1,-9620.00
2026-03-23T19:31:00.000Z,2026-03-23T19:33:00.000Z,BUY,0.01,1,1,10.00,1,-9610.00
2026-03-23T19:33:00.000Z,2026-03-23T19:36:00.000Z,BUY,0.01,1,1,10.00,1,-9600.00
2026-03-23T19:36:00.000Z,2026-03-23T19:49:00.000Z,BUY,0.01,2,1,10.00,2,-9590.00
2026-03-23T19:49:00.000Z,2026-03-23T19:51:00.000Z,BUY,0.01,1,1,10.00,1,-9580.00
2026-03-23T19:51:00.000Z,2026-03-23T19:56:00.000Z,BUY,0.01,1,1,10.00,1,-9570.00
2026-03-23T19:56:00.000Z,2026-03-23T20:32:00.000Z,BUY,0.01,3,1,10.00,3,-9560.00
2026-03-23T20:32:00.000Z,2026-03-23T20:36:00.000Z,BUY,0.01,1,1,10.00,1,-9550.00
2026-03-23T20:36:00.000Z,2026-03-23T20:42:00.000Z,BUY,0.01,1,1,10.00,1,-9540.00
2026-03-23T20:42:00.000Z,2026-03-23T21:10:00.000Z,BUY,0.01,2,1,10.00,2,-9530.00
2026-03-23T21:10:00.000Z,2026-03-23T21:10:00.000Z,BUY,0.01,1,1,10.00,1,-9520.00
2026-03-23T21:10:00.000Z,2026-03-23T21:13:00.000Z,BUY,0.01,2,1,10.00,2,-9510.00
2026-03-23T21:13:00.000Z,2026-03-23T21:13:00.000Z,BUY,0.01,1,1,10.00,1,-9500.00
2026-03-23T21:13:00.000Z,2026-03-23T22:00:00.000Z,BUY,0.01,4,1,10.00,4,-9490.00
2026-03-23T22:00:00.000Z,2026-03-23T22:00:00.000Z,BUY,0.01,1,1,10.00,1,-9480.00
2026-03-23T22:00:00.000Z,2026-03-23T22:14:00.000Z,BUY,0.01,1,1,10.00,1,-9470.00
2026-03-23T22:14:00.000Z,2026-03-24T00:00:00.000Z,BUY,0.01,1,1,10.00,1,-9460.00
2026-03-24T00:00:00.000Z,2026-03-24T00:04:00.000Z,BUY,0.01,2,1,10.00,2,-9450.00
2026-03-24T00:04:00.000Z,2026-03-24T00:04:00.000Z,BUY,0.01,1,1,10.00,1,-9440.00
2026-03-24T00:04:00.000Z,2026-03-24T00:06:00.000Z,BUY,0.01,2,1,10.00,2,-9430.00
2026-03-24T00:06:00.000Z,2026-03-24T00:07:00.000Z,BUY,0.01,1,1,10.00,1,-9420.00
2026-03-24T00:07:00.000Z,2026-03-24T00:12:00.000Z,BUY,0.01,1,1,10.00,1,-9410.00
2026-03-24T00:12:00.000Z,2026-03-24T00:13:00.000Z,BUY,0.01,1,1,10.00,1,-9400.00
2026-03-24T00:13:00.000Z,2026-03-24T00:27:00.000Z,BUY,0.01,1,1,10.00,1,-9390.00
2026-03-24T00:27:00.000Z,2026-03-24T00:51:00.000Z,BUY,0.01,1,1,10.00,1,-9380.00
2026-03-24T00:51:00.000Z,2026-03-24T00:54:00.000Z,BUY,0.01,1,1,10.00,1,-9370.00
2026-03-24T00:54:00.000Z,2026-03-24T01:15:00.000Z,BUY,0.01,1,1,10.00,1,-9360.00
2026-03-24T01:15:00.000Z,2026-03-24T02:17:00.000Z,BUY,0.01,2,1,10.00,2,-9350.00
2026-03-24T02:17:00.000Z,2026-03-24T02:26:00.000Z,SELL,0.01,1,1,10.00,1,-9340.00
2026-03-24T02:26:00.000Z,2026-03-24T02:27:00.000Z,SELL,0.01,1,1,10.00,1,-9330.00
2026-03-24T02:27:00.000Z,2026-03-24T02:27:00.000Z,SELL,0.01,1,1,10.00,1,-9320.00
2026-03-24T02:27:00.000Z,2026-03-24T02:28:00.000Z,SELL,0.01,1,1,10.00,1,-9310.00
2026-03-24T02:28:00.000Z,2026-03-24T02:34:00.000Z,SELL,0.01,1,1,10.00,1,-9300.00
2026-03-24T02:34:00.000Z,2026-03-24T02:39:00.000Z,SELL,0.01,1,1,10.00,1,-9290.00
2026-03-24T02:39:00.000Z,2026-03-24T02:39:00.000Z,SELL,0.01,1,1,10.00,1,-9280.00
2026-03-24T02:39:00.000Z,2026-03-24T02:48:00.000Z,SELL,0.01,4,1,10.00,4,-9270.00
2026-03-24T02:48:00.000Z,2026-03-24T03:01:00.000Z,SELL,0.01,1,1,10.00,1,-9260.00
2026-03-24T03:01:00.000Z,2026-03-24T03:01:00.000Z,BUY,0.01,1,1,10.00,1,-9250.00
2026-03-24T03:01:00.000Z,2026-03-24T03:14:00.000Z,BUY,0.01,2,1,10.00,2,-9240.00
2026-03-24T03:14:00.000Z,2026-03-24T03:20:00.000Z,BUY,0.01,1,1,10.00,1,-9230.00
2026-03-24T03:20:00.000Z,2026-03-24T03:22:00.000Z,BUY,0.01,1,1,10.00,1,-9220.00
2026-03-24T03:22:00.000Z,2026-03-24T03:43:00.000Z,BUY,0.01,2,1,10.00,2,-9210.00
2026-03-24T03:43:00.000Z,2026-03-24T04:22:00.000Z,BUY,0.01,5,1,10.00,5,-9200.00
2026-03-24T04:22:00.000Z,2026-03-24T04:29:00.000Z,BUY,0.01,1,1,10.00,1,-9190.00
2026-03-24T04:29:00.000Z,2026-03-24T04:32:00.000Z,BUY,0.01,1,1,10.00,1,-9180.00
2026-03-24T04:32:00.000Z,2026-03-24T04:34:00.000Z,BUY,0.01,1,1,10.00,1,-9170.00
2026-03-24T04:34:00.000Z,2026-03-24T05:37:00.000Z,BUY,0.01,2,1,10.00,2,-9160.00
2026-03-24T05:37:00.000Z,2026-03-24T06:00:00.000Z,BUY,0.01,1,1,10.00,1,-9150.00
2026-03-24T06:00:00.000Z,2026-03-24T07:06:00.000Z,BUY,0.01,2,1,10.00,2,-9140.00
2026-03-24T07:06:00.000Z,2026-03-24T07:11:00.000Z,BUY,0.01,1,1,10.00,1,-9130.00
2026-03-24T07:11:00.000Z,2026-03-24T07:12:00.000Z,BUY,0.01,1,1,10.00,1,-9120.00
2026-03-24T07:12:00.000Z,2026-03-24T07:40:00.000Z,BUY,0.01,1,1,10.00,1,-9110.00
2026-03-24T07:40:00.000Z,2026-03-24T07:41:00.000Z,BUY,0.01,1,1,10.00,1,-9100.00
2026-03-24T07:41:00.000Z,2026-03-24T07:41:00.000Z,BUY,0.01,1,1,10.00,1,-9090.00
2026-03-24T07:41:00.000Z,2026-03-24T08:22:00.000Z,BUY,0.01,3,1,10.00,3,-9080.00
2026-03-24T08:22:00.000Z,2026-03-24T08:25:00.000Z,BUY,0.01,1,1,10.00,1,-9070.00
2026-03-24T08:25:00.000Z,2026-03-24T08:56:00.000Z,BUY,0.01,1,1,10.00,1,-9060.00
2026-03-24T08:56:00.000Z,2026-03-24T09:00:00.000Z,BUY,0.01,1,1,10.00,1,-9050.00
2026-03-24T09:00:00.000Z,2026-03-24T09:10:00.000Z,BUY,0.01,1,1,10.00,1,-9040.00
2026-03-24T09:10:00.000Z,2026-03-24T10:25:00.000Z,BUY,0.01,4,1,10.00,4,-9030.00
2026-03-24T10:25:00.000Z,2026-03-24T10:31:00.000Z,BUY,0.01,1,1,10.00,1,-9020.00
2026-03-24T10:31:00.000Z,2026-03-24T10:54:00.000Z,BUY,0.01,1,1,10.00,1,-9010.00
2026-03-24T10:54:00.000Z,2026-03-24T11:56:00.000Z,BUY,0.01,1,1,10.00,1,-9000.00
2026-03-24T11:56:00.000Z,2026-03-24T12:55:00.000Z,BUY,0.01,1,1,10.00,1,-8990.00
2026-03-24T12:55:00.000Z,2026-03-24T13:01:00.000Z,SELL,0.01,1,1,10.00,1,-8980.00
2026-03-24T13:01:00.000Z,2026-03-24T13:01:00.000Z,SELL,0.01,1,1,10.00,1,-8970.00
2026-03-24T13:01:00.000Z,2026-03-24T13:01:00.000Z,SELL,0.01,1,1,10.00,1,-8960.00
2026-03-24T13:01:00.000Z,2026-03-24T13:01:00.000Z,SELL,0.01,1,1,10.00,1,-8950.00
2026-03-24T13:01:00.000Z,2026-03-24T13:01:00.000Z,SELL,0.01,1,1,10.00,1,-8940.00
2026-03-24T13:01:00.000Z,2026-03-24T13:01:00.000Z,SELL,0.01,2,1,10.00,2,-8930.00
2026-03-24T13:01:00.000Z,2026-03-24T13:01:00.000Z,SELL,0.01,3,1,10.00,3,-8920.00
2026-03-24T13:01:00.000Z,2026-03-24T13:01:00.000Z,SELL,0.01,1,1,10.00,1,-8910.00
2026-03-24T13:01:00.000Z,2026-03-24T13:32:00.000Z,SELL,0.01,2,1,10.00,2,-8900.00
2026-03-24T13:32:00.000Z,2026-03-24T13:52:00.000Z,SELL,0.01,1,1,10.00,1,-8890.00
2026-03-24T13:52:00.000Z,2026-03-24T13:53:00.000Z,SELL,0.01,1,1,10.00,1,-8880.00
2026-03-24T13:53:00.000Z,2026-03-24T13:53:00.000Z,SELL,0.01,1,1,10.00,1,-8870.00
2026-03-24T13:53:00.000Z,2026-03-24T14:13:00.000Z,SELL,0.01,2,1,10.00,2,-8860.00
2026-03-24T14:13:00.000Z,2026-03-24T14:22:00.000Z,SELL,0.01,1,1,10.00,1,-8850.00
2026-03-24T14:22:00.000Z,2026-03-24T14:23:00.000Z,SELL,0.01,1,1,10.00,1,-8840.00
2026-03-24T14:23:00.000Z,2026-03-24T14:33:00.000Z,SELL,0.01,1,1,10.00,1,-8830.00
2026-03-24T14:33:00.000Z,2026-03-24T14:33:00.000Z,SELL,0.01,1,1,10.00,1,-8820.00
2026-03-24T14:33:00.000Z,2026-03-24T14:39:00.000Z,SELL,0.01,1,1,10.00,1,-8810.00
2026-03-24T14:39:00.000Z,2026-03-24T15:29:00.000Z,SELL,0.01,3,1,10.00,3,-8800.00
2026-03-24T15:29:00.000Z,2026-03-24T16:01:00.000Z,SELL,0.01,2,1,10.00,2,-8790.00
2026-03-24T16:01:00.000Z,2026-03-24T16:42:00.000Z,SELL,0.01,2,1,10.00,2,-8780.00
2026-03-24T16:42:00.000Z,2026-03-24T16:45:00.000Z,SELL,0.01,1,1,10.00,1,-8770.00
2026-03-24T16:45:00.000Z,2026-03-24T17:10:00.000Z,SELL,0.01,3,1,10.00,3,-8760.00
2026-03-24T17:10:00.000Z,2026-03-24T17:49:00.000Z,SELL,0.01,2,1,10.00,2,-8750.00
2026-03-24T17:49:00.000Z,2026-03-24T17:54:00.000Z,SELL,0.01,1,1,10.00,1,-8740.00
2026-03-24T17:54:00.000Z,2026-03-24T18:00:00.000Z,SELL,0.01,1,1,10.00,1,-8730.00
2026-03-24T18:00:00.000Z,2026-03-24T19:05:00.000Z,SELL,0.01,1,1,10.00,1,-8720.00
2026-03-24T19:05:00.000Z,2026-03-24T19:10:00.000Z,SELL,0.01,1,1,10.00,1,-8710.00
2026-03-24T19:10:00.000Z,2026-03-24T19:36:00.000Z,SELL,0.01,1,1,10.00,1,-8700.00
2026-03-24T19:36:00.000Z,2026-03-24T20:25:00.000Z,SELL,0.01,2,1,10.00,2,-8690.00
2026-03-24T20:25:00.000Z,2026-03-24T20:43:00.000Z,SELL,0.01,1,1,10.00,1,-8680.00
2026-03-24T20:43:00.000Z,2026-03-24T20:58:00.000Z,SELL,0.01,1,1,10.00,1,-8670.00
2026-03-24T20:58:00.000Z,2026-03-24T22:21:00.000Z,SELL,0.01,2,1,10.00,2,-8660.00
2026-03-24T22:21:00.000Z,2026-03-24T22:24:00.000Z,SELL,0.01,2,1,10.00,2,-8650.00
2026-03-24T22:24:00.000Z,2026-03-24T22:24:00.000Z,SELL,0.01,1,1,10.00,1,-8640.00
2026-03-24T22:24:00.000Z,2026-03-24T22:25:00.000Z,SELL,0.01,2,1,10.00,2,-8630.00
2026-03-24T22:25:00.000Z,2026-03-24T22:28:00.000Z,SELL,0.01,1,1,10.00,1,-8620.00
2026-03-24T22:28:00.000Z,2026-03-25T01:16:00.000Z,SELL,0.01,4,1,10.00,4,-8610.00
2026-03-25T01:16:00.000Z,2026-03-25T01:36:00.000Z,SELL,0.01,2,1,10.00,2,-8600.00
2026-03-25T01:36:00.000Z,2026-03-25T01:49:00.000Z,SELL,0.01,2,1,10.00,2,-8590.00
2026-03-25T01:49:00.000Z,2026-03-25T01:52:00.000Z,SELL,0.01,1,1,10.00,1,-8580.00
2026-03-25T01:52:00.000Z,2026-03-25T02:39:00.000Z,SELL,0.01,2,1,10.00,2,-8570.00
2026-03-25T02:39:00.000Z,2026-03-25T03:01:00.000Z,SELL,0.01,1,1,10.00,1,-8560.00
2026-03-25T03:01:00.000Z,2026-03-25T03:35:00.000Z,SELL,0.01,2,1,10.00,2,-8550.00
2026-03-25T03:35:00.000Z,2026-03-25T05:03:00.000Z,SELL,0.01,1,1,10.00,1,-8540.00
2026-03-25T05:03:00.000Z,2026-03-25T06:01:00.000Z,SELL,0.01,1,1,10.00,1,-8530.00
2026-03-25T06:01:00.000Z,2026-03-25T07:26:00.000Z,SELL,0.01,1,1,10.00,1,-8520.00
2026-03-25T07:26:00.000Z,2026-03-25T08:06:00.000Z,SELL,0.01,1,1,10.00,1,-8510.00
2026-03-25T08:06:00.000Z,2026-03-25T08:14:00.000Z,SELL,0.01,1,1,10.00,1,-8500.00
2026-03-25T08:14:00.000Z,2026-03-25T10:20:00.000Z,SELL,0.01,2,1,10.00,2,-8490.00
2026-03-25T10:20:00.000Z,2026-03-25T10:36:00.000Z,SELL,0.01,1,1,10.00,1,-8480.00
2026-03-25T10:36:00.000Z,2026-03-25T11:46:00.000Z,SELL,0.01,1,1,10.00,1,-8470.00
2026-03-25T11:46:00.000Z,2026-03-25T11:48:00.000Z,SELL,0.01,1,1,10.00,1,-8460.00
2026-03-25T11:48:00.000Z,2026-03-25T13:04:00.000Z,SELL,0.01,2,1,10.00,2,-8450.00
2026-03-25T13:04:00.000Z,2026-03-25T14:23:00.000Z,SELL,0.01,3,1,10.00,3,-8440.00
2026-03-25T14:23:00.000Z,2026-03-25T14:28:00.000Z,SELL,0.01,1,1,10.00,1,-8430.00
2026-03-25T14:28:00.000Z,2026-03-25T14:31:00.000Z,SELL,0.01,1,1,10.00,1,-8420.00
2026-03-25T14:31:00.000Z,2026-03-25T14:31:00.000Z,SELL,0.01,1,1,10.00,1,-8410.00
2026-03-25T14:31:00.000Z,2026-03-25T14:38:00.000Z,SELL,0.01,2,1,10.00,2,-8400.00
2026-03-25T14:38:00.000Z,2026-03-25T14:45:00.000Z,SELL,0.01,1,1,10.00,1,-8390.00
2026-03-25T14:45:00.000Z,2026-03-25T15:30:00.000Z,SELL,0.01,2,1,10.00,2,-8380.00
2026-03-25T15:30:00.000Z,2026-03-25T15:33:00.000Z,SELL,0.01,1,1,10.00,1,-8370.00
2026-03-25T15:33:00.000Z,2026-03-25T15:49:00.000Z,SELL,0.01,1,1,10.00,1,-8360.00
2026-03-25T15:49:00.000Z,2026-03-25T15:52:00.000Z,SELL,0.01,1,1,10.00,1,-8350.00
2026-03-25T15:52:00.000Z,2026-03-25T16:46:00.000Z,SELL,0.01,2,1,10.00,2,-8340.00
2026-03-25T16:46:00.000Z,2026-03-25T17:01:00.000Z,SELL,0.01,1,1,10.00,1,-8330.00
2026-03-25T17:01:00.000Z,2026-03-25T17:09:00.000Z,SELL,0.01,1,1,10.00,1,-8320.00
2026-03-25T17:09:00.000Z,2026-03-25T17:16:00.000Z,SELL,0.01,1,1,10.00,1,-8310.00
2026-03-25T17:16:00.000Z,2026-03-25T17:17:00.000Z,SELL,0.01,1,1,10.00,1,-8300.00
2026-03-25T17:17:00.000Z,2026-03-25T17:24:00.000Z,SELL,0.01,2,1,10.00,2,-8290.00
2026-03-25T17:24:00.000Z,2026-03-25T18:15:00.000Z,SELL,0.01,1,1,10.00,1,-8280.00
2026-03-25T18:15:00.000Z,2026-03-25T20:50:00.000Z,SELL,0.01,1,1,10.00,1,-8270.00
2026-03-25T20:50:00.000Z,2026-03-25T20:56:00.000Z,SELL,0.01,1,1,10.00,1,-8260.00
2026-03-25T20:56:00.000Z,2026-03-25T21:08:00.000Z,SELL,0.01,1,1,10.00,1,-8250.00
2026-03-25T21:08:00.000Z,2026-03-25T21:09:00.000Z,SELL,0.01,1,1,10.00,1,-8240.00
2026-03-25T21:09:00.000Z,2026-03-25T21:10:00.000Z,SELL,0.01,1,1,10.00,1,-8230.00
2026-03-25T21:10:00.000Z,2026-03-25T21:11:00.000Z,SELL,0.01,1,1,10.00,1,-8220.00
2026-03-25T21:11:00.000Z,2026-03-25T21:41:00.000Z,SELL,0.01,2,1,10.00,2,-8210.00
2026-03-25T21:41:00.000Z,2026-03-25T22:37:00.000Z,SELL,0.01,3,1,10.00,3,-8200.00
2026-03-25T22:37:00.000Z,2026-03-25T22:40:00.000Z,SELL,0.01,1,1,10.00,1,-8190.00
2026-03-25T22:40:00.000Z,2026-03-26T00:05:00.000Z,SELL,0.01,2,1,10.00,2,-8180.00
2026-03-26T00:05:00.000Z,2026-03-26T00:07:00.000Z,SELL,0.01,1,1,10.00,1,-8170.00
2026-03-26T00:07:00.000Z,2026-03-26T00:09:00.000Z,SELL,0.01,1,1,10.00,1,-8160.00
2026-03-26T00:09:00.000Z,2026-03-26T01:05:00.000Z,SELL,0.01,3,1,10.00,3,-8150.00
2026-03-26T01:05:00.000Z,2026-03-26T02:15:00.000Z,SELL,0.01,2,1,10.00,2,-8140.00
2026-03-26T02:15:00.000Z,2026-03-26T04:35:00.000Z,SELL,0.01,1,1,10.00,1,-8130.00
2026-03-26T04:35:00.000Z,2026-03-26T04:56:00.000Z,SELL,0.01,1,1,10.00,1,-8120.00
2026-03-26T04:56:00.000Z,2026-03-26T07:26:00.000Z,SELL,0.01,1,1,10.00,1,-8110.00
2026-03-26T07:26:00.000Z,2026-03-26T07:47:00.000Z,BUY,0.01,2,1,10.00,2,-8100.00
2026-03-26T07:47:00.000Z,2026-03-26T07:48:00.000Z,BUY,0.01,1,1,10.00,1,-8090.00
2026-03-26T07:48:00.000Z,2026-03-26T07:57:00.000Z,BUY,0.01,2,1,10.00,2,-8080.00
2026-03-26T07:57:00.000Z,2026-03-26T08:14:00.000Z,BUY,0.01,2,1,10.00,2,-8070.00
2026-03-26T08:14:00.000Z,2026-03-26T08:17:00.000Z,BUY,0.01,1,1,10.00,1,-8060.00
2026-03-26T08:17:00.000Z,2026-03-26T08:29:00.000Z,BUY,0.01,1,1,10.00,1,-8050.00
2026-03-26T08:29:00.000Z,2026-03-26T08:45:00.000Z,BUY,0.01,1,1,10.00,1,-8040.00
2026-03-26T08:45:00.000Z,2026-03-26T09:03:00.000Z,BUY,0.01,1,1,10.00,1,-8030.00
2026-03-26T09:03:00.000Z,2026-03-26T10:25:00.000Z,BUY,0.01,4,1,10.00,4,-8020.00
2026-03-26T10:25:00.000Z,2026-03-26T10:26:00.000Z,BUY,0.01,1,1,10.00,1,-8010.00
2026-03-26T10:26:00.000Z,2026-03-26T13:20:00.000Z,BUY,0.01,5,1,10.00,5,-8000.00
2026-03-26T13:20:00.000Z,2026-03-26T13:59:00.000Z,BUY,0.01,2,1,10.00,2,-7990.00
2026-03-26T13:59:00.000Z,2026-03-26T14:07:00.000Z,BUY,0.01,1,1,10.00,1,-7980.00
2026-03-26T14:07:00.000Z,2026-03-26T14:10:00.000Z,BUY,0.01,1,1,10.00,1,-7970.00
2026-03-26T14:10:00.000Z,2026-03-26T15:23:00.000Z,BUY,0.01,3,1,10.00,3,-7960.00
2026-03-26T15:23:00.000Z,2026-03-26T16:22:00.000Z,BUY,0.01,3,1,10.00,3,-7950.00
2026-03-26T16:22:00.000Z,2026-03-26T16:34:00.000Z,BUY,0.01,1,1,10.00,1,-7940.00
2026-03-26T16:34:00.000Z,2026-03-26T17:33:00.000Z,BUY,0.01,2,1,10.00,2,-7930.00
2026-03-26T17:33:00.000Z,2026-03-26T18:21:00.000Z,BUY,0.01,2,1,10.00,2,-7920.00
2026-03-26T18:21:00.000Z,2026-03-26T18:21:00.000Z,BUY,0.01,1,1,10.00,1,-7910.00
2026-03-26T18:21:00.000Z,2026-03-26T18:22:00.000Z,BUY,0.01,2,1,10.00,2,-7900.00
2026-03-26T18:22:00.000Z,2026-03-26T18:22:00.000Z,BUY,0.01,1,1,10.00,1,-7890.00
2026-03-26T18:22:00.000Z,2026-03-26T18:38:00.000Z,BUY,0.01,2,1,10.00,2,-7880.00
2026-03-26T18:38:00.000Z,2026-03-26T18:41:00.000Z,BUY,0.01,1,1,10.00,1,-7870.00
2026-03-26T18:41:00.000Z,2026-03-26T18:55:00.000Z,BUY,0.01,1,1,10.00,1,-7860.00
2026-03-26T18:55:00.000Z,2026-03-26T19:06:00.000Z,BUY,0.01,1,1,10.00,1,-7850.00
2026-03-26T19:06:00.000Z,2026-03-26T20:20:00.000Z,BUY,0.01,2,1,10.00,2,-7840.00
2026-03-26T20:20:00.000Z,2026-03-26T20:34:00.000Z,BUY,0.01,1,1,10.00,1,-7830.00
2026-03-26T20:34:00.000Z,2026-03-26T20:40:00.000Z,BUY,0.01,1,1,10.00,1,-7820.00
2026-03-26T20:40:00.000Z,2026-03-26T21:55:00.000Z,BUY,0.01,2,1,10.00,2,-7810.00
2026-03-26T21:55:00.000Z,2026-03-26T22:11:00.000Z,BUY,0.01,1,1,10.00,1,-7800.00
2026-03-26T22:11:00.000Z,2026-03-26T22:12:00.000Z,BUY,0.01,1,1,10.00,1,-7790.00
2026-03-26T22:12:00.000Z,2026-03-26T22:12:00.000Z,BUY,0.01,1,1,10.00,1,-7780.00
2026-03-26T22:12:00.000Z,2026-03-26T22:13:00.000Z,BUY,0.01,3,1,10.00,3,-7770.00
2026-03-26T22:13:00.000Z,2026-03-26T22:22:00.000Z,BUY,0.01,3,1,10.00,3,-7760.00
2026-03-26T22:22:00.000Z,2026-03-26T22:51:00.000Z,BUY,0.01,4,1,10.00,4,-7750.00
2026-03-26T22:51:00.000Z,2026-03-26T22:51:00.000Z,BUY,0.01,1,1,10.00,1,-7740.00
2026-03-26T22:51:00.000Z,2026-03-27T00:15:00.000Z,BUY,0.01,3,1,10.00,3,-7730.00
2026-03-27T00:15:00.000Z,2026-03-27T00:42:00.000Z,BUY,0.01,1,1,10.00,1,-7720.00
2026-03-27T00:42:00.000Z,2026-03-27T02:23:00.000Z,BUY,0.01,2,1,10.00,2,-7710.00
2026-03-27T02:23:00.000Z,2026-03-27T02:31:00.000Z,BUY,0.01,1,1,10.00,1,-7700.00
2026-03-27T02:31:00.000Z,2026-03-27T03:27:00.000Z,BUY,0.01,1,1,10.00,1,-7690.00
2026-03-27T03:27:00.000Z,2026-03-27T03:31:00.000Z,BUY,0.01,1,1,10.00,1,-7680.00
2026-03-27T03:31:00.000Z,2026-03-27T04:01:00.000Z,BUY,0.01,1,1,10.00,1,-7670.00
2026-03-27T04:01:00.000Z,2026-03-27T04:09:00.000Z,BUY,0.01,1,1,10.00,1,-7660.00
2026-03-27T04:09:00.000Z,2026-03-27T06:55:00.000Z,BUY,0.01,1,1,10.00,1,-7650.00
2026-03-27T06:55:00.000Z,2026-03-27T07:34:00.000Z,BUY,0.01,1,1,10.00,1,-7640.00
2026-03-27T07:34:00.000Z,2026-03-27T07:37:00.000Z,BUY,0.01,1,1,10.00,1,-7630.00
2026-03-27T07:37:00.000Z,2026-03-27T10:24:00.000Z,BUY,0.01,2,1,10.00,2,-7620.00
2026-03-27T10:24:00.000Z,2026-03-27T10:58:00.000Z,SELL,0.01,1,1,10.00,1,-7610.00
2026-03-27T10:58:00.000Z,2026-03-27T12:42:00.000Z,SELL,0.01,1,1,10.00,1,-7600.00
2026-03-27T12:42:00.000Z,2026-03-27T14:13:00.000Z,BUY,0.01,1,1,10.00,1,-7590.00
2026-03-27T14:13:00.000Z,2026-03-27T14:42:00.000Z,BUY,0.01,1,1,10.00,1,-7580.00
2026-03-27T14:42:00.000Z,2026-03-27T16:03:00.000Z,BUY,0.01,3,1,10.00,3,-7570.00
2026-03-27T16:03:00.000Z,2026-03-27T16:03:00.000Z,BUY,0.01,1,1,10.00,1,-7560.00
2026-03-27T16:03:00.000Z,2026-03-27T16:16:00.000Z,BUY,0.01,1,1,10.00,1,-7550.00
2026-03-27T16:16:00.000Z,2026-03-27T16:50:00.000Z,BUY,0.01,1,1,10.00,1,-7540.00
2026-03-27T16:50:00.000Z,2026-03-27T16:51:00.000Z,BUY,0.01,1,1,10.00,1,-7530.00
2026-03-27T16:51:00.000Z,2026-03-27T16:52:00.000Z,BUY,0.01,1,1,10.00,1,-7520.00
2026-03-27T16:52:00.000Z,2026-03-27T16:56:00.000Z,BUY,0.01,1,1,10.00,1,-7510.00
2026-03-27T16:56:00.000Z,2026-03-27T17:12:00.000Z,BUY,0.01,1,1,10.00,1,-7500.00
2026-03-27T17:12:00.000Z,2026-03-27T17:21:00.000Z,SELL,0.01,2,1,10.00,2,-7490.00
2026-03-27T17:21:00.000Z,2026-03-27T17:21:00.000Z,SELL,0.01,1,1,10.00,1,-7480.00
2026-03-27T17:21:00.000Z,2026-03-27T17:41:00.000Z,SELL,0.01,1,1,10.00,1,-7470.00
2026-03-27T17:41:00.000Z,2026-03-27T18:33:00.000Z,SELL,0.01,1,1,10.00,1,-7460.00
2026-03-27T18:33:00.000Z,2026-03-27T18:40:00.000Z,SELL,0.01,1,1,10.00,1,-7450.00
2026-03-27T18:40:00.000Z,2026-03-27T19:20:00.000Z,SELL,0.01,1,1,10.00,1,-7440.00
2026-03-27T19:20:00.000Z,2026-03-27T19:27:00.000Z,SELL,0.01,1,1,10.00,1,-7430.00
2026-03-27T19:27:00.000Z,2026-03-27T20:36:00.000Z,SELL,0.01,2,1,10.00,2,-7420.00
2026-03-27T20:36:00.000Z,2026-03-27T21:41:00.000Z,SELL,0.01,1,1,10.00,1,-7410.00
2026-03-27T21:41:00.000Z,2026-03-27T22:51:00.000Z,SELL,0.01,1,1,10.00,1,-7400.00
2026-03-27T22:51:00.000Z,2026-03-30T01:00:00.000Z,SELL,0.01,1,1,10.00,1,-7390.00
2026-03-30T01:00:00.000Z,2026-03-30T01:00:00.000Z,SELL,0.01,1,1,10.00,1,-7380.00
2026-03-30T01:00:00.000Z,2026-03-30T01:04:00.000Z,SELL,0.01,2,1,10.00,2,-7370.00
2026-03-30T01:04:00.000Z,2026-03-30T01:08:00.000Z,SELL,0.01,1,1,10.00,1,-7360.00
2026-03-30T01:08:00.000Z,2026-03-30T01:08:00.000Z,SELL,0.01,1,1,10.00,1,-7350.00
2026-03-30T01:08:00.000Z,2026-03-30T02:06:00.000Z,SELL,0.01,3,1,10.00,3,-7340.00
2026-03-30T02:06:00.000Z,2026-03-30T02:06:00.000Z,SELL,0.01,1,1,10.00,1,-7330.00
2026-03-30T02:06:00.000Z,2026-03-30T02:32:00.000Z,SELL,0.01,1,1,10.00,1,-7320.00
2026-03-30T02:32:00.000Z,2026-03-30T02:49:00.000Z,SELL,0.01,1,1,10.00,1,-7310.00
2026-03-30T02:49:00.000Z,2026-03-30T03:00:00.000Z,SELL,0.01,1,1,10.00,1,-7300.00
2026-03-30T03:00:00.000Z,2026-03-30T03:12:00.000Z,SELL,0.01,1,1,10.00,1,-7290.00
2026-03-30T03:12:00.000Z,2026-03-30T03:21:00.000Z,SELL,0.01,2,1,10.00,2,-7280.00
2026-03-30T03:21:00.000Z,2026-03-30T03:40:00.000Z,SELL,0.01,1,1,10.00,1,-7270.00
2026-03-30T03:40:00.000Z,2026-03-30T03:47:00.000Z,SELL,0.01,1,1,10.00,1,-7260.00
2026-03-30T03:47:00.000Z,2026-03-30T04:21:00.000Z,SELL,0.01,2,1,10.00,2,-7250.00
2026-03-30T04:21:00.000Z,2026-03-30T04:25:00.000Z,SELL,0.01,1,1,10.00,1,-7240.00
2026-03-30T04:25:00.000Z,2026-03-30T05:41:00.000Z,SELL,0.01,2,1,10.00,2,-7230.00
2026-03-30T05:41:00.000Z,2026-03-30T06:23:00.000Z,SELL,0.01,2,1,10.00,2,-7220.00
2026-03-30T06:23:00.000Z,2026-03-30T06:39:00.000Z,SELL,0.01,1,1,10.00,1,-7210.00
2026-03-30T06:39:00.000Z,2026-03-30T07:05:00.000Z,SELL,0.01,1,1,10.00,1,-7200.00
2026-03-30T07:05:00.000Z,2026-03-30T08:52:00.000Z,SELL,0.01,2,1,10.00,2,-7190.00
2026-03-30T08:52:00.000Z,2026-03-30T14:44:00.000Z,SELL,0.01,4,1,10.00,4,-7180.00
2026-03-30T14:44:00.000Z,2026-03-30T16:45:00.000Z,SELL,0.01,5,1,10.00,5,-7170.00
2026-03-30T16:45:00.000Z,2026-03-30T16:49:00.000Z,SELL,0.01,1,1,10.00,1,-7160.00
2026-03-30T16:49:00.000Z,2026-03-30T16:58:00.000Z,SELL,0.01,1,1,10.00,1,-7150.00
2026-03-30T16:58:00.000Z,2026-03-30T18:42:00.000Z,SELL,0.01,2,1,10.00,2,-7140.00
2026-03-30T18:42:00.000Z,2026-03-30T19:02:00.000Z,SELL,0.01,1,1,10.00,1,-7130.00
2026-03-30T19:02:00.000Z,2026-03-30T20:10:00.000Z,SELL,0.01,1,1,10.00,1,-7120.00
2026-03-30T20:10:00.000Z,2026-03-30T20:14:00.000Z,SELL,0.01,1,1,10.00,1,-7110.00
2026-03-30T20:14:00.000Z,2026-03-30T20:58:00.000Z,SELL,0.01,1,1,10.00,1,-7100.00
2026-03-30T20:58:00.000Z,2026-03-30T21:57:00.000Z,SELL,0.01,1,1,10.00,1,-7090.00
2026-03-30T21:57:00.000Z,2026-03-31T03:20:00.000Z,SELL,0.01,5,1,10.00,5,-7080.00
2026-03-31T03:20:00.000Z,2026-03-31T03:36:00.000Z,SELL,0.01,2,1,10.00,2,-7070.00
2026-03-31T03:36:00.000Z,2026-03-31T04:18:00.000Z,SELL,0.01,2,1,10.00,2,-7060.00
2026-03-31T04:18:00.000Z,2026-03-31T04:24:00.000Z,SELL,0.01,2,1,10.00,2,-7050.00
2026-03-31T04:24:00.000Z,2026-03-31T04:43:00.000Z,SELL,0.01,2,1,10.00,2,-7040.00
2026-03-31T04:43:00.000Z,2026-03-31T04:47:00.000Z,SELL,0.01,1,1,10.00,1,-7030.00
2026-03-31T04:47:00.000Z,2026-03-31T05:02:00.000Z,SELL,0.01,1,1,10.00,1,-7020.00
2026-03-31T05:02:00.000Z,2026-03-31T05:26:00.000Z,SELL,0.01,1,1,10.00,1,-7010.00
2026-03-31T05:26:00.000Z,2026-03-31T05:48:00.000Z,SELL,0.01,1,1,10.00,1,-7000.00
2026-03-31T05:48:00.000Z,2026-03-31T06:24:00.000Z,SELL,0.01,1,1,10.00,1,-6990.00
2026-03-31T06:24:00.000Z,2026-03-31T08:13:00.000Z,SELL,0.01,1,1,10.00,1,-6980.00
2026-03-31T08:13:00.000Z,2026-03-31T08:39:00.000Z,SELL,0.01,2,1,10.00,2,-6970.00
2026-03-31T08:39:00.000Z,2026-03-31T08:57:00.000Z,SELL,0.01,1,1,10.00,1,-6960.00
2026-03-31T08:57:00.000Z,2026-03-31T09:02:00.000Z,SELL,0.01,1,1,10.00,1,-6950.00
2026-03-31T09:02:00.000Z,2026-03-31T10:19:00.000Z,SELL,0.01,1,1,10.00,1,-6940.00
2026-03-31T10:19:00.000Z,2026-03-31T13:38:00.000Z,SELL,0.01,3,1,10.00,3,-6930.00
2026-03-31T13:38:00.000Z,2026-03-31T14:19:00.000Z,SELL,0.01,2,1,10.00,2,-6920.00
2026-03-31T14:19:00.000Z,2026-03-31T16:51:00.000Z,SELL,0.01,4,1,10.00,4,-6910.00
2026-03-31T16:51:00.000Z,2026-03-31T17:34:00.000Z,SELL,0.01,2,1,10.00,2,-6900.00
2026-03-31T17:34:00.000Z,2026-03-31T17:35:00.000Z,SELL,0.01,1,1,10.00,1,-6890.00
2026-03-31T17:35:00.000Z,2026-03-31T17:40:00.000Z,SELL,0.01,1,1,10.00,1,-6880.00
2026-03-31T17:40:00.000Z,2026-03-31T17:55:00.000Z,SELL,0.01,1,1,10.00,1,-6870.00
2026-03-31T17:55:00.000Z,2026-03-31T19:39:00.000Z,SELL,0.01,2,1,10.00,2,-6860.00
2026-03-31T19:39:00.000Z,2026-03-31T20:23:00.000Z,SELL,0.01,2,1,10.00,2,-6850.00
2026-03-31T20:23:00.000Z,2026-03-31T20:25:00.000Z,SELL,0.01,1,1,10.00,1,-6840.00
2026-03-31T20:25:00.000Z,2026-03-31T22:20:00.000Z,SELL,0.01,2,1,10.00,2,-6830.00
2026-03-31T22:20:00.000Z,2026-04-01T01:08:00.000Z,SELL,0.01,1,1,10.00,1,-6820.00
2026-04-01T01:08:00.000Z,2026-04-01T02:55:00.000Z,SELL,0.01,4,1,10.00,4,-6810.00
2026-04-01T02:55:00.000Z,2026-04-01T04:39:00.000Z,SELL,0.01,3,1,10.00,3,-6800.00
2026-04-01T04:39:00.000Z,2026-04-01T07:04:00.000Z,SELL,0.01,1,1,10.00,1,-6790.00
2026-04-01T07:04:00.000Z,2026-04-01T09:24:00.000Z,SELL,0.01,2,1,10.00,2,-6780.00
2026-04-01T09:24:00.000Z,2026-04-01T10:36:00.000Z,SELL,0.01,2,1,10.00,2,-6770.00
2026-04-01T10:36:00.000Z,2026-04-01T10:45:00.000Z,SELL,0.01,1,1,10.00,1,-6760.00
2026-04-01T10:45:00.000Z,2026-04-01T10:51:00.000Z,SELL,0.01,1,1,10.00,1,-6750.00
2026-04-01T10:51:00.000Z,2026-04-01T14:26:00.000Z,SELL,0.01,4,1,10.00,4,-6740.00
2026-04-01T14:26:00.000Z,2026-04-01T15:19:00.000Z,SELL,0.01,1,1,10.00,1,-6730.00
2026-04-01T15:19:00.000Z,2026-04-01T15:26:00.000Z,SELL,0.01,1,1,10.00,1,-6720.00
2026-04-01T15:26:00.000Z,2026-04-01T17:05:00.000Z,SELL,0.01,5,0,-2420.00,5,-9140.00
2026-04-01T17:05:00.000Z,2026-04-01T17:26:00.000Z,SELL,0.01,1,1,10.00,1,-9130.00
2026-04-01T17:26:00.000Z,2026-04-01T17:53:00.000Z,SELL,0.01,2,1,10.00,2,-9120.00
2026-04-01T17:53:00.000Z,2026-04-01T21:22:00.000Z,SELL,0.01,3,1,10.00,3,-9110.00
2026-04-01T21:22:00.000Z,2026-04-01T21:37:00.000Z,SELL,0.01,1,1,10.00,1,-9100.00
2026-04-01T21:37:00.000Z,2026-04-01T22:39:00.000Z,SELL,0.01,2,1,10.00,2,-9090.00
2026-04-01T22:39:00.000Z,2026-04-01T22:50:00.000Z,SELL,0.01,1,1,10.00,1,-9080.00
2026-04-01T22:50:00.000Z,2026-04-02T01:03:00.000Z,SELL,0.01,1,1,10.00,1,-9070.00
2026-04-02T01:03:00.000Z,2026-04-02T02:06:00.000Z,SELL,0.01,2,1,10.00,2,-9060.00
2026-04-02T02:06:00.000Z,2026-04-02T04:00:00.000Z,SELL,0.01,1,1,10.00,1,-9050.00
2026-04-02T04:00:00.000Z,2026-04-02T04:03:00.000Z,SELL,0.01,1,1,10.00,1,-9040.00
2026-04-02T04:03:00.000Z,2026-04-02T04:03:00.000Z,SELL,0.01,1,1,10.00,1,-9030.00
2026-04-02T04:03:00.000Z,2026-04-02T04:04:00.000Z,SELL,0.01,1,1,10.00,1,-9020.00
2026-04-02T04:04:00.000Z,2026-04-02T04:05:00.000Z,SELL,0.01,1,1,10.00,1,-9010.00
2026-04-02T04:05:00.000Z,2026-04-02T04:11:00.000Z,SELL,0.01,2,1,10.00,2,-9000.00
2026-04-02T04:11:00.000Z,2026-04-02T04:12:00.000Z,SELL,0.01,1,1,10.00,1,-8990.00
2026-04-02T04:12:00.000Z,2026-04-02T04:16:00.000Z,SELL,0.01,1,1,10.00,1,-8980.00
2026-04-02T04:16:00.000Z,2026-04-02T04:17:00.000Z,SELL,0.01,1,1,10.00,1,-8970.00
2026-04-02T04:17:00.000Z,2026-04-02T04:20:00.000Z,SELL,0.01,1,1,10.00,1,-8960.00
2026-04-02T04:20:00.000Z,2026-04-02T04:20:00.000Z,SELL,0.01,1,1,10.00,1,-8950.00
2026-04-02T04:20:00.000Z,2026-04-02T04:25:00.000Z,SELL,0.01,3,1,10.00,3,-8940.00
2026-04-02T04:25:00.000Z,2026-04-02T04:26:00.000Z,SELL,0.01,1,1,10.00,1,-8930.00
2026-04-02T04:26:00.000Z,2026-04-02T04:31:00.000Z,SELL,0.01,1,1,10.00,1,-8920.00
2026-04-02T04:31:00.000Z,2026-04-02T04:32:00.000Z,SELL,0.01,1,1,10.00,1,-8910.00
2026-04-02T04:32:00.000Z,2026-04-02T04:32:00.000Z,SELL,0.01,1,1,10.00,1,-8900.00
2026-04-02T04:32:00.000Z,2026-04-02T04:32:00.000Z,SELL,0.01,1,1,10.00,1,-8890.00
2026-04-02T04:32:00.000Z,2026-04-02T04:34:00.000Z,SELL,0.01,2,1,10.00,2,-8880.00
2026-04-02T04:34:00.000Z,2026-04-02T04:34:00.000Z,SELL,0.01,1,1,10.00,1,-8870.00
2026-04-02T04:34:00.000Z,2026-04-02T04:40:00.000Z,SELL,0.01,2,1,10.00,2,-8860.00
2026-04-02T04:40:00.000Z,2026-04-02T04:44:00.000Z,SELL,0.01,1,1,10.00,1,-8850.00
2026-04-02T04:44:00.000Z,2026-04-02T05:11:00.000Z,SELL,0.01,3,1,10.00,3,-8840.00
2026-04-02T05:11:00.000Z,2026-04-02T05:33:00.000Z,SELL,0.01,3,1,10.00,3,-8830.00
2026-04-02T05:33:00.000Z,2026-04-02T05:37:00.000Z,SELL,0.01,1,1,10.00,1,-8820.00
2026-04-02T05:37:00.000Z,2026-04-02T06:12:00.000Z,SELL,0.01,2,1,10.00,2,-8810.00
2026-04-02T06:12:00.000Z,2026-04-02T06:49:00.000Z,SELL,0.01,1,1,10.00,1,-8800.00
2026-04-02T06:49:00.000Z,2026-04-02T07:06:00.000Z,SELL,0.01,1,1,10.00,1,-8790.00
2026-04-02T07:06:00.000Z,2026-04-02T07:42:00.000Z,SELL,0.01,1,1,10.00,1,-8780.00
2026-04-02T07:42:00.000Z,2026-04-02T08:33:00.000Z,SELL,0.01,3,1,10.00,3,-8770.00
2026-04-02T08:33:00.000Z,2026-04-02T08:33:00.000Z,BUY,0.01,1,1,10.00,1,-8760.00
2026-04-02T08:33:00.000Z,2026-04-02T08:45:00.000Z,BUY,0.01,2,1,10.00,2,-8750.00
2026-04-02T08:45:00.000Z,2026-04-02T08:49:00.000Z,BUY,0.01,2,1,10.00,2,-8740.00
2026-04-02T08:49:00.000Z,2026-04-02T08:49:00.000Z,BUY,0.01,1,1,10.00,1,-8730.00
2026-04-02T08:49:00.000Z,2026-04-02T09:02:00.000Z,BUY,0.01,2,1,10.00,2,-8720.00
2026-04-02T09:02:00.000Z,2026-04-02T09:05:00.000Z,BUY,0.01,1,1,10.00,1,-8710.00
2026-04-02T09:05:00.000Z,2026-04-02T09:10:00.000Z,BUY,0.01,2,1,10.00,2,-8700.00
2026-04-02T09:10:00.000Z,2026-04-02T09:10:00.000Z,BUY,0.01,1,1,10.00,1,-8690.00
2026-04-02T09:10:00.000Z,2026-04-02T09:13:00.000Z,BUY,0.01,1,1,10.00,1,-8680.00
2026-04-02T09:13:00.000Z,2026-04-02T09:19:00.000Z,BUY,0.01,1,1,10.00,1,-8670.00
2026-04-02T09:19:00.000Z,2026-04-02T09:49:00.000Z,BUY,0.01,1,1,10.00,1,-8660.00
2026-04-02T09:49:00.000Z,2026-04-02T10:08:00.000Z,BUY,0.01,1,1,10.00,1,-8650.00
2026-04-02T10:08:00.000Z,2026-04-02T10:14:00.000Z,BUY,0.01,1,1,10.00,1,-8640.00
2026-04-02T10:14:00.000Z,2026-04-02T10:34:00.000Z,BUY,0.01,1,1,10.00,1,-8630.00
2026-04-02T10:34:00.000Z,2026-04-02T10:41:00.000Z,BUY,0.01,1,1,10.00,1,-8620.00
2026-04-02T10:41:00.000Z,2026-04-02T13:22:00.000Z,BUY,0.01,2,1,10.00,2,-8610.00
2026-04-02T13:22:00.000Z,2026-04-02T13:42:00.000Z,BUY,0.01,1,1,10.00,1,-8600.00
2026-04-02T13:42:00.000Z,2026-04-02T16:00:00.000Z,BUY,0.01,4,1,10.00,4,-8590.00
2026-04-02T16:00:00.000Z,2026-04-02T16:00:00.000Z,BUY,0.01,1,1,10.00,1,-8580.00
2026-04-02T16:00:00.000Z,2026-04-02T16:06:00.000Z,BUY,0.01,3,1,10.00,3,-8570.00
2026-04-02T16:06:00.000Z,2026-04-02T16:24:00.000Z,BUY,0.01,2,1,10.00,2,-8560.00
2026-04-02T16:24:00.000Z,2026-04-02T16:26:00.000Z,BUY,0.01,1,1,10.00,1,-8550.00
2026-04-02T16:26:00.000Z,2026-04-02T16:30:00.000Z,BUY,0.01,1,1,10.00,1,-8540.00
2026-04-02T16:30:00.000Z,2026-04-02T16:46:00.000Z,BUY,0.01,1,1,10.00,1,-8530.00
2026-04-02T16:46:00.000Z,2026-04-02T16:48:00.000Z,BUY,0.01,1,1,10.00,1,-8520.00
2026-04-02T16:48:00.000Z,2026-04-02T16:49:00.000Z,BUY,0.01,1,1,10.00,1,-8510.00
2026-04-02T16:49:00.000Z,2026-04-02T16:53:00.000Z,BUY,0.01,1,1,10.00,1,-8500.00
2026-04-02T16:53:00.000Z,2026-04-02T17:11:00.000Z,BUY,0.01,1,1,10.00,1,-8490.00
2026-04-02T17:11:00.000Z,2026-04-02T17:19:00.000Z,BUY,0.01,1,1,10.00,1,-8480.00
2026-04-02T17:19:00.000Z,2026-04-02T17:24:00.000Z,BUY,0.01,1,1,10.00,1,-8470.00
2026-04-02T17:24:00.000Z,2026-04-02T17:36:00.000Z,BUY,0.01,1,1,10.00,1,-8460.00
2026-04-02T17:36:00.000Z,2026-04-02T17:37:00.000Z,BUY,0.01,1,1,10.00,1,-8450.00
2026-04-02T17:37:00.000Z,2026-04-02T18:20:00.000Z,BUY,0.01,4,1,10.00,4,-8440.00
2026-04-02T18:20:00.000Z,2026-04-02T18:28:00.000Z,BUY,0.01,1,1,10.00,1,-8430.00
2026-04-02T18:28:00.000Z,2026-04-02T19:20:00.000Z,BUY,0.01,2,1,10.00,2,-8420.00
2026-04-02T19:20:00.000Z,2026-04-02T19:22:00.000Z,BUY,0.01,1,1,10.00,1,-8410.00
2026-04-02T19:22:00.000Z,2026-04-02T19:36:00.000Z,BUY,0.01,1,1,10.00,1,-8400.00
2026-04-02T19:36:00.000Z,2026-04-02T22:02:00.000Z,BUY,0.01,1,1,10.00,1,-8390.00
2026-04-02T22:02:00.000Z,2026-04-06T01:00:00.000Z,BUY,0.01,2,1,10.00,2,-8380.00
2026-04-06T01:00:00.000Z,2026-04-06T01:01:00.000Z,BUY,0.01,1,1,10.00,1,-8370.00
2026-04-06T01:01:00.000Z,2026-04-06T01:10:00.000Z,BUY,0.01,4,1,10.00,4,-8360.00
2026-04-06T01:10:00.000Z,2026-04-06T01:15:00.000Z,BUY,0.01,1,1,10.00,1,-8350.00
2026-04-06T01:15:00.000Z,2026-04-06T01:40:00.000Z,BUY,0.01,1,1,10.00,1,-8340.00
2026-04-06T01:40:00.000Z,2026-04-06T01:47:00.000Z,BUY,0.01,2,1,10.00,2,-8330.00
2026-04-06T01:47:00.000Z,2026-04-06T01:47:00.000Z,BUY,0.01,1,1,10.00,1,-8320.00
2026-04-06T01:47:00.000Z,2026-04-06T01:47:00.000Z,BUY,0.01,1,1,10.00,1,-8310.00
2026-04-06T01:47:00.000Z,2026-04-06T01:47:00.000Z,BUY,0.01,1,1,10.00,1,-8300.00
2026-04-06T01:47:00.000Z,2026-04-06T01:54:00.000Z,BUY,0.01,5,0,-2420.00,5,-10720.00
2026-04-06T01:54:00.000Z,2026-04-06T01:54:00.000Z,BUY,0.01,1,1,10.00,1,-10710.00
2026-04-06T01:54:00.000Z,2026-04-06T01:54:00.000Z,BUY,0.01,1,1,10.00,1,-10700.00
2026-04-06T01:54:00.000Z,2026-04-06T02:25:00.000Z,BUY,0.01,2,1,10.00,2,-10690.00
2026-04-06T02:25:00.000Z,2026-04-06T03:15:00.000Z,BUY,0.01,1,1,10.00,1,-10680.00
2026-04-06T03:15:00.000Z,2026-04-06T04:07:00.000Z,BUY,0.01,3,1,10.00,3,-10670.00
2026-04-06T04:07:00.000Z,2026-04-06T05:17:00.000Z,BUY,0.01,1,1,10.00,1,-10660.00
2026-04-06T05:17:00.000Z,2026-04-06T05:19:00.000Z,BUY,0.01,1,1,10.00,1,-10650.00
2026-04-06T05:19:00.000Z,2026-04-06T05:20:00.000Z,BUY,0.01,1,1,10.00,1,-10640.00
2026-04-06T05:20:00.000Z,2026-04-06T06:02:00.000Z,BUY,0.01,2,1,10.00,2,-10630.00
2026-04-06T06:02:00.000Z,2026-04-06T07:35:00.000Z,BUY,0.01,1,1,10.00,1,-10620.00
2026-04-06T07:35:00.000Z,2026-04-06T07:59:00.000Z,BUY,0.01,1,1,10.00,1,-10610.00
2026-04-06T07:59:00.000Z,2026-04-06T08:09:00.000Z,BUY,0.01,1,1,10.00,1,-10600.00
2026-04-06T08:09:00.000Z,2026-04-06T10:51:00.000Z,BUY,0.01,3,1,10.00,3,-10590.00
2026-04-06T10:51:00.000Z,2026-04-06T11:04:00.000Z,BUY,0.01,1,1,10.00,1,-10580.00
2026-04-06T11:04:00.000Z,2026-04-06T14:51:00.000Z,SELL,0.01,1,1,10.00,1,-10570.00
2026-04-06T14:51:00.000Z,2026-04-06T15:16:00.000Z,SELL,0.01,1,1,10.00,1,-10560.00
2026-04-06T15:16:00.000Z,2026-04-06T18:15:00.000Z,SELL,0.01,5,1,10.00,5,-10550.00
2026-04-06T18:15:00.000Z,2026-04-06T20:14:00.000Z,SELL,0.01,1,1,10.00,1,-10540.00
2026-04-06T20:14:00.000Z,2026-04-07T04:00:00.000Z,SELL,0.01,1,1,10.00,1,-10530.00
2026-04-07T04:00:00.000Z,2026-04-07T04:00:00.000Z,BUY,0.01,1,1,10.00,1,-10520.00
2026-04-07T04:00:00.000Z,2026-04-07T04:03:00.000Z,BUY,0.01,1,1,10.00,1,-10510.00
2026-04-07T04:03:00.000Z,2026-04-07T04:39:00.000Z,BUY,0.01,4,1,10.00,4,-10500.00
2026-04-07T04:39:00.000Z,2026-04-07T04:40:00.000Z,BUY,0.01,1,1,10.00,1,-10490.00
2026-04-07T04:40:00.000Z,2026-04-07T05:48:00.000Z,BUY,0.01,3,1,10.00,3,-10480.00
2026-04-07T05:48:00.000Z,2026-04-07T07:35:00.000Z,BUY,0.01,1,1,10.00,1,-10470.00
2026-04-07T07:35:00.000Z,2026-04-07T08:30:00.000Z,BUY,0.01,2,1,10.00,2,-10460.00
2026-04-07T08:30:00.000Z,2026-04-07T08:39:00.000Z,BUY,0.01,1,1,10.00,1,-10450.00
2026-04-07T08:39:00.000Z,2026-04-07T09:42:00.000Z,BUY,0.01,1,1,10.00,1,-10440.00
2026-04-07T09:42:00.000Z,2026-04-07T11:13:00.000Z,BUY,0.01,1,1,10.00,1,-10430.00
2026-04-07T11:13:00.000Z,2026-04-07T11:20:00.000Z,BUY,0.01,1,1,10.00,1,-10420.00
2026-04-07T11:20:00.000Z,2026-04-07T11:21:00.000Z,BUY,0.01,1,1,10.00,1,-10410.00
2026-04-07T11:21:00.000Z,2026-04-07T12:13:00.000Z,BUY,0.01,1,1,10.00,1,-10400.00
2026-04-07T12:13:00.000Z,2026-04-07T12:47:00.000Z,BUY,0.01,2,1,10.00,2,-10390.00
2026-04-07T12:47:00.000Z,2026-04-07T12:55:00.000Z,BUY,0.01,1,1,10.00,1,-10380.00
2026-04-07T12:55:00.000Z,2026-04-07T14:10:00.000Z,BUY,0.01,2,1,10.00,2,-10370.00
2026-04-07T14:10:00.000Z,2026-04-07T14:28:00.000Z,BUY,0.01,1,1,10.00,1,-10360.00
2026-04-07T14:28:00.000Z,2026-04-07T14:43:00.000Z,BUY,0.01,1,1,10.00,1,-10350.00
2026-04-07T14:43:00.000Z,2026-04-07T17:02:00.000Z,BUY,0.01,2,1,10.00,2,-10340.00
2026-04-07T17:02:00.000Z,2026-04-07T17:24:00.000Z,BUY,0.01,3,1,10.00,3,-10330.00
2026-04-07T17:24:00.000Z,2026-04-07T17:33:00.000Z,BUY,0.01,1,1,10.00,1,-10320.00
2026-04-07T17:33:00.000Z,2026-04-07T19:03:00.000Z,BUY,0.01,3,1,10.00,3,-10310.00
2026-04-07T19:03:00.000Z,2026-04-07T20:06:00.000Z,BUY,0.01,1,1,10.00,1,-10300.00
2026-04-07T20:06:00.000Z,2026-04-07T20:37:00.000Z,BUY,0.01,1,1,10.00,1,-10290.00
2026-04-07T20:37:00.000Z,2026-04-07T22:20:00.000Z,BUY,0.01,3,1,10.00,3,-10280.00
2026-04-07T22:20:00.000Z,2026-04-07T22:31:00.000Z,SELL,0.01,1,1,10.00,1,-10270.00
2026-04-07T22:31:00.000Z,2026-04-07T22:46:00.000Z,SELL,0.01,2,1,10.00,2,-10260.00
2026-04-07T22:46:00.000Z,2026-04-07T22:52:00.000Z,SELL,0.01,1,1,10.00,1,-10250.00
2026-04-07T22:52:00.000Z,2026-04-08T01:00:00.000Z,SELL,0.01,2,1,10.00,2,-10240.00
2026-04-08T01:00:00.000Z,2026-04-08T01:00:00.000Z,SELL,0.01,1,1,10.00,1,-10230.00
2026-04-08T01:00:00.000Z,2026-04-08T01:00:00.000Z,SELL,0.01,1,1,10.00,1,-10220.00
2026-04-08T01:00:00.000Z,2026-04-08T01:00:00.000Z,SELL,0.01,2,1,10.00,2,-10210.00
2026-04-08T01:00:00.000Z,2026-04-08T01:01:00.000Z,SELL,0.01,1,1,10.00,1,-10200.00
2026-04-08T01:01:00.000Z,2026-04-08T01:32:00.000Z,SELL,0.01,1,1,10.00,1,-10190.00
2026-04-08T01:32:00.000Z,2026-04-08T01:32:00.000Z,SELL,0.01,2,1,10.00,2,-10180.00
2026-04-08T01:32:00.000Z,2026-04-08T01:32:00.000Z,SELL,0.01,1,1,10.00,1,-10170.00
2026-04-08T01:32:00.000Z,2026-04-08T01:33:00.000Z,SELL,0.01,1,1,10.00,1,-10160.00
2026-04-08T01:33:00.000Z,2026-04-08T01:34:00.000Z,SELL,0.01,2,1,10.00,2,-10150.00
2026-04-08T01:34:00.000Z,2026-04-08T01:34:00.000Z,SELL,0.01,1,1,10.00,1,-10140.00
2026-04-08T01:34:00.000Z,2026-04-08T01:53:00.000Z,SELL,0.01,2,1,10.00,2,-10130.00
2026-04-08T01:53:00.000Z,2026-04-08T01:56:00.000Z,SELL,0.01,2,1,10.00,2,-10120.00
2026-04-08T01:56:00.000Z,2026-04-08T03:01:00.000Z,SELL,0.01,2,1,10.00,2,-10110.00
2026-04-08T03:01:00.000Z,2026-04-08T03:14:00.000Z,SELL,0.01,1,1,10.00,1,-10100.00
2026-04-08T03:14:00.000Z,2026-04-08T03:27:00.000Z,SELL,0.01,1,1,10.00,1,-10090.00
2026-04-08T03:27:00.000Z,2026-04-08T03:45:00.000Z,SELL,0.01,1,1,10.00,1,-10080.00
2026-04-08T03:45:00.000Z,2026-04-08T04:20:00.000Z,SELL,0.01,1,1,10.00,1,-10070.00
2026-04-08T04:20:00.000Z,2026-04-08T04:31:00.000Z,SELL,0.01,1,1,10.00,1,-10060.00
2026-04-08T04:31:00.000Z,2026-04-08T05:00:00.000Z,SELL,0.01,2,1,10.00,2,-10050.00
2026-04-08T05:00:00.000Z,2026-04-08T05:24:00.000Z,SELL,0.01,1,1,10.00,1,-10040.00
2026-04-08T05:24:00.000Z,2026-04-08T05:56:00.000Z,SELL,0.01,1,1,10.00,1,-10030.00
2026-04-08T05:56:00.000Z,2026-04-08T08:49:00.000Z,SELL,0.01,2,1,10.00,2,-10020.00
2026-04-08T08:49:00.000Z,2026-04-08T10:00:00.000Z,SELL,0.01,1,1,10.00,1,-10010.00
2026-04-08T10:00:00.000Z,2026-04-08T10:34:00.000Z,SELL,0.01,1,1,10.00,1,-10000.00
2026-04-08T10:34:00.000Z,2026-04-08T11:26:00.000Z,SELL,0.01,1,1,10.00,1,-9990.00
2026-04-08T11:26:00.000Z,2026-04-08T12:43:00.000Z,SELL,0.01,1,1,10.00,1,-9980.00
2026-04-08T12:43:00.000Z,2026-04-08T12:44:00.000Z,SELL,0.01,1,1,10.00,1,-9970.00
2026-04-08T12:44:00.000Z,2026-04-08T16:55:00.000Z,SELL,0.01,5,1,10.00,5,-9960.00
2026-04-08T16:55:00.000Z,2026-04-08T17:31:00.000Z,SELL,0.01,3,1,10.00,3,-9950.00
2026-04-08T17:31:00.000Z,2026-04-08T17:52:00.000Z,SELL,0.01,1,1,10.00,1,-9940.00
2026-04-08T17:52:00.000Z,2026-04-08T17:56:00.000Z,SELL,0.01,1,1,10.00,1,-9930.00
2026-04-08T17:56:00.000Z,2026-04-08T21:18:00.000Z,SELL,0.01,3,1,10.00,3,-9920.00
2026-04-08T21:18:00.000Z,2026-04-08T21:38:00.000Z,SELL,0.01,1,1,10.00,1,-9910.00
2026-04-08T21:38:00.000Z,2026-04-08T21:50:00.000Z,SELL,0.01,1,1,10.00,1,-9900.00
2026-04-08T21:50:00.000Z,2026-04-09T08:29:00.000Z,SELL,0.01,5,0,-2420.00,5,-12320.00
2026-04-09T08:29:00.000Z,2026-04-09T13:24:00.000Z,BUY,0.01,5,1,10.00,5,-12310.00
2026-04-09T13:24:00.000Z,2026-04-09T14:29:00.000Z,BUY,0.01,1,1,10.00,1,-12300.00
2026-04-09T14:29:00.000Z,2026-04-09T14:57:00.000Z,BUY,0.01,1,1,10.00,1,-12290.00
2026-04-09T14:57:00.000Z,2026-04-09T16:38:00.000Z,BUY,0.01,3,1,10.00,3,-12280.00
2026-04-09T16:38:00.000Z,2026-04-09T18:17:00.000Z,BUY,0.01,3,1,10.00,3,-12270.00
2026-04-09T18:17:00.000Z,2026-04-09T22:55:00.000Z,SELL,0.01,3,1,10.00,3,-12260.00
2026-04-09T22:55:00.000Z,2026-04-10T02:11:00.000Z,SELL,0.01,1,1,10.00,1,-12250.00
2026-04-10T02:11:00.000Z,2026-04-10T05:19:00.000Z,SELL,0.01,3,1,10.00,3,-12240.00
2026-04-10T05:19:00.000Z,2026-04-10T11:47:00.000Z,SELL,0.01,3,1,10.00,3,-12230.00
2026-04-10T11:47:00.000Z,2026-04-10T14:44:00.000Z,SELL,0.01,2,1,10.00,2,-12220.00
2026-04-10T14:44:00.000Z,2026-04-10T15:30:00.000Z,BUY,0.01,1,1,10.00,1,-12210.00
2026-04-10T15:30:00.000Z,2026-04-10T15:30:00.000Z,SELL,0.01,1,1,10.00,1,-12200.00
2026-04-10T15:30:00.000Z,2026-04-10T18:36:00.000Z,SELL,0.01,3,1,10.00,3,-12190.00
2026-04-10T18:36:00.000Z,2026-04-13T01:00:00.000Z,SELL,0.01,1,1,10.00,1,-12180.00
2026-04-13T01:00:00.000Z,2026-04-13T01:00:00.000Z,SELL,0.01,1,1,10.00,1,-12170.00
2026-04-13T01:00:00.000Z,2026-04-13T01:00:00.000Z,SELL,0.01,1,1,10.00,1,-12160.00
2026-04-13T01:00:00.000Z,2026-04-13T01:00:00.000Z,SELL,0.01,1,1,10.00,1,-12150.00
2026-04-13T01:00:00.000Z,2026-04-13T01:00:00.000Z,SELL,0.01,1,1,10.00,1,-12140.00
2026-04-13T01:00:00.000Z,2026-04-13T01:00:00.000Z,SELL,0.01,1,1,10.00,1,-12130.00
2026-04-13T01:00:00.000Z,2026-04-13T01:00:00.000Z,SELL,0.01,1,1,10.00,1,-12120.00
2026-04-13T01:00:00.000Z,2026-04-13T01:00:00.000Z,SELL,0.01,1,1,10.00,1,-12110.00
2026-04-13T01:00:00.000Z,2026-04-13T01:00:00.000Z,SELL,0.01,1,1,10.00,1,-12100.00
2026-04-13T01:00:00.000Z,2026-04-13T01:00:00.000Z,SELL,0.01,1,1,10.00,1,-12090.00
2026-04-13T01:00:00.000Z,2026-04-13T01:00:00.000Z,SELL,0.01,1,1,10.00,1,-12080.00
2026-04-13T01:00:00.000Z,2026-04-13T01:00:00.000Z,SELL,0.01,1,1,10.00,1,-12070.00
2026-04-13T01:00:00.000Z,2026-04-13T01:00:00.000Z,SELL,0.01,1,1,10.00,1,-12060.00
2026-04-13T01:00:00.000Z,2026-04-13T01:00:00.000Z,SELL,0.01,1,1,10.00,1,-12050.00
2026-04-13T01:00:00.000Z,2026-04-13T01:00:00.000Z,SELL,0.01,1,1,10.00,1,-12040.00
2026-04-13T01:00:00.000Z,2026-04-13T01:00:00.000Z,SELL,0.01,1,1,10.00,1,-12030.00
2026-04-13T01:00:00.000Z,2026-04-13T01:00:00.000Z,SELL,0.01,2,1,10.00,2,-12020.00
2026-04-13T01:00:00.000Z,2026-04-13T01:00:00.000Z,SELL,0.01,2,1,10.00,2,-12010.00
2026-04-13T01:00:00.000Z,2026-04-13T01:00:00.000Z,SELL,0.01,2,1,10.00,2,-12000.00
2026-04-13T01:00:00.000Z,2026-04-13T01:00:00.000Z,SELL,0.01,2,1,10.00,2,-11990.00
2026-04-13T01:00:00.000Z,2026-04-13T01:00:00.000Z,SELL,0.01,1,1,10.00,1,-11980.00
2026-04-13T01:00:00.000Z,2026-04-13T01:00:00.000Z,SELL,0.01,1,1,10.00,1,-11970.00
2026-04-13T01:00:00.000Z,2026-04-13T01:00:00.000Z,SELL,0.01,1,1,10.00,1,-11960.00
2026-04-13T01:00:00.000Z,2026-04-13T01:00:00.000Z,SELL,0.01,1,1,10.00,1,-11950.00
2026-04-13T01:00:00.000Z,2026-04-13T01:01:00.000Z,SELL,0.01,1,1,10.00,1,-11940.00
2026-04-13T01:01:00.000Z,2026-04-13T01:25:00.000Z,SELL,0.01,3,1,10.00,3,-11930.00
2026-04-13T01:25:00.000Z,2026-04-13T03:35:00.000Z,SELL,0.01,2,1,10.00,2,-11920.00
2026-04-13T03:35:00.000Z,2026-04-13T03:59:00.000Z,BUY,0.01,1,1,10.00,1,-11910.00
2026-04-13T03:59:00.000Z,2026-04-13T04:01:00.000Z,BUY,0.01,1,1,10.00,1,-11900.00
2026-04-13T04:01:00.000Z,2026-04-13T04:10:00.000Z,BUY,0.01,1,1,10.00,1,-11890.00
2026-04-13T04:10:00.000Z,2026-04-13T04:52:00.000Z,BUY,0.01,1,1,10.00,1,-11880.00
2026-04-13T04:52:00.000Z,2026-04-13T09:31:00.000Z,BUY,0.01,1,1,10.00,1,-11870.00
2026-04-13T09:31:00.000Z,2026-04-13T16:50:00.000Z,BUY,0.01,3,1,10.00,3,-11860.00
2026-04-13T16:50:00.000Z,2026-04-13T17:23:00.000Z,BUY,0.01,2,1,10.00,2,-11850.00
2026-04-13T17:23:00.000Z,2026-04-13T17:45:00.000Z,BUY,0.01,1,1,10.00,1,-11840.00
2026-04-13T17:45:00.000Z,2026-04-13T19:29:00.000Z,BUY,0.01,3,1,10.00,3,-11830.00
2026-04-13T19:29:00.000Z,2026-04-13T19:47:00.000Z,BUY,0.01,1,1,10.00,1,-11820.00
2026-04-13T19:47:00.000Z,2026-04-14T01:00:00.000Z,BUY,0.01,3,1,10.00,3,-11810.00
2026-04-14T01:00:00.000Z,2026-04-14T01:00:00.000Z,SELL,0.01,1,1,10.00,1,-11800.00
2026-04-14T01:00:00.000Z,2026-04-14T03:41:00.000Z,SELL,0.01,2,1,10.00,2,-11790.00
2026-04-14T03:41:00.000Z,2026-04-14T04:00:00.000Z,SELL,0.01,1,1,10.00,1,-11780.00
2026-04-14T04:00:00.000Z,2026-04-14T10:06:00.000Z,SELL,0.01,2,1,10.00,2,-11770.00
2026-04-14T10:06:00.000Z,2026-04-14T10:22:00.000Z,SELL,0.01,1,1,10.00,1,-11760.00
2026-04-14T10:22:00.000Z,2026-04-14T10:24:00.000Z,SELL,0.01,1,1,10.00,1,-11750.00
2026-04-14T10:24:00.000Z,2026-04-14T13:39:00.000Z,SELL,0.01,1,1,10.00,1,-11740.00
2026-04-14T13:39:00.000Z,2026-04-14T13:39:00.000Z,SELL,0.01,1,1,10.00,1,-11730.00
2026-04-14T13:39:00.000Z,2026-04-14T14:28:00.000Z,SELL,0.01,2,1,10.00,2,-11720.00
2026-04-14T14:28:00.000Z,2026-04-14T14:50:00.000Z,SELL,0.01,1,1,10.00,1,-11710.00
2026-04-14T14:50:00.000Z,2026-04-14T16:38:00.000Z,SELL,0.01,2,1,10.00,2,-11700.00
2026-04-14T16:38:00.000Z,2026-04-14T16:39:00.000Z,SELL,0.01,1,1,10.00,1,-11690.00
2026-04-14T16:39:00.000Z,2026-04-14T20:05:00.000Z,SELL,0.01,4,1,10.00,4,-11680.00
2026-04-14T20:05:00.000Z,2026-04-15T04:11:00.000Z,SELL,0.01,2,1,10.00,2,-11670.00
2026-04-15T04:11:00.000Z,2026-04-15T04:48:00.000Z,SELL,0.01,1,1,10.00,1,-11660.00
2026-04-15T04:48:00.000Z,2026-04-15T05:30:00.000Z,SELL,0.01,1,1,10.00,1,-11650.00
2026-04-15T05:30:00.000Z,2026-04-15T05:55:00.000Z,SELL,0.01,1,1,10.00,1,-11640.00
2026-04-15T05:55:00.000Z,2026-04-15T10:01:00.000Z,SELL,0.01,1,1,10.00,1,-11630.00
2026-04-15T10:01:00.000Z,2026-04-15T12:11:00.000Z,SELL,0.01,1,1,10.00,1,-11620.00
2026-04-15T12:11:00.000Z,2026-04-15T12:47:00.000Z,SELL,0.01,1,1,10.00,1,-11610.00
2026-04-15T12:47:00.000Z,2026-04-15T16:26:00.000Z,SELL,0.01,2,1,10.00,2,-11600.00
2026-04-15T16:26:00.000Z,2026-04-15T18:04:00.000Z,SELL,0.01,1,1,10.00,1,-11590.00
2026-04-15T18:04:00.000Z,2026-04-15T18:29:00.000Z,SELL,0.01,1,1,10.00,1,-11580.00
2026-04-15T18:29:00.000Z,2026-04-15T18:31:00.000Z,SELL,0.01,1,1,10.00,1,-11570.00
2026-04-15T18:31:00.000Z,2026-04-16T02:33:00.000Z,SELL,0.01,4,1,10.00,4,-11560.00
2026-04-16T02:33:00.000Z,2026-04-16T03:00:00.000Z,BUY,0.01,1,1,10.00,1,-11550.00
2026-04-16T03:00:00.000Z,2026-04-16T16:52:00.000Z,BUY,0.01,2,1,10.00,2,-11540.00
2026-04-16T16:52:00.000Z,2026-04-16T16:55:00.000Z,SELL,0.01,1,1,10.00,1,-11530.00
2026-04-16T16:55:00.000Z,2026-04-16T17:40:00.000Z,SELL,0.01,1,1,10.00,1,-11520.00
2026-04-16T17:40:00.000Z,2026-04-16T17:40:00.000Z,BUY,0.01,1,1,10.00,1,-11510.00
2026-04-16T17:40:00.000Z,2026-04-16T18:04:00.000Z,BUY,0.01,1,1,10.00,1,-11500.00
2026-04-16T18:04:00.000Z,2026-04-16T18:09:00.000Z,BUY,0.01,1,1,10.00,1,-11490.00
2026-04-16T18:09:00.000Z,2026-04-17T04:11:00.000Z,BUY,0.01,2,1,10.00,2,-11480.00
2026-04-17T04:11:00.000Z,2026-04-17T04:55:00.000Z,BUY,0.01,1,1,10.00,1,-11470.00
2026-04-17T04:55:00.000Z,2026-04-17T07:42:00.000Z,BUY,0.01,1,1,10.00,1,-11460.00
2026-04-17T07:42:00.000Z,2026-04-17T14:48:00.000Z,BUY,0.01,3,1,10.00,3,-11450.00
2026-04-17T14:48:00.000Z,2026-04-17T15:30:00.000Z,BUY,0.01,1,1,10.00,1,-11440.00
2026-04-17T15:30:00.000Z,2026-04-17T15:47:00.000Z,BUY,0.01,1,1,10.00,1,-11430.00
2026-04-17T15:47:00.000Z,2026-04-17T15:48:00.000Z,BUY,0.01,1,1,10.00,1,-11420.00
2026-04-17T15:48:00.000Z,2026-04-17T16:07:00.000Z,BUY,0.01,1,1,10.00,1,-11410.00
2026-04-17T16:07:00.000Z,2026-04-17T16:11:00.000Z,SELL,0.01,2,1,10.00,2,-11400.00
2026-04-17T16:11:00.000Z,2026-04-17T16:16:00.000Z,SELL,0.01,1,1,10.00,1,-11390.00
2026-04-17T16:16:00.000Z,2026-04-17T16:20:00.000Z,SELL,0.01,1,1,10.00,1,-11380.00
2026-04-17T16:20:00.000Z,2026-04-17T16:28:00.000Z,SELL,0.01,1,1,10.00,1,-11370.00
2026-04-17T16:28:00.000Z,2026-04-17T16:57:00.000Z,SELL,0.01,2,1,10.00,2,-11360.00
2026-04-17T16:57:00.000Z,2026-04-17T17:06:00.000Z,SELL,0.01,1,1,10.00,1,-11350.00
2026-04-17T17:06:00.000Z,2026-04-17T18:43:00.000Z,SELL,0.01,1,1,10.00,1,-11340.00
2026-04-17T18:43:00.000Z,2026-04-20T01:00:00.000Z,SELL,0.01,1,1,10.00,1,-11330.00
2026-04-20T01:00:00.000Z,2026-04-20T01:00:00.000Z,SELL,0.01,1,1,10.00,1,-11320.00
2026-04-20T01:00:00.000Z,2026-04-20T01:00:00.000Z,SELL,0.01,1,1,10.00,1,-11310.00
2026-04-20T01:00:00.000Z,2026-04-20T01:00:00.000Z,SELL,0.01,1,1,10.00,1,-11300.00
2026-04-20T01:00:00.000Z,2026-04-20T01:00:00.000Z,SELL,0.01,1,1,10.00,1,-11290.00
2026-04-20T01:00:00.000Z,2026-04-20T01:00:00.000Z,SELL,0.01,1,1,10.00,1,-11280.00
2026-04-20T01:00:00.000Z,2026-04-20T01:00:00.000Z,SELL,0.01,1,1,10.00,1,-11270.00
2026-04-20T01:00:00.000Z,2026-04-20T01:00:00.000Z,SELL,0.01,1,1,10.00,1,-11260.00
2026-04-20T01:00:00.000Z,2026-04-20T01:00:00.000Z,SELL,0.01,1,1,10.00,1,-11250.00
2026-04-20T01:00:00.000Z,2026-04-20T01:01:00.000Z,SELL,0.01,1,1,10.00,1,-11240.00
2026-04-20T01:01:00.000Z,2026-04-20T01:09:00.000Z,SELL,0.01,2,1,10.00,2,-11230.00
2026-04-20T01:09:00.000Z,2026-04-20T02:00:00.000Z,SELL,0.01,1,1,10.00,1,-11220.00
2026-04-20T02:00:00.000Z,2026-04-20T02:35:00.000Z,SELL,0.01,1,1,10.00,1,-11210.00
2026-04-20T02:35:00.000Z,2026-04-20T02:43:00.000Z,SELL,0.01,1,1,10.00,1,-11200.00
2026-04-20T02:43:00.000Z,2026-04-20T02:43:00.000Z,SELL,0.01,1,1,10.00,1,-11190.00
2026-04-20T02:43:00.000Z,2026-04-20T02:46:00.000Z,SELL,0.01,1,1,10.00,1,-11180.00
2026-04-20T02:46:00.000Z,2026-04-20T03:32:00.000Z,SELL,0.01,2,1,10.00,2,-11170.00
2026-04-20T03:32:00.000Z,2026-04-20T04:23:00.000Z,SELL,0.01,2,1,10.00,2,-11160.00
2026-04-20T04:23:00.000Z,2026-04-20T04:31:00.000Z,BUY,0.01,1,1,10.00,1,-11150.00
2026-04-20T04:31:00.000Z,2026-04-20T15:20:00.000Z,BUY,0.01,3,1,10.00,3,-11140.00
2026-04-20T15:20:00.000Z,2026-04-21T01:00:00.000Z,BUY,0.01,3,1,10.00,3,-11130.00
2026-04-21T01:00:00.000Z,2026-04-21T03:33:00.000Z,SELL,0.01,1,1,10.00,1,-11120.00
2026-04-21T03:33:00.000Z,2026-04-21T04:55:00.000Z,SELL,0.01,1,1,10.00,1,-11110.00
2026-04-21T04:55:00.000Z,2026-04-21T06:19:00.000Z,SELL,0.01,1,1,10.00,1,-11100.00
2026-04-21T06:19:00.000Z,2026-04-21T08:01:00.000Z,SELL,0.01,1,1,10.00,1,-11090.00
2026-04-21T08:01:00.000Z,2026-04-21T08:41:00.000Z,BUY,0.01,1,1,10.00,1,-11080.00
2026-04-21T08:41:00.000Z,2026-04-21T15:30:00.000Z,BUY,0.01,4,1,10.00,4,-11070.00
2026-04-21T15:30:00.000Z,2026-04-21T15:30:00.000Z,BUY,0.01,1,1,10.00,1,-11060.00
2026-04-21T15:30:00.000Z,2026-04-21T15:34:00.000Z,BUY,0.01,1,1,10.00,1,-11050.00
2026-04-21T15:34:00.000Z,2026-04-21T17:40:00.000Z,BUY,0.01,4,1,10.00,4,-11040.00
2026-04-21T17:40:00.000Z,2026-04-21T17:47:00.000Z,BUY,0.01,2,1,10.00,2,-11030.00
2026-04-21T17:47:00.000Z,2026-04-21T17:53:00.000Z,BUY,0.01,1,1,10.00,1,-11020.00
2026-04-21T17:53:00.000Z,2026-04-21T18:11:00.000Z,BUY,0.01,1,1,10.00,1,-11010.00
2026-04-21T18:11:00.000Z,2026-04-21T19:51:00.000Z,BUY,0.01,2,1,10.00,2,-11000.00
2026-04-21T19:51:00.000Z,2026-04-21T22:42:00.000Z,BUY,0.01,4,1,10.00,4,-10990.00
2026-04-21T22:42:00.000Z,2026-04-22T01:00:00.000Z,BUY,0.01,1,1,10.00,1,-10980.00
2026-04-22T01:00:00.000Z,2026-04-22T01:00:00.000Z,BUY,0.01,1,1,10.00,1,-10970.00
2026-04-22T01:00:00.000Z,2026-04-22T01:00:00.000Z,BUY,0.01,1,1,10.00,1,-10960.00
2026-04-22T01:00:00.000Z,2026-04-22T01:02:00.000Z,BUY,0.01,1,1,10.00,1,-10950.00
2026-04-22T01:02:00.000Z,2026-04-22T02:52:00.000Z,BUY,0.01,1,1,10.00,1,-10940.00
2026-04-22T02:52:00.000Z,2026-04-22T04:31:00.000Z,BUY,0.01,1,1,10.00,1,-10930.00
2026-04-22T04:31:00.000Z,2026-04-22T06:07:00.000Z,BUY,0.01,1,1,10.00,1,-10920.00
2026-04-22T06:07:00.000Z,2026-04-22T08:20:00.000Z,BUY,0.01,1,1,10.00,1,-10910.00
2026-04-22T08:20:00.000Z,2026-04-22T16:05:00.000Z,BUY,0.01,2,1,10.00,2,-10900.00
2026-04-22T16:05:00.000Z,2026-04-22T16:09:00.000Z,BUY,0.01,1,1,10.00,1,-10890.00
2026-04-22T16:09:00.000Z,2026-04-22T16:46:00.000Z,BUY,0.01,1,1,10.00,1,-10880.00
2026-04-22T16:46:00.000Z,2026-04-22T17:36:00.000Z,BUY,0.01,2,1,10.00,2,-10870.00
2026-04-22T17:36:00.000Z,2026-04-22T17:40:00.000Z,BUY,0.01,1,1,10.00,1,-10860.00
2026-04-22T17:40:00.000Z,2026-04-23T03:11:00.000Z,BUY,0.01,2,1,10.00,2,-10850.00
2026-04-23T03:11:00.000Z,2026-04-23T03:19:00.000Z,BUY,0.01,1,1,10.00,1,-10840.00
2026-04-23T03:19:00.000Z,2026-04-23T03:22:00.000Z,BUY,0.01,1,1,10.00,1,-10830.00
2026-04-23T03:22:00.000Z,2026-04-23T03:29:00.000Z,BUY,0.01,1,1,10.00,1,-10820.00
2026-04-23T03:29:00.000Z,2026-04-23T03:30:00.000Z,BUY,0.01,1,1,10.00,1,-10810.00
2026-04-23T03:30:00.000Z,2026-04-23T05:01:00.000Z,BUY,0.01,2,1,10.00,2,-10800.00
2026-04-23T05:01:00.000Z,2026-04-23T13:09:00.000Z,BUY,0.01,4,1,10.00,4,-10790.00
2026-04-23T13:09:00.000Z,2026-04-23T14:19:00.000Z,BUY,0.01,1,1,10.00,1,-10780.00
2026-04-23T14:19:00.000Z,2026-04-23T14:52:00.000Z,BUY,0.01,1,1,10.00,1,-10770.00
2026-04-23T14:52:00.000Z,2026-04-23T15:00:00.000Z,BUY,0.01,1,1,10.00,1,-10760.00
2026-04-23T15:00:00.000Z,2026-04-23T15:03:00.000Z,BUY,0.01,1,1,10.00,1,-10750.00
2026-04-23T15:03:00.000Z,2026-04-23T15:58:00.000Z,BUY,0.01,1,1,10.00,1,-10740.00
2026-04-23T15:58:00.000Z,2026-04-23T20:09:00.000Z,BUY,0.01,2,1,10.00,2,-10730.00
2026-04-23T20:09:00.000Z,2026-04-23T20:42:00.000Z,BUY,0.01,2,1,10.00,2,-10720.00
2026-04-23T20:42:00.000Z,2026-04-23T20:53:00.000Z,BUY,0.01,1,1,10.00,1,-10710.00
2026-04-23T20:53:00.000Z,2026-04-23T20:53:00.000Z,BUY,0.01,1,1,10.00,1,-10700.00
2026-04-23T20:53:00.000Z,2026-04-23T21:00:00.000Z,BUY,0.01,1,1,10.00,1,-10690.00
2026-04-23T21:00:00.000Z,2026-04-24T05:26:00.000Z,BUY,0.01,2,1,10.00,2,-10680.00
2026-04-24T05:26:00.000Z,2026-04-24T10:58:00.000Z,BUY,0.01,3,1,10.00,3,-10670.00
2026-04-24T10:58:00.000Z,2026-04-24T14:22:00.000Z,BUY,0.01,1,1,10.00,1,-10660.00
2026-04-24T14:22:00.000Z,2026-04-24T14:27:00.000Z,BUY,0.01,1,1,10.00,1,-10650.00
2026-04-24T14:27:00.000Z,2026-04-24T17:05:00.000Z,BUY,0.01,3,1,10.00,3,-10640.00
2026-04-24T17:05:00.000Z,2026-04-24T17:12:00.000Z,BUY,0.01,1,1,10.00,1,-10630.00
2026-04-24T17:12:00.000Z,2026-04-27T01:00:00.000Z,BUY,0.01,2,1,10.00,2,-10620.00
2026-04-27T01:00:00.000Z,2026-04-27T01:00:00.000Z,SELL,0.01,1,1,10.00,1,-10610.00
2026-04-27T01:00:00.000Z,2026-04-27T01:09:00.000Z,SELL,0.01,1,1,10.00,1,-10600.00
2026-04-27T01:09:00.000Z,2026-04-27T03:07:00.000Z,SELL,0.01,1,1,10.00,1,-10590.00
2026-04-27T03:07:00.000Z,2026-04-27T03:51:00.000Z,BUY,0.01,1,1,10.00,1,-10580.00
2026-04-27T03:51:00.000Z,2026-04-27T03:58:00.000Z,BUY,0.01,1,1,10.00,1,-10570.00
2026-04-27T03:58:00.000Z,2026-04-27T04:01:00.000Z,BUY,0.01,1,1,10.00,1,-10560.00
2026-04-27T04:01:00.000Z,2026-04-27T05:47:00.000Z,BUY,0.01,1,1,10.00,1,-10550.00
2026-04-27T05:47:00.000Z,2026-04-27T06:39:00.000Z,BUY,0.01,1,1,10.00,1,-10540.00
2026-04-27T06:39:00.000Z,2026-04-27T08:30:00.000Z,SELL,0.01,1,1,10.00,1,-10530.00
2026-04-27T08:30:00.000Z,2026-04-27T12:09:00.000Z,SELL,0.01,1,1,10.00,1,-10520.00
2026-04-27T12:09:00.000Z,2026-04-27T16:01:00.000Z,SELL,0.01,1,1,10.00,1,-10510.00
2026-04-27T16:01:00.000Z,2026-04-28T08:00:00.000Z,BUY,0.01,4,1,10.00,4,-10500.00
2026-04-28T08:00:00.000Z,2026-04-28T08:40:00.000Z,BUY,0.01,2,1,10.00,2,-10490.00
2026-04-28T08:40:00.000Z,2026-04-28T13:58:00.000Z,BUY,0.01,2,1,10.00,2,-10480.00
2026-04-28T13:58:00.000Z,2026-04-28T14:38:00.000Z,BUY,0.01,2,1,10.00,2,-10470.00
2026-04-28T14:38:00.000Z,2026-04-28T15:16:00.000Z,BUY,0.01,1,1,10.00,1,-10460.00
2026-04-28T15:16:00.000Z,2026-04-28T15:20:00.000Z,BUY,0.01,1,1,10.00,1,-10450.00
2026-04-28T15:20:00.000Z,2026-04-28T17:05:00.000Z,BUY,0.01,4,1,10.00,4,-10440.00
2026-04-28T17:05:00.000Z,2026-04-28T17:17:00.000Z,BUY,0.01,1,1,10.00,1,-10430.00
2026-04-28T17:17:00.000Z,2026-04-28T18:52:00.000Z,BUY,0.01,1,1,10.00,1,-10420.00
2026-04-28T18:52:00.000Z,2026-04-28T20:27:00.000Z,BUY,0.01,1,1,10.00,1,-10410.00
2026-04-28T20:27:00.000Z,2026-04-29T03:04:00.000Z,BUY,0.01,1,1,10.00,1,-10400.00
2026-04-29T03:04:00.000Z,2026-04-29T10:20:00.000Z,BUY,0.01,4,1,10.00,4,-10390.00
2026-04-29T10:20:00.000Z,2026-04-29T15:54:00.000Z,BUY,0.01,4,1,10.00,4,-10380.00
2026-04-29T15:54:00.000Z,2026-04-29T16:43:00.000Z,BUY,0.01,2,1,10.00,2,-10370.00
2026-04-29T16:43:00.000Z,2026-04-29T16:55:00.000Z,BUY,0.01,1,1,10.00,1,-10360.00
2026-04-29T16:55:00.000Z,2026-04-29T17:20:00.000Z,BUY,0.01,1,1,10.00,1,-10350.00
2026-04-29T17:20:00.000Z,2026-04-29T18:06:00.000Z,BUY,0.01,1,1,10.00,1,-10340.00
2026-04-29T18:06:00.000Z,2026-04-29T18:45:00.000Z,BUY,0.01,1,1,10.00,1,-10330.00
2026-04-29T18:45:00.000Z,2026-04-29T21:14:00.000Z,BUY,0.01,2,1,10.00,2,-10320.00
2026-04-29T21:14:00.000Z,2026-04-29T21:16:00.000Z,BUY,0.01,1,1,10.00,1,-10310.00
2026-04-29T21:16:00.000Z,2026-04-29T22:14:00.000Z,BUY,0.01,1,1,10.00,1,-10300.00
2026-04-29T22:14:00.000Z,2026-04-30T02:48:00.000Z,BUY,0.01,1,1,10.00,1,-10290.00
2026-04-30T02:48:00.000Z,2026-04-30T03:00:00.000Z,BUY,0.01,1,1,10.00,1,-10280.00
2026-04-30T03:00:00.000Z,2026-04-30T04:28:00.000Z,BUY,0.01,1,1,10.00,1,-10270.00
2026-04-30T04:28:00.000Z,2026-04-30T07:27:00.000Z,BUY,0.01,2,1,10.00,2,-10260.00
2026-04-30T07:27:00.000Z,2026-04-30T08:24:00.000Z,BUY,0.01,1,1,10.00,1,-10250.00
2026-04-30T08:24:00.000Z,2026-04-30T08:51:00.000Z,BUY,0.01,1,1,10.00,1,-10240.00
2026-04-30T08:51:00.000Z,2026-04-30T09:49:00.000Z,BUY,0.01,1,1,10.00,1,-10230.00
2026-04-30T09:49:00.000Z,2026-04-30T09:58:00.000Z,BUY,0.01,1,1,10.00,1,-10220.00
2026-04-30T09:58:00.000Z,2026-04-30T10:48:00.000Z,BUY,0.01,1,1,10.00,1,-10210.00
2026-04-30T10:48:00.000Z,2026-04-30T11:04:00.000Z,BUY,0.01,1,1,10.00,1,-10200.00
2026-04-30T11:04:00.000Z,2026-04-30T13:27:00.000Z,SELL,0.01,2,1,10.00,2,-10190.00
2026-04-30T13:27:00.000Z,2026-04-30T14:33:00.000Z,SELL,0.01,1,1,10.00,1,-10180.00
2026-04-30T14:33:00.000Z,2026-04-30T16:46:00.000Z,SELL,0.01,1,1,10.00,1,-10170.00
2026-04-30T16:46:00.000Z,2026-04-30T19:16:00.000Z,SELL,0.01,1,1,10.00,1,-10160.00
2026-04-30T19:16:00.000Z,2026-05-01T09:19:00.000Z,SELL,0.01,3,1,10.00,3,-10150.00
2026-05-01T09:19:00.000Z,2026-05-01T10:22:00.000Z,SELL,0.01,1,1,10.00,1,-10140.00
2026-05-01T10:22:00.000Z,2026-05-01T10:57:00.000Z,SELL,0.01,1,1,10.00,1,-10130.00
2026-05-01T10:57:00.000Z,2026-05-01T11:25:00.000Z,SELL,0.01,1,1,10.00,1,-10120.00
2026-05-01T11:25:00.000Z,2026-05-01T14:54:00.000Z,BUY,0.01,1,1,10.00,1,-10110.00
2026-05-01T14:54:00.000Z,2026-05-01T15:14:00.000Z,BUY,0.01,1,1,10.00,1,-10100.00
2026-05-01T15:14:00.000Z,2026-05-01T15:25:00.000Z,BUY,0.01,1,1,10.00,1,-10090.00
2026-05-01T15:25:00.000Z,2026-05-01T16:41:00.000Z,BUY,0.01,1,1,10.00,1,-10080.00
2026-05-01T16:41:00.000Z,2026-05-01T16:54:00.000Z,BUY,0.01,1,1,10.00,1,-10070.00
2026-05-01T16:54:00.000Z,2026-05-01T17:00:00.000Z,BUY,0.01,1,1,10.00,1,-10060.00
2026-05-01T17:00:00.000Z,2026-05-01T17:02:00.000Z,BUY,0.01,1,1,10.00,1,-10050.00
2026-05-01T17:02:00.000Z,2026-05-01T17:12:00.000Z,BUY,0.01,1,1,10.00,1,-10040.00
2026-05-01T17:12:00.000Z,2026-05-01T17:13:00.000Z,BUY,0.01,1,1,10.00,1,-10030.00
2026-05-01T17:13:00.000Z,2026-05-01T17:47:00.000Z,BUY,0.01,2,1,10.00,2,-10020.00
2026-05-01T17:47:00.000Z,2026-05-01T18:19:00.000Z,BUY,0.01,1,1,10.00,1,-10010.00
2026-05-01T18:19:00.000Z,2026-05-01T20:31:00.000Z,SELL,0.01,1,1,10.00,1,-10000.00
2026-05-01T20:31:00.000Z,2026-05-01T21:13:00.000Z,SELL,0.01,1,1,10.00,1,-9990.00
2026-05-01T21:13:00.000Z,2026-05-01T22:53:00.000Z,SELL,0.01,1,1,10.00,1,-9980.00
2026-05-01T22:53:00.000Z,2026-05-04T04:06:00.000Z,SELL,0.01,3,1,10.00,3,-9970.00
2026-05-04T04:06:00.000Z,2026-05-04T09:05:00.000Z,SELL,0.01,1,1,10.00,1,-9960.00
2026-05-04T09:05:00.000Z,2026-05-04T13:03:00.000Z,BUY,0.01,2,1,10.00,2,-9950.00
2026-05-04T13:03:00.000Z,2026-05-04T13:22:00.000Z,BUY,0.01,2,1,10.00,2,-9940.00
2026-05-04T13:22:00.000Z,2026-05-04T13:25:00.000Z,BUY,0.01,1,1,10.00,1,-9930.00
2026-05-04T13:25:00.000Z,2026-05-04T13:32:00.000Z,BUY,0.01,1,1,10.00,1,-9920.00
2026-05-04T13:32:00.000Z,2026-05-04T13:36:00.000Z,BUY,0.01,1,1,10.00,1,-9910.00
2026-05-04T13:36:00.000Z,2026-05-04T14:02:00.000Z,BUY,0.01,1,1,10.00,1,-9900.00
2026-05-04T14:02:00.000Z,2026-05-04T17:22:00.000Z,BUY,0.01,1,1,10.00,1,-9890.00
2026-05-04T17:22:00.000Z,2026-05-04T18:14:00.000Z,BUY,0.01,2,1,10.00,2,-9880.00
2026-05-04T18:14:00.000Z,2026-05-04T18:21:00.000Z,BUY,0.01,2,1,10.00,2,-9870.00
2026-05-04T18:21:00.000Z,2026-05-04T18:21:00.000Z,BUY,0.01,1,1,10.00,1,-9860.00
2026-05-04T18:21:00.000Z,2026-05-04T18:38:00.000Z,BUY,0.01,1,1,10.00,1,-9850.00
2026-05-04T18:38:00.000Z,2026-05-04T19:07:00.000Z,BUY,0.01,2,1,10.00,2,-9840.00
2026-05-04T19:07:00.000Z,2026-05-04T19:07:00.000Z,BUY,0.01,1,1,10.00,1,-9830.00
2026-05-04T19:07:00.000Z,2026-05-04T20:18:00.000Z,BUY,0.01,3,1,10.00,3,-9820.00
2026-05-04T20:18:00.000Z,2026-05-05T04:37:00.000Z,BUY,0.01,3,1,10.00,3,-9810.00
2026-05-05T04:37:00.000Z,2026-05-05T08:42:00.000Z,BUY,0.01,1,1,10.00,1,-9800.00
2026-05-05T08:42:00.000Z,2026-05-05T14:42:00.000Z,BUY,0.01,1,1,10.00,1,-9790.00
2026-05-05T14:42:00.000Z,2026-05-05T15:24:00.000Z,BUY,0.01,1,1,10.00,1,-9780.00
2026-05-05T15:24:00.000Z,2026-05-05T16:17:00.000Z,BUY,0.01,1,1,10.00,1,-9770.00
2026-05-05T16:17:00.000Z,2026-05-05T16:43:00.000Z,SELL,0.01,1,1,10.00,1,-9760.00
2026-05-05T16:43:00.000Z,2026-05-05T19:24:00.000Z,SELL,0.01,1,1,10.00,1,-9750.00
2026-05-05T19:24:00.000Z,2026-05-05T22:58:00.000Z,SELL,0.01,1,1,10.00,1,-9740.00
2026-05-05T22:58:00.000Z,2026-05-06T02:11:00.000Z,SELL,0.01,2,1,10.00,2,-9730.00
2026-05-06T02:11:00.000Z,2026-05-06T03:55:00.000Z,SELL,0.01,2,1,10.00,2,-9720.00
2026-05-06T03:55:00.000Z,2026-05-06T05:57:00.000Z,SELL,0.01,2,1,10.00,2,-9710.00
2026-05-06T05:57:00.000Z,2026-05-06T10:45:00.000Z,SELL,0.01,2,1,10.00,2,-9700.00
2026-05-06T10:45:00.000Z,2026-05-06T11:51:00.000Z,SELL,0.01,2,1,10.00,2,-9690.00
2026-05-06T11:51:00.000Z,2026-05-06T12:05:00.000Z,SELL,0.01,1,1,10.00,1,-9680.00
2026-05-06T12:05:00.000Z,2026-05-06T13:54:00.000Z,SELL,0.01,2,1,10.00,2,-9670.00
2026-05-06T13:54:00.000Z,2026-05-06T14:12:00.000Z,SELL,0.01,1,1,10.00,1,-9660.00
2026-05-06T14:12:00.000Z,2026-05-06T14:43:00.000Z,SELL,0.01,1,1,10.00,1,-9650.00
2026-05-06T14:43:00.000Z,2026-05-06T15:00:00.000Z,SELL,0.01,1,1,10.00,1,-9640.00
2026-05-06T15:00:00.000Z,2026-05-06T15:06:00.000Z,SELL,0.01,1,1,10.00,1,-9630.00
2026-05-06T15:06:00.000Z,2026-05-06T15:15:00.000Z,SELL,0.01,1,1,10.00,1,-9620.00
2026-05-06T15:15:00.000Z,2026-05-06T16:49:00.000Z,SELL,0.01,4,1,10.00,4,-9610.00
2026-05-06T16:49:00.000Z,2026-05-06T18:43:00.000Z,SELL,0.01,1,1,10.00,1,-9600.00
2026-05-06T18:43:00.000Z,2026-05-06T19:58:00.000Z,SELL,0.01,1,1,10.00,1,-9590.00
2026-05-06T19:58:00.000Z,2026-05-07T04:12:00.000Z,SELL,0.01,4,1,10.00,4,-9580.00
2026-05-07T04:12:00.000Z,2026-05-07T06:59:00.000Z,SELL,0.01,1,1,10.00,1,-9570.00
2026-05-07T06:59:00.000Z,2026-05-07T09:32:00.000Z,SELL,0.01,2,1,10.00,2,-9560.00
2026-05-07T09:32:00.000Z,2026-05-07T17:25:00.000Z,SELL,0.01,4,1,10.00,4,-9550.00
2026-05-07T17:25:00.000Z,2026-05-07T17:34:00.000Z,SELL,0.01,1,1,10.00,1,-9540.00
2026-05-07T17:34:00.000Z,2026-05-07T18:26:00.000Z,SELL,0.01,1,1,10.00,1,-9530.00
2026-05-07T18:26:00.000Z,2026-05-07T18:55:00.000Z,SELL,0.01,1,1,10.00,1,-9520.00
2026-05-07T18:55:00.000Z,2026-05-07T19:09:00.000Z,SELL,0.01,1,1,10.00,1,-9510.00
2026-05-07T19:09:00.000Z,2026-05-07T19:18:00.000Z,SELL,0.01,1,1,10.00,1,-9500.00
2026-05-07T19:18:00.000Z,2026-05-07T20:26:00.000Z,SELL,0.01,1,1,10.00,1,-9490.00
2026-05-07T20:26:00.000Z,2026-05-07T20:28:00.000Z,SELL,0.01,1,1,10.00,1,-9480.00
2026-05-07T20:28:00.000Z,2026-05-08T04:06:00.000Z,SELL,0.01,4,1,10.00,4,-9470.00
2026-05-08T04:06:00.000Z,2026-05-08T05:03:00.000Z,BUY,0.01,1,1,10.00,1,-9460.00
2026-05-08T05:03:00.000Z,2026-05-08T10:25:00.000Z,BUY,0.01,4,1,10.00,4,-9450.00
2026-05-08T10:25:00.000Z,2026-05-08T15:36:00.000Z,SELL,0.01,2,1,10.00,2,-9440.00
2026-05-08T15:36:00.000Z,2026-05-08T16:12:00.000Z,SELL,0.01,1,1,10.00,1,-9430.00
2026-05-08T16:12:00.000Z,2026-05-08T16:59:00.000Z,SELL,0.01,2,1,10.00,2,-9420.00
2026-05-08T16:59:00.000Z,2026-05-08T17:05:00.000Z,SELL,0.01,1,1,10.00,1,-9410.00
2026-05-08T17:05:00.000Z,2026-05-08T17:09:00.000Z,SELL,0.01,1,1,10.00,1,-9400.00
2026-05-08T17:09:00.000Z,2026-05-08T17:30:00.000Z,SELL,0.01,1,1,10.00,1,-9390.00
2026-05-08T17:30:00.000Z,2026-05-08T18:14:00.000Z,SELL,0.01,1,1,10.00,1,-9380.00
2026-05-08T18:14:00.000Z,2026-05-11T01:00:00.000Z,SELL,0.01,3,1,10.00,3,-9370.00
2026-05-11T01:00:00.000Z,2026-05-11T01:02:00.000Z,SELL,0.01,1,1,10.00,1,-9360.00
2026-05-11T01:02:00.000Z,2026-05-11T03:20:00.000Z,SELL,0.01,1,1,10.00,1,-9350.00
2026-05-11T03:20:00.000Z,2026-05-11T03:25:00.000Z,BUY,0.01,1,1,10.00,1,-9340.00
2026-05-11T03:25:00.000Z,2026-05-11T04:05:00.000Z,BUY,0.01,1,1,10.00,1,-9330.00
2026-05-11T04:05:00.000Z,2026-05-11T08:43:00.000Z,BUY,0.01,2,1,10.00,2,-9320.00
2026-05-11T08:43:00.000Z,2026-05-11T09:48:00.000Z,BUY,0.01,1,1,10.00,1,-9310.00
2026-05-11T09:48:00.000Z,2026-05-11T15:23:00.000Z,BUY,0.01,3,1,10.00,3,-9300.00
2026-05-11T15:23:00.000Z,2026-05-11T15:35:00.000Z,BUY,0.01,1,1,10.00,1,-9290.00
2026-05-11T15:35:00.000Z,2026-05-11T16:02:00.000Z,BUY,0.01,1,1,10.00,1,-9280.00
2026-05-11T16:02:00.000Z,2026-05-11T16:10:00.000Z,BUY,0.01,1,1,10.00,1,-9270.00
2026-05-11T16:10:00.000Z,2026-05-11T16:18:00.000Z,BUY,0.01,1,1,10.00,1,-9260.00
2026-05-11T16:18:00.000Z,2026-05-11T16:35:00.000Z,BUY,0.01,1,1,10.00,1,-9250.00
2026-05-11T16:35:00.000Z,2026-05-11T16:46:00.000Z,BUY,0.01,1,1,10.00,1,-9240.00
2026-05-11T16:46:00.000Z,2026-05-11T17:32:00.000Z,BUY,0.01,2,1,10.00,2,-9230.00
2026-05-11T17:32:00.000Z,2026-05-11T17:38:00.000Z,BUY,0.01,1,1,10.00,1,-9220.00
2026-05-11T17:38:00.000Z,2026-05-12T01:00:00.000Z,BUY,0.01,3,1,10.00,3,-9210.00
2026-05-12T01:00:00.000Z,2026-05-12T02:52:00.000Z,SELL,0.01,2,1,10.00,2,-9200.00
2026-05-12T02:52:00.000Z,2026-05-12T03:01:00.000Z,SELL,0.01,1,1,10.00,1,-9190.00
2026-05-12T03:01:00.000Z,2026-05-12T04:00:00.000Z,SELL,0.01,1,1,10.00,1,-9180.00
2026-05-12T04:00:00.000Z,2026-05-12T04:26:00.000Z,SELL,0.01,1,1,10.00,1,-9170.00
2026-05-12T04:26:00.000Z,2026-05-12T04:38:00.000Z,SELL,0.01,1,1,10.00,1,-9160.00
2026-05-12T04:38:00.000Z,2026-05-12T07:51:00.000Z,SELL,0.01,1,1,10.00,1,-9150.00
2026-05-12T07:51:00.000Z,2026-05-12T09:00:00.000Z,SELL,0.01,1,1,10.00,1,-9140.00
2026-05-12T09:00:00.000Z,2026-05-12T09:25:00.000Z,SELL,0.01,1,1,10.00,1,-9130.00
2026-05-12T09:25:00.000Z,2026-05-12T10:07:00.000Z,SELL,0.01,1,1,10.00,1,-9120.00
2026-05-12T10:07:00.000Z,2026-05-12T17:00:00.000Z,SELL,0.01,5,1,10.00,5,-9110.00
2026-05-12T17:00:00.000Z,2026-05-12T17:02:00.000Z,BUY,0.01,1,1,10.00,1,-9100.00
2026-05-12T17:02:00.000Z,2026-05-12T18:21:00.000Z,BUY,0.01,2,1,10.00,2,-9090.00
2026-05-12T18:21:00.000Z,2026-05-12T18:39:00.000Z,BUY,0.01,1,1,10.00,1,-9080.00
2026-05-12T18:39:00.000Z,2026-05-12T20:04:00.000Z,BUY,0.01,1,1,10.00,1,-9070.00
2026-05-12T20:04:00.000Z,2026-05-12T21:28:00.000Z,BUY,0.01,1,1,10.00,1,-9060.00
2026-05-12T21:28:00.000Z,2026-05-12T21:53:00.000Z,BUY,0.01,1,1,10.00,1,-9050.00
2026-05-12T21:53:00.000Z,2026-05-12T22:34:00.000Z,BUY,0.01,1,1,10.00,1,-9040.00
2026-05-12T22:34:00.000Z,2026-05-13T01:04:00.000Z,BUY,0.01,1,1,10.00,1,-9030.00
2026-05-13T01:04:00.000Z,2026-05-13T05:55:00.000Z,BUY,0.01,2,1,10.00,2,-9020.00
2026-05-13T05:55:00.000Z,2026-05-13T15:30:00.000Z,SELL,0.01,5,1,10.00,5,-9010.00
2026-05-13T15:30:00.000Z,2026-05-13T16:00:00.000Z,BUY,0.01,1,1,10.00,1,-9000.00
2026-05-13T16:00:00.000Z,2026-05-13T18:38:00.000Z,BUY,0.01,1,1,10.00,1,-8990.00
2026-05-13T18:38:00.000Z,2026-05-13T19:24:00.000Z,BUY,0.01,1,1,10.00,1,-8980.00
2026-05-13T19:24:00.000Z,2026-05-13T21:47:00.000Z,BUY,0.01,2,1,10.00,2,-8970.00
2026-05-13T21:47:00.000Z,2026-05-13T22:17:00.000Z,BUY,0.01,1,1,10.00,1,-8960.00
2026-05-13T22:17:00.000Z,2026-05-14T01:41:00.000Z,BUY,0.01,1,1,10.00,1,-8950.00
2026-05-14T01:41:00.000Z,2026-05-14T07:00:00.000Z,BUY,0.01,2,1,10.00,2,-8940.00
2026-05-14T07:00:00.000Z,2026-05-14T07:09:00.000Z,BUY,0.01,1,1,10.00,1,-8930.00
2026-05-14T07:09:00.000Z,2026-05-14T07:24:00.000Z,BUY,0.01,1,1,10.00,1,-8920.00
2026-05-14T07:24:00.000Z,2026-05-14T07:26:00.000Z,BUY,0.01,1,1,10.00,1,-8910.00
2026-05-14T07:26:00.000Z,2026-05-14T07:32:00.000Z,BUY,0.01,1,1,10.00,1,-8900.00
2026-05-14T07:32:00.000Z,2026-05-14T16:40:00.000Z,BUY,0.01,4,1,10.00,4,-8890.00
2026-05-14T16:40:00.000Z,2026-05-14T16:42:00.000Z,SELL,0.01,1,1,10.00,1,-8880.00
2026-05-14T16:42:00.000Z,2026-05-14T17:21:00.000Z,SELL,0.01,2,1,10.00,2,-8870.00
2026-05-14T17:21:00.000Z,2026-05-14T21:03:00.000Z,BUY,0.01,2,1,10.00,2,-8860.00
2026-05-14T21:03:00.000Z,2026-05-15T03:25:00.000Z,BUY,0.01,2,1,10.00,2,-8850.00
2026-05-15T03:25:00.000Z,2026-05-15T04:09:00.000Z,BUY,0.01,2,1,10.00,2,-8840.00
2026-05-15T04:09:00.000Z,2026-05-15T04:17:00.000Z,BUY,0.01,1,1,10.00,1,-8830.00
2026-05-15T04:17:00.000Z,2026-05-15T08:11:00.000Z,BUY,0.01,2,1,10.00,2,-8820.00
2026-05-15T08:11:00.000Z,2026-05-15T08:59:00.000Z,BUY,0.01,2,1,10.00,2,-8810.00
2026-05-15T08:59:00.000Z,2026-05-15T09:11:00.000Z,BUY,0.01,1,1,10.00,1,-8800.00
2026-05-15T09:11:00.000Z,2026-05-15T10:11:00.000Z,BUY,0.01,1,1,10.00,1,-8790.00
2026-05-15T10:11:00.000Z,2026-05-15T11:30:00.000Z,BUY,0.01,2,1,10.00,2,-8780.00
2026-05-15T11:30:00.000Z,2026-05-15T11:42:00.000Z,BUY,0.01,1,1,10.00,1,-8770.00
2026-05-15T11:42:00.000Z,2026-05-15T13:53:00.000Z,BUY,0.01,3,1,10.00,3,-8760.00
2026-05-15T13:53:00.000Z,2026-05-15T16:00:00.000Z,BUY,0.01,2,1,10.00,2,-8750.00
2026-05-15T16:00:00.000Z,2026-05-15T16:18:00.000Z,BUY,0.01,1,1,10.00,1,-8740.00
2026-05-15T16:18:00.000Z,2026-05-15T16:44:00.000Z,BUY,0.01,2,1,10.00,2,-8730.00
2026-05-15T16:44:00.000Z,2026-05-15T16:50:00.000Z,BUY,0.01,1,1,10.00,1,-8720.00
2026-05-15T16:50:00.000Z,2026-05-15T17:12:00.000Z,BUY,0.01,1,1,10.00,1,-8710.00
2026-05-15T17:12:00.000Z,2026-05-15T17:17:00.000Z,BUY,0.01,1,1,10.00,1,-8700.00
2026-05-15T17:17:00.000Z,2026-05-15T17:21:00.000Z,BUY,0.01,1,1,10.00,1,-8690.00
2026-05-15T17:21:00.000Z,2026-05-15T19:06:00.000Z,BUY,0.01,2,1,10.00,2,-8680.00
2026-05-15T19:06:00.000Z,2026-05-15T19:30:00.000Z,BUY,0.01,1,1,10.00,1,-8670.00
2026-05-15T19:30:00.000Z,2026-05-15T20:06:00.000Z,BUY,0.01,1,1,10.00,1,-8660.00
2026-05-15T20:06:00.000Z,2026-05-15T20:24:00.000Z,BUY,0.01,1,1,10.00,1,-8650.00
2026-05-15T20:24:00.000Z,2026-05-18T01:00:00.000Z,BUY,0.01,2,1,10.00,2,-8640.00
2026-05-18T01:00:00.000Z,2026-05-18T01:04:00.000Z,BUY,0.01,3,1,10.00,3,-8630.00
2026-05-18T01:04:00.000Z,2026-05-18T01:09:00.000Z,BUY,0.01,1,1,10.00,1,-8620.00
2026-05-18T01:09:00.000Z,2026-05-18T03:09:00.000Z,BUY,0.01,2,1,10.00,2,-8610.00
2026-05-18T03:09:00.000Z,2026-05-18T03:34:00.000Z,BUY,0.01,2,1,10.00,2,-8600.00
2026-05-18T03:34:00.000Z,2026-05-18T03:56:00.000Z,BUY,0.01,1,1,10.00,1,-8590.00
2026-05-18T03:56:00.000Z,2026-05-18T03:59:00.000Z,BUY,0.01,1,1,10.00,1,-8580.00
2026-05-18T03:59:00.000Z,2026-05-18T04:48:00.000Z,BUY,0.01,3,1,10.00,3,-8570.00
2026-05-18T04:48:00.000Z,2026-05-18T04:51:00.000Z,BUY,0.01,1,1,10.00,1,-8560.00
2026-05-18T04:51:00.000Z,2026-05-18T06:44:00.000Z,BUY,0.01,1,1,10.00,1,-8550.00
2026-05-18T06:44:00.000Z,2026-05-18T10:30:00.000Z,BUY,0.01,1,1,10.00,1,-8540.00
2026-05-18T10:30:00.000Z,2026-05-18T14:41:00.000Z,BUY,0.01,3,1,10.00,3,-8530.00
2026-05-18T14:41:00.000Z,2026-05-18T16:00:00.000Z,BUY,0.01,3,1,10.00,3,-8520.00
2026-05-18T16:00:00.000Z,2026-05-18T17:34:00.000Z,BUY,0.01,2,1,10.00,2,-8510.00
2026-05-18T17:34:00.000Z,2026-05-18T20:04:00.000Z,BUY,0.01,1,1,10.00,1,-8500.00
2026-05-18T20:04:00.000Z,2026-05-19T01:00:00.000Z,BUY,0.01,3,1,10.00,3,-8490.00
2026-05-19T01:00:00.000Z,2026-05-19T01:40:00.000Z,BUY,0.01,1,1,10.00,1,-8480.00
2026-05-19T01:40:00.000Z,2026-05-19T02:13:00.000Z,BUY,0.01,1,1,10.00,1,-8470.00
2026-05-19T02:13:00.000Z,2026-05-19T03:15:00.000Z,SELL,0.01,1,1,10.00,1,-8460.00
2026-05-19T03:15:00.000Z,2026-05-19T03:54:00.000Z,SELL,0.01,1,1,10.00,1,-8450.00
2026-05-19T03:54:00.000Z,2026-05-19T04:21:00.000Z,SELL,0.01,1,1,10.00,1,-8440.00
2026-05-19T04:21:00.000Z,2026-05-19T06:00:00.000Z,SELL,0.01,1,1,10.00,1,-8430.00
2026-05-19T06:00:00.000Z,2026-05-19T08:23:00.000Z,SELL,0.01,1,1,10.00,1,-8420.00
2026-05-19T08:23:00.000Z,2026-05-19T09:13:00.000Z,BUY,0.01,1,1,10.00,1,-8410.00
2026-05-19T09:13:00.000Z,2026-05-19T10:55:00.000Z,BUY,0.01,1,1,10.00,1,-8400.00
2026-05-19T10:55:00.000Z,2026-05-19T13:44:00.000Z,BUY,0.01,2,1,10.00,2,-8390.00
2026-05-19T13:44:00.000Z,2026-05-19T13:55:00.000Z,BUY,0.01,1,1,10.00,1,-8380.00
2026-05-19T13:55:00.000Z,2026-05-19T14:00:00.000Z,BUY,0.01,1,1,10.00,1,-8370.00
2026-05-19T14:00:00.000Z,2026-05-19T16:07:00.000Z,BUY,0.01,2,1,10.00,2,-8360.00
2026-05-19T16:07:00.000Z,2026-05-19T16:31:00.000Z,BUY,0.01,2,1,10.00,2,-8350.00
2026-05-19T16:31:00.000Z,2026-05-19T16:52:00.000Z,BUY,0.01,3,1,10.00,3,-8340.00
2026-05-19T16:52:00.000Z,2026-05-19T16:55:00.000Z,BUY,0.01,1,1,10.00,1,-8330.00
2026-05-19T16:55:00.000Z,2026-05-20T04:23:00.000Z,BUY,0.01,5,0,-2420.00,5,-10750.00
2026-05-20T04:23:00.000Z,2026-05-20T04:36:00.000Z,BUY,0.01,2,1,10.00,2,-10740.00
2026-05-20T04:36:00.000Z,2026-05-20T04:36:00.000Z,BUY,0.01,1,1,10.00,1,-10730.00
2026-05-20T04:36:00.000Z,2026-05-20T04:50:00.000Z,BUY,0.01,1,1,10.00,1,-10720.00
2026-05-20T04:50:00.000Z,2026-05-20T04:50:00.000Z,BUY,0.01,1,1,10.00,1,-10710.00
2026-05-20T04:50:00.000Z,2026-05-20T06:06:00.000Z,BUY,0.01,2,1,10.00,2,-10700.00
2026-05-20T06:06:00.000Z,2026-05-20T07:00:00.000Z,BUY,0.01,1,1,10.00,1,-10690.00
2026-05-20T07:00:00.000Z,2026-05-20T08:32:00.000Z,BUY,0.01,1,1,10.00,1,-10680.00
2026-05-20T08:32:00.000Z,2026-05-20T11:30:00.000Z,BUY,0.01,1,1,10.00,1,-10670.00
2026-05-20T11:30:00.000Z,2026-05-20T14:26:00.000Z,BUY,0.01,1,1,10.00,1,-10660.00
2026-05-20T14:26:00.000Z,2026-05-20T17:12:00.000Z,BUY,0.01,2,1,10.00,2,-10650.00
2026-05-20T17:12:00.000Z,2026-05-20T17:14:00.000Z,BUY,0.01,1,1,10.00,1,-10640.00
2026-05-20T17:14:00.000Z,2026-05-20T17:16:00.000Z,BUY,0.01,1,1,10.00,1,-10630.00
2026-05-20T17:16:00.000Z,2026-05-20T17:17:00.000Z,BUY,0.01,1,1,10.00,1,-10620.00
2026-05-20T17:17:00.000Z,2026-05-20T17:22:00.000Z,BUY,0.01,1,1,10.00,1,-10610.00
2026-05-20T17:22:00.000Z,2026-05-20T17:30:00.000Z,BUY,0.01,1,1,10.00,1,-10600.00
2026-05-20T17:30:00.000Z,2026-05-20T17:55:00.000Z,BUY,0.01,1,1,10.00,1,-10590.00
2026-05-20T17:55:00.000Z,2026-05-20T18:15:00.000Z,BUY,0.01,1,1,10.00,1,-10580.00
2026-05-20T18:15:00.000Z,2026-05-20T18:16:00.000Z,BUY,0.01,1,1,10.00,1,-10570.00
2026-05-20T18:16:00.000Z,2026-05-21T04:15:00.000Z,BUY,0.01,3,1,10.00,3,-10560.00
2026-05-21T04:15:00.000Z,2026-05-21T05:14:00.000Z,SELL,0.01,1,1,10.00,1,-10550.00
2026-05-21T05:14:00.000Z,2026-05-21T05:29:00.000Z,SELL,0.01,1,1,10.00,1,-10540.00
2026-05-21T05:29:00.000Z,2026-05-21T06:50:00.000Z,SELL,0.01,1,1,10.00,1,-10530.00
2026-05-21T06:50:00.000Z,2026-05-21T08:30:00.000Z,SELL,0.01,1,1,10.00,1,-10520.00
2026-05-21T08:30:00.000Z,2026-05-21T13:30:00.000Z,SELL,0.01,5,1,10.00,5,-10510.00
2026-05-21T13:30:00.000Z,2026-05-21T16:00:00.000Z,SELL,0.01,1,1,10.00,1,-10500.00
2026-05-21T16:00:00.000Z,2026-05-21T16:02:00.000Z,BUY,0.01,1,1,10.00,1,-10490.00
2026-05-21T16:02:00.000Z,2026-05-21T16:54:00.000Z,BUY,0.01,3,1,10.00,3,-10480.00
2026-05-21T16:54:00.000Z,2026-05-21T20:11:00.000Z,BUY,0.01,3,1,10.00,3,-10470.00
2026-05-21T20:11:00.000Z,2026-05-21T20:17:00.000Z,BUY,0.01,1,1,10.00,1,-10460.00
2026-05-21T20:17:00.000Z,2026-05-21T20:49:00.000Z,BUY,0.01,1,1,10.00,1,-10450.00
2026-05-21T20:49:00.000Z,2026-05-22T05:33:00.000Z,BUY,0.01,2,1,10.00,2,-10440.00
2026-05-22T05:33:00.000Z,2026-05-22T08:58:00.000Z,SELL,0.01,1,1,10.00,1,-10430.00
2026-05-22T08:58:00.000Z,2026-05-22T17:13:00.000Z,SELL,0.01,5,1,10.00,5,-10420.00
2026-05-22T17:13:00.000Z,2026-05-22T18:05:00.000Z,BUY,0.01,1,1,10.00,1,-10410.00
2026-05-22T18:05:00.000Z,2026-05-22T18:30:00.000Z,BUY,0.01,1,1,10.00,1,-10400.00
2026-05-22T18:30:00.000Z,2026-05-25T01:00:00.000Z,BUY,0.01,1,1,10.00,1,-10390.00
2026-05-25T01:00:00.000Z,2026-05-25T01:00:00.000Z,BUY,0.01,1,1,10.00,1,-10380.00
2026-05-25T01:00:00.000Z,2026-05-25T01:00:00.000Z,BUY,0.01,2,1,10.00,2,-10370.00
2026-05-25T01:00:00.000Z,2026-05-25T01:00:00.000Z,BUY,0.01,1,1,10.00,1,-10360.00
2026-05-25T01:00:00.000Z,2026-05-25T01:00:00.000Z,BUY,0.01,1,1,10.00,1,-10350.00
2026-05-25T01:00:00.000Z,2026-05-25T01:00:00.000Z,BUY,0.01,1,1,10.00,1,-10340.00
2026-05-25T01:00:00.000Z,2026-05-25T01:05:00.000Z,BUY,0.01,1,1,10.00,1,-10330.00
2026-05-25T01:05:00.000Z,2026-05-25T01:47:00.000Z,BUY,0.01,1,1,10.00,1,-10320.00
2026-05-25T01:47:00.000Z,2026-05-25T02:08:00.000Z,BUY,0.01,1,1,10.00,1,-10310.00
2026-05-25T02:08:00.000Z,2026-05-25T04:08:00.000Z,SELL,0.01,1,1,10.00,1,-10300.00
2026-05-25T04:08:00.000Z,2026-05-25T08:50:00.000Z,SELL,0.01,1,1,10.00,1,-10290.00
2026-05-25T08:50:00.000Z,2026-05-26T03:19:00.000Z,SELL,0.01,3,1,10.00,3,-10280.00
2026-05-26T03:19:00.000Z,2026-05-26T04:39:00.000Z,SELL,0.01,1,1,10.00,1,-10270.00
2026-05-26T04:39:00.000Z,2026-05-26T11:29:00.000Z,SELL,0.01,1,1,10.00,1,-10260.00
2026-05-26T11:29:00.000Z,2026-05-26T13:13:00.000Z,BUY,0.01,1,1,10.00,1,-10250.00
2026-05-26T13:13:00.000Z,2026-05-26T15:31:00.000Z,BUY,0.01,2,1,10.00,2,-10240.00
2026-05-26T15:31:00.000Z,2026-05-26T15:44:00.000Z,BUY,0.01,1,1,10.00,1,-10230.00
2026-05-26T15:44:00.000Z,2026-05-26T15:53:00.000Z,BUY,0.01,1,1,10.00,1,-10220.00
2026-05-26T15:53:00.000Z,2026-05-26T20:56:00.000Z,BUY,0.01,2,1,10.00,2,-10210.00
2026-05-26T20:56:00.000Z,2026-05-26T22:16:00.000Z,BUY,0.01,1,1,10.00,1,-10200.00
2026-05-26T22:16:00.000Z,2026-05-27T01:00:00.000Z,BUY,0.01,1,1,10.00,1,-10190.00
2026-05-27T01:00:00.000Z,2026-05-27T01:00:00.000Z,BUY,0.01,1,1,10.00,1,-10180.00
2026-05-27T01:00:00.000Z,2026-05-27T01:00:00.000Z,BUY,0.01,1,1,10.00,1,-10170.00
2026-05-27T01:00:00.000Z,2026-05-27T01:02:00.000Z,BUY,0.01,5,0,-2420.00,5,-12590.00
2026-05-27T01:02:00.000Z,2026-05-27T02:44:00.000Z,BUY,0.01,1,1,10.00,1,-12580.00
2026-05-27T02:44:00.000Z,2026-05-27T08:42:00.000Z,BUY,0.01,2,1,10.00,2,-12570.00
2026-05-27T08:42:00.000Z,2026-05-27T13:39:00.000Z,BUY,0.01,2,1,10.00,2,-12560.00
2026-05-27T13:39:00.000Z,2026-05-27T14:31:00.000Z,BUY,0.01,2,1,10.00,2,-12550.00
2026-05-27T14:31:00.000Z,2026-05-27T14:42:00.000Z,BUY,0.01,1,1,10.00,1,-12540.00
2026-05-27T14:42:00.000Z,2026-05-27T15:19:00.000Z,BUY,0.01,1,1,10.00,1,-12530.00
2026-05-27T15:19:00.000Z,2026-05-27T15:22:00.000Z,BUY,0.01,1,1,10.00,1,-12520.00
2026-05-27T15:22:00.000Z,2026-05-27T16:00:00.000Z,BUY,0.01,2,1,10.00,2,-12510.00
2026-05-27T16:00:00.000Z,2026-05-27T16:28:00.000Z,BUY,0.01,2,1,10.00,2,-12500.00
2026-05-27T16:28:00.000Z,2026-05-27T16:31:00.000Z,BUY,0.01,1,1,10.00,1,-12490.00
2026-05-27T16:31:00.000Z,2026-05-27T16:35:00.000Z,BUY,0.01,1,1,10.00,1,-12480.00
2026-05-27T16:35:00.000Z,2026-05-27T17:04:00.000Z,BUY,0.01,1,1,10.00,1,-12470.00
2026-05-27T17:04:00.000Z,2026-05-27T17:07:00.000Z,BUY,0.01,1,1,10.00,1,-12460.00
2026-05-27T17:07:00.000Z,2026-05-27T21:20:00.000Z,BUY,0.01,1,1,10.00,1,-12450.00
2026-05-27T21:20:00.000Z,2026-05-28T04:25:00.000Z,BUY,0.01,2,1,10.00,2,-12440.00
2026-05-28T04:25:00.000Z,2026-05-28T05:46:00.000Z,BUY,0.01,2,1,10.00,2,-12430.00
2026-05-28T05:46:00.000Z,2026-05-28T13:51:00.000Z,BUY,0.01,5,0,-2420.00,5,-14850.00
2026-05-28T13:51:00.000Z,2026-05-28T13:57:00.000Z,BUY,0.01,1,1,10.00,1,-14840.00
2026-05-28T13:57:00.000Z,2026-05-28T15:36:00.000Z,BUY,0.01,1,1,10.00,1,-14830.00
2026-05-28T15:36:00.000Z,2026-05-28T15:48:00.000Z,BUY,0.01,1,1,10.00,1,-14820.00
2026-05-28T15:48:00.000Z,2026-05-28T15:51:00.000Z,BUY,0.01,1,1,10.00,1,-14810.00
2026-05-28T15:51:00.000Z,2026-05-28T15:56:00.000Z,BUY,0.01,1,1,10.00,1,-14800.00
2026-05-28T15:56:00.000Z,2026-05-28T16:05:00.000Z,BUY,0.01,1,1,10.00,1,-14790.00
2026-05-28T16:05:00.000Z,2026-05-28T17:12:00.000Z,BUY,0.01,1,1,10.00,1,-14780.00
2026-05-28T17:12:00.000Z,2026-05-28T17:13:00.000Z,BUY,0.01,1,1,10.00,1,-14770.00
2026-05-28T17:13:00.000Z,2026-05-28T17:18:00.000Z,BUY,0.01,1,1,10.00,1,-14760.00
2026-05-28T17:18:00.000Z,2026-05-28T17:46:00.000Z,BUY,0.01,1,1,10.00,1,-14750.00
2026-05-28T17:46:00.000Z,2026-05-28T19:16:00.000Z,BUY,0.01,1,1,10.00,1,-14740.00
2026-05-28T19:16:00.000Z,2026-05-29T04:18:00.000Z,SELL,0.01,2,1,10.00,2,-14730.00
2026-05-29T04:18:00.000Z,2026-05-29T04:27:00.000Z,SELL,0.01,1,1,10.00,1,-14720.00
2026-05-29T04:27:00.000Z,2026-05-29T06:07:00.000Z,SELL,0.01,1,1,10.00,1,-14710.00
2026-05-29T06:07:00.000Z,2026-05-29T12:13:00.000Z,SELL,0.01,2,1,10.00,2,-14700.00
2026-05-29T12:13:00.000Z,2026-05-29T15:33:00.000Z,SELL,0.01,1,1,10.00,1,-14690.00
2026-05-29T15:33:00.000Z,2026-05-29T17:02:00.000Z,SELL,0.01,2,1,10.00,2,-14680.00
2026-05-29T17:02:00.000Z,2026-05-29T17:21:00.000Z,SELL,0.01,1,1,10.00,1,-14670.00
2026-05-29T17:21:00.000Z,2026-05-29T17:29:00.000Z,SELL,0.01,1,1,10.00,1,-14660.00
2026-05-29T17:29:00.000Z,2026-05-29T17:52:00.000Z,SELL,0.01,2,1,10.00,2,-14650.00
2026-05-29T17:52:00.000Z,2026-05-29T18:08:00.000Z,SELL,0.01,2,1,10.00,2,-14640.00
2026-05-29T18:08:00.000Z,2026-05-29T18:37:00.000Z,SELL,0.01,1,1,10.00,1,-14630.00
2026-05-29T18:37:00.000Z,2026-05-29T18:41:00.000Z,SELL,0.01,1,1,10.00,1,-14620.00
2026-05-29T18:41:00.000Z,2026-05-29T20:43:00.000Z,SELL,0.01,1,1,10.00,1,-14610.00
2026-05-29T20:43:00.000Z,2026-05-29T22:52:00.000Z,SELL,0.01,1,1,10.00,1,-14600.00
2026-05-29T22:52:00.000Z,2026-06-01T01:00:00.000Z,SELL,0.01,1,1,10.00,1,-14590.00
2026-06-01T01:00:00.000Z,2026-06-01T01:00:00.000Z,SELL,0.01,1,1,10.00,1,-14580.00
2026-06-01T01:00:00.000Z,2026-06-01T01:00:00.000Z,SELL,0.01,1,1,10.00,1,-14570.00
2026-06-01T01:00:00.000Z,2026-06-01T02:30:00.000Z,SELL,0.01,2,1,10.00,2,-14560.00
2026-06-01T02:30:00.000Z,2026-06-01T03:36:00.000Z,SELL,0.01,1,1,10.00,1,-14550.00
2026-06-01T03:36:00.000Z,2026-06-01T04:56:00.000Z,SELL,0.01,1,1,10.00,1,-14540.00
2026-06-01T04:56:00.000Z,2026-06-01T06:18:00.000Z,SELL,0.01,1,1,10.00,1,-14530.00
2026-06-01T06:18:00.000Z,2026-06-01T09:36:00.000Z,SELL,0.01,1,1,10.00,1,-14520.00
2026-06-01T09:36:00.000Z,2026-06-01T10:47:00.000Z,SELL,0.01,1,1,10.00,1,-14510.00
2026-06-01T10:47:00.000Z,2026-06-01T12:18:00.000Z,BUY,0.01,1,1,10.00,1,-14500.00
2026-06-01T12:18:00.000Z,2026-06-01T16:12:00.000Z,BUY,0.01,2,1,10.00,2,-14490.00
2026-06-01T16:12:00.000Z,2026-06-01T16:12:00.000Z,BUY,0.01,1,1,10.00,1,-14480.00
2026-06-01T16:12:00.000Z,2026-06-01T16:53:00.000Z,BUY,0.01,2,1,10.00,2,-14470.00
2026-06-01T16:53:00.000Z,2026-06-01T18:08:00.000Z,BUY,0.01,1,1,10.00,1,-14460.00
2026-06-01T18:08:00.000Z,2026-06-01T18:30:00.000Z,BUY,0.01,1,1,10.00,1,-14450.00
2026-06-01T18:30:00.000Z,2026-06-01T20:30:00.000Z,BUY,0.01,1,1,10.00,1,-14440.00
2026-06-01T20:30:00.000Z,2026-06-02T03:32:00.000Z,BUY,0.01,1,1,10.00,1,-14430.00
2026-06-02T03:32:00.000Z,2026-06-02T04:51:00.000Z,BUY,0.01,2,1,10.00,2,-14420.00
2026-06-02T04:51:00.000Z,2026-06-02T04:58:00.000Z,BUY,0.01,1,1,10.00,1,-14410.00
2026-06-02T04:58:00.000Z,2026-06-02T05:58:00.000Z,BUY,0.01,1,1,10.00,1,-14400.00
2026-06-02T05:58:00.000Z,2026-06-02T06:29:00.000Z,BUY,0.01,1,1,10.00,1,-14390.00
2026-06-02T06:29:00.000Z,2026-06-02T07:16:00.000Z,BUY,0.01,1,1,10.00,1,-14380.00
2026-06-02T07:16:00.000Z,2026-06-02T07:58:00.000Z,BUY,0.01,1,1,10.00,1,-14370.00
2026-06-02T07:58:00.000Z,2026-06-02T08:35:00.000Z,BUY,0.01,1,1,10.00,1,-14360.00
2026-06-02T08:35:00.000Z,2026-06-02T09:35:00.000Z,BUY,0.01,1,1,10.00,1,-14350.00
2026-06-02T09:35:00.000Z,2026-06-02T11:55:00.000Z,SELL,0.01,1,1,10.00,1,-14340.00
2026-06-02T11:55:00.000Z,2026-06-02T15:53:00.000Z,SELL,0.01,1,1,10.00,1,-14330.00
2026-06-02T15:53:00.000Z,2026-06-02T16:37:00.000Z,SELL,0.01,1,1,10.00,1,-14320.00
2026-06-02T16:37:00.000Z,2026-06-02T17:17:00.000Z,SELL,0.01,1,1,10.00,1,-14310.00
2026-06-02T17:17:00.000Z,2026-06-02T20:36:00.000Z,SELL,0.01,1,1,10.00,1,-14300.00
2026-06-02T20:36:00.000Z,2026-06-03T02:10:00.000Z,SELL,0.01,1,1,10.00,1,-14290.00
2026-06-03T02:10:00.000Z,2026-06-03T03:35:00.000Z,BUY,0.01,1,1,10.00,1,-14280.00
2026-06-03T03:35:00.000Z,2026-06-03T03:43:00.000Z,BUY,0.01,1,1,10.00,1,-14270.00
2026-06-03T03:43:00.000Z,2026-06-03T04:24:00.000Z,BUY,0.01,2,1,10.00,2,-14260.00
2026-06-03T04:24:00.000Z,2026-06-03T04:51:00.000Z,BUY,0.01,1,1,10.00,1,-14250.00
2026-06-03T04:51:00.000Z,2026-06-03T06:04:00.000Z,BUY,0.01,1,1,10.00,1,-14240.00
2026-06-03T06:04:00.000Z,2026-06-03T08:59:00.000Z,BUY,0.01,2,1,10.00,2,-14230.00
2026-06-03T08:59:00.000Z,2026-06-03T09:03:00.000Z,BUY,0.01,1,1,10.00,1,-14220.00
2026-06-03T09:03:00.000Z,2026-06-03T16:42:00.000Z,BUY,0.01,4,1,10.00,4,-14210.00
2026-06-03T16:42:00.000Z,2026-06-03T16:55:00.000Z,BUY,0.01,1,1,10.00,1,-14200.00
2026-06-03T16:55:00.000Z,2026-06-03T17:16:00.000Z,BUY,0.01,1,1,10.00,1,-14190.00
2026-06-03T17:16:00.000Z,2026-06-04T01:16:00.000Z,BUY,0.01,2,1,10.00,2,-14180.00
2026-06-04T01:16:00.000Z,2026-06-04T01:32:00.000Z,BUY,0.01,1,1,10.00,1,-14170.00
2026-06-04T01:32:00.000Z,2026-06-04T01:57:00.000Z,BUY,0.01,1,1,10.00,1,-14160.00
2026-06-04T01:57:00.000Z,2026-06-04T02:45:00.000Z,BUY,0.01,1,1,10.00,1,-14150.00
2026-06-04T02:45:00.000Z,2026-06-04T04:20:00.000Z,BUY,0.01,1,1,10.00,1,-14140.00
2026-06-04T04:20:00.000Z,2026-06-04T07:31:00.000Z,BUY,0.01,1,1,10.00,1,-14130.00
2026-06-04T07:31:00.000Z,2026-06-04T14:27:00.000Z,BUY,0.01,3,1,10.00,3,-14120.00
2026-06-04T14:27:00.000Z,2026-06-04T17:38:00.000Z,SELL,0.01,3,1,10.00,3,-14110.00
2026-06-04T17:38:00.000Z,2026-06-04T17:48:00.000Z,SELL,0.01,1,1,10.00,1,-14100.00
2026-06-04T17:48:00.000Z,2026-06-04T17:53:00.000Z,SELL,0.01,1,1,10.00,1,-14090.00
2026-06-04T17:53:00.000Z,2026-06-05T04:40:00.000Z,SELL,0.01,3,1,10.00,3,-14080.00
2026-06-05T04:40:00.000Z,2026-06-05T10:11:00.000Z,BUY,0.01,1,1,10.00,1,-14070.00
2026-06-05T10:11:00.000Z,2026-06-05T12:14:00.000Z,BUY,0.01,1,1,10.00,1,-14060.00
2026-06-05T12:14:00.000Z,2026-06-05T15:50:00.000Z,BUY,0.01,2,1,10.00,2,-14050.00
2026-06-05T15:50:00.000Z,2026-06-05T15:59:00.000Z,BUY,0.01,2,1,10.00,2,-14040.00
2026-06-05T15:59:00.000Z,2026-06-05T16:09:00.000Z,BUY,0.01,1,1,10.00,1,-14030.00
2026-06-05T16:09:00.000Z,2026-06-05T16:38:00.000Z,BUY,0.01,2,1,10.00,2,-14020.00
2026-06-05T16:38:00.000Z,2026-06-05T17:22:00.000Z,BUY,0.01,2,1,10.00,2,-14010.00
2026-06-05T17:22:00.000Z,2026-06-05T17:57:00.000Z,BUY,0.01,1,1,10.00,1,-14000.00
2026-06-05T17:57:00.000Z,2026-06-05T18:38:00.000Z,BUY,0.01,2,1,10.00,2,-13990.00
2026-06-05T18:38:00.000Z,2026-06-08T03:20:00.000Z,BUY,0.01,3,1,10.00,3,-13980.00
2026-06-08T03:20:00.000Z,2026-06-08T04:17:00.000Z,BUY,0.01,2,1,10.00,2,-13970.00
2026-06-08T04:17:00.000Z,2026-06-08T04:45:00.000Z,BUY,0.01,1,1,10.00,1,-13960.00
2026-06-08T04:45:00.000Z,2026-06-08T08:34:00.000Z,BUY,0.01,2,1,10.00,2,-13950.00
2026-06-08T08:34:00.000Z,2026-06-08T08:37:00.000Z,BUY,0.01,2,1,10.00,2,-13940.00
2026-06-08T08:37:00.000Z,2026-06-08T08:37:00.000Z,BUY,0.01,1,1,10.00,1,-13930.00
2026-06-08T08:37:00.000Z,2026-06-08T08:38:00.000Z,BUY,0.01,1,1,10.00,1,-13920.00
2026-06-08T08:38:00.000Z,2026-06-08T09:00:00.000Z,BUY,0.01,1,1,10.00,1,-13910.00
2026-06-08T09:00:00.000Z,2026-06-08T09:22:00.000Z,BUY,0.01,1,1,10.00,1,-13900.00
2026-06-08T09:22:00.000Z,2026-06-08T12:29:00.000Z,BUY,0.01,2,1,10.00,2,-13890.00
2026-06-08T12:29:00.000Z,2026-06-08T12:37:00.000Z,BUY,0.01,1,1,10.00,1,-13880.00
2026-06-08T12:37:00.000Z,2026-06-08T12:48:00.000Z,BUY,0.01,1,1,10.00,1,-13870.00
2026-06-08T12:48:00.000Z,2026-06-08T14:10:00.000Z,BUY,0.01,1,1,10.00,1,-13860.00
2026-06-08T14:10:00.000Z,2026-06-08T14:15:00.000Z,BUY,0.01,1,1,10.00,1,-13850.00
2026-06-08T14:15:00.000Z,2026-06-08T14:32:00.000Z,BUY,0.01,1,1,10.00,1,-13840.00
2026-06-08T14:32:00.000Z,2026-06-08T16:37:00.000Z,BUY,0.01,1,1,10.00,1,-13830.00
2026-06-08T16:37:00.000Z,2026-06-09T10:39:00.000Z,BUY,0.01,5,0,-2420.00,5,-16250.00
2026-06-09T10:39:00.000Z,2026-06-09T16:48:00.000Z,SELL,0.01,2,1,10.00,2,-16240.00
2026-06-09T16:48:00.000Z,2026-06-09T16:51:00.000Z,SELL,0.01,1,1,10.00,1,-16230.00
2026-06-09T16:51:00.000Z,2026-06-09T16:55:00.000Z,SELL,0.01,1,1,10.00,1,-16220.00
2026-06-09T16:55:00.000Z,2026-06-09T17:13:00.000Z,SELL,0.01,1,1,10.00,1,-16210.00
2026-06-09T17:13:00.000Z,2026-06-09T17:17:00.000Z,SELL,0.01,1,1,10.00,1,-16200.00
2026-06-09T17:17:00.000Z,2026-06-09T17:42:00.000Z,SELL,0.01,1,1,10.00,1,-16190.00
2026-06-09T17:42:00.000Z,2026-06-09T17:44:00.000Z,SELL,0.01,1,1,10.00,1,-16180.00
2026-06-09T17:44:00.000Z,2026-06-09T17:46:00.000Z,SELL,0.01,1,1,10.00,1,-16170.00
2026-06-09T17:46:00.000Z,2026-06-09T18:31:00.000Z,SELL,0.01,3,1,10.00,3,-16160.00
2026-06-09T18:31:00.000Z,2026-06-09T18:45:00.000Z,BUY,0.01,1,1,10.00,1,-16150.00
2026-06-09T18:45:00.000Z,2026-06-09T19:38:00.000Z,BUY,0.01,2,1,10.00,2,-16140.00
2026-06-09T19:38:00.000Z,2026-06-09T19:38:00.000Z,BUY,0.01,1,1,10.00,1,-16130.00
2026-06-09T19:38:00.000Z,2026-06-09T21:22:00.000Z,BUY,0.01,3,1,10.00,3,-16120.00
2026-06-09T21:22:00.000Z,2026-06-10T01:47:00.000Z,BUY,0.01,2,1,10.00,2,-16110.00
2026-06-10T01:47:00.000Z,2026-06-10T02:51:00.000Z,BUY,0.01,2,1,10.00,2,-16100.00
2026-06-10T02:51:00.000Z,2026-06-10T02:55:00.000Z,BUY,0.01,1,1,10.00,1,-16090.00
2026-06-10T02:55:00.000Z,2026-06-10T04:05:00.000Z,BUY,0.01,2,1,10.00,2,-16080.00
2026-06-10T04:05:00.000Z,2026-06-10T04:11:00.000Z,BUY,0.01,1,1,10.00,1,-16070.00
2026-06-10T04:11:00.000Z,2026-06-10T04:17:00.000Z,BUY,0.01,1,1,10.00,1,-16060.00
2026-06-10T04:17:00.000Z,2026-06-10T05:06:00.000Z,BUY,0.01,2,1,10.00,2,-16050.00
2026-06-10T05:06:00.000Z,2026-06-10T05:30:00.000Z,BUY,0.01,1,1,10.00,1,-16040.00
2026-06-10T05:30:00.000Z,2026-06-10T08:48:00.000Z,BUY,0.01,1,1,10.00,1,-16030.00
2026-06-10T08:48:00.000Z,2026-06-10T09:04:00.000Z,BUY,0.01,1,1,10.00,1,-16020.00
2026-06-10T09:04:00.000Z,2026-06-10T10:52:00.000Z,BUY,0.01,2,1,10.00,2,-16010.00
2026-06-10T10:52:00.000Z,2026-06-10T14:45:00.000Z,BUY,0.01,2,1,10.00,2,-16000.00
2026-06-10T14:45:00.000Z,2026-06-10T14:51:00.000Z,BUY,0.01,1,1,10.00,1,-15990.00
2026-06-10T14:51:00.000Z,2026-06-10T15:27:00.000Z,BUY,0.01,2,1,10.00,2,-15980.00
2026-06-10T15:27:00.000Z,2026-06-10T15:30:00.000Z,BUY,0.01,1,1,10.00,1,-15970.00
2026-06-10T15:30:00.000Z,2026-06-10T15:30:00.000Z,BUY,0.01,1,1,10.00,1,-15960.00
2026-06-10T15:30:00.000Z,2026-06-10T15:30:00.000Z,BUY,0.01,1,1,10.00,1,-15950.00
2026-06-10T15:30:00.000Z,2026-06-10T16:20:00.000Z,BUY,0.01,4,1,10.00,4,-15940.00
2026-06-10T16:20:00.000Z,2026-06-10T16:24:00.000Z,BUY,0.01,1,1,10.00,1,-15930.00
2026-06-10T16:24:00.000Z,2026-06-10T16:35:00.000Z,BUY,0.01,1,1,10.00,1,-15920.00
2026-06-10T16:35:00.000Z,2026-06-10T16:37:00.000Z,BUY,0.01,1,1,10.00,1,-15910.00
2026-06-10T16:37:00.000Z,2026-06-10T16:44:00.000Z,BUY,0.01,1,1,10.00,1,-15900.00
2026-06-10T16:44:00.000Z,2026-06-10T16:45:00.000Z,BUY,0.01,1,1,10.00,1,-15890.00
2026-06-10T16:45:00.000Z,2026-06-10T17:36:00.000Z,BUY,0.01,2,1,10.00,2,-15880.00
2026-06-10T17:36:00.000Z,2026-06-10T17:57:00.000Z,BUY,0.01,2,1,10.00,2,-15870.00
2026-06-10T17:57:00.000Z,2026-06-10T18:01:00.000Z,BUY,0.01,1,1,10.00,1,-15860.00
2026-06-10T18:01:00.000Z,2026-06-10T20:11:00.000Z,BUY,0.01,5,0,-2420.00,5,-18280.00
2026-06-10T20:11:00.000Z,2026-06-10T22:23:00.000Z,BUY,0.01,2,1,10.00,2,-18270.00
2026-06-10T22:23:00.000Z,2026-06-11T01:07:00.000Z,BUY,0.01,2,1,10.00,2,-18260.00
2026-06-11T01:07:00.000Z,2026-06-11T01:39:00.000Z,BUY,0.01,1,1,10.00,1,-18250.00
2026-06-11T01:39:00.000Z,2026-06-11T02:12:00.000Z,BUY,0.01,2,1,10.00,2,-18240.00
2026-06-11T02:12:00.000Z,2026-06-11T02:20:00.000Z,BUY,0.01,1,1,10.00,1,-18230.00
2026-06-11T02:20:00.000Z,2026-06-11T02:26:00.000Z,BUY,0.01,1,1,10.00,1,-18220.00
2026-06-11T02:26:00.000Z,2026-06-11T03:17:00.000Z,BUY,0.01,1,1,10.00,1,-18210.00
2026-06-11T03:17:00.000Z,2026-06-11T03:33:00.000Z,BUY,0.01,1,1,10.00,1,-18200.00
2026-06-11T03:33:00.000Z,2026-06-11T04:00:00.000Z,BUY,0.01,1,1,10.00,1,-18190.00
2026-06-11T04:00:00.000Z,2026-06-11T04:16:00.000Z,BUY,0.01,3,1,10.00,3,-18180.00
2026-06-11T04:16:00.000Z,2026-06-11T04:25:00.000Z,BUY,0.01,1,1,10.00,1,-18170.00
2026-06-11T04:25:00.000Z,2026-06-11T04:41:00.000Z,BUY,0.01,1,1,10.00,1,-18160.00
2026-06-11T04:41:00.000Z,2026-06-11T05:25:00.000Z,BUY,0.01,2,1,10.00,2,-18150.00
2026-06-11T05:25:00.000Z,2026-06-11T05:41:00.000Z,BUY,0.01,2,1,10.00,2,-18140.00
2026-06-11T05:41:00.000Z,2026-06-11T05:56:00.000Z,BUY,0.01,1,1,10.00,1,-18130.00
2026-06-11T05:56:00.000Z,2026-06-11T06:09:00.000Z,BUY,0.01,1,1,10.00,1,-18120.00
2026-06-11T06:09:00.000Z,2026-06-11T08:32:00.000Z,BUY,0.01,3,1,10.00,3,-18110.00
2026-06-11T08:32:00.000Z,2026-06-11T08:43:00.000Z,BUY,0.01,1,1,10.00,1,-18100.00
2026-06-11T08:43:00.000Z,2026-06-11T10:26:00.000Z,BUY,0.01,3,1,10.00,3,-18090.00
2026-06-11T10:26:00.000Z,2026-06-11T12:30:00.000Z,BUY,0.01,2,1,10.00,2,-18080.00
2026-06-11T12:30:00.000Z,2026-06-11T12:40:00.000Z,BUY,0.01,1,1,10.00,1,-18070.00
2026-06-11T12:40:00.000Z,2026-06-11T15:32:00.000Z,BUY,0.01,2,1,10.00,2,-18060.00
2026-06-11T15:32:00.000Z,2026-06-11T15:40:00.000Z,BUY,0.01,1,1,10.00,1,-18050.00
2026-06-11T15:40:00.000Z,2026-06-11T15:46:00.000Z,BUY,0.01,1,1,10.00,1,-18040.00
2026-06-11T15:46:00.000Z,2026-06-11T16:46:00.000Z,BUY,0.01,1,1,10.00,1,-18030.00
2026-06-11T16:46:00.000Z,2026-06-11T17:10:00.000Z,BUY,0.01,2,1,10.00,2,-18020.00
2026-06-11T17:10:00.000Z,2026-06-11T17:22:00.000Z,BUY,0.01,1,1,10.00,1,-18010.00
2026-06-11T17:22:00.000Z,2026-06-11T17:24:00.000Z,BUY,0.01,1,1,10.00,1,-18000.00
2026-06-11T17:24:00.000Z,2026-06-11T18:40:00.000Z,BUY,0.01,1,1,10.00,1,-17990.00
2026-06-11T18:40:00.000Z,2026-06-11T19:12:00.000Z,BUY,0.01,1,1,10.00,1,-17980.00
2026-06-11T19:12:00.000Z,2026-06-11T20:30:00.000Z,BUY,0.01,3,1,10.00,3,-17970.00
2026-06-11T20:30:00.000Z,2026-06-11T20:30:00.000Z,BUY,0.01,1,1,10.00,1,-17960.00
2026-06-11T20:30:00.000Z,2026-06-11T20:32:00.000Z,BUY,0.01,1,1,10.00,1,-17950.00
2026-06-11T20:32:00.000Z,2026-06-11T20:33:00.000Z,BUY,0.01,1,1,10.00,1,-17940.00
2026-06-11T20:33:00.000Z,2026-06-11T20:36:00.000Z,BUY,0.01,1,1,10.00,1,-17930.00
2026-06-11T20:36:00.000Z,2026-06-11T20:41:00.000Z,BUY,0.01,1,1,10.00,1,-17920.00
2026-06-11T20:41:00.000Z,2026-06-11T21:06:00.000Z,BUY,0.01,2,1,10.00,2,-17910.00
2026-06-11T21:06:00.000Z,2026-06-11T21:11:00.000Z,BUY,0.01,1,1,10.00,1,-17900.00
2026-06-11T21:11:00.000Z,2026-06-11T21:15:00.000Z,BUY,0.01,1,1,10.00,1,-17890.00
2026-06-11T21:15:00.000Z,2026-06-11T21:19:00.000Z,BUY,0.01,1,1,10.00,1,-17880.00
2026-06-11T21:19:00.000Z,2026-06-11T22:00:00.000Z,BUY,0.01,1,1,10.00,1,-17870.00
2026-06-11T22:00:00.000Z,2026-06-11T22:00:00.000Z,SELL,0.01,1,1,10.00,1,-17860.00
2026-06-11T22:00:00.000Z,2026-06-11T22:16:00.000Z,SELL,0.01,2,1,10.00,2,-17850.00
2026-06-11T22:16:00.000Z,2026-06-12T01:43:00.000Z,SELL,0.01,2,1,10.00,2,-17840.00
2026-06-12T01:43:00.000Z,2026-06-12T03:15:00.000Z,SELL,0.01,3,1,10.00,3,-17830.00
2026-06-12T03:15:00.000Z,2026-06-12T03:48:00.000Z,SELL,0.01,1,1,10.00,1,-17820.00
2026-06-12T03:48:00.000Z,2026-06-12T04:02:00.000Z,SELL,0.01,1,1,10.00,1,-17810.00
2026-06-12T04:02:00.000Z,2026-06-12T04:27:00.000Z,SELL,0.01,1,1,10.00,1,-17800.00
2026-06-12T04:27:00.000Z,2026-06-12T08:58:00.000Z,SELL,0.01,3,1,10.00,3,-17790.00
2026-06-12T08:58:00.000Z,2026-06-12T11:04:00.000Z,SELL,0.01,2,1,10.00,2,-17780.00
2026-06-12T11:04:00.000Z,2026-06-12T15:55:00.000Z,SELL,0.01,3,1,10.00,3,-17770.00
2026-06-12T15:55:00.000Z,2026-06-12T17:46:00.000Z,SELL,0.01,1,1,10.00,1,-17760.00
2026-06-12T17:46:00.000Z,2026-06-12T18:10:00.000Z,SELL,0.01,2,1,10.00,2,-17750.00
2026-06-12T18:10:00.000Z,2026-06-22T21:06:00.000Z,SELL,0.01,5,1,10.00,5,-17740.00
2026-06-22T21:06:00.000Z,2026-06-22T21:06:00.000Z,SELL,0.01,1,1,10.00,1,-17730.00
2026-06-22T21:06:00.000Z,2026-06-23T03:11:00.000Z,SELL,0.01,1,1,10.00,1,-17720.00
2026-06-23T03:11:00.000Z,2026-06-23T04:33:00.000Z,SELL,0.01,1,1,10.00,1,-17710.00
2026-06-23T04:33:00.000Z,2026-06-23T04:42:00.000Z,SELL,0.01,1,1,10.00,1,-17700.00
2026-06-23T04:42:00.000Z,2026-06-23T05:10:00.000Z,SELL,0.01,1,1,10.00,1,-17690.00
2026-06-23T05:10:00.000Z,2026-06-23T05:19:00.000Z,BUY,0.01,1,1,10.00,1,-17680.00
2026-06-23T05:19:00.000Z,2026-06-23T07:56:00.000Z,BUY,0.01,2,1,10.00,2,-17670.00
2026-06-23T07:56:00.000Z,2026-06-23T10:52:00.000Z,BUY,0.01,2,1,10.00,2,-17660.00
2026-06-23T10:52:00.000Z,2026-06-23T11:41:00.000Z,BUY,0.01,1,1,10.00,1,-17650.00
2026-06-23T11:41:00.000Z,2026-06-23T12:57:00.000Z,BUY,0.01,1,1,10.00,1,-17640.00
2026-06-23T12:57:00.000Z,2026-06-23T13:02:00.000Z,BUY,0.01,1,1,10.00,1,-17630.00
2026-06-23T13:02:00.000Z,2026-06-23T17:00:00.000Z,BUY,0.01,3,1,10.00,3,-17620.00
2026-06-23T17:00:00.000Z,2026-06-23T23:00:00.000Z,BUY,0.01,2,1,10.00,2,-17610.00
2026-06-23T23:00:00.000Z,2026-06-24T02:39:00.000Z,BUY,0.01,2,1,10.00,2,-17600.00
2026-06-24T02:39:00.000Z,2026-06-24T02:46:00.000Z,BUY,0.01,1,1,10.00,1,-17590.00
2026-06-24T02:46:00.000Z,2026-06-24T03:01:00.000Z,BUY,0.01,1,1,10.00,1,-17580.00
2026-06-24T03:01:00.000Z,2026-06-24T03:08:00.000Z,BUY,0.01,1,1,10.00,1,-17570.00
2026-06-24T03:08:00.000Z,2026-06-24T04:03:00.000Z,BUY,0.01,2,1,10.00,2,-17560.00
2026-06-24T04:03:00.000Z,2026-06-24T04:12:00.000Z,BUY,0.01,1,1,10.00,1,-17550.00
2026-06-24T04:12:00.000Z,2026-06-24T04:30:00.000Z,BUY,0.01,1,1,10.00,1,-17540.00
2026-06-24T04:30:00.000Z,2026-06-24T05:27:00.000Z,BUY,0.01,2,1,10.00,2,-17530.00
2026-06-24T05:27:00.000Z,2026-06-24T08:32:00.000Z,BUY,0.01,3,1,10.00,3,-17520.00
2026-06-24T08:32:00.000Z,2026-06-24T09:10:00.000Z,BUY,0.01,1,1,10.00,1,-17510.00
2026-06-24T09:10:00.000Z,2026-06-24T13:00:00.000Z,BUY,0.01,2,1,10.00,2,-17500.00
2026-06-24T13:00:00.000Z,2026-06-24T15:25:00.000Z,BUY,0.01,2,1,10.00,2,-17490.00
2026-06-24T15:25:00.000Z,2026-06-24T15:50:00.000Z,BUY,0.01,4,1,10.00,4,-17480.00
2026-06-24T15:50:00.000Z,2026-06-24T16:01:00.000Z,BUY,0.01,2,1,10.00,2,-17470.00
2026-06-24T16:01:00.000Z,2026-06-24T16:01:00.000Z,BUY,0.01,1,1,10.00,1,-17460.00
2026-06-24T16:01:00.000Z,2026-06-24T16:03:00.000Z,BUY,0.01,1,1,10.00,1,-17450.00
2026-06-24T16:03:00.000Z,2026-06-24T16:39:00.000Z,BUY,0.01,3,1,10.00,3,-17440.00
2026-06-24T16:39:00.000Z,2026-06-24T16:42:00.000Z,BUY,0.01,1,1,10.00,1,-17430.00
2026-06-24T16:42:00.000Z,2026-06-24T16:50:00.000Z,BUY,0.01,1,1,10.00,1,-17420.00
2026-06-24T16:50:00.000Z,2026-06-24T16:54:00.000Z,BUY,0.01,1,1,10.00,1,-17410.00
2026-06-24T16:54:00.000Z,2026-06-24T17:55:00.000Z,BUY,0.01,2,1,10.00,2,-17400.00
2026-06-24T17:55:00.000Z,2026-06-24T18:20:00.000Z,BUY,0.01,1,1,10.00,1,-17390.00
2026-06-24T18:20:00.000Z,2026-06-24T20:33:00.000Z,BUY,0.01,2,1,10.00,2,-17380.00
2026-06-24T20:33:00.000Z,2026-06-24T23:03:00.000Z,BUY,0.01,3,1,10.00,3,-17370.00
2026-06-24T23:03:00.000Z,2026-06-25T01:05:00.000Z,BUY,0.01,1,1,10.00,1,-17360.00
2026-06-25T01:05:00.000Z,2026-06-25T02:38:00.000Z,BUY,0.01,1,1,10.00,1,-17350.00
2026-06-25T02:38:00.000Z,2026-06-25T03:35:00.000Z,BUY,0.01,2,1,10.00,2,-17340.00
2026-06-25T03:35:00.000Z,2026-06-25T03:53:00.000Z,BUY,0.01,1,1,10.00,1,-17330.00
2026-06-25T03:53:00.000Z,2026-06-25T04:02:00.000Z,BUY,0.01,1,1,10.00,1,-17320.00
2026-06-25T04:02:00.000Z,2026-06-25T04:58:00.000Z,BUY,0.01,2,1,10.00,2,-17310.00
2026-06-25T04:58:00.000Z,2026-06-25T05:21:00.000Z,BUY,0.01,1,1,10.00,1,-17300.00
2026-06-25T05:21:00.000Z,2026-06-25T06:51:00.000Z,BUY,0.01,1,1,10.00,1,-17290.00
2026-06-25T06:51:00.000Z,2026-06-25T15:30:00.000Z,BUY,0.01,5,1,10.00,5,-17280.00
2026-06-25T15:30:00.000Z,2026-06-25T15:48:00.000Z,BUY,0.01,3,1,10.00,3,-17270.00
2026-06-25T15:48:00.000Z,2026-06-25T16:01:00.000Z,BUY,0.01,1,1,10.00,1,-17260.00
2026-06-25T16:01:00.000Z,2026-06-25T18:22:00.000Z,BUY,0.01,5,1,10.00,5,-17250.00
2026-06-25T18:22:00.000Z,2026-06-26T05:24:00.000Z,BUY,0.01,2,1,10.00,2,-17240.00
2026-06-26T05:24:00.000Z,2026-06-26T05:37:00.000Z,SELL,0.01,1,1,10.00,1,-17230.00
2026-06-26T05:37:00.000Z,2026-06-26T05:53:00.000Z,SELL,0.01,1,1,10.00,1,-17220.00
2026-06-26T05:53:00.000Z,2026-06-26T08:15:00.000Z,SELL,0.01,2,1,10.00,2,-17210.00
2026-06-26T08:15:00.000Z,2026-06-26T09:32:00.000Z,BUY,0.01,1,1,10.00,1,-17200.00
2026-06-26T09:32:00.000Z,2026-06-26T10:27:00.000Z,BUY,0.01,1,1,10.00,1,-17190.00
2026-06-26T10:27:00.000Z,2026-06-26T11:02:00.000Z,SELL,0.01,1,1,10.00,1,-17180.00
2026-06-26T11:02:00.000Z,2026-06-26T15:57:00.000Z,SELL,0.01,2,1,10.00,2,-17170.00
2026-06-26T15:57:00.000Z,2026-06-26T16:08:00.000Z,SELL,0.01,1,1,10.00,1,-17160.00
2026-06-26T16:08:00.000Z,2026-06-26T16:57:00.000Z,SELL,0.01,2,1,10.00,2,-17150.00
2026-06-26T16:57:00.000Z,2026-06-26T22:02:00.000Z,SELL,0.01,3,1,10.00,3,-17140.00
2026-06-26T22:02:00.000Z,2026-06-29T01:18:00.000Z,SELL,0.01,1,1,10.00,1,-17130.00
2026-06-29T01:18:00.000Z,2026-06-29T08:30:00.000Z,SELL,0.01,3,1,10.00,3,-17120.00
2026-06-29T08:30:00.000Z,2026-06-29T12:50:00.000Z,SELL,0.01,3,1,10.00,3,-17110.00
2026-06-29T12:50:00.000Z,2026-06-29T12:57:00.000Z,SELL,0.01,1,1,10.00,1,-17100.00
2026-06-29T12:57:00.000Z,2026-06-29T17:11:00.000Z,SELL,0.01,3,1,10.00,3,-17090.00
2026-06-29T17:11:00.000Z,2026-06-29T17:26:00.000Z,BUY,0.01,1,1,10.00,1,-17080.00
2026-06-29T17:26:00.000Z,2026-06-30T03:42:00.000Z,BUY,0.01,2,1,10.00,2,-17070.00
2026-06-30T03:42:00.000Z,2026-06-30T04:06:00.000Z,BUY,0.01,2,1,10.00,2,-17060.00
2026-06-30T04:06:00.000Z,2026-06-30T04:06:00.000Z,BUY,0.01,1,1,10.00,1,-17050.00
2026-06-30T04:06:00.000Z,2026-06-30T04:07:00.000Z,BUY,0.01,2,1,10.00,2,-17040.00
2026-06-30T04:07:00.000Z,2026-06-30T04:07:00.000Z,BUY,0.01,1,1,10.00,1,-17030.00
2026-06-30T04:07:00.000Z,2026-06-30T04:07:00.000Z,BUY,0.01,1,1,10.00,1,-17020.00
2026-06-30T04:07:00.000Z,2026-06-30T04:28:00.000Z,BUY,0.01,3,1,10.00,3,-17010.00
2026-06-30T04:28:00.000Z,2026-06-30T07:30:00.000Z,BUY,0.01,3,1,10.00,3,-17000.00
2026-06-30T07:30:00.000Z,2026-06-30T07:34:00.000Z,BUY,0.01,1,1,10.00,1,-16990.00
2026-06-30T07:34:00.000Z,2026-06-30T09:28:00.000Z,BUY,0.01,3,1,10.00,3,-16980.00
2026-06-30T09:28:00.000Z,2026-06-30T09:31:00.000Z,BUY,0.01,1,1,10.00,1,-16970.00
2026-06-30T09:31:00.000Z,2026-06-30T09:32:00.000Z,BUY,0.01,1,1,10.00,1,-16960.00
2026-06-30T09:32:00.000Z,2026-06-30T11:05:00.000Z,BUY,0.01,1,1,10.00,1,-16950.00
2026-06-30T11:05:00.000Z,2026-06-30T17:10:00.000Z,BUY,0.01,3,1,10.00,3,-16940.00
2026-06-30T17:10:00.000Z,2026-06-30T17:12:00.000Z,SELL,0.01,1,1,10.00,1,-16930.00
2026-06-30T17:12:00.000Z,2026-06-30T18:18:00.000Z,SELL,0.01,3,1,10.00,3,-16920.00
2026-06-30T18:18:00.000Z,2026-06-30T22:52:00.000Z,SELL,0.01,1,1,10.00,1,-16910.00
2026-06-30T22:52:00.000Z,2026-07-01T02:46:00.000Z,SELL,0.01,1,1,10.00,1,-16900.00
2026-07-01T02:46:00.000Z,2026-07-01T03:42:00.000Z,SELL,0.01,1,1,10.00,1,-16890.00
2026-07-01T03:42:00.000Z,2026-07-01T09:07:00.000Z,BUY,0.01,2,1,10.00,2,-16880.00
2026-07-01T09:07:00.000Z,2026-07-01T10:57:00.000Z,BUY,0.01,1,1,10.00,1,-16870.00
2026-07-01T10:57:00.000Z,2026-07-01T13:02:00.000Z,BUY,0.01,1,1,10.00,1,-16860.00
2026-07-01T13:02:00.000Z,2026-07-01T13:57:00.000Z,BUY,0.01,1,1,10.00,1,-16850.00
2026-07-01T13:57:00.000Z,2026-07-01T14:03:00.000Z,BUY,0.01,1,1,10.00,1,-16840.00
2026-07-01T14:03:00.000Z,2026-07-01T14:11:00.000Z,BUY,0.01,1,1,10.00,1,-16830.00
2026-07-01T14:11:00.000Z,2026-07-01T14:29:00.000Z,BUY,0.01,1,1,10.00,1,-16820.00
2026-07-01T14:29:00.000Z,2026-07-01T16:22:00.000Z,BUY,0.01,1,1,10.00,1,-16810.00
2026-07-01T16:22:00.000Z,2026-07-01T16:30:00.000Z,BUY,0.01,1,1,10.00,1,-16800.00
2026-07-01T16:30:00.000Z,2026-07-01T16:38:00.000Z,BUY,0.01,1,1,10.00,1,-16790.00
2026-07-01T16:38:00.000Z,2026-07-01T16:39:00.000Z,BUY,0.01,1,1,10.00,1,-16780.00
2026-07-01T16:39:00.000Z,2026-07-01T16:40:00.000Z,BUY,0.01,1,1,10.00,1,-16770.00
2026-07-01T16:40:00.000Z,2026-07-01T16:44:00.000Z,BUY,0.01,1,1,10.00,1,-16760.00
2026-07-01T16:44:00.000Z,2026-07-01T16:44:00.000Z,BUY,0.01,1,1,10.00,1,-16750.00
2026-07-01T16:44:00.000Z,2026-07-01T17:34:00.000Z,BUY,0.01,1,1,10.00,1,-16740.00
2026-07-01T17:34:00.000Z,2026-07-01T17:41:00.000Z,SELL,0.01,1,1,10.00,1,-16730.00
2026-07-01T17:41:00.000Z,2026-07-01T17:46:00.000Z,SELL,0.01,1,1,10.00,1,-16720.00
2026-07-01T17:46:00.000Z,2026-07-01T18:24:00.000Z,SELL,0.01,1,1,10.00,1,-16710.00
2026-07-01T18:24:00.000Z,2026-07-01T20:06:00.000Z,SELL,0.01,1,1,10.00,1,-16700.00
2026-07-01T20:06:00.000Z,2026-07-01T21:53:00.000Z,SELL,0.01,1,1,10.00,1,-16690.00
2026-07-01T21:53:00.000Z,2026-07-01T22:51:00.000Z,SELL,0.01,1,1,10.00,1,-16680.00
2026-07-01T22:51:00.000Z,2026-07-01T22:56:00.000Z,SELL,0.01,1,1,10.00,1,-16670.00
2026-07-01T22:56:00.000Z,2026-07-02T04:02:00.000Z,SELL,0.01,2,1,10.00,2,-16660.00
2026-07-02T04:02:00.000Z,2026-07-02T04:20:00.000Z,SELL,0.01,1,1,10.00,1,-16650.00
2026-07-02T04:20:00.000Z,2026-07-02T04:33:00.000Z,SELL,0.01,1,1,10.00,1,-16640.00
2026-07-02T04:33:00.000Z,2026-07-02T09:22:00.000Z,SELL,0.01,2,1,10.00,2,-16630.00
2026-07-02T09:22:00.000Z,2026-07-02T09:43:00.000Z,SELL,0.01,1,1,10.00,1,-16620.00
2026-07-02T09:43:00.000Z,2026-07-02T15:30:00.000Z,SELL,0.01,2,1,10.00,2,-16610.00
2026-07-02T15:30:00.000Z,2026-07-02T15:30:00.000Z,SELL,0.01,3,1,10.00,3,-16600.00
2026-07-02T15:30:00.000Z,2026-07-02T15:30:00.000Z,SELL,0.01,1,1,10.00,1,-16590.00
2026-07-02T15:30:00.000Z,2026-07-02T15:30:00.000Z,SELL,0.01,1,1,10.00,1,-16580.00
2026-07-02T15:30:00.000Z,2026-07-02T15:30:00.000Z,SELL,0.01,2,1,10.00,2,-16570.00
2026-07-02T15:30:00.000Z,2026-07-02T15:34:00.000Z,SELL,0.01,2,1,10.00,2,-16560.00
2026-07-02T15:34:00.000Z,2026-07-02T15:56:00.000Z,SELL,0.01,1,1,10.00,1,-16550.00
2026-07-02T15:56:00.000Z,2026-07-02T19:31:00.000Z,SELL,0.01,3,1,10.00,3,-16540.00
2026-07-02T19:31:00.000Z,2026-07-03T03:14:00.000Z,SELL,0.01,2,1,10.00,2,-16530.00
2026-07-03T03:14:00.000Z,2026-07-03T04:07:00.000Z,SELL,0.01,2,1,10.00,2,-16520.00
2026-07-03T04:07:00.000Z,2026-07-03T17:09:00.000Z,SELL,0.01,5,1,10.00,5,-16510.00
2026-07-03T17:09:00.000Z,2026-07-06T01:31:00.000Z,SELL,0.01,2,1,10.00,2,-16500.00
2026-07-06T01:31:00.000Z,2026-07-06T03:01:00.000Z,SELL,0.01,1,1,10.00,1,-16490.00
2026-07-06T03:01:00.000Z,2026-07-06T06:14:00.000Z,SELL,0.01,3,1,10.00,3,-16480.00
2026-07-06T06:14:00.000Z,2026-07-06T08:03:00.000Z,SELL,0.01,1,1,10.00,1,-16470.00
2026-07-06T08:03:00.000Z,2026-07-06T08:59:00.000Z,SELL,0.01,1,1,10.00,1,-16460.00
2026-07-06T08:59:00.000Z,2026-07-06T15:41:00.000Z,SELL,0.01,3,1,10.00,3,-16450.00
2026-07-06T15:41:00.000Z,2026-07-06T16:00:00.000Z,BUY,0.01,1,1,10.00,1,-16440.00
2026-07-06T16:00:00.000Z,2026-07-06T19:54:00.000Z,BUY,0.01,1,1,10.00,1,-16430.00
2026-07-06T19:54:00.000Z,2026-07-06T21:35:00.000Z,BUY,0.01,1,1,10.00,1,-16420.00
2026-07-06T21:35:00.000Z,2026-07-07T04:16:00.000Z,BUY,0.01,2,1,10.00,2,-16410.00
2026-07-07T04:16:00.000Z,2026-07-07T04:47:00.000Z,BUY,0.01,1,1,10.00,1,-16400.00
2026-07-07T04:47:00.000Z,2026-07-07T14:59:00.000Z,BUY,0.01,3,1,10.00,3,-16390.00
2026-07-07T14:59:00.000Z,2026-07-07T15:09:00.000Z,BUY,0.01,1,1,10.00,1,-16380.00
2026-07-07T15:09:00.000Z,2026-07-07T16:00:00.000Z,BUY,0.01,1,1,10.00,1,-16370.00
2026-07-07T16:00:00.000Z,2026-07-07T17:41:00.000Z,BUY,0.01,2,1,10.00,2,-16360.00
2026-07-07T17:41:00.000Z,2026-07-07T18:55:00.000Z,SELL,0.01,1,1,10.00,1,-16350.00
2026-07-07T18:55:00.000Z,2026-07-07T21:53:00.000Z,SELL,0.01,1,1,10.00,1,-16340.00
2026-07-07T21:53:00.000Z,2026-07-07T22:07:00.000Z,SELL,0.01,1,1,10.00,1,-16330.00
2026-07-07T22:07:00.000Z,2026-07-08T03:40:00.000Z,BUY,0.01,5,1,10.00,5,-16320.00
2026-07-08T03:40:00.000Z,2026-07-08T11:17:00.000Z,BUY,0.01,4,1,10.00,4,-16310.00
2026-07-08T11:17:00.000Z,2026-07-08T11:17:00.000Z,BUY,0.01,1,1,10.00,1,-16300.00
2026-07-08T11:17:00.000Z,2026-07-08T11:36:00.000Z,BUY,0.01,2,1,10.00,2,-16290.00
2026-07-08T11:36:00.000Z,2026-07-08T12:43:00.000Z,BUY,0.01,2,1,10.00,2,-16280.00
2026-07-08T12:43:00.000Z,2026-07-08T13:36:00.000Z,BUY,0.01,1,1,10.00,1,-16270.00
2026-07-08T13:36:00.000Z,2026-07-08T14:45:00.000Z,BUY,0.01,1,1,10.00,1,-16260.00
2026-07-08T14:45:00.000Z,2026-07-08T15:19:00.000Z,BUY,0.01,1,1,10.00,1,-16250.00
2026-07-08T15:19:00.000Z,2026-07-08T17:37:00.000Z,BUY,0.01,2,1,10.00,2,-16240.00
2026-07-08T17:37:00.000Z,2026-07-08T19:44:00.000Z,BUY,0.01,3,1,10.00,3,-16230.00
2026-07-08T19:44:00.000Z,2026-07-08T20:07:00.000Z,BUY,0.01,1,1,10.00,1,-16220.00
2026-07-08T20:07:00.000Z,2026-07-08T21:40:00.000Z,BUY,0.01,1,1,10.00,1,-16210.00
2026-07-08T21:40:00.000Z,2026-07-08T21:47:00.000Z,BUY,0.01,1,1,10.00,1,-16200.00
2026-07-08T21:47:00.000Z,2026-07-09T06:12:00.000Z,BUY,0.01,2,1,10.00,2,-16190.00
2026-07-09T06:12:00.000Z,2026-07-09T08:01:00.000Z,BUY,0.01,1,1,10.00,1,-16180.00
2026-07-09T08:01:00.000Z,2026-07-09T08:49:00.000Z,BUY,0.01,1,1,10.00,1,-16170.00
2026-07-09T08:49:00.000Z,2026-07-09T09:00:00.000Z,BUY,0.01,1,1,10.00,1,-16160.00
2026-07-09T09:00:00.000Z,2026-07-09T09:00:00.000Z,BUY,0.01,1,1,10.00,1,-16150.00
2026-07-09T09:00:00.000Z,2026-07-09T10:02:00.000Z,BUY,0.01,1,1,10.00,1,-16140.00
2026-07-09T10:02:00.000Z,2026-07-09T15:09:00.000Z,BUY,0.01,1,1,10.00,1,-16130.00
2026-07-09T15:09:00.000Z,2026-07-09T15:19:00.000Z,SELL,0.01,1,1,10.00,1,-16120.00
2026-07-09T15:19:00.000Z,2026-07-10T11:47:00.000Z,SELL,0.01,5,1,10.00,5,-16110.00
2026-07-10T11:47:00.000Z,2026-07-10T16:28:00.000Z,SELL,0.01,1,1,10.00,1,-16100.00
2026-07-10T16:28:00.000Z,2026-07-10T16:41:00.000Z,BUY,0.01,1,1,10.00,1,-16090.00
2026-07-10T16:41:00.000Z,2026-07-10T18:48:00.000Z,BUY,0.01,3,1,10.00,3,-16080.00
2026-07-10T18:48:00.000Z,2026-07-13T01:40:00.000Z,BUY,0.01,2,1,10.00,2,-16070.00
2026-07-13T01:40:00.000Z,2026-07-13T03:05:00.000Z,BUY,0.01,1,1,10.00,1,-16060.00
2026-07-13T03:05:00.000Z,2026-07-13T06:07:00.000Z,BUY,0.01,4,1,10.00,4,-16050.00
2026-07-13T06:07:00.000Z,2026-07-13T08:09:00.000Z,BUY,0.01,1,1,10.00,1,-16040.00
2026-07-13T08:09:00.000Z,2026-07-13T11:23:00.000Z,BUY,0.01,3,1,10.00,3,-16030.00
2026-07-13T11:23:00.000Z,2026-07-13T13:42:00.000Z,BUY,0.01,2,1,10.00,2,-16020.00
2026-07-13T13:42:00.000Z,2026-07-13T13:56:00.000Z,BUY,0.01,1,1,10.00,1,-16010.00
2026-07-13T13:56:00.000Z,2026-07-13T17:07:00.000Z,BUY,0.01,2,1,10.00,2,-16000.00
2026-07-13T17:07:00.000Z,2026-07-13T19:33:00.000Z,BUY,0.01,4,1,10.00,4,-15990.00
2026-07-13T19:33:00.000Z,2026-07-14T04:58:00.000Z,BUY,0.01,1,1,10.00,1,-15980.00
2026-07-14T04:58:00.000Z,2026-07-14T07:32:00.000Z,BUY,0.01,1,1,10.00,1,-15970.00
2026-07-14T07:32:00.000Z,2026-07-14T08:38:00.000Z,BUY,0.01,1,1,10.00,1,-15960.00
2026-07-14T08:38:00.000Z,2026-07-14T15:30:00.000Z,BUY,0.01,1,1,10.00,1,-15950.00
2026-07-14T15:30:00.000Z,2026-07-14T15:30:00.000Z,BUY,0.01,1,1,10.00,1,-15940.00
2026-07-14T15:30:00.000Z,2026-07-14T15:30:00.000Z,BUY,0.01,1,1,10.00,1,-15930.00
2026-07-14T15:30:00.000Z,2026-07-14T15:30:00.000Z,BUY,0.01,1,1,10.00,1,-15920.00
2026-07-14T15:30:00.000Z,2026-07-14T15:30:00.000Z,BUY,0.01,1,1,10.00,1,-15910.00
2026-07-14T15:30:00.000Z,2026-07-14T15:30:00.000Z,BUY,0.01,2,1,10.00,2,-15900.00
2026-07-14T15:30:00.000Z,2026-07-14T15:30:00.000Z,BUY,0.01,3,1,10.00,3,-15890.00
2026-07-14T15:30:00.000Z,2026-07-14T15:30:00.000Z,BUY,0.01,1,1,10.00,1,-15880.00
2026-07-14T15:30:00.000Z,2026-07-14T15:30:00.000Z,BUY,0.01,1,1,10.00,1,-15870.00
2026-07-14T15:30:00.000Z,2026-07-14T15:31:00.000Z,BUY,0.01,1,1,10.00,1,-15860.00
2026-07-14T15:31:00.000Z,2026-07-14T19:00:00.000Z,BUY,0.01,4,1,10.00,4,-15850.00
2026-07-14T19:00:00.000Z,2026-07-14T21:37:00.000Z,SELL,0.01,1,1,10.00,1,-15840.00
2026-07-14T21:37:00.000Z,2026-07-15T04:40:00.000Z,SELL,0.01,1,1,10.00,1,-15830.00
2026-07-15T04:40:00.000Z,2026-07-15T05:17:00.000Z,SELL,0.01,1,1,10.00,1,-15820.00
2026-07-15T05:17:00.000Z,2026-07-15T09:22:00.000Z,SELL,0.01,1,1,10.00,1,-15810.00
2026-07-15T09:22:00.000Z,2026-07-15T09:44:00.000Z,BUY,0.01,1,1,10.00,1,-15800.00
2026-07-15T09:44:00.000Z,2026-07-15T15:04:00.000Z,BUY,0.01,1,1,10.00,1,-15790.00
2026-07-15T15:04:00.000Z,2026-07-15T15:32:00.000Z,BUY,0.01,1,1,10.00,1,-15780.00
2026-07-15T15:32:00.000Z,2026-07-15T15:37:00.000Z,BUY,0.01,1,1,10.00,1,-15770.00
2026-07-15T15:37:00.000Z,2026-07-15T16:05:00.000Z,BUY,0.01,1,1,10.00,1,-15760.00
2026-07-15T16:05:00.000Z,2026-07-15T16:13:00.000Z,SELL,0.01,1,1,10.00,1,-15750.00
2026-07-15T16:13:00.000Z,2026-07-15T18:11:00.000Z,SELL,0.01,1,1,10.00,1,-15740.00
2026-07-15T18:11:00.000Z,2026-07-15T18:20:00.000Z,SELL,0.01,1,1,10.00,1,-15730.00
2026-07-15T18:20:00.000Z,2026-07-15T19:34:00.000Z,SELL,0.01,1,1,10.00,1,-15720.00
2026-07-15T19:34:00.000Z,2026-07-15T20:44:00.000Z,SELL,0.01,2,1,10.00,2,-15710.00
2026-07-15T20:44:00.000Z,2026-07-15T22:33:00.000Z,SELL,0.01,1,1,10.00,1,-15700.00
2026-07-15T22:33:00.000Z,2026-07-16T04:02:00.000Z,SELL,0.01,1,1,10.00,1,-15690.00
2026-07-16T04:02:00.000Z,2026-07-16T05:14:00.000Z,SELL,0.01,1,1,10.00,1,-15680.00
2026-07-16T05:14:00.000Z,2026-07-16T15:16:00.000Z,SELL,0.01,1,1,10.00,1,-15670.00
2026-07-16T15:16:00.000Z,2026-07-16T15:58:00.000Z,BUY,0.01,2,1,10.00,2,-15660.00
2026-07-16T15:58:00.000Z,2026-07-16T16:26:00.000Z,BUY,0.01,1,1,10.00,1,-15650.00
2026-07-16T16:26:00.000Z,2026-07-16T18:25:00.000Z,BUY,0.01,1,1,10.00,1,-15640.00
2026-07-16T18:25:00.000Z,2026-07-16T20:36:00.000Z,BUY,0.01,2,1,10.00,2,-15630.00
2026-07-16T20:36:00.000Z,2026-07-17T03:59:00.000Z,BUY,0.01,1,1,10.00,1,-15620.00
2026-07-17T03:59:00.000Z,2026-07-17T06:19:00.000Z,BUY,0.01,3,1,10.00,3,-15610.00
2026-07-17T06:19:00.000Z,2026-07-17T15:43:00.000Z,BUY,0.01,4,1,10.00,4,-15600.00
2026-07-17T15:43:00.000Z,2026-07-17T16:37:00.000Z,BUY,0.01,1,1,10.00,1,-15590.00
2026-07-17T16:37:00.000Z,2026-07-17T16:39:00.000Z,BUY,0.01,1,1,10.00,1,-15580.00
2026-07-17T16:39:00.000Z,2026-07-17T16:39:00.000Z,BUY,0.01,1,1,10.00,1,-15570.00
2026-07-17T16:39:00.000Z,2026-07-17T18:04:00.000Z,BUY,0.01,3,1,10.00,3,-15560.00
2026-07-17T18:04:00.000Z,2026-07-17T19:24:00.000Z,BUY,0.01,1,1,10.00,1,-15550.00
2026-07-17T19:24:00.000Z,2026-07-17T19:40:00.000Z,SELL,0.01,1,1,10.00,1,-15540.00
2026-07-17T19:40:00.000Z,2026-07-17T22:24:00.000Z,SELL,0.01,1,1,10.00,1,-15530.00
2026-07-17T22:24:00.000Z,2026-07-20T02:00:00.000Z,SELL,0.01,1,1,10.00,1,-15520.00
2026-07-20T02:00:00.000Z,2026-07-20T05:48:00.000Z,SELL,0.01,2,1,10.00,2,-15510.00
2026-07-20T05:48:00.000Z,2026-07-20T08:12:00.000Z,SELL,0.01,1,1,10.00,1,-15500.00
2026-07-20T08:12:00.000Z,2026-07-20T10:00:00.000Z,SELL,0.01,1,1,10.00,1,-15490.00
2026-07-20T10:00:00.000Z,2026-07-20T14:30:00.000Z,SELL,0.01,2,1,10.00,2,-15480.00
2026-07-20T14:30:00.000Z,2026-07-20T14:30:00.000Z,SELL,0.01,1,1,10.00,1,-15470.00
2026-07-20T14:30:00.000Z,2026-07-20T15:13:00.000Z,SELL,0.01,1,1,10.00,1,-15460.00
2026-07-20T15:13:00.000Z,2026-07-20T17:02:00.000Z,SELL,0.01,1,1,10.00,1,-15450.00
2026-07-20T17:02:00.000Z,2026-07-21T04:16:00.000Z,SELL,0.01,2,1,10.00,2,-15440.00
2026-07-21T04:16:00.000Z,2026-07-21T08:36:00.000Z,SELL,0.01,2,1,10.00,2,-15430.00
2026-07-21T08:36:00.000Z,2026-07-21T15:44:00.000Z,SELL,0.01,3,1,10.00,3,-15420.00
2026-07-21T15:44:00.000Z,2026-07-21T18:32:00.000Z,SELL,0.01,2,1,10.00,2,-15410.00
2026-07-21T18:32:00.000Z,2026-07-21T19:47:00.000Z,SELL,0.01,1,1,10.00,1,-15400.00
2026-07-21T19:47:00.000Z,2026-07-22T03:30:00.000Z,SELL,0.01,2,1,10.00,2,-15390.00
2026-07-22T03:30:00.000Z,2026-07-22T03:34:00.000Z,SELL,0.01,1,1,10.00,1,-15380.00
2026-07-22T03:34:00.000Z,2026-07-22T04:14:00.000Z,SELL,0.01,2,1,10.00,2,-15370.00
2026-07-22T04:14:00.000Z,2026-07-22T10:46:00.000Z,SELL,0.01,3,1,10.00,3,-15360.00
2026-07-22T10:46:00.000Z,2026-07-22T16:31:00.000Z,SELL,0.01,4,1,10.00,4,-15350.00
2026-07-22T16:31:00.000Z,2026-07-22T22:54:00.000Z,SELL,0.01,3,1,10.00,3,-15340.00
2026-07-22T22:54:00.000Z,2026-07-23T01:05:00.000Z,SELL,0.01,1,1,10.00,1,-15330.00
2026-07-23T01:05:00.000Z,2026-07-23T10:09:00.000Z,SELL,0.01,3,1,10.00,3,-15320.00
2026-07-23T10:09:00.000Z,2026-07-23T10:39:00.000Z,SELL,0.01,1,1,10.00,1,-15310.00
2026-07-23T10:39:00.000Z,2026-07-23T11:21:00.000Z,SELL,0.01,1,1,10.00,1,-15300.00
2026-07-23T11:21:00.000Z,2026-07-23T16:01:00.000Z,BUY,0.01,2,1,10.00,2,-15290.00
2026-07-23T16:01:00.000Z,2026-07-24T05:48:00.000Z,BUY,0.01,2,1,10.00,2,-15280.00
2026-07-24T05:48:00.000Z,2026-07-24T10:04:00.000Z,BUY,0.01,1,1,10.00,1,-15270.00
2026-07-24T10:04:00.000Z,2026-07-24T10:26:00.000Z,BUY,0.01,1,1,10.00,1,-15260.00
2026-07-24T10:26:00.000Z,2026-07-24T12:02:00.000Z,BUY,0.01,1,1,10.00,1,-15250.00
2026-07-24T12:02:00.000Z,2026-07-24T18:10:00.000Z,BUY,0.01,1,1,10.00,1,-15240.00
2026-07-24T18:10:00.000Z,2026-07-24T21:20:00.000Z,SELL,0.01,1,1,10.00,1,-15230.00
2026-07-24T21:20:00.000Z,2026-07-24T22:16:00.000Z,SELL,0.01,1,1,10.00,1,-15220.00
2026-07-24T22:16:00.000Z,2026-07-27T01:05:00.000Z,SELL,0.01,2,1,10.00,2,-15210.00
2026-07-27T01:05:00.000Z,2026-07-27T03:10:00.000Z,SELL,0.01,2,1,10.00,2,-15200.00
2026-07-27T03:10:00.000Z,2026-07-27T03:25:00.000Z,SELL,0.01,1,1,10.00,1,-15190.00
2026-07-27T03:25:00.000Z,2026-07-27T06:10:00.000Z,SELL,0.01,1,1,10.00,1,-15180.00
2026-07-27T06:10:00.000Z,2026-07-27T16:28:00.000Z,SELL,0.01,1,1,10.00,1,-15170.00
2026-07-27T16:28:00.000Z,2026-07-27T17:28:00.000Z,SELL,0.01,1,1,10.00,1,-15160.00
2026-07-27T17:28:00.000Z,2026-07-28T03:50:00.000Z,SELL,0.01,3,1,10.00,3,-15150.00
2026-07-28T03:50:00.000Z,2026-07-28T12:51:00.000Z,BUY,0.01,2,1,10.00,2,-15140.00
2026-07-28T12:51:00.000Z,2026-07-28T18:20:00.000Z,BUY,0.01,1,1,10.00,1,-15130.00
2026-07-28T18:20:00.000Z,2026-07-29T16:52:00.000Z,BUY,0.01,4,1,10.00,4,-15120.00
2026-07-29T16:52:00.000Z,2026-07-29T19:50:00.000Z,BUY,0.01,1,1,10.00,1,-15110.00
2026-07-29T19:50:00.000Z,2026-07-29T19:55:00.000Z,BUY,0.01,1,1,10.00,1,-15100.00
2026-07-29T19:55:00.000Z,2026-07-29T20:06:00.000Z,BUY,0.01,1,1,10.00,1,-15090.00
2026-07-29T20:06:00.000Z,2026-07-29T20:13:00.000Z,BUY,0.01,1,1,10.00,1,-15080.00
2026-07-29T20:13:00.000Z,2026-07-29T21:00:00.000Z,BUY,0.01,1,1,10.00,1,-15070.00
2026-07-29T21:00:00.000Z,2026-07-29T21:00:00.000Z,BUY,0.01,1,1,10.00,1,-15060.00
2026-07-29T21:00:00.000Z,2026-07-29T21:00:00.000Z,BUY,0.01,1,1,10.00,1,-15050.00
2026-07-29T21:00:00.000Z,2026-07-29T21:00:00.000Z,BUY,0.01,2,1,10.00,2,-15040.00
2026-07-29T21:00:00.000Z,2026-07-29T21:00:00.000Z,BUY,0.01,1,1,10.00,1,-15030.00
2026-07-29T21:00:00.000Z,2026-07-29T21:00:00.000Z,BUY,0.01,1,1,10.00,1,-15020.00
2026-07-29T21:00:00.000Z,2026-07-29T21:01:00.000Z,BUY,0.01,1,1,10.00,1,-15010.00
2026-07-29T21:01:00.000Z,2026-07-29T21:47:00.000Z,BUY,0.01,3,1,10.00,3,-15000.00
2026-07-29T21:47:00.000Z,2026-07-29T21:52:00.000Z,BUY,0.01,1,1,10.00,1,-14990.00
2026-07-29T21:52:00.000Z,2026-07-29T22:01:00.000Z,BUY,0.01,1,1,10.00,1,-14980.00
2026-07-29T22:01:00.000Z,2026-07-29T22:05:00.000Z,SELL,0.01,1,1,10.00,1,-14970.00
2026-07-29T22:05:00.000Z,2026-07-29T22:10:00.000Z,SELL,0.01,1,1,10.00,1,-14960.00
2026-07-29T22:10:00.000Z,2026-07-29T22:27:00.000Z,SELL,0.01,1,1,10.00,1,-14950.00
2026-07-29T22:27:00.000Z,2026-07-29T22:33:00.000Z,SELL,0.01,1,1,10.00,1,-14940.00
2026-07-29T22:33:00.000Z,2026-07-29T22:55:00.000Z,SELL,0.01,1,1,10.00,1,-14930.00
2026-07-29T22:55:00.000Z,2026-07-29T22:58:00.000Z,SELL,0.01,1,1,10.00,1,-14920.00
2026-07-29T22:58:00.000Z,2026-07-30T01:44:00.000Z,SELL,0.01,2,1,10.00,2,-14910.00
2026-07-30T01:44:00.000Z,2026-07-30T03:38:00.000Z,SELL,0.01,1,1,10.00,1,-14900.00
2026-07-30T03:38:00.000Z,2026-07-30T06:19:00.000Z,SELL,0.01,3,1,10.00,3,-14890.00
2026-07-30T06:19:00.000Z,2026-07-30T07:38:00.000Z,SELL,0.01,1,1,10.00,1,-14880.00
2026-07-30T07:38:00.000Z,2026-07-30T08:18:00.000Z,SELL,0.01,1,1,10.00,1,-14870.00
2026-07-30T08:18:00.000Z,2026-07-30T08:38:00.000Z,SELL,0.01,1,1,10.00,1,-14860.00
2026-07-30T08:38:00.000Z,2026-07-30T11:21:00.000Z,SELL,0.01,2,1,10.00,2,-14850.00
2026-07-30T11:21:00.000Z,2026-07-30T16:37:00.000Z,SELL,0.01,2,1,10.00,2,-14840.00
2026-07-30T16:37:00.000Z,2026-07-30T17:00:00.000Z,SELL,0.01,2,1,10.00,2,-14830.00
2026-07-30T17:00:00.000Z,2026-07-30T17:02:00.000Z,SELL,0.01,1,1,10.00,1,-14820.00
2026-07-30T17:02:00.000Z,2026-07-30T17:07:00.000Z,SELL,0.01,1,1,10.00,1,-14810.00
2026-07-30T17:07:00.000Z,2026-07-30T17:20:00.000Z,SELL,0.01,1,1,10.00,1,-14800.00
2026-07-30T17:20:00.000Z,2026-07-30T19:24:00.000Z,SELL,0.01,4,1,10.00,4,-14790.00
2026-07-30T19:24:00.000Z,2026-07-30T19:45:00.000Z,SELL,0.01,1,1,10.00,1,-14780.00
2026-07-30T19:45:00.000Z,2026-07-31T03:28:00.000Z,SELL,0.01,1,1,10.00,1,-14770.00
2026-07-31T03:28:00.000Z,2026-07-31T04:15:00.000Z,SELL,0.01,1,1,10.00,1,-14760.00
2026-07-31T04:15:00.000Z,2026-07-31T05:42:00.000Z,SELL,0.01,1,1,10.00,1,-14750.00
2026-07-31T05:42:00.000Z,2026-07-31T11:00:00.000Z,SELL,0.01,1,1,10.00,1,-14740.00
2026-07-31T11:00:00.000Z,2026-07-31T16:00:00.000Z,BUY,0.01,2,1,10.00,2,-14730.00
2026-07-31T16:00:00.000Z,2026-07-31T17:53:00.000Z,BUY,0.01,1,1,10.00,1,-14720.00
2026-07-31T17:53:00.000Z,2026-08-03T01:05:00.000Z,BUY,0.01,1,1,10.00,1,-14710.00
2026-08-03T01:05:00.000Z,2026-08-03T01:05:00.000Z,BUY,0.01,1,1,10.00,1,-14700.00
2026-08-03T01:05:00.000Z,2026-08-03T01:13:00.000Z,BUY,0.01,1,1,10.00,1,-14690.00
2026-08-03T01:13:00.000Z,2026-08-03T04:16:00.000Z,BUY,0.01,2,1,10.00,2,-14680.00
2026-08-03T04:16:00.000Z,2026-08-03T05:00:00.000Z,BUY,0.01,1,1,10.00,1,-14670.00
2026-08-03T05:00:00.000Z,2026-08-03T07:16:00.000Z,BUY,0.01,1,1,10.00,1,-14660.00
2026-08-03T07:16:00.000Z,2026-08-03T16:15:00.000Z,BUY,0.01,2,1,10.00,2,-14650.00
2026-08-03T16:15:00.000Z,2026-08-03T22:06:00.000Z,BUY,0.01,1,1,10.00,1,-14640.00
2026-08-03T22:06:00.000Z,2026-08-04T03:01:00.000Z,BUY,0.01,1,1,10.00,1,-14630.00
2026-08-04T03:01:00.000Z,2026-08-04T11:03:00.000Z,BUY,0.01,1,1,10.00,1,-14620.00
2026-08-04T11:03:00.000Z,2026-08-04T11:39:00.000Z,SELL,0.01,1,1,10.00,1,-14610.00
2026-08-04T11:39:00.000Z,2026-08-04T12:11:00.000Z,SELL,0.01,1,1,10.00,1,-14600.00
2026-08-04T12:11:00.000Z,2026-08-04T14:48:00.000Z,SELL,0.01,2,1,10.00,2,-14590.00
2026-08-04T14:48:00.000Z,2026-08-04T15:01:00.000Z,SELL,0.01,1,1,10.00,1,-14580.00
2026-08-04T15:01:00.000Z,2026-08-04T20:03:00.000Z,SELL,0.01,2,1,10.00,2,-14570.00
2026-08-04T20:03:00.000Z,2026-08-04T20:57:00.000Z,SELL,0.01,1,1,10.00,1,-14560.00
2026-08-04T20:57:00.000Z,2026-08-04T21:41:00.000Z,SELL,0.01,1,1,10.00,1,-14550.00
2026-08-04T21:41:00.000Z,2026-08-05T02:24:00.000Z,SELL,0.01,1,1,10.00,1,-14540.00
2026-08-05T02:24:00.000Z,2026-08-05T04:55:00.000Z,SELL,0.01,2,1,10.00,2,-14530.00
2026-08-05T04:55:00.000Z,2026-08-05T05:42:00.000Z,SELL,0.01,2,1,10.00,2,-14520.00
2026-08-05T05:42:00.000Z,2026-08-05T08:44:00.000Z,SELL,0.01,2,1,10.00,2,-14510.00
2026-08-05T08:44:00.000Z,2026-08-05T14:43:00.000Z,SELL,0.01,4,1,10.00,4,-14500.00
2026-08-05T14:43:00.000Z,2026-08-05T17:05:00.000Z,SELL,0.01,4,1,10.00,4,-14490.00
2026-08-05T17:05:00.000Z,2026-08-05T18:00:00.000Z,SELL,0.01,2,1,10.00,2,-14480.00
2026-08-05T18:00:00.000Z,2026-08-05T18:56:00.000Z,SELL,0.01,1,1,10.00,1,-14470.00
2026-08-05T18:56:00.000Z,2026-08-05T19:03:00.000Z,SELL,0.01,1,1,10.00,1,-14460.00
2026-08-05T19:03:00.000Z,2026-08-05T21:20:00.000Z,SELL,0.01,2,1,10.00,2,-14450.00
2026-08-05T21:20:00.000Z,2026-08-05T22:50:00.000Z,SELL,0.01,1,1,10.00,1,-14440.00
2026-08-05T22:50:00.000Z,2026-08-06T02:37:00.000Z,SELL,0.01,2,1,10.00,2,-14430.00
2026-08-06T02:37:00.000Z,2026-08-06T03:01:00.000Z,SELL,0.01,1,1,10.00,1,-14420.00
2026-08-06T03:01:00.000Z,2026-08-06T03:55:00.000Z,SELL,0.01,2,1,10.00,2,-14410.00
2026-08-06T03:55:00.000Z,2026-08-06T04:06:00.000Z,SELL,0.01,1,1,10.00,1,-14400.00
2026-08-06T04:06:00.000Z,2026-08-06T04:21:00.000Z,SELL,0.01,1,1,10.00,1,-14390.00
2026-08-06T04:21:00.000Z,2026-08-06T06:17:00.000Z,SELL,0.01,3,1,10.00,3,-14380.00
2026-08-06T06:17:00.000Z,2026-08-06T07:28:00.000Z,SELL,0.01,1,1,10.00,1,-14370.00
2026-08-06T07:28:00.000Z,2026-08-06T16:05:00.000Z,SELL,0.01,3,1,10.00,3,-14360.00
2026-08-06T16:05:00.000Z,2026-08-06T16:09:00.000Z,SELL,0.01,1,1,10.00,1,-14350.00
2026-08-06T16:09:00.000Z,2026-08-06T16:40:00.000Z,SELL,0.01,2,1,10.00,2,-14340.00
2026-08-06T16:40:00.000Z,2026-08-06T18:20:00.000Z,SELL,0.01,1,1,10.00,1,-14330.00
2026-08-06T18:20:00.000Z,2026-08-06T18:53:00.000Z,SELL,0.01,1,1,10.00,1,-14320.00
2026-08-06T18:53:00.000Z,2026-08-06T18:54:00.000Z,SELL,0.01,1,1,10.00,1,-14310.00
2026-08-06T18:54:00.000Z,2026-08-06T19:16:00.000Z,SELL,0.01,1,1,10.00,1,-14300.00
2026-08-06T19:16:00.000Z,2026-08-07T04:43:00.000Z,SELL,0.01,2,1,10.00,2,-14290.00
2026-08-07T04:43:00.000Z,2026-08-07T06:58:00.000Z,BUY,0.01,1,1,10.00,1,-14280.00
2026-08-07T06:58:00.000Z,2026-08-07T09:42:00.000Z,SELL,0.01,2,1,10.00,2,-14270.00
2026-08-07T09:42:00.000Z,2026-08-07T10:27:00.000Z,SELL,0.01,1,1,10.00,1,-14260.00
2026-08-07T10:27:00.000Z,2026-08-07T11:34:00.000Z,SELL,0.01,2,1,10.00,2,-14250.00
2026-08-07T11:34:00.000Z,2026-08-07T11:36:00.000Z,SELL,0.01,1,1,10.00,1,-14240.00
2026-08-07T11:36:00.000Z,2026-08-07T15:30:00.000Z,SELL,0.01,4,1,10.00,4,-14230.00
2026-08-07T15:30:00.000Z,2026-08-07T15:30:00.000Z,SELL,0.01,1,1,10.00,1,-14220.00
2026-08-07T15:30:00.000Z,2026-08-07T15:30:00.000Z,SELL,0.01,1,1,10.00,1,-14210.00
2026-08-07T15:30:00.000Z,2026-08-07T15:30:00.000Z,SELL,0.01,2,1,10.00,2,-14200.00
2026-08-07T15:30:00.000Z,2026-08-07T17:04:00.000Z,SELL,0.01,5,1,10.00,5,-14190.00
2026-08-07T17:04:00.000Z,2026-08-10T04:05:00.000Z,SELL,0.01,3,1,10.00,3,-14180.00
2026-08-10T04:05:00.000Z,2026-08-10T04:41:00.000Z,SELL,0.01,1,1,10.00,1,-14170.00
2026-08-10T04:41:00.000Z,2026-08-10T08:40:00.000Z,SELL,0.01,2,1,10.00,2,-14160.00
2026-08-10T08:40:00.000Z,2026-08-10T14:12:00.000Z,SELL,0.01,1,1,10.00,1,-14150.00
2026-08-10T14:12:00.000Z,2026-08-10T16:52:00.000Z,SELL,0.01,1,1,10.00,1,-14140.00
2026-08-10T16:52:00.000Z,2026-08-10T18:48:00.000Z,SELL,0.01,2,1,10.00,2,-14130.00
2026-08-10T18:48:00.000Z,2026-08-10T21:41:00.000Z,SELL,0.01,2,1,10.00,2,-14120.00
2026-08-10T21:41:00.000Z,2026-08-10T21:45:00.000Z,SELL,0.01,1,1,10.00,1,-14110.00
2026-08-10T21:45:00.000Z,2026-08-11T03:00:00.000Z,SELL,0.01,2,1,10.00,2,-14100.00
2026-08-11T03:00:00.000Z,2026-08-11T04:55:00.000Z,SELL,0.01,2,1,10.00,2,-14090.00
2026-08-11T04:55:00.000Z,2026-08-11T05:09:00.000Z,SELL,0.01,1,1,10.00,1,-14080.00
2026-08-11T05:09:00.000Z,2026-08-11T05:51:00.000Z,SELL,0.01,1,1,10.00,1,-14070.00
2026-08-11T05:51:00.000Z,2026-08-11T08:11:00.000Z,SELL,0.01,1,1,10.00,1,-14060.00
2026-08-11T08:11:00.000Z,2026-08-11T08:26:00.000Z,SELL,0.01,1,1,10.00,1,-14050.00
2026-08-11T08:26:00.000Z,2026-08-11T08:30:00.000Z,SELL,0.01,1,1,10.00,1,-14040.00
2026-08-11T08:30:00.000Z,2026-08-11T08:50:00.000Z,SELL,0.01,1,1,10.00,1,-14030.00
2026-08-11T08:50:00.000Z,2026-08-11T09:33:00.000Z,SELL,0.01,1,1,10.00,1,-14020.00
2026-08-11T09:33:00.000Z,2026-08-11T14:02:00.000Z,SELL,0.01,2,1,10.00,2,-14010.00
2026-08-11T14:02:00.000Z,2026-08-11T18:34:00.000Z,SELL,0.01,1,1,10.00,1,-14000.00
2026-08-11T18:34:00.000Z,2026-08-11T18:40:00.000Z,SELL,0.01,1,1,10.00,1,-13990.00
2026-08-11T18:40:00.000Z,2026-08-12T05:13:00.000Z,SELL,0.01,2,1,10.00,2,-13980.00
2026-08-12T05:13:00.000Z,2026-08-12T08:30:00.000Z,SELL,0.01,1,1,10.00,1,-13970.00
2026-08-12T08:30:00.000Z,2026-08-12T12:23:00.000Z,SELL,0.01,2,1,10.00,2,-13960.00
2026-08-12T12:23:00.000Z,2026-08-12T13:49:00.000Z,SELL,0.01,1,1,10.00,1,-13950.00
2026-08-12T13:49:00.000Z,2026-08-12T15:30:00.000Z,SELL,0.01,1,1,10.00,1,-13940.00
2026-08-12T15:30:00.000Z,2026-08-12T15:30:00.000Z,SELL,0.01,1,1,10.00,1,-13930.00
2026-08-12T15:30:00.000Z,2026-08-12T15:30:00.000Z,SELL,0.01,2,1,10.00,2,-13920.00
2026-08-12T15:30:00.000Z,2026-08-12T15:30:00.000Z,SELL,0.01,1,1,10.00,1,-13910.00
2026-08-12T15:30:00.000Z,2026-08-12T15:30:00.000Z,SELL,0.01,1,1,10.00,1,-13900.00
2026-08-12T15:30:00.000Z,2026-08-12T15:31:00.000Z,SELL,0.01,1,1,10.00,1,-13890.00
2026-08-12T15:31:00.000Z,2026-08-12T15:32:00.000Z,SELL,0.01,2,1,10.00,2,-13880.00
2026-08-12T15:32:00.000Z,2026-08-12T15:32:00.000Z,SELL,0.01,1,1,10.00,1,-13870.00
2026-08-12T15:32:00.000Z,2026-08-12T16:00:00.000Z,SELL,0.01,2,1,10.00,2,-13860.00
2026-08-12T16:00:00.000Z,2026-08-12T16:01:00.000Z,SELL,0.01,1,1,10.00,1,-13850.00
2026-08-12T16:01:00.000Z,2026-08-12T16:23:00.000Z,SELL,0.01,1,1,10.00,1,-13840.00
2026-08-12T16:23:00.000Z,2026-08-12T19:47:00.000Z,SELL,0.01,3,1,10.00,3,-13830.00
2026-08-12T19:47:00.000Z,2026-08-12T19:56:00.000Z,SELL,0.01,1,1,10.00,1,-13820.00
2026-08-12T19:56:00.000Z,2026-08-13T03:18:00.000Z,SELL,0.01,2,1,10.00,2,-13810.00
2026-08-13T03:18:00.000Z,2026-08-13T04:45:00.000Z,SELL,0.01,3,1,10.00,3,-13800.00
2026-08-13T04:45:00.000Z,2026-08-13T04:58:00.000Z,SELL,0.01,1,1,10.00,1,-13790.00
2026-08-13T04:58:00.000Z,2026-08-13T07:01:00.000Z,SELL,0.01,1,1,10.00,1,-13780.00
2026-08-13T07:01:00.000Z,2026-08-13T08:44:00.000Z,SELL,0.01,1,1,10.00,1,-13770.00
2026-08-13T08:44:00.000Z,2026-08-13T09:04:00.000Z,SELL,0.01,1,1,10.00,1,-13760.00
2026-08-13T09:04:00.000Z,2026-08-13T13:27:00.000Z,BUY,0.01,1,1,10.00,1,-13750.00
2026-08-13T13:27:00.000Z,2026-08-13T15:30:00.000Z,BUY,0.01,1,1,10.00,1,-13740.00
2026-08-13T15:30:00.000Z,2026-08-13T17:30:00.000Z,BUY,0.01,2,1,10.00,2,-13730.00
2026-08-13T17:30:00.000Z,2026-08-13T17:36:00.000Z,BUY,0.01,1,1,10.00,1,-13720.00
2026-08-13T17:36:00.000Z,2026-08-13T22:14:00.000Z,BUY,0.01,2,1,10.00,2,-13710.00
2026-08-13T22:14:00.000Z,2026-08-14T01:28:00.000Z,BUY,0.01,1,1,10.00,1,-13700.00
2026-08-14T01:28:00.000Z,2026-08-14T04:10:00.000Z,BUY,0.01,2,1,10.00,2,-13690.00
2026-08-14T04:10:00.000Z,2026-08-14T10:41:00.000Z,BUY,0.01,1,1,10.00,1,-13680.00
2026-08-14T10:41:00.000Z,2026-08-14T11:00:00.000Z,BUY,0.01,1,1,10.00,1,-13670.00
2026-08-14T11:00:00.000Z,2026-08-14T13:07:00.000Z,BUY,0.01,1,1,10.00,1,-13660.00
2026-08-14T13:07:00.000Z,2026-08-14T14:59:00.000Z,BUY,0.01,1,1,10.00,1,-13650.00
2026-08-14T14:59:00.000Z,2026-08-14T15:22:00.000Z,BUY,0.01,1,1,10.00,1,-13640.00
2026-08-14T15:22:00.000Z,2026-08-14T16:31:00.000Z,BUY,0.01,1,1,10.00,1,-13630.00
2026-08-14T16:31:00.000Z,2026-08-17T03:57:00.000Z,BUY,0.01,3,1,10.00,3,-13620.00
2026-08-17T03:57:00.000Z,2026-08-17T05:55:00.000Z,SELL,0.01,1,1,10.00,1,-13610.00