start_time,end_time,start_direction,base_lot,terminal_level,won,pnl,trades,end_balance
2004-06-14T10:04:00.000Z,2004-08-20T16:38:00.000Z,SELL,0.02,2,1,20.00,2,20020.00
2004-08-20T16:38:00.000Z,2004-10-08T14:45:00.000Z,BUY,0.02,1,1,20.00,1,20040.00
2004-10-08T14:45:00.000Z,2004-10-13T10:33:00.000Z,SELL,0.02,1,1,20.00,1,20060.00
2004-10-13T10:33:00.000Z,2004-11-17T09:22:00.000Z,SELL,0.02,2,1,20.00,2,20080.00
2004-11-17T09:22:00.000Z,2004-11-26T08:33:00.000Z,BUY,0.02,1,1,20.00,1,20100.00
2004-11-26T08:33:00.000Z,2005-01-06T16:15:00.000Z,BUY,0.02,2,1,20.00,2,20120.00
2005-01-06T16:15:00.000Z,2005-02-08T02:01:00.000Z,SELL,0.02,1,1,20.00,1,20140.00
2005-02-08T02:01:00.000Z,2005-03-09T18:41:00.000Z,SELL,0.02,2,1,20.00,2,20160.00
2005-03-09T18:41:00.000Z,2005-09-15T14:17:00.000Z,BUY,0.02,5,1,20.00,5,20180.00
2005-09-15T14:17:00.000Z,2005-09-19T12:52:00.000Z,BUY,0.02,1,1,20.00,1,20200.00
2005-09-19T12:52:00.000Z,2005-09-22T02:29:00.000Z,BUY,0.02,1,1,20.00,1,20220.00
2005-09-22T02:29:00.000Z,2005-11-17T14:41:00.000Z,BUY,0.02,1,1,20.00,1,20240.00
2005-11-17T14:41:00.000Z,2005-11-22T04:32:00.000Z,BUY,0.02,1,1,20.00,1,20260.00
2005-11-22T04:32:00.000Z,2005-12-01T20:27:00.000Z,BUY,0.02,1,1,20.00,1,20280.00
2005-12-01T20:27:00.000Z,2005-12-07T15:31:00.000Z,BUY,0.02,1,1,20.00,1,20300.00
2005-12-07T15:31:00.000Z,2005-12-09T11:36:00.000Z,BUY,0.02,1,1,20.00,1,20320.00
2005-12-09T11:36:00.000Z,2005-12-12T06:25:00.000Z,BUY,0.02,1,1,20.00,1,20340.00
2005-12-12T06:25:00.000Z,2005-12-15T01:05:00.000Z,BUY,0.02,2,1,20.00,2,20360.00
2005-12-15T01:05:00.000Z,2005-12-16T06:29:00.000Z,SELL,0.02,1,1,20.00,1,20380.00
2005-12-16T06:29:00.000Z,2006-01-03T15:15:00.000Z,SELL,0.02,2,1,20.00,2,20400.00
2006-01-03T15:15:00.000Z,2006-01-03T22:50:00.000Z,BUY,0.02,1,1,20.00,1,20420.00
2006-01-03T22:50:00.000Z,2006-01-09T17:38:00.000Z,BUY,0.02,1,1,20.00,1,20440.00
2006-01-09T17:38:00.000Z,2006-01-13T16:51:00.000Z,BUY,0.02,1,1,20.00,1,20460.00
2006-01-13T16:51:00.000Z,2006-01-20T15:36:00.000Z,BUY,0.02,1,1,20.00,1,20480.00
2006-01-20T15:36:00.000Z,2006-02-14T02:52:00.000Z,BUY,0.02,4,1,20.00,4,20500.00
2006-02-14T02:52:00.000Z,2006-03-01T16:45:00.000Z,SELL,0.02,2,1,20.00,2,20520.00
2006-03-01T16:45:00.000Z,2006-03-10T15:25:00.000Z,BUY,0.02,2,1,20.00,2,20540.00
2006-03-10T15:25:00.000Z,2006-03-27T15:58:00.000Z,SELL,0.02,2,1,20.00,2,20560.00
2006-03-27T15:58:00.000Z,2006-03-30T09:06:00.000Z,BUY,0.02,1,1,20.00,1,20580.00
2006-03-30T09:06:00.000Z,2006-03-30T16:45:00.000Z,BUY,0.02,1,1,20.00,1,20600.00
2006-03-30T16:45:00.000Z,2006-04-06T11:47:00.000Z,BUY,0.02,1,1,20.00,1,20620.00
2006-04-06T11:47:00.000Z,2006-04-17T09:30:00.000Z,BUY,0.02,1,1,20.00,1,20640.00
2006-04-17T09:30:00.000Z,2006-04-18T04:36:00.000Z,BUY,0.02,1,1,20.00,1,20660.00
2006-04-18T04:36:00.000Z,2006-04-19T16:36:00.000Z,BUY,0.02,1,1,20.00,1,20680.00
2006-04-19T16:36:00.000Z,2006-04-19T20:13:00.000Z,BUY,0.02,1,1,20.00,1,20700.00
2006-04-19T20:13:00.000Z,2006-04-28T17:04:00.000Z,BUY,0.02,3,1,20.00,3,20720.00
2006-04-28T17:04:00.000Z,2006-05-01T05:50:00.000Z,BUY,0.02,1,1,20.00,1,20740.00
2006-05-01T05:50:00.000Z,2006-05-02T21:14:00.000Z,BUY,0.02,1,1,20.00,1,20760.00
2006-05-02T21:14:00.000Z,2006-05-04T20:21:00.000Z,BUY,0.02,1,1,20.00,1,20780.00
2006-05-04T20:21:00.000Z,2006-05-09T15:24:00.000Z,BUY,0.02,1,1,20.00,1,20800.00
2006-05-09T15:24:00.000Z,2006-05-09T17:50:00.000Z,BUY,0.02,1,1,20.00,1,20820.00
2006-05-09T17:50:00.000Z,2006-05-10T23:23:00.000Z,BUY,0.02,1,1,20.00,1,20840.00
2006-05-10T23:23:00.000Z,2006-05-11T14:56:00.000Z,BUY,0.02,1,1,20.00,1,20860.00
2006-05-11T14:56:00.000Z,2006-05-12T12:35:00.000Z,BUY,0.02,1,1,20.00,1,20880.00
2006-05-12T12:35:00.000Z,2006-05-15T09:59:00.000Z,BUY,0.02,2,1,20.00,2,20900.00
2006-05-15T09:59:00.000Z,2006-05-17T09:49:00.000Z,BUY,0.02,3,1,20.00,3,20920.00
2006-05-17T09:49:00.000Z,2006-05-18T06:26:00.000Z,BUY,0.02,2,1,20.00,2,20940.00
2006-05-18T06:26:00.000Z,2006-05-19T14:41:00.000Z,SELL,0.02,1,1,20.00,1,20960.00
2006-05-19T14:41:00.000Z,2006-05-19T15:07:00.000Z,SELL,0.02,1,1,20.00,1,20980.00
2006-05-19T15:07:00.000Z,2006-05-22T07:38:00.000Z,SELL,0.02,1,1,20.00,1,21000.00
2006-05-22T07:38:00.000Z,2006-05-22T08:50:00.000Z,SELL,0.02,1,1,20.00,1,21020.00
2006-05-22T08:50:00.000Z,2006-05-23T15:51:00.000Z,SELL,0.02,2,1,20.00,2,21040.00
2006-05-23T15:51:00.000Z,2006-05-24T19:25:00.000Z,BUY,0.02,2,1,20.00,2,21060.00
2006-05-24T19:25:00.000Z,2006-06-01T14:25:00.000Z,SELL,0.02,3,1,20.00,3,21080.00
2006-06-01T14:25:00.000Z,2006-06-07T13:14:00.000Z,SELL,0.02,1,1,20.00,1,21100.00
2006-06-07T13:14:00.000Z,2006-06-08T20:11:00.000Z,SELL,0.02,1,1,20.00,1,21120.00
2006-06-08T20:11:00.000Z,2006-06-13T07:33:00.000Z,SELL,0.02,1,1,20.00,1,21140.00
2006-06-13T07:33:00.000Z,2006-06-13T13:21:00.000Z,SELL,0.02,1,1,20.00,1,21160.00
2006-06-13T13:21:00.000Z,2006-06-13T16:52:00.000Z,SELL,0.02,1,1,20.00,1,21180.00
2006-06-13T16:52:00.000Z,2006-06-13T19:06:00.000Z,SELL,0.02,1,1,20.00,1,21200.00
2006-06-13T19:06:00.000Z,2006-06-14T05:20:00.000Z,SELL,0.02,1,1,20.00,1,21220.00
2006-06-14T05:20:00.000Z,2006-06-14T06:15:00.000Z,SELL,0.02,1,1,20.00,1,21240.00
2006-06-14T06:15:00.000Z,2006-06-15T10:21:00.000Z,SELL,0.02,2,1,20.00,2,21260.00
2006-06-15T10:21:00.000Z,2006-06-21T19:27:00.000Z,BUY,0.02,1,1,20.00,1,21280.00
2006-06-21T19:27:00.000Z,2006-06-29T21:19:00.000Z,BUY,0.02,1,1,20.00,1,21300.00
2006-06-29T21:19:00.000Z,2006-06-30T15:15:00.000Z,BUY,0.02,1,1,20.00,1,21320.00
2006-06-30T15:15:00.000Z,2006-07-03T01:42:00.000Z,BUY,0.02,1,1,20.00,1,21340.00
2006-07-03T01:42:00.000Z,2006-07-05T12:51:00.000Z,BUY,0.02,1,1,20.00,1,21360.00
2006-07-05T12:51:00.000Z,2006-07-11T18:17:00.000Z,BUY,0.02,1,1,20.00,1,21380.00
2006-07-11T18:17:00.000Z,2006-07-12T14:56:00.000Z,BUY,0.02,1,1,20.00,1,21400.00
2006-07-12T14:56:00.000Z,2006-07-13T21:41:00.000Z,BUY,0.02,1,1,20.00,1,21420.00
2006-07-13T21:41:00.000Z,2006-07-17T01:05:00.000Z,BUY,0.02,1,1,20.00,1,21440.00
2006-07-17T01:05:00.000Z,2006-07-18T18:04:00.000Z,BUY,0.02,2,1,20.00,2,21460.00
2006-07-18T18:04:00.000Z,2006-07-18T20:49:00.000Z,SELL,0.02,1,1,20.00,1,21480.00
2006-07-18T20:49:00.000Z,2006-07-19T12:36:00.000Z,SELL,0.02,1,1,20.00,1,21500.00
2006-07-19T12:36:00.000Z,2006-07-24T15:39:00.000Z,SELL,0.02,3,1,20.00,3,21520.00
2006-07-24T15:39:00.000Z,2006-07-27T15:03:00.000Z,SELL,0.02,2,1,20.00,2,21540.00
2006-07-27T15:03:00.000Z,2006-08-01T20:13:00.000Z,BUY,0.02,1,1,20.00,1,21560.00
2006-08-01T20:13:00.000Z,2006-08-17T18:38:00.000Z,BUY,0.02,2,1,20.00,2,21580.00
2006-08-17T18:38:00.000Z,2006-08-18T18:54:00.000Z,SELL,0.02,1,1,20.00,1,21600.00
2006-08-18T18:54:00.000Z,2006-09-05T15:11:00.000Z,SELL,0.02,4,1,20.00,4,21620.00
2006-09-05T15:11:00.000Z,2006-09-08T14:56:00.000Z,BUY,0.02,2,1,20.00,2,21640.00
2006-09-08T14:56:00.000Z,2006-09-11T05:42:00.000Z,SELL,0.02,1,1,20.00,1,21660.00
2006-09-11T05:42:00.000Z,2006-09-11T15:54:00.000Z,SELL,0.02,1,1,20.00,1,21680.00
2006-09-11T15:54:00.000Z,2006-09-14T20:16:00.000Z,SELL,0.02,1,1,20.00,1,21700.00
2006-09-14T20:16:00.000Z,2006-10-04T17:04:00.000Z,SELL,0.02,3,1,20.00,3,21720.00
2006-10-04T17:04:00.000Z,2006-10-17T01:13:00.000Z,SELL,0.02,2,1,20.00,2,21740.00
2006-10-17T01:13:00.000Z,2006-10-30T16:41:00.000Z,BUY,0.02,3,1,20.00,3,21760.00
2006-10-30T16:41:00.000Z,2006-11-01T20:50:00.000Z,BUY,0.02,1,1,20.00,1,21780.00
2006-11-01T20:50:00.000Z,2006-11-03T18:04:00.000Z,BUY,0.02,1,1,20.00,1,21800.00
2006-11-03T18:04:00.000Z,2006-11-27T01:07:00.000Z,BUY,0.02,1,1,20.00,1,21820.00
2006-11-27T01:07:00.000Z,2006-11-30T17:16:00.000Z,BUY,0.02,1,1,20.00,1,21840.00
2006-11-30T17:16:00.000Z,2006-12-15T19:08:00.000Z,BUY,0.02,2,1,20.00,2,21860.00
2006-12-15T19:08:00.000Z,2007-01-05T15:55:00.000Z,SELL,0.02,3,1,20.00,3,21880.00
2007-01-05T15:55:00.000Z,2007-01-22T15:47:00.000Z,SELL,0.02,2,1,20.00,2,21900.00
2007-01-22T15:47:00.000Z,2007-01-24T19:31:00.000Z,BUY,0.02,1,1,20.00,1,21920.00
2007-01-24T19:31:00.000Z,2007-02-01T13:47:00.000Z,BUY,0.02,1,1,20.00,1,21940.00
2007-02-01T13:47:00.000Z,2007-02-09T18:20:00.000Z,BUY,0.02,1,1,20.00,1,21960.00
2007-02-09T18:20:00.000Z,2007-02-21T19:06:00.000Z,BUY,0.02,1,1,20.00,1,21980.00
2007-02-21T19:06:00.000Z,2007-03-02T14:30:00.000Z,BUY,0.02,2,1,20.00,2,22000.00
2007-03-02T14:30:00.000Z,2007-03-05T07:45:00.000Z,SELL,0.02,1,1,20.00,1,22020.00
2007-03-05T07:45:00.000Z,2007-03-28T01:05:00.000Z,SELL,0.02,2,1,20.00,2,22040.00
2007-03-28T01:05:00.000Z,2007-04-10T14:22:00.000Z,BUY,0.02,1,1,20.00,1,22060.00
2007-04-10T14:22:00.000Z,2007-04-16T19:20:00.000Z,BUY,0.02,1,1,20.00,1,22080.00
2007-04-16T19:20:00.000Z,2007-05-17T14:39:00.000Z,BUY,0.02,4,1,20.00,4,22100.00
2007-05-17T14:39:00.000Z,2007-06-08T17:10:00.000Z,SELL,0.02,1,1,20.00,1,22120.00
2007-06-08T17:10:00.000Z,2007-07-20T14:23:00.000Z,SELL,0.02,2,1,20.00,2,22140.00
2007-07-20T14:23:00.000Z,2007-08-16T18:06:00.000Z,BUY,0.02,2,1,20.00,2,22160.00
2007-08-16T18:06:00.000Z,2007-09-04T16:06:00.000Z,SELL,0.02,2,1,20.00,2,22180.00
2007-09-04T16:06:00.000Z,2007-09-06T15:30:00.000Z,BUY,0.02,1,1,20.00,1,22200.00
2007-09-06T15:30:00.000Z,2007-09-07T14:04:00.000Z,BUY,0.02,1,1,20.00,1,22220.00
2007-09-07T14:04:00.000Z,2007-09-11T17:20:00.000Z,BUY,0.02,1,1,20.00,1,22240.00
2007-09-11T17:20:00.000Z,2007-09-17T16:17:00.000Z,BUY,0.02,1,1,20.00,1,22260.00
2007-09-17T16:17:00.000Z,2007-09-20T10:53:00.000Z,BUY,0.02,1,1,20.00,1,22280.00
2007-09-20T10:53:00.000Z,2007-09-28T14:20:00.000Z,BUY,0.02,1,1,20.00,1,22300.00
2007-09-28T14:20:00.000Z,2007-10-11T16:17:00.000Z,BUY,0.02,1,1,20.00,1,22320.00
2007-10-11T16:17:00.000Z,2007-10-16T06:54:00.000Z,BUY,0.02,1,1,20.00,1,22340.00
2007-10-16T06:54:00.000Z,2007-10-19T01:46:00.000Z,BUY,0.02,1,1,20.00,1,22360.00
2007-10-19T01:46:00.000Z,2007-10-26T18:00:00.000Z,BUY,0.02,3,1,20.00,3,22380.00
2007-10-26T18:00:00.000Z,2007-10-29T03:57:00.000Z,BUY,0.02,1,1,20.00,1,22400.00
2007-10-29T03:57:00.000Z,2007-11-02T17:32:00.000Z,BUY,0.02,1,1,20.00,1,22420.00
2007-11-02T17:32:00.000Z,2007-11-06T08:03:00.000Z,BUY,0.02,1,1,20.00,1,22440.00
2007-11-06T08:03:00.000Z,2007-11-06T14:52:00.000Z,BUY,0.02,1,1,20.00,1,22460.00
2007-11-06T14:52:00.000Z,2007-11-07T03:25:00.000Z,BUY,0.02,1,1,20.00,1,22480.00
2007-11-07T03:25:00.000Z,2007-11-07T10:08:00.000Z,BUY,0.02,1,1,20.00,1,22500.00
2007-11-07T10:08:00.000Z,2007-11-12T13:24:00.000Z,BUY,0.02,2,1,20.00,2,22520.00
2007-11-12T13:24:00.000Z,2007-11-12T15:27:00.000Z,SELL,0.02,1,1,20.00,1,22540.00
2007-11-12T15:27:00.000Z,2007-11-12T22:13:00.000Z,SELL,0.02,1,1,20.00,1,22560.00
2007-11-12T22:13:00.000Z,2007-11-19T16:07:00.000Z,SELL,0.02,3,1,20.00,3,22580.00
2007-11-19T16:07:00.000Z,2007-11-23T08:19:00.000Z,SELL,0.02,2,1,20.00,2,22600.00
2007-11-23T08:19:00.000Z,2007-11-23T17:41:00.000Z,BUY,0.02,1,1,20.00,1,22620.00
2007-11-23T17:41:00.000Z,2007-11-26T10:51:00.000Z,BUY,0.02,1,1,20.00,1,22640.00
2007-11-26T10:51:00.000Z,2007-11-28T08:37:00.000Z,BUY,0.02,2,1,20.00,2,22660.00
2007-11-28T08:37:00.000Z,2007-11-28T10:48:00.000Z,SELL,0.02,1,1,20.00,1,22680.00
2007-11-28T10:48:00.000Z,2007-11-30T16:09:00.000Z,SELL,0.02,1,1,20.00,1,22700.00
2007-11-30T16:09:00.000Z,2007-12-10T15:49:00.000Z,SELL,0.02,2,1,20.00,2,22720.00
2007-12-10T15:49:00.000Z,2007-12-26T16:52:00.000Z,BUY,0.02,3,1,20.00,3,22740.00
2007-12-26T16:52:00.000Z,2007-12-28T12:20:00.000Z,BUY,0.02,1,1,20.00,1,22760.00
2007-12-28T12:20:00.000Z,2008-01-02T11:57:00.000Z,BUY,0.02,1,1,20.00,1,22780.00
2008-01-02T11:57:00.000Z,2008-01-02T16:59:00.000Z,BUY,0.02,1,1,20.00,1,22800.00
2008-01-02T16:59:00.000Z,2008-01-03T09:29:00.000Z,BUY,0.02,1,1,20.00,1,22820.00
2008-01-03T09:29:00.000Z,2008-01-08T09:14:00.000Z,BUY,0.02,1,1,20.00,1,22840.00
2008-01-08T09:14:00.000Z,2008-01-09T01:05:00.000Z,BUY,0.02,1,1,20.00,1,22860.00
2008-01-09T01:05:00.000Z,2008-01-10T18:36:00.000Z,BUY,0.02,1,1,20.00,1,22880.00
2008-01-10T18:36:00.000Z,2008-01-14T08:15:00.000Z,BUY,0.02,1,1,20.00,1,22900.00
2008-01-14T08:15:00.000Z,2008-01-14T10:48:00.000Z,BUY,0.02,1,1,20.00,1,22920.00
2008-01-14T10:48:00.000Z,2008-01-16T08:40:00.000Z,BUY,0.02,2,1,20.00,2,22940.00
2008-01-16T08:40:00.000Z,2008-01-18T02:50:00.000Z,SELL,0.02,1,1,20.00,1,22960.00
2008-01-18T02:50:00.000Z,2008-01-21T17:43:00.000Z,SELL,0.02,1,1,20.00,1,22980.00
2008-01-21T17:43:00.000Z,2008-01-22T08:47:00.000Z,SELL,0.02,1,1,20.00,1,23000.00
2008-01-22T08:47:00.000Z,2008-01-22T16:20:00.000Z,SELL,0.02,2,1,20.00,2,23020.00
2008-01-22T16:20:00.000Z,2008-01-22T17:10:00.000Z,BUY,0.02,1,1,20.00,1,23040.00
2008-01-22T17:10:00.000Z,2008-01-24T15:08:00.000Z,BUY,0.02,1,1,20.00,1,23060.00
2008-01-24T15:08:00.000Z,2008-01-25T07:43:00.000Z,BUY,0.02,1,1,20.00,1,23080.00
2008-01-25T07:43:00.000Z,2008-01-28T17:15:00.000Z,BUY,0.02,1,1,20.00,1,23100.00
2008-01-28T17:15:00.000Z,2008-01-30T20:54:00.000Z,BUY,0.02,1,1,20.00,1,23120.00
2008-01-30T20:54:00.000Z,2008-01-31T01:17:00.000Z,SELL,0.02,1,1,20.00,1,23140.00
2008-01-31T01:17:00.000Z,2008-02-01T11:56:00.000Z,BUY,0.02,1,1,20.00,1,23160.00
2008-02-01T11:56:00.000Z,2008-02-01T18:53:00.000Z,BUY,0.02,2,1,20.00,2,23180.00
2008-02-01T18:53:00.000Z,2008-02-04T15:27:00.000Z,SELL,0.02,1,1,20.00,1,23200.00
2008-02-04T15:27:00.000Z,2008-02-11T09:52:00.000Z,SELL,0.02,2,1,20.00,2,23220.00
2008-02-11T09:52:00.000Z,2008-02-20T18:44:00.000Z,BUY,0.02,3,1,20.00,3,23240.00
2008-02-20T18:44:00.000Z,2008-02-27T09:46:00.000Z,SELL,0.02,2,1,20.00,2,23260.00
2008-02-27T09:46:00.000Z,2008-02-29T08:55:00.000Z,BUY,0.02,1,1,20.00,1,23280.00
2008-02-29T08:55:00.000Z,2008-03-03T14:50:00.000Z,BUY,0.02,1,1,20.00,1,23300.00
2008-03-03T14:50:00.000Z,2008-03-10T13:18:00.000Z,BUY,0.02,5,0,-4840.00,5,18460.00
2008-03-10T13:18:00.000Z,2008-03-13T12:48:00.000Z,SELL,0.01,4,1,10.00,4,18470.00
2008-03-13T12:48:00.000Z,2008-03-14T15:48:00.000Z,BUY,0.01,1,1,10.00,1,18480.00
2008-03-14T15:48:00.000Z,2008-03-17T01:05:00.000Z,BUY,0.01,1,1,10.00,1,18490.00
2008-03-17T01:05:00.000Z,2008-03-17T02:27:00.000Z,BUY,0.01,1,1,10.00,1,18500.00
2008-03-17T02:27:00.000Z,2008-03-17T18:38:00.000Z,BUY,0.01,2,1,10.00,2,18510.00
2008-03-17T18:38:00.000Z,2008-03-17T20:06:00.000Z,BUY,0.01,1,1,10.00,1,18520.00
2008-03-17T20:06:00.000Z,2008-03-18T01:31:00.000Z,SELL,0.01,1,1,10.00,1,18530.00
2008-03-18T01:31:00.000Z,2008-03-18T20:08:00.000Z,SELL,0.01,1,1,10.00,1,18540.00
2008-03-18T20:08:00.000Z,2008-03-19T13:48:00.000Z,SELL,0.01,1,1,10.00,1,18550.00
2008-03-19T13:48:00.000Z,2008-03-19T14:38:00.000Z,SELL,0.01,1,1,10.00,1,18560.00
2008-03-19T14:38:00.000Z,2008-03-19T14:51:00.000Z,SELL,0.01,1,1,10.00,1,18570.00
2008-03-19T14:51:00.000Z,2008-03-19T16:39:00.000Z,SELL,0.01,1,1,10.00,1,18580.00
2008-03-19T16:39:00.000Z,2008-03-20T01:22:00.000Z,SELL,0.01,1,1,10.00,1,18590.00
2008-03-20T01:22:00.000Z,2008-03-20T01:39:00.000Z,SELL,0.01,1,1,10.00,1,18600.00
2008-03-20T01:39:00.000Z,2008-03-20T10:37:00.000Z,SELL,0.01,1,1,10.00,1,18610.00
2008-03-20T10:37:00.000Z,2008-03-26T10:58:00.000Z,SELL,0.01,2,1,10.00,2,18620.00
2008-03-26T10:58:00.000Z,2008-03-26T21:47:00.000Z,BUY,0.01,1,1,10.00,1,18630.00
2008-03-26T21:47:00.000Z,2008-03-28T17:03:00.000Z,BUY,0.01,2,1,10.00,2,18640.00
2008-03-28T17:03:00.000Z,2008-03-31T20:01:00.000Z,SELL,0.01,1,1,10.00,1,18650.00
2008-03-31T20:01:00.000Z,2008-04-01T09:30:00.000Z,SELL,0.01,1,1,10.00,1,18660.00
2008-04-01T09:30:00.000Z,2008-04-01T09:42:00.000Z,SELL,0.01,1,1,10.00,1,18670.00
2008-04-01T09:42:00.000Z,2008-04-01T16:21:00.000Z,SELL,0.01,1,1,10.00,1,18680.00
2008-04-01T16:21:00.000Z,2008-04-01T16:34:00.000Z,SELL,0.01,1,1,10.00,1,18690.00
2008-04-01T16:34:00.000Z,2008-04-02T21:19:00.000Z,SELL,0.01,2,1,10.00,2,18700.00
2008-04-02T21:19:00.000Z,2008-04-04T20:50:00.000Z,BUY,0.01,1,1,10.00,1,18710.00
2008-04-04T20:50:00.000Z,2008-04-07T15:46:00.000Z,BUY,0.01,1,1,10.00,1,18720.00
2008-04-07T15:46:00.000Z,2008-04-09T19:03:00.000Z,BUY,0.01,3,1,10.00,3,18730.00
2008-04-09T19:03:00.000Z,2008-04-16T14:38:00.000Z,BUY,0.01,1,1,10.00,1,18740.00
2008-04-16T14:38:00.000Z,2008-04-18T14:26:00.000Z,BUY,0.01,2,1,10.00,2,18750.00
2008-04-18T14:26:00.000Z,2008-04-23T14:27:00.000Z,SELL,0.01,1,1,10.00,1,18760.00
2008-04-23T14:27:00.000Z,2008-04-24T15:28:00.000Z,SELL,0.01,1,1,10.00,1,18770.00
2008-04-24T15:28:00.000Z,2008-04-24T18:38:00.000Z,SELL,0.01,1,1,10.00,1,18780.00
2008-04-24T18:38:00.000Z,2008-04-29T18:28:00.000Z,SELL,0.01,1,1,10.00,1,18790.00
2008-04-29T18:28:00.000Z,2008-04-30T12:14:00.000Z,SELL,0.01,1,1,10.00,1,18800.00
2008-04-30T12:14:00.000Z,2008-05-01T15:36:00.000Z,SELL,0.01,1,1,10.00,1,18810.00
2008-05-01T15:36:00.000Z,2008-05-08T17:02:00.000Z,SELL,0.01,2,1,10.00,2,18820.00
2008-05-08T17:02:00.000Z,2008-05-16T13:44:00.000Z,BUY,0.01,3,1,10.00,3,18830.00
2008-05-16T13:44:00.000Z,2008-05-16T16:36:00.000Z,BUY,0.01,1,1,10.00,1,18840.00
2008-05-16T16:36:00.000Z,2008-05-19T13:44:00.000Z,BUY,0.01,1,1,10.00,1,18850.00
2008-05-19T13:44:00.000Z,2008-05-21T10:07:00.000Z,BUY,0.01,1,1,10.00,1,18860.00
2008-05-21T10:07:00.000Z,2008-05-22T01:06:00.000Z,BUY,0.01,1,1,10.00,1,18870.00
2008-05-22T01:06:00.000Z,2008-05-28T10:14:00.000Z,BUY,0.01,2,1,10.00,2,18880.00
2008-05-28T10:14:00.000Z,2008-05-28T10:21:00.000Z,SELL,0.01,1,1,10.00,1,18890.00
2008-05-28T10:21:00.000Z,2008-05-29T15:00:00.000Z,SELL,0.01,1,1,10.00,1,18900.00
2008-05-29T15:00:00.000Z,2008-05-30T08:46:00.000Z,SELL,0.01,1,1,10.00,1,18910.00
2008-05-30T08:46:00.000Z,2008-06-09T01:06:00.000Z,SELL,0.01,4,1,10.00,4,18920.00
2008-06-09T01:06:00.000Z,2008-06-10T16:57:00.000Z,BUY,0.01,2,1,10.00,2,18930.00
2008-06-10T16:57:00.000Z,2008-06-12T14:30:00.000Z,SELL,0.01,1,1,10.00,1,18940.00
2008-06-12T14:30:00.000Z,2008-06-16T15:27:00.000Z,SELL,0.01,2,1,10.00,2,18950.00
2008-06-16T15:27:00.000Z,2008-06-19T15:06:00.000Z,BUY,0.01,1,1,10.00,1,18960.00
2008-06-19T15:06:00.000Z,2008-06-26T16:43:00.000Z,BUY,0.01,3,1,10.00,3,18970.00
2008-06-26T16:43:00.000Z,2008-06-27T11:19:00.000Z,BUY,0.01,1,1,10.00,1,18980.00
2008-06-27T11:19:00.000Z,2008-06-30T10:16:00.000Z,BUY,0.01,1,1,10.00,1,18990.00
2008-06-30T10:16:00.000Z,2008-07-01T16:14:00.000Z,BUY,0.01,1,1,10.00,1,19000.00
2008-07-01T16:14:00.000Z,2008-07-08T17:00:00.000Z,BUY,0.01,2,1,10.00,2,19010.00
2008-07-08T17:00:00.000Z,2008-07-10T16:18:00.000Z,SELL,0.01,2,1,10.00,2,19020.00
2008-07-10T16:18:00.000Z,2008-07-11T14:11:00.000Z,BUY,0.01,1,1,10.00,1,19030.00
2008-07-11T14:11:00.000Z,2008-07-11T15:31:00.000Z,BUY,0.01,1,1,10.00,1,19040.00
2008-07-11T15:31:00.000Z,2008-07-14T21:12:00.000Z,BUY,0.01,1,1,10.00,1,19050.00
2008-07-14T21:12:00.000Z,2008-07-15T13:54:00.000Z,BUY,0.01,1,1,10.00,1,19060.00
2008-07-15T13:54:00.000Z,2008-07-17T13:17:00.000Z,BUY,0.01,2,1,10.00,2,19070.00
2008-07-17T13:17:00.000Z,2008-07-22T17:23:00.000Z,SELL,0.01,5,1,10.00,5,19080.00
2008-07-22T17:23:00.000Z,2008-07-29T16:12:00.000Z,BUY,0.01,2,1,10.00,2,19090.00
2008-07-29T16:12:00.000Z,2008-07-30T12:04:00.000Z,SELL,0.01,1,1,10.00,1,19100.00
2008-07-30T12:04:00.000Z,2008-07-30T15:45:00.000Z,SELL,0.01,1,1,10.00,1,19110.00
2008-07-30T15:45:00.000Z,2008-07-31T15:14:00.000Z,SELL,0.01,2,1,10.00,2,19120.00
2008-07-31T15:14:00.000Z,2008-08-04T21:43:00.000Z,BUY,0.01,2,1,10.00,2,19130.00
2008-08-04T21:43:00.000Z,2008-08-05T09:53:00.000Z,SELL,0.01,1,1,10.00,1,19140.00
2008-08-05T09:53:00.000Z,2008-08-05T21:30:00.000Z,SELL,0.01,1,1,10.00,1,19150.00
2008-08-05T21:30:00.000Z,2008-08-08T09:21:00.000Z,SELL,0.01,1,1,10.00,1,19160.00
2008-08-08T09:21:00.000Z,2008-08-08T15:43:00.000Z,SELL,0.01,1,1,10.00,1,19170.00
2008-08-08T15:43:00.000Z,2008-08-11T17:46:00.000Z,SELL,0.01,1,1,10.00,1,19180.00
2008-08-11T17:46:00.000Z,2008-08-11T18:17:00.000Z,SELL,0.01,1,1,10.00,1,19190.00
2008-08-11T18:17:00.000Z,2008-08-11T18:34:00.000Z,SELL,0.01,1,1,10.00,1,19200.00
2008-08-11T18:34:00.000Z,2008-08-12T02:57:00.000Z,SELL,0.01,1,1,10.00,1,19210.00
2008-08-12T02:57:00.000Z,2008-08-12T03:11:00.000Z,SELL,0.01,1,1,10.00,1,19220.00
2008-08-12T03:11:00.000Z,2008-08-14T04:47:00.000Z,SELL,0.01,2,1,10.00,2,19230.00
2008-08-14T04:47:00.000Z,2008-08-15T01:19:00.000Z,BUY,0.01,2,1,10.00,2,19240.00
2008-08-15T01:19:00.000Z,2008-08-15T02:04:00.000Z,SELL,0.01,1,1,10.00,1,19250.00
2008-08-15T02:04:00.000Z,2008-08-15T10:32:00.000Z,SELL,0.01,1,1,10.00,1,19260.00
2008-08-15T10:32:00.000Z,2008-08-19T17:50:00.000Z,SELL,0.01,2,1,10.00,2,19270.00
2008-08-19T17:50:00.000Z,2008-08-20T17:12:00.000Z,SELL,0.01,1,1,10.00,1,19280.00
2008-08-20T17:12:00.000Z,2008-08-20T20:17:00.000Z,BUY,0.01,1,1,10.00,1,19290.00
2008-08-20T20:17:00.000Z,2008-08-28T14:24:00.000Z,SELL,0.01,4,1,10.00,4,19300.00
2008-08-28T14:24:00.000Z,2008-09-02T08:28:00.000Z,BUY,0.01,2,1,10.00,2,19310.00
2008-09-02T08:28:00.000Z,2008-09-02T10:20:00.000Z,SELL,0.01,1,1,10.00,1,19320.00
2008-09-02T10:20:00.000Z,2008-09-02T15:01:00.000Z,SELL,0.01,1,1,10.00,1,19330.00
2008-09-02T15:01:00.000Z,2008-09-09T15:38:00.000Z,SELL,0.01,5,1,10.00,5,19340.00
2008-09-09T15:38:00.000Z,2008-09-10T01:24:00.000Z,SELL,0.01,1,1,10.00,1,19350.00
2008-09-10T01:24:00.000Z,2008-09-10T17:59:00.000Z,SELL,0.01,1,1,10.00,1,19360.00
2008-09-10T17:59:00.000Z,2008-09-11T01:53:00.000Z,SELL,0.01,1,1,10.00,1,19370.00
2008-09-11T01:53:00.000Z,2008-09-11T10:16:00.000Z,SELL,0.01,1,1,10.00,1,19380.00
2008-09-11T10:16:00.000Z,2008-09-15T01:05:00.000Z,SELL,0.01,2,1,10.00,2,19390.00
2008-09-15T01:05:00.000Z,2008-09-15T01:55:00.000Z,BUY,0.01,1,1,10.00,1,19400.00
2008-09-15T01:55:00.000Z,2008-09-17T15:44:00.000Z,BUY,0.01,1,1,10.00,1,19410.00
2008-09-17T15:44:00.000Z,2008-09-17T15:45:00.000Z,BUY,0.01,1,1,10.00,1,19420.00
2008-09-17T15:45:00.000Z,2008-09-17T16:14:00.000Z,BUY,0.01,1,1,10.00,1,19430.00
2008-09-17T16:14:00.000Z,2008-09-17T16:38:00.000Z,BUY,0.01,1,1,10.00,1,19440.00
2008-09-17T16:38:00.000Z,2008-09-17T17:04:00.000Z,BUY,0.01,1,1,10.00,1,19450.00
2008-09-17T17:04:00.000Z,2008-09-17T18:21:00.000Z,BUY,0.01,1,1,10.00,1,19460.00
2008-09-17T18:21:00.000Z,2008-09-17T19:33:00.000Z,BUY,0.01,1,1,10.00,1,19470.00
2008-09-17T19:33:00.000Z,2008-09-17T19:57:00.000Z,BUY,0.01,1,1,10.00,1,19480.00
2008-09-17T19:57:00.000Z,2008-09-18T02:18:00.000Z,BUY,0.01,1,1,10.00,1,19490.00
2008-09-18T02:18:00.000Z,2008-09-18T02:26:00.000Z,BUY,0.01,1,1,10.00,1,19500.00
2008-09-18T02:26:00.000Z,2008-09-18T02:52:00.000Z,BUY,0.01,1,1,10.00,1,19510.00
2008-09-18T02:52:00.000Z,2008-09-18T05:00:00.000Z,BUY,0.01,2,1,10.00,2,19520.00
2008-09-18T05:00:00.000Z,2008-09-18T09:44:00.000Z,BUY,0.01,1,1,10.00,1,19530.00
2008-09-18T09:44:00.000Z,2008-09-18T12:48:00.000Z,BUY,0.01,1,1,10.00,1,19540.00
2008-09-18T12:48:00.000Z,2008-09-18T18:57:00.000Z,BUY,0.01,3,1,10.00,3,19550.00
2008-09-18T18:57:00.000Z,2008-09-18T19:05:00.000Z,BUY,0.01,1,1,10.00,1,19560.00
2008-09-18T19:05:00.000Z,2008-09-18T21:15:00.000Z,BUY,0.01,2,1,10.00,2,19570.00
2008-09-18T21:15:00.000Z,2008-09-18T21:36:00.000Z,BUY,0.01,2,1,10.00,2,19580.00
2008-09-18T21:36:00.000Z,2008-09-18T22:07:00.000Z,BUY,0.01,1,1,10.00,1,19590.00
2008-09-18T22:07:00.000Z,2008-09-19T14:34:00.000Z,BUY,0.01,3,1,10.00,3,19600.00
2008-09-19T14:34:00.000Z,2008-09-19T17:15:00.000Z,SELL,0.01,1,1,10.00,1,19610.00
2008-09-19T17:15:00.000Z,2008-09-22T13:47:00.000Z,SELL,0.01,2,1,10.00,2,19620.00
2008-09-22T13:47:00.000Z,2008-09-22T16:33:00.000Z,BUY,0.01,1,1,10.00,1,19630.00
2008-09-22T16:33:00.000Z,2008-09-22T19:34:00.000Z,BUY,0.01,1,1,10.00,1,19640.00
2008-09-22T19:34:00.000Z,2008-09-25T16:20:00.000Z,BUY,0.01,2,1,10.00,2,19650.00
2008-09-25T16:20:00.000Z,2008-09-25T16:32:00.000Z,SELL,0.01,1,1,10.00,1,19660.00
2008-09-25T16:32:00.000Z,2008-09-26T15:46:00.000Z,SELL,0.01,2,1,10.00,2,19670.00
2008-09-26T15:46:00.000Z,2008-09-26T17:50:00.000Z,SELL,0.01,1,1,10.00,1,19680.00
2008-09-26T17:50:00.000Z,2008-09-29T15:52:00.000Z,BUY,0.01,1,1,10.00,1,19690.00
2008-09-29T15:52:00.000Z,2008-09-29T16:06:00.000Z,BUY,0.01,1,1,10.00,1,19700.00
2008-09-29T16:06:00.000Z,2008-09-29T21:15:00.000Z,BUY,0.01,1,1,10.00,1,19710.00
2008-09-29T21:15:00.000Z,2008-09-30T14:36:00.000Z,BUY,0.01,2,1,10.00,2,19720.00
2008-09-30T14:36:00.000Z,2008-10-02T14:38:00.000Z,BUY,0.01,4,1,10.00,4,19730.00
2008-10-02T14:38:00.000Z,2008-10-02T16:32:00.000Z,SELL,0.01,1,1,10.00,1,19740.00
2008-10-02T16:32:00.000Z,2008-10-02T16:43:00.000Z,SELL,0.01,1,1,10.00,1,19750.00
2008-10-02T16:43:00.000Z,2008-10-03T15:20:00.000Z,SELL,0.01,1,1,10.00,1,19760.00
2008-10-03T15:20:00.000Z,2008-10-06T12:32:00.000Z,SELL,0.01,2,1,10.00,2,19770.00
2008-10-06T12:32:00.000Z,2008-10-07T11:36:00.000Z,SELL,0.01,2,1,10.00,2,19780.00
2008-10-07T11:36:00.000Z,2008-10-08T08:34:00.000Z,BUY,0.01,1,1,10.00,1,19790.00
2008-10-08T08:34:00.000Z,2008-10-08T08:52:00.000Z,BUY,0.01,1,1,10.00,1,19800.00
2008-10-08T08:52:00.000Z,2008-10-08T12:30:00.000Z,BUY,0.01,1,1,10.00,1,19810.00
2008-10-08T12:30:00.000Z,2008-10-09T08:47:00.000Z,BUY,0.01,4,1,10.00,4,19820.00
2008-10-09T08:47:00.000Z,2008-10-09T21:45:00.000Z,SELL,0.01,2,1,10.00,2,19830.00
2008-10-09T21:45:00.000Z,2008-10-10T14:20:00.000Z,SELL,0.01,1,1,10.00,1,19840.00
2008-10-10T14:20:00.000Z,2008-10-10T14:56:00.000Z,BUY,0.01,1,1,10.00,1,19850.00
2008-10-10T14:56:00.000Z,2008-10-10T18:22:00.000Z,BUY,0.01,2,1,10.00,2,19860.00
2008-10-10T18:22:00.000Z,2008-10-10T18:50:00.000Z,SELL,0.01,1,1,10.00,1,19870.00
2008-10-10T18:50:00.000Z,2008-10-10T19:03:00.000Z,SELL,0.01,1,1,10.00,1,19880.00
2008-10-10T19:03:00.000Z,2008-10-10T19:29:00.000Z,SELL,0.01,1,1,10.00,1,19890.00
2008-10-10T19:29:00.000Z,2008-10-10T19:40:00.000Z,SELL,0.01,1,1,10.00,1,19900.00
2008-10-10T19:40:00.000Z,2008-10-10T19:50:00.000Z,SELL,0.01,1,1,10.00,1,19910.00
2008-10-10T19:50:00.000Z,2008-10-13T04:29:00.000Z,SELL,0.01,2,1,10.00,2,19920.00
2008-10-13T04:29:00.000Z,2008-10-13T12:34:00.000Z,SELL,0.01,1,1,10.00,1,19930.00
2008-10-13T12:34:00.000Z,2008-10-13T15:50:00.000Z,SELL,0.01,1,1,10.00,1,19940.00
2008-10-13T15:50:00.000Z,2008-10-13T15:57:00.000Z,SELL,0.01,1,1,10.00,1,19950.00
2008-10-13T15:57:00.000Z,2008-10-16T15:36:00.000Z,SELL,0.01,5,1,10.00,5,19960.00
2008-10-16T15:36:00.000Z,2008-10-16T15:40:00.000Z,SELL,0.01,1,1,10.00,1,19970.00
2008-10-16T15:40:00.000Z,2008-10-16T15:43:00.000Z,SELL,0.01,1,1,10.00,1,19980.00
2008-10-16T15:43:00.000Z,2008-10-16T17:29:00.000Z,SELL,0.01,1,1,10.00,1,19990.00
2008-10-16T17:29:00.000Z,2008-10-17T14:30:00.000Z,SELL,0.01,3,1,10.00,3,20000.00
2008-10-17T14:30:00.000Z,2008-10-21T14:41:00.000Z,SELL,0.02,3,1,20.00,3,20020.00
2008-10-21T14:41:00.000Z,2008-10-22T06:21:00.000Z,SELL,0.02,1,1,20.00,1,20040.00
2008-10-22T06:21:00.000Z,2008-10-22T12:52:00.000Z,SELL,0.02,1,1,20.00,1,20060.00
2008-10-22T12:52:00.000Z,2008-10-22T18:50:00.000Z,SELL,0.02,1,1,20.00,1,20080.00
2008-10-22T18:50:00.000Z,2008-10-22T19:52:00.000Z,SELL,0.02,1,1,20.00,1,20100.00
2008-10-22T19:52:00.000Z,2008-10-23T02:31:00.000Z,SELL,0.02,1,1,20.00,1,20120.00
2008-10-23T02:31:00.000Z,2008-10-23T12:38:00.000Z,SELL,0.02,1,1,20.00,1,20140.00
2008-10-23T12:38:00.000Z,2008-10-23T15:05:00.000Z,SELL,0.02,1,1,20.00,1,20160.00
2008-10-23T15:05:00.000Z,2008-10-23T16:21:00.000Z,SELL,0.02,2,1,20.00,2,20180.00
2008-10-23T16:21:00.000Z,2008-10-23T18:10:00.000Z,SELL,0.02,1,1,20.00,1,20200.00
2008-10-23T18:10:00.000Z,2008-10-24T07:10:00.000Z,SELL,0.02,1,1,20.00,1,20220.00
2008-10-24T07:10:00.000Z,2008-10-24T10:23:00.000Z,SELL,0.02,1,1,20.00,1,20240.00
2008-10-24T10:23:00.000Z,2008-10-24T11:05:00.000Z,SELL,0.02,1,1,20.00,1,20260.00
2008-10-24T11:05:00.000Z,2008-10-24T17:38:00.000Z,SELL,0.02,2,1,20.00,2,20280.00
2008-10-24T17:38:00.000Z,2008-10-27T09:38:00.000Z,SELL,0.02,3,1,20.00,3,20300.00
2008-10-27T09:38:00.000Z,2008-10-27T11:25:00.000Z,BUY,0.02,1,1,20.00,1,20320.00
2008-10-27T11:25:00.000Z,2008-10-28T07:59:00.000Z,SELL,0.02,2,1,20.00,2,20340.00
2008-10-28T07:59:00.000Z,2008-10-29T13:22:00.000Z,BUY,0.02,3,1,20.00,3,20360.00
2008-10-29T13:22:00.000Z,2008-10-29T15:13:00.000Z,BUY,0.02,1,1,20.00,1,20380.00
2008-10-29T15:13:00.000Z,2008-10-30T16:54:00.000Z,BUY,0.02,4,1,20.00,4,20400.00
2008-10-30T16:54:00.000Z,2008-11-04T16:35:00.000Z,BUY,0.02,3,1,20.00,3,20420.00
2008-11-04T16:35:00.000Z,2008-11-04T17:01:00.000Z,BUY,0.02,1,1,20.00,1,20440.00
2008-11-04T17:01:00.000Z,2008-11-06T17:23:00.000Z,BUY,0.02,4,1,20.00,4,20460.00
2008-11-06T17:23:00.000Z,2008-11-07T09:01:00.000Z,BUY,0.02,1,1,20.00,1,20480.00
2008-11-07T09:01:00.000Z,2008-11-11T16:47:00.000Z,SELL,0.02,3,1,20.00,3,20500.00
2008-11-11T16:47:00.000Z,2008-11-12T16:25:00.000Z,SELL,0.02,1,1,20.00,1,20520.00
2008-11-12T16:25:00.000Z,2008-11-12T21:36:00.000Z,SELL,0.02,1,1,20.00,1,20540.00
2008-11-12T21:36:00.000Z,2008-11-13T22:16:00.000Z,SELL,0.02,2,1,20.00,2,20560.00
2008-11-13T22:16:00.000Z,2008-11-14T14:37:00.000Z,BUY,0.02,1,1,20.00,1,20580.00
2008-11-14T14:37:00.000Z,2008-11-19T16:00:00.000Z,BUY,0.02,1,1,20.00,1,20600.00
2008-11-19T16:00:00.000Z,2008-11-21T14:39:00.000Z,BUY,0.02,3,1,20.00,3,20620.00
2008-11-21T14:39:00.000Z,2008-11-21T16:37:00.000Z,BUY,0.02,1,1,20.00,1,20640.00
2008-11-21T16:37:00.000Z,2008-11-21T16:59:00.000Z,BUY,0.02,1,1,20.00,1,20660.00
2008-11-21T16:59:00.000Z,2008-11-21T18:45:00.000Z,BUY,0.02,1,1,20.00,1,20680.00
2008-11-21T18:45:00.000Z,2008-11-24T10:59:00.000Z,BUY,0.02,1,1,20.00,1,20700.00
2008-11-24T10:59:00.000Z,2008-11-24T13:22:00.000Z,BUY,0.02,1,1,20.00,1,20720.00
2008-11-24T13:22:00.000Z,2008-12-01T11:43:00.000Z,BUY,0.02,2,1,20.00,2,20740.00
2008-12-01T11:43:00.000Z,2008-12-01T14:51:00.000Z,SELL,0.02,1,1,20.00,1,20760.00
2008-12-01T14:51:00.000Z,2008-12-01T17:01:00.000Z,SELL,0.02,1,1,20.00,1,20780.00
2008-12-01T17:01:00.000Z,2008-12-05T14:22:00.000Z,SELL,0.02,1,1,20.00,1,20800.00
2008-12-05T14:22:00.000Z,2008-12-05T14:50:00.000Z,SELL,0.02,1,1,20.00,1,20820.00
2008-12-05T14:50:00.000Z,2008-12-08T14:32:00.000Z,SELL,0.02,2,1,20.00,2,20840.00
2008-12-08T14:32:00.000Z,2008-12-10T13:12:00.000Z,BUY,0.02,1,1,20.00,1,20860.00
2008-12-10T13:12:00.000Z,2008-12-10T15:04:00.000Z,BUY,0.02,1,1,20.00,1,20880.00
2008-12-10T15:04:00.000Z,2008-12-10T17:56:00.000Z,BUY,0.02,1,1,20.00,1,20900.00
2008-12-10T17:56:00.000Z,2008-12-11T10:55:00.000Z,BUY,0.02,1,1,20.00,1,20920.00
2008-12-11T10:55:00.000Z,2008-12-11T13:37:00.000Z,BUY,0.02,1,1,20.00,1,20940.00
2008-12-11T13:37:00.000Z,2008-12-15T16:32:00.000Z,BUY,0.02,3,1,20.00,3,20960.00
2008-12-15T16:32:00.000Z,2008-12-16T20:57:00.000Z,BUY,0.02,1,1,20.00,1,20980.00
2008-12-16T20:57:00.000Z,2008-12-17T14:52:00.000Z,BUY,0.02,1,1,20.00,1,21000.00
2008-12-17T14:52:00.000Z,2008-12-17T16:09:00.000Z,BUY,0.02,1,1,20.00,1,21020.00
2008-12-17T16:09:00.000Z,2008-12-19T10:29:00.000Z,BUY,0.02,2,1,20.00,2,21040.00
2008-12-19T10:29:00.000Z,2008-12-19T12:49:00.000Z,SELL,0.02,1,1,20.00,1,21060.00
2008-12-19T12:49:00.000Z,2008-12-26T19:04:00.000Z,SELL,0.02,2,1,20.00,2,21080.00
2008-12-26T19:04:00.000Z,2008-12-29T01:05:00.000Z,BUY,0.02,1,1,20.00,1,21100.00
2008-12-29T01:05:00.000Z,2008-12-29T01:16:00.000Z,BUY,0.02,1,1,20.00,1,21120.00
2008-12-29T01:16:00.000Z,2009-01-05T13:13:00.000Z,BUY,0.02,4,1,20.00,4,21140.00
2009-01-05T13:13:00.000Z,2009-01-06T08:55:00.000Z,SELL,0.02,1,1,20.00,1,21160.00
2009-01-06T08:55:00.000Z,2009-01-12T14:22:00.000Z,SELL,0.02,5,1,20.00,5,21180.00
2009-01-12T14:22:00.000Z,2009-01-12T16:08:00.000Z,SELL,0.02,1,1,20.00,1,21200.00
2009-01-12T16:08:00.000Z,2009-01-14T16:22:00.000Z,SELL,0.02,1,1,20.00,1,21220.00
2009-01-14T16:22:00.000Z,2009-01-16T21:50:00.000Z,SELL,0.02,2,1,20.00,2,21240.00
2009-01-16T21:50:00.000Z,2009-01-20T13:02:00.000Z,BUY,0.02,1,1,20.00,1,21260.00
2009-01-20T13:02:00.000Z,2009-01-20T17:08:00.000Z,BUY,0.02,1,1,20.00,1,21280.00
2009-01-20T17:08:00.000Z,2009-01-23T11:08:00.000Z,BUY,0.02,1,1,20.00,1,21300.00
2009-01-23T11:08:00.000Z,2009-01-23T15:21:00.000Z,BUY,0.02,1,1,20.00,1,21320.00
2009-01-23T15:21:00.000Z,2009-01-23T17:47:00.000Z,BUY,0.02,1,1,20.00,1,21340.00
2009-01-23T17:47:00.000Z,2009-01-26T09:47:00.000Z,BUY,0.02,1,1,20.00,1,21360.00
2009-01-26T09:47:00.000Z,2009-01-26T15:43:00.000Z,BUY,0.02,1,1,20.00,1,21380.00
2009-01-26T15:43:00.000Z,2009-01-28T10:57:00.000Z,BUY,0.02,2,1,20.00,2,21400.00
2009-01-28T10:57:00.000Z,2009-01-30T09:28:00.000Z,SELL,0.02,2,1,20.00,2,21420.00
2009-01-30T09:28:00.000Z,2009-01-30T09:45:00.000Z,BUY,0.02,1,1,20.00,1,21440.00
2009-01-30T09:45:00.000Z,2009-02-03T17:53:00.000Z,BUY,0.02,2,1,20.00,2,21460.00
2009-02-03T17:53:00.000Z,2009-02-05T14:44:00.000Z,SELL,0.02,2,1,20.00,2,21480.00
2009-02-05T14:44:00.000Z,2009-02-09T18:11:00.000Z,BUY,0.02,2,1,20.00,2,21500.00
2009-02-09T18:11:00.000Z,2009-02-11T11:43:00.000Z,SELL,0.02,2,1,20.00,2,21520.00
2009-02-11T11:43:00.000Z,2009-02-11T15:51:00.000Z,BUY,0.02,1,1,20.00,1,21540.00
2009-02-11T15:51:00.000Z,2009-02-11T16:27:00.000Z,BUY,0.02,1,1,20.00,1,21560.00
2009-02-11T16:27:00.000Z,2009-02-17T05:18:00.000Z,BUY,0.02,1,1,20.00,1,21580.00
2009-02-17T05:18:00.000Z,2009-02-17T12:05:00.000Z,BUY,0.02,1,1,20.00,1,21600.00
2009-02-17T12:05:00.000Z,2009-02-18T17:11:00.000Z,BUY,0.02,1,1,20.00,1,21620.00
2009-02-18T17:11:00.000Z,2009-02-18T21:46:00.000Z,BUY,0.02,1,1,20.00,1,21640.00
2009-02-18T21:46:00.000Z,2009-02-20T14:11:00.000Z,BUY,0.02,1,1,20.00,1,21660.00
2009-02-20T14:11:00.000Z,2009-02-20T18:54:00.000Z,BUY,0.02,1,1,20.00,1,21680.00
2009-02-20T18:54:00.000Z,2009-02-24T16:35:00.000Z,BUY,0.02,2,1,20.00,2,21700.00
2009-02-24T16:35:00.000Z,2009-02-24T17:37:00.000Z,SELL,0.02,1,1,20.00,1,21720.00
2009-02-24T17:37:00.000Z,2009-02-25T08:09:00.000Z,SELL,0.02,1,1,20.00,1,21740.00
2009-02-25T08:09:00.000Z,2009-02-25T21:23:00.000Z,SELL,0.02,3,1,20.00,3,21760.00
2009-02-25T21:23:00.000Z,2009-02-26T16:42:00.000Z,SELL,0.02,1,1,20.00,1,21780.00
2009-02-26T16:42:00.000Z,2009-03-02T21:11:00.000Z,SELL,0.02,5,1,20.00,5,21800.00
2009-03-02T21:11:00.000Z,2009-03-03T15:48:00.000Z,SELL,0.02,1,1,20.00,1,21820.00
2009-03-03T15:48:00.000Z,2009-03-04T19:59:00.000Z,SELL,0.02,1,1,20.00,1,21840.00
2009-03-04T19:59:00.000Z,2009-03-05T21:33:00.000Z,SELL,0.02,2,1,20.00,2,21860.00
2009-03-05T21:33:00.000Z,2009-03-06T14:50:00.000Z,BUY,0.02,1,1,20.00,1,21880.00
2009-03-06T14:50:00.000Z,2009-03-09T17:16:00.000Z,BUY,0.02,2,1,20.00,2,21900.00
2009-03-09T17:16:00.000Z,2009-03-10T15:02:00.000Z,SELL,0.02,1,1,20.00,1,21920.00
2009-03-10T15:02:00.000Z,2009-03-10T16:59:00.000Z,SELL,0.02,1,1,20.00,1,21940.00
2009-03-10T16:59:00.000Z,2009-03-12T14:36:00.000Z,SELL,0.02,2,1,20.00,2,21960.00
2009-03-12T14:36:00.000Z,2009-03-13T13:15:00.000Z,BUY,0.02,1,1,20.00,1,21980.00
2009-03-13T13:15:00.000Z,2009-03-18T14:13:00.000Z,BUY,0.02,2,1,20.00,2,22000.00
2009-03-18T14:13:00.000Z,2009-03-18T15:32:00.000Z,SELL,0.02,1,1,20.00,1,22020.00
2009-03-18T15:32:00.000Z,2009-03-18T16:35:00.000Z,SELL,0.02,1,1,20.00,1,22040.00
2009-03-18T16:35:00.000Z,2009-03-18T19:22:00.000Z,SELL,0.02,2,1,20.00,2,22060.00
2009-03-18T19:22:00.000Z,2009-03-18T20:52:00.000Z,SELL,0.02,2,1,20.00,2,22080.00
2009-03-18T20:52:00.000Z,2009-03-19T01:21:00.000Z,SELL,0.02,1,1,20.00,1,22100.00
2009-03-19T01:21:00.000Z,2009-03-19T12:55:00.000Z,BUY,0.02,1,1,20.00,1,22120.00
2009-03-19T12:55:00.000Z,2009-03-19T14:32:00.000Z,BUY,0.02,1,1,20.00,1,22140.00
2009-03-19T14:32:00.000Z,2009-03-20T08:58:00.000Z,BUY,0.02,1,1,20.00,1,22160.00
2009-03-20T08:58:00.000Z,2009-03-24T09:19:00.000Z,BUY,0.02,2,1,20.00,2,22180.00
2009-03-24T09:19:00.000Z,2009-03-24T13:23:00.000Z,SELL,0.02,1,1,20.00,1,22200.00
2009-03-24T13:23:00.000Z,2009-03-30T12:46:00.000Z,SELL,0.02,3,1,20.00,3,22220.00
2009-03-30T12:46:00.000Z,2009-04-02T15:26:00.000Z,SELL,0.02,1,1,20.00,1,22240.00
2009-04-02T15:26:00.000Z,2009-04-03T20:30:00.000Z,SELL,0.02,1,1,20.00,1,22260.00
2009-04-03T20:30:00.000Z,2009-04-06T04:06:00.000Z,SELL,0.02,1,1,20.00,1,22280.00
2009-04-06T04:06:00.000Z,2009-04-06T15:39:00.000Z,SELL,0.02,1,1,20.00,1,22300.00
2009-04-06T15:39:00.000Z,2009-04-23T16:28:00.000Z,SELL,0.02,4,1,20.00,4,22320.00
2009-04-23T16:28:00.000Z,2009-04-24T08:54:00.000Z,BUY,0.02,1,1,20.00,1,22340.00
2009-04-24T08:54:00.000Z,2009-04-30T14:21:00.000Z,BUY,0.02,2,1,20.00,2,22360.00
2009-04-30T14:21:00.000Z,2009-05-05T13:42:00.000Z,SELL,0.02,2,1,20.00,2,22380.00
2009-05-05T13:42:00.000Z,2009-05-07T14:21:00.000Z,BUY,0.02,1,1,20.00,1,22400.00
2009-05-07T14:21:00.000Z,2009-05-15T16:36:00.000Z,BUY,0.02,1,1,20.00,1,22420.00
2009-05-15T16:36:00.000Z,2009-05-21T08:32:00.000Z,BUY,0.02,1,1,20.00,1,22440.00
2009-05-21T08:32:00.000Z,2009-05-21T20:09:00.000Z,BUY,0.02,1,1,20.00,1,22460.00
2009-05-21T20:09:00.000Z,2009-05-28T16:49:00.000Z,BUY,0.02,1,1,20.00,1,22480.00
2009-05-28T16:49:00.000Z,2009-05-29T11:10:00.000Z,BUY,0.02,1,1,20.00,1,22500.00
2009-05-29T11:10:00.000Z,2009-06-01T06:56:00.000Z,BUY,0.02,1,1,20.00,1,22520.00
2009-06-01T06:56:00.000Z,2009-06-05T20:29:00.000Z,BUY,0.02,2,1,20.00,2,22540.00
2009-06-05T20:29:00.000Z,2009-06-08T15:46:00.000Z,SELL,0.02,1,1,20.00,1,22560.00
2009-06-08T15:46:00.000Z,2009-06-15T07:49:00.000Z,SELL,0.02,3,1,20.00,3,22580.00
2009-06-15T07:49:00.000Z,2009-06-22T11:27:00.000Z,SELL,0.02,1,1,20.00,1,22600.00
2009-06-22T11:27:00.000Z,2009-06-23T04:50:00.000Z,SELL,0.02,1,1,20.00,1,22620.00
2009-06-23T04:50:00.000Z,2009-06-26T08:15:00.000Z,SELL,0.02,2,1,20.00,2,22640.00
2009-06-26T08:15:00.000Z,2009-07-08T17:08:00.000Z,BUY,0.02,2,1,20.00,2,22660.00
2009-07-08T17:08:00.000Z,2009-07-20T07:26:00.000Z,SELL,0.02,2,1,20.00,2,22680.00
2009-07-20T07:26:00.000Z,2009-07-20T12:40:00.000Z,BUY,0.02,1,1,20.00,1,22700.00
2009-07-20T12:40:00.000Z,2009-08-04T16:42:00.000Z,BUY,0.02,3,1,20.00,3,22720.00
2009-08-04T16:42:00.000Z,2009-08-17T14:20:00.000Z,BUY,0.02,2,1,20.00,2,22740.00
2009-08-17T14:20:00.000Z,2009-09-02T14:31:00.000Z,SELL,0.02,2,1,20.00,2,22760.00
2009-09-02T14:31:00.000Z,2009-09-02T17:13:00.000Z,BUY,0.02,1,1,20.00,1,22780.00
2009-09-02T17:13:00.000Z,2009-09-03T11:03:00.000Z,BUY,0.02,1,1,20.00,1,22800.00
2009-09-03T11:03:00.000Z,2009-09-03T19:20:00.000Z,BUY,0.02,1,1,20.00,1,22820.00
2009-09-03T19:20:00.000Z,2009-09-08T09:00:00.000Z,BUY,0.02,1,1,20.00,1,22840.00
2009-09-08T09:00:00.000Z,2009-09-16T07:56:00.000Z,BUY,0.02,3,1,20.00,3,22860.00
2009-09-16T07:56:00.000Z,2009-10-06T12:07:00.000Z,BUY,0.02,3,1,20.00,3,22880.00
2009-10-06T12:07:00.000Z,2009-10-06T15:06:00.000Z,BUY,0.02,1,1,20.00,1,22900.00
2009-10-06T15:06:00.000Z,2009-10-07T10:15:00.000Z,BUY,0.02,1,1,20.00,1,22920.00
2009-10-07T10:15:00.000Z,2009-10-08T08:53:00.000Z,BUY,0.02,1,1,20.00,1,22940.00
2009-10-08T08:53:00.000Z,2009-10-13T12:13:00.000Z,BUY,0.02,1,1,20.00,1,22960.00
2009-10-13T12:13:00.000Z,2009-10-27T14:59:00.000Z,BUY,0.02,4,1,20.00,4,22980.00
2009-10-27T14:59:00.000Z,2009-11-04T01:05:00.000Z,SELL,0.02,2,1,20.00,2,23000.00
2009-11-04T01:05:00.000Z,2009-11-04T01:05:00.000Z,BUY,0.02,1,1,20.00,1,23020.00
2009-11-04T01:05:00.000Z,2009-11-04T09:07:00.000Z,BUY,0.02,1,1,20.00,1,23040.00
2009-11-04T09:07:00.000Z,2009-11-04T20:59:00.000Z,BUY,0.02,1,1,20.00,1,23060.00
2009-11-04T20:59:00.000Z,2009-11-09T08:17:00.000Z,BUY,0.02,1,1,20.00,1,23080.00
2009-11-09T08:17:00.000Z,2009-11-11T13:44:00.000Z,BUY,0.02,1,1,20.00,1,23100.00
2009-11-11T13:44:00.000Z,2009-11-16T05:14:00.000Z,BUY,0.02,1,1,20.00,1,23120.00
2009-11-16T05:14:00.000Z,2009-11-16T19:09:00.000Z,BUY,0.02,1,1,20.00,1,23140.00
2009-11-16T19:09:00.000Z,2009-11-18T12:23:00.000Z,BUY,0.02,1,1,20.00,1,23160.00
2009-11-18T12:23:00.000Z,2009-11-23T01:05:00.000Z,BUY,0.02,1,1,20.00,1,23180.00
2009-11-23T01:05:00.000Z,2009-11-23T15:08:00.000Z,BUY,0.02,1,1,20.00,1,23200.00
2009-11-23T15:08:00.000Z,2009-11-25T07:57:00.000Z,BUY,0.02,1,1,20.00,1,23220.00
2009-11-25T07:57:00.000Z,2009-11-25T21:03:00.000Z,BUY,0.02,1,1,20.00,1,23240.00
2009-11-25T21:03:00.000Z,2009-11-27T08:38:00.000Z,BUY,0.02,2,1,20.00,2,23260.00
2009-11-27T08:38:00.000Z,2009-11-27T08:44:00.000Z,SELL,0.02,1,1,20.00,1,23280.00
2009-11-27T08:44:00.000Z,2009-11-27T08:46:00.000Z,SELL,0.02,1,1,20.00,1,23300.00
2009-11-27T08:46:00.000Z,2009-11-27T16:13:00.000Z,SELL,0.02,2,1,20.00,2,23320.00
2009-11-27T16:13:00.000Z,2009-12-01T10:09:00.000Z,SELL,0.02,2,1,20.00,2,23340.00
2009-12-01T10:09:00.000Z,2009-12-02T04:20:00.000Z,BUY,0.02,1,1,20.00,1,23360.00
2009-12-02T04:20:00.000Z,2009-12-03T01:05:00.000Z,BUY,0.02,1,1,20.00,1,23380.00
2009-12-03T01:05:00.000Z,2009-12-04T14:44:00.000Z,BUY,0.02,2,1,20.00,2,23400.00
2009-12-04T14:44:00.000Z,2009-12-04T16:42:00.000Z,SELL,0.02,1,1,20.00,1,23420.00
2009-12-04T16:42:00.000Z,2009-12-04T17:30:00.000Z,SELL,0.02,1,1,20.00,1,23440.00
2009-12-04T17:30:00.000Z,2009-12-04T19:59:00.000Z,SELL,0.02,1,1,20.00,1,23460.00
2009-12-04T19:59:00.000Z,2009-12-04T20:54:00.000Z,SELL,0.02,1,1,20.00,1,23480.00
2009-12-04T20:54:00.000Z,2009-12-07T10:02:00.000Z,SELL,0.02,1,1,20.00,1,23500.00
2009-12-07T10:02:00.000Z,2009-12-08T01:43:00.000Z,SELL,0.02,2,1,20.00,2,23520.00
2009-12-08T01:43:00.000Z,2009-12-08T06:35:00.000Z,SELL,0.02,1,1,20.00,1,23540.00
2009-12-08T06:35:00.000Z,2009-12-08T20:52:00.000Z,BUY,0.02,2,1,20.00,2,23560.00
2009-12-08T20:52:00.000Z,2009-12-09T19:48:00.000Z,SELL,0.02,1,1,20.00,1,23580.00
2009-12-09T19:48:00.000Z,2009-12-17T17:42:00.000Z,SELL,0.02,5,1,20.00,5,23600.00
2009-12-17T17:42:00.000Z,2009-12-17T21:49:00.000Z,SELL,0.02,1,1,20.00,1,23620.00
2009-12-17T21:49:00.000Z,2009-12-22T13:55:00.000Z,SELL,0.02,3,1,20.00,3,23640.00
2009-12-22T13:55:00.000Z,2009-12-22T17:00:00.000Z,SELL,0.02,1,1,20.00,1,23660.00
2009-12-22T17:00:00.000Z,2009-12-28T01:05:00.000Z,SELL,0.02,2,1,20.00,2,23680.00
2009-12-28T01:05:00.000Z,2010-01-04T12:07:00.000Z,BUY,0.02,3,1,20.00,3,23700.00
2010-01-04T12:07:00.000Z,2010-01-05T07:54:00.000Z,BUY,0.02,1,1,20.00,1,23720.00
2010-01-05T07:54:00.000Z,2010-01-06T16:27:00.000Z,BUY,0.02,1,1,20.00,1,23740.00
2010-01-06T16:27:00.000Z,2010-01-11T01:05:00.000Z,BUY,0.02,1,1,20.00,1,23760.00
2010-01-11T01:05:00.000Z,2010-01-11T01:48:00.000Z,BUY,0.02,1,1,20.00,1,23780.00
2010-01-11T01:48:00.000Z,2010-01-12T19:20:00.000Z,BUY,0.02,2,1,20.00,2,23800.00
2010-01-12T19:20:00.000Z,2010-01-20T16:07:00.000Z,SELL,0.02,1,1,20.00,1,23820.00
2010-01-20T16:07:00.000Z,2010-01-21T10:27:00.000Z,SELL,0.02,1,1,20.00,1,23840.00
2010-01-21T10:27:00.000Z,2010-01-21T16:33:00.000Z,SELL,0.02,1,1,20.00,1,23860.00
2010-01-21T16:33:00.000Z,2010-01-22T15:45:00.000Z,SELL,0.02,1,1,20.00,1,23880.00
2010-01-22T15:45:00.000Z,2010-01-28T18:35:00.000Z,SELL,0.02,1,1,20.00,1,23900.00
2010-01-28T18:35:00.000Z,2010-02-01T20:40:00.000Z,SELL,0.02,2,1,20.00,2,23920.00
2010-02-01T20:40:00.000Z,2010-02-02T17:31:00.000Z,BUY,0.02,1,1,20.00,1,23940.00
2010-02-02T17:31:00.000Z,2010-02-04T15:44:00.000Z,BUY,0.02,2,1,20.00,2,23960.00
2010-02-04T15:44:00.000Z,2010-02-04T16:14:00.000Z,SELL,0.02,1,1,20.00,1,23980.00
2010-02-04T16:14:00.000Z,2010-02-04T16:16:00.000Z,SELL,0.02,1,1,20.00,1,24000.00
2010-02-04T16:16:00.000Z,2010-02-05T09:24:00.000Z,SELL,0.02,1,1,20.00,1,24020.00
2010-02-05T09:24:00.000Z,2010-02-05T17:46:00.000Z,SELL,0.02,1,1,20.00,1,24040.00
2010-02-05T17:46:00.000Z,2010-02-09T13:38:00.000Z,SELL,0.02,2,1,20.00,2,24060.00
2010-02-09T13:38:00.000Z,2010-02-11T14:24:00.000Z,BUY,0.02,1,1,20.00,1,24080.00
2010-02-11T14:24:00.000Z,2010-02-11T20:29:00.000Z,BUY,0.02,1,1,20.00,1,24100.00
2010-02-11T20:29:00.000Z,2010-02-16T02:16:00.000Z,BUY,0.02,1,1,20.00,1,24120.00
2010-02-16T02:16:00.000Z,2010-02-16T09:17:00.000Z,BUY,0.02,1,1,20.00,1,24140.00
2010-02-16T09:17:00.000Z,2010-02-17T13:51:00.000Z,BUY,0.02,1,1,20.00,1,24160.00
2010-02-17T13:51:00.000Z,2010-02-24T10:03:00.000Z,BUY,0.02,4,1,20.00,4,24180.00
2010-02-24T10:03:00.000Z,2010-03-02T15:52:00.000Z,SELL,0.02,2,1,20.00,2,24200.00
2010-03-02T15:52:00.000Z,2010-03-02T18:59:00.000Z,BUY,0.02,1,1,20.00,1,24220.00
2010-03-02T18:59:00.000Z,2010-03-10T18:10:00.000Z,BUY,0.02,2,1,20.00,2,24240.00
2010-03-10T18:10:00.000Z,2010-03-22T14:05:00.000Z,SELL,0.02,3,1,20.00,3,24260.00
2010-03-22T14:05:00.000Z,2010-03-24T18:51:00.000Z,SELL,0.02,1,1,20.00,1,24280.00
2010-03-24T18:51:00.000Z,2010-03-31T15:06:00.000Z,SELL,0.02,2,1,20.00,2,24300.00
2010-03-31T15:06:00.000Z,2010-04-01T16:30:00.000Z,BUY,0.02,1,1,20.00,1,24320.00
2010-04-01T16:30:00.000Z,2010-04-06T16:52:00.000Z,BUY,0.02,1,1,20.00,1,24340.00
2010-04-06T16:52:00.000Z,2010-04-07T16:27:00.000Z,BUY,0.02,1,1,20.00,1,24360.00
2010-04-07T16:27:00.000Z,2010-04-09T11:45:00.000Z,BUY,0.02,1,1,20.00,1,24380.00
2010-04-09T11:45:00.000Z,2010-04-12T01:12:00.000Z,BUY,0.02,1,1,20.00,1,24400.00
2010-04-12T01:12:00.000Z,2010-04-16T17:11:00.000Z,BUY,0.02,2,1,20.00,2,24420.00
2010-04-16T17:11:00.000Z,2010-04-19T10:48:00.000Z,SELL,0.02,1,1,20.00,1,24440.00
2010-04-19T10:48:00.000Z,2010-04-23T22:56:00.000Z,SELL,0.02,2,1,20.00,2,24460.00
2010-04-23T22:56:00.000Z,2010-04-27T20:59:00.000Z,BUY,0.02,1,1,20.00,1,24480.00
2010-04-27T20:59:00.000Z,2010-04-30T15:27:00.000Z,BUY,0.02,1,1,20.00,1,24500.00
2010-04-30T15:27:00.000Z,2010-05-04T12:08:00.000Z,BUY,0.02,1,1,20.00,1,24520.00
2010-05-04T12:08:00.000Z,2010-05-05T15:11:00.000Z,BUY,0.02,2,1,20.00,2,24540.00
2010-05-05T15:11:00.000Z,2010-05-06T17:32:00.000Z,SELL,0.02,2,1,20.00,2,24560.00
2010-05-06T17:32:00.000Z,2010-05-06T19:23:00.000Z,BUY,0.02,1,1,20.00,1,24580.00
2010-05-06T19:23:00.000Z,2010-05-06T21:28:00.000Z,BUY,0.02,1,1,20.00,1,24600.00
2010-05-06T21:28:00.000Z,2010-05-11T14:29:00.000Z,BUY,0.02,3,1,20.00,3,24620.00
2010-05-11T14:29:00.000Z,2010-05-11T21:00:00.000Z,BUY,0.02,1,1,20.00,1,24640.00
2010-05-11T21:00:00.000Z,2010-05-12T11:27:00.000Z,BUY,0.02,1,1,20.00,1,24660.00
2010-05-12T11:27:00.000Z,2010-05-18T13:07:00.000Z,BUY,0.02,4,1,20.00,4,24680.00
2010-05-18T13:07:00.000Z,2010-05-19T15:56:00.000Z,SELL,0.02,1,1,20.00,1,24700.00
2010-05-19T15:56:00.000Z,2010-05-19T17:51:00.000Z,SELL,0.02,1,1,20.00,1,24720.00
2010-05-19T17:51:00.000Z,2010-05-20T13:46:00.000Z,SELL,0.02,1,1,20.00,1,24740.00
2010-05-20T13:46:00.000Z,2010-05-21T03:49:00.000Z,SELL,0.02,1,1,20.00,1,24760.00
2010-05-21T03:49:00.000Z,2010-05-25T16:02:00.000Z,SELL,0.02,2,1,20.00,2,24780.00
2010-05-25T16:02:00.000Z,2010-05-26T10:29:00.000Z,BUY,0.02,1,1,20.00,1,24800.00
2010-05-26T10:29:00.000Z,2010-06-01T02:28:00.000Z,BUY,0.02,1,1,20.00,1,24820.00
2010-06-01T02:28:00.000Z,2010-06-07T16:43:00.000Z,BUY,0.02,3,1,20.00,3,24840.00
2010-06-07T16:43:00.000Z,2010-06-07T18:00:00.000Z,BUY,0.02,1,1,20.00,1,24860.00
2010-06-07T18:00:00.000Z,2010-06-08T11:26:00.000Z,BUY,0.02,1,1,20.00,1,24880.00
2010-06-08T11:26:00.000Z,2010-06-10T11:36:00.000Z,BUY,0.02,2,1,20.00,2,24900.00
2010-06-10T11:36:00.000Z,2010-06-17T18:23:00.000Z,SELL,0.02,2,1,20.00,2,24920.00
2010-06-17T18:23:00.000Z,2010-06-18T16:35:00.000Z,BUY,0.02,1,1,20.00,1,24940.00
2010-06-18T16:35:00.000Z,2010-06-23T15:36:00.000Z,BUY,0.02,2,1,20.00,2,24960.00
2010-06-23T15:36:00.000Z,2010-06-24T16:36:00.000Z,BUY,0.02,1,1,20.00,1,24980.00
2010-06-24T16:36:00.000Z,2010-06-29T14:27:00.000Z,SELL,0.02,3,1,20.00,3,25000.00
2010-06-29T14:27:00.000Z,2010-07-01T17:11:00.000Z,SELL,0.02,1,1,20.00,1,25020.00
2010-07-01T17:11:00.000Z,2010-07-01T18:09:00.000Z,SELL,0.02,1,1,20.00,1,25040.00
2010-07-01T18:09:00.000Z,2010-07-01T20:51:00.000Z,SELL,0.02,1,1,20.00,1,25060.00
2010-07-01T20:51:00.000Z,2010-07-07T06:59:00.000Z,SELL,0.02,1,1,20.00,1,25080.00
2010-07-07T06:59:00.000Z,2010-07-19T15:33:00.000Z,SELL,0.02,3,1,20.00,3,25100.00
2010-07-19T15:33:00.000Z,2010-07-27T16:08:00.000Z,SELL,0.02,3,1,20.00,3,25120.00
2010-07-27T16:08:00.000Z,2010-07-27T19:07:00.000Z,SELL,0.02,1,1,20.00,1,25140.00
2010-07-27T19:07:00.000Z,2010-08-02T15:16:00.000Z,SELL,0.02,2,1,20.00,2,25160.00
2010-08-02T15:16:00.000Z,2010-08-04T14:49:00.000Z,BUY,0.02,1,1,20.00,1,25180.00
2010-08-04T14:49:00.000Z,2010-08-06T15:46:00.000Z,BUY,0.02,1,1,20.00,1,25200.00
2010-08-06T15:46:00.000Z,2010-08-16T04:10:00.000Z,BUY,0.02,1,1,20.00,1,25220.00
2010-08-16T04:10:00.000Z,2010-08-18T17:30:00.000Z,BUY,0.02,1,1,20.00,1,25240.00
2010-08-18T17:30:00.000Z,2010-08-24T09:44:00.000Z,SELL,0.02,1,1,20.00,1,25260.00
2010-08-24T09:44:00.000Z,2010-08-31T19:20:00.000Z,SELL,0.02,2,1,20.00,2,25280.00
2010-08-31T19:20:00.000Z,2010-09-07T14:44:00.000Z,BUY,0.02,1,1,20.00,1,25300.00
2010-09-07T14:44:00.000Z,2010-09-09T17:17:00.000Z,SELL,0.02,1,1,20.00,1,25320.00
2010-09-09T17:17:00.000Z,2010-09-10T14:44:00.000Z,SELL,0.02,1,1,20.00,1,25340.00
2010-09-10T14:44:00.000Z,2010-09-14T16:10:00.000Z,SELL,0.02,2,1,20.00,2,25360.00
2010-09-14T16:10:00.000Z,2010-09-17T07:26:00.000Z,BUY,0.02,1,1,20.00,1,25380.00
2010-09-17T07:26:00.000Z,2010-09-21T21:46:00.000Z,BUY,0.02,1,1,20.00,1,25400.00
2010-09-21T21:46:00.000Z,2010-10-01T16:11:00.000Z,SELL,0.02,2,1,20.00,2,25420.00
2010-10-01T16:11:00.000Z,2010-10-05T14:40:00.000Z,BUY,0.02,1,1,20.00,1,25440.00
2010-10-05T14:40:00.000Z,2010-10-05T17:42:00.000Z,BUY,0.02,1,1,20.00,1,25460.00
2010-10-05T17:42:00.000Z,2010-10-11T01:05:00.000Z,BUY,0.02,1,1,20.00,1,25480.00
2010-10-11T01:05:00.000Z,2010-10-13T11:52:00.000Z,BUY,0.02,1,1,20.00,1,25500.00
2010-10-13T11:52:00.000Z,2010-10-13T16:41:00.000Z,BUY,0.02,1,1,20.00,1,25520.00
2010-10-13T16:41:00.000Z,2010-10-14T08:31:00.000Z,BUY,0.02,1,1,20.00,1,25540.00
2010-10-14T08:31:00.000Z,2010-10-19T14:55:00.000Z,BUY,0.02,2,1,20.00,2,25560.00
2010-10-19T14:55:00.000Z,2010-10-19T15:02:00.000Z,SELL,0.02,1,1,20.00,1,25580.00
2010-10-19T15:02:00.000Z,2010-10-19T20:05:00.000Z,SELL,0.02,1,1,20.00,1,25600.00
2010-10-19T20:05:00.000Z,2010-10-21T19:49:00.000Z,SELL,0.02,1,1,20.00,1,25620.00
2010-10-21T19:49:00.000Z,2010-10-29T14:05:00.000Z,SELL,0.02,4,1,20.00,4,25640.00
2010-10-29T14:05:00.000Z,2010-11-01T01:05:00.000Z,BUY,0.02,1,1,20.00,1,25660.00
2010-11-01T01:05:00.000Z,2010-11-03T16:11:00.000Z,BUY,0.02,2,1,20.00,2,25680.00
2010-11-03T16:11:00.000Z,2010-11-04T09:31:00.000Z,SELL,0.02,2,1,20.00,2,25700.00
2010-11-04T09:31:00.000Z,2010-11-04T13:20:00.000Z,BUY,0.02,1,1,20.00,1,25720.00
2010-11-04T13:20:00.000Z,2010-11-04T16:02:00.000Z,BUY,0.02,1,1,20.00,1,25740.00
2010-11-04T16:02:00.000Z,2010-11-04T20:50:00.000Z,BUY,0.02,1,1,20.00,1,25760.00
2010-11-04T20:50:00.000Z,2010-11-08T17:57:00.000Z,BUY,0.02,1,1,20.00,1,25780.00
2010-11-08T17:57:00.000Z,2010-11-09T03:38:00.000Z,BUY,0.02,1,1,20.00,1,25800.00
2010-11-09T03:38:00.000Z,2010-11-09T11:41:00.000Z,BUY,0.02,1,1,20.00,1,25820.00
2010-11-09T11:41:00.000Z,2010-11-09T21:43:00.000Z,BUY,0.02,2,1,20.00,2,25840.00
2010-11-09T21:43:00.000Z,2010-11-10T02:19:00.000Z,BUY,0.02,1,1,20.00,1,25860.00
2010-11-10T02:19:00.000Z,2010-11-10T16:05:00.000Z,SELL,0.02,1,1,20.00,1,25880.00
2010-11-10T16:05:00.000Z,2010-11-15T01:05:00.000Z,SELL,0.02,3,1,20.00,3,25900.00
2010-11-15T01:05:00.000Z,2010-11-16T15:50:00.000Z,BUY,0.02,2,1,20.00,2,25920.00
2010-11-16T15:50:00.000Z,2010-11-16T16:56:00.000Z,SELL,0.02,1,1,20.00,1,25940.00
2010-11-16T16:56:00.000Z,2010-11-16T17:45:00.000Z,SELL,0.02,1,1,20.00,1,25960.00
2010-11-16T17:45:00.000Z,2010-11-19T01:05:00.000Z,SELL,0.02,2,1,20.00,2,25980.00
2010-11-19T01:05:00.000Z,2010-11-23T15:35:00.000Z,BUY,0.02,1,1,20.00,1,26000.00
2010-11-23T15:35:00.000Z,2010-11-23T19:06:00.000Z,BUY,0.02,1,1,20.00,1,26020.00
2010-11-23T19:06:00.000Z,2010-11-26T14:54:00.000Z,BUY,0.02,2,1,20.00,2,26040.00
2010-11-26T14:54:00.000Z,2010-11-30T14:35:00.000Z,SELL,0.02,2,1,20.00,2,26060.00
2010-11-30T14:35:00.000Z,2010-12-01T06:20:00.000Z,BUY,0.02,1,1,20.00,1,26080.00
2010-12-01T06:20:00.000Z,2010-12-03T14:42:00.000Z,BUY,0.02,1,1,20.00,1,26100.00
2010-12-03T14:42:00.000Z,2010-12-03T21:50:00.000Z,BUY,0.02,1,1,20.00,1,26120.00
2010-12-03T21:50:00.000Z,2010-12-06T21:53:00.000Z,BUY,0.02,1,1,20.00,1,26140.00
2010-12-06T21:53:00.000Z,2010-12-08T03:58:00.000Z,BUY,0.02,2,1,20.00,2,26160.00
2010-12-08T03:58:00.000Z,2010-12-08T16:12:00.000Z,SELL,0.02,1,1,20.00,1,26180.00
2010-12-08T16:12:00.000Z,2010-12-08T16:21:00.000Z,SELL,0.02,1,1,20.00,1,26200.00
2010-12-08T16:21:00.000Z,2010-12-14T06:46:00.000Z,SELL,0.02,2,1,20.00,2,26220.00
2010-12-14T06:46:00.000Z,2010-12-15T07:09:00.000Z,SELL,0.02,1,1,20.00,1,26240.00
2010-12-15T07:09:00.000Z,2010-12-15T20:40:00.000Z,SELL,0.02,1,1,20.00,1,26260.00
2010-12-15T20:40:00.000Z,2010-12-16T15:05:00.000Z,SELL,0.02,1,1,20.00,1,26280.00
2010-12-16T15:05:00.000Z,2010-12-28T14:00:00.000Z,SELL,0.02,2,1,20.00,2,26300.00
2010-12-28T14:00:00.000Z,2010-12-29T16:00:00.000Z,BUY,0.02,1,1,20.00,1,26320.00
2010-12-29T16:00:00.000Z,2011-01-03T13:00:00.000Z,BUY,0.02,1,1,20.00,1,26340.00
2011-01-03T13:00:00.000Z,2011-01-04T15:00:00.000Z,BUY,0.02,2,1,20.00,2,26360.00
2011-01-04T15:00:00.000Z,2011-01-04T18:00:00.000Z,SELL,0.02,1,1,20.00,1,26380.00
2011-01-04T18:00:00.000Z,2011-01-05T15:00:00.000Z,SELL,0.02,1,1,20.00,1,26400.00
2011-01-05T15:00:00.000Z,2011-01-07T09:00:00.000Z,SELL,0.02,1,1,20.00,1,26420.00
2011-01-07T09:00:00.000Z,2011-01-13T14:00:00.000Z,SELL,0.02,2,1,20.00,2,26440.00
2011-01-13T14:00:00.000Z,2011-01-13T16:00:00.000Z,SELL,0.02,1,1,20.00,1,26460.00
2011-01-13T16:00:00.000Z,2011-01-13T21:00:00.000Z,SELL,0.02,1,1,20.00,1,26480.00
2011-01-13T21:00:00.000Z,2011-01-14T16:55:00.000Z,SELL,0.02,1,1,20.00,1,26500.00
2011-01-14T16:55:00.000Z,2011-01-20T14:39:00.000Z,SELL,0.02,1,1,20.00,1,26520.00
2011-01-20T14:39:00.000Z,2011-01-21T15:10:00.000Z,SELL,0.02,1,1,20.00,1,26540.00
2011-01-21T15:10:00.000Z,2011-01-25T08:46:00.000Z,SELL,0.02,1,1,20.00,1,26560.00
2011-01-25T08:46:00.000Z,2011-01-27T17:24:00.000Z,SELL,0.02,1,1,20.00,1,26580.00
2011-01-27T17:24:00.000Z,2011-01-28T02:39:00.000Z,SELL,0.02,1,1,20.00,1,26600.00
2011-01-28T02:39:00.000Z,2011-01-28T17:52:00.000Z,SELL,0.02,2,1,20.00,2,26620.00
2011-01-28T17:52:00.000Z,2011-01-31T11:54:00.000Z,SELL,0.02,1,1,20.00,1,26640.00
2011-01-31T11:54:00.000Z,2011-02-01T05:15:00.000Z,BUY,0.02,1,1,20.00,1,26660.00
2011-02-01T05:15:00.000Z,2011-02-03T18:01:00.000Z,BUY,0.02,1,1,20.00,1,26680.00
2011-02-03T18:01:00.000Z,2011-02-08T14:33:00.000Z,BUY,0.02,1,1,20.00,1,26700.00
2011-02-08T14:33:00.000Z,2011-02-15T10:33:00.000Z,BUY,0.02,1,1,20.00,1,26720.00
2011-02-15T10:33:00.000Z,2011-02-16T18:00:00.000Z,BUY,0.02,1,1,20.00,1,26740.00
2011-02-16T18:00:00.000Z,2011-02-18T17:36:00.000Z,BUY,0.02,1,1,20.00,1,26760.00
2011-02-18T17:36:00.000Z,2011-02-21T11:40:00.000Z,BUY,0.02,1,1,20.00,1,26780.00
2011-02-21T11:40:00.000Z,2011-02-22T01:46:00.000Z,BUY,0.02,1,1,20.00,1,26800.00
2011-02-22T01:46:00.000Z,2011-03-01T13:35:00.000Z,BUY,0.02,1,1,20.00,1,26820.00
2011-03-01T13:35:00.000Z,2011-03-01T20:37:00.000Z,BUY,0.02,1,1,20.00,1,26840.00
2011-03-01T20:37:00.000Z,2011-03-07T12:19:00.000Z,BUY,0.02,3,1,20.00,3,26860.00
2011-03-07T12:19:00.000Z,2011-03-10T15:42:00.000Z,BUY,0.02,2,1,20.00,2,26880.00
2011-03-10T15:42:00.000Z,2011-03-15T12:50:00.000Z,SELL,0.02,1,1,20.00,1,26900.00
2011-03-15T12:50:00.000Z,2011-03-15T13:23:00.000Z,SELL,0.02,1,1,20.00,1,26920.00
2011-03-15T13:23:00.000Z,2011-03-18T13:21:00.000Z,SELL,0.02,2,1,20.00,2,26940.00
2011-03-18T13:21:00.000Z,2011-03-21T12:23:00.000Z,BUY,0.02,1,1,20.00,1,26960.00
2011-03-21T12:23:00.000Z,2011-03-24T11:26:00.000Z,BUY,0.02,1,1,20.00,1,26980.00
2011-03-24T11:26:00.000Z,2011-03-28T14:10:00.000Z,BUY,0.02,2,1,20.00,2,27000.00
2011-03-28T14:10:00.000Z,2011-04-05T16:36:00.000Z,SELL,0.02,2,1,20.00,2,27020.00
2011-04-05T16:36:00.000Z,2011-04-08T12:45:00.000Z,SELL,0.02,2,1,20.00,2,27040.00
2011-04-08T12:45:00.000Z,2011-04-15T16:47:00.000Z,BUY,0.02,3,1,20.00,3,27060.00
2011-04-15T16:47:00.000Z,2011-04-18T15:07:00.000Z,BUY,0.02,1,1,20.00,1,27080.00
2011-04-18T15:07:00.000Z,2011-04-20T09:01:00.000Z,BUY,0.02,1,1,20.00,1,27100.00
2011-04-20T09:01:00.000Z,2011-04-25T08:02:00.000Z,BUY,0.02,1,1,20.00,1,27120.00
2011-04-25T08:02:00.000Z,2011-04-27T19:50:00.000Z,BUY,0.02,1,1,20.00,1,27140.00
2011-04-27T19:50:00.000Z,2011-04-28T06:40:00.000Z,BUY,0.02,1,1,20.00,1,27160.00
2011-04-28T06:40:00.000Z,2011-04-29T16:13:00.000Z,BUY,0.02,1,1,20.00,1,27180.00
2011-04-29T16:13:00.000Z,2011-04-29T19:16:00.000Z,BUY,0.02,1,1,20.00,1,27200.00
2011-04-29T19:16:00.000Z,2011-04-29T20:26:00.000Z,BUY,0.02,1,1,20.00,1,27220.00
2011-04-29T20:26:00.000Z,2011-05-02T17:15:00.000Z,BUY,0.02,3,1,20.00,3,27240.00
2011-05-02T17:15:00.000Z,2011-05-02T21:45:00.000Z,BUY,0.02,2,1,20.00,2,27260.00
2011-05-02T21:45:00.000Z,2011-05-04T18:13:00.000Z,BUY,0.02,2,1,20.00,2,27280.00
2011-05-04T18:13:00.000Z,2011-05-05T12:21:00.000Z,SELL,0.02,1,1,20.00,1,27300.00
2011-05-05T12:21:00.000Z,2011-05-05T17:08:00.000Z,SELL,0.02,1,1,20.00,1,27320.00
2011-05-05T17:08:00.000Z,2011-05-05T17:12:00.000Z,SELL,0.02,1,1,20.00,1,27340.00
2011-05-05T17:12:00.000Z,2011-05-05T20:48:00.000Z,SELL,0.02,1,1,20.00,1,27360.00
2011-05-05T20:48:00.000Z,2011-05-05T21:08:00.000Z,SELL,0.02,1,1,20.00,1,27380.00
2011-05-05T21:08:00.000Z,2011-05-06T15:12:00.000Z,SELL,0.02,2,1,20.00,2,27400.00
2011-05-06T15:12:00.000Z,2011-05-06T18:51:00.000Z,SELL,0.02,1,1,20.00,1,27420.00
2011-05-06T18:51:00.000Z,2011-05-09T22:18:00.000Z,SELL,0.02,2,1,20.00,2,27440.00
2011-05-09T22:18:00.000Z,2011-05-11T04:29:00.000Z,BUY,0.02,1,1,20.00,1,27460.00
2011-05-11T04:29:00.000Z,2011-05-12T09:43:00.000Z,BUY,0.02,2,1,20.00,2,27480.00
2011-05-12T09:43:00.000Z,2011-05-12T12:49:00.000Z,SELL,0.02,1,1,20.00,1,27500.00
2011-05-12T12:49:00.000Z,2011-05-13T10:18:00.000Z,SELL,0.02,2,1,20.00,2,27520.00
2011-05-13T10:18:00.000Z,2011-05-17T15:51:00.000Z,BUY,0.02,2,1,20.00,2,27540.00
2011-05-17T15:51:00.000Z,2011-05-18T06:09:00.000Z,BUY,0.02,1,1,20.00,1,27560.00
2011-05-18T06:09:00.000Z,2011-05-24T13:25:00.000Z,SELL,0.02,2,1,20.00,2,27580.00
2011-05-24T13:25:00.000Z,2011-05-27T17:27:00.000Z,BUY,0.02,1,1,20.00,1,27600.00
2011-05-27T17:27:00.000Z,2011-06-01T17:45:00.000Z,BUY,0.02,1,1,20.00,1,27620.00
2011-06-01T17:45:00.000Z,2011-06-02T18:07:00.000Z,SELL,0.02,1,1,20.00,1,27640.00
2011-06-02T18:07:00.000Z,2011-06-02T18:28:00.000Z,SELL,0.02,1,1,20.00,1,27660.00
2011-06-02T18:28:00.000Z,2011-06-06T17:02:00.000Z,SELL,0.02,2,1,20.00,2,27680.00
2011-06-06T17:02:00.000Z,2011-06-13T19:24:00.000Z,BUY,0.02,2,1,20.00,2,27700.00
2011-06-13T19:24:00.000Z,2011-06-13T20:12:00.000Z,SELL,0.02,1,1,20.00,1,27720.00
2011-06-13T20:12:00.000Z,2011-06-20T16:33:00.000Z,SELL,0.02,2,1,20.00,2,27740.00
2011-06-20T16:33:00.000Z,2011-06-22T16:39:00.000Z,BUY,0.02,1,1,20.00,1,27760.00
2011-06-22T16:39:00.000Z,2011-06-23T15:40:00.000Z,BUY,0.02,2,1,20.00,2,27780.00
2011-06-23T15:40:00.000Z,2011-06-24T17:11:00.000Z,SELL,0.02,1,1,20.00,1,27800.00
2011-06-24T17:11:00.000Z,2011-06-24T19:54:00.000Z,SELL,0.02,1,1,20.00,1,27820.00
2011-06-24T19:54:00.000Z,2011-06-27T09:57:00.000Z,SELL,0.02,1,1,20.00,1,27840.00
2011-06-27T09:57:00.000Z,2011-07-01T17:02:00.000Z,SELL,0.02,3,1,20.00,3,27860.00
2011-07-01T17:02:00.000Z,2011-07-05T17:11:00.000Z,SELL,0.02,2,1,20.00,2,27880.00
2011-07-05T17:11:00.000Z,2011-07-06T15:53:00.000Z,BUY,0.02,1,1,20.00,1,27900.00
2011-07-06T15:53:00.000Z,2011-07-06T18:29:00.000Z,BUY,0.02,1,1,20.00,1,27920.00
2011-07-06T18:29:00.000Z,2011-07-08T15:41:00.000Z,BUY,0.02,1,1,20.00,1,27940.00
2011-07-08T15:41:00.000Z,2011-07-12T21:17:00.000Z,SELL,0.02,2,1,20.00,2,27960.00
2011-07-12T21:17:00.000Z,2011-07-13T17:13:00.000Z,BUY,0.02,1,1,20.00,1,27980.00
2011-07-13T17:13:00.000Z,2011-07-14T12:15:00.000Z,BUY,0.02,1,1,20.00,1,28000.00
2011-07-14T12:15:00.000Z,2011-07-18T08:06:00.000Z,BUY,0.02,2,1,20.00,2,28020.00
2011-07-18T08:06:00.000Z,2011-07-18T08:06:00.000Z,BUY,0.02,2,1,20.00,2,28040.00
2011-07-18T08:06:00.000Z,2011-07-18T08:06:00.000Z,BUY,0.02,2,1,20.00,2,28060.00
2011-07-18T08:06:00.000Z,2011-07-18T08:06:00.000Z,BUY,0.02,1,1,20.00,1,28080.00
2011-07-18T08:06:00.000Z,2011-07-18T08:06:00.000Z,BUY,0.02,1,1,20.00,1,28100.00
2011-07-18T08:06:00.000Z,2011-07-18T08:06:00.000Z,BUY,0.02,1,1,20.00,1,28120.00
2011-07-18T08:06:00.000Z,2011-07-18T08:06:00.000Z,BUY,0.02,1,1,20.00,1,28140.00
2011-07-18T08:06:00.000Z,2011-07-18T08:06:00.000Z,BUY,0.02,1,1,20.00,1,28160.00
2011-07-18T08:06:00.000Z,2011-07-18T08:06:00.000Z,BUY,0.02,1,1,20.00,1,28180.00
2011-07-18T08:06:00.000Z,2011-07-18T08:06:00.000Z,BUY,0.02,1,1,20.00,1,28200.00
2011-07-18T08:06:00.000Z,2011-07-18T08:06:00.000Z,BUY,0.02,1,1,20.00,1,28220.00
2011-07-18T08:06:00.000Z,2011-07-18T08:06:00.000Z,BUY,0.02,1,1,20.00,1,28240.00
2011-07-18T08:06:00.000Z,2011-07-18T18:06:00.000Z,BUY,0.02,1,1,20.00,1,28260.00
2011-07-18T18:06:00.000Z,2011-07-25T01:18:00.000Z,BUY,0.02,3,1,20.00,3,28280.00
2011-07-25T01:18:00.000Z,2011-07-27T15:32:00.000Z,BUY,0.02,1,1,20.00,1,28300.00
2011-07-27T15:32:00.000Z,2011-08-02T15:20:00.000Z,BUY,0.02,3,1,20.00,3,28320.00
2011-08-02T15:20:00.000Z,2011-08-02T22:05:00.000Z,BUY,0.02,1,1,20.00,1,28340.00
2011-08-02T22:05:00.000Z,2011-08-02T22:51:00.000Z,BUY,0.02,1,1,20.00,1,28360.00
2011-08-02T22:51:00.000Z,2011-08-03T09:45:00.000Z,BUY,0.02,1,1,20.00,1,28380.00
2011-08-03T09:45:00.000Z,2011-08-04T15:44:00.000Z,BUY,0.02,1,1,20.00,1,28400.00
2011-08-04T15:44:00.000Z,2011-08-04T19:34:00.000Z,BUY,0.02,2,1,20.00,2,28420.00
2011-08-04T19:34:00.000Z,2011-08-04T19:58:00.000Z,BUY,0.02,1,1,20.00,1,28440.00
2011-08-04T19:58:00.000Z,2011-08-05T11:48:00.000Z,BUY,0.02,1,1,20.00,1,28460.00
2011-08-05T11:48:00.000Z,2011-08-05T15:23:00.000Z,SELL,0.02,1,1,20.00,1,28480.00
2011-08-05T15:23:00.000Z,2011-08-08T01:05:00.000Z,BUY,0.02,1,1,20.00,1,28500.00
2011-08-08T01:05:00.000Z,2011-08-08T01:05:00.000Z,BUY,0.02,1,1,20.00,1,28520.00
2011-08-08T01:05:00.000Z,2011-08-08T01:11:00.000Z,BUY,0.02,1,1,20.00,1,28540.00
2011-08-08T01:11:00.000Z,2011-08-08T06:33:00.000Z,BUY,0.02,1,1,20.00,1,28560.00
2011-08-08T06:33:00.000Z,2011-08-08T08:34:00.000Z,BUY,0.02,1,1,20.00,1,28580.00
2011-08-08T08:34:00.000Z,2011-08-08T19:51:00.000Z,BUY,0.02,1,1,20.00,1,28600.00
2011-08-08T19:51:00.000Z,2011-08-09T04:03:00.000Z,BUY,0.02,1,1,20.00,1,28620.00
2011-08-09T04:03:00.000Z,2011-08-09T04:40:00.000Z,BUY,0.02,1,1,20.00,1,28640.00
2011-08-09T04:40:00.000Z,2011-08-09T05:57:00.000Z,BUY,0.02,1,1,20.00,1,28660.00
2011-08-09T05:57:00.000Z,2011-08-09T06:53:00.000Z,BUY,0.02,1,1,20.00,1,28680.00
2011-08-09T06:53:00.000Z,2011-08-09T07:10:00.000Z,BUY,0.02,1,1,20.00,1,28700.00
2011-08-09T07:10:00.000Z,2011-08-09T10:12:00.000Z,BUY,0.02,2,1,20.00,2,28720.00
2011-08-09T10:12:00.000Z,2011-08-09T10:47:00.000Z,BUY,0.02,1,1,20.00,1,28740.00
2011-08-09T10:47:00.000Z,2011-08-09T12:09:00.000Z,BUY,0.02,1,1,20.00,1,28760.00
2011-08-09T12:09:00.000Z,2011-08-09T12:17:00.000Z,BUY,0.02,1,1,20.00,1,28780.00
2011-08-09T12:17:00.000Z,2011-08-09T16:28:00.000Z,BUY,0.02,2,1,20.00,2,28800.00
2011-08-09T16:28:00.000Z,2011-08-09T20:54:00.000Z,BUY,0.02,3,1,20.00,3,28820.00
2011-08-09T20:54:00.000Z,2011-08-09T21:20:00.000Z,BUY,0.02,1,1,20.00,1,28840.00
2011-08-09T21:20:00.000Z,2011-08-09T21:44:00.000Z,BUY,0.02,1,1,20.00,1,28860.00
2011-08-09T21:44:00.000Z,2011-08-09T22:46:00.000Z,BUY,0.02,2,1,20.00,2,28880.00
2011-08-09T22:46:00.000Z,2011-08-10T02:13:00.000Z,BUY,0.02,1,1,20.00,1,28900.00
2011-08-10T02:13:00.000Z,2011-08-10T02:33:00.000Z,BUY,0.02,1,1,20.00,1,28920.00
2011-08-10T02:33:00.000Z,2011-08-10T16:13:00.000Z,BUY,0.02,3,1,20.00,3,28940.00
2011-08-10T16:13:00.000Z,2011-08-10T18:38:00.000Z,BUY,0.02,1,1,20.00,1,28960.00
2011-08-10T18:38:00.000Z,2011-08-10T18:48:00.000Z,BUY,0.02,1,1,20.00,1,28980.00
2011-08-10T18:48:00.000Z,2011-08-11T01:15:00.000Z,BUY,0.02,3,1,20.00,3,29000.00
2011-08-11T01:15:00.000Z,2011-08-11T01:36:00.000Z,BUY,0.02,1,1,20.00,1,29020.00
2011-08-11T01:36:00.000Z,2011-08-11T05:26:00.000Z,BUY,0.02,2,1,20.00,2,29040.00
2011-08-11T05:26:00.000Z,2011-08-11T06:41:00.000Z,BUY,0.02,1,1,20.00,1,29060.00
2011-08-11T06:41:00.000Z,2011-08-11T16:15:00.000Z,BUY,0.02,2,1,20.00,2,29080.00
2011-08-11T16:15:00.000Z,2011-08-11T21:20:00.000Z,BUY,0.02,2,1,20.00,2,29100.00
2011-08-11T21:20:00.000Z,2011-08-11T23:41:00.000Z,SELL,0.02,2,1,20.00,2,29120.00
2011-08-11T23:41:00.000Z,2011-08-12T02:32:00.000Z,SELL,0.02,1,1,20.00,1,29140.00
2011-08-12T02:32:00.000Z,2011-08-12T16:21:00.000Z,SELL,0.02,1,1,20.00,1,29160.00
2011-08-12T16:21:00.000Z,2011-08-12T17:17:00.000Z,SELL,0.02,1,1,20.00,1,29180.00
2011-08-12T17:17:00.000Z,2011-08-15T21:03:00.000Z,SELL,0.02,2,1,20.00,2,29200.00
2011-08-15T21:03:00.000Z,2011-08-16T10:06:00.000Z,BUY,0.02,1,1,20.00,1,29220.00
2011-08-16T10:06:00.000Z,2011-08-16T17:14:00.000Z,BUY,0.02,1,1,20.00,1,29240.00
2011-08-16T17:14:00.000Z,2011-08-17T11:13:00.000Z,BUY,0.02,1,1,20.00,1,29260.00
2011-08-17T11:13:00.000Z,2011-08-18T13:31:00.000Z,BUY,0.02,1,1,20.00,1,29280.00
2011-08-18T13:31:00.000Z,2011-08-18T14:57:00.000Z,BUY,0.02,1,1,20.00,1,29300.00
2011-08-18T14:57:00.000Z,2011-08-18T17:03:00.000Z,BUY,0.02,1,1,20.00,1,29320.00
2011-08-18T17:03:00.000Z,2011-08-19T03:40:00.000Z,BUY,0.02,1,1,20.00,1,29340.00
2011-08-19T03:40:00.000Z,2011-08-19T06:14:00.000Z,BUY,0.02,1,1,20.00,1,29360.00
2011-08-19T06:14:00.000Z,2011-08-19T10:29:00.000Z,BUY,0.02,1,1,20.00,1,29380.00
2011-08-19T10:29:00.000Z,2011-08-19T10:45:00.000Z,BUY,0.02,1,1,20.00,1,29400.00
2011-08-19T10:45:00.000Z,2011-08-19T13:44:00.000Z,BUY,0.02,1,1,20.00,1,29420.00
2011-08-19T13:44:00.000Z,2011-08-19T15:27:00.000Z,BUY,0.02,2,1,20.00,2,29440.00
2011-08-19T15:27:00.000Z,2011-08-19T15:44:00.000Z,BUY,0.02,1,1,20.00,1,29460.00
2011-08-19T15:44:00.000Z,2011-08-22T01:05:00.000Z,BUY,0.02,1,1,20.00,1,29480.00
2011-08-22T01:05:00.000Z,2011-08-22T03:16:00.000Z,BUY,0.02,1,1,20.00,1,29500.00
2011-08-22T03:16:00.000Z,2011-08-22T09:30:00.000Z,BUY,0.02,1,1,20.00,1,29520.00
2011-08-22T09:30:00.000Z,2011-08-22T22:52:00.000Z,BUY,0.02,3,1,20.00,3,29540.00
2011-08-22T22:52:00.000Z,2011-08-23T01:05:00.000Z,BUY,0.02,1,1,20.00,1,29560.00
2011-08-23T01:05:00.000Z,2011-08-23T10:18:00.000Z,BUY,0.02,2,1,20.00,2,29580.00
2011-08-23T10:18:00.000Z,2011-08-23T12:20:00.000Z,BUY,0.02,1,1,20.00,1,29600.00
2011-08-23T12:20:00.000Z,2011-08-23T19:22:00.000Z,BUY,0.02,4,1,20.00,4,29620.00
2011-08-23T19:22:00.000Z,2011-08-23T21:29:00.000Z,SELL,0.02,1,1,20.00,1,29640.00
2011-08-23T21:29:00.000Z,2011-08-23T21:35:00.000Z,SELL,0.02,1,1,20.00,1,29660.00
2011-08-23T21:35:00.000Z,2011-08-23T22:45:00.000Z,SELL,0.02,1,1,20.00,1,29680.00
2011-08-23T22:45:00.000Z,2011-08-24T16:49:00.000Z,SELL,0.02,3,1,20.00,3,29700.00
2011-08-24T16:49:00.000Z,2011-08-24T16:56:00.000Z,SELL,0.02,1,1,20.00,1,29720.00
2011-08-24T16:56:00.000Z,2011-08-24T17:08:00.000Z,SELL,0.02,1,1,20.00,1,29740.00
2011-08-24T17:08:00.000Z,2011-08-24T17:14:00.000Z,SELL,0.02,1,1,20.00,1,29760.00
2011-08-24T17:14:00.000Z,2011-08-24T17:16:00.000Z,SELL,0.02,1,1,20.00,1,29780.00
2011-08-24T17:16:00.000Z,2011-08-24T20:07:00.000Z,SELL,0.02,1,1,20.00,1,29800.00
2011-08-24T20:07:00.000Z,2011-08-24T20:22:00.000Z,SELL,0.02,1,1,20.00,1,29820.00
2011-08-24T20:22:00.000Z,2011-08-25T01:07:00.000Z,SELL,0.02,1,1,20.00,1,29840.00
2011-08-25T01:07:00.000Z,2011-08-25T07:57:00.000Z,SELL,0.02,3,1,20.00,3,29860.00
2011-08-25T07:57:00.000Z,2011-08-25T12:00:00.000Z,SELL,0.02,1,1,20.00,1,29880.00
2011-08-25T12:00:00.000Z,2011-08-25T12:03:00.000Z,SELL,0.02,1,1,20.00,1,29900.00
2011-08-25T12:03:00.000Z,2011-08-25T12:09:00.000Z,SELL,0.02,1,1,20.00,1,29920.00
2011-08-25T12:09:00.000Z,2011-08-25T15:03:00.000Z,SELL,0.02,2,1,20.00,2,29940.00
2011-08-25T15:03:00.000Z,2011-08-25T15:16:00.000Z,SELL,0.02,1,1,20.00,1,29960.00
2011-08-25T15:16:00.000Z,2011-08-25T16:30:00.000Z,SELL,0.02,1,1,20.00,1,29980.00
2011-08-25T16:30:00.000Z,2011-08-25T18:11:00.000Z,SELL,0.02,2,1,20.00,2,30000.00
2011-08-25T18:11:00.000Z,2011-08-25T18:30:00.000Z,SELL,0.03,1,1,30.00,1,30030.00
2011-08-25T18:30:00.000Z,2011-08-25T19:46:00.000Z,SELL,0.03,2,1,30.00,2,30060.00
2011-08-25T19:46:00.000Z,2011-08-26T14:37:00.000Z,SELL,0.03,2,1,30.00,2,30090.00
2011-08-26T14:37:00.000Z,2011-08-26T21:00:00.000Z,BUY,0.03,5,1,30.00,5,30120.00
2011-08-26T21:00:00.000Z,2011-08-26T22:26:00.000Z,BUY,0.03,1,1,30.00,1,30150.00
2011-08-26T22:26:00.000Z,2011-08-26T23:09:00.000Z,BUY,0.03,1,1,30.00,1,30180.00
2011-08-26T23:09:00.000Z,2011-08-29T01:06:00.000Z,BUY,0.03,1,1,30.00,1,30210.00
2011-08-29T01:06:00.000Z,2011-08-29T16:31:00.000Z,BUY,0.03,2,1,30.00,2,30240.00
2011-08-29T16:31:00.000Z,2011-08-30T14:54:00.000Z,BUY,0.03,5,1,30.00,5,30270.00
2011-08-30T14:54:00.000Z,2011-09-02T09:47:00.000Z,SELL,0.03,5,0,-7260.00,5,23010.00
2011-09-02T09:47:00.000Z,2011-09-02T10:25:00.000Z,BUY,0.02,1,1,20.00,1,23030.00
2011-09-02T10:25:00.000Z,2011-09-02T10:45:00.000Z,BUY,0.02,1,1,20.00,1,23050.00
2011-09-02T10:45:00.000Z,2011-09-02T15:22:00.000Z,BUY,0.02,1,1,20.00,1,23070.00
2011-09-02T15:22:00.000Z,2011-09-02T15:53:00.000Z,BUY,0.02,1,1,20.00,1,23090.00
2011-09-02T15:53:00.000Z,2011-09-05T01:13:00.000Z,BUY,0.02,1,1,20.00,1,23110.00
2011-09-05T01:13:00.000Z,2011-09-05T10:49:00.000Z,BUY,0.02,1,1,20.00,1,23130.00
2011-09-05T10:49:00.000Z,2011-09-06T06:50:00.000Z,BUY,0.02,1,1,20.00,1,23150.00
2011-09-06T06:50:00.000Z,2011-09-06T08:44:00.000Z,BUY,0.02,1,1,20.00,1,23170.00
2011-09-06T08:44:00.000Z,2011-09-06T10:59:00.000Z,BUY,0.02,2,1,20.00,2,23190.00
2011-09-06T10:59:00.000Z,2011-09-06T11:24:00.000Z,BUY,0.02,3,1,20.00,3,23210.00
2011-09-06T11:24:00.000Z,2011-09-06T11:34:00.000Z,BUY,0.02,1,1,20.00,1,23230.00
2011-09-06T11:34:00.000Z,2011-09-06T18:19:00.000Z,BUY,0.02,4,1,20.00,4,23250.00
2011-09-06T18:19:00.000Z,2011-09-06T18:21:00.000Z,SELL,0.02,1,1,20.00,1,23270.00
2011-09-06T18:21:00.000Z,2011-09-07T07:21:00.000Z,SELL,0.02,1,1,20.00,1,23290.00
2011-09-07T07:21:00.000Z,2011-09-07T07:21:00.000Z,SELL,0.02,1,1,20.00,1,23310.00
2011-09-07T07:21:00.000Z,2011-09-07T07:21:00.000Z,SELL,0.02,1,1,20.00,1,23330.00
2011-09-07T07:21:00.000Z,2011-09-07T07:21:00.000Z,SELL,0.02,2,1,20.00,2,23350.00
2011-09-07T07:21:00.000Z,2011-09-07T07:21:00.000Z,SELL,0.02,1,1,20.00,1,23370.00
2011-09-07T07:21:00.000Z,2011-09-07T07:21:00.000Z,SELL,0.02,1,1,20.00,1,23390.00
2011-09-07T07:21:00.000Z,2011-09-07T07:21:00.000Z,SELL,0.02,1,1,20.00,1,23410.00
2011-09-07T07:21:00.000Z,2011-09-07T07:22:00.000Z,SELL,0.02,1,1,20.00,1,23430.00
2011-09-07T07:22:00.000Z,2011-09-07T08:12:00.000Z,SELL,0.02,2,1,20.00,2,23450.00
2011-09-07T08:12:00.000Z,2011-09-07T08:35:00.000Z,SELL,0.02,1,1,20.00,1,23470.00
2011-09-07T08:35:00.000Z,2011-09-07T09:00:00.000Z,SELL,0.02,1,1,20.00,1,23490.00
2011-09-07T09:00:00.000Z,2011-09-07T15:36:00.000Z,SELL,0.02,1,1,20.00,1,23510.00
2011-09-07T15:36:00.000Z,2011-09-07T16:27:00.000Z,SELL,0.02,1,1,20.00,1,23530.00
2011-09-07T16:27:00.000Z,2011-09-07T16:30:00.000Z,SELL,0.02,1,1,20.00,1,23550.00
2011-09-07T16:30:00.000Z,2011-09-08T04:00:00.000Z,SELL,0.02,2,1,20.00,2,23570.00
2011-09-08T04:00:00.000Z,2011-09-08T16:03:00.000Z,SELL,0.02,2,1,20.00,2,23590.00
2011-09-08T16:03:00.000Z,2011-09-09T09:03:00.000Z,BUY,0.02,1,1,20.00,1,23610.00
2011-09-09T09:03:00.000Z,2011-09-09T11:26:00.000Z,BUY,0.02,1,1,20.00,1,23630.00
2011-09-09T11:26:00.000Z,2011-09-09T13:07:00.000Z,BUY,0.02,2,1,20.00,2,23650.00
2011-09-09T13:07:00.000Z,2011-09-09T13:07:00.000Z,BUY,0.02,1,1,20.00,1,23670.00
2011-09-09T13:07:00.000Z,2011-09-09T13:26:00.000Z,BUY,0.02,2,1,20.00,2,23690.00
2011-09-09T13:26:00.000Z,2011-09-09T15:32:00.000Z,BUY,0.02,1,1,20.00,1,23710.00
2011-09-09T15:32:00.000Z,2011-09-12T09:45:00.000Z,SELL,0.02,3,1,20.00,3,23730.00
2011-09-12T09:45:00.000Z,2011-09-12T18:48:00.000Z,SELL,0.02,3,1,20.00,3,23750.00
2011-09-12T18:48:00.000Z,2011-09-12T19:28:00.000Z,SELL,0.02,1,1,20.00,1,23770.00
2011-09-12T19:28:00.000Z,2011-09-12T21:09:00.000Z,SELL,0.02,1,1,20.00,1,23790.00
2011-09-12T21:09:00.000Z,2011-09-13T06:10:00.000Z,SELL,0.02,2,1,20.00,2,23810.00
2011-09-13T06:10:00.000Z,2011-09-13T10:18:00.000Z,SELL,0.02,1,1,20.00,1,23830.00
2011-09-13T10:18:00.000Z,2011-09-13T11:08:00.000Z,SELL,0.02,1,1,20.00,1,23850.00
2011-09-13T11:08:00.000Z,2011-09-13T11:09:00.000Z,SELL,0.02,1,1,20.00,1,23870.00
2011-09-13T11:09:00.000Z,2011-09-13T15:25:00.000Z,SELL,0.02,2,1,20.00,2,23890.00
2011-09-13T15:25:00.000Z,2011-09-13T16:19:00.000Z,SELL,0.02,1,1,20.00,1,23910.00
2011-09-13T16:19:00.000Z,2011-09-13T17:11:00.000Z,SELL,0.02,1,1,20.00,1,23930.00
2011-09-13T17:11:00.000Z,2011-09-13T20:55:00.000Z,SELL,0.02,2,1,20.00,2,23950.00
2011-09-13T20:55:00.000Z,2011-09-14T07:31:00.000Z,SELL,0.02,1,1,20.00,1,23970.00
2011-09-14T07:31:00.000Z,2011-09-15T13:51:00.000Z,BUY,0.02,2,1,20.00,2,23990.00
2011-09-15T13:51:00.000Z,2011-09-15T15:38:00.000Z,SELL,0.02,1,1,20.00,1,24010.00
2011-09-15T15:38:00.000Z,2011-09-15T15:39:00.000Z,SELL,0.02,1,1,20.00,1,24030.00
2011-09-15T15:39:00.000Z,2011-09-16T05:35:00.000Z,SELL,0.02,3,1,20.00,3,24050.00
2011-09-16T05:35:00.000Z,2011-09-16T18:21:00.000Z,SELL,0.02,2,1,20.00,2,24070.00
2011-09-16T18:21:00.000Z,2011-09-16T19:04:00.000Z,BUY,0.02,1,1,20.00,1,24090.00
2011-09-16T19:04:00.000Z,2011-09-16T19:35:00.000Z,BUY,0.02,1,1,20.00,1,24110.00
2011-09-16T19:35:00.000Z,2011-09-19T16:56:00.000Z,BUY,0.02,2,1,20.00,2,24130.00
2011-09-19T16:56:00.000Z,2011-09-20T17:04:00.000Z,BUY,0.02,3,1,20.00,3,24150.00
2011-09-20T17:04:00.000Z,2011-09-21T15:17:00.000Z,SELL,0.02,1,1,20.00,1,24170.00
2011-09-21T15:17:00.000Z,2011-09-21T16:02:00.000Z,BUY,0.02,1,1,20.00,1,24190.00
2011-09-21T16:02:00.000Z,2011-09-21T21:24:00.000Z,BUY,0.02,1,1,20.00,1,24210.00
2011-09-21T21:24:00.000Z,2011-09-21T21:25:00.000Z,SELL,0.02,1,1,20.00,1,24230.00
2011-09-21T21:25:00.000Z,2011-09-21T21:32:00.000Z,SELL,0.02,1,1,20.00,1,24250.00
2011-09-21T21:32:00.000Z,2011-09-21T21:41:00.000Z,SELL,0.02,1,1,20.00,1,24270.00
2011-09-21T21:41:00.000Z,2011-09-22T09:33:00.000Z,SELL,0.02,1,1,20.00,1,24290.00
2011-09-22T09:33:00.000Z,2011-09-22T11:30:00.000Z,SELL,0.02,1,1,20.00,1,24310.00
2011-09-22T11:30:00.000Z,2011-09-22T13:51:00.000Z,SELL,0.02,1,1,20.00,1,24330.00
2011-09-22T13:51:00.000Z,2011-09-22T15:20:00.000Z,SELL,0.02,1,1,20.00,1,24350.00
2011-09-22T15:20:00.000Z,2011-09-22T16:49:00.000Z,SELL,0.02,1,1,20.00,1,24370.00
2011-09-22T16:49:00.000Z,2011-09-23T13:15:00.000Z,SELL,0.02,5,1,20.00,5,24390.00
2011-09-23T13:15:00.000Z,2011-09-23T13:41:00.000Z,SELL,0.02,1,1,20.00,1,24410.00
2011-09-23T13:41:00.000Z,2011-09-23T14:37:00.000Z,SELL,0.02,1,1,20.00,1,24430.00
2011-09-23T14:37:00.000Z,2011-09-23T15:06:00.000Z,SELL,0.02,1,1,20.00,1,24450.00
2011-09-23T15:06:00.000Z,2011-09-23T17:34:00.000Z,SELL,0.02,1,1,20.00,1,24470.00
2011-09-23T17:34:00.000Z,2011-09-23T17:41:00.000Z,SELL,0.02,1,1,20.00,1,24490.00
2011-09-23T17:41:00.000Z,2011-09-23T18:56:00.000Z,SELL,0.02,1,1,20.00,1,24510.00
2011-09-23T18:56:00.000Z,2011-09-23T20:03:00.000Z,SELL,0.02,1,1,20.00,1,24530.00
2011-09-23T20:03:00.000Z,2011-09-23T20:06:00.000Z,SELL,0.02,1,1,20.00,1,24550.00
2011-09-23T20:06:00.000Z,2011-09-26T07:13:00.000Z,SELL,0.02,5,1,20.00,5,24570.00
2011-09-26T07:13:00.000Z,2011-09-26T07:24:00.000Z,SELL,0.02,1,1,20.00,1,24590.00
2011-09-26T07:24:00.000Z,2011-09-26T07:29:00.000Z,SELL,0.02,1,1,20.00,1,24610.00
2011-09-26T07:29:00.000Z,2011-09-26T08:33:00.000Z,SELL,0.02,1,1,20.00,1,24630.00
2011-09-26T08:33:00.000Z,2011-09-26T08:49:00.000Z,SELL,0.02,1,1,20.00,1,24650.00
2011-09-26T08:49:00.000Z,2011-09-26T09:00:00.000Z,SELL,0.02,1,1,20.00,1,24670.00
2011-09-26T09:00:00.000Z,2011-09-26T09:35:00.000Z,SELL,0.02,1,1,20.00,1,24690.00
2011-09-26T09:35:00.000Z,2011-09-26T09:37:00.000Z,SELL,0.02,1,1,20.00,1,24710.00
2011-09-26T09:37:00.000Z,2011-09-26T09:41:00.000Z,SELL,0.02,1,1,20.00,1,24730.00
2011-09-26T09:41:00.000Z,2011-09-26T09:51:00.000Z,SELL,0.02,1,1,20.00,1,24750.00
2011-09-26T09:51:00.000Z,2011-09-26T10:04:00.000Z,SELL,0.02,2,1,20.00,2,24770.00
2011-09-26T10:04:00.000Z,2011-09-26T10:09:00.000Z,SELL,0.02,1,1,20.00,1,24790.00
2011-09-26T10:09:00.000Z,2011-09-26T10:34:00.000Z,SELL,0.02,2,1,20.00,2,24810.00
2011-09-26T10:34:00.000Z,2011-09-26T11:15:00.000Z,SELL,0.02,2,1,20.00,2,24830.00
2011-09-26T11:15:00.000Z,2011-09-26T11:31:00.000Z,SELL,0.02,1,1,20.00,1,24850.00
2011-09-26T11:31:00.000Z,2011-09-26T14:25:00.000Z,SELL,0.02,4,1,20.00,4,24870.00
2011-09-26T14:25:00.000Z,2011-09-26T14:59:00.000Z,SELL,0.02,1,1,20.00,1,24890.00
2011-09-26T14:59:00.000Z,2011-09-26T15:19:00.000Z,SELL,0.02,1,1,20.00,1,24910.00
2011-09-26T15:19:00.000Z,2011-09-26T17:03:00.000Z,SELL,0.02,1,1,20.00,1,24930.00
2011-09-26T17:03:00.000Z,2011-09-26T17:11:00.000Z,SELL,0.02,1,1,20.00,1,24950.00
2011-09-26T17:11:00.000Z,2011-09-26T22:42:00.000Z,SELL,0.02,4,1,20.00,4,24970.00
2011-09-26T22:42:00.000Z,2011-09-27T09:00:00.000Z,SELL,0.02,2,1,20.00,2,24990.00
2011-09-27T09:00:00.000Z,2011-09-27T11:59:00.000Z,BUY,0.02,1,1,20.00,1,25010.00
2011-09-27T11:59:00.000Z,2011-09-27T12:37:00.000Z,BUY,0.02,1,1,20.00,1,25030.00
2011-09-27T12:37:00.000Z,2011-09-27T20:54:00.000Z,BUY,0.02,2,1,20.00,2,25050.00
2011-09-27T20:54:00.000Z,2011-09-28T09:53:00.000Z,BUY,0.02,1,1,20.00,1,25070.00
2011-09-28T09:53:00.000Z,2011-09-28T14:58:00.000Z,SELL,0.02,1,1,20.00,1,25090.00
2011-09-28T14:58:00.000Z,2011-09-28T16:07:00.000Z,BUY,0.02,1,1,20.00,1,25110.00
2011-09-28T16:07:00.000Z,2011-09-28T20:00:00.000Z,BUY,0.02,2,1,20.00,2,25130.00
2011-09-28T20:00:00.000Z,2011-09-28T20:19:00.000Z,SELL,0.02,1,1,20.00,1,25150.00
2011-09-28T20:19:00.000Z,2011-09-28T21:04:00.000Z,SELL,0.02,1,1,20.00,1,25170.00
2011-09-28T21:04:00.000Z,2011-09-29T02:09:00.000Z,SELL,0.02,1,1,20.00,1,25190.00
2011-09-29T02:09:00.000Z,2011-09-29T03:44:00.000Z,SELL,0.02,1,1,20.00,1,25210.00
2011-09-29T03:44:00.000Z,2011-09-29T06:36:00.000Z,SELL,0.02,2,1,20.00,2,25230.00
2011-09-29T06:36:00.000Z,2011-09-29T14:28:00.000Z,SELL,0.02,3,1,20.00,3,25250.00
2011-09-29T14:28:00.000Z,2011-09-30T04:29:00.000Z,SELL,0.02,2,1,20.00,2,25270.00
2011-09-30T04:29:00.000Z,2011-09-30T07:16:00.000Z,SELL,0.02,1,1,20.00,1,25290.00
2011-09-30T07:16:00.000Z,2011-09-30T10:39:00.000Z,BUY,0.02,1,1,20.00,1,25310.00
2011-09-30T10:39:00.000Z,2011-10-03T09:39:00.000Z,BUY,0.02,3,1,20.00,3,25330.00
2011-10-03T09:39:00.000Z,2011-10-03T11:00:00.000Z,BUY,0.02,1,1,20.00,1,25350.00
2011-10-03T11:00:00.000Z,2011-10-03T12:25:00.000Z,BUY,0.02,1,1,20.00,1,25370.00
2011-10-03T12:25:00.000Z,2011-10-04T09:14:00.000Z,BUY,0.02,3,1,20.00,3,25390.00
2011-10-04T09:14:00.000Z,2011-10-04T14:49:00.000Z,BUY,0.02,2,1,20.00,2,25410.00
2011-10-04T14:49:00.000Z,2011-10-04T15:38:00.000Z,BUY,0.02,1,1,20.00,1,25430.00
2011-10-04T15:38:00.000Z,2011-10-04T18:13:00.000Z,BUY,0.02,2,1,20.00,2,25450.00
2011-10-04T18:13:00.000Z,2011-10-04T18:28:00.000Z,SELL,0.02,1,1,20.00,1,25470.00
2011-10-04T18:28:00.000Z,2011-10-04T20:52:00.000Z,SELL,0.02,1,1,20.00,1,25490.00
2011-10-04T20:52:00.000Z,2011-10-05T03:17:00.000Z,SELL,0.02,2,1,20.00,2,25510.00
2011-10-05T03:17:00.000Z,2011-10-05T04:04:00.000Z,SELL,0.02,1,1,20.00,1,25530.00
2011-10-05T04:04:00.000Z,2011-10-05T11:31:00.000Z,SELL,0.02,1,1,20.00,1,25550.00
2011-10-05T11:31:00.000Z,2011-10-05T11:55:00.000Z,SELL,0.02,1,1,20.00,1,25570.00
2011-10-05T11:55:00.000Z,2011-10-05T19:42:00.000Z,SELL,0.02,2,1,20.00,2,25590.00
2011-10-05T19:42:00.000Z,2011-10-07T06:23:00.000Z,SELL,0.02,4,1,20.00,4,25610.00
2011-10-07T06:23:00.000Z,2011-10-07T19:56:00.000Z,BUY,0.02,2,1,20.00,2,25630.00
2011-10-07T19:56:00.000Z,2011-10-10T01:28:00.000Z,BUY,0.02,1,1,20.00,1,25650.00
2011-10-10T01:28:00.000Z,2011-10-10T18:57:00.000Z,SELL,0.02,2,1,20.00,2,25670.00
2011-10-10T18:57:00.000Z,2011-10-11T05:07:00.000Z,BUY,0.02,1,1,20.00,1,25690.00
2011-10-11T05:07:00.000Z,2011-10-13T16:55:00.000Z,BUY,0.02,4,1,20.00,4,25710.00
2011-10-13T16:55:00.000Z,2011-10-17T01:09:00.000Z,SELL,0.02,2,1,20.00,2,25730.00
2011-10-17T01:09:00.000Z,2011-10-17T11:12:00.000Z,BUY,0.02,1,1,20.00,1,25750.00
2011-10-17T11:12:00.000Z,2011-10-18T09:58:00.000Z,BUY,0.02,2,1,20.00,2,25770.00
2011-10-18T09:58:00.000Z,2011-10-18T14:45:00.000Z,SELL,0.02,1,1,20.00,1,25790.00
2011-10-18T14:45:00.000Z,2011-10-18T14:47:00.000Z,SELL,0.02,1,1,20.00,1,25810.00
2011-10-18T14:47:00.000Z,2011-10-18T16:50:00.000Z,SELL,0.02,1,1,20.00,1,25830.00
2011-10-18T16:50:00.000Z,2011-10-18T22:13:00.000Z,SELL,0.02,2,1,20.00,2,25850.00
2011-10-18T22:13:00.000Z,2011-10-19T01:54:00.000Z,SELL,0.02,1,1,20.00,1,25870.00
2011-10-19T01:54:00.000Z,2011-10-19T18:59:00.000Z,SELL,0.02,1,1,20.00,1,25890.00
2011-10-19T18:59:00.000Z,2011-10-20T03:42:00.000Z,SELL,0.02,1,1,20.00,1,25910.00
2011-10-20T03:42:00.000Z,2011-10-20T06:11:00.000Z,SELL,0.02,1,1,20.00,1,25930.00
2011-10-20T06:11:00.000Z,2011-10-20T08:24:00.000Z,SELL,0.02,1,1,20.00,1,25950.00
2011-10-20T08:24:00.000Z,2011-10-21T15:36:00.000Z,SELL,0.02,2,1,20.00,2,25970.00
2011-10-21T15:36:00.000Z,2011-10-24T08:59:00.000Z,BUY,0.02,1,1,20.00,1,25990.00
2011-10-24T08:59:00.000Z,2011-10-25T10:49:00.000Z,BUY,0.02,1,1,20.00,1,26010.00
2011-10-25T10:49:00.000Z,2011-10-25T17:16:00.000Z,BUY,0.02,1,1,20.00,1,26030.00
2011-10-25T17:16:00.000Z,2011-10-25T17:27:00.000Z,BUY,0.02,1,1,20.00,1,26050.00
2011-10-25T17:27:00.000Z,2011-10-25T18:44:00.000Z,BUY,0.02,1,1,20.00,1,26070.00
2011-10-25T18:44:00.000Z,2011-10-25T21:23:00.000Z,BUY,0.02,1,1,20.00,1,26090.00
2011-10-25T21:23:00.000Z,2011-10-26T05:36:00.000Z,BUY,0.02,1,1,20.00,1,26110.00
2011-10-26T05:36:00.000Z,2011-10-26T18:43:00.000Z,BUY,0.02,1,1,20.00,1,26130.00
2011-10-26T18:43:00.000Z,2011-10-27T18:33:00.000Z,BUY,0.02,1,1,20.00,1,26150.00
2011-10-27T18:33:00.000Z,2011-10-27T19:18:00.000Z,BUY,0.02,1,1,20.00,1,26170.00
2011-10-27T19:18:00.000Z,2011-10-31T04:32:00.000Z,BUY,0.02,2,1,20.00,2,26190.00
2011-10-31T04:32:00.000Z,2011-11-01T12:07:00.000Z,SELL,0.02,1,1,20.00,1,26210.00
2011-11-01T12:07:00.000Z,2011-11-01T14:00:00.000Z,SELL,0.02,1,1,20.00,1,26230.00
2011-11-01T14:00:00.000Z,2011-11-01T15:06:00.000Z,SELL,0.02,1,1,20.00,1,26250.00
2011-11-01T15:06:00.000Z,2011-11-01T19:35:00.000Z,SELL,0.02,2,1,20.00,2,26270.00
2011-11-01T19:35:00.000Z,2011-11-02T16:55:00.000Z,SELL,0.02,2,1,20.00,2,26290.00
2011-11-02T16:55:00.000Z,2011-11-03T13:54:00.000Z,BUY,0.02,3,1,20.00,3,26310.00
2011-11-03T13:54:00.000Z,2011-11-03T15:01:00.000Z,BUY,0.02,1,1,20.00,1,26330.00
2011-11-03T15:01:00.000Z,2011-11-07T13:50:00.000Z,BUY,0.02,1,1,20.00,1,26350.00
2011-11-07T13:50:00.000Z,2011-11-07T19:39:00.000Z,BUY,0.02,1,1,20.00,1,26370.00
2011-11-07T19:39:00.000Z,2011-11-07T22:07:00.000Z,BUY,0.02,1,1,20.00,1,26390.00
2011-11-07T22:07:00.000Z,2011-11-09T22:19:00.000Z,BUY,0.02,2,1,20.00,2,26410.00
2011-11-09T22:19:00.000Z,2011-11-10T04:36:00.000Z,SELL,0.02,1,1,20.00,1,26430.00
2011-11-10T04:36:00.000Z,2011-11-10T17:22:00.000Z,SELL,0.02,3,1,20.00,3,26450.00
2011-11-10T17:22:00.000Z,2011-11-11T16:42:00.000Z,SELL,0.02,2,1,20.00,2,26470.00
2011-11-11T16:42:00.000Z,2011-11-11T19:12:00.000Z,BUY,0.02,1,1,20.00,1,26490.00
2011-11-11T19:12:00.000Z,2011-11-14T01:13:00.000Z,BUY,0.02,1,1,20.00,1,26510.00
2011-11-14T01:13:00.000Z,2011-11-15T10:54:00.000Z,BUY,0.02,2,1,20.00,2,26530.00
2011-11-15T10:54:00.000Z,2011-11-16T17:02:00.000Z,SELL,0.02,3,1,20.00,3,26550.00
2011-11-16T17:02:00.000Z,2011-11-17T14:01:00.000Z,SELL,0.02,3,1,20.00,3,26570.00
2011-11-17T14:01:00.000Z,2011-11-17T16:48:00.000Z,SELL,0.02,1,1,20.00,1,26590.00
2011-11-17T16:48:00.000Z,2011-11-17T19:24:00.000Z,SELL,0.02,1,1,20.00,1,26610.00
2011-11-17T19:24:00.000Z,2011-11-17T19:39:00.000Z,SELL,0.02,1,1,20.00,1,26630.00
2011-11-17T19:39:00.000Z,2011-11-21T12:33:00.000Z,SELL,0.02,3,1,20.00,3,26650.00
2011-11-21T12:33:00.000Z,2011-11-21T17:53:00.000Z,SELL,0.02,1,1,20.00,1,26670.00
2011-11-21T17:53:00.000Z,2011-11-21T19:08:00.000Z,SELL,0.02,1,1,20.00,1,26690.00
2011-11-21T19:08:00.000Z,2011-11-21T19:30:00.000Z,SELL,0.02,1,1,20.00,1,26710.00
2011-11-21T19:30:00.000Z,2011-11-22T17:27:00.000Z,SELL,0.02,2,1,20.00,2,26730.00
2011-11-22T17:27:00.000Z,2011-11-25T10:58:00.000Z,BUY,0.02,2,1,20.00,2,26750.00
2011-11-25T10:58:00.000Z,2011-11-28T03:01:00.000Z,SELL,0.02,2,1,20.00,2,26770.00
2011-11-28T03:01:00.000Z,2011-11-28T10:19:00.000Z,BUY,0.02,1,1,20.00,1,26790.00
2011-11-28T10:19:00.000Z,2011-11-30T02:17:00.000Z,BUY,0.02,1,1,20.00,1,26810.00
2011-11-30T02:17:00.000Z,2011-11-30T15:04:00.000Z,BUY,0.02,3,1,20.00,3,26830.00
2011-11-30T15:04:00.000Z,2011-12-05T20:45:00.000Z,SELL,0.02,3,1,20.00,3,26850.00
2011-12-05T20:45:00.000Z,2011-12-06T06:12:00.000Z,SELL,0.02,1,1,20.00,1,26870.00
2011-12-06T06:12:00.000Z,2011-12-06T17:11:00.000Z,SELL,0.02,1,1,20.00,1,26890.00
2011-12-06T17:11:00.000Z,2011-12-06T22:25:00.000Z,SELL,0.02,2,1,20.00,2,26910.00
2011-12-06T22:25:00.000Z,2011-12-07T14:12:00.000Z,SELL,0.02,1,1,20.00,1,26930.00
2011-12-07T14:12:00.000Z,2011-12-07T15:38:00.000Z,BUY,0.02,1,1,20.00,1,26950.00
2011-12-07T15:38:00.000Z,2011-12-08T14:46:00.000Z,BUY,0.02,1,1,20.00,1,26970.00
2011-12-08T14:46:00.000Z,2011-12-08T15:36:00.000Z,BUY,0.02,1,1,20.00,1,26990.00
2011-12-08T15:36:00.000Z,2011-12-08T16:09:00.000Z,BUY,0.02,2,1,20.00,2,27010.00
2011-12-08T16:09:00.000Z,2011-12-12T05:28:00.000Z,BUY,0.02,4,1,20.00,4,27030.00
2011-12-12T05:28:00.000Z,2011-12-12T09:50:00.000Z,SELL,0.02,1,1,20.00,1,27050.00
2011-12-12T09:50:00.000Z,2011-12-12T15:41:00.000Z,SELL,0.02,1,1,20.00,1,27070.00
2011-12-12T15:41:00.000Z,2011-12-12T16:58:00.000Z,SELL,0.02,1,1,20.00,1,27090.00
2011-12-12T16:58:00.000Z,2011-12-13T03:38:00.000Z,SELL,0.02,1,1,20.00,1,27110.00
2011-12-13T03:38:00.000Z,2011-12-13T21:40:00.000Z,SELL,0.02,3,1,20.00,3,27130.00
2011-12-13T21:40:00.000Z,2011-12-13T22:18:00.000Z,SELL,0.02,1,1,20.00,1,27150.00
2011-12-13T22:18:00.000Z,2011-12-14T16:00:00.000Z,SELL,0.02,1,1,20.00,1,27170.00
2011-12-14T16:00:00.000Z,2011-12-14T16:21:00.000Z,SELL,0.02,1,1,20.00,1,27190.00
2011-12-14T16:21:00.000Z,2011-12-14T17:15:00.000Z,SELL,0.02,1,1,20.00,1,27210.00
2011-12-14T17:15:00.000Z,2011-12-14T17:56:00.000Z,SELL,0.02,1,1,20.00,1,27230.00
2011-12-14T17:56:00.000Z,2011-12-14T18:11:00.000Z,SELL,0.02,1,1,20.00,1,27250.00
2011-12-14T18:11:00.000Z,2011-12-14T18:12:00.000Z,SELL,0.02,1,1,20.00,1,27270.00
2011-12-14T18:12:00.000Z,2011-12-16T08:48:00.000Z,SELL,0.02,5,0,-4840.00,5,22430.00
2011-12-16T08:48:00.000Z,2011-12-16T14:34:00.000Z,BUY,0.02,1,1,20.00,1,22450.00
2011-12-16T14:34:00.000Z,2011-12-20T15:45:00.000Z,BUY,0.02,1,1,20.00,1,22470.00
2011-12-20T15:45:00.000Z,2011-12-21T02:06:00.000Z,BUY,0.02,1,1,20.00,1,22490.00
2011-12-21T02:06:00.000Z,2011-12-21T10:13:00.000Z,BUY,0.02,1,1,20.00,1,22510.00
2011-12-21T10:13:00.000Z,2011-12-21T12:22:00.000Z,BUY,0.02,1,1,20.00,1,22530.00
2011-12-21T12:22:00.000Z,2011-12-21T15:22:00.000Z,BUY,0.02,2,1,20.00,2,22550.00
2011-12-21T15:22:00.000Z,2011-12-28T16:40:00.000Z,BUY,0.02,2,1,20.00,2,22570.00
2011-12-28T16:40:00.000Z,2011-12-28T17:30:00.000Z,SELL,0.02,1,1,20.00,1,22590.00
2011-12-28T17:30:00.000Z,2011-12-28T19:10:00.000Z,SELL,0.02,1,1,20.00,1,22610.00
2011-12-28T19:10:00.000Z,2011-12-28T22:16:00.000Z,SELL,0.02,1,1,20.00,1,22630.00
2011-12-28T22:16:00.000Z,2011-12-29T12:24:00.000Z,SELL,0.02,1,1,20.00,1,22650.00
2011-12-29T12:24:00.000Z,2011-12-29T13:05:00.000Z,SELL,0.02,1,1,20.00,1,22670.00
2011-12-29T13:05:00.000Z,2011-12-30T09:18:00.000Z,SELL,0.02,2,1,20.00,2,22690.00
2011-12-30T09:18:00.000Z,2011-12-30T12:31:00.000Z,BUY,0.02,1,1,20.00,1,22710.00
2011-12-30T12:31:00.000Z,2011-12-30T18:31:00.000Z,BUY,0.02,1,1,20.00,1,22730.00
2011-12-30T18:31:00.000Z,2012-01-03T10:06:00.000Z,BUY,0.02,1,1,20.00,1,22750.00
2012-01-03T10:06:00.000Z,2012-01-03T17:51:00.000Z,BUY,0.02,1,1,20.00,1,22770.00
2012-01-03T17:51:00.000Z,2012-01-04T10:14:00.000Z,BUY,0.02,1,1,20.00,1,22790.00
2012-01-04T10:14:00.000Z,2012-01-05T07:47:00.000Z,BUY,0.02,1,1,20.00,1,22810.00
2012-01-05T07:47:00.000Z,2012-01-10T13:05:00.000Z,BUY,0.02,3,1,20.00,3,22830.00
2012-01-10T13:05:00.000Z,2012-01-11T08:40:00.000Z,BUY,0.02,1,1,20.00,1,22850.00
2012-01-11T08:40:00.000Z,2012-01-12T12:00:00.000Z,BUY,0.02,1,1,20.00,1,22870.00
2012-01-12T12:00:00.000Z,2012-01-17T09:32:00.000Z,BUY,0.02,3,1,20.00,3,22890.00
2012-01-17T09:32:00.000Z,2012-01-23T07:16:00.000Z,BUY,0.02,1,1,20.00,1,22910.00
2012-01-23T07:16:00.000Z,2012-01-25T19:52:00.000Z,BUY,0.02,3,1,20.00,3,22930.00
2012-01-25T19:52:00.000Z,2012-01-25T22:38:00.000Z,SELL,0.02,2,1,20.00,2,22950.00
2012-01-25T22:38:00.000Z,2012-01-26T15:30:00.000Z,BUY,0.02,1,1,20.00,1,22970.00
2012-01-26T15:30:00.000Z,2012-01-27T18:09:00.000Z,BUY,0.02,1,1,20.00,1,22990.00
2012-01-27T18:09:00.000Z,2012-01-31T10:20:00.000Z,BUY,0.02,1,1,20.00,1,23010.00
2012-01-31T10:20:00.000Z,2012-02-02T17:15:00.000Z,BUY,0.02,1,1,20.00,1,23030.00
2012-02-02T17:15:00.000Z,2012-02-03T22:54:00.000Z,BUY,0.02,2,1,20.00,2,23050.00
2012-02-03T22:54:00.000Z,2012-02-06T15:04:00.000Z,SELL,0.02,1,1,20.00,1,23070.00
2012-02-06T15:04:00.000Z,2012-02-07T19:27:00.000Z,SELL,0.02,2,1,20.00,2,23090.00
2012-02-07T19:27:00.000Z,2012-02-10T14:16:00.000Z,BUY,0.02,2,1,20.00,2,23110.00
2012-02-10T14:16:00.000Z,2012-02-17T03:25:00.000Z,SELL,0.02,5,0,-4840.00,5,18270.00
2012-02-17T03:25:00.000Z,2012-02-21T15:20:00.000Z,BUY,0.01,1,1,10.00,1,18280.00
2012-02-21T15:20:00.000Z,2012-02-21T17:25:00.000Z,BUY,0.01,1,1,10.00,1,18290.00
2012-02-21T17:25:00.000Z,2012-02-22T20:10:00.000Z,BUY,0.01,1,1,10.00,1,18300.00
2012-02-22T20:10:00.000Z,2012-02-22T21:08:00.000Z,BUY,0.01,1,1,10.00,1,18310.00
2012-02-22T21:08:00.000Z,2012-02-23T15:49:00.000Z,BUY,0.01,1,1,10.00,1,18320.00
2012-02-23T15:49:00.000Z,2012-02-29T17:47:00.000Z,BUY,0.01,4,1,10.00,4,18330.00
2012-02-29T17:47:00.000Z,2012-02-29T17:51:00.000Z,BUY,0.01,2,1,10.00,2,18340.00
2012-02-29T17:51:00.000Z,2012-02-29T17:51:00.000Z,BUY,0.01,1,1,10.00,1,18350.00
2012-02-29T17:51:00.000Z,2012-02-29T20:31:00.000Z,BUY,0.01,2,1,10.00,2,18360.00
2012-02-29T20:31:00.000Z,2012-02-29T22:33:00.000Z,SELL,0.01,1,1,10.00,1,18370.00
2012-02-29T22:33:00.000Z,2012-03-06T12:00:00.000Z,SELL,0.01,3,1,10.00,3,18380.00
2012-03-06T12:00:00.000Z,2012-03-06T16:00:00.000Z,SELL,0.01,1,1,10.00,1,18390.00
2012-03-06T16:00:00.000Z,2012-03-06T16:00:00.000Z,SELL,0.01,1,1,10.00,1,18400.00
2012-03-06T16:00:00.000Z,2012-03-08T10:00:00.000Z,SELL,0.01,2,1,10.00,2,18410.00
2012-03-08T10:00:00.000Z,2012-03-09T04:00:00.000Z,BUY,0.01,1,1,10.00,1,18420.00
2012-03-09T04:00:00.000Z,2012-03-09T23:00:00.000Z,BUY,0.01,5,1,10.00,5,18430.00
2012-03-09T23:00:00.000Z,2012-03-13T15:00:00.000Z,BUY,0.01,2,1,10.00,2,18440.00
2012-03-13T15:00:00.000Z,2012-03-13T21:00:00.000Z,SELL,0.01,1,1,10.00,1,18450.00
2012-03-13T21:00:00.000Z,2012-03-13T21:00:00.000Z,SELL,0.01,1,1,10.00,1,18460.00
2012-03-13T21:00:00.000Z,2012-03-14T13:00:00.000Z,SELL,0.01,3,1,10.00,3,18470.00
2012-03-14T13:00:00.000Z,2012-03-14T14:00:00.000Z,SELL,0.01,1,1,10.00,1,18480.00
2012-03-14T14:00:00.000Z,2012-03-22T11:00:00.000Z,SELL,0.01,5,1,10.00,5,18490.00
2012-03-22T11:00:00.000Z,2012-03-23T16:27:00.000Z,SELL,0.01,2,1,10.00,2,18500.00
2012-03-23T16:27:00.000Z,2012-03-26T15:11:00.000Z,BUY,0.01,1,1,10.00,1,18510.00
2012-03-26T15:11:00.000Z,2012-03-26T15:47:00.000Z,BUY,0.01,1,1,10.00,1,18520.00
2012-03-26T15:47:00.000Z,2012-03-27T11:10:00.000Z,BUY,0.01,1,1,10.00,1,18530.00
2012-03-27T11:10:00.000Z,2012-03-28T19:14:00.000Z,BUY,0.01,2,1,10.00,2,18540.00
2012-03-28T19:14:00.000Z,2012-03-29T17:34:00.000Z,SELL,0.01,1,1,10.00,1,18550.00
2012-03-29T17:34:00.000Z,2012-04-03T21:35:00.000Z,SELL,0.01,3,1,10.00,3,18560.00
2012-04-03T21:35:00.000Z,2012-04-04T11:34:00.000Z,SELL,0.01,1,1,10.00,1,18570.00
2012-04-04T11:34:00.000Z,2012-04-04T14:18:00.000Z,SELL,0.01,1,1,10.00,1,18580.00
2012-04-04T14:18:00.000Z,2012-04-04T20:30:00.000Z,SELL,0.01,1,1,10.00,1,18590.00
2012-04-04T20:30:00.000Z,2012-04-09T01:05:00.000Z,SELL,0.01,2,1,10.00,2,18600.00
2012-04-09T01:05:00.000Z,2012-04-10T05:57:00.000Z,BUY,0.01,1,1,10.00,1,18610.00
2012-04-10T05:57:00.000Z,2012-04-12T16:47:00.000Z,BUY,0.01,3,1,10.00,3,18620.00
2012-04-12T16:47:00.000Z,2012-04-13T20:48:00.000Z,SELL,0.01,1,1,10.00,1,18630.00
2012-04-13T20:48:00.000Z,2012-04-16T09:52:00.000Z,SELL,0.01,1,1,10.00,1,18640.00
2012-04-16T09:52:00.000Z,2012-04-19T14:41:00.000Z,SELL,0.01,1,1,10.00,1,18650.00
2012-04-19T14:41:00.000Z,2012-04-27T15:45:00.000Z,SELL,0.01,4,1,10.00,4,18660.00
2012-04-27T15:45:00.000Z,2012-05-03T20:04:00.000Z,BUY,0.01,2,1,10.00,2,18670.00
2012-05-03T20:04:00.000Z,2012-05-08T15:20:00.000Z,SELL,0.01,1,1,10.00,1,18680.00
2012-05-08T15:20:00.000Z,2012-05-08T16:03:00.000Z,SELL,0.01,1,1,10.00,1,18690.00
2012-05-08T16:03:00.000Z,2012-05-08T17:01:00.000Z,SELL,0.01,1,1,10.00,1,18700.00
2012-05-08T17:01:00.000Z,2012-05-09T06:57:00.000Z,SELL,0.01,1,1,10.00,1,18710.00
2012-05-09T06:57:00.000Z,2012-05-09T12:59:00.000Z,SELL,0.01,1,1,10.00,1,18720.00
2012-05-09T12:59:00.000Z,2012-05-14T10:30:00.000Z,SELL,0.01,3,1,10.00,3,18730.00
2012-05-14T10:30:00.000Z,2012-05-14T12:00:00.000Z,SELL,0.01,1,1,10.00,1,18740.00
2012-05-14T12:00:00.000Z,2012-05-15T08:44:00.000Z,SELL,0.01,1,1,10.00,1,18750.00
2012-05-15T08:44:00.000Z,2012-05-16T03:19:00.000Z,SELL,0.01,1,1,10.00,1,18760.00
2012-05-16T03:19:00.000Z,2012-05-16T09:36:00.000Z,SELL,0.01,1,1,10.00,1,18770.00
2012-05-16T09:36:00.000Z,2012-05-17T17:05:00.000Z,SELL,0.01,2,1,10.00,2,18780.00
2012-05-17T17:05:00.000Z,2012-05-17T17:15:00.000Z,BUY,0.01,1,1,10.00,1,18790.00
2012-05-17T17:15:00.000Z,2012-05-18T11:03:00.000Z,BUY,0.01,1,1,10.00,1,18800.00
2012-05-18T11:03:00.000Z,2012-05-18T12:48:00.000Z,BUY,0.01,1,1,10.00,1,18810.00
2012-05-18T12:48:00.000Z,2012-05-23T03:36:00.000Z,BUY,0.01,2,1,10.00,2,18820.00
2012-05-23T03:36:00.000Z,2012-05-23T17:01:00.000Z,SELL,0.01,1,1,10.00,1,18830.00
2012-05-23T17:01:00.000Z,2012-05-23T17:27:00.000Z,SELL,0.01,1,1,10.00,1,18840.00
2012-05-23T17:27:00.000Z,2012-05-24T14:46:00.000Z,SELL,0.01,2,1,10.00,2,18850.00
2012-05-24T14:46:00.000Z,2012-05-28T08:45:00.000Z,BUY,0.01,1,1,10.00,1,18860.00
2012-05-28T08:45:00.000Z,2012-05-29T20:29:00.000Z,BUY,0.01,2,1,10.00,2,18870.00
2012-05-29T20:29:00.000Z,2012-05-30T16:37:00.000Z,SELL,0.01,1,1,10.00,1,18880.00
2012-05-30T16:37:00.000Z,2012-05-31T12:34:00.000Z,SELL,0.01,2,1,10.00,2,18890.00
2012-05-31T12:34:00.000Z,2012-06-01T15:44:00.000Z,BUY,0.01,3,1,10.00,3,18900.00
2012-06-01T15:44:00.000Z,2012-06-01T17:11:00.000Z,SELL,0.01,2,1,10.00,2,18910.00
2012-06-01T17:11:00.000Z,2012-06-01T20:19:00.000Z,BUY,0.01,1,1,10.00,1,18920.00
2012-06-01T20:19:00.000Z,2012-06-06T10:52:00.000Z,BUY,0.01,1,1,10.00,1,18930.00
2012-06-06T10:52:00.000Z,2012-06-07T17:12:00.000Z,BUY,0.01,2,1,10.00,2,18940.00
2012-06-07T17:12:00.000Z,2012-06-07T18:15:00.000Z,SELL,0.01,1,1,10.00,1,18950.00
2012-06-07T18:15:00.000Z,2012-06-07T18:32:00.000Z,SELL,0.01,1,1,10.00,1,18960.00
2012-06-07T18:32:00.000Z,2012-06-08T05:23:00.000Z,SELL,0.01,1,1,10.00,1,18970.00
2012-06-08T05:23:00.000Z,2012-06-11T01:05:00.000Z,SELL,0.01,2,1,10.00,2,18980.00
2012-06-11T01:05:00.000Z,2012-06-12T18:10:00.000Z,BUY,0.01,1,1,10.00,1,18990.00
2012-06-12T18:10:00.000Z,2012-06-13T15:36:00.000Z,BUY,0.01,1,1,10.00,1,19000.00
2012-06-13T15:36:00.000Z,2012-06-15T15:26:00.000Z,BUY,0.01,1,1,10.00,1,19010.00
2012-06-15T15:26:00.000Z,2012-06-20T15:20:00.000Z,BUY,0.01,4,1,10.00,4,19020.00
2012-06-20T15:20:00.000Z,2012-06-20T19:39:00.000Z,SELL,0.01,1,1,10.00,1,19030.00
2012-06-20T19:39:00.000Z,2012-06-20T21:16:00.000Z,SELL,0.01,2,1,10.00,2,19040.00
2012-06-20T21:16:00.000Z,2012-06-20T21:25:00.000Z,SELL,0.01,1,1,10.00,1,19050.00
2012-06-20T21:25:00.000Z,2012-06-21T03:46:00.000Z,SELL,0.01,1,1,10.00,1,19060.00
2012-06-21T03:46:00.000Z,2012-06-21T15:20:00.000Z,SELL,0.01,1,1,10.00,1,19070.00
2012-06-21T15:20:00.000Z,2012-06-21T16:58:00.000Z,SELL,0.01,1,1,10.00,1,19080.00
2012-06-21T16:58:00.000Z,2012-06-21T18:32:00.000Z,SELL,0.01,1,1,10.00,1,19090.00
2012-06-21T18:32:00.000Z,2012-06-22T17:50:00.000Z,SELL,0.01,1,1,10.00,1,19100.00
2012-06-22T17:50:00.000Z,2012-06-28T20:04:00.000Z,SELL,0.01,3,1,10.00,3,19110.00
2012-06-28T20:04:00.000Z,2012-06-29T14:09:00.000Z,SELL,0.01,2,1,10.00,2,19120.00
2012-06-29T14:09:00.000Z,2012-06-29T15:25:00.000Z,BUY,0.01,1,1,10.00,1,19130.00
2012-06-29T15:25:00.000Z,2012-06-29T15:57:00.000Z,BUY,0.01,1,1,10.00,1,19140.00
2012-06-29T15:57:00.000Z,2012-07-03T10:09:00.000Z,BUY,0.01,1,1,10.00,1,19150.00
2012-07-03T10:09:00.000Z,2012-07-03T18:17:00.000Z,BUY,0.01,1,1,10.00,1,19160.00
2012-07-03T18:17:00.000Z,2012-07-06T11:49:00.000Z,BUY,0.01,2,1,10.00,2,19170.00
2012-07-06T11:49:00.000Z,2012-07-06T19:13:00.000Z,SELL,0.01,3,1,10.00,3,19180.00
2012-07-06T19:13:00.000Z,2012-07-10T21:30:00.000Z,SELL,0.01,3,1,10.00,3,19190.00
2012-07-10T21:30:00.000Z,2012-07-12T15:20:00.000Z,SELL,0.01,1,1,10.00,1,19200.00
2012-07-12T15:20:00.000Z,2012-07-13T16:43:00.000Z,SELL,0.01,2,1,10.00,2,19210.00
2012-07-13T16:43:00.000Z,2012-07-25T15:20:00.000Z,BUY,0.01,5,1,10.00,5,19220.00
2012-07-25T15:20:00.000Z,2012-07-25T20:25:00.000Z,BUY,0.01,1,1,10.00,1,19230.00
2012-07-25T20:25:00.000Z,2012-07-26T14:01:00.000Z,BUY,0.01,1,1,10.00,1,19240.00
2012-07-26T14:01:00.000Z,2012-08-02T16:30:00.000Z,BUY,0.01,2,1,10.00,2,19250.00
2012-08-02T16:30:00.000Z,2012-08-10T16:15:00.000Z,SELL,0.01,2,1,10.00,2,19260.00
2012-08-10T16:15:00.000Z,2012-08-13T20:29:00.000Z,SELL,0.01,1,1,10.00,1,19270.00
2012-08-13T20:29:00.000Z,2012-08-14T15:42:00.000Z,SELL,0.01,1,1,10.00,1,19280.00
2012-08-14T15:42:00.000Z,2012-08-21T15:23:00.000Z,SELL,0.01,2,1,10.00,2,19290.00
2012-08-21T15:23:00.000Z,2012-08-21T16:04:00.000Z,BUY,0.01,1,1,10.00,1,19300.00
2012-08-21T16:04:00.000Z,2012-08-22T21:36:00.000Z,BUY,0.01,1,1,10.00,1,19310.00
2012-08-22T21:36:00.000Z,2012-08-23T04:46:00.000Z,BUY,0.01,1,1,10.00,1,19320.00
2012-08-23T04:46:00.000Z,2012-08-23T17:44:00.000Z,BUY,0.01,1,1,10.00,1,19330.00
2012-08-23T17:44:00.000Z,2012-08-31T18:41:00.000Z,BUY,0.01,3,1,10.00,3,19340.00
2012-08-31T18:41:00.000Z,2012-08-31T22:39:00.000Z,BUY,0.01,1,1,10.00,1,19350.00
2012-08-31T22:39:00.000Z,2012-09-06T09:16:00.000Z,BUY,0.01,1,1,10.00,1,19360.00
2012-09-06T09:16:00.000Z,2012-09-06T11:12:00.000Z,BUY,0.01,1,1,10.00,1,19370.00
2012-09-06T11:12:00.000Z,2012-09-07T15:37:00.000Z,BUY,0.01,5,1,10.00,5,19380.00
2012-09-07T15:37:00.000Z,2012-09-13T19:31:00.000Z,SELL,0.01,5,0,-2420.00,5,16960.00
2012-09-13T19:31:00.000Z,2012-09-13T20:27:00.000Z,SELL,0.01,2,1,10.00,2,16970.00
2012-09-13T20:27:00.000Z,2012-09-21T15:44:00.000Z,BUY,0.01,1,1,10.00,1,16980.00
2012-09-21T15:44:00.000Z,2012-09-26T15:22:00.000Z,BUY,0.01,2,1,10.00,2,16990.00
2012-09-26T15:22:00.000Z,2012-09-26T15:26:00.000Z,SELL,0.01,1,1,10.00,1,17000.00
2012-09-26T15:26:00.000Z,2012-09-27T18:43:00.000Z,SELL,0.01,2,1,10.00,2,17010.00
2012-09-27T18:43:00.000Z,2012-09-28T07:21:00.000Z,BUY,0.01,1,1,10.00,1,17020.00
2012-09-28T07:21:00.000Z,2012-10-04T15:25:00.000Z,BUY,0.01,1,1,10.00,1,17030.00
2012-10-04T15:25:00.000Z,2012-10-09T18:16:00.000Z,BUY,0.01,2,1,10.00,2,17040.00
2012-10-09T18:16:00.000Z,2012-10-15T01:05:00.000Z,SELL,0.01,1,1,10.00,1,17050.00
2012-10-15T01:05:00.000Z,2012-10-15T15:28:00.000Z,SELL,0.01,1,1,10.00,1,17060.00
2012-10-15T15:28:00.000Z,2012-10-15T17:20:00.000Z,SELL,0.01,1,1,10.00,1,17070.00
2012-10-15T17:20:00.000Z,2012-10-19T18:55:00.000Z,SELL,0.01,3,1,10.00,3,17080.00
2012-10-19T18:55:00.000Z,2012-10-23T13:34:00.000Z,SELL,0.01,1,1,10.00,1,17090.00
2012-10-23T13:34:00.000Z,2012-10-24T18:45:00.000Z,SELL,0.01,1,1,10.00,1,17100.00
2012-10-24T18:45:00.000Z,2012-11-02T16:25:00.000Z,SELL,0.01,3,1,10.00,3,17110.00
2012-11-02T16:25:00.000Z,2012-11-02T18:17:00.000Z,SELL,0.01,1,1,10.00,1,17120.00
2012-11-02T18:17:00.000Z,2012-11-06T19:15:00.000Z,SELL,0.01,2,1,10.00,2,17130.00
2012-11-06T19:15:00.000Z,2012-11-06T19:50:00.000Z,BUY,0.01,1,1,10.00,1,17140.00
2012-11-06T19:50:00.000Z,2012-11-07T12:29:00.000Z,BUY,0.01,3,1,10.00,3,17150.00
2012-11-07T12:29:00.000Z,2012-11-23T17:16:00.000Z,BUY,0.01,5,1,10.00,5,17160.00
2012-11-23T17:16:00.000Z,2012-11-23T19:15:00.000Z,BUY,0.01,1,1,10.00,1,17170.00
2012-11-23T19:15:00.000Z,2012-11-28T15:21:00.000Z,BUY,0.01,2,1,10.00,2,17180.00
2012-11-28T15:21:00.000Z,2012-11-28T16:23:00.000Z,SELL,0.01,1,1,10.00,1,17190.00
2012-11-28T16:23:00.000Z,2012-12-04T07:56:00.000Z,SELL,0.01,3,1,10.00,3,17200.00
2012-12-04T07:56:00.000Z,2012-12-05T17:10:00.000Z,SELL,0.01,1,1,10.00,1,17210.00
2012-12-05T17:10:00.000Z,2012-12-12T19:51:00.000Z,SELL,0.01,2,1,10.00,2,17220.00
2012-12-12T19:51:00.000Z,2012-12-13T16:21:00.000Z,BUY,0.01,2,1,10.00,2,17230.00
2012-12-13T16:21:00.000Z,2012-12-18T18:40:00.000Z,SELL,0.01,1,1,10.00,1,17240.00
2012-12-18T18:40:00.000Z,2012-12-18T20:27:00.000Z,SELL,0.01,1,1,10.00,1,17250.00
2012-12-18T20:27:00.000Z,2012-12-20T15:35:00.000Z,SELL,0.01,1,1,10.00,1,17260.00
2012-12-20T15:35:00.000Z,2012-12-20T16:23:00.000Z,SELL,0.01,1,1,10.00,1,17270.00
2012-12-20T16:23:00.000Z,2012-12-20T18:21:00.000Z,SELL,0.01,1,1,10.00,1,17280.00
2012-12-20T18:21:00.000Z,2012-12-31T19:39:00.000Z,SELL,0.01,2,1,10.00,2,17290.00
2012-12-31T19:39:00.000Z,2013-01-02T07:02:00.000Z,BUY,0.01,1,1,10.00,1,17300.00
2013-01-02T07:02:00.000Z,2013-01-02T14:33:00.000Z,BUY,0.01,1,1,10.00,1,17310.00
2013-01-02T14:33:00.000Z,2013-01-04T02:07:00.000Z,BUY,0.01,2,1,10.00,2,17320.00
2013-01-04T02:07:00.000Z,2013-01-04T03:03:00.000Z,SELL,0.01,1,1,10.00,1,17330.00
2013-01-04T03:03:00.000Z,2013-01-04T11:15:00.000Z,SELL,0.01,1,1,10.00,1,17340.00
2013-01-04T11:15:00.000Z,2013-01-04T12:40:00.000Z,SELL,0.01,1,1,10.00,1,17350.00
2013-01-04T12:40:00.000Z,2013-01-07T01:30:00.000Z,SELL,0.01,2,1,10.00,2,17360.00
2013-01-07T01:30:00.000Z,2013-01-07T15:22:00.000Z,SELL,0.01,1,1,10.00,1,17370.00
2013-01-07T15:22:00.000Z,2013-01-08T16:10:00.000Z,BUY,0.01,1,1,10.00,1,17380.00
2013-01-08T16:10:00.000Z,2013-01-10T15:45:00.000Z,BUY,0.01,1,1,10.00,1,17390.00
2013-01-10T15:45:00.000Z,2013-01-15T10:10:00.000Z,BUY,0.01,1,1,10.00,1,17400.00
2013-01-15T10:10:00.000Z,2013-01-17T17:25:00.000Z,BUY,0.01,1,1,10.00,1,17410.00
2013-01-17T17:25:00.000Z,2013-01-24T07:37:00.000Z,SELL,0.01,1,1,10.00,1,17420.00
2013-01-24T07:37:00.000Z,2013-01-24T16:53:00.000Z,SELL,0.01,1,1,10.00,1,17430.00
2013-01-24T16:53:00.000Z,2013-01-25T16:11:00.000Z,SELL,0.01,1,1,10.00,1,17440.00
2013-01-25T16:11:00.000Z,2013-02-11T15:21:00.000Z,SELL,0.01,5,1,10.00,5,17450.00
2013-02-11T15:21:00.000Z,2013-02-14T17:43:00.000Z,SELL,0.01,1,1,10.00,1,17460.00
2013-02-14T17:43:00.000Z,2013-02-15T17:17:00.000Z,BUY,0.01,2,1,10.00,2,17470.00
2013-02-15T17:17:00.000Z,2013-02-15T17:37:00.000Z,SELL,0.01,1,1,10.00,1,17480.00
2013-02-15T17:37:00.000Z,2013-02-20T16:32:00.000Z,SELL,0.01,3,1,10.00,3,17490.00
2013-02-20T16:32:00.000Z,2013-02-20T20:28:00.000Z,SELL,0.01,1,1,10.00,1,17500.00
2013-02-20T20:28:00.000Z,2013-02-20T21:05:00.000Z,SELL,0.01,1,1,10.00,1,17510.00
2013-02-20T21:05:00.000Z,2013-02-21T03:44:00.000Z,SELL,0.01,1,1,10.00,1,17520.00
2013-02-21T03:44:00.000Z,2013-02-22T07:56:00.000Z,SELL,0.01,2,1,10.00,2,17530.00
2013-02-22T07:56:00.000Z,2013-02-26T03:10:00.000Z,BUY,0.01,1,1,10.00,1,17540.00
2013-02-26T03:10:00.000Z,2013-02-26T17:53:00.000Z,BUY,0.01,1,1,10.00,1,17550.00
2013-02-26T17:53:00.000Z,2013-02-26T18:21:00.000Z,BUY,0.01,1,1,10.00,1,17560.00
2013-02-26T18:21:00.000Z,2013-02-28T13:00:00.000Z,BUY,0.01,2,1,10.00,2,17570.00
2013-02-28T13:00:00.000Z,2013-02-28T18:40:00.000Z,SELL,0.01,1,1,10.00,1,17580.00
2013-02-28T18:40:00.000Z,2013-03-01T11:51:00.000Z,SELL,0.01,1,1,10.00,1,17590.00
2013-03-01T11:51:00.000Z,2013-03-12T14:12:00.000Z,SELL,0.01,4,1,10.00,4,17600.00
2013-03-12T14:12:00.000Z,2013-03-18T14:36:00.000Z,BUY,0.01,3,1,10.00,3,17610.00
2013-03-18T14:36:00.000Z,2013-04-02T19:08:00.000Z,BUY,0.01,2,1,10.00,2,17620.00
2013-04-02T19:08:00.000Z,2013-04-03T04:41:00.000Z,SELL,0.01,1,1,10.00,1,17630.00
2013-04-03T04:41:00.000Z,2013-04-03T19:25:00.000Z,SELL,0.01,1,1,10.00,1,17640.00
2013-04-03T19:25:00.000Z,2013-04-04T04:19:00.000Z,SELL,0.01,1,1,10.00,1,17650.00
2013-04-04T04:19:00.000Z,2013-04-05T20:30:00.000Z,SELL,0.01,2,1,10.00,2,17660.00
2013-04-05T20:30:00.000Z,2013-04-09T17:37:00.000Z,BUY,0.01,1,1,10.00,1,17670.00
2013-04-09T17:37:00.000Z,2013-04-10T19:49:00.000Z,BUY,0.01,2,1,10.00,2,17680.00
2013-04-10T19:49:00.000Z,2013-04-12T12:45:00.000Z,SELL,0.01,1,1,10.00,1,17690.00
2013-04-12T12:45:00.000Z,2013-04-12T15:15:00.000Z,SELL,0.01,1,1,10.00,1,17700.00
2013-04-12T15:15:00.000Z,2013-04-12T17:35:00.000Z,SELL,0.01,1,1,10.00,1,17710.00
2013-04-12T17:35:00.000Z,2013-04-12T17:37:00.000Z,SELL,0.01,1,1,10.00,1,17720.00
2013-04-12T17:37:00.000Z,2013-04-12T17:46:00.000Z,SELL,0.01,1,1,10.00,1,17730.00
2013-04-12T17:46:00.000Z,2013-04-12T18:02:00.000Z,SELL,0.01,1,1,10.00,1,17740.00
2013-04-12T18:02:00.000Z,2013-04-12T22:24:00.000Z,SELL,0.01,1,1,10.00,1,17750.00
2013-04-12T22:24:00.000Z,2013-04-15T04:45:00.000Z,SELL,0.01,1,1,10.00,1,17760.00
2013-04-15T04:45:00.000Z,2013-04-15T04:45:00.000Z,SELL,0.01,1,1,10.00,1,17770.00
2013-04-15T04:45:00.000Z,2013-04-15T04:46:00.000Z,SELL,0.01,1,1,10.00,1,17780.00
2013-04-15T04:46:00.000Z,2013-04-15T05:01:00.000Z,SELL,0.01,1,1,10.00,1,17790.00
2013-04-15T05:01:00.000Z,2013-04-15T05:04:00.000Z,SELL,0.01,1,1,10.00,1,17800.00
2013-04-15T05:04:00.000Z,2013-04-15T11:54:00.000Z,SELL,0.01,3,1,10.00,3,17810.00
2013-04-15T11:54:00.000Z,2013-04-15T11:57:00.000Z,SELL,0.01,1,1,10.00,1,17820.00
2013-04-15T11:57:00.000Z,2013-04-15T12:41:00.000Z,SELL,0.01,1,1,10.00,1,17830.00
2013-04-15T12:41:00.000Z,2013-04-15T12:57:00.000Z,SELL,0.01,1,1,10.00,1,17840.00
2013-04-15T12:57:00.000Z,2013-04-15T15:25:00.000Z,SELL,0.01,2,1,10.00,2,17850.00
2013-04-15T15:25:00.000Z,2013-04-15T16:06:00.000Z,SELL,0.01,1,1,10.00,1,17860.00
2013-04-15T16:06:00.000Z,2013-04-15T16:50:00.000Z,SELL,0.01,1,1,10.00,1,17870.00
2013-04-15T16:50:00.000Z,2013-04-15T17:08:00.000Z,SELL,0.01,1,1,10.00,1,17880.00
2013-04-15T17:08:00.000Z,2013-04-15T17:41:00.000Z,SELL,0.01,1,1,10.00,1,17890.00
2013-04-15T17:41:00.000Z,2013-04-15T17:49:00.000Z,SELL,0.01,1,1,10.00,1,17900.00
2013-04-15T17:49:00.000Z,2013-04-15T17:54:00.000Z,SELL,0.01,1,1,10.00,1,17910.00
2013-04-15T17:54:00.000Z,2013-04-15T21:50:00.000Z,SELL,0.01,3,1,10.00,3,17920.00
2013-04-15T21:50:00.000Z,2013-04-15T23:17:00.000Z,SELL,0.01,1,1,10.00,1,17930.00
2013-04-15T23:17:00.000Z,2013-04-16T03:21:00.000Z,SELL,0.01,3,1,10.00,3,17940.00
2013-04-16T03:21:00.000Z,2013-04-16T07:36:00.000Z,SELL,0.01,2,1,10.00,2,17950.00
2013-04-16T07:36:00.000Z,2013-04-16T12:46:00.000Z,SELL,0.01,2,1,10.00,2,17960.00
2013-04-16T12:46:00.000Z,2013-04-16T16:52:00.000Z,SELL,0.01,1,1,10.00,1,17970.00
2013-04-16T16:52:00.000Z,2013-04-16T21:54:00.000Z,SELL,0.01,1,1,10.00,1,17980.00
2013-04-16T21:54:00.000Z,2013-04-17T05:11:00.000Z,BUY,0.01,1,1,10.00,1,17990.00
2013-04-17T05:11:00.000Z,2013-04-17T07:19:00.000Z,SELL,0.01,1,1,10.00,1,18000.00
2013-04-17T07:19:00.000Z,2013-04-18T04:03:00.000Z,SELL,0.01,3,1,10.00,3,18010.00
2013-04-18T04:03:00.000Z,2013-04-18T04:05:00.000Z,SELL,0.01,1,1,10.00,1,18020.00
2013-04-18T04:05:00.000Z,2013-04-18T04:05:00.000Z,SELL,0.01,1,1,10.00,1,18030.00
2013-04-18T04:05:00.000Z,2013-04-18T08:55:00.000Z,SELL,0.01,2,1,10.00,2,18040.00
2013-04-18T08:55:00.000Z,2013-04-18T14:10:00.000Z,SELL,0.01,2,1,10.00,2,18050.00
2013-04-18T14:10:00.000Z,2013-04-19T08:53:00.000Z,BUY,0.01,1,1,10.00,1,18060.00
2013-04-19T08:53:00.000Z,2013-04-19T09:08:00.000Z,BUY,0.01,1,1,10.00,1,18070.00
2013-04-19T09:08:00.000Z,2013-04-22T13:02:00.000Z,BUY,0.01,3,1,10.00,3,18080.00
2013-04-22T13:02:00.000Z,2013-04-25T05:39:00.000Z,BUY,0.01,3,1,10.00,3,18090.00
2013-04-25T05:39:00.000Z,2013-04-25T15:21:00.000Z,BUY,0.01,1,1,10.00,1,18100.00
2013-04-25T15:21:00.000Z,2013-04-25T20:08:00.000Z,BUY,0.01,1,1,10.00,1,18110.00
2013-04-25T20:08:00.000Z,2013-04-26T02:42:00.000Z,BUY,0.01,1,1,10.00,1,18120.00
2013-04-26T02:42:00.000Z,2013-04-26T04:16:00.000Z,BUY,0.01,1,1,10.00,1,18130.00
2013-04-26T04:16:00.000Z,2013-04-26T19:13:00.000Z,BUY,0.01,4,1,10.00,4,18140.00
2013-04-26T19:13:00.000Z,2013-04-26T21:05:00.000Z,BUY,0.01,1,1,10.00,1,18150.00
2013-04-26T21:05:00.000Z,2013-05-01T16:31:00.000Z,SELL,0.01,1,1,10.00,1,18160.00
2013-05-01T16:31:00.000Z,2013-05-01T18:39:00.000Z,SELL,0.01,1,1,10.00,1,18170.00
2013-05-01T18:39:00.000Z,2013-05-02T16:15:00.000Z,SELL,0.01,2,1,10.00,2,18180.00
2013-05-02T16:15:00.000Z,2013-05-03T15:31:00.000Z,SELL,0.01,1,1,10.00,1,18190.00
2013-05-03T15:31:00.000Z,2013-05-03T17:02:00.000Z,BUY,0.01,1,1,10.00,1,18200.00
2013-05-03T17:02:00.000Z,2013-05-07T17:14:00.000Z,BUY,0.01,2,1,10.00,2,18210.00
2013-05-07T17:14:00.000Z,2013-05-08T20:06:00.000Z,SELL,0.01,2,1,10.00,2,18220.00
2013-05-08T20:06:00.000Z,2013-05-10T14:01:00.000Z,BUY,0.01,2,1,10.00,2,18230.00
2013-05-10T14:01:00.000Z,2013-05-10T14:47:00.000Z,SELL,0.01,1,1,10.00,1,18240.00
2013-05-10T14:47:00.000Z,2013-05-10T17:23:00.000Z,SELL,0.01,1,1,10.00,1,18250.00
2013-05-10T17:23:00.000Z,2013-05-15T10:08:00.000Z,SELL,0.01,3,1,10.00,3,18260.00
2013-05-15T10:08:00.000Z,2013-05-15T17:35:00.000Z,SELL,0.01,1,1,10.00,1,18270.00
2013-05-15T17:35:00.000Z,2013-05-15T22:37:00.000Z,SELL,0.01,1,1,10.00,1,18280.00
2013-05-15T22:37:00.000Z,2013-05-16T10:42:00.000Z,SELL,0.01,1,1,10.00,1,18290.00
2013-05-16T10:42:00.000Z,2013-05-16T11:29:00.000Z,SELL,0.01,1,1,10.00,1,18300.00
2013-05-16T11:29:00.000Z,2013-05-17T22:34:00.000Z,SELL,0.01,3,1,10.00,3,18310.00
2013-05-17T22:34:00.000Z,2013-05-20T01:23:00.000Z,SELL,0.01,1,1,10.00,1,18320.00
2013-05-20T01:23:00.000Z,2013-05-20T01:51:00.000Z,SELL,0.01,1,1,10.00,1,18330.00
2013-05-20T01:51:00.000Z,2013-05-20T19:01:00.000Z,SELL,0.01,2,1,10.00,2,18340.00
2013-05-20T19:01:00.000Z,2013-05-20T19:05:00.000Z,SELL,0.01,2,1,10.00,2,18350.00
2013-05-20T19:05:00.000Z,2013-05-20T19:05:00.000Z,SELL,0.01,1,1,10.00,1,18360.00
2013-05-20T19:05:00.000Z,2013-05-21T12:09:00.000Z,SELL,0.01,1,1,10.00,1,18370.00
2013-05-21T12:09:00.000Z,2013-05-22T10:00:00.000Z,BUY,0.01,1,1,10.00,1,18380.00
2013-05-22T10:00:00.000Z,2013-05-22T17:05:00.000Z,BUY,0.01,1,1,10.00,1,18390.00
2013-05-22T17:05:00.000Z,2013-05-22T17:08:00.000Z,BUY,0.01,1,1,10.00,1,18400.00
2013-05-22T17:08:00.000Z,2013-05-22T17:40:00.000Z,BUY,0.01,2,1,10.00,2,18410.00
2013-05-22T17:40:00.000Z,2013-05-23T11:52:00.000Z,BUY,0.01,3,1,10.00,3,18420.00
2013-05-23T11:52:00.000Z,2013-05-23T18:23:00.000Z,SELL,0.01,1,1,10.00,1,18430.00
2013-05-23T18:23:00.000Z,2013-05-23T20:09:00.000Z,BUY,0.01,1,1,10.00,1,18440.00
2013-05-23T20:09:00.000Z,2013-05-30T08:31:00.000Z,BUY,0.01,1,1,10.00,1,18450.00
2013-05-30T08:31:00.000Z,2013-05-30T09:17:00.000Z,BUY,0.01,1,1,10.00,1,18460.00
2013-05-30T09:17:00.000Z,2013-05-31T04:20:00.000Z,BUY,0.01,1,1,10.00,1,18470.00
2013-05-31T04:20:00.000Z,2013-05-31T18:01:00.000Z,BUY,0.01,2,1,10.00,2,18480.00
2013-05-31T18:01:00.000Z,2013-06-06T19:25:00.000Z,SELL,0.01,4,1,10.00,4,18490.00
2013-06-06T19:25:00.000Z,2013-06-07T16:17:00.000Z,BUY,0.01,2,1,10.00,2,18500.00
2013-06-07T16:17:00.000Z,2013-06-07T18:20:00.000Z,SELL,0.01,1,1,10.00,1,18510.00
2013-06-07T18:20:00.000Z,2013-06-11T12:00:00.000Z,SELL,0.01,1,1,10.00,1,18520.00
2013-06-11T12:00:00.000Z,2013-06-19T21:48:00.000Z,SELL,0.01,3,1,10.00,3,18530.00
2013-06-19T21:48:00.000Z,2013-06-20T10:01:00.000Z,BUY,0.01,2,1,10.00,2,18540.00
2013-06-20T10:01:00.000Z,2013-06-20T10:52:00.000Z,SELL,0.01,1,1,10.00,1,18550.00
2013-06-20T10:52:00.000Z,2013-06-20T11:04:00.000Z,SELL,0.01,1,1,10.00,1,18560.00
2013-06-20T11:04:00.000Z,2013-06-20T12:37:00.000Z,SELL,0.01,1,1,10.00,1,18570.00
2013-06-20T12:37:00.000Z,2013-06-20T12:51:00.000Z,SELL,0.01,1,1,10.00,1,18580.00
2013-06-20T12:51:00.000Z,2013-06-20T21:57:00.000Z,SELL,0.01,3,1,10.00,3,18590.00
2013-06-20T21:57:00.000Z,2013-06-26T04:07:00.000Z,SELL,0.01,3,1,10.00,3,18600.00
2013-06-26T04:07:00.000Z,2013-06-26T04:17:00.000Z,SELL,0.01,1,1,10.00,1,18610.00
2013-06-26T04:17:00.000Z,2013-06-26T05:48:00.000Z,SELL,0.01,1,1,10.00,1,18620.00
2013-06-26T05:48:00.000Z,2013-06-26T10:59:00.000Z,SELL,0.01,1,1,10.00,1,18630.00
2013-06-26T10:59:00.000Z,2013-06-26T12:32:00.000Z,SELL,0.01,1,1,10.00,1,18640.00
2013-06-26T12:32:00.000Z,2013-06-27T20:15:00.000Z,SELL,0.01,3,1,10.00,3,18650.00
2013-06-27T20:15:00.000Z,2013-06-27T20:39:00.000Z,SELL,0.01,1,1,10.00,1,18660.00
2013-06-27T20:39:00.000Z,2013-06-28T03:42:00.000Z,SELL,0.01,1,1,10.00,1,18670.00
2013-06-28T03:42:00.000Z,2013-06-28T03:44:00.000Z,SELL,0.01,1,1,10.00,1,18680.00
2013-06-28T03:44:00.000Z,2013-06-28T17:29:00.000Z,SELL,0.01,2,1,10.00,2,18690.00
2013-06-28T17:29:00.000Z,2013-07-01T08:34:00.000Z,SELL,0.01,2,1,10.00,2,18700.00
2013-07-01T08:34:00.000Z,2013-07-01T18:25:00.000Z,BUY,0.01,1,1,10.00,1,18710.00
2013-07-01T18:25:00.000Z,2013-07-02T10:07:00.000Z,BUY,0.01,1,1,10.00,1,18720.00
2013-07-02T10:07:00.000Z,2013-07-05T11:35:00.000Z,BUY,0.01,2,1,10.00,2,18730.00
2013-07-05T11:35:00.000Z,2013-07-05T15:31:00.000Z,SELL,0.01,1,1,10.00,1,18740.00
2013-07-05T15:31:00.000Z,2013-07-05T16:40:00.000Z,SELL,0.01,1,1,10.00,1,18750.00
2013-07-05T16:40:00.000Z,2013-07-09T04:53:00.000Z,SELL,0.01,2,1,10.00,2,18760.00
2013-07-09T04:53:00.000Z,2013-07-09T08:02:00.000Z,BUY,0.01,1,1,10.00,1,18770.00
2013-07-09T08:02:00.000Z,2013-07-11T01:06:00.000Z,BUY,0.01,1,1,10.00,1,18780.00
2013-07-11T01:06:00.000Z,2013-07-11T01:37:00.000Z,BUY,0.01,1,1,10.00,1,18790.00
2013-07-11T01:37:00.000Z,2013-07-11T01:59:00.000Z,BUY,0.01,1,1,10.00,1,18800.00
2013-07-11T01:59:00.000Z,2013-07-11T08:56:00.000Z,BUY,0.01,1,1,10.00,1,18810.00
2013-07-11T08:56:00.000Z,2013-07-22T01:14:00.000Z,BUY,0.01,5,1,10.00,5,18820.00
2013-07-22T01:14:00.000Z,2013-07-22T04:25:00.000Z,BUY,0.01,1,1,10.00,1,18830.00
2013-07-22T04:25:00.000Z,2013-07-22T17:06:00.000Z,BUY,0.01,1,1,10.00,1,18840.00
2013-07-22T17:06:00.000Z,2013-07-22T20:17:00.000Z,BUY,0.01,1,1,10.00,1,18850.00
2013-07-22T20:17:00.000Z,2013-07-31T16:33:00.000Z,BUY,0.01,5,0,-2420.00,5,16430.00
2013-07-31T16:33:00.000Z,2013-07-31T21:58:00.000Z,BUY,0.01,1,1,10.00,1,16440.00
2013-07-31T21:58:00.000Z,2013-08-01T07:33:00.000Z,SELL,0.01,1,1,10.00,1,16450.00
2013-08-01T07:33:00.000Z,2013-08-01T19:07:00.000Z,SELL,0.01,1,1,10.00,1,16460.00
2013-08-01T19:07:00.000Z,2013-08-02T07:46:00.000Z,SELL,0.01,1,1,10.00,1,16470.00
2013-08-02T07:46:00.000Z,2013-08-02T08:25:00.000Z,SELL,0.01,1,1,10.00,1,16480.00
2013-08-02T08:25:00.000Z,2013-08-02T15:51:00.000Z,SELL,0.01,2,1,10.00,2,16490.00
2013-08-02T15:51:00.000Z,2013-08-02T22:40:00.000Z,SELL,0.01,1,1,10.00,1,16500.00
2013-08-02T22:40:00.000Z,2013-08-05T06:12:00.000Z,BUY,0.01,1,1,10.00,1,16510.00
2013-08-05T06:12:00.000Z,2013-08-06T15:11:00.000Z,BUY,0.01,2,1,10.00,2,16520.00
2013-08-06T15:11:00.000Z,2013-08-07T03:12:00.000Z,SELL,0.01,1,1,10.00,1,16530.00
2013-08-07T03:12:00.000Z,2013-08-08T17:48:00.000Z,SELL,0.01,2,1,10.00,2,16540.00
2013-08-08T17:48:00.000Z,2013-08-12T01:05:00.000Z,BUY,0.01,1,1,10.00,1,16550.00
2013-08-12T01:05:00.000Z,2013-08-12T01:36:00.000Z,BUY,0.01,1,1,10.00,1,16560.00
2013-08-12T01:36:00.000Z,2013-08-12T16:04:00.000Z,BUY,0.01,1,1,10.00,1,16570.00
2013-08-12T16:04:00.000Z,2013-08-15T19:51:00.000Z,BUY,0.01,3,1,10.00,3,16580.00
2013-08-15T19:51:00.000Z,2013-08-16T21:14:00.000Z,SELL,0.01,2,1,10.00,2,16590.00
2013-08-16T21:14:00.000Z,2013-08-23T17:10:00.000Z,BUY,0.01,5,1,10.00,5,16600.00
2013-08-23T17:10:00.000Z,2013-08-23T21:44:00.000Z,BUY,0.01,1,1,10.00,1,16610.00
2013-08-23T21:44:00.000Z,2013-08-27T11:04:00.000Z,BUY,0.01,1,1,10.00,1,16620.00
2013-08-27T11:04:00.000Z,2013-08-27T15:25:00.000Z,BUY,0.01,1,1,10.00,1,16630.00
2013-08-27T15:25:00.000Z,2013-08-28T09:09:00.000Z,BUY,0.01,1,1,10.00,1,16640.00
2013-08-28T09:09:00.000Z,2013-08-30T10:06:00.000Z,BUY,0.01,2,1,10.00,2,16650.00
2013-08-30T10:06:00.000Z,2013-09-02T01:11:00.000Z,SELL,0.01,1,1,10.00,1,16660.00
2013-09-02T01:11:00.000Z,2013-09-02T01:17:00.000Z,SELL,0.01,1,1,10.00,1,16670.00
2013-09-02T01:17:00.000Z,2013-09-03T20:00:00.000Z,SELL,0.01,2,1,10.00,2,16680.00
2013-09-03T20:00:00.000Z,2013-09-05T17:27:00.000Z,BUY,0.01,2,1,10.00,2,16690.00
2013-09-05T17:27:00.000Z,2013-09-05T17:41:00.000Z,SELL,0.01,1,1,10.00,1,16700.00
2013-09-05T17:41:00.000Z,2013-09-10T16:54:00.000Z,SELL,0.01,3,1,10.00,3,16710.00
2013-09-10T16:54:00.000Z,2013-09-12T09:55:00.000Z,SELL,0.01,1,1,10.00,1,16720.00
2013-09-12T09:55:00.000Z,2013-09-12T11:55:00.000Z,SELL,0.01,1,1,10.00,1,16730.00
2013-09-12T11:55:00.000Z,2013-09-12T16:00:00.000Z,SELL,0.01,1,1,10.00,1,16740.00
2013-09-12T16:00:00.000Z,2013-09-13T08:24:00.000Z,SELL,0.01,1,1,10.00,1,16750.00
2013-09-13T08:24:00.000Z,2013-09-13T12:16:00.000Z,SELL,0.01,1,1,10.00,1,16760.00
2013-09-13T12:16:00.000Z,2013-09-18T03:22:00.000Z,SELL,0.01,3,1,10.00,3,16770.00
2013-09-18T03:22:00.000Z,2013-09-18T21:01:00.000Z,SELL,0.01,2,1,10.00,2,16780.00
2013-09-18T21:01:00.000Z,2013-09-18T22:12:00.000Z,SELL,0.01,2,1,10.00,2,16790.00
2013-09-18T22:12:00.000Z,2013-09-19T02:59:00.000Z,BUY,0.01,1,1,10.00,1,16800.00
2013-09-19T02:59:00.000Z,2013-09-20T17:39:00.000Z,BUY,0.01,2,1,10.00,2,16810.00
2013-09-20T17:39:00.000Z,2013-09-20T19:32:00.000Z,SELL,0.01,1,1,10.00,1,16820.00
2013-09-20T19:32:00.000Z,2013-09-23T04:00:00.000Z,SELL,0.01,1,1,10.00,1,16830.00
2013-09-23T04:00:00.000Z,2013-09-24T16:00:00.000Z,SELL,0.01,1,1,10.00,1,16840.00
2013-09-24T16:00:00.000Z,2013-09-25T18:10:00.000Z,SELL,0.01,2,1,10.00,2,16850.00
2013-09-25T18:10:00.000Z,2013-09-30T01:05:00.000Z,BUY,0.01,1,1,10.00,1,16860.00
2013-09-30T01:05:00.000Z,2013-10-01T15:01:00.000Z,BUY,0.01,2,1,10.00,2,16870.00
2013-10-01T15:01:00.000Z,2013-10-01T15:31:00.000Z,SELL,0.01,1,1,10.00,1,16880.00
2013-10-01T15:31:00.000Z,2013-10-01T15:39:00.000Z,SELL,0.01,1,1,10.00,1,16890.00
2013-10-01T15:39:00.000Z,2013-10-01T17:44:00.000Z,SELL,0.01,1,1,10.00,1,16900.00
2013-10-01T17:44:00.000Z,2013-10-02T17:12:00.000Z,SELL,0.01,2,1,10.00,2,16910.00
2013-10-02T17:12:00.000Z,2013-10-03T13:15:00.000Z,SELL,0.01,1,1,10.00,1,16920.00
2013-10-03T13:15:00.000Z,2013-10-03T17:01:00.000Z,BUY,0.01,1,1,10.00,1,16930.00
2013-10-03T17:01:00.000Z,2013-10-07T16:44:00.000Z,BUY,0.01,1,1,10.00,1,16940.00
2013-10-07T16:44:00.000Z,2013-10-09T17:07:00.000Z,BUY,0.01,2,1,10.00,2,16950.00
2013-10-09T17:07:00.000Z,2013-10-10T22:43:00.000Z,SELL,0.01,1,1,10.00,1,16960.00
2013-10-10T22:43:00.000Z,2013-10-11T15:43:00.000Z,SELL,0.01,1,1,10.00,1,16970.00
2013-10-11T15:43:00.000Z,2013-10-11T15:44:00.000Z,SELL,0.01,1,1,10.00,1,16980.00
2013-10-11T15:44:00.000Z,2013-10-15T12:01:00.000Z,SELL,0.01,3,1,10.00,3,16990.00
2013-10-15T12:01:00.000Z,2013-10-15T21:40:00.000Z,SELL,0.01,2,1,10.00,2,17000.00
2013-10-15T21:40:00.000Z,2013-10-16T02:46:00.000Z,SELL,0.01,1,1,10.00,1,17010.00
2013-10-16T02:46:00.000Z,2013-10-16T09:58:00.000Z,BUY,0.01,1,1,10.00,1,17020.00
2013-10-16T09:58:00.000Z,2013-10-17T10:55:00.000Z,BUY,0.01,1,1,10.00,1,17030.00
2013-10-17T10:55:00.000Z,2013-10-17T10:58:00.000Z,BUY,0.01,1,1,10.00,1,17040.00
2013-10-17T10:58:00.000Z,2013-10-17T10:59:00.000Z,BUY,0.01,1,1,10.00,1,17050.00
2013-10-17T10:59:00.000Z,2013-10-18T09:54:00.000Z,BUY,0.01,1,1,10.00,1,17060.00
2013-10-18T09:54:00.000Z,2013-10-22T17:22:00.000Z,BUY,0.01,1,1,10.00,1,17070.00
2013-10-22T17:22:00.000Z,2013-10-24T15:30:00.000Z,BUY,0.01,1,1,10.00,1,17080.00
2013-10-24T15:30:00.000Z,2013-10-28T16:50:00.000Z,BUY,0.01,1,1,10.00,1,17090.00
2013-10-28T16:50:00.000Z,2013-10-31T14:09:00.000Z,BUY,0.01,2,1,10.00,2,17100.00
2013-10-31T14:09:00.000Z,2013-11-01T12:00:00.000Z,SELL,0.01,1,1,10.00,1,17110.00
2013-11-01T12:00:00.000Z,2013-11-01T16:15:00.000Z,SELL,0.01,1,1,10.00,1,17120.00
2013-11-01T16:15:00.000Z,2013-11-08T15:30:00.000Z,SELL,0.01,1,1,10.00,1,17130.00
2013-11-08T15:30:00.000Z,2013-11-08T16:35:00.000Z,SELL,0.01,1,1,10.00,1,17140.00
2013-11-08T16:35:00.000Z,2013-11-12T18:02:00.000Z,SELL,0.01,1,1,10.00,1,17150.00
2013-11-12T18:02:00.000Z,2013-11-12T21:29:00.000Z,SELL,0.01,1,1,10.00,1,17160.00
2013-11-12T21:29:00.000Z,2013-11-20T21:00:00.000Z,SELL,0.01,3,1,10.00,3,17170.00
2013-11-20T21:00:00.000Z,2013-11-20T21:39:00.000Z,SELL,0.01,1,1,10.00,1,17180.00
2013-11-20T21:39:00.000Z,2013-11-25T08:02:00.000Z,SELL,0.01,1,1,10.00,1,17190.00
2013-11-25T08:02:00.000Z,2013-12-02T19:12:00.000Z,SELL,0.01,3,1,10.00,3,17200.00
2013-12-02T19:12:00.000Z,2013-12-04T10:00:00.000Z,SELL,0.01,1,1,10.00,1,17210.00
2013-12-04T10:00:00.000Z,2013-12-04T19:46:00.000Z,SELL,0.01,2,1,10.00,2,17220.00
2013-12-04T19:46:00.000Z,2013-12-06T15:30:00.000Z,BUY,0.01,2,1,10.00,2,17230.00
2013-12-06T15:30:00.000Z,2013-12-10T08:07:00.000Z,SELL,0.01,2,1,10.00,2,17240.00
2013-12-10T08:07:00.000Z,2013-12-10T15:07:00.000Z,BUY,0.01,1,1,10.00,1,17250.00
2013-12-10T15:07:00.000Z,2013-12-10T16:29:00.000Z,BUY,0.01,1,1,10.00,1,17260.00
2013-12-10T16:29:00.000Z,2013-12-12T14:10:00.000Z,BUY,0.01,2,1,10.00,2,17270.00
2013-12-12T14:10:00.000Z,2013-12-12T16:45:00.000Z,SELL,0.01,1,1,10.00,1,17280.00
2013-12-12T16:45:00.000Z,2013-12-19T09:40:00.000Z,SELL,0.01,3,1,10.00,3,17290.00
2013-12-19T09:40:00.000Z,2013-12-19T10:41:00.000Z,SELL,0.01,1,1,10.00,1,17300.00
2013-12-19T10:41:00.000Z,2013-12-19T17:05:00.000Z,SELL,0.01,1,1,10.00,1,17310.00
2013-12-19T17:05:00.000Z,2013-12-31T15:50:00.000Z,SELL,0.01,3,1,10.00,3,17320.00
2013-12-31T15:50:00.000Z,2013-12-31T17:03:00.000Z,SELL,0.01,2,1,10.00,2,17330.00
2013-12-31T17:03:00.000Z,2014-01-06T03:46:00.000Z,SELL,0.01,2,1,10.00,2,17340.00
2014-01-06T03:46:00.000Z,2014-01-13T03:03:00.000Z,BUY,0.01,5,1,10.00,5,17350.00
2014-01-13T03:03:00.000Z,2014-01-23T17:09:00.000Z,BUY,0.01,5,1,10.00,5,17360.00
2014-01-23T17:09:00.000Z,2014-01-27T01:50:00.000Z,BUY,0.01,1,1,10.00,1,17370.00
2014-01-27T01:50:00.000Z,2014-01-30T15:24:00.000Z,BUY,0.01,2,1,10.00,2,17380.00
2014-01-30T15:24:00.000Z,2014-02-10T08:10:00.000Z,SELL,0.01,2,1,10.00,2,17390.00
2014-02-10T08:10:00.000Z,2014-02-11T04:31:00.000Z,BUY,0.01,1,1,10.00,1,17400.00
2014-02-11T04:31:00.000Z,2014-02-12T17:15:00.000Z,BUY,0.01,1,1,10.00,1,17410.00
2014-02-12T17:15:00.000Z,2014-02-14T03:39:00.000Z,BUY,0.01,1,1,10.00,1,17420.00
2014-02-14T03:39:00.000Z,2014-02-14T13:49:00.000Z,BUY,0.01,1,1,10.00,1,17430.00
2014-02-14T13:49:00.000Z,2014-02-17T03:10:00.000Z,BUY,0.01,1,1,10.00,1,17440.00
2014-02-17T03:10:00.000Z,2014-02-24T13:11:00.000Z,BUY,0.01,1,1,10.00,1,17450.00
2014-02-24T13:11:00.000Z,2014-03-03T09:10:00.000Z,BUY,0.01,1,1,10.00,1,17460.00
2014-03-03T09:10:00.000Z,2014-03-12T03:33:00.000Z,BUY,0.01,1,1,10.00,1,17470.00
2014-03-12T03:33:00.000Z,2014-03-12T15:45:00.000Z,BUY,0.01,1,1,10.00,1,17480.00
2014-03-12T15:45:00.000Z,2014-03-14T14:38:00.000Z,BUY,0.01,1,1,10.00,1,17490.00
2014-03-14T14:38:00.000Z,2014-03-14T15:24:00.000Z,BUY,0.01,1,1,10.00,1,17500.00
2014-03-14T15:24:00.000Z,2014-03-18T13:40:00.000Z,BUY,0.01,2,1,10.00,2,17510.00
2014-03-18T13:40:00.000Z,2014-03-19T10:54:00.000Z,SELL,0.01,1,1,10.00,1,17520.00
2014-03-19T10:54:00.000Z,2014-03-19T19:54:00.000Z,SELL,0.01,1,1,10.00,1,17530.00
2014-03-19T19:54:00.000Z,2014-03-20T01:13:00.000Z,SELL,0.01,1,1,10.00,1,17540.00
2014-03-20T01:13:00.000Z,2014-03-24T14:31:00.000Z,SELL,0.01,1,1,10.00,1,17550.00
2014-03-24T14:31:00.000Z,2014-03-25T14:26:00.000Z,SELL,0.01,1,1,10.00,1,17560.00
2014-03-25T14:26:00.000Z,2014-03-27T10:41:00.000Z,SELL,0.01,1,1,10.00,1,17570.00
2014-03-27T10:41:00.000Z,2014-03-28T15:45:00.000Z,SELL,0.01,1,1,10.00,1,17580.00
2014-03-28T15:45:00.000Z,2014-04-10T04:00:00.000Z,SELL,0.01,2,1,10.00,2,17590.00
2014-04-10T04:00:00.000Z,2014-04-14T01:08:00.000Z,BUY,0.01,1,1,10.00,1,17600.00
2014-04-14T01:08:00.000Z,2014-04-15T09:26:00.000Z,SELL,0.01,1,1,10.00,1,17610.00
2014-04-15T09:26:00.000Z,2014-04-15T13:31:00.000Z,SELL,0.01,1,1,10.00,1,17620.00
2014-04-15T13:31:00.000Z,2014-04-15T15:26:00.000Z,SELL,0.01,1,1,10.00,1,17630.00
2014-04-15T15:26:00.000Z,2014-04-15T15:26:00.000Z,SELL,0.01,1,1,10.00,1,17640.00
2014-04-15T15:26:00.000Z,2014-04-24T14:04:00.000Z,SELL,0.01,3,1,10.00,3,17650.00
2014-04-24T14:04:00.000Z,2014-04-25T17:27:00.000Z,SELL,0.01,2,1,10.00,2,17660.00
2014-04-25T17:27:00.000Z,2014-05-02T15:30:00.000Z,BUY,0.01,2,1,10.00,2,17670.00
2014-05-02T15:30:00.000Z,2014-05-02T15:30:00.000Z,BUY,0.01,1,1,10.00,1,17680.00
2014-05-02T15:30:00.000Z,2014-05-02T17:39:00.000Z,BUY,0.01,1,1,10.00,1,17690.00
2014-05-02T17:39:00.000Z,2014-05-05T04:00:00.000Z,BUY,0.01,1,1,10.00,1,17700.00
2014-05-05T04:00:00.000Z,2014-05-27T15:34:00.000Z,BUY,0.01,4,1,10.00,4,17710.00
2014-05-27T15:34:00.000Z,2014-05-27T19:54:00.000Z,SELL,0.01,1,1,10.00,1,17720.00
2014-05-27T19:54:00.000Z,2014-05-29T09:20:00.000Z,SELL,0.01,1,1,10.00,1,17730.00
2014-05-29T09:20:00.000Z,2014-05-30T17:31:00.000Z,SELL,0.01,1,1,10.00,1,17740.00
2014-05-30T17:31:00.000Z,2014-06-12T21:30:00.000Z,SELL,0.01,2,1,10.00,2,17750.00
2014-06-12T21:30:00.000Z,2014-06-19T15:15:00.000Z,BUY,0.01,1,1,10.00,1,17760.00
2014-06-19T15:15:00.000Z,2014-06-19T16:36:00.000Z,BUY,0.01,1,1,10.00,1,17770.00
2014-06-19T16:36:00.000Z,2014-06-19T19:42:00.000Z,BUY,0.01,1,1,10.00,1,17780.00
2014-06-19T19:42:00.000Z,2014-06-19T19:51:00.000Z,BUY,0.01,1,1,10.00,1,17790.00
2014-06-19T19:51:00.000Z,2014-06-30T20:55:00.000Z,BUY,0.01,1,1,10.00,1,17800.00
2014-06-30T20:55:00.000Z,2014-07-10T12:00:00.000Z,BUY,0.01,1,1,10.00,1,17810.00
2014-07-10T12:00:00.000Z,2014-07-14T16:01:00.000Z,BUY,0.01,2,1,10.00,2,17820.00
2014-07-14T16:01:00.000Z,2014-07-15T17:56:00.000Z,SELL,0.01,1,1,10.00,1,17830.00
2014-07-15T17:56:00.000Z,2014-07-31T15:33:00.000Z,SELL,0.01,3,1,10.00,3,17840.00
2014-07-31T15:33:00.000Z,2014-08-08T05:36:00.000Z,SELL,0.01,2,1,10.00,2,17850.00
2014-08-08T05:36:00.000Z,2014-08-21T06:12:00.000Z,BUY,0.01,2,1,10.00,2,17860.00
2014-08-21T06:12:00.000Z,2014-08-21T09:03:00.000Z,SELL,0.01,1,1,10.00,1,17870.00
2014-08-21T09:03:00.000Z,2014-09-02T15:24:00.000Z,SELL,0.01,3,1,10.00,3,17880.00
2014-09-02T15:24:00.000Z,2014-09-08T18:09:00.000Z,SELL,0.01,1,1,10.00,1,17890.00
2014-09-08T18:09:00.000Z,2014-09-10T19:23:00.000Z,SELL,0.01,1,1,10.00,1,17900.00
2014-09-10T19:23:00.000Z,2014-09-12T05:08:00.000Z,SELL,0.01,1,1,10.00,1,17910.00
2014-09-12T05:08:00.000Z,2014-09-17T22:48:00.000Z,SELL,0.01,1,1,10.00,1,17920.00
2014-09-17T22:48:00.000Z,2014-09-19T20:39:00.000Z,SELL,0.01,1,1,10.00,1,17930.00
2014-09-19T20:39:00.000Z,2014-10-03T15:30:00.000Z,SELL,0.01,3,1,10.00,3,17940.00
2014-10-03T15:30:00.000Z,2014-10-03T17:09:00.000Z,SELL,0.01,1,1,10.00,1,17950.00
2014-10-03T17:09:00.000Z,2014-10-06T01:20:00.000Z,SELL,0.01,1,1,10.00,1,17960.00
2014-10-06T01:20:00.000Z,2014-10-07T16:18:00.000Z,SELL,0.01,2,1,10.00,2,17970.00
2014-10-07T16:18:00.000Z,2014-10-08T22:45:00.000Z,BUY,0.01,1,1,10.00,1,17980.00
2014-10-08T22:45:00.000Z,2014-10-13T04:20:00.000Z,BUY,0.01,1,1,10.00,1,17990.00
2014-10-13T04:20:00.000Z,2014-10-15T16:38:00.000Z,BUY,0.01,1,1,10.00,1,18000.00
2014-10-15T16:38:00.000Z,2014-10-17T16:58:00.000Z,SELL,0.01,1,1,10.00,1,18010.00
2014-10-17T16:58:00.000Z,2014-10-28T02:27:00.000Z,SELL,0.01,3,1,10.00,3,18020.00
2014-10-28T02:27:00.000Z,2014-10-29T20:33:00.000Z,SELL,0.01,1,1,10.00,1,18030.00
2014-10-29T20:33:00.000Z,2014-10-30T10:09:00.000Z,SELL,0.01,1,1,10.00,1,18040.00
2014-10-30T10:09:00.000Z,2014-10-31T07:09:00.000Z,SELL,0.01,1,1,10.00,1,18050.00
2014-10-31T07:09:00.000Z,2014-10-31T09:01:00.000Z,SELL,0.01,1,1,10.00,1,18060.00
2014-10-31T09:01:00.000Z,2014-10-31T09:01:00.000Z,SELL,0.01,1,1,10.00,1,18070.00
2014-10-31T09:01:00.000Z,2014-10-31T15:19:00.000Z,SELL,0.01,1,1,10.00,1,18080.00
2014-10-31T15:19:00.000Z,2014-11-05T07:36:00.000Z,SELL,0.01,1,1,10.00,1,18090.00
2014-11-05T07:36:00.000Z,2014-11-05T13:39:00.000Z,SELL,0.01,1,1,10.00,1,18100.00
2014-11-05T13:39:00.000Z,2014-11-07T19:06:00.000Z,SELL,0.01,2,1,10.00,2,18110.00
2014-11-07T19:06:00.000Z,2014-11-14T19:13:00.000Z,BUY,0.01,5,1,10.00,5,18120.00
2014-11-14T19:13:00.000Z,2014-11-14T20:10:00.000Z,BUY,0.01,1,1,10.00,1,18130.00
2014-11-14T20:10:00.000Z,2014-11-18T12:09:00.000Z,BUY,0.01,1,1,10.00,1,18140.00
2014-11-18T12:09:00.000Z,2014-11-28T19:42:00.000Z,BUY,0.01,4,1,10.00,4,18150.00
2014-11-28T19:42:00.000Z,2014-12-01T01:05:00.000Z,SELL,0.01,1,1,10.00,1,18160.00
2014-12-01T01:05:00.000Z,2014-12-01T01:17:00.000Z,SELL,0.01,1,1,10.00,1,18170.00
2014-12-01T01:17:00.000Z,2014-12-01T11:52:00.000Z,SELL,0.01,2,1,10.00,2,18180.00
2014-12-01T11:52:00.000Z,2014-12-01T14:08:00.000Z,SELL,0.01,1,1,10.00,1,18190.00
2014-12-01T14:08:00.000Z,2014-12-01T18:34:00.000Z,SELL,0.01,2,1,10.00,2,18200.00
2014-12-01T18:34:00.000Z,2014-12-01T19:42:00.000Z,BUY,0.01,1,1,10.00,1,18210.00
2014-12-01T19:42:00.000Z,2014-12-09T16:38:00.000Z,BUY,0.01,5,1,10.00,5,18220.00
2014-12-09T16:38:00.000Z,2014-12-09T17:20:00.000Z,BUY,0.01,1,1,10.00,1,18230.00
2014-12-09T17:20:00.000Z,2014-12-15T21:31:00.000Z,BUY,0.01,2,1,10.00,2,18240.00
2014-12-15T21:31:00.000Z,2014-12-15T22:26:00.000Z,SELL,0.01,1,1,10.00,1,18250.00
2014-12-15T22:26:00.000Z,2014-12-16T14:08:00.000Z,SELL,0.01,2,1,10.00,2,18260.00
2014-12-16T14:08:00.000Z,2014-12-16T14:40:00.000Z,SELL,0.01,1,1,10.00,1,18270.00
2014-12-16T14:40:00.000Z,2014-12-16T16:55:00.000Z,SELL,0.01,1,1,10.00,1,18280.00
2014-12-16T16:55:00.000Z,2014-12-18T12:25:00.000Z,BUY,0.01,1,1,10.00,1,18290.00
2014-12-18T12:25:00.000Z,2014-12-22T18:31:00.000Z,BUY,0.01,2,1,10.00,2,18300.00
2014-12-22T18:31:00.000Z,2014-12-22T22:22:00.000Z,SELL,0.01,1,1,10.00,1,18310.00
2014-12-22T22:22:00.000Z,2014-12-30T15:26:00.000Z,SELL,0.01,2,1,10.00,2,18320.00
2014-12-30T15:26:00.000Z,2014-12-31T17:28:00.000Z,SELL,0.01,1,1,10.00,1,18330.00
2014-12-31T17:28:00.000Z,2015-01-02T13:14:00.000Z,SELL,0.01,1,1,10.00,1,18340.00
2015-01-02T13:14:00.000Z,2015-01-02T15:20:00.000Z,SELL,0.01,1,1,10.00,1,18350.00
2015-01-02T15:20:00.000Z,2015-01-05T17:00:00.000Z,SELL,0.01,2,1,10.00,2,18360.00
2015-01-05T17:00:00.000Z,2015-01-06T09:23:00.000Z,BUY,0.01,1,1,10.00,1,18370.00
2015-01-06T09:23:00.000Z,2015-01-06T18:45:00.000Z,BUY,0.01,1,1,10.00,1,18380.00
2015-01-06T18:45:00.000Z,2015-01-12T20:22:00.000Z,BUY,0.01,1,1,10.00,1,18390.00
2015-01-12T20:22:00.000Z,2015-01-13T10:11:00.000Z,BUY,0.01,1,1,10.00,1,18400.00
2015-01-13T10:11:00.000Z,2015-01-15T13:11:00.000Z,BUY,0.01,1,1,10.00,1,18410.00
2015-01-15T13:11:00.000Z,2015-01-15T17:12:00.000Z,BUY,0.01,1,1,10.00,1,18420.00
2015-01-15T17:12:00.000Z,2015-01-16T16:51:00.000Z,BUY,0.01,1,1,10.00,1,18430.00
2015-01-16T16:51:00.000Z,2015-01-21T01:05:00.000Z,BUY,0.01,1,1,10.00,1,18440.00
2015-01-21T01:05:00.000Z,2015-01-21T01:05:00.000Z,BUY,0.01,1,1,10.00,1,18450.00
2015-01-21T01:05:00.000Z,2015-01-21T08:17:00.000Z,BUY,0.01,1,1,10.00,1,18460.00
2015-01-21T08:17:00.000Z,2015-01-27T02:31:00.000Z,BUY,0.01,4,1,10.00,4,18470.00
2015-01-27T02:31:00.000Z,2015-01-29T17:50:00.000Z,SELL,0.01,3,1,10.00,3,18480.00
2015-01-29T17:50:00.000Z,2015-01-29T19:19:00.000Z,SELL,0.01,1,1,10.00,1,18490.00
2015-01-29T19:19:00.000Z,2015-01-30T22:05:00.000Z,SELL,0.01,2,1,10.00,2,18500.00
2015-01-30T22:05:00.000Z,2015-02-06T15:30:00.000Z,BUY,0.01,2,1,10.00,2,18510.00
2015-02-06T15:30:00.000Z,2015-02-11T17:27:00.000Z,BUY,0.01,2,1,10.00,2,18520.00
2015-02-11T17:27:00.000Z,2015-02-17T16:21:00.000Z,SELL,0.01,1,1,10.00,1,18530.00
2015-02-17T16:21:00.000Z,2015-02-18T18:02:00.000Z,SELL,0.01,1,1,10.00,1,18540.00
2015-02-18T18:02:00.000Z,2015-02-23T10:52:00.000Z,SELL,0.01,3,1,10.00,3,18550.00
2015-02-23T10:52:00.000Z,2015-03-02T04:30:00.000Z,SELL,0.01,2,1,10.00,2,18560.00
2015-03-02T04:30:00.000Z,2015-03-06T15:30:00.000Z,BUY,0.01,2,1,10.00,2,18570.00
2015-03-06T15:30:00.000Z,2015-03-06T16:00:00.000Z,SELL,0.01,1,1,10.00,1,18580.00
2015-03-06T16:00:00.000Z,2015-03-06T18:53:00.000Z,SELL,0.01,1,1,10.00,1,18590.00
2015-03-06T18:53:00.000Z,2015-03-10T06:00:00.000Z,SELL,0.01,1,1,10.00,1,18600.00
2015-03-10T06:00:00.000Z,2015-03-11T16:28:00.000Z,SELL,0.01,1,1,10.00,1,18610.00
2015-03-11T16:28:00.000Z,2015-03-20T16:13:00.000Z,SELL,0.01,2,1,10.00,2,18620.00
2015-03-20T16:13:00.000Z,2015-03-23T21:26:00.000Z,BUY,0.01,1,1,10.00,1,18630.00
2015-03-23T21:26:00.000Z,2015-03-26T08:28:00.000Z,BUY,0.01,1,1,10.00,1,18640.00
2015-03-26T08:28:00.000Z,2015-03-26T10:04:00.000Z,BUY,0.01,1,1,10.00,1,18650.00
2015-03-26T10:04:00.000Z,2015-03-31T06:35:00.000Z,BUY,0.01,2,1,10.00,2,18660.00
2015-03-31T06:35:00.000Z,2015-04-06T01:05:00.000Z,SELL,0.01,2,1,10.00,2,18670.00
2015-04-06T01:05:00.000Z,2015-04-08T19:38:00.000Z,SELL,0.01,1,1,10.00,1,18680.00
2015-04-08T19:38:00.000Z,2015-04-14T09:24:00.000Z,SELL,0.01,1,1,10.00,1,18690.00
2015-04-14T09:24:00.000Z,2015-04-24T17:00:00.000Z,SELL,0.01,1,1,10.00,1,18700.00
2015-04-24T17:00:00.000Z,2015-04-28T17:00:00.000Z,SELL,0.01,2,1,10.00,2,18710.00
2015-04-28T17:00:00.000Z,2015-04-30T16:56:00.000Z,BUY,0.01,2,1,10.00,2,18720.00
2015-04-30T16:56:00.000Z,2015-05-01T15:33:00.000Z,SELL,0.01,1,1,10.00,1,18730.00
2015-05-01T15:33:00.000Z,2015-05-13T15:30:00.000Z,SELL,0.01,2,1,10.00,2,18740.00
2015-05-13T15:30:00.000Z,2015-05-13T16:53:00.000Z,BUY,0.01,1,1,10.00,1,18750.00
2015-05-13T16:53:00.000Z,2015-05-14T15:30:00.000Z,BUY,0.01,1,1,10.00,1,18760.00
2015-05-14T15:30:00.000Z,2015-05-18T09:23:00.000Z,BUY,0.01,1,1,10.00,1,18770.00
2015-05-18T09:23:00.000Z,2015-05-21T16:00:00.000Z,BUY,0.01,2,1,10.00,2,18780.00
2015-05-21T16:00:00.000Z,2015-05-26T15:21:00.000Z,SELL,0.01,1,1,10.00,1,18790.00
2015-05-26T15:21:00.000Z,2015-05-28T16:46:00.000Z,SELL,0.01,1,1,10.00,1,18800.00
2015-05-28T16:46:00.000Z,2015-06-05T15:30:00.000Z,SELL,0.01,3,1,10.00,3,18810.00
2015-06-05T15:30:00.000Z,2015-06-18T15:20:00.000Z,SELL,0.01,2,1,10.00,2,18820.00
2015-06-18T15:20:00.000Z,2015-06-24T15:44:00.000Z,BUY,0.01,2,1,10.00,2,18830.00
2015-06-24T15:44:00.000Z,2015-07-02T14:27:00.000Z,SELL,0.01,1,1,10.00,1,18840.00
2015-07-02T14:27:00.000Z,2015-07-07T17:28:00.000Z,SELL,0.01,1,1,10.00,1,18850.00
2015-07-07T17:28:00.000Z,2015-07-17T15:39:00.000Z,SELL,0.01,1,1,10.00,1,18860.00
2015-07-17T15:39:00.000Z,2015-07-20T01:28:00.000Z,SELL,0.01,1,1,10.00,1,18870.00
2015-07-20T01:28:00.000Z,2015-07-20T04:29:00.000Z,SELL,0.01,1,1,10.00,1,18880.00
2015-07-20T04:29:00.000Z,2015-07-20T04:29:00.000Z,SELL,0.01,1,1,10.00,1,18890.00
2015-07-20T04:29:00.000Z,2015-07-20T04:29:00.000Z,SELL,0.01,1,1,10.00,1,18900.00
2015-07-20T04:29:00.000Z,2015-07-20T04:29:00.000Z,SELL,0.01,1,1,10.00,1,18910.00
2015-07-20T04:29:00.000Z,2015-07-20T04:29:00.000Z,SELL,0.01,1,1,10.00,1,18920.00
2015-07-20T04:29:00.000Z,2015-07-20T04:29:00.000Z,SELL,0.01,2,1,10.00,2,18930.00
2015-07-20T04:29:00.000Z,2015-07-20T04:35:00.000Z,SELL,0.01,3,1,10.00,3,18940.00
2015-07-20T04:35:00.000Z,2015-07-20T04:36:00.000Z,SELL,0.01,1,1,10.00,1,18950.00
2015-07-20T04:36:00.000Z,2015-07-20T09:34:00.000Z,SELL,0.01,2,1,10.00,2,18960.00
2015-07-20T09:34:00.000Z,2015-07-20T16:44:00.000Z,SELL,0.01,1,1,10.00,1,18970.00
2015-07-20T16:44:00.000Z,2015-07-20T23:10:00.000Z,SELL,0.01,1,1,10.00,1,18980.00
2015-07-20T23:10:00.000Z,2015-07-22T15:01:00.000Z,SELL,0.01,1,1,10.00,1,18990.00
2015-07-22T15:01:00.000Z,2015-07-24T05:07:00.000Z,SELL,0.01,1,1,10.00,1,19000.00
2015-07-24T05:07:00.000Z,2015-08-10T18:21:00.000Z,SELL,0.01,2,1,10.00,2,19010.00
2015-08-10T18:21:00.000Z,2015-08-11T10:55:00.000Z,BUY,0.01,1,1,10.00,1,19020.00
2015-08-11T10:55:00.000Z,2015-08-19T16:45:00.000Z,BUY,0.01,1,1,10.00,1,19030.00
2015-08-19T16:45:00.000Z,2015-08-20T06:24:00.000Z,BUY,0.01,1,1,10.00,1,19040.00
2015-08-20T06:24:00.000Z,2015-08-20T17:23:00.000Z,BUY,0.01,1,1,10.00,1,19050.00
2015-08-20T17:23:00.000Z,2015-08-21T04:10:00.000Z,BUY,0.01,1,1,10.00,1,19060.00
2015-08-21T04:10:00.000Z,2015-08-24T16:31:00.000Z,BUY,0.01,1,1,10.00,1,19070.00
2015-08-24T16:31:00.000Z,2015-08-24T17:26:00.000Z,SELL,0.01,1,1,10.00,1,19080.00
2015-08-24T17:26:00.000Z,2015-08-26T14:58:00.000Z,BUY,0.01,2,1,10.00,2,19090.00
2015-08-26T14:58:00.000Z,2015-08-26T17:23:00.000Z,SELL,0.01,1,1,10.00,1,19100.00
2015-08-26T17:23:00.000Z,2015-09-09T18:48:00.000Z,SELL,0.01,3,1,10.00,3,19110.00
2015-09-09T18:48:00.000Z,2015-09-18T12:23:00.000Z,SELL,0.01,2,1,10.00,2,19120.00
2015-09-18T12:23:00.000Z,2015-09-24T16:42:00.000Z,BUY,0.01,1,1,10.00,1,19130.00
2015-09-24T16:42:00.000Z,2015-09-30T15:37:00.000Z,BUY,0.01,2,1,10.00,2,19140.00
2015-09-30T15:37:00.000Z,2015-10-02T11:13:00.000Z,SELL,0.01,1,1,10.00,1,19150.00
2015-10-02T11:13:00.000Z,2015-10-02T16:51:00.000Z,SELL,0.01,2,1,10.00,2,19160.00
2015-10-02T16:51:00.000Z,2015-10-06T16:46:00.000Z,BUY,0.01,1,1,10.00,1,19170.00
2015-10-06T16:46:00.000Z,2015-10-09T17:51:00.000Z,BUY,0.01,1,1,10.00,1,19180.00
2015-10-09T17:51:00.000Z,2015-10-12T15:03:00.000Z,BUY,0.01,1,1,10.00,1,19190.00
2015-10-12T15:03:00.000Z,2015-10-14T20:01:00.000Z,BUY,0.01,1,1,10.00,1,19200.00
2015-10-14T20:01:00.000Z,2015-10-14T22:19:00.000Z,BUY,0.01,1,1,10.00,1,19210.00
2015-10-14T22:19:00.000Z,2015-10-23T16:55:00.000Z,BUY,0.01,2,1,10.00,2,19220.00
2015-10-23T16:55:00.000Z,2015-10-26T16:02:00.000Z,BUY,0.01,1,1,10.00,1,19230.00
2015-10-26T16:02:00.000Z,2015-10-28T20:32:00.000Z,SELL,0.01,1,1,10.00,1,19240.00
2015-10-28T20:32:00.000Z,2015-11-03T15:22:00.000Z,BUY,0.01,2,1,10.00,2,19250.00
2015-11-03T15:22:00.000Z,2015-11-03T19:03:00.000Z,SELL,0.01,1,1,10.00,1,19260.00
2015-11-03T19:03:00.000Z,2015-11-04T20:04:00.000Z,SELL,0.01,1,1,10.00,1,19270.00
2015-11-04T20:04:00.000Z,2015-11-06T15:30:00.000Z,SELL,0.01,1,1,10.00,1,19280.00
2015-11-06T15:30:00.000Z,2015-11-17T18:45:00.000Z,BUY,0.01,2,1,10.00,2,19290.00
2015-11-17T18:45:00.000Z,2015-11-27T15:12:00.000Z,SELL,0.01,1,1,10.00,1,19300.00
2015-11-27T15:12:00.000Z,2015-12-03T03:12:00.000Z,SELL,0.01,1,1,10.00,1,19310.00
2015-12-03T03:12:00.000Z,2015-12-04T16:39:00.000Z,SELL,0.01,2,1,10.00,2,19320.00
2015-12-04T16:39:00.000Z,2015-12-04T17:17:00.000Z,BUY,0.01,1,1,10.00,1,19330.00
2015-12-04T17:17:00.000Z,2015-12-17T15:46:00.000Z,BUY,0.01,2,1,10.00,2,19340.00
2015-12-17T15:46:00.000Z,2015-12-17T17:15:00.000Z,SELL,0.01,1,1,10.00,1,19350.00
2015-12-17T17:15:00.000Z,2015-12-21T16:57:00.000Z,SELL,0.01,2,1,10.00,2,19360.00
2015-12-21T16:57:00.000Z,2016-01-06T14:52:00.000Z,BUY,0.01,3,1,10.00,3,19370.00
2016-01-06T14:52:00.000Z,2016-01-07T04:10:00.000Z,BUY,0.01,1,1,10.00,1,19380.00
2016-01-07T04:10:00.000Z,2016-01-07T19:55:00.000Z,BUY,0.01,1,1,10.00,1,19390.00
2016-01-07T19:55:00.000Z,2016-01-14T19:24:00.000Z,BUY,0.01,2,1,10.00,2,19400.00
2016-01-14T19:24:00.000Z,2016-01-20T19:39:00.000Z,SELL,0.01,2,1,10.00,2,19410.00
2016-01-20T19:39:00.000Z,2016-01-26T18:00:00.000Z,BUY,0.01,1,1,10.00,1,19420.00
2016-01-26T18:00:00.000Z,2016-02-01T22:47:00.000Z,BUY,0.01,1,1,10.00,1,19430.00
2016-02-01T22:47:00.000Z,2016-02-03T18:07:00.000Z,BUY,0.01,1,1,10.00,1,19440.00
2016-02-03T18:07:00.000Z,2016-02-04T15:11:00.000Z,BUY,0.01,1,1,10.00,1,19450.00
2016-02-04T15:11:00.000Z,2016-02-05T13:13:00.000Z,BUY,0.01,1,1,10.00,1,19460.00
2016-02-05T13:13:00.000Z,2016-02-05T22:43:00.000Z,BUY,0.01,1,1,10.00,1,19470.00
2016-02-05T22:43:00.000Z,2016-02-08T14:43:00.000Z,BUY,0.01,1,1,10.00,1,19480.00
2016-02-08T14:43:00.000Z,2016-02-08T16:37:00.000Z,BUY,0.01,1,1,10.00,1,19490.00
2016-02-08T16:37:00.000Z,2016-02-11T02:14:00.000Z,BUY,0.01,1,1,10.00,1,19500.00
2016-02-11T02:14:00.000Z,2016-02-11T02:40:00.000Z,BUY,0.01,1,1,10.00,1,19510.00
2016-02-11T02:40:00.000Z,2016-02-11T12:20:00.000Z,BUY,0.01,1,1,10.00,1,19520.00
2016-02-11T12:20:00.000Z,2016-02-11T13:54:00.000Z,BUY,0.01,1,1,10.00,1,19530.00
2016-02-11T13:54:00.000Z,2016-02-11T13:55:00.000Z,BUY,0.01,1,1,10.00,1,19540.00
2016-02-11T13:55:00.000Z,2016-02-11T18:29:00.000Z,BUY,0.01,1,1,10.00,1,19550.00
2016-02-11T18:29:00.000Z,2016-02-11T18:34:00.000Z,BUY,0.01,1,1,10.00,1,19560.00
2016-02-11T18:34:00.000Z,2016-02-15T01:05:00.000Z,BUY,0.01,2,1,10.00,2,19570.00
2016-02-15T01:05:00.000Z,2016-02-15T17:26:00.000Z,BUY,0.01,2,1,10.00,2,19580.00
2016-02-15T17:26:00.000Z,2016-02-16T05:45:00.000Z,SELL,0.01,1,1,10.00,1,19590.00
2016-02-16T05:45:00.000Z,2016-02-18T19:42:00.000Z,SELL,0.01,2,1,10.00,2,19600.00
2016-02-18T19:42:00.000Z,2016-02-18T20:39:00.000Z,BUY,0.01,1,1,10.00,1,19610.00
2016-02-18T20:39:00.000Z,2016-02-22T13:42:00.000Z,BUY,0.01,2,1,10.00,2,19620.00
2016-02-22T13:42:00.000Z,2016-02-24T01:42:00.000Z,SELL,0.01,2,1,10.00,2,19630.00
2016-02-24T01:42:00.000Z,2016-02-24T15:34:00.000Z,BUY,0.01,1,1,10.00,1,19640.00
2016-02-24T15:34:00.000Z,2016-02-24T17:23:00.000Z,BUY,0.01,1,1,10.00,1,19650.00
2016-02-24T17:23:00.000Z,2016-02-25T01:22:00.000Z,BUY,0.01,2,1,10.00,2,19660.00
2016-02-25T01:22:00.000Z,2016-02-25T03:05:00.000Z,BUY,0.01,1,1,10.00,1,19670.00
2016-02-25T03:05:00.000Z,2016-02-26T17:38:00.000Z,SELL,0.01,1,1,10.00,1,19680.00
2016-02-26T17:38:00.000Z,2016-02-26T18:07:00.000Z,SELL,0.01,1,1,10.00,1,19690.00
2016-02-26T18:07:00.000Z,2016-03-01T03:20:00.000Z,SELL,0.01,2,1,10.00,2,19700.00
2016-03-01T03:20:00.000Z,2016-03-03T17:16:00.000Z,BUY,0.01,1,1,10.00,1,19710.00
2016-03-03T17:16:00.000Z,2016-03-03T22:20:00.000Z,BUY,0.01,1,1,10.00,1,19720.00
2016-03-03T22:20:00.000Z,2016-03-04T11:11:00.000Z,BUY,0.01,1,1,10.00,1,19730.00
2016-03-04T11:11:00.000Z,2016-03-09T16:44:00.000Z,BUY,0.01,4,1,10.00,4,19740.00
2016-03-09T16:44:00.000Z,2016-03-11T03:07:00.000Z,SELL,0.01,2,1,10.00,2,19750.00
2016-03-11T03:07:00.000Z,2016-03-14T16:51:00.000Z,BUY,0.01,2,1,10.00,2,19760.00
2016-03-14T16:51:00.000Z,2016-03-14T21:06:00.000Z,SELL,0.01,1,1,10.00,1,19770.00
2016-03-14T21:06:00.000Z,2016-03-16T22:30:00.000Z,SELL,0.01,2,1,10.00,2,19780.00
2016-03-16T22:30:00.000Z,2016-03-23T06:25:00.000Z,BUY,0.01,2,1,10.00,2,19790.00
2016-03-23T06:25:00.000Z,2016-03-23T14:32:00.000Z,SELL,0.01,1,1,10.00,1,19800.00
2016-03-23T14:32:00.000Z,2016-03-24T09:00:00.000Z,SELL,0.01,1,1,10.00,1,19810.00
2016-03-24T09:00:00.000Z,2016-03-29T21:46:00.000Z,SELL,0.01,2,1,10.00,2,19820.00
2016-03-29T21:46:00.000Z,2016-04-01T17:04:00.000Z,BUY,0.01,2,1,10.00,2,19830.00
2016-04-01T17:04:00.000Z,2016-04-07T16:32:00.000Z,SELL,0.01,2,1,10.00,2,19840.00
2016-04-07T16:32:00.000Z,2016-04-11T10:14:00.000Z,BUY,0.01,1,1,10.00,1,19850.00
2016-04-11T10:14:00.000Z,2016-04-21T15:03:00.000Z,BUY,0.01,3,1,10.00,3,19860.00
2016-04-21T15:03:00.000Z,2016-04-22T19:31:00.000Z,BUY,0.01,2,1,10.00,2,19870.00
2016-04-22T19:31:00.000Z,2016-04-28T18:20:00.000Z,SELL,0.01,2,1,10.00,2,19880.00
2016-04-28T18:20:00.000Z,2016-04-29T04:29:00.000Z,BUY,0.01,1,1,10.00,1,19890.00
2016-04-29T04:29:00.000Z,2016-04-29T16:45:00.000Z,BUY,0.01,1,1,10.00,1,19900.00
2016-04-29T16:45:00.000Z,2016-04-29T18:15:00.000Z,BUY,0.01,1,1,10.00,1,19910.00
2016-04-29T18:15:00.000Z,2016-05-09T16:44:00.000Z,BUY,0.01,4,1,10.00,4,19920.00
2016-05-09T16:44:00.000Z,2016-05-19T08:45:00.000Z,SELL,0.01,3,1,10.00,3,19930.00
2016-05-19T08:45:00.000Z,2016-05-23T16:30:00.000Z,SELL,0.01,1,1,10.00,1,19940.00
2016-05-23T16:30:00.000Z,2016-05-24T18:31:00.000Z,SELL,0.01,1,1,10.00,1,19950.00
2016-05-24T18:31:00.000Z,2016-05-25T09:26:00.000Z,SELL,0.01,1,1,10.00,1,19960.00
2016-05-25T09:26:00.000Z,2016-05-27T05:39:00.000Z,SELL,0.01,1,1,10.00,1,19970.00
2016-05-27T05:39:00.000Z,2016-05-30T04:24:00.000Z,SELL,0.01,1,1,10.00,1,19980.00
2016-05-30T04:24:00.000Z,2016-06-03T15:35:00.000Z,SELL,0.01,2,1,10.00,2,19990.00
2016-06-03T15:35:00.000Z,2016-06-08T16:33:00.000Z,SELL,0.01,2,1,10.00,2,20000.00
2016-06-08T16:33:00.000Z,2016-06-10T16:18:00.000Z,BUY,0.02,1,1,20.00,1,20020.00
2016-06-10T16:18:00.000Z,2016-06-13T08:54:00.000Z,BUY,0.02,1,1,20.00,1,20040.00
2016-06-13T08:54:00.000Z,2016-06-15T21:01:00.000Z,BUY,0.02,1,1,20.00,1,20060.00
2016-06-15T21:01:00.000Z,2016-06-16T09:00:00.000Z,BUY,0.02,1,1,20.00,1,20080.00
2016-06-16T09:00:00.000Z,2016-06-16T17:23:00.000Z,BUY,0.02,1,1,20.00,1,20100.00
2016-06-16T17:23:00.000Z,2016-06-16T20:58:00.000Z,BUY,0.02,2,1,20.00,2,20120.00
2016-06-16T20:58:00.000Z,2016-06-17T17:17:00.000Z,BUY,0.02,1,1,20.00,1,20140.00
2016-06-17T17:17:00.000Z,2016-06-20T01:06:00.000Z,SELL,0.02,1,1,20.00,1,20160.00
2016-06-20T01:06:00.000Z,2016-06-21T03:14:00.000Z,BUY,0.02,1,1,20.00,1,20180.00
2016-06-21T03:14:00.000Z,2016-06-22T08:44:00.000Z,BUY,0.02,2,1,20.00,2,20200.00
2016-06-22T08:44:00.000Z,2016-06-24T01:05:00.000Z,SELL,0.02,1,1,20.00,1,20220.00
2016-06-24T01:05:00.000Z,2016-06-24T04:08:00.000Z,SELL,0.02,2,1,20.00,2,20240.00
2016-06-24T04:08:00.000Z,2016-06-24T04:22:00.000Z,SELL,0.02,1,1,20.00,1,20260.00
2016-06-24T04:22:00.000Z,2016-06-24T05:43:00.000Z,SELL,0.02,2,1,20.00,2,20280.00
2016-06-24T05:43:00.000Z,2016-06-24T06:32:00.000Z,BUY,0.02,1,1,20.00,1,20300.00
2016-06-24T06:32:00.000Z,2016-06-24T06:39:00.000Z,BUY,0.02,1,1,20.00,1,20320.00
2016-06-24T06:39:00.000Z,2016-06-24T06:43:00.000Z,BUY,0.02,1,1,20.00,1,20340.00
2016-06-24T06:43:00.000Z,2016-06-24T06:47:00.000Z,BUY,0.02,1,1,20.00,1,20360.00
2016-06-24T06:47:00.000Z,2016-06-24T06:50:00.000Z,BUY,0.02,1,1,20.00,1,20380.00
2016-06-24T06:50:00.000Z,2016-06-24T07:10:00.000Z,BUY,0.02,2,1,20.00,2,20400.00
2016-06-24T07:10:00.000Z,2016-06-24T07:57:00.000Z,BUY,0.02,1,1,20.00,1,20420.00
2016-06-24T07:57:00.000Z,2016-07-04T04:07:00.000Z,BUY,0.02,5,1,20.00,5,20440.00
2016-07-04T04:07:00.000Z,2016-07-04T05:30:00.000Z,BUY,0.02,1,1,20.00,1,20460.00
2016-07-04T05:30:00.000Z,2016-07-06T04:01:00.000Z,BUY,0.02,1,1,20.00,1,20480.00
2016-07-06T04:01:00.000Z,2016-07-08T15:31:00.000Z,BUY,0.02,2,1,20.00,2,20500.00
2016-07-08T15:31:00.000Z,2016-07-08T16:15:00.000Z,SELL,0.02,2,1,20.00,2,20520.00
2016-07-08T16:15:00.000Z,2016-07-08T16:43:00.000Z,SELL,0.02,1,1,20.00,1,20540.00
2016-07-08T16:43:00.000Z,2016-07-12T15:05:00.000Z,SELL,0.02,1,1,20.00,1,20560.00
2016-07-12T15:05:00.000Z,2016-07-12T18:49:00.000Z,SELL,0.02,1,1,20.00,1,20580.00
2016-07-12T18:49:00.000Z,2016-07-14T12:01:00.000Z,SELL,0.02,1,1,20.00,1,20600.00
2016-07-14T12:01:00.000Z,2016-07-20T16:29:00.000Z,SELL,0.02,1,1,20.00,1,20620.00
2016-07-20T16:29:00.000Z,2016-07-28T15:05:00.000Z,SELL,0.02,2,1,20.00,2,20640.00
2016-07-28T15:05:00.000Z,2016-07-29T22:15:00.000Z,BUY,0.02,1,1,20.00,1,20660.00
2016-07-29T22:15:00.000Z,2016-08-02T17:06:00.000Z,BUY,0.02,1,1,20.00,1,20680.00
2016-08-02T17:06:00.000Z,2016-08-05T22:33:00.000Z,BUY,0.02,2,1,20.00,2,20700.00
2016-08-05T22:33:00.000Z,2016-08-16T14:12:00.000Z,SELL,0.02,5,0,-4840.00,5,15860.00
2016-08-16T14:12:00.000Z,2016-08-24T21:11:00.000Z,BUY,0.01,2,1,10.00,2,15870.00
2016-08-24T21:11:00.000Z,2016-08-30T20:00:00.000Z,SELL,0.01,1,1,10.00,1,15880.00
2016-08-30T20:00:00.000Z,2016-09-01T15:30:00.000Z,SELL,0.01,1,1,10.00,1,15890.00
2016-09-01T15:30:00.000Z,2016-09-06T15:29:00.000Z,SELL,0.01,4,1,10.00,4,15900.00
2016-09-06T15:29:00.000Z,2016-09-06T19:40:00.000Z,BUY,0.01,1,1,10.00,1,15910.00
2016-09-06T19:40:00.000Z,2016-09-14T02:27:00.000Z,BUY,0.01,2,1,10.00,2,15920.00
2016-09-14T02:27:00.000Z,2016-10-04T15:20:00.000Z,SELL,0.01,3,1,10.00,3,15930.00
2016-10-04T15:20:00.000Z,2016-10-04T15:35:00.000Z,SELL,0.01,1,1,10.00,1,15940.00
2016-10-04T15:35:00.000Z,2016-10-04T16:49:00.000Z,SELL,0.01,1,1,10.00,1,15950.00
2016-10-04T16:49:00.000Z,2016-10-04T19:46:00.000Z,SELL,0.01,1,1,10.00,1,15960.00
2016-10-04T19:46:00.000Z,2016-10-05T19:34:00.000Z,SELL,0.01,1,1,10.00,1,15970.00
2016-10-05T19:34:00.000Z,2016-10-06T16:36:00.000Z,SELL,0.01,1,1,10.00,1,15980.00
2016-10-06T16:36:00.000Z,2016-10-07T18:34:00.000Z,SELL,0.01,1,1,10.00,1,15990.00
2016-10-07T18:34:00.000Z,2016-10-07T19:48:00.000Z,BUY,0.01,1,1,10.00,1,16000.00
2016-10-07T19:48:00.000Z,2016-10-28T21:00:00.000Z,SELL,0.01,2,1,10.00,2,16010.00
2016-10-28T21:00:00.000Z,2016-11-02T08:51:00.000Z,BUY,0.01,1,1,10.00,1,16020.00
2016-11-02T08:51:00.000Z,2016-11-02T16:02:00.000Z,BUY,0.01,1,1,10.00,1,16030.00
2016-11-02T16:02:00.000Z,2016-11-08T18:40:00.000Z,BUY,0.01,2,1,10.00,2,16040.00
2016-11-08T18:40:00.000Z,2016-11-09T04:22:00.000Z,SELL,0.01,2,1,10.00,2,16050.00
2016-11-09T04:22:00.000Z,2016-11-09T07:06:00.000Z,SELL,0.01,2,1,10.00,2,16060.00
2016-11-09T07:06:00.000Z,2016-11-09T10:10:00.000Z,BUY,0.01,2,1,10.00,2,16070.00
2016-11-09T10:10:00.000Z,2016-11-09T20:06:00.000Z,BUY,0.01,2,1,10.00,2,16080.00
2016-11-09T20:06:00.000Z,2016-11-10T16:42:00.000Z,SELL,0.01,1,1,10.00,1,16090.00
2016-11-10T16:42:00.000Z,2016-11-10T22:34:00.000Z,SELL,0.01,1,1,10.00,1,16100.00
2016-11-10T22:34:00.000Z,2016-11-11T16:46:00.000Z,SELL,0.01,1,1,10.00,1,16110.00
2016-11-11T16:46:00.000Z,2016-11-11T17:11:00.000Z,SELL,0.01,1,1,10.00,1,16120.00
2016-11-11T17:11:00.000Z,2016-11-11T20:32:00.000Z,SELL,0.01,1,1,10.00,1,16130.00
2016-11-11T20:32:00.000Z,2016-11-14T17:11:00.000Z,SELL,0.01,1,1,10.00,1,16140.00
2016-11-14T17:11:00.000Z,2016-11-23T15:27:00.000Z,SELL,0.01,3,1,10.00,3,16150.00
2016-11-23T15:27:00.000Z,2016-11-23T15:30:00.000Z,SELL,0.01,1,1,10.00,1,16160.00
2016-11-23T15:30:00.000Z,2016-11-24T10:11:00.000Z,SELL,0.01,1,1,10.00,1,16170.00
2016-11-24T10:11:00.000Z,2016-11-25T03:03:00.000Z,SELL,0.01,1,1,10.00,1,16180.00
2016-11-25T03:03:00.000Z,2016-12-01T17:00:00.000Z,SELL,0.01,3,1,10.00,3,16190.00
2016-12-01T17:00:00.000Z,2016-12-14T21:13:00.000Z,SELL,0.01,3,1,10.00,3,16200.00
2016-12-14T21:13:00.000Z,2016-12-30T01:50:00.000Z,BUY,0.01,3,1,10.00,3,16210.00
2016-12-30T01:50:00.000Z,2017-01-05T02:44:00.000Z,BUY,0.01,1,1,10.00,1,16220.00
2017-01-05T02:44:00.000Z,2017-01-05T17:28:00.000Z,BUY,0.01,1,1,10.00,1,16230.00
2017-01-05T17:28:00.000Z,2017-01-11T20:03:00.000Z,BUY,0.01,1,1,10.00,1,16240.00
2017-01-11T20:03:00.000Z,2017-01-27T15:47:00.000Z,SELL,0.01,3,1,10.00,3,16250.00
2017-01-27T15:47:00.000Z,2017-01-31T16:33:00.000Z,SELL,0.01,2,1,10.00,2,16260.00
2017-01-31T16:33:00.000Z,2017-02-02T12:06:00.000Z,BUY,0.01,1,1,10.00,1,16270.00
2017-02-02T12:06:00.000Z,2017-02-06T20:38:00.000Z,BUY,0.01,1,1,10.00,1,16280.00
2017-02-06T20:38:00.000Z,2017-02-08T16:40:00.000Z,BUY,0.01,1,1,10.00,1,16290.00
2017-02-08T16:40:00.000Z,2017-02-24T08:12:00.000Z,BUY,0.01,3,1,10.00,3,16300.00
2017-02-24T08:12:00.000Z,2017-02-27T18:19:00.000Z,BUY,0.01,1,1,10.00,1,16310.00
2017-02-27T18:19:00.000Z,2017-03-02T19:12:00.000Z,BUY,0.01,2,1,10.00,2,16320.00
2017-03-02T19:12:00.000Z,2017-03-07T15:05:00.000Z,SELL,0.01,1,1,10.00,1,16330.00
2017-03-07T15:05:00.000Z,2017-03-08T11:09:00.000Z,SELL,0.01,1,1,10.00,1,16340.00
2017-03-08T11:09:00.000Z,2017-03-09T18:09:00.000Z,SELL,0.01,1,1,10.00,1,16350.00
2017-03-09T18:09:00.000Z,2017-03-16T14:20:00.000Z,SELL,0.01,2,1,10.00,2,16360.00
2017-03-16T14:20:00.000Z,2017-03-21T16:19:00.000Z,BUY,0.01,1,1,10.00,1,16370.00
2017-03-21T16:19:00.000Z,2017-03-23T14:45:00.000Z,BUY,0.01,1,1,10.00,1,16380.00
2017-03-23T14:45:00.000Z,2017-04-07T04:26:00.000Z,BUY,0.01,1,1,10.00,1,16390.00
2017-04-07T04:26:00.000Z,2017-04-07T21:00:00.000Z,SELL,0.01,1,1,10.00,1,16400.00
2017-04-07T21:00:00.000Z,2017-04-11T16:10:00.000Z,BUY,0.01,1,1,10.00,1,16410.00
2017-04-11T16:10:00.000Z,2017-04-11T17:57:00.000Z,BUY,0.01,1,1,10.00,1,16420.00
2017-04-11T17:57:00.000Z,2017-04-12T22:19:00.000Z,BUY,0.01,1,1,10.00,1,16430.00
2017-04-12T22:19:00.000Z,2017-04-17T01:24:00.000Z,BUY,0.01,1,1,10.00,1,16440.00
2017-04-17T01:24:00.000Z,2017-04-25T19:15:00.000Z,BUY,0.01,2,1,10.00,2,16450.00
2017-04-25T19:15:00.000Z,2017-05-02T15:20:00.000Z,SELL,0.01,1,1,10.00,1,16460.00
2017-05-02T15:20:00.000Z,2017-05-03T22:50:00.000Z,SELL,0.01,1,1,10.00,1,16470.00
2017-05-03T22:50:00.000Z,2017-05-04T15:16:00.000Z,SELL,0.01,1,1,10.00,1,16480.00
2017-05-04T15:16:00.000Z,2017-05-09T15:27:00.000Z,SELL,0.01,1,1,10.00,1,16490.00
2017-05-09T15:27:00.000Z,2017-05-17T16:01:00.000Z,SELL,0.01,2,1,10.00,2,16500.00
2017-05-17T16:01:00.000Z,2017-05-18T01:42:00.000Z,BUY,0.01,1,1,10.00,1,16510.00
2017-05-18T01:42:00.000Z,2017-05-31T20:29:00.000Z,BUY,0.01,1,1,10.00,1,16520.00
2017-05-31T20:29:00.000Z,2017-06-05T15:12:00.000Z,BUY,0.01,1,1,10.00,1,16530.00
2017-06-05T15:12:00.000Z,2017-06-06T14:27:00.000Z,BUY,0.01,1,1,10.00,1,16540.00
2017-06-06T14:27:00.000Z,2017-06-13T04:10:00.000Z,BUY,0.01,2,1,10.00,2,16550.00
2017-06-13T04:10:00.000Z,2017-06-15T15:30:00.000Z,SELL,0.01,1,1,10.00,1,16560.00
2017-06-15T15:30:00.000Z,2017-06-20T16:46:00.000Z,SELL,0.01,1,1,10.00,1,16570.00
2017-06-20T16:46:00.000Z,2017-07-03T15:03:00.000Z,SELL,0.01,1,1,10.00,1,16580.00
2017-07-03T15:03:00.000Z,2017-07-03T18:15:00.000Z,SELL,0.01,1,1,10.00,1,16590.00
2017-07-03T18:15:00.000Z,2017-07-07T18:01:00.000Z,SELL,0.01,1,1,10.00,1,16600.00
2017-07-07T18:01:00.000Z,2017-07-18T15:43:00.000Z,SELL,0.01,2,1,10.00,2,16610.00
2017-07-18T15:43:00.000Z,2017-07-21T18:49:00.000Z,BUY,0.01,1,1,10.00,1,16620.00
2017-07-21T18:49:00.000Z,2017-07-26T22:05:00.000Z,BUY,0.01,1,1,10.00,1,16630.00
2017-07-26T22:05:00.000Z,2017-08-01T17:02:00.000Z,BUY,0.01,1,1,10.00,1,16640.00
2017-08-01T17:02:00.000Z,2017-08-03T02:03:00.000Z,SELL,0.01,1,1,10.00,1,16650.00
2017-08-03T02:03:00.000Z,2017-08-08T18:00:00.000Z,SELL,0.01,1,1,10.00,1,16660.00
2017-08-08T18:00:00.000Z,2017-08-08T22:55:00.000Z,BUY,0.01,1,1,10.00,1,16670.00
2017-08-08T22:55:00.000Z,2017-08-18T10:00:00.000Z,SELL,0.01,2,1,10.00,2,16680.00
2017-08-18T10:00:00.000Z,2017-08-28T17:58:00.000Z,BUY,0.01,1,1,10.00,1,16690.00
2017-08-28T17:58:00.000Z,2017-08-29T01:05:00.000Z,BUY,0.01,1,1,10.00,1,16700.00
2017-08-29T01:05:00.000Z,2017-08-29T01:18:00.000Z,BUY,0.01,1,1,10.00,1,16710.00
2017-08-29T01:18:00.000Z,2017-09-04T01:05:00.000Z,BUY,0.01,3,1,10.00,3,16720.00
2017-09-04T01:05:00.000Z,2017-09-05T21:59:00.000Z,BUY,0.01,1,1,10.00,1,16730.00
2017-09-05T21:59:00.000Z,2017-09-08T06:49:00.000Z,BUY,0.01,1,1,10.00,1,16740.00
2017-09-08T06:49:00.000Z,2017-09-12T07:33:00.000Z,BUY,0.01,2,1,10.00,2,16750.00
2017-09-12T07:33:00.000Z,2017-09-18T11:00:00.000Z,SELL,0.01,1,1,10.00,1,16760.00
2017-09-18T11:00:00.000Z,2017-09-20T21:10:00.000Z,SELL,0.01,1,1,10.00,1,16770.00
2017-09-20T21:10:00.000Z,2017-09-26T06:58:00.000Z,BUY,0.01,1,1,10.00,1,16780.00
2017-09-26T06:58:00.000Z,2017-09-27T15:51:00.000Z,BUY,0.01,2,1,10.00,2,16790.00
2017-09-27T15:51:00.000Z,2017-10-02T09:31:00.000Z,SELL,0.01,1,1,10.00,1,16800.00
2017-10-02T09:31:00.000Z,2017-10-06T16:34:00.000Z,SELL,0.01,1,1,10.00,1,16810.00
2017-10-06T16:34:00.000Z,2017-10-10T16:50:00.000Z,SELL,0.01,2,1,10.00,2,16820.00
2017-10-10T16:50:00.000Z,2017-10-13T22:50:00.000Z,BUY,0.01,1,1,10.00,1,16830.00
2017-10-13T22:50:00.000Z,2017-10-23T15:37:00.000Z,BUY,0.01,2,1,10.00,2,16840.00
2017-10-23T15:37:00.000Z,2017-12-05T18:15:00.000Z,SELL,0.01,3,1,10.00,3,16850.00
2017-12-05T18:15:00.000Z,2017-12-07T16:15:00.000Z,SELL,0.01,1,1,10.00,1,16860.00
2017-12-07T16:15:00.000Z,2017-12-11T21:26:00.000Z,SELL,0.01,1,1,10.00,1,16870.00
2017-12-11T21:26:00.000Z,2017-12-22T17:36:00.000Z,SELL,0.01,2,1,10.00,2,16880.00
2017-12-22T17:36:00.000Z,2017-12-26T18:40:00.000Z,BUY,0.01,1,1,10.00,1,16890.00
2017-12-26T18:40:00.000Z,2017-12-28T11:07:00.000Z,BUY,0.01,1,1,10.00,1,16900.00
2017-12-28T11:07:00.000Z,2017-12-29T16:26:00.000Z,BUY,0.01,1,1,10.00,1,16910.00
2017-12-29T16:26:00.000Z,2018-01-02T15:30:00.000Z,BUY,0.01,1,1,10.00,1,16920.00
2018-01-02T15:30:00.000Z,2018-01-04T21:33:00.000Z,BUY,0.01,1,1,10.00,1,16930.00
2018-01-04T21:33:00.000Z,2018-01-12T20:28:00.000Z,BUY,0.01,1,1,10.00,1,16940.00
2018-01-12T20:28:00.000Z,2018-01-15T07:21:00.000Z,BUY,0.01,1,1,10.00,1,16950.00
2018-01-15T07:21:00.000Z,2018-01-24T16:34:00.000Z,BUY,0.01,3,1,10.00,3,16960.00
2018-01-24T16:34:00.000Z,2018-01-25T07:58:00.000Z,BUY,0.01,1,1,10.00,1,16970.00
2018-01-25T07:58:00.000Z,2018-01-30T07:49:00.000Z,BUY,0.01,2,1,10.00,2,16980.00
2018-01-30T07:49:00.000Z,2018-02-06T22:01:00.000Z,SELL,0.01,1,1,10.00,1,16990.00
2018-02-06T22:01:00.000Z,2018-02-07T20:22:00.000Z,SELL,0.01,1,1,10.00,1,17000.00
2018-02-07T20:22:00.000Z,2018-02-14T17:20:00.000Z,SELL,0.01,2,1,10.00,2,17010.00
2018-02-14T17:20:00.000Z,2018-02-14T20:20:00.000Z,BUY,0.01,1,1,10.00,1,17020.00
2018-02-14T20:20:00.000Z,2018-02-21T22:01:00.000Z,BUY,0.01,2,1,10.00,2,17030.00
2018-02-21T22:01:00.000Z,2018-02-27T19:14:00.000Z,SELL,0.01,1,1,10.00,1,17040.00
2018-02-27T19:14:00.000Z,2018-03-01T17:20:00.000Z,SELL,0.01,1,1,10.00,1,17050.00
2018-03-01T17:20:00.000Z,2018-03-06T17:11:00.000Z,SELL,0.01,2,1,10.00,2,17060.00
2018-03-06T17:11:00.000Z,2018-03-23T14:20:00.000Z,BUY,0.01,3,1,10.00,3,17070.00
2018-03-23T14:20:00.000Z,2018-03-26T17:16:00.000Z,BUY,0.01,1,1,10.00,1,17080.00
2018-03-26T17:16:00.000Z,2018-03-28T21:19:00.000Z,BUY,0.01,2,1,10.00,2,17090.00
2018-03-28T21:19:00.000Z,2018-04-11T15:35:00.000Z,SELL,0.01,4,1,10.00,4,17100.00
2018-04-11T15:35:00.000Z,2018-04-11T18:39:00.000Z,BUY,0.01,1,1,10.00,1,17110.00
2018-04-11T18:39:00.000Z,2018-04-12T22:31:00.000Z,BUY,0.01,2,1,10.00,2,17120.00
2018-04-12T22:31:00.000Z,2018-04-23T15:35:00.000Z,SELL,0.01,3,1,10.00,3,17130.00
2018-04-23T15:35:00.000Z,2018-04-30T14:14:00.000Z,SELL,0.01,1,1,10.00,1,17140.00
2018-04-30T14:14:00.000Z,2018-05-01T17:15:00.000Z,SELL,0.01,1,1,10.00,1,17150.00
2018-05-01T17:15:00.000Z,2018-05-15T16:31:00.000Z,SELL,0.01,3,1,10.00,3,17160.00
2018-05-15T16:31:00.000Z,2018-05-21T09:49:00.000Z,SELL,0.01,1,1,10.00,1,17170.00
2018-05-21T09:49:00.000Z,2018-06-19T14:22:00.000Z,SELL,0.01,3,1,10.00,3,17180.00
2018-06-19T14:22:00.000Z,2018-06-21T09:13:00.000Z,SELL,0.01,1,1,10.00,1,17190.00
2018-06-21T09:13:00.000Z,2018-06-27T18:24:00.000Z,SELL,0.01,1,1,10.00,1,17200.00
2018-06-27T18:24:00.000Z,2018-07-02T19:21:00.000Z,SELL,0.01,1,1,10.00,1,17210.00
2018-07-02T19:21:00.000Z,2018-07-17T16:21:00.000Z,SELL,0.01,3,1,10.00,3,17220.00
2018-07-17T16:21:00.000Z,2018-07-18T11:13:00.000Z,SELL,0.01,1,1,10.00,1,17230.00
2018-07-18T11:13:00.000Z,2018-07-19T15:32:00.000Z,SELL,0.01,1,1,10.00,1,17240.00
2018-07-19T15:32:00.000Z,2018-08-13T12:56:00.000Z,SELL,0.01,3,1,10.00,3,17250.00
2018-08-13T12:56:00.000Z,2018-08-15T04:04:00.000Z,SELL,0.01,1,1,10.00,1,17260.00
2018-08-15T04:04:00.000Z,2018-08-15T16:42:00.000Z,SELL,0.01,1,1,10.00,1,17270.00
2018-08-15T16:42:00.000Z,2018-08-16T03:20:00.000Z,SELL,0.01,1,1,10.00,1,17280.00
2018-08-16T03:20:00.000Z,2018-08-16T03:46:00.000Z,SELL,0.01,1,1,10.00,1,17290.00
2018-08-16T03:46:00.000Z,2018-08-20T22:02:00.000Z,SELL,0.01,2,1,10.00,2,17300.00
2018-08-20T22:02:00.000Z,2018-08-22T15:21:00.000Z,BUY,0.01,1,1,10.00,1,17310.00
2018-08-22T15:21:00.000Z,2018-08-27T17:23:00.000Z,BUY,0.01,1,1,10.00,1,17320.00
2018-08-27T17:23:00.000Z,2018-09-28T10:05:00.000Z,BUY,0.01,4,1,10.00,4,17330.00
2018-09-28T10:05:00.000Z,2018-10-11T17:22:00.000Z,SELL,0.01,2,1,10.00,2,17340.00
2018-10-11T17:22:00.000Z,2018-10-11T20:04:00.000Z,BUY,0.01,1,1,10.00,1,17350.00
2018-10-11T20:04:00.000Z,2018-10-15T12:16:00.000Z,BUY,0.01,1,1,10.00,1,17360.00
2018-10-15T12:16:00.000Z,2018-10-26T17:57:00.000Z,BUY,0.01,1,1,10.00,1,17370.00
2018-10-26T17:57:00.000Z,2018-11-09T15:35:00.000Z,BUY,0.01,2,1,10.00,2,17380.00
2018-11-09T15:35:00.000Z,2018-11-12T21:11:00.000Z,SELL,0.01,1,1,10.00,1,17390.00
2018-11-12T21:11:00.000Z,2018-12-03T09:42:00.000Z,SELL,0.01,2,1,10.00,2,17400.00
2018-12-03T09:42:00.000Z,2018-12-04T16:10:00.000Z,BUY,0.01,1,1,10.00,1,17410.00
2018-12-04T16:10:00.000Z,2018-12-19T16:40:00.000Z,BUY,0.01,1,1,10.00,1,17420.00
2018-12-19T16:40:00.000Z,2018-12-19T22:50:00.000Z,SELL,0.01,1,1,10.00,1,17430.00
2018-12-19T22:50:00.000Z,2018-12-20T11:27:00.000Z,BUY,0.01,1,1,10.00,1,17440.00
2018-12-20T11:27:00.000Z,2018-12-31T10:13:00.000Z,SELL,0.01,2,1,10.00,2,17450.00
2018-12-31T10:13:00.000Z,2019-01-03T20:18:00.000Z,BUY,0.01,1,1,10.00,1,17460.00
2019-01-03T20:18:00.000Z,2019-01-25T23:04:00.000Z,BUY,0.01,1,1,10.00,1,17470.00
2019-01-25T23:04:00.000Z,2019-01-30T03:33:00.000Z,BUY,0.01,1,1,10.00,1,17480.00
2019-01-30T03:33:00.000Z,2019-01-30T21:48:00.000Z,BUY,0.01,1,1,10.00,1,17490.00
2019-01-30T21:48:00.000Z,2019-02-19T16:16:00.000Z,BUY,0.01,3,1,10.00,3,17500.00
2019-02-19T16:16:00.000Z,2019-02-20T03:24:00.000Z,BUY,0.01,1,1,10.00,1,17510.00
2019-02-20T03:24:00.000Z,2019-02-28T17:30:00.000Z,BUY,0.01,2,1,10.00,2,17520.00
2019-02-28T17:30:00.000Z,2019-03-01T18:11:00.000Z,SELL,0.01,1,1,10.00,1,17530.00
2019-03-01T18:11:00.000Z,2019-03-01T21:15:00.000Z,SELL,0.01,1,1,10.00,1,17540.00
2019-03-01T21:15:00.000Z,2019-03-04T16:51:00.000Z,SELL,0.01,1,1,10.00,1,17550.00
2019-03-04T16:51:00.000Z,2019-03-20T20:04:00.000Z,SELL,0.01,2,1,10.00,2,17560.00
2019-03-20T20:04:00.000Z,2019-03-28T13:55:00.000Z,SELL,0.01,1,1,10.00,1,17570.00
2019-03-28T13:55:00.000Z,2019-03-28T15:43:00.000Z,SELL,0.01,1,1,10.00,1,17580.00
2019-03-28T15:43:00.000Z,2019-04-04T16:09:00.000Z,SELL,0.01,1,1,10.00,1,17590.00
2019-04-04T16:09:00.000Z,2019-04-18T04:40:00.000Z,SELL,0.01,3,1,10.00,3,17600.00
2019-04-18T04:40:00.000Z,2019-05-14T03:01:00.000Z,SELL,0.01,2,1,10.00,2,17610.00
2019-05-14T03:01:00.000Z,2019-05-21T14:23:00.000Z,BUY,0.01,2,1,10.00,2,17620.00
2019-05-21T14:23:00.000Z,2019-05-31T17:38:00.000Z,SELL,0.01,2,1,10.00,2,17630.00
2019-05-31T17:38:00.000Z,2019-06-03T05:22:00.000Z,BUY,0.01,1,1,10.00,1,17640.00
2019-06-03T05:22:00.000Z,2019-06-03T20:26:00.000Z,BUY,0.01,1,1,10.00,1,17650.00
2019-06-03T20:26:00.000Z,2019-06-05T09:33:00.000Z,BUY,0.01,1,1,10.00,1,17660.00
2019-06-05T09:33:00.000Z,2019-06-05T15:25:00.000Z,BUY,0.01,1,1,10.00,1,17670.00
2019-06-05T15:25:00.000Z,2019-06-14T09:25:00.000Z,BUY,0.01,3,1,10.00,3,17680.00
2019-06-14T09:25:00.000Z,2019-06-20T03:25:00.000Z,BUY,0.01,3,1,10.00,3,17690.00
2019-06-20T03:25:00.000Z,2019-06-20T03:55:00.000Z,BUY,0.01,1,1,10.00,1,17700.00
2019-06-20T03:55:00.000Z,2019-06-20T04:03:00.000Z,BUY,0.01,1,1,10.00,1,17710.00
2019-06-20T04:03:00.000Z,2019-06-21T03:12:00.000Z,BUY,0.01,1,1,10.00,1,17720.00
2019-06-21T03:12:00.000Z,2019-06-21T04:59:00.000Z,BUY,0.01,1,1,10.00,1,17730.00
2019-06-21T04:59:00.000Z,2019-06-24T18:25:00.000Z,BUY,0.01,3,1,10.00,3,17740.00
2019-06-24T18:25:00.000Z,2019-06-25T01:46:00.000Z,BUY,0.01,1,1,10.00,1,17750.00
2019-06-25T01:46:00.000Z,2019-06-25T06:44:00.000Z,BUY,0.01,1,1,10.00,1,17760.00
2019-06-25T06:44:00.000Z,2019-06-26T05:55:00.000Z,BUY,0.01,2,1,10.00,2,17770.00
2019-06-26T05:55:00.000Z,2019-07-01T01:05:00.000Z,SELL,0.01,1,1,10.00,1,17780.00
2019-07-01T01:05:00.000Z,2019-07-01T09:01:00.000Z,SELL,0.01,1,1,10.00,1,17790.00
2019-07-01T09:01:00.000Z,2019-07-02T22:06:00.000Z,SELL,0.01,2,1,10.00,2,17800.00
2019-07-02T22:06:00.000Z,2019-07-03T01:11:00.000Z,BUY,0.01,1,1,10.00,1,17810.00
2019-07-03T01:11:00.000Z,2019-07-03T01:16:00.000Z,BUY,0.01,1,1,10.00,1,17820.00
2019-07-03T01:16:00.000Z,2019-07-05T15:30:00.000Z,BUY,0.01,2,1,10.00,2,17830.00
2019-07-05T15:30:00.000Z,2019-07-05T15:33:00.000Z,SELL,0.01,1,1,10.00,1,17840.00
2019-07-05T15:33:00.000Z,2019-07-11T03:08:00.000Z,SELL,0.01,2,1,10.00,2,17850.00
2019-07-11T03:08:00.000Z,2019-07-18T21:25:00.000Z,BUY,0.01,3,1,10.00,3,17860.00
2019-07-18T21:25:00.000Z,2019-07-18T22:17:00.000Z,BUY,0.01,1,1,10.00,1,17870.00
2019-07-18T22:17:00.000Z,2019-07-23T08:31:00.000Z,BUY,0.01,2,1,10.00,2,17880.00
2019-07-23T08:31:00.000Z,2019-08-01T04:00:00.000Z,SELL,0.01,1,1,10.00,1,17890.00
2019-08-01T04:00:00.000Z,2019-08-01T20:53:00.000Z,SELL,0.01,2,1,10.00,2,17900.00
2019-08-01T20:53:00.000Z,2019-08-05T16:00:00.000Z,SELL,0.01,2,1,10.00,2,17910.00
2019-08-05T16:00:00.000Z,2019-08-07T01:08:00.000Z,BUY,0.01,1,1,10.00,1,17920.00
2019-08-07T01:08:00.000Z,2019-08-07T04:35:00.000Z,BUY,0.01,1,1,10.00,1,17930.00
2019-08-07T04:35:00.000Z,2019-08-07T15:00:00.000Z,BUY,0.01,1,1,10.00,1,17940.00
2019-08-07T15:00:00.000Z,2019-08-07T16:53:00.000Z,BUY,0.01,1,1,10.00,1,17950.00
2019-08-07T16:53:00.000Z,2019-08-12T21:43:00.000Z,BUY,0.01,1,1,10.00,1,17960.00
2019-08-12T21:43:00.000Z,2019-08-13T10:47:00.000Z,BUY,0.01,1,1,10.00,1,17970.00
2019-08-13T10:47:00.000Z,2019-08-13T16:54:00.000Z,BUY,0.01,2,1,10.00,2,17980.00
2019-08-13T16:54:00.000Z,2019-08-13T18:22:00.000Z,BUY,0.01,1,1,10.00,1,17990.00
2019-08-13T18:22:00.000Z,2019-08-13T20:15:00.000Z,SELL,0.01,1,1,10.00,1,18000.00
2019-08-13T20:15:00.000Z,2019-08-15T20:52:00.000Z,SELL,0.01,2,1,10.00,2,18010.00
2019-08-15T20:52:00.000Z,2019-08-19T14:31:00.000Z,BUY,0.01,2,1,10.00,2,18020.00
2019-08-19T14:31:00.000Z,2019-08-23T18:08:00.000Z,SELL,0.01,2,1,10.00,2,18030.00
2019-08-23T18:08:00.000Z,2019-08-26T01:05:00.000Z,BUY,0.01,1,1,10.00,1,18040.00
2019-08-26T01:05:00.000Z,2019-08-26T01:06:00.000Z,BUY,0.01,1,1,10.00,1,18050.00
2019-08-26T01:06:00.000Z,2019-09-05T16:50:00.000Z,BUY,0.01,5,0,-2420.00,5,15630.00
2019-09-05T16:50:00.000Z,2019-09-05T17:19:00.000Z,SELL,0.01,1,1,10.00,1,15640.00
2019-09-05T17:19:00.000Z,2019-09-05T17:22:00.000Z,SELL,0.01,1,1,10.00,1,15650.00
2019-09-05T17:22:00.000Z,2019-09-10T02:57:00.000Z,SELL,0.01,3,1,10.00,3,15660.00
2019-09-10T02:57:00.000Z,2019-09-10T23:06:00.000Z,SELL,0.01,1,1,10.00,1,15670.00
2019-09-10T23:06:00.000Z,2019-09-12T15:12:00.000Z,SELL,0.01,2,1,10.00,2,15680.00
2019-09-12T15:12:00.000Z,2019-09-13T21:53:00.000Z,BUY,0.01,2,1,10.00,2,15690.00
2019-09-13T21:53:00.000Z,2019-09-20T22:29:00.000Z,SELL,0.01,4,1,10.00,4,15700.00
2019-09-20T22:29:00.000Z,2019-09-23T18:01:00.000Z,BUY,0.01,1,1,10.00,1,15710.00
2019-09-23T18:01:00.000Z,2019-09-27T09:56:00.000Z,BUY,0.01,2,1,10.00,2,15720.00
2019-09-27T09:56:00.000Z,2019-09-30T12:14:00.000Z,SELL,0.01,1,1,10.00,1,15730.00
2019-09-30T12:14:00.000Z,2019-09-30T18:13:00.000Z,SELL,0.01,1,1,10.00,1,15740.00
2019-09-30T18:13:00.000Z,2019-09-30T20:36:00.000Z,SELL,0.01,1,1,10.00,1,15750.00
2019-09-30T20:36:00.000Z,2019-10-02T16:16:00.000Z,SELL,0.01,2,1,10.00,2,15760.00
2019-10-02T16:16:00.000Z,2019-10-03T17:00:00.000Z,BUY,0.01,1,1,10.00,1,15770.00
2019-10-03T17:00:00.000Z,2019-10-03T17:04:00.000Z,BUY,0.01,1,1,10.00,1,15780.00
2019-10-03T17:04:00.000Z,2019-10-11T14:35:00.000Z,BUY,0.01,4,1,10.00,4,15790.00
2019-10-11T14:35:00.000Z,2019-10-11T17:11:00.000Z,SELL,0.01,1,1,10.00,1,15800.00
2019-10-11T17:11:00.000Z,2019-10-25T09:24:00.000Z,SELL,0.01,2,1,10.00,2,15810.00
2019-10-25T09:24:00.000Z,2019-10-25T16:05:00.000Z,BUY,0.01,1,1,10.00,1,15820.00
2019-10-25T16:05:00.000Z,2019-10-29T12:38:00.000Z,BUY,0.01,2,1,10.00,2,15830.00
2019-10-29T12:38:00.000Z,2019-11-07T17:31:00.000Z,SELL,0.01,3,1,10.00,3,15840.00
2019-11-07T17:31:00.000Z,2019-11-07T18:32:00.000Z,SELL,0.01,1,1,10.00,1,15850.00
2019-11-07T18:32:00.000Z,2019-11-11T17:11:00.000Z,SELL,0.01,1,1,10.00,1,15860.00
2019-11-11T17:11:00.000Z,2019-12-12T16:11:00.000Z,SELL,0.01,4,1,10.00,4,15870.00
2019-12-12T16:11:00.000Z,2019-12-24T17:11:00.000Z,BUY,0.01,3,1,10.00,3,15880.00
2019-12-24T17:11:00.000Z,2019-12-26T14:16:00.000Z,BUY,0.01,1,1,10.00,1,15890.00
2019-12-26T14:16:00.000Z,2019-12-31T03:00:00.000Z,BUY,0.01,1,1,10.00,1,15900.00
2019-12-31T03:00:00.000Z,2020-01-02T15:51:00.000Z,BUY,0.01,1,1,10.00,1,15910.00
2020-01-02T15:51:00.000Z,2020-01-03T04:15:00.000Z,BUY,0.01,1,1,10.00,1,15920.00
2020-01-03T04:15:00.000Z,2020-01-03T11:14:00.000Z,BUY,0.01,1,1,10.00,1,15930.00
2020-01-03T11:14:00.000Z,2020-01-06T01:05:00.000Z,BUY,0.01,1,1,10.00,1,15940.00
2020-01-06T01:05:00.000Z,2020-01-06T01:05:00.000Z,BUY,0.01,1,1,10.00,1,15950.00
2020-01-06T01:05:00.000Z,2020-01-06T01:05:00.000Z,BUY,0.01,1,1,10.00,1,15960.00
2020-01-06T01:05:00.000Z,2020-01-08T01:23:00.000Z,BUY,0.01,3,1,10.00,3,15970.00
2020-01-08T01:23:00.000Z,2020-01-08T01:42:00.000Z,BUY,0.01,1,1,10.00,1,15980.00
2020-01-08T01:42:00.000Z,2020-01-08T02:25:00.000Z,BUY,0.01,1,1,10.00,1,15990.00
2020-01-08T02:25:00.000Z,2020-01-08T13:31:00.000Z,BUY,0.01,2,1,10.00,2,16000.00
2020-01-08T13:31:00.000Z,2020-01-09T08:37:00.000Z,BUY,0.01,2,1,10.00,2,16010.00
2020-01-09T08:37:00.000Z,2020-01-14T03:14:00.000Z,SELL,0.01,1,1,10.00,1,16020.00
2020-01-14T03:14:00.000Z,2020-01-21T04:39:00.000Z,SELL,0.01,2,1,10.00,2,16030.00
2020-01-21T04:39:00.000Z,2020-01-27T01:05:00.000Z,BUY,0.01,3,1,10.00,3,16040.00
2020-01-27T01:05:00.000Z,2020-01-31T17:57:00.000Z,BUY,0.01,1,1,10.00,1,16050.00
2020-01-31T17:57:00.000Z,2020-02-04T16:03:00.000Z,BUY,0.01,2,1,10.00,2,16060.00
2020-02-04T16:03:00.000Z,2020-02-05T11:52:00.000Z,SELL,0.01,1,1,10.00,1,16070.00
2020-02-05T11:52:00.000Z,2020-02-14T15:37:00.000Z,SELL,0.01,2,1,10.00,2,16080.00
2020-02-14T15:37:00.000Z,2020-02-18T09:40:00.000Z,BUY,0.01,1,1,10.00,1,16090.00
2020-02-18T09:40:00.000Z,2020-02-18T17:42:00.000Z,BUY,0.01,1,1,10.00,1,16100.00
2020-02-18T17:42:00.000Z,2020-02-19T10:38:00.000Z,BUY,0.01,1,1,10.00,1,16110.00
2020-02-19T10:38:00.000Z,2020-02-20T17:22:00.000Z,BUY,0.01,1,1,10.00,1,16120.00
2020-02-20T17:22:00.000Z,2020-02-21T08:29:00.000Z,BUY,0.01,1,1,10.00,1,16130.00
2020-02-21T08:29:00.000Z,2020-02-21T15:14:00.000Z,BUY,0.01,1,1,10.00,1,16140.00
2020-02-21T15:14:00.000Z,2020-02-24T01:05:00.000Z,BUY,0.01,1,1,10.00,1,16150.00
2020-02-24T01:05:00.000Z,2020-02-24T01:05:00.000Z,BUY,0.01,1,1,10.00,1,16160.00
2020-02-24T01:05:00.000Z,2020-02-24T01:12:00.000Z,BUY,0.01,1,1,10.00,1,16170.00
2020-02-24T01:12:00.000Z,2020-02-24T10:28:00.000Z,BUY,0.01,1,1,10.00,1,16180.00
2020-02-24T10:28:00.000Z,2020-02-25T02:08:00.000Z,BUY,0.01,2,1,10.00,2,16190.00
2020-02-25T02:08:00.000Z,2020-02-25T08:24:00.000Z,SELL,0.01,1,1,10.00,1,16200.00
2020-02-25T08:24:00.000Z,2020-02-25T22:59:00.000Z,SELL,0.01,1,1,10.00,1,16210.00
2020-02-25T22:59:00.000Z,2020-02-27T17:34:00.000Z,SELL,0.01,4,1,10.00,4,16220.00
2020-02-27T17:34:00.000Z,2020-02-28T07:54:00.000Z,BUY,0.01,2,1,10.00,2,16230.00
2020-02-28T07:54:00.000Z,2020-02-28T14:29:00.000Z,SELL,0.01,1,1,10.00,1,16240.00
2020-02-28T14:29:00.000Z,2020-02-28T17:04:00.000Z,SELL,0.01,1,1,10.00,1,16250.00
2020-02-28T17:04:00.000Z,2020-02-28T17:33:00.000Z,SELL,0.01,1,1,10.00,1,16260.00
2020-02-28T17:33:00.000Z,2020-02-28T17:36:00.000Z,SELL,0.01,1,1,10.00,1,16270.00
2020-02-28T17:36:00.000Z,2020-02-28T17:41:00.000Z,SELL,0.01,1,1,10.00,1,16280.00
2020-02-28T17:41:00.000Z,2020-02-28T20:27:00.000Z,SELL,0.01,1,1,10.00,1,16290.00
2020-02-28T20:27:00.000Z,2020-03-02T03:00:00.000Z,SELL,0.01,2,1,10.00,2,16300.00
2020-03-02T03:00:00.000Z,2020-03-02T22:50:00.000Z,SELL,0.01,1,1,10.00,1,16310.00
2020-03-02T22:50:00.000Z,2020-03-03T17:01:00.000Z,SELL,0.01,2,1,10.00,2,16320.00
2020-03-03T17:01:00.000Z,2020-03-03T17:33:00.000Z,BUY,0.01,1,1,10.00,1,16330.00
2020-03-03T17:33:00.000Z,2020-03-03T17:39:00.000Z,BUY,0.01,1,1,10.00,1,16340.00
2020-03-03T17:39:00.000Z,2020-03-04T01:17:00.000Z,BUY,0.01,1,1,10.00,1,16350.00
2020-03-04T01:17:00.000Z,2020-03-05T16:32:00.000Z,BUY,0.01,1,1,10.00,1,16360.00
2020-03-05T16:32:00.000Z,2020-03-05T21:25:00.000Z,BUY,0.01,1,1,10.00,1,16370.00
2020-03-05T21:25:00.000Z,2020-03-06T07:27:00.000Z,BUY,0.01,1,1,10.00,1,16380.00
2020-03-06T07:27:00.000Z,2020-03-06T17:28:00.000Z,BUY,0.01,2,1,10.00,2,16390.00
2020-03-06T17:28:00.000Z,2020-03-06T17:34:00.000Z,BUY,0.01,1,1,10.00,1,16400.00
2020-03-06T17:34:00.000Z,2020-03-06T18:23:00.000Z,BUY,0.01,1,1,10.00,1,16410.00
2020-03-06T18:23:00.000Z,2020-03-06T21:34:00.000Z,BUY,0.01,1,1,10.00,1,16420.00
2020-03-06T21:34:00.000Z,2020-03-06T22:06:00.000Z,BUY,0.01,1,1,10.00,1,16430.00
2020-03-06T22:06:00.000Z,2020-03-09T01:33:00.000Z,BUY,0.01,3,1,10.00,3,16440.00
2020-03-09T01:33:00.000Z,2020-03-09T06:22:00.000Z,BUY,0.01,2,1,10.00,2,16450.00
2020-03-09T06:22:00.000Z,2020-03-09T09:23:00.000Z,BUY,0.01,1,1,10.00,1,16460.00
2020-03-09T09:23:00.000Z,2020-03-09T10:35:00.000Z,SELL,0.01,1,1,10.00,1,16470.00
2020-03-09T10:35:00.000Z,2020-03-09T13:36:00.000Z,BUY,0.01,1,1,10.00,1,16480.00
2020-03-09T13:36:00.000Z,2020-03-09T15:54:00.000Z,SELL,0.01,1,1,10.00,1,16490.00
2020-03-09T15:54:00.000Z,2020-03-10T07:06:00.000Z,SELL,0.01,1,1,10.00,1,16500.00
2020-03-10T07:06:00.000Z,2020-03-10T08:00:00.000Z,SELL,0.01,1,1,10.00,1,16510.00
2020-03-10T08:00:00.000Z,2020-03-11T19:32:00.000Z,SELL,0.01,3,1,10.00,3,16520.00
2020-03-11T19:32:00.000Z,2020-03-12T14:02:00.000Z,SELL,0.01,1,1,10.00,1,16530.00
2020-03-12T14:02:00.000Z,2020-03-12T14:03:00.000Z,SELL,0.01,1,1,10.00,1,16540.00
2020-03-12T14:03:00.000Z,2020-03-12T14:32:00.000Z,SELL,0.01,1,1,10.00,1,16550.00
2020-03-12T14:32:00.000Z,2020-03-12T15:35:00.000Z,SELL,0.01,1,1,10.00,1,16560.00
2020-03-12T15:35:00.000Z,2020-03-12T15:37:00.000Z,SELL,0.01,1,1,10.00,1,16570.00
2020-03-12T15:37:00.000Z,2020-03-12T16:16:00.000Z,SELL,0.01,1,1,10.00,1,16580.00
2020-03-12T16:16:00.000Z,2020-03-12T17:41:00.000Z,SELL,0.01,1,1,10.00,1,16590.00
2020-03-12T17:41:00.000Z,2020-03-12T19:00:00.000Z,SELL,0.01,2,1,10.00,2,16600.00
2020-03-12T19:00:00.000Z,2020-03-12T19:25:00.000Z,SELL,0.01,1,1,10.00,1,16610.00
2020-03-12T19:25:00.000Z,2020-03-12T20:30:00.000Z,SELL,0.01,1,1,10.00,1,16620.00
2020-03-12T20:30:00.000Z,2020-03-12T21:37:00.000Z,SELL,0.01,1,1,10.00,1,16630.00
2020-03-12T21:37:00.000Z,2020-03-13T03:43:00.000Z,SELL,0.01,1,1,10.00,1,16640.00
2020-03-13T03:43:00.000Z,2020-03-13T07:37:00.000Z,SELL,0.01,2,1,10.00,2,16650.00
2020-03-13T07:37:00.000Z,2020-03-13T13:51:00.000Z,SELL,0.01,1,1,10.00,1,16660.00
2020-03-13T13:51:00.000Z,2020-03-13T15:58:00.000Z,SELL,0.01,3,1,10.00,3,16670.00
2020-03-13T15:58:00.000Z,2020-03-13T17:38:00.000Z,SELL,0.01,1,1,10.00,1,16680.00
2020-03-13T17:38:00.000Z,2020-03-13T17:43:00.000Z,SELL,0.01,1,1,10.00,1,16690.00
2020-03-13T17:43:00.000Z,2020-03-13T17:47:00.000Z,SELL,0.01,1,1,10.00,1,16700.00
2020-03-13T17:47:00.000Z,2020-03-13T17:49:00.000Z,SELL,0.01,1,1,10.00,1,16710.00
2020-03-13T17:49:00.000Z,2020-03-13T18:37:00.000Z,SELL,0.01,3,1,10.00,3,16720.00
2020-03-13T18:37:00.000Z,2020-03-13T18:44:00.000Z,SELL,0.01,1,1,10.00,1,16730.00
2020-03-13T18:44:00.000Z,2020-03-13T20:10:00.000Z,SELL,0.01,2,1,10.00,2,16740.00
2020-03-13T20:10:00.000Z,2020-03-13T20:21:00.000Z,SELL,0.01,1,1,10.00,1,16750.00
2020-03-13T20:21:00.000Z,2020-03-13T20:53:00.000Z,SELL,0.01,1,1,10.00,1,16760.00
2020-03-13T20:53:00.000Z,2020-03-16T01:06:00.000Z,SELL,0.01,2,1,10.00,2,16770.00
2020-03-16T01:06:00.000Z,2020-03-16T03:04:00.000Z,SELL,0.01,1,1,10.00,1,16780.00
2020-03-16T03:04:00.000Z,2020-03-16T03:26:00.000Z,SELL,0.01,1,1,10.00,1,16790.00
2020-03-16T03:26:00.000Z,2020-03-16T11:36:00.000Z,SELL,0.01,3,1,10.00,3,16800.00
2020-03-16T11:36:00.000Z,2020-03-16T12:29:00.000Z,SELL,0.01,1,1,10.00,1,16810.00
2020-03-16T12:29:00.000Z,2020-03-16T12:54:00.000Z,SELL,0.01,1,1,10.00,1,16820.00
2020-03-16T12:54:00.000Z,2020-03-16T12:57:00.000Z,SELL,0.01,1,1,10.00,1,16830.00
2020-03-16T12:57:00.000Z,2020-03-16T13:00:00.000Z,SELL,0.01,1,1,10.00,1,16840.00
2020-03-16T13:00:00.000Z,2020-03-16T13:38:00.000Z,SELL,0.01,1,1,10.00,1,16850.00
2020-03-16T13:38:00.000Z,2020-03-16T15:01:00.000Z,SELL,0.01,1,1,10.00,1,16860.00
2020-03-16T15:01:00.000Z,2020-03-16T16:35:00.000Z,SELL,0.01,2,1,10.00,2,16870.00
2020-03-16T16:35:00.000Z,2020-03-16T17:25:00.000Z,SELL,0.01,2,1,10.00,2,16880.00
2020-03-16T17:25:00.000Z,2020-03-16T17:47:00.000Z,SELL,0.01,1,1,10.00,1,16890.00
2020-03-16T17:47:00.000Z,2020-03-16T19:28:00.000Z,SELL,0.01,1,1,10.00,1,16900.00
2020-03-16T19:28:00.000Z,2020-03-17T08:52:00.000Z,SELL,0.01,3,1,10.00,3,16910.00
2020-03-17T08:52:00.000Z,2020-03-17T11:34:00.000Z,SELL,0.01,1,1,10.00,1,16920.00
2020-03-17T11:34:00.000Z,2020-03-17T15:32:00.000Z,SELL,0.01,2,1,10.00,2,16930.00
2020-03-17T15:32:00.000Z,2020-03-17T15:37:00.000Z,SELL,0.01,1,1,10.00,1,16940.00
2020-03-17T15:37:00.000Z,2020-03-17T16:45:00.000Z,SELL,0.01,2,1,10.00,2,16950.00
2020-03-17T16:45:00.000Z,2020-03-17T17:12:00.000Z,SELL,0.01,2,1,10.00,2,16960.00
2020-03-17T17:12:00.000Z,2020-03-17T17:16:00.000Z,SELL,0.01,1,1,10.00,1,16970.00
2020-03-17T17:16:00.000Z,2020-03-17T17:29:00.000Z,SELL,0.01,1,1,10.00,1,16980.00
2020-03-17T17:29:00.000Z,2020-03-17T21:05:00.000Z,SELL,0.01,1,1,10.00,1,16990.00
2020-03-17T21:05:00.000Z,2020-03-17T21:11:00.000Z,BUY,0.01,1,1,10.00,1,17000.00
2020-03-17T21:11:00.000Z,2020-03-18T01:44:00.000Z,BUY,0.01,1,1,10.00,1,17010.00
2020-03-18T01:44:00.000Z,2020-03-18T07:52:00.000Z,BUY,0.01,2,1,10.00,2,17020.00
2020-03-18T07:52:00.000Z,2020-03-18T14:02:00.000Z,BUY,0.01,3,1,10.00,3,17030.00
2020-03-18T14:02:00.000Z,2020-03-18T14:20:00.000Z,SELL,0.01,1,1,10.00,1,17040.00
2020-03-18T14:20:00.000Z,2020-03-18T14:21:00.000Z,SELL,0.01,1,1,10.00,1,17050.00
2020-03-18T14:21:00.000Z,2020-03-18T17:04:00.000Z,SELL,0.01,1,1,10.00,1,17060.00
2020-03-18T17:04:00.000Z,2020-03-18T19:26:00.000Z,SELL,0.01,1,1,10.00,1,17070.00
2020-03-18T19:26:00.000Z,2020-03-19T04:58:00.000Z,SELL,0.01,3,1,10.00,3,17080.00
2020-03-19T04:58:00.000Z,2020-03-20T08:11:00.000Z,SELL,0.01,5,0,-2420.00,5,14660.00
2020-03-20T08:11:00.000Z,2020-03-20T08:41:00.000Z,BUY,0.01,1,1,10.00,1,14670.00
2020-03-20T08:41:00.000Z,2020-03-20T10:01:00.000Z,BUY,0.01,1,1,10.00,1,14680.00
2020-03-20T10:01:00.000Z,2020-03-20T18:23:00.000Z,BUY,0.01,2,1,10.00,2,14690.00
2020-03-20T18:23:00.000Z,2020-03-20T21:54:00.000Z,BUY,0.01,1,1,10.00,1,14700.00
2020-03-20T21:54:00.000Z,2020-03-23T14:01:00.000Z,BUY,0.01,1,1,10.00,1,14710.00
2020-03-23T14:01:00.000Z,2020-03-23T14:05:00.000Z,BUY,0.01,1,1,10.00,1,14720.00
2020-03-23T14:05:00.000Z,2020-03-23T14:12:00.000Z,BUY,0.01,1,1,10.00,1,14730.00
2020-03-23T14:12:00.000Z,2020-03-23T17:02:00.000Z,BUY,0.01,1,1,10.00,1,14740.00
2020-03-23T17:02:00.000Z,2020-03-23T17:25:00.000Z,BUY,0.01,1,1,10.00,1,14750.00
2020-03-23T17:25:00.000Z,2020-03-23T19:12:00.000Z,BUY,0.01,1,1,10.00,1,14760.00
2020-03-23T19:12:00.000Z,2020-03-24T01:05:00.000Z,BUY,0.01,1,1,10.00,1,14770.00
2020-03-24T01:05:00.000Z,2020-03-24T03:00:00.000Z,BUY,0.01,1,1,10.00,1,14780.00
2020-03-24T03:00:00.000Z,2020-03-24T04:42:00.000Z,BUY,0.01,1,1,10.00,1,14790.00
2020-03-24T04:42:00.000Z,2020-03-24T11:54:00.000Z,BUY,0.01,3,1,10.00,3,14800.00
2020-03-24T11:54:00.000Z,2020-03-24T12:50:00.000Z,BUY,0.01,1,1,10.00,1,14810.00
2020-03-24T12:50:00.000Z,2020-03-24T13:04:00.000Z,BUY,0.01,4,1,10.00,4,14820.00
2020-03-24T13:04:00.000Z,2020-03-24T13:04:00.000Z,BUY,0.01,1,1,10.00,1,14830.00
2020-03-24T13:04:00.000Z,2020-03-24T13:08:00.000Z,BUY,0.01,1,1,10.00,1,14840.00
2020-03-24T13:08:00.000Z,2020-03-24T13:08:00.000Z,BUY,0.01,1,1,10.00,1,14850.00
2020-03-24T13:08:00.000Z,2020-03-24T13:20:00.000Z,BUY,0.01,3,1,10.00,3,14860.00
2020-03-24T13:20:00.000Z,2020-03-24T13:22:00.000Z,BUY,0.01,2,1,10.00,2,14870.00
2020-03-24T13:22:00.000Z,2020-03-24T13:41:00.000Z,BUY,0.01,1,1,10.00,1,14880.00
2020-03-24T13:41:00.000Z,2020-03-24T15:18:00.000Z,BUY,0.01,1,1,10.00,1,14890.00
2020-03-24T15:18:00.000Z,2020-03-24T17:53:00.000Z,BUY,0.01,3,1,10.00,3,14900.00
2020-03-24T17:53:00.000Z,2020-03-24T19:17:00.000Z,BUY,0.01,1,1,10.00,1,14910.00
2020-03-24T19:17:00.000Z,2020-03-25T01:14:00.000Z,BUY,0.01,1,1,10.00,1,14920.00
2020-03-25T01:14:00.000Z,2020-03-25T04:43:00.000Z,BUY,0.01,2,1,10.00,2,14930.00
2020-03-25T04:43:00.000Z,2020-03-25T05:03:00.000Z,BUY,0.01,1,1,10.00,1,14940.00
2020-03-25T05:03:00.000Z,2020-03-25T12:34:00.000Z,BUY,0.01,1,1,10.00,1,14950.00
2020-03-25T12:34:00.000Z,2020-03-25T13:34:00.000Z,BUY,0.01,2,1,10.00,2,14960.00
2020-03-25T13:34:00.000Z,2020-03-25T13:34:00.000Z,BUY,0.01,1,1,10.00,1,14970.00
2020-03-25T13:34:00.000Z,2020-03-25T13:44:00.000Z,BUY,0.01,1,1,10.00,1,14980.00
2020-03-25T13:44:00.000Z,2020-03-26T14:41:00.000Z,BUY,0.01,3,1,10.00,3,14990.00
2020-03-26T14:41:00.000Z,2020-03-26T16:06:00.000Z,BUY,0.01,1,1,10.00,1,15000.00
2020-03-26T16:06:00.000Z,2020-03-31T11:44:00.000Z,BUY,0.01,2,1,10.00,2,15010.00
2020-03-31T11:44:00.000Z,2020-03-31T13:53:00.000Z,SELL,0.01,1,1,10.00,1,15020.00
2020-03-31T13:53:00.000Z,2020-03-31T20:28:00.000Z,SELL,0.01,1,1,10.00,1,15030.00
2020-03-31T20:28:00.000Z,2020-03-31T22:59:00.000Z,SELL,0.01,1,1,10.00,1,15040.00
2020-03-31T22:59:00.000Z,2020-04-02T15:19:00.000Z,SELL,0.01,4,1,10.00,4,15050.00
2020-04-02T15:19:00.000Z,2020-04-02T22:03:00.000Z,BUY,0.01,1,1,10.00,1,15060.00
2020-04-02T22:03:00.000Z,2020-04-06T09:37:00.000Z,BUY,0.01,1,1,10.00,1,15070.00
2020-04-06T09:37:00.000Z,2020-04-06T12:02:00.000Z,BUY,0.01,1,1,10.00,1,15080.00
2020-04-06T12:02:00.000Z,2020-04-06T16:51:00.000Z,BUY,0.01,1,1,10.00,1,15090.00
2020-04-06T16:51:00.000Z,2020-04-06T21:01:00.000Z,BUY,0.01,1,1,10.00,1,15100.00
2020-04-06T21:01:00.000Z,2020-04-06T22:43:00.000Z,BUY,0.01,1,1,10.00,1,15110.00
2020-04-06T22:43:00.000Z,2020-04-09T16:21:00.000Z,BUY,0.01,3,1,10.00,3,15120.00
2020-04-09T16:21:00.000Z,2020-04-09T20:10:00.000Z,BUY,0.01,1,1,10.00,1,15130.00
2020-04-09T20:10:00.000Z,2020-04-13T17:57:00.000Z,BUY,0.01,1,1,10.00,1,15140.00
2020-04-13T17:57:00.000Z,2020-04-13T18:24:00.000Z,BUY,0.01,1,1,10.00,1,15150.00
2020-04-13T18:24:00.000Z,2020-04-13T21:02:00.000Z,BUY,0.01,1,1,10.00,1,15160.00
2020-04-13T21:02:00.000Z,2020-04-14T15:30:00.000Z,BUY,0.01,1,1,10.00,1,15170.00
2020-04-14T15:30:00.000Z,2020-04-14T17:03:00.000Z,BUY,0.01,1,1,10.00,1,15180.00
2020-04-14T17:03:00.000Z,2020-04-15T10:29:00.000Z,BUY,0.01,2,1,10.00,2,15190.00
2020-04-15T10:29:00.000Z,2020-04-17T08:55:00.000Z,SELL,0.01,3,1,10.00,3,15200.00
2020-04-17T08:55:00.000Z,2020-04-17T09:03:00.000Z,SELL,0.01,1,1,10.00,1,15210.00
2020-04-17T09:03:00.000Z,2020-04-20T01:18:00.000Z,SELL,0.01,1,1,10.00,1,15220.00
2020-04-20T01:18:00.000Z,2020-04-21T14:17:00.000Z,SELL,0.01,3,1,10.00,3,15230.00
2020-04-21T14:17:00.000Z,2020-04-22T10:49:00.000Z,SELL,0.01,2,1,10.00,2,15240.00
2020-04-22T10:49:00.000Z,2020-04-22T15:57:00.000Z,BUY,0.01,1,1,10.00,1,15250.00
2020-04-22T15:57:00.000Z,2020-04-23T11:02:00.000Z,BUY,0.01,1,1,10.00,1,15260.00
2020-04-23T11:02:00.000Z,2020-04-23T14:00:00.000Z,BUY,0.01,1,1,10.00,1,15270.00
2020-04-23T14:00:00.000Z,2020-04-28T06:25:00.000Z,BUY,0.01,2,1,10.00,2,15280.00
2020-04-28T06:25:00.000Z,2020-04-30T19:15:00.000Z,SELL,0.01,3,1,10.00,3,15290.00
2020-04-30T19:15:00.000Z,2020-05-01T08:40:00.000Z,SELL,0.01,1,1,10.00,1,15300.00
2020-05-01T08:40:00.000Z,2020-05-04T13:17:00.000Z,SELL,0.01,2,1,10.00,2,15310.00
2020-05-04T13:17:00.000Z,2020-05-07T20:04:00.000Z,BUY,0.01,3,1,10.00,3,15320.00
2020-05-07T20:04:00.000Z,2020-05-14T16:58:00.000Z,BUY,0.01,3,1,10.00,3,15330.00
2020-05-14T16:58:00.000Z,2020-05-15T15:33:00.000Z,BUY,0.01,1,1,10.00,1,15340.00
2020-05-15T15:33:00.000Z,2020-05-15T20:17:00.000Z,BUY,0.01,1,1,10.00,1,15350.00
2020-05-15T20:17:00.000Z,2020-05-18T05:07:00.000Z,BUY,0.01,1,1,10.00,1,15360.00
2020-05-18T05:07:00.000Z,2020-05-18T18:25:00.000Z,BUY,0.01,2,1,10.00,2,15370.00
2020-05-18T18:25:00.000Z,2020-05-19T16:41:00.000Z,BUY,0.01,1,1,10.00,1,15380.00
2020-05-19T16:41:00.000Z,2020-05-21T17:01:00.000Z,SELL,0.01,1,1,10.00,1,15390.00
2020-05-21T17:01:00.000Z,2020-05-21T17:35:00.000Z,SELL,0.01,1,1,10.00,1,15400.00
2020-05-21T17:35:00.000Z,2020-05-26T18:12:00.000Z,SELL,0.01,3,1,10.00,3,15410.00
2020-05-26T18:12:00.000Z,2020-05-27T14:47:00.000Z,SELL,0.01,1,1,10.00,1,15420.00
2020-05-27T14:47:00.000Z,2020-05-29T14:58:00.000Z,SELL,0.01,2,1,10.00,2,15430.00
2020-05-29T14:58:00.000Z,2020-06-01T02:10:00.000Z,BUY,0.01,1,1,10.00,1,15440.00
2020-06-01T02:10:00.000Z,2020-06-03T15:46:00.000Z,BUY,0.01,2,1,10.00,2,15450.00
2020-06-03T15:46:00.000Z,2020-06-03T17:08:00.000Z,SELL,0.01,1,1,10.00,1,15460.00
2020-06-03T17:08:00.000Z,2020-06-03T17:36:00.000Z,SELL,0.01,1,1,10.00,1,15470.00
2020-06-03T17:36:00.000Z,2020-06-04T20:25:00.000Z,SELL,0.01,2,1,10.00,2,15480.00
2020-06-04T20:25:00.000Z,2020-06-05T15:39:00.000Z,BUY,0.01,2,1,10.00,2,15490.00
2020-06-05T15:39:00.000Z,2020-06-05T16:55:00.000Z,SELL,0.01,1,1,10.00,1,15500.00
2020-06-05T16:55:00.000Z,2020-06-09T12:14:00.000Z,SELL,0.01,2,1,10.00,2,15510.00
2020-06-09T12:14:00.000Z,2020-06-09T16:57:00.000Z,BUY,0.01,1,1,10.00,1,15520.00
2020-06-09T16:57:00.000Z,2020-06-10T21:15:00.000Z,BUY,0.01,1,1,10.00,1,15530.00
2020-06-10T21:15:00.000Z,2020-06-11T17:02:00.000Z,BUY,0.01,1,1,10.00,1,15540.00
2020-06-11T17:02:00.000Z,2020-06-15T13:20:00.000Z,BUY,0.01,2,1,10.00,2,15550.00
2020-06-15T13:20:00.000Z,2020-06-19T17:36:00.000Z,SELL,0.01,2,1,10.00,2,15560.00
2020-06-19T17:36:00.000Z,2020-06-22T03:02:00.000Z,BUY,0.01,1,1,10.00,1,15570.00
2020-06-22T03:02:00.000Z,2020-06-22T16:46:00.000Z,BUY,0.01,1,1,10.00,1,15580.00
2020-06-22T16:46:00.000Z,2020-06-23T22:59:00.000Z,BUY,0.01,1,1,10.00,1,15590.00
2020-06-23T22:59:00.000Z,2020-06-30T17:45:00.000Z,BUY,0.01,3,1,10.00,3,15600.00
2020-06-30T17:45:00.000Z,2020-07-01T16:38:00.000Z,SELL,0.01,1,1,10.00,1,15610.00
2020-07-01T16:38:00.000Z,2020-07-06T15:13:00.000Z,BUY,0.01,1,1,10.00,1,15620.00
2020-07-06T15:13:00.000Z,2020-07-07T17:07:00.000Z,BUY,0.01,1,1,10.00,1,15630.00
2020-07-07T17:07:00.000Z,2020-07-21T09:49:00.000Z,SELL,0.01,4,1,10.00,4,15640.00
2020-07-21T09:49:00.000Z,2020-07-21T15:11:00.000Z,BUY,0.01,1,1,10.00,1,15650.00
2020-07-21T15:11:00.000Z,2020-07-21T19:56:00.000Z,BUY,0.01,1,1,10.00,1,15660.00
2020-07-21T19:56:00.000Z,2020-07-22T04:07:00.000Z,BUY,0.01,1,1,10.00,1,15670.00
2020-07-22T04:07:00.000Z,2020-07-22T04:13:00.000Z,BUY,0.01,1,1,10.00,1,15680.00
2020-07-22T04:13:00.000Z,2020-07-23T01:05:00.000Z,BUY,0.01,1,1,10.00,1,15690.00
2020-07-23T01:05:00.000Z,2020-07-23T11:32:00.000Z,BUY,0.01,1,1,10.00,1,15700.00
2020-07-23T11:32:00.000Z,2020-07-23T18:28:00.000Z,BUY,0.01,1,1,10.00,1,15710.00
2020-07-23T18:28:00.000Z,2020-07-24T16:05:00.000Z,BUY,0.01,1,1,10.00,1,15720.00
2020-07-24T16:05:00.000Z,2020-07-27T02:24:00.000Z,BUY,0.01,1,1,10.00,1,15730.00
2020-07-27T02:24:00.000Z,2020-07-27T05:37:00.000Z,BUY,0.01,1,1,10.00,1,15740.00
2020-07-27T05:37:00.000Z,2020-07-27T06:12:00.000Z,BUY,0.01,1,1,10.00,1,15750.00
2020-07-27T06:12:00.000Z,2020-07-27T06:16:00.000Z,BUY,0.01,1,1,10.00,1,15760.00
2020-07-27T06:16:00.000Z,2020-07-28T02:09:00.000Z,BUY,0.01,1,1,10.00,1,15770.00
2020-07-28T02:09:00.000Z,2020-07-28T02:42:00.000Z,BUY,0.01,1,1,10.00,1,15780.00
2020-07-28T02:42:00.000Z,2020-07-28T04:10:00.000Z,BUY,0.01,1,1,10.00,1,15790.00
2020-07-28T04:10:00.000Z,2020-07-28T06:04:00.000Z,BUY,0.01,2,1,10.00,2,15800.00
2020-07-28T06:04:00.000Z,2020-07-28T10:39:00.000Z,BUY,0.01,2,1,10.00,2,15810.00
2020-07-28T10:39:00.000Z,2020-07-28T11:25:00.000Z,BUY,0.01,1,1,10.00,1,15820.00
2020-07-28T11:25:00.000Z,2020-07-28T12:38:00.000Z,BUY,0.01,1,1,10.00,1,15830.00
2020-07-28T12:38:00.000Z,2020-07-28T13:50:00.000Z,SELL,0.01,1,1,10.00,1,15840.00
2020-07-28T13:50:00.000Z,2020-07-28T17:58:00.000Z,SELL,0.01,2,1,10.00,2,15850.00
2020-07-28T17:58:00.000Z,2020-07-29T17:14:00.000Z,SELL,0.01,1,1,10.00,1,15860.00
2020-07-29T17:14:00.000Z,2020-07-29T17:44:00.000Z,BUY,0.01,1,1,10.00,1,15870.00
2020-07-29T17:44:00.000Z,2020-07-29T21:10:00.000Z,BUY,0.01,1,1,10.00,1,15880.00
2020-07-29T21:10:00.000Z,2020-07-29T21:44:00.000Z,BUY,0.01,1,1,10.00,1,15890.00
2020-07-29T21:44:00.000Z,2020-07-30T12:11:00.000Z,BUY,0.01,2,1,10.00,2,15900.00
2020-07-30T12:11:00.000Z,2020-07-31T09:10:00.000Z,SELL,0.01,2,1,10.00,2,15910.00
2020-07-31T09:10:00.000Z,2020-08-04T17:35:00.000Z,BUY,0.01,1,1,10.00,1,15920.00
2020-08-04T17:35:00.000Z,2020-08-04T18:53:00.000Z,BUY,0.01,1,1,10.00,1,15930.00
2020-08-04T18:53:00.000Z,2020-08-04T20:45:00.000Z,BUY,0.01,1,1,10.00,1,15940.00
2020-08-04T20:45:00.000Z,2020-08-04T22:55:00.000Z,BUY,0.01,1,1,10.00,1,15950.00
2020-08-04T22:55:00.000Z,2020-08-05T02:44:00.000Z,BUY,0.01,1,1,10.00,1,15960.00
2020-08-05T02:44:00.000Z,2020-08-05T10:33:00.000Z,BUY,0.01,1,1,10.00,1,15970.00
2020-08-05T10:33:00.000Z,2020-08-05T16:54:00.000Z,BUY,0.01,1,1,10.00,1,15980.00
2020-08-05T16:54:00.000Z,2020-08-06T14:44:00.000Z,BUY,0.01,1,1,10.00,1,15990.00
2020-08-06T14:44:00.000Z,2020-08-06T16:58:00.000Z,BUY,0.01,1,1,10.00,1,16000.00
2020-08-06T16:58:00.000Z,2020-08-07T17:03:00.000Z,BUY,0.01,2,1,10.00,2,16010.00
2020-08-07T17:03:00.000Z,2020-08-07T17:07:00.000Z,SELL,0.01,1,1,10.00,1,16020.00
2020-08-07T17:07:00.000Z,2020-08-07T20:22:00.000Z,SELL,0.01,1,1,10.00,1,16030.00
2020-08-07T20:22:00.000Z,2020-08-10T16:57:00.000Z,SELL,0.01,2,1,10.00,2,16040.00
2020-08-10T16:57:00.000Z,2020-08-10T17:56:00.000Z,SELL,0.01,1,1,10.00,1,16050.00
2020-08-10T17:56:00.000Z,2020-08-10T21:22:00.000Z,SELL,0.01,1,1,10.00,1,16060.00
2020-08-10T21:22:00.000Z,2020-08-11T03:39:00.000Z,SELL,0.01,1,1,10.00,1,16070.00
2020-08-11T03:39:00.000Z,2020-08-11T08:45:00.000Z,SELL,0.01,1,1,10.00,1,16080.00
2020-08-11T08:45:00.000Z,2020-08-11T09:27:00.000Z,SELL,0.01,1,1,10.00,1,16090.00
2020-08-11T09:27:00.000Z,2020-08-11T11:08:00.000Z,SELL,0.01,1,1,10.00,1,16100.00
2020-08-11T11:08:00.000Z,2020-08-11T14:42:00.000Z,SELL,0.01,1,1,10.00,1,16110.00
2020-08-11T14:42:00.000Z,2020-08-11T15:44:00.000Z,SELL,0.01,1,1,10.00,1,16120.00
2020-08-11T15:44:00.000Z,2020-08-11T15:51:00.000Z,SELL,0.01,1,1,10.00,1,16130.00
2020-08-11T15:51:00.000Z,2020-08-11T16:08:00.000Z,SELL,0.01,1,1,10.00,1,16140.00
2020-08-11T16:08:00.000Z,2020-08-11T20:11:00.000Z,SELL,0.01,1,1,10.00,1,16150.00
2020-08-11T20:11:00.000Z,2020-08-11T20:57:00.000Z,SELL,0.01,1,1,10.00,1,16160.00
2020-08-11T20:57:00.000Z,2020-08-11T21:29:00.000Z,SELL,0.01,1,1,10.00,1,16170.00
2020-08-11T21:29:00.000Z,2020-08-11T23:18:00.000Z,SELL,0.01,1,1,10.00,1,16180.00
2020-08-11T23:18:00.000Z,2020-08-12T04:45:00.000Z,SELL,0.01,3,1,10.00,3,16190.00
2020-08-12T04:45:00.000Z,2020-08-12T05:00:00.000Z,SELL,0.01,1,1,10.00,1,16200.00
2020-08-12T05:00:00.000Z,2020-08-12T05:06:00.000Z,SELL,0.01,1,1,10.00,1,16210.00
2020-08-12T05:06:00.000Z,2020-08-12T07:29:00.000Z,SELL,0.01,3,1,10.00,3,16220.00
2020-08-12T07:29:00.000Z,2020-08-12T09:14:00.000Z,SELL,0.01,2,1,10.00,2,16230.00
2020-08-12T09:14:00.000Z,2020-08-12T10:30:00.000Z,SELL,0.01,2,1,10.00,2,16240.00
2020-08-12T10:30:00.000Z,2020-08-12T16:13:00.000Z,SELL,0.01,5,0,-2420.00,5,13820.00
2020-08-12T16:13:00.000Z,2020-08-12T17:02:00.000Z,SELL,0.01,1,1,10.00,1,13830.00
2020-08-12T17:02:00.000Z,2020-08-12T22:23:00.000Z,SELL,0.01,1,1,10.00,1,13840.00
2020-08-12T22:23:00.000Z,2020-08-13T03:30:00.000Z,BUY,0.01,1,1,10.00,1,13850.00
2020-08-13T03:30:00.000Z,2020-08-13T07:54:00.000Z,SELL,0.01,1,1,10.00,1,13860.00
2020-08-13T07:54:00.000Z,2020-08-13T08:22:00.000Z,BUY,0.01,1,1,10.00,1,13870.00
2020-08-13T08:22:00.000Z,2020-08-13T15:23:00.000Z,SELL,0.01,1,1,10.00,1,13880.00
2020-08-13T15:23:00.000Z,2020-08-13T15:55:00.000Z,BUY,0.01,1,1,10.00,1,13890.00
2020-08-13T15:55:00.000Z,2020-08-13T17:01:00.000Z,BUY,0.01,1,1,10.00,1,13900.00
2020-08-13T17:01:00.000Z,2020-08-13T19:50:00.000Z,BUY,0.01,1,1,10.00,1,13910.00
2020-08-13T19:50:00.000Z,2020-08-13T20:28:00.000Z,BUY,0.01,1,1,10.00,1,13920.00
2020-08-13T20:28:00.000Z,2020-08-14T20:00:00.000Z,BUY,0.01,2,1,10.00,2,13930.00
2020-08-14T20:00:00.000Z,2020-08-17T16:28:00.000Z,SELL,0.01,2,1,10.00,2,13940.00
2020-08-17T16:28:00.000Z,2020-08-17T17:00:00.000Z,BUY,0.01,1,1,10.00,1,13950.00
2020-08-17T17:00:00.000Z,2020-08-17T17:28:00.000Z,BUY,0.01,1,1,10.00,1,13960.00
2020-08-17T17:28:00.000Z,2020-08-18T04:49:00.000Z,BUY,0.01,1,1,10.00,1,13970.00
2020-08-18T04:49:00.000Z,2020-08-18T09:27:00.000Z,BUY,0.01,1,1,10.00,1,13980.00
2020-08-18T09:27:00.000Z,2020-08-18T15:46:00.000Z,BUY,0.01,1,1,10.00,1,13990.00
2020-08-18T15:46:00.000Z,2020-08-18T17:28:00.000Z,BUY,0.01,2,1,10.00,2,14000.00
2020-08-18T17:28:00.000Z,2020-08-18T17:45:00.000Z,BUY,0.01,1,1,10.00,1,14010.00
2020-08-18T17:45:00.000Z,2020-08-18T18:51:00.000Z,BUY,0.01,1,1,10.00,1,14020.00
2020-08-18T18:51:00.000Z,2020-08-19T17:44:00.000Z,BUY,0.01,2,1,10.00,2,14030.00
2020-08-19T17:44:00.000Z,2020-08-19T17:58:00.000Z,SELL,0.01,1,1,10.00,1,14040.00
2020-08-19T17:58:00.000Z,2020-08-19T18:25:00.000Z,SELL,0.01,1,1,10.00,1,14050.00
2020-08-19T18:25:00.000Z,2020-08-19T21:16:00.000Z,SELL,0.01,3,1,10.00,3,14060.00
2020-08-19T21:16:00.000Z,2020-08-19T23:19:00.000Z,SELL,0.01,1,1,10.00,1,14070.00
2020-08-19T23:19:00.000Z,2020-08-21T14:39:00.000Z,SELL,0.01,5,1,10.00,5,14080.00
2020-08-21T14:39:00.000Z,2020-08-21T15:00:00.000Z,SELL,0.01,1,1,10.00,1,14090.00
2020-08-21T15:00:00.000Z,2020-08-21T17:59:00.000Z,SELL,0.01,2,1,10.00,2,14100.00
2020-08-21T17:59:00.000Z,2020-08-21T19:34:00.000Z,SELL,0.01,1,1,10.00,1,14110.00
2020-08-21T19:34:00.000Z,2020-08-25T12:45:00.000Z,SELL,0.01,3,1,10.00,3,14120.00
2020-08-25T12:45:00.000Z,2020-08-26T15:15:00.000Z,SELL,0.01,1,1,10.00,1,14130.00
2020-08-26T15:15:00.000Z,2020-08-26T17:34:00.000Z,SELL,0.01,2,1,10.00,2,14140.00
2020-08-26T17:34:00.000Z,2020-08-27T15:40:00.000Z,SELL,0.01,1,1,10.00,1,14150.00
2020-08-27T15:40:00.000Z,2020-08-27T15:48:00.000Z,BUY,0.01,1,1,10.00,1,14160.00
2020-08-27T15:48:00.000Z,2020-08-27T16:13:00.000Z,BUY,0.01,1,1,10.00,1,14170.00
2020-08-27T16:13:00.000Z,2020-08-27T16:15:00.000Z,BUY,0.01,1,1,10.00,1,14180.00
2020-08-27T16:15:00.000Z,2020-08-27T16:19:00.000Z,BUY,0.01,1,1,10.00,1,14190.00
2020-08-27T16:19:00.000Z,2020-08-27T16:40:00.000Z,BUY,0.01,2,1,10.00,2,14200.00
2020-08-27T16:40:00.000Z,2020-08-27T17:08:00.000Z,BUY,0.01,2,1,10.00,2,14210.00
2020-08-27T17:08:00.000Z,2020-08-27T17:11:00.000Z,BUY,0.01,1,1,10.00,1,14220.00
2020-08-27T17:11:00.000Z,2020-08-27T21:35:00.000Z,BUY,0.01,1,1,10.00,1,14230.00
2020-08-27T21:35:00.000Z,2020-08-28T03:10:00.000Z,SELL,0.01,1,1,10.00,1,14240.00
2020-08-28T03:10:00.000Z,2020-08-28T11:30:00.000Z,SELL,0.01,2,1,10.00,2,14250.00
2020-08-28T11:30:00.000Z,2020-08-28T14:38:00.000Z,BUY,0.01,1,1,10.00,1,14260.00
2020-08-28T14:38:00.000Z,2020-08-31T01:11:00.000Z,BUY,0.01,1,1,10.00,1,14270.00
2020-08-31T01:11:00.000Z,2020-09-01T05:27:00.000Z,BUY,0.01,3,1,10.00,3,14280.00
2020-09-01T05:27:00.000Z,2020-09-02T15:11:00.000Z,BUY,0.01,2,1,10.00,2,14290.00
2020-09-02T15:11:00.000Z,2020-09-02T17:15:00.000Z,SELL,0.01,1,1,10.00,1,14300.00
2020-09-02T17:15:00.000Z,2020-09-02T19:30:00.000Z,SELL,0.01,1,1,10.00,1,14310.00
2020-09-02T19:30:00.000Z,2020-09-03T18:21:00.000Z,SELL,0.01,1,1,10.00,1,14320.00
2020-09-03T18:21:00.000Z,2020-09-08T13:10:00.000Z,SELL,0.01,3,1,10.00,3,14330.00
2020-09-08T13:10:00.000Z,2020-09-09T16:23:00.000Z,SELL,0.01,2,1,10.00,2,14340.00
2020-09-09T16:23:00.000Z,2020-09-10T15:28:00.000Z,BUY,0.01,1,1,10.00,1,14350.00
2020-09-10T15:28:00.000Z,2020-09-10T16:56:00.000Z,BUY,0.01,1,1,10.00,1,14360.00
2020-09-10T16:56:00.000Z,2020-09-17T16:07:00.000Z,BUY,0.01,4,1,10.00,4,14370.00
2020-09-17T16:07:00.000Z,2020-09-21T15:26:00.000Z,SELL,0.01,3,1,10.00,3,14380.00
2020-09-21T15:26:00.000Z,2020-09-21T16:25:00.000Z,SELL,0.01,1,1,10.00,1,14390.00
2020-09-21T16:25:00.000Z,2020-09-21T17:21:00.000Z,SELL,0.01,1,1,10.00,1,14400.00
2020-09-21T17:21:00.000Z,2020-09-21T17:29:00.000Z,SELL,0.01,1,1,10.00,1,14410.00
2020-09-21T17:29:00.000Z,2020-09-23T07:44:00.000Z,SELL,0.01,3,1,10.00,3,14420.00
2020-09-23T07:44:00.000Z,2020-09-23T17:01:00.000Z,SELL,0.01,1,1,10.00,1,14430.00
2020-09-23T17:01:00.000Z,2020-09-23T21:00:00.000Z,SELL,0.01,1,1,10.00,1,14440.00
2020-09-23T21:00:00.000Z,2020-09-24T07:56:00.000Z,SELL,0.01,1,1,10.00,1,14450.00
2020-09-24T07:56:00.000Z,2020-09-28T21:43:00.000Z,SELL,0.01,4,1,10.00,4,14460.00
2020-09-28T21:43:00.000Z,2020-09-29T18:22:00.000Z,BUY,0.01,1,1,10.00,1,14470.00
2020-09-29T18:22:00.000Z,2020-10-01T15:21:00.000Z,BUY,0.01,1,1,10.00,1,14480.00
2020-10-01T15:21:00.000Z,2020-10-02T09:25:00.000Z,BUY,0.01,1,1,10.00,1,14490.00
2020-10-02T09:25:00.000Z,2020-10-02T16:22:00.000Z,SELL,0.01,1,1,10.00,1,14500.00
2020-10-02T16:22:00.000Z,2020-10-05T17:07:00.000Z,BUY,0.01,1,1,10.00,1,14510.00
2020-10-05T17:07:00.000Z,2020-10-06T23:42:00.000Z,BUY,0.01,2,1,10.00,2,14520.00
2020-10-06T23:42:00.000Z,2020-10-09T06:33:00.000Z,SELL,0.01,2,1,10.00,2,14530.00
2020-10-09T06:33:00.000Z,2020-10-09T16:05:00.000Z,BUY,0.01,1,1,10.00,1,14540.00
2020-10-09T16:05:00.000Z,2020-10-12T02:23:00.000Z,BUY,0.01,1,1,10.00,1,14550.00
2020-10-12T02:23:00.000Z,2020-10-13T16:19:00.000Z,BUY,0.01,2,1,10.00,2,14560.00
2020-10-13T16:19:00.000Z,2020-10-13T17:00:00.000Z,SELL,0.01,1,1,10.00,1,14570.00
2020-10-13T17:00:00.000Z,2020-10-14T04:23:00.000Z,SELL,0.01,1,1,10.00,1,14580.00
2020-10-14T04:23:00.000Z,2020-10-14T16:58:00.000Z,SELL,0.01,2,1,10.00,2,14590.00
2020-10-14T16:58:00.000Z,2020-10-14T19:00:00.000Z,SELL,0.01,1,1,10.00,1,14600.00
2020-10-14T19:00:00.000Z,2020-10-16T15:13:00.000Z,BUY,0.01,1,1,10.00,1,14610.00
2020-10-16T15:13:00.000Z,2020-10-21T15:24:00.000Z,BUY,0.01,1,1,10.00,1,14620.00
2020-10-21T15:24:00.000Z,2020-10-26T00:55:00.000Z,BUY,0.01,2,1,10.00,2,14630.00
2020-10-26T00:55:00.000Z,2020-10-28T14:25:00.000Z,SELL,0.01,1,1,10.00,1,14640.00
2020-10-28T14:25:00.000Z,2020-10-28T16:53:00.000Z,SELL,0.01,1,1,10.00,1,14650.00
2020-10-28T16:53:00.000Z,2020-10-29T15:00:00.000Z,SELL,0.01,1,1,10.00,1,14660.00
2020-10-29T15:00:00.000Z,2020-11-02T14:15:00.000Z,SELL,0.01,2,1,10.00,2,14670.00
2020-11-02T14:15:00.000Z,2020-11-03T15:24:00.000Z,BUY,0.01,1,1,10.00,1,14680.00
2020-11-03T15:24:00.000Z,2020-11-04T01:08:00.000Z,BUY,0.01,1,1,10.00,1,14690.00
2020-11-04T01:08:00.000Z,2020-11-04T03:00:00.000Z,BUY,0.01,2,1,10.00,2,14700.00
2020-11-04T03:00:00.000Z,2020-11-04T03:00:00.000Z,BUY,0.01,1,1,10.00,1,14710.00
2020-11-04T03:00:00.000Z,2020-11-04T03:08:00.000Z,BUY,0.01,1,1,10.00,1,14720.00
2020-11-04T03:08:00.000Z,2020-11-05T09:28:00.000Z,BUY,0.01,3,1,10.00,3,14730.00
2020-11-05T09:28:00.000Z,2020-11-05T14:34:00.000Z,BUY,0.01,1,1,10.00,1,14740.00
2020-11-05T14:34:00.000Z,2020-11-05T16:58:00.000Z,BUY,0.01,1,1,10.00,1,14750.00
2020-11-05T16:58:00.000Z,2020-11-05T17:18:00.000Z,BUY,0.01,1,1,10.00,1,14760.00
2020-11-05T17:18:00.000Z,2020-11-06T13:11:00.000Z,BUY,0.01,1,1,10.00,1,14770.00
2020-11-06T13:11:00.000Z,2020-11-09T06:30:00.000Z,BUY,0.01,1,1,10.00,1,14780.00
2020-11-09T06:30:00.000Z,2020-11-09T14:02:00.000Z,BUY,0.01,2,1,10.00,2,14790.00
2020-11-09T14:02:00.000Z,2020-11-09T14:13:00.000Z,BUY,0.01,2,1,10.00,2,14800.00
2020-11-09T14:13:00.000Z,2020-11-09T14:18:00.000Z,BUY,0.01,1,1,10.00,1,14810.00
2020-11-09T14:18:00.000Z,2020-11-09T15:37:00.000Z,BUY,0.01,2,1,10.00,2,14820.00
2020-11-09T15:37:00.000Z,2020-11-09T15:45:00.000Z,SELL,0.01,1,1,10.00,1,14830.00
2020-11-09T15:45:00.000Z,2020-11-09T16:56:00.000Z,SELL,0.01,1,1,10.00,1,14840.00
2020-11-09T16:56:00.000Z,2020-11-09T17:45:00.000Z,SELL,0.01,1,1,10.00,1,14850.00
2020-11-09T17:45:00.000Z,2020-11-10T06:06:00.000Z,SELL,0.01,2,1,10.00,2,14860.00
2020-11-10T06:06:00.000Z,2020-11-10T12:10:00.000Z,SELL,0.01,1,1,10.00,1,14870.00
2020-11-10T12:10:00.000Z,2020-11-11T15:40:00.000Z,SELL,0.01,1,1,10.00,1,14880.00
2020-11-11T15:40:00.000Z,2020-11-13T15:50:00.000Z,SELL,0.01,2,1,10.00,2,14890.00
2020-11-13T15:50:00.000Z,2020-11-18T14:03:00.000Z,BUY,0.01,4,1,10.00,4,14900.00
2020-11-18T14:03:00.000Z,2020-11-19T15:38:00.000Z,SELL,0.01,3,1,10.00,3,14910.00
2020-11-19T15:38:00.000Z,2020-11-23T16:59:00.000Z,SELL,0.01,3,1,10.00,3,14920.00
2020-11-23T16:59:00.000Z,2020-11-23T18:06:00.000Z,SELL,0.01,1,1,10.00,1,14930.00
2020-11-23T18:06:00.000Z,2020-11-24T04:53:00.000Z,SELL,0.01,1,1,10.00,1,14940.00
2020-11-24T04:53:00.000Z,2020-11-24T12:57:00.000Z,SELL,0.01,1,1,10.00,1,14950.00
2020-11-24T12:57:00.000Z,2020-11-24T16:41:00.000Z,SELL,0.01,1,1,10.00,1,14960.00
2020-11-24T16:41:00.000Z,2020-11-27T15:30:00.000Z,SELL,0.01,1,1,10.00,1,14970.00
2020-11-27T15:30:00.000Z,2020-11-27T15:44:00.000Z,SELL,0.01,1,1,10.00,1,14980.00
2020-11-27T15:44:00.000Z,2020-11-30T04:57:00.000Z,SELL,0.01,1,1,10.00,1,14990.00
2020-11-30T04:57:00.000Z,2020-12-01T13:06:00.000Z,SELL,0.01,2,1,10.00,2,15000.00
2020-12-01T13:06:00.000Z,2020-12-01T15:55:00.000Z,BUY,0.01,1,1,10.00,1,15010.00
2020-12-01T15:55:00.000Z,2020-12-02T10:34:00.000Z,BUY,0.01,1,1,10.00,1,15020.00
2020-12-02T10:34:00.000Z,2020-12-02T12:32:00.000Z,BUY,0.01,1,1,10.00,1,15030.00
2020-12-02T12:32:00.000Z,2020-12-03T09:59:00.000Z,BUY,0.01,1,1,10.00,1,15040.00
2020-12-03T09:59:00.000Z,2020-12-07T16:51:00.000Z,BUY,0.01,3,1,10.00,3,15050.00
2020-12-07T16:51:00.000Z,2020-12-09T16:59:00.000Z,SELL,0.01,3,1,10.00,3,15060.00
2020-12-09T16:59:00.000Z,2020-12-09T20:50:00.000Z,SELL,0.01,1,1,10.00,1,15070.00
2020-12-09T20:50:00.000Z,2020-12-14T12:29:00.000Z,SELL,0.01,1,1,10.00,1,15080.00
2020-12-14T12:29:00.000Z,2020-12-15T15:31:00.000Z,SELL,0.01,2,1,10.00,2,15090.00
2020-12-15T15:31:00.000Z,2020-12-16T10:47:00.000Z,BUY,0.01,1,1,10.00,1,15100.00
2020-12-16T10:47:00.000Z,2020-12-17T09:19:00.000Z,BUY,0.01,1,1,10.00,1,15110.00
2020-12-17T09:19:00.000Z,2020-12-17T10:37:00.000Z,BUY,0.01,1,1,10.00,1,15120.00
2020-12-17T10:37:00.000Z,2020-12-17T16:42:00.000Z,BUY,0.01,1,1,10.00,1,15130.00
2020-12-17T16:42:00.000Z,2020-12-21T08:09:00.000Z,BUY,0.01,1,1,10.00,1,15140.00
2020-12-21T08:09:00.000Z,2020-12-21T12:05:00.000Z,BUY,0.01,2,1,10.00,2,15150.00
2020-12-21T12:05:00.000Z,2020-12-21T14:05:00.000Z,BUY,0.01,1,1,10.00,1,15160.00
2020-12-21T14:05:00.000Z,2020-12-21T15:09:00.000Z,SELL,0.01,1,1,10.00,1,15170.00
2020-12-21T15:09:00.000Z,2020-12-22T17:57:00.000Z,SELL,0.01,1,1,10.00,1,15180.00
2020-12-22T17:57:00.000Z,2020-12-28T03:04:00.000Z,SELL,0.01,2,1,10.00,2,15190.00
2020-12-28T03:04:00.000Z,2021-01-04T01:05:00.000Z,BUY,0.01,5,1,10.00,5,15200.00
2021-01-04T01:05:00.000Z,2021-01-04T01:33:00.000Z,BUY,0.01,1,1,10.00,1,15210.00
2021-01-04T01:33:00.000Z,2021-01-04T05:37:00.000Z,BUY,0.01,1,1,10.00,1,15220.00
2021-01-04T05:37:00.000Z,2021-01-04T10:27:00.000Z,BUY,0.01,1,1,10.00,1,15230.00
2021-01-04T10:27:00.000Z,2021-01-04T17:01:00.000Z,BUY,0.01,1,1,10.00,1,15240.00
2021-01-04T17:01:00.000Z,2021-01-06T03:01:00.000Z,BUY,0.01,1,1,10.00,1,15250.00
2021-01-06T03:01:00.000Z,2021-01-06T17:26:00.000Z,BUY,0.01,2,1,10.00,2,15260.00
2021-01-06T17:26:00.000Z,2021-01-06T17:40:00.000Z,SELL,0.01,1,1,10.00,1,15270.00
2021-01-06T17:40:00.000Z,2021-01-06T18:05:00.000Z,SELL,0.01,1,1,10.00,1,15280.00
2021-01-06T18:05:00.000Z,2021-01-08T10:00:00.000Z,SELL,0.01,3,1,10.00,3,15290.00
2021-01-08T10:00:00.000Z,2021-01-08T10:00:00.000Z,SELL,0.01,1,1,10.00,1,15300.00
2021-01-08T10:00:00.000Z,2021-01-08T16:42:00.000Z,SELL,0.01,3,1,10.00,3,15310.00
2021-01-08T16:42:00.000Z,2021-01-08T16:53:00.000Z,SELL,0.01,1,1,10.00,1,15320.00
2021-01-08T16:53:00.000Z,2021-01-08T17:18:00.000Z,SELL,0.01,1,1,10.00,1,15330.00
2021-01-08T17:18:00.000Z,2021-01-08T19:27:00.000Z,SELL,0.01,1,1,10.00,1,15340.00
2021-01-08T19:27:00.000Z,2021-01-08T20:25:00.000Z,SELL,0.01,1,1,10.00,1,15350.00
2021-01-08T20:25:00.000Z,2021-01-11T03:15:00.000Z,SELL,0.01,3,1,10.00,3,15360.00
2021-01-11T03:15:00.000Z,2021-01-11T10:02:00.000Z,SELL,0.01,2,1,10.00,2,15370.00
2021-01-11T10:02:00.000Z,2021-01-11T14:54:00.000Z,SELL,0.01,1,1,10.00,1,15380.00
2021-01-11T14:54:00.000Z,2021-01-11T16:19:00.000Z,SELL,0.01,1,1,10.00,1,15390.00
2021-01-11T16:19:00.000Z,2021-01-12T09:31:00.000Z,SELL,0.01,2,1,10.00,2,15400.00
2021-01-12T09:31:00.000Z,2021-01-14T04:31:00.000Z,BUY,0.01,4,1,10.00,4,15410.00
2021-01-14T04:31:00.000Z,2021-01-18T01:35:00.000Z,SELL,0.01,3,1,10.00,3,15420.00
2021-01-18T01:35:00.000Z,2021-01-18T01:59:00.000Z,SELL,0.01,1,1,10.00,1,15430.00
2021-01-18T01:59:00.000Z,2021-01-19T03:00:00.000Z,SELL,0.01,2,1,10.00,2,15440.00
2021-01-19T03:00:00.000Z,2021-01-20T07:59:00.000Z,BUY,0.01,1,1,10.00,1,15450.00
2021-01-20T07:59:00.000Z,2021-01-20T16:32:00.000Z,BUY,0.01,1,1,10.00,1,15460.00
2021-01-20T16:32:00.000Z,2021-01-20T23:42:00.000Z,BUY,0.01,1,1,10.00,1,15470.00
2021-01-20T23:42:00.000Z,2021-01-22T14:51:00.000Z,BUY,0.01,2,1,10.00,2,15480.00
2021-01-22T14:51:00.000Z,2021-01-27T16:45:00.000Z,SELL,0.01,3,1,10.00,3,15490.00
2021-01-27T16:45:00.000Z,2021-01-28T16:32:00.000Z,SELL,0.01,2,1,10.00,2,15500.00
2021-01-28T16:32:00.000Z,2021-01-29T15:41:00.000Z,BUY,0.01,3,1,10.00,3,15510.00
2021-01-29T15:41:00.000Z,2021-01-29T23:00:00.000Z,BUY,0.01,2,1,10.00,2,15520.00
2021-01-29T23:00:00.000Z,2021-02-01T01:05:00.000Z,BUY,0.01,1,1,10.00,1,15530.00
2021-02-01T01:05:00.000Z,2021-02-01T05:02:00.000Z,BUY,0.01,1,1,10.00,1,15540.00
2021-02-01T05:02:00.000Z,2021-02-02T15:36:00.000Z,BUY,0.01,2,1,10.00,2,15550.00
2021-02-02T15:36:00.000Z,2021-02-04T05:00:00.000Z,SELL,0.01,1,1,10.00,1,15560.00
2021-02-04T05:00:00.000Z,2021-02-04T11:16:00.000Z,SELL,0.01,1,1,10.00,1,15570.00
2021-02-04T11:16:00.000Z,2021-02-04T16:03:00.000Z,SELL,0.01,1,1,10.00,1,15580.00
2021-02-04T16:03:00.000Z,2021-02-04T16:31:00.000Z,SELL,0.01,1,1,10.00,1,15590.00
2021-02-04T16:31:00.000Z,2021-02-08T13:33:00.000Z,SELL,0.01,2,1,10.00,2,15600.00
2021-02-08T13:33:00.000Z,2021-02-08T15:55:00.000Z,BUY,0.01,1,1,10.00,1,15610.00
2021-02-08T15:55:00.000Z,2021-02-09T04:39:00.000Z,BUY,0.01,1,1,10.00,1,15620.00
2021-02-09T04:39:00.000Z,2021-02-10T15:33:00.000Z,BUY,0.01,1,1,10.00,1,15630.00
2021-02-10T15:33:00.000Z,2021-02-11T21:35:00.000Z,BUY,0.01,2,1,10.00,2,15640.00
2021-02-11T21:35:00.000Z,2021-02-12T15:33:00.000Z,SELL,0.01,1,1,10.00,1,15650.00
2021-02-12T15:33:00.000Z,2021-02-16T15:34:00.000Z,SELL,0.01,1,1,10.00,1,15660.00
2021-02-16T15:34:00.000Z,2021-02-16T16:22:00.000Z,SELL,0.01,1,1,10.00,1,15670.00
2021-02-16T16:22:00.000Z,2021-02-17T15:21:00.000Z,SELL,0.01,3,1,10.00,3,15680.00
2021-02-17T15:21:00.000Z,2021-02-17T18:13:00.000Z,SELL,0.01,1,1,10.00,1,15690.00
2021-02-17T18:13:00.000Z,2021-02-22T15:15:00.000Z,SELL,0.01,2,1,10.00,2,15700.00
2021-02-22T15:15:00.000Z,2021-02-22T18:03:00.000Z,BUY,0.01,1,1,10.00,1,15710.00
2021-02-22T18:03:00.000Z,2021-02-25T15:30:00.000Z,BUY,0.01,2,1,10.00,2,15720.00
2021-02-25T15:30:00.000Z,2021-02-25T17:36:00.000Z,SELL,0.01,1,1,10.00,1,15730.00
2021-02-25T17:36:00.000Z,2021-02-26T07:31:00.000Z,SELL,0.01,1,1,10.00,1,15740.00
2021-02-26T07:31:00.000Z,2021-02-26T16:49:00.000Z,SELL,0.01,1,1,10.00,1,15750.00
2021-02-26T16:49:00.000Z,2021-02-26T17:04:00.000Z,SELL,0.01,1,1,10.00,1,15760.00
2021-02-26T17:04:00.000Z,2021-02-26T17:20:00.000Z,SELL,0.01,1,1,10.00,1,15770.00
2021-02-26T17:20:00.000Z,2021-02-26T18:25:00.000Z,SELL,0.01,1,1,10.00,1,15780.00
2021-02-26T18:25:00.000Z,2021-03-01T05:08:00.000Z,SELL,0.01,2,1,10.00,2,15790.00
2021-03-01T05:08:00.000Z,2021-03-01T14:38:00.000Z,SELL,0.01,1,1,10.00,1,15800.00
2021-03-01T14:38:00.000Z,2021-03-01T19:20:00.000Z,SELL,0.01,1,1,10.00,1,15810.00
2021-03-01T19:20:00.000Z,2021-03-02T03:20:00.000Z,SELL,0.01,1,1,10.00,1,15820.00
2021-03-02T03:20:00.000Z,2021-03-02T05:23:00.000Z,SELL,0.01,1,1,10.00,1,15830.00
2021-03-02T05:23:00.000Z,2021-03-02T23:43:00.000Z,SELL,0.01,2,1,10.00,2,15840.00
2021-03-02T23:43:00.000Z,2021-03-03T15:18:00.000Z,BUY,0.01,2,1,10.00,2,15850.00
2021-03-03T15:18:00.000Z,2021-03-04T20:00:00.000Z,SELL,0.01,1,1,10.00,1,15860.00
2021-03-04T20:00:00.000Z,2021-03-05T03:13:00.000Z,SELL,0.01,1,1,10.00,1,15870.00
2021-03-05T03:13:00.000Z,2021-03-08T19:16:00.000Z,SELL,0.01,3,1,10.00,3,15880.00
2021-03-08T19:16:00.000Z,2021-03-09T13:37:00.000Z,SELL,0.01,2,1,10.00,2,15890.00
2021-03-09T13:37:00.000Z,2021-03-09T16:10:00.000Z,BUY,0.01,1,1,10.00,1,15900.00
2021-03-09T16:10:00.000Z,2021-03-11T04:06:00.000Z,BUY,0.01,1,1,10.00,1,15910.00
2021-03-11T04:06:00.000Z,2021-03-11T10:21:00.000Z,BUY,0.01,1,1,10.00,1,15920.00
2021-03-11T10:21:00.000Z,2021-03-12T09:19:00.000Z,BUY,0.01,2,1,10.00,2,15930.00
2021-03-12T09:19:00.000Z,2021-03-16T16:29:00.000Z,SELL,0.01,2,1,10.00,2,15940.00
2021-03-16T16:29:00.000Z,2021-03-17T20:58:00.000Z,BUY,0.01,1,1,10.00,1,15950.00
2021-03-17T20:58:00.000Z,2021-03-18T09:36:00.000Z,SELL,0.01,1,1,10.00,1,15960.00
2021-03-18T09:36:00.000Z,2021-03-29T16:50:00.000Z,BUY,0.01,2,1,10.00,2,15970.00
2021-03-29T16:50:00.000Z,2021-03-30T10:42:00.000Z,SELL,0.01,1,1,10.00,1,15980.00
2021-03-30T10:42:00.000Z,2021-03-30T14:37:00.000Z,SELL,0.01,1,1,10.00,1,15990.00
2021-03-30T14:37:00.000Z,2021-03-31T05:58:00.000Z,SELL,0.01,1,1,10.00,1,16000.00
2021-03-31T05:58:00.000Z,2021-03-31T18:54:00.000Z,SELL,0.01,2,1,10.00,2,16010.00
2021-03-31T18:54:00.000Z,2021-04-01T10:14:00.000Z,BUY,0.01,1,1,10.00,1,16020.00
2021-04-01T10:14:00.000Z,2021-04-01T17:35:00.000Z,BUY,0.01,1,1,10.00,1,16030.00
2021-04-01T17:35:00.000Z,2021-04-06T15:38:00.000Z,BUY,0.01,1,1,10.00,1,16040.00
2021-04-06T15:38:00.000Z,2021-04-08T14:10:00.000Z,BUY,0.01,1,1,10.00,1,16050.00
2021-04-08T14:10:00.000Z,2021-04-15T17:08:00.000Z,BUY,0.01,3,1,10.00,3,16060.00
2021-04-15T17:08:00.000Z,2021-04-15T18:43:00.000Z,BUY,0.01,1,1,10.00,1,16070.00
2021-04-15T18:43:00.000Z,2021-04-16T15:02:00.000Z,BUY,0.01,1,1,10.00,1,16080.00
2021-04-16T15:02:00.000Z,2021-04-19T12:25:00.000Z,BUY,0.01,1,1,10.00,1,16090.00
2021-04-19T12:25:00.000Z,2021-04-29T16:15:00.000Z,BUY,0.01,5,0,-2420.00,5,13670.00
2021-04-29T16:15:00.000Z,2021-04-29T16:52:00.000Z,SELL,0.01,1,1,10.00,1,13680.00
2021-04-29T16:52:00.000Z,2021-05-03T16:30:00.000Z,SELL,0.01,2,1,10.00,2,13690.00
2021-05-03T16:30:00.000Z,2021-05-06T16:35:00.000Z,BUY,0.01,1,1,10.00,1,13700.00
2021-05-06T16:35:00.000Z,2021-05-06T16:49:00.000Z,BUY,0.01,1,1,10.00,1,13710.00
2021-05-06T16:49:00.000Z,2021-05-07T06:08:00.000Z,BUY,0.01,1,1,10.00,1,13720.00
2021-05-07T06:08:00.000Z,2021-05-07T15:31:00.000Z,BUY,0.01,1,1,10.00,1,13730.00
2021-05-07T15:31:00.000Z,2021-05-07T15:50:00.000Z,BUY,0.01,1,1,10.00,1,13740.00
2021-05-07T15:50:00.000Z,2021-05-13T12:58:00.000Z,BUY,0.01,4,1,10.00,4,13750.00
2021-05-13T12:58:00.000Z,2021-05-14T16:39:00.000Z,SELL,0.01,2,1,10.00,2,13760.00
2021-05-14T16:39:00.000Z,2021-05-17T04:22:00.000Z,BUY,0.01,1,1,10.00,1,13770.00
2021-05-17T04:22:00.000Z,2021-05-17T17:38:00.000Z,BUY,0.01,1,1,10.00,1,13780.00
2021-05-17T17:38:00.000Z,2021-05-18T04:27:00.000Z,BUY,0.01,1,1,10.00,1,13790.00
2021-05-18T04:27:00.000Z,2021-05-19T16:39:00.000Z,BUY,0.01,1,1,10.00,1,13800.00
2021-05-19T16:39:00.000Z,2021-05-19T21:10:00.000Z,SELL,0.01,1,1,10.00,1,13810.00
2021-05-19T21:10:00.000Z,2021-05-20T19:49:00.000Z,BUY,0.01,1,1,10.00,1,13820.00
2021-05-20T19:49:00.000Z,2021-05-25T17:03:00.000Z,BUY,0.01,1,1,10.00,1,13830.00
2021-05-25T17:03:00.000Z,2021-05-26T04:02:00.000Z,BUY,0.01,1,1,10.00,1,13840.00
2021-05-26T04:02:00.000Z,2021-05-26T15:41:00.000Z,BUY,0.01,1,1,10.00,1,13850.00
2021-05-26T15:41:00.000Z,2021-05-28T15:12:00.000Z,BUY,0.01,2,1,10.00,2,13860.00
2021-05-28T15:12:00.000Z,2021-06-01T04:48:00.000Z,SELL,0.01,2,1,10.00,2,13870.00
2021-06-01T04:48:00.000Z,2021-06-03T15:56:00.000Z,BUY,0.01,2,1,10.00,2,13880.00
2021-06-03T15:56:00.000Z,2021-06-03T16:35:00.000Z,SELL,0.01,1,1,10.00,1,13890.00
2021-06-03T16:35:00.000Z,2021-06-04T04:56:00.000Z,SELL,0.01,1,1,10.00,1,13900.00
2021-06-04T04:56:00.000Z,2021-06-04T17:08:00.000Z,SELL,0.01,2,1,10.00,2,13910.00
2021-06-04T17:08:00.000Z,2021-06-08T04:02:00.000Z,BUY,0.01,1,1,10.00,1,13920.00
2021-06-08T04:02:00.000Z,2021-06-10T15:30:00.000Z,BUY,0.01,2,1,10.00,2,13930.00
2021-06-10T15:30:00.000Z,2021-06-11T10:14:00.000Z,SELL,0.01,2,1,10.00,2,13940.00
2021-06-11T10:14:00.000Z,2021-06-14T03:06:00.000Z,BUY,0.01,2,1,10.00,2,13950.00
2021-06-14T03:06:00.000Z,2021-06-14T07:02:00.000Z,SELL,0.01,1,1,10.00,1,13960.00
2021-06-14T07:02:00.000Z,2021-06-14T15:06:00.000Z,SELL,0.01,1,1,10.00,1,13970.00
2021-06-14T15:06:00.000Z,2021-06-16T21:12:00.000Z,SELL,0.01,1,1,10.00,1,13980.00
2021-06-16T21:12:00.000Z,2021-06-16T21:50:00.000Z,SELL,0.01,1,1,10.00,1,13990.00
2021-06-16T21:50:00.000Z,2021-06-16T23:31:00.000Z,SELL,0.01,1,1,10.00,1,14000.00
2021-06-16T23:31:00.000Z,2021-06-16T23:42:00.000Z,SELL,0.01,1,1,10.00,1,14010.00
2021-06-16T23:42:00.000Z,2021-06-17T13:27:00.000Z,SELL,0.01,1,1,10.00,1,14020.00
2021-06-17T13:27:00.000Z,2021-06-17T14:47:00.000Z,SELL,0.01,1,1,10.00,1,14030.00
2021-06-17T14:47:00.000Z,2021-06-17T15:20:00.000Z,SELL,0.01,1,1,10.00,1,14040.00
2021-06-17T15:20:00.000Z,2021-06-17T18:25:00.000Z,SELL,0.01,1,1,10.00,1,14050.00
2021-06-17T18:25:00.000Z,2021-06-29T15:43:00.000Z,SELL,0.01,5,1,10.00,5,14060.00
2021-06-29T15:43:00.000Z,2021-07-02T15:35:00.000Z,SELL,0.01,2,1,10.00,2,14070.00
2021-07-02T15:35:00.000Z,2021-07-06T07:53:00.000Z,BUY,0.01,1,1,10.00,1,14080.00
2021-07-06T07:53:00.000Z,2021-07-06T14:48:00.000Z,BUY,0.01,1,1,10.00,1,14090.00
2021-07-06T14:48:00.000Z,2021-07-14T15:04:00.000Z,BUY,0.01,3,1,10.00,3,14100.00
2021-07-14T15:04:00.000Z,2021-07-15T09:07:00.000Z,BUY,0.01,1,1,10.00,1,14110.00
2021-07-15T09:07:00.000Z,2021-07-19T14:56:00.000Z,BUY,0.01,2,1,10.00,2,14120.00
2021-07-19T14:56:00.000Z,2021-07-23T14:32:00.000Z,SELL,0.01,3,1,10.00,3,14130.00
2021-07-23T14:32:00.000Z,2021-07-29T11:43:00.000Z,SELL,0.01,2,1,10.00,2,14140.00
2021-07-29T11:43:00.000Z,2021-07-29T18:35:00.000Z,BUY,0.01,1,1,10.00,1,14150.00
2021-07-29T18:35:00.000Z,2021-08-05T16:44:00.000Z,BUY,0.01,4,1,10.00,4,14160.00
2021-08-05T16:44:00.000Z,2021-08-06T15:30:00.000Z,SELL,0.01,1,1,10.00,1,14170.00
2021-08-06T15:30:00.000Z,2021-08-06T15:43:00.000Z,SELL,0.01,1,1,10.00,1,14180.00
2021-08-06T15:43:00.000Z,2021-08-06T16:30:00.000Z,SELL,0.01,1,1,10.00,1,14190.00
2021-08-06T16:30:00.000Z,2021-08-06T18:00:00.000Z,SELL,0.01,1,1,10.00,1,14200.00
2021-08-06T18:00:00.000Z,2021-08-09T01:47:00.000Z,SELL,0.01,1,1,10.00,1,14210.00
2021-08-09T01:47:00.000Z,2021-08-09T01:48:00.000Z,SELL,0.01,1,1,10.00,1,14220.00
2021-08-09T01:48:00.000Z,2021-08-09T01:51:00.000Z,SELL,0.01,1,1,10.00,1,14230.00
2021-08-09T01:51:00.000Z,2021-08-09T01:53:00.000Z,SELL,0.01,1,1,10.00,1,14240.00
2021-08-09T01:53:00.000Z,2021-08-09T01:58:00.000Z,SELL,0.01,1,1,10.00,1,14250.00
2021-08-09T01:58:00.000Z,2021-08-09T01:58:00.000Z,SELL,0.01,1,1,10.00,1,14260.00
2021-08-09T01:58:00.000Z,2021-08-09T01:58:00.000Z,SELL,0.01,1,1,10.00,1,14270.00
2021-08-09T01:58:00.000Z,2021-08-09T02:44:00.000Z,SELL,0.01,4,1,10.00,4,14280.00
2021-08-09T02:44:00.000Z,2021-08-09T03:02:00.000Z,SELL,0.01,1,1,10.00,1,14290.00
2021-08-09T03:02:00.000Z,2021-08-09T04:24:00.000Z,SELL,0.01,2,1,10.00,2,14300.00
2021-08-09T04:24:00.000Z,2021-08-09T18:01:00.000Z,SELL,0.01,1,1,10.00,1,14310.00
2021-08-09T18:01:00.000Z,2021-08-12T10:47:00.000Z,SELL,0.01,2,1,10.00,2,14320.00
2021-08-12T10:47:00.000Z,2021-08-13T17:01:00.000Z,BUY,0.01,1,1,10.00,1,14330.00
2021-08-13T17:01:00.000Z,2021-08-13T19:07:00.000Z,BUY,0.01,1,1,10.00,1,14340.00
2021-08-13T19:07:00.000Z,2021-08-16T17:40:00.000Z,BUY,0.01,1,1,10.00,1,14350.00
2021-08-16T17:40:00.000Z,2021-08-23T15:35:00.000Z,BUY,0.01,1,1,10.00,1,14360.00
2021-08-23T15:35:00.000Z,2021-08-24T15:42:00.000Z,BUY,0.01,1,1,10.00,1,14370.00
2021-08-24T15:42:00.000Z,2021-08-27T22:59:00.000Z,BUY,0.01,3,1,10.00,3,14380.00
2021-08-27T22:59:00.000Z,2021-09-03T15:33:00.000Z,BUY,0.01,1,1,10.00,1,14390.00
2021-09-03T15:33:00.000Z,2021-09-07T17:05:00.000Z,BUY,0.01,2,1,10.00,2,14400.00
2021-09-07T17:05:00.000Z,2021-09-08T16:46:00.000Z,SELL,0.01,1,1,10.00,1,14410.00
2021-09-08T16:46:00.000Z,2021-09-16T12:53:00.000Z,SELL,0.01,1,1,10.00,1,14420.00
2021-09-16T12:53:00.000Z,2021-09-16T15:09:00.000Z,SELL,0.01,1,1,10.00,1,14430.00
2021-09-16T15:09:00.000Z,2021-09-16T16:29:00.000Z,SELL,0.01,1,1,10.00,1,14440.00
2021-09-16T16:29:00.000Z,2021-09-16T16:50:00.000Z,SELL,0.01,1,1,10.00,1,14450.00
2021-09-16T16:50:00.000Z,2021-09-21T17:41:00.000Z,SELL,0.01,2,1,10.00,2,14460.00
2021-09-21T17:41:00.000Z,2021-09-23T18:15:00.000Z,BUY,0.01,2,1,10.00,2,14470.00
2021-09-23T18:15:00.000Z,2021-09-23T23:24:00.000Z,SELL,0.01,1,1,10.00,1,14480.00
2021-09-23T23:24:00.000Z,2021-09-29T17:19:00.000Z,SELL,0.01,3,1,10.00,3,14490.00
2021-09-29T17:19:00.000Z,2021-09-30T15:59:00.000Z,BUY,0.01,1,1,10.00,1,14500.00
2021-09-30T15:59:00.000Z,2021-10-04T17:45:00.000Z,SELL,0.01,2,1,10.00,2,14510.00
2021-10-04T17:45:00.000Z,2021-10-05T08:41:00.000Z,SELL,0.01,1,1,10.00,1,14520.00
2021-10-05T08:41:00.000Z,2021-10-08T15:30:00.000Z,BUY,0.01,1,1,10.00,1,14530.00
2021-10-08T15:30:00.000Z,2021-10-08T16:04:00.000Z,BUY,0.01,1,1,10.00,1,14540.00
2021-10-08T16:04:00.000Z,2021-10-13T17:21:00.000Z,BUY,0.01,3,1,10.00,3,14550.00
2021-10-13T17:21:00.000Z,2021-10-14T13:02:00.000Z,BUY,0.01,1,1,10.00,1,14560.00
2021-10-14T13:02:00.000Z,2021-10-15T15:52:00.000Z,BUY,0.01,2,1,10.00,2,14570.00
2021-10-15T15:52:00.000Z,2021-10-22T15:22:00.000Z,SELL,0.01,2,1,10.00,2,14580.00
2021-10-22T15:22:00.000Z,2021-10-22T16:57:00.000Z,BUY,0.01,1,1,10.00,1,14590.00
2021-10-22T16:57:00.000Z,2021-10-29T15:07:00.000Z,BUY,0.01,5,0,-2420.00,5,12170.00
2021-10-29T15:07:00.000Z,2021-10-29T15:50:00.000Z,SELL,0.01,1,1,10.00,1,12180.00
2021-10-29T15:50:00.000Z,2021-11-03T15:30:00.000Z,SELL,0.01,1,1,10.00,1,12190.00
2021-11-03T15:30:00.000Z,2021-11-03T16:45:00.000Z,SELL,0.01,1,1,10.00,1,12200.00
2021-11-03T16:45:00.000Z,2021-11-04T14:33:00.000Z,SELL,0.01,2,1,10.00,2,12210.00
2021-11-04T14:33:00.000Z,2021-11-04T16:16:00.000Z,BUY,0.01,1,1,10.00,1,12220.00
2021-11-04T16:16:00.000Z,2021-11-05T17:30:00.000Z,BUY,0.01,1,1,10.00,1,12230.00
2021-11-05T17:30:00.000Z,2021-11-08T03:07:00.000Z,BUY,0.01,1,1,10.00,1,12240.00
2021-11-08T03:07:00.000Z,2021-11-09T15:32:00.000Z,BUY,0.01,1,1,10.00,1,12250.00
2021-11-09T15:32:00.000Z,2021-11-10T15:34:00.000Z,BUY,0.01,1,1,10.00,1,12260.00
2021-11-10T15:34:00.000Z,2021-11-15T15:17:00.000Z,SELL,0.01,2,1,10.00,2,12270.00
2021-11-15T15:17:00.000Z,2021-11-22T12:39:00.000Z,BUY,0.01,4,1,10.00,4,12280.00
2021-11-22T12:39:00.000Z,2021-11-22T16:01:00.000Z,SELL,0.01,1,1,10.00,1,12290.00
2021-11-22T16:01:00.000Z,2021-11-22T16:17:00.000Z,SELL,0.01,1,1,10.00,1,12300.00
2021-11-22T16:17:00.000Z,2021-11-22T19:28:00.000Z,SELL,0.01,1,1,10.00,1,12310.00
2021-11-22T19:28:00.000Z,2021-11-23T11:29:00.000Z,SELL,0.01,1,1,10.00,1,12320.00
2021-11-23T11:29:00.000Z,2021-11-23T15:09:00.000Z,SELL,0.01,1,1,10.00,1,12330.00
2021-11-23T15:09:00.000Z,2021-11-29T01:08:00.000Z,SELL,0.01,3,1,10.00,3,12340.00
2021-11-29T01:08:00.000Z,2021-11-30T17:12:00.000Z,SELL,0.01,2,1,10.00,2,12350.00
2021-11-30T17:12:00.000Z,2021-11-30T18:00:00.000Z,BUY,0.01,2,1,10.00,2,12360.00
2021-11-30T18:00:00.000Z,2021-12-01T07:57:00.000Z,BUY,0.01,1,1,10.00,1,12370.00
2021-12-01T07:57:00.000Z,2021-12-01T10:36:00.000Z,SELL,0.01,1,1,10.00,1,12380.00
2021-12-01T10:36:00.000Z,2021-12-02T10:27:00.000Z,SELL,0.01,1,1,10.00,1,12390.00
2021-12-02T10:27:00.000Z,2021-12-15T21:00:00.000Z,SELL,0.01,3,1,10.00,3,12400.00
2021-12-15T21:00:00.000Z,2021-12-16T13:13:00.000Z,SELL,0.01,2,1,10.00,2,12410.00
2021-12-16T13:13:00.000Z,2021-12-16T17:16:00.000Z,BUY,0.01,1,1,10.00,1,12420.00
2021-12-16T17:16:00.000Z,2021-12-17T09:09:00.000Z,BUY,0.01,1,1,10.00,1,12430.00
2021-12-17T09:09:00.000Z,2021-12-28T15:28:00.000Z,BUY,0.01,3,1,10.00,3,12440.00
2021-12-28T15:28:00.000Z,2022-01-03T01:05:00.000Z,BUY,0.01,3,1,10.00,3,12450.00
2022-01-03T01:05:00.000Z,2022-01-03T18:10:00.000Z,BUY,0.01,2,1,10.00,2,12460.00
2022-01-03T18:10:00.000Z,2022-01-05T16:41:00.000Z,SELL,0.01,2,1,10.00,2,12470.00
2022-01-05T16:41:00.000Z,2022-01-06T10:27:00.000Z,BUY,0.01,2,1,10.00,2,12480.00
2022-01-06T10:27:00.000Z,2022-01-06T15:05:00.000Z,SELL,0.01,1,1,10.00,1,12490.00
2022-01-06T15:05:00.000Z,2022-01-11T20:22:00.000Z,SELL,0.01,2,1,10.00,2,12500.00
2022-01-11T20:22:00.000Z,2022-01-14T10:07:00.000Z,BUY,0.01,1,1,10.00,1,12510.00
2022-01-14T10:07:00.000Z,2022-01-19T18:00:00.000Z,BUY,0.01,3,1,10.00,3,12520.00
2022-01-19T18:00:00.000Z,2022-01-25T16:45:00.000Z,BUY,0.01,1,1,10.00,1,12530.00
2022-01-25T16:45:00.000Z,2022-01-26T21:45:00.000Z,BUY,0.01,2,1,10.00,2,12540.00
2022-01-26T21:45:00.000Z,2022-01-27T13:41:00.000Z,SELL,0.01,1,1,10.00,1,12550.00
2022-01-27T13:41:00.000Z,2022-01-27T15:55:00.000Z,SELL,0.01,1,1,10.00,1,12560.00
2022-01-27T15:55:00.000Z,2022-01-28T12:50:00.000Z,SELL,0.01,1,1,10.00,1,12570.00
2022-01-28T12:50:00.000Z,2022-02-07T18:35:00.000Z,SELL,0.01,2,1,10.00,2,12580.00
2022-02-07T18:35:00.000Z,2022-02-08T21:04:00.000Z,BUY,0.01,1,1,10.00,1,12590.00
2022-02-08T21:04:00.000Z,2022-02-10T17:35:00.000Z,BUY,0.01,1,1,10.00,1,12600.00
2022-02-10T17:35:00.000Z,2022-02-11T20:37:00.000Z,BUY,0.01,1,1,10.00,1,12610.00
2022-02-11T20:37:00.000Z,2022-02-11T20:49:00.000Z,BUY,0.01,1,1,10.00,1,12620.00
2022-02-11T20:49:00.000Z,2022-02-14T17:37:00.000Z,BUY,0.01,1,1,10.00,1,12630.00
2022-02-14T17:37:00.000Z,2022-02-17T10:26:00.000Z,BUY,0.01,3,1,10.00,3,12640.00
2022-02-17T10:26:00.000Z,2022-02-17T10:28:00.000Z,BUY,0.01,1,1,10.00,1,12650.00
2022-02-17T10:28:00.000Z,2022-02-17T20:28:00.000Z,BUY,0.01,1,1,10.00,1,12660.00
2022-02-17T20:28:00.000Z,2022-02-22T01:05:00.000Z,BUY,0.01,1,1,10.00,1,12670.00
2022-02-22T01:05:00.000Z,2022-02-24T04:52:00.000Z,BUY,0.01,3,1,10.00,3,12680.00
2022-02-24T04:52:00.000Z,2022-02-24T05:21:00.000Z,BUY,0.01,1,1,10.00,1,12690.00
2022-02-24T05:21:00.000Z,2022-02-24T06:12:00.000Z,BUY,0.01,1,1,10.00,1,12700.00
2022-02-24T06:12:00.000Z,2022-02-24T11:56:00.000Z,BUY,0.01,1,1,10.00,1,12710.00
2022-02-24T11:56:00.000Z,2022-02-24T12:16:00.000Z,BUY,0.01,1,1,10.00,1,12720.00
2022-02-24T12:16:00.000Z,2022-02-24T12:18:00.000Z,BUY,0.01,1,1,10.00,1,12730.00
2022-02-24T12:18:00.000Z,2022-02-24T16:37:00.000Z,BUY,0.01,2,1,10.00,2,12740.00
2022-02-24T16:37:00.000Z,2022-02-24T21:09:00.000Z,BUY,0.01,2,1,10.00,2,12750.00
2022-02-24T21:09:00.000Z,2022-02-24T21:37:00.000Z,BUY,0.01,2,1,10.00,2,12760.00
2022-02-24T21:37:00.000Z,2022-02-24T22:27:00.000Z,BUY,0.01,1,1,10.00,1,12770.00
2022-02-24T22:27:00.000Z,2022-02-28T01:05:00.000Z,SELL,0.01,4,1,10.00,4,12780.00
2022-02-28T01:05:00.000Z,2022-02-28T01:14:00.000Z,SELL,0.01,1,1,10.00,1,12790.00
2022-02-28T01:14:00.000Z,2022-02-28T09:25:00.000Z,SELL,0.01,1,1,10.00,1,12800.00
2022-02-28T09:25:00.000Z,2022-02-28T14:59:00.000Z,BUY,0.01,1,1,10.00,1,12810.00
2022-02-28T14:59:00.000Z,2022-03-01T12:38:00.000Z,BUY,0.01,3,1,10.00,3,12820.00
2022-03-01T12:38:00.000Z,2022-03-01T18:43:00.000Z,BUY,0.01,1,1,10.00,1,12830.00
2022-03-01T18:43:00.000Z,2022-03-01T20:58:00.000Z,BUY,0.01,1,1,10.00,1,12840.00
2022-03-01T20:58:00.000Z,2022-03-04T16:32:00.000Z,BUY,0.01,3,1,10.00,3,12850.00
2022-03-04T16:32:00.000Z,2022-03-04T18:46:00.000Z,BUY,0.01,1,1,10.00,1,12860.00
2022-03-04T18:46:00.000Z,2022-03-07T01:05:00.000Z,BUY,0.01,1,1,10.00,1,12870.00
2022-03-07T01:05:00.000Z,2022-03-07T01:05:00.000Z,BUY,0.01,1,1,10.00,1,12880.00
2022-03-07T01:05:00.000Z,2022-03-07T03:04:00.000Z,BUY,0.01,1,1,10.00,1,12890.00
2022-03-07T03:04:00.000Z,2022-03-07T15:32:00.000Z,BUY,0.01,2,1,10.00,2,12900.00
2022-03-07T15:32:00.000Z,2022-03-07T15:56:00.000Z,BUY,0.01,1,1,10.00,1,12910.00
2022-03-07T15:56:00.000Z,2022-03-07T16:48:00.000Z,BUY,0.01,1,1,10.00,1,12920.00
2022-03-07T16:48:00.000Z,2022-03-07T20:34:00.000Z,BUY,0.01,1,1,10.00,1,12930.00
2022-03-07T20:34:00.000Z,2022-03-08T08:33:00.000Z,BUY,0.01,1,1,10.00,1,12940.00
2022-03-08T08:33:00.000Z,2022-03-08T08:57:00.000Z,BUY,0.01,1,1,10.00,1,12950.00
2022-03-08T08:57:00.000Z,2022-03-08T16:39:00.000Z,BUY,0.01,1,1,10.00,1,12960.00
2022-03-08T16:39:00.000Z,2022-03-08T16:49:00.000Z,BUY,0.01,1,1,10.00,1,12970.00
2022-03-08T16:49:00.000Z,2022-03-08T17:05:00.000Z,BUY,0.01,1,1,10.00,1,12980.00
2022-03-08T17:05:00.000Z,2022-03-08T17:07:00.000Z,BUY,0.01,1,1,10.00,1,12990.00
2022-03-08T17:07:00.000Z,2022-03-08T17:44:00.000Z,BUY,0.01,1,1,10.00,1,13000.00
2022-03-08T17:44:00.000Z,2022-03-08T19:17:00.000Z,BUY,0.01,4,1,10.00,4,13010.00
2022-03-08T19:17:00.000Z,2022-03-08T20:31:00.000Z,BUY,0.01,1,1,10.00,1,13020.00
2022-03-08T20:31:00.000Z,2022-03-09T05:44:00.000Z,BUY,0.01,1,1,10.00,1,13030.00
2022-03-09T05:44:00.000Z,2022-03-09T11:29:00.000Z,BUY,0.01,2,1,10.00,2,13040.00
2022-03-09T11:29:00.000Z,2022-03-09T15:26:00.000Z,BUY,0.01,2,1,10.00,2,13050.00
2022-03-09T15:26:00.000Z,2022-03-09T15:53:00.000Z,SELL,0.01,1,1,10.00,1,13060.00
2022-03-09T15:53:00.000Z,2022-03-09T16:09:00.000Z,SELL,0.01,1,1,10.00,1,13070.00
2022-03-09T16:09:00.000Z,2022-03-10T13:09:00.000Z,SELL,0.01,4,1,10.00,4,13080.00
2022-03-10T13:09:00.000Z,2022-03-10T15:51:00.000Z,SELL,0.01,1,1,10.00,1,13090.00
2022-03-10T15:51:00.000Z,2022-03-10T17:17:00.000Z,SELL,0.01,1,1,10.00,1,13100.00
2022-03-10T17:17:00.000Z,2022-03-11T13:42:00.000Z,SELL,0.01,3,1,10.00,3,13110.00
2022-03-11T13:42:00.000Z,2022-03-11T14:15:00.000Z,SELL,0.01,1,1,10.00,1,13120.00
2022-03-11T14:15:00.000Z,2022-03-14T13:24:00.000Z,SELL,0.01,3,1,10.00,3,13130.00
2022-03-14T13:24:00.000Z,2022-03-15T03:18:00.000Z,SELL,0.01,1,1,10.00,1,13140.00
2022-03-15T03:18:00.000Z,2022-03-15T07:01:00.000Z,SELL,0.01,1,1,10.00,1,13150.00
2022-03-15T07:01:00.000Z,2022-03-15T12:56:00.000Z,SELL,0.01,1,1,10.00,1,13160.00
2022-03-15T12:56:00.000Z,2022-03-15T15:20:00.000Z,SELL,0.01,1,1,10.00,1,13170.00
2022-03-15T15:20:00.000Z,2022-03-16T20:00:00.000Z,SELL,0.01,1,1,10.00,1,13180.00
2022-03-16T20:00:00.000Z,2022-03-17T04:00:00.000Z,SELL,0.01,2,1,10.00,2,13190.00
2022-03-17T04:00:00.000Z,2022-03-17T12:00:00.000Z,BUY,0.01,1,1,10.00,1,13200.00
2022-03-17T12:00:00.000Z,2022-03-22T16:05:00.000Z,BUY,0.01,2,1,10.00,2,13210.00
2022-03-22T16:05:00.000Z,2022-03-23T21:41:00.000Z,SELL,0.01,2,1,10.00,2,13220.00
2022-03-23T21:41:00.000Z,2022-03-24T13:48:00.000Z,BUY,0.01,1,1,10.00,1,13230.00
2022-03-24T13:48:00.000Z,2022-03-24T16:34:00.000Z,BUY,0.01,1,1,10.00,1,13240.00
2022-03-24T16:34:00.000Z,2022-03-28T08:54:00.000Z,BUY,0.01,2,1,10.00,2,13250.00
2022-03-28T08:54:00.000Z,2022-03-28T22:05:00.000Z,SELL,0.01,1,1,10.00,1,13260.00
2022-03-28T22:05:00.000Z,2022-03-29T11:40:00.000Z,SELL,0.01,1,1,10.00,1,13270.00
2022-03-29T11:40:00.000Z,2022-03-29T14:49:00.000Z,SELL,0.01,1,1,10.00,1,13280.00
2022-03-29T14:49:00.000Z,2022-03-29T15:32:00.000Z,SELL,0.01,1,1,10.00,1,13290.00
2022-03-29T15:32:00.000Z,2022-03-30T05:03:00.000Z,SELL,0.01,2,1,10.00,2,13300.00
2022-03-30T05:03:00.000Z,2022-04-08T17:06:00.000Z,SELL,0.01,5,0,-2420.00,5,10880.00
2022-04-08T17:06:00.000Z,2022-04-11T11:21:00.000Z,BUY,0.01,1,1,10.00,1,10890.00
2022-04-11T11:21:00.000Z,2022-04-11T15:09:00.000Z,BUY,0.01,1,1,10.00,1,10900.00
2022-04-11T15:09:00.000Z,2022-04-12T17:50:00.000Z,BUY,0.01,3,1,10.00,3,10910.00
2022-04-12T17:50:00.000Z,2022-04-18T02:52:00.000Z,BUY,0.01,1,1,10.00,1,10920.00
2022-04-18T02:52:00.000Z,2022-04-19T07:52:00.000Z,SELL,0.01,1,1,10.00,1,10930.00
2022-04-19T07:52:00.000Z,2022-04-19T16:01:00.000Z,SELL,0.01,1,1,10.00,1,10940.00
2022-04-19T16:01:00.000Z,2022-04-19T17:38:00.000Z,SELL,0.01,1,1,10.00,1,10950.00
2022-04-19T17:38:00.000Z,2022-04-20T04:30:00.000Z,SELL,0.01,1,1,10.00,1,10960.00
2022-04-20T04:30:00.000Z,2022-04-22T13:24:00.000Z,SELL,0.01,1,1,10.00,1,10970.00
2022-04-22T13:24:00.000Z,2022-04-25T05:22:00.000Z,SELL,0.01,1,1,10.00,1,10980.00
2022-04-25T05:22:00.000Z,2022-04-25T09:36:00.000Z,SELL,0.01,1,1,10.00,1,10990.00
2022-04-25T09:36:00.000Z,2022-04-25T15:19:00.000Z,SELL,0.01,1,1,10.00,1,11000.00
2022-04-25T15:19:00.000Z,2022-04-25T15:49:00.000Z,SELL,0.01,1,1,10.00,1,11010.00
2022-04-25T15:49:00.000Z,2022-04-27T16:46:00.000Z,SELL,0.01,1,1,10.00,1,11020.00
2022-04-27T16:46:00.000Z,2022-04-29T09:29:00.000Z,SELL,0.01,2,1,10.00,2,11030.00
2022-04-29T09:29:00.000Z,2022-05-02T11:25:00.000Z,BUY,0.01,2,1,10.00,2,11040.00
2022-05-02T11:25:00.000Z,2022-05-02T15:19:00.000Z,SELL,0.01,1,1,10.00,1,11050.00
2022-05-02T15:19:00.000Z,2022-05-02T15:56:00.000Z,SELL,0.01,1,1,10.00,1,11060.00
2022-05-02T15:56:00.000Z,2022-05-03T11:46:00.000Z,SELL,0.01,1,1,10.00,1,11070.00
2022-05-03T11:46:00.000Z,2022-05-04T21:48:00.000Z,SELL,0.01,2,1,10.00,2,11080.00
2022-05-04T21:48:00.000Z,2022-05-05T02:50:00.000Z,BUY,0.01,1,1,10.00,1,11090.00
2022-05-05T02:50:00.000Z,2022-05-05T04:20:00.000Z,BUY,0.01,1,1,10.00,1,11100.00
2022-05-05T04:20:00.000Z,2022-05-06T04:01:00.000Z,BUY,0.01,2,1,10.00,2,11110.00
2022-05-06T04:01:00.000Z,2022-05-09T13:16:00.000Z,SELL,0.01,3,1,10.00,3,11120.00
2022-05-09T13:16:00.000Z,2022-05-10T17:46:00.000Z,SELL,0.01,1,1,10.00,1,11130.00
2022-05-10T17:46:00.000Z,2022-05-10T20:23:00.000Z,SELL,0.01,1,1,10.00,1,11140.00
2022-05-10T20:23:00.000Z,2022-05-12T19:52:00.000Z,SELL,0.01,1,1,10.00,1,11150.00
2022-05-12T19:52:00.000Z,2022-05-13T01:27:00.000Z,SELL,0.01,1,1,10.00,1,11160.00
2022-05-13T01:27:00.000Z,2022-05-13T15:53:00.000Z,SELL,0.01,1,1,10.00,1,11170.00
2022-05-13T15:53:00.000Z,2022-05-13T16:20:00.000Z,SELL,0.01,1,1,10.00,1,11180.00
2022-05-13T16:20:00.000Z,2022-05-16T10:53:00.000Z,SELL,0.01,1,1,10.00,1,11190.00
2022-05-16T10:53:00.000Z,2022-05-16T21:56:00.000Z,SELL,0.01,2,1,10.00,2,11200.00
2022-05-16T21:56:00.000Z,2022-05-17T09:08:00.000Z,BUY,0.01,1,1,10.00,1,11210.00
2022-05-17T09:08:00.000Z,2022-05-19T15:39:00.000Z,BUY,0.01,3,1,10.00,3,11220.00
2022-05-19T15:39:00.000Z,2022-05-23T03:38:00.000Z,BUY,0.01,1,1,10.00,1,11230.00
2022-05-23T03:38:00.000Z,2022-05-23T11:22:00.000Z,BUY,0.01,1,1,10.00,1,11240.00
2022-05-23T11:22:00.000Z,2022-06-01T08:17:00.000Z,BUY,0.01,4,1,10.00,4,11250.00
2022-06-01T08:17:00.000Z,2022-06-02T16:07:00.000Z,SELL,0.01,2,1,10.00,2,11260.00
2022-06-02T16:07:00.000Z,2022-06-03T03:31:00.000Z,BUY,0.01,1,1,10.00,1,11270.00
2022-06-03T03:31:00.000Z,2022-06-06T04:35:00.000Z,BUY,0.01,2,1,10.00,2,11280.00
2022-06-06T04:35:00.000Z,2022-06-10T15:30:00.000Z,SELL,0.01,1,1,10.00,1,11290.00
2022-06-10T15:30:00.000Z,2022-06-10T18:22:00.000Z,SELL,0.01,2,1,10.00,2,11300.00
2022-06-10T18:22:00.000Z,2022-06-13T15:19:00.000Z,SELL,0.01,1,1,10.00,1,11310.00
2022-06-13T15:19:00.000Z,2022-06-13T16:17:00.000Z,SELL,0.01,1,1,10.00,1,11320.00
2022-06-13T16:17:00.000Z,2022-06-13T16:47:00.000Z,SELL,0.01,1,1,10.00,1,11330.00
2022-06-13T16:47:00.000Z,2022-06-13T22:16:00.000Z,SELL,0.01,1,1,10.00,1,11340.00
2022-06-13T22:16:00.000Z,2022-06-14T18:58:00.000Z,SELL,0.01,1,1,10.00,1,11350.00
2022-06-14T18:58:00.000Z,2022-06-15T21:44:00.000Z,SELL,0.01,2,1,10.00,2,11360.00
2022-06-15T21:44:00.000Z,2022-06-16T19:42:00.000Z,BUY,0.01,3,1,10.00,3,11370.00
2022-06-16T19:42:00.000Z,2022-06-24T16:01:00.000Z,BUY,0.01,2,1,10.00,2,11380.00
2022-06-24T16:01:00.000Z,2022-06-30T14:01:00.000Z,SELL,0.01,3,1,10.00,3,11390.00
2022-06-30T14:01:00.000Z,2022-07-01T08:36:00.000Z,SELL,0.01,1,1,10.00,1,11400.00
2022-07-01T08:36:00.000Z,2022-07-01T14:18:00.000Z,SELL,0.01,1,1,10.00,1,11410.00
2022-07-01T14:18:00.000Z,2022-07-05T17:03:00.000Z,SELL,0.01,3,1,10.00,3,11420.00
2022-07-05T17:03:00.000Z,2022-07-05T17:07:00.000Z,SELL,0.01,1,1,10.00,1,11430.00
2022-07-05T17:07:00.000Z,2022-07-06T16:50:00.000Z,SELL,0.01,1,1,10.00,1,11440.00
2022-07-06T16:50:00.000Z,2022-07-06T17:56:00.000Z,SELL,0.01,1,1,10.00,1,11450.00
2022-07-06T17:56:00.000Z,2022-07-06T18:09:00.000Z,SELL,0.01,1,1,10.00,1,11460.00
2022-07-06T18:09:00.000Z,2022-07-12T04:01:00.000Z,SELL,0.01,1,1,10.00,1,11470.00
2022-07-12T04:01:00.000Z,2022-07-13T15:33:00.000Z,SELL,0.01,1,1,10.00,1,11480.00
2022-07-13T15:33:00.000Z,2022-07-13T15:42:00.000Z,SELL,0.01,1,1,10.00,1,11490.00
2022-07-13T15:42:00.000Z,2022-07-13T17:48:00.000Z,SELL,0.01,2,1,10.00,2,11500.00
2022-07-13T17:48:00.000Z,2022-07-14T04:44:00.000Z,SELL,0.01,1,1,10.00,1,11510.00
2022-07-14T04:44:00.000Z,2022-07-20T22:54:00.000Z,BUY,0.01,2,1,10.00,2,11520.00
2022-07-20T22:54:00.000Z,2022-07-21T10:13:00.000Z,SELL,0.01,1,1,10.00,1,11530.00
2022-07-21T10:13:00.000Z,2022-07-21T18:04:00.000Z,SELL,0.01,2,1,10.00,2,11540.00
2022-07-21T18:04:00.000Z,2022-07-22T14:34:00.000Z,BUY,0.01,1,1,10.00,1,11550.00
2022-07-22T14:34:00.000Z,2022-07-22T16:47:00.000Z,BUY,0.01,1,1,10.00,1,11560.00
2022-07-22T16:47:00.000Z,2022-07-28T11:11:00.000Z,BUY,0.01,3,1,10.00,3,11570.00
2022-07-28T11:11:00.000Z,2022-07-29T06:10:00.000Z,BUY,0.01,1,1,10.00,1,11580.00
2022-07-29T06:10:00.000Z,2022-07-29T09:28:00.000Z,BUY,0.01,1,1,10.00,1,11590.00
2022-07-29T09:28:00.000Z,2022-08-02T03:39:00.000Z,BUY,0.01,1,1,10.00,1,11600.00
2022-08-02T03:39:00.000Z,2022-08-04T15:05:00.000Z,BUY,0.01,3,1,10.00,3,11610.00
2022-08-04T15:05:00.000Z,2022-08-09T16:32:00.000Z,BUY,0.01,3,1,10.00,3,11620.00
2022-08-09T16:32:00.000Z,2022-08-17T14:18:00.000Z,BUY,0.01,2,1,10.00,2,11630.00
2022-08-17T14:18:00.000Z,2022-08-18T18:45:00.000Z,SELL,0.01,1,1,10.00,1,11640.00
2022-08-18T18:45:00.000Z,2022-08-19T17:34:00.000Z,SELL,0.01,1,1,10.00,1,11650.00
2022-08-19T17:34:00.000Z,2022-08-22T10:45:00.000Z,SELL,0.01,1,1,10.00,1,11660.00
2022-08-22T10:45:00.000Z,2022-08-29T04:24:00.000Z,SELL,0.01,3,1,10.00,3,11670.00
2022-08-29T04:24:00.000Z,2022-08-31T11:21:00.000Z,SELL,0.01,1,1,10.00,1,11680.00
2022-08-31T11:21:00.000Z,2022-09-01T01:21:00.000Z,SELL,0.01,1,1,10.00,1,11690.00
2022-09-01T01:21:00.000Z,2022-09-01T15:41:00.000Z,SELL,0.01,1,1,10.00,1,11700.00
2022-09-01T15:41:00.000Z,2022-09-08T14:39:00.000Z,SELL,0.01,4,1,10.00,4,11710.00
2022-09-08T14:39:00.000Z,2022-09-14T21:13:00.000Z,BUY,0.01,4,1,10.00,4,11720.00
2022-09-14T21:13:00.000Z,2022-09-15T08:02:00.000Z,SELL,0.01,1,1,10.00,1,11730.00
2022-09-15T08:02:00.000Z,2022-09-15T17:49:00.000Z,SELL,0.01,1,1,10.00,1,11740.00
2022-09-15T17:49:00.000Z,2022-09-15T17:57:00.000Z,SELL,0.01,1,1,10.00,1,11750.00
2022-09-15T17:57:00.000Z,2022-09-16T10:54:00.000Z,SELL,0.01,1,1,10.00,1,11760.00
2022-09-16T10:54:00.000Z,2022-09-21T21:45:00.000Z,SELL,0.01,4,1,10.00,4,11770.00
2022-09-21T21:45:00.000Z,2022-09-22T10:05:00.000Z,BUY,0.01,2,1,10.00,2,11780.00
2022-09-22T10:05:00.000Z,2022-09-23T13:52:00.000Z,SELL,0.01,3,1,10.00,3,11790.00
2022-09-23T13:52:00.000Z,2022-09-26T03:57:00.000Z,SELL,0.01,1,1,10.00,1,11800.00
2022-09-26T03:57:00.000Z,2022-09-26T20:33:00.000Z,SELL,0.01,1,1,10.00,1,11810.00
2022-09-26T20:33:00.000Z,2022-09-28T10:23:00.000Z,SELL,0.01,1,1,10.00,1,11820.00
2022-09-28T10:23:00.000Z,2022-09-28T16:29:00.000Z,SELL,0.01,2,1,10.00,2,11830.00
2022-09-28T16:29:00.000Z,2022-09-30T17:37:00.000Z,SELL,0.01,2,1,10.00,2,11840.00
2022-09-30T17:37:00.000Z,2022-10-03T17:24:00.000Z,BUY,0.01,1,1,10.00,1,11850.00
2022-10-03T17:24:00.000Z,2022-10-03T20:32:00.000Z,BUY,0.01,1,1,10.00,1,11860.00
2022-10-03T20:32:00.000Z,2022-10-04T09:48:00.000Z,BUY,0.01,1,1,10.00,1,11870.00
2022-10-04T09:48:00.000Z,2022-10-04T17:04:00.000Z,BUY,0.01,1,1,10.00,1,11880.00
2022-10-04T17:04:00.000Z,2022-10-04T18:29:00.000Z,BUY,0.01,1,1,10.00,1,11890.00
2022-10-04T18:29:00.000Z,2022-10-07T15:47:00.000Z,BUY,0.01,2,1,10.00,2,11900.00
2022-10-07T15:47:00.000Z,2022-10-10T07:25:00.000Z,SELL,0.01,1,1,10.00,1,11910.00
2022-10-10T07:25:00.000Z,2022-10-10T14:42:00.000Z,SELL,0.01,1,1,10.00,1,11920.00
2022-10-10T14:42:00.000Z,2022-10-11T05:11:00.000Z,SELL,0.01,1,1,10.00,1,11930.00
2022-10-11T05:11:00.000Z,2022-10-13T15:30:00.000Z,SELL,0.01,1,1,10.00,1,11940.00
2022-10-13T15:30:00.000Z,2022-10-13T15:30:00.000Z,BUY,0.01,1,1,10.00,1,11950.00
2022-10-13T15:30:00.000Z,2022-10-13T15:30:00.000Z,BUY,0.01,1,1,10.00,1,11960.00
2022-10-13T15:30:00.000Z,2022-10-13T15:46:00.000Z,BUY,0.01,2,1,10.00,2,11970.00
2022-10-13T15:46:00.000Z,2022-10-13T16:02:00.000Z,BUY,0.01,1,1,10.00,1,11980.00
2022-10-13T16:02:00.000Z,2022-10-13T16:32:00.000Z,SELL,0.01,1,1,10.00,1,11990.00
2022-10-13T16:32:00.000Z,2022-10-19T13:30:00.000Z,SELL,0.01,5,1,10.00,5,12000.00
2022-10-19T13:30:00.000Z,2022-10-20T04:15:00.000Z,SELL,0.01,1,1,10.00,1,12010.00
2022-10-20T04:15:00.000Z,2022-10-21T22:17:00.000Z,SELL,0.01,4,1,10.00,4,12020.00
2022-10-21T22:17:00.000Z,2022-10-24T02:43:00.000Z,BUY,0.01,1,1,10.00,1,12030.00
2022-10-24T02:43:00.000Z,2022-10-31T15:18:00.000Z,BUY,0.01,4,1,10.00,4,12040.00
2022-10-31T15:18:00.000Z,2022-11-02T20:10:00.000Z,SELL,0.01,2,1,10.00,2,12050.00
2022-11-02T20:10:00.000Z,2022-11-02T22:30:00.000Z,BUY,0.01,2,1,10.00,2,12060.00
2022-11-02T22:30:00.000Z,2022-11-03T10:28:00.000Z,SELL,0.01,1,1,10.00,1,12070.00
2022-11-03T10:28:00.000Z,2022-11-04T14:36:00.000Z,SELL,0.01,2,1,10.00,2,12080.00
2022-11-04T14:36:00.000Z,2022-11-04T15:13:00.000Z,BUY,0.01,1,1,10.00,1,12090.00
2022-11-04T15:13:00.000Z,2022-11-04T20:28:00.000Z,BUY,0.01,1,1,10.00,1,12100.00
2022-11-04T20:28:00.000Z,2022-11-08T17:09:00.000Z,BUY,0.01,1,1,10.00,1,12110.00
2022-11-08T17:09:00.000Z,2022-11-08T17:10:00.000Z,BUY,0.01,1,1,10.00,1,12120.00
2022-11-08T17:10:00.000Z,2022-11-08T17:19:00.000Z,BUY,0.01,1,1,10.00,1,12130.00
2022-11-08T17:19:00.000Z,2022-11-08T18:28:00.000Z,BUY,0.01,1,1,10.00,1,12140.00
2022-11-08T18:28:00.000Z,2022-11-10T15:30:00.000Z,BUY,0.01,1,1,10.00,1,12150.00
2022-11-10T15:30:00.000Z,2022-11-10T16:10:00.000Z,BUY,0.01,1,1,10.00,1,12160.00
2022-11-10T16:10:00.000Z,2022-11-10T17:08:00.000Z,BUY,0.01,1,1,10.00,1,12170.00
2022-11-10T17:08:00.000Z,2022-11-11T07:29:00.000Z,BUY,0.01,1,1,10.00,1,12180.00
2022-11-11T07:29:00.000Z,2022-11-11T21:59:00.000Z,BUY,0.01,1,1,10.00,1,12190.00
2022-11-11T21:59:00.000Z,2022-11-15T09:31:00.000Z,BUY,0.01,1,1,10.00,1,12200.00
2022-11-15T09:31:00.000Z,2022-11-18T21:11:00.000Z,BUY,0.01,2,1,10.00,2,12210.00
2022-11-18T21:11:00.000Z,2022-11-21T11:44:00.000Z,SELL,0.01,1,1,10.00,1,12220.00
2022-11-21T11:44:00.000Z,2022-11-23T15:30:00.000Z,SELL,0.01,1,1,10.00,1,12230.00
2022-11-23T15:30:00.000Z,2022-11-24T09:32:00.000Z,SELL,0.01,2,1,10.00,2,12240.00
2022-11-24T09:32:00.000Z,2022-11-30T21:50:00.000Z,BUY,0.01,1,1,10.00,1,12250.00
2022-11-30T21:50:00.000Z,2022-12-01T02:57:00.000Z,BUY,0.01,1,1,10.00,1,12260.00
2022-12-01T02:57:00.000Z,2022-12-01T15:29:00.000Z,BUY,0.01,1,1,10.00,1,12270.00
2022-12-01T15:29:00.000Z,2022-12-01T16:24:00.000Z,BUY,0.01,1,1,10.00,1,12280.00
2022-12-01T16:24:00.000Z,2022-12-05T05:53:00.000Z,BUY,0.01,3,1,10.00,3,12290.00
2022-12-05T05:53:00.000Z,2022-12-05T17:01:00.000Z,BUY,0.01,2,1,10.00,2,12300.00
2022-12-05T17:01:00.000Z,2022-12-05T20:05:00.000Z,SELL,0.01,1,1,10.00,1,12310.00
2022-12-05T20:05:00.000Z,2022-12-09T13:30:00.000Z,SELL,0.01,2,1,10.00,2,12320.00
2022-12-09T13:30:00.000Z,2022-12-13T15:30:00.000Z,BUY,0.01,3,1,10.00,3,12330.00
2022-12-13T15:30:00.000Z,2022-12-13T16:20:00.000Z,BUY,0.01,1,1,10.00,1,12340.00
2022-12-13T16:20:00.000Z,2022-12-15T09:50:00.000Z,BUY,0.01,2,1,10.00,2,12350.00
2022-12-15T09:50:00.000Z,2022-12-15T10:21:00.000Z,SELL,0.01,1,1,10.00,1,12360.00
2022-12-15T10:21:00.000Z,2022-12-20T13:43:00.000Z,SELL,0.01,2,1,10.00,2,12370.00
2022-12-20T13:43:00.000Z,2022-12-20T17:11:00.000Z,BUY,0.01,1,1,10.00,1,12380.00
2022-12-20T17:11:00.000Z,2022-12-22T20:00:00.000Z,BUY,0.01,2,1,10.00,2,12390.00
2022-12-22T20:00:00.000Z,2022-12-27T17:22:00.000Z,SELL,0.01,2,1,10.00,2,12400.00
2022-12-27T17:22:00.000Z,2022-12-27T17:35:00.000Z,BUY,0.01,1,1,10.00,1,12410.00
2022-12-27T17:35:00.000Z,2022-12-28T17:55:00.000Z,BUY,0.01,2,1,10.00,2,12420.00
2022-12-28T17:55:00.000Z,2023-01-03T01:05:00.000Z,SELL,0.01,2,1,10.00,2,12430.00
2023-01-03T01:05:00.000Z,2023-01-03T04:50:00.000Z,BUY,0.01,1,1,10.00,1,12440.00
2023-01-03T04:50:00.000Z,2023-01-03T09:40:00.000Z,BUY,0.01,1,1,10.00,1,12450.00
2023-01-03T09:40:00.000Z,2023-01-04T10:02:00.000Z,BUY,0.01,3,1,10.00,3,12460.00
2023-01-04T10:02:00.000Z,2023-01-05T17:17:00.000Z,BUY,0.01,2,1,10.00,2,12470.00
2023-01-05T17:17:00.000Z,2023-01-06T17:09:00.000Z,SELL,0.01,2,1,10.00,2,12480.00
2023-01-06T17:09:00.000Z,2023-01-09T02:02:00.000Z,BUY,0.01,1,1,10.00,1,12490.00
2023-01-09T02:02:00.000Z,2023-01-09T09:18:00.000Z,BUY,0.01,1,1,10.00,1,12500.00
2023-01-09T09:18:00.000Z,2023-01-12T15:28:00.000Z,BUY,0.01,1,1,10.00,1,12510.00
2023-01-12T15:28:00.000Z,2023-01-12T15:54:00.000Z,BUY,0.01,1,1,10.00,1,12520.00
2023-01-12T15:54:00.000Z,2023-01-13T16:50:00.000Z,BUY,0.01,3,1,10.00,3,12530.00
2023-01-13T16:50:00.000Z,2023-01-13T20:43:00.000Z,BUY,0.01,1,1,10.00,1,12540.00
2023-01-13T20:43:00.000Z,2023-01-19T22:05:00.000Z,BUY,0.01,5,1,10.00,5,12550.00
2023-01-19T22:05:00.000Z,2023-01-24T10:01:00.000Z,BUY,0.01,3,1,10.00,3,12560.00
2023-01-24T10:01:00.000Z,2023-01-31T10:07:00.000Z,BUY,0.01,4,1,10.00,4,12570.00
2023-01-31T10:07:00.000Z,2023-01-31T13:31:00.000Z,SELL,0.01,1,1,10.00,1,12580.00
2023-01-31T13:31:00.000Z,2023-02-01T15:15:00.000Z,SELL,0.01,2,1,10.00,2,12590.00
2023-02-01T15:15:00.000Z,2023-02-01T21:50:00.000Z,BUY,0.01,1,1,10.00,1,12600.00
2023-02-01T21:50:00.000Z,2023-02-01T22:41:00.000Z,BUY,0.01,1,1,10.00,1,12610.00
2023-02-01T22:41:00.000Z,2023-02-02T16:58:00.000Z,BUY,0.01,2,1,10.00,2,12620.00
2023-02-02T16:58:00.000Z,2023-02-03T15:36:00.000Z,BUY,0.01,2,1,10.00,2,12630.00
2023-02-03T15:36:00.000Z,2023-02-03T16:06:00.000Z,SELL,0.01,1,1,10.00,1,12640.00
2023-02-03T16:06:00.000Z,2023-02-03T17:06:00.000Z,SELL,0.01,1,1,10.00,1,12650.00
2023-02-03T17:06:00.000Z,2023-02-03T20:15:00.000Z,SELL,0.01,1,1,10.00,1,12660.00
2023-02-03T20:15:00.000Z,2023-02-13T18:57:00.000Z,SELL,0.01,3,1,10.00,3,12670.00
2023-02-13T18:57:00.000Z,2023-02-15T09:32:00.000Z,SELL,0.01,1,1,10.00,1,12680.00
2023-02-15T09:32:00.000Z,2023-02-15T17:44:00.000Z,SELL,0.01,1,1,10.00,1,12690.00
2023-02-15T17:44:00.000Z,2023-02-17T10:02:00.000Z,SELL,0.01,1,1,10.00,1,12700.00
2023-02-17T10:02:00.000Z,2023-02-24T16:42:00.000Z,SELL,0.01,3,1,10.00,3,12710.00
2023-02-24T16:42:00.000Z,2023-03-01T14:58:00.000Z,SELL,0.01,2,1,10.00,2,12720.00
2023-03-01T14:58:00.000Z,2023-03-03T21:29:00.000Z,BUY,0.01,1,1,10.00,1,12730.00
2023-03-03T21:29:00.000Z,2023-03-07T17:30:00.000Z,BUY,0.01,2,1,10.00,2,12740.00
2023-03-07T17:30:00.000Z,2023-03-08T05:11:00.000Z,SELL,0.01,1,1,10.00,1,12750.00
2023-03-08T05:11:00.000Z,2023-03-10T15:30:00.000Z,SELL,0.01,2,1,10.00,2,12760.00
2023-03-10T15:30:00.000Z,2023-03-10T16:31:00.000Z,BUY,0.01,1,1,10.00,1,12770.00
2023-03-10T16:31:00.000Z,2023-03-10T17:02:00.000Z,BUY,0.01,1,1,10.00,1,12780.00
2023-03-10T17:02:00.000Z,2023-03-13T00:02:00.000Z,BUY,0.01,1,1,10.00,1,12790.00
2023-03-13T00:02:00.000Z,2023-03-13T00:02:00.000Z,BUY,0.01,1,1,10.00,1,12800.00
2023-03-13T00:02:00.000Z,2023-03-13T00:08:00.000Z,BUY,0.01,1,1,10.00,1,12810.00
2023-03-13T00:08:00.000Z,2023-03-13T14:50:00.000Z,BUY,0.01,3,1,10.00,3,12820.00
2023-03-13T14:50:00.000Z,2023-03-13T16:47:00.000Z,BUY,0.01,1,1,10.00,1,12830.00
2023-03-13T16:47:00.000Z,2023-03-15T14:04:00.000Z,BUY,0.01,3,1,10.00,3,12840.00
2023-03-15T14:04:00.000Z,2023-03-15T18:18:00.000Z,BUY,0.01,1,1,10.00,1,12850.00
2023-03-15T18:18:00.000Z,2023-03-17T14:30:00.000Z,BUY,0.01,3,1,10.00,3,12860.00
2023-03-17T14:30:00.000Z,2023-03-17T16:00:00.000Z,BUY,0.01,1,1,10.00,1,12870.00
2023-03-17T16:00:00.000Z,2023-03-17T16:51:00.000Z,BUY,0.01,1,1,10.00,1,12880.00
2023-03-17T16:51:00.000Z,2023-03-17T19:52:00.000Z,BUY,0.01,1,1,10.00,1,12890.00
2023-03-17T19:52:00.000Z,2023-03-17T20:50:00.000Z,BUY,0.01,1,1,10.00,1,12900.00
2023-03-17T20:50:00.000Z,2023-03-20T09:05:00.000Z,BUY,0.01,1,1,10.00,1,12910.00
2023-03-20T09:05:00.000Z,2023-03-20T09:25:00.000Z,BUY,0.01,1,1,10.00,1,12920.00
2023-03-20T09:25:00.000Z,2023-03-20T12:35:00.000Z,BUY,0.01,2,1,10.00,2,12930.00
2023-03-20T12:35:00.000Z,2023-03-20T13:17:00.000Z,BUY,0.01,1,1,10.00,1,12940.00
2023-03-20T13:17:00.000Z,2023-03-21T15:46:00.000Z,BUY,0.01,2,1,10.00,2,12950.00
2023-03-21T15:46:00.000Z,2023-03-21T17:36:00.000Z,SELL,0.01,1,1,10.00,1,12960.00
2023-03-21T17:36:00.000Z,2023-03-22T20:42:00.000Z,SELL,0.01,2,1,10.00,2,12970.00
2023-03-22T20:42:00.000Z,2023-03-22T21:04:00.000Z,SELL,0.01,1,1,10.00,1,12980.00
2023-03-22T21:04:00.000Z,2023-03-22T21:51:00.000Z,BUY,0.01,1,1,10.00,1,12990.00
2023-03-22T21:51:00.000Z,2023-03-23T15:56:00.000Z,BUY,0.01,1,1,10.00,1,13000.00
2023-03-23T15:56:00.000Z,2023-03-23T18:33:00.000Z,BUY,0.01,1,1,10.00,1,13010.00
2023-03-23T18:33:00.000Z,2023-03-27T12:20:00.000Z,BUY,0.01,2,1,10.00,2,13020.00
2023-03-27T12:20:00.000Z,2023-03-27T13:04:00.000Z,SELL,0.01,1,1,10.00,1,13030.00
2023-03-27T13:04:00.000Z,2023-03-27T16:48:00.000Z,SELL,0.01,1,1,10.00,1,13040.00
2023-03-27T16:48:00.000Z,2023-03-28T20:50:00.000Z,SELL,0.01,2,1,10.00,2,13050.00
2023-03-28T20:50:00.000Z,2023-03-30T19:50:00.000Z,BUY,0.01,1,1,10.00,1,13060.00
2023-03-30T19:50:00.000Z,2023-04-03T05:56:00.000Z,BUY,0.01,2,1,10.00,2,13070.00
2023-04-03T05:56:00.000Z,2023-04-03T17:02:00.000Z,SELL,0.01,2,1,10.00,2,13080.00
2023-04-03T17:02:00.000Z,2023-04-04T17:00:00.000Z,BUY,0.01,1,1,10.00,1,13090.00
2023-04-04T17:00:00.000Z,2023-04-04T17:05:00.000Z,BUY,0.01,1,1,10.00,1,13100.00
2023-04-04T17:05:00.000Z,2023-04-04T17:14:00.000Z,BUY,0.01,1,1,10.00,1,13110.00
2023-04-04T17:14:00.000Z,2023-04-05T05:46:00.000Z,BUY,0.01,1,1,10.00,1,13120.00
2023-04-05T05:46:00.000Z,2023-04-10T01:05:00.000Z,BUY,0.01,2,1,10.00,2,13130.00
2023-04-10T01:05:00.000Z,2023-04-10T17:37:00.000Z,SELL,0.01,1,1,10.00,1,13140.00
2023-04-10T17:37:00.000Z,2023-04-12T05:03:00.000Z,SELL,0.01,2,1,10.00,2,13150.00
2023-04-12T05:03:00.000Z,2023-04-12T15:34:00.000Z,BUY,0.01,1,1,10.00,1,13160.00
2023-04-12T15:34:00.000Z,2023-04-13T15:30:00.000Z,BUY,0.01,3,1,10.00,3,13170.00
2023-04-13T15:30:00.000Z,2023-04-13T15:55:00.000Z,BUY,0.01,1,1,10.00,1,13180.00
2023-04-13T15:55:00.000Z,2023-04-14T17:06:00.000Z,BUY,0.01,2,1,10.00,2,13190.00
2023-04-14T17:06:00.000Z,2023-04-14T17:43:00.000Z,SELL,0.01,1,1,10.00,1,13200.00
2023-04-14T17:43:00.000Z,2023-04-14T18:03:00.000Z,SELL,0.01,1,1,10.00,1,13210.00
2023-04-14T18:03:00.000Z,2023-04-17T17:46:00.000Z,SELL,0.01,1,1,10.00,1,13220.00
2023-04-17T17:46:00.000Z,2023-04-19T12:37:00.000Z,SELL,0.01,3,1,10.00,3,13230.00
2023-04-19T12:37:00.000Z,2023-04-20T13:29:00.000Z,SELL,0.01,2,1,10.00,2,13240.00
2023-04-20T13:29:00.000Z,2023-04-21T16:52:00.000Z,BUY,0.01,2,1,10.00,2,13250.00
2023-04-21T16:52:00.000Z,2023-04-26T16:22:00.000Z,SELL,0.01,2,1,10.00,2,13260.00
2023-04-26T16:22:00.000Z,2023-04-27T16:40:00.000Z,BUY,0.01,2,1,10.00,2,13270.00
2023-04-27T16:40:00.000Z,2023-05-01T15:45:00.000Z,SELL,0.01,2,1,10.00,2,13280.00
2023-05-01T15:45:00.000Z,2023-05-01T17:00:00.000Z,SELL,0.01,1,1,10.00,1,13290.00
2023-05-01T17:00:00.000Z,2023-05-02T17:31:00.000Z,BUY,0.01,1,1,10.00,1,13300.00
2023-05-02T17:31:00.000Z,2023-05-02T18:59:00.000Z,BUY,0.01,1,1,10.00,1,13310.00
2023-05-02T18:59:00.000Z,2023-05-03T18:21:00.000Z,BUY,0.01,1,1,10.00,1,13320.00
2023-05-03T18:21:00.000Z,2023-05-03T21:02:00.000Z,BUY,0.01,1,1,10.00,1,13330.00
2023-05-03T21:02:00.000Z,2023-05-04T01:02:00.000Z,BUY,0.01,1,1,10.00,1,13340.00
2023-05-04T01:02:00.000Z,2023-05-04T01:02:00.000Z,BUY,0.01,1,1,10.00,1,13350.00
2023-05-04T01:02:00.000Z,2023-05-04T01:03:00.000Z,BUY,0.01,1,1,10.00,1,13360.00
2023-05-04T01:03:00.000Z,2023-05-04T10:06:00.000Z,BUY,0.01,2,1,10.00,2,13370.00
2023-05-04T10:06:00.000Z,2023-05-04T17:03:00.000Z,BUY,0.01,1,1,10.00,1,13380.00
2023-05-04T17:03:00.000Z,2023-05-04T17:31:00.000Z,BUY,0.01,1,1,10.00,1,13390.00
2023-05-04T17:31:00.000Z,2023-05-05T15:30:00.000Z,BUY,0.01,2,1,10.00,2,13400.00
2023-05-05T15:30:00.000Z,2023-05-05T15:39:00.000Z,SELL,0.01,1,1,10.00,1,13410.00
2023-05-05T15:39:00.000Z,2023-05-05T16:22:00.000Z,SELL,0.01,1,1,10.00,1,13420.00
2023-05-05T16:22:00.000Z,2023-05-09T20:19:00.000Z,SELL,0.01,2,1,10.00,2,13430.00
2023-05-09T20:19:00.000Z,2023-05-10T15:40:00.000Z,BUY,0.01,1,1,10.00,1,13440.00
2023-05-10T15:40:00.000Z,2023-05-10T16:22:00.000Z,SELL,0.01,1,1,10.00,1,13450.00
2023-05-10T16:22:00.000Z,2023-05-12T09:22:00.000Z,BUY,0.01,2,1,10.00,2,13460.00
2023-05-12T09:22:00.000Z,2023-05-16T18:46:00.000Z,SELL,0.01,1,1,10.00,1,13470.00
2023-05-16T18:46:00.000Z,2023-05-16T20:08:00.000Z,SELL,0.01,1,1,10.00,1,13480.00
2023-05-16T20:08:00.000Z,2023-05-17T17:02:00.000Z,SELL,0.01,1,1,10.00,1,13490.00
2023-05-17T17:02:00.000Z,2023-05-18T16:05:00.000Z,SELL,0.01,1,1,10.00,1,13500.00
2023-05-18T16:05:00.000Z,2023-05-18T17:40:00.000Z,SELL,0.01,1,1,10.00,1,13510.00
2023-05-18T17:40:00.000Z,2023-05-24T15:21:00.000Z,SELL,0.01,4,1,10.00,4,13520.00
2023-05-24T15:21:00.000Z,2023-05-25T04:44:00.000Z,BUY,0.01,2,1,10.00,2,13530.00
2023-05-25T04:44:00.000Z,2023-05-25T15:38:00.000Z,SELL,0.01,1,1,10.00,1,13540.00
2023-05-25T15:38:00.000Z,2023-05-30T08:24:00.000Z,SELL,0.01,1,1,10.00,1,13550.00
2023-05-30T08:24:00.000Z,2023-05-31T08:58:00.000Z,SELL,0.01,2,1,10.00,2,13560.00
2023-05-31T08:58:00.000Z,2023-06-01T17:00:00.000Z,BUY,0.01,1,1,10.00,1,13570.00
2023-06-01T17:00:00.000Z,2023-06-05T05:32:00.000Z,BUY,0.01,2,1,10.00,2,13580.00
2023-06-05T05:32:00.000Z,2023-06-15T04:34:00.000Z,SELL,0.01,5,1,10.00,5,13590.00
2023-06-15T04:34:00.000Z,2023-06-16T12:01:00.000Z,SELL,0.01,2,1,10.00,2,13600.00
2023-06-16T12:01:00.000Z,2023-06-20T16:40:00.000Z,BUY,0.01,2,1,10.00,2,13610.00
2023-06-20T16:40:00.000Z,2023-06-21T16:37:00.000Z,SELL,0.01,1,1,10.00,1,13620.00
2023-06-21T16:37:00.000Z,2023-06-22T18:27:00.000Z,SELL,0.01,1,1,10.00,1,13630.00
2023-06-22T18:27:00.000Z,2023-06-28T16:46:00.000Z,SELL,0.01,3,1,10.00,3,13640.00
2023-06-28T16:46:00.000Z,2023-06-29T16:27:00.000Z,SELL,0.01,1,1,10.00,1,13650.00
2023-06-29T16:27:00.000Z,2023-07-03T16:16:00.000Z,SELL,0.01,2,1,10.00,2,13660.00
2023-07-03T16:16:00.000Z,2023-07-05T16:18:00.000Z,BUY,0.01,1,1,10.00,1,13670.00
2023-07-05T16:18:00.000Z,2023-07-06T15:40:00.000Z,BUY,0.01,2,1,10.00,2,13680.00
2023-07-06T15:40:00.000Z,2023-07-06T16:39:00.000Z,BUY,0.01,1,1,10.00,1,13690.00
2023-07-06T16:39:00.000Z,2023-07-06T17:29:00.000Z,SELL,0.01,1,1,10.00,1,13700.00
2023-07-06T17:29:00.000Z,2023-07-07T17:54:00.000Z,SELL,0.01,2,1,10.00,2,13710.00
2023-07-07T17:54:00.000Z,2023-07-12T15:30:00.000Z,BUY,0.01,3,1,10.00,3,13720.00
2023-07-12T15:30:00.000Z,2023-07-12T16:40:00.000Z,BUY,0.01,1,1,10.00,1,13730.00
2023-07-12T16:40:00.000Z,2023-07-18T14:16:00.000Z,BUY,0.01,1,1,10.00,1,13740.00
2023-07-18T14:16:00.000Z,2023-07-18T17:01:00.000Z,BUY,0.01,1,1,10.00,1,13750.00
2023-07-18T17:01:00.000Z,2023-07-20T04:38:00.000Z,BUY,0.01,1,1,10.00,1,13760.00
2023-07-20T04:38:00.000Z,2023-07-24T21:17:00.000Z,BUY,0.01,2,1,10.00,2,13770.00
2023-07-24T21:17:00.000Z,2023-07-27T16:40:00.000Z,SELL,0.01,3,1,10.00,3,13780.00
2023-07-27T16:40:00.000Z,2023-07-28T07:02:00.000Z,BUY,0.01,1,1,10.00,1,13790.00
2023-07-28T07:02:00.000Z,2023-08-01T16:21:00.000Z,SELL,0.01,1,1,10.00,1,13800.00
2023-08-01T16:21:00.000Z,2023-08-02T17:48:00.000Z,SELL,0.01,1,1,10.00,1,13810.00
2023-08-02T17:48:00.000Z,2023-08-08T15:11:00.000Z,SELL,0.01,1,1,10.00,1,13820.00
2023-08-08T15:11:00.000Z,2023-08-09T23:33:00.000Z,SELL,0.01,1,1,10.00,1,13830.00
2023-08-09T23:33:00.000Z,2023-08-14T16:48:00.000Z,SELL,0.01,1,1,10.00,1,13840.00
2023-08-14T16:48:00.000Z,2023-08-16T22:14:00.000Z,SELL,0.01,1,1,10.00,1,13850.00
2023-08-16T22:14:00.000Z,2023-08-28T18:37:00.000Z,SELL,0.01,2,1,10.00,2,13860.00
2023-08-28T18:37:00.000Z,2023-08-29T17:21:00.000Z,BUY,0.01,1,1,10.00,1,13870.00
2023-08-29T17:21:00.000Z,2023-08-30T15:30:00.000Z,BUY,0.01,1,1,10.00,1,13880.00
2023-08-30T15:30:00.000Z,2023-09-12T14:20:00.000Z,BUY,0.01,2,1,10.00,2,13890.00
2023-09-12T14:20:00.000Z,2023-09-14T15:30:00.000Z,SELL,0.01,1,1,10.00,1,13900.00
2023-09-14T15:30:00.000Z,2023-09-18T23:17:00.000Z,SELL,0.01,2,1,10.00,2,13910.00
2023-09-18T23:17:00.000Z,2023-09-20T17:55:00.000Z,BUY,0.01,1,1,10.00,1,13920.00
2023-09-20T17:55:00.000Z,2023-09-21T16:10:00.000Z,BUY,0.01,2,1,10.00,2,13930.00
2023-09-21T16:10:00.000Z,2023-09-26T18:07:00.000Z,SELL,0.01,1,1,10.00,1,13940.00
2023-09-26T18:07:00.000Z,2023-09-27T14:00:00.000Z,SELL,0.01,1,1,10.00,1,13950.00
2023-09-27T14:00:00.000Z,2023-09-27T18:10:00.000Z,SELL,0.01,1,1,10.00,1,13960.00
2023-09-27T18:10:00.000Z,2023-09-27T20:29:00.000Z,SELL,0.01,1,1,10.00,1,13970.00
2023-09-27T20:29:00.000Z,2023-09-28T18:08:00.000Z,SELL,0.01,1,1,10.00,1,13980.00
2023-09-28T18:08:00.000Z,2023-09-29T18:38:00.000Z,SELL,0.01,1,1,10.00,1,13990.00
2023-09-29T18:38:00.000Z,2023-10-02T07:53:00.000Z,SELL,0.01,1,1,10.00,1,14000.00
2023-10-02T07:53:00.000Z,2023-10-02T12:30:00.000Z,SELL,0.01,1,1,10.00,1,14010.00
2023-10-02T12:30:00.000Z,2023-10-03T02:19:00.000Z,SELL,0.01,1,1,10.00,1,14020.00
2023-10-03T02:19:00.000Z,2023-10-06T15:30:00.000Z,SELL,0.01,1,1,10.00,1,14030.00
2023-10-06T15:30:00.000Z,2023-10-06T16:23:00.000Z,BUY,0.01,1,1,10.00,1,14040.00
2023-10-06T16:23:00.000Z,2023-10-09T01:03:00.000Z,SELL,0.01,2,1,10.00,2,14050.00
2023-10-09T01:03:00.000Z,2023-10-09T22:23:00.000Z,BUY,0.01,1,1,10.00,1,14060.00
2023-10-09T22:23:00.000Z,2023-10-11T13:23:00.000Z,BUY,0.01,1,1,10.00,1,14070.00
2023-10-11T13:23:00.000Z,2023-10-12T10:03:00.000Z,BUY,0.01,1,1,10.00,1,14080.00
2023-10-12T10:03:00.000Z,2023-10-13T14:22:00.000Z,BUY,0.01,1,1,10.00,1,14090.00
2023-10-13T14:22:00.000Z,2023-10-13T15:26:00.000Z,BUY,0.01,1,1,10.00,1,14100.00
2023-10-13T15:26:00.000Z,2023-10-13T15:31:00.000Z,BUY,0.01,1,1,10.00,1,14110.00
2023-10-13T15:31:00.000Z,2023-10-13T19:01:00.000Z,BUY,0.01,1,1,10.00,1,14120.00
2023-10-13T19:01:00.000Z,2023-10-18T04:28:00.000Z,BUY,0.01,1,1,10.00,1,14130.00
2023-10-18T04:28:00.000Z,2023-10-18T12:34:00.000Z,BUY,0.01,1,1,10.00,1,14140.00
2023-10-18T12:34:00.000Z,2023-10-18T16:38:00.000Z,BUY,0.01,1,1,10.00,1,14150.00
2023-10-18T16:38:00.000Z,2023-10-19T20:06:00.000Z,BUY,0.01,1,1,10.00,1,14160.00
2023-10-19T20:06:00.000Z,2023-10-19T21:02:00.000Z,BUY,0.01,1,1,10.00,1,14170.00
2023-10-19T21:02:00.000Z,2023-10-20T11:23:00.000Z,BUY,0.01,1,1,10.00,1,14180.00
2023-10-20T11:23:00.000Z,2023-10-20T18:23:00.000Z,BUY,0.01,1,1,10.00,1,14190.00
2023-10-20T18:23:00.000Z,2023-10-23T03:53:00.000Z,BUY,0.01,2,1,10.00,2,14200.00
2023-10-23T03:53:00.000Z,2023-10-23T08:39:00.000Z,BUY,0.01,1,1,10.00,1,14210.00
2023-10-23T08:39:00.000Z,2023-10-24T12:39:00.000Z,SELL,0.01,1,1,10.00,1,14220.00
2023-10-24T12:39:00.000Z,2023-10-24T14:04:00.000Z,SELL,0.01,1,1,10.00,1,14230.00
2023-10-24T14:04:00.000Z,2023-10-25T16:52:00.000Z,SELL,0.01,2,1,10.00,2,14240.00
2023-10-25T16:52:00.000Z,2023-10-27T20:39:00.000Z,BUY,0.01,3,1,10.00,3,14250.00
2023-10-27T20:39:00.000Z,2023-10-31T19:22:00.000Z,SELL,0.01,1,1,10.00,1,14260.00
2023-10-31T19:22:00.000Z,2023-11-01T18:44:00.000Z,SELL,0.01,1,1,10.00,1,14270.00
2023-11-01T18:44:00.000Z,2023-11-07T11:06:00.000Z,SELL,0.01,3,1,10.00,3,14280.00
2023-11-07T11:06:00.000Z,2023-11-08T17:39:00.000Z,SELL,0.01,1,1,10.00,1,14290.00
2023-11-08T17:39:00.000Z,2023-11-10T14:43:00.000Z,SELL,0.01,1,1,10.00,1,14300.00
2023-11-10T14:43:00.000Z,2023-11-10T20:29:00.000Z,SELL,0.01,1,1,10.00,1,14310.00
2023-11-10T20:29:00.000Z,2023-11-14T16:37:00.000Z,SELL,0.01,2,1,10.00,2,14320.00
2023-11-14T16:37:00.000Z,2023-11-15T12:23:00.000Z,BUY,0.01,1,1,10.00,1,14330.00
2023-11-15T12:23:00.000Z,2023-11-16T17:19:00.000Z,BUY,0.01,1,1,10.00,1,14340.00
2023-11-16T17:19:00.000Z,2023-11-21T15:20:00.000Z,BUY,0.01,1,1,10.00,1,14350.00
2023-11-21T15:20:00.000Z,2023-11-21T16:36:00.000Z,BUY,0.01,1,1,10.00,1,14360.00
2023-11-21T16:36:00.000Z,2023-11-27T03:27:00.000Z,BUY,0.01,1,1,10.00,1,14370.00
2023-11-27T03:27:00.000Z,2023-11-28T16:21:00.000Z,BUY,0.01,1,1,10.00,1,14380.00
2023-11-28T16:21:00.000Z,2023-11-28T18:21:00.000Z,BUY,0.01,1,1,10.00,1,14390.00
2023-11-28T18:21:00.000Z,2023-11-29T02:42:00.000Z,BUY,0.01,1,1,10.00,1,14400.00
2023-11-29T02:42:00.000Z,2023-12-01T18:13:00.000Z,BUY,0.01,1,1,10.00,1,14410.00
2023-12-01T18:13:00.000Z,2023-12-01T19:49:00.000Z,BUY,0.01,1,1,10.00,1,14420.00
2023-12-01T19:49:00.000Z,2023-12-04T01:03:00.000Z,BUY,0.01,1,1,10.00,1,14430.00
2023-12-04T01:03:00.000Z,2023-12-04T01:16:00.000Z,BUY,0.01,1,1,10.00,1,14440.00
2023-12-04T01:16:00.000Z,2023-12-04T01:19:00.000Z,BUY,0.01,1,1,10.00,1,14450.00
2023-12-04T01:19:00.000Z,2023-12-04T01:21:00.000Z,BUY,0.01,1,1,10.00,1,14460.00
2023-12-04T01:21:00.000Z,2023-12-04T01:25:00.000Z,BUY,0.01,1,1,10.00,1,14470.00
2023-12-04T01:25:00.000Z,2023-12-04T01:27:00.000Z,BUY,0.01,1,1,10.00,1,14480.00
2023-12-04T01:27:00.000Z,2023-12-04T01:33:00.000Z,BUY,0.01,1,1,10.00,1,14490.00
2023-12-04T01:33:00.000Z,2023-12-04T02:04:00.000Z,BUY,0.01,2,1,10.00,2,14500.00
2023-12-04T02:04:00.000Z,2023-12-04T08:50:00.000Z,BUY,0.01,2,1,10.00,2,14510.00
2023-12-04T08:50:00.000Z,2023-12-04T16:14:00.000Z,BUY,0.01,2,1,10.00,2,14520.00
2023-12-04T16:14:00.000Z,2023-12-05T16:45:00.000Z,BUY,0.01,2,1,10.00,2,14530.00
2023-12-05T16:45:00.000Z,2023-12-08T16:18:00.000Z,SELL,0.01,3,1,10.00,3,14540.00
2023-12-08T16:18:00.000Z,2023-12-08T19:05:00.000Z,SELL,0.01,1,1,10.00,1,14550.00
2023-12-08T19:05:00.000Z,2023-12-11T16:54:00.000Z,SELL,0.01,1,1,10.00,1,14560.00
2023-12-11T16:54:00.000Z,2023-12-11T19:53:00.000Z,SELL,0.01,1,1,10.00,1,14570.00
2023-12-11T19:53:00.000Z,2023-12-13T21:23:00.000Z,SELL,0.01,2,1,10.00,2,14580.00
2023-12-13T21:23:00.000Z,2023-12-13T21:51:00.000Z,BUY,0.01,1,1,10.00,1,14590.00
2023-12-13T21:51:00.000Z,2023-12-13T23:57:00.000Z,BUY,0.01,1,1,10.00,1,14600.00
2023-12-13T23:57:00.000Z,2023-12-14T02:38:00.000Z,BUY,0.01,1,1,10.00,1,14610.00
2023-12-14T02:38:00.000Z,2023-12-22T01:00:00.000Z,BUY,0.01,3,1,10.00,3,14620.00
2023-12-22T01:00:00.000Z,2023-12-22T13:24:00.000Z,BUY,0.01,1,1,10.00,1,14630.00
2023-12-22T13:24:00.000Z,2023-12-22T15:52:00.000Z,BUY,0.01,1,1,10.00,1,14640.00
2023-12-22T15:52:00.000Z,2023-12-27T17:36:00.000Z,BUY,0.01,1,1,10.00,1,14650.00
2023-12-27T17:36:00.000Z,2024-01-03T13:42:00.000Z,BUY,0.01,4,1,10.00,4,14660.00
2024-01-03T13:42:00.000Z,2024-01-03T16:06:00.000Z,SELL,0.01,1,1,10.00,1,14670.00
2024-01-03T16:06:00.000Z,2024-01-05T15:30:00.000Z,SELL,0.01,1,1,10.00,1,14680.00
2024-01-05T15:30:00.000Z,2024-01-05T17:02:00.000Z,SELL,0.01,2,1,10.00,2,14690.00
2024-01-05T17:02:00.000Z,2024-01-05T18:48:00.000Z,SELL,0.01,1,1,10.00,1,14700.00
2024-01-05T18:48:00.000Z,2024-01-08T13:18:00.000Z,BUY,0.01,2,1,10.00,2,14710.00
2024-01-08T13:18:00.000Z,2024-01-12T14:03:00.000Z,SELL,0.01,4,1,10.00,4,14720.00
2024-01-12T14:03:00.000Z,2024-01-12T16:02:00.000Z,BUY,0.01,1,1,10.00,1,14730.00
2024-01-12T16:02:00.000Z,2024-01-16T19:07:00.000Z,BUY,0.01,2,1,10.00,2,14740.00
2024-01-16T19:07:00.000Z,2024-01-17T08:08:00.000Z,SELL,0.01,1,1,10.00,1,14750.00
2024-01-17T08:08:00.000Z,2024-01-17T17:31:00.000Z,SELL,0.01,1,1,10.00,1,14760.00
2024-01-17T17:31:00.000Z,2024-01-19T15:20:00.000Z,SELL,0.01,2,1,10.00,2,14770.00
2024-01-19T15:20:00.000Z,2024-01-30T16:25:00.000Z,BUY,0.01,5,1,10.00,5,14780.00
2024-01-30T16:25:00.000Z,2024-02-01T18:10:00.000Z,BUY,0.01,1,1,10.00,1,14790.00
2024-02-01T18:10:00.000Z,2024-02-02T16:03:00.000Z,BUY,0.01,2,1,10.00,2,14800.00
2024-02-02T16:03:00.000Z,2024-02-05T15:24:00.000Z,SELL,0.01,1,1,10.00,1,14810.00
2024-02-05T15:24:00.000Z,2024-02-13T15:47:00.000Z,SELL,0.01,3,1,10.00,3,14820.00
2024-02-13T15:47:00.000Z,2024-02-19T02:26:00.000Z,BUY,0.01,3,1,10.00,3,14830.00
2024-02-19T02:26:00.000Z,2024-02-20T15:25:00.000Z,BUY,0.01,1,1,10.00,1,14840.00
2024-02-20T15:25:00.000Z,2024-02-23T18:48:00.000Z,BUY,0.01,1,1,10.00,1,14850.00
2024-02-23T18:48:00.000Z,2024-02-29T15:54:00.000Z,BUY,0.01,1,1,10.00,1,14860.00
2024-02-29T15:54:00.000Z,2024-03-01T18:39:00.000Z,SELL,0.01,2,1,10.00,2,14870.00
2024-03-01T18:39:00.000Z,2024-03-04T15:55:00.000Z,BUY,0.01,1,1,10.00,1,14880.00
2024-03-04T15:55:00.000Z,2024-03-04T16:42:00.000Z,BUY,0.01,1,1,10.00,1,14890.00
2024-03-04T16:42:00.000Z,2024-03-04T17:59:00.000Z,BUY,0.01,1,1,10.00,1,14900.00
2024-03-04T17:59:00.000Z,2024-03-04T18:50:00.000Z,BUY,0.01,1,1,10.00,1,14910.00
2024-03-04T18:50:00.000Z,2024-03-05T15:23:00.000Z,BUY,0.01,1,1,10.00,1,14920.00
2024-03-05T15:23:00.000Z,2024-03-05T15:34:00.000Z,BUY,0.01,1,1,10.00,1,14930.00
2024-03-05T15:34:00.000Z,2024-03-06T20:29:00.000Z,BUY,0.01,1,1,10.00,1,14940.00
2024-03-06T20:29:00.000Z,2024-03-07T06:06:00.000Z,BUY,0.01,1,1,10.00,1,14950.00
2024-03-07T06:06:00.000Z,2024-03-08T11:57:00.000Z,BUY,0.01,1,1,10.00,1,14960.00
2024-03-08T11:57:00.000Z,2024-03-08T15:31:00.000Z,BUY,0.01,1,1,10.00,1,14970.00
2024-03-08T15:31:00.000Z,2024-03-08T19:05:00.000Z,BUY,0.01,1,1,10.00,1,14980.00
2024-03-08T19:05:00.000Z,2024-03-12T14:30:00.000Z,BUY,0.01,2,1,10.00,2,14990.00
2024-03-12T14:30:00.000Z,2024-03-12T21:03:00.000Z,SELL,0.01,3,1,10.00,3,15000.00
2024-03-12T21:03:00.000Z,2024-03-20T20:55:00.000Z,SELL,0.01,4,1,10.00,4,15010.00
2024-03-20T20:55:00.000Z,2024-03-21T00:16:00.000Z,SELL,0.01,2,1,10.00,2,15020.00
2024-03-21T00:16:00.000Z,2024-03-21T00:16:00.000Z,BUY,0.01,1,1,10.00,1,15030.00
2024-03-21T00:16:00.000Z,2024-03-21T16:00:00.000Z,BUY,0.01,2,1,10.00,2,15040.00
2024-03-21T16:00:00.000Z,2024-03-22T19:21:00.000Z,BUY,0.01,2,1,10.00,2,15050.00
2024-03-22T19:21:00.000Z,2024-03-26T11:41:00.000Z,SELL,0.01,2,1,10.00,2,15060.00
2024-03-26T11:41:00.000Z,2024-03-28T12:22:00.000Z,BUY,0.01,1,1,10.00,1,15070.00
2024-03-28T12:22:00.000Z,2024-03-28T12:41:00.000Z,BUY,0.01,1,1,10.00,1,15080.00
2024-03-28T12:41:00.000Z,2024-03-28T18:34:00.000Z,BUY,0.01,1,1,10.00,1,15090.00
2024-03-28T18:34:00.000Z,2024-03-28T22:49:00.000Z,BUY,0.01,1,1,10.00,1,15100.00
2024-03-28T22:49:00.000Z,2024-04-01T01:00:00.000Z,BUY,0.01,1,1,10.00,1,15110.00
2024-04-01T01:00:00.000Z,2024-04-01T03:32:00.000Z,BUY,0.01,1,1,10.00,1,15120.00
2024-04-01T03:32:00.000Z,2024-04-01T06:40:00.000Z,BUY,0.01,1,1,10.00,1,15130.00
2024-04-01T06:40:00.000Z,2024-04-01T17:19:00.000Z,BUY,0.01,2,1,10.00,2,15140.00
2024-04-01T17:19:00.000Z,2024-04-01T19:43:00.000Z,BUY,0.01,1,1,10.00,1,15150.00
2024-04-01T19:43:00.000Z,2024-04-02T01:23:00.000Z,BUY,0.01,1,1,10.00,1,15160.00
2024-04-02T01:23:00.000Z,2024-04-02T12:30:00.000Z,BUY,0.01,1,1,10.00,1,15170.00
2024-04-02T12:30:00.000Z,2024-04-02T17:05:00.000Z,BUY,0.01,1,1,10.00,1,15180.00
2024-04-02T17:05:00.000Z,2024-04-03T01:17:00.000Z,BUY,0.01,3,1,10.00,3,15190.00
2024-04-03T01:17:00.000Z,2024-04-03T19:31:00.000Z,BUY,0.01,1,1,10.00,1,15200.00
2024-04-03T19:31:00.000Z,2024-04-04T04:00:00.000Z,BUY,0.01,1,1,10.00,1,15210.00
2024-04-04T04:00:00.000Z,2024-04-05T04:15:00.000Z,BUY,0.01,4,1,10.00,4,15220.00
2024-04-05T04:15:00.000Z,2024-04-05T17:16:00.000Z,SELL,0.01,2,1,10.00,2,15230.00
2024-04-05T17:16:00.000Z,2024-04-05T17:32:00.000Z,BUY,0.01,1,1,10.00,1,15240.00
2024-04-05T17:32:00.000Z,2024-04-05T18:20:00.000Z,BUY,0.01,1,1,10.00,1,15250.00
2024-04-05T18:20:00.000Z,2024-04-08T05:34:00.000Z,BUY,0.01,3,1,10.00,3,15260.00
2024-04-08T05:34:00.000Z,2024-04-08T05:38:00.000Z,BUY,0.01,1,1,10.00,1,15270.00
2024-04-08T05:38:00.000Z,2024-04-09T10:15:00.000Z,BUY,0.01,3,1,10.00,3,15280.00
2024-04-09T10:15:00.000Z,2024-04-10T16:13:00.000Z,BUY,0.01,2,1,10.00,2,15290.00
2024-04-10T16:13:00.000Z,2024-04-11T16:35:00.000Z,SELL,0.01,5,0,-2420.00,5,12870.00
2024-04-11T16:35:00.000Z,2024-04-11T17:17:00.000Z,SELL,0.01,1,1,10.00,1,12880.00
2024-04-11T17:17:00.000Z,2024-04-11T22:41:00.000Z,SELL,0.01,2,1,10.00,2,12890.00
2024-04-11T22:41:00.000Z,2024-04-11T23:20:00.000Z,BUY,0.01,1,1,10.00,1,12900.00
2024-04-11T23:20:00.000Z,2024-04-12T04:01:00.000Z,BUY,0.01,1,1,10.00,1,12910.00
2024-04-12T04:01:00.000Z,2024-04-12T10:09:00.000Z,BUY,0.01,1,1,10.00,1,12920.00
2024-04-12T10:09:00.000Z,2024-04-12T16:52:00.000Z,BUY,0.01,1,1,10.00,1,12930.00
2024-04-12T16:52:00.000Z,2024-04-12T17:15:00.000Z,BUY,0.01,1,1,10.00,1,12940.00
2024-04-12T17:15:00.000Z,2024-04-12T17:58:00.000Z,BUY,0.01,1,1,10.00,1,12950.00
2024-04-12T17:58:00.000Z,2024-04-12T18:27:00.000Z,BUY,0.01,2,1,10.00,2,12960.00
2024-04-12T18:27:00.000Z,2024-04-12T19:45:00.000Z,BUY,0.01,2,1,10.00,2,12970.00
2024-04-12T19:45:00.000Z,2024-04-12T21:43:00.000Z,BUY,0.01,2,1,10.00,2,12980.00
2024-04-12T21:43:00.000Z,2024-04-15T01:00:00.000Z,BUY,0.01,1,1,10.00,1,12990.00
2024-04-15T01:00:00.000Z,2024-04-15T17:06:00.000Z,SELL,0.01,3,1,10.00,3,13000.00
2024-04-15T17:06:00.000Z,2024-04-15T17:08:00.000Z,SELL,0.01,1,1,10.00,1,13010.00
2024-04-15T17:08:00.000Z,2024-04-15T19:42:00.000Z,SELL,0.01,2,1,10.00,2,13020.00
2024-04-15T19:42:00.000Z,2024-04-15T22:27:00.000Z,SELL,0.01,2,1,10.00,2,13030.00
2024-04-15T22:27:00.000Z,2024-04-16T19:47:00.000Z,BUY,0.01,3,1,10.00,3,13040.00
2024-04-16T19:47:00.000Z,2024-04-17T19:44:00.000Z,BUY,0.01,2,1,10.00,2,13050.00
2024-04-17T19:44:00.000Z,2024-04-17T21:06:00.000Z,BUY,0.01,1,1,10.00,1,13060.00
2024-04-17T21:06:00.000Z,2024-04-17T23:50:00.000Z,SELL,0.01,1,1,10.00,1,13070.00
2024-04-17T23:50:00.000Z,2024-04-17T23:52:00.000Z,SELL,0.01,1,1,10.00,1,13080.00
2024-04-17T23:52:00.000Z,2024-04-18T15:07:00.000Z,SELL,0.01,2,1,10.00,2,13090.00
2024-04-18T15:07:00.000Z,2024-04-19T04:27:00.000Z,BUY,0.01,1,1,10.00,1,13100.00
2024-04-19T04:27:00.000Z,2024-04-19T04:34:00.000Z,BUY,0.01,1,1,10.00,1,13110.00
2024-04-19T04:34:00.000Z,2024-04-19T04:46:00.000Z,BUY,0.01,1,1,10.00,1,13120.00
2024-04-19T04:46:00.000Z,2024-04-19T06:18:00.000Z,BUY,0.01,2,1,10.00,2,13130.00
2024-04-19T06:18:00.000Z,2024-04-19T19:52:00.000Z,BUY,0.01,1,1,10.00,1,13140.00
2024-04-19T19:52:00.000Z,2024-04-22T06:14:00.000Z,BUY,0.01,2,1,10.00,2,13150.00
2024-04-22T06:14:00.000Z,2024-04-22T09:45:00.000Z,SELL,0.01,1,1,10.00,1,13160.00
2024-04-22T09:45:00.000Z,2024-04-22T14:18:00.000Z,SELL,0.01,1,1,10.00,1,13170.00
2024-04-22T14:18:00.000Z,2024-04-22T15:51:00.000Z,SELL,0.01,1,1,10.00,1,13180.00
2024-04-22T15:51:00.000Z,2024-04-22T21:09:00.000Z,SELL,0.01,1,1,10.00,1,13190.00
2024-04-22T21:09:00.000Z,2024-04-23T04:38:00.000Z,SELL,0.01,1,1,10.00,1,13200.00
2024-04-23T04:38:00.000Z,2024-04-23T04:42:00.000Z,SELL,0.01,1,1,10.00,1,13210.00
2024-04-23T04:42:00.000Z,2024-04-23T04:53:00.000Z,SELL,0.01,1,1,10.00,1,13220.00
2024-04-23T04:53:00.000Z,2024-04-23T16:47:00.000Z,SELL,0.01,2,1,10.00,2,13230.00
2024-04-23T16:47:00.000Z,2024-04-23T17:48:00.000Z,SELL,0.01,1,1,10.00,1,13240.00
2024-04-23T17:48:00.000Z,2024-04-25T06:14:00.000Z,SELL,0.01,3,1,10.00,3,13250.00
2024-04-25T06:14:00.000Z,2024-04-25T17:35:00.000Z,SELL,0.01,2,1,10.00,2,13260.00
2024-04-25T17:35:00.000Z,2024-04-26T10:20:00.000Z,BUY,0.01,1,1,10.00,1,13270.00
2024-04-26T10:20:00.000Z,2024-04-30T10:40:00.000Z,BUY,0.01,4,1,10.00,4,13280.00
2024-04-30T10:40:00.000Z,2024-04-30T15:30:00.000Z,SELL,0.01,1,1,10.00,1,13290.00
2024-04-30T15:30:00.000Z,2024-04-30T17:58:00.000Z,SELL,0.01,1,1,10.00,1,13300.00
2024-04-30T17:58:00.000Z,2024-05-01T06:53:00.000Z,SELL,0.01,1,1,10.00,1,13310.00
2024-05-01T06:53:00.000Z,2024-05-01T21:34:00.000Z,SELL,0.01,2,1,10.00,2,13320.00
2024-05-01T21:34:00.000Z,2024-05-01T21:45:00.000Z,BUY,0.01,1,1,10.00,1,13330.00
2024-05-01T21:45:00.000Z,2024-05-02T15:59:00.000Z,BUY,0.01,2,1,10.00,2,13340.00
2024-05-02T15:59:00.000Z,2024-05-03T16:33:00.000Z,SELL,0.01,5,1,10.00,5,13350.00
2024-05-03T16:33:00.000Z,2024-05-06T05:04:00.000Z,SELL,0.01,2,1,10.00,2,13360.00
2024-05-06T05:04:00.000Z,2024-05-08T11:00:00.000Z,SELL,0.01,1,1,10.00,1,13370.00
2024-05-08T11:00:00.000Z,2024-05-09T17:14:00.000Z,SELL,0.01,2,1,10.00,2,13380.00
2024-05-09T17:14:00.000Z,2024-05-09T23:07:00.000Z,BUY,0.01,1,1,10.00,1,13390.00
2024-05-09T23:07:00.000Z,2024-05-10T04:18:00.000Z,BUY,0.01,1,1,10.00,1,13400.00
2024-05-10T04:18:00.000Z,2024-05-10T09:42:00.000Z,BUY,0.01,1,1,10.00,1,13410.00
2024-05-10T09:42:00.000Z,2024-05-10T13:24:00.000Z,BUY,0.01,1,1,10.00,1,13420.00
2024-05-10T13:24:00.000Z,2024-05-13T11:28:00.000Z,BUY,0.01,2,1,10.00,2,13430.00
2024-05-13T11:28:00.000Z,2024-05-13T18:04:00.000Z,SELL,0.01,1,1,10.00,1,13440.00
2024-05-13T18:04:00.000Z,2024-05-15T11:23:00.000Z,SELL,0.01,2,1,10.00,2,13450.00
2024-05-15T11:23:00.000Z,2024-05-15T15:30:00.000Z,BUY,0.01,1,1,10.00,1,13460.00
2024-05-15T15:30:00.000Z,2024-05-15T19:29:00.000Z,BUY,0.01,3,1,10.00,3,13470.00
2024-05-15T19:29:00.000Z,2024-05-16T04:00:00.000Z,BUY,0.01,1,1,10.00,1,13480.00
2024-05-16T04:00:00.000Z,2024-05-17T17:26:00.000Z,BUY,0.01,3,1,10.00,3,13490.00
2024-05-17T17:26:00.000Z,2024-05-17T18:01:00.000Z,BUY,0.01,1,1,10.00,1,13500.00
2024-05-17T18:01:00.000Z,2024-05-20T04:00:00.000Z,BUY,0.01,1,1,10.00,1,13510.00
2024-05-20T04:00:00.000Z,2024-05-20T04:01:00.000Z,BUY,0.01,1,1,10.00,1,13520.00
2024-05-20T04:01:00.000Z,2024-05-20T08:39:00.000Z,BUY,0.01,1,1,10.00,1,13530.00
2024-05-20T08:39:00.000Z,2024-05-20T15:21:00.000Z,BUY,0.01,2,1,10.00,2,13540.00
2024-05-20T15:21:00.000Z,2024-05-20T19:32:00.000Z,BUY,0.01,1,1,10.00,1,13550.00
2024-05-20T19:32:00.000Z,2024-05-22T17:10:00.000Z,BUY,0.01,4,1,10.00,4,13560.00
2024-05-22T17:10:00.000Z,2024-05-22T17:23:00.000Z,SELL,0.01,1,1,10.00,1,13570.00
2024-05-22T17:23:00.000Z,2024-05-22T21:41:00.000Z,SELL,0.01,1,1,10.00,1,13580.00
2024-05-22T21:41:00.000Z,2024-05-23T08:38:00.000Z,SELL,0.01,1,1,10.00,1,13590.00
2024-05-23T08:38:00.000Z,2024-05-23T09:01:00.000Z,SELL,0.01,1,1,10.00,1,13600.00
2024-05-23T09:01:00.000Z,2024-05-23T17:33:00.000Z,SELL,0.01,1,1,10.00,1,13610.00
2024-05-23T17:33:00.000Z,2024-05-23T20:29:00.000Z,SELL,0.01,1,1,10.00,1,13620.00
2024-05-23T20:29:00.000Z,2024-05-24T05:29:00.000Z,SELL,0.01,1,1,10.00,1,13630.00
2024-05-24T05:29:00.000Z,2024-05-27T16:47:00.000Z,SELL,0.01,2,1,10.00,2,13640.00
2024-05-27T16:47:00.000Z,2024-05-30T08:34:00.000Z,BUY,0.01,2,1,10.00,2,13650.00
2024-05-30T08:34:00.000Z,2024-05-31T15:55:00.000Z,SELL,0.01,2,1,10.00,2,13660.00
2024-05-31T15:55:00.000Z,2024-05-31T20:26:00.000Z,BUY,0.01,2,1,10.00,2,13670.00
2024-05-31T20:26:00.000Z,2024-06-03T08:44:00.000Z,SELL,0.01,1,1,10.00,1,13680.00
2024-06-03T08:44:00.000Z,2024-06-03T17:40:00.000Z,SELL,0.01,2,1,10.00,2,13690.00
2024-06-03T17:40:00.000Z,2024-06-04T11:10:00.000Z,SELL,0.01,1,1,10.00,1,13700.00
2024-06-04T11:10:00.000Z,2024-06-05T16:58:00.000Z,BUY,0.01,1,1,10.00,1,13710.00
2024-06-05T16:58:00.000Z,2024-06-05T18:38:00.000Z,BUY,0.01,1,1,10.00,1,13720.00
2024-06-05T18:38:00.000Z,2024-06-06T04:26:00.000Z,BUY,0.01,1,1,10.00,1,13730.00
2024-06-06T04:26:00.000Z,2024-06-06T18:30:00.000Z,BUY,0.01,1,1,10.00,1,13740.00
2024-06-06T18:30:00.000Z,2024-06-07T07:40:00.000Z,BUY,0.01,1,1,10.00,1,13750.00
2024-06-07T07:40:00.000Z,2024-06-07T11:07:00.000Z,BUY,0.01,2,1,10.00,2,13760.00
2024-06-07T11:07:00.000Z,2024-06-07T15:30:00.000Z,BUY,0.01,2,1,10.00,2,13770.00
2024-06-07T15:30:00.000Z,2024-06-07T15:30:00.000Z,SELL,0.01,1,1,10.00,1,13780.00
2024-06-07T15:30:00.000Z,2024-06-07T16:56:00.000Z,SELL,0.01,1,1,10.00,1,13790.00
2024-06-07T16:56:00.000Z,2024-06-07T22:19:00.000Z,SELL,0.01,1,1,10.00,1,13800.00
2024-06-07T22:19:00.000Z,2024-06-12T15:30:00.000Z,SELL,0.01,2,1,10.00,2,13810.00
2024-06-12T15:30:00.000Z,2024-06-12T15:53:00.000Z,BUY,0.01,1,1,10.00,1,13820.00
2024-06-12T15:53:00.000Z,2024-06-13T14:45:00.000Z,BUY,0.01,2,1,10.00,2,13830.00
2024-06-13T14:45:00.000Z,2024-06-13T19:02:00.000Z,SELL,0.01,3,1,10.00,3,13840.00
2024-06-13T19:02:00.000Z,2024-06-14T13:19:00.000Z,SELL,0.01,2,1,10.00,2,13850.00
2024-06-14T13:19:00.000Z,2024-06-14T14:46:00.000Z,BUY,0.01,1,1,10.00,1,13860.00
2024-06-14T14:46:00.000Z,2024-06-20T16:48:00.000Z,BUY,0.01,3,1,10.00,3,13870.00
2024-06-20T16:48:00.000Z,2024-06-20T17:20:00.000Z,BUY,0.01,1,1,10.00,1,13880.00
2024-06-20T17:20:00.000Z,2024-06-21T11:29:00.000Z,BUY,0.01,1,1,10.00,1,13890.00
2024-06-21T11:29:00.000Z,2024-06-21T16:53:00.000Z,BUY,0.01,2,1,10.00,2,13900.00
2024-06-21T16:53:00.000Z,2024-06-26T14:00:00.000Z,BUY,0.01,4,1,10.00,4,13910.00
2024-06-26T14:00:00.000Z,2024-06-26T16:31:00.000Z,SELL,0.01,1,1,10.00,1,13920.00
2024-06-26T16:31:00.000Z,2024-06-27T17:01:00.000Z,SELL,0.01,2,1,10.00,2,13930.00
2024-06-27T17:01:00.000Z,2024-06-28T14:02:00.000Z,BUY,0.01,1,1,10.00,1,13940.00
2024-06-28T14:02:00.000Z,2024-07-03T10:57:00.000Z,BUY,0.01,1,1,10.00,1,13950.00
2024-07-03T10:57:00.000Z,2024-07-03T16:43:00.000Z,BUY,0.01,1,1,10.00,1,13960.00
2024-07-03T16:43:00.000Z,2024-07-05T11:14:00.000Z,BUY,0.01,1,1,10.00,1,13970.00
2024-07-05T11:14:00.000Z,2024-07-05T16:11:00.000Z,BUY,0.01,1,1,10.00,1,13980.00
2024-07-05T16:11:00.000Z,2024-07-05T18:33:00.000Z,BUY,0.01,1,1,10.00,1,13990.00
2024-07-05T18:33:00.000Z,2024-07-08T18:46:00.000Z,BUY,0.01,2,1,10.00,2,14000.00
2024-07-08T18:46:00.000Z,2024-07-11T15:30:00.000Z,SELL,0.01,2,1,10.00,2,14010.00
2024-07-11T15:30:00.000Z,2024-07-11T15:32:00.000Z,BUY,0.01,1,1,10.00,1,14020.00
2024-07-11T15:32:00.000Z,2024-07-11T15:45:00.000Z,BUY,0.01,1,1,10.00,1,14030.00
2024-07-11T15:45:00.000Z,2024-07-11T18:09:00.000Z,BUY,0.01,1,1,10.00,1,14040.00
2024-07-11T18:09:00.000Z,2024-07-15T17:53:00.000Z,BUY,0.01,3,1,10.00,3,14050.00
2024-07-15T17:53:00.000Z,2024-07-15T19:42:00.000Z,BUY,0.01,1,1,10.00,1,14060.00
2024-07-15T19:42:00.000Z,2024-07-16T17:35:00.000Z,BUY,0.01,1,1,10.00,1,14070.00
2024-07-16T17:35:00.000Z,2024-07-16T18:22:00.000Z,BUY,0.01,1,1,10.00,1,14080.00
2024-07-16T18:22:00.000Z,2024-07-17T03:40:00.000Z,BUY,0.01,1,1,10.00,1,14090.00
2024-07-17T03:40:00.000Z,2024-07-17T04:54:00.000Z,BUY,0.01,1,1,10.00,1,14100.00
2024-07-17T04:54:00.000Z,2024-07-18T22:04:00.000Z,BUY,0.01,2,1,10.00,2,14110.00
2024-07-18T22:04:00.000Z,2024-07-19T03:00:00.000Z,SELL,0.01,1,1,10.00,1,14120.00
2024-07-19T03:00:00.000Z,2024-07-19T03:12:00.000Z,SELL,0.01,1,1,10.00,1,14130.00
2024-07-19T03:12:00.000Z,2024-07-19T09:07:00.000Z,SELL,0.01,1,1,10.00,1,14140.00
2024-07-19T09:07:00.000Z,2024-07-19T14:54:00.000Z,SELL,0.01,1,1,10.00,1,14150.00
2024-07-19T14:54:00.000Z,2024-07-19T16:06:00.000Z,SELL,0.01,1,1,10.00,1,14160.00
2024-07-19T16:06:00.000Z,2024-07-22T15:34:00.000Z,SELL,0.01,1,1,10.00,1,14170.00
2024-07-22T15:34:00.000Z,2024-07-24T09:14:00.000Z,SELL,0.01,2,1,10.00,2,14180.00
2024-07-24T09:14:00.000Z,2024-07-24T17:50:00.000Z,BUY,0.01,1,1,10.00,1,14190.00
2024-07-24T17:50:00.000Z,2024-07-24T22:59:00.000Z,BUY,0.01,2,1,10.00,2,14200.00
2024-07-24T22:59:00.000Z,2024-07-25T06:20:00.000Z,BUY,0.01,2,1,10.00,2,14210.00
2024-07-25T06:20:00.000Z,2024-07-25T17:15:00.000Z,SELL,0.01,1,1,10.00,1,14220.00
2024-07-25T17:15:00.000Z,2024-07-26T17:11:00.000Z,SELL,0.01,2,1,10.00,2,14230.00
2024-07-26T17:11:00.000Z,2024-07-29T01:15:00.000Z,BUY,0.01,1,1,10.00,1,14240.00
2024-07-29T01:15:00.000Z,2024-07-30T20:02:00.000Z,BUY,0.01,3,1,10.00,3,14250.00
2024-07-30T20:02:00.000Z,2024-07-31T07:46:00.000Z,BUY,0.01,1,1,10.00,1,14260.00
2024-07-31T07:46:00.000Z,2024-07-31T21:40:00.000Z,BUY,0.01,1,1,10.00,1,14270.00
2024-07-31T21:40:00.000Z,2024-07-31T22:24:00.000Z,BUY,0.01,1,1,10.00,1,14280.00
2024-07-31T22:24:00.000Z,2024-07-31T22:40:00.000Z,BUY,0.01,1,1,10.00,1,14290.00
2024-07-31T22:40:00.000Z,2024-08-01T17:02:00.000Z,BUY,0.01,3,1,10.00,3,14300.00
2024-08-01T17:02:00.000Z,2024-08-02T15:30:00.000Z,BUY,0.01,3,1,10.00,3,14310.00
2024-08-02T15:30:00.000Z,2024-08-02T17:38:00.000Z,BUY,0.01,2,1,10.00,2,14320.00
2024-08-02T17:38:00.000Z,2024-08-05T06:52:00.000Z,BUY,0.01,5,1,10.00,5,14330.00
2024-08-05T06:52:00.000Z,2024-08-05T08:37:00.000Z,SELL,0.01,1,1,10.00,1,14340.00
2024-08-05T08:37:00.000Z,2024-08-05T09:05:00.000Z,SELL,0.01,1,1,10.00,1,14350.00
2024-08-05T09:05:00.000Z,2024-08-05T12:16:00.000Z,SELL,0.01,1,1,10.00,1,14360.00
2024-08-05T12:16:00.000Z,2024-08-05T13:57:00.000Z,SELL,0.01,1,1,10.00,1,14370.00
2024-08-05T13:57:00.000Z,2024-08-05T14:22:00.000Z,SELL,0.01,1,1,10.00,1,14380.00
2024-08-05T14:22:00.000Z,2024-08-05T14:41:00.000Z,SELL,0.01,1,1,10.00,1,14390.00
2024-08-05T14:41:00.000Z,2024-08-05T15:20:00.000Z,SELL,0.01,1,1,10.00,1,14400.00
2024-08-05T15:20:00.000Z,2024-08-05T15:24:00.000Z,SELL,0.01,1,1,10.00,1,14410.00
2024-08-05T15:24:00.000Z,2024-08-05T18:00:00.000Z,SELL,0.01,2,1,10.00,2,14420.00
2024-08-05T18:00:00.000Z,2024-08-06T16:09:00.000Z,SELL,0.01,1,1,10.00,1,14430.00
2024-08-06T16:09:00.000Z,2024-08-08T17:10:00.000Z,SELL,0.01,2,1,10.00,2,14440.00
2024-08-08T17:10:00.000Z,2024-08-09T13:43:00.000Z,BUY,0.01,1,1,10.00,1,14450.00
2024-08-09T13:43:00.000Z,2024-08-12T10:32:00.000Z,BUY,0.01,1,1,10.00,1,14460.00
2024-08-12T10:32:00.000Z,2024-08-12T16:32:00.000Z,BUY,0.01,1,1,10.00,1,14470.00
2024-08-12T16:32:00.000Z,2024-08-12T18:24:00.000Z,BUY,0.01,1,1,10.00,1,14480.00
2024-08-12T18:24:00.000Z,2024-08-12T21:24:00.000Z,BUY,0.01,1,1,10.00,1,14490.00
2024-08-12T21:24:00.000Z,2024-08-14T19:24:00.000Z,BUY,0.01,2,1,10.00,2,14500.00
2024-08-14T19:24:00.000Z,2024-08-15T15:27:00.000Z,SELL,0.01,2,1,10.00,2,14510.00
2024-08-15T15:27:00.000Z,2024-08-15T16:00:00.000Z,BUY,0.01,2,1,10.00,2,14520.00
2024-08-15T16:00:00.000Z,2024-08-16T14:18:00.000Z,SELL,0.01,2,1,10.00,2,14530.00
2024-08-16T14:18:00.000Z,2024-08-16T15:51:00.000Z,BUY,0.01,1,1,10.00,1,14540.00
2024-08-16T15:51:00.000Z,2024-08-16T15:59:00.000Z,BUY,0.01,1,1,10.00,1,14550.00
2024-08-16T15:59:00.000Z,2024-08-16T21:36:00.000Z,BUY,0.01,1,1,10.00,1,14560.00
2024-08-16T21:36:00.000Z,2024-08-20T10:44:00.000Z,BUY,0.01,1,1,10.00,1,14570.00
2024-08-20T10:44:00.000Z,2024-08-20T11:06:00.000Z,BUY,0.01,1,1,10.00,1,14580.00
2024-08-20T11:06:00.000Z,2024-08-20T16:31:00.000Z,BUY,0.01,1,1,10.00,1,14590.00
2024-08-20T16:31:00.000Z,2024-08-20T19:04:00.000Z,BUY,0.01,2,1,10.00,2,14600.00
2024-08-20T19:04:00.000Z,2024-08-20T20:10:00.000Z,BUY,0.01,1,1,10.00,1,14610.00
2024-08-20T20:10:00.000Z,2024-08-22T17:08:00.000Z,BUY,0.01,2,1,10.00,2,14620.00
2024-08-22T17:08:00.000Z,2024-08-22T17:22:00.000Z,SELL,0.01,1,1,10.00,1,14630.00
2024-08-22T17:22:00.000Z,2024-08-23T12:22:00.000Z,SELL,0.01,2,1,10.00,2,14640.00
2024-08-23T12:22:00.000Z,2024-09-02T05:30:00.000Z,SELL,0.01,5,1,10.00,5,14650.00
2024-09-02T05:30:00.000Z,2024-09-03T16:43:00.000Z,SELL,0.01,1,1,10.00,1,14660.00
2024-09-03T16:43:00.000Z,2024-09-05T11:21:00.000Z,SELL,0.01,2,1,10.00,2,14670.00
2024-09-05T11:21:00.000Z,2024-09-05T15:32:00.000Z,BUY,0.01,1,1,10.00,1,14680.00
2024-09-05T15:32:00.000Z,2024-09-06T19:22:00.000Z,BUY,0.01,2,1,10.00,2,14690.00
2024-09-06T19:22:00.000Z,2024-09-11T04:40:00.000Z,SELL,0.01,2,1,10.00,2,14700.00
2024-09-11T04:40:00.000Z,2024-09-12T15:45:00.000Z,BUY,0.01,3,1,10.00,3,14710.00
2024-09-12T15:45:00.000Z,2024-09-12T16:10:00.000Z,BUY,0.01,1,1,10.00,1,14720.00
2024-09-12T16:10:00.000Z,2024-09-12T17:46:00.000Z,BUY,0.01,1,1,10.00,1,14730.00
2024-09-12T17:46:00.000Z,2024-09-13T03:43:00.000Z,BUY,0.01,1,1,10.00,1,14740.00
2024-09-13T03:43:00.000Z,2024-09-13T12:28:00.000Z,BUY,0.01,1,1,10.00,1,14750.00
2024-09-13T12:28:00.000Z,2024-09-13T16:41:00.000Z,BUY,0.01,1,1,10.00,1,14760.00
2024-09-13T16:41:00.000Z,2024-09-18T21:16:00.000Z,BUY,0.01,3,1,10.00,3,14770.00
2024-09-18T21:16:00.000Z,2024-09-18T21:43:00.000Z,SELL,0.01,1,1,10.00,1,14780.00
2024-09-18T21:43:00.000Z,2024-09-18T21:50:00.000Z,SELL,0.01,1,1,10.00,1,14790.00
2024-09-18T21:50:00.000Z,2024-09-18T22:07:00.000Z,SELL,0.01,1,1,10.00,1,14800.00
2024-09-18T22:07:00.000Z,2024-09-18T22:45:00.000Z,SELL,0.01,1,1,10.00,1,14810.00
2024-09-18T22:45:00.000Z,2024-09-19T10:49:00.000Z,SELL,0.01,2,1,10.00,2,14820.00
2024-09-19T10:49:00.000Z,2024-09-19T16:50:00.000Z,SELL,0.01,1,1,10.00,1,14830.00
2024-09-19T16:50:00.000Z,2024-09-19T17:30:00.000Z,BUY,0.01,1,1,10.00,1,14840.00
2024-09-19T17:30:00.000Z,2024-09-19T19:46:00.000Z,BUY,0.01,1,1,10.00,1,14850.00
2024-09-19T19:46:00.000Z,2024-09-20T09:49:00.000Z,BUY,0.01,1,1,10.00,1,14860.00
2024-09-20T09:49:00.000Z,2024-09-20T11:43:00.000Z,BUY,0.01,1,1,10.00,1,14870.00
2024-09-20T11:43:00.000Z,2024-09-20T18:47:00.000Z,BUY,0.01,1,1,10.00,1,14880.00
2024-09-20T18:47:00.000Z,2024-09-23T16:54:00.000Z,BUY,0.01,1,1,10.00,1,14890.00
2024-09-23T16:54:00.000Z,2024-09-24T17:50:00.000Z,BUY,0.01,1,1,10.00,1,14900.00
2024-09-24T17:50:00.000Z,2024-09-24T19:44:00.000Z,BUY,0.01,1,1,10.00,1,14910.00
2024-09-24T19:44:00.000Z,2024-09-24T22:42:00.000Z,BUY,0.01,1,1,10.00,1,14920.00
2024-09-24T22:42:00.000Z,2024-09-26T13:44:00.000Z,BUY,0.01,1,1,10.00,1,14930.00
2024-09-26T13:44:00.000Z,2024-09-26T14:39:00.000Z,BUY,0.01,1,1,10.00,1,14940.00
2024-09-26T14:39:00.000Z,2024-09-27T17:49:00.000Z,BUY,0.01,2,1,10.00,2,14950.00
2024-09-27T17:49:00.000Z,2024-09-27T20:38:00.000Z,SELL,0.01,1,1,10.00,1,14960.00
2024-09-27T20:38:00.000Z,2024-09-30T16:44:00.000Z,SELL,0.01,3,1,10.00,3,14970.00
2024-09-30T16:44:00.000Z,2024-10-01T16:34:00.000Z,SELL,0.01,2,1,10.00,2,14980.00
2024-10-01T16:34:00.000Z,2024-10-04T15:55:00.000Z,BUY,0.01,4,1,10.00,4,14990.00
2024-10-04T15:55:00.000Z,2024-10-04T16:06:00.000Z,BUY,0.01,1,1,10.00,1,15000.00
2024-10-04T16:06:00.000Z,2024-10-08T10:02:00.000Z,SELL,0.01,3,1,10.00,3,15010.00
2024-10-08T10:02:00.000Z,2024-10-08T17:34:00.000Z,SELL,0.01,1,1,10.00,1,15020.00
2024-10-08T17:34:00.000Z,2024-10-08T18:07:00.000Z,SELL,0.01,1,1,10.00,1,15030.00
2024-10-08T18:07:00.000Z,2024-10-11T05:48:00.000Z,SELL,0.01,2,1,10.00,2,15040.00
2024-10-11T05:48:00.000Z,2024-10-11T17:18:00.000Z,BUY,0.01,1,1,10.00,1,15050.00
2024-10-11T17:18:00.000Z,2024-10-14T09:24:00.000Z,BUY,0.01,1,1,10.00,1,15060.00
2024-10-14T09:24:00.000Z,2024-10-16T09:14:00.000Z,BUY,0.01,3,1,10.00,3,15070.00
2024-10-16T09:14:00.000Z,2024-10-16T16:06:00.000Z,BUY,0.01,1,1,10.00,1,15080.00
2024-10-16T16:06:00.000Z,2024-10-17T17:38:00.000Z,BUY,0.01,1,1,10.00,1,15090.00
2024-10-17T17:38:00.000Z,2024-10-18T04:35:00.000Z,BUY,0.01,1,1,10.00,1,15100.00
2024-10-18T04:35:00.000Z,2024-10-18T15:31:00.000Z,BUY,0.01,1,1,10.00,1,15110.00
2024-10-18T15:31:00.000Z,2024-10-21T03:34:00.000Z,BUY,0.01,1,1,10.00,1,15120.00
2024-10-21T03:34:00.000Z,2024-10-21T12:21:00.000Z,BUY,0.01,1,1,10.00,1,15130.00
2024-10-21T12:21:00.000Z,2024-10-22T20:00:00.000Z,BUY,0.01,3,1,10.00,3,15140.00
2024-10-22T20:00:00.000Z,2024-10-23T11:17:00.000Z,BUY,0.01,1,1,10.00,1,15150.00
2024-10-23T11:17:00.000Z,2024-10-23T17:19:00.000Z,BUY,0.01,2,1,10.00,2,15160.00
2024-10-23T17:19:00.000Z,2024-10-24T09:40:00.000Z,BUY,0.01,1,1,10.00,1,15170.00
2024-10-24T09:40:00.000Z,2024-10-24T17:26:00.000Z,SELL,0.01,1,1,10.00,1,15180.00
2024-10-24T17:26:00.000Z,2024-10-24T20:06:00.000Z,BUY,0.01,1,1,10.00,1,15190.00
2024-10-24T20:06:00.000Z,2024-10-25T23:51:00.000Z,BUY,0.01,1,1,10.00,1,15200.00
2024-10-25T23:51:00.000Z,2024-10-29T04:11:00.000Z,BUY,0.01,3,1,10.00,3,15210.00
2024-10-29T04:11:00.000Z,2024-10-29T16:16:00.000Z,BUY,0.01,1,1,10.00,1,15220.00
2024-10-29T16:16:00.000Z,2024-10-30T02:10:00.000Z,BUY,0.01,1,1,10.00,1,15230.00
2024-10-30T02:10:00.000Z,2024-10-30T08:38:00.000Z,BUY,0.01,1,1,10.00,1,15240.00
2024-10-30T08:38:00.000Z,2024-10-31T15:50:00.000Z,BUY,0.01,2,1,10.00,2,15250.00
2024-10-31T15:50:00.000Z,2024-10-31T16:34:00.000Z,SELL,0.01,1,1,10.00,1,15260.00
2024-10-31T16:34:00.000Z,2024-10-31T16:47:00.000Z,SELL,0.01,1,1,10.00,1,15270.00
2024-10-31T16:47:00.000Z,2024-11-05T04:35:00.000Z,SELL,0.01,3,1,10.00,3,15280.00
2024-11-05T04:35:00.000Z,2024-11-06T08:29:00.000Z,SELL,0.01,3,1,10.00,3,15290.00
2024-11-06T08:29:00.000Z,2024-11-06T08:35:00.000Z,SELL,0.01,1,1,10.00,1,15300.00
2024-11-06T08:35:00.000Z,2024-11-06T14:33:00.000Z,SELL,0.01,3,1,10.00,3,15310.00
2024-11-06T14:33:00.000Z,2024-11-06T15:05:00.000Z,SELL,0.01,1,1,10.00,1,15320.00
2024-11-06T15:05:00.000Z,2024-11-06T15:30:00.000Z,SELL,0.01,1,1,10.00,1,15330.00
2024-11-06T15:30:00.000Z,2024-11-06T15:33:00.000Z,SELL,0.01,1,1,10.00,1,15340.00
2024-11-06T15:33:00.000Z,2024-11-06T16:33:00.000Z,SELL,0.01,1,1,10.00,1,15350.00
2024-11-06T16:33:00.000Z,2024-11-07T03:20:00.000Z,SELL,0.01,3,1,10.00,3,15360.00
2024-11-07T03:20:00.000Z,2024-11-07T15:03:00.000Z,SELL,0.01,2,1,10.00,2,15370.00
2024-11-07T15:03:00.000Z,2024-11-07T22:11:00.000Z,SELL,0.01,2,1,10.00,2,15380.00
2024-11-07T22:11:00.000Z,2024-11-11T03:17:00.000Z,BUY,0.01,2,1,10.00,2,15390.00
2024-11-11T03:17:00.000Z,2024-11-11T11:22:00.000Z,SELL,0.01,1,1,10.00,1,15400.00
2024-11-11T11:22:00.000Z,2024-11-11T15:00:00.000Z,SELL,0.01,1,1,10.00,1,15410.00
2024-11-11T15:00:00.000Z,2024-11-11T15:34:00.000Z,SELL,0.01,1,1,10.00,1,15420.00
2024-11-11T15:34:00.000Z,2024-11-11T16:00:00.000Z,SELL,0.01,1,1,10.00,1,15430.00
2024-11-11T16:00:00.000Z,2024-11-11T16:34:00.000Z,SELL,0.01,1,1,10.00,1,15440.00
2024-11-11T16:34:00.000Z,2024-11-11T18:06:00.000Z,SELL,0.01,1,1,10.00,1,15450.00
2024-11-11T18:06:00.000Z,2024-11-12T09:24:00.000Z,SELL,0.01,1,1,10.00,1,15460.00
2024-11-12T09:24:00.000Z,2024-11-12T11:08:00.000Z,SELL,0.01,1,1,10.00,1,15470.00
2024-11-12T11:08:00.000Z,2024-11-13T19:11:00.000Z,SELL,0.01,5,1,10.00,5,15480.00
2024-11-13T19:11:00.000Z,2024-11-14T01:00:00.000Z,SELL,0.01,1,1,10.00,1,15490.00
2024-11-14T01:00:00.000Z,2024-11-14T03:58:00.000Z,SELL,0.01,1,1,10.00,1,15500.00
2024-11-14T03:58:00.000Z,2024-11-14T09:13:00.000Z,SELL,0.01,1,1,10.00,1,15510.00
2024-11-14T09:13:00.000Z,2024-11-14T11:36:00.000Z,SELL,0.01,1,1,10.00,1,15520.00
2024-11-14T11:36:00.000Z,2024-11-14T17:26:00.000Z,SELL,0.01,2,1,10.00,2,15530.00
2024-11-14T17:26:00.000Z,2024-11-15T07:57:00.000Z,SELL,0.01,1,1,10.00,1,15540.00
2024-11-15T07:57:00.000Z,2024-11-18T03:25:00.000Z,SELL,0.01,2,1,10.00,2,15550.00
2024-11-18T03:25:00.000Z,2024-11-18T15:34:00.000Z,BUY,0.01,1,1,10.00,1,15560.00
2024-11-18T15:34:00.000Z,2024-11-18T17:28:00.000Z,BUY,0.01,1,1,10.00,1,15570.00
2024-11-18T17:28:00.000Z,2024-11-19T04:38:00.000Z,BUY,0.01,1,1,10.00,1,15580.00
2024-11-19T04:38:00.000Z,2024-11-19T11:33:00.000Z,BUY,0.01,1,1,10.00,1,15590.00
2024-11-19T11:33:00.000Z,2024-11-20T16:35:00.000Z,BUY,0.01,1,1,10.00,1,15600.00
2024-11-20T16:35:00.000Z,2024-11-20T19:06:00.000Z,BUY,0.01,1,1,10.00,1,15610.00
2024-11-20T19:06:00.000Z,2024-11-21T09:28:00.000Z,BUY,0.01,1,1,10.00,1,15620.00
2024-11-21T09:28:00.000Z,2024-11-21T13:23:00.000Z,BUY,0.01,1,1,10.00,1,15630.00
2024-11-21T13:23:00.000Z,2024-11-22T04:36:00.000Z,BUY,0.01,1,1,10.00,1,15640.00
2024-11-22T04:36:00.000Z,2024-11-22T09:30:00.000Z,BUY,0.01,1,1,10.00,1,15650.00
2024-11-22T09:30:00.000Z,2024-11-22T11:38:00.000Z,BUY,0.01,1,1,10.00,1,15660.00
2024-11-22T11:38:00.000Z,2024-11-22T23:53:00.000Z,BUY,0.01,1,1,10.00,1,15670.00
2024-11-22T23:53:00.000Z,2024-11-25T05:26:00.000Z,BUY,0.01,4,1,10.00,4,15680.00
2024-11-25T05:26:00.000Z,2024-11-25T16:15:00.000Z,BUY,0.01,4,1,10.00,4,15690.00
2024-11-25T16:15:00.000Z,2024-11-25T16:21:00.000Z,SELL,0.01,1,1,10.00,1,15700.00
2024-11-25T16:21:00.000Z,2024-11-25T16:45:00.000Z,SELL,0.01,1,1,10.00,1,15710.00
2024-11-25T16:45:00.000Z,2024-11-25T20:10:00.000Z,SELL,0.01,1,1,10.00,1,15720.00
2024-11-25T20:10:00.000Z,2024-11-26T01:42:00.000Z,SELL,0.01,1,1,10.00,1,15730.00
2024-11-26T01:42:00.000Z,2024-11-27T07:33:00.000Z,SELL,0.01,2,1,10.00,2,15740.00
2024-11-27T07:33:00.000Z,2024-11-27T10:59:00.000Z,BUY,0.01,1,1,10.00,1,15750.00
2024-11-27T10:59:00.000Z,2024-11-28T03:19:00.000Z,BUY,0.01,2,1,10.00,2,15760.00
2024-11-28T03:19:00.000Z,2024-11-29T04:12:00.000Z,SELL,0.01,2,1,10.00,2,15770.00
2024-11-29T04:12:00.000Z,2024-11-29T06:41:00.000Z,BUY,0.01,1,1,10.00,1,15780.00
2024-11-29T06:41:00.000Z,2024-12-02T02:43:00.000Z,BUY,0.01,2,1,10.00,2,15790.00
2024-12-02T02:43:00.000Z,2024-12-02T13:35:00.000Z,BUY,0.01,1,1,10.00,1,15800.00
2024-12-02T13:35:00.000Z,2024-12-02T20:23:00.000Z,SELL,0.01,1,1,10.00,1,15810.00
2024-12-02T20:23:00.000Z,2024-12-05T20:27:00.000Z,SELL,0.01,5,1,10.00,5,15820.00
2024-12-05T20:27:00.000Z,2024-12-06T03:10:00.000Z,SELL,0.01,1,1,10.00,1,15830.00
2024-12-06T03:10:00.000Z,2024-12-06T06:27:00.000Z,SELL,0.01,2,1,10.00,2,15840.00
2024-12-06T06:27:00.000Z,2024-12-06T13:01:00.000Z,SELL,0.01,1,1,10.00,1,15850.00
2024-12-06T13:01:00.000Z,2024-12-09T15:48:00.000Z,SELL,0.01,2,1,10.00,2,15860.00
2024-12-09T15:48:00.000Z,2024-12-09T16:47:00.000Z,BUY,0.01,1,1,10.00,1,15870.00
2024-12-09T16:47:00.000Z,2024-12-10T16:19:00.000Z,BUY,0.01,1,1,10.00,1,15880.00
2024-12-10T16:19:00.000Z,2024-12-10T19:15:00.000Z,BUY,0.01,1,1,10.00,1,15890.00
2024-12-10T19:15:00.000Z,2024-12-11T04:31:00.000Z,BUY,0.01,1,1,10.00,1,15900.00
2024-12-11T04:31:00.000Z,2024-12-11T17:37:00.000Z,BUY,0.01,3,1,10.00,3,15910.00
2024-12-11T17:37:00.000Z,2024-12-12T03:00:00.000Z,BUY,0.01,1,1,10.00,1,15920.00
2024-12-12T03:00:00.000Z,2024-12-12T16:10:00.000Z,BUY,0.01,2,1,10.00,2,15930.00
2024-12-12T16:10:00.000Z,2024-12-12T16:26:00.000Z,SELL,0.01,1,1,10.00,1,15940.00
2024-12-12T16:26:00.000Z,2024-12-13T11:02:00.000Z,SELL,0.01,1,1,10.00,1,15950.00
2024-12-13T11:02:00.000Z,2024-12-13T14:00:00.000Z,SELL,0.01,1,1,10.00,1,15960.00
2024-12-13T14:00:00.000Z,2024-12-13T20:41:00.000Z,SELL,0.01,1,1,10.00,1,15970.00
2024-12-13T20:41:00.000Z,2024-12-17T10:57:00.000Z,SELL,0.01,1,1,10.00,1,15980.00
2024-12-17T10:57:00.000Z,2024-12-17T16:13:00.000Z,SELL,0.01,1,1,10.00,1,15990.00
2024-12-17T16:13:00.000Z,2024-12-18T21:05:00.000Z,SELL,0.01,1,1,10.00,1,16000.00
2024-12-18T21:05:00.000Z,2024-12-18T21:47:00.000Z,SELL,0.01,1,1,10.00,1,16010.00
2024-12-18T21:47:00.000Z,2024-12-18T22:20:00.000Z,SELL,0.01,1,1,10.00,1,16020.00
2024-12-18T22:20:00.000Z,2024-12-18T22:33:00.000Z,SELL,0.01,1,1,10.00,1,16030.00
2024-12-18T22:33:00.000Z,2024-12-19T09:27:00.000Z,SELL,0.01,2,1,10.00,2,16040.00
2024-12-19T09:27:00.000Z,2024-12-19T14:39:00.000Z,SELL,0.01,1,1,10.00,1,16050.00
2024-12-19T14:39:00.000Z,2024-12-19T15:18:00.000Z,SELL,0.01,1,1,10.00,1,16060.00
2024-12-19T15:18:00.000Z,2024-12-19T17:00:00.000Z,SELL,0.01,1,1,10.00,1,16070.00
2024-12-19T17:00:00.000Z,2024-12-20T17:11:00.000Z,SELL,0.01,2,1,10.00,2,16080.00
2024-12-20T17:11:00.000Z,2024-12-20T18:00:00.000Z,BUY,0.01,1,1,10.00,1,16090.00
2024-12-20T18:00:00.000Z,2024-12-30T17:10:00.000Z,BUY,0.01,4,1,10.00,4,16100.00
2024-12-30T17:10:00.000Z,2025-01-02T03:18:00.000Z,SELL,0.01,2,1,10.00,2,16110.00
2025-01-02T03:18:00.000Z,2025-01-02T12:19:00.000Z,BUY,0.01,1,1,10.00,1,16120.00
2025-01-02T12:19:00.000Z,2025-01-02T17:34:00.000Z,BUY,0.01,1,1,10.00,1,16130.00
2025-01-02T17:34:00.000Z,2025-01-03T03:00:00.000Z,BUY,0.01,1,1,10.00,1,16140.00
2025-01-03T03:00:00.000Z,2025-01-06T07:33:00.000Z,BUY,0.01,2,1,10.00,2,16150.00
2025-01-06T07:33:00.000Z,2025-01-06T15:47:00.000Z,SELL,0.01,1,1,10.00,1,16160.00
2025-01-06T15:47:00.000Z,2025-01-07T14:52:00.000Z,SELL,0.01,2,1,10.00,2,16170.00
2025-01-07T14:52:00.000Z,2025-01-07T15:47:00.000Z,BUY,0.01,1,1,10.00,1,16180.00
2025-01-07T15:47:00.000Z,2025-01-09T13:49:00.000Z,BUY,0.01,3,1,10.00,3,16190.00
2025-01-09T13:49:00.000Z,2025-01-10T13:35:00.000Z,BUY,0.01,1,1,10.00,1,16200.00
2025-01-10T13:35:00.000Z,2025-01-10T16:34:00.000Z,BUY,0.01,1,1,10.00,1,16210.00
2025-01-10T16:34:00.000Z,2025-01-13T17:57:00.000Z,BUY,0.01,2,1,10.00,2,16220.00
2025-01-13T17:57:00.000Z,2025-01-15T15:31:00.000Z,SELL,0.01,2,1,10.00,2,16230.00
2025-01-15T15:31:00.000Z,2025-01-16T11:20:00.000Z,BUY,0.01,1,1,10.00,1,16240.00
2025-01-16T11:20:00.000Z,2025-01-16T15:30:00.000Z,BUY,0.01,1,1,10.00,1,16250.00
2025-01-16T15:30:00.000Z,2025-01-16T19:36:00.000Z,BUY,0.01,1,1,10.00,1,16260.00
2025-01-16T19:36:00.000Z,2025-01-20T01:23:00.000Z,BUY,0.01,2,1,10.00,2,16270.00
2025-01-20T01:23:00.000Z,2025-01-21T04:38:00.000Z,SELL,0.01,2,1,10.00,2,16280.00
2025-01-21T04:38:00.000Z,2025-01-21T16:44:00.000Z,BUY,0.01,1,1,10.00,1,16290.00
2025-01-21T16:44:00.000Z,2025-01-21T18:20:00.000Z,BUY,0.01,1,1,10.00,1,16300.00
2025-01-21T18:20:00.000Z,2025-01-22T07:36:00.000Z,BUY,0.01,1,1,10.00,1,16310.00
2025-01-22T07:36:00.000Z,2025-01-24T04:00:00.000Z,BUY,0.01,1,1,10.00,1,16320.00
2025-01-24T04:00:00.000Z,2025-01-24T04:56:00.000Z,BUY,0.01,1,1,10.00,1,16330.00
2025-01-24T04:56:00.000Z,2025-01-24T17:25:00.000Z,BUY,0.01,1,1,10.00,1,16340.00
2025-01-24T17:25:00.000Z,2025-01-27T04:21:00.000Z,BUY,0.01,2,1,10.00,2,16350.00
2025-01-27T04:21:00.000Z,2025-01-27T16:32:00.000Z,SELL,0.01,1,1,10.00,1,16360.00
2025-01-27T16:32:00.000Z,2025-01-27T18:51:00.000Z,SELL,0.01,1,1,10.00,1,16370.00
2025-01-27T18:51:00.000Z,2025-01-28T21:32:00.000Z,SELL,0.01,2,1,10.00,2,16380.00
2025-01-28T21:32:00.000Z,2025-01-30T10:53:00.000Z,BUY,0.01,3,1,10.00,3,16390.00
2025-01-30T10:53:00.000Z,2025-01-30T15:57:00.000Z,BUY,0.01,1,1,10.00,1,16400.00
2025-01-30T15:57:00.000Z,2025-01-30T17:52:00.000Z,BUY,0.01,1,1,10.00,1,16410.00
2025-01-30T17:52:00.000Z,2025-01-31T14:20:00.000Z,BUY,0.01,1,1,10.00,1,16420.00
2025-01-31T14:20:00.000Z,2025-01-31T17:12:00.000Z,BUY,0.01,1,1,10.00,1,16430.00
2025-01-31T17:12:00.000Z,2025-02-03T01:33:00.000Z,BUY,0.01,2,1,10.00,2,16440.00
2025-02-03T01:33:00.000Z,2025-02-03T02:06:00.000Z,BUY,0.01,1,1,10.00,1,16450.00
2025-02-03T02:06:00.000Z,2025-02-03T14:38:00.000Z,BUY,0.01,3,1,10.00,3,16460.00
2025-02-03T14:38:00.000Z,2025-02-03T16:35:00.000Z,BUY,0.01,1,1,10.00,1,16470.00
2025-02-03T16:35:00.000Z,2025-02-03T16:50:00.000Z,BUY,0.01,1,1,10.00,1,16480.00
2025-02-03T16:50:00.000Z,2025-02-04T16:29:00.000Z,BUY,0.01,1,1,10.00,1,16490.00
2025-02-04T16:29:00.000Z,2025-02-05T02:34:00.000Z,BUY,0.01,1,1,10.00,1,16500.00
2025-02-05T02:34:00.000Z,2025-02-05T06:14:00.000Z,BUY,0.01,1,1,10.00,1,16510.00
2025-02-05T06:14:00.000Z,2025-02-05T10:42:00.000Z,BUY,0.01,1,1,10.00,1,16520.00
2025-02-05T10:42:00.000Z,2025-02-05T17:45:00.000Z,BUY,0.01,1,1,10.00,1,16530.00
2025-02-05T17:45:00.000Z,2025-02-06T16:50:00.000Z,BUY,0.01,2,1,10.00,2,16540.00
2025-02-06T16:50:00.000Z,2025-02-06T17:00:00.000Z,SELL,0.01,1,1,10.00,1,16550.00
2025-02-06T17:00:00.000Z,2025-02-07T03:55:00.000Z,SELL,0.01,2,1,10.00,2,16560.00
2025-02-07T03:55:00.000Z,2025-02-07T15:32:00.000Z,SELL,0.01,1,1,10.00,1,16570.00
2025-02-07T15:32:00.000Z,2025-02-07T15:39:00.000Z,BUY,0.01,1,1,10.00,1,16580.00
2025-02-07T15:39:00.000Z,2025-02-07T16:41:00.000Z,BUY,0.01,1,1,10.00,1,16590.00
2025-02-07T16:41:00.000Z,2025-02-10T08:46:00.000Z,BUY,0.01,3,1,10.00,3,16600.00
2025-02-10T08:46:00.000Z,2025-02-10T10:44:00.000Z,BUY,0.01,1,1,10.00,1,16610.00
2025-02-10T10:44:00.000Z,2025-02-10T15:19:00.000Z,BUY,0.01,1,1,10.00,1,16620.00
2025-02-10T15:19:00.000Z,2025-02-11T01:40:00.000Z,BUY,0.01,1,1,10.00,1,16630.00
2025-02-11T01:40:00.000Z,2025-02-11T03:11:00.000Z,BUY,0.01,1,1,10.00,1,16640.00
2025-02-11T03:11:00.000Z,2025-02-11T04:12:00.000Z,BUY,0.01,1,1,10.00,1,16650.00
2025-02-11T04:12:00.000Z,2025-02-11T04:40:00.000Z,BUY,0.01,2,1,10.00,2,16660.00
2025-02-11T04:40:00.000Z,2025-02-11T04:52:00.000Z,BUY,0.01,1,1,10.00,1,16670.00
2025-02-11T04:52:00.000Z,2025-02-11T14:56:00.000Z,BUY,0.01,2,1,10.00,2,16680.00
2025-02-11T14:56:00.000Z,2025-02-11T16:06:00.000Z,BUY,0.01,1,1,10.00,1,16690.00
2025-02-11T16:06:00.000Z,2025-02-12T02:52:00.000Z,SELL,0.01,1,1,10.00,1,16700.00
2025-02-12T02:52:00.000Z,2025-02-12T12:43:00.000Z,SELL,0.01,1,1,10.00,1,16710.00
2025-02-12T12:43:00.000Z,2025-02-12T15:30:00.000Z,SELL,0.01,1,1,10.00,1,16720.00
2025-02-12T15:30:00.000Z,2025-02-12T18:52:00.000Z,SELL,0.01,2,1,10.00,2,16730.00
2025-02-12T18:52:00.000Z,2025-02-13T23:39:00.000Z,SELL,0.01,2,1,10.00,2,16740.00
2025-02-13T23:39:00.000Z,2025-02-14T12:26:00.000Z,BUY,0.01,1,1,10.00,1,16750.00
2025-02-14T12:26:00.000Z,2025-02-14T17:18:00.000Z,BUY,0.01,2,1,10.00,2,16760.00
2025-02-14T17:18:00.000Z,2025-02-14T21:51:00.000Z,BUY,0.01,2,1,10.00,2,16770.00
2025-02-14T21:51:00.000Z,2025-02-18T05:22:00.000Z,SELL,0.01,2,1,10.00,2,16780.00
2025-02-18T05:22:00.000Z,2025-02-19T10:33:00.000Z,SELL,0.01,2,1,10.00,2,16790.00
2025-02-19T10:33:00.000Z,2025-02-20T09:32:00.000Z,BUY,0.01,3,1,10.00,3,16800.00
2025-02-20T09:32:00.000Z,2025-02-21T10:21:00.000Z,BUY,0.01,2,1,10.00,2,16810.00
2025-02-21T10:21:00.000Z,2025-02-24T14:02:00.000Z,SELL,0.01,2,1,10.00,2,16820.00
2025-02-24T14:02:00.000Z,2025-02-25T17:20:00.000Z,BUY,0.01,2,1,10.00,2,16830.00
2025-02-25T17:20:00.000Z,2025-02-25T17:30:00.000Z,SELL,0.01,1,1,10.00,1,16840.00
2025-02-25T17:30:00.000Z,2025-02-25T18:07:00.000Z,SELL,0.01,1,1,10.00,1,16850.00
2025-02-25T18:07:00.000Z,2025-02-25T18:08:00.000Z,SELL,0.01,1,1,10.00,1,16860.00
2025-02-25T18:08:00.000Z,2025-02-26T02:00:00.000Z,SELL,0.01,2,1,10.00,2,16870.00
2025-02-26T02:00:00.000Z,2025-02-26T08:13:00.000Z,SELL,0.01,1,1,10.00,1,16880.00
2025-02-26T08:13:00.000Z,2025-02-26T16:08:00.000Z,SELL,0.01,1,1,10.00,1,16890.00
2025-02-26T16:08:00.000Z,2025-02-27T09:44:00.000Z,SELL,0.01,3,1,10.00,3,16900.00
2025-02-27T09:44:00.000Z,2025-02-27T11:08:00.000Z,SELL,0.01,1,1,10.00,1,16910.00
2025-02-27T11:08:00.000Z,2025-02-27T16:51:00.000Z,SELL,0.01,1,1,10.00,1,16920.00
2025-02-27T16:51:00.000Z,2025-02-28T06:20:00.000Z,SELL,0.01,3,1,10.00,3,16930.00
2025-02-28T06:20:00.000Z,2025-02-28T16:01:00.000Z,SELL,0.01,1,1,10.00,1,16940.00
2025-02-28T16:01:00.000Z,2025-02-28T16:45:00.000Z,SELL,0.01,1,1,10.00,1,16950.00
2025-02-28T16:45:00.000Z,2025-03-03T01:01:00.000Z,SELL,0.01,2,1,10.00,2,16960.00
2025-03-03T01:01:00.000Z,2025-03-04T09:27:00.000Z,SELL,0.01,2,1,10.00,2,16970.00
2025-03-04T09:27:00.000Z,2025-03-04T10:18:00.000Z,BUY,0.01,1,1,10.00,1,16980.00
2025-03-04T10:18:00.000Z,2025-03-04T10:39:00.000Z,BUY,0.01,1,1,10.00,1,16990.00
2025-03-04T10:39:00.000Z,2025-03-05T18:20:00.000Z,BUY,0.01,3,1,10.00,3,17000.00
2025-03-05T18:20:00.000Z,2025-03-06T11:36:00.000Z,BUY,0.01,2,1,10.00,2,17010.00
2025-03-06T11:36:00.000Z,2025-03-07T16:56:00.000Z,SELL,0.01,4,1,10.00,4,17020.00
2025-03-07T16:56:00.000Z,2025-03-10T10:59:00.000Z,BUY,0.01,2,1,10.00,2,17030.00
2025-03-10T10:59:00.000Z,2025-03-10T19:39:00.000Z,SELL,0.01,1,1,10.00,1,17040.00
2025-03-10T19:39:00.000Z,2025-03-11T15:37:00.000Z,SELL,0.01,2,1,10.00,2,17050.00
2025-03-11T15:37:00.000Z,2025-03-12T17:14:00.000Z,BUY,0.01,1,1,10.00,1,17060.00
2025-03-12T17:14:00.000Z,2025-03-12T18:28:00.000Z,BUY,0.01,1,1,10.00,1,17070.00
2025-03-12T18:28:00.000Z,2025-03-13T11:47:00.000Z,BUY,0.01,1,1,10.00,1,17080.00
2025-03-13T11:47:00.000Z,2025-03-13T16:40:00.000Z,BUY,0.01,1,1,10.00,1,17090.00
2025-03-13T16:40:00.000Z,2025-03-13T16:49:00.000Z,BUY,0.01,1,1,10.00,1,17100.00
2025-03-13T16:49:00.000Z,2025-03-13T18:09:00.000Z,BUY,0.01,1,1,10.00,1,17110.00
2025-03-13T18:09:00.000Z,2025-03-14T00:00:00.000Z,BUY,0.01,1,1,10.00,1,17120.00
2025-03-14T00:00:00.000Z,2025-03-14T12:10:00.000Z,BUY,0.01,1,1,10.00,1,17130.00
2025-03-14T12:10:00.000Z,2025-03-18T04:47:00.000Z,BUY,0.01,3,1,10.00,3,17140.00
2025-03-18T04:47:00.000Z,2025-03-18T10:17:00.000Z,BUY,0.01,1,1,10.00,1,17150.00
2025-03-18T10:17:00.000Z,2025-03-18T14:08:00.000Z,BUY,0.01,1,1,10.00,1,17160.00
2025-03-18T14:08:00.000Z,2025-03-19T07:35:00.000Z,BUY,0.01,1,1,10.00,1,17170.00
2025-03-19T07:35:00.000Z,2025-03-19T21:10:00.000Z,BUY,0.01,1,1,10.00,1,17180.00
2025-03-19T21:10:00.000Z,2025-03-21T15:38:00.000Z,BUY,0.01,2,1,10.00,2,17190.00
2025-03-21T15:38:00.000Z,2025-03-21T15:50:00.000Z,SELL,0.01,1,1,10.00,1,17200.00
2025-03-21T15:50:00.000Z,2025-03-21T16:09:00.000Z,SELL,0.01,1,1,10.00,1,17210.00
2025-03-21T16:09:00.000Z,2025-03-24T11:05:00.000Z,SELL,0.01,2,1,10.00,2,17220.00
2025-03-24T11:05:00.000Z,2025-03-24T15:45:00.000Z,SELL,0.01,1,1,10.00,1,17230.00
2025-03-24T15:45:00.000Z,2025-03-25T15:42:00.000Z,BUY,0.01,1,1,10.00,1,17240.00
2025-03-25T15:42:00.000Z,2025-03-27T11:56:00.000Z,BUY,0.01,1,1,10.00,1,17250.00
2025-03-27T11:56:00.000Z,2025-03-27T12:19:00.000Z,BUY,0.01,1,1,10.00,1,17260.00
2025-03-27T12:19:00.000Z,2025-03-28T02:10:00.000Z,BUY,0.01,1,1,10.00,1,17270.00
2025-03-28T02:10:00.000Z,2025-03-28T03:48:00.000Z,BUY,0.01,1,1,10.00,1,17280.00
2025-03-28T03:48:00.000Z,2025-03-28T07:56:00.000Z,BUY,0.01,1,1,10.00,1,17290.00
2025-03-28T07:56:00.000Z,2025-03-31T01:02:00.000Z,BUY,0.01,1,1,10.00,1,17300.00
2025-03-31T01:02:00.000Z,2025-03-31T05:22:00.000Z,BUY,0.01,1,1,10.00,1,17310.00
2025-03-31T05:22:00.000Z,2025-03-31T07:39:00.000Z,BUY,0.01,1,1,10.00,1,17320.00
2025-03-31T07:39:00.000Z,2025-03-31T09:12:00.000Z,BUY,0.01,1,1,10.00,1,17330.00
2025-03-31T09:12:00.000Z,2025-04-01T04:01:00.000Z,BUY,0.01,3,1,10.00,3,17340.00
2025-04-01T04:01:00.000Z,2025-04-01T05:27:00.000Z,BUY,0.01,1,1,10.00,1,17350.00
2025-04-01T05:27:00.000Z,2025-04-01T19:00:00.000Z,BUY,0.01,2,1,10.00,2,17360.00
2025-04-01T19:00:00.000Z,2025-04-02T03:51:00.000Z,BUY,0.01,1,1,10.00,1,17370.00
2025-04-02T03:51:00.000Z,2025-04-02T08:29:00.000Z,SELL,0.01,1,1,10.00,1,17380.00
2025-04-02T08:29:00.000Z,2025-04-02T23:28:00.000Z,SELL,0.01,5,0,-2420.00,5,14960.00
2025-04-02T23:28:00.000Z,2025-04-03T01:10:00.000Z,BUY,0.01,1,1,10.00,1,14970.00
2025-04-03T01:10:00.000Z,2025-04-03T02:09:00.000Z,BUY,0.01,1,1,10.00,1,14980.00
2025-04-03T02:09:00.000Z,2025-04-03T02:46:00.000Z,BUY,0.01,1,1,10.00,1,14990.00
2025-04-03T02:46:00.000Z,2025-04-03T08:16:00.000Z,BUY,0.01,2,1,10.00,2,15000.00
2025-04-03T08:16:00.000Z,2025-04-03T13:33:00.000Z,BUY,0.01,2,1,10.00,2,15010.00
2025-04-03T13:33:00.000Z,2025-04-03T13:58:00.000Z,SELL,0.01,1,1,10.00,1,15020.00
2025-04-03T13:58:00.000Z,2025-04-03T15:24:00.000Z,SELL,0.01,1,1,10.00,1,15030.00
2025-04-03T15:24:00.000Z,2025-04-03T15:32:00.000Z,SELL,0.01,1,1,10.00,1,15040.00
2025-04-03T15:32:00.000Z,2025-04-03T15:40:00.000Z,SELL,0.01,1,1,10.00,1,15050.00
2025-04-03T15:40:00.000Z,2025-04-03T16:45:00.000Z,SELL,0.01,2,1,10.00,2,15060.00
2025-04-03T16:45:00.000Z,2025-04-03T17:25:00.000Z,SELL,0.01,2,1,10.00,2,15070.00
2025-04-03T17:25:00.000Z,2025-04-03T18:14:00.000Z,SELL,0.01,1,1,10.00,1,15080.00
2025-04-03T18:14:00.000Z,2025-04-03T19:23:00.000Z,SELL,0.01,1,1,10.00,1,15090.00
2025-04-03T19:23:00.000Z,2025-04-04T05:39:00.000Z,SELL,0.01,1,1,10.00,1,15100.00
2025-04-04T05:39:00.000Z,2025-04-04T11:33:00.000Z,SELL,0.01,1,1,10.00,1,15110.00
2025-04-04T11:33:00.000Z,2025-04-04T13:33:00.000Z,SELL,0.01,2,1,10.00,2,15120.00
2025-04-04T13:33:00.000Z,2025-04-04T14:45:00.000Z,SELL,0.01,3,1,10.00,3,15130.00
2025-04-04T14:45:00.000Z,2025-04-04T15:30:00.000Z,SELL,0.01,1,1,10.00,1,15140.00
2025-04-04T15:30:00.000Z,2025-04-04T15:39:00.000Z,SELL,0.01,1,1,10.00,1,15150.00
2025-04-04T15:39:00.000Z,2025-04-04T15:54:00.000Z,SELL,0.01,1,1,10.00,1,15160.00
2025-04-04T15:54:00.000Z,2025-04-04T16:36:00.000Z,SELL,0.01,1,1,10.00,1,15170.00
2025-04-04T16:36:00.000Z,2025-04-04T17:06:00.000Z,SELL,0.01,1,1,10.00,1,15180.00
2025-04-04T17:06:00.000Z,2025-04-04T17:45:00.000Z,SELL,0.01,1,1,10.00,1,15190.00
2025-04-04T17:45:00.000Z,2025-04-04T17:50:00.000Z,SELL,0.01,1,1,10.00,1,15200.00
2025-04-04T17:50:00.000Z,2025-04-04T18:37:00.000Z,SELL,0.01,3,1,10.00,3,15210.00
2025-04-04T18:37:00.000Z,2025-04-07T01:00:00.000Z,SELL,0.01,3,1,10.00,3,15220.00
2025-04-07T01:00:00.000Z,2025-04-07T01:06:00.000Z,SELL,0.01,3,1,10.00,3,15230.00
2025-04-07T01:06:00.000Z,2025-04-07T01:06:00.000Z,SELL,0.01,1,1,10.00,1,15240.00
2025-04-07T01:06:00.000Z,2025-04-07T01:06:00.000Z,SELL,0.01,1,1,10.00,1,15250.00
2025-04-07T01:06:00.000Z,2025-04-07T01:07:00.000Z,SELL,0.01,2,1,10.00,2,15260.00
2025-04-07T01:07:00.000Z,2025-04-07T01:07:00.000Z,SELL,0.01,1,1,10.00,1,15270.00
2025-04-07T01:07:00.000Z,2025-04-07T01:13:00.000Z,SELL,0.01,2,1,10.00,2,15280.00
2025-04-07T01:13:00.000Z,2025-04-07T01:21:00.000Z,SELL,0.01,1,1,10.00,1,15290.00
2025-04-07T01:21:00.000Z,2025-04-07T01:22:00.000Z,SELL,0.01,1,1,10.00,1,15300.00
2025-04-07T01:22:00.000Z,2025-04-07T02:20:00.000Z,SELL,0.01,1,1,10.00,1,15310.00
2025-04-07T02:20:00.000Z,2025-04-07T02:27:00.000Z,SELL,0.01,1,1,10.00,1,15320.00
2025-04-07T02:27:00.000Z,2025-04-07T02:38:00.000Z,SELL,0.01,1,1,10.00,1,15330.00
2025-04-07T02:38:00.000Z,2025-04-07T03:00:00.000Z,SELL,0.01,2,1,10.00,2,15340.00
2025-04-07T03:00:00.000Z,2025-04-07T03:06:00.000Z,SELL,0.01,1,1,10.00,1,15350.00
2025-04-07T03:06:00.000Z,2025-04-07T03:09:00.000Z,SELL,0.01,1,1,10.00,1,15360.00
2025-04-07T03:09:00.000Z,2025-04-07T03:10:00.000Z,SELL,0.01,1,1,10.00,1,15370.00
2025-04-07T03:10:00.000Z,2025-04-07T04:12:00.000Z,SELL,0.01,2,1,10.00,2,15380.00
2025-04-07T04:12:00.000Z,2025-04-07T04:12:00.000Z,SELL,0.01,1,1,10.00,1,15390.00
2025-04-07T04:12:00.000Z,2025-04-07T04:32:00.000Z,SELL,0.01,2,1,10.00,2,15400.00
2025-04-07T04:32:00.000Z,2025-04-07T10:10:00.000Z,SELL,0.01,3,1,10.00,3,15410.00
2025-04-07T10:10:00.000Z,2025-04-07T14:36:00.000Z,SELL,0.01,2,1,10.00,2,15420.00
2025-04-07T14:36:00.000Z,2025-04-07T14:48:00.000Z,SELL,0.01,1,1,10.00,1,15430.00
2025-04-07T14:48:00.000Z,2025-04-07T15:14:00.000Z,SELL,0.01,1,1,10.00,1,15440.00
2025-04-07T15:14:00.000Z,2025-04-07T15:41:00.000Z,SELL,0.01,1,1,10.00,1,15450.00
2025-04-07T15:41:00.000Z,2025-04-07T16:36:00.000Z,SELL,0.01,1,1,10.00,1,15460.00
2025-04-07T16:36:00.000Z,2025-04-07T17:15:00.000Z,SELL,0.01,2,1,10.00,2,15470.00
2025-04-07T17:15:00.000Z,2025-04-07T17:22:00.000Z,SELL,0.01,1,1,10.00,1,15480.00
2025-04-07T17:22:00.000Z,2025-04-07T17:26:00.000Z,SELL,0.01,1,1,10.00,1,15490.00
2025-04-07T17:26:00.000Z,2025-04-07T17:36:00.000Z,SELL,0.01,1,1,10.00,1,15500.00
2025-04-07T17:36:00.000Z,2025-04-07T18:09:00.000Z,SELL,0.01,1,1,10.00,1,15510.00
2025-04-07T18:09:00.000Z,2025-04-07T18:34:00.000Z,SELL,0.01,1,1,10.00,1,15520.00
2025-04-07T18:34:00.000Z,2025-04-07T19:46:00.000Z,SELL,0.01,1,1,10.00,1,15530.00
2025-04-07T19:46:00.000Z,2025-04-07T20:09:00.000Z,SELL,0.01,1,1,10.00,1,15540.00
2025-04-07T20:09:00.000Z,2025-04-08T04:07:00.000Z,SELL,0.01,2,1,10.00,2,15550.00
2025-04-08T04:07:00.000Z,2025-04-08T20:01:00.000Z,SELL,0.01,3,1,10.00,3,15560.00
2025-04-08T20:01:00.000Z,2025-04-09T02:37:00.000Z,SELL,0.01,1,1,10.00,1,15570.00
2025-04-09T02:37:00.000Z,2025-04-09T04:44:00.000Z,SELL,0.01,2,1,10.00,2,15580.00
2025-04-09T04:44:00.000Z,2025-04-09T09:24:00.000Z,SELL,0.01,2,1,10.00,2,15590.00
2025-04-09T09:24:00.000Z,2025-04-09T10:04:00.000Z,BUY,0.01,1,1,10.00,1,15600.00
2025-04-09T10:04:00.000Z,2025-04-09T14:19:00.000Z,BUY,0.01,1,1,10.00,1,15610.00
2025-04-09T14:19:00.000Z,2025-04-09T14:22:00.000Z,BUY,0.01,1,1,10.00,1,15620.00
2025-04-09T14:22:00.000Z,2025-04-09T16:35:00.000Z,BUY,0.01,3,1,10.00,3,15630.00
2025-04-09T16:35:00.000Z,2025-04-09T17:23:00.000Z,BUY,0.01,1,1,10.00,1,15640.00
2025-04-09T17:23:00.000Z,2025-04-09T19:56:00.000Z,BUY,0.01,1,1,10.00,1,15650.00
2025-04-09T19:56:00.000Z,2025-04-09T20:29:00.000Z,BUY,0.01,2,1,10.00,2,15660.00
2025-04-09T20:29:00.000Z,2025-04-09T20:53:00.000Z,BUY,0.01,1,1,10.00,1,15670.00
2025-04-09T20:53:00.000Z,2025-04-09T22:08:00.000Z,BUY,0.01,3,1,10.00,3,15680.00
2025-04-09T22:08:00.000Z,2025-04-09T22:26:00.000Z,BUY,0.01,1,1,10.00,1,15690.00
2025-04-09T22:26:00.000Z,2025-04-10T05:09:00.000Z,BUY,0.01,3,1,10.00,3,15700.00
2025-04-10T05:09:00.000Z,2025-04-10T05:16:00.000Z,BUY,0.01,1,1,10.00,1,15710.00
2025-04-10T05:16:00.000Z,2025-04-10T06:13:00.000Z,BUY,0.01,1,1,10.00,1,15720.00
2025-04-10T06:13:00.000Z,2025-04-10T16:24:00.000Z,BUY,0.01,3,1,10.00,3,15730.00
2025-04-10T16:24:00.000Z,2025-04-10T17:20:00.000Z,BUY,0.01,1,1,10.00,1,15740.00
2025-04-10T17:20:00.000Z,2025-04-10T18:00:00.000Z,BUY,0.01,1,1,10.00,1,15750.00
2025-04-10T18:00:00.000Z,2025-04-10T18:25:00.000Z,BUY,0.01,1,1,10.00,1,15760.00
2025-04-10T18:25:00.000Z,2025-04-11T01:00:00.000Z,BUY,0.01,1,1,10.00,1,15770.00
2025-04-11T01:00:00.000Z,2025-04-11T01:33:00.000Z,BUY,0.01,1,1,10.00,1,15780.00
2025-04-11T01:33:00.000Z,2025-04-11T03:23:00.000Z,BUY,0.01,1,1,10.00,1,15790.00
2025-04-11T03:23:00.000Z,2025-04-11T03:38:00.000Z,BUY,0.01,1,1,10.00,1,15800.00
2025-04-11T03:38:00.000Z,2025-04-11T03:43:00.000Z,BUY,0.01,1,1,10.00,1,15810.00
2025-04-11T03:43:00.000Z,2025-04-11T08:45:00.000Z,BUY,0.01,2,1,10.00,2,15820.00
2025-04-11T08:45:00.000Z,2025-04-11T09:00:00.000Z,BUY,0.01,1,1,10.00,1,15830.00
2025-04-11T09:00:00.000Z,2025-04-11T09:42:00.000Z,BUY,0.01,1,1,10.00,1,15840.00
2025-04-11T09:42:00.000Z,2025-04-11T11:13:00.000Z,BUY,0.01,1,1,10.00,1,15850.00
2025-04-11T11:13:00.000Z,2025-04-11T12:50:00.000Z,BUY,0.01,1,1,10.00,1,15860.00
2025-04-11T12:50:00.000Z,2025-04-11T16:32:00.000Z,BUY,0.01,1,1,10.00,1,15870.00
2025-04-11T16:32:00.000Z,2025-04-14T13:23:00.000Z,BUY,0.01,4,1,10.00,4,15880.00
2025-04-14T13:23:00.000Z,2025-04-14T14:08:00.000Z,BUY,0.01,1,1,10.00,1,15890.00
2025-04-14T14:08:00.000Z,2025-04-15T07:00:00.000Z,BUY,0.01,3,1,10.00,3,15900.00
2025-04-15T07:00:00.000Z,2025-04-16T01:50:00.000Z,BUY,0.01,1,1,10.00,1,15910.00
2025-04-16T01:50:00.000Z,2025-04-16T02:58:00.000Z,BUY,0.01,1,1,10.00,1,15920.00
2025-04-16T02:58:00.000Z,2025-04-16T03:02:00.000Z,BUY,0.01,1,1,10.00,1,15930.00
2025-04-16T03:02:00.000Z,2025-04-16T04:03:00.000Z,BUY,0.01,1,1,10.00,1,15940.00
2025-04-16T04:03:00.000Z,2025-04-16T06:52:00.000Z,BUY,0.01,1,1,10.00,1,15950.00
2025-04-16T06:52:00.000Z,2025-04-16T08:34:00.000Z,BUY,0.01,1,1,10.00,1,15960.00
2025-04-16T08:34:00.000Z,2025-04-16T11:02:00.000Z,BUY,0.01,1,1,10.00,1,15970.00
2025-04-16T11:02:00.000Z,2025-04-16T11:15:00.000Z,BUY,0.01,1,1,10.00,1,15980.00
2025-04-16T11:15:00.000Z,2025-04-16T18:41:00.000Z,BUY,0.01,3,1,10.00,3,15990.00
2025-04-16T18:41:00.000Z,2025-04-16T19:24:00.000Z,BUY,0.01,1,1,10.00,1,16000.00
2025-04-16T19:24:00.000Z,2025-04-16T22:08:00.000Z,BUY,0.01,1,1,10.00,1,16010.00
2025-04-16T22:08:00.000Z,2025-04-17T01:05:00.000Z,BUY,0.01,1,1,10.00,1,16020.00
2025-04-17T01:05:00.000Z,2025-04-17T04:55:00.000Z,BUY,0.01,2,1,10.00,2,16030.00
2025-04-17T04:55:00.000Z,2025-04-17T05:09:00.000Z,BUY,0.01,1,1,10.00,1,16040.00
2025-04-17T05:09:00.000Z,2025-04-17T06:15:00.000Z,BUY,0.01,1,1,10.00,1,16050.00
2025-04-17T06:15:00.000Z,2025-04-17T16:56:00.000Z,BUY,0.01,2,1,10.00,2,16060.00
2025-04-17T16:56:00.000Z,2025-04-17T23:24:00.000Z,BUY,0.01,3,1,10.00,3,16070.00
2025-04-17T23:24:00.000Z,2025-04-21T01:20:00.000Z,SELL,0.01,2,1,10.00,2,16080.00
2025-04-21T01:20:00.000Z,2025-04-21T01:35:00.000Z,SELL,0.01,1,1,10.00,1,16090.00
2025-04-21T01:35:00.000Z,2025-04-21T04:00:00.000Z,SELL,0.01,2,1,10.00,2,16100.00
2025-04-21T04:00:00.000Z,2025-04-21T05:39:00.000Z,BUY,0.01,1,1,10.00,1,16110.00
2025-04-21T05:39:00.000Z,2025-04-21T10:01:00.000Z,BUY,0.01,1,1,10.00,1,16120.00
2025-04-21T10:01:00.000Z,2025-04-21T14:43:00.000Z,BUY,0.01,1,1,10.00,1,16130.00
2025-04-21T14:43:00.000Z,2025-04-21T15:56:00.000Z,BUY,0.01,1,1,10.00,1,16140.00
2025-04-21T15:56:00.000Z,2025-04-21T16:08:00.000Z,BUY,0.01,1,1,10.00,1,16150.00
2025-04-21T16:08:00.000Z,2025-04-22T01:20:00.000Z,BUY,0.01,1,1,10.00,1,16160.00
2025-04-22T01:20:00.000Z,2025-04-22T04:34:00.000Z,BUY,0.01,3,1,10.00,3,16170.00
2025-04-22T04:34:00.000Z,2025-04-22T04:45:00.000Z,BUY,0.01,1,1,10.00,1,16180.00
2025-04-22T04:45:00.000Z,2025-04-22T05:40:00.000Z,BUY,0.01,1,1,10.00,1,16190.00
2025-04-22T05:40:00.000Z,2025-04-22T05:57:00.000Z,BUY,0.01,1,1,10.00,1,16200.00
2025-04-22T05:57:00.000Z,2025-04-22T06:24:00.000Z,BUY,0.01,1,1,10.00,1,16210.00
2025-04-22T06:24:00.000Z,2025-04-22T09:14:00.000Z,BUY,0.01,1,1,10.00,1,16220.00
2025-04-22T09:14:00.000Z,2025-04-22T10:13:00.000Z,BUY,0.01,2,1,10.00,2,16230.00
2025-04-22T10:13:00.000Z,2025-04-22T10:38:00.000Z,BUY,0.01,1,1,10.00,1,16240.00
2025-04-22T10:38:00.000Z,2025-04-22T11:55:00.000Z,BUY,0.01,2,1,10.00,2,16250.00
2025-04-22T11:55:00.000Z,2025-04-22T12:11:00.000Z,BUY,0.01,1,1,10.00,1,16260.00
2025-04-22T12:11:00.000Z,2025-04-22T13:06:00.000Z,BUY,0.01,1,1,10.00,1,16270.00
2025-04-22T13:06:00.000Z,2025-04-22T15:46:00.000Z,BUY,0.01,2,1,10.00,2,16280.00
2025-04-22T15:46:00.000Z,2025-04-22T16:25:00.000Z,BUY,0.01,1,1,10.00,1,16290.00
2025-04-22T16:25:00.000Z,2025-04-22T16:40:00.000Z,BUY,0.01,2,1,10.00,2,16300.00
2025-04-22T16:40:00.000Z,2025-04-22T16:40:00.000Z,BUY,0.01,1,1,10.00,1,16310.00
2025-04-22T16:40:00.000Z,2025-04-22T17:33:00.000Z,BUY,0.01,1,1,10.00,1,16320.00
2025-04-22T17:33:00.000Z,2025-04-22T19:02:00.000Z,BUY,0.01,2,1,10.00,2,16330.00
2025-04-22T19:02:00.000Z,2025-04-22T19:03:00.000Z,BUY,0.01,1,1,10.00,1,16340.00
2025-04-22T19:03:00.000Z,2025-04-22T19:28:00.000Z,BUY,0.01,2,1,10.00,2,16350.00
2025-04-22T19:28:00.000Z,2025-04-22T20:11:00.000Z,BUY,0.01,1,1,10.00,1,16360.00
2025-04-22T20:11:00.000Z,2025-04-22T21:25:00.000Z,SELL,0.01,1,1,10.00,1,16370.00
2025-04-22T21:25:00.000Z,2025-04-22T21:51:00.000Z,SELL,0.01,1,1,10.00,1,16380.00
2025-04-22T21:51:00.000Z,2025-04-23T01:00:00.000Z,SELL,0.01,1,1,10.00,1,16390.00
2025-04-23T01:00:00.000Z,2025-04-23T01:00:00.000Z,SELL,0.01,1,1,10.00,1,16400.00
2025-04-23T01:00:00.000Z,2025-04-23T01:00:00.000Z,SELL,0.01,1,1,10.00,1,16410.00
2025-04-23T01:00:00.000Z,2025-04-23T01:00:00.000Z,SELL,0.01,1,1,10.00,1,16420.00
2025-04-23T01:00:00.000Z,2025-04-23T01:00:00.000Z,SELL,0.01,1,1,10.00,1,16430.00
2025-04-23T01:00:00.000Z,2025-04-23T01:00:00.000Z,SELL,0.01,1,1,10.00,1,16440.00
2025-04-23T01:00:00.000Z,2025-04-23T01:00:00.000Z,SELL,0.01,2,1,10.00,2,16450.00
2025-04-23T01:00:00.000Z,2025-04-23T01:00:00.000Z,SELL,0.01,1,1,10.00,1,16460.00
2025-04-23T01:00:00.000Z,2025-04-23T01:00:00.000Z,SELL,0.01,1,1,10.00,1,16470.00
2025-04-23T01:00:00.000Z,2025-04-23T03:32:00.000Z,SELL,0.01,4,1,10.00,4,16480.00
2025-04-23T03:32:00.000Z,2025-04-23T04:44:00.000Z,SELL,0.01,2,1,10.00,2,16490.00
2025-04-23T04:44:00.000Z,2025-04-23T05:08:00.000Z,SELL,0.01,1,1,10.00,1,16500.00
2025-04-23T05:08:00.000Z,2025-04-23T05:39:00.000Z,SELL,0.01,1,1,10.00,1,16510.00
2025-04-23T05:39:00.000Z,2025-04-23T05:56:00.000Z,SELL,0.01,1,1,10.00,1,16520.00
2025-04-23T05:56:00.000Z,2025-04-23T06:05:00.000Z,SELL,0.01,1,1,10.00,1,16530.00
2025-04-23T06:05:00.000Z,2025-04-23T06:12:00.000Z,SELL,0.01,1,1,10.00,1,16540.00
2025-04-23T06:12:00.000Z,2025-04-23T08:40:00.000Z,SELL,0.01,1,1,10.00,1,16550.00
2025-04-23T08:40:00.000Z,2025-04-23T09:02:00.000Z,SELL,0.01,1,1,10.00,1,16560.00
2025-04-23T09:02:00.000Z,2025-04-23T09:53:00.000Z,SELL,0.01,1,1,10.00,1,16570.00
2025-04-23T09:53:00.000Z,2025-04-23T09:55:00.000Z,SELL,0.01,1,1,10.00,1,16580.00
2025-04-23T09:55:00.000Z,2025-04-23T12:02:00.000Z,SELL,0.01,2,1,10.00,2,16590.00
2025-04-23T12:02:00.000Z,2025-04-23T15:57:00.000Z,SELL,0.01,1,1,10.00,1,16600.00
2025-04-23T15:57:00.000Z,2025-04-23T16:19:00.000Z,SELL,0.01,1,1,10.00,1,16610.00
2025-04-23T16:19:00.000Z,2025-04-23T16:38:00.000Z,SELL,0.01,1,1,10.00,1,16620.00
2025-04-23T16:38:00.000Z,2025-04-23T16:40:00.000Z,SELL,0.01,1,1,10.00,1,16630.00
2025-04-23T16:40:00.000Z,2025-04-23T16:58:00.000Z,SELL,0.01,1,1,10.00,1,16640.00
2025-04-23T16:58:00.000Z,2025-04-23T17:11:00.000Z,SELL,0.01,1,1,10.00,1,16650.00
2025-04-23T17:11:00.000Z,2025-04-23T17:46:00.000Z,SELL,0.01,2,1,10.00,2,16660.00
2025-04-23T17:46:00.000Z,2025-04-23T18:14:00.000Z,SELL,0.01,1,1,10.00,1,16670.00
2025-04-23T18:14:00.000Z,2025-04-23T18:22:00.000Z,SELL,0.01,1,1,10.00,1,16680.00
2025-04-23T18:22:00.000Z,2025-04-23T19:47:00.000Z,SELL,0.01,2,1,10.00,2,16690.00
2025-04-23T19:47:00.000Z,2025-04-23T20:13:00.000Z,SELL,0.01,1,1,10.00,1,16700.00
2025-04-23T20:13:00.000Z,2025-04-23T20:31:00.000Z,SELL,0.01,1,1,10.00,1,16710.00
2025-04-23T20:31:00.000Z,2025-04-24T01:07:00.000Z,SELL,0.01,2,1,10.00,2,16720.00
2025-04-24T01:07:00.000Z,2025-04-24T04:05:00.000Z,SELL,0.01,2,1,10.00,2,16730.00
2025-04-24T04:05:00.000Z,2025-04-24T06:22:00.000Z,SELL,0.01,3,1,10.00,3,16740.00
2025-04-24T06:22:00.000Z,2025-04-24T09:00:00.000Z,SELL,0.01,1,1,10.00,1,16750.00
2025-04-24T09:00:00.000Z,2025-04-24T10:02:00.000Z,BUY,0.01,1,1,10.00,1,16760.00
2025-04-24T10:02:00.000Z,2025-04-24T11:50:00.000Z,BUY,0.01,1,1,10.00,1,16770.00
2025-04-24T11:50:00.000Z,2025-04-24T17:05:00.000Z,BUY,0.01,2,1,10.00,2,16780.00
2025-04-24T17:05:00.000Z,2025-04-24T17:31:00.000Z,BUY,0.01,1,1,10.00,1,16790.00
2025-04-24T17:31:00.000Z,2025-04-24T19:02:00.000Z,BUY,0.01,1,1,10.00,1,16800.00
2025-04-24T19:02:00.000Z,2025-04-24T22:43:00.000Z,BUY,0.01,1,1,10.00,1,16810.00
2025-04-24T22:43:00.000Z,2025-04-25T01:00:00.000Z,BUY,0.01,1,1,10.00,1,16820.00
2025-04-25T01:00:00.000Z,2025-04-25T01:28:00.000Z,BUY,0.01,1,1,10.00,1,16830.00
2025-04-25T01:28:00.000Z,2025-04-25T06:57:00.000Z,BUY,0.01,2,1,10.00,2,16840.00
2025-04-25T06:57:00.000Z,2025-04-25T08:48:00.000Z,BUY,0.01,2,1,10.00,2,16850.00
2025-04-25T08:48:00.000Z,2025-04-25T10:17:00.000Z,BUY,0.01,1,1,10.00,1,16860.00
2025-04-25T10:17:00.000Z,2025-04-25T11:08:00.000Z,SELL,0.01,1,1,10.00,1,16870.00
2025-04-25T11:08:00.000Z,2025-04-25T14:42:00.000Z,SELL,0.01,1,1,10.00,1,16880.00
2025-04-25T14:42:00.000Z,2025-04-25T16:01:00.000Z,SELL,0.01,1,1,10.00,1,16890.00
2025-04-25T16:01:00.000Z,2025-04-25T16:24:00.000Z,SELL,0.01,1,1,10.00,1,16900.00
2025-04-25T16:24:00.000Z,2025-04-25T22:37:00.000Z,SELL,0.01,2,1,10.00,2,16910.00
2025-04-25T22:37:00.000Z,2025-04-28T01:00:00.000Z,SELL,0.01,2,1,10.00,2,16920.00
2025-04-28T01:00:00.000Z,2025-04-28T01:23:00.000Z,SELL,0.01,1,1,10.00,1,16930.00
2025-04-28T01:23:00.000Z,2025-04-28T01:30:00.000Z,SELL,0.01,1,1,10.00,1,16940.00
2025-04-28T01:30:00.000Z,2025-04-28T02:50:00.000Z,SELL,0.01,1,1,10.00,1,16950.00
2025-04-28T02:50:00.000Z,2025-04-28T04:30:00.000Z,SELL,0.01,1,1,10.00,1,16960.00
2025-04-28T04:30:00.000Z,2025-04-28T04:42:00.000Z,SELL,0.01,1,1,10.00,1,16970.00
2025-04-28T04:42:00.000Z,2025-04-28T05:10:00.000Z,SELL,0.01,1,1,10.00,1,16980.00
2025-04-28T05:10:00.000Z,2025-04-28T08:00:00.000Z,SELL,0.01,2,1,10.00,2,16990.00
2025-04-28T08:00:00.000Z,2025-04-28T08:38:00.000Z,SELL,0.01,1,1,10.00,1,17000.00
2025-04-28T08:38:00.000Z,2025-04-28T10:05:00.000Z,SELL,0.01,1,1,10.00,1,17010.00
2025-04-28T10:05:00.000Z,2025-04-28T17:22:00.000Z,SELL,0.01,2,1,10.00,2,17020.00
2025-04-28T17:22:00.000Z,2025-04-28T19:42:00.000Z,SELL,0.01,2,1,10.00,2,17030.00
2025-04-28T19:42:00.000Z,2025-04-28T21:28:00.000Z,BUY,0.01,1,1,10.00,1,17040.00
2025-04-28T21:28:00.000Z,2025-04-29T06:00:00.000Z,BUY,0.01,2,1,10.00,2,17050.00
2025-04-29T06:00:00.000Z,2025-04-29T19:55:00.000Z,BUY,0.01,1,1,10.00,1,17060.00
2025-04-29T19:55:00.000Z,2025-04-29T20:57:00.000Z,SELL,0.01,1,1,10.00,1,17070.00
2025-04-29T20:57:00.000Z,2025-04-30T04:04:00.000Z,SELL,0.01,1,1,10.00,1,17080.00
2025-04-30T04:04:00.000Z,2025-04-30T11:11:00.000Z,SELL,0.01,1,1,10.00,1,17090.00
2025-04-30T11:11:00.000Z,2025-04-30T11:14:00.000Z,SELL,0.01,1,1,10.00,1,17100.00
2025-04-30T11:14:00.000Z,2025-04-30T12:19:00.000Z,SELL,0.01,1,1,10.00,1,17110.00
2025-04-30T12:19:00.000Z,2025-04-30T15:04:00.000Z,SELL,0.01,1,1,10.00,1,17120.00
2025-04-30T15:04:00.000Z,2025-04-30T15:46:00.000Z,SELL,0.01,2,1,10.00,2,17130.00
2025-04-30T15:46:00.000Z,2025-04-30T23:32:00.000Z,SELL,0.01,3,1,10.00,3,17140.00
2025-04-30T23:32:00.000Z,2025-05-01T01:14:00.000Z,SELL,0.01,1,1,10.00,1,17150.00
2025-05-01T01:14:00.000Z,2025-05-01T03:20:00.000Z,SELL,0.01,1,1,10.00,1,17160.00
2025-05-01T03:20:00.000Z,2025-05-01T03:24:00.000Z,SELL,0.01,1,1,10.00,1,17170.00
2025-05-01T03:24:00.000Z,2025-05-01T03:24:00.000Z,SELL,0.01,1,1,10.00,1,17180.00
2025-05-01T03:24:00.000Z,2025-05-01T04:06:00.000Z,SELL,0.01,1,1,10.00,1,17190.00
2025-05-01T04:06:00.000Z,2025-05-01T07:02:00.000Z,SELL,0.01,1,1,10.00,1,17200.00
2025-05-01T07:02:00.000Z,2025-05-01T12:58:00.000Z,SELL,0.01,1,1,10.00,1,17210.00
2025-05-01T12:58:00.000Z,2025-05-01T14:50:00.000Z,SELL,0.01,1,1,10.00,1,17220.00
2025-05-01T14:50:00.000Z,2025-05-01T23:15:00.000Z,SELL,0.01,4,1,10.00,4,17230.00
2025-05-01T23:15:00.000Z,2025-05-02T12:44:00.000Z,SELL,0.01,2,1,10.00,2,17240.00
2025-05-02T12:44:00.000Z,2025-05-02T18:37:00.000Z,BUY,0.01,2,1,10.00,2,17250.00
2025-05-02T18:37:00.000Z,2025-05-05T02:32:00.000Z,BUY,0.01,1,1,10.00,1,17260.00
2025-05-05T02:32:00.000Z,2025-05-05T11:43:00.000Z,SELL,0.01,2,1,10.00,2,17270.00
2025-05-05T11:43:00.000Z,2025-05-05T12:02:00.000Z,BUY,0.01,1,1,10.00,1,17280.00
2025-05-05T12:02:00.000Z,2025-05-05T12:21:00.000Z,BUY,0.01,1,1,10.00,1,17290.00
2025-05-05T12:21:00.000Z,2025-05-05T12:58:00.000Z,BUY,0.01,1,1,10.00,1,17300.00
2025-05-05T12:58:00.000Z,2025-05-05T13:21:00.000Z,BUY,0.01,1,1,10.00,1,17310.00
2025-05-05T13:21:00.000Z,2025-05-05T17:06:00.000Z,BUY,0.01,1,1,10.00,1,17320.00
2025-05-05T17:06:00.000Z,2025-05-06T01:02:00.000Z,BUY,0.01,3,1,10.00,3,17330.00
2025-05-06T01:02:00.000Z,2025-05-06T04:02:00.000Z,BUY,0.01,1,1,10.00,1,17340.00
2025-05-06T04:02:00.000Z,2025-05-06T04:09:00.000Z,BUY,0.01,1,1,10.00,1,17350.00
2025-05-06T04:09:00.000Z,2025-05-06T04:37:00.000Z,BUY,0.01,1,1,10.00,1,17360.00
2025-05-06T04:37:00.000Z,2025-05-06T04:42:00.000Z,BUY,0.01,1,1,10.00,1,17370.00
2025-05-06T04:42:00.000Z,2025-05-06T15:40:00.000Z,BUY,0.01,3,1,10.00,3,17380.00
2025-05-06T15:40:00.000Z,2025-05-06T18:33:00.000Z,BUY,0.01,1,1,10.00,1,17390.00
2025-05-06T18:33:00.000Z,2025-05-06T19:46:00.000Z,BUY,0.01,1,1,10.00,1,17400.00
2025-05-06T19:46:00.000Z,2025-05-06T22:48:00.000Z,BUY,0.01,1,1,10.00,1,17410.00
2025-05-06T22:48:00.000Z,2025-05-06T23:40:00.000Z,BUY,0.01,1,1,10.00,1,17420.00
2025-05-06T23:40:00.000Z,2025-05-07T01:09:00.000Z,BUY,0.01,2,1,10.00,2,17430.00
2025-05-07T01:09:00.000Z,2025-05-07T01:10:00.000Z,BUY,0.01,1,1,10.00,1,17440.00
2025-05-07T01:10:00.000Z,2025-05-07T02:00:00.000Z,BUY,0.01,2,1,10.00,2,17450.00
2025-05-07T02:00:00.000Z,2025-05-07T02:10:00.000Z,BUY,0.01,1,1,10.00,1,17460.00
2025-05-07T02:10:00.000Z,2025-05-07T02:52:00.000Z,BUY,0.01,1,1,10.00,1,17470.00
2025-05-07T02:52:00.000Z,2025-05-07T03:44:00.000Z,BUY,0.01,2,1,10.00,2,17480.00
2025-05-07T03:44:00.000Z,2025-05-07T03:59:00.000Z,BUY,0.01,1,1,10.00,1,17490.00
2025-05-07T03:59:00.000Z,2025-05-07T05:22:00.000Z,BUY,0.01,3,1,10.00,3,17500.00
2025-05-07T05:22:00.000Z,2025-05-07T22:15:00.000Z,BUY,0.01,5,0,-2420.00,5,15080.00
2025-05-07T22:15:00.000Z,2025-05-08T03:18:00.000Z,BUY,0.01,1,1,10.00,1,15090.00
2025-05-08T03:18:00.000Z,2025-05-08T05:01:00.000Z,SELL,0.01,2,1,10.00,2,15100.00
2025-05-08T05:01:00.000Z,2025-05-08T08:00:00.000Z,BUY,0.01,2,1,10.00,2,15110.00
2025-05-08T08:00:00.000Z,2025-05-08T09:00:00.000Z,BUY,0.01,2,1,10.00,2,15120.00
2025-05-08T09:00:00.000Z,2025-05-08T09:16:00.000Z,SELL,0.01,1,1,10.00,1,15130.00
2025-05-08T09:16:00.000Z,2025-05-08T09:33:00.000Z,SELL,0.01,1,1,10.00,1,15140.00
2025-05-08T09:33:00.000Z,2025-05-08T09:48:00.000Z,SELL,0.01,1,1,10.00,1,15150.00
2025-05-08T09:48:00.000Z,2025-05-08T15:16:00.000Z,SELL,0.01,2,1,10.00,2,15160.00
2025-05-08T15:16:00.000Z,2025-05-08T18:41:00.000Z,SELL,0.01,1,1,10.00,1,15170.00
2025-05-08T18:41:00.000Z,2025-05-08T18:50:00.000Z,SELL,0.01,1,1,10.00,1,15180.00
2025-05-08T18:50:00.000Z,2025-05-08T19:11:00.000Z,SELL,0.01,1,1,10.00,1,15190.00
2025-05-08T19:11:00.000Z,2025-05-08T19:18:00.000Z,SELL,0.01,1,1,10.00,1,15200.00
2025-05-08T19:18:00.000Z,2025-05-08T20:09:00.000Z,SELL,0.01,1,1,10.00,1,15210.00
2025-05-08T20:09:00.000Z,2025-05-08T22:21:00.000Z,SELL,0.01,1,1,10.00,1,15220.00
2025-05-08T22:21:00.000Z,2025-05-09T01:33:00.000Z,SELL,0.01,2,1,10.00,2,15230.00
2025-05-09T01:33:00.000Z,2025-05-09T03:25:00.000Z,SELL,0.01,1,1,10.00,1,15240.00
2025-05-09T03:25:00.000Z,2025-05-09T04:26:00.000Z,SELL,0.01,1,1,10.00,1,15250.00
2025-05-09T04:26:00.000Z,2025-05-09T04:37:00.000Z,SELL,0.01,1,1,10.00,1,15260.00
2025-05-09T04:37:00.000Z,2025-05-09T05:12:00.000Z,SELL,0.01,1,1,10.00,1,15270.00
2025-05-09T05:12:00.000Z,2025-05-09T05:59:00.000Z,SELL,0.01,2,1,10.00,2,15280.00
2025-05-09T05:59:00.000Z,2025-05-09T16:29:00.000Z,SELL,0.01,2,1,10.00,2,15290.00
2025-05-09T16:29:00.000Z,2025-05-09T17:00:00.000Z,SELL,0.01,1,1,10.00,1,15300.00
2025-05-09T17:00:00.000Z,2025-05-12T01:00:00.000Z,SELL,0.01,1,1,10.00,1,15310.00
2025-05-12T01:00:00.000Z,2025-05-12T01:00:00.000Z,BUY,0.01,2,1,10.00,2,15320.00
2025-05-12T01:00:00.000Z,2025-05-12T01:01:00.000Z,BUY,0.01,1,1,10.00,1,15330.00
2025-05-12T01:01:00.000Z,2025-05-12T01:45:00.000Z,BUY,0.01,4,1,10.00,4,15340.00
2025-05-12T01:45:00.000Z,2025-05-12T01:52:00.000Z,BUY,0.01,1,1,10.00,1,15350.00
2025-05-12T01:52:00.000Z,2025-05-12T02:57:00.000Z,BUY,0.01,1,1,10.00,1,15360.00
2025-05-12T02:57:00.000Z,2025-05-12T03:40:00.000Z,SELL,0.01,1,1,10.00,1,15370.00
2025-05-12T03:40:00.000Z,2025-05-12T04:03:00.000Z,SELL,0.01,1,1,10.00,1,15380.00
2025-05-12T04:03:00.000Z,2025-05-12T10:01:00.000Z,SELL,0.01,1,1,10.00,1,15390.00
2025-05-12T10:01:00.000Z,2025-05-12T10:07:00.000Z,SELL,0.01,1,1,10.00,1,15400.00
2025-05-12T10:07:00.000Z,2025-05-12T10:23:00.000Z,SELL,0.01,1,1,10.00,1,15410.00
2025-05-12T10:23:00.000Z,2025-05-12T10:27:00.000Z,SELL,0.01,1,1,10.00,1,15420.00
2025-05-12T10:27:00.000Z,2025-05-12T10:49:00.000Z,SELL,0.01,1,1,10.00,1,15430.00
2025-05-12T10:49:00.000Z,2025-05-12T16:08:00.000Z,SELL,0.01,2,1,10.00,2,15440.00
2025-05-12T16:08:00.000Z,2025-05-12T16:30:00.000Z,SELL,0.01,1,1,10.00,1,15450.00
2025-05-12T16:30:00.000Z,2025-05-12T19:22:00.000Z,SELL,0.01,1,1,10.00,1,15460.00
2025-05-12T19:22:00.000Z,2025-05-13T04:45:00.000Z,SELL,0.01,1,1,10.00,1,15470.00
2025-05-13T04:45:00.000Z,2025-05-13T07:41:00.000Z,SELL,0.01,2,1,10.00,2,15480.00
2025-05-13T07:41:00.000Z,2025-05-13T16:40:00.000Z,SELL,0.01,1,1,10.00,1,15490.00
2025-05-13T16:40:00.000Z,2025-05-13T17:43:00.000Z,BUY,0.01,1,1,10.00,1,15500.00
2025-05-13T17:43:00.000Z,2025-05-14T05:03:00.000Z,SELL,0.01,1,1,10.00,1,15510.00
2025-05-14T05:03:00.000Z,2025-05-14T07:05:00.000Z,SELL,0.01,1,1,10.00,1,15520.00
2025-05-14T07:05:00.000Z,2025-05-14T15:13:00.000Z,SELL,0.01,1,1,10.00,1,15530.00
2025-05-14T15:13:00.000Z,2025-05-14T15:36:00.000Z,SELL,0.01,1,1,10.00,1,15540.00
2025-05-14T15:36:00.000Z,2025-05-14T15:46:00.000Z,SELL,0.01,1,1,10.00,1,15550.00
2025-05-14T15:46:00.000Z,2025-05-14T15:58:00.000Z,SELL,0.01,1,1,10.00,1,15560.00
2025-05-14T15:58:00.000Z,2025-05-14T19:42:00.000Z,SELL,0.01,1,1,10.00,1,15570.00
2025-05-14T19:42:00.000Z,2025-05-15T05:29:00.000Z,SELL,0.01,1,1,10.00,1,15580.00
2025-05-15T05:29:00.000Z,2025-05-15T05:46:00.000Z,SELL,0.01,1,1,10.00,1,15590.00
2025-05-15T05:46:00.000Z,2025-05-15T07:43:00.000Z,SELL,0.01,1,1,10.00,1,15600.00
2025-05-15T07:43:00.000Z,2025-05-15T08:43:00.000Z,SELL,0.01,1,1,10.00,1,15610.00
2025-05-15T08:43:00.000Z,2025-05-15T09:03:00.000Z,SELL,0.01,1,1,10.00,1,15620.00
2025-05-15T09:03:00.000Z,2025-05-15T09:51:00.000Z,SELL,0.01,2,1,10.00,2,15630.00
2025-05-15T09:51:00.000Z,2025-05-15T10:23:00.000Z,SELL,0.01,1,1,10.00,1,15640.00
2025-05-15T10:23:00.000Z,2025-05-15T10:41:00.000Z,SELL,0.01,1,1,10.00,1,15650.00
2025-05-15T10:41:00.000Z,2025-05-15T11:56:00.000Z,SELL,0.01,2,1,10.00,2,15660.00
2025-05-15T11:56:00.000Z,2025-05-15T16:09:00.000Z,SELL,0.01,2,1,10.00,2,15670.00
2025-05-15T16:09:00.000Z,2025-05-15T20:00:00.000Z,SELL,0.01,2,1,10.00,2,15680.00
2025-05-15T20:00:00.000Z,2025-05-15T23:02:00.000Z,BUY,0.01,1,1,10.00,1,15690.00
2025-05-15T23:02:00.000Z,2025-05-16T01:07:00.000Z,BUY,0.01,1,1,10.00,1,15700.00
2025-05-16T01:07:00.000Z,2025-05-16T05:56:00.000Z,BUY,0.01,2,1,10.00,2,15710.00
2025-05-16T05:56:00.000Z,2025-05-16T09:05:00.000Z,BUY,0.01,1,1,10.00,1,15720.00
2025-05-16T09:05:00.000Z,2025-05-16T13:45:00.000Z,BUY,0.01,2,1,10.00,2,15730.00
2025-05-16T13:45:00.000Z,2025-05-16T14:54:00.000Z,BUY,0.01,2,1,10.00,2,15740.00
2025-05-16T14:54:00.000Z,2025-05-16T22:16:00.000Z,SELL,0.01,2,1,10.00,2,15750.00
2025-05-16T22:16:00.000Z,2025-05-19T01:16:00.000Z,SELL,0.01,2,1,10.00,2,15760.00
2025-05-19T01:16:00.000Z,2025-05-19T06:48:00.000Z,SELL,0.01,3,1,10.00,3,15770.00
2025-05-19T06:48:00.000Z,2025-05-19T08:58:00.000Z,BUY,0.01,1,1,10.00,1,15780.00
2025-05-19T08:58:00.000Z,2025-05-19T10:50:00.000Z,BUY,0.01,1,1,10.00,1,15790.00
2025-05-19T10:50:00.000Z,2025-05-19T11:55:00.000Z,BUY,0.01,1,1,10.00,1,15800.00
2025-05-19T11:55:00.000Z,2025-05-20T05:11:00.000Z,BUY,0.01,2,1,10.00,2,15810.00
2025-05-20T05:11:00.000Z,2025-05-20T10:46:00.000Z,BUY,0.01,1,1,10.00,1,15820.00
2025-05-20T10:46:00.000Z,2025-05-20T16:57:00.000Z,SELL,0.01,2,1,10.00,2,15830.00
2025-05-20T16:57:00.000Z,2025-05-20T17:01:00.000Z,BUY,0.01,1,1,10.00,1,15840.00
2025-05-20T17:01:00.000Z,2025-05-20T17:06:00.000Z,BUY,0.01,1,1,10.00,1,15850.00
2025-05-20T17:06:00.000Z,2025-05-20T17:23:00.000Z,BUY,0.01,1,1,10.00,1,15860.00
2025-05-20T17:23:00.000Z,2025-05-20T23:09:00.000Z,BUY,0.01,1,1,10.00,1,15870.00
2025-05-20T23:09:00.000Z,2025-05-21T04:00:00.000Z,BUY,0.01,1,1,10.00,1,15880.00
2025-05-21T04:00:00.000Z,2025-05-21T08:50:00.000Z,BUY,0.01,3,1,10.00,3,15890.00
2025-05-21T08:50:00.000Z,2025-05-22T03:13:00.000Z,BUY,0.01,3,1,10.00,3,15900.00
2025-05-22T03:13:00.000Z,2025-05-22T04:23:00.000Z,BUY,0.01,1,1,10.00,1,15910.00
2025-05-22T04:23:00.000Z,2025-05-22T12:24:00.000Z,BUY,0.01,2,1,10.00,2,15920.00
2025-05-22T12:24:00.000Z,2025-05-23T08:14:00.000Z,BUY,0.01,5,1,10.00,5,15930.00
2025-05-23T08:14:00.000Z,2025-05-23T14:49:00.000Z,SELL,0.01,2,1,10.00,2,15940.00
2025-05-23T14:49:00.000Z,2025-05-23T15:36:00.000Z,BUY,0.01,1,1,10.00,1,15950.00
2025-05-23T15:36:00.000Z,2025-05-26T10:00:00.000Z,BUY,0.01,5,0,-2420.00,5,13530.00
2025-05-26T10:00:00.000Z,2025-05-27T01:06:00.000Z,BUY,0.01,1,1,10.00,1,13540.00
2025-05-27T01:06:00.000Z,2025-05-27T04:39:00.000Z,SELL,0.01,1,1,10.00,1,13550.00
2025-05-27T04:39:00.000Z,2025-05-27T06:29:00.000Z,BUY,0.01,1,1,10.00,1,13560.00
2025-05-27T06:29:00.000Z,2025-05-27T08:46:00.000Z,BUY,0.01,2,1,10.00,2,13570.00
2025-05-27T08:46:00.000Z,2025-05-27T09:46:00.000Z,SELL,0.01,1,1,10.00,1,13580.00
2025-05-27T09:46:00.000Z,2025-05-27T10:51:00.000Z,SELL,0.01,1,1,10.00,1,13590.00
2025-05-27T10:51:00.000Z,2025-05-27T17:00:00.000Z,SELL,0.01,1,1,10.00,1,13600.00
2025-05-27T17:00:00.000Z,2025-05-28T10:43:00.000Z,SELL,0.01,2,1,10.00,2,13610.00
2025-05-28T10:43:00.000Z,2025-05-28T15:12:00.000Z,SELL,0.01,1,1,10.00,1,13620.00
2025-05-28T15:12:00.000Z,2025-05-29T02:09:00.000Z,BUY,0.01,2,1,10.00,2,13630.00
2025-05-29T02:09:00.000Z,2025-05-29T02:15:00.000Z,SELL,0.01,1,1,10.00,1,13640.00
2025-05-29T02:15:00.000Z,2025-05-29T02:41:00.000Z,SELL,0.01,1,1,10.00,1,13650.00
2025-05-29T02:41:00.000Z,2025-05-29T10:57:00.000Z,SELL,0.01,2,1,10.00,2,13660.00
2025-05-29T10:57:00.000Z,2025-05-29T15:58:00.000Z,SELL,0.01,2,1,10.00,2,13670.00
2025-05-29T15:58:00.000Z,2025-05-29T17:42:00.000Z,SELL,0.01,1,1,10.00,1,13680.00
2025-05-29T17:42:00.000Z,2025-05-29T18:06:00.000Z,BUY,0.01,1,1,10.00,1,13690.00
2025-05-29T18:06:00.000Z,2025-05-29T19:04:00.000Z,BUY,0.01,1,1,10.00,1,13700.00
2025-05-29T19:04:00.000Z,2025-05-30T05:50:00.000Z,BUY,0.01,2,1,10.00,2,13710.00
2025-05-30T05:50:00.000Z,2025-05-30T15:14:00.000Z,BUY,0.01,1,1,10.00,1,13720.00
2025-05-30T15:14:00.000Z,2025-05-30T16:16:00.000Z,SELL,0.01,1,1,10.00,1,13730.00
2025-05-30T16:16:00.000Z,2025-05-30T16:45:00.000Z,SELL,0.01,1,1,10.00,1,13740.00
2025-05-30T16:45:00.000Z,2025-05-30T16:59:00.000Z,SELL,0.01,1,1,10.00,1,13750.00
2025-05-30T16:59:00.000Z,2025-06-02T01:03:00.000Z,SELL,0.01,2,1,10.00,2,13760.00
2025-06-02T01:03:00.000Z,2025-06-02T09:27:00.000Z,SELL,0.01,2,1,10.00,2,13770.00
2025-06-02T09:27:00.000Z,2025-06-02T10:00:00.000Z,BUY,0.01,1,1,10.00,1,13780.00
2025-06-02T10:00:00.000Z,2025-06-02T10:16:00.000Z,BUY,0.01,1,1,10.00,1,13790.00
2025-06-02T10:16:00.000Z,2025-06-02T16:44:00.000Z,BUY,0.01,1,1,10.00,1,13800.00
2025-06-02T16:44:00.000Z,2025-06-02T17:17:00.000Z,BUY,0.01,1,1,10.00,1,13810.00
2025-06-02T17:17:00.000Z,2025-06-03T01:17:00.000Z,BUY,0.01,1,1,10.00,1,13820.00
2025-06-03T01:17:00.000Z,2025-06-03T08:37:00.000Z,BUY,0.01,2,1,10.00,2,13830.00
2025-06-03T08:37:00.000Z,2025-06-03T08:53:00.000Z,BUY,0.01,1,1,10.00,1,13840.00
2025-06-03T08:53:00.000Z,2025-06-03T17:03:00.000Z,BUY,0.01,2,1,10.00,2,13850.00
2025-06-03T17:03:00.000Z,2025-06-04T04:34:00.000Z,SELL,0.01,2,1,10.00,2,13860.00
2025-06-04T04:34:00.000Z,2025-06-04T07:40:00.000Z,SELL,0.01,1,1,10.00,1,13870.00
2025-06-04T07:40:00.000Z,2025-06-04T17:14:00.000Z,BUY,0.01,1,1,10.00,1,13880.00
2025-06-04T17:14:00.000Z,2025-06-05T13:31:00.000Z,SELL,0.01,2,1,10.00,2,13890.00
2025-06-05T13:31:00.000Z,2025-06-05T17:48:00.000Z,BUY,0.01,2,1,10.00,2,13900.00
2025-06-05T17:48:00.000Z,2025-06-06T17:03:00.000Z,BUY,0.01,4,1,10.00,4,13910.00
2025-06-06T17:03:00.000Z,2025-06-06T17:18:00.000Z,SELL,0.01,1,1,10.00,1,13920.00
2025-06-06T17:18:00.000Z,2025-06-06T21:13:00.000Z,SELL,0.01,1,1,10.00,1,13930.00
2025-06-06T21:13:00.000Z,2025-06-09T03:18:00.000Z,SELL,0.01,1,1,10.00,1,13940.00
2025-06-09T03:18:00.000Z,2025-06-09T04:59:00.000Z,SELL,0.01,1,1,10.00,1,13950.00
2025-06-09T04:59:00.000Z,2025-06-09T10:23:00.000Z,SELL,0.01,2,1,10.00,2,13960.00
2025-06-09T10:23:00.000Z,2025-06-09T13:33:00.000Z,SELL,0.01,1,1,10.00,1,13970.00
2025-06-09T13:33:00.000Z,2025-06-10T04:48:00.000Z,SELL,0.01,3,1,10.00,3,13980.00
2025-06-10T04:48:00.000Z,2025-06-10T13:58:00.000Z,SELL,0.01,2,1,10.00,2,13990.00
2025-06-10T13:58:00.000Z,2025-06-10T16:29:00.000Z,BUY,0.01,1,1,10.00,1,14000.00
2025-06-10T16:29:00.000Z,2025-06-11T02:22:00.000Z,BUY,0.01,2,1,10.00,2,14010.00
2025-06-11T02:22:00.000Z,2025-06-11T02:42:00.000Z,BUY,0.01,1,1,10.00,1,14020.00
2025-06-11T02:42:00.000Z,2025-06-11T04:19:00.000Z,BUY,0.01,1,1,10.00,1,14030.00
2025-06-11T04:19:00.000Z,2025-06-11T10:51:00.000Z,BUY,0.01,1,1,10.00,1,14040.00
2025-06-11T10:51:00.000Z,2025-06-11T15:33:00.000Z,BUY,0.01,3,1,10.00,3,14050.00
2025-06-11T15:33:00.000Z,2025-06-11T20:08:00.000Z,BUY,0.01,2,1,10.00,2,14060.00
2025-06-11T20:08:00.000Z,2025-06-11T21:06:00.000Z,BUY,0.01,1,1,10.00,1,14070.00
2025-06-11T21:06:00.000Z,2025-06-12T01:35:00.000Z,SELL,0.01,2,1,10.00,2,14080.00
2025-06-12T01:35:00.000Z,2025-06-12T05:31:00.000Z,BUY,0.01,1,1,10.00,1,14090.00
2025-06-12T05:31:00.000Z,2025-06-12T10:42:00.000Z,BUY,0.01,2,1,10.00,2,14100.00
2025-06-12T10:42:00.000Z,2025-06-12T11:19:00.000Z,BUY,0.01,1,1,10.00,1,14110.00
2025-06-12T11:19:00.000Z,2025-06-12T12:53:00.000Z,BUY,0.01,1,1,10.00,1,14120.00
2025-06-12T12:53:00.000Z,2025-06-12T13:28:00.000Z,BUY,0.01,1,1,10.00,1,14130.00
2025-06-12T13:28:00.000Z,2025-06-12T14:04:00.000Z,BUY,0.01,1,1,10.00,1,14140.00
2025-06-12T14:04:00.000Z,2025-06-12T16:44:00.000Z,BUY,0.01,1,1,10.00,1,14150.00
2025-06-12T16:44:00.000Z,2025-06-13T03:07:00.000Z,BUY,0.01,3,1,10.00,3,14160.00
2025-06-13T03:07:00.000Z,2025-06-13T03:54:00.000Z,BUY,0.01,1,1,10.00,1,14170.00
2025-06-13T03:54:00.000Z,2025-06-13T04:21:00.000Z,BUY,0.01,1,1,10.00,1,14180.00
2025-06-13T04:21:00.000Z,2025-06-13T05:40:00.000Z,BUY,0.01,1,1,10.00,1,14190.00
2025-06-13T05:40:00.000Z,2025-06-13T09:49:00.000Z,BUY,0.01,2,1,10.00,2,14200.00
2025-06-13T09:49:00.000Z,2025-06-13T11:09:00.000Z,BUY,0.01,1,1,10.00,1,14210.00
2025-06-13T11:09:00.000Z,2025-06-13T15:34:00.000Z,BUY,0.01,1,1,10.00,1,14220.00
2025-06-13T15:34:00.000Z,2025-06-13T16:01:00.000Z,BUY,0.01,1,1,10.00,1,14230.00
2025-06-13T16:01:00.000Z,2025-06-16T01:13:00.000Z,BUY,0.01,3,1,10.00,3,14240.00
2025-06-16T01:13:00.000Z,2025-06-16T08:41:00.000Z,BUY,0.01,2,1,10.00,2,14250.00
2025-06-16T08:41:00.000Z,2025-06-16T16:54:00.000Z,BUY,0.01,2,1,10.00,2,14260.00
2025-06-16T16:54:00.000Z,2025-06-17T06:22:00.000Z,SELL,0.01,1,1,10.00,1,14270.00
2025-06-17T06:22:00.000Z,2025-06-17T17:37:00.000Z,SELL,0.01,3,1,10.00,3,14280.00
2025-06-17T17:37:00.000Z,2025-06-18T07:46:00.000Z,SELL,0.01,2,1,10.00,2,14290.00
2025-06-18T07:46:00.000Z,2025-06-18T08:31:00.000Z,SELL,0.01,1,1,10.00,1,14300.00
2025-06-18T08:31:00.000Z,2025-06-18T10:26:00.000Z,SELL,0.01,1,1,10.00,1,14310.00
2025-06-18T10:26:00.000Z,2025-06-18T22:14:00.000Z,SELL,0.01,1,1,10.00,1,14320.00
2025-06-18T22:14:00.000Z,2025-06-19T09:03:00.000Z,SELL,0.01,1,1,10.00,1,14330.00
2025-06-19T09:03:00.000Z,2025-06-19T09:30:00.000Z,SELL,0.01,1,1,10.00,1,14340.00
2025-06-19T09:30:00.000Z,2025-06-19T13:43:00.000Z,SELL,0.01,2,1,10.00,2,14350.00
2025-06-19T13:43:00.000Z,2025-06-19T15:09:00.000Z,SELL,0.01,1,1,10.00,1,14360.00
2025-06-19T15:09:00.000Z,2025-06-20T04:18:00.000Z,SELL,0.01,1,1,10.00,1,14370.00
2025-06-20T04:18:00.000Z,2025-06-20T06:10:00.000Z,SELL,0.01,1,1,10.00,1,14380.00
2025-06-20T06:10:00.000Z,2025-06-23T01:00:00.000Z,SELL,0.01,2,1,10.00,2,14390.00
2025-06-23T01:00:00.000Z,2025-06-23T01:00:00.000Z,BUY,0.01,1,1,10.00,1,14400.00
2025-06-23T01:00:00.000Z,2025-06-23T04:21:00.000Z,BUY,0.01,2,1,10.00,2,14410.00
2025-06-23T04:21:00.000Z,2025-06-23T12:15:00.000Z,BUY,0.01,1,1,10.00,1,14420.00
2025-06-23T12:15:00.000Z,2025-06-23T15:35:00.000Z,SELL,0.01,1,1,10.00,1,14430.00
2025-06-23T15:35:00.000Z,2025-06-23T16:16:00.000Z,BUY,0.01,1,1,10.00,1,14440.00
2025-06-23T16:16:00.000Z,2025-06-23T16:40:00.000Z,BUY,0.01,1,1,10.00,1,14450.00
2025-06-23T16:40:00.000Z,2025-06-23T18:17:00.000Z,BUY,0.01,1,1,10.00,1,14460.00
2025-06-23T18:17:00.000Z,2025-06-24T01:03:00.000Z,BUY,0.01,2,1,10.00,2,14470.00
2025-06-24T01:03:00.000Z,2025-06-24T08:52:00.000Z,BUY,0.01,2,1,10.00,2,14480.00
2025-06-24T08:52:00.000Z,2025-06-24T09:35:00.000Z,SELL,0.01,1,1,10.00,1,14490.00
2025-06-24T09:35:00.000Z,2025-06-24T15:31:00.000Z,SELL,0.01,1,1,10.00,1,14500.00
2025-06-24T15:31:00.000Z,2025-06-24T16:40:00.000Z,SELL,0.01,1,1,10.00,1,14510.00
2025-06-24T16:40:00.000Z,2025-06-25T03:22:00.000Z,SELL,0.01,2,1,10.00,2,14520.00
2025-06-25T03:22:00.000Z,2025-06-25T16:03:00.000Z,SELL,0.01,1,1,10.00,1,14530.00
2025-06-25T16:03:00.000Z,2025-06-26T11:48:00.000Z,SELL,0.01,2,1,10.00,2,14540.00
2025-06-26T11:48:00.000Z,2025-06-26T16:09:00.000Z,BUY,0.01,2,1,10.00,2,14550.00
2025-06-26T16:09:00.000Z,2025-06-26T16:52:00.000Z,BUY,0.01,1,1,10.00,1,14560.00
2025-06-26T16:52:00.000Z,2025-06-27T06:45:00.000Z,BUY,0.01,2,1,10.00,2,14570.00
2025-06-27T06:45:00.000Z,2025-06-27T09:39:00.000Z,SELL,0.01,1,1,10.00,1,14580.00
2025-06-27T09:39:00.000Z,2025-06-27T14:51:00.000Z,SELL,0.01,1,1,10.00,1,14590.00
2025-06-27T14:51:00.000Z,2025-06-27T16:01:00.000Z,SELL,0.01,1,1,10.00,1,14600.00
2025-06-27T16:01:00.000Z,2025-06-27T16:27:00.000Z,SELL,0.01,1,1,10.00,1,14610.00
2025-06-27T16:27:00.000Z,2025-06-30T08:05:00.000Z,SELL,0.01,4,1,10.00,4,14620.00
2025-06-30T08:05:00.000Z,2025-06-30T14:22:00.000Z,SELL,0.01,1,1,10.00,1,14630.00
2025-06-30T14:22:00.000Z,2025-06-30T15:24:00.000Z,BUY,0.01,1,1,10.00,1,14640.00
2025-06-30T15:24:00.000Z,2025-07-01T04:05:00.000Z,SELL,0.01,2,1,10.00,2,14650.00
2025-07-01T04:05:00.000Z,2025-07-01T08:13:00.000Z,BUY,0.01,1,1,10.00,1,14660.00
2025-07-01T08:13:00.000Z,2025-07-01T10:16:00.000Z,BUY,0.01,1,1,10.00,1,14670.00
2025-07-01T10:16:00.000Z,2025-07-01T12:54:00.000Z,BUY,0.01,1,1,10.00,1,14680.00
2025-07-01T12:54:00.000Z,2025-07-02T22:56:00.000Z,BUY,0.01,3,1,10.00,3,14690.00
2025-07-02T22:56:00.000Z,2025-07-03T15:34:00.000Z,BUY,0.01,2,1,10.00,2,14700.00
2025-07-03T15:34:00.000Z,2025-07-03T16:42:00.000Z,BUY,0.01,1,1,10.00,1,14710.00
2025-07-03T16:42:00.000Z,2025-07-03T17:03:00.000Z,SELL,0.01,1,1,10.00,1,14720.00
2025-07-03T17:03:00.000Z,2025-07-07T04:08:00.000Z,SELL,0.01,1,1,10.00,1,14730.00
2025-07-07T04:08:00.000Z,2025-07-07T04:21:00.000Z,SELL,0.01,1,1,10.00,1,14740.00
2025-07-07T04:21:00.000Z,2025-07-07T13:45:00.000Z,SELL,0.01,1,1,10.00,1,14750.00
2025-07-07T13:45:00.000Z,2025-07-07T19:41:00.000Z,SELL,0.01,2,1,10.00,2,14760.00
2025-07-07T19:41:00.000Z,2025-07-08T16:49:00.000Z,SELL,0.01,1,1,10.00,1,14770.00
2025-07-08T16:49:00.000Z,2025-07-08T17:10:00.000Z,SELL,0.01,1,1,10.00,1,14780.00
2025-07-08T17:10:00.000Z,2025-07-08T17:42:00.000Z,SELL,0.01,1,1,10.00,1,14790.00
2025-07-08T17:42:00.000Z,2025-07-09T06:01:00.000Z,SELL,0.01,1,1,10.00,1,14800.00
2025-07-09T06:01:00.000Z,2025-07-09T22:19:00.000Z,SELL,0.01,2,1,10.00,2,14810.00
2025-07-09T22:19:00.000Z,2025-07-10T09:20:00.000Z,BUY,0.01,1,1,10.00,1,14820.00
2025-07-10T09:20:00.000Z,2025-07-11T08:23:00.000Z,BUY,0.01,1,1,10.00,1,14830.00
2025-07-11T08:23:00.000Z,2025-07-11T13:42:00.000Z,BUY,0.01,1,1,10.00,1,14840.00
2025-07-11T13:42:00.000Z,2025-07-11T16:03:00.000Z,BUY,0.01,1,1,10.00,1,14850.00
2025-07-11T16:03:00.000Z,2025-07-11T18:19:00.000Z,BUY,0.01,1,1,10.00,1,14860.00
2025-07-11T18:19:00.000Z,2025-07-15T16:32:00.000Z,BUY,0.01,2,1,10.00,2,14870.00
2025-07-15T16:32:00.000Z,2025-07-15T17:00:00.000Z,BUY,0.01,1,1,10.00,1,14880.00
2025-07-15T17:00:00.000Z,2025-07-15T18:28:00.000Z,SELL,0.01,1,1,10.00,1,14890.00
2025-07-15T18:28:00.000Z,2025-07-15T18:32:00.000Z,SELL,0.01,1,1,10.00,1,14900.00
2025-07-15T18:32:00.000Z,2025-07-16T18:16:00.000Z,SELL,0.01,2,1,10.00,2,14910.00
2025-07-16T18:16:00.000Z,2025-07-16T18:55:00.000Z,SELL,0.01,3,1,10.00,3,14920.00
2025-07-16T18:55:00.000Z,2025-07-16T18:56:00.000Z,SELL,0.01,1,1,10.00,1,14930.00
2025-07-16T18:56:00.000Z,2025-07-17T10:48:00.000Z,SELL,0.01,3,1,10.00,3,14940.00
2025-07-17T10:48:00.000Z,2025-07-17T15:30:00.000Z,SELL,0.01,1,1,10.00,1,14950.00
2025-07-17T15:30:00.000Z,2025-07-18T10:25:00.000Z,SELL,0.01,2,1,10.00,2,14960.00
2025-07-18T10:25:00.000Z,2025-07-18T14:46:00.000Z,BUY,0.01,1,1,10.00,1,14970.00
2025-07-18T14:46:00.000Z,2025-07-21T08:26:00.000Z,BUY,0.01,1,1,10.00,1,14980.00
2025-07-21T08:26:00.000Z,2025-07-21T15:18:00.000Z,BUY,0.01,1,1,10.00,1,14990.00
2025-07-21T15:18:00.000Z,2025-07-21T15:43:00.000Z,BUY,0.01,1,1,10.00,1,15000.00
2025-07-21T15:43:00.000Z,2025-07-21T17:28:00.000Z,BUY,0.01,1,1,10.00,1,15010.00
2025-07-21T17:28:00.000Z,2025-07-22T16:00:00.000Z,BUY,0.01,1,1,10.00,1,15020.00
2025-07-22T16:00:00.000Z,2025-07-22T16:45:00.000Z,BUY,0.01,1,1,10.00,1,15030.00
2025-07-22T16:45:00.000Z,2025-07-22T18:03:00.000Z,BUY,0.01,1,1,10.00,1,15040.00
2025-07-22T18:03:00.000Z,2025-07-23T03:24:00.000Z,BUY,0.01,1,1,10.00,1,15050.00
2025-07-23T03:24:00.000Z,2025-07-23T16:23:00.000Z,BUY,0.01,2,1,10.00,2,15060.00
2025-07-23T16:23:00.000Z,2025-07-23T17:07:00.000Z,BUY,0.01,1,1,10.00,1,15070.00
2025-07-23T17:07:00.000Z,2025-07-23T19:01:00.000Z,BUY,0.01,2,1,10.00,2,15080.00
2025-07-23T19:01:00.000Z,2025-07-24T06:06:00.000Z,SELL,0.01,1,1,10.00,1,15090.00
2025-07-24T06:06:00.000Z,2025-07-24T10:54:00.000Z,SELL,0.01,1,1,10.00,1,15100.00
2025-07-24T10:54:00.000Z,2025-07-24T15:41:00.000Z,SELL,0.01,1,1,10.00,1,15110.00
2025-07-24T15:41:00.000Z,2025-07-25T11:28:00.000Z,SELL,0.01,1,1,10.00,1,15120.00
2025-07-25T11:28:00.000Z,2025-07-25T15:41:00.000Z,SELL,0.01,1,1,10.00,1,15130.00
2025-07-25T15:41:00.000Z,2025-07-25T18:41:00.000Z,SELL,0.01,1,1,10.00,1,15140.00
2025-07-25T18:41:00.000Z,2025-07-28T16:48:00.000Z,SELL,0.01,1,1,10.00,1,15150.00
2025-07-28T16:48:00.000Z,2025-07-28T16:54:00.000Z,SELL,0.01,1,1,10.00,1,15160.00
2025-07-28T16:54:00.000Z,2025-07-30T18:20:00.000Z,SELL,0.01,3,1,10.00,3,15170.00
2025-07-30T18:20:00.000Z,2025-07-30T21:49:00.000Z,SELL,0.01,1,1,10.00,1,15180.00
2025-07-30T21:49:00.000Z,2025-07-30T22:01:00.000Z,SELL,0.01,1,1,10.00,1,15190.00
2025-07-30T22:01:00.000Z,2025-07-31T10:45:00.000Z,SELL,0.01,2,1,10.00,2,15200.00
2025-07-31T10:45:00.000Z,2025-07-31T13:55:00.000Z,SELL,0.01,1,1,10.00,1,15210.00
2025-07-31T13:55:00.000Z,2025-08-01T04:51:00.000Z,SELL,0.01,1,1,10.00,1,15220.00
2025-08-01T04:51:00.000Z,2025-08-01T15:31:00.000Z,SELL,0.01,2,1,10.00,2,15230.00
2025-08-01T15:31:00.000Z,2025-08-01T15:33:00.000Z,BUY,0.01,1,1,10.00,1,15240.00
2025-08-01T15:33:00.000Z,2025-08-01T15:42:00.000Z,BUY,0.01,1,1,10.00,1,15250.00
2025-08-01T15:42:00.000Z,2025-08-01T16:10:00.000Z,BUY,0.01,1,1,10.00,1,15260.00
2025-08-01T16:10:00.000Z,2025-08-01T22:32:00.000Z,BUY,0.01,1,1,10.00,1,15270.00
2025-08-01T22:32:00.000Z,2025-08-04T14:20:00.000Z,BUY,0.01,1,1,10.00,1,15280.00
2025-08-04T14:20:00.000Z,2025-08-04T16:22:00.000Z,BUY,0.01,1,1,10.00,1,15290.00
2025-08-04T16:22:00.000Z,2025-08-05T18:18:00.000Z,BUY,0.01,3,1,10.00,3,15300.00
2025-08-05T18:18:00.000Z,2025-08-07T22:37:00.000Z,BUY,0.01,3,1,10.00,3,15310.00
2025-08-07T22:37:00.000Z,2025-08-08T01:05:00.000Z,BUY,0.01,1,1,10.00,1,15320.00
2025-08-08T01:05:00.000Z,2025-08-08T21:00:00.000Z,BUY,0.01,2,1,10.00,2,15330.00
2025-08-08T21:00:00.000Z,2025-08-08T21:01:00.000Z,BUY,0.01,1,1,10.00,1,15340.00
2025-08-08T21:01:00.000Z,2025-08-08T21:04:00.000Z,BUY,0.01,1,1,10.00,1,15350.00
2025-08-08T21:04:00.000Z,2025-08-11T04:11:00.000Z,BUY,0.01,2,1,10.00,2,15360.00
2025-08-11T04:11:00.000Z,2025-08-11T10:50:00.000Z,SELL,0.01,1,1,10.00,1,15370.00
2025-08-11T10:50:00.000Z,2025-08-11T15:29:00.000Z,SELL,0.01,1,1,10.00,1,15380.00
2025-08-11T15:29:00.000Z,2025-08-12T14:36:00.000Z,SELL,0.01,1,1,10.00,1,15390.00
2025-08-12T14:36:00.000Z,2025-08-13T17:03:00.000Z,SELL,0.01,4,1,10.00,4,15400.00
2025-08-13T17:03:00.000Z,2025-08-14T17:07:00.000Z,BUY,0.01,2,1,10.00,2,15410.00
2025-08-14T17:07:00.000Z,2025-08-18T02:17:00.000Z,SELL,0.01,1,1,10.00,1,15420.00
2025-08-18T02:17:00.000Z,2025-08-18T07:55:00.000Z,SELL,0.01,2,1,10.00,2,15430.00
2025-08-18T07:55:00.000Z,2025-08-19T03:00:00.000Z,BUY,0.01,2,1,10.00,2,15440.00
2025-08-19T03:00:00.000Z,2025-08-19T19:52:00.000Z,SELL,0.01,1,1,10.00,1,15450.00
2025-08-19T19:52:00.000Z,2025-08-20T16:44:00.000Z,SELL,0.01,2,1,10.00,2,15460.00
2025-08-20T16:44:00.000Z,2025-08-22T17:10:00.000Z,BUY,0.01,5,1,10.00,5,15470.00
2025-08-22T17:10:00.000Z,2025-08-26T18:56:00.000Z,SELL,0.01,4,1,10.00,4,15480.00
2025-08-26T18:56:00.000Z,2025-08-27T19:48:00.000Z,BUY,0.01,1,1,10.00,1,15490.00
2025-08-27T19:48:00.000Z,2025-08-28T15:08:00.000Z,BUY,0.01,1,1,10.00,1,15500.00
2025-08-28T15:08:00.000Z,2025-08-28T20:52:00.000Z,BUY,0.01,1,1,10.00,1,15510.00
2025-08-28T20:52:00.000Z,2025-08-29T16:58:00.000Z,BUY,0.01,1,1,10.00,1,15520.00
2025-08-29T16:58:00.000Z,2025-08-29T17:31:00.000Z,BUY,0.01,1,1,10.00,1,15530.00
2025-08-29T17:31:00.000Z,2025-08-29T19:57:00.000Z,BUY,0.01,1,1,10.00,1,15540.00
2025-08-29T19:57:00.000Z,2025-09-01T04:59:00.000Z,BUY,0.01,1,1,10.00,1,15550.00
2025-09-01T04:59:00.000Z,2025-09-01T05:08:00.000Z,BUY,0.01,1,1,10.00,1,15560.00
2025-09-01T05:08:00.000Z,2025-09-01T05:56:00.000Z,BUY,0.01,1,1,10.00,1,15570.00
2025-09-01T05:56:00.000Z,2025-09-01T09:40:00.000Z,BUY,0.01,1,1,10.00,1,15580.00
2025-09-01T09:40:00.000Z,2025-09-02T04:43:00.000Z,BUY,0.01,3,1,10.00,3,15590.00
2025-09-02T04:43:00.000Z,2025-09-02T17:44:00.000Z,BUY,0.01,3,1,10.00,3,15600.00
2025-09-02T17:44:00.000Z,2025-09-02T19:00:00.000Z,BUY,0.01,1,1,10.00,1,15610.00
2025-09-02T19:00:00.000Z,2025-09-02T21:32:00.000Z,BUY,0.01,1,1,10.00,1,15620.00
2025-09-02T21:32:00.000Z,2025-09-03T03:24:00.000Z,BUY,0.01,1,1,10.00,1,15630.00
2025-09-03T03:24:00.000Z,2025-09-03T15:59:00.000Z,BUY,0.01,1,1,10.00,1,15640.00
2025-09-03T15:59:00.000Z,2025-09-03T17:23:00.000Z,BUY,0.01,1,1,10.00,1,15650.00
2025-09-03T17:23:00.000Z,2025-09-03T19:58:00.000Z,BUY,0.01,1,1,10.00,1,15660.00
2025-09-03T19:58:00.000Z,2025-09-04T05:13:00.000Z,BUY,0.01,2,1,10.00,2,15670.00
2025-09-04T05:13:00.000Z,2025-09-04T06:14:00.000Z,BUY,0.01,2,1,10.00,2,15680.00
2025-09-04T06:14:00.000Z,2025-09-04T06:18:00.000Z,BUY,0.01,1,1,10.00,1,15690.00
2025-09-04T06:18:00.000Z,2025-09-04T07:08:00.000Z,BUY,0.01,1,1,10.00,1,15700.00
2025-09-04T07:08:00.000Z,2025-09-04T11:00:00.000Z,BUY,0.01,1,1,10.00,1,15710.00
2025-09-04T11:00:00.000Z,2025-09-05T15:30:00.000Z,SELL,0.01,2,1,10.00,2,15720.00
2025-09-05T15:30:00.000Z,2025-09-05T15:33:00.000Z,BUY,0.01,1,1,10.00,1,15730.00
2025-09-05T15:33:00.000Z,2025-09-05T16:51:00.000Z,BUY,0.01,1,1,10.00,1,15740.00
2025-09-05T16:51:00.000Z,2025-09-08T10:10:00.000Z,BUY,0.01,1,1,10.00,1,15750.00
2025-09-08T10:10:00.000Z,2025-09-08T10:39:00.000Z,BUY,0.01,1,1,10.00,1,15760.00
2025-09-08T10:39:00.000Z,2025-09-08T15:54:00.000Z,BUY,0.01,1,1,10.00,1,15770.00
2025-09-08T15:54:00.000Z,2025-09-08T16:46:00.000Z,BUY,0.01,1,1,10.00,1,15780.00
2025-09-08T16:46:00.000Z,2025-09-08T18:01:00.000Z,BUY,0.01,1,1,10.00,1,15790.00
2025-09-08T18:01:00.000Z,2025-09-09T05:30:00.000Z,BUY,0.01,1,1,10.00,1,15800.00
2025-09-09T05:30:00.000Z,2025-09-09T16:36:00.000Z,BUY,0.01,1,1,10.00,1,15810.00
2025-09-09T16:36:00.000Z,2025-09-09T18:15:00.000Z,BUY,0.01,2,1,10.00,2,15820.00
2025-09-09T18:15:00.000Z,2025-09-09T18:49:00.000Z,BUY,0.01,1,1,10.00,1,15830.00
2025-09-09T18:49:00.000Z,2025-09-10T12:51:00.000Z,BUY,0.01,3,1,10.00,3,15840.00
2025-09-10T12:51:00.000Z,2025-09-11T08:55:00.000Z,BUY,0.01,2,1,10.00,2,15850.00
2025-09-11T08:55:00.000Z,2025-09-11T12:16:00.000Z,SELL,0.01,1,1,10.00,1,15860.00
2025-09-11T12:16:00.000Z,2025-09-12T04:31:00.000Z,SELL,0.01,2,1,10.00,2,15870.00
2025-09-12T04:31:00.000Z,2025-09-12T07:30:00.000Z,BUY,0.01,1,1,10.00,1,15880.00
2025-09-12T07:30:00.000Z,2025-09-15T18:05:00.000Z,BUY,0.01,3,1,10.00,3,15890.00
2025-09-15T18:05:00.000Z,2025-09-15T18:54:00.000Z,BUY,0.01,1,1,10.00,1,15900.00
2025-09-15T18:54:00.000Z,2025-09-16T03:57:00.000Z,BUY,0.01,1,1,10.00,1,15910.00
2025-09-16T03:57:00.000Z,2025-09-16T11:14:00.000Z,BUY,0.01,1,1,10.00,1,15920.00
2025-09-16T11:14:00.000Z,2025-09-17T11:01:00.000Z,BUY,0.01,2,1,10.00,2,15930.00
2025-09-17T11:01:00.000Z,2025-09-17T21:00:00.000Z,SELL,0.01,2,1,10.00,2,15940.00
2025-09-17T21:00:00.000Z,2025-09-17T21:01:00.000Z,BUY,0.01,2,1,10.00,2,15950.00
2025-09-17T21:01:00.000Z,2025-09-17T21:01:00.000Z,BUY,0.01,1,1,10.00,1,15960.00
2025-09-17T21:01:00.000Z,2025-09-17T21:02:00.000Z,BUY,0.01,1,1,10.00,1,15970.00
2025-09-17T21:02:00.000Z,2025-09-17T21:04:00.000Z,BUY,0.01,1,1,10.00,1,15980.00
2025-09-17T21:04:00.000Z,2025-09-17T21:09:00.000Z,BUY,0.01,1,1,10.00,1,15990.00
2025-09-17T21:09:00.000Z,2025-09-17T21:32:00.000Z,BUY,0.01,2,1,10.00,2,16000.00
2025-09-17T21:32:00.000Z,2025-09-17T21:52:00.000Z,BUY,0.01,2,1,10.00,2,16010.00
2025-09-17T21:52:00.000Z,2025-09-17T22:03:00.000Z,BUY,0.01,1,1,10.00,1,16020.00
2025-09-17T22:03:00.000Z,2025-09-18T09:03:00.000Z,SELL,0.01,1,1,10.00,1,16030.00
2025-09-18T09:03:00.000Z,2025-09-18T09:10:00.000Z,SELL,0.01,1,1,10.00,1,16040.00
2025-09-18T09:10:00.000Z,2025-09-18T12:04:00.000Z,SELL,0.01,2,1,10.00,2,16050.00
2025-09-18T12:04:00.000Z,2025-09-18T16:06:00.000Z,SELL,0.01,1,1,10.00,1,16060.00
2025-09-18T16:06:00.000Z,2025-09-18T16:35:00.000Z,SELL,0.01,1,1,10.00,1,16070.00
2025-09-18T16:35:00.000Z,2025-09-18T16:42:00.000Z,SELL,0.01,1,1,10.00,1,16080.00
2025-09-18T16:42:00.000Z,2025-09-19T17:53:00.000Z,SELL,0.01,2,1,10.00,2,16090.00
2025-09-19T17:53:00.000Z,2025-09-19T20:46:00.000Z,BUY,0.01,1,1,10.00,1,16100.00
2025-09-19T20:46:00.000Z,2025-09-22T01:02:00.000Z,BUY,0.01,1,1,10.00,1,16110.00
2025-09-22T01:02:00.000Z,2025-09-22T04:15:00.000Z,BUY,0.01,1,1,10.00,1,16120.00
2025-09-22T04:15:00.000Z,2025-09-22T09:34:00.000Z,BUY,0.01,1,1,10.00,1,16130.00
2025-09-22T09:34:00.000Z,2025-09-22T09:44:00.000Z,BUY,0.01,1,1,10.00,1,16140.00
2025-09-22T09:44:00.000Z,2025-09-22T13:46:00.000Z,BUY,0.01,1,1,10.00,1,16150.00
2025-09-22T13:46:00.000Z,2025-09-22T19:05:00.000Z,BUY,0.01,1,1,10.00,1,16160.00
2025-09-22T19:05:00.000Z,2025-09-22T21:57:00.000Z,BUY,0.01,1,1,10.00,1,16170.00
2025-09-22T21:57:00.000Z,2025-09-23T04:43:00.000Z,BUY,0.01,1,1,10.00,1,16180.00
2025-09-23T04:43:00.000Z,2025-09-23T11:40:00.000Z,BUY,0.01,3,1,10.00,3,16190.00
2025-09-23T11:40:00.000Z,2025-09-23T12:03:00.000Z,BUY,0.01,1,1,10.00,1,16200.00
2025-09-23T12:03:00.000Z,2025-09-23T12:23:00.000Z,BUY,0.01,1,1,10.00,1,16210.00
2025-09-23T12:23:00.000Z,2025-09-23T21:58:00.000Z,BUY,0.01,2,1,10.00,2,16220.00
2025-09-23T21:58:00.000Z,2025-09-24T02:10:00.000Z,BUY,0.01,1,1,10.00,1,16230.00
2025-09-24T02:10:00.000Z,2025-09-24T19:16:00.000Z,BUY,0.01,2,1,10.00,2,16240.00
2025-09-24T19:16:00.000Z,2025-09-24T21:06:00.000Z,SELL,0.01,1,1,10.00,1,16250.00
2025-09-24T21:06:00.000Z,2025-09-24T22:14:00.000Z,SELL,0.01,1,1,10.00,1,16260.00
2025-09-24T22:14:00.000Z,2025-09-25T03:13:00.000Z,SELL,0.01,2,1,10.00,2,16270.00
2025-09-25T03:13:00.000Z,2025-09-25T04:39:00.000Z,SELL,0.01,1,1,10.00,1,16280.00
2025-09-25T04:39:00.000Z,2025-09-25T16:40:00.000Z,SELL,0.01,3,1,10.00,3,16290.00
2025-09-25T16:40:00.000Z,2025-09-25T18:20:00.000Z,BUY,0.01,1,1,10.00,1,16300.00
2025-09-25T18:20:00.000Z,2025-09-26T17:02:00.000Z,SELL,0.01,4,1,10.00,4,16310.00
2025-09-26T17:02:00.000Z,2025-09-26T17:19:00.000Z,BUY,0.01,1,1,10.00,1,16320.00
2025-09-26T17:19:00.000Z,2025-09-29T05:19:00.000Z,BUY,0.01,3,1,10.00,3,16330.00
2025-09-29T05:19:00.000Z,2025-09-29T06:12:00.000Z,BUY,0.01,1,1,10.00,1,16340.00
2025-09-29T06:12:00.000Z,2025-09-29T08:05:00.000Z,BUY,0.01,1,1,10.00,1,16350.00
2025-09-29T08:05:00.000Z,2025-09-29T09:43:00.000Z,BUY,0.01,1,1,10.00,1,16360.00
2025-09-29T09:43:00.000Z,2025-09-29T14:57:00.000Z,BUY,0.01,1,1,10.00,1,16370.00
2025-09-29T14:57:00.000Z,2025-09-30T03:25:00.000Z,BUY,0.01,3,1,10.00,3,16380.00
2025-09-30T03:25:00.000Z,2025-09-30T04:36:00.000Z,BUY,0.01,1,1,10.00,1,16390.00
2025-09-30T04:36:00.000Z,2025-09-30T06:36:00.000Z,BUY,0.01,1,1,10.00,1,16400.00
2025-09-30T06:36:00.000Z,2025-09-30T09:10:00.000Z,BUY,0.01,1,1,10.00,1,16410.00
2025-09-30T09:10:00.000Z,2025-09-30T10:56:00.000Z,BUY,0.01,2,1,10.00,2,16420.00
2025-09-30T10:56:00.000Z,2025-09-30T11:37:00.000Z,BUY,0.01,2,1,10.00,2,16430.00
2025-09-30T11:37:00.000Z,2025-09-30T11:47:00.000Z,BUY,0.01,1,1,10.00,1,16440.00
2025-09-30T11:47:00.000Z,2025-09-30T17:05:00.000Z,BUY,0.01,3,1,10.00,3,16450.00
2025-09-30T17:05:00.000Z,2025-10-01T02:01:00.000Z,SELL,0.01,4,1,10.00,4,16460.00
2025-10-01T02:01:00.000Z,2025-10-01T05:05:00.000Z,BUY,0.01,1,1,10.00,1,16470.00
2025-10-01T05:05:00.000Z,2025-10-01T11:02:00.000Z,BUY,0.01,1,1,10.00,1,16480.00
2025-10-01T11:02:00.000Z,2025-10-01T11:19:00.000Z,BUY,0.01,1,1,10.00,1,16490.00
2025-10-01T11:19:00.000Z,2025-10-01T17:47:00.000Z,BUY,0.01,2,1,10.00,2,16500.00
2025-10-01T17:47:00.000Z,2025-10-01T17:57:00.000Z,BUY,0.01,1,1,10.00,1,16510.00
2025-10-01T17:57:00.000Z,2025-10-02T13:21:00.000Z,BUY,0.01,1,1,10.00,1,16520.00
2025-10-02T13:21:00.000Z,2025-10-02T16:24:00.000Z,BUY,0.01,1,1,10.00,1,16530.00
2025-10-02T16:24:00.000Z,2025-10-02T17:20:00.000Z,BUY,0.01,2,1,10.00,2,16540.00
2025-10-02T17:20:00.000Z,2025-10-02T17:46:00.000Z,BUY,0.01,2,1,10.00,2,16550.00
2025-10-02T17:46:00.000Z,2025-10-02T18:00:00.000Z,BUY,0.01,1,1,10.00,1,16560.00
2025-10-02T18:00:00.000Z,2025-10-02T22:02:00.000Z,BUY,0.01,3,1,10.00,3,16570.00
2025-10-02T22:02:00.000Z,2025-10-03T06:20:00.000Z,SELL,0.01,1,1,10.00,1,16580.00
2025-10-03T06:20:00.000Z,2025-10-03T15:57:00.000Z,SELL,0.01,2,1,10.00,2,16590.00
2025-10-03T15:57:00.000Z,2025-10-03T16:23:00.000Z,BUY,0.01,1,1,10.00,1,16600.00
2025-10-03T16:23:00.000Z,2025-10-06T01:18:00.000Z,BUY,0.01,1,1,10.00,1,16610.00
2025-10-06T01:18:00.000Z,2025-10-06T01:59:00.000Z,BUY,0.01,1,1,10.00,1,16620.00
2025-10-06T01:59:00.000Z,2025-10-06T02:04:00.000Z,BUY,0.01,1,1,10.00,1,16630.00
2025-10-06T02:04:00.000Z,2025-10-06T05:02:00.000Z,BUY,0.01,1,1,10.00,1,16640.00
2025-10-06T05:02:00.000Z,2025-10-06T07:29:00.000Z,BUY,0.01,1,1,10.00,1,16650.00
2025-10-06T07:29:00.000Z,2025-10-06T08:08:00.000Z,BUY,0.01,1,1,10.00,1,16660.00
2025-10-06T08:08:00.000Z,2025-10-06T17:34:00.000Z,BUY,0.01,3,1,10.00,3,16670.00
2025-10-06T17:34:00.000Z,2025-10-06T19:06:00.000Z,BUY,0.01,1,1,10.00,1,16680.00
2025-10-06T19:06:00.000Z,2025-10-07T01:26:00.000Z,BUY,0.01,1,1,10.00,1,16690.00
2025-10-07T01:26:00.000Z,2025-10-07T10:22:00.000Z,BUY,0.01,2,1,10.00,2,16700.00
2025-10-07T10:22:00.000Z,2025-10-07T10:35:00.000Z,BUY,0.01,1,1,10.00,1,16710.00
2025-10-07T10:35:00.000Z,2025-10-07T14:44:00.000Z,BUY,0.01,1,1,10.00,1,16720.00
2025-10-07T14:44:00.000Z,2025-10-07T15:52:00.000Z,BUY,0.01,1,1,10.00,1,16730.00
2025-10-07T15:52:00.000Z,2025-10-07T17:36:00.000Z,BUY,0.01,1,1,10.00,1,16740.00
2025-10-07T17:36:00.000Z,2025-10-08T03:04:00.000Z,BUY,0.01,3,1,10.00,3,16750.00
2025-10-08T03:04:00.000Z,2025-10-08T05:37:00.000Z,BUY,0.01,1,1,10.00,1,16760.00
2025-10-08T05:37:00.000Z,2025-10-08T07:02:00.000Z,BUY,0.01,1,1,10.00,1,16770.00
2025-10-08T07:02:00.000Z,2025-10-08T08:05:00.000Z,BUY,0.01,1,1,10.00,1,16780.00
2025-10-08T08:05:00.000Z,2025-10-08T10:10:00.000Z,BUY,0.01,1,1,10.00,1,16790.00
2025-10-08T10:10:00.000Z,2025-10-08T12:58:00.000Z,BUY,0.01,1,1,10.00,1,16800.00
2025-10-08T12:58:00.000Z,2025-10-08T19:34:00.000Z,BUY,0.01,3,1,10.00,3,16810.00
2025-10-08T19:34:00.000Z,2025-10-09T01:09:00.000Z,BUY,0.01,2,1,10.00,2,16820.00
2025-10-09T01:09:00.000Z,2025-10-09T07:28:00.000Z,BUY,0.01,5,1,10.00,5,16830.00
2025-10-09T07:28:00.000Z,2025-10-09T15:54:00.000Z,BUY,0.01,1,1,10.00,1,16840.00
2025-10-09T15:54:00.000Z,2025-10-09T16:57:00.000Z,BUY,0.01,2,1,10.00,2,16850.00
2025-10-09T16:57:00.000Z,2025-10-09T17:06:00.000Z,BUY,0.01,1,1,10.00,1,16860.00
2025-10-09T17:06:00.000Z,2025-10-09T19:34:00.000Z,BUY,0.01,4,1,10.00,4,16870.00
2025-10-09T19:34:00.000Z,2025-10-09T19:38:00.000Z,SELL,0.01,1,1,10.00,1,16880.00
2025-10-09T19:38:00.000Z,2025-10-09T19:42:00.000Z,SELL,0.01,1,1,10.00,1,16890.00
2025-10-09T19:42:00.000Z,2025-10-09T19:55:00.000Z,SELL,0.01,1,1,10.00,1,16900.00
2025-10-09T19:55:00.000Z,2025-10-09T20:13:00.000Z,SELL,0.01,1,1,10.00,1,16910.00
2025-10-09T20:13:00.000Z,2025-10-09T20:16:00.000Z,SELL,0.01,1,1,10.00,1,16920.00
2025-10-09T20:16:00.000Z,2025-10-09T22:28:00.000Z,SELL,0.01,4,1,10.00,4,16930.00
2025-10-09T22:28:00.000Z,2025-10-10T01:10:00.000Z,SELL,0.01,1,1,10.00,1,16940.00
2025-10-10T01:10:00.000Z,2025-10-10T07:08:00.000Z,SELL,0.01,3,1,10.00,3,16950.00
2025-10-10T07:08:00.000Z,2025-10-10T11:14:00.000Z,SELL,0.01,4,1,10.00,4,16960.00
2025-10-10T11:14:00.000Z,2025-10-10T16:57:00.000Z,SELL,0.01,1,1,10.00,1,16970.00
2025-10-10T16:57:00.000Z,2025-10-10T18:06:00.000Z,SELL,0.01,2,1,10.00,2,16980.00
2025-10-10T18:06:00.000Z,2025-10-10T18:47:00.000Z,SELL,0.01,1,1,10.00,1,16990.00
2025-10-10T18:47:00.000Z,2025-10-10T19:06:00.000Z,SELL,0.01,1,1,10.00,1,17000.00
2025-10-10T19:06:00.000Z,2025-10-10T20:02:00.000Z,SELL,0.01,1,1,10.00,1,17010.00
2025-10-10T20:02:00.000Z,2025-10-10T21:23:00.000Z,SELL,0.01,2,1,10.00,2,17020.00
2025-10-10T21:23:00.000Z,2025-10-10T21:34:00.000Z,SELL,0.01,1,1,10.00,1,17030.00
2025-10-10T21:34:00.000Z,2025-10-13T01:01:00.000Z,SELL,0.01,2,1,10.00,2,17040.00
2025-10-13T01:01:00.000Z,2025-10-13T01:24:00.000Z,BUY,0.01,1,1,10.00,1,17050.00
2025-10-13T01:24:00.000Z,2025-10-13T02:02:00.000Z,BUY,0.01,1,1,10.00,1,17060.00
2025-10-13T02:02:00.000Z,2025-10-13T02:08:00.000Z,BUY,0.01,1,1,10.00,1,17070.00
2025-10-13T02:08:00.000Z,2025-10-13T03:08:00.000Z,BUY,0.01,2,1,10.00,2,17080.00
2025-10-13T03:08:00.000Z,2025-10-13T03:23:00.000Z,BUY,0.01,1,1,10.00,1,17090.00
2025-10-13T03:23:00.000Z,2025-10-13T03:38:00.000Z,BUY,0.01,1,1,10.00,1,17100.00
2025-10-13T03:38:00.000Z,2025-10-13T03:44:00.000Z,BUY,0.01,1,1,10.00,1,17110.00
2025-10-13T03:44:00.000Z,2025-10-13T08:18:00.000Z,BUY,0.01,3,1,10.00,3,17120.00
2025-10-13T08:18:00.000Z,2025-10-13T08:36:00.000Z,BUY,0.01,1,1,10.00,1,17130.00
2025-10-13T08:36:00.000Z,2025-10-13T16:15:00.000Z,BUY,0.01,1,1,10.00,1,17140.00
2025-10-13T16:15:00.000Z,2025-10-13T17:33:00.000Z,BUY,0.01,1,1,10.00,1,17150.00
2025-10-13T17:33:00.000Z,2025-10-13T19:02:00.000Z,BUY,0.01,1,1,10.00,1,17160.00
2025-10-13T19:02:00.000Z,2025-10-14T02:33:00.000Z,BUY,0.01,1,1,10.00,1,17170.00
2025-10-14T02:33:00.000Z,2025-10-14T02:36:00.000Z,BUY,0.01,1,1,10.00,1,17180.00
2025-10-14T02:36:00.000Z,2025-10-14T04:12:00.000Z,BUY,0.01,1,1,10.00,1,17190.00
2025-10-14T04:12:00.000Z,2025-10-14T04:28:00.000Z,BUY,0.01,1,1,10.00,1,17200.00
2025-10-14T04:28:00.000Z,2025-10-14T06:33:00.000Z,BUY,0.01,1,1,10.00,1,17210.00
2025-10-14T06:33:00.000Z,2025-10-14T07:57:00.000Z,BUY,0.01,1,1,10.00,1,17220.00
2025-10-14T07:57:00.000Z,2025-10-14T08:39:00.000Z,BUY,0.01,2,1,10.00,2,17230.00
2025-10-14T08:39:00.000Z,2025-10-14T08:39:00.000Z,BUY,0.01,1,1,10.00,1,17240.00
2025-10-14T08:39:00.000Z,2025-10-14T08:44:00.000Z,BUY,0.01,2,1,10.00,2,17250.00
2025-10-14T08:44:00.000Z,2025-10-14T08:44:00.000Z,BUY,0.01,1,1,10.00,1,17260.00
2025-10-14T08:44:00.000Z,2025-10-14T09:22:00.000Z,BUY,0.01,2,1,10.00,2,17270.00
2025-10-14T09:22:00.000Z,2025-10-14T09:26:00.000Z,BUY,0.01,1,1,10.00,1,17280.00
2025-10-14T09:26:00.000Z,2025-10-14T10:17:00.000Z,BUY,0.01,1,1,10.00,1,17290.00
2025-10-14T10:17:00.000Z,2025-10-14T11:08:00.000Z,BUY,0.01,1,1,10.00,1,17300.00
2025-10-14T11:08:00.000Z,2025-10-14T11:26:00.000Z,BUY,0.01,1,1,10.00,1,17310.00
2025-10-14T11:26:00.000Z,2025-10-14T15:33:00.000Z,BUY,0.01,2,1,10.00,2,17320.00
2025-10-14T15:33:00.000Z,2025-10-14T16:40:00.000Z,BUY,0.01,1,1,10.00,1,17330.00
2025-10-14T16:40:00.000Z,2025-10-14T17:10:00.000Z,BUY,0.01,1,1,10.00,1,17340.00
2025-10-14T17:10:00.000Z,2025-10-14T18:36:00.000Z,BUY,0.01,1,1,10.00,1,17350.00
2025-10-14T18:36:00.000Z,2025-10-14T19:50:00.000Z,BUY,0.01,1,1,10.00,1,17360.00
2025-10-14T19:50:00.000Z,2025-10-15T01:15:00.000Z,BUY,0.01,1,1,10.00,1,17370.00
2025-10-15T01:15:00.000Z,2025-10-15T04:04:00.000Z,BUY,0.01,1,1,10.00,1,17380.00
2025-10-15T04:04:00.000Z,2025-10-15T04:12:00.000Z,BUY,0.01,1,1,10.00,1,17390.00
2025-10-15T04:12:00.000Z,2025-10-15T08:30:00.000Z,BUY,0.01,1,1,10.00,1,17400.00
2025-10-15T08:30:00.000Z,2025-10-15T10:37:00.000Z,BUY,0.01,1,1,10.00,1,17410.00
2025-10-15T10:37:00.000Z,2025-10-15T11:09:00.000Z,BUY,0.01,1,1,10.00,1,17420.00
2025-10-15T11:09:00.000Z,2025-10-15T12:21:00.000Z,BUY,0.01,2,1,10.00,2,17430.00
2025-10-15T12:21:00.000Z,2025-10-15T12:32:00.000Z,BUY,0.01,1,1,10.00,1,17440.00
2025-10-15T12:32:00.000Z,2025-10-15T13:16:00.000Z,BUY,0.01,1,1,10.00,1,17450.00
2025-10-15T13:16:00.000Z,2025-10-16T01:39:00.000Z,BUY,0.01,5,1,10.00,5,17460.00
2025-10-16T01:39:00.000Z,2025-10-16T03:28:00.000Z,BUY,0.01,1,1,10.00,1,17470.00
2025-10-16T03:28:00.000Z,2025-10-16T05:41:00.000Z,BUY,0.01,1,1,10.00,1,17480.00
2025-10-16T05:41:00.000Z,2025-10-16T08:33:00.000Z,BUY,0.01,2,1,10.00,2,17490.00
2025-10-16T08:33:00.000Z,2025-10-16T09:04:00.000Z,BUY,0.01,1,1,10.00,1,17500.00
2025-10-16T09:04:00.000Z,2025-10-16T09:17:00.000Z,BUY,0.01,1,1,10.00,1,17510.00
2025-10-16T09:17:00.000Z,2025-10-16T11:02:00.000Z,BUY,0.01,1,1,10.00,1,17520.00
2025-10-16T11:02:00.000Z,2025-10-16T13:58:00.000Z,BUY,0.01,1,1,10.00,1,17530.00
2025-10-16T13:58:00.000Z,2025-10-16T16:41:00.000Z,BUY,0.01,1,1,10.00,1,17540.00
2025-10-16T16:41:00.000Z,2025-10-16T17:31:00.000Z,BUY,0.01,1,1,10.00,1,17550.00
2025-10-16T17:31:00.000Z,2025-10-16T19:06:00.000Z,BUY,0.01,1,1,10.00,1,17560.00
2025-10-16T19:06:00.000Z,2025-10-16T19:18:00.000Z,BUY,0.01,1,1,10.00,1,17570.00
2025-10-16T19:18:00.000Z,2025-10-16T20:37:00.000Z,BUY,0.01,3,1,10.00,3,17580.00
2025-10-16T20:37:00.000Z,2025-10-16T22:54:00.000Z,BUY,0.01,3,1,10.00,3,17590.00
2025-10-16T22:54:00.000Z,2025-10-16T23:03:00.000Z,BUY,0.01,1,1,10.00,1,17600.00
2025-10-16T23:03:00.000Z,2025-10-16T23:53:00.000Z,BUY,0.01,1,1,10.00,1,17610.00
2025-10-16T23:53:00.000Z,2025-10-17T01:00:00.000Z,BUY,0.01,1,1,10.00,1,17620.00
2025-10-17T01:00:00.000Z,2025-10-17T01:08:00.000Z,BUY,0.01,1,1,10.00,1,17630.00
2025-10-17T01:08:00.000Z,2025-10-17T01:10:00.000Z,BUY,0.01,1,1,10.00,1,17640.00
2025-10-17T01:10:00.000Z,2025-10-17T01:18:00.000Z,BUY,0.01,1,1,10.00,1,17650.00
2025-10-17T01:18:00.000Z,2025-10-17T01:19:00.000Z,BUY,0.01,1,1,10.00,1,17660.00
2025-10-17T01:19:00.000Z,2025-10-17T01:35:00.000Z,BUY,0.01,2,1,10.00,2,17670.00
2025-10-17T01:35:00.000Z,2025-10-17T01:44:00.000Z,BUY,0.01,1,1,10.00,1,17680.00
2025-10-17T01:44:00.000Z,2025-10-17T02:45:00.000Z,BUY,0.01,1,1,10.00,1,17690.00
2025-10-17T02:45:00.000Z,2025-10-17T04:17:00.000Z,BUY,0.01,2,1,10.00,2,17700.00
2025-10-17T04:17:00.000Z,2025-10-17T04:40:00.000Z,BUY,0.01,2,1,10.00,2,17710.00
2025-10-17T04:40:00.000Z,2025-10-17T04:40:00.000Z,BUY,0.01,1,1,10.00,1,17720.00
2025-10-17T04:40:00.000Z,2025-10-17T04:44:00.000Z,BUY,0.01,2,1,10.00,2,17730.00
2025-10-17T04:44:00.000Z,2025-10-17T04:46:00.000Z,BUY,0.01,1,1,10.00,1,17740.00
2025-10-17T04:46:00.000Z,2025-10-17T04:59:00.000Z,BUY,0.01,3,1,10.00,3,17750.00
2025-10-17T04:59:00.000Z,2025-10-17T05:00:00.000Z,BUY,0.01,1,1,10.00,1,17760.00
2025-10-17T05:00:00.000Z,2025-10-17T05:10:00.000Z,BUY,0.01,1,1,10.00,1,17770.00
2025-10-17T05:10:00.000Z,2025-10-17T05:31:00.000Z,BUY,0.01,1,1,10.00,1,17780.00
2025-10-17T05:31:00.000Z,2025-10-17T06:09:00.000Z,BUY,0.01,1,1,10.00,1,17790.00
2025-10-17T06:09:00.000Z,2025-10-17T06:50:00.000Z,BUY,0.01,1,1,10.00,1,17800.00
2025-10-17T06:50:00.000Z,2025-10-17T07:02:00.000Z,BUY,0.01,1,1,10.00,1,17810.00
2025-10-17T07:02:00.000Z,2025-10-17T10:19:00.000Z,BUY,0.01,2,1,10.00,2,17820.00
2025-10-17T10:19:00.000Z,2025-10-17T10:20:00.000Z,BUY,0.01,2,1,10.00,2,17830.00
2025-10-17T10:20:00.000Z,2025-10-17T10:20:00.000Z,BUY,0.01,1,1,10.00,1,17840.00
2025-10-17T10:20:00.000Z,2025-10-17T10:20:00.000Z,BUY,0.01,1,1,10.00,1,17850.00
2025-10-17T10:20:00.000Z,2025-10-17T10:20:00.000Z,BUY,0.01,1,1,10.00,1,17860.00
2025-10-17T10:20:00.000Z,2025-10-17T13:38:00.000Z,BUY,0.01,5,0,-2420.00,5,15440.00
2025-10-17T13:38:00.000Z,2025-10-17T13:48:00.000Z,BUY,0.01,1,1,10.00,1,15450.00
2025-10-17T13:48:00.000Z,2025-10-17T14:51:00.000Z,BUY,0.01,2,1,10.00,2,15460.00
2025-10-17T14:51:00.000Z,2025-10-17T15:13:00.000Z,BUY,0.01,1,1,10.00,1,15470.00
2025-10-17T15:13:00.000Z,2025-10-17T16:35:00.000Z,BUY,0.01,4,1,10.00,4,15480.00
2025-10-17T16:35:00.000Z,2025-10-17T16:35:00.000Z,BUY,0.01,3,1,10.00,3,15490.00
2025-10-17T16:35:00.000Z,2025-10-17T16:37:00.000Z,BUY,0.01,2,1,10.00,2,15500.00
2025-10-17T16:37:00.000Z,2025-10-17T16:38:00.000Z,BUY,0.01,1,1,10.00,1,15510.00
2025-10-17T16:38:00.000Z,2025-10-17T16:39:00.000Z,BUY,0.01,1,1,10.00,1,15520.00
2025-10-17T16:39:00.000Z,2025-10-17T17:03:00.000Z,BUY,0.01,2,1,10.00,2,15530.00
2025-10-17T17:03:00.000Z,2025-10-17T17:14:00.000Z,BUY,0.01,2,1,10.00,2,15540.00
2025-10-17T17:14:00.000Z,2025-10-17T17:14:00.000Z,BUY,0.01,1,1,10.00,1,15550.00
2025-10-17T17:14:00.000Z,2025-10-17T17:29:00.000Z,BUY,0.01,1,1,10.00,1,15560.00
2025-10-17T17:29:00.000Z,2025-10-17T17:39:00.000Z,BUY,0.01,1,1,10.00,1,15570.00
2025-10-17T17:39:00.000Z,2025-10-17T17:40:00.000Z,BUY,0.01,1,1,10.00,1,15580.00
2025-10-17T17:40:00.000Z,2025-10-17T18:20:00.000Z,BUY,0.01,2,1,10.00,2,15590.00
2025-10-17T18:20:00.000Z,2025-10-17T19:25:00.000Z,SELL,0.01,3,1,10.00,3,15600.00
2025-10-17T19:25:00.000Z,2025-10-17T19:30:00.000Z,SELL,0.01,1,1,10.00,1,15610.00
2025-10-17T19:30:00.000Z,2025-10-17T19:46:00.000Z,SELL,0.01,1,1,10.00,1,15620.00
2025-10-17T19:46:00.000Z,2025-10-17T20:03:00.000Z,SELL,0.01,1,1,10.00,1,15630.00
2025-10-17T20:03:00.000Z,2025-10-17T20:41:00.000Z,SELL,0.01,2,1,10.00,2,15640.00
2025-10-17T20:41:00.000Z,2025-10-17T22:19:00.000Z,SELL,0.01,3,1,10.00,3,15650.00
2025-10-17T22:19:00.000Z,2025-10-17T23:28:00.000Z,SELL,0.01,2,1,10.00,2,15660.00
2025-10-17T23:28:00.000Z,2025-10-20T01:03:00.000Z,SELL,0.01,2,1,10.00,2,15670.00
2025-10-20T01:03:00.000Z,2025-10-20T01:03:00.000Z,SELL,0.01,1,1,10.00,1,15680.00
2025-10-20T01:03:00.000Z,2025-10-20T01:09:00.000Z,SELL,0.01,1,1,10.00,1,15690.00
2025-10-20T01:09:00.000Z,2025-10-20T02:16:00.000Z,SELL,0.01,1,1,10.00,1,15700.00
2025-10-20T02:16:00.000Z,2025-10-20T03:11:00.000Z,SELL,0.01,1,1,10.00,1,15710.00
2025-10-20T03:11:00.000Z,2025-10-20T03:18:00.000Z,SELL,0.01,1,1,10.00,1,15720.00
2025-10-20T03:18:00.000Z,2025-10-20T04:12:00.000Z,SELL,0.01,2,1,10.00,2,15730.00
2025-10-20T04:12:00.000Z,2025-10-20T08:55:00.000Z,SELL,0.01,1,1,10.00,1,15740.00
2025-10-20T08:55:00.000Z,2025-10-20T09:04:00.000Z,SELL,0.01,1,1,10.00,1,15750.00
2025-10-20T09:04:00.000Z,2025-10-20T11:10:00.000Z,SELL,0.01,2,1,10.00,2,15760.00
2025-10-20T11:10:00.000Z,2025-10-20T12:21:00.000Z,SELL,0.01,1,1,10.00,1,15770.00
2025-10-20T12:21:00.000Z,2025-10-20T15:13:00.000Z,SELL,0.01,2,1,10.00,2,15780.00
2025-10-20T15:13:00.000Z,2025-10-20T15:36:00.000Z,SELL,0.01,2,1,10.00,2,15790.00
2025-10-20T15:36:00.000Z,2025-10-20T16:59:00.000Z,SELL,0.01,1,1,10.00,1,15800.00
2025-10-20T16:59:00.000Z,2025-10-20T17:10:00.000Z,BUY,0.01,1,1,10.00,1,15810.00
2025-10-20T17:10:00.000Z,2025-10-20T17:15:00.000Z,BUY,0.01,1,1,10.00,1,15820.00
2025-10-20T17:15:00.000Z,2025-10-20T17:20:00.000Z,BUY,0.01,1,1,10.00,1,15830.00
2025-10-20T17:20:00.000Z,2025-10-20T18:10:00.000Z,BUY,0.01,1,1,10.00,1,15840.00
2025-10-20T18:10:00.000Z,2025-10-20T18:18:00.000Z,BUY,0.01,1,1,10.00,1,15850.00
2025-10-20T18:18:00.000Z,2025-10-20T21:38:00.000Z,BUY,0.01,1,1,10.00,1,15860.00
2025-10-20T21:38:00.000Z,2025-10-20T22:53:00.000Z,BUY,0.01,1,1,10.00,1,15870.00
2025-10-20T22:53:00.000Z,2025-10-21T04:30:00.000Z,BUY,0.01,4,1,10.00,4,15880.00
2025-10-21T04:30:00.000Z,2025-10-21T05:23:00.000Z,BUY,0.01,1,1,10.00,1,15890.00
2025-10-21T05:23:00.000Z,2025-10-21T08:34:00.000Z,BUY,0.01,2,1,10.00,2,15900.00
2025-10-21T08:34:00.000Z,2025-10-21T09:41:00.000Z,BUY,0.01,1,1,10.00,1,15910.00
2025-10-21T09:41:00.000Z,2025-10-21T09:49:00.000Z,BUY,0.01,1,1,10.00,1,15920.00
2025-10-21T09:49:00.000Z,2025-10-21T10:33:00.000Z,BUY,0.01,2,1,10.00,2,15930.00
2025-10-21T10:33:00.000Z,2025-10-21T11:03:00.000Z,BUY,0.01,2,1,10.00,2,15940.00
2025-10-21T11:03:00.000Z,2025-10-21T11:13:00.000Z,BUY,0.01,2,1,10.00,2,15950.00
2025-10-21T11:13:00.000Z,2025-10-21T11:18:00.000Z,BUY,0.01,1,1,10.00,1,15960.00
2025-10-21T11:18:00.000Z,2025-10-21T12:00:00.000Z,BUY,0.01,1,1,10.00,1,15970.00
2025-10-21T12:00:00.000Z,2025-10-21T12:05:00.000Z,SELL,0.01,1,1,10.00,1,15980.00
2025-10-21T12:05:00.000Z,2025-10-21T13:15:00.000Z,SELL,0.01,1,1,10.00,1,15990.00
2025-10-21T13:15:00.000Z,2025-10-21T15:10:00.000Z,SELL,0.01,1,1,10.00,1,16000.00
2025-10-21T15:10:00.000Z,2025-10-21T15:10:00.000Z,SELL,0.01,1,1,10.00,1,16010.00
2025-10-21T15:10:00.000Z,2025-10-21T15:10:00.000Z,SELL,0.01,1,1,10.00,1,16020.00
2025-10-21T15:10:00.000Z,2025-10-21T15:46:00.000Z,SELL,0.01,3,1,10.00,3,16030.00
2025-10-21T15:46:00.000Z,2025-10-21T16:01:00.000Z,SELL,0.01,1,1,10.00,1,16040.00
2025-10-21T16:01:00.000Z,2025-10-21T16:12:00.000Z,SELL,0.01,1,1,10.00,1,16050.00
2025-10-21T16:12:00.000Z,2025-10-21T16:37:00.000Z,SELL,0.01,2,1,10.00,2,16060.00
2025-10-21T16:37:00.000Z,2025-10-21T16:37:00.000Z,SELL,0.01,1,1,10.00,1,16070.00
2025-10-21T16:37:00.000Z,2025-10-21T16:46:00.000Z,SELL,0.01,1,1,10.00,1,16080.00
2025-10-21T16:46:00.000Z,2025-10-21T16:47:00.000Z,SELL,0.01,1,1,10.00,1,16090.00
2025-10-21T16:47:00.000Z,2025-10-21T16:48:00.000Z,SELL,0.01,1,1,10.00,1,16100.00
2025-10-21T16:48:00.000Z,2025-10-21T16:49:00.000Z,SELL,0.01,1,1,10.00,1,16110.00
2025-10-21T16:49:00.000Z,2025-10-21T17:20:00.000Z,SELL,0.01,1,1,10.00,1,16120.00
2025-10-21T17:20:00.000Z,2025-10-21T17:24:00.000Z,SELL,0.01,1,1,10.00,1,16130.00
2025-10-21T17:24:00.000Z,2025-10-21T17:28:00.000Z,SELL,0.01,1,1,10.00,1,16140.00
2025-10-21T17:28:00.000Z,2025-10-21T17:30:00.000Z,SELL,0.01,1,1,10.00,1,16150.00
2025-10-21T17:30:00.000Z,2025-10-21T17:38:00.000Z,SELL,0.01,1,1,10.00,1,16160.00
2025-10-21T17:38:00.000Z,2025-10-21T17:42:00.000Z,SELL,0.01,1,1,10.00,1,16170.00
2025-10-21T17:42:00.000Z,2025-10-21T17:43:00.000Z,SELL,0.01,1,1,10.00,1,16180.00
2025-10-21T17:43:00.000Z,2025-10-21T17:45:00.000Z,SELL,0.01,1,1,10.00,1,16190.00
2025-10-21T17:45:00.000Z,2025-10-21T17:50:00.000Z,SELL,0.01,4,1,10.00,4,16200.00
2025-10-21T17:50:00.000Z,2025-10-21T18:11:00.000Z,SELL,0.01,2,1,10.00,2,16210.00
2025-10-21T18:11:00.000Z,2025-10-21T18:15:00.000Z,SELL,0.01,1,1,10.00,1,16220.00
2025-10-21T18:15:00.000Z,2025-10-21T18:20:00.000Z,SELL,0.01,1,1,10.00,1,16230.00
2025-10-21T18:20:00.000Z,2025-10-21T19:22:00.000Z,SELL,0.01,1,1,10.00,1,16240.00
2025-10-21T19:22:00.000Z,2025-10-21T19:38:00.000Z,SELL,0.01,1,1,10.00,1,16250.00
2025-10-21T19:38:00.000Z,2025-10-21T20:27:00.000Z,SELL,0.01,1,1,10.00,1,16260.00
2025-10-21T20:27:00.000Z,2025-10-21T23:34:00.000Z,SELL,0.01,2,1,10.00,2,16270.00
2025-10-21T23:34:00.000Z,2025-10-22T01:05:00.000Z,SELL,0.01,1,1,10.00,1,16280.00
2025-10-22T01:05:00.000Z,2025-10-22T02:50:00.000Z,SELL,0.01,1,1,10.00,1,16290.00
2025-10-22T02:50:00.000Z,2025-10-22T02:57:00.000Z,SELL,0.01,1,1,10.00,1,16300.00
2025-10-22T02:57:00.000Z,2025-10-22T03:00:00.000Z,SELL,0.01,1,1,10.00,1,16310.00
2025-10-22T03:00:00.000Z,2025-10-22T03:02:00.000Z,SELL,0.01,1,1,10.00,1,16320.00
2025-10-22T03:02:00.000Z,2025-10-22T03:02:00.000Z,SELL,0.01,1,1,10.00,1,16330.00
2025-10-22T03:02:00.000Z,2025-10-22T03:02:00.000Z,SELL,0.01,1,1,10.00,1,16340.00
2025-10-22T03:02:00.000Z,2025-10-22T03:06:00.000Z,SELL,0.01,3,1,10.00,3,16350.00
2025-10-22T03:06:00.000Z,2025-10-22T03:09:00.000Z,SELL,0.01,1,1,10.00,1,16360.00
2025-10-22T03:09:00.000Z,2025-10-22T03:10:00.000Z,SELL,0.01,1,1,10.00,1,16370.00
2025-10-22T03:10:00.000Z,2025-10-22T03:11:00.000Z,SELL,0.01,1,1,10.00,1,16380.00
2025-10-22T03:11:00.000Z,2025-10-22T03:12:00.000Z,SELL,0.01,1,1,10.00,1,16390.00
2025-10-22T03:12:00.000Z,2025-10-22T03:14:00.000Z,SELL,0.01,2,1,10.00,2,16400.00
2025-10-22T03:14:00.000Z,2025-10-22T03:14:00.000Z,SELL,0.01,1,1,10.00,1,16410.00
2025-10-22T03:14:00.000Z,2025-10-22T03:19:00.000Z,SELL,0.01,2,1,10.00,2,16420.00
2025-10-22T03:19:00.000Z,2025-10-22T03:22:00.000Z,SELL,0.01,1,1,10.00,1,16430.00
2025-10-22T03:22:00.000Z,2025-10-22T03:35:00.000Z,SELL,0.01,2,1,10.00,2,16440.00
2025-10-22T03:35:00.000Z,2025-10-22T03:57:00.000Z,SELL,0.01,1,1,10.00,1,16450.00
2025-10-22T03:57:00.000Z,2025-10-22T04:04:00.000Z,SELL,0.01,2,1,10.00,2,16460.00
2025-10-22T04:04:00.000Z,2025-10-22T04:40:00.000Z,SELL,0.01,3,1,10.00,3,16470.00
2025-10-22T04:40:00.000Z,2025-10-22T05:10:00.000Z,SELL,0.01,4,1,10.00,4,16480.00
2025-10-22T05:10:00.000Z,2025-10-22T05:40:00.000Z,SELL,0.01,1,1,10.00,1,16490.00
2025-10-22T05:40:00.000Z,2025-10-22T06:37:00.000Z,SELL,0.01,2,1,10.00,2,16500.00
2025-10-22T06:37:00.000Z,2025-10-22T07:05:00.000Z,SELL,0.01,1,1,10.00,1,16510.00
2025-10-22T07:05:00.000Z,2025-10-22T07:11:00.000Z,SELL,0.01,1,1,10.00,1,16520.00
2025-10-22T07:11:00.000Z,2025-10-22T08:17:00.000Z,SELL,0.01,2,1,10.00,2,16530.00
2025-10-22T08:17:00.000Z,2025-10-22T08:35:00.000Z,SELL,0.01,1,1,10.00,1,16540.00
2025-10-22T08:35:00.000Z,2025-10-22T11:02:00.000Z,SELL,0.01,3,1,10.00,3,16550.00
2025-10-22T11:02:00.000Z,2025-10-22T11:05:00.000Z,SELL,0.01,1,1,10.00,1,16560.00
2025-10-22T11:05:00.000Z,2025-10-22T11:09:00.000Z,SELL,0.01,1,1,10.00,1,16570.00
2025-10-22T11:09:00.000Z,2025-10-22T11:12:00.000Z,SELL,0.01,1,1,10.00,1,16580.00
2025-10-22T11:12:00.000Z,2025-10-22T11:15:00.000Z,SELL,0.01,1,1,10.00,1,16590.00
2025-10-22T11:15:00.000Z,2025-10-22T11:15:00.000Z,SELL,0.01,1,1,10.00,1,16600.00
2025-10-22T11:15:00.000Z,2025-10-22T11:15:00.000Z,SELL,0.01,1,1,10.00,1,16610.00
2025-10-22T11:15:00.000Z,2025-10-22T11:20:00.000Z,SELL,0.01,2,1,10.00,2,16620.00
2025-10-22T11:20:00.000Z,2025-10-22T11:20:00.000Z,SELL,0.01,1,1,10.00,1,16630.00
2025-10-22T11:20:00.000Z,2025-10-22T11:23:00.000Z,SELL,0.01,2,1,10.00,2,16640.00
2025-10-22T11:23:00.000Z,2025-10-22T11:27:00.000Z,SELL,0.01,1,1,10.00,1,16650.00
2025-10-22T11:27:00.000Z,2025-10-22T11:41:00.000Z,SELL,0.01,1,1,10.00,1,16660.00
2025-10-22T11:41:00.000Z,2025-10-22T11:46:00.000Z,SELL,0.01,1,1,10.00,1,16670.00
2025-10-22T11:46:00.000Z,2025-10-22T11:59:00.000Z,SELL,0.01,1,1,10.00,1,16680.00
2025-10-22T11:59:00.000Z,2025-10-22T12:08:00.000Z,SELL,0.01,2,1,10.00,2,16690.00
2025-10-22T12:08:00.000Z,2025-10-22T12:10:00.000Z,SELL,0.01,1,1,10.00,1,16700.00
2025-10-22T12:10:00.000Z,2025-10-22T12:12:00.000Z,SELL,0.01,1,1,10.00,1,16710.00
2025-10-22T12:12:00.000Z,2025-10-22T12:17:00.000Z,SELL,0.01,1,1,10.00,1,16720.00
2025-10-22T12:17:00.000Z,2025-10-22T13:41:00.000Z,SELL,0.01,3,1,10.00,3,16730.00
2025-10-22T13:41:00.000Z,2025-10-22T13:41:00.000Z,SELL,0.01,1,1,10.00,1,16740.00
2025-10-22T13:41:00.000Z,2025-10-22T13:54:00.000Z,SELL,0.01,1,1,10.00,1,16750.00
2025-10-22T13:54:00.000Z,2025-10-22T13:56:00.000Z,SELL,0.01,1,1,10.00,1,16760.00
2025-10-22T13:56:00.000Z,2025-10-22T14:02:00.000Z,SELL,0.01,1,1,10.00,1,16770.00
2025-10-22T14:02:00.000Z,2025-10-22T15:31:00.000Z,SELL,0.01,4,1,10.00,4,16780.00
2025-10-22T15:31:00.000Z,2025-10-22T15:49:00.000Z,SELL,0.01,1,1,10.00,1,16790.00
2025-10-22T15:49:00.000Z,2025-10-22T15:55:00.000Z,SELL,0.01,1,1,10.00,1,16800.00
2025-10-22T15:55:00.000Z,2025-10-22T16:03:00.000Z,SELL,0.01,2,1,10.00,2,16810.00
2025-10-22T16:03:00.000Z,2025-10-22T16:30:00.000Z,SELL,0.01,1,1,10.00,1,16820.00
2025-10-22T16:30:00.000Z,2025-10-22T16:39:00.000Z,SELL,0.01,2,1,10.00,2,16830.00
2025-10-22T16:39:00.000Z,2025-10-22T16:47:00.000Z,SELL,0.01,1,1,10.00,1,16840.00
2025-10-22T16:47:00.000Z,2025-10-22T17:10:00.000Z,SELL,0.01,1,1,10.00,1,16850.00
2025-10-22T17:10:00.000Z,2025-10-22T17:32:00.000Z,SELL,0.01,1,1,10.00,1,16860.00
2025-10-22T17:32:00.000Z,2025-10-22T17:34:00.000Z,SELL,0.01,1,1,10.00,1,16870.00
2025-10-22T17:34:00.000Z,2025-10-22T17:42:00.000Z,SELL,0.01,1,1,10.00,1,16880.00
2025-10-22T17:42:00.000Z,2025-10-22T17:48:00.000Z,SELL,0.01,1,1,10.00,1,16890.00
2025-10-22T17:48:00.000Z,2025-10-22T18:20:00.000Z,SELL,0.01,2,1,10.00,2,16900.00
2025-10-22T18:20:00.000Z,2025-10-22T18:24:00.000Z,SELL,0.01,1,1,10.00,1,16910.00
2025-10-22T18:24:00.000Z,2025-10-22T18:31:00.000Z,SELL,0.01,1,1,10.00,1,16920.00
2025-10-22T18:31:00.000Z,2025-10-22T19:32:00.000Z,SELL,0.01,4,1,10.00,4,16930.00
2025-10-22T19:32:00.000Z,2025-10-22T19:32:00.000Z,SELL,0.01,1,1,10.00,1,16940.00
2025-10-22T19:32:00.000Z,2025-10-22T21:14:00.000Z,SELL,0.01,2,1,10.00,2,16950.00
2025-10-22T21:14:00.000Z,2025-10-22T22:30:00.000Z,SELL,0.01,2,1,10.00,2,16960.00
2025-10-22T22:30:00.000Z,2025-10-22T23:24:00.000Z,SELL,0.01,1,1,10.00,1,16970.00
2025-10-22T23:24:00.000Z,2025-10-23T02:12:00.000Z,SELL,0.01,3,1,10.00,3,16980.00
2025-10-23T02:12:00.000Z,2025-10-23T03:21:00.000Z,SELL,0.01,1,1,10.00,1,16990.00
2025-10-23T03:21:00.000Z,2025-10-23T08:54:00.000Z,SELL,0.01,2,1,10.00,2,17000.00
2025-10-23T08:54:00.000Z,2025-10-23T09:14:00.000Z,SELL,0.01,2,1,10.00,2,17010.00
2025-10-23T09:14:00.000Z,2025-10-23T09:19:00.000Z,SELL,0.01,1,1,10.00,1,17020.00
2025-10-23T09:19:00.000Z,2025-10-23T09:39:00.000Z,SELL,0.01,1,1,10.00,1,17030.00
2025-10-23T09:39:00.000Z,2025-10-23T10:35:00.000Z,SELL,0.01,1,1,10.00,1,17040.00
2025-10-23T10:35:00.000Z,2025-10-23T11:06:00.000Z,BUY,0.01,1,1,10.00,1,17050.00
2025-10-23T11:06:00.000Z,2025-10-23T12:31:00.000Z,BUY,0.01,1,1,10.00,1,17060.00
2025-10-23T12:31:00.000Z,2025-10-23T16:06:00.000Z,BUY,0.01,3,1,10.00,3,17070.00
2025-10-23T16:06:00.000Z,2025-10-23T16:24:00.000Z,BUY,0.01,1,1,10.00,1,17080.00
2025-10-23T16:24:00.000Z,2025-10-23T23:00:00.000Z,BUY,0.01,2,1,10.00,2,17090.00
2025-10-23T23:00:00.000Z,2025-10-23T23:57:00.000Z,BUY,0.01,1,1,10.00,1,17100.00
2025-10-23T23:57:00.000Z,2025-10-24T04:03:00.000Z,BUY,0.01,1,1,10.00,1,17110.00
2025-10-24T04:03:00.000Z,2025-10-24T07:24:00.000Z,BUY,0.01,2,1,10.00,2,17120.00
2025-10-24T07:24:00.000Z,2025-10-24T08:03:00.000Z,BUY,0.01,1,1,10.00,1,17130.00
2025-10-24T08:03:00.000Z,2025-10-24T09:07:00.000Z,BUY,0.01,2,1,10.00,2,17140.00
2025-10-24T09:07:00.000Z,2025-10-24T09:40:00.000Z,BUY,0.01,1,1,10.00,1,17150.00
2025-10-24T09:40:00.000Z,2025-10-24T11:04:00.000Z,BUY,0.01,2,1,10.00,2,17160.00
2025-10-24T11:04:00.000Z,2025-10-24T11:10:00.000Z,SELL,0.01,1,1,10.00,1,17170.00
2025-10-24T11:10:00.000Z,2025-10-24T14:03:00.000Z,SELL,0.01,1,1,10.00,1,17180.00
2025-10-24T14:03:00.000Z,2025-10-24T15:30:00.000Z,SELL,0.01,2,1,10.00,2,17190.00
2025-10-24T15:30:00.000Z,2025-10-24T15:30:00.000Z,SELL,0.01,1,1,10.00,1,17200.00
2025-10-24T15:30:00.000Z,2025-10-24T16:06:00.000Z,SELL,0.01,2,1,10.00,2,17210.00
2025-10-24T16:06:00.000Z,2025-10-24T17:12:00.000Z,SELL,0.01,2,1,10.00,2,17220.00
2025-10-24T17:12:00.000Z,2025-10-24T17:53:00.000Z,SELL,0.01,1,1,10.00,1,17230.00
2025-10-24T17:53:00.000Z,2025-10-24T21:03:00.000Z,SELL,0.01,3,1,10.00,3,17240.00
2025-10-24T21:03:00.000Z,2025-10-24T22:04:00.000Z,BUY,0.01,1,1,10.00,1,17250.00
2025-10-24T22:04:00.000Z,2025-10-27T00:00:00.000Z,BUY,0.01,2,1,10.00,2,17260.00
2025-10-27T00:00:00.000Z,2025-10-27T00:10:00.000Z,BUY,0.01,3,1,10.00,3,17270.00
2025-10-27T00:10:00.000Z,2025-10-27T00:14:00.000Z,BUY,0.01,1,1,10.00,1,17280.00
2025-10-27T00:14:00.000Z,2025-10-27T00:46:00.000Z,BUY,0.01,2,1,10.00,2,17290.00
2025-10-27T00:46:00.000Z,2025-10-27T01:01:00.000Z,BUY,0.01,1,1,10.00,1,17300.00
2025-10-27T01:01:00.000Z,2025-10-27T01:27:00.000Z,SELL,0.01,1,1,10.00,1,17310.00
2025-10-27T01:27:00.000Z,2025-10-27T01:43:00.000Z,SELL,0.01,1,1,10.00,1,17320.00
2025-10-27T01:43:00.000Z,2025-10-27T03:09:00.000Z,SELL,0.01,2,1,10.00,2,17330.00
2025-10-27T03:09:00.000Z,2025-10-27T03:31:00.000Z,SELL,0.01,1,1,10.00,1,17340.00
2025-10-27T03:31:00.000Z,2025-10-27T04:06:00.000Z,SELL,0.01,1,1,10.00,1,17350.00
2025-10-27T04:06:00.000Z,2025-10-27T06:02:00.000Z,SELL,0.01,1,1,10.00,1,17360.00
2025-10-27T06:02:00.000Z,2025-10-27T06:05:00.000Z,SELL,0.01,1,1,10.00,1,17370.00
2025-10-27T06:05:00.000Z,2025-10-27T08:08:00.000Z,SELL,0.01,2,1,10.00,2,17380.00
2025-10-27T08:08:00.000Z,2025-10-27T08:56:00.000Z,SELL,0.01,1,1,10.00,1,17390.00
2025-10-27T08:56:00.000Z,2025-10-27T10:06:00.000Z,SELL,0.01,1,1,10.00,1,17400.00
2025-10-27T10:06:00.000Z,2025-10-27T10:53:00.000Z,SELL,0.01,1,1,10.00,1,17410.00
2025-10-27T10:53:00.000Z,2025-10-27T10:53:00.000Z,SELL,0.01,1,1,10.00,1,17420.00
2025-10-27T10:53:00.000Z,2025-10-27T10:55:00.000Z,SELL,0.01,1,1,10.00,1,17430.00
2025-10-27T10:55:00.000Z,2025-10-27T13:11:00.000Z,SELL,0.01,1,1,10.00,1,17440.00
2025-10-27T13:11:00.000Z,2025-10-27T16:03:00.000Z,SELL,0.01,3,1,10.00,3,17450.00
2025-10-27T16:03:00.000Z,2025-10-27T16:08:00.000Z,SELL,0.01,1,1,10.00,1,17460.00
2025-10-27T16:08:00.000Z,2025-10-27T16:17:00.000Z,SELL,0.01,1,1,10.00,1,17470.00
2025-10-27T16:17:00.000Z,2025-10-27T17:00:00.000Z,SELL,0.01,1,1,10.00,1,17480.00
2025-10-27T17:00:00.000Z,2025-10-27T17:09:00.000Z,SELL,0.01,1,1,10.00,1,17490.00
2025-10-27T17:09:00.000Z,2025-10-27T19:02:00.000Z,SELL,0.01,2,1,10.00,2,17500.00
2025-10-27T19:02:00.000Z,2025-10-27T19:20:00.000Z,SELL,0.01,1,1,10.00,1,17510.00
2025-10-27T19:20:00.000Z,2025-10-27T22:51:00.000Z,SELL,0.01,1,1,10.00,1,17520.00
2025-10-27T22:51:00.000Z,2025-10-28T03:00:00.000Z,SELL,0.01,4,1,10.00,4,17530.00
2025-10-28T03:00:00.000Z,2025-10-28T04:21:00.000Z,SELL,0.01,1,1,10.00,1,17540.00
2025-10-28T04:21:00.000Z,2025-10-28T04:38:00.000Z,SELL,0.01,1,1,10.00,1,17550.00
2025-10-28T04:38:00.000Z,2025-10-28T06:22:00.000Z,SELL,0.01,1,1,10.00,1,17560.00
2025-10-28T06:22:00.000Z,2025-10-28T06:26:00.000Z,SELL,0.01,1,1,10.00,1,17570.00
2025-10-28T06:26:00.000Z,2025-10-28T07:40:00.000Z,SELL,0.01,1,1,10.00,1,17580.00
2025-10-28T07:40:00.000Z,2025-10-28T08:38:00.000Z,SELL,0.01,1,1,10.00,1,17590.00
2025-10-28T08:38:00.000Z,2025-10-28T08:54:00.000Z,SELL,0.01,1,1,10.00,1,17600.00
2025-10-28T08:54:00.000Z,2025-10-28T09:31:00.000Z,SELL,0.01,1,1,10.00,1,17610.00
2025-10-28T09:31:00.000Z,2025-10-28T10:18:00.000Z,SELL,0.01,1,1,10.00,1,17620.00
2025-10-28T10:18:00.000Z,2025-10-28T10:37:00.000Z,SELL,0.01,1,1,10.00,1,17630.00
2025-10-28T10:37:00.000Z,2025-10-28T10:58:00.000Z,SELL,0.01,1,1,10.00,1,17640.00
2025-10-28T10:58:00.000Z,2025-10-28T11:07:00.000Z,SELL,0.01,1,1,10.00,1,17650.00
2025-10-28T11:07:00.000Z,2025-10-28T12:42:00.000Z,SELL,0.01,2,1,10.00,2,17660.00
2025-10-28T12:42:00.000Z,2025-10-28T14:51:00.000Z,SELL,0.01,1,1,10.00,1,17670.00
2025-10-28T14:51:00.000Z,2025-10-28T15:58:00.000Z,SELL,0.01,2,1,10.00,2,17680.00
2025-10-28T15:58:00.000Z,2025-10-28T17:50:00.000Z,SELL,0.01,2,1,10.00,2,17690.00
2025-10-28T17:50:00.000Z,2025-10-28T18:03:00.000Z,SELL,0.01,1,1,10.00,1,17700.00
2025-10-28T18:03:00.000Z,2025-10-28T20:32:00.000Z,SELL,0.01,1,1,10.00,1,17710.00
2025-10-28T20:32:00.000Z,2025-10-29T00:07:00.000Z,SELL,0.01,1,1,10.00,1,17720.00
2025-10-29T00:07:00.000Z,2025-10-29T00:07:00.000Z,SELL,0.01,1,1,10.00,1,17730.00
2025-10-29T00:07:00.000Z,2025-10-29T00:07:00.000Z,SELL,0.01,1,1,10.00,1,17740.00
2025-10-29T00:07:00.000Z,2025-10-29T00:07:00.000Z,SELL,0.01,2,1,10.00,2,17750.00
2025-10-29T00:07:00.000Z,2025-10-29T00:07:00.000Z,SELL,0.01,1,1,10.00,1,17760.00
2025-10-29T00:07:00.000Z,2025-10-29T00:08:00.000Z,SELL,0.01,1,1,10.00,1,17770.00
2025-10-29T00:08:00.000Z,2025-10-29T01:43:00.000Z,SELL,0.01,2,1,10.00,2,17780.00
2025-10-29T01:43:00.000Z,2025-10-29T04:36:00.000Z,SELL,0.01,3,1,10.00,3,17790.00
2025-10-29T04:36:00.000Z,2025-10-29T08:34:00.000Z,SELL,0.01,2,1,10.00,2,17800.00
2025-10-29T08:34:00.000Z,2025-10-29T10:03:00.000Z,SELL,0.01,2,1,10.00,2,17810.00
2025-10-29T10:03:00.000Z,2025-10-29T10:56:00.000Z,BUY,0.01,1,1,10.00,1,17820.00
2025-10-29T10:56:00.000Z,2025-10-29T11:49:00.000Z,BUY,0.01,1,1,10.00,1,17830.00
2025-10-29T11:49:00.000Z,2025-10-29T17:48:00.000Z,BUY,0.01,2,1,10.00,2,17840.00
2025-10-29T17:48:00.000Z,2025-10-29T20:35:00.000Z,BUY,0.01,2,1,10.00,2,17850.00
2025-10-29T20:35:00.000Z,2025-10-29T20:35:00.000Z,BUY,0.01,1,1,10.00,1,17860.00
2025-10-29T20:35:00.000Z,2025-10-29T20:41:00.000Z,BUY,0.01,2,1,10.00,2,17870.00
2025-10-29T20:41:00.000Z,2025-10-29T20:43:00.000Z,BUY,0.01,1,1,10.00,1,17880.00
2025-10-29T20:43:00.000Z,2025-10-29T20:56:00.000Z,BUY,0.01,1,1,10.00,1,17890.00
2025-10-29T20:56:00.000Z,2025-10-29T21:00:00.000Z,BUY,0.01,1,1,10.00,1,17900.00
2025-10-29T21:00:00.000Z,2025-10-29T21:31:00.000Z,BUY,0.01,2,1,10.00,2,17910.00
2025-10-29T21:31:00.000Z,2025-10-30T00:00:00.000Z,BUY,0.01,2,1,10.00,2,17920.00
2025-10-30T00:00:00.000Z,2025-10-30T00:49:00.000Z,SELL,0.01,2,1,10.00,2,17930.00
2025-10-30T00:49:00.000Z,2025-10-30T04:04:00.000Z,SELL,0.01,1,1,10.00,1,17940.00
2025-10-30T04:04:00.000Z,2025-10-30T04:10:00.000Z,SELL,0.01,1,1,10.00,1,17950.00
2025-10-30T04:10:00.000Z,2025-10-30T05:01:00.000Z,SELL,0.01,1,1,10.00,1,17960.00
2025-10-30T05:01:00.000Z,2025-10-30T06:18:00.000Z,SELL,0.01,2,1,10.00,2,17970.00
2025-10-30T06:18:00.000Z,2025-10-30T06:36:00.000Z,SELL,0.01,2,1,10.00,2,17980.00
2025-10-30T06:36:00.000Z,2025-10-30T06:36:00.000Z,SELL,0.01,1,1,10.00,1,17990.00
2025-10-30T06:36:00.000Z,2025-10-30T07:25:00.000Z,SELL,0.01,1,1,10.00,1,18000.00
2025-10-30T07:25:00.000Z,2025-10-30T11:03:00.000Z,SELL,0.01,4,1,10.00,4,18010.00
2025-10-30T11:03:00.000Z,2025-10-30T12:35:00.000Z,SELL,0.01,3,1,10.00,3,18020.00
2025-10-30T12:35:00.000Z,2025-10-30T12:52:00.000Z,BUY,0.01,1,1,10.00,1,18030.00
2025-10-30T12:52:00.000Z,2025-10-30T16:00:00.000Z,BUY,0.01,3,1,10.00,3,18040.00
2025-10-30T16:00:00.000Z,2025-10-30T16:08:00.000Z,BUY,0.01,1,1,10.00,1,18050.00
2025-10-30T16:08:00.000Z,2025-10-30T19:47:00.000Z,BUY,0.01,3,1,10.00,3,18060.00
2025-10-30T19:47:00.000Z,2025-10-31T00:35:00.000Z,BUY,0.01,1,1,10.00,1,18070.00
2025-10-31T00:35:00.000Z,2025-10-31T00:50:00.000Z,BUY,0.01,1,1,10.00,1,18080.00
2025-10-31T00:50:00.000Z,2025-10-31T04:35:00.000Z,BUY,0.01,2,1,10.00,2,18090.00
2025-10-31T04:35:00.000Z,2025-10-31T09:17:00.000Z,BUY,0.01,1,1,10.00,1,18100.00
2025-10-31T09:17:00.000Z,2025-10-31T14:41:00.000Z,BUY,0.01,1,1,10.00,1,18110.00
2025-10-31T14:41:00.000Z,2025-10-31T18:09:00.000Z,BUY,0.01,2,1,10.00,2,18120.00
2025-10-31T18:09:00.000Z,2025-10-31T20:18:00.000Z,BUY,0.01,3,1,10.00,3,18130.00
2025-10-31T20:18:00.000Z,2025-10-31T21:16:00.000Z,SELL,0.01,1,1,10.00,1,18140.00
2025-10-31T21:16:00.000Z,2025-11-03T01:00:00.000Z,SELL,0.01,1,1,10.00,1,18150.00
2025-11-03T01:00:00.000Z,2025-11-03T02:13:00.000Z,SELL,0.01,1,1,10.00,1,18160.00
2025-11-03T02:13:00.000Z,2025-11-03T02:14:00.000Z,SELL,0.01,1,1,10.00,1,18170.00
2025-11-03T02:14:00.000Z,2025-11-03T03:27:00.000Z,SELL,0.01,2,1,10.00,2,18180.00
2025-11-03T03:27:00.000Z,2025-11-03T10:05:00.000Z,SELL,0.01,2,1,10.00,2,18190.00
2025-11-03T10:05:00.000Z,2025-11-03T11:44:00.000Z,BUY,0.01,2,1,10.00,2,18200.00
2025-11-03T11:44:00.000Z,2025-11-03T13:48:00.000Z,BUY,0.01,1,1,10.00,1,18210.00
2025-11-03T13:48:00.000Z,2025-11-03T15:13:00.000Z,BUY,0.01,1,1,10.00,1,18220.00
2025-11-03T15:13:00.000Z,2025-11-03T17:00:00.000Z,BUY,0.01,1,1,10.00,1,18230.00
2025-11-03T17:00:00.000Z,2025-11-03T18:17:00.000Z,BUY,0.01,2,1,10.00,2,18240.00
2025-11-03T18:17:00.000Z,2025-11-03T18:48:00.000Z,BUY,0.01,1,1,10.00,1,18250.00
2025-11-03T18:48:00.000Z,2025-11-04T02:43:00.000Z,BUY,0.01,2,1,10.00,2,18260.00
2025-11-04T02:43:00.000Z,2025-11-04T08:07:00.000Z,SELL,0.01,3,1,10.00,3,18270.00
2025-11-04T08:07:00.000Z,2025-11-04T10:04:00.000Z,SELL,0.01,2,1,10.00,2,18280.00
2025-11-04T10:04:00.000Z,2025-11-04T12:00:00.000Z,SELL,0.01,1,1,10.00,1,18290.00
2025-11-04T12:00:00.000Z,2025-11-04T15:38:00.000Z,SELL,0.01,1,1,10.00,1,18300.00
2025-11-04T15:38:00.000Z,2025-11-04T16:05:00.000Z,SELL,0.01,1,1,10.00,1,18310.00
2025-11-04T16:05:00.000Z,2025-11-04T16:29:00.000Z,SELL,0.01,1,1,10.00,1,18320.00
2025-11-04T16:29:00.000Z,2025-11-04T16:32:00.000Z,SELL,0.01,1,1,10.00,1,18330.00
2025-11-04T16:32:00.000Z,2025-11-04T16:34:00.000Z,SELL,0.01,1,1,10.00,1,18340.00
2025-11-04T16:34:00.000Z,2025-11-04T17:39:00.000Z,SELL,0.01,2,1,10.00,2,18350.00
2025-11-04T17:39:00.000Z,2025-11-04T19:52:00.000Z,SELL,0.01,1,1,10.00,1,18360.00
2025-11-04T19:52:00.000Z,2025-11-04T20:27:00.000Z,SELL,0.01,1,1,10.00,1,18370.00
2025-11-04T20:27:00.000Z,2025-11-04T20:36:00.000Z,SELL,0.01,1,1,10.00,1,18380.00
2025-11-04T20:36:00.000Z,2025-11-05T06:31:00.000Z,SELL,0.01,2,1,10.00,2,18390.00
2025-11-05T06:31:00.000Z,2025-11-06T05:23:00.000Z,SELL,0.01,5,0,-2420.00,5,15970.00
2025-11-06T05:23:00.000Z,2025-11-06T09:00:00.000Z,BUY,0.01,1,1,10.00,1,15980.00
2025-11-06T09:00:00.000Z,2025-11-06T09:20:00.000Z,BUY,0.01,1,1,10.00,1,15990.00
2025-11-06T09:20:00.000Z,2025-11-06T10:30:00.000Z,BUY,0.01,1,1,10.00,1,16000.00
2025-11-06T10:30:00.000Z,2025-11-06T17:02:00.000Z,BUY,0.01,2,1,10.00,2,16010.00
2025-11-06T17:02:00.000Z,2025-11-07T03:10:00.000Z,BUY,0.01,3,1,10.00,3,16020.00
2025-11-07T03:10:00.000Z,2025-11-07T06:03:00.000Z,SELL,0.01,1,1,10.00,1,16030.00
2025-11-07T06:03:00.000Z,2025-11-07T06:21:00.000Z,BUY,0.01,1,1,10.00,1,16040.00
2025-11-07T06:21:00.000Z,2025-11-07T08:51:00.000Z,BUY,0.01,1,1,10.00,1,16050.00
2025-11-07T08:51:00.000Z,2025-11-07T18:34:00.000Z,BUY,0.01,3,1,10.00,3,16060.00
2025-11-07T18:34:00.000Z,2025-11-07T18:40:00.000Z,BUY,0.01,1,1,10.00,1,16070.00
2025-11-07T18:40:00.000Z,2025-11-07T19:06:00.000Z,BUY,0.01,2,1,10.00,2,16080.00
2025-11-07T19:06:00.000Z,2025-11-07T20:00:00.000Z,BUY,0.01,1,1,10.00,1,16090.00
2025-11-07T20:00:00.000Z,2025-11-10T02:46:00.000Z,BUY,0.01,1,1,10.00,1,16100.00
2025-11-10T02:46:00.000Z,2025-11-10T03:11:00.000Z,BUY,0.01,1,1,10.00,1,16110.00
2025-11-10T03:11:00.000Z,2025-11-10T03:21:00.000Z,BUY,0.01,1,1,10.00,1,16120.00
2025-11-10T03:21:00.000Z,2025-11-10T03:26:00.000Z,BUY,0.01,1,1,10.00,1,16130.00
2025-11-10T03:26:00.000Z,2025-11-10T07:30:00.000Z,BUY,0.01,1,1,10.00,1,16140.00
2025-11-10T07:30:00.000Z,2025-11-10T07:59:00.000Z,BUY,0.01,1,1,10.00,1,16150.00
2025-11-10T07:59:00.000Z,2025-11-10T10:06:00.000Z,BUY,0.01,1,1,10.00,1,16160.00
2025-11-10T10:06:00.000Z,2025-11-10T14:14:00.000Z,BUY,0.01,1,1,10.00,1,16170.00
2025-11-10T14:14:00.000Z,2025-11-10T14:54:00.000Z,BUY,0.01,1,1,10.00,1,16180.00
2025-11-10T14:54:00.000Z,2025-11-10T20:18:00.000Z,BUY,0.01,3,1,10.00,3,16190.00
2025-11-10T20:18:00.000Z,2025-11-11T01:10:00.000Z,BUY,0.01,1,1,10.00,1,16200.00
2025-11-11T01:10:00.000Z,2025-11-11T02:48:00.000Z,BUY,0.01,1,1,10.00,1,16210.00
2025-11-11T02:48:00.000Z,2025-11-11T03:34:00.000Z,BUY,0.01,1,1,10.00,1,16220.00
2025-11-11T03:34:00.000Z,2025-11-11T17:22:00.000Z,BUY,0.01,2,1,10.00,2,16230.00
2025-11-11T17:22:00.000Z,2025-11-11T21:44:00.000Z,BUY,0.01,1,1,10.00,1,16240.00
2025-11-11T21:44:00.000Z,2025-11-11T22:54:00.000Z,BUY,0.01,1,1,10.00,1,16250.00
2025-11-11T22:54:00.000Z,2025-11-12T01:39:00.000Z,BUY,0.01,1,1,10.00,1,16260.00
2025-11-12T01:39:00.000Z,2025-11-12T06:00:00.000Z,BUY,0.01,2,1,10.00,2,16270.00
2025-11-12T06:00:00.000Z,2025-11-12T09:09:00.000Z,BUY,0.01,1,1,10.00,1,16280.00
2025-11-12T09:09:00.000Z,2025-11-12T17:10:00.000Z,SELL,0.01,2,1,10.00,2,16290.00
2025-11-12T17:10:00.000Z,2025-11-12T17:13:00.000Z,BUY,0.01,1,1,10.00,1,16300.00
2025-11-12T17:13:00.000Z,2025-11-12T17:33:00.000Z,BUY,0.01,1,1,10.00,1,16310.00
2025-11-12T17:33:00.000Z,2025-11-12T17:48:00.000Z,BUY,0.01,1,1,10.00,1,16320.00
2025-11-12T17:48:00.000Z,2025-11-12T18:32:00.000Z,BUY,0.01,1,1,10.00,1,16330.00
2025-11-12T18:32:00.000Z,2025-11-12T19:36:00.000Z,BUY,0.01,1,1,10.00,1,16340.00
2025-11-12T19:36:00.000Z,2025-11-13T05:59:00.000Z,BUY,0.01,3,1,10.00,3,16350.00
2025-11-13T05:59:00.000Z,2025-11-13T10:02:00.000Z,BUY,0.01,1,1,10.00,1,16360.00
2025-11-13T10:02:00.000Z,2025-11-13T10:16:00.000Z,BUY,0.01,1,1,10.00,1,16370.00
2025-11-13T10:16:00.000Z,2025-11-13T14:59:00.000Z,BUY,0.01,1,1,10.00,1,16380.00
2025-11-13T14:59:00.000Z,2025-11-13T16:09:00.000Z,BUY,0.01,2,1,10.00,2,16390.00
2025-11-13T16:09:00.000Z,2025-11-13T20:31:00.000Z,BUY,0.01,2,1,10.00,2,16400.00
2025-11-13T20:31:00.000Z,2025-11-13T20:35:00.000Z,BUY,0.01,2,1,10.00,2,16410.00
2025-11-13T20:35:00.000Z,2025-11-13T20:35:00.000Z,BUY,0.01,1,1,10.00,1,16420.00
2025-11-13T20:35:00.000Z,2025-11-13T23:08:00.000Z,BUY,0.01,1,1,10.00,1,16430.00
2025-11-13T23:08:00.000Z,2025-11-14T04:31:00.000Z,SELL,0.01,2,1,10.00,2,16440.00
2025-11-14T04:31:00.000Z,2025-11-14T07:09:00.000Z,SELL,0.01,1,1,10.00,1,16450.00
2025-11-14T07:09:00.000Z,2025-11-14T09:22:00.000Z,BUY,0.01,2,1,10.00,2,16460.00
2025-11-14T09:22:00.000Z,2025-11-14T13:12:00.000Z,SELL,0.01,3,1,10.00,3,16470.00
2025-11-14T13:12:00.000Z,2025-11-14T13:17:00.000Z,SELL,0.01,1,1,10.00,1,16480.00
2025-11-14T13:17:00.000Z,2025-11-14T13:56:00.000Z,SELL,0.01,1,1,10.00,1,16490.00
2025-11-14T13:56:00.000Z,2025-11-14T14:17:00.000Z,SELL,0.01,1,1,10.00,1,16500.00
2025-11-14T14:17:00.000Z,2025-11-14T14:22:00.000Z,SELL,0.01,1,1,10.00,1,16510.00
2025-11-14T14:22:00.000Z,2025-11-14T15:11:00.000Z,SELL,0.01,1,1,10.00,1,16520.00
2025-11-14T15:11:00.000Z,2025-11-14T15:12:00.000Z,SELL,0.01,1,1,10.00,1,16530.00
2025-11-14T15:12:00.000Z,2025-11-14T15:19:00.000Z,SELL,0.01,1,1,10.00,1,16540.00
2025-11-14T15:19:00.000Z,2025-11-14T15:23:00.000Z,SELL,0.01,1,1,10.00,1,16550.00
2025-11-14T15:23:00.000Z,2025-11-14T15:26:00.000Z,SELL,0.01,1,1,10.00,1,16560.00
2025-11-14T15:26:00.000Z,2025-11-14T15:35:00.000Z,SELL,0.01,1,1,10.00,1,16570.00
2025-11-14T15:35:00.000Z,2025-11-14T15:51:00.000Z,SELL,0.01,1,1,10.00,1,16580.00
2025-11-14T15:51:00.000Z,2025-11-14T16:44:00.000Z,SELL,0.01,2,1,10.00,2,16590.00
2025-11-14T16:44:00.000Z,2025-11-14T18:22:00.000Z,SELL,0.01,2,1,10.00,2,16600.00
2025-11-14T18:22:00.000Z,2025-11-14T20:01:00.000Z,SELL,0.01,1,1,10.00,1,16610.00
2025-11-14T20:01:00.000Z,2025-11-14T22:21:00.000Z,SELL,0.01,1,1,10.00,1,16620.00
2025-11-14T22:21:00.000Z,2025-11-17T05:01:00.000Z,SELL,0.01,5,1,10.00,5,16630.00
2025-11-17T05:01:00.000Z,2025-11-17T07:26:00.000Z,SELL,0.01,1,1,10.00,1,16640.00
2025-11-17T07:26:00.000Z,2025-11-17T07:36:00.000Z,SELL,0.01,1,1,10.00,1,16650.00
2025-11-17T07:36:00.000Z,2025-11-17T09:39:00.000Z,SELL,0.01,2,1,10.00,2,16660.00
2025-11-17T09:39:00.000Z,2025-11-17T12:54:00.000Z,SELL,0.01,1,1,10.00,1,16670.00
2025-11-17T12:54:00.000Z,2025-11-17T18:04:00.000Z,SELL,0.01,3,1,10.00,3,16680.00
2025-11-17T18:04:00.000Z,2025-11-17T21:32:00.000Z,SELL,0.01,3,1,10.00,3,16690.00
2025-11-17T21:32:00.000Z,2025-11-17T21:34:00.000Z,SELL,0.01,1,1,10.00,1,16700.00
2025-11-17T21:34:00.000Z,2025-11-17T21:40:00.000Z,SELL,0.01,1,1,10.00,1,16710.00
2025-11-17T21:40:00.000Z,2025-11-17T21:43:00.000Z,SELL,0.01,1,1,10.00,1,16720.00
2025-11-17T21:43:00.000Z,2025-11-17T22:00:00.000Z,SELL,0.01,1,1,10.00,1,16730.00
2025-11-17T22:00:00.000Z,2025-11-17T22:55:00.000Z,SELL,0.01,2,1,10.00,2,16740.00
2025-11-17T22:55:00.000Z,2025-11-18T02:23:00.000Z,SELL,0.01,1,1,10.00,1,16750.00
2025-11-18T02:23:00.000Z,2025-11-18T04:54:00.000Z,SELL,0.01,1,1,10.00,1,16760.00
2025-11-18T04:54:00.000Z,2025-11-18T06:17:00.000Z,SELL,0.01,1,1,10.00,1,16770.00
2025-11-18T06:17:00.000Z,2025-11-18T10:35:00.000Z,SELL,0.01,2,1,10.00,2,16780.00
2025-11-18T10:35:00.000Z,2025-11-18T15:37:00.000Z,SELL,0.01,2,1,10.00,2,16790.00
2025-11-18T15:37:00.000Z,2025-11-18T17:03:00.000Z,SELL,0.01,1,1,10.00,1,16800.00
2025-11-18T17:03:00.000Z,2025-11-18T17:30:00.000Z,BUY,0.01,1,1,10.00,1,16810.00
2025-11-18T17:30:00.000Z,2025-11-18T21:13:00.000Z,BUY,0.01,3,1,10.00,3,16820.00
2025-11-18T21:13:00.000Z,2025-11-19T07:18:00.000Z,BUY,0.01,3,1,10.00,3,16830.00
2025-11-19T07:18:00.000Z,2025-11-19T08:00:00.000Z,BUY,0.01,1,1,10.00,1,16840.00
2025-11-19T08:00:00.000Z,2025-11-19T11:55:00.000Z,BUY,0.01,3,1,10.00,3,16850.00
2025-11-19T11:55:00.000Z,2025-11-19T12:06:00.000Z,BUY,0.01,1,1,10.00,1,16860.00
2025-11-19T12:06:00.000Z,2025-11-19T17:00:00.000Z,BUY,0.01,1,1,10.00,1,16870.00
2025-11-19T17:00:00.000Z,2025-11-19T17:53:00.000Z,BUY,0.01,2,1,10.00,2,16880.00
2025-11-19T17:53:00.000Z,2025-11-19T18:37:00.000Z,BUY,0.01,2,1,10.00,2,16890.00
2025-11-19T18:37:00.000Z,2025-11-19T19:50:00.000Z,BUY,0.01,1,1,10.00,1,16900.00
2025-11-19T19:50:00.000Z,2025-11-19T20:52:00.000Z,BUY,0.01,1,1,10.00,1,16910.00
2025-11-19T20:52:00.000Z,2025-11-20T01:46:00.000Z,BUY,0.01,3,1,10.00,3,16920.00
2025-11-20T01:46:00.000Z,2025-11-20T02:01:00.000Z,BUY,0.01,1,1,10.00,1,16930.00
2025-11-20T02:01:00.000Z,2025-11-20T04:00:00.000Z,BUY,0.01,2,1,10.00,2,16940.00
2025-11-20T04:00:00.000Z,2025-11-20T04:18:00.000Z,BUY,0.01,2,1,10.00,2,16950.00
2025-11-20T04:18:00.000Z,2025-11-20T04:31:00.000Z,BUY,0.01,1,1,10.00,1,16960.00
2025-11-20T04:31:00.000Z,2025-11-20T05:00:00.000Z,BUY,0.01,1,1,10.00,1,16970.00
2025-11-20T05:00:00.000Z,2025-11-20T08:27:00.000Z,SELL,0.01,1,1,10.00,1,16980.00
2025-11-20T08:27:00.000Z,2025-11-20T10:04:00.000Z,SELL,0.01,1,1,10.00,1,16990.00
2025-11-20T10:04:00.000Z,2025-11-20T10:23:00.000Z,SELL,0.01,1,1,10.00,1,17000.00
2025-11-20T10:23:00.000Z,2025-11-20T11:02:00.000Z,SELL,0.01,2,1,10.00,2,17010.00
2025-11-20T11:02:00.000Z,2025-11-20T11:29:00.000Z,SELL,0.01,1,1,10.00,1,17020.00
2025-11-20T11:29:00.000Z,2025-11-20T15:05:00.000Z,SELL,0.01,2,1,10.00,2,17030.00
2025-11-20T15:05:00.000Z,2025-11-20T15:30:00.000Z,SELL,0.01,1,1,10.00,1,17040.00
2025-11-20T15:30:00.000Z,2025-11-20T15:30:00.000Z,SELL,0.01,1,1,10.00,1,17050.00
2025-11-20T15:30:00.000Z,2025-11-20T16:49:00.000Z,SELL,0.01,2,1,10.00,2,17060.00
2025-11-20T16:49:00.000Z,2025-11-20T17:06:00.000Z,SELL,0.01,1,1,10.00,1,17070.00
2025-11-20T17:06:00.000Z,2025-11-20T17:35:00.000Z,SELL,0.01,1,1,10.00,1,17080.00
2025-11-20T17:35:00.000Z,2025-11-20T18:22:00.000Z,SELL,0.01,1,1,10.00,1,17090.00
2025-11-20T18:22:00.000Z,2025-11-20T18:42:00.000Z,SELL,0.01,1,1,10.00,1,17100.00
2025-11-20T18:42:00.000Z,2025-11-20T18:59:00.000Z,SELL,0.01,1,1,10.00,1,17110.00
2025-11-20T18:59:00.000Z,2025-11-20T21:21:00.000Z,SELL,0.01,2,1,10.00,2,17120.00
2025-11-20T21:21:00.000Z,2025-11-21T03:02:00.000Z,SELL,0.01,1,1,10.00,1,17130.00
2025-11-21T03:02:00.000Z,2025-11-21T04:57:00.000Z,SELL,0.01,1,1,10.00,1,17140.00
2025-11-21T04:57:00.000Z,2025-11-21T07:48:00.000Z,SELL,0.01,1,1,10.00,1,17150.00
2025-11-21T07:48:00.000Z,2025-11-21T08:28:00.000Z,SELL,0.01,1,1,10.00,1,17160.00
2025-11-21T08:28:00.000Z,2025-11-21T09:01:00.000Z,SELL,0.01,1,1,10.00,1,17170.00
2025-11-21T09:01:00.000Z,2025-11-21T11:14:00.000Z,SELL,0.01,2,1,10.00,2,17180.00
2025-11-21T11:14:00.000Z,2025-11-21T12:04:00.000Z,SELL,0.01,1,1,10.00,1,17190.00
2025-11-21T12:04:00.000Z,2025-11-21T12:14:00.000Z,SELL,0.01,1,1,10.00,1,17200.00
2025-11-21T12:14:00.000Z,2025-11-21T14:45:00.000Z,SELL,0.01,2,1,10.00,2,17210.00
2025-11-21T14:45:00.000Z,2025-11-21T17:40:00.000Z,SELL,0.01,1,1,10.00,1,17220.00
2025-11-21T17:40:00.000Z,2025-11-21T18:50:00.000Z,SELL,0.01,2,1,10.00,2,17230.00
2025-11-21T18:50:00.000Z,2025-11-21T18:51:00.000Z,BUY,0.01,1,1,10.00,1,17240.00
2025-11-21T18:51:00.000Z,2025-11-21T22:30:00.000Z,BUY,0.01,2,1,10.00,2,17250.00
2025-11-21T22:30:00.000Z,2025-11-24T01:13:00.000Z,BUY,0.01,1,1,10.00,1,17260.00
2025-11-24T01:13:00.000Z,2025-11-24T03:56:00.000Z,BUY,0.01,2,1,10.00,2,17270.00
2025-11-24T03:56:00.000Z,2025-11-24T05:38:00.000Z,BUY,0.01,1,1,10.00,1,17280.00
2025-11-24T05:38:00.000Z,2025-11-24T06:33:00.000Z,SELL,0.01,1,1,10.00,1,17290.00
2025-11-24T06:33:00.000Z,2025-11-24T12:03:00.000Z,SELL,0.01,2,1,10.00,2,17300.00
2025-11-24T12:03:00.000Z,2025-11-24T12:38:00.000Z,SELL,0.01,1,1,10.00,1,17310.00
2025-11-24T12:38:00.000Z,2025-11-24T18:33:00.000Z,SELL,0.01,2,1,10.00,2,17320.00
2025-11-24T18:33:00.000Z,2025-11-24T20:38:00.000Z,BUY,0.01,1,1,10.00,1,17330.00
2025-11-24T20:38:00.000Z,2025-11-24T20:51:00.000Z,BUY,0.01,1,1,10.00,1,17340.00
2025-11-24T20:51:00.000Z,2025-11-24T22:31:00.000Z,BUY,0.01,1,1,10.00,1,17350.00
2025-11-24T22:31:00.000Z,2025-11-24T23:42:00.000Z,BUY,0.01,1,1,10.00,1,17360.00
2025-11-24T23:42:00.000Z,2025-11-25T04:39:00.000Z,BUY,0.01,1,1,10.00,1,17370.00
2025-11-25T04:39:00.000Z,2025-11-25T10:52:00.000Z,BUY,0.01,2,1,10.00,2,17380.00
2025-11-25T10:52:00.000Z,2025-11-25T11:13:00.000Z,BUY,0.01,1,1,10.00,1,17390.00
2025-11-25T11:13:00.000Z,2025-11-25T12:16:00.000Z,BUY,0.01,1,1,10.00,1,17400.00
2025-11-25T12:16:00.000Z,2025-11-25T15:30:00.000Z,BUY,0.01,3,1,10.00,3,17410.00
2025-11-25T15:30:00.000Z,2025-11-25T16:39:00.000Z,BUY,0.01,2,1,10.00,2,17420.00
2025-11-25T16:39:00.000Z,2025-11-25T16:42:00.000Z,BUY,0.01,1,1,10.00,1,17430.00
2025-11-25T16:42:00.000Z,2025-11-25T18:17:00.000Z,BUY,0.01,1,1,10.00,1,17440.00
2025-11-25T18:17:00.000Z,2025-11-25T19:00:00.000Z,BUY,0.01,1,1,10.00,1,17450.00
2025-11-25T19:00:00.000Z,2025-11-25T19:34:00.000Z,BUY,0.01,1,1,10.00,1,17460.00
2025-11-25T19:34:00.000Z,2025-11-25T21:26:00.000Z,BUY,0.01,2,1,10.00,2,17470.00
2025-11-25T21:26:00.000Z,2025-11-26T02:11:00.000Z,BUY,0.01,1,1,10.00,1,17480.00
2025-11-26T02:11:00.000Z,2025-11-26T03:40:00.000Z,BUY,0.01,1,1,10.00,1,17490.00
2025-11-26T03:40:00.000Z,2025-11-26T04:25:00.000Z,BUY,0.01,1,1,10.00,1,17500.00
2025-11-26T04:25:00.000Z,2025-11-26T13:32:00.000Z,BUY,0.01,1,1,10.00,1,17510.00
2025-11-26T13:32:00.000Z,2025-11-26T16:08:00.000Z,BUY,0.01,2,1,10.00,2,17520.00
2025-11-26T16:08:00.000Z,2025-11-26T16:32:00.000Z,BUY,0.01,1,1,10.00,1,17530.00
2025-11-26T16:32:00.000Z,2025-11-26T17:31:00.000Z,BUY,0.01,1,1,10.00,1,17540.00
2025-11-26T17:31:00.000Z,2025-11-26T20:12:00.000Z,BUY,0.01,1,1,10.00,1,17550.00
2025-11-26T20:12:00.000Z,2025-11-28T02:34:00.000Z,BUY,0.01,3,1,10.00,3,17560.00
2025-11-28T02:34:00.000Z,2025-11-28T03:08:00.000Z,BUY,0.01,1,1,10.00,1,17570.00
2025-11-28T03:08:00.000Z,2025-11-28T10:24:00.000Z,BUY,0.01,2,1,10.00,2,17580.00
2025-11-28T10:24:00.000Z,2025-11-28T10:58:00.000Z,BUY,0.01,1,1,10.00,1,17590.00
2025-11-28T10:58:00.000Z,2025-11-28T15:57:00.000Z,BUY,0.01,1,1,10.00,1,17600.00
2025-11-28T15:57:00.000Z,2025-11-28T16:16:00.000Z,BUY,0.01,1,1,10.00,1,17610.00
2025-11-28T16:16:00.000Z,2025-11-28T16:39:00.000Z,BUY,0.01,1,1,10.00,1,17620.00
2025-11-28T16:39:00.000Z,2025-11-28T19:47:00.000Z,BUY,0.01,1,1,10.00,1,17630.00
2025-11-28T19:47:00.000Z,2025-11-28T20:31:00.000Z,BUY,0.01,1,1,10.00,1,17640.00
2025-11-28T20:31:00.000Z,2025-12-01T02:54:00.000Z,BUY,0.01,1,1,10.00,1,17650.00
2025-12-01T02:54:00.000Z,2025-12-01T03:39:00.000Z,BUY,0.01,1,1,10.00,1,17660.00
2025-12-01T03:39:00.000Z,2025-12-01T03:58:00.000Z,BUY,0.01,1,1,10.00,1,17670.00
2025-12-01T03:58:00.000Z,2025-12-01T07:22:00.000Z,BUY,0.01,2,1,10.00,2,17680.00
2025-12-01T07:22:00.000Z,2025-12-01T08:14:00.000Z,BUY,0.01,1,1,10.00,1,17690.00
2025-12-01T08:14:00.000Z,2025-12-01T09:56:00.000Z,BUY,0.01,1,1,10.00,1,17700.00
2025-12-01T09:56:00.000Z,2025-12-01T12:04:00.000Z,BUY,0.01,1,1,10.00,1,17710.00
2025-12-01T12:04:00.000Z,2025-12-01T15:42:00.000Z,BUY,0.01,1,1,10.00,1,17720.00
2025-12-01T15:42:00.000Z,2025-12-01T16:35:00.000Z,BUY,0.01,2,1,10.00,2,17730.00
2025-12-01T16:35:00.000Z,2025-12-01T17:00:00.000Z,BUY,0.01,1,1,10.00,1,17740.00
2025-12-01T17:00:00.000Z,2025-12-02T03:04:00.000Z,BUY,0.01,4,1,10.00,4,17750.00
2025-12-02T03:04:00.000Z,2025-12-02T05:05:00.000Z,BUY,0.01,3,1,10.00,3,17760.00
2025-12-02T05:05:00.000Z,2025-12-02T06:33:00.000Z,SELL,0.01,1,1,10.00,1,17770.00
2025-12-02T06:33:00.000Z,2025-12-02T08:29:00.000Z,SELL,0.01,1,1,10.00,1,17780.00
2025-12-02T08:29:00.000Z,2025-12-02T11:27:00.000Z,SELL,0.01,1,1,10.00,1,17790.00
2025-12-02T11:27:00.000Z,2025-12-02T11:36:00.000Z,SELL,0.01,1,1,10.00,1,17800.00
2025-12-02T11:36:00.000Z,2025-12-02T15:00:00.000Z,SELL,0.01,2,1,10.00,2,17810.00
2025-12-02T15:00:00.000Z,2025-12-02T15:12:00.000Z,SELL,0.01,1,1,10.00,1,17820.00
2025-12-02T15:12:00.000Z,2025-12-02T17:20:00.000Z,SELL,0.01,3,1,10.00,3,17830.00
2025-12-02T17:20:00.000Z,2025-12-02T17:34:00.000Z,SELL,0.01,1,1,10.00,1,17840.00
2025-12-02T17:34:00.000Z,2025-12-02T17:54:00.000Z,SELL,0.01,1,1,10.00,1,17850.00
2025-12-02T17:54:00.000Z,2025-12-02T22:34:00.000Z,SELL,0.01,2,1,10.00,2,17860.00
2025-12-02T22:34:00.000Z,2025-12-03T15:53:00.000Z,SELL,0.01,4,1,10.00,4,17870.00
2025-12-03T15:53:00.000Z,2025-12-03T16:08:00.000Z,SELL,0.01,1,1,10.00,1,17880.00
2025-12-03T16:08:00.000Z,2025-12-03T16:31:00.000Z,BUY,0.01,1,1,10.00,1,17890.00
2025-12-03T16:31:00.000Z,2025-12-03T18:55:00.000Z,BUY,0.01,2,1,10.00,2,17900.00
2025-12-03T18:55:00.000Z,2025-12-03T19:37:00.000Z,BUY,0.01,1,1,10.00,1,17910.00
2025-12-03T19:37:00.000Z,2025-12-04T07:40:00.000Z,BUY,0.01,2,1,10.00,2,17920.00
2025-12-04T07:40:00.000Z,2025-12-04T18:09:00.000Z,SELL,0.01,2,1,10.00,2,17930.00
2025-12-04T18:09:00.000Z,2025-12-04T21:08:00.000Z,SELL,0.01,1,1,10.00,1,17940.00
2025-12-04T21:08:00.000Z,2025-12-05T06:14:00.000Z,BUY,0.01,1,1,10.00,1,17950.00
2025-12-05T06:14:00.000Z,2025-12-05T08:08:00.000Z,BUY,0.01,1,1,10.00,1,17960.00
2025-12-05T08:08:00.000Z,2025-12-05T15:00:00.000Z,BUY,0.01,1,1,10.00,1,17970.00
2025-12-05T15:00:00.000Z,2025-12-05T16:50:00.000Z,BUY,0.01,1,1,10.00,1,17980.00
2025-12-05T16:50:00.000Z,2025-12-05T17:36:00.000Z,BUY,0.01,1,1,10.00,1,17990.00
2025-12-05T17:36:00.000Z,2025-12-05T18:10:00.000Z,BUY,0.01,2,1,10.00,2,18000.00
2025-12-05T18:10:00.000Z,2025-12-05T23:19:00.000Z,BUY,0.01,2,1,10.00,2,18010.00
2025-12-05T23:19:00.000Z,2025-12-08T17:05:00.000Z,SELL,0.01,3,1,10.00,3,18020.00
2025-12-08T17:05:00.000Z,2025-12-09T08:10:00.000Z,SELL,0.01,1,1,10.00,1,18030.00
2025-12-09T08:10:00.000Z,2025-12-09T11:07:00.000Z,SELL,0.01,2,1,10.00,2,18040.00
2025-12-09T11:07:00.000Z,2025-12-09T16:11:00.000Z,SELL,0.01,1,1,10.00,1,18050.00
2025-12-09T16:11:00.000Z,2025-12-09T16:34:00.000Z,BUY,0.01,1,1,10.00,1,18060.00
2025-12-09T16:34:00.000Z,2025-12-09T17:59:00.000Z,BUY,0.01,1,1,10.00,1,18070.00
2025-12-09T17:59:00.000Z,2025-12-10T21:40:00.000Z,BUY,0.01,5,0,-2420.00,5,15650.00
2025-12-10T21:40:00.000Z,2025-12-10T21:41:00.000Z,SELL,0.01,1,1,10.00,1,15660.00
2025-12-10T21:41:00.000Z,2025-12-10T21:58:00.000Z,SELL,0.01,2,1,10.00,2,15670.00
2025-12-10T21:58:00.000Z,2025-12-11T02:15:00.000Z,SELL,0.01,2,1,10.00,2,15680.00
2025-12-11T02:15:00.000Z,2025-12-11T05:09:00.000Z,BUY,0.01,2,1,10.00,2,15690.00
2025-12-11T05:09:00.000Z,2025-12-11T12:07:00.000Z,BUY,0.01,1,1,10.00,1,15700.00
2025-12-11T12:07:00.000Z,2025-12-11T16:31:00.000Z,BUY,0.01,1,1,10.00,1,15710.00
2025-12-11T16:31:00.000Z,2025-12-11T17:33:00.000Z,BUY,0.01,1,1,10.00,1,15720.00
2025-12-11T17:33:00.000Z,2025-12-11T17:44:00.000Z,BUY,0.01,1,1,10.00,1,15730.00
2025-12-11T17:44:00.000Z,2025-12-11T18:47:00.000Z,BUY,0.01,1,1,10.00,1,15740.00
2025-12-11T18:47:00.000Z,2025-12-11T18:49:00.000Z,BUY,0.01,1,1,10.00,1,15750.00
2025-12-11T18:49:00.000Z,2025-12-11T20:10:00.000Z,BUY,0.01,1,1,10.00,1,15760.00
2025-12-11T20:10:00.000Z,2025-12-12T10:31:00.000Z,BUY,0.01,3,1,10.00,3,15770.00
2025-12-12T10:31:00.000Z,2025-12-12T10:51:00.000Z,BUY,0.01,1,1,10.00,1,15780.00
2025-12-12T10:51:00.000Z,2025-12-12T11:14:00.000Z,BUY,0.01,1,1,10.00,1,15790.00
2025-12-12T11:14:00.000Z,2025-12-12T12:42:00.000Z,BUY,0.01,1,1,10.00,1,15800.00
2025-12-12T12:42:00.000Z,2025-12-12T13:10:00.000Z,BUY,0.01,1,1,10.00,1,15810.00
2025-12-12T13:10:00.000Z,2025-12-12T16:52:00.000Z,BUY,0.01,1,1,10.00,1,15820.00
2025-12-12T16:52:00.000Z,2025-12-12T17:21:00.000Z,BUY,0.01,2,1,10.00,2,15830.00
2025-12-12T17:21:00.000Z,2025-12-12T17:58:00.000Z,BUY,0.01,4,1,10.00,4,15840.00
2025-12-12T17:58:00.000Z,2025-12-12T19:51:00.000Z,BUY,0.01,3,1,10.00,3,15850.00
2025-12-12T19:51:00.000Z,2025-12-15T01:38:00.000Z,BUY,0.01,1,1,10.00,1,15860.00
2025-12-15T01:38:00.000Z,2025-12-15T03:34:00.000Z,BUY,0.01,1,1,10.00,1,15870.00
2025-12-15T03:34:00.000Z,2025-12-15T04:31:00.000Z,BUY,0.01,1,1,10.00,1,15880.00
2025-12-15T04:31:00.000Z,2025-12-15T07:35:00.000Z,BUY,0.01,1,1,10.00,1,15890.00
2025-12-15T07:35:00.000Z,2025-12-15T10:50:00.000Z,BUY,0.01,1,1,10.00,1,15900.00
2025-12-15T10:50:00.000Z,2025-12-15T16:53:00.000Z,BUY,0.01,2,1,10.00,2,15910.00
2025-12-15T16:53:00.000Z,2025-12-15T18:36:00.000Z,BUY,0.01,2,1,10.00,2,15920.00
2025-12-15T18:36:00.000Z,2025-12-15T18:52:00.000Z,BUY,0.01,1,1,10.00,1,15930.00
2025-12-15T18:52:00.000Z,2025-12-15T20:34:00.000Z,BUY,0.01,1,1,10.00,1,15940.00
2025-12-15T20:34:00.000Z,2025-12-16T04:53:00.000Z,SELL,0.01,1,1,10.00,1,15950.00
2025-12-16T04:53:00.000Z,2025-12-16T04:57:00.000Z,SELL,0.01,1,1,10.00,1,15960.00
2025-12-16T04:57:00.000Z,2025-12-16T07:30:00.000Z,SELL,0.01,1,1,10.00,1,15970.00
2025-12-16T07:30:00.000Z,2025-12-16T15:31:00.000Z,SELL,0.01,2,1,10.00,2,15980.00
2025-12-16T15:31:00.000Z,2025-12-16T18:36:00.000Z,SELL,0.01,3,1,10.00,3,15990.00
2025-12-16T18:36:00.000Z,2025-12-16T19:06:00.000Z,BUY,0.01,1,1,10.00,1,16000.00
2025-12-16T19:06:00.000Z,2025-12-17T03:11:00.000Z,BUY,0.01,1,1,10.00,1,16010.00
2025-12-17T03:11:00.000Z,2025-12-17T06:42:00.000Z,BUY,0.01,1,1,10.00,1,16020.00
2025-12-17T06:42:00.000Z,2025-12-17T07:38:00.000Z,BUY,0.01,1,1,10.00,1,16030.00
2025-12-17T07:38:00.000Z,2025-12-17T10:09:00.000Z,BUY,0.01,2,1,10.00,2,16040.00
2025-12-17T10:09:00.000Z,2025-12-17T10:40:00.000Z,BUY,0.01,1,1,10.00,1,16050.00
2025-12-17T10:40:00.000Z,2025-12-17T15:19:00.000Z,BUY,0.01,1,1,10.00,1,16060.00
2025-12-17T15:19:00.000Z,2025-12-17T15:45:00.000Z,BUY,0.01,1,1,10.00,1,16070.00
2025-12-17T15:45:00.000Z,2025-12-18T16:45:00.000Z,BUY,0.01,4,1,10.00,4,16080.00
2025-12-18T16:45:00.000Z,2025-12-18T17:36:00.000Z,SELL,0.01,2,1,10.00,2,16090.00
2025-12-18T17:36:00.000Z,2025-12-18T18:17:00.000Z,SELL,0.01,2,1,10.00,2,16100.00
2025-12-18T18:17:00.000Z,2025-12-18T19:08:00.000Z,BUY,0.01,2,1,10.00,2,16110.00
2025-12-18T19:08:00.000Z,2025-12-19T03:34:00.000Z,BUY,0.01,2,1,10.00,2,16120.00
2025-12-19T03:34:00.000Z,2025-12-19T03:47:00.000Z,BUY,0.01,1,1,10.00,1,16130.00
2025-12-19T03:47:00.000Z,2025-12-19T10:42:00.000Z,BUY,0.01,1,1,10.00,1,16140.00
2025-12-19T10:42:00.000Z,2025-12-19T16:47:00.000Z,SELL,0.01,1,1,10.00,1,16150.00
2025-12-19T16:47:00.000Z,2025-12-19T18:00:00.000Z,SELL,0.01,2,1,10.00,2,16160.00
2025-12-19T18:00:00.000Z,2025-12-22T02:05:00.000Z,BUY,0.01,1,1,10.00,1,16170.00
2025-12-22T02:05:00.000Z,2025-12-22T03:00:00.000Z,BUY,0.01,1,1,10.00,1,16180.00
2025-12-22T03:00:00.000Z,2025-12-22T03:40:00.000Z,BUY,0.01,1,1,10.00,1,16190.00
2025-12-22T03:40:00.000Z,2025-12-22T05:20:00.000Z,BUY,0.01,1,1,10.00,1,16200.00
2025-12-22T05:20:00.000Z,2025-12-22T07:13:00.000Z,BUY,0.01,1,1,10.00,1,16210.00
2025-12-22T07:13:00.000Z,2025-12-22T08:47:00.000Z,BUY,0.01,1,1,10.00,1,16220.00
2025-12-22T08:47:00.000Z,2025-12-22T15:08:00.000Z,BUY,0.01,1,1,10.00,1,16230.00
2025-12-22T15:08:00.000Z,2025-12-22T17:50:00.000Z,BUY,0.01,1,1,10.00,1,16240.00
2025-12-22T17:50:00.000Z,2025-12-22T18:31:00.000Z,BUY,0.01,1,1,10.00,1,16250.00
2025-12-22T18:31:00.000Z,2025-12-23T01:18:00.000Z,BUY,0.01,1,1,10.00,1,16260.00
2025-12-23T01:18:00.000Z,2025-12-23T02:05:00.000Z,BUY,0.01,1,1,10.00,1,16270.00
2025-12-23T02:05:00.000Z,2025-12-23T03:00:00.000Z,BUY,0.01,1,1,10.00,1,16280.00
2025-12-23T03:00:00.000Z,2025-12-23T03:10:00.000Z,BUY,0.01,1,1,10.00,1,16290.00
2025-12-23T03:10:00.000Z,2025-12-23T04:32:00.000Z,BUY,0.01,1,1,10.00,1,16300.00
2025-12-23T04:32:00.000Z,2025-12-23T16:05:00.000Z,BUY,0.01,4,1,10.00,4,16310.00
2025-12-23T16:05:00.000Z,2025-12-23T17:02:00.000Z,BUY,0.01,2,1,10.00,2,16320.00
2025-12-23T17:02:00.000Z,2025-12-23T17:02:00.000Z,BUY,0.01,1,1,10.00,1,16330.00
2025-12-23T17:02:00.000Z,2025-12-23T17:39:00.000Z,BUY,0.01,1,1,10.00,1,16340.00
2025-12-23T17:39:00.000Z,2025-12-23T18:26:00.000Z,BUY,0.01,1,1,10.00,1,16350.00
2025-12-23T18:26:00.000Z,2025-12-23T18:54:00.000Z,BUY,0.01,1,1,10.00,1,16360.00
2025-12-23T18:54:00.000Z,2025-12-23T20:58:00.000Z,BUY,0.01,1,1,10.00,1,16370.00
2025-12-23T20:58:00.000Z,2025-12-23T21:06:00.000Z,BUY,0.01,1,1,10.00,1,16380.00
2025-12-23T21:06:00.000Z,2025-12-24T02:05:00.000Z,BUY,0.01,1,1,10.00,1,16390.00
2025-12-24T02:05:00.000Z,2025-12-24T02:30:00.000Z,BUY,0.01,1,1,10.00,1,16400.00
2025-12-24T02:30:00.000Z,2025-12-24T03:25:00.000Z,BUY,0.01,1,1,10.00,1,16410.00
2025-12-24T03:25:00.000Z,2025-12-24T04:57:00.000Z,BUY,0.01,2,1,10.00,2,16420.00
2025-12-24T04:57:00.000Z,2025-12-24T16:50:00.000Z,BUY,0.01,4,1,10.00,4,16430.00
2025-12-24T16:50:00.000Z,2025-12-24T17:15:00.000Z,BUY,0.01,1,1,10.00,1,16440.00
2025-12-24T17:15:00.000Z,2025-12-24T19:09:00.000Z,BUY,0.01,3,1,10.00,3,16450.00
2025-12-24T19:09:00.000Z,2025-12-26T02:54:00.000Z,SELL,0.01,2,1,10.00,2,16460.00
2025-12-26T02:54:00.000Z,2025-12-26T03:42:00.000Z,SELL,0.01,1,1,10.00,1,16470.00
2025-12-26T03:42:00.000Z,2025-12-26T08:23:00.000Z,BUY,0.01,1,1,10.00,1,16480.00
2025-12-26T08:23:00.000Z,2025-12-26T15:41:00.000Z,BUY,0.01,1,1,10.00,1,16490.00
2025-12-26T15:41:00.000Z,2025-12-26T17:32:00.000Z,BUY,0.01,1,1,10.00,1,16500.00
2025-12-26T17:32:00.000Z,2025-12-26T17:56:00.000Z,BUY,0.01,1,1,10.00,1,16510.00
2025-12-26T17:56:00.000Z,2025-12-26T19:31:00.000Z,BUY,0.01,2,1,10.00,2,16520.00
2025-12-26T19:31:00.000Z,2025-12-26T20:41:00.000Z,BUY,0.01,1,1,10.00,1,16530.00
2025-12-26T20:41:00.000Z,2025-12-29T02:22:00.000Z,BUY,0.01,2,1,10.00,2,16540.00
2025-12-29T02:22:00.000Z,2025-12-29T02:22:00.000Z,BUY,0.01,1,1,10.00,1,16550.00
2025-12-29T02:22:00.000Z,2025-12-29T02:30:00.000Z,BUY,0.01,2,1,10.00,2,16560.00
2025-12-29T02:30:00.000Z,2025-12-29T02:30:00.000Z,BUY,0.01,1,1,10.00,1,16570.00
2025-12-29T02:30:00.000Z,2025-12-29T02:35:00.000Z,BUY,0.01,1,1,10.00,1,16580.00
2025-12-29T02:35:00.000Z,2025-12-29T03:06:00.000Z,BUY,0.01,1,1,10.00,1,16590.00
2025-12-29T03:06:00.000Z,2025-12-29T05:08:00.000Z,BUY,0.01,1,1,10.00,1,16600.00
2025-12-29T05:08:00.000Z,2025-12-29T08:30:00.000Z,BUY,0.01,2,1,10.00,2,16610.00
2025-12-29T08:30:00.000Z,2025-12-29T08:51:00.000Z,SELL,0.01,1,1,10.00,1,16620.00
2025-12-29T08:51:00.000Z,2025-12-29T09:00:00.000Z,SELL,0.01,1,1,10.00,1,16630.00
2025-12-29T09:00:00.000Z,2025-12-29T09:00:00.000Z,SELL,0.01,1,1,10.00,1,16640.00
2025-12-29T09:00:00.000Z,2025-12-29T09:03:00.000Z,SELL,0.01,1,1,10.00,1,16650.00
2025-12-29T09:03:00.000Z,2025-12-29T09:16:00.000Z,SELL,0.01,2,1,10.00,2,16660.00
2025-12-29T09:16:00.000Z,2025-12-29T10:02:00.000Z,SELL,0.01,1,1,10.00,1,16670.00
2025-12-29T10:02:00.000Z,2025-12-29T10:53:00.000Z,SELL,0.01,3,1,10.00,3,16680.00
2025-12-29T10:53:00.000Z,2025-12-29T13:40:00.000Z,SELL,0.01,1,1,10.00,1,16690.00
2025-12-29T13:40:00.000Z,2025-12-29T13:40:00.000Z,SELL,0.01,1,1,10.00,1,16700.00
2025-12-29T13:40:00.000Z,2025-12-29T15:04:00.000Z,SELL,0.01,2,1,10.00,2,16710.00
2025-12-29T15:04:00.000Z,2025-12-29T15:15:00.000Z,SELL,0.01,1,1,10.00,1,16720.00
2025-12-29T15:15:00.000Z,2025-12-29T15:28:00.000Z,SELL,0.01,1,1,10.00,1,16730.00
2025-12-29T15:28:00.000Z,2025-12-29T15:42:00.000Z,SELL,0.01,1,1,10.00,1,16740.00
2025-12-29T15:42:00.000Z,2025-12-29T15:45:00.000Z,SELL,0.01,1,1,10.00,1,16750.00
2025-12-29T15:45:00.000Z,2025-12-29T15:50:00.000Z,SELL,0.01,1,1,10.00,1,16760.00
2025-12-29T15:50:00.000Z,2025-12-29T16:03:00.000Z,SELL,0.01,1,1,10.00,1,16770.00
2025-12-29T16:03:00.000Z,2025-12-29T16:06:00.000Z,SELL,0.01,1,1,10.00,1,16780.00
2025-12-29T16:06:00.000Z,2025-12-29T16:30:00.000Z,SELL,0.01,1,1,10.00,1,16790.00
2025-12-29T16:30:00.000Z,2025-12-29T16:30:00.000Z,SELL,0.01,1,1,10.00,1,16800.00
2025-12-29T16:30:00.000Z,2025-12-29T16:41:00.000Z,SELL,0.01,1,1,10.00,1,16810.00
2025-12-29T16:41:00.000Z,2025-12-29T17:00:00.000Z,SELL,0.01,3,1,10.00,3,16820.00
2025-12-29T17:00:00.000Z,2025-12-29T17:02:00.000Z,SELL,0.01,1,1,10.00,1,16830.00
2025-12-29T17:02:00.000Z,2025-12-29T17:07:00.000Z,SELL,0.01,1,1,10.00,1,16840.00
2025-12-29T17:07:00.000Z,2025-12-29T17:21:00.000Z,SELL,0.01,1,1,10.00,1,16850.00
2025-12-29T17:21:00.000Z,2025-12-29T17:22:00.000Z,SELL,0.01,1,1,10.00,1,16860.00
2025-12-29T17:22:00.000Z,2025-12-29T18:12:00.000Z,SELL,0.01,2,1,10.00,2,16870.00
2025-12-29T18:12:00.000Z,2025-12-29T18:14:00.000Z,SELL,0.01,1,1,10.00,1,16880.00
2025-12-29T18:14:00.000Z,2025-12-29T19:38:00.000Z,SELL,0.01,1,1,10.00,1,16890.00
2025-12-29T19:38:00.000Z,2025-12-30T03:49:00.000Z,SELL,0.01,2,1,10.00,2,16900.00
2025-12-30T03:49:00.000Z,2025-12-30T09:50:00.000Z,SELL,0.01,2,1,10.00,2,16910.00
2025-12-30T09:50:00.000Z,2025-12-30T09:56:00.000Z,SELL,0.01,1,1,10.00,1,16920.00
2025-12-30T09:56:00.000Z,2025-12-30T10:21:00.000Z,SELL,0.01,1,1,10.00,1,16930.00
2025-12-30T10:21:00.000Z,2025-12-30T10:30:00.000Z,SELL,0.01,1,1,10.00,1,16940.00
2025-12-30T10:30:00.000Z,2025-12-30T12:26:00.000Z,SELL,0.01,2,1,10.00,2,16950.00
2025-12-30T12:26:00.000Z,2025-12-30T16:40:00.000Z,SELL,0.01,3,1,10.00,3,16960.00
2025-12-30T16:40:00.000Z,2025-12-30T16:46:00.000Z,SELL,0.01,1,1,10.00,1,16970.00
2025-12-30T16:46:00.000Z,2025-12-30T21:48:00.000Z,SELL,0.01,3,1,10.00,3,16980.00
2025-12-30T21:48:00.000Z,2025-12-30T21:55:00.000Z,SELL,0.01,1,1,10.00,1,16990.00
2025-12-30T21:55:00.000Z,2025-12-31T01:35:00.000Z,SELL,0.01,1,1,10.00,1,17000.00
2025-12-31T01:35:00.000Z,2025-12-31T03:25:00.000Z,SELL,0.01,2,1,10.00,2,17010.00
2025-12-31T03:25:00.000Z,2025-12-31T04:56:00.000Z,SELL,0.01,1,1,10.00,1,17020.00
2025-12-31T04:56:00.000Z,2025-12-31T06:55:00.000Z,SELL,0.01,1,1,10.00,1,17030.00
2025-12-31T06:55:00.000Z,2025-12-31T07:40:00.000Z,SELL,0.01,1,1,10.00,1,17040.00
2025-12-31T07:40:00.000Z,2025-12-31T07:40:00.000Z,SELL,0.01,1,1,10.00,1,17050.00
2025-12-31T07:40:00.000Z,2025-12-31T07:48:00.000Z,SELL,0.01,1,1,10.00,1,17060.00
2025-12-31T07:48:00.000Z,2025-12-31T07:52:00.000Z,SELL,0.01,1,1,10.00,1,17070.00
2025-12-31T07:52:00.000Z,2025-12-31T07:53:00.000Z,SELL,0.01,1,1,10.00,1,17080.00
2025-12-31T07:53:00.000Z,2025-12-31T07:55:00.000Z,SELL,0.01,1,1,10.00,1,17090.00
2025-12-31T07:55:00.000Z,2025-12-31T08:29:00.000Z,SELL,0.01,2,1,10.00,2,17100.00
2025-12-31T08:29:00.000Z,2025-12-31T15:29:00.000Z,SELL,0.01,5,0,-2420.00,5,14680.00
2025-12-31T15:29:00.000Z,2025-12-31T18:46:00.000Z,SELL,0.01,3,1,10.00,3,14690.00
2025-12-31T18:46:00.000Z,2025-12-31T22:01:00.000Z,SELL,0.01,1,1,10.00,1,14700.00
2025-12-31T22:01:00.000Z,2026-01-02T01:22:00.000Z,SELL,0.01,2,1,10.00,2,14710.00
2026-01-02T01:22:00.000Z,2026-01-02T05:10:00.000Z,SELL,0.01,2,1,10.00,2,14720.00
2026-01-02T05:10:00.000Z,2026-01-02T06:05:00.000Z,BUY,0.01,1,1,10.00,1,14730.00
2026-01-02T06:05:00.000Z,2026-01-02T10:34:00.000Z,BUY,0.01,1,1,10.00,1,14740.00
2026-01-02T10:34:00.000Z,2026-01-02T12:51:00.000Z,BUY,0.01,1,1,10.00,1,14750.00
2026-01-02T12:51:00.000Z,2026-01-02T15:36:00.000Z,BUY,0.01,2,1,10.00,2,14760.00
2026-01-02T15:36:00.000Z,2026-01-02T17:11:00.000Z,BUY,0.01,2,1,10.00,2,14770.00
2026-01-02T17:11:00.000Z,2026-01-05T01:00:00.000Z,BUY,0.01,3,1,10.00,3,14780.00
2026-01-05T01:00:00.000Z,2026-01-05T02:11:00.000Z,SELL,0.01,2,1,10.00,2,14790.00
2026-01-05T02:11:00.000Z,2026-01-05T03:02:00.000Z,SELL,0.01,2,1,10.00,2,14800.00
2026-01-05T03:02:00.000Z,2026-01-05T03:05:00.000Z,BUY,0.01,1,1,10.00,1,14810.00
2026-01-05T03:05:00.000Z,2026-01-05T04:08:00.000Z,BUY,0.01,2,1,10.00,2,14820.00
2026-01-05T04:08:00.000Z,2026-01-05T04:25:00.000Z,BUY,0.01,1,1,10.00,1,14830.00
2026-01-05T04:25:00.000Z,2026-01-05T04:55:00.000Z,BUY,0.01,1,1,10.00,1,14840.00
2026-01-05T04:55:00.000Z,2026-01-05T08:12:00.000Z,BUY,0.01,1,1,10.00,1,14850.00
2026-01-05T08:12:00.000Z,2026-01-05T10:17:00.000Z,BUY,0.01,1,1,10.00,1,14860.00
2026-01-05T10:17:00.000Z,2026-01-05T15:29:00.000Z,BUY,0.01,2,1,10.00,2,14870.00
2026-01-05T15:29:00.000Z,2026-01-05T15:35:00.000Z,BUY,0.01,1,1,10.00,1,14880.00
2026-01-05T15:35:00.000Z,2026-01-05T16:01:00.000Z,BUY,0.01,1,1,10.00,1,14890.00
2026-01-05T16:01:00.000Z,2026-01-05T16:45:00.000Z,BUY,0.01,1,1,10.00,1,14900.00
2026-01-05T16:45:00.000Z,2026-01-05T16:55:00.000Z,BUY,0.01,1,1,10.00,1,14910.00
2026-01-05T16:55:00.000Z,2026-01-05T17:03:00.000Z,BUY,0.01,1,1,10.00,1,14920.00
2026-01-05T17:03:00.000Z,2026-01-06T04:30:00.000Z,BUY,0.01,3,1,10.00,3,14930.00
2026-01-06T04:30:00.000Z,2026-01-06T07:30:00.000Z,BUY,0.01,1,1,10.00,1,14940.00
2026-01-06T07:30:00.000Z,2026-01-06T16:36:00.000Z,BUY,0.01,5,1,10.00,5,14950.00
2026-01-06T16:36:00.000Z,2026-01-06T20:16:00.000Z,BUY,0.01,1,1,10.00,1,14960.00
2026-01-06T20:16:00.000Z,2026-01-07T03:57:00.000Z,BUY,0.01,2,1,10.00,2,14970.00
2026-01-07T03:57:00.000Z,2026-01-07T04:10:00.000Z,BUY,0.01,1,1,10.00,1,14980.00
2026-01-07T04:10:00.000Z,2026-01-07T08:46:00.000Z,BUY,0.01,2,1,10.00,2,14990.00
2026-01-07T08:46:00.000Z,2026-01-07T09:20:00.000Z,BUY,0.01,1,1,10.00,1,15000.00
2026-01-07T09:20:00.000Z,2026-01-07T14:18:00.000Z,SELL,0.01,3,1,10.00,3,15010.00
2026-01-07T14:18:00.000Z,2026-01-07T15:09:00.000Z,SELL,0.01,1,1,10.00,1,15020.00
2026-01-07T15:09:00.000Z,2026-01-07T18:33:00.000Z,SELL,0.01,4,1,10.00,4,15030.00
2026-01-07T18:33:00.000Z,2026-01-07T19:55:00.000Z,SELL,0.01,1,1,10.00,1,15040.00
2026-01-07T19:55:00.000Z,2026-01-08T04:05:00.000Z,SELL,0.01,1,1,10.00,1,15050.00
2026-01-08T04:05:00.000Z,2026-01-08T06:45:00.000Z,SELL,0.01,1,1,10.00,1,15060.00
2026-01-08T06:45:00.000Z,2026-01-08T07:30:00.000Z,SELL,0.01,1,1,10.00,1,15070.00
2026-01-08T07:30:00.000Z,2026-01-08T14:15:00.000Z,SELL,0.01,1,1,10.00,1,15080.00
2026-01-08T14:15:00.000Z,2026-01-08T17:07:00.000Z,SELL,0.01,2,1,10.00,2,15090.00
2026-01-08T17:07:00.000Z,2026-01-08T22:27:00.000Z,SELL,0.01,2,1,10.00,2,15100.00
2026-01-08T22:27:00.000Z,2026-01-09T01:00:00.000Z,BUY,0.01,1,1,10.00,1,15110.00
2026-01-09T01:00:00.000Z,2026-01-09T15:40:00.000Z,BUY,0.01,3,1,10.00,3,15120.00
2026-01-09T15:40:00.000Z,2026-01-09T17:21:00.000Z,BUY,0.01,1,1,10.00,1,15130.00
2026-01-09T17:21:00.000Z,2026-01-09T17:31:00.000Z,BUY,0.01,1,1,10.00,1,15140.00
2026-01-09T17:31:00.000Z,2026-01-12T01:00:00.000Z,BUY,0.01,3,1,10.00,3,15150.00
2026-01-12T01:00:00.000Z,2026-01-12T01:19:00.000Z,BUY,0.01,1,1,10.00,1,15160.00
2026-01-12T01:19:00.000Z,2026-01-12T01:41:00.000Z,BUY,0.01,1,1,10.00,1,15170.00
2026-01-12T01:41:00.000Z,2026-01-12T02:14:00.000Z,BUY,0.01,1,1,10.00,1,15180.00
2026-01-12T02:14:00.000Z,2026-01-12T02:18:00.000Z,BUY,0.01,1,1,10.00,1,15190.00
2026-01-12T02:18:00.000Z,2026-01-12T02:32:00.000Z,BUY,0.01,1,1,10.00,1,15200.00
2026-01-12T02:32:00.000Z,2026-01-12T02:38:00.000Z,BUY,0.01,1,1,10.00,1,15210.00
2026-01-12T02:38:00.000Z,2026-01-12T02:44:00.000Z,BUY,0.01,1,1,10.00,1,15220.00
2026-01-12T02:44:00.000Z,2026-01-12T04:08:00.000Z,BUY,0.01,2,1,10.00,2,15230.00
2026-01-12T04:08:00.000Z,2026-01-12T04:39:00.000Z,BUY,0.01,1,1,10.00,1,15240.00
2026-01-12T04:39:00.000Z,2026-01-12T07:47:00.000Z,BUY,0.01,1,1,10.00,1,15250.00
2026-01-12T07:47:00.000Z,2026-01-12T10:49:00.000Z,BUY,0.01,1,1,10.00,1,15260.00
2026-01-12T10:49:00.000Z,2026-01-12T15:08:00.000Z,BUY,0.01,1,1,10.00,1,15270.00
2026-01-12T15:08:00.000Z,2026-01-12T15:49:00.000Z,BUY,0.01,1,1,10.00,1,15280.00
2026-01-12T15:49:00.000Z,2026-01-12T17:35:00.000Z,BUY,0.01,3,1,10.00,3,15290.00
2026-01-12T17:35:00.000Z,2026-01-12T22:43:00.000Z,BUY,0.01,2,1,10.00,2,15300.00
2026-01-12T22:43:00.000Z,2026-01-13T01:00:00.000Z,BUY,0.01,1,1,10.00,1,15310.00
2026-01-13T01:00:00.000Z,2026-01-13T08:41:00.000Z,BUY,0.01,2,1,10.00,2,15320.00
2026-01-13T08:41:00.000Z,2026-01-13T09:30:00.000Z,BUY,0.01,1,1,10.00,1,15330.00
2026-01-13T09:30:00.000Z,2026-01-13T10:35:00.000Z,BUY,0.01,1,1,10.00,1,15340.00
2026-01-13T10:35:00.000Z,2026-01-13T15:13:00.000Z,BUY,0.01,1,1,10.00,1,15350.00
2026-01-13T15:13:00.000Z,2026-01-13T15:41:00.000Z,BUY,0.01,1,1,10.00,1,15360.00
2026-01-13T15:41:00.000Z,2026-01-13T16:45:00.000Z,BUY,0.01,1,1,10.00,1,15370.00
2026-01-13T16:45:00.000Z,2026-01-13T18:27:00.000Z,BUY,0.01,2,1,10.00,2,15380.00
2026-01-13T18:27:00.000Z,2026-01-13T18:38:00.000Z,BUY,0.01,1,1,10.00,1,15390.00
2026-01-13T18:38:00.000Z,2026-01-13T22:34:00.000Z,BUY,0.01,2,1,10.00,2,15400.00
2026-01-13T22:34:00.000Z,2026-01-13T22:43:00.000Z,BUY,0.01,1,1,10.00,1,15410.00
2026-01-13T22:43:00.000Z,2026-01-14T01:25:00.000Z,BUY,0.01,1,1,10.00,1,15420.00
2026-01-14T01:25:00.000Z,2026-01-14T02:08:00.000Z,BUY,0.01,1,1,10.00,1,15430.00
2026-01-14T02:08:00.000Z,2026-01-14T03:17:00.000Z,BUY,0.01,1,1,10.00,1,15440.00
2026-01-14T03:17:00.000Z,2026-01-14T05:55:00.000Z,BUY,0.01,1,1,10.00,1,15450.00
2026-01-14T05:55:00.000Z,2026-01-14T07:01:00.000Z,BUY,0.01,1,1,10.00,1,15460.00
2026-01-14T07:01:00.000Z,2026-01-14T16:49:00.000Z,BUY,0.01,4,1,10.00,4,15470.00
2026-01-14T16:49:00.000Z,2026-01-14T16:58:00.000Z,BUY,0.01,1,1,10.00,1,15480.00
2026-01-14T16:58:00.000Z,2026-01-14T20:19:00.000Z,BUY,0.01,1,1,10.00,1,15490.00
2026-01-14T20:19:00.000Z,2026-01-14T21:01:00.000Z,BUY,0.01,1,1,10.00,1,15500.00
2026-01-14T21:01:00.000Z,2026-01-15T01:23:00.000Z,BUY,0.01,2,1,10.00,2,15510.00
2026-01-15T01:23:00.000Z,2026-01-15T12:42:00.000Z,BUY,0.01,5,1,10.00,5,15520.00
2026-01-15T12:42:00.000Z,2026-01-15T15:18:00.000Z,SELL,0.01,1,1,10.00,1,15530.00
2026-01-15T15:18:00.000Z,2026-01-15T15:31:00.000Z,SELL,0.01,1,1,10.00,1,15540.00
2026-01-15T15:31:00.000Z,2026-01-15T15:44:00.000Z,SELL,0.01,1,1,10.00,1,15550.00
2026-01-15T15:44:00.000Z,2026-01-15T18:11:00.000Z,SELL,0.01,2,1,10.00,2,15560.00
2026-01-15T18:11:00.000Z,2026-01-15T18:39:00.000Z,SELL,0.01,1,1,10.00,1,15570.00
2026-01-15T18:39:00.000Z,2026-01-16T03:00:00.000Z,SELL,0.01,1,1,10.00,1,15580.00
2026-01-16T03:00:00.000Z,2026-01-16T15:16:00.000Z,SELL,0.01,1,1,10.00,1,15590.00
2026-01-16T15:16:00.000Z,2026-01-16T17:05:00.000Z,SELL,0.01,2,1,10.00,2,15600.00
2026-01-16T17:05:00.000Z,2026-01-16T17:19:00.000Z,SELL,0.01,1,1,10.00,1,15610.00
2026-01-16T17:19:00.000Z,2026-01-16T17:23:00.000Z,SELL,0.01,1,1,10.00,1,15620.00
2026-01-16T17:23:00.000Z,2026-01-16T17:25:00.000Z,SELL,0.01,1,1,10.00,1,15630.00
2026-01-16T17:25:00.000Z,2026-01-16T17:28:00.000Z,SELL,0.01,1,1,10.00,1,15640.00
2026-01-16T17:28:00.000Z,2026-01-16T17:29:00.000Z,SELL,0.01,1,1,10.00,1,15650.00
2026-01-16T17:29:00.000Z,2026-01-16T17:31:00.000Z,SELL,0.01,1,1,10.00,1,15660.00
2026-01-16T17:31:00.000Z,2026-01-16T17:33:00.000Z,SELL,0.01,1,1,10.00,1,15670.00
2026-01-16T17:33:00.000Z,2026-01-16T18:01:00.000Z,SELL,0.01,2,1,10.00,2,15680.00
2026-01-16T18:01:00.000Z,2026-01-19T01:00:00.000Z,SELL,0.01,2,1,10.00,2,15690.00
2026-01-19T01:00:00.000Z,2026-01-19T01:00:00.000Z,SELL,0.01,2,1,10.00,2,15700.00
2026-01-19T01:00:00.000Z,2026-01-19T01:00:00.000Z,SELL,0.01,1,1,10.00,1,15710.00
2026-01-19T01:00:00.000Z,2026-01-19T01:06:00.000Z,SELL,0.01,2,1,10.00,2,15720.00
2026-01-19T01:06:00.000Z,2026-01-19T01:32:00.000Z,SELL,0.01,2,1,10.00,2,15730.00
2026-01-19T01:32:00.000Z,2026-01-19T01:35:00.000Z,SELL,0.01,1,1,10.00,1,15740.00
2026-01-19T01:35:00.000Z,2026-01-19T01:40:00.000Z,SELL,0.01,1,1,10.00,1,15750.00
2026-01-19T01:40:00.000Z,2026-01-19T04:01:00.000Z,SELL,0.01,1,1,10.00,1,15760.00
2026-01-19T04:01:00.000Z,2026-01-19T05:00:00.000Z,BUY,0.01,1,1,10.00,1,15770.00
2026-01-19T05:00:00.000Z,2026-01-19T08:36:00.000Z,BUY,0.01,1,1,10.00,1,15780.00
2026-01-19T08:36:00.000Z,2026-01-20T06:28:00.000Z,BUY,0.01,1,1,10.00,1,15790.00
2026-01-20T06:28:00.000Z,2026-01-20T06:59:00.000Z,BUY,0.01,1,1,10.00,1,15800.00
2026-01-20T06:59:00.000Z,2026-01-20T07:45:00.000Z,BUY,0.01,1,1,10.00,1,15810.00
2026-01-20T07:45:00.000Z,2026-01-20T07:59:00.000Z,BUY,0.01,1,1,10.00,1,15820.00
2026-01-20T07:59:00.000Z,2026-01-20T10:53:00.000Z,BUY,0.01,1,1,10.00,1,15830.00
2026-01-20T10:53:00.000Z,2026-01-20T11:49:00.000Z,BUY,0.01,1,1,10.00,1,15840.00
2026-01-20T11:49:00.000Z,2026-01-20T16:03:00.000Z,BUY,0.01,3,1,10.00,3,15850.00
2026-01-20T16:03:00.000Z,2026-01-20T18:57:00.000Z,BUY,0.01,3,1,10.00,3,15860.00
2026-01-20T18:57:00.000Z,2026-01-21T01:44:00.000Z,BUY,0.01,1,1,10.00,1,15870.00
2026-01-21T01:44:00.000Z,2026-01-21T01:46:00.000Z,BUY,0.01,1,1,10.00,1,15880.00
2026-01-21T01:46:00.000Z,2026-01-21T03:01:00.000Z,BUY,0.01,1,1,10.00,1,15890.00
2026-01-21T03:01:00.000Z,2026-01-21T03:08:00.000Z,BUY,0.01,1,1,10.00,1,15900.00
2026-01-21T03:08:00.000Z,2026-01-21T03:14:00.000Z,BUY,0.01,1,1,10.00,1,15910.00
2026-01-21T03:14:00.000Z,2026-01-21T03:25:00.000Z,BUY,0.01,1,1,10.00,1,15920.00
2026-01-21T03:25:00.000Z,2026-01-21T03:30:00.000Z,BUY,0.01,1,1,10.00,1,15930.00
2026-01-21T03:30:00.000Z,2026-01-21T03:54:00.000Z,BUY,0.01,1,1,10.00,1,15940.00
2026-01-21T03:54:00.000Z,2026-01-21T05:11:00.000Z,BUY,0.01,3,1,10.00,3,15950.00
2026-01-21T05:11:00.000Z,2026-01-21T06:37:00.000Z,BUY,0.01,3,1,10.00,3,15960.00
2026-01-21T06:37:00.000Z,2026-01-21T06:55:00.000Z,BUY,0.01,1,1,10.00,1,15970.00
2026-01-21T06:55:00.000Z,2026-01-21T08:23:00.000Z,BUY,0.01,1,1,10.00,1,15980.00
2026-01-21T08:23:00.000Z,2026-01-21T08:57:00.000Z,BUY,0.01,2,1,10.00,2,15990.00
2026-01-21T08:57:00.000Z,2026-01-21T10:05:00.000Z,BUY,0.01,1,1,10.00,1,16000.00
2026-01-21T10:05:00.000Z,2026-01-21T11:33:00.000Z,BUY,0.01,1,1,10.00,1,16010.00
2026-01-21T11:33:00.000Z,2026-01-21T16:12:00.000Z,BUY,0.01,2,1,10.00,2,16020.00
2026-01-21T16:12:00.000Z,2026-01-21T16:16:00.000Z,BUY,0.01,1,1,10.00,1,16030.00
2026-01-21T16:16:00.000Z,2026-01-21T16:27:00.000Z,BUY,0.01,1,1,10.00,1,16040.00
2026-01-21T16:27:00.000Z,2026-01-21T16:39:00.000Z,BUY,0.01,1,1,10.00,1,16050.00
2026-01-21T16:39:00.000Z,2026-01-21T17:18:00.000Z,BUY,0.01,2,1,10.00,2,16060.00
2026-01-21T17:18:00.000Z,2026-01-21T17:54:00.000Z,BUY,0.01,3,1,10.00,3,16070.00
2026-01-21T17:54:00.000Z,2026-01-21T18:52:00.000Z,BUY,0.01,2,1,10.00,2,16080.00
2026-01-21T18:52:00.000Z,2026-01-21T18:52:00.000Z,BUY,0.01,1,1,10.00,1,16090.00
2026-01-21T18:52:00.000Z,2026-01-21T20:49:00.000Z,BUY,0.01,3,1,10.00,3,16100.00
2026-01-21T20:49:00.000Z,2026-01-21T21:24:00.000Z,BUY,0.01,1,1,10.00,1,16110.00
2026-01-21T21:24:00.000Z,2026-01-21T21:27:00.000Z,BUY,0.01,2,1,10.00,2,16120.00
2026-01-21T21:27:00.000Z,2026-01-21T21:27:00.000Z,BUY,0.01,1,1,10.00,1,16130.00
2026-01-21T21:27:00.000Z,2026-01-21T21:27:00.000Z,BUY,0.01,1,1,10.00,1,16140.00
2026-01-21T21:27:00.000Z,2026-01-21T21:27:00.000Z,BUY,0.01,1,1,10.00,1,16150.00
2026-01-21T21:27:00.000Z,2026-01-21T21:27:00.000Z,BUY,0.01,2,1,10.00,2,16160.00
2026-01-21T21:27:00.000Z,2026-01-21T21:35:00.000Z,BUY,0.01,2,1,10.00,2,16170.00
2026-01-21T21:35:00.000Z,2026-01-21T21:35:00.000Z,BUY,0.01,1,1,10.00,1,16180.00
2026-01-21T21:35:00.000Z,2026-01-21T21:39:00.000Z,BUY,0.01,2,1,10.00,2,16190.00
2026-01-21T21:39:00.000Z,2026-01-21T21:39:00.000Z,BUY,0.01,1,1,10.00,1,16200.00
2026-01-21T21:39:00.000Z,2026-01-21T22:18:00.000Z,BUY,0.01,3,1,10.00,3,16210.00
2026-01-21T22:18:00.000Z,2026-01-21T22:30:00.000Z,BUY,0.01,1,1,10.00,1,16220.00
2026-01-21T22:30:00.000Z,2026-01-21T22:43:00.000Z,BUY,0.01,1,1,10.00,1,16230.00
2026-01-21T22:43:00.000Z,2026-01-21T22:51:00.000Z,BUY,0.01,1,1,10.00,1,16240.00
2026-01-21T22:51:00.000Z,2026-01-21T23:21:00.000Z,BUY,0.01,1,1,10.00,1,16250.00
2026-01-21T23:21:00.000Z,2026-01-22T01:09:00.000Z,BUY,0.01,2,1,10.00,2,16260.00
2026-01-22T01:09:00.000Z,2026-01-22T01:15:00.000Z,BUY,0.01,1,1,10.00,1,16270.00
2026-01-22T01:15:00.000Z,2026-01-22T01:27:00.000Z,BUY,0.01,2,1,10.00,2,16280.00
2026-01-22T01:27:00.000Z,2026-01-22T01:30:00.000Z,BUY,0.01,1,1,10.00,1,16290.00
2026-01-22T01:30:00.000Z,2026-01-22T03:21:00.000Z,BUY,0.01,3,1,10.00,3,16300.00
2026-01-22T03:21:00.000Z,2026-01-22T03:28:00.000Z,SELL,0.01,1,1,10.00,1,16310.00
2026-01-22T03:28:00.000Z,2026-01-22T04:30:00.000Z,SELL,0.01,1,1,10.00,1,16320.00
2026-01-22T04:30:00.000Z,2026-01-22T04:39:00.000Z,SELL,0.01,1,1,10.00,1,16330.00
2026-01-22T04:39:00.000Z,2026-01-22T07:45:00.000Z,SELL,0.01,2,1,10.00,2,16340.00
2026-01-22T07:45:00.000Z,2026-01-22T09:07:00.000Z,SELL,0.01,2,1,10.00,2,16350.00
2026-01-22T09:07:00.000Z,2026-01-22T10:11:00.000Z,SELL,0.01,1,1,10.00,1,16360.00
2026-01-22T10:11:00.000Z,2026-01-22T11:42:00.000Z,SELL,0.01,1,1,10.00,1,16370.00
2026-01-22T11:42:00.000Z,2026-01-22T12:00:00.000Z,BUY,0.01,1,1,10.00,1,16380.00
2026-01-22T12:00:00.000Z,2026-01-22T13:54:00.000Z,BUY,0.01,1,1,10.00,1,16390.00
2026-01-22T13:54:00.000Z,2026-01-22T16:33:00.000Z,BUY,0.01,3,1,10.00,3,16400.00
2026-01-22T16:33:00.000Z,2026-01-22T17:29:00.000Z,BUY,0.01,1,1,10.00,1,16410.00
2026-01-22T17:29:00.000Z,2026-01-22T17:36:00.000Z,BUY,0.01,1,1,10.00,1,16420.00
2026-01-22T17:36:00.000Z,2026-01-22T18:10:00.000Z,BUY,0.01,1,1,10.00,1,16430.00
2026-01-22T18:10:00.000Z,2026-01-22T19:22:00.000Z,BUY,0.01,1,1,10.00,1,16440.00
2026-01-22T19:22:00.000Z,2026-01-22T19:34:00.000Z,BUY,0.01,1,1,10.00,1,16450.00
2026-01-22T19:34:00.000Z,2026-01-22T20:01:00.000Z,BUY,0.01,1,1,10.00,1,16460.00
2026-01-22T20:01:00.000Z,2026-01-22T20:49:00.000Z,BUY,0.01,1,1,10.00,1,16470.00
2026-01-22T20:49:00.000Z,2026-01-22T22:15:00.000Z,BUY,0.01,1,1,10.00,1,16480.00
2026-01-22T22:15:00.000Z,2026-01-22T23:41:00.000Z,BUY,0.01,1,1,10.00,1,16490.00
2026-01-22T23:41:00.000Z,2026-01-23T01:01:00.000Z,BUY,0.01,1,1,10.00,1,16500.00
2026-01-23T01:01:00.000Z,2026-01-23T01:08:00.000Z,BUY,0.01,1,1,10.00,1,16510.00
2026-01-23T01:08:00.000Z,2026-01-23T10:19:00.000Z,BUY,0.01,5,0,-2420.00,5,14090.00
2026-01-23T10:19:00.000Z,2026-01-23T10:27:00.000Z,BUY,0.01,2,1,10.00,2,14100.00
2026-01-23T10:27:00.000Z,2026-01-23T10:33:00.000Z,BUY,0.01,1,1,10.00,1,14110.00
2026-01-23T10:33:00.000Z,2026-01-23T12:25:00.000Z,BUY,0.01,1,1,10.00,1,14120.00
2026-01-23T12:25:00.000Z,2026-01-23T14:40:00.000Z,BUY,0.01,1,1,10.00,1,14130.00
2026-01-23T14:40:00.000Z,2026-01-23T16:38:00.000Z,BUY,0.01,1,1,10.00,1,14140.00
2026-01-23T16:38:00.000Z,2026-01-23T17:42:00.000Z,BUY,0.01,1,1,10.00,1,14150.00
2026-01-23T17:42:00.000Z,2026-01-23T18:09:00.000Z,BUY,0.01,1,1,10.00,1,14160.00
2026-01-23T18:09:00.000Z,2026-01-23T18:18:00.000Z,BUY,0.01,1,1,10.00,1,14170.00
2026-01-23T18:18:00.000Z,2026-01-23T23:58:00.000Z,BUY,0.01,3,1,10.00,3,14180.00
2026-01-23T23:58:00.000Z,2026-01-26T01:00:00.000Z,BUY,0.01,1,1,10.00,1,14190.00
2026-01-26T01:00:00.000Z,2026-01-26T01:00:00.000Z,BUY,0.01,1,1,10.00,1,14200.00
2026-01-26T01:00:00.000Z,2026-01-26T01:02:00.000Z,BUY,0.01,1,1,10.00,1,14210.00
2026-01-26T01:02:00.000Z,2026-01-26T01:21:00.000Z,BUY,0.01,1,1,10.00,1,14220.00
2026-01-26T01:21:00.000Z,2026-01-26T02:00:00.000Z,BUY,0.01,1,1,10.00,1,14230.00
2026-01-26T02:00:00.000Z,2026-01-26T02:41:00.000Z,BUY,0.01,1,1,10.00,1,14240.00
2026-01-26T02:41:00.000Z,2026-01-26T03:16:00.000Z,BUY,0.01,3,1,10.00,3,14250.00
2026-01-26T03:16:00.000Z,2026-01-26T03:25:00.000Z,BUY,0.01,1,1,10.00,1,14260.00
2026-01-26T03:25:00.000Z,2026-01-26T03:34:00.000Z,BUY,0.01,1,1,10.00,1,14270.00
2026-01-26T03:34:00.000Z,2026-01-26T04:31:00.000Z,BUY,0.01,1,1,10.00,1,14280.00
2026-01-26T04:31:00.000Z,2026-01-26T06:45:00.000Z,BUY,0.01,2,1,10.00,2,14290.00
2026-01-26T06:45:00.000Z,2026-01-26T07:01:00.000Z,BUY,0.01,1,1,10.00,1,14300.00
2026-01-26T07:01:00.000Z,2026-01-26T08:37:00.000Z,BUY,0.01,3,1,10.00,3,14310.00
2026-01-26T08:37:00.000Z,2026-01-26T08:45:00.000Z,BUY,0.01,1,1,10.00,1,14320.00
2026-01-26T08:45:00.000Z,2026-01-26T08:47:00.000Z,BUY,0.01,1,1,10.00,1,14330.00
2026-01-26T08:47:00.000Z,2026-01-26T15:02:00.000Z,BUY,0.01,2,1,10.00,2,14340.00
2026-01-26T15:02:00.000Z,2026-01-26T16:32:00.000Z,BUY,0.01,1,1,10.00,1,14350.00
2026-01-26T16:32:00.000Z,2026-01-26T16:52:00.000Z,BUY,0.01,1,1,10.00,1,14360.00
2026-01-26T16:52:00.000Z,2026-01-26T18:06:00.000Z,BUY,0.01,1,1,10.00,1,14370.00
2026-01-26T18:06:00.000Z,2026-01-26T18:28:00.000Z,BUY,0.01,2,1,10.00,2,14380.00
2026-01-26T18:28:00.000Z,2026-01-26T18:28:00.000Z,BUY,0.01,1,1,10.00,1,14390.00
2026-01-26T18:28:00.000Z,2026-01-26T19:04:00.000Z,BUY,0.01,1,1,10.00,1,14400.00
2026-01-26T19:04:00.000Z,2026-01-26T19:45:00.000Z,BUY,0.01,1,1,10.00,1,14410.00
2026-01-26T19:45:00.000Z,2026-01-26T20:32:00.000Z,BUY,0.01,2,1,10.00,2,14420.00
2026-01-26T20:32:00.000Z,2026-01-26T21:03:00.000Z,BUY,0.01,2,1,10.00,2,14430.00
2026-01-26T21:03:00.000Z,2026-01-26T21:07:00.000Z,BUY,0.01,1,1,10.00,1,14440.00
2026-01-26T21:07:00.000Z,2026-01-26T21:22:00.000Z,BUY,0.01,2,1,10.00,2,14450.00
2026-01-26T21:22:00.000Z,2026-01-26T21:26:00.000Z,BUY,0.01,1,1,10.00,1,14460.00
2026-01-26T21:26:00.000Z,2026-01-26T22:06:00.000Z,BUY,0.01,3,1,10.00,3,14470.00
2026-01-26T22:06:00.000Z,2026-01-26T22:28:00.000Z,BUY,0.01,1,1,10.00,1,14480.00
2026-01-26T22:28:00.000Z,2026-01-26T23:17:00.000Z,BUY,0.01,4,1,10.00,4,14490.00
2026-01-26T23:17:00.000Z,2026-01-26T23:36:00.000Z,BUY,0.01,2,1,10.00,2,14500.00
2026-01-26T23:36:00.000Z,2026-01-26T23:36:00.000Z,BUY,0.01,1,1,10.00,1,14510.00
2026-01-26T23:36:00.000Z,2026-01-26T23:48:00.000Z,BUY,0.01,1,1,10.00,1,14520.00
2026-01-26T23:48:00.000Z,2026-01-27T01:01:00.000Z,BUY,0.01,1,1,10.00,1,14530.00
2026-01-27T01:01:00.000Z,2026-01-27T01:08:00.000Z,BUY,0.01,1,1,10.00,1,14540.00
2026-01-27T01:08:00.000Z,2026-01-27T01:17:00.000Z,BUY,0.01,1,1,10.00,1,14550.00
2026-01-27T01:17:00.000Z,2026-01-27T01:42:00.000Z,BUY,0.01,1,1,10.00,1,14560.00
2026-01-27T01:42:00.000Z,2026-01-27T02:46:00.000Z,BUY,0.01,2,1,10.00,2,14570.00
2026-01-27T02:46:00.000Z,2026-01-27T03:05:00.000Z,BUY,0.01,1,1,10.00,1,14580.00
2026-01-27T03:05:00.000Z,2026-01-27T03:13:00.000Z,SELL,0.01,2,1,10.00,2,14590.00
2026-01-27T03:13:00.000Z,2026-01-27T03:13:00.000Z,SELL,0.01,1,1,10.00,1,14600.00
2026-01-27T03:13:00.000Z,2026-01-27T08:24:00.000Z,SELL,0.01,2,1,10.00,2,14610.00
2026-01-27T08:24:00.000Z,2026-01-27T09:32:00.000Z,BUY,0.01,1,1,10.00,1,14620.00
2026-01-27T09:32:00.000Z,2026-01-27T13:52:00.000Z,BUY,0.01,4,1,10.00,4,14630.00
2026-01-27T13:52:00.000Z,2026-01-27T13:56:00.000Z,BUY,0.01,1,1,10.00,1,14640.00
2026-01-27T13:56:00.000Z,2026-01-27T14:32:00.000Z,BUY,0.01,1,1,10.00,1,14650.00
2026-01-27T14:32:00.000Z,2026-01-27T16:13:00.000Z,BUY,0.01,2,1,10.00,2,14660.00
2026-01-27T16:13:00.000Z,2026-01-27T16:30:00.000Z,BUY,0.01,1,1,10.00,1,14670.00
2026-01-27T16:30:00.000Z,2026-01-27T16:41:00.000Z,BUY,0.01,1,1,10.00,1,14680.00
2026-01-27T16:41:00.000Z,2026-01-27T17:00:00.000Z,BUY,0.01,2,1,10.00,2,14690.00
2026-01-27T17:00:00.000Z,2026-01-27T17:01:00.000Z,BUY,0.01,1,1,10.00,1,14700.00
2026-01-27T17:01:00.000Z,2026-01-27T17:03:00.000Z,BUY,0.01,1,1,10.00,1,14710.00
2026-01-27T17:03:00.000Z,2026-01-27T17:33:00.000Z,BUY,0.01,1,1,10.00,1,14720.00
2026-01-27T17:33:00.000Z,2026-01-27T17:59:00.000Z,BUY,0.01,1,1,10.00,1,14730.00
2026-01-27T17:59:00.000Z,2026-01-27T18:18:00.000Z,BUY,0.01,1,1,10.00,1,14740.00
2026-01-27T18:18:00.000Z,2026-01-27T22:03:00.000Z,BUY,0.01,3,1,10.00,3,14750.00
2026-01-27T22:03:00.000Z,2026-01-27T22:03:00.000Z,BUY,0.01,1,1,10.00,1,14760.00
2026-01-27T22:03:00.000Z,2026-01-27T22:10:00.000Z,BUY,0.01,1,1,10.00,1,14770.00
2026-01-27T22:10:00.000Z,2026-01-27T22:14:00.000Z,BUY,0.01,1,1,10.00,1,14780.00
2026-01-27T22:14:00.000Z,2026-01-27T22:21:00.000Z,BUY,0.01,1,1,10.00,1,14790.00
2026-01-27T22:21:00.000Z,2026-01-27T22:47:00.000Z,BUY,0.01,1,1,10.00,1,14800.00
2026-01-27T22:47:00.000Z,2026-01-27T22:53:00.000Z,BUY,0.01,1,1,10.00,1,14810.00
2026-01-27T22:53:00.000Z,2026-01-27T22:55:00.000Z,BUY,0.01,1,1,10.00,1,14820.00
2026-01-27T22:55:00.000Z,2026-01-28T03:06:00.000Z,BUY,0.01,3,1,10.00,3,14830.00
2026-01-28T03:06:00.000Z,2026-01-28T03:07:00.000Z,BUY,0.01,1,1,10.00,1,14840.00
2026-01-28T03:07:00.000Z,2026-01-28T03:44:00.000Z,BUY,0.01,3,1,10.00,3,14850.00
2026-01-28T03:44:00.000Z,2026-01-28T03:46:00.000Z,BUY,0.01,1,1,10.00,1,14860.00
2026-01-28T03:46:00.000Z,2026-01-28T04:54:00.000Z,BUY,0.01,3,1,10.00,3,14870.00
2026-01-28T04:54:00.000Z,2026-01-28T05:08:00.000Z,BUY,0.01,1,1,10.00,1,14880.00
2026-01-28T05:08:00.000Z,2026-01-28T07:09:00.000Z,BUY,0.01,1,1,10.00,1,14890.00
2026-01-28T07:09:00.000Z,2026-01-28T07:41:00.000Z,BUY,0.01,1,1,10.00,1,14900.00
2026-01-28T07:41:00.000Z,2026-01-28T09:09:00.000Z,BUY,0.01,1,1,10.00,1,14910.00
2026-01-28T09:09:00.000Z,2026-01-28T09:25:00.000Z,BUY,0.01,1,1,10.00,1,14920.00
2026-01-28T09:25:00.000Z,2026-01-28T10:02:00.000Z,BUY,0.01,1,1,10.00,1,14930.00
2026-01-28T10:02:00.000Z,2026-01-28T10:32:00.000Z,BUY,0.01,1,1,10.00,1,14940.00
2026-01-28T10:32:00.000Z,2026-01-28T11:18:00.000Z,BUY,0.01,2,1,10.00,2,14950.00
2026-01-28T11:18:00.000Z,2026-01-28T12:11:00.000Z,BUY,0.01,1,1,10.00,1,14960.00
2026-01-28T12:11:00.000Z,2026-01-28T13:04:00.000Z,BUY,0.01,2,1,10.00,2,14970.00
2026-01-28T13:04:00.000Z,2026-01-28T13:04:00.000Z,BUY,0.01,1,1,10.00,1,14980.00
2026-01-28T13:04:00.000Z,2026-01-28T14:54:00.000Z,BUY,0.01,3,1,10.00,3,14990.00
2026-01-28T14:54:00.000Z,2026-01-28T15:03:00.000Z,BUY,0.01,1,1,10.00,1,15000.00
2026-01-28T15:03:00.000Z,2026-01-28T16:06:00.000Z,BUY,0.01,2,1,10.00,2,15010.00
2026-01-28T16:06:00.000Z,2026-01-28T16:19:00.000Z,BUY,0.01,1,1,10.00,1,15020.00
2026-01-28T16:19:00.000Z,2026-01-28T16:36:00.000Z,BUY,0.01,1,1,10.00,1,15030.00
2026-01-28T16:36:00.000Z,2026-01-28T16:58:00.000Z,BUY,0.01,1,1,10.00,1,15040.00
2026-01-28T16:58:00.000Z,2026-01-28T17:03:00.000Z,BUY,0.01,1,1,10.00,1,15050.00
2026-01-28T17:03:00.000Z,2026-01-28T17:07:00.000Z,BUY,0.01,2,1,10.00,2,15060.00
2026-01-28T17:07:00.000Z,2026-01-28T17:07:00.000Z,BUY,0.01,1,1,10.00,1,15070.00
2026-01-28T17:07:00.000Z,2026-01-28T17:07:00.000Z,BUY,0.01,1,1,10.00,1,15080.00
2026-01-28T17:07:00.000Z,2026-01-28T17:07:00.000Z,BUY,0.01,1,1,10.00,1,15090.00
2026-01-28T17:07:00.000Z,2026-01-28T17:07:00.000Z,BUY,0.01,2,1,10.00,2,15100.00
2026-01-28T17:07:00.000Z,2026-01-28T17:08:00.000Z,BUY,0.01,2,1,10.00,2,15110.00
2026-01-28T17:08:00.000Z,2026-01-28T17:08:00.000Z,BUY,0.01,1,1,10.00,1,15120.00
2026-01-28T17:08:00.000Z,2026-01-28T17:08:00.000Z,BUY,0.01,1,1,10.00,1,15130.00
2026-01-28T17:08:00.000Z,2026-01-28T17:16:00.000Z,BUY,0.01,1,1,10.00,1,15140.00
2026-01-28T17:16:00.000Z,2026-01-28T17:36:00.000Z,BUY,0.01,3,1,10.00,3,15150.00
2026-01-28T17:36:00.000Z,2026-01-28T18:08:00.000Z,BUY,0.01,1,1,10.00,1,15160.00
2026-01-28T18:08:00.000Z,2026-01-28T18:57:00.000Z,BUY,0.01,1,1,10.00,1,15170.00
2026-01-28T18:57:00.000Z,2026-01-28T20:18:00.000Z,BUY,0.01,1,1,10.00,1,15180.00
2026-01-28T20:18:00.000Z,2026-01-28T20:21:00.000Z,BUY,0.01,1,1,10.00,1,15190.00
2026-01-28T20:21:00.000Z,2026-01-28T20:31:00.000Z,BUY,0.01,2,1,10.00,2,15200.00
2026-01-28T20:31:00.000Z,2026-01-28T21:15:00.000Z,BUY,0.01,3,1,10.00,3,15210.00
2026-01-28T21:15:00.000Z,2026-01-28T21:43:00.000Z,BUY,0.01,1,1,10.00,1,15220.00
2026-01-28T21:43:00.000Z,2026-01-28T21:49:00.000Z,BUY,0.01,1,1,10.00,1,15230.00
2026-01-28T21:49:00.000Z,2026-01-28T21:57:00.000Z,BUY,0.01,1,1,10.00,1,15240.00
2026-01-28T21:57:00.000Z,2026-01-28T22:20:00.000Z,BUY,0.01,1,1,10.00,1,15250.00
2026-01-28T22:20:00.000Z,2026-01-28T22:27:00.000Z,BUY,0.01,1,1,10.00,1,15260.00
2026-01-28T22:27:00.000Z,2026-01-28T22:30:00.000Z,BUY,0.01,1,1,10.00,1,15270.00
2026-01-28T22:30:00.000Z,2026-01-28T22:37:00.000Z,BUY,0.01,1,1,10.00,1,15280.00
2026-01-28T22:37:00.000Z,2026-01-28T22:41:00.000Z,BUY,0.01,1,1,10.00,1,15290.00
2026-01-28T22:41:00.000Z,2026-01-28T22:43:00.000Z,BUY,0.01,1,1,10.00,1,15300.00
2026-01-28T22:43:00.000Z,2026-01-28T23:48:00.000Z,BUY,0.01,3,1,10.00,3,15310.00
2026-01-28T23:48:00.000Z,2026-01-28T23:55:00.000Z,BUY,0.01,1,1,10.00,1,15320.00
2026-01-28T23:55:00.000Z,2026-01-29T01:00:00.000Z,BUY,0.01,1,1,10.00,1,15330.00
2026-01-29T01:00:00.000Z,2026-01-29T01:01:00.000Z,BUY,0.01,1,1,10.00,1,15340.00
2026-01-29T01:01:00.000Z,2026-01-29T01:01:00.000Z,BUY,0.01,1,1,10.00,1,15350.00
2026-01-29T01:01:00.000Z,2026-01-29T01:01:00.000Z,BUY,0.01,1,1,10.00,1,15360.00
2026-01-29T01:01:00.000Z,2026-01-29T01:12:00.000Z,BUY,0.01,3,1,10.00,3,15370.00
2026-01-29T01:12:00.000Z,2026-01-29T01:14:00.000Z,BUY,0.01,1,1,10.00,1,15380.00
2026-01-29T01:14:00.000Z,2026-01-29T01:16:00.000Z,BUY,0.01,1,1,10.00,1,15390.00
2026-01-29T01:16:00.000Z,2026-01-29T01:19:00.000Z,BUY,0.01,1,1,10.00,1,15400.00
2026-01-29T01:19:00.000Z,2026-01-29T01:35:00.000Z,BUY,0.01,3,1,10.00,3,15410.00
2026-01-29T01:35:00.000Z,2026-01-29T01:36:00.000Z,BUY,0.01,1,1,10.00,1,15420.00
2026-01-29T01:36:00.000Z,2026-01-29T01:37:00.000Z,BUY,0.01,1,1,10.00,1,15430.00
2026-01-29T01:37:00.000Z,2026-01-29T01:37:00.000Z,BUY,0.01,1,1,10.00,1,15440.00
2026-01-29T01:37:00.000Z,2026-01-29T01:37:00.000Z,BUY,0.01,1,1,10.00,1,15450.00
2026-01-29T01:37:00.000Z,2026-01-29T01:38:00.000Z,BUY,0.01,3,1,10.00,3,15460.00
2026-01-29T01:38:00.000Z,2026-01-29T01:38:00.000Z,BUY,0.01,1,1,10.00,1,15470.00
2026-01-29T01:38:00.000Z,2026-01-29T01:38:00.000Z,BUY,0.01,1,1,10.00,1,15480.00
2026-01-29T01:38:00.000Z,2026-01-29T01:38:00.000Z,BUY,0.01,2,1,10.00,2,15490.00
2026-01-29T01:38:00.000Z,2026-01-29T01:38:00.000Z,BUY,0.01,1,1,10.00,1,15500.00
2026-01-29T01:38:00.000Z,2026-01-29T01:38:00.000Z,BUY,0.01,1,1,10.00,1,15510.00
2026-01-29T01:38:00.000Z,2026-01-29T01:39:00.000Z,BUY,0.01,1,1,10.00,1,15520.00
2026-01-29T01:39:00.000Z,2026-01-29T01:39:00.000Z,BUY,0.01,1,1,10.00,1,15530.00
2026-01-29T01:39:00.000Z,2026-01-29T01:39:00.000Z,BUY,0.01,1,1,10.00,1,15540.00
2026-01-29T01:39:00.000Z,2026-01-29T01:39:00.000Z,BUY,0.01,2,1,10.00,2,15550.00
2026-01-29T01:39:00.000Z,2026-01-29T01:39:00.000Z,BUY,0.01,1,1,10.00,1,15560.00
2026-01-29T01:39:00.000Z,2026-01-29T01:39:00.000Z,BUY,0.01,1,1,10.00,1,15570.00
2026-01-29T01:39:00.000Z,2026-01-29T01:41:00.000Z,BUY,0.01,4,1,10.00,4,15580.00
2026-01-29T01:41:00.000Z,2026-01-29T01:41:00.000Z,BUY,0.01,1,1,10.00,1,15590.00
2026-01-29T01:41:00.000Z,2026-01-29T01:41:00.000Z,BUY,0.01,1,1,10.00,1,15600.00
2026-01-29T01:41:00.000Z,2026-01-29T01:44:00.000Z,BUY,0.01,4,1,10.00,4,15610.00
2026-01-29T01:44:00.000Z,2026-01-29T01:46:00.000Z,BUY,0.01,4,1,10.00,4,15620.00
2026-01-29T01:46:00.000Z,2026-01-29T01:46:00.000Z,BUY,0.01,1,1,10.00,1,15630.00
2026-01-29T01:46:00.000Z,2026-01-29T01:49:00.000Z,BUY,0.01,2,1,10.00,2,15640.00
2026-01-29T01:49:00.000Z,2026-01-29T01:49:00.000Z,BUY,0.01,1,1,10.00,1,15650.00
2026-01-29T01:49:00.000Z,2026-01-29T01:56:00.000Z,BUY,0.01,3,1,10.00,3,15660.00
2026-01-29T01:56:00.000Z,2026-01-29T01:56:00.000Z,BUY,0.01,1,1,10.00,1,15670.00
2026-01-29T01:56:00.000Z,2026-01-29T01:56:00.000Z,BUY,0.01,2,1,10.00,2,15680.00
2026-01-29T01:56:00.000Z,2026-01-29T01:56:00.000Z,BUY,0.01,1,1,10.00,1,15690.00
2026-01-29T01:56:00.000Z,2026-01-29T01:56:00.000Z,BUY,0.01,1,1,10.00,1,15700.00
2026-01-29T01:56:00.000Z,2026-01-29T01:57:00.000Z,BUY,0.01,1,1,10.00,1,15710.00
2026-01-29T01:57:00.000Z,2026-01-29T02:00:00.000Z,BUY,0.01,2,1,10.00,2,15720.00
2026-01-29T02:00:00.000Z,2026-01-29T02:00:00.000Z,BUY,0.01,1,1,10.00,1,15730.00
2026-01-29T02:00:00.000Z,2026-01-29T02:01:00.000Z,BUY,0.01,2,1,10.00,2,15740.00
2026-01-29T02:01:00.000Z,2026-01-29T02:03:00.000Z,BUY,0.01,5,1,10.00,5,15750.00
2026-01-29T02:03:00.000Z,2026-01-29T02:07:00.000Z,BUY,0.01,1,1,10.00,1,15760.00
2026-01-29T02:07:00.000Z,2026-01-29T02:09:00.000Z,BUY,0.01,1,1,10.00,1,15770.00
2026-01-29T02:09:00.000Z,2026-01-29T02:17:00.000Z,BUY,0.01,2,1,10.00,2,15780.00
2026-01-29T02:17:00.000Z,2026-01-29T02:26:00.000Z,BUY,0.01,1,1,10.00,1,15790.00
2026-01-29T02:26:00.000Z,2026-01-29T02:28:00.000Z,BUY,0.01,1,1,10.00,1,15800.00
2026-01-29T02:28:00.000Z,2026-01-29T02:33:00.000Z,BUY,0.01,1,1,10.00,1,15810.00
2026-01-29T02:33:00.000Z,2026-01-29T02:35:00.000Z,BUY,0.01,1,1,10.00,1,15820.00
2026-01-29T02:35:00.000Z,2026-01-29T03:00:00.000Z,BUY,0.01,4,1,10.00,4,15830.00
2026-01-29T03:00:00.000Z,2026-01-29T03:00:00.000Z,BUY,0.01,1,1,10.00,1,15840.00
2026-01-29T03:00:00.000Z,2026-01-29T03:00:00.000Z,BUY,0.01,1,1,10.00,1,15850.00
2026-01-29T03:00:00.000Z,2026-01-29T03:00:00.000Z,BUY,0.01,1,1,10.00,1,15860.00
2026-01-29T03:00:00.000Z,2026-01-29T03:00:00.000Z,BUY,0.01,2,1,10.00,2,15870.00
2026-01-29T03:00:00.000Z,2026-01-29T03:01:00.000Z,BUY,0.01,1,1,10.00,1,15880.00
2026-01-29T03:01:00.000Z,2026-01-29T03:04:00.000Z,BUY,0.01,2,1,10.00,2,15890.00
2026-01-29T03:04:00.000Z,2026-01-29T03:04:00.000Z,BUY,0.01,1,1,10.00,1,15900.00
2026-01-29T03:04:00.000Z,2026-01-29T03:09:00.000Z,BUY,0.01,2,1,10.00,2,15910.00
2026-01-29T03:09:00.000Z,2026-01-29T03:09:00.000Z,BUY,0.01,1,1,10.00,1,15920.00
2026-01-29T03:09:00.000Z,2026-01-29T03:09:00.000Z,BUY,0.01,1,1,10.00,1,15930.00
2026-01-29T03:09:00.000Z,2026-01-29T03:15:00.000Z,BUY,0.01,3,1,10.00,3,15940.00
2026-01-29T03:15:00.000Z,2026-01-29T03:15:00.000Z,BUY,0.01,1,1,10.00,1,15950.00
2026-01-29T03:15:00.000Z,2026-01-29T03:23:00.000Z,BUY,0.01,1,1,10.00,1,15960.00
2026-01-29T03:23:00.000Z,2026-01-29T03:30:00.000Z,BUY,0.01,1,1,10.00,1,15970.00
2026-01-29T03:30:00.000Z,2026-01-29T03:36:00.000Z,BUY,0.01,1,1,10.00,1,15980.00
2026-01-29T03:36:00.000Z,2026-01-29T03:40:00.000Z,BUY,0.01,1,1,10.00,1,15990.00
2026-01-29T03:40:00.000Z,2026-01-29T03:41:00.000Z,BUY,0.01,1,1,10.00,1,16000.00
2026-01-29T03:41:00.000Z,2026-01-29T04:02:00.000Z,BUY,0.01,2,1,10.00,2,16010.00
2026-01-29T04:02:00.000Z,2026-01-29T04:02:00.000Z,BUY,0.01,1,1,10.00,1,16020.00
2026-01-29T04:02:00.000Z,2026-01-29T04:13:00.000Z,BUY,0.01,1,1,10.00,1,16030.00
2026-01-29T04:13:00.000Z,2026-01-29T04:36:00.000Z,BUY,0.01,3,1,10.00,3,16040.00
2026-01-29T04:36:00.000Z,2026-01-29T05:04:00.000Z,BUY,0.01,4,1,10.00,4,16050.00
2026-01-29T05:04:00.000Z,2026-01-29T05:07:00.000Z,BUY,0.01,1,1,10.00,1,16060.00
2026-01-29T05:07:00.000Z,2026-01-29T05:13:00.000Z,BUY,0.01,1,1,10.00,1,16070.00
2026-01-29T05:13:00.000Z,2026-01-29T05:55:00.000Z,BUY,0.01,1,1,10.00,1,16080.00
2026-01-29T05:55:00.000Z,2026-01-29T06:33:00.000Z,BUY,0.01,1,1,10.00,1,16090.00
2026-01-29T06:33:00.000Z,2026-01-29T07:22:00.000Z,BUY,0.01,2,1,10.00,2,16100.00
2026-01-29T07:22:00.000Z,2026-01-29T07:28:00.000Z,BUY,0.01,1,1,10.00,1,16110.00
2026-01-29T07:28:00.000Z,2026-01-29T07:30:00.000Z,BUY,0.01,1,1,10.00,1,16120.00
2026-01-29T07:30:00.000Z,2026-01-29T07:48:00.000Z,BUY,0.01,1,1,10.00,1,16130.00
2026-01-29T07:48:00.000Z,2026-01-29T08:00:00.000Z,BUY,0.01,1,1,10.00,1,16140.00
2026-01-29T08:00:00.000Z,2026-01-29T08:02:00.000Z,BUY,0.01,1,1,10.00,1,16150.00
2026-01-29T08:02:00.000Z,2026-01-29T08:08:00.000Z,BUY,0.01,1,1,10.00,1,16160.00
2026-01-29T08:08:00.000Z,2026-01-29T08:58:00.000Z,BUY,0.01,2,1,10.00,2,16170.00
2026-01-29T08:58:00.000Z,2026-01-29T09:01:00.000Z,BUY,0.01,1,1,10.00,1,16180.00
2026-01-29T09:01:00.000Z,2026-01-29T09:28:00.000Z,BUY,0.01,2,1,10.00,2,16190.00
2026-01-29T09:28:00.000Z,2026-01-29T09:28:00.000Z,BUY,0.01,1,1,10.00,1,16200.00
2026-01-29T09:28:00.000Z,2026-01-29T10:31:00.000Z,BUY,0.01,2,1,10.00,2,16210.00
2026-01-29T10:31:00.000Z,2026-01-29T10:43:00.000Z,BUY,0.01,2,1,10.00,2,16220.00
2026-01-29T10:43:00.000Z,2026-01-29T10:43:00.000Z,BUY,0.01,1,1,10.00,1,16230.00
2026-01-29T10:43:00.000Z,2026-01-29T10:43:00.000Z,BUY,0.01,1,1,10.00,1,16240.00
2026-01-29T10:43:00.000Z,2026-01-29T10:44:00.000Z,BUY,0.01,2,1,10.00,2,16250.00
2026-01-29T10:44:00.000Z,2026-01-29T10:44:00.000Z,BUY,0.01,1,1,10.00,1,16260.00
2026-01-29T10:44:00.000Z,2026-01-29T10:48:00.000Z,BUY,0.01,1,1,10.00,1,16270.00
2026-01-29T10:48:00.000Z,2026-01-29T10:50:00.000Z,BUY,0.01,1,1,10.00,1,16280.00
2026-01-29T10:50:00.000Z,2026-01-29T11:34:00.000Z,BUY,0.01,1,1,10.00,1,16290.00
2026-01-29T11:34:00.000Z,2026-01-29T12:57:00.000Z,BUY,0.01,2,1,10.00,2,16300.00
2026-01-29T12:57:00.000Z,2026-01-29T13:11:00.000Z,BUY,0.01,1,1,10.00,1,16310.00
2026-01-29T13:11:00.000Z,2026-01-29T13:16:00.000Z,BUY,0.01,1,1,10.00,1,16320.00
2026-01-29T13:16:00.000Z,2026-01-29T13:46:00.000Z,BUY,0.01,1,1,10.00,1,16330.00
2026-01-29T13:46:00.000Z,2026-01-29T14:13:00.000Z,BUY,0.01,1,1,10.00,1,16340.00
2026-01-29T14:13:00.000Z,2026-01-29T14:27:00.000Z,BUY,0.01,1,1,10.00,1,16350.00
2026-01-29T14:27:00.000Z,2026-01-29T15:20:00.000Z,BUY,0.01,2,1,10.00,2,16360.00
2026-01-29T15:20:00.000Z,2026-01-29T15:23:00.000Z,BUY,0.01,1,1,10.00,1,16370.00
2026-01-29T15:23:00.000Z,2026-01-29T16:08:00.000Z,BUY,0.01,3,1,10.00,3,16380.00
2026-01-29T16:08:00.000Z,2026-01-29T16:27:00.000Z,BUY,0.01,1,1,10.00,1,16390.00
2026-01-29T16:27:00.000Z,2026-01-29T16:35:00.000Z,BUY,0.01,2,1,10.00,2,16400.00
2026-01-29T16:35:00.000Z,2026-01-29T16:37:00.000Z,BUY,0.01,1,1,10.00,1,16410.00
2026-01-29T16:37:00.000Z,2026-01-29T16:39:00.000Z,BUY,0.01,1,1,10.00,1,16420.00
2026-01-29T16:39:00.000Z,2026-01-29T16:46:00.000Z,BUY,0.01,2,1,10.00,2,16430.00
2026-01-29T16:46:00.000Z,2026-01-29T16:46:00.000Z,BUY,0.01,1,1,10.00,1,16440.00
2026-01-29T16:46:00.000Z,2026-01-29T17:00:00.000Z,BUY,0.01,4,1,10.00,4,16450.00
2026-01-29T17:00:00.000Z,2026-01-29T17:00:00.000Z,BUY,0.01,1,1,10.00,1,16460.00
2026-01-29T17:00:00.000Z,2026-01-29T17:01:00.000Z,BUY,0.01,2,1,10.00,2,16470.00
2026-01-29T17:01:00.000Z,2026-01-29T17:01:00.000Z,BUY,0.01,1,1,10.00,1,16480.00
2026-01-29T17:01:00.000Z,2026-01-29T17:01:00.000Z,BUY,0.01,1,1,10.00,1,16490.00
2026-01-29T17:01:00.000Z,2026-01-29T17:02:00.000Z,BUY,0.01,2,1,10.00,2,16500.00
2026-01-29T17:02:00.000Z,2026-01-29T17:02:00.000Z,BUY,0.01,1,1,10.00,1,16510.00
2026-01-29T17:02:00.000Z,2026-01-29T17:06:00.000Z,BUY,0.01,5,0,-2420.00,5,14090.00
2026-01-29T17:06:00.000Z,2026-01-29T17:09:00.000Z,BUY,0.01,2,1,10.00,2,14100.00
2026-01-29T17:09:00.000Z,2026-01-29T17:10:00.000Z,BUY,0.01,1,1,10.00,1,14110.00
2026-01-29T17:10:00.000Z,2026-01-29T17:14:00.000Z,BUY,0.01,5,0,-2420.00,5,11690.00
2026-01-29T17:14:00.000Z,2026-01-29T17:14:00.000Z,BUY,0.01,2,1,10.00,2,11700.00
2026-01-29T17:14:00.000Z,2026-01-29T17:14:00.000Z,BUY,0.01,1,1,10.00,1,11710.00
2026-01-29T17:14:00.000Z,2026-01-29T17:14:00.000Z,BUY,0.01,1,1,10.00,1,11720.00
2026-01-29T17:14:00.000Z,2026-01-29T17:14:00.000Z,BUY,0.01,1,1,10.00,1,11730.00
2026-01-29T17:14:00.000Z,2026-01-29T17:15:00.000Z,BUY,0.01,2,1,10.00,2,11740.00
2026-01-29T17:15:00.000Z,2026-01-29T17:15:00.000Z,BUY,0.01,3,1,10.00,3,11750.00
2026-01-29T17:15:00.000Z,2026-01-29T17:16:00.000Z,BUY,0.01,2,1,10.00,2,11760.00
2026-01-29T17:16:00.000Z,2026-01-29T17:16:00.000Z,BUY,0.01,2,1,10.00,2,11770.00
2026-01-29T17:16:00.000Z,2026-01-29T17:16:00.000Z,BUY,0.01,3,1,10.00,3,11780.00
2026-01-29T17:16:00.000Z,2026-01-29T17:16:00.000Z,BUY,0.01,1,1,10.00,1,11790.00
2026-01-29T17:16:00.000Z,2026-01-29T17:16:00.000Z,BUY,0.01,1,1,10.00,1,11800.00
2026-01-29T17:16:00.000Z,2026-01-29T17:16:00.000Z,BUY,0.01,2,1,10.00,2,11810.00
2026-01-29T17:16:00.000Z,2026-01-29T17:17:00.000Z,BUY,0.01,2,1,10.00,2,11820.00
2026-01-29T17:17:00.000Z,2026-01-29T17:17:00.000Z,BUY,0.01,1,1,10.00,1,11830.00
2026-01-29T17:17:00.000Z,2026-01-29T17:17:00.000Z,BUY,0.01,1,1,10.00,1,11840.00
2026-01-29T17:17:00.000Z,2026-01-29T17:17:00.000Z,BUY,0.01,1,1,10.00,1,11850.00
2026-01-29T17:17:00.000Z,2026-01-29T17:18:00.000Z,BUY,0.01,3,1,10.00,3,11860.00
2026-01-29T17:18:00.000Z,2026-01-29T17:18:00.000Z,BUY,0.01,1,1,10.00,1,11870.00
2026-01-29T17:18:00.000Z,2026-01-29T17:18:00.000Z,BUY,0.01,2,1,10.00,2,11880.00
2026-01-29T17:18:00.000Z,2026-01-29T17:18:00.000Z,BUY,0.01,3,1,10.00,3,11890.00
2026-01-29T17:18:00.000Z,2026-01-29T17:18:00.000Z,BUY,0.01,1,1,10.00,1,11900.00
2026-01-29T17:18:00.000Z,2026-01-29T17:20:00.000Z,BUY,0.01,3,1,10.00,3,11910.00
2026-01-29T17:20:00.000Z,2026-01-29T17:21:00.000Z,BUY,0.01,3,1,10.00,3,11920.00
2026-01-29T17:21:00.000Z,2026-01-29T17:23:00.000Z,BUY,0.01,2,1,10.00,2,11930.00
2026-01-29T17:23:00.000Z,2026-01-29T17:23:00.000Z,BUY,0.01,1,1,10.00,1,11940.00
2026-01-29T17:23:00.000Z,2026-01-29T17:23:00.000Z,BUY,0.01,1,1,10.00,1,11950.00
2026-01-29T17:23:00.000Z,2026-01-29T17:24:00.000Z,BUY,0.01,2,1,10.00,2,11960.00
2026-01-29T17:24:00.000Z,2026-01-29T17:24:00.000Z,BUY,0.01,3,1,10.00,3,11970.00
2026-01-29T17:24:00.000Z,2026-01-29T17:24:00.000Z,BUY,0.01,2,1,10.00,2,11980.00
2026-01-29T17:24:00.000Z,2026-01-29T17:25:00.000Z,BUY,0.01,1,1,10.00,1,11990.00
2026-01-29T17:25:00.000Z,2026-01-29T17:26:00.000Z,BUY,0.01,2,1,10.00,2,12000.00
2026-01-29T17:26:00.000Z,2026-01-29T17:26:00.000Z,BUY,0.01,2,1,10.00,2,12010.00
2026-01-29T17:26:00.000Z,2026-01-29T17:26:00.000Z,BUY,0.01,1,1,10.00,1,12020.00
2026-01-29T17:26:00.000Z,2026-01-29T17:26:00.000Z,BUY,0.01,1,1,10.00,1,12030.00
2026-01-29T17:26:00.000Z,2026-01-29T17:26:00.000Z,BUY,0.01,1,1,10.00,1,12040.00
2026-01-29T17:26:00.000Z,2026-01-29T17:26:00.000Z,BUY,0.01,1,1,10.00,1,12050.00
2026-01-29T17:26:00.000Z,2026-01-29T17:26:00.000Z,BUY,0.01,1,1,10.00,1,12060.00
2026-01-29T17:26:00.000Z,2026-01-29T17:26:00.000Z,BUY,0.01,2,1,10.00,2,12070.00
2026-01-29T17:26:00.000Z,2026-01-29T17:27:00.000Z,BUY,0.01,2,1,10.00,2,12080.00
2026-01-29T17:27:00.000Z,2026-01-29T17:27:00.000Z,BUY,0.01,2,1,10.00,2,12090.00
2026-01-29T17:27:00.000Z,2026-01-29T17:27:00.000Z,BUY,0.01,2,1,10.00,2,12100.00
2026-01-29T17:27:00.000Z,2026-01-29T17:27:00.000Z,BUY,0.01,2,1,10.00,2,12110.00
2026-01-29T17:27:00.000Z,2026-01-29T17:27:00.000Z,BUY,0.01,3,1,10.00,3,12120.00
2026-01-29T17:27:00.000Z,2026-01-29T17:27:00.000Z,BUY,0.01,1,1,10.00,1,12130.00
2026-01-29T17:27:00.000Z,2026-01-29T17:27:00.000Z,BUY,0.01,1,1,10.00,1,12140.00
2026-01-29T17:27:00.000Z,2026-01-29T17:27:00.000Z,BUY,0.01,1,1,10.00,1,12150.00
2026-01-29T17:27:00.000Z,2026-01-29T17:27:00.000Z,BUY,0.01,1,1,10.00,1,12160.00
2026-01-29T17:27:00.000Z,2026-01-29T17:27:00.000Z,BUY,0.01,1,1,10.00,1,12170.00
2026-01-29T17:27:00.000Z,2026-01-29T17:27:00.000Z,BUY,0.01,1,1,10.00,1,12180.00
2026-01-29T17:27:00.000Z,2026-01-29T17:27:00.000Z,BUY,0.01,1,1,10.00,1,12190.00
2026-01-29T17:27:00.000Z,2026-01-29T17:27:00.000Z,BUY,0.01,1,1,10.00,1,12200.00
2026-01-29T17:27:00.000Z,2026-01-29T17:27:00.000Z,BUY,0.01,1,1,10.00,1,12210.00
2026-01-29T17:27:00.000Z,2026-01-29T17:27:00.000Z,BUY,0.01,2,1,10.00,2,12220.00
2026-01-29T17:27:00.000Z,2026-01-29T17:27:00.000Z,BUY,0.01,2,1,10.00,2,12230.00
2026-01-29T17:27:00.000Z,2026-01-29T17:27:00.000Z,BUY,0.01,2,1,10.00,2,12240.00
2026-01-29T17:27:00.000Z,2026-01-29T17:28:00.000Z,BUY,0.01,3,1,10.00,3,12250.00
2026-01-29T17:28:00.000Z,2026-01-29T17:28:00.000Z,BUY,0.01,1,1,10.00,1,12260.00
2026-01-29T17:28:00.000Z,2026-01-29T17:28:00.000Z,BUY,0.01,1,1,10.00,1,12270.00
2026-01-29T17:28:00.000Z,2026-01-29T17:28:00.000Z,BUY,0.01,1,1,10.00,1,12280.00
2026-01-29T17:28:00.000Z,2026-01-29T17:28:00.000Z,BUY,0.01,1,1,10.00,1,12290.00
2026-01-29T17:28:00.000Z,2026-01-29T17:28:00.000Z,BUY,0.01,2,1,10.00,2,12300.00
2026-01-29T17:28:00.000Z,2026-01-29T17:28:00.000Z,BUY,0.01,2,1,10.00,2,12310.00
2026-01-29T17:28:00.000Z,2026-01-29T17:28:00.000Z,BUY,0.01,2,1,10.00,2,12320.00
2026-01-29T17:28:00.000Z,2026-01-29T17:28:00.000Z,BUY,0.01,3,1,10.00,3,12330.00
2026-01-29T17:28:00.000Z,2026-01-29T17:28:00.000Z,BUY,0.01,1,1,10.00,1,12340.00
2026-01-29T17:28:00.000Z,2026-01-29T17:28:00.000Z,BUY,0.01,1,1,10.00,1,12350.00
2026-01-29T17:28:00.000Z,2026-01-29T17:28:00.000Z,BUY,0.01,1,1,10.00,1,12360.00
2026-01-29T17:28:00.000Z,2026-01-29T17:29:00.000Z,BUY,0.01,1,1,10.00,1,12370.00
2026-01-29T17:29:00.000Z,2026-01-29T17:29:00.000Z,BUY,0.01,1,1,10.00,1,12380.00
2026-01-29T17:29:00.000Z,2026-01-29T17:29:00.000Z,BUY,0.01,1,1,10.00,1,12390.00
2026-01-29T17:29:00.000Z,2026-01-29T17:29:00.000Z,BUY,0.01,2,1,10.00,2,12400.00
2026-01-29T17:29:00.000Z,2026-01-29T17:29:00.000Z,BUY,0.01,2,1,10.00,2,12410.00
2026-01-29T17:29:00.000Z,2026-01-29T17:29:00.000Z,BUY,0.01,1,1,10.00,1,12420.00
2026-01-29T17:29:00.000Z,2026-01-29T17:29:00.000Z,BUY,0.01,1,1,10.00,1,12430.00
2026-01-29T17:29:00.000Z,2026-01-29T17:29:00.000Z,BUY,0.01,1,1,10.00,1,12440.00
2026-01-29T17:29:00.000Z,2026-01-29T17:29:00.000Z,BUY,0.01,1,1,10.00,1,12450.00
2026-01-29T17:29:00.000Z,2026-01-29T17:29:00.000Z,BUY,0.01,1,1,10.00,1,12460.00
2026-01-29T17:29:00.000Z,2026-01-29T17:30:00.000Z,BUY,0.01,1,1,10.00,1,12470.00
2026-01-29T17:30:00.000Z,2026-01-29T17:30:00.000Z,BUY,0.01,1,1,10.00,1,12480.00
2026-01-29T17:30:00.000Z,2026-01-29T17:30:00.000Z,BUY,0.01,1,1,10.00,1,12490.00
2026-01-29T17:30:00.000Z,2026-01-29T17:30:00.000Z,BUY,0.01,1,1,10.00,1,12500.00
2026-01-29T17:30:00.000Z,2026-01-29T17:30:00.000Z,BUY,0.01,1,1,10.00,1,12510.00
2026-01-29T17:30:00.000Z,2026-01-29T17:30:00.000Z,BUY,0.01,1,1,10.00,1,12520.00
2026-01-29T17:30:00.000Z,2026-01-29T17:30:00.000Z,BUY,0.01,2,1,10.00,2,12530.00
2026-01-29T17:30:00.000Z,2026-01-29T17:30:00.000Z,BUY,0.01,2,1,10.00,2,12540.00
2026-01-29T17:30:00.000Z,2026-01-29T17:30:00.000Z,BUY,0.01,1,1,10.00,1,12550.00
2026-01-29T17:30:00.000Z,2026-01-29T17:30:00.000Z,BUY,0.01,1,1,10.00,1,12560.00
2026-01-29T17:30:00.000Z,2026-01-29T17:30:00.000Z,BUY,0.01,1,1,10.00,1,12570.00
2026-01-29T17:30:00.000Z,2026-01-29T17:31:00.000Z,BUY,0.01,2,1,10.00,2,12580.00
2026-01-29T17:31:00.000Z,2026-01-29T17:31:00.000Z,BUY,0.01,1,1,10.00,1,12590.00
2026-01-29T17:31:00.000Z,2026-01-29T17:31:00.000Z,BUY,0.01,1,1,10.00,1,12600.00
2026-01-29T17:31:00.000Z,2026-01-29T17:31:00.000Z,BUY,0.01,1,1,10.00,1,12610.00
2026-01-29T17:31:00.000Z,2026-01-29T17:31:00.000Z,BUY,0.01,1,1,10.00,1,12620.00
2026-01-29T17:31:00.000Z,2026-01-29T17:31:00.000Z,BUY,0.01,1,1,10.00,1,12630.00
2026-01-29T17:31:00.000Z,2026-01-29T17:31:00.000Z,BUY,0.01,1,1,10.00,1,12640.00
2026-01-29T17:31:00.000Z,2026-01-29T17:31:00.000Z,BUY,0.01,2,1,10.00,2,12650.00
2026-01-29T17:31:00.000Z,2026-01-29T17:31:00.000Z,BUY,0.01,2,1,10.00,2,12660.00
2026-01-29T17:31:00.000Z,2026-01-29T17:32:00.000Z,BUY,0.01,2,1,10.00,2,12670.00
2026-01-29T17:32:00.000Z,2026-01-29T17:32:00.000Z,BUY,0.01,3,1,10.00,3,12680.00
2026-01-29T17:32:00.000Z,2026-01-29T17:32:00.000Z,BUY,0.01,1,1,10.00,1,12690.00
2026-01-29T17:32:00.000Z,2026-01-29T17:32:00.000Z,BUY,0.01,2,1,10.00,2,12700.00
2026-01-29T17:32:00.000Z,2026-01-29T17:33:00.000Z,BUY,0.01,1,1,10.00,1,12710.00
2026-01-29T17:33:00.000Z,2026-01-29T17:33:00.000Z,BUY,0.01,1,1,10.00,1,12720.00
2026-01-29T17:33:00.000Z,2026-01-29T17:33:00.000Z,BUY,0.01,1,1,10.00,1,12730.00
2026-01-29T17:33:00.000Z,2026-01-29T17:33:00.000Z,BUY,0.01,2,1,10.00,2,12740.00
2026-01-29T17:33:00.000Z,2026-01-29T17:33:00.000Z,BUY,0.01,3,1,10.00,3,12750.00
2026-01-29T17:33:00.000Z,2026-01-29T17:33:00.000Z,BUY,0.01,1,1,10.00,1,12760.00
2026-01-29T17:33:00.000Z,2026-01-29T17:34:00.000Z,BUY,0.01,3,1,10.00,3,12770.00
2026-01-29T17:34:00.000Z,2026-01-29T17:35:00.000Z,BUY,0.01,2,1,10.00,2,12780.00
2026-01-29T17:35:00.000Z,2026-01-29T17:35:00.000Z,BUY,0.01,3,1,10.00,3,12790.00
2026-01-29T17:35:00.000Z,2026-01-29T17:35:00.000Z,BUY,0.01,2,1,10.00,2,12800.00
2026-01-29T17:35:00.000Z,2026-01-29T17:36:00.000Z,BUY,0.01,1,1,10.00,1,12810.00
2026-01-29T17:36:00.000Z,2026-01-29T17:36:00.000Z,BUY,0.01,2,1,10.00,2,12820.00
2026-01-29T17:36:00.000Z,2026-01-29T17:36:00.000Z,BUY,0.01,1,1,10.00,1,12830.00
2026-01-29T17:36:00.000Z,2026-01-29T17:36:00.000Z,BUY,0.01,1,1,10.00,1,12840.00
2026-01-29T17:36:00.000Z,2026-01-29T17:37:00.000Z,BUY,0.01,1,1,10.00,1,12850.00
2026-01-29T17:37:00.000Z,2026-01-29T17:37:00.000Z,BUY,0.01,1,1,10.00,1,12860.00
2026-01-29T17:37:00.000Z,2026-01-29T17:37:00.000Z,BUY,0.01,1,1,10.00,1,12870.00
2026-01-29T17:37:00.000Z,2026-01-29T17:37:00.000Z,BUY,0.01,1,1,10.00,1,12880.00
2026-01-29T17:37:00.000Z,2026-01-29T17:37:00.000Z,BUY,0.01,2,1,10.00,2,12890.00
2026-01-29T17:37:00.000Z,2026-01-29T17:37:00.000Z,BUY,0.01,1,1,10.00,1,12900.00
2026-01-29T17:37:00.000Z,2026-01-29T17:37:00.000Z,BUY,0.01,1,1,10.00,1,12910.00
2026-01-29T17:37:00.000Z,2026-01-29T17:37:00.000Z,BUY,0.01,1,1,10.00,1,12920.00
2026-01-29T17:37:00.000Z,2026-01-29T17:38:00.000Z,BUY,0.01,1,1,10.00,1,12930.00
2026-01-29T17:38:00.000Z,2026-01-29T17:38:00.000Z,BUY,0.01,1,1,10.00,1,12940.00
2026-01-29T17:38:00.000Z,2026-01-29T17:38:00.000Z,BUY,0.01,1,1,10.00,1,12950.00
2026-01-29T17:38:00.000Z,2026-01-29T17:38:00.000Z,BUY,0.01,1,1,10.00,1,12960.00
2026-01-29T17:38:00.000Z,2026-01-29T17:38:00.000Z,BUY,0.01,2,1,10.00,2,12970.00
2026-01-29T17:38:00.000Z,2026-01-29T17:38:00.000Z,BUY,0.01,1,1,10.00,1,12980.00
2026-01-29T17:38:00.000Z,2026-01-29T17:38:00.000Z,BUY,0.01,1,1,10.00,1,12990.00
2026-01-29T17:38:00.000Z,2026-01-29T17:39:00.000Z,BUY,0.01,1,1,10.00,1,13000.00
2026-01-29T17:39:00.000Z,2026-01-29T17:39:00.000Z,BUY,0.01,1,1,10.00,1,13010.00
2026-01-29T17:39:00.000Z,2026-01-29T17:40:00.000Z,BUY,0.01,2,1,10.00,2,13020.00
2026-01-29T17:40:00.000Z,2026-01-29T17:40:00.000Z,BUY,0.01,2,1,10.00,2,13030.00
2026-01-29T17:40:00.000Z,2026-01-29T17:40:00.000Z,BUY,0.01,1,1,10.00,1,13040.00
2026-01-29T17:40:00.000Z,2026-01-29T17:40:00.000Z,BUY,0.01,1,1,10.00,1,13050.00
2026-01-29T17:40:00.000Z,2026-01-29T17:40:00.000Z,BUY,0.01,1,1,10.00,1,13060.00
2026-01-29T17:40:00.000Z,2026-01-29T17:41:00.000Z,BUY,0.01,2,1,10.00,2,13070.00
2026-01-29T17:41:00.000Z,2026-01-29T17:41:00.000Z,BUY,0.01,1,1,10.00,1,13080.00
2026-01-29T17:41:00.000Z,2026-01-29T17:42:00.000Z,BUY,0.01,2,1,10.00,2,13090.00
2026-01-29T17:42:00.000Z,2026-01-29T17:42:00.000Z,BUY,0.01,3,1,10.00,3,13100.00
2026-01-29T17:42:00.000Z,2026-01-29T17:42:00.000Z,BUY,0.01,1,1,10.00,1,13110.00
2026-01-29T17:42:00.000Z,2026-01-29T17:42:00.000Z,BUY,0.01,2,1,10.00,2,13120.00
2026-01-29T17:42:00.000Z,2026-01-29T17:44:00.000Z,BUY,0.01,2,1,10.00,2,13130.00
2026-01-29T17:44:00.000Z,2026-01-29T17:44:00.000Z,BUY,0.01,1,1,10.00,1,13140.00
2026-01-29T17:44:00.000Z,2026-01-29T17:44:00.000Z,BUY,0.01,1,1,10.00,1,13150.00
2026-01-29T17:44:00.000Z,2026-01-29T17:44:00.000Z,BUY,0.01,1,1,10.00,1,13160.00
2026-01-29T17:44:00.000Z,2026-01-29T17:45:00.000Z,BUY,0.01,1,1,10.00,1,13170.00
2026-01-29T17:45:00.000Z,2026-01-29T17:45:00.000Z,BUY,0.01,1,1,10.00,1,13180.00
2026-01-29T17:45:00.000Z,2026-01-29T17:45:00.000Z,BUY,0.01,2,1,10.00,2,13190.00
2026-01-29T17:45:00.000Z,2026-01-29T17:45:00.000Z,BUY,0.01,1,1,10.00,1,13200.00
2026-01-29T17:45:00.000Z,2026-01-29T17:45:00.000Z,BUY,0.01,1,1,10.00,1,13210.00
2026-01-29T17:45:00.000Z,2026-01-29T17:45:00.000Z,BUY,0.01,1,1,10.00,1,13220.00
2026-01-29T17:45:00.000Z,2026-01-29T17:46:00.000Z,BUY,0.01,1,1,10.00,1,13230.00
2026-01-29T17:46:00.000Z,2026-01-29T17:47:00.000Z,BUY,0.01,3,1,10.00,3,13240.00
2026-01-29T17:47:00.000Z,2026-01-29T17:48:00.000Z,BUY,0.01,4,1,10.00,4,13250.00
2026-01-29T17:48:00.000Z,2026-01-29T17:48:00.000Z,BUY,0.01,1,1,10.00,1,13260.00
2026-01-29T17:48:00.000Z,2026-01-29T17:50:00.000Z,BUY,0.01,1,1,10.00,1,13270.00
2026-01-29T17:50:00.000Z,2026-01-29T17:50:00.000Z,BUY,0.01,1,1,10.00,1,13280.00
2026-01-29T17:50:00.000Z,2026-01-29T17:50:00.000Z,BUY,0.01,1,1,10.00,1,13290.00
2026-01-29T17:50:00.000Z,2026-01-29T17:53:00.000Z,BUY,0.01,3,1,10.00,3,13300.00
2026-01-29T17:53:00.000Z,2026-01-29T17:57:00.000Z,BUY,0.01,2,1,10.00,2,13310.00
2026-01-29T17:57:00.000Z,2026-01-29T17:57:00.000Z,BUY,0.01,1,1,10.00,1,13320.00
2026-01-29T17:57:00.000Z,2026-01-29T17:57:00.000Z,BUY,0.01,1,1,10.00,1,13330.00
2026-01-29T17:57:00.000Z,2026-01-29T18:01:00.000Z,BUY,0.01,3,1,10.00,3,13340.00
2026-01-29T18:01:00.000Z,2026-01-29T18:02:00.000Z,BUY,0.01,1,1,10.00,1,13350.00
2026-01-29T18:02:00.000Z,2026-01-29T18:03:00.000Z,BUY,0.01,1,1,10.00,1,13360.00
2026-01-29T18:03:00.000Z,2026-01-29T18:04:00.000Z,BUY,0.01,1,1,10.00,1,13370.00
2026-01-29T18:04:00.000Z,2026-01-29T18:05:00.000Z,BUY,0.01,1,1,10.00,1,13380.00
2026-01-29T18:05:00.000Z,2026-01-29T18:05:00.000Z,BUY,0.01,1,1,10.00,1,13390.00
2026-01-29T18:05:00.000Z,2026-01-29T18:13:00.000Z,BUY,0.01,5,1,10.00,5,13400.00
2026-01-29T18:13:00.000Z,2026-01-29T18:14:00.000Z,BUY,0.01,1,1,10.00,1,13410.00
2026-01-29T18:14:00.000Z,2026-01-29T18:23:00.000Z,BUY,0.01,2,1,10.00,2,13420.00
2026-01-29T18:23:00.000Z,2026-01-29T18:23:00.000Z,BUY,0.01,1,1,10.00,1,13430.00
2026-01-29T18:23:00.000Z,2026-01-29T18:24:00.000Z,BUY,0.01,1,1,10.00,1,13440.00
2026-01-29T18:24:00.000Z,2026-01-29T18:25:00.000Z,BUY,0.01,1,1,10.00,1,13450.00
2026-01-29T18:25:00.000Z,2026-01-29T18:26:00.000Z,BUY,0.01,1,1,10.00,1,13460.00
2026-01-29T18:26:00.000Z,2026-01-29T18:28:00.000Z,BUY,0.01,1,1,10.00,1,13470.00
2026-01-29T18:28:00.000Z,2026-01-29T18:30:00.000Z,BUY,0.01,1,1,10.00,1,13480.00
2026-01-29T18:30:00.000Z,2026-01-29T18:35:00.000Z,BUY,0.01,2,1,10.00,2,13490.00
2026-01-29T18:35:00.000Z,2026-01-29T18:40:00.000Z,BUY,0.01,2,1,10.00,2,13500.00
2026-01-29T18:40:00.000Z,2026-01-29T18:40:00.000Z,BUY,0.01,1,1,10.00,1,13510.00
2026-01-29T18:40:00.000Z,2026-01-29T18:40:00.000Z,BUY,0.01,1,1,10.00,1,13520.00
2026-01-29T18:40:00.000Z,2026-01-29T18:41:00.000Z,BUY,0.01,1,1,10.00,1,13530.00
2026-01-29T18:41:00.000Z,2026-01-29T18:52:00.000Z,BUY,0.01,4,1,10.00,4,13540.00
2026-01-29T18:52:00.000Z,2026-01-29T18:52:00.000Z,BUY,0.01,1,1,10.00,1,13550.00
2026-01-29T18:52:00.000Z,2026-01-29T19:00:00.000Z,BUY,0.01,3,1,10.00,3,13560.00
2026-01-29T19:00:00.000Z,2026-01-29T19:01:00.000Z,SELL,0.01,2,1,10.00,2,13570.00
2026-01-29T19:01:00.000Z,2026-01-29T19:01:00.000Z,SELL,0.01,1,1,10.00,1,13580.00
2026-01-29T19:01:00.000Z,2026-01-29T19:02:00.000Z,SELL,0.01,1,1,10.00,1,13590.00
2026-01-29T19:02:00.000Z,2026-01-29T19:15:00.000Z,SELL,0.01,2,1,10.00,2,13600.00
2026-01-29T19:15:00.000Z,2026-01-29T19:15:00.000Z,SELL,0.01,1,1,10.00,1,13610.00
2026-01-29T19:15:00.000Z,2026-01-29T19:16:00.000Z,SELL,0.01,2,1,10.00,2,13620.00
2026-01-29T19:16:00.000Z,2026-01-29T19:26:00.000Z,SELL,0.01,2,1,10.00,2,13630.00
2026-01-29T19:26:00.000Z,2026-01-29T19:26:00.000Z,SELL,0.01,1,1,10.00,1,13640.00
2026-01-29T19:26:00.000Z,2026-01-29T19:52:00.000Z,SELL,0.01,5,1,10.00,5,13650.00
2026-01-29T19:52:00.000Z,2026-01-29T19:56:00.000Z,SELL,0.01,1,1,10.00,1,13660.00
2026-01-29T19:56:00.000Z,2026-01-29T19:56:00.000Z,SELL,0.01,1,1,10.00,1,13670.00
2026-01-29T19:56:00.000Z,2026-01-29T20:00:00.000Z,SELL,0.01,2,1,10.00,2,13680.00
2026-01-29T20:00:00.000Z,2026-01-29T20:04:00.000Z,SELL,0.01,1,1,10.00,1,13690.00
2026-01-29T20:04:00.000Z,2026-01-29T20:24:00.000Z,SELL,0.01,3,1,10.00,3,13700.00
2026-01-29T20:24:00.000Z,2026-01-29T20:27:00.000Z,SELL,0.01,1,1,10.00,1,13710.00
2026-01-29T20:27:00.000Z,2026-01-29T20:31:00.000Z,SELL,0.01,2,1,10.00,2,13720.00
2026-01-29T20:31:00.000Z,2026-01-29T20:31:00.000Z,SELL,0.01,1,1,10.00,1,13730.00
2026-01-29T20:31:00.000Z,2026-01-29T21:01:00.000Z,SELL,0.01,3,1,10.00,3,13740.00
2026-01-29T21:01:00.000Z,2026-01-29T21:11:00.000Z,SELL,0.01,3,1,10.00,3,13750.00
2026-01-29T21:11:00.000Z,2026-01-29T21:30:00.000Z,SELL,0.01,1,1,10.00,1,13760.00
2026-01-29T21:30:00.000Z,2026-01-29T21:30:00.000Z,SELL,0.01,1,1,10.00,1,13770.00
2026-01-29T21:30:00.000Z,2026-01-29T21:37:00.000Z,SELL,0.01,4,1,10.00,4,13780.00
2026-01-29T21:37:00.000Z,2026-01-29T21:37:00.000Z,SELL,0.01,1,1,10.00,1,13790.00
2026-01-29T21:37:00.000Z,2026-01-29T21:54:00.000Z,SELL,0.01,1,1,10.00,1,13800.00
2026-01-29T21:54:00.000Z,2026-01-29T22:01:00.000Z,SELL,0.01,1,1,10.00,1,13810.00
2026-01-29T22:01:00.000Z,2026-01-29T22:24:00.000Z,SELL,0.01,2,1,10.00,2,13820.00
2026-01-29T22:24:00.000Z,2026-01-29T22:32:00.000Z,SELL,0.01,1,1,10.00,1,13830.00
2026-01-29T22:32:00.000Z,2026-01-29T22:38:00.000Z,SELL,0.01,2,1,10.00,2,13840.00
2026-01-29T22:38:00.000Z,2026-01-29T22:49:00.000Z,SELL,0.01,2,1,10.00,2,13850.00
2026-01-29T22:49:00.000Z,2026-01-29T22:57:00.000Z,SELL,0.01,2,1,10.00,2,13860.00
2026-01-29T22:57:00.000Z,2026-01-29T22:59:00.000Z,SELL,0.01,1,1,10.00,1,13870.00
2026-01-29T22:59:00.000Z,2026-01-29T23:27:00.000Z,SELL,0.01,2,1,10.00,2,13880.00
2026-01-29T23:27:00.000Z,2026-01-29T23:29:00.000Z,SELL,0.01,1,1,10.00,1,13890.00
2026-01-29T23:29:00.000Z,2026-01-29T23:38:00.000Z,SELL,0.01,1,1,10.00,1,13900.00
2026-01-29T23:38:00.000Z,2026-01-29T23:44:00.000Z,SELL,0.01,1,1,10.00,1,13910.00
2026-01-29T23:44:00.000Z,2026-01-29T23:44:00.000Z,SELL,0.01,1,1,10.00,1,13920.00
2026-01-29T23:44:00.000Z,2026-01-29T23:58:00.000Z,SELL,0.01,1,1,10.00,1,13930.00
2026-01-29T23:58:00.000Z,2026-01-30T01:00:00.000Z,SELL,0.01,2,1,10.00,2,13940.00
2026-01-30T01:00:00.000Z,2026-01-30T01:00:00.000Z,SELL,0.01,1,1,10.00,1,13950.00
2026-01-30T01:00:00.000Z,2026-01-30T01:00:00.000Z,SELL,0.01,1,1,10.00,1,13960.00
2026-01-30T01:00:00.000Z,2026-01-30T01:02:00.000Z,SELL,0.01,2,1,10.00,2,13970.00
2026-01-30T01:02:00.000Z,2026-01-30T01:06:00.000Z,SELL,0.01,4,1,10.00,4,13980.00
2026-01-30T01:06:00.000Z,2026-01-30T01:06:00.000Z,SELL,0.01,1,1,10.00,1,13990.00
2026-01-30T01:06:00.000Z,2026-01-30T01:15:00.000Z,SELL,0.01,1,1,10.00,1,14000.00
2026-01-30T01:15:00.000Z,2026-01-30T01:17:00.000Z,SELL,0.01,1,1,10.00,1,14010.00
2026-01-30T01:17:00.000Z,2026-01-30T01:17:00.000Z,SELL,0.01,1,1,10.00,1,14020.00
2026-01-30T01:17:00.000Z,2026-01-30T01:17:00.000Z,SELL,0.01,1,1,10.00,1,14030.00
2026-01-30T01:17:00.000Z,2026-01-30T01:28:00.000Z,SELL,0.01,2,1,10.00,2,14040.00
2026-01-30T01:28:00.000Z,2026-01-30T01:31:00.000Z,SELL,0.01,1,1,10.00,1,14050.00
2026-01-30T01:31:00.000Z,2026-01-30T01:44:00.000Z,SELL,0.01,2,1,10.00,2,14060.00
2026-01-30T01:44:00.000Z,2026-01-30T01:55:00.000Z,SELL,0.01,1,1,10.00,1,14070.00
2026-01-30T01:55:00.000Z,2026-01-30T02:30:00.000Z,SELL,0.01,3,1,10.00,3,14080.00
2026-01-30T02:30:00.000Z,2026-01-30T02:41:00.000Z,SELL,0.01,1,1,10.00,1,14090.00
2026-01-30T02:41:00.000Z,2026-01-30T02:47:00.000Z,SELL,0.01,1,1,10.00,1,14100.00
2026-01-30T02:47:00.000Z,2026-01-30T03:01:00.000Z,SELL,0.01,3,1,10.00,3,14110.00
2026-01-30T03:01:00.000Z,2026-01-30T03:06:00.000Z,SELL,0.01,1,1,10.00,1,14120.00
2026-01-30T03:06:00.000Z,2026-01-30T03:09:00.000Z,SELL,0.01,1,1,10.00,1,14130.00
2026-01-30T03:09:00.000Z,2026-01-30T03:11:00.000Z,SELL,0.01,1,1,10.00,1,14140.00
2026-01-30T03:11:00.000Z,2026-01-30T03:11:00.000Z,SELL,0.01,1,1,10.00,1,14150.00
2026-01-30T03:11:00.000Z,2026-01-30T03:11:00.000Z,SELL,0.01,1,1,10.00,1,14160.00
2026-01-30T03:11:00.000Z,2026-01-30T03:11:00.000Z,SELL,0.01,1,1,10.00,1,14170.00
2026-01-30T03:11:00.000Z,2026-01-30T03:11:00.000Z,SELL,0.01,2,1,10.00,2,14180.00
2026-01-30T03:11:00.000Z,2026-01-30T03:11:00.000Z,SELL,0.01,1,1,10.00,1,14190.00
2026-01-30T03:11:00.000Z,2026-01-30T03:11:00.000Z,SELL,0.01,1,1,10.00,1,14200.00
2026-01-30T03:11:00.000Z,2026-01-30T03:14:00.000Z,SELL,0.01,1,1,10.00,1,14210.00
2026-01-30T03:14:00.000Z,2026-01-30T03:14:00.000Z,SELL,0.01,1,1,10.00,1,14220.00
2026-01-30T03:14:00.000Z,2026-01-30T03:14:00.000Z,SELL,0.01,1,1,10.00,1,14230.00
2026-01-30T03:14:00.000Z,2026-01-30T03:17:00.000Z,SELL,0.01,2,1,10.00,2,14240.00
2026-01-30T03:17:00.000Z,2026-01-30T03:18:00.000Z,SELL,0.01,1,1,10.00,1,14250.00
2026-01-30T03:18:00.000Z,2026-01-30T03:25:00.000Z,SELL,0.01,2,1,10.00,2,14260.00
2026-01-30T03:25:00.000Z,2026-01-30T03:45:00.000Z,SELL,0.01,1,1,10.00,1,14270.00
2026-01-30T03:45:00.000Z,2026-01-30T03:46:00.000Z,SELL,0.01,1,1,10.00,1,14280.00
2026-01-30T03:46:00.000Z,2026-01-30T03:48:00.000Z,SELL,0.01,1,1,10.00,1,14290.00
2026-01-30T03:48:00.000Z,2026-01-30T03:57:00.000Z,SELL,0.01,3,1,10.00,3,14300.00
2026-01-30T03:57:00.000Z,2026-01-30T03:59:00.000Z,SELL,0.01,1,1,10.00,1,14310.00
2026-01-30T03:59:00.000Z,2026-01-30T03:59:00.000Z,SELL,0.01,1,1,10.00,1,14320.00
2026-01-30T03:59:00.000Z,2026-01-30T04:00:00.000Z,SELL,0.01,1,1,10.00,1,14330.00
2026-01-30T04:00:00.000Z,2026-01-30T04:09:00.000Z,SELL,0.01,3,1,10.00,3,14340.00
2026-01-30T04:09:00.000Z,2026-01-30T04:10:00.000Z,SELL,0.01,1,1,10.00,1,14350.00
2026-01-30T04:10:00.000Z,2026-01-30T04:12:00.000Z,SELL,0.01,1,1,10.00,1,14360.00
2026-01-30T04:12:00.000Z,2026-01-30T04:12:00.000Z,SELL,0.01,1,1,10.00,1,14370.00
2026-01-30T04:12:00.000Z,2026-01-30T04:12:00.000Z,SELL,0.01,1,1,10.00,1,14380.00
2026-01-30T04:12:00.000Z,2026-01-30T04:12:00.000Z,SELL,0.01,1,1,10.00,1,14390.00
2026-01-30T04:12:00.000Z,2026-01-30T04:12:00.000Z,SELL,0.01,2,1,10.00,2,14400.00
2026-01-30T04:12:00.000Z,2026-01-30T04:12:00.000Z,SELL,0.01,1,1,10.00,1,14410.00
2026-01-30T04:12:00.000Z,2026-01-30T04:12:00.000Z,SELL,0.01,1,1,10.00,1,14420.00
2026-01-30T04:12:00.000Z,2026-01-30T04:13:00.000Z,SELL,0.01,1,1,10.00,1,14430.00
2026-01-30T04:13:00.000Z,2026-01-30T04:14:00.000Z,SELL,0.01,3,1,10.00,3,14440.00
2026-01-30T04:14:00.000Z,2026-01-30T04:14:00.000Z,SELL,0.01,1,1,10.00,1,14450.00
2026-01-30T04:14:00.000Z,2026-01-30T04:15:00.000Z,SELL,0.01,3,1,10.00,3,14460.00
2026-01-30T04:15:00.000Z,2026-01-30T04:17:00.000Z,SELL,0.01,3,1,10.00,3,14470.00
2026-01-30T04:17:00.000Z,2026-01-30T04:19:00.000Z,SELL,0.01,1,1,10.00,1,14480.00
2026-01-30T04:19:00.000Z,2026-01-30T04:19:00.000Z,SELL,0.01,1,1,10.00,1,14490.00
2026-01-30T04:19:00.000Z,2026-01-30T04:19:00.000Z,SELL,0.01,1,1,10.00,1,14500.00
2026-01-30T04:19:00.000Z,2026-01-30T04:21:00.000Z,SELL,0.01,3,1,10.00,3,14510.00
2026-01-30T04:21:00.000Z,2026-01-30T04:21:00.000Z,SELL,0.01,1,1,10.00,1,14520.00
2026-01-30T04:21:00.000Z,2026-01-30T04:23:00.000Z,SELL,0.01,5,1,10.00,5,14530.00
2026-01-30T04:23:00.000Z,2026-01-30T04:24:00.000Z,SELL,0.01,2,1,10.00,2,14540.00
2026-01-30T04:24:00.000Z,2026-01-30T04:24:00.000Z,SELL,0.01,2,1,10.00,2,14550.00
2026-01-30T04:24:00.000Z,2026-01-30T04:24:00.000Z,SELL,0.01,1,1,10.00,1,14560.00
2026-01-30T04:24:00.000Z,2026-01-30T04:24:00.000Z,SELL,0.01,1,1,10.00,1,14570.00
2026-01-30T04:24:00.000Z,2026-01-30T04:24:00.000Z,SELL,0.01,1,1,10.00,1,14580.00
2026-01-30T04:24:00.000Z,2026-01-30T04:24:00.000Z,SELL,0.01,1,1,10.00,1,14590.00
2026-01-30T04:24:00.000Z,2026-01-30T04:25:00.000Z,SELL,0.01,2,1,10.00,2,14600.00
2026-01-30T04:25:00.000Z,2026-01-30T04:29:00.000Z,SELL,0.01,3,1,10.00,3,14610.00
2026-01-30T04:29:00.000Z,2026-01-30T04:29:00.000Z,SELL,0.01,1,1,10.00,1,14620.00
2026-01-30T04:29:00.000Z,2026-01-30T04:30:00.000Z,SELL,0.01,2,1,10.00,2,14630.00
2026-01-30T04:30:00.000Z,2026-01-30T04:30:00.000Z,SELL,0.01,1,1,10.00,1,14640.00
2026-01-30T04:30:00.000Z,2026-01-30T04:31:00.000Z,SELL,0.01,1,1,10.00,1,14650.00
2026-01-30T04:31:00.000Z,2026-01-30T04:32:00.000Z,SELL,0.01,1,1,10.00,1,14660.00
2026-01-30T04:32:00.000Z,2026-01-30T04:36:00.000Z,SELL,0.01,2,1,10.00,2,14670.00
2026-01-30T04:36:00.000Z,2026-01-30T04:36:00.000Z,SELL,0.01,1,1,10.00,1,14680.00
2026-01-30T04:36:00.000Z,2026-01-30T04:37:00.000Z,SELL,0.01,2,1,10.00,2,14690.00
2026-01-30T04:37:00.000Z,2026-01-30T04:42:00.000Z,SELL,0.01,2,1,10.00,2,14700.00
2026-01-30T04:42:00.000Z,2026-01-30T04:44:00.000Z,SELL,0.01,1,1,10.00,1,14710.00
2026-01-30T04:44:00.000Z,2026-01-30T04:50:00.000Z,SELL,0.01,2,1,10.00,2,14720.00
2026-01-30T04:50:00.000Z,2026-01-30T04:51:00.000Z,SELL,0.01,1,1,10.00,1,14730.00
2026-01-30T04:51:00.000Z,2026-01-30T04:53:00.000Z,SELL,0.01,1,1,10.00,1,14740.00
2026-01-30T04:53:00.000Z,2026-01-30T04:54:00.000Z,SELL,0.01,1,1,10.00,1,14750.00
2026-01-30T04:54:00.000Z,2026-01-30T04:58:00.000Z,SELL,0.01,1,1,10.00,1,14760.00
2026-01-30T04:58:00.000Z,2026-01-30T05:05:00.000Z,SELL,0.01,3,1,10.00,3,14770.00
2026-01-30T05:05:00.000Z,2026-01-30T05:06:00.000Z,SELL,0.01,1,1,10.00,1,14780.00
2026-01-30T05:06:00.000Z,2026-01-30T05:14:00.000Z,SELL,0.01,3,1,10.00,3,14790.00
2026-01-30T05:14:00.000Z,2026-01-30T05:25:00.000Z,SELL,0.01,4,1,10.00,4,14800.00
2026-01-30T05:25:00.000Z,2026-01-30T05:28:00.000Z,SELL,0.01,1,1,10.00,1,14810.00
2026-01-30T05:28:00.000Z,2026-01-30T05:34:00.000Z,SELL,0.01,3,1,10.00,3,14820.00
2026-01-30T05:34:00.000Z,2026-01-30T05:35:00.000Z,SELL,0.01,1,1,10.00,1,14830.00
2026-01-30T05:35:00.000Z,2026-01-30T05:39:00.000Z,SELL,0.01,1,1,10.00,1,14840.00
2026-01-30T05:39:00.000Z,2026-01-30T05:50:00.000Z,SELL,0.01,1,1,10.00,1,14850.00
2026-01-30T05:50:00.000Z,2026-01-30T05:55:00.000Z,SELL,0.01,2,1,10.00,2,14860.00
2026-01-30T05:55:00.000Z,2026-01-30T06:02:00.000Z,SELL,0.01,2,1,10.00,2,14870.00
2026-01-30T06:02:00.000Z,2026-01-30T06:26:00.000Z,SELL,0.01,1,1,10.00,1,14880.00
2026-01-30T06:26:00.000Z,2026-01-30T07:16:00.000Z,SELL,0.01,4,1,10.00,4,14890.00
2026-01-30T07:16:00.000Z,2026-01-30T07:31:00.000Z,SELL,0.01,1,1,10.00,1,14900.00
2026-01-30T07:31:00.000Z,2026-01-30T07:52:00.000Z,SELL,0.01,1,1,10.00,1,14910.00
2026-01-30T07:52:00.000Z,2026-01-30T07:56:00.000Z,SELL,0.01,1,1,10.00,1,14920.00
2026-01-30T07:56:00.000Z,2026-01-30T07:58:00.000Z,SELL,0.01,1,1,10.00,1,14930.00
2026-01-30T07:58:00.000Z,2026-01-30T07:59:00.000Z,SELL,0.01,1,1,10.00,1,14940.00
2026-01-30T07:59:00.000Z,2026-01-30T08:17:00.000Z,SELL,0.01,5,1,10.00,5,14950.00
2026-01-30T08:17:00.000Z,2026-01-30T08:18:00.000Z,SELL,0.01,1,1,10.00,1,14960.00
2026-01-30T08:18:00.000Z,2026-01-30T08:24:00.000Z,SELL,0.01,2,1,10.00,2,14970.00
2026-01-30T08:24:00.000Z,2026-01-30T08:26:00.000Z,SELL,0.01,1,1,10.00,1,14980.00
2026-01-30T08:26:00.000Z,2026-01-30T08:29:00.000Z,SELL,0.01,1,1,10.00,1,14990.00
2026-01-30T08:29:00.000Z,2026-01-30T08:29:00.000Z,SELL,0.01,1,1,10.00,1,15000.00
2026-01-30T08:29:00.000Z,2026-01-30T08:57:00.000Z,SELL,0.01,1,1,10.00,1,15010.00
2026-01-30T08:57:00.000Z,2026-01-30T09:00:00.000Z,SELL,0.01,1,1,10.00,1,15020.00
2026-01-30T09:00:00.000Z,2026-01-30T09:00:00.000Z,SELL,0.01,1,1,10.00,1,15030.00
2026-01-30T09:00:00.000Z,2026-01-30T09:06:00.000Z,SELL,0.01,4,1,10.00,4,15040.00
2026-01-30T09:06:00.000Z,2026-01-30T09:35:00.000Z,SELL,0.01,3,1,10.00,3,15050.00
2026-01-30T09:35:00.000Z,2026-01-30T09:35:00.000Z,SELL,0.01,1,1,10.00,1,15060.00
2026-01-30T09:35:00.000Z,2026-01-30T09:35:00.000Z,SELL,0.01,1,1,10.00,1,15070.00
2026-01-30T09:35:00.000Z,2026-01-30T09:36:00.000Z,SELL,0.01,3,1,10.00,3,15080.00
2026-01-30T09:36:00.000Z,2026-01-30T09:39:00.000Z,SELL,0.01,2,1,10.00,2,15090.00
2026-01-30T09:39:00.000Z,2026-01-30T09:44:00.000Z,SELL,0.01,1,1,10.00,1,15100.00
2026-01-30T09:44:00.000Z,2026-01-30T09:55:00.000Z,SELL,0.01,2,1,10.00,2,15110.00
2026-01-30T09:55:00.000Z,2026-01-30T09:55:00.000Z,SELL,0.01,1,1,10.00,1,15120.00
2026-01-30T09:55:00.000Z,2026-01-30T10:07:00.000Z,SELL,0.01,3,1,10.00,3,15130.00
2026-01-30T10:07:00.000Z,2026-01-30T10:15:00.000Z,SELL,0.01,1,1,10.00,1,15140.00
2026-01-30T10:15:00.000Z,2026-01-30T10:22:00.000Z,SELL,0.01,2,1,10.00,2,15150.00
2026-01-30T10:22:00.000Z,2026-01-30T10:28:00.000Z,SELL,0.01,1,1,10.00,1,15160.00
2026-01-30T10:28:00.000Z,2026-01-30T10:30:00.000Z,SELL,0.01,1,1,10.00,1,15170.00
2026-01-30T10:30:00.000Z,2026-01-30T10:31:00.000Z,SELL,0.01,1,1,10.00,1,15180.00
2026-01-30T10:31:00.000Z,2026-01-30T10:32:00.000Z,SELL,0.01,1,1,10.00,1,15190.00
2026-01-30T10:32:00.000Z,2026-01-30T10:33:00.000Z,SELL,0.01,1,1,10.00,1,15200.00
2026-01-30T10:33:00.000Z,2026-01-30T10:33:00.000Z,SELL,0.01,1,1,10.00,1,15210.00
2026-01-30T10:33:00.000Z,2026-01-30T10:33:00.000Z,SELL,0.01,1,1,10.00,1,15220.00
2026-01-30T10:33:00.000Z,2026-01-30T10:33:00.000Z,SELL,0.01,1,1,10.00,1,15230.00
2026-01-30T10:33:00.000Z,2026-01-30T10:33:00.000Z,SELL,0.01,1,1,10.00,1,15240.00
2026-01-30T10:33:00.000Z,2026-01-30T10:33:00.000Z,SELL,0.01,1,1,10.00,1,15250.00
2026-01-30T10:33:00.000Z,2026-01-30T10:33:00.000Z,SELL,0.01,2,1,10.00,2,15260.00
2026-01-30T10:33:00.000Z,2026-01-30T10:33:00.000Z,SELL,0.01,2,1,10.00,2,15270.00
2026-01-30T10:33:00.000Z,2026-01-30T10:33:00.000Z,SELL,0.01,1,1,10.00,1,15280.00
2026-01-30T10:33:00.000Z,2026-01-30T10:33:00.000Z,SELL,0.01,1,1,10.00,1,15290.00
2026-01-30T10:33:00.000Z,2026-01-30T10:33:00.000Z,SELL,0.01,1,1,10.00,1,15300.00
2026-01-30T10:33:00.000Z,2026-01-30T10:33:00.000Z,SELL,0.01,1,1,10.00,1,15310.00
2026-01-30T10:33:00.000Z,2026-01-30T10:33:00.000Z,SELL,0.01,1,1,10.00,1,15320.00
2026-01-30T10:33:00.000Z,2026-01-30T10:34:00.000Z,SELL,0.01,2,1,10.00,2,15330.00
2026-01-30T10:34:00.000Z,2026-01-30T10:34:00.000Z,SELL,0.01,1,1,10.00,1,15340.00
2026-01-30T10:34:00.000Z,2026-01-30T10:34:00.000Z,SELL,0.01,1,1,10.00,1,15350.00
2026-01-30T10:34:00.000Z,2026-01-30T10:34:00.000Z,SELL,0.01,1,1,10.00,1,15360.00
2026-01-30T10:34:00.000Z,2026-01-30T10:35:00.000Z,SELL,0.01,1,1,10.00,1,15370.00
2026-01-30T10:35:00.000Z,2026-01-30T10:37:00.000Z,SELL,0.01,2,1,10.00,2,15380.00
2026-01-30T10:37:00.000Z,2026-01-30T10:37:00.000Z,SELL,0.01,1,1,10.00,1,15390.00
2026-01-30T10:37:00.000Z,2026-01-30T10:48:00.000Z,SELL,0.01,4,1,10.00,4,15400.00
2026-01-30T10:48:00.000Z,2026-01-30T11:05:00.000Z,SELL,0.01,3,1,10.00,3,15410.00
2026-01-30T11:05:00.000Z,2026-01-30T11:06:00.000Z,SELL,0.01,1,1,10.00,1,15420.00
2026-01-30T11:06:00.000Z,2026-01-30T11:07:00.000Z,SELL,0.01,1,1,10.00,1,15430.00
2026-01-30T11:07:00.000Z,2026-01-30T11:08:00.000Z,SELL,0.01,1,1,10.00,1,15440.00
2026-01-30T11:08:00.000Z,2026-01-30T11:09:00.000Z,SELL,0.01,1,1,10.00,1,15450.00
2026-01-30T11:09:00.000Z,2026-01-30T11:12:00.000Z,SELL,0.01,1,1,10.00,1,15460.00
2026-01-30T11:12:00.000Z,2026-01-30T11:13:00.000Z,SELL,0.01,1,1,10.00,1,15470.00
2026-01-30T11:13:00.000Z,2026-01-30T11:13:00.000Z,SELL,0.01,1,1,10.00,1,15480.00
2026-01-30T11:13:00.000Z,2026-01-30T11:14:00.000Z,SELL,0.01,3,1,10.00,3,15490.00
2026-01-30T11:14:00.000Z,2026-01-30T11:16:00.000Z,SELL,0.01,2,1,10.00,2,15500.00
2026-01-30T11:16:00.000Z,2026-01-30T11:23:00.000Z,SELL,0.01,1,1,10.00,1,15510.00
2026-01-30T11:23:00.000Z,2026-01-30T11:28:00.000Z,SELL,0.01,1,1,10.00,1,15520.00
2026-01-30T11:28:00.000Z,2026-01-30T11:32:00.000Z,SELL,0.01,2,1,10.00,2,15530.00
2026-01-30T11:32:00.000Z,2026-01-30T11:37:00.000Z,SELL,0.01,1,1,10.00,1,15540.00
2026-01-30T11:37:00.000Z,2026-01-30T11:38:00.000Z,SELL,0.01,1,1,10.00,1,15550.00
2026-01-30T11:38:00.000Z,2026-01-30T11:40:00.000Z,SELL,0.01,1,1,10.00,1,15560.00
2026-01-30T11:40:00.000Z,2026-01-30T11:41:00.000Z,SELL,0.01,1,1,10.00,1,15570.00
2026-01-30T11:41:00.000Z,2026-01-30T11:42:00.000Z,SELL,0.01,1,1,10.00,1,15580.00
2026-01-30T11:42:00.000Z,2026-01-30T11:42:00.000Z,SELL,0.01,1,1,10.00,1,15590.00
2026-01-30T11:42:00.000Z,2026-01-30T11:44:00.000Z,SELL,0.01,3,1,10.00,3,15600.00
2026-01-30T11:44:00.000Z,2026-01-30T11:44:00.000Z,SELL,0.01,1,1,10.00,1,15610.00
2026-01-30T11:44:00.000Z,2026-01-30T11:45:00.000Z,SELL,0.01,3,1,10.00,3,15620.00
2026-01-30T11:45:00.000Z,2026-01-30T11:45:00.000Z,SELL,0.01,1,1,10.00,1,15630.00
2026-01-30T11:45:00.000Z,2026-01-30T11:47:00.000Z,SELL,0.01,2,1,10.00,2,15640.00
2026-01-30T11:47:00.000Z,2026-01-30T11:47:00.000Z,SELL,0.01,1,1,10.00,1,15650.00
2026-01-30T11:47:00.000Z,2026-01-30T11:49:00.000Z,SELL,0.01,3,1,10.00,3,15660.00
2026-01-30T11:49:00.000Z,2026-01-30T11:49:00.000Z,SELL,0.01,1,1,10.00,1,15670.00
2026-01-30T11:49:00.000Z,2026-01-30T11:51:00.000Z,SELL,0.01,5,1,10.00,5,15680.00
2026-01-30T11:51:00.000Z,2026-01-30T11:52:00.000Z,SELL,0.01,2,1,10.00,2,15690.00
2026-01-30T11:52:00.000Z,2026-01-30T11:52:00.000Z,SELL,0.01,1,1,10.00,1,15700.00
2026-01-30T11:52:00.000Z,2026-01-30T11:54:00.000Z,SELL,0.01,2,1,10.00,2,15710.00
2026-01-30T11:54:00.000Z,2026-01-30T11:54:00.000Z,SELL,0.01,1,1,10.00,1,15720.00
2026-01-30T11:54:00.000Z,2026-01-30T11:57:00.000Z,SELL,0.01,2,1,10.00,2,15730.00
2026-01-30T11:57:00.000Z,2026-01-30T11:57:00.000Z,SELL,0.01,1,1,10.00,1,15740.00
2026-01-30T11:57:00.000Z,2026-01-30T12:00:00.000Z,SELL,0.01,4,1,10.00,4,15750.00
2026-01-30T12:00:00.000Z,2026-01-30T12:00:00.000Z,SELL,0.01,1,1,10.00,1,15760.00
2026-01-30T12:00:00.000Z,2026-01-30T12:00:00.000Z,SELL,0.01,1,1,10.00,1,15770.00
2026-01-30T12:00:00.000Z,2026-01-30T12:03:00.000Z,SELL,0.01,2,1,10.00,2,15780.00
2026-01-30T12:03:00.000Z,2026-01-30T12:04:00.000Z,SELL,0.01,1,1,10.00,1,15790.00
2026-01-30T12:04:00.000Z,2026-01-30T12:05:00.000Z,SELL,0.01,1,1,10.00,1,15800.00
2026-01-30T12:05:00.000Z,2026-01-30T12:06:00.000Z,SELL,0.01,1,1,10.00,1,15810.00
2026-01-30T12:06:00.000Z,2026-01-30T12:08:00.000Z,SELL,0.01,1,1,10.00,1,15820.00
2026-01-30T12:08:00.000Z,2026-01-30T12:12:00.000Z,SELL,0.01,2,1,10.00,2,15830.00
2026-01-30T12:12:00.000Z,2026-01-30T12:20:00.000Z,SELL,0.01,2,1,10.00,2,15840.00
2026-01-30T12:20:00.000Z,2026-01-30T12:22:00.000Z,SELL,0.01,1,1,10.00,1,15850.00
2026-01-30T12:22:00.000Z,2026-01-30T12:41:00.000Z,SELL,0.01,4,1,10.00,4,15860.00
2026-01-30T12:41:00.000Z,2026-01-30T12:41:00.000Z,SELL,0.01,1,1,10.00,1,15870.00
2026-01-30T12:41:00.000Z,2026-01-30T12:58:00.000Z,SELL,0.01,2,1,10.00,2,15880.00
2026-01-30T12:58:00.000Z,2026-01-30T13:03:00.000Z,SELL,0.01,1,1,10.00,1,15890.00
2026-01-30T13:03:00.000Z,2026-01-30T13:13:00.000Z,SELL,0.01,2,1,10.00,2,15900.00
2026-01-30T13:13:00.000Z,2026-01-30T13:18:00.000Z,SELL,0.01,1,1,10.00,1,15910.00
2026-01-30T13:18:00.000Z,2026-01-30T13:47:00.000Z,SELL,0.01,3,1,10.00,3,15920.00
2026-01-30T13:47:00.000Z,2026-01-30T13:48:00.000Z,SELL,0.01,1,1,10.00,1,15930.00
2026-01-30T13:48:00.000Z,2026-01-30T13:55:00.000Z,SELL,0.01,4,1,10.00,4,15940.00
2026-01-30T13:55:00.000Z,2026-01-30T14:27:00.000Z,SELL,0.01,3,1,10.00,3,15950.00
2026-01-30T14:27:00.000Z,2026-01-30T14:45:00.000Z,SELL,0.01,3,1,10.00,3,15960.00
2026-01-30T14:45:00.000Z,2026-01-30T14:46:00.000Z,SELL,0.01,1,1,10.00,1,15970.00
2026-01-30T14:46:00.000Z,2026-01-30T14:46:00.000Z,SELL,0.01,1,1,10.00,1,15980.00
2026-01-30T14:46:00.000Z,2026-01-30T14:47:00.000Z,SELL,0.01,1,1,10.00,1,15990.00
2026-01-30T14:47:00.000Z,2026-01-30T14:49:00.000Z,SELL,0.01,1,1,10.00,1,16000.00
2026-01-30T14:49:00.000Z,2026-01-30T14:54:00.000Z,SELL,0.01,2,1,10.00,2,16010.00
2026-01-30T14:54:00.000Z,2026-01-30T14:56:00.000Z,SELL,0.01,1,1,10.00,1,16020.00
2026-01-30T14:56:00.000Z,2026-01-30T14:58:00.000Z,SELL,0.01,1,1,10.00,1,16030.00
2026-01-30T14:58:00.000Z,2026-01-30T14:59:00.000Z,SELL,0.01,1,1,10.00,1,16040.00
2026-01-30T14:59:00.000Z,2026-01-30T15:03:00.000Z,SELL,0.01,4,1,10.00,4,16050.00
2026-01-30T15:03:00.000Z,2026-01-30T15:06:00.000Z,SELL,0.01,1,1,10.00,1,16060.00
2026-01-30T15:06:00.000Z,2026-01-30T15:15:00.000Z,SELL,0.01,1,1,10.00,1,16070.00
2026-01-30T15:15:00.000Z,2026-01-30T15:16:00.000Z,SELL,0.01,1,1,10.00,1,16080.00
2026-01-30T15:16:00.000Z,2026-01-30T15:23:00.000Z,SELL,0.01,1,1,10.00,1,16090.00
2026-01-30T15:23:00.000Z,2026-01-30T15:23:00.000Z,SELL,0.01,1,1,10.00,1,16100.00
2026-01-30T15:23:00.000Z,2026-01-30T15:23:00.000Z,SELL,0.01,1,1,10.00,1,16110.00
2026-01-30T15:23:00.000Z,2026-01-30T15:25:00.000Z,SELL,0.01,3,1,10.00,3,16120.00
2026-01-30T15:25:00.000Z,2026-01-30T15:47:00.000Z,SELL,0.01,3,1,10.00,3,16130.00
2026-01-30T15:47:00.000Z,2026-01-30T15:49:00.000Z,SELL,0.01,1,1,10.00,1,16140.00
2026-01-30T15:49:00.000Z,2026-01-30T16:00:00.000Z,SELL,0.01,2,1,10.00,2,16150.00
2026-01-30T16:00:00.000Z,2026-01-30T16:00:00.000Z,SELL,0.01,1,1,10.00,1,16160.00
2026-01-30T16:00:00.000Z,2026-01-30T16:01:00.000Z,SELL,0.01,2,1,10.00,2,16170.00
2026-01-30T16:01:00.000Z,2026-01-30T16:01:00.000Z,SELL,0.01,1,1,10.00,1,16180.00
2026-01-30T16:01:00.000Z,2026-01-30T16:01:00.000Z,SELL,0.01,1,1,10.00,1,16190.00
2026-01-30T16:01:00.000Z,2026-01-30T16:03:00.000Z,SELL,0.01,2,1,10.00,2,16200.00
2026-01-30T16:03:00.000Z,2026-01-30T16:08:00.000Z,SELL,0.01,1,1,10.00,1,16210.00
2026-01-30T16:08:00.000Z,2026-01-30T16:22:00.000Z,SELL,0.01,2,1,10.00,2,16220.00
2026-01-30T16:22:00.000Z,2026-01-30T16:24:00.000Z,SELL,0.01,1,1,10.00,1,16230.00
2026-01-30T16:24:00.000Z,2026-01-30T16:30:00.000Z,SELL,0.01,1,1,10.00,1,16240.00
2026-01-30T16:30:00.000Z,2026-01-30T16:32:00.000Z,SELL,0.01,2,1,10.00,2,16250.00
2026-01-30T16:32:00.000Z,2026-01-30T16:42:00.000Z,SELL,0.01,3,1,10.00,3,16260.00
2026-01-30T16:42:00.000Z,2026-01-30T16:53:00.000Z,SELL,0.01,3,1,10.00,3,16270.00
2026-01-30T16:53:00.000Z,2026-01-30T16:54:00.000Z,SELL,0.01,1,1,10.00,1,16280.00
2026-01-30T16:54:00.000Z,2026-01-30T16:54:00.000Z,SELL,0.01,1,1,10.00,1,16290.00
2026-01-30T16:54:00.000Z,2026-01-30T16:55:00.000Z,SELL,0.01,3,1,10.00,3,16300.00
2026-01-30T16:55:00.000Z,2026-01-30T16:57:00.000Z,SELL,0.01,1,1,10.00,1,16310.00
2026-01-30T16:57:00.000Z,2026-01-30T16:58:00.000Z,SELL,0.01,1,1,10.00,1,16320.00
2026-01-30T16:58:00.000Z,2026-01-30T17:01:00.000Z,SELL,0.01,3,1,10.00,3,16330.00
2026-01-30T17:01:00.000Z,2026-01-30T17:01:00.000Z,SELL,0.01,1,1,10.00,1,16340.00
2026-01-30T17:01:00.000Z,2026-01-30T17:02:00.000Z,SELL,0.01,3,1,10.00,3,16350.00
2026-01-30T17:02:00.000Z,2026-01-30T17:10:00.000Z,SELL,0.01,5,0,-2420.00,5,13930.00
2026-01-30T17:10:00.000Z,2026-01-30T17:11:00.000Z,SELL,0.01,2,1,10.00,2,13940.00
2026-01-30T17:11:00.000Z,2026-01-30T17:11:00.000Z,SELL,0.01,1,1,10.00,1,13950.00
2026-01-30T17:11:00.000Z,2026-01-30T17:11:00.000Z,SELL,0.01,1,1,10.00,1,13960.00
2026-01-30T17:11:00.000Z,2026-01-30T17:12:00.000Z,SELL,0.01,2,1,10.00,2,13970.00
2026-01-30T17:12:00.000Z,2026-01-30T17:13:00.000Z,SELL,0.01,1,1,10.00,1,13980.00
2026-01-30T17:13:00.000Z,2026-01-30T17:35:00.000Z,SELL,0.01,4,1,10.00,4,13990.00
2026-01-30T17:35:00.000Z,2026-01-30T17:35:00.000Z,SELL,0.01,1,1,10.00,1,14000.00
2026-01-30T17:35:00.000Z,2026-01-30T17:54:00.000Z,SELL,0.01,3,1,10.00,3,14010.00
2026-01-30T17:54:00.000Z,2026-01-30T18:03:00.000Z,SELL,0.01,1,1,10.00,1,14020.00
2026-01-30T18:03:00.000Z,2026-01-30T18:04:00.000Z,SELL,0.01,1,1,10.00,1,14030.00
2026-01-30T18:04:00.000Z,2026-01-30T18:18:00.000Z,SELL,0.01,1,1,10.00,1,14040.00
2026-01-30T18:18:00.000Z,2026-01-30T18:21:00.000Z,SELL,0.01,1,1,10.00,1,14050.00
2026-01-30T18:21:00.000Z,2026-01-30T18:24:00.000Z,SELL,0.01,1,1,10.00,1,14060.00
2026-01-30T18:24:00.000Z,2026-01-30T18:35:00.000Z,SELL,0.01,3,1,10.00,3,14070.00
2026-01-30T18:35:00.000Z,2026-01-30T18:35:00.000Z,SELL,0.01,1,1,10.00,1,14080.00
2026-01-30T18:35:00.000Z,2026-01-30T18:36:00.000Z,SELL,0.01,1,1,10.00,1,14090.00
2026-01-30T18:36:00.000Z,2026-01-30T18:40:00.000Z,SELL,0.01,2,1,10.00,2,14100.00
2026-01-30T18:40:00.000Z,2026-01-30T18:40:00.000Z,SELL,0.01,1,1,10.00,1,14110.00
2026-01-30T18:40:00.000Z,2026-01-30T18:43:00.000Z,SELL,0.01,2,1,10.00,2,14120.00
2026-01-30T18:43:00.000Z,2026-01-30T18:43:00.000Z,SELL,0.01,1,1,10.00,1,14130.00
2026-01-30T18:43:00.000Z,2026-01-30T18:48:00.000Z,SELL,0.01,1,1,10.00,1,14140.00
2026-01-30T18:48:00.000Z,2026-01-30T18:48:00.000Z,SELL,0.01,1,1,10.00,1,14150.00
2026-01-30T18:48:00.000Z,2026-01-30T18:50:00.000Z,SELL,0.01,1,1,10.00,1,14160.00
2026-01-30T18:50:00.000Z,2026-01-30T18:51:00.000Z,SELL,0.01,1,1,10.00,1,14170.00
2026-01-30T18:51:00.000Z,2026-01-30T18:52:00.000Z,SELL,0.01,1,1,10.00,1,14180.00
2026-01-30T18:52:00.000Z,2026-01-30T18:54:00.000Z,SELL,0.01,2,1,10.00,2,14190.00
2026-01-30T18:54:00.000Z,2026-01-30T19:01:00.000Z,SELL,0.01,1,1,10.00,1,14200.00
2026-01-30T19:01:00.000Z,2026-01-30T19:06:00.000Z,SELL,0.01,1,1,10.00,1,14210.00
2026-01-30T19:06:00.000Z,2026-01-30T19:07:00.000Z,SELL,0.01,1,1,10.00,1,14220.00
2026-01-30T19:07:00.000Z,2026-01-30T19:07:00.000Z,SELL,0.01,1,1,10.00,1,14230.00
2026-01-30T19:07:00.000Z,2026-01-30T19:08:00.000Z,SELL,0.01,1,1,10.00,1,14240.00
2026-01-30T19:08:00.000Z,2026-01-30T19:12:00.000Z,SELL,0.01,1,1,10.00,1,14250.00
2026-01-30T19:12:00.000Z,2026-01-30T19:13:00.000Z,SELL,0.01,1,1,10.00,1,14260.00
2026-01-30T19:13:00.000Z,2026-01-30T19:25:00.000Z,SELL,0.01,4,1,10.00,4,14270.00
2026-01-30T19:25:00.000Z,2026-01-30T19:25:00.000Z,SELL,0.01,1,1,10.00,1,14280.00
2026-01-30T19:25:00.000Z,2026-01-30T19:28:00.000Z,SELL,0.01,1,1,10.00,1,14290.00
2026-01-30T19:28:00.000Z,2026-01-30T19:31:00.000Z,SELL,0.01,1,1,10.00,1,14300.00
2026-01-30T19:31:00.000Z,2026-01-30T19:33:00.000Z,SELL,0.01,1,1,10.00,1,14310.00
2026-01-30T19:33:00.000Z,2026-01-30T19:42:00.000Z,SELL,0.01,3,1,10.00,3,14320.00
2026-01-30T19:42:00.000Z,2026-01-30T19:42:00.000Z,SELL,0.01,1,1,10.00,1,14330.00
2026-01-30T19:42:00.000Z,2026-01-30T19:43:00.000Z,SELL,0.01,3,1,10.00,3,14340.00
2026-01-30T19:43:00.000Z,2026-01-30T19:43:00.000Z,SELL,0.01,1,1,10.00,1,14350.00
2026-01-30T19:43:00.000Z,2026-01-30T19:44:00.000Z,SELL,0.01,1,1,10.00,1,14360.00
2026-01-30T19:44:00.000Z,2026-01-30T19:47:00.000Z,SELL,0.01,2,1,10.00,2,14370.00
2026-01-30T19:47:00.000Z,2026-01-30T19:47:00.000Z,SELL,0.01,1,1,10.00,1,14380.00
2026-01-30T19:47:00.000Z,2026-01-30T19:49:00.000Z,SELL,0.01,1,1,10.00,1,14390.00
2026-01-30T19:49:00.000Z,2026-01-30T19:51:00.000Z,SELL,0.01,1,1,10.00,1,14400.00
2026-01-30T19:51:00.000Z,2026-01-30T19:52:00.000Z,SELL,0.01,1,1,10.00,1,14410.00
2026-01-30T19:52:00.000Z,2026-01-30T19:53:00.000Z,SELL,0.01,1,1,10.00,1,14420.00
2026-01-30T19:53:00.000Z,2026-01-30T19:54:00.000Z,SELL,0.01,1,1,10.00,1,14430.00
2026-01-30T19:54:00.000Z,2026-01-30T19:54:00.000Z,SELL,0.01,1,1,10.00,1,14440.00
2026-01-30T19:54:00.000Z,2026-01-30T19:56:00.000Z,SELL,0.01,4,1,10.00,4,14450.00
2026-01-30T19:56:00.000Z,2026-01-30T19:56:00.000Z,SELL,0.01,1,1,10.00,1,14460.00
2026-01-30T19:56:00.000Z,2026-01-30T19:56:00.000Z,SELL,0.01,1,1,10.00,1,14470.00
2026-01-30T19:56:00.000Z,2026-01-30T19:57:00.000Z,SELL,0.01,2,1,10.00,2,14480.00
2026-01-30T19:57:00.000Z,2026-01-30T19:57:00.000Z,SELL,0.01,1,1,10.00,1,14490.00
2026-01-30T19:57:00.000Z,2026-01-30T20:01:00.000Z,SELL,0.01,2,1,10.00,2,14500.00
2026-01-30T20:01:00.000Z,2026-01-30T20:01:00.000Z,SELL,0.01,1,1,10.00,1,14510.00
2026-01-30T20:01:00.000Z,2026-01-30T20:04:00.000Z,SELL,0.01,2,1,10.00,2,14520.00
2026-01-30T20:04:00.000Z,2026-01-30T20:04:00.000Z,SELL,0.01,1,1,10.00,1,14530.00
2026-01-30T20:04:00.000Z,2026-01-30T20:04:00.000Z,SELL,0.01,1,1,10.00,1,14540.00
2026-01-30T20:04:00.000Z,2026-01-30T20:07:00.000Z,SELL,0.01,3,1,10.00,3,14550.00
2026-01-30T20:07:00.000Z,2026-01-30T20:08:00.000Z,SELL,0.01,1,1,10.00,1,14560.00
2026-01-30T20:08:00.000Z,2026-01-30T20:08:00.000Z,SELL,0.01,1,1,10.00,1,14570.00
2026-01-30T20:08:00.000Z,2026-01-30T20:09:00.000Z,SELL,0.01,1,1,10.00,1,14580.00
2026-01-30T20:09:00.000Z,2026-01-30T20:09:00.000Z,SELL,0.01,1,1,10.00,1,14590.00
2026-01-30T20:09:00.000Z,2026-01-30T20:10:00.000Z,SELL,0.01,3,1,10.00,3,14600.00
2026-01-30T20:10:00.000Z,2026-01-30T20:12:00.000Z,SELL,0.01,3,1,10.00,3,14610.00
2026-01-30T20:12:00.000Z,2026-01-30T20:17:00.000Z,SELL,0.01,3,1,10.00,3,14620.00
2026-01-30T20:17:00.000Z,2026-01-30T20:18:00.000Z,SELL,0.01,1,1,10.00,1,14630.00
2026-01-30T20:18:00.000Z,2026-01-30T20:18:00.000Z,SELL,0.01,1,1,10.00,1,14640.00
2026-01-30T20:18:00.000Z,2026-01-30T20:18:00.000Z,SELL,0.01,2,1,10.00,2,14650.00
2026-01-30T20:18:00.000Z,2026-01-30T20:18:00.000Z,SELL,0.01,1,1,10.00,1,14660.00
2026-01-30T20:18:00.000Z,2026-01-30T20:19:00.000Z,SELL,0.01,1,1,10.00,1,14670.00
2026-01-30T20:19:00.000Z,2026-01-30T20:19:00.000Z,SELL,0.01,1,1,10.00,1,14680.00
2026-01-30T20:19:00.000Z,2026-01-30T20:20:00.000Z,SELL,0.01,1,1,10.00,1,14690.00
2026-01-30T20:20:00.000Z,2026-01-30T20:20:00.000Z,SELL,0.01,1,1,10.00,1,14700.00
2026-01-30T20:20:00.000Z,2026-01-30T20:20:00.000Z,SELL,0.01,2,1,10.00,2,14710.00
2026-01-30T20:20:00.000Z,2026-01-30T20:20:00.000Z,SELL,0.01,1,1,10.00,1,14720.00
2026-01-30T20:20:00.000Z,2026-01-30T20:20:00.000Z,SELL,0.01,1,1,10.00,1,14730.00
2026-01-30T20:20:00.000Z,2026-01-30T20:20:00.000Z,SELL,0.01,1,1,10.00,1,14740.00
2026-01-30T20:20:00.000Z,2026-01-30T20:21:00.000Z,SELL,0.01,1,1,10.00,1,14750.00
2026-01-30T20:21:00.000Z,2026-01-30T20:21:00.000Z,SELL,0.01,1,1,10.00,1,14760.00
2026-01-30T20:21:00.000Z,2026-01-30T20:21:00.000Z,SELL,0.01,1,1,10.00,1,14770.00
2026-01-30T20:21:00.000Z,2026-01-30T20:21:00.000Z,SELL,0.01,2,1,10.00,2,14780.00
2026-01-30T20:21:00.000Z,2026-01-30T20:21:00.000Z,SELL,0.01,1,1,10.00,1,14790.00
2026-01-30T20:21:00.000Z,2026-01-30T20:22:00.000Z,SELL,0.01,1,1,10.00,1,14800.00
2026-01-30T20:22:00.000Z,2026-01-30T20:22:00.000Z,SELL,0.01,1,1,10.00,1,14810.00
2026-01-30T20:22:00.000Z,2026-01-30T20:23:00.000Z,SELL,0.01,2,1,10.00,2,14820.00
2026-01-30T20:23:00.000Z,2026-01-30T20:23:00.000Z,SELL,0.01,1,1,10.00,1,14830.00
2026-01-30T20:23:00.000Z,2026-01-30T20:23:00.000Z,SELL,0.01,1,1,10.00,1,14840.00
2026-01-30T20:23:00.000Z,2026-01-30T20:26:00.000Z,SELL,0.01,4,1,10.00,4,14850.00
2026-01-30T20:26:00.000Z,2026-01-30T20:26:00.000Z,SELL,0.01,1,1,10.00,1,14860.00
2026-01-30T20:26:00.000Z,2026-01-30T20:28:00.000Z,SELL,0.01,1,1,10.00,1,14870.00
2026-01-30T20:28:00.000Z,2026-01-30T20:28:00.000Z,SELL,0.01,1,1,10.00,1,14880.00
2026-01-30T20:28:00.000Z,2026-01-30T20:28:00.000Z,SELL,0.01,1,1,10.00,1,14890.00
2026-01-30T20:28:00.000Z,2026-01-30T20:28:00.000Z,SELL,0.01,2,1,10.00,2,14900.00
2026-01-30T20:28:00.000Z,2026-01-30T20:28:00.000Z,SELL,0.01,1,1,10.00,1,14910.00
2026-01-30T20:28:00.000Z,2026-01-30T20:28:00.000Z,SELL,0.01,1,1,10.00,1,14920.00
2026-01-30T20:28:00.000Z,2026-01-30T20:28:00.000Z,SELL,0.01,1,1,10.00,1,14930.00
2026-01-30T20:28:00.000Z,2026-01-30T20:29:00.000Z,SELL,0.01,2,1,10.00,2,14940.00
2026-01-30T20:29:00.000Z,2026-01-30T20:29:00.000Z,SELL,0.01,1,1,10.00,1,14950.00
2026-01-30T20:29:00.000Z,2026-01-30T20:29:00.000Z,SELL,0.01,1,1,10.00,1,14960.00
2026-01-30T20:29:00.000Z,2026-01-30T20:29:00.000Z,SELL,0.01,1,1,10.00,1,14970.00
2026-01-30T20:29:00.000Z,2026-01-30T20:29:00.000Z,SELL,0.01,1,1,10.00,1,14980.00
2026-01-30T20:29:00.000Z,2026-01-30T20:29:00.000Z,SELL,0.01,2,1,10.00,2,14990.00
2026-01-30T20:29:00.000Z,2026-01-30T20:32:00.000Z,SELL,0.01,2,1,10.00,2,15000.00
2026-01-30T20:32:00.000Z,2026-01-30T20:32:00.000Z,SELL,0.01,1,1,10.00,1,15010.00
2026-01-30T20:32:00.000Z,2026-01-30T20:36:00.000Z,SELL,0.01,3,1,10.00,3,15020.00
2026-01-30T20:36:00.000Z,2026-01-30T20:36:00.000Z,SELL,0.01,1,1,10.00,1,15030.00
2026-01-30T20:36:00.000Z,2026-01-30T20:38:00.000Z,SELL,0.01,3,1,10.00,3,15040.00
2026-01-30T20:38:00.000Z,2026-01-30T20:38:00.000Z,SELL,0.01,1,1,10.00,1,15050.00
2026-01-30T20:38:00.000Z,2026-01-30T20:38:00.000Z,SELL,0.01,1,1,10.00,1,15060.00
2026-01-30T20:38:00.000Z,2026-01-30T20:39:00.000Z,SELL,0.01,3,1,10.00,3,15070.00
2026-01-30T20:39:00.000Z,2026-01-30T20:40:00.000Z,SELL,0.01,2,1,10.00,2,15080.00
2026-01-30T20:40:00.000Z,2026-01-30T20:40:00.000Z,SELL,0.01,1,1,10.00,1,15090.00
2026-01-30T20:40:00.000Z,2026-01-30T20:41:00.000Z,SELL,0.01,2,1,10.00,2,15100.00
2026-01-30T20:41:00.000Z,2026-01-30T20:41:00.000Z,SELL,0.01,1,1,10.00,1,15110.00
2026-01-30T20:41:00.000Z,2026-01-30T20:41:00.000Z,SELL,0.01,1,1,10.00,1,15120.00
2026-01-30T20:41:00.000Z,2026-01-30T20:42:00.000Z,SELL,0.01,2,1,10.00,2,15130.00
2026-01-30T20:42:00.000Z,2026-01-30T20:42:00.000Z,SELL,0.01,3,1,10.00,3,15140.00
2026-01-30T20:42:00.000Z,2026-01-30T20:42:00.000Z,SELL,0.01,1,1,10.00,1,15150.00
2026-01-30T20:42:00.000Z,2026-01-30T20:42:00.000Z,SELL,0.01,2,1,10.00,2,15160.00
2026-01-30T20:42:00.000Z,2026-01-30T20:44:00.000Z,SELL,0.01,2,1,10.00,2,15170.00
2026-01-30T20:44:00.000Z,2026-01-30T20:44:00.000Z,SELL,0.01,1,1,10.00,1,15180.00
2026-01-30T20:44:00.000Z,2026-01-30T20:44:00.000Z,SELL,0.01,1,1,10.00,1,15190.00
2026-01-30T20:44:00.000Z,2026-01-30T20:45:00.000Z,SELL,0.01,2,1,10.00,2,15200.00
2026-01-30T20:45:00.000Z,2026-01-30T20:45:00.000Z,SELL,0.01,1,1,10.00,1,15210.00
2026-01-30T20:45:00.000Z,2026-01-30T20:46:00.000Z,SELL,0.01,2,1,10.00,2,15220.00
2026-01-30T20:46:00.000Z,2026-01-30T20:46:00.000Z,SELL,0.01,1,1,10.00,1,15230.00
2026-01-30T20:46:00.000Z,2026-01-30T20:46:00.000Z,SELL,0.01,1,1,10.00,1,15240.00
2026-01-30T20:46:00.000Z,2026-01-30T20:47:00.000Z,SELL,0.01,2,1,10.00,2,15250.00
2026-01-30T20:47:00.000Z,2026-01-30T20:47:00.000Z,SELL,0.01,1,1,10.00,1,15260.00
2026-01-30T20:47:00.000Z,2026-01-30T20:50:00.000Z,SELL,0.01,4,1,10.00,4,15270.00
2026-01-30T20:50:00.000Z,2026-01-30T20:50:00.000Z,SELL,0.01,1,1,10.00,1,15280.00
2026-01-30T20:50:00.000Z,2026-01-30T20:50:00.000Z,SELL,0.01,1,1,10.00,1,15290.00
2026-01-30T20:50:00.000Z,2026-01-30T20:51:00.000Z,SELL,0.01,2,1,10.00,2,15300.00
2026-01-30T20:51:00.000Z,2026-01-30T20:51:00.000Z,SELL,0.01,1,1,10.00,1,15310.00
2026-01-30T20:51:00.000Z,2026-01-30T20:52:00.000Z,SELL,0.01,1,1,10.00,1,15320.00
2026-01-30T20:52:00.000Z,2026-01-30T20:52:00.000Z,SELL,0.01,1,1,10.00,1,15330.00
2026-01-30T20:52:00.000Z,2026-01-30T20:53:00.000Z,SELL,0.01,2,1,10.00,2,15340.00
2026-01-30T20:53:00.000Z,2026-01-30T20:53:00.000Z,SELL,0.01,1,1,10.00,1,15350.00
2026-01-30T20:53:00.000Z,2026-01-30T20:53:00.000Z,SELL,0.01,1,1,10.00,1,15360.00
2026-01-30T20:53:00.000Z,2026-01-30T20:54:00.000Z,SELL,0.01,2,1,10.00,2,15370.00
2026-01-30T20:54:00.000Z,2026-01-30T20:54:00.000Z,SELL,0.01,1,1,10.00,1,15380.00
2026-01-30T20:54:00.000Z,2026-01-30T20:55:00.000Z,SELL,0.01,2,1,10.00,2,15390.00
2026-01-30T20:55:00.000Z,2026-01-30T20:55:00.000Z,SELL,0.01,1,1,10.00,1,15400.00
2026-01-30T20:55:00.000Z,2026-01-30T20:55:00.000Z,SELL,0.01,1,1,10.00,1,15410.00
2026-01-30T20:55:00.000Z,2026-01-30T20:57:00.000Z,SELL,0.01,2,1,10.00,2,15420.00
2026-01-30T20:57:00.000Z,2026-01-30T20:58:00.000Z,SELL,0.01,1,1,10.00,1,15430.00
2026-01-30T20:58:00.000Z,2026-01-30T20:58:00.000Z,SELL,0.01,1,1,10.00,1,15440.00
2026-01-30T20:58:00.000Z,2026-01-30T21:00:00.000Z,SELL,0.01,2,1,10.00,2,15450.00
2026-01-30T21:00:00.000Z,2026-01-30T21:00:00.000Z,SELL,0.01,1,1,10.00,1,15460.00
2026-01-30T21:00:00.000Z,2026-01-30T21:00:00.000Z,SELL,0.01,1,1,10.00,1,15470.00
2026-01-30T21:00:00.000Z,2026-01-30T21:01:00.000Z,SELL,0.01,2,1,10.00,2,15480.00
2026-01-30T21:01:00.000Z,2026-01-30T21:02:00.000Z,SELL,0.01,1,1,10.00,1,15490.00
2026-01-30T21:02:00.000Z,2026-01-30T21:02:00.000Z,SELL,0.01,1,1,10.00,1,15500.00
2026-01-30T21:02:00.000Z,2026-01-30T21:02:00.000Z,SELL,0.01,1,1,10.00,1,15510.00
2026-01-30T21:02:00.000Z,2026-01-30T21:04:00.000Z,SELL,0.01,2,1,10.00,2,15520.00
2026-01-30T21:04:00.000Z,2026-01-30T21:04:00.000Z,SELL,0.01,1,1,10.00,1,15530.00
2026-01-30T21:04:00.000Z,2026-01-30T21:07:00.000Z,SELL,0.01,1,1,10.00,1,15540.00
2026-01-30T21:07:00.000Z,2026-01-30T21:10:00.000Z,SELL,0.01,2,1,10.00,2,15550.00
2026-01-30T21:10:00.000Z,2026-01-30T21:11:00.000Z,SELL,0.01,1,1,10.00,1,15560.00
2026-01-30T21:11:00.000Z,2026-01-30T21:11:00.000Z,SELL,0.01,1,1,10.00,1,15570.00
2026-01-30T21:11:00.000Z,2026-01-30T21:13:00.000Z,SELL,0.01,1,1,10.00,1,15580.00
2026-01-30T21:13:00.000Z,2026-01-30T21:13:00.000Z,SELL,0.01,1,1,10.00,1,15590.00
2026-01-30T21:13:00.000Z,2026-01-30T21:22:00.000Z,SELL,0.01,3,1,10.00,3,15600.00
2026-01-30T21:22:00.000Z,2026-01-30T21:23:00.000Z,SELL,0.01,3,1,10.00,3,15610.00
2026-01-30T21:23:00.000Z,2026-01-30T21:23:00.000Z,SELL,0.01,1,1,10.00,1,15620.00
2026-01-30T21:23:00.000Z,2026-01-30T21:25:00.000Z,SELL,0.01,2,1,10.00,2,15630.00
2026-01-30T21:25:00.000Z,2026-01-30T21:33:00.000Z,SELL,0.01,4,1,10.00,4,15640.00
2026-01-30T21:33:00.000Z,2026-01-30T21:35:00.000Z,SELL,0.01,1,1,10.00,1,15650.00
2026-01-30T21:35:00.000Z,2026-01-30T21:38:00.000Z,SELL,0.01,2,1,10.00,2,15660.00
2026-01-30T21:38:00.000Z,2026-01-30T21:38:00.000Z,SELL,0.01,1,1,10.00,1,15670.00
2026-01-30T21:38:00.000Z,2026-01-30T21:41:00.000Z,SELL,0.01,1,1,10.00,1,15680.00
2026-01-30T21:41:00.000Z,2026-01-30T21:45:00.000Z,SELL,0.01,2,1,10.00,2,15690.00
2026-01-30T21:45:00.000Z,2026-01-30T21:46:00.000Z,SELL,0.01,1,1,10.00,1,15700.00
2026-01-30T21:46:00.000Z,2026-01-30T21:47:00.000Z,SELL,0.01,1,1,10.00,1,15710.00
2026-01-30T21:47:00.000Z,2026-01-30T21:55:00.000Z,SELL,0.01,2,1,10.00,2,15720.00
2026-01-30T21:55:00.000Z,2026-01-30T21:55:00.000Z,SELL,0.01,1,1,10.00,1,15730.00
2026-01-30T21:55:00.000Z,2026-01-30T22:00:00.000Z,SELL,0.01,1,1,10.00,1,15740.00
2026-01-30T22:00:00.000Z,2026-01-30T22:00:00.000Z,SELL,0.01,1,1,10.00,1,15750.00
2026-01-30T22:00:00.000Z,2026-01-30T22:01:00.000Z,SELL,0.01,3,1,10.00,3,15760.00
2026-01-30T22:01:00.000Z,2026-01-30T22:02:00.000Z,SELL,0.01,1,1,10.00,1,15770.00
2026-01-30T22:02:00.000Z,2026-01-30T22:05:00.000Z,SELL,0.01,2,1,10.00,2,15780.00
2026-01-30T22:05:00.000Z,2026-01-30T22:05:00.000Z,SELL,0.01,1,1,10.00,1,15790.00
2026-01-30T22:05:00.000Z,2026-01-30T22:06:00.000Z,SELL,0.01,1,1,10.00,1,15800.00
2026-01-30T22:06:00.000Z,2026-01-30T22:07:00.000Z,SELL,0.01,1,1,10.00,1,15810.00
2026-01-30T22:07:00.000Z,2026-01-30T22:12:00.000Z,SELL,0.01,1,1,10.00,1,15820.00
2026-01-30T22:12:00.000Z,2026-01-30T22:26:00.000Z,SELL,0.01,2,1,10.00,2,15830.00
2026-01-30T22:26:00.000Z,2026-01-30T22:27:00.000Z,SELL,0.01,1,1,10.00,1,15840.00
2026-01-30T22:27:00.000Z,2026-01-30T22:29:00.000Z,SELL,0.01,1,1,10.00,1,15850.00
2026-01-30T22:29:00.000Z,2026-01-30T22:32:00.000Z,SELL,0.01,1,1,10.00,1,15860.00
2026-01-30T22:32:00.000Z,2026-01-30T22:32:00.000Z,SELL,0.01,1,1,10.00,1,15870.00
2026-01-30T22:32:00.000Z,2026-01-30T22:33:00.000Z,SELL,0.01,3,1,10.00,3,15880.00
2026-01-30T22:33:00.000Z,2026-01-30T22:37:00.000Z,SELL,0.01,3,1,10.00,3,15890.00
2026-01-30T22:37:00.000Z,2026-01-30T22:47:00.000Z,SELL,0.01,2,1,10.00,2,15900.00
2026-01-30T22:47:00.000Z,2026-01-30T22:47:00.000Z,SELL,0.01,1,1,10.00,1,15910.00
2026-01-30T22:47:00.000Z,2026-01-30T22:50:00.000Z,SELL,0.01,1,1,10.00,1,15920.00
2026-01-30T22:50:00.000Z,2026-01-30T22:54:00.000Z,SELL,0.01,1,1,10.00,1,15930.00
2026-01-30T22:54:00.000Z,2026-01-30T22:54:00.000Z,SELL,0.01,1,1,10.00,1,15940.00
2026-01-30T22:54:00.000Z,2026-01-30T22:55:00.000Z,SELL,0.01,1,1,10.00,1,15950.00
2026-01-30T22:55:00.000Z,2026-01-30T22:56:00.000Z,SELL,0.01,1,1,10.00,1,15960.00
2026-01-30T22:56:00.000Z,2026-01-30T22:59:00.000Z,SELL,0.01,2,1,10.00,2,15970.00
2026-01-30T22:59:00.000Z,2026-01-30T22:59:00.000Z,SELL,0.01,1,1,10.00,1,15980.00
2026-01-30T22:59:00.000Z,2026-01-30T23:21:00.000Z,SELL,0.01,4,1,10.00,4,15990.00
2026-01-30T23:21:00.000Z,2026-01-30T23:38:00.000Z,SELL,0.01,3,1,10.00,3,16000.00
2026-01-30T23:38:00.000Z,2026-01-30T23:52:00.000Z,SELL,0.01,2,1,10.00,2,16010.00
2026-01-30T23:52:00.000Z,2026-02-02T01:00:00.000Z,SELL,0.01,1,1,10.00,1,16020.00
2026-02-02T01:00:00.000Z,2026-02-02T01:00:00.000Z,SELL,0.01,1,1,10.00,1,16030.00
2026-02-02T01:00:00.000Z,2026-02-02T01:00:00.000Z,SELL,0.01,1,1,10.00,1,16040.00
2026-02-02T01:00:00.000Z,2026-02-02T01:00:00.000Z,SELL,0.01,1,1,10.00,1,16050.00
2026-02-02T01:00:00.000Z,2026-02-02T01:00:00.000Z,SELL,0.01,1,1,10.00,1,16060.00
2026-02-02T01:00:00.000Z,2026-02-02T01:00:00.000Z,SELL,0.01,1,1,10.00,1,16070.00
2026-02-02T01:00:00.000Z,2026-02-02T01:00:00.000Z,SELL,0.01,1,1,10.00,1,16080.00
2026-02-02T01:00:00.000Z,2026-02-02T01:00:00.000Z,SELL,0.01,1,1,10.00,1,16090.00
2026-02-02T01:00:00.000Z,2026-02-02T01:00:00.000Z,SELL,0.01,1,1,10.00,1,16100.00
2026-02-02T01:00:00.000Z,2026-02-02T01:00:00.000Z,SELL,0.01,1,1,10.00,1,16110.00
2026-02-02T01:00:00.000Z,2026-02-02T01:00:00.000Z,SELL,0.01,1,1,10.00,1,16120.00
2026-02-02T01:00:00.000Z,2026-02-02T01:01:00.000Z,SELL,0.01,2,1,10.00,2,16130.00
2026-02-02T01:01:00.000Z,2026-02-02T01:01:00.000Z,SELL,0.01,1,1,10.00,1,16140.00
2026-02-02T01:01:00.000Z,2026-02-02T01:01:00.000Z,SELL,0.01,1,1,10.00,1,16150.00
2026-02-02T01:01:00.000Z,2026-02-02T01:02:00.000Z,SELL,0.01,2,1,10.00,2,16160.00
2026-02-02T01:02:00.000Z,2026-02-02T01:02:00.000Z,SELL,0.01,2,1,10.00,2,16170.00
2026-02-02T01:02:00.000Z,2026-02-02T01:02:00.000Z,SELL,0.01,1,1,10.00,1,16180.00
2026-02-02T01:02:00.000Z,2026-02-02T01:02:00.000Z,SELL,0.01,1,1,10.00,1,16190.00
2026-02-02T01:02:00.000Z,2026-02-02T01:02:00.000Z,SELL,0.01,1,1,10.00,1,16200.00
2026-02-02T01:02:00.000Z,2026-02-02T01:02:00.000Z,SELL,0.01,2,1,10.00,2,16210.00
2026-02-02T01:02:00.000Z,2026-02-02T01:03:00.000Z,SELL,0.01,1,1,10.00,1,16220.00
2026-02-02T01:03:00.000Z,2026-02-02T01:03:00.000Z,SELL,0.01,2,1,10.00,2,16230.00
2026-02-02T01:03:00.000Z,2026-02-02T01:03:00.000Z,SELL,0.01,1,1,10.00,1,16240.00
2026-02-02T01:03:00.000Z,2026-02-02T01:03:00.000Z,SELL,0.01,1,1,10.00,1,16250.00
2026-02-02T01:03:00.000Z,2026-02-02T01:04:00.000Z,SELL,0.01,1,1,10.00,1,16260.00
2026-02-02T01:04:00.000Z,2026-02-02T01:05:00.000Z,SELL,0.01,1,1,10.00,1,16270.00
2026-02-02T01:05:00.000Z,2026-02-02T01:05:00.000Z,SELL,0.01,1,1,10.00,1,16280.00
2026-02-02T01:05:00.000Z,2026-02-02T01:10:00.000Z,SELL,0.01,1,1,10.00,1,16290.00
2026-02-02T01:10:00.000Z,2026-02-02T01:10:00.000Z,SELL,0.01,1,1,10.00,1,16300.00
2026-02-02T01:10:00.000Z,2026-02-02T01:10:00.000Z,SELL,0.01,1,1,10.00,1,16310.00
2026-02-02T01:10:00.000Z,2026-02-02T01:10:00.000Z,SELL,0.01,1,1,10.00,1,16320.00
2026-02-02T01:10:00.000Z,2026-02-02T01:10:00.000Z,SELL,0.01,2,1,10.00,2,16330.00
2026-02-02T01:10:00.000Z,2026-02-02T01:10:00.000Z,SELL,0.01,1,1,10.00,1,16340.00
2026-02-02T01:10:00.000Z,2026-02-02T01:10:00.000Z,SELL,0.01,1,1,10.00,1,16350.00
2026-02-02T01:10:00.000Z,2026-02-02T01:11:00.000Z,SELL,0.01,1,1,10.00,1,16360.00
2026-02-02T01:11:00.000Z,2026-02-02T01:11:00.000Z,SELL,0.01,1,1,10.00,1,16370.00
2026-02-02T01:11:00.000Z,2026-02-02T01:11:00.000Z,SELL,0.01,1,1,10.00,1,16380.00
2026-02-02T01:11:00.000Z,2026-02-02T01:11:00.000Z,SELL,0.01,1,1,10.00,1,16390.00
2026-02-02T01:11:00.000Z,2026-02-02T01:11:00.000Z,SELL,0.01,1,1,10.00,1,16400.00
2026-02-02T01:11:00.000Z,2026-02-02T01:11:00.000Z,SELL,0.01,1,1,10.00,1,16410.00
2026-02-02T01:11:00.000Z,2026-02-02T01:11:00.000Z,SELL,0.01,2,1,10.00,2,16420.00
2026-02-02T01:11:00.000Z,2026-02-02T01:11:00.000Z,SELL,0.01,2,1,10.00,2,16430.00
2026-02-02T01:11:00.000Z,2026-02-02T01:11:00.000Z,SELL,0.01,1,1,10.00,1,16440.00
2026-02-02T01:11:00.000Z,2026-02-02T01:11:00.000Z,SELL,0.01,1,1,10.00,1,16450.00
2026-02-02T01:11:00.000Z,2026-02-02T01:11:00.000Z,SELL,0.01,1,1,10.00,1,16460.00
2026-02-02T01:11:00.000Z,2026-02-02T01:11:00.000Z,SELL,0.01,1,1,10.00,1,16470.00
2026-02-02T01:11:00.000Z,2026-02-02T01:11:00.000Z,SELL,0.01,1,1,10.00,1,16480.00
2026-02-02T01:11:00.000Z,2026-02-02T01:11:00.000Z,SELL,0.01,1,1,10.00,1,16490.00
2026-02-02T01:11:00.000Z,2026-02-02T01:12:00.000Z,SELL,0.01,2,1,10.00,2,16500.00
2026-02-02T01:12:00.000Z,2026-02-02T01:12:00.000Z,SELL,0.01,1,1,10.00,1,16510.00
2026-02-02T01:12:00.000Z,2026-02-02T01:12:00.000Z,SELL,0.01,1,1,10.00,1,16520.00
2026-02-02T01:12:00.000Z,2026-02-02T01:12:00.000Z,SELL,0.01,1,1,10.00,1,16530.00
2026-02-02T01:12:00.000Z,2026-02-02T01:12:00.000Z,SELL,0.01,2,1,10.00,2,16540.00
2026-02-02T01:12:00.000Z,2026-02-02T01:13:00.000Z,SELL,0.01,2,1,10.00,2,16550.00
2026-02-02T01:13:00.000Z,2026-02-02T01:13:00.000Z,SELL,0.01,1,1,10.00,1,16560.00
2026-02-02T01:13:00.000Z,2026-02-02T01:14:00.000Z,SELL,0.01,1,1,10.00,1,16570.00
2026-02-02T01:14:00.000Z,2026-02-02T01:14:00.000Z,SELL,0.01,1,1,10.00,1,16580.00
2026-02-02T01:14:00.000Z,2026-02-02T01:15:00.000Z,SELL,0.01,3,1,10.00,3,16590.00
2026-02-02T01:15:00.000Z,2026-02-02T01:18:00.000Z,SELL,0.01,3,1,10.00,3,16600.00
2026-02-02T01:18:00.000Z,2026-02-02T01:18:00.000Z,SELL,0.01,1,1,10.00,1,16610.00
2026-02-02T01:18:00.000Z,2026-02-02T01:18:00.000Z,SELL,0.01,1,1,10.00,1,16620.00
2026-02-02T01:18:00.000Z,2026-02-02T01:20:00.000Z,SELL,0.01,5,0,-2420.00,5,14200.00
2026-02-02T01:20:00.000Z,2026-02-02T01:20:00.000Z,SELL,0.01,1,1,10.00,1,14210.00
2026-02-02T01:20:00.000Z,2026-02-02T01:34:00.000Z,SELL,0.01,2,1,10.00,2,14220.00
2026-02-02T01:34:00.000Z,2026-02-02T01:34:00.000Z,SELL,0.01,1,1,10.00,1,14230.00
2026-02-02T01:34:00.000Z,2026-02-02T01:37:00.000Z,SELL,0.01,2,1,10.00,2,14240.00
2026-02-02T01:37:00.000Z,2026-02-02T01:45:00.000Z,SELL,0.01,3,1,10.00,3,14250.00
2026-02-02T01:45:00.000Z,2026-02-02T01:45:00.000Z,SELL,0.01,1,1,10.00,1,14260.00
2026-02-02T01:45:00.000Z,2026-02-02T01:45:00.000Z,SELL,0.01,1,1,10.00,1,14270.00
2026-02-02T01:45:00.000Z,2026-02-02T01:45:00.000Z,SELL,0.01,2,1,10.00,2,14280.00
2026-02-02T01:45:00.000Z,2026-02-02T01:45:00.000Z,SELL,0.01,1,1,10.00,1,14290.00
2026-02-02T01:45:00.000Z,2026-02-02T01:46:00.000Z,SELL,0.01,1,1,10.00,1,14300.00
2026-02-02T01:46:00.000Z,2026-02-02T01:46:00.000Z,SELL,0.01,1,1,10.00,1,14310.00
2026-02-02T01:46:00.000Z,2026-02-02T01:47:00.000Z,SELL,0.01,1,1,10.00,1,14320.00
2026-02-02T01:47:00.000Z,2026-02-02T01:50:00.000Z,SELL,0.01,2,1,10.00,2,14330.00
2026-02-02T01:50:00.000Z,2026-02-02T01:51:00.000Z,SELL,0.01,1,1,10.00,1,14340.00
2026-02-02T01:51:00.000Z,2026-02-02T02:02:00.000Z,SELL,0.01,4,1,10.00,4,14350.00
2026-02-02T02:02:00.000Z,2026-02-02T02:08:00.000Z,SELL,0.01,2,1,10.00,2,14360.00
2026-02-02T02:08:00.000Z,2026-02-02T02:08:00.000Z,SELL,0.01,1,1,10.00,1,14370.00
2026-02-02T02:08:00.000Z,2026-02-02T02:08:00.000Z,SELL,0.01,1,1,10.00,1,14380.00
2026-02-02T02:08:00.000Z,2026-02-02T02:09:00.000Z,SELL,0.01,2,1,10.00,2,14390.00
2026-02-02T02:09:00.000Z,2026-02-02T02:14:00.000Z,SELL,0.01,2,1,10.00,2,14400.00
2026-02-02T02:14:00.000Z,2026-02-02T02:18:00.000Z,SELL,0.01,2,1,10.00,2,14410.00
2026-02-02T02:18:00.000Z,2026-02-02T02:18:00.000Z,SELL,0.01,1,1,10.00,1,14420.00
2026-02-02T02:18:00.000Z,2026-02-02T02:18:00.000Z,SELL,0.01,1,1,10.00,1,14430.00
2026-02-02T02:18:00.000Z,2026-02-02T02:21:00.000Z,SELL,0.01,4,1,10.00,4,14440.00
2026-02-02T02:21:00.000Z,2026-02-02T02:21:00.000Z,SELL,0.01,1,1,10.00,1,14450.00
2026-02-02T02:21:00.000Z,2026-02-02T02:21:00.000Z,SELL,0.01,1,1,10.00,1,14460.00
2026-02-02T02:21:00.000Z,2026-02-02T02:25:00.000Z,SELL,0.01,3,1,10.00,3,14470.00
2026-02-02T02:25:00.000Z,2026-02-02T02:25:00.000Z,SELL,0.01,1,1,10.00,1,14480.00
2026-02-02T02:25:00.000Z,2026-02-02T02:25:00.000Z,SELL,0.01,1,1,10.00,1,14490.00
2026-02-02T02:25:00.000Z,2026-02-02T02:33:00.000Z,SELL,0.01,3,1,10.00,3,14500.00
2026-02-02T02:33:00.000Z,2026-02-02T02:43:00.000Z,SELL,0.01,3,1,10.00,3,14510.00
2026-02-02T02:43:00.000Z,2026-02-02T02:44:00.000Z,SELL,0.01,3,1,10.00,3,14520.00
2026-02-02T02:44:00.000Z,2026-02-02T02:47:00.000Z,SELL,0.01,1,1,10.00,1,14530.00
2026-02-02T02:47:00.000Z,2026-02-02T02:48:00.000Z,SELL,0.01,1,1,10.00,1,14540.00
2026-02-02T02:48:00.000Z,2026-02-02T02:56:00.000Z,SELL,0.01,3,1,10.00,3,14550.00
2026-02-02T02:56:00.000Z,2026-02-02T03:00:00.000Z,SELL,0.01,1,1,10.00,1,14560.00
2026-02-02T03:00:00.000Z,2026-02-02T03:00:00.000Z,SELL,0.01,1,1,10.00,1,14570.00
2026-02-02T03:00:00.000Z,2026-02-02T03:00:00.000Z,SELL,0.01,1,1,10.00,1,14580.00
2026-02-02T03:00:00.000Z,2026-02-02T03:02:00.000Z,SELL,0.01,4,1,10.00,4,14590.00
2026-02-02T03:02:00.000Z,2026-02-02T03:02:00.000Z,SELL,0.01,1,1,10.00,1,14600.00
2026-02-02T03:02:00.000Z,2026-02-02T03:02:00.000Z,SELL,0.01,1,1,10.00,1,14610.00
2026-02-02T03:02:00.000Z,2026-02-02T03:02:00.000Z,SELL,0.01,2,1,10.00,2,14620.00
2026-02-02T03:02:00.000Z,2026-02-02T03:04:00.000Z,SELL,0.01,1,1,10.00,1,14630.00
2026-02-02T03:04:00.000Z,2026-02-02T03:04:00.000Z,SELL,0.01,1,1,10.00,1,14640.00
2026-02-02T03:04:00.000Z,2026-02-02T03:06:00.000Z,SELL,0.01,3,1,10.00,3,14650.00
2026-02-02T03:06:00.000Z,2026-02-02T03:06:00.000Z,SELL,0.01,1,1,10.00,1,14660.00
2026-02-02T03:06:00.000Z,2026-02-02T03:07:00.000Z,SELL,0.01,3,1,10.00,3,14670.00
2026-02-02T03:07:00.000Z,2026-02-02T03:07:00.000Z,SELL,0.01,1,1,10.00,1,14680.00
2026-02-02T03:07:00.000Z,2026-02-02T03:07:00.000Z,SELL,0.01,1,1,10.00,1,14690.00
2026-02-02T03:07:00.000Z,2026-02-02T03:07:00.000Z,SELL,0.01,2,1,10.00,2,14700.00
2026-02-02T03:07:00.000Z,2026-02-02T03:07:00.000Z,SELL,0.01,1,1,10.00,1,14710.00
2026-02-02T03:07:00.000Z,2026-02-02T03:07:00.000Z,SELL,0.01,1,1,10.00,1,14720.00
2026-02-02T03:07:00.000Z,2026-02-02T03:07:00.000Z,SELL,0.01,1,1,10.00,1,14730.00
2026-02-02T03:07:00.000Z,2026-02-02T03:08:00.000Z,SELL,0.01,1,1,10.00,1,14740.00
2026-02-02T03:08:00.000Z,2026-02-02T03:09:00.000Z,SELL,0.01,1,1,10.00,1,14750.00
2026-02-02T03:09:00.000Z,2026-02-02T03:09:00.000Z,SELL,0.01,1,1,10.00,1,14760.00
2026-02-02T03:09:00.000Z,2026-02-02T03:09:00.000Z,SELL,0.01,1,1,10.00,1,14770.00
2026-02-02T03:09:00.000Z,2026-02-02T03:09:00.000Z,SELL,0.01,1,1,10.00,1,14780.00
2026-02-02T03:09:00.000Z,2026-02-02T03:09:00.000Z,SELL,0.01,2,1,10.00,2,14790.00
2026-02-02T03:09:00.000Z,2026-02-02T03:09:00.000Z,SELL,0.01,3,1,10.00,3,14800.00
2026-02-02T03:09:00.000Z,2026-02-02T03:09:00.000Z,SELL,0.01,1,1,10.00,1,14810.00
2026-02-02T03:09:00.000Z,2026-02-02T03:10:00.000Z,SELL,0.01,1,1,10.00,1,14820.00
2026-02-02T03:10:00.000Z,2026-02-02T03:10:00.000Z,SELL,0.01,1,1,10.00,1,14830.00
2026-02-02T03:10:00.000Z,2026-02-02T03:10:00.000Z,SELL,0.01,1,1,10.00,1,14840.00
2026-02-02T03:10:00.000Z,2026-02-02T03:10:00.000Z,SELL,0.01,1,1,10.00,1,14850.00
2026-02-02T03:10:00.000Z,2026-02-02T03:10:00.000Z,SELL,0.01,1,1,10.00,1,14860.00
2026-02-02T03:10:00.000Z,2026-02-02T03:10:00.000Z,SELL,0.01,1,1,10.00,1,14870.00
2026-02-02T03:10:00.000Z,2026-02-02T03:10:00.000Z,SELL,0.01,1,1,10.00,1,14880.00
2026-02-02T03:10:00.000Z,2026-02-02T03:10:00.000Z,SELL,0.01,2,1,10.00,2,14890.00
2026-02-02T03:10:00.000Z,2026-02-02T03:10:00.000Z,SELL,0.01,2,1,10.00,2,14900.00
2026-02-02T03:10:00.000Z,2026-02-02T03:10:00.000Z,SELL,0.01,1,1,10.00,1,14910.00
2026-02-02T03:10:00.000Z,2026-02-02T03:10:00.000Z,SELL,0.01,1,1,10.00,1,14920.00
2026-02-02T03:10:00.000Z,2026-02-02T03:10:00.000Z,SELL,0.01,1,1,10.00,1,14930.00
2026-02-02T03:10:00.000Z,2026-02-02T03:10:00.000Z,SELL,0.01,1,1,10.00,1,14940.00
2026-02-02T03:10:00.000Z,2026-02-02T03:10:00.000Z,SELL,0.01,1,1,10.00,1,14950.00
2026-02-02T03:10:00.000Z,2026-02-02T03:10:00.000Z,SELL,0.01,1,1,10.00,1,14960.00
2026-02-02T03:10:00.000Z,2026-02-02T03:11:00.000Z,SELL,0.01,2,1,10.00,2,14970.00
2026-02-02T03:11:00.000Z,2026-02-02T03:11:00.000Z,SELL,0.01,1,1,10.00,1,14980.00
2026-02-02T03:11:00.000Z,2026-02-02T03:11:00.000Z,SELL,0.01,1,1,10.00,1,14990.00
2026-02-02T03:11:00.000Z,2026-02-02T03:11:00.000Z,SELL,0.01,1,1,10.00,1,15000.00
2026-02-02T03:11:00.000Z,2026-02-02T03:12:00.000Z,SELL,0.01,2,1,10.00,2,15010.00
2026-02-02T03:12:00.000Z,2026-02-02T03:12:00.000Z,SELL,0.01,1,1,10.00,1,15020.00
2026-02-02T03:12:00.000Z,2026-02-02T03:12:00.000Z,SELL,0.01,1,1,10.00,1,15030.00
2026-02-02T03:12:00.000Z,2026-02-02T03:13:00.000Z,SELL,0.01,2,1,10.00,2,15040.00
2026-02-02T03:13:00.000Z,2026-02-02T03:13:00.000Z,SELL,0.01,1,1,10.00,1,15050.00
2026-02-02T03:13:00.000Z,2026-02-02T03:13:00.000Z,SELL,0.01,1,1,10.00,1,15060.00
2026-02-02T03:13:00.000Z,2026-02-02T03:13:00.000Z,SELL,0.01,1,1,10.00,1,15070.00
2026-02-02T03:13:00.000Z,2026-02-02T03:13:00.000Z,SELL,0.01,2,1,10.00,2,15080.00
2026-02-02T03:13:00.000Z,2026-02-02T03:14:00.000Z,SELL,0.01,3,1,10.00,3,15090.00
2026-02-02T03:14:00.000Z,2026-02-02T03:15:00.000Z,SELL,0.01,2,1,10.00,2,15100.00
2026-02-02T03:15:00.000Z,2026-02-02T03:16:00.000Z,SELL,0.01,4,1,10.00,4,15110.00
2026-02-02T03:16:00.000Z,2026-02-02T03:16:00.000Z,SELL,0.01,1,1,10.00,1,15120.00
2026-02-02T03:16:00.000Z,2026-02-02T03:16:00.000Z,SELL,0.01,1,1,10.00,1,15130.00
2026-02-02T03:16:00.000Z,2026-02-02T03:17:00.000Z,SELL,0.01,2,1,10.00,2,15140.00
2026-02-02T03:17:00.000Z,2026-02-02T03:18:00.000Z,SELL,0.01,1,1,10.00,1,15150.00
2026-02-02T03:18:00.000Z,2026-02-02T03:20:00.000Z,SELL,0.01,2,1,10.00,2,15160.00
2026-02-02T03:20:00.000Z,2026-02-02T03:20:00.000Z,SELL,0.01,1,1,10.00,1,15170.00
2026-02-02T03:20:00.000Z,2026-02-02T03:20:00.000Z,SELL,0.01,1,1,10.00,1,15180.00
2026-02-02T03:20:00.000Z,2026-02-02T03:20:00.000Z,SELL,0.01,1,1,10.00,1,15190.00
2026-02-02T03:20:00.000Z,2026-02-02T03:23:00.000Z,SELL,0.01,3,1,10.00,3,15200.00
2026-02-02T03:23:00.000Z,2026-02-02T03:23:00.000Z,SELL,0.01,1,1,10.00,1,15210.00
2026-02-02T03:23:00.000Z,2026-02-02T03:23:00.000Z,SELL,0.01,1,1,10.00,1,15220.00
2026-02-02T03:23:00.000Z,2026-02-02T03:23:00.000Z,SELL,0.01,2,1,10.00,2,15230.00
2026-02-02T03:23:00.000Z,2026-02-02T03:23:00.000Z,SELL,0.01,1,1,10.00,1,15240.00
2026-02-02T03:23:00.000Z,2026-02-02T03:23:00.000Z,SELL,0.01,1,1,10.00,1,15250.00
2026-02-02T03:23:00.000Z,2026-02-02T03:26:00.000Z,SELL,0.01,4,1,10.00,4,15260.00
2026-02-02T03:26:00.000Z,2026-02-02T03:26:00.000Z,SELL,0.01,1,1,10.00,1,15270.00
2026-02-02T03:26:00.000Z,2026-02-02T03:26:00.000Z,SELL,0.01,1,1,10.00,1,15280.00
2026-02-02T03:26:00.000Z,2026-02-02T03:28:00.000Z,SELL,0.01,2,1,10.00,2,15290.00
2026-02-02T03:28:00.000Z,2026-02-02T03:28:00.000Z,SELL,0.01,1,1,10.00,1,15300.00
2026-02-02T03:28:00.000Z,2026-02-02T03:30:00.000Z,SELL,0.01,1,1,10.00,1,15310.00
2026-02-02T03:30:00.000Z,2026-02-02T03:33:00.000Z,SELL,0.01,2,1,10.00,2,15320.00
2026-02-02T03:33:00.000Z,2026-02-02T03:33:00.000Z,SELL,0.01,1,1,10.00,1,15330.00
2026-02-02T03:33:00.000Z,2026-02-02T03:35:00.000Z,SELL,0.01,2,1,10.00,2,15340.00
2026-02-02T03:35:00.000Z,2026-02-02T03:35:00.000Z,SELL,0.01,1,1,10.00,1,15350.00
2026-02-02T03:35:00.000Z,2026-02-02T03:35:00.000Z,SELL,0.01,1,1,10.00,1,15360.00
2026-02-02T03:35:00.000Z,2026-02-02T03:36:00.000Z,SELL,0.01,2,1,10.00,2,15370.00
2026-02-02T03:36:00.000Z,2026-02-02T03:36:00.000Z,SELL,0.01,1,1,10.00,1,15380.00
2026-02-02T03:36:00.000Z,2026-02-02T03:38:00.000Z,SELL,0.01,1,1,10.00,1,15390.00
2026-02-02T03:38:00.000Z,2026-02-02T03:41:00.000Z,SELL,0.01,1,1,10.00,1,15400.00
2026-02-02T03:41:00.000Z,2026-02-02T03:42:00.000Z,SELL,0.01,1,1,10.00,1,15410.00
2026-02-02T03:42:00.000Z,2026-02-02T03:47:00.000Z,SELL,0.01,2,1,10.00,2,15420.00
2026-02-02T03:47:00.000Z,2026-02-02T04:03:00.000Z,SELL,0.01,5,1,10.00,5,15430.00
2026-02-02T04:03:00.000Z,2026-02-02T04:10:00.000Z,SELL,0.01,3,1,10.00,3,15440.00
2026-02-02T04:10:00.000Z,2026-02-02T04:14:00.000Z,SELL,0.01,2,1,10.00,2,15450.00
2026-02-02T04:14:00.000Z,2026-02-02T04:18:00.000Z,SELL,0.01,1,1,10.00,1,15460.00
2026-02-02T04:18:00.000Z,2026-02-02T04:32:00.000Z,SELL,0.01,2,1,10.00,2,15470.00
2026-02-02T04:32:00.000Z,2026-02-02T04:47:00.000Z,SELL,0.01,3,1,10.00,3,15480.00
2026-02-02T04:47:00.000Z,2026-02-02T04:48:00.000Z,SELL,0.01,1,1,10.00,1,15490.00
2026-02-02T04:48:00.000Z,2026-02-02T04:51:00.000Z,SELL,0.01,1,1,10.00,1,15500.00
2026-02-02T04:51:00.000Z,2026-02-02T04:57:00.000Z,SELL,0.01,1,1,10.00,1,15510.00
2026-02-02T04:57:00.000Z,2026-02-02T04:58:00.000Z,SELL,0.01,3,1,10.00,3,15520.00
2026-02-02T04:58:00.000Z,2026-02-02T05:15:00.000Z,SELL,0.01,3,1,10.00,3,15530.00
2026-02-02T05:15:00.000Z,2026-02-02T05:15:00.000Z,SELL,0.01,1,1,10.00,1,15540.00
2026-02-02T05:15:00.000Z,2026-02-02T05:15:00.000Z,SELL,0.01,1,1,10.00,1,15550.00
2026-02-02T05:15:00.000Z,2026-02-02T05:18:00.000Z,SELL,0.01,2,1,10.00,2,15560.00
2026-02-02T05:18:00.000Z,2026-02-02T05:31:00.000Z,SELL,0.01,3,1,10.00,3,15570.00
2026-02-02T05:31:00.000Z,2026-02-02T05:32:00.000Z,SELL,0.01,1,1,10.00,1,15580.00
2026-02-02T05:32:00.000Z,2026-02-02T05:35:00.000Z,SELL,0.01,1,1,10.00,1,15590.00
2026-02-02T05:35:00.000Z,2026-02-02T05:35:00.000Z,SELL,0.01,1,1,10.00,1,15600.00
2026-02-02T05:35:00.000Z,2026-02-02T05:39:00.000Z,SELL,0.01,3,1,10.00,3,15610.00
2026-02-02T05:39:00.000Z,2026-02-02T05:40:00.000Z,SELL,0.01,1,1,10.00,1,15620.00
2026-02-02T05:40:00.000Z,2026-02-02T05:44:00.000Z,SELL,0.01,2,1,10.00,2,15630.00
2026-02-02T05:44:00.000Z,2026-02-02T05:44:00.000Z,SELL,0.01,1,1,10.00,1,15640.00
2026-02-02T05:44:00.000Z,2026-02-02T05:49:00.000Z,SELL,0.01,2,1,10.00,2,15650.00
2026-02-02T05:49:00.000Z,2026-02-02T05:50:00.000Z,SELL,0.01,1,1,10.00,1,15660.00
2026-02-02T05:50:00.000Z,2026-02-02T05:53:00.000Z,SELL,0.01,1,1,10.00,1,15670.00
2026-02-02T05:53:00.000Z,2026-02-02T05:55:00.000Z,SELL,0.01,1,1,10.00,1,15680.00
2026-02-02T05:55:00.000Z,2026-02-02T05:57:00.000Z,SELL,0.01,1,1,10.00,1,15690.00
2026-02-02T05:57:00.000Z,2026-02-02T06:01:00.000Z,SELL,0.01,1,1,10.00,1,15700.00
2026-02-02T06:01:00.000Z,2026-02-02T06:01:00.000Z,SELL,0.01,1,1,10.00,1,15710.00
2026-02-02T06:01:00.000Z,2026-02-02T06:01:00.000Z,SELL,0.01,2,1,10.00,2,15720.00
2026-02-02T06:01:00.000Z,2026-02-02T06:01:00.000Z,SELL,0.01,1,1,10.00,1,15730.00
2026-02-02T06:01:00.000Z,2026-02-02T06:01:00.000Z,SELL,0.01,1,1,10.00,1,15740.00
2026-02-02T06:01:00.000Z,2026-02-02T06:01:00.000Z,SELL,0.01,1,1,10.00,1,15750.00
2026-02-02T06:01:00.000Z,2026-02-02T06:02:00.000Z,SELL,0.01,1,1,10.00,1,15760.00
2026-02-02T06:02:00.000Z,2026-02-02T06:05:00.000Z,SELL,0.01,1,1,10.00,1,15770.00
2026-02-02T06:05:00.000Z,2026-02-02T06:06:00.000Z,SELL,0.01,2,1,10.00,2,15780.00
2026-02-02T06:06:00.000Z,2026-02-02T06:06:00.000Z,SELL,0.01,1,1,10.00,1,15790.00
2026-02-02T06:06:00.000Z,2026-02-02T06:09:00.000Z,SELL,0.01,2,1,10.00,2,15800.00
2026-02-02T06:09:00.000Z,2026-02-02T06:12:00.000Z,SELL,0.01,1,1,10.00,1,15810.00
2026-02-02T06:12:00.000Z,2026-02-02T06:12:00.000Z,SELL,0.01,1,1,10.00,1,15820.00
2026-02-02T06:12:00.000Z,2026-02-02T06:15:00.000Z,SELL,0.01,2,1,10.00,2,15830.00
2026-02-02T06:15:00.000Z,2026-02-02T06:19:00.000Z,SELL,0.01,2,1,10.00,2,15840.00
2026-02-02T06:19:00.000Z,2026-02-02T06:19:00.000Z,SELL,0.01,1,1,10.00,1,15850.00
2026-02-02T06:19:00.000Z,2026-02-02T06:26:00.000Z,SELL,0.01,3,1,10.00,3,15860.00
2026-02-02T06:26:00.000Z,2026-02-02T06:40:00.000Z,SELL,0.01,3,1,10.00,3,15870.00
2026-02-02T06:40:00.000Z,2026-02-02T06:45:00.000Z,SELL,0.01,2,1,10.00,2,15880.00
2026-02-02T06:45:00.000Z,2026-02-02T06:50:00.000Z,SELL,0.01,1,1,10.00,1,15890.00
2026-02-02T06:50:00.000Z,2026-02-02T06:56:00.000Z,SELL,0.01,1,1,10.00,1,15900.00
2026-02-02T06:56:00.000Z,2026-02-02T07:07:00.000Z,SELL,0.01,3,1,10.00,3,15910.00
2026-02-02T07:07:00.000Z,2026-02-02T07:13:00.000Z,SELL,0.01,1,1,10.00,1,15920.00
2026-02-02T07:13:00.000Z,2026-02-02T07:30:00.000Z,SELL,0.01,3,1,10.00,3,15930.00
2026-02-02T07:30:00.000Z,2026-02-02T07:31:00.000Z,SELL,0.01,1,1,10.00,1,15940.00
2026-02-02T07:31:00.000Z,2026-02-02T07:31:00.000Z,SELL,0.01,1,1,10.00,1,15950.00
2026-02-02T07:31:00.000Z,2026-02-02T07:37:00.000Z,SELL,0.01,3,1,10.00,3,15960.00
2026-02-02T07:37:00.000Z,2026-02-02T07:42:00.000Z,SELL,0.01,1,1,10.00,1,15970.00
2026-02-02T07:42:00.000Z,2026-02-02T07:44:00.000Z,SELL,0.01,1,1,10.00,1,15980.00
2026-02-02T07:44:00.000Z,2026-02-02T07:44:00.000Z,SELL,0.01,1,1,10.00,1,15990.00
2026-02-02T07:44:00.000Z,2026-02-02T07:45:00.000Z,SELL,0.01,3,1,10.00,3,16000.00
2026-02-02T07:45:00.000Z,2026-02-02T07:46:00.000Z,SELL,0.01,1,1,10.00,1,16010.00
2026-02-02T07:46:00.000Z,2026-02-02T07:48:00.000Z,SELL,0.01,1,1,10.00,1,16020.00
2026-02-02T07:48:00.000Z,2026-02-02T07:49:00.000Z,SELL,0.01,1,1,10.00,1,16030.00
2026-02-02T07:49:00.000Z,2026-02-02T07:49:00.000Z,SELL,0.01,1,1,10.00,1,16040.00
2026-02-02T07:49:00.000Z,2026-02-02T07:50:00.000Z,SELL,0.01,2,1,10.00,2,16050.00
2026-02-02T07:50:00.000Z,2026-02-02T07:50:00.000Z,SELL,0.01,1,1,10.00,1,16060.00
2026-02-02T07:50:00.000Z,2026-02-02T07:51:00.000Z,SELL,0.01,1,1,10.00,1,16070.00
2026-02-02T07:51:00.000Z,2026-02-02T07:51:00.000Z,SELL,0.01,1,1,10.00,1,16080.00
2026-02-02T07:51:00.000Z,2026-02-02T07:51:00.000Z,SELL,0.01,2,1,10.00,2,16090.00
2026-02-02T07:51:00.000Z,2026-02-02T07:51:00.000Z,SELL,0.01,1,1,10.00,1,16100.00
2026-02-02T07:51:00.000Z,2026-02-02T07:51:00.000Z,SELL,0.01,1,1,10.00,1,16110.00
2026-02-02T07:51:00.000Z,2026-02-02T07:51:00.000Z,SELL,0.01,1,1,10.00,1,16120.00
2026-02-02T07:51:00.000Z,2026-02-02T07:52:00.000Z,SELL,0.01,1,1,10.00,1,16130.00
2026-02-02T07:52:00.000Z,2026-02-02T07:53:00.000Z,SELL,0.01,1,1,10.00,1,16140.00
2026-02-02T07:53:00.000Z,2026-02-02T07:53:00.000Z,SELL,0.01,1,1,10.00,1,16150.00
2026-02-02T07:53:00.000Z,2026-02-02T07:54:00.000Z,SELL,0.01,2,1,10.00,2,16160.00
2026-02-02T07:54:00.000Z,2026-02-02T07:54:00.000Z,SELL,0.01,1,1,10.00,1,16170.00
2026-02-02T07:54:00.000Z,2026-02-02T07:58:00.000Z,SELL,0.01,2,1,10.00,2,16180.00
2026-02-02T07:58:00.000Z,2026-02-02T08:06:00.000Z,SELL,0.01,5,1,10.00,5,16190.00
2026-02-02T08:06:00.000Z,2026-02-02T08:07:00.000Z,SELL,0.01,3,1,10.00,3,16200.00
2026-02-02T08:07:00.000Z,2026-02-02T08:09:00.000Z,SELL,0.01,2,1,10.00,2,16210.00
2026-02-02T08:09:00.000Z,2026-02-02T08:09:00.000Z,SELL,0.01,1,1,10.00,1,16220.00
2026-02-02T08:09:00.000Z,2026-02-02T08:09:00.000Z,SELL,0.01,1,1,10.00,1,16230.00
2026-02-02T08:09:00.000Z,2026-02-02T08:17:00.000Z,SELL,0.01,3,1,10.00,3,16240.00
2026-02-02T08:17:00.000Z,2026-02-02T08:17:00.000Z,SELL,0.01,1,1,10.00,1,16250.00
2026-02-02T08:17:00.000Z,2026-02-02T08:20:00.000Z,SELL,0.01,1,1,10.00,1,16260.00
2026-02-02T08:20:00.000Z,2026-02-02T08:21:00.000Z,SELL,0.01,3,1,10.00,3,16270.00
2026-02-02T08:21:00.000Z,2026-02-02T08:21:00.000Z,SELL,0.01,1,1,10.00,1,16280.00
2026-02-02T08:21:00.000Z,2026-02-02T08:23:00.000Z,SELL,0.01,3,1,10.00,3,16290.00
2026-02-02T08:23:00.000Z,2026-02-02T08:24:00.000Z,SELL,0.01,1,1,10.00,1,16300.00
2026-02-02T08:24:00.000Z,2026-02-02T08:24:00.000Z,SELL,0.01,1,1,10.00,1,16310.00
2026-02-02T08:24:00.000Z,2026-02-02T08:24:00.000Z,SELL,0.01,1,1,10.00,1,16320.00
2026-02-02T08:24:00.000Z,2026-02-02T08:24:00.000Z,SELL,0.01,2,1,10.00,2,16330.00
2026-02-02T08:24:00.000Z,2026-02-02T08:24:00.000Z,SELL,0.01,1,1,10.00,1,16340.00
2026-02-02T08:24:00.000Z,2026-02-02T08:24:00.000Z,SELL,0.01,1,1,10.00,1,16350.00
2026-02-02T08:24:00.000Z,2026-02-02T08:27:00.000Z,SELL,0.01,3,1,10.00,3,16360.00
2026-02-02T08:27:00.000Z,2026-02-02T08:27:00.000Z,SELL,0.01,1,1,10.00,1,16370.00
2026-02-02T08:27:00.000Z,2026-02-02T08:28:00.000Z,SELL,0.01,2,1,10.00,2,16380.00
2026-02-02T08:28:00.000Z,2026-02-02T08:29:00.000Z,SELL,0.01,2,1,10.00,2,16390.00
2026-02-02T08:29:00.000Z,2026-02-02T08:29:00.000Z,SELL,0.01,1,1,10.00,1,16400.00
2026-02-02T08:29:00.000Z,2026-02-02T08:29:00.000Z,SELL,0.01,1,1,10.00,1,16410.00
2026-02-02T08:29:00.000Z,2026-02-02T08:36:00.000Z,SELL,0.01,3,1,10.00,3,16420.00
2026-02-02T08:36:00.000Z,2026-02-02T08:36:00.000Z,SELL,0.01,1,1,10.00,1,16430.00
2026-02-02T08:36:00.000Z,2026-02-02T08:37:00.000Z,SELL,0.01,1,1,10.00,1,16440.00
2026-02-02T08:37:00.000Z,2026-02-02T08:37:00.000Z,SELL,0.01,1,1,10.00,1,16450.00
2026-02-02T08:37:00.000Z,2026-02-02T08:38:00.000Z,SELL,0.01,3,1,10.00,3,16460.00
2026-02-02T08:38:00.000Z,2026-02-02T08:38:00.000Z,SELL,0.01,1,1,10.00,1,16470.00
2026-02-02T08:38:00.000Z,2026-02-02T08:42:00.000Z,SELL,0.01,2,1,10.00,2,16480.00
2026-02-02T08:42:00.000Z,2026-02-02T08:42:00.000Z,SELL,0.01,1,1,10.00,1,16490.00
2026-02-02T08:42:00.000Z,2026-02-02T08:44:00.000Z,SELL,0.01,5,0,-2420.00,5,14070.00
2026-02-02T08:44:00.000Z,2026-02-02T08:49:00.000Z,SELL,0.01,1,1,10.00,1,14080.00
2026-02-02T08:49:00.000Z,2026-02-02T08:49:00.000Z,SELL,0.01,1,1,10.00,1,14090.00
2026-02-02T08:49:00.000Z,2026-02-02T08:50:00.000Z,SELL,0.01,2,1,10.00,2,14100.00
2026-02-02T08:50:00.000Z,2026-02-02T08:50:00.000Z,SELL,0.01,1,1,10.00,1,14110.00
2026-02-02T08:50:00.000Z,2026-02-02T08:50:00.000Z,SELL,0.01,1,1,10.00,1,14120.00
2026-02-02T08:50:00.000Z,2026-02-02T08:50:00.000Z,SELL,0.01,2,1,10.00,2,14130.00
2026-02-02T08:50:00.000Z,2026-02-02T08:51:00.000Z,SELL,0.01,1,1,10.00,1,14140.00
2026-02-02T08:51:00.000Z,2026-02-02T08:55:00.000Z,SELL,0.01,2,1,10.00,2,14150.00
2026-02-02T08:55:00.000Z,2026-02-02T08:57:00.000Z,SELL,0.01,2,1,10.00,2,14160.00
2026-02-02T08:57:00.000Z,2026-02-02T08:57:00.000Z,SELL,0.01,1,1,10.00,1,14170.00
2026-02-02T08:57:00.000Z,2026-02-02T08:59:00.000Z,SELL,0.01,1,1,10.00,1,14180.00
2026-02-02T08:59:00.000Z,2026-02-02T09:00:00.000Z,SELL,0.01,1,1,10.00,1,14190.00
2026-02-02T09:00:00.000Z,2026-02-02T09:02:00.000Z,SELL,0.01,2,1,10.00,2,14200.00
2026-02-02T09:02:00.000Z,2026-02-02T09:07:00.000Z,SELL,0.01,2,1,10.00,2,14210.00
2026-02-02T09:07:00.000Z,2026-02-02T09:07:00.000Z,SELL,0.01,1,1,10.00,1,14220.00
2026-02-02T09:07:00.000Z,2026-02-02T09:07:00.000Z,SELL,0.01,1,1,10.00,1,14230.00
2026-02-02T09:07:00.000Z,2026-02-02T09:15:00.000Z,SELL,0.01,4,1,10.00,4,14240.00
2026-02-02T09:15:00.000Z,2026-02-02T09:15:00.000Z,SELL,0.01,1,1,10.00,1,14250.00
2026-02-02T09:15:00.000Z,2026-02-02T09:15:00.000Z,SELL,0.01,1,1,10.00,1,14260.00
2026-02-02T09:15:00.000Z,2026-02-02T09:17:00.000Z,SELL,0.01,1,1,10.00,1,14270.00
2026-02-02T09:17:00.000Z,2026-02-02T09:25:00.000Z,SELL,0.01,2,1,10.00,2,14280.00
2026-02-02T09:25:00.000Z,2026-02-02T09:25:00.000Z,SELL,0.01,1,1,10.00,1,14290.00
2026-02-02T09:25:00.000Z,2026-02-02T09:32:00.000Z,SELL,0.01,3,1,10.00,3,14300.00
2026-02-02T09:32:00.000Z,2026-02-02T09:32:00.000Z,SELL,0.01,1,1,10.00,1,14310.00
2026-02-02T09:32:00.000Z,2026-02-02T09:37:00.000Z,SELL,0.01,2,1,10.00,2,14320.00
2026-02-02T09:37:00.000Z,2026-02-02T09:37:00.000Z,SELL,0.01,1,1,10.00,1,14330.00
2026-02-02T09:37:00.000Z,2026-02-02T09:40:00.000Z,SELL,0.01,2,1,10.00,2,14340.00
2026-02-02T09:40:00.000Z,2026-02-02T09:49:00.000Z,SELL,0.01,2,1,10.00,2,14350.00
2026-02-02T09:49:00.000Z,2026-02-02T09:51:00.000Z,SELL,0.01,1,1,10.00,1,14360.00
2026-02-02T09:51:00.000Z,2026-02-02T09:53:00.000Z,SELL,0.01,1,1,10.00,1,14370.00
2026-02-02T09:53:00.000Z,2026-02-02T10:00:00.000Z,SELL,0.01,3,1,10.00,3,14380.00
2026-02-02T10:00:00.000Z,2026-02-02T10:02:00.000Z,SELL,0.01,3,1,10.00,3,14390.00
2026-02-02T10:02:00.000Z,2026-02-02T10:07:00.000Z,SELL,0.01,2,1,10.00,2,14400.00
2026-02-02T10:07:00.000Z,2026-02-02T10:07:00.000Z,SELL,0.01,1,1,10.00,1,14410.00
2026-02-02T10:07:00.000Z,2026-02-02T10:09:00.000Z,SELL,0.01,2,1,10.00,2,14420.00
2026-02-02T10:09:00.000Z,2026-02-02T10:09:00.000Z,SELL,0.01,1,1,10.00,1,14430.00
2026-02-02T10:09:00.000Z,2026-02-02T10:20:00.000Z,SELL,0.01,4,1,10.00,4,14440.00
2026-02-02T10:20:00.000Z,2026-02-02T10:27:00.000Z,SELL,0.01,1,1,10.00,1,14450.00
2026-02-02T10:27:00.000Z,2026-02-02T10:38:00.000Z,SELL,0.01,3,1,10.00,3,14460.00
2026-02-02T10:38:00.000Z,2026-02-02T10:43:00.000Z,SELL,0.01,2,1,10.00,2,14470.00
2026-02-02T10:43:00.000Z,2026-02-02T10:45:00.000Z,SELL,0.01,1,1,10.00,1,14480.00
2026-02-02T10:45:00.000Z,2026-02-02T11:02:00.000Z,SELL,0.01,1,1,10.00,1,14490.00
2026-02-02T11:02:00.000Z,2026-02-02T11:03:00.000Z,SELL,0.01,1,1,10.00,1,14500.00
2026-02-02T11:03:00.000Z,2026-02-02T11:03:00.000Z,SELL,0.01,1,1,10.00,1,14510.00
2026-02-02T11:03:00.000Z,2026-02-02T11:05:00.000Z,SELL,0.01,2,1,10.00,2,14520.00
2026-02-02T11:05:00.000Z,2026-02-02T11:05:00.000Z,SELL,0.01,1,1,10.00,1,14530.00
2026-02-02T11:05:00.000Z,2026-02-02T11:12:00.000Z,SELL,0.01,2,1,10.00,2,14540.00
2026-02-02T11:12:00.000Z,2026-02-02T11:13:00.000Z,SELL,0.01,1,1,10.00,1,14550.00
2026-02-02T11:13:00.000Z,2026-02-02T11:16:00.000Z,SELL,0.01,1,1,10.00,1,14560.00
2026-02-02T11:16:00.000Z,2026-02-02T11:26:00.000Z,SELL,0.01,2,1,10.00,2,14570.00
2026-02-02T11:26:00.000Z,2026-02-02T11:28:00.000Z,SELL,0.01,2,1,10.00,2,14580.00
2026-02-02T11:28:00.000Z,2026-02-02T11:28:00.000Z,SELL,0.01,1,1,10.00,1,14590.00
2026-02-02T11:28:00.000Z,2026-02-02T11:48:00.000Z,SELL,0.01,4,1,10.00,4,14600.00
2026-02-02T11:48:00.000Z,2026-02-02T11:51:00.000Z,SELL,0.01,1,1,10.00,1,14610.00
2026-02-02T11:51:00.000Z,2026-02-02T12:02:00.000Z,SELL,0.01,2,1,10.00,2,14620.00
2026-02-02T12:02:00.000Z,2026-02-02T12:02:00.000Z,SELL,0.01,1,1,10.00,1,14630.00
2026-02-02T12:02:00.000Z,2026-02-02T12:04:00.000Z,SELL,0.01,1,1,10.00,1,14640.00
2026-02-02T12:04:00.000Z,2026-02-02T12:21:00.000Z,SELL,0.01,1,1,10.00,1,14650.00
2026-02-02T12:21:00.000Z,2026-02-02T12:21:00.000Z,SELL,0.01,1,1,10.00,1,14660.00
2026-02-02T12:21:00.000Z,2026-02-02T12:26:00.000Z,SELL,0.01,1,1,10.00,1,14670.00
2026-02-02T12:26:00.000Z,2026-02-02T12:27:00.000Z,SELL,0.01,1,1,10.00,1,14680.00
2026-02-02T12:27:00.000Z,2026-02-02T12:37:00.000Z,SELL,0.01,3,1,10.00,3,14690.00
2026-02-02T12:37:00.000Z,2026-02-02T12:40:00.000Z,SELL,0.01,2,1,10.00,2,14700.00
2026-02-02T12:40:00.000Z,2026-02-02T12:41:00.000Z,SELL,0.01,1,1,10.00,1,14710.00
2026-02-02T12:41:00.000Z,2026-02-02T12:45:00.000Z,SELL,0.01,1,1,10.00,1,14720.00
2026-02-02T12:45:00.000Z,2026-02-02T12:45:00.000Z,SELL,0.01,1,1,10.00,1,14730.00
2026-02-02T12:45:00.000Z,2026-02-02T12:51:00.000Z,SELL,0.01,2,1,10.00,2,14740.00
2026-02-02T12:51:00.000Z,2026-02-02T12:51:00.000Z,SELL,0.01,1,1,10.00,1,14750.00
2026-02-02T12:51:00.000Z,2026-02-02T12:55:00.000Z,SELL,0.01,2,1,10.00,2,14760.00
2026-02-02T12:55:00.000Z,2026-02-02T12:55:00.000Z,SELL,0.01,1,1,10.00,1,14770.00
2026-02-02T12:55:00.000Z,2026-02-02T13:13:00.000Z,SELL,0.01,2,1,10.00,2,14780.00
2026-02-02T13:13:00.000Z,2026-02-02T13:31:00.000Z,SELL,0.01,2,1,10.00,2,14790.00
2026-02-02T13:31:00.000Z,2026-02-02T13:33:00.000Z,SELL,0.01,1,1,10.00,1,14800.00
2026-02-02T13:33:00.000Z,2026-02-02T14:23:00.000Z,SELL,0.01,4,1,10.00,4,14810.00
2026-02-02T14:23:00.000Z,2026-02-02T14:46:00.000Z,SELL,0.01,2,1,10.00,2,14820.00
2026-02-02T14:46:00.000Z,2026-02-02T14:47:00.000Z,SELL,0.01,1,1,10.00,1,14830.00
2026-02-02T14:47:00.000Z,2026-02-02T14:48:00.000Z,SELL,0.01,1,1,10.00,1,14840.00
2026-02-02T14:48:00.000Z,2026-02-02T14:51:00.000Z,SELL,0.01,1,1,10.00,1,14850.00
2026-02-02T14:51:00.000Z,2026-02-02T15:00:00.000Z,SELL,0.01,1,1,10.00,1,14860.00
2026-02-02T15:00:00.000Z,2026-02-02T15:00:00.000Z,SELL,0.01,1,1,10.00,1,14870.00
2026-02-02T15:00:00.000Z,2026-02-02T15:00:00.000Z,SELL,0.01,1,1,10.00,1,14880.00
2026-02-02T15:00:00.000Z,2026-02-02T15:00:00.000Z,SELL,0.01,2,1,10.00,2,14890.00
2026-02-02T15:00:00.000Z,2026-02-02T15:00:00.000Z,SELL,0.01,1,1,10.00,1,14900.00
2026-02-02T15:00:00.000Z,2026-02-02T15:00:00.000Z,SELL,0.01,1,1,10.00,1,14910.00
2026-02-02T15:00:00.000Z,2026-02-02T15:01:00.000Z,SELL,0.01,1,1,10.00,1,14920.00
2026-02-02T15:01:00.000Z,2026-02-02T15:01:00.000Z,SELL,0.01,1,1,10.00,1,14930.00
2026-02-02T15:01:00.000Z,2026-02-02T15:02:00.000Z,SELL,0.01,3,1,10.00,3,14940.00
2026-02-02T15:02:00.000Z,2026-02-02T15:05:00.000Z,SELL,0.01,5,0,-2420.00,5,12520.00
2026-02-02T15:05:00.000Z,2026-02-02T15:08:00.000Z,SELL,0.01,2,1,10.00,2,12530.00
2026-02-02T15:08:00.000Z,2026-02-02T15:08:00.000Z,SELL,0.01,1,1,10.00,1,12540.00
2026-02-02T15:08:00.000Z,2026-02-02T15:11:00.000Z,SELL,0.01,2,1,10.00,2,12550.00
2026-02-02T15:11:00.000Z,2026-02-02T15:12:00.000Z,SELL,0.01,1,1,10.00,1,12560.00
2026-02-02T15:12:00.000Z,2026-02-02T15:14:00.000Z,SELL,0.01,1,1,10.00,1,12570.00
2026-02-02T15:14:00.000Z,2026-02-02T15:16:00.000Z,SELL,0.01,1,1,10.00,1,12580.00
2026-02-02T15:16:00.000Z,2026-02-02T15:18:00.000Z,SELL,0.01,1,1,10.00,1,12590.00
2026-02-02T15:18:00.000Z,2026-02-02T15:20:00.000Z,SELL,0.01,1,1,10.00,1,12600.00
2026-02-02T15:20:00.000Z,2026-02-02T15:20:00.000Z,SELL,0.01,1,1,10.00,1,12610.00
2026-02-02T15:20:00.000Z,2026-02-02T15:31:00.000Z,SELL,0.01,3,1,10.00,3,12620.00
2026-02-02T15:31:00.000Z,2026-02-02T15:32:00.000Z,SELL,0.01,1,1,10.00,1,12630.00
2026-02-02T15:32:00.000Z,2026-02-02T15:33:00.000Z,SELL,0.01,1,1,10.00,1,12640.00
2026-02-02T15:33:00.000Z,2026-02-02T15:36:00.000Z,SELL,0.01,1,1,10.00,1,12650.00
2026-02-02T15:36:00.000Z,2026-02-02T15:38:00.000Z,SELL,0.01,1,1,10.00,1,12660.00
2026-02-02T15:38:00.000Z,2026-02-02T15:41:00.000Z,SELL,0.01,1,1,10.00,1,12670.00
2026-02-02T15:41:00.000Z,2026-02-02T15:45:00.000Z,SELL,0.01,2,1,10.00,2,12680.00
2026-02-02T15:45:00.000Z,2026-02-02T15:45:00.000Z,SELL,0.01,1,1,10.00,1,12690.00
2026-02-02T15:45:00.000Z,2026-02-02T15:45:00.000Z,SELL,0.01,1,1,10.00,1,12700.00
2026-02-02T15:45:00.000Z,2026-02-02T15:53:00.000Z,SELL,0.01,2,1,10.00,2,12710.00
2026-02-02T15:53:00.000Z,2026-02-02T15:53:00.000Z,SELL,0.01,1,1,10.00,1,12720.00
2026-02-02T15:53:00.000Z,2026-02-02T16:13:00.000Z,SELL,0.01,4,1,10.00,4,12730.00
2026-02-02T16:13:00.000Z,2026-02-02T16:15:00.000Z,SELL,0.01,1,1,10.00,1,12740.00
2026-02-02T16:15:00.000Z,2026-02-02T16:19:00.000Z,SELL,0.01,1,1,10.00,1,12750.00
2026-02-02T16:19:00.000Z,2026-02-02T16:19:00.000Z,SELL,0.01,1,1,10.00,1,12760.00
2026-02-02T16:19:00.000Z,2026-02-02T16:20:00.000Z,SELL,0.01,1,1,10.00,1,12770.00
2026-02-02T16:20:00.000Z,2026-02-02T16:23:00.000Z,SELL,0.01,1,1,10.00,1,12780.00
2026-02-02T16:23:00.000Z,2026-02-02T16:27:00.000Z,SELL,0.01,2,1,10.00,2,12790.00
2026-02-02T16:27:00.000Z,2026-02-02T16:27:00.000Z,SELL,0.01,1,1,10.00,1,12800.00
2026-02-02T16:27:00.000Z,2026-02-02T16:32:00.000Z,SELL,0.01,2,1,10.00,2,12810.00
2026-02-02T16:32:00.000Z,2026-02-02T16:32:00.000Z,SELL,0.01,1,1,10.00,1,12820.00
2026-02-02T16:32:00.000Z,2026-02-02T16:34:00.000Z,SELL,0.01,2,1,10.00,2,12830.00
2026-02-02T16:34:00.000Z,2026-02-02T16:38:00.000Z,SELL,0.01,2,1,10.00,2,12840.00
2026-02-02T16:38:00.000Z,2026-02-02T16:42:00.000Z,SELL,0.01,1,1,10.00,1,12850.00
2026-02-02T16:42:00.000Z,2026-02-02T16:43:00.000Z,SELL,0.01,1,1,10.00,1,12860.00
2026-02-02T16:43:00.000Z,2026-02-02T16:45:00.000Z,SELL,0.01,1,1,10.00,1,12870.00
2026-02-02T16:45:00.000Z,2026-02-02T16:45:00.000Z,SELL,0.01,1,1,10.00,1,12880.00
2026-02-02T16:45:00.000Z,2026-02-02T16:49:00.000Z,SELL,0.01,3,1,10.00,3,12890.00
2026-02-02T16:49:00.000Z,2026-02-02T16:54:00.000Z,SELL,0.01,1,1,10.00,1,12900.00
2026-02-02T16:54:00.000Z,2026-02-02T16:55:00.000Z,SELL,0.01,1,1,10.00,1,12910.00
2026-02-02T16:55:00.000Z,2026-02-02T16:57:00.000Z,SELL,0.01,1,1,10.00,1,12920.00
2026-02-02T16:57:00.000Z,2026-02-02T16:58:00.000Z,SELL,0.01,2,1,10.00,2,12930.00
2026-02-02T16:58:00.000Z,2026-02-02T16:58:00.000Z,SELL,0.01,1,1,10.00,1,12940.00
2026-02-02T16:58:00.000Z,2026-02-02T16:58:00.000Z,SELL,0.01,1,1,10.00,1,12950.00
2026-02-02T16:58:00.000Z,2026-02-02T17:01:00.000Z,SELL,0.01,1,1,10.00,1,12960.00
2026-02-02T17:01:00.000Z,2026-02-02T17:04:00.000Z,SELL,0.01,2,1,10.00,2,12970.00
2026-02-02T17:04:00.000Z,2026-02-02T17:07:00.000Z,SELL,0.01,1,1,10.00,1,12980.00
2026-02-02T17:07:00.000Z,2026-02-02T17:12:00.000Z,SELL,0.01,1,1,10.00,1,12990.00
2026-02-02T17:12:00.000Z,2026-02-02T17:13:00.000Z,SELL,0.01,1,1,10.00,1,13000.00
2026-02-02T17:13:00.000Z,2026-02-02T17:24:00.000Z,SELL,0.01,3,1,10.00,3,13010.00
2026-02-02T17:24:00.000Z,2026-02-02T17:28:00.000Z,SELL,0.01,3,1,10.00,3,13020.00
2026-02-02T17:28:00.000Z,2026-02-02T17:30:00.000Z,SELL,0.01,1,1,10.00,1,13030.00
2026-02-02T17:30:00.000Z,2026-02-02T17:30:00.000Z,SELL,0.01,1,1,10.00,1,13040.00
2026-02-02T17:30:00.000Z,2026-02-02T17:35:00.000Z,SELL,0.01,4,1,10.00,4,13050.00
2026-02-02T17:35:00.000Z,2026-02-02T17:35:00.000Z,SELL,0.01,1,1,10.00,1,13060.00
2026-02-02T17:35:00.000Z,2026-02-02T17:45:00.000Z,SELL,0.01,3,1,10.00,3,13070.00
2026-02-02T17:45:00.000Z,2026-02-02T17:45:00.000Z,SELL,0.01,1,1,10.00,1,13080.00
2026-02-02T17:45:00.000Z,2026-02-02T17:53:00.000Z,SELL,0.01,3,1,10.00,3,13090.00
2026-02-02T17:53:00.000Z,2026-02-02T17:53:00.000Z,SELL,0.01,1,1,10.00,1,13100.00
2026-02-02T17:53:00.000Z,2026-02-02T17:57:00.000Z,SELL,0.01,1,1,10.00,1,13110.00
2026-02-02T17:57:00.000Z,2026-02-02T18:00:00.000Z,SELL,0.01,1,1,10.00,1,13120.00
2026-02-02T18:00:00.000Z,2026-02-02T18:01:00.000Z,SELL,0.01,1,1,10.00,1,13130.00
2026-02-02T18:01:00.000Z,2026-02-02T18:03:00.000Z,SELL,0.01,2,1,10.00,2,13140.00
2026-02-02T18:03:00.000Z,2026-02-02T18:03:00.000Z,SELL,0.01,1,1,10.00,1,13150.00
2026-02-02T18:03:00.000Z,2026-02-02T18:06:00.000Z,SELL,0.01,2,1,10.00,2,13160.00
2026-02-02T18:06:00.000Z,2026-02-02T18:11:00.000Z,SELL,0.01,2,1,10.00,2,13170.00
2026-02-02T18:11:00.000Z,2026-02-02T18:17:00.000Z,SELL,0.01,1,1,10.00,1,13180.00
2026-02-02T18:17:00.000Z,2026-02-02T18:21:00.000Z,SELL,0.01,2,1,10.00,2,13190.00
2026-02-02T18:21:00.000Z,2026-02-02T18:22:00.000Z,SELL,0.01,1,1,10.00,1,13200.00
2026-02-02T18:22:00.000Z,2026-02-02T18:25:00.000Z,SELL,0.01,1,1,10.00,1,13210.00
2026-02-02T18:25:00.000Z,2026-02-02T18:27:00.000Z,SELL,0.01,1,1,10.00,1,13220.00
2026-02-02T18:27:00.000Z,2026-02-02T18:29:00.000Z,SELL,0.01,1,1,10.00,1,13230.00
2026-02-02T18:29:00.000Z,2026-02-02T18:32:00.000Z,SELL,0.01,1,1,10.00,1,13240.00
2026-02-02T18:32:00.000Z,2026-02-02T18:40:00.000Z,SELL,0.01,2,1,10.00,2,13250.00
2026-02-02T18:40:00.000Z,2026-02-02T18:44:00.000Z,SELL,0.01,1,1,10.00,1,13260.00
2026-02-02T18:44:00.000Z,2026-02-02T18:45:00.000Z,SELL,0.01,1,1,10.00,1,13270.00
2026-02-02T18:45:00.000Z,2026-02-02T18:49:00.000Z,SELL,0.01,1,1,10.00,1,13280.00
2026-02-02T18:49:00.000Z,2026-02-02T19:06:00.000Z,SELL,0.01,2,1,10.00,2,13290.00
2026-02-02T19:06:00.000Z,2026-02-02T19:09:00.000Z,SELL,0.01,2,1,10.00,2,13300.00
2026-02-02T19:09:00.000Z,2026-02-02T19:10:00.000Z,SELL,0.01,1,1,10.00,1,13310.00
2026-02-02T19:10:00.000Z,2026-02-02T19:16:00.000Z,SELL,0.01,1,1,10.00,1,13320.00
2026-02-02T19:16:00.000Z,2026-02-02T19:17:00.000Z,SELL,0.01,1,1,10.00,1,13330.00
2026-02-02T19:17:00.000Z,2026-02-02T19:20:00.000Z,SELL,0.01,1,1,10.00,1,13340.00
2026-02-02T19:20:00.000Z,2026-02-02T19:28:00.000Z,SELL,0.01,1,1,10.00,1,13350.00
2026-02-02T19:28:00.000Z,2026-02-02T20:01:00.000Z,SELL,0.01,5,1,10.00,5,13360.00
2026-02-02T20:01:00.000Z,2026-02-02T20:14:00.000Z,SELL,0.01,3,1,10.00,3,13370.00
2026-02-02T20:14:00.000Z,2026-02-02T20:16:00.000Z,SELL,0.01,1,1,10.00,1,13380.00
2026-02-02T20:16:00.000Z,2026-02-02T20:19:00.000Z,SELL,0.01,1,1,10.00,1,13390.00
2026-02-02T20:19:00.000Z,2026-02-02T20:31:00.000Z,SELL,0.01,2,1,10.00,2,13400.00
2026-02-02T20:31:00.000Z,2026-02-02T20:33:00.000Z,SELL,0.01,1,1,10.00,1,13410.00
2026-02-02T20:33:00.000Z,2026-02-02T20:37:00.000Z,SELL,0.01,2,1,10.00,2,13420.00
2026-02-02T20:37:00.000Z,2026-02-02T20:38:00.000Z,SELL,0.01,1,1,10.00,1,13430.00
2026-02-02T20:38:00.000Z,2026-02-02T20:45:00.000Z,SELL,0.01,1,1,10.00,1,13440.00
2026-02-02T20:45:00.000Z,2026-02-02T21:09:00.000Z,SELL,0.01,3,1,10.00,3,13450.00
2026-02-02T21:09:00.000Z,2026-02-02T21:40:00.000Z,SELL,0.01,4,1,10.00,4,13460.00
2026-02-02T21:40:00.000Z,2026-02-02T21:45:00.000Z,SELL,0.01,2,1,10.00,2,13470.00
2026-02-02T21:45:00.000Z,2026-02-02T21:54:00.000Z,SELL,0.01,1,1,10.00,1,13480.00
2026-02-02T21:54:00.000Z,2026-02-02T21:56:00.000Z,SELL,0.01,1,1,10.00,1,13490.00
2026-02-02T21:56:00.000Z,2026-02-02T22:07:00.000Z,SELL,0.01,1,1,10.00,1,13500.00
2026-02-02T22:07:00.000Z,2026-02-02T22:11:00.000Z,SELL,0.01,2,1,10.00,2,13510.00
2026-02-02T22:11:00.000Z,2026-02-02T22:11:00.000Z,SELL,0.01,1,1,10.00,1,13520.00
2026-02-02T22:11:00.000Z,2026-02-02T22:19:00.000Z,SELL,0.01,1,1,10.00,1,13530.00
2026-02-02T22:19:00.000Z,2026-02-02T22:21:00.000Z,SELL,0.01,1,1,10.00,1,13540.00
2026-02-02T22:21:00.000Z,2026-02-02T22:21:00.000Z,SELL,0.01,1,1,10.00,1,13550.00
2026-02-02T22:21:00.000Z,2026-02-02T22:43:00.000Z,SELL,0.01,2,1,10.00,2,13560.00
2026-02-02T22:43:00.000Z,2026-02-02T22:45:00.000Z,SELL,0.01,1,1,10.00,1,13570.00
2026-02-02T22:45:00.000Z,2026-02-02T22:47:00.000Z,SELL,0.01,1,1,10.00,1,13580.00
2026-02-02T22:47:00.000Z,2026-02-02T22:58:00.000Z,SELL,0.01,1,1,10.00,1,13590.00
2026-02-02T22:58:00.000Z,2026-02-02T23:01:00.000Z,SELL,0.01,1,1,10.00,1,13600.00
2026-02-02T23:01:00.000Z,2026-02-02T23:15:00.000Z,SELL,0.01,2,1,10.00,2,13610.00
2026-02-02T23:15:00.000Z,2026-02-02T23:20:00.000Z,SELL,0.01,1,1,10.00,1,13620.00
2026-02-02T23:20:00.000Z,2026-02-02T23:50:00.000Z,SELL,0.01,3,1,10.00,3,13630.00
2026-02-02T23:50:00.000Z,2026-02-03T01:00:00.000Z,SELL,0.01,2,1,10.00,2,13640.00
2026-02-03T01:00:00.000Z,2026-02-03T01:00:00.000Z,SELL,0.01,1,1,10.00,1,13650.00
2026-02-03T01:00:00.000Z,2026-02-03T01:00:00.000Z,SELL,0.01,1,1,10.00,1,13660.00
2026-02-03T01:00:00.000Z,2026-02-03T01:02:00.000Z,SELL,0.01,2,1,10.00,2,13670.00
2026-02-03T01:02:00.000Z,2026-02-03T01:17:00.000Z,SELL,0.01,2,1,10.00,2,13680.00
2026-02-03T01:17:00.000Z,2026-02-03T01:24:00.000Z,SELL,0.01,2,1,10.00,2,13690.00
2026-02-03T01:24:00.000Z,2026-02-03T01:27:00.000Z,SELL,0.01,1,1,10.00,1,13700.00
2026-02-03T01:27:00.000Z,2026-02-03T01:30:00.000Z,SELL,0.01,1,1,10.00,1,13710.00
2026-02-03T01:30:00.000Z,2026-02-03T01:31:00.000Z,SELL,0.01,1,1,10.00,1,13720.00
2026-02-03T01:31:00.000Z,2026-02-03T01:50:00.000Z,SELL,0.01,2,1,10.00,2,13730.00
2026-02-03T01:50:00.000Z,2026-02-03T02:03:00.000Z,SELL,0.01,2,1,10.00,2,13740.00
2026-02-03T02:03:00.000Z,2026-02-03T02:07:00.000Z,SELL,0.01,1,1,10.00,1,13750.00
2026-02-03T02:07:00.000Z,2026-02-03T02:19:00.000Z,SELL,0.01,2,1,10.00,2,13760.00
2026-02-03T02:19:00.000Z,2026-02-03T02:55:00.000Z,SELL,0.01,5,1,10.00,5,13770.00
2026-02-03T02:55:00.000Z,2026-02-03T02:56:00.000Z,SELL,0.01,1,1,10.00,1,13780.00
2026-02-03T02:56:00.000Z,2026-02-03T02:59:00.000Z,SELL,0.01,1,1,10.00,1,13790.00
2026-02-03T02:59:00.000Z,2026-02-03T03:02:00.000Z,SELL,0.01,4,1,10.00,4,13800.00
2026-02-03T03:02:00.000Z,2026-02-03T03:02:00.000Z,SELL,0.01,1,1,10.00,1,13810.00
2026-02-03T03:02:00.000Z,2026-02-03T03:02:00.000Z,SELL,0.01,1,1,10.00,1,13820.00
2026-02-03T03:02:00.000Z,2026-02-03T03:04:00.000Z,SELL,0.01,2,1,10.00,2,13830.00
2026-02-03T03:04:00.000Z,2026-02-03T03:04:00.000Z,SELL,0.01,1,1,10.00,1,13840.00
2026-02-03T03:04:00.000Z,2026-02-03T03:06:00.000Z,SELL,0.01,1,1,10.00,1,13850.00
2026-02-03T03:06:00.000Z,2026-02-03T03:13:00.000Z,SELL,0.01,2,1,10.00,2,13860.00
2026-02-03T03:13:00.000Z,2026-02-03T03:28:00.000Z,SELL,0.01,4,1,10.00,4,13870.00
2026-02-03T03:28:00.000Z,2026-02-03T03:28:00.000Z,SELL,0.01,1,1,10.00,1,13880.00
2026-02-03T03:28:00.000Z,2026-02-03T03:38:00.000Z,SELL,0.01,1,1,10.00,1,13890.00
2026-02-03T03:38:00.000Z,2026-02-03T03:50:00.000Z,SELL,0.01,1,1,10.00,1,13900.00
2026-02-03T03:50:00.000Z,2026-02-03T04:04:00.000Z,SELL,0.01,3,1,10.00,3,13910.00
2026-02-03T04:04:00.000Z,2026-02-03T04:10:00.000Z,SELL,0.01,1,1,10.00,1,13920.00
2026-02-03T04:10:00.000Z,2026-02-03T04:13:00.000Z,SELL,0.01,1,1,10.00,1,13930.00
2026-02-03T04:13:00.000Z,2026-02-03T04:18:00.000Z,SELL,0.01,1,1,10.00,1,13940.00
2026-02-03T04:18:00.000Z,2026-02-03T04:18:00.000Z,SELL,0.01,1,1,10.00,1,13950.00
2026-02-03T04:18:00.000Z,2026-02-03T04:26:00.000Z,SELL,0.01,3,1,10.00,3,13960.00
2026-02-03T04:26:00.000Z,2026-02-03T04:45:00.000Z,SELL,0.01,3,1,10.00,3,13970.00
2026-02-03T04:45:00.000Z,2026-02-03T04:59:00.000Z,SELL,0.01,2,1,10.00,2,13980.00
2026-02-03T04:59:00.000Z,2026-02-03T05:10:00.000Z,SELL,0.01,1,1,10.00,1,13990.00
2026-02-03T05:10:00.000Z,2026-02-03T05:31:00.000Z,BUY,0.01,1,1,10.00,1,14000.00
2026-02-03T05:31:00.000Z,2026-02-03T05:36:00.000Z,BUY,0.01,1,1,10.00,1,14010.00
2026-02-03T05:36:00.000Z,2026-02-03T05:38:00.000Z,BUY,0.01,1,1,10.00,1,14020.00
2026-02-03T05:38:00.000Z,2026-02-03T05:59:00.000Z,BUY,0.01,1,1,10.00,1,14030.00
2026-02-03T05:59:00.000Z,2026-02-03T06:05:00.000Z,BUY,0.01,1,1,10.00,1,14040.00
2026-02-03T06:05:00.000Z,2026-02-03T07:28:00.000Z,BUY,0.01,3,1,10.00,3,14050.00
2026-02-03T07:28:00.000Z,2026-02-03T08:14:00.000Z,BUY,0.01,1,1,10.00,1,14060.00
2026-02-03T08:14:00.000Z,2026-02-03T08:17:00.000Z,BUY,0.01,1,1,10.00,1,14070.00
2026-02-03T08:17:00.000Z,2026-02-03T08:25:00.000Z,BUY,0.01,1,1,10.00,1,14080.00
2026-02-03T08:25:00.000Z,2026-02-03T08:28:00.000Z,BUY,0.01,1,1,10.00,1,14090.00
2026-02-03T08:28:00.000Z,2026-02-03T08:40:00.000Z,BUY,0.01,1,1,10.00,1,14100.00
2026-02-03T08:40:00.000Z,2026-02-03T09:25:00.000Z,BUY,0.01,1,1,10.00,1,14110.00
2026-02-03T09:25:00.000Z,2026-02-03T09:31:00.000Z,BUY,0.01,1,1,10.00,1,14120.00
2026-02-03T09:31:00.000Z,2026-02-03T09:32:00.000Z,BUY,0.01,1,1,10.00,1,14130.00
2026-02-03T09:32:00.000Z,2026-02-03T09:36:00.000Z,BUY,0.01,1,1,10.00,1,14140.00
2026-02-03T09:36:00.000Z,2026-02-03T10:15:00.000Z,BUY,0.01,3,1,10.00,3,14150.00
2026-02-03T10:15:00.000Z,2026-02-03T10:42:00.000Z,BUY,0.01,1,1,10.00,1,14160.00
2026-02-03T10:42:00.000Z,2026-02-03T10:59:00.000Z,BUY,0.01,2,1,10.00,2,14170.00
2026-02-03T10:59:00.000Z,2026-02-03T11:30:00.000Z,BUY,0.01,2,1,10.00,2,14180.00
2026-02-03T11:30:00.000Z,2026-02-03T11:31:00.000Z,BUY,0.01,1,1,10.00,1,14190.00
2026-02-03T11:31:00.000Z,2026-02-03T11:36:00.000Z,BUY,0.01,1,1,10.00,1,14200.00
2026-02-03T11:36:00.000Z,2026-02-03T11:40:00.000Z,BUY,0.01,1,1,10.00,1,14210.00
2026-02-03T11:40:00.000Z,2026-02-03T12:11:00.000Z,BUY,0.01,1,1,10.00,1,14220.00
2026-02-03T12:11:00.000Z,2026-02-03T13:01:00.000Z,BUY,0.01,2,1,10.00,2,14230.00
2026-02-03T13:01:00.000Z,2026-02-03T13:05:00.000Z,BUY,0.01,1,1,10.00,1,14240.00
2026-02-03T13:05:00.000Z,2026-02-03T13:33:00.000Z,BUY,0.01,3,1,10.00,3,14250.00
2026-02-03T13:33:00.000Z,2026-02-03T14:01:00.000Z,BUY,0.01,1,1,10.00,1,14260.00
2026-02-03T14:01:00.000Z,2026-02-03T14:25:00.000Z,BUY,0.01,2,1,10.00,2,14270.00
2026-02-03T14:25:00.000Z,2026-02-03T14:31:00.000Z,BUY,0.01,1,1,10.00,1,14280.00
2026-02-03T14:31:00.000Z,2026-02-03T14:34:00.000Z,BUY,0.01,1,1,10.00,1,14290.00
2026-02-03T14:34:00.000Z,2026-02-03T15:05:00.000Z,BUY,0.01,1,1,10.00,1,14300.00
2026-02-03T15:05:00.000Z,2026-02-03T15:29:00.000Z,BUY,0.01,1,1,10.00,1,14310.00
2026-02-03T15:29:00.000Z,2026-02-03T15:46:00.000Z,BUY,0.01,1,1,10.00,1,14320.00
2026-02-03T15:46:00.000Z,2026-02-03T16:00:00.000Z,BUY,0.01,2,1,10.00,2,14330.00
2026-02-03T16:00:00.000Z,2026-02-03T16:00:00.000Z,BUY,0.01,1,1,10.00,1,14340.00
2026-02-03T16:00:00.000Z,2026-02-03T16:17:00.000Z,BUY,0.01,2,1,10.00,2,14350.00
2026-02-03T16:17:00.000Z,2026-02-03T16:17:00.000Z,BUY,0.01,1,1,10.00,1,14360.00
2026-02-03T16:17:00.000Z,2026-02-03T16:27:00.000Z,BUY,0.01,1,1,10.00,1,14370.00
2026-02-03T16:27:00.000Z,2026-02-03T16:53:00.000Z,BUY,0.01,3,1,10.00,3,14380.00
2026-02-03T16:53:00.000Z,2026-02-03T17:10:00.000Z,BUY,0.01,3,1,10.00,3,14390.00
2026-02-03T17:10:00.000Z,2026-02-03T17:25:00.000Z,BUY,0.01,2,1,10.00,2,14400.00
2026-02-03T17:25:00.000Z,2026-02-03T17:27:00.000Z,BUY,0.01,1,1,10.00,1,14410.00
2026-02-03T17:27:00.000Z,2026-02-03T17:50:00.000Z,BUY,0.01,1,1,10.00,1,14420.00
2026-02-03T17:50:00.000Z,2026-02-03T18:01:00.000Z,BUY,0.01,1,1,10.00,1,14430.00
2026-02-03T18:01:00.000Z,2026-02-03T18:16:00.000Z,BUY,0.01,1,1,10.00,1,14440.00
2026-02-03T18:16:00.000Z,2026-02-03T18:16:00.000Z,BUY,0.01,1,1,10.00,1,14450.00
2026-02-03T18:16:00.000Z,2026-02-03T18:17:00.000Z,BUY,0.01,1,1,10.00,1,14460.00
2026-02-03T18:17:00.000Z,2026-02-03T18:35:00.000Z,BUY,0.01,1,1,10.00,1,14470.00
2026-02-03T18:35:00.000Z,2026-02-03T18:38:00.000Z,BUY,0.01,1,1,10.00,1,14480.00
2026-02-03T18:38:00.000Z,2026-02-03T18:51:00.000Z,BUY,0.01,2,1,10.00,2,14490.00
2026-02-03T18:51:00.000Z,2026-02-03T19:11:00.000Z,BUY,0.01,2,1,10.00,2,14500.00
2026-02-03T19:11:00.000Z,2026-02-03T19:13:00.000Z,BUY,0.01,1,1,10.00,1,14510.00
2026-02-03T19:13:00.000Z,2026-02-03T19:16:00.000Z,BUY,0.01,1,1,10.00,1,14520.00
2026-02-03T19:16:00.000Z,2026-02-03T19:18:00.000Z,BUY,0.01,1,1,10.00,1,14530.00
2026-02-03T19:18:00.000Z,2026-02-03T19:41:00.000Z,BUY,0.01,2,1,10.00,2,14540.00
2026-02-03T19:41:00.000Z,2026-02-03T19:51:00.000Z,BUY,0.01,3,1,10.00,3,14550.00
2026-02-03T19:51:00.000Z,2026-02-03T20:12:00.000Z,BUY,0.01,1,1,10.00,1,14560.00
2026-02-03T20:12:00.000Z,2026-02-03T20:24:00.000Z,BUY,0.01,2,1,10.00,2,14570.00
2026-02-03T20:24:00.000Z,2026-02-03T20:24:00.000Z,BUY,0.01,1,1,10.00,1,14580.00
2026-02-03T20:24:00.000Z,2026-02-03T20:32:00.000Z,BUY,0.01,2,1,10.00,2,14590.00
2026-02-03T20:32:00.000Z,2026-02-03T20:32:00.000Z,BUY,0.01,1,1,10.00,1,14600.00
2026-02-03T20:32:00.000Z,2026-02-03T21:03:00.000Z,BUY,0.01,5,0,-2420.00,5,12180.00
2026-02-03T21:03:00.000Z,2026-02-03T21:12:00.000Z,BUY,0.01,1,1,10.00,1,12190.00
2026-02-03T21:12:00.000Z,2026-02-03T21:14:00.000Z,BUY,0.01,1,1,10.00,1,12200.00
2026-02-03T21:14:00.000Z,2026-02-03T21:18:00.000Z,BUY,0.01,1,1,10.00,1,12210.00
2026-02-03T21:18:00.000Z,2026-02-03T21:35:00.000Z,BUY,0.01,1,1,10.00,1,12220.00
2026-02-03T21:35:00.000Z,2026-02-03T21:41:00.000Z,BUY,0.01,1,1,10.00,1,12230.00
2026-02-03T21:41:00.000Z,2026-02-03T22:01:00.000Z,BUY,0.01,2,1,10.00,2,12240.00
2026-02-03T22:01:00.000Z,2026-02-03T22:16:00.000Z,BUY,0.01,1,1,10.00,1,12250.00
2026-02-03T22:16:00.000Z,2026-02-03T22:20:00.000Z,BUY,0.01,1,1,10.00,1,12260.00
2026-02-03T22:20:00.000Z,2026-02-03T22:31:00.000Z,BUY,0.01,1,1,10.00,1,12270.00
2026-02-03T22:31:00.000Z,2026-02-03T22:34:00.000Z,BUY,0.01,1,1,10.00,1,12280.00
2026-02-03T22:34:00.000Z,2026-02-04T01:00:00.000Z,BUY,0.01,5,1,10.00,5,12290.00
2026-02-04T01:00:00.000Z,2026-02-04T01:07:00.000Z,BUY,0.01,2,1,10.00,2,12300.00
2026-02-04T01:07:00.000Z,2026-02-04T01:07:00.000Z,BUY,0.01,3,1,10.00,3,12310.00
2026-02-04T01:07:00.000Z,2026-02-04T01:07:00.000Z,BUY,0.01,2,1,10.00,2,12320.00
2026-02-04T01:07:00.000Z,2026-02-04T01:09:00.000Z,BUY,0.01,1,1,10.00,1,12330.00
2026-02-04T01:09:00.000Z,2026-02-04T01:15:00.000Z,BUY,0.01,1,1,10.00,1,12340.00
2026-02-04T01:15:00.000Z,2026-02-04T01:41:00.000Z,BUY,0.01,1,1,10.00,1,12350.00
2026-02-04T01:41:00.000Z,2026-02-04T02:02:00.000Z,BUY,0.01,1,1,10.00,1,12360.00
2026-02-04T02:02:00.000Z,2026-02-04T02:09:00.000Z,BUY,0.01,1,1,10.00,1,12370.00
2026-02-04T02:09:00.000Z,2026-02-04T02:13:00.000Z,BUY,0.01,1,1,10.00,1,12380.00
2026-02-04T02:13:00.000Z,2026-02-04T02:14:00.000Z,BUY,0.01,1,1,10.00,1,12390.00
2026-02-04T02:14:00.000Z,2026-02-04T02:21:00.000Z,BUY,0.01,1,1,10.00,1,12400.00
2026-02-04T02:21:00.000Z,2026-02-04T02:55:00.000Z,BUY,0.01,3,1,10.00,3,12410.00
2026-02-04T02:55:00.000Z,2026-02-04T03:06:00.000Z,BUY,0.01,3,1,10.00,3,12420.00
2026-02-04T03:06:00.000Z,2026-02-04T03:06:00.000Z,BUY,0.01,1,1,10.00,1,12430.00
2026-02-04T03:06:00.000Z,2026-02-04T03:09:00.000Z,BUY,0.01,1,1,10.00,1,12440.00
2026-02-04T03:09:00.000Z,2026-02-04T03:12:00.000Z,BUY,0.01,1,1,10.00,1,12450.00
2026-02-04T03:12:00.000Z,2026-02-04T03:37:00.000Z,BUY,0.01,2,1,10.00,2,12460.00
2026-02-04T03:37:00.000Z,2026-02-04T03:37:00.000Z,BUY,0.01,1,1,10.00,1,12470.00
2026-02-04T03:37:00.000Z,2026-02-04T03:46:00.000Z,BUY,0.01,1,1,10.00,1,12480.00
2026-02-04T03:46:00.000Z,2026-02-04T03:50:00.000Z,BUY,0.01,1,1,10.00,1,12490.00
2026-02-04T03:50:00.000Z,2026-02-04T04:02:00.000Z,BUY,0.01,1,1,10.00,1,12500.00
2026-02-04T04:02:00.000Z,2026-02-04T05:38:00.000Z,BUY,0.01,5,1,10.00,5,12510.00
2026-02-04T05:38:00.000Z,2026-02-04T06:57:00.000Z,BUY,0.01,1,1,10.00,1,12520.00
2026-02-04T06:57:00.000Z,2026-02-04T09:54:00.000Z,BUY,0.01,3,1,10.00,3,12530.00
2026-02-04T09:54:00.000Z,2026-02-04T11:16:00.000Z,BUY,0.01,2,1,10.00,2,12540.00
2026-02-04T11:16:00.000Z,2026-02-04T13:16:00.000Z,BUY,0.01,2,1,10.00,2,12550.00
2026-02-04T13:16:00.000Z,2026-02-04T13:51:00.000Z,BUY,0.01,1,1,10.00,1,12560.00
2026-02-04T13:51:00.000Z,2026-02-04T14:01:00.000Z,BUY,0.01,1,1,10.00,1,12570.00
2026-02-04T14:01:00.000Z,2026-02-04T14:33:00.000Z,BUY,0.01,1,1,10.00,1,12580.00
2026-02-04T14:33:00.000Z,2026-02-04T15:00:00.000Z,BUY,0.01,2,1,10.00,2,12590.00
2026-02-04T15:00:00.000Z,2026-02-04T15:00:00.000Z,BUY,0.01,1,1,10.00,1,12600.00
2026-02-04T15:00:00.000Z,2026-02-04T15:26:00.000Z,BUY,0.01,1,1,10.00,1,12610.00
2026-02-04T15:26:00.000Z,2026-02-04T15:54:00.000Z,BUY,0.01,1,1,10.00,1,12620.00
2026-02-04T15:54:00.000Z,2026-02-04T16:25:00.000Z,BUY,0.01,2,1,10.00,2,12630.00
2026-02-04T16:25:00.000Z,2026-02-04T16:37:00.000Z,BUY,0.01,2,1,10.00,2,12640.00
2026-02-04T16:37:00.000Z,2026-02-04T16:37:00.000Z,BUY,0.01,1,1,10.00,1,12650.00
2026-02-04T16:37:00.000Z,2026-02-04T16:38:00.000Z,BUY,0.01,2,1,10.00,2,12660.00
2026-02-04T16:38:00.000Z,2026-02-04T16:38:00.000Z,BUY,0.01,1,1,10.00,1,12670.00
2026-02-04T16:38:00.000Z,2026-02-04T16:46:00.000Z,BUY,0.01,5,0,-2420.00,5,10250.00
2026-02-04T16:46:00.000Z,2026-02-04T16:46:00.000Z,BUY,0.01,1,1,10.00,1,10260.00
2026-02-04T16:46:00.000Z,2026-02-04T16:49:00.000Z,BUY,0.01,1,1,10.00,1,10270.00
2026-02-04T16:49:00.000Z,2026-02-04T16:50:00.000Z,BUY,0.01,1,1,10.00,1,10280.00
2026-02-04T16:50:00.000Z,2026-02-04T16:54:00.000Z,BUY,0.01,1,1,10.00,1,10290.00
2026-02-04T16:54:00.000Z,2026-02-04T16:58:00.000Z,BUY,0.01,2,1,10.00,2,10300.00
2026-02-04T16:58:00.000Z,2026-02-04T16:58:00.000Z,BUY,0.01,1,1,10.00,1,10310.00
2026-02-04T16:58:00.000Z,2026-02-04T17:07:00.000Z,BUY,0.01,3,1,10.00,3,10320.00
2026-02-04T17:07:00.000Z,2026-02-04T17:15:00.000Z,BUY,0.01,2,1,10.00,2,10330.00
2026-02-04T17:15:00.000Z,2026-02-04T17:15:00.000Z,BUY,0.01,1,1,10.00,1,10340.00
2026-02-04T17:15:00.000Z,2026-02-04T17:22:00.000Z,BUY,0.01,2,1,10.00,2,10350.00
2026-02-04T17:22:00.000Z,2026-02-04T17:22:00.000Z,BUY,0.01,1,1,10.00,1,10360.00
2026-02-04T17:22:00.000Z,2026-02-04T17:22:00.000Z,BUY,0.01,1,1,10.00,1,10370.00
2026-02-04T17:22:00.000Z,2026-02-04T17:31:00.000Z,BUY,0.01,4,1,10.00,4,10380.00
2026-02-04T17:31:00.000Z,2026-02-04T17:34:00.000Z,BUY,0.01,2,1,10.00,2,10390.00
2026-02-04T17:34:00.000Z,2026-02-04T17:34:00.000Z,BUY,0.01,1,1,10.00,1,10400.00
2026-02-04T17:34:00.000Z,2026-02-04T17:36:00.000Z,BUY,0.01,2,1,10.00,2,10410.00
2026-02-04T17:36:00.000Z,2026-02-04T17:36:00.000Z,BUY,0.01,1,1,10.00,1,10420.00
2026-02-04T17:36:00.000Z,2026-02-04T17:38:00.000Z,BUY,0.01,1,1,10.00,1,10430.00
2026-02-04T17:38:00.000Z,2026-02-04T17:40:00.000Z,BUY,0.01,1,1,10.00,1,10440.00
2026-02-04T17:40:00.000Z,2026-02-04T17:42:00.000Z,BUY,0.01,3,1,10.00,3,10450.00
2026-02-04T17:42:00.000Z,2026-02-04T17:44:00.000Z,BUY,0.01,1,1,10.00,1,10460.00
2026-02-04T17:44:00.000Z,2026-02-04T17:59:00.000Z,BUY,0.01,2,1,10.00,2,10470.00
2026-02-04T17:59:00.000Z,2026-02-04T18:11:00.000Z,BUY,0.01,3,1,10.00,3,10480.00
2026-02-04T18:11:00.000Z,2026-02-04T18:12:00.000Z,BUY,0.01,1,1,10.00,1,10490.00
2026-02-04T18:12:00.000Z,2026-02-04T18:21:00.000Z,BUY,0.01,2,1,10.00,2,10500.00
2026-02-04T18:21:00.000Z,2026-02-04T18:27:00.000Z,BUY,0.01,1,1,10.00,1,10510.00
2026-02-04T18:27:00.000Z,2026-02-04T18:32:00.000Z,BUY,0.01,1,1,10.00,1,10520.00
2026-02-04T18:32:00.000Z,2026-02-04T18:42:00.000Z,BUY,0.01,2,1,10.00,2,10530.00
2026-02-04T18:42:00.000Z,2026-02-04T18:48:00.000Z,BUY,0.01,2,1,10.00,2,10540.00
2026-02-04T18:48:00.000Z,2026-02-04T18:48:00.000Z,BUY,0.01,1,1,10.00,1,10550.00
2026-02-04T18:48:00.000Z,2026-02-04T18:51:00.000Z,BUY,0.01,1,1,10.00,1,10560.00
2026-02-04T18:51:00.000Z,2026-02-04T18:53:00.000Z,BUY,0.01,1,1,10.00,1,10570.00
2026-02-04T18:53:00.000Z,2026-02-04T18:59:00.000Z,BUY,0.01,1,1,10.00,1,10580.00
2026-02-04T18:59:00.000Z,2026-02-04T19:12:00.000Z,BUY,0.01,1,1,10.00,1,10590.00
2026-02-04T19:12:00.000Z,2026-02-04T19:19:00.000Z,SELL,0.01,1,1,10.00,1,10600.00
2026-02-04T19:19:00.000Z,2026-02-04T19:25:00.000Z,SELL,0.01,1,1,10.00,1,10610.00
2026-02-04T19:25:00.000Z,2026-02-04T19:30:00.000Z,SELL,0.01,2,1,10.00,2,10620.00
2026-02-04T19:30:00.000Z,2026-02-04T19:30:00.000Z,SELL,0.01,1,1,10.00,1,10630.00
2026-02-04T19:30:00.000Z,2026-02-04T19:37:00.000Z,SELL,0.01,1,1,10.00,1,10640.00
2026-02-04T19:37:00.000Z,2026-02-04T19:46:00.000Z,SELL,0.01,1,1,10.00,1,10650.00
2026-02-04T19:46:00.000Z,2026-02-04T20:00:00.000Z,SELL,0.01,1,1,10.00,1,10660.00
2026-02-04T20:00:00.000Z,2026-02-04T20:00:00.000Z,SELL,0.01,1,1,10.00,1,10670.00
2026-02-04T20:00:00.000Z,2026-02-04T20:06:00.000Z,SELL,0.01,4,1,10.00,4,10680.00
2026-02-04T20:06:00.000Z,2026-02-04T20:21:00.000Z,SELL,0.01,1,1,10.00,1,10690.00
2026-02-04T20:21:00.000Z,2026-02-04T20:27:00.000Z,SELL,0.01,2,1,10.00,2,10700.00
2026-02-04T20:27:00.000Z,2026-02-04T20:38:00.000Z,SELL,0.01,1,1,10.00,1,10710.00
2026-02-04T20:38:00.000Z,2026-02-04T20:39:00.000Z,SELL,0.01,1,1,10.00,1,10720.00
2026-02-04T20:39:00.000Z,2026-02-04T21:08:00.000Z,SELL,0.01,2,1,10.00,2,10730.00
2026-02-04T21:08:00.000Z,2026-02-04T21:22:00.000Z,SELL,0.01,1,1,10.00,1,10740.00
2026-02-04T21:22:00.000Z,2026-02-04T21:53:00.000Z,SELL,0.01,2,1,10.00,2,10750.00
2026-02-04T21:53:00.000Z,2026-02-04T21:54:00.000Z,SELL,0.01,1,1,10.00,1,10760.00
2026-02-04T21:54:00.000Z,2026-02-04T21:55:00.000Z,SELL,0.01,1,1,10.00,1,10770.00
2026-02-04T21:55:00.000Z,2026-02-04T22:11:00.000Z,SELL,0.01,1,1,10.00,1,10780.00
2026-02-04T22:11:00.000Z,2026-02-04T22:30:00.000Z,SELL,0.01,1,1,10.00,1,10790.00
2026-02-04T22:30:00.000Z,2026-02-04T22:39:00.000Z,SELL,0.01,2,1,10.00,2,10800.00
2026-02-04T22:39:00.000Z,2026-02-04T22:59:00.000Z,SELL,0.01,1,1,10.00,1,10810.00
2026-02-04T22:59:00.000Z,2026-02-04T23:36:00.000Z,SELL,0.01,2,1,10.00,2,10820.00
2026-02-04T23:36:00.000Z,2026-02-05T01:02:00.000Z,SELL,0.01,2,1,10.00,2,10830.00
2026-02-05T01:02:00.000Z,2026-02-05T01:02:00.000Z,SELL,0.01,1,1,10.00,1,10840.00
2026-02-05T01:02:00.000Z,2026-02-05T01:17:00.000Z,SELL,0.01,2,1,10.00,2,10850.00
2026-02-05T01:17:00.000Z,2026-02-05T01:20:00.000Z,SELL,0.01,1,1,10.00,1,10860.00
2026-02-05T01:20:00.000Z,2026-02-05T03:01:00.000Z,SELL,0.01,1,1,10.00,1,10870.00
2026-02-05T03:01:00.000Z,2026-02-05T03:12:00.000Z,SELL,0.01,1,1,10.00,1,10880.00
2026-02-05T03:12:00.000Z,2026-02-05T03:13:00.000Z,SELL,0.01,1,1,10.00,1,10890.00
2026-02-05T03:13:00.000Z,2026-02-05T03:15:00.000Z,SELL,0.01,1,1,10.00,1,10900.00
2026-02-05T03:15:00.000Z,2026-02-05T03:15:00.000Z,SELL,0.01,1,1,10.00,1,10910.00
2026-02-05T03:15:00.000Z,2026-02-05T03:21:00.000Z,SELL,0.01,3,1,10.00,3,10920.00
2026-02-05T03:21:00.000Z,2026-02-05T03:35:00.000Z,SELL,0.01,2,1,10.00,2,10930.00
2026-02-05T03:35:00.000Z,2026-02-05T03:58:00.000Z,SELL,0.01,1,1,10.00,1,10940.00
2026-02-05T03:58:00.000Z,2026-02-05T04:00:00.000Z,SELL,0.01,1,1,10.00,1,10950.00
2026-02-05T04:00:00.000Z,2026-02-05T04:05:00.000Z,SELL,0.01,1,1,10.00,1,10960.00
2026-02-05T04:05:00.000Z,2026-02-05T04:11:00.000Z,SELL,0.01,1,1,10.00,1,10970.00
2026-02-05T04:11:00.000Z,2026-02-05T04:13:00.000Z,SELL,0.01,1,1,10.00,1,10980.00
2026-02-05T04:13:00.000Z,2026-02-05T04:14:00.000Z,SELL,0.01,1,1,10.00,1,10990.00
2026-02-05T04:14:00.000Z,2026-02-05T04:15:00.000Z,SELL,0.01,1,1,10.00,1,11000.00
2026-02-05T04:15:00.000Z,2026-02-05T04:23:00.000Z,SELL,0.01,4,1,10.00,4,11010.00
2026-02-05T04:23:00.000Z,2026-02-05T04:32:00.000Z,SELL,0.01,1,1,10.00,1,11020.00
2026-02-05T04:32:00.000Z,2026-02-05T04:39:00.000Z,SELL,0.01,1,1,10.00,1,11030.00
2026-02-05T04:39:00.000Z,2026-02-05T04:41:00.000Z,SELL,0.01,1,1,10.00,1,11040.00
2026-02-05T04:41:00.000Z,2026-02-05T04:45:00.000Z,SELL,0.01,1,1,10.00,1,11050.00
2026-02-05T04:45:00.000Z,2026-02-05T04:45:00.000Z,SELL,0.01,1,1,10.00,1,11060.00
2026-02-05T04:45:00.000Z,2026-02-05T04:47:00.000Z,SELL,0.01,1,1,10.00,1,11070.00
2026-02-05T04:47:00.000Z,2026-02-05T04:47:00.000Z,SELL,0.01,1,1,10.00,1,11080.00
2026-02-05T04:47:00.000Z,2026-02-05T04:47:00.000Z,SELL,0.01,1,1,10.00,1,11090.00
2026-02-05T04:47:00.000Z,2026-02-05T04:48:00.000Z,SELL,0.01,3,1,10.00,3,11100.00
2026-02-05T04:48:00.000Z,2026-02-05T04:51:00.000Z,SELL,0.01,3,1,10.00,3,11110.00
2026-02-05T04:51:00.000Z,2026-02-05T04:51:00.000Z,SELL,0.01,1,1,10.00,1,11120.00
2026-02-05T04:51:00.000Z,2026-02-05T04:52:00.000Z,SELL,0.01,3,1,10.00,3,11130.00
2026-02-05T04:52:00.000Z,2026-02-05T04:53:00.000Z,SELL,0.01,2,1,10.00,2,11140.00
2026-02-05T04:53:00.000Z,2026-02-05T04:53:00.000Z,SELL,0.01,1,1,10.00,1,11150.00
2026-02-05T04:53:00.000Z,2026-02-05T04:53:00.000Z,SELL,0.01,1,1,10.00,1,11160.00
2026-02-05T04:53:00.000Z,2026-02-05T04:54:00.000Z,SELL,0.01,2,1,10.00,2,11170.00
2026-02-05T04:54:00.000Z,2026-02-05T04:54:00.000Z,SELL,0.01,1,1,10.00,1,11180.00
2026-02-05T04:54:00.000Z,2026-02-05T04:58:00.000Z,SELL,0.01,1,1,10.00,1,11190.00
2026-02-05T04:58:00.000Z,2026-02-05T04:59:00.000Z,SELL,0.01,1,1,10.00,1,11200.00
2026-02-05T04:59:00.000Z,2026-02-05T05:00:00.000Z,SELL,0.01,1,1,10.00,1,11210.00
2026-02-05T05:00:00.000Z,2026-02-05T05:00:00.000Z,SELL,0.01,1,1,10.00,1,11220.00
2026-02-05T05:00:00.000Z,2026-02-05T05:03:00.000Z,SELL,0.01,2,1,10.00,2,11230.00
2026-02-05T05:03:00.000Z,2026-02-05T05:03:00.000Z,SELL,0.01,1,1,10.00,1,11240.00
2026-02-05T05:03:00.000Z,2026-02-05T05:06:00.000Z,SELL,0.01,2,1,10.00,2,11250.00
2026-02-05T05:06:00.000Z,2026-02-05T05:06:00.000Z,SELL,0.01,1,1,10.00,1,11260.00
2026-02-05T05:06:00.000Z,2026-02-05T05:20:00.000Z,SELL,0.01,4,1,10.00,4,11270.00
2026-02-05T05:20:00.000Z,2026-02-05T05:20:00.000Z,SELL,0.01,1,1,10.00,1,11280.00
2026-02-05T05:20:00.000Z,2026-02-05T05:21:00.000Z,SELL,0.01,2,1,10.00,2,11290.00
2026-02-05T05:21:00.000Z,2026-02-05T05:21:00.000Z,SELL,0.01,1,1,10.00,1,11300.00
2026-02-05T05:21:00.000Z,2026-02-05T05:27:00.000Z,SELL,0.01,1,1,10.00,1,11310.00
2026-02-05T05:27:00.000Z,2026-02-05T05:30:00.000Z,SELL,0.01,1,1,10.00,1,11320.00
2026-02-05T05:30:00.000Z,2026-02-05T05:36:00.000Z,SELL,0.01,1,1,10.00,1,11330.00
2026-02-05T05:36:00.000Z,2026-02-05T05:42:00.000Z,SELL,0.01,2,1,10.00,2,11340.00
2026-02-05T05:42:00.000Z,2026-02-05T05:44:00.000Z,SELL,0.01,1,1,10.00,1,11350.00
2026-02-05T05:44:00.000Z,2026-02-05T05:50:00.000Z,SELL,0.01,1,1,10.00,1,11360.00
2026-02-05T05:50:00.000Z,2026-02-05T05:56:00.000Z,SELL,0.01,2,1,10.00,2,11370.00
2026-02-05T05:56:00.000Z,2026-02-05T05:56:00.000Z,SELL,0.01,1,1,10.00,1,11380.00
2026-02-05T05:56:00.000Z,2026-02-05T06:11:00.000Z,SELL,0.01,1,1,10.00,1,11390.00
2026-02-05T06:11:00.000Z,2026-02-05T07:13:00.000Z,SELL,0.01,3,1,10.00,3,11400.00
2026-02-05T07:13:00.000Z,2026-02-05T07:22:00.000Z,SELL,0.01,1,1,10.00,1,11410.00
2026-02-05T07:22:00.000Z,2026-02-05T07:32:00.000Z,SELL,0.01,3,1,10.00,3,11420.00
2026-02-05T07:32:00.000Z,2026-02-05T07:41:00.000Z,SELL,0.01,2,1,10.00,2,11430.00
2026-02-05T07:41:00.000Z,2026-02-05T07:45:00.000Z,SELL,0.01,2,1,10.00,2,11440.00
2026-02-05T07:45:00.000Z,2026-02-05T08:01:00.000Z,SELL,0.01,1,1,10.00,1,11450.00
2026-02-05T08:01:00.000Z,2026-02-05T08:09:00.000Z,SELL,0.01,2,1,10.00,2,11460.00
2026-02-05T08:09:00.000Z,2026-02-05T08:15:00.000Z,SELL,0.01,1,1,10.00,1,11470.00
2026-02-05T08:15:00.000Z,2026-02-05T08:46:00.000Z,SELL,0.01,2,1,10.00,2,11480.00
2026-02-05T08:46:00.000Z,2026-02-05T08:47:00.000Z,SELL,0.01,1,1,10.00,1,11490.00
2026-02-05T08:47:00.000Z,2026-02-05T08:52:00.000Z,SELL,0.01,1,1,10.00,1,11500.00
2026-02-05T08:52:00.000Z,2026-02-05T08:55:00.000Z,SELL,0.01,1,1,10.00,1,11510.00
2026-02-05T08:55:00.000Z,2026-02-05T09:26:00.000Z,SELL,0.01,2,1,10.00,2,11520.00
2026-02-05T09:26:00.000Z,2026-02-05T09:33:00.000Z,SELL,0.01,1,1,10.00,1,11530.00
2026-02-05T09:33:00.000Z,2026-02-05T09:38:00.000Z,SELL,0.01,1,1,10.00,1,11540.00
2026-02-05T09:38:00.000Z,2026-02-05T09:41:00.000Z,SELL,0.01,1,1,10.00,1,11550.00
2026-02-05T09:41:00.000Z,2026-02-05T10:11:00.000Z,SELL,0.01,2,1,10.00,2,11560.00
2026-02-05T10:11:00.000Z,2026-02-05T10:26:00.000Z,SELL,0.01,1,1,10.00,1,11570.00
2026-02-05T10:26:00.000Z,2026-02-05T10:48:00.000Z,SELL,0.01,1,1,10.00,1,11580.00
2026-02-05T10:48:00.000Z,2026-02-05T11:01:00.000Z,SELL,0.01,1,1,10.00,1,11590.00
2026-02-05T11:01:00.000Z,2026-02-05T11:02:00.000Z,SELL,0.01,1,1,10.00,1,11600.00
2026-02-05T11:02:00.000Z,2026-02-05T11:05:00.000Z,SELL,0.01,1,1,10.00,1,11610.00
2026-02-05T11:05:00.000Z,2026-02-05T11:11:00.000Z,SELL,0.01,1,1,10.00,1,11620.00
2026-02-05T11:11:00.000Z,2026-02-05T11:20:00.000Z,SELL,0.01,1,1,10.00,1,11630.00
2026-02-05T11:20:00.000Z,2026-02-05T11:39:00.000Z,SELL,0.01,2,1,10.00,2,11640.00
2026-02-05T11:39:00.000Z,2026-02-05T11:41:00.000Z,SELL,0.01,1,1,10.00,1,11650.00
2026-02-05T11:41:00.000Z,2026-02-05T11:51:00.000Z,SELL,0.01,1,1,10.00,1,11660.00
2026-02-05T11:51:00.000Z,2026-02-05T11:55:00.000Z,SELL,0.01,1,1,10.00,1,11670.00
2026-02-05T11:55:00.000Z,2026-02-05T12:28:00.000Z,SELL,0.01,1,1,10.00,1,11680.00
2026-02-05T12:28:00.000Z,2026-02-05T12:43:00.000Z,SELL,0.01,2,1,10.00,2,11690.00
2026-02-05T12:43:00.000Z,2026-02-05T12:56:00.000Z,SELL,0.01,1,1,10.00,1,11700.00
2026-02-05T12:56:00.000Z,2026-02-05T14:06:00.000Z,SELL,0.01,3,1,10.00,3,11710.00
2026-02-05T14:06:00.000Z,2026-02-05T14:10:00.000Z,SELL,0.01,1,1,10.00,1,11720.00
2026-02-05T14:10:00.000Z,2026-02-05T14:11:00.000Z,SELL,0.01,1,1,10.00,1,11730.00
2026-02-05T14:11:00.000Z,2026-02-05T14:19:00.000Z,SELL,0.01,1,1,10.00,1,11740.00
2026-02-05T14:19:00.000Z,2026-02-05T14:25:00.000Z,SELL,0.01,1,1,10.00,1,11750.00
2026-02-05T14:25:00.000Z,2026-02-05T14:28:00.000Z,SELL,0.01,2,1,10.00,2,11760.00
2026-02-05T14:28:00.000Z,2026-02-05T15:00:00.000Z,SELL,0.01,5,1,10.00,5,11770.00
2026-02-05T15:00:00.000Z,2026-02-05T15:01:00.000Z,SELL,0.01,1,1,10.00,1,11780.00
2026-02-05T15:01:00.000Z,2026-02-05T15:01:00.000Z,SELL,0.01,1,1,10.00,1,11790.00
2026-02-05T15:01:00.000Z,2026-02-05T15:06:00.000Z,SELL,0.01,3,1,10.00,3,11800.00
2026-02-05T15:06:00.000Z,2026-02-05T15:11:00.000Z,SELL,0.01,2,1,10.00,2,11810.00
2026-02-05T15:11:00.000Z,2026-02-05T15:11:00.000Z,SELL,0.01,1,1,10.00,1,11820.00
2026-02-05T15:11:00.000Z,2026-02-05T15:23:00.000Z,SELL,0.01,2,1,10.00,2,11830.00
2026-02-05T15:23:00.000Z,2026-02-05T15:30:00.000Z,SELL,0.01,1,1,10.00,1,11840.00
2026-02-05T15:30:00.000Z,2026-02-05T15:40:00.000Z,SELL,0.01,3,1,10.00,3,11850.00
2026-02-05T15:40:00.000Z,2026-02-05T15:44:00.000Z,SELL,0.01,1,1,10.00,1,11860.00
2026-02-05T15:44:00.000Z,2026-02-05T16:14:00.000Z,SELL,0.01,5,1,10.00,5,11870.00
2026-02-05T16:14:00.000Z,2026-02-05T16:39:00.000Z,SELL,0.01,4,1,10.00,4,11880.00
2026-02-05T16:39:00.000Z,2026-02-05T17:00:00.000Z,SELL,0.01,5,0,-2420.00,5,9460.00
2026-02-05T17:00:00.000Z,2026-02-05T17:00:00.000Z,SELL,0.01,1,1,10.00,1,9470.00
2026-02-05T17:00:00.000Z,2026-02-05T17:01:00.000Z,SELL,0.01,1,1,10.00,1,9480.00
2026-02-05T17:01:00.000Z,2026-02-05T17:01:00.000Z,SELL,0.01,1,1,10.00,1,9490.00
2026-02-05T17:01:00.000Z,2026-02-05T17:05:00.000Z,SELL,0.01,1,1,10.00,1,9500.00
2026-02-05T17:05:00.000Z,2026-02-05T17:09:00.000Z,SELL,0.01,2,1,10.00,2,9510.00
2026-02-05T17:09:00.000Z,2026-02-05T17:10:00.000Z,SELL,0.01,1,1,10.00,1,9520.00
2026-02-05T17:10:00.000Z,2026-02-05T17:12:00.000Z,SELL,0.01,1,1,10.00,1,9530.00
2026-02-05T17:12:00.000Z,2026-02-05T17:27:00.000Z,SELL,0.01,1,1,10.00,1,9540.00
2026-02-05T17:27:00.000Z,2026-02-05T17:32:00.000Z,SELL,0.01,1,1,10.00,1,9550.00
2026-02-05T17:32:00.000Z,2026-02-05T17:47:00.000Z,SELL,0.01,3,1,10.00,3,9560.00
2026-02-05T17:47:00.000Z,2026-02-05T18:06:00.000Z,SELL,0.01,2,1,10.00,2,9570.00
2026-02-05T18:06:00.000Z,2026-02-05T18:13:00.000Z,SELL,0.01,1,1,10.00,1,9580.00
2026-02-05T18:13:00.000Z,2026-02-05T18:24:00.000Z,SELL,0.01,2,1,10.00,2,9590.00
2026-02-05T18:24:00.000Z,2026-02-05T18:49:00.000Z,SELL,0.01,2,1,10.00,2,9600.00
2026-02-05T18:49:00.000Z,2026-02-05T18:49:00.000Z,SELL,0.01,1,1,10.00,1,9610.00
2026-02-05T18:49:00.000Z,2026-02-05T18:51:00.000Z,SELL,0.01,2,1,10.00,2,9620.00
2026-02-05T18:51:00.000Z,2026-02-05T18:55:00.000Z,SELL,0.01,1,1,10.00,1,9630.00
2026-02-05T18:55:00.000Z,2026-02-05T19:01:00.000Z,SELL,0.01,1,1,10.00,1,9640.00
2026-02-05T19:01:00.000Z,2026-02-05T19:04:00.000Z,SELL,0.01,1,1,10.00,1,9650.00
2026-02-05T19:04:00.000Z,2026-02-05T19:23:00.000Z,SELL,0.01,1,1,10.00,1,9660.00
2026-02-05T19:23:00.000Z,2026-02-05T21:05:00.000Z,SELL,0.01,3,1,10.00,3,9670.00
2026-02-05T21:05:00.000Z,2026-02-05T21:30:00.000Z,SELL,0.01,1,1,10.00,1,9680.00
2026-02-05T21:30:00.000Z,2026-02-05T21:34:00.000Z,SELL,0.01,1,1,10.00,1,9690.00
2026-02-05T21:34:00.000Z,2026-02-05T22:00:00.000Z,SELL,0.01,1,1,10.00,1,9700.00
2026-02-05T22:00:00.000Z,2026-02-05T22:38:00.000Z,SELL,0.01,3,1,10.00,3,9710.00
2026-02-05T22:38:00.000Z,2026-02-05T22:55:00.000Z,SELL,0.01,1,1,10.00,1,9720.00
2026-02-05T22:55:00.000Z,2026-02-05T23:33:00.000Z,SELL,0.01,3,1,10.00,3,9730.00
2026-02-05T23:33:00.000Z,2026-02-05T23:34:00.000Z,SELL,0.01,1,1,10.00,1,9740.00
2026-02-05T23:34:00.000Z,2026-02-05T23:34:00.000Z,SELL,0.01,1,1,10.00,1,9750.00
2026-02-05T23:34:00.000Z,2026-02-06T01:01:00.000Z,SELL,0.01,3,1,10.00,3,9760.00
2026-02-06T01:01:00.000Z,2026-02-06T01:30:00.000Z,SELL,0.01,3,1,10.00,3,9770.00
2026-02-06T01:30:00.000Z,2026-02-06T01:38:00.000Z,SELL,0.01,1,1,10.00,1,9780.00
2026-02-06T01:38:00.000Z,2026-02-06T01:46:00.000Z,SELL,0.01,1,1,10.00,1,9790.00
2026-02-06T01:46:00.000Z,2026-02-06T01:49:00.000Z,SELL,0.01,1,1,10.00,1,9800.00
2026-02-06T01:49:00.000Z,2026-02-06T01:53:00.000Z,SELL,0.01,1,1,10.00,1,9810.00
2026-02-06T01:53:00.000Z,2026-02-06T02:02:00.000Z,SELL,0.01,1,1,10.00,1,9820.00
2026-02-06T02:02:00.000Z,2026-02-06T02:04:00.000Z,SELL,0.01,1,1,10.00,1,9830.00
2026-02-06T02:04:00.000Z,2026-02-06T02:15:00.000Z,SELL,0.01,1,1,10.00,1,9840.00
2026-02-06T02:15:00.000Z,2026-02-06T02:16:00.000Z,SELL,0.01,1,1,10.00,1,9850.00
2026-02-06T02:16:00.000Z,2026-02-06T02:17:00.000Z,SELL,0.01,1,1,10.00,1,9860.00
2026-02-06T02:17:00.000Z,2026-02-06T02:23:00.000Z,SELL,0.01,2,1,10.00,2,9870.00
2026-02-06T02:23:00.000Z,2026-02-06T02:27:00.000Z,SELL,0.01,2,1,10.00,2,9880.00
2026-02-06T02:27:00.000Z,2026-02-06T02:37:00.000Z,SELL,0.01,2,1,10.00,2,9890.00
2026-02-06T02:37:00.000Z,2026-02-06T02:37:00.000Z,SELL,0.01,1,1,10.00,1,9900.00
2026-02-06T02:37:00.000Z,2026-02-06T03:01:00.000Z,SELL,0.01,3,1,10.00,3,9910.00
2026-02-06T03:01:00.000Z,2026-02-06T03:02:00.000Z,SELL,0.01,1,1,10.00,1,9920.00
2026-02-06T03:02:00.000Z,2026-02-06T03:02:00.000Z,SELL,0.01,1,1,10.00,1,9930.00
2026-02-06T03:02:00.000Z,2026-02-06T03:02:00.000Z,SELL,0.01,1,1,10.00,1,9940.00
2026-02-06T03:02:00.000Z,2026-02-06T03:03:00.000Z,SELL,0.01,2,1,10.00,2,9950.00
2026-02-06T03:03:00.000Z,2026-02-06T03:03:00.000Z,SELL,0.01,1,1,10.00,1,9960.00
2026-02-06T03:03:00.000Z,2026-02-06T03:03:00.000Z,SELL,0.01,1,1,10.00,1,9970.00
2026-02-06T03:03:00.000Z,2026-02-06T03:03:00.000Z,SELL,0.01,1,1,10.00,1,9980.00
2026-02-06T03:03:00.000Z,2026-02-06T03:03:00.000Z,SELL,0.01,2,1,10.00,2,9990.00
2026-02-06T03:03:00.000Z,2026-02-06T03:07:00.000Z,SELL,0.01,2,1,10.00,2,10000.00
2026-02-06T03:07:00.000Z,2026-02-06T03:08:00.000Z,SELL,0.01,1,1,10.00,1,10010.00
2026-02-06T03:08:00.000Z,2026-02-06T03:09:00.000Z,SELL,0.01,1,1,10.00,1,10020.00
2026-02-06T03:09:00.000Z,2026-02-06T03:18:00.000Z,SELL,0.01,3,1,10.00,3,10030.00
2026-02-06T03:18:00.000Z,2026-02-06T03:19:00.000Z,SELL,0.01,1,1,10.00,1,10040.00
2026-02-06T03:19:00.000Z,2026-02-06T03:34:00.000Z,SELL,0.01,2,1,10.00,2,10050.00
2026-02-06T03:34:00.000Z,2026-02-06T03:39:00.000Z,SELL,0.01,1,1,10.00,1,10060.00
2026-02-06T03:39:00.000Z,2026-02-06T03:54:00.000Z,SELL,0.01,2,1,10.00,2,10070.00
2026-02-06T03:54:00.000Z,2026-02-06T04:10:00.000Z,SELL,0.01,4,1,10.00,4,10080.00
2026-02-06T04:10:00.000Z,2026-02-06T04:16:00.000Z,SELL,0.01,1,1,10.00,1,10090.00
2026-02-06T04:16:00.000Z,2026-02-06T04:28:00.000Z,SELL,0.01,2,1,10.00,2,10100.00
2026-02-06T04:28:00.000Z,2026-02-06T04:28:00.000Z,SELL,0.01,1,1,10.00,1,10110.00
2026-02-06T04:28:00.000Z,2026-02-06T04:34:00.000Z,SELL,0.01,2,1,10.00,2,10120.00
2026-02-06T04:34:00.000Z,2026-02-06T04:43:00.000Z,SELL,0.01,1,1,10.00,1,10130.00
2026-02-06T04:43:00.000Z,2026-02-06T04:52:00.000Z,SELL,0.01,1,1,10.00,1,10140.00
2026-02-06T04:52:00.000Z,2026-02-06T05:24:00.000Z,SELL,0.01,3,1,10.00,3,10150.00
2026-02-06T05:24:00.000Z,2026-02-06T07:19:00.000Z,SELL,0.01,4,1,10.00,4,10160.00
2026-02-06T07:19:00.000Z,2026-02-06T07:40:00.000Z,SELL,0.01,2,1,10.00,2,10170.00
2026-02-06T07:40:00.000Z,2026-02-06T07:57:00.000Z,SELL,0.01,2,1,10.00,2,10180.00
2026-02-06T07:57:00.000Z,2026-02-06T08:06:00.000Z,SELL,0.01,1,1,10.00,1,10190.00
2026-02-06T08:06:00.000Z,2026-02-06T08:08:00.000Z,SELL,0.01,1,1,10.00,1,10200.00
2026-02-06T08:08:00.000Z,2026-02-06T08:18:00.000Z,SELL,0.01,1,1,10.00,1,10210.00
2026-02-06T08:18:00.000Z,2026-02-06T08:26:00.000Z,SELL,0.01,1,1,10.00,1,10220.00
2026-02-06T08:26:00.000Z,2026-02-06T08:36:00.000Z,SELL,0.01,1,1,10.00,1,10230.00
2026-02-06T08:36:00.000Z,2026-02-06T08:56:00.000Z,SELL,0.01,1,1,10.00,1,10240.00
2026-02-06T08:56:00.000Z,2026-02-06T09:25:00.000Z,SELL,0.01,2,1,10.00,2,10250.00
2026-02-06T09:25:00.000Z,2026-02-06T09:33:00.000Z,SELL,0.01,1,1,10.00,1,10260.00
2026-02-06T09:33:00.000Z,2026-02-06T09:59:00.000Z,SELL,0.01,1,1,10.00,1,10270.00
2026-02-06T09:59:00.000Z,2026-02-06T10:01:00.000Z,SELL,0.01,1,1,10.00,1,10280.00
2026-02-06T10:01:00.000Z,2026-02-06T10:20:00.000Z,SELL,0.01,2,1,10.00,2,10290.00
2026-02-06T10:20:00.000Z,2026-02-06T11:03:00.000Z,SELL,0.01,3,1,10.00,3,10300.00
2026-02-06T11:03:00.000Z,2026-02-06T11:15:00.000Z,SELL,0.01,1,1,10.00,1,10310.00
2026-02-06T11:15:00.000Z,2026-02-06T11:35:00.000Z,SELL,0.01,2,1,10.00,2,10320.00
2026-02-06T11:35:00.000Z,2026-02-06T11:44:00.000Z,SELL,0.01,1,1,10.00,1,10330.00
2026-02-06T11:44:00.000Z,2026-02-06T13:23:00.000Z,SELL,0.01,2,1,10.00,2,10340.00
2026-02-06T13:23:00.000Z,2026-02-06T14:07:00.000Z,BUY,0.01,1,1,10.00,1,10350.00
2026-02-06T14:07:00.000Z,2026-02-06T15:00:00.000Z,BUY,0.01,3,1,10.00,3,10360.00
2026-02-06T15:00:00.000Z,2026-02-06T15:01:00.000Z,BUY,0.01,1,1,10.00,1,10370.00
2026-02-06T15:01:00.000Z,2026-02-06T15:38:00.000Z,BUY,0.01,1,1,10.00,1,10380.00
2026-02-06T15:38:00.000Z,2026-02-06T16:25:00.000Z,BUY,0.01,2,1,10.00,2,10390.00
2026-02-06T16:25:00.000Z,2026-02-06T16:30:00.000Z,BUY,0.01,1,1,10.00,1,10400.00
2026-02-06T16:30:00.000Z,2026-02-06T16:32:00.000Z,BUY,0.01,1,1,10.00,1,10410.00
2026-02-06T16:32:00.000Z,2026-02-06T16:37:00.000Z,BUY,0.01,1,1,10.00,1,10420.00
2026-02-06T16:37:00.000Z,2026-02-06T16:37:00.000Z,BUY,0.01,1,1,10.00,1,10430.00
2026-02-06T16:37:00.000Z,2026-02-06T17:00:00.000Z,BUY,0.01,1,1,10.00,1,10440.00
2026-02-06T17:00:00.000Z,2026-02-06T17:06:00.000Z,BUY,0.01,1,1,10.00,1,10450.00
2026-02-06T17:06:00.000Z,2026-02-06T17:45:00.000Z,BUY,0.01,2,1,10.00,2,10460.00
2026-02-06T17:45:00.000Z,2026-02-06T17:45:00.000Z,BUY,0.01,1,1,10.00,1,10470.00
2026-02-06T17:45:00.000Z,2026-02-06T18:58:00.000Z,BUY,0.01,3,1,10.00,3,10480.00
2026-02-06T18:58:00.000Z,2026-02-06T19:30:00.000Z,BUY,0.01,1,1,10.00,1,10490.00
2026-02-06T19:30:00.000Z,2026-02-09T01:00:00.000Z,BUY,0.01,3,1,10.00,3,10500.00
2026-02-09T01:00:00.000Z,2026-02-09T01:00:00.000Z,BUY,0.01,1,1,10.00,1,10510.00
2026-02-09T01:00:00.000Z,2026-02-09T01:22:00.000Z,BUY,0.01,1,1,10.00,1,10520.00
2026-02-09T01:22:00.000Z,2026-02-09T01:25:00.000Z,BUY,0.01,1,1,10.00,1,10530.00
2026-02-09T01:25:00.000Z,2026-02-09T01:26:00.000Z,BUY,0.01,1,1,10.00,1,10540.00
2026-02-09T01:26:00.000Z,2026-02-09T01:28:00.000Z,BUY,0.01,1,1,10.00,1,10550.00
2026-02-09T01:28:00.000Z,2026-02-09T01:32:00.000Z,BUY,0.01,1,1,10.00,1,10560.00
2026-02-09T01:32:00.000Z,2026-02-09T01:49:00.000Z,BUY,0.01,1,1,10.00,1,10570.00
2026-02-09T01:49:00.000Z,2026-02-09T02:48:00.000Z,BUY,0.01,2,1,10.00,2,10580.00
2026-02-09T02:48:00.000Z,2026-02-09T02:55:00.000Z,BUY,0.01,1,1,10.00,1,10590.00
2026-02-09T02:55:00.000Z,2026-02-09T03:01:00.000Z,BUY,0.01,1,1,10.00,1,10600.00
2026-02-09T03:01:00.000Z,2026-02-09T03:32:00.000Z,BUY,0.01,2,1,10.00,2,10610.00
2026-02-09T03:32:00.000Z,2026-02-09T03:32:00.000Z,BUY,0.01,1,1,10.00,1,10620.00
2026-02-09T03:32:00.000Z,2026-02-09T03:36:00.000Z,BUY,0.01,2,1,10.00,2,10630.00
2026-02-09T03:36:00.000Z,2026-02-09T03:36:00.000Z,BUY,0.01,1,1,10.00,1,10640.00
2026-02-09T03:36:00.000Z,2026-02-09T03:44:00.000Z,BUY,0.01,1,1,10.00,1,10650.00
2026-02-09T03:44:00.000Z,2026-02-09T04:00:00.000Z,BUY,0.01,2,1,10.00,2,10660.00
2026-02-09T04:00:00.000Z,2026-02-09T04:07:00.000Z,BUY,0.01,1,1,10.00,1,10670.00
2026-02-09T04:07:00.000Z,2026-02-09T04:11:00.000Z,BUY,0.01,1,1,10.00,1,10680.00
2026-02-09T04:11:00.000Z,2026-02-09T04:34:00.000Z,BUY,0.01,1,1,10.00,1,10690.00
2026-02-09T04:34:00.000Z,2026-02-09T04:56:00.000Z,BUY,0.01,3,1,10.00,3,10700.00
2026-02-09T04:56:00.000Z,2026-02-09T05:30:00.000Z,BUY,0.01,1,1,10.00,1,10710.00
2026-02-09T05:30:00.000Z,2026-02-09T07:41:00.000Z,BUY,0.01,1,1,10.00,1,10720.00
2026-02-09T07:41:00.000Z,2026-02-09T09:22:00.000Z,BUY,0.01,4,1,10.00,4,10730.00
2026-02-09T09:22:00.000Z,2026-02-09T10:04:00.000Z,BUY,0.01,1,1,10.00,1,10740.00
2026-02-09T10:04:00.000Z,2026-02-09T10:17:00.000Z,BUY,0.01,1,1,10.00,1,10750.00
2026-02-09T10:17:00.000Z,2026-02-09T11:03:00.000Z,BUY,0.01,1,1,10.00,1,10760.00
2026-02-09T11:03:00.000Z,2026-02-09T11:54:00.000Z,BUY,0.01,2,1,10.00,2,10770.00
2026-02-09T11:54:00.000Z,2026-02-09T13:54:00.000Z,BUY,0.01,3,1,10.00,3,10780.00
2026-02-09T13:54:00.000Z,2026-02-09T16:31:00.000Z,BUY,0.01,3,1,10.00,3,10790.00
2026-02-09T16:31:00.000Z,2026-02-09T16:45:00.000Z,BUY,0.01,1,1,10.00,1,10800.00
2026-02-09T16:45:00.000Z,2026-02-09T17:33:00.000Z,BUY,0.01,1,1,10.00,1,10810.00
2026-02-09T17:33:00.000Z,2026-02-09T17:48:00.000Z,BUY,0.01,1,1,10.00,1,10820.00
2026-02-09T17:48:00.000Z,2026-02-09T18:15:00.000Z,BUY,0.01,1,1,10.00,1,10830.00
2026-02-09T18:15:00.000Z,2026-02-09T18:25:00.000Z,BUY,0.01,1,1,10.00,1,10840.00
2026-02-09T18:25:00.000Z,2026-02-09T19:51:00.000Z,BUY,0.01,2,1,10.00,2,10850.00
2026-02-09T19:51:00.000Z,2026-02-09T19:51:00.000Z,BUY,0.01,1,1,10.00,1,10860.00
2026-02-09T19:51:00.000Z,2026-02-09T21:18:00.000Z,BUY,0.01,1,1,10.00,1,10870.00
2026-02-09T21:18:00.000Z,2026-02-09T22:11:00.000Z,BUY,0.01,1,1,10.00,1,10880.00
2026-02-09T22:11:00.000Z,2026-02-09T23:28:00.000Z,BUY,0.01,2,1,10.00,2,10890.00
2026-02-09T23:28:00.000Z,2026-02-09T23:28:00.000Z,BUY,0.01,1,1,10.00,1,10900.00
2026-02-09T23:28:00.000Z,2026-02-10T01:01:00.000Z,BUY,0.01,1,1,10.00,1,10910.00
2026-02-10T01:01:00.000Z,2026-02-10T01:09:00.000Z,BUY,0.01,2,1,10.00,2,10920.00
2026-02-10T01:09:00.000Z,2026-02-10T01:09:00.000Z,BUY,0.01,1,1,10.00,1,10930.00
2026-02-10T01:09:00.000Z,2026-02-10T01:10:00.000Z,BUY,0.01,2,1,10.00,2,10940.00
2026-02-10T01:10:00.000Z,2026-02-10T01:10:00.000Z,BUY,0.01,1,1,10.00,1,10950.00
2026-02-10T01:10:00.000Z,2026-02-10T01:12:00.000Z,BUY,0.01,2,1,10.00,2,10960.00
2026-02-10T01:12:00.000Z,2026-02-10T01:13:00.000Z,BUY,0.01,1,1,10.00,1,10970.00
2026-02-10T01:13:00.000Z,2026-02-10T01:13:00.000Z,BUY,0.01,1,1,10.00,1,10980.00
2026-02-10T01:13:00.000Z,2026-02-10T01:43:00.000Z,BUY,0.01,1,1,10.00,1,10990.00
2026-02-10T01:43:00.000Z,2026-02-10T01:45:00.000Z,BUY,0.01,1,1,10.00,1,11000.00
2026-02-10T01:45:00.000Z,2026-02-10T02:47:00.000Z,BUY,0.01,2,1,10.00,2,11010.00
2026-02-10T02:47:00.000Z,2026-02-10T02:52:00.000Z,BUY,0.01,1,1,10.00,1,11020.00
2026-02-10T02:52:00.000Z,2026-02-10T03:10:00.000Z,BUY,0.01,1,1,10.00,1,11030.00
2026-02-10T03:10:00.000Z,2026-02-10T04:07:00.000Z,BUY,0.01,1,1,10.00,1,11040.00
2026-02-10T04:07:00.000Z,2026-02-10T04:24:00.000Z,BUY,0.01,1,1,10.00,1,11050.00
2026-02-10T04:24:00.000Z,2026-02-10T05:15:00.000Z,BUY,0.01,2,1,10.00,2,11060.00
2026-02-10T05:15:00.000Z,2026-02-10T06:51:00.000Z,BUY,0.01,1,1,10.00,1,11070.00
2026-02-10T06:51:00.000Z,2026-02-10T08:07:00.000Z,BUY,0.01,3,1,10.00,3,11080.00
2026-02-10T08:07:00.000Z,2026-02-10T10:46:00.000Z,BUY,0.01,3,1,10.00,3,11090.00
2026-02-10T10:46:00.000Z,2026-02-10T14:46:00.000Z,BUY,0.01,2,1,10.00,2,11100.00
2026-02-10T14:46:00.000Z,2026-02-10T14:56:00.000Z,BUY,0.01,1,1,10.00,1,11110.00
2026-02-10T14:56:00.000Z,2026-02-10T15:17:00.000Z,BUY,0.01,1,1,10.00,1,11120.00
2026-02-10T15:17:00.000Z,2026-02-10T15:32:00.000Z,BUY,0.01,1,1,10.00,1,11130.00
2026-02-10T15:32:00.000Z,2026-02-10T16:16:00.000Z,BUY,0.01,1,1,10.00,1,11140.00
2026-02-10T16:16:00.000Z,2026-02-10T16:31:00.000Z,BUY,0.01,1,1,10.00,1,11150.00
2026-02-10T16:31:00.000Z,2026-02-10T16:45:00.000Z,BUY,0.01,2,1,10.00,2,11160.00
2026-02-10T16:45:00.000Z,2026-02-10T16:45:00.000Z,BUY,0.01,1,1,10.00,1,11170.00
2026-02-10T16:45:00.000Z,2026-02-10T16:48:00.000Z,BUY,0.01,2,1,10.00,2,11180.00
2026-02-10T16:48:00.000Z,2026-02-10T16:50:00.000Z,BUY,0.01,1,1,10.00,1,11190.00
2026-02-10T16:50:00.000Z,2026-02-10T16:56:00.000Z,BUY,0.01,1,1,10.00,1,11200.00
2026-02-10T16:56:00.000Z,2026-02-10T17:37:00.000Z,BUY,0.01,2,1,10.00,2,11210.00
2026-02-10T17:37:00.000Z,2026-02-10T17:49:00.000Z,BUY,0.01,1,1,10.00,1,11220.00
2026-02-10T17:49:00.000Z,2026-02-10T19:26:00.000Z,BUY,0.01,3,1,10.00,3,11230.00
2026-02-10T19:26:00.000Z,2026-02-10T20:24:00.000Z,BUY,0.01,2,1,10.00,2,11240.00
2026-02-10T20:24:00.000Z,2026-02-10T22:44:00.000Z,SELL,0.01,2,1,10.00,2,11250.00
2026-02-10T22:44:00.000Z,2026-02-10T23:10:00.000Z,SELL,0.01,1,1,10.00,1,11260.00
2026-02-10T23:10:00.000Z,2026-02-11T04:01:00.000Z,SELL,0.01,2,1,10.00,2,11270.00
2026-02-11T04:01:00.000Z,2026-02-11T09:10:00.000Z,BUY,0.01,3,1,10.00,3,11280.00
2026-02-11T09:10:00.000Z,2026-02-11T12:24:00.000Z,BUY,0.01,3,1,10.00,3,11290.00
2026-02-11T12:24:00.000Z,2026-02-11T12:44:00.000Z,BUY,0.01,1,1,10.00,1,11300.00
2026-02-11T12:44:00.000Z,2026-02-11T12:44:00.000Z,BUY,0.01,1,1,10.00,1,11310.00
2026-02-11T12:44:00.000Z,2026-02-11T13:28:00.000Z,BUY,0.01,1,1,10.00,1,11320.00
2026-02-11T13:28:00.000Z,2026-02-11T14:00:00.000Z,BUY,0.01,1,1,10.00,1,11330.00
2026-02-11T14:00:00.000Z,2026-02-11T14:20:00.000Z,BUY,0.01,2,1,10.00,2,11340.00
2026-02-11T14:20:00.000Z,2026-02-11T14:24:00.000Z,BUY,0.01,1,1,10.00,1,11350.00
2026-02-11T14:24:00.000Z,2026-02-11T14:41:00.000Z,BUY,0.01,2,1,10.00,2,11360.00
2026-02-11T14:41:00.000Z,2026-02-11T14:41:00.000Z,BUY,0.01,1,1,10.00,1,11370.00
2026-02-11T14:41:00.000Z,2026-02-11T15:26:00.000Z,BUY,0.01,3,1,10.00,3,11380.00
2026-02-11T15:26:00.000Z,2026-02-11T15:30:00.000Z,BUY,0.01,2,1,10.00,2,11390.00
2026-02-11T15:30:00.000Z,2026-02-11T15:30:00.000Z,BUY,0.01,2,1,10.00,2,11400.00
2026-02-11T15:30:00.000Z,2026-02-11T15:30:00.000Z,BUY,0.01,1,1,10.00,1,11410.00
2026-02-11T15:30:00.000Z,2026-02-11T15:30:00.000Z,BUY,0.01,1,1,10.00,1,11420.00
2026-02-11T15:30:00.000Z,2026-02-11T15:30:00.000Z,BUY,0.01,1,1,10.00,1,11430.00
2026-02-11T15:30:00.000Z,2026-02-11T15:30:00.000Z,BUY,0.01,1,1,10.00,1,11440.00
2026-02-11T15:30:00.000Z,2026-02-11T15:30:00.000Z,BUY,0.01,1,1,10.00,1,11450.00
2026-02-11T15:30:00.000Z,2026-02-11T15:30:00.000Z,BUY,0.01,2,1,10.00,2,11460.00
2026-02-11T15:30:00.000Z,2026-02-11T15:31:00.000Z,BUY,0.01,4,1,10.00,4,11470.00
2026-02-11T15:31:00.000Z,2026-02-11T15:31:00.000Z,BUY,0.01,1,1,10.00,1,11480.00
2026-02-11T15:31:00.000Z,2026-02-11T15:31:00.000Z,BUY,0.01,1,1,10.00,1,11490.00
2026-02-11T15:31:00.000Z,2026-02-11T15:32:00.000Z,BUY,0.01,1,1,10.00,1,11500.00
2026-02-11T15:32:00.000Z,2026-02-11T15:39:00.000Z,BUY,0.01,1,1,10.00,1,11510.00
2026-02-11T15:39:00.000Z,2026-02-11T15:55:00.000Z,BUY,0.01,1,1,10.00,1,11520.00
2026-02-11T15:55:00.000Z,2026-02-11T16:16:00.000Z,BUY,0.01,1,1,10.00,1,11530.00
2026-02-11T16:16:00.000Z,2026-02-11T16:38:00.000Z,BUY,0.01,2,1,10.00,2,11540.00
2026-02-11T16:38:00.000Z,2026-02-11T16:55:00.000Z,BUY,0.01,1,1,10.00,1,11550.00
2026-02-11T16:55:00.000Z,2026-02-11T17:05:00.000Z,BUY,0.01,1,1,10.00,1,11560.00
2026-02-11T17:05:00.000Z,2026-02-11T17:09:00.000Z,BUY,0.01,1,1,10.00,1,11570.00
2026-02-11T17:09:00.000Z,2026-02-11T17:24:00.000Z,BUY,0.01,2,1,10.00,2,11580.00
2026-02-11T17:24:00.000Z,2026-02-11T17:24:00.000Z,BUY,0.01,1,1,10.00,1,11590.00
2026-02-11T17:24:00.000Z,2026-02-11T18:33:00.000Z,BUY,0.01,3,1,10.00,3,11600.00
2026-02-11T18:33:00.000Z,2026-02-11T19:08:00.000Z,BUY,0.01,1,1,10.00,1,11610.00
2026-02-11T19:08:00.000Z,2026-02-11T19:42:00.000Z,BUY,0.01,1,1,10.00,1,11620.00
2026-02-11T19:42:00.000Z,2026-02-12T01:11:00.000Z,BUY,0.01,5,0,-2420.00,5,9200.00
2026-02-12T01:11:00.000Z,2026-02-12T08:32:00.000Z,BUY,0.01,5,0,-2420.00,5,6780.00
2026-02-12T08:32:00.000Z,2026-02-12T09:08:00.000Z,BUY,0.01,1,1,10.00,1,6790.00
2026-02-12T09:08:00.000Z,2026-02-12T10:07:00.000Z,BUY,0.01,1,1,10.00,1,6800.00
2026-02-12T10:07:00.000Z,2026-02-12T15:57:00.000Z,BUY,0.01,5,1,10.00,5,6810.00
2026-02-12T15:57:00.000Z,2026-02-12T16:03:00.000Z,SELL,0.01,1,1,10.00,1,6820.00
2026-02-12T16:03:00.000Z,2026-02-12T16:14:00.000Z,SELL,0.01,1,1,10.00,1,6830.00
2026-02-12T16:14:00.000Z,2026-02-12T16:48:00.000Z,SELL,0.01,1,1,10.00,1,6840.00
2026-02-12T16:48:00.000Z,2026-02-12T16:56:00.000Z,SELL,0.01,1,1,10.00,1,6850.00
2026-02-12T16:56:00.000Z,2026-02-12T17:45:00.000Z,SELL,0.01,2,1,10.00,2,6860.00
2026-02-12T17:45:00.000Z,2026-02-12T17:59:00.000Z,SELL,0.01,1,1,10.00,1,6870.00
2026-02-12T17:59:00.000Z,2026-02-12T18:09:00.000Z,SELL,0.01,1,1,10.00,1,6880.00
2026-02-12T18:09:00.000Z,2026-02-12T18:10:00.000Z,SELL,0.01,1,1,10.00,1,6890.00
2026-02-12T18:10:00.000Z,2026-02-12T18:11:00.000Z,SELL,0.01,1,1,10.00,1,6900.00
2026-02-12T18:11:00.000Z,2026-02-12T18:11:00.000Z,SELL,0.01,1,1,10.00,1,6910.00
2026-02-12T18:11:00.000Z,2026-02-12T18:12:00.000Z,SELL,0.01,1,1,10.00,1,6920.00
2026-02-12T18:12:00.000Z,2026-02-12T18:13:00.000Z,SELL,0.01,1,1,10.00,1,6930.00
2026-02-12T18:13:00.000Z,2026-02-12T18:13:00.000Z,SELL,0.01,1,1,10.00,1,6940.00
2026-02-12T18:13:00.000Z,2026-02-12T18:14:00.000Z,SELL,0.01,1,1,10.00,1,6950.00
2026-02-12T18:14:00.000Z,2026-02-12T18:14:00.000Z,SELL,0.01,1,1,10.00,1,6960.00
2026-02-12T18:14:00.000Z,2026-02-12T18:14:00.000Z,SELL,0.01,1,1,10.00,1,6970.00
2026-02-12T18:14:00.000Z,2026-02-12T18:14:00.000Z,SELL,0.01,1,1,10.00,1,6980.00
2026-02-12T18:14:00.000Z,2026-02-12T18:14:00.000Z,SELL,0.01,2,1,10.00,2,6990.00
2026-02-12T18:14:00.000Z,2026-02-12T18:14:00.000Z,SELL,0.01,1,1,10.00,1,7000.00
2026-02-12T18:14:00.000Z,2026-02-12T18:14:00.000Z,SELL,0.01,1,1,10.00,1,7010.00
2026-02-12T18:14:00.000Z,2026-02-12T18:15:00.000Z,SELL,0.01,1,1,10.00,1,7020.00
2026-02-12T18:15:00.000Z,2026-02-12T18:16:00.000Z,SELL,0.01,1,1,10.00,1,7030.00
2026-02-12T18:16:00.000Z,2026-02-12T18:17:00.000Z,SELL,0.01,1,1,10.00,1,7040.00
2026-02-12T18:17:00.000Z,2026-02-12T18:18:00.000Z,SELL,0.01,3,1,10.00,3,7050.00
2026-02-12T18:18:00.000Z,2026-02-12T18:22:00.000Z,SELL,0.01,3,1,10.00,3,7060.00
2026-02-12T18:22:00.000Z,2026-02-12T18:26:00.000Z,SELL,0.01,3,1,10.00,3,7070.00
2026-02-12T18:26:00.000Z,2026-02-12T18:28:00.000Z,SELL,0.01,1,1,10.00,1,7080.00
2026-02-12T18:28:00.000Z,2026-02-12T18:30:00.000Z,SELL,0.01,2,1,10.00,2,7090.00
2026-02-12T18:30:00.000Z,2026-02-12T18:30:00.000Z,SELL,0.01,1,1,10.00,1,7100.00
2026-02-12T18:30:00.000Z,2026-02-12T18:30:00.000Z,SELL,0.01,1,1,10.00,1,7110.00
2026-02-12T18:30:00.000Z,2026-02-12T18:31:00.000Z,SELL,0.01,2,1,10.00,2,7120.00
2026-02-12T18:31:00.000Z,2026-02-12T18:31:00.000Z,SELL,0.01,1,1,10.00,1,7130.00
2026-02-12T18:31:00.000Z,2026-02-12T18:35:00.000Z,SELL,0.01,2,1,10.00,2,7140.00
2026-02-12T18:35:00.000Z,2026-02-12T18:35:00.000Z,SELL,0.01,1,1,10.00,1,7150.00
2026-02-12T18:35:00.000Z,2026-02-12T18:41:00.000Z,SELL,0.01,2,1,10.00,2,7160.00
2026-02-12T18:41:00.000Z,2026-02-12T18:41:00.000Z,SELL,0.01,1,1,10.00,1,7170.00
2026-02-12T18:41:00.000Z,2026-02-12T18:46:00.000Z,SELL,0.01,1,1,10.00,1,7180.00
2026-02-12T18:46:00.000Z,2026-02-12T18:47:00.000Z,SELL,0.01,1,1,10.00,1,7190.00
2026-02-12T18:47:00.000Z,2026-02-12T19:07:00.000Z,SELL,0.01,4,1,10.00,4,7200.00
2026-02-12T19:07:00.000Z,2026-02-12T19:07:00.000Z,SELL,0.01,1,1,10.00,1,7210.00
2026-02-12T19:07:00.000Z,2026-02-12T19:54:00.000Z,SELL,0.01,3,1,10.00,3,7220.00
2026-02-12T19:54:00.000Z,2026-02-12T20:00:00.000Z,SELL,0.01,1,1,10.00,1,7230.00
2026-02-12T20:00:00.000Z,2026-02-12T20:08:00.000Z,SELL,0.01,1,1,10.00,1,7240.00
2026-02-12T20:08:00.000Z,2026-02-12T20:18:00.000Z,SELL,0.01,1,1,10.00,1,7250.00
2026-02-12T20:18:00.000Z,2026-02-12T20:43:00.000Z,SELL,0.01,2,1,10.00,2,7260.00
2026-02-12T20:43:00.000Z,2026-02-12T20:59:00.000Z,SELL,0.01,1,1,10.00,1,7270.00
2026-02-12T20:59:00.000Z,2026-02-12T22:28:00.000Z,SELL,0.01,3,1,10.00,3,7280.00
2026-02-12T22:28:00.000Z,2026-02-12T22:30:00.000Z,SELL,0.01,1,1,10.00,1,7290.00
2026-02-12T22:30:00.000Z,2026-02-13T01:00:00.000Z,SELL,0.01,1,1,10.00,1,7300.00
2026-02-13T01:00:00.000Z,2026-02-13T01:00:00.000Z,SELL,0.01,1,1,10.00,1,7310.00
2026-02-13T01:00:00.000Z,2026-02-13T01:00:00.000Z,SELL,0.01,2,1,10.00,2,7320.00
2026-02-13T01:00:00.000Z,2026-02-13T01:00:00.000Z,SELL,0.01,1,1,10.00,1,7330.00
2026-02-13T01:00:00.000Z,2026-02-13T01:00:00.000Z,SELL,0.01,1,1,10.00,1,7340.00
2026-02-13T01:00:00.000Z,2026-02-13T01:00:00.000Z,SELL,0.01,1,1,10.00,1,7350.00
2026-02-13T01:00:00.000Z,2026-02-13T01:18:00.000Z,SELL,0.01,2,1,10.00,2,7360.00
2026-02-13T01:18:00.000Z,2026-02-13T01:39:00.000Z,SELL,0.01,1,1,10.00,1,7370.00
2026-02-13T01:39:00.000Z,2026-02-13T02:08:00.000Z,SELL,0.01,2,1,10.00,2,7380.00
2026-02-13T02:08:00.000Z,2026-02-13T02:50:00.000Z,SELL,0.01,1,1,10.00,1,7390.00
2026-02-13T02:50:00.000Z,2026-02-13T03:06:00.000Z,SELL,0.01,2,1,10.00,2,7400.00
2026-02-13T03:06:00.000Z,2026-02-13T06:16:00.000Z,SELL,0.01,2,1,10.00,2,7410.00
2026-02-13T06:16:00.000Z,2026-02-13T06:37:00.000Z,SELL,0.01,1,1,10.00,1,7420.00
2026-02-13T06:37:00.000Z,2026-02-13T07:19:00.000Z,SELL,0.01,1,1,10.00,1,7430.00
2026-02-13T07:19:00.000Z,2026-02-13T07:43:00.000Z,SELL,0.01,1,1,10.00,1,7440.00
2026-02-13T07:43:00.000Z,2026-02-13T07:55:00.000Z,SELL,0.01,1,1,10.00,1,7450.00
2026-02-13T07:55:00.000Z,2026-02-13T09:37:00.000Z,SELL,0.01,2,1,10.00,2,7460.00
2026-02-13T09:37:00.000Z,2026-02-13T09:42:00.000Z,SELL,0.01,1,1,10.00,1,7470.00
2026-02-13T09:42:00.000Z,2026-02-13T12:48:00.000Z,SELL,0.01,1,1,10.00,1,7480.00
2026-02-13T12:48:00.000Z,2026-02-13T12:58:00.000Z,SELL,0.01,1,1,10.00,1,7490.00
2026-02-13T12:58:00.000Z,2026-02-13T13:24:00.000Z,SELL,0.01,1,1,10.00,1,7500.00
2026-02-13T13:24:00.000Z,2026-02-13T14:21:00.000Z,SELL,0.01,2,1,10.00,2,7510.00
2026-02-13T14:21:00.000Z,2026-02-13T15:21:00.000Z,SELL,0.01,1,1,10.00,1,7520.00
2026-02-13T15:21:00.000Z,2026-02-13T15:30:00.000Z,SELL,0.01,2,1,10.00,2,7530.00
2026-02-13T15:30:00.000Z,2026-02-13T15:30:00.000Z,SELL,0.01,1,1,10.00,1,7540.00
2026-02-13T15:30:00.000Z,2026-02-13T15:30:00.000Z,SELL,0.01,1,1,10.00,1,7550.00
2026-02-13T15:30:00.000Z,2026-02-13T16:13:00.000Z,SELL,0.01,2,1,10.00,2,7560.00
2026-02-13T16:13:00.000Z,2026-02-13T16:39:00.000Z,SELL,0.01,1,1,10.00,1,7570.00
2026-02-13T16:39:00.000Z,2026-02-13T16:40:00.000Z,SELL,0.01,1,1,10.00,1,7580.00
2026-02-13T16:40:00.000Z,2026-02-13T16:41:00.000Z,SELL,0.01,1,1,10.00,1,7590.00
2026-02-13T16:41:00.000Z,2026-02-13T16:45:00.000Z,SELL,0.01,2,1,10.00,2,7600.00
2026-02-13T16:45:00.000Z,2026-02-13T17:53:00.000Z,SELL,0.01,3,1,10.00,3,7610.00
2026-02-13T17:53:00.000Z,2026-02-13T17:57:00.000Z,SELL,0.01,1,1,10.00,1,7620.00
2026-02-13T17:57:00.000Z,2026-02-13T18:20:00.000Z,SELL,0.01,2,1,10.00,2,7630.00
2026-02-13T18:20:00.000Z,2026-02-13T21:06:00.000Z,SELL,0.01,4,1,10.00,4,7640.00
2026-02-13T21:06:00.000Z,2026-02-16T02:03:00.000Z,BUY,0.01,2,1,10.00,2,7650.00
2026-02-16T02:03:00.000Z,2026-02-16T02:16:00.000Z,BUY,0.01,1,1,10.00,1,7660.00
2026-02-16T02:16:00.000Z,2026-02-16T03:19:00.000Z,BUY,0.01,1,1,10.00,1,7670.00
2026-02-16T03:19:00.000Z,2026-02-16T04:45:00.000Z,BUY,0.01,2,1,10.00,2,7680.00
2026-02-16T04:45:00.000Z,2026-02-16T07:03:00.000Z,BUY,0.01,2,1,10.00,2,7690.00
2026-02-16T07:03:00.000Z,2026-02-16T07:05:00.000Z,BUY,0.01,1,1,10.00,1,7700.00
2026-02-16T07:05:00.000Z,2026-02-16T07:30:00.000Z,BUY,0.01,1,1,10.00,1,7710.00
2026-02-16T07:30:00.000Z,2026-02-16T08:44:00.000Z,BUY,0.01,1,1,10.00,1,7720.00
2026-02-16T08:44:00.000Z,2026-02-16T09:47:00.000Z,BUY,0.01,1,1,10.00,1,7730.00
2026-02-16T09:47:00.000Z,2026-02-16T17:02:00.000Z,BUY,0.01,2,1,10.00,2,7740.00
2026-02-16T17:02:00.000Z,2026-02-16T17:05:00.000Z,SELL,0.01,1,1,10.00,1,7750.00
2026-02-16T17:05:00.000Z,2026-02-17T01:24:00.000Z,SELL,0.01,2,1,10.00,2,7760.00
2026-02-17T01:24:00.000Z,2026-02-17T01:40:00.000Z,SELL,0.01,1,1,10.00,1,7770.00
2026-02-17T01:40:00.000Z,2026-02-17T02:09:00.000Z,SELL,0.01,1,1,10.00,1,7780.00
2026-02-17T02:09:00.000Z,2026-02-17T02:42:00.000Z,SELL,0.01,1,1,10.00,1,7790.00
2026-02-17T02:42:00.000Z,2026-02-17T02:52:00.000Z,SELL,0.01,1,1,10.00,1,7800.00
2026-02-17T02:52:00.000Z,2026-02-17T02:57:00.000Z,SELL,0.01,1,1,10.00,1,7810.00
2026-02-17T02:57:00.000Z,2026-02-17T02:58:00.000Z,SELL,0.01,1,1,10.00,1,7820.00
2026-02-17T02:58:00.000Z,2026-02-17T03:03:00.000Z,SELL,0.01,1,1,10.00,1,7830.00
2026-02-17T03:03:00.000Z,2026-02-17T03:30:00.000Z,SELL,0.01,2,1,10.00,2,7840.00
2026-02-17T03:30:00.000Z,2026-02-17T06:06:00.000Z,SELL,0.01,1,1,10.00,1,7850.00
2026-02-17T06:06:00.000Z,2026-02-17T07:07:00.000Z,SELL,0.01,1,1,10.00,1,7860.00
2026-02-17T07:07:00.000Z,2026-02-17T07:15:00.000Z,SELL,0.01,1,1,10.00,1,7870.00
2026-02-17T07:15:00.000Z,2026-02-17T07:15:00.000Z,SELL,0.01,1,1,10.00,1,7880.00
2026-02-17T07:15:00.000Z,2026-02-17T07:17:00.000Z,SELL,0.01,1,1,10.00,1,7890.00
2026-02-17T07:17:00.000Z,2026-02-17T07:19:00.000Z,SELL,0.01,1,1,10.00,1,7900.00
2026-02-17T07:19:00.000Z,2026-02-17T07:31:00.000Z,SELL,0.01,1,1,10.00,1,7910.00
2026-02-17T07:31:00.000Z,2026-02-17T07:32:00.000Z,SELL,0.01,1,1,10.00,1,7920.00
2026-02-17T07:32:00.000Z,2026-02-17T07:32:00.000Z,SELL,0.01,1,1,10.00,1,7930.00
2026-02-17T07:32:00.000Z,2026-02-17T07:53:00.000Z,SELL,0.01,2,1,10.00,2,7940.00
2026-02-17T07:53:00.000Z,2026-02-17T07:55:00.000Z,SELL,0.01,1,1,10.00,1,7950.00
2026-02-17T07:55:00.000Z,2026-02-17T09:21:00.000Z,SELL,0.01,2,1,10.00,2,7960.00
2026-02-17T09:21:00.000Z,2026-02-17T09:30:00.000Z,SELL,0.01,1,1,10.00,1,7970.00
2026-02-17T09:30:00.000Z,2026-02-17T12:11:00.000Z,SELL,0.01,2,1,10.00,2,7980.00
2026-02-17T12:11:00.000Z,2026-02-17T12:30:00.000Z,SELL,0.01,1,1,10.00,1,7990.00
2026-02-17T12:30:00.000Z,2026-02-17T12:51:00.000Z,SELL,0.01,1,1,10.00,1,8000.00
2026-02-17T12:51:00.000Z,2026-02-17T15:56:00.000Z,SELL,0.01,3,1,10.00,3,8010.00
2026-02-17T15:56:00.000Z,2026-02-17T15:56:00.000Z,SELL,0.01,1,1,10.00,1,8020.00
2026-02-17T15:56:00.000Z,2026-02-17T15:58:00.000Z,SELL,0.01,1,1,10.00,1,8030.00
2026-02-17T15:58:00.000Z,2026-02-17T15:58:00.000Z,SELL,0.01,1,1,10.00,1,8040.00
2026-02-17T15:58:00.000Z,2026-02-17T16:01:00.000Z,SELL,0.01,1,1,10.00,1,8050.00
2026-02-17T16:01:00.000Z,2026-02-17T16:01:00.000Z,SELL,0.01,1,1,10.00,1,8060.00
2026-02-17T16:01:00.000Z,2026-02-17T16:01:00.000Z,SELL,0.01,1,1,10.00,1,8070.00
2026-02-17T16:01:00.000Z,2026-02-17T16:04:00.000Z,SELL,0.01,2,1,10.00,2,8080.00
2026-02-17T16:04:00.000Z,2026-02-17T16:22:00.000Z,SELL,0.01,2,1,10.00,2,8090.00
2026-02-17T16:22:00.000Z,2026-02-17T16:31:00.000Z,SELL,0.01,1,1,10.00,1,8100.00
2026-02-17T16:31:00.000Z,2026-02-17T16:38:00.000Z,SELL,0.01,1,1,10.00,1,8110.00
2026-02-17T16:38:00.000Z,2026-02-17T16:40:00.000Z,SELL,0.01,1,1,10.00,1,8120.00
2026-02-17T16:40:00.000Z,2026-02-17T16:49:00.000Z,SELL,0.01,1,1,10.00,1,8130.00
2026-02-17T16:49:00.000Z,2026-02-17T17:00:00.000Z,SELL,0.01,1,1,10.00,1,8140.00
2026-02-17T17:00:00.000Z,2026-02-17T17:58:00.000Z,SELL,0.01,2,1,10.00,2,8150.00
2026-02-17T17:58:00.000Z,2026-02-17T18:57:00.000Z,SELL,0.01,1,1,10.00,1,8160.00
2026-02-17T18:57:00.000Z,2026-02-17T19:00:00.000Z,SELL,0.01,1,1,10.00,1,8170.00
2026-02-17T19:00:00.000Z,2026-02-17T19:11:00.000Z,SELL,0.01,1,1,10.00,1,8180.00
2026-02-17T19:11:00.000Z,2026-02-17T20:20:00.000Z,SELL,0.01,2,1,10.00,2,8190.00
2026-02-17T20:20:00.000Z,2026-02-18T01:01:00.000Z,SELL,0.01,3,1,10.00,3,8200.00
2026-02-18T01:01:00.000Z,2026-02-18T01:02:00.000Z,SELL,0.01,1,1,10.00,1,8210.00
2026-02-18T01:02:00.000Z,2026-02-18T03:13:00.000Z,SELL,0.01,4,1,10.00,4,8220.00
2026-02-18T03:13:00.000Z,2026-02-18T05:30:00.000Z,SELL,0.01,2,1,10.00,2,8230.00
2026-02-18T05:30:00.000Z,2026-02-18T12:38:00.000Z,SELL,0.01,3,1,10.00,3,8240.00
2026-02-18T12:38:00.000Z,2026-02-18T14:06:00.000Z,BUY,0.01,1,1,10.00,1,8250.00
2026-02-18T14:06:00.000Z,2026-02-18T14:42:00.000Z,BUY,0.01,1,1,10.00,1,8260.00
2026-02-18T14:42:00.000Z,2026-02-18T14:58:00.000Z,BUY,0.01,1,1,10.00,1,8270.00
2026-02-18T14:58:00.000Z,2026-02-18T15:01:00.000Z,BUY,0.01,1,1,10.00,1,8280.00
2026-02-18T15:01:00.000Z,2026-02-18T15:36:00.000Z,BUY,0.01,1,1,10.00,1,8290.00
2026-02-18T15:36:00.000Z,2026-02-18T16:32:00.000Z,BUY,0.01,1,1,10.00,1,8300.00
2026-02-18T16:32:00.000Z,2026-02-18T16:36:00.000Z,BUY,0.01,1,1,10.00,1,8310.00
2026-02-18T16:36:00.000Z,2026-02-18T16:52:00.000Z,BUY,0.01,1,1,10.00,1,8320.00
2026-02-18T16:52:00.000Z,2026-02-18T17:03:00.000Z,BUY,0.01,1,1,10.00,1,8330.00
2026-02-18T17:03:00.000Z,2026-02-19T01:01:00.000Z,BUY,0.01,2,1,10.00,2,8340.00
2026-02-19T01:01:00.000Z,2026-02-19T01:25:00.000Z,BUY,0.01,1,1,10.00,1,8350.00
2026-02-19T01:25:00.000Z,2026-02-19T07:12:00.000Z,BUY,0.01,3,1,10.00,3,8360.00
2026-02-19T07:12:00.000Z,2026-02-19T08:31:00.000Z,BUY,0.01,1,1,10.00,1,8370.00
2026-02-19T08:31:00.000Z,2026-02-19T08:45:00.000Z,BUY,0.01,1,1,10.00,1,8380.00
2026-02-19T08:45:00.000Z,2026-02-19T12:11:00.000Z,BUY,0.01,2,1,10.00,2,8390.00
2026-02-19T12:11:00.000Z,2026-02-19T12:39:00.000Z,BUY,0.01,1,1,10.00,1,8400.00
2026-02-19T12:39:00.000Z,2026-02-19T16:34:00.000Z,BUY,0.01,4,1,10.00,4,8410.00
2026-02-19T16:34:00.000Z,2026-02-19T16:35:00.000Z,BUY,0.01,1,1,10.00,1,8420.00
2026-02-19T16:35:00.000Z,2026-02-19T16:39:00.000Z,BUY,0.01,1,1,10.00,1,8430.00
2026-02-19T16:39:00.000Z,2026-02-19T16:44:00.000Z,BUY,0.01,1,1,10.00,1,8440.00
2026-02-19T16:44:00.000Z,2026-02-19T16:54:00.000Z,BUY,0.01,1,1,10.00,1,8450.00
2026-02-19T16:54:00.000Z,2026-02-19T17:29:00.000Z,BUY,0.01,1,1,10.00,1,8460.00
2026-02-19T17:29:00.000Z,2026-02-19T19:57:00.000Z,BUY,0.01,2,1,10.00,2,8470.00
2026-02-19T19:57:00.000Z,2026-02-19T22:20:00.000Z,BUY,0.01,1,1,10.00,1,8480.00
2026-02-19T22:20:00.000Z,2026-02-20T01:08:00.000Z,BUY,0.01,1,1,10.00,1,8490.00
2026-02-20T01:08:00.000Z,2026-02-20T08:01:00.000Z,BUY,0.01,5,1,10.00,5,8500.00
2026-02-20T08:01:00.000Z,2026-02-20T08:25:00.000Z,BUY,0.01,1,1,10.00,1,8510.00
2026-02-20T08:25:00.000Z,2026-02-20T11:06:00.000Z,BUY,0.01,3,1,10.00,3,8520.00
2026-02-20T11:06:00.000Z,2026-02-20T15:51:00.000Z,BUY,0.01,3,1,10.00,3,8530.00
2026-02-20T15:51:00.000Z,2026-02-20T16:45:00.000Z,BUY,0.01,1,1,10.00,1,8540.00
2026-02-20T16:45:00.000Z,2026-02-20T17:03:00.000Z,BUY,0.01,2,1,10.00,2,8550.00
2026-02-20T17:03:00.000Z,2026-02-20T17:03:00.000Z,BUY,0.01,1,1,10.00,1,8560.00
2026-02-20T17:03:00.000Z,2026-02-20T17:06:00.000Z,BUY,0.01,2,1,10.00,2,8570.00
2026-02-20T17:06:00.000Z,2026-02-20T17:06:00.000Z,BUY,0.01,1,1,10.00,1,8580.00
2026-02-20T17:06:00.000Z,2026-02-20T17:08:00.000Z,BUY,0.01,3,1,10.00,3,8590.00
2026-02-20T17:08:00.000Z,2026-02-20T17:18:00.000Z,BUY,0.01,1,1,10.00,1,8600.00
2026-02-20T17:18:00.000Z,2026-02-20T17:45:00.000Z,BUY,0.01,3,1,10.00,3,8610.00
2026-02-20T17:45:00.000Z,2026-02-20T18:30:00.000Z,BUY,0.01,1,1,10.00,1,8620.00
2026-02-20T18:30:00.000Z,2026-02-20T18:33:00.000Z,BUY,0.01,1,1,10.00,1,8630.00
2026-02-20T18:33:00.000Z,2026-02-20T21:56:00.000Z,BUY,0.01,1,1,10.00,1,8640.00
2026-02-20T21:56:00.000Z,2026-02-20T22:55:00.000Z,BUY,0.01,1,1,10.00,1,8650.00
2026-02-20T22:55:00.000Z,2026-02-20T23:30:00.000Z,BUY,0.01,1,1,10.00,1,8660.00
2026-02-20T23:30:00.000Z,2026-02-23T01:00:00.000Z,BUY,0.01,1,1,10.00,1,8670.00
2026-02-23T01:00:00.000Z,2026-02-23T01:04:00.000Z,BUY,0.01,1,1,10.00,1,8680.00
2026-02-23T01:04:00.000Z,2026-02-23T01:07:00.000Z,BUY,0.01,1,1,10.00,1,8690.00
2026-02-23T01:07:00.000Z,2026-02-23T01:08:00.000Z,BUY,0.01,1,1,10.00,1,8700.00
2026-02-23T01:08:00.000Z,2026-02-23T01:16:00.000Z,BUY,0.01,1,1,10.00,1,8710.00
2026-02-23T01:16:00.000Z,2026-02-23T01:50:00.000Z,BUY,0.01,1,1,10.00,1,8720.00
2026-02-23T01:50:00.000Z,2026-02-23T01:58:00.000Z,BUY,0.01,1,1,10.00,1,8730.00
2026-02-23T01:58:00.000Z,2026-02-23T02:01:00.000Z,BUY,0.01,2,1,10.00,2,8740.00
2026-02-23T02:01:00.000Z,2026-02-23T02:01:00.000Z,BUY,0.01,1,1,10.00,1,8750.00
2026-02-23T02:01:00.000Z,2026-02-23T03:32:00.000Z,BUY,0.01,3,1,10.00,3,8760.00
2026-02-23T03:32:00.000Z,2026-02-23T04:41:00.000Z,BUY,0.01,1,1,10.00,1,8770.00
2026-02-23T04:41:00.000Z,2026-02-23T09:03:00.000Z,BUY,0.01,2,1,10.00,2,8780.00
2026-02-23T09:03:00.000Z,2026-02-23T09:08:00.000Z,BUY,0.01,1,1,10.00,1,8790.00
2026-02-23T09:08:00.000Z,2026-02-23T12:56:00.000Z,BUY,0.01,3,1,10.00,3,8800.00
2026-02-23T12:56:00.000Z,2026-02-23T16:32:00.000Z,BUY,0.01,3,1,10.00,3,8810.00
2026-02-23T16:32:00.000Z,2026-02-23T16:38:00.000Z,BUY,0.01,1,1,10.00,1,8820.00
2026-02-23T16:38:00.000Z,2026-02-23T16:45:00.000Z,BUY,0.01,1,1,10.00,1,8830.00
2026-02-23T16:45:00.000Z,2026-02-23T17:20:00.000Z,BUY,0.01,1,1,10.00,1,8840.00
2026-02-23T17:20:00.000Z,2026-02-23T18:18:00.000Z,BUY,0.01,3,1,10.00,3,8850.00
2026-02-23T18:18:00.000Z,2026-02-23T22:10:00.000Z,BUY,0.01,3,1,10.00,3,8860.00
2026-02-23T22:10:00.000Z,2026-02-23T22:52:00.000Z,BUY,0.01,1,1,10.00,1,8870.00
2026-02-23T22:52:00.000Z,2026-02-24T01:03:00.000Z,BUY,0.01,1,1,10.00,1,8880.00
2026-02-24T01:03:00.000Z,2026-02-24T03:00:00.000Z,BUY,0.01,2,1,10.00,2,8890.00
2026-02-24T03:00:00.000Z,2026-02-24T03:14:00.000Z,BUY,0.01,2,1,10.00,2,8900.00
2026-02-24T03:14:00.000Z,2026-02-24T03:16:00.000Z,BUY,0.01,4,1,10.00,4,8910.00
2026-02-24T03:16:00.000Z,2026-02-24T03:17:00.000Z,BUY,0.01,1,1,10.00,1,8920.00
2026-02-24T03:17:00.000Z,2026-02-24T03:37:00.000Z,BUY,0.01,1,1,10.00,1,8930.00
2026-02-24T03:37:00.000Z,2026-02-24T04:34:00.000Z,BUY,0.01,1,1,10.00,1,8940.00
2026-02-24T04:34:00.000Z,2026-02-24T14:18:00.000Z,BUY,0.01,4,1,10.00,4,8950.00
2026-02-24T14:18:00.000Z,2026-02-24T15:39:00.000Z,SELL,0.01,1,1,10.00,1,8960.00
2026-02-24T15:39:00.000Z,2026-02-24T15:39:00.000Z,SELL,0.01,1,1,10.00,1,8970.00
2026-02-24T15:39:00.000Z,2026-02-24T15:50:00.000Z,SELL,0.01,1,1,10.00,1,8980.00
2026-02-24T15:50:00.000Z,2026-02-24T15:59:00.000Z,SELL,0.01,1,1,10.00,1,8990.00
2026-02-24T15:59:00.000Z,2026-02-24T16:13:00.000Z,SELL,0.01,1,1,10.00,1,9000.00
2026-02-24T16:13:00.000Z,2026-02-24T16:39:00.000Z,SELL,0.01,2,1,10.00,2,9010.00
2026-02-24T16:39:00.000Z,2026-02-24T17:00:00.000Z,SELL,0.01,1,1,10.00,1,9020.00
2026-02-24T17:00:00.000Z,2026-02-24T17:45:00.000Z,SELL,0.01,2,1,10.00,2,9030.00
2026-02-24T17:45:00.000Z,2026-02-24T18:08:00.000Z,SELL,0.01,1,1,10.00,1,9040.00
2026-02-24T18:08:00.000Z,2026-02-24T18:51:00.000Z,SELL,0.01,1,1,10.00,1,9050.00
2026-02-24T18:51:00.000Z,2026-02-24T19:20:00.000Z,SELL,0.01,2,1,10.00,2,9060.00
2026-02-24T19:20:00.000Z,2026-02-24T21:10:00.000Z,SELL,0.01,1,1,10.00,1,9070.00
2026-02-24T21:10:00.000Z,2026-02-24T23:50:00.000Z,SELL,0.01,3,1,10.00,3,9080.00
2026-02-24T23:50:00.000Z,2026-02-25T01:01:00.000Z,SELL,0.01,1,1,10.00,1,9090.00
2026-02-25T01:01:00.000Z,2026-02-25T01:01:00.000Z,SELL,0.01,1,1,10.00,1,9100.00
2026-02-25T01:01:00.000Z,2026-02-25T01:50:00.000Z,SELL,0.01,2,1,10.00,2,9110.00
2026-02-25T01:50:00.000Z,2026-02-25T02:04:00.000Z,SELL,0.01,1,1,10.00,1,9120.00
2026-02-25T02:04:00.000Z,2026-02-25T03:09:00.000Z,SELL,0.01,2,1,10.00,2,9130.00
2026-02-25T03:09:00.000Z,2026-02-25T07:43:00.000Z,SELL,0.01,4,1,10.00,4,9140.00
2026-02-25T07:43:00.000Z,2026-02-25T12:33:00.000Z,BUY,0.01,2,1,10.00,2,9150.00
2026-02-25T12:33:00.000Z,2026-02-25T13:59:00.000Z,BUY,0.01,1,1,10.00,1,9160.00
2026-02-25T13:59:00.000Z,2026-02-25T16:56:00.000Z,BUY,0.01,3,1,10.00,3,9170.00
2026-02-25T16:56:00.000Z,2026-02-25T17:06:00.000Z,BUY,0.01,1,1,10.00,1,9180.00
2026-02-25T17:06:00.000Z,2026-02-25T18:46:00.000Z,BUY,0.01,3,1,10.00,3,9190.00
2026-02-25T18:46:00.000Z,2026-02-25T22:30:00.000Z,BUY,0.01,2,1,10.00,2,9200.00
2026-02-25T22:30:00.000Z,2026-02-25T22:58:00.000Z,BUY,0.01,2,1,10.00,2,9210.00
2026-02-25T22:58:00.000Z,2026-02-25T22:58:00.000Z,BUY,0.01,1,1,10.00,1,9220.00
2026-02-25T22:58:00.000Z,2026-02-25T23:35:00.000Z,BUY,0.01,1,1,10.00,1,9230.00
2026-02-25T23:35:00.000Z,2026-02-26T02:28:00.000Z,BUY,0.01,1,1,10.00,1,9240.00
2026-02-26T02:28:00.000Z,2026-02-26T10:33:00.000Z,SELL,0.01,3,1,10.00,3,9250.00
2026-02-26T10:33:00.000Z,2026-02-26T11:32:00.000Z,BUY,0.01,1,1,10.00,1,9260.00
2026-02-26T11:32:00.000Z,2026-02-26T16:30:00.000Z,BUY,0.01,4,1,10.00,4,9270.00
2026-02-26T16:30:00.000Z,2026-02-26T16:30:00.000Z,SELL,0.01,1,1,10.00,1,9280.00
2026-02-26T16:30:00.000Z,2026-02-26T16:36:00.000Z,SELL,0.01,4,1,10.00,4,9290.00
2026-02-26T16:36:00.000Z,2026-02-26T16:40:00.000Z,SELL,0.01,1,1,10.00,1,9300.00
2026-02-26T16:40:00.000Z,2026-02-26T17:18:00.000Z,SELL,0.01,1,1,10.00,1,9310.00
2026-02-26T17:18:00.000Z,2026-02-26T17:27:00.000Z,SELL,0.01,1,1,10.00,1,9320.00
2026-02-26T17:27:00.000Z,2026-02-26T17:27:00.000Z,SELL,0.01,1,1,10.00,1,9330.00
2026-02-26T17:27:00.000Z,2026-02-26T17:35:00.000Z,SELL,0.01,4,1,10.00,4,9340.00
2026-02-26T17:35:00.000Z,2026-02-26T17:54:00.000Z,SELL,0.01,2,1,10.00,2,9350.00
2026-02-26T17:54:00.000Z,2026-02-26T18:00:00.000Z,SELL,0.01,1,1,10.00,1,9360.00
2026-02-26T18:00:00.000Z,2026-02-26T19:47:00.000Z,SELL,0.01,1,1,10.00,1,9370.00
2026-02-26T19:47:00.000Z,2026-02-26T20:35:00.000Z,SELL,0.01,1,1,10.00,1,9380.00
2026-02-26T20:35:00.000Z,2026-02-27T03:50:00.000Z,SELL,0.01,2,1,10.00,2,9390.00
2026-02-27T03:50:00.000Z,2026-02-27T04:36:00.000Z,SELL,0.01,1,1,10.00,1,9400.00
2026-02-27T04:36:00.000Z,2026-02-27T07:26:00.000Z,BUY,0.01,1,1,10.00,1,9410.00
2026-02-27T07:26:00.000Z,2026-02-27T15:07:00.000Z,BUY,0.01,3,1,10.00,3,9420.00
2026-02-27T15:07:00.000Z,2026-02-27T15:08:00.000Z,BUY,0.01,1,1,10.00,1,9430.00
2026-02-27T15:08:00.000Z,2026-02-27T15:20:00.000Z,BUY,0.01,1,1,10.00,1,9440.00
2026-02-27T15:20:00.000Z,2026-02-27T15:23:00.000Z,BUY,0.01,1,1,10.00,1,9450.00
2026-02-27T15:23:00.000Z,2026-02-27T17:52:00.000Z,BUY,0.01,3,1,10.00,3,9460.00
2026-02-27T17:52:00.000Z,2026-02-27T18:13:00.000Z,BUY,0.01,1,1,10.00,1,9470.00
2026-02-27T18:13:00.000Z,2026-02-27T18:24:00.000Z,BUY,0.01,2,1,10.00,2,9480.00
2026-02-27T18:24:00.000Z,2026-02-27T18:24:00.000Z,BUY,0.01,1,1,10.00,1,9490.00
2026-02-27T18:24:00.000Z,2026-02-27T20:48:00.000Z,BUY,0.01,1,1,10.00,1,9500.00
2026-02-27T20:48:00.000Z,2026-02-27T22:17:00.000Z,BUY,0.01,1,1,10.00,1,9510.00
2026-02-27T22:17:00.000Z,2026-02-27T22:52:00.000Z,BUY,0.01,1,1,10.00,1,9520.00
2026-02-27T22:52:00.000Z,2026-02-27T23:40:00.000Z,BUY,0.01,1,1,10.00,1,9530.00
2026-02-27T23:40:00.000Z,2026-03-02T01:00:00.000Z,BUY,0.01,1,1,10.00,1,9540.00
2026-03-02T01:00:00.000Z,2026-03-02T01:00:00.000Z,BUY,0.01,1,1,10.00,1,9550.00
2026-03-02T01:00:00.000Z,2026-03-02T01:00:00.000Z,BUY,0.01,1,1,10.00,1,9560.00
2026-03-02T01:00:00.000Z,2026-03-02T01:00:00.000Z,BUY,0.01,1,1,10.00,1,9570.00
2026-03-02T01:00:00.000Z,2026-03-02T01:00:00.000Z,BUY,0.01,1,1,10.00,1,9580.00
2026-03-02T01:00:00.000Z,2026-03-02T01:00:00.000Z,BUY,0.01,1,1,10.00,1,9590.00
2026-03-02T01:00:00.000Z,2026-03-02T01:00:00.000Z,BUY,0.01,1,1,10.00,1,9600.00
2026-03-02T01:00:00.000Z,2026-03-02T01:00:00.000Z,BUY,0.01,1,1,10.00,1,9610.00
2026-03-02T01:00:00.000Z,2026-03-02T01:00:00.000Z,BUY,0.01,2,1,10.00,2,9620.00
2026-03-02T01:00:00.000Z,2026-03-02T01:00:00.000Z,BUY,0.01,1,1,10.00,1,9630.00
2026-03-02T01:00:00.000Z,2026-03-02T01:00:00.000Z,BUY,0.01,1,1,10.00,1,9640.00
2026-03-02T01:00:00.000Z,2026-03-02T01:00:00.000Z,BUY,0.01,1,1,10.00,1,9650.00
2026-03-02T01:00:00.000Z,2026-03-02T01:00:00.000Z,BUY,0.01,2,1,10.00,2,9660.00
2026-03-02T01:00:00.000Z,2026-03-02T01:02:00.000Z,BUY,0.01,3,1,10.00,3,9670.00
2026-03-02T01:02:00.000Z,2026-03-02T01:03:00.000Z,BUY,0.01,3,1,10.00,3,9680.00
2026-03-02T01:03:00.000Z,2026-03-02T01:04:00.000Z,BUY,0.01,1,1,10.00,1,9690.00
2026-03-02T01:04:00.000Z,2026-03-02T01:05:00.000Z,BUY,0.01,1,1,10.00,1,9700.00
2026-03-02T01:05:00.000Z,2026-03-02T01:05:00.000Z,BUY,0.01,1,1,10.00,1,9710.00
2026-03-02T01:05:00.000Z,2026-03-02T01:06:00.000Z,BUY,0.01,2,1,10.00,2,9720.00
2026-03-02T01:06:00.000Z,2026-03-02T01:06:00.000Z,BUY,0.01,1,1,10.00,1,9730.00
2026-03-02T01:06:00.000Z,2026-03-02T01:06:00.000Z,BUY,0.01,1,1,10.00,1,9740.00
2026-03-02T01:06:00.000Z,2026-03-02T01:07:00.000Z,BUY,0.01,2,1,10.00,2,9750.00
2026-03-02T01:07:00.000Z,2026-03-02T01:08:00.000Z,BUY,0.01,1,1,10.00,1,9760.00
2026-03-02T01:08:00.000Z,2026-03-02T01:09:00.000Z,BUY,0.01,1,1,10.00,1,9770.00
2026-03-02T01:09:00.000Z,2026-03-02T01:32:00.000Z,BUY,0.01,1,1,10.00,1,9780.00
2026-03-02T01:32:00.000Z,2026-03-02T01:38:00.000Z,BUY,0.01,1,1,10.00,1,9790.00
2026-03-02T01:38:00.000Z,2026-03-02T01:42:00.000Z,BUY,0.01,1,1,10.00,1,9800.00
2026-03-02T01:42:00.000Z,2026-03-02T02:17:00.000Z,BUY,0.01,2,1,10.00,2,9810.00
2026-03-02T02:17:00.000Z,2026-03-02T02:34:00.000Z,BUY,0.01,1,1,10.00,1,9820.00
2026-03-02T02:34:00.000Z,2026-03-02T03:00:00.000Z,BUY,0.01,2,1,10.00,2,9830.00
2026-03-02T03:00:00.000Z,2026-03-02T03:29:00.000Z,BUY,0.01,4,1,10.00,4,9840.00
2026-03-02T03:29:00.000Z,2026-03-02T03:29:00.000Z,BUY,0.01,1,1,10.00,1,9850.00
2026-03-02T03:29:00.000Z,2026-03-02T03:36:00.000Z,BUY,0.01,1,1,10.00,1,9860.00
2026-03-02T03:36:00.000Z,2026-03-02T04:37:00.000Z,BUY,0.01,1,1,10.00,1,9870.00
2026-03-02T04:37:00.000Z,2026-03-02T04:44:00.000Z,BUY,0.01,1,1,10.00,1,9880.00
2026-03-02T04:44:00.000Z,2026-03-02T05:37:00.000Z,BUY,0.01,1,1,10.00,1,9890.00
2026-03-02T05:37:00.000Z,2026-03-02T08:06:00.000Z,BUY,0.01,3,1,10.00,3,9900.00
2026-03-02T08:06:00.000Z,2026-03-02T08:30:00.000Z,BUY,0.01,1,1,10.00,1,9910.00
2026-03-02T08:30:00.000Z,2026-03-02T09:07:00.000Z,BUY,0.01,1,1,10.00,1,9920.00
2026-03-02T09:07:00.000Z,2026-03-02T09:12:00.000Z,BUY,0.01,1,1,10.00,1,9930.00
2026-03-02T09:12:00.000Z,2026-03-02T09:16:00.000Z,BUY,0.01,1,1,10.00,1,9940.00
2026-03-02T09:16:00.000Z,2026-03-02T12:05:00.000Z,BUY,0.01,2,1,10.00,2,9950.00
2026-03-02T12:05:00.000Z,2026-03-02T12:10:00.000Z,BUY,0.01,1,1,10.00,1,9960.00
2026-03-02T12:10:00.000Z,2026-03-02T15:05:00.000Z,BUY,0.01,1,1,10.00,1,9970.00
2026-03-02T15:05:00.000Z,2026-03-02T15:31:00.000Z,BUY,0.01,3,1,10.00,3,9980.00
2026-03-02T15:31:00.000Z,2026-03-02T16:04:00.000Z,BUY,0.01,2,1,10.00,2,9990.00
2026-03-02T16:04:00.000Z,2026-03-02T16:22:00.000Z,BUY,0.01,2,1,10.00,2,10000.00
2026-03-02T16:22:00.000Z,2026-03-02T16:26:00.000Z,BUY,0.01,2,1,10.00,2,10010.00
2026-03-02T16:26:00.000Z,2026-03-02T16:28:00.000Z,BUY,0.01,1,1,10.00,1,10020.00
2026-03-02T16:28:00.000Z,2026-03-02T16:38:00.000Z,BUY,0.01,3,1,10.00,3,10030.00
2026-03-02T16:38:00.000Z,2026-03-02T16:42:00.000Z,BUY,0.01,1,1,10.00,1,10040.00
2026-03-02T16:42:00.000Z,2026-03-02T16:52:00.000Z,BUY,0.01,2,1,10.00,2,10050.00
2026-03-02T16:52:00.000Z,2026-03-02T16:52:00.000Z,BUY,0.01,1,1,10.00,1,10060.00
2026-03-02T16:52:00.000Z,2026-03-02T17:08:00.000Z,BUY,0.01,3,1,10.00,3,10070.00
2026-03-02T17:08:00.000Z,2026-03-02T17:57:00.000Z,BUY,0.01,4,1,10.00,4,10080.00
2026-03-02T17:57:00.000Z,2026-03-02T18:01:00.000Z,BUY,0.01,4,1,10.00,4,10090.00
2026-03-02T18:01:00.000Z,2026-03-02T18:07:00.000Z,BUY,0.01,3,1,10.00,3,10100.00
2026-03-02T18:07:00.000Z,2026-03-02T18:25:00.000Z,BUY,0.01,1,1,10.00,1,10110.00
2026-03-02T18:25:00.000Z,2026-03-02T19:31:00.000Z,BUY,0.01,3,1,10.00,3,10120.00
2026-03-02T19:31:00.000Z,2026-03-02T21:04:00.000Z,BUY,0.01,3,1,10.00,3,10130.00
2026-03-02T21:04:00.000Z,2026-03-02T22:06:00.000Z,BUY,0.01,1,1,10.00,1,10140.00
2026-03-02T22:06:00.000Z,2026-03-02T22:11:00.000Z,BUY,0.01,1,1,10.00,1,10150.00
2026-03-02T22:11:00.000Z,2026-03-03T02:17:00.000Z,BUY,0.01,3,1,10.00,3,10160.00
2026-03-03T02:17:00.000Z,2026-03-03T03:07:00.000Z,BUY,0.01,1,1,10.00,1,10170.00
2026-03-03T03:07:00.000Z,2026-03-03T03:21:00.000Z,BUY,0.01,1,1,10.00,1,10180.00
2026-03-03T03:21:00.000Z,2026-03-03T03:47:00.000Z,BUY,0.01,2,1,10.00,2,10190.00
2026-03-03T03:47:00.000Z,2026-03-03T03:51:00.000Z,BUY,0.01,1,1,10.00,1,10200.00
2026-03-03T03:51:00.000Z,2026-03-03T04:49:00.000Z,BUY,0.01,3,1,10.00,3,10210.00
2026-03-03T04:49:00.000Z,2026-03-03T07:38:00.000Z,BUY,0.01,2,1,10.00,2,10220.00
2026-03-03T07:38:00.000Z,2026-03-03T07:56:00.000Z,BUY,0.01,2,1,10.00,2,10230.00
2026-03-03T07:56:00.000Z,2026-03-03T07:58:00.000Z,BUY,0.01,1,1,10.00,1,10240.00
2026-03-03T07:58:00.000Z,2026-03-03T08:14:00.000Z,BUY,0.01,2,1,10.00,2,10250.00
2026-03-03T08:14:00.000Z,2026-03-03T08:15:00.000Z,BUY,0.01,1,1,10.00,1,10260.00
2026-03-03T08:15:00.000Z,2026-03-03T08:20:00.000Z,BUY,0.01,1,1,10.00,1,10270.00
2026-03-03T08:20:00.000Z,2026-03-03T08:28:00.000Z,BUY,0.01,1,1,10.00,1,10280.00
2026-03-03T08:28:00.000Z,2026-03-03T09:40:00.000Z,BUY,0.01,3,1,10.00,3,10290.00
2026-03-03T09:40:00.000Z,2026-03-03T10:40:00.000Z,BUY,0.01,2,1,10.00,2,10300.00
2026-03-03T10:40:00.000Z,2026-03-03T11:05:00.000Z,SELL,0.01,1,1,10.00,1,10310.00
2026-03-03T11:05:00.000Z,2026-03-03T11:25:00.000Z,SELL,0.01,1,1,10.00,1,10320.00
2026-03-03T11:25:00.000Z,2026-03-03T11:25:00.000Z,SELL,0.01,1,1,10.00,1,10330.00
2026-03-03T11:25:00.000Z,2026-03-03T11:25:00.000Z,SELL,0.01,1,1,10.00,1,10340.00
2026-03-03T11:25:00.000Z,2026-03-03T11:25:00.000Z,SELL,0.01,1,1,10.00,1,10350.00
2026-03-03T11:25:00.000Z,2026-03-03T11:25:00.000Z,SELL,0.01,2,1,10.00,2,10360.00
2026-03-03T11:25:00.000Z,2026-03-03T11:25:00.000Z,SELL,0.01,1,1,10.00,1,10370.00
2026-03-03T11:25:00.000Z,2026-03-03T11:25:00.000Z,SELL,0.01,1,1,10.00,1,10380.00
2026-03-03T11:25:00.000Z,2026-03-03T11:26:00.000Z,SELL,0.01,1,1,10.00,1,10390.00
2026-03-03T11:26:00.000Z,2026-03-03T11:27:00.000Z,SELL,0.01,1,1,10.00,1,10400.00
2026-03-03T11:27:00.000Z,2026-03-03T11:33:00.000Z,SELL,0.01,2,1,10.00,2,10410.00
2026-03-03T11:33:00.000Z,2026-03-03T12:38:00.000Z,SELL,0.01,3,1,10.00,3,10420.00
2026-03-03T12:38:00.000Z,2026-03-03T12:53:00.000Z,SELL,0.01,1,1,10.00,1,10430.00
2026-03-03T12:53:00.000Z,2026-03-03T13:07:00.000Z,SELL,0.01,1,1,10.00,1,10440.00
2026-03-03T13:07:00.000Z,2026-03-03T13:07:00.000Z,SELL,0.01,1,1,10.00,1,10450.00
2026-03-03T13:07:00.000Z,2026-03-03T13:07:00.000Z,SELL,0.01,1,1,10.00,1,10460.00
2026-03-03T13:07:00.000Z,2026-03-03T13:07:00.000Z,SELL,0.01,1,1,10.00,1,10470.00
2026-03-03T13:07:00.000Z,2026-03-03T13:07:00.000Z,SELL,0.01,2,1,10.00,2,10480.00
2026-03-03T13:07:00.000Z,2026-03-03T13:07:00.000Z,SELL,0.01,1,1,10.00,1,10490.00
2026-03-03T13:07:00.000Z,2026-03-03T13:07:00.000Z,SELL,0.01,1,1,10.00,1,10500.00
2026-03-03T13:07:00.000Z,2026-03-03T13:07:00.000Z,SELL,0.01,1,1,10.00,1,10510.00
2026-03-03T13:07:00.000Z,2026-03-03T13:08:00.000Z,SELL,0.01,1,1,10.00,1,10520.00
2026-03-03T13:08:00.000Z,2026-03-03T13:09:00.000Z,SELL,0.01,3,1,10.00,3,10530.00
2026-03-03T13:09:00.000Z,2026-03-03T13:09:00.000Z,SELL,0.01,1,1,10.00,1,10540.00
2026-03-03T13:09:00.000Z,2026-03-03T13:09:00.000Z,SELL,0.01,1,1,10.00,1,10550.00
2026-03-03T13:09:00.000Z,2026-03-03T13:10:00.000Z,SELL,0.01,2,1,10.00,2,10560.00
2026-03-03T13:10:00.000Z,2026-03-03T13:10:00.000Z,SELL,0.01,1,1,10.00,1,10570.00
2026-03-03T13:10:00.000Z,2026-03-03T13:10:00.000Z,SELL,0.01,1,1,10.00,1,10580.00
2026-03-03T13:10:00.000Z,2026-03-03T13:12:00.000Z,SELL,0.01,2,1,10.00,2,10590.00
2026-03-03T13:12:00.000Z,2026-03-03T13:12:00.000Z,SELL,0.01,1,1,10.00,1,10600.00
2026-03-03T13:12:00.000Z,2026-03-03T13:17:00.000Z,SELL,0.01,1,1,10.00,1,10610.00
2026-03-03T13:17:00.000Z,2026-03-03T13:27:00.000Z,SELL,0.01,3,1,10.00,3,10620.00
2026-03-03T13:27:00.000Z,2026-03-03T13:28:00.000Z,SELL,0.01,1,1,10.00,1,10630.00
2026-03-03T13:28:00.000Z,2026-03-03T13:29:00.000Z,SELL,0.01,1,1,10.00,1,10640.00
2026-03-03T13:29:00.000Z,2026-03-03T13:29:00.000Z,SELL,0.01,1,1,10.00,1,10650.00
2026-03-03T13:29:00.000Z,2026-03-03T13:29:00.000Z,SELL,0.01,1,1,10.00,1,10660.00
2026-03-03T13:29:00.000Z,2026-03-03T13:29:00.000Z,SELL,0.01,1,1,10.00,1,10670.00
2026-03-03T13:29:00.000Z,2026-03-03T13:29:00.000Z,SELL,0.01,2,1,10.00,2,10680.00
2026-03-03T13:29:00.000Z,2026-03-03T13:29:00.000Z,SELL,0.01,1,1,10.00,1,10690.00
2026-03-03T13:29:00.000Z,2026-03-03T13:29:00.000Z,SELL,0.01,1,1,10.00,1,10700.00
2026-03-03T13:29:00.000Z,2026-03-03T13:30:00.000Z,SELL,0.01,1,1,10.00,1,10710.00
2026-03-03T13:30:00.000Z,2026-03-03T13:31:00.000Z,SELL,0.01,1,1,10.00,1,10720.00
2026-03-03T13:31:00.000Z,2026-03-03T13:31:00.000Z,SELL,0.01,1,1,10.00,1,10730.00
2026-03-03T13:31:00.000Z,2026-03-03T13:31:00.000Z,SELL,0.01,1,1,10.00,1,10740.00
2026-03-03T13:31:00.000Z,2026-03-03T13:31:00.000Z,SELL,0.01,1,1,10.00,1,10750.00
2026-03-03T13:31:00.000Z,2026-03-03T13:31:00.000Z,SELL,0.01,2,1,10.00,2,10760.00
2026-03-03T13:31:00.000Z,2026-03-03T13:32:00.000Z,SELL,0.01,3,1,10.00,3,10770.00
2026-03-03T13:32:00.000Z,2026-03-03T13:32:00.000Z,SELL,0.01,1,1,10.00,1,10780.00
2026-03-03T13:32:00.000Z,2026-03-03T13:32:00.000Z,SELL,0.01,1,1,10.00,1,10790.00
2026-03-03T13:32:00.000Z,2026-03-03T13:34:00.000Z,SELL,0.01,4,1,10.00,4,10800.00
2026-03-03T13:34:00.000Z,2026-03-03T13:34:00.000Z,SELL,0.01,1,1,10.00,1,10810.00
2026-03-03T13:34:00.000Z,2026-03-03T13:34:00.000Z,SELL,0.01,1,1,10.00,1,10820.00
2026-03-03T13:34:00.000Z,2026-03-03T13:34:00.000Z,SELL,0.01,2,1,10.00,2,10830.00
2026-03-03T13:34:00.000Z,2026-03-03T13:42:00.000Z,SELL,0.01,3,1,10.00,3,10840.00
2026-03-03T13:42:00.000Z,2026-03-03T13:45:00.000Z,SELL,0.01,2,1,10.00,2,10850.00
2026-03-03T13:45:00.000Z,2026-03-03T13:45:00.000Z,SELL,0.01,1,1,10.00,1,10860.00
2026-03-03T13:45:00.000Z,2026-03-03T13:55:00.000Z,SELL,0.01,2,1,10.00,2,10870.00
2026-03-03T13:55:00.000Z,2026-03-03T13:57:00.000Z,SELL,0.01,1,1,10.00,1,10880.00
2026-03-03T13:57:00.000Z,2026-03-03T14:09:00.000Z,SELL,0.01,2,1,10.00,2,10890.00
2026-03-03T14:09:00.000Z,2026-03-03T14:27:00.000Z,SELL,0.01,2,1,10.00,2,10900.00
2026-03-03T14:27:00.000Z,2026-03-03T14:27:00.000Z,SELL,0.01,1,1,10.00,1,10910.00
2026-03-03T14:27:00.000Z,2026-03-03T14:57:00.000Z,SELL,0.01,2,1,10.00,2,10920.00
2026-03-03T14:57:00.000Z,2026-03-03T15:00:00.000Z,SELL,0.01,1,1,10.00,1,10930.00
2026-03-03T15:00:00.000Z,2026-03-03T15:00:00.000Z,SELL,0.01,1,1,10.00,1,10940.00
2026-03-03T15:00:00.000Z,2026-03-03T15:01:00.000Z,SELL,0.01,1,1,10.00,1,10950.00
2026-03-03T15:01:00.000Z,2026-03-03T15:02:00.000Z,SELL,0.01,1,1,10.00,1,10960.00
2026-03-03T15:02:00.000Z,2026-03-03T15:04:00.000Z,SELL,0.01,1,1,10.00,1,10970.00
2026-03-03T15:04:00.000Z,2026-03-03T15:07:00.000Z,SELL,0.01,1,1,10.00,1,10980.00
2026-03-03T15:07:00.000Z,2026-03-03T15:08:00.000Z,SELL,0.01,1,1,10.00,1,10990.00
2026-03-03T15:08:00.000Z,2026-03-03T15:34:00.000Z,SELL,0.01,2,1,10.00,2,11000.00
2026-03-03T15:34:00.000Z,2026-03-03T15:35:00.000Z,SELL,0.01,1,1,10.00,1,11010.00
2026-03-03T15:35:00.000Z,2026-03-03T15:38:00.000Z,SELL,0.01,1,1,10.00,1,11020.00
2026-03-03T15:38:00.000Z,2026-03-03T15:40:00.000Z,SELL,0.01,1,1,10.00,1,11030.00
2026-03-03T15:40:00.000Z,2026-03-03T15:45:00.000Z,SELL,0.01,1,1,10.00,1,11040.00
2026-03-03T15:45:00.000Z,2026-03-03T15:47:00.000Z,SELL,0.01,1,1,10.00,1,11050.00
2026-03-03T15:47:00.000Z,2026-03-03T16:01:00.000Z,SELL,0.01,2,1,10.00,2,11060.00
2026-03-03T16:01:00.000Z,2026-03-03T16:15:00.000Z,SELL,0.01,1,1,10.00,1,11070.00
2026-03-03T16:15:00.000Z,2026-03-03T16:18:00.000Z,SELL,0.01,1,1,10.00,1,11080.00
2026-03-03T16:18:00.000Z,2026-03-03T16:22:00.000Z,SELL,0.01,1,1,10.00,1,11090.00
2026-03-03T16:22:00.000Z,2026-03-03T16:31:00.000Z,SELL,0.01,1,1,10.00,1,11100.00
2026-03-03T16:31:00.000Z,2026-03-03T16:35:00.000Z,SELL,0.01,1,1,10.00,1,11110.00
2026-03-03T16:35:00.000Z,2026-03-03T16:41:00.000Z,SELL,0.01,3,1,10.00,3,11120.00
2026-03-03T16:41:00.000Z,2026-03-03T16:41:00.000Z,SELL,0.01,1,1,10.00,1,11130.00
2026-03-03T16:41:00.000Z,2026-03-03T16:42:00.000Z,SELL,0.01,1,1,10.00,1,11140.00
2026-03-03T16:42:00.000Z,2026-03-03T16:44:00.000Z,SELL,0.01,1,1,10.00,1,11150.00
2026-03-03T16:44:00.000Z,2026-03-03T16:45:00.000Z,SELL,0.01,1,1,10.00,1,11160.00
2026-03-03T16:45:00.000Z,2026-03-03T16:50:00.000Z,SELL,0.01,1,1,10.00,1,11170.00
2026-03-03T16:50:00.000Z,2026-03-03T16:50:00.000Z,SELL,0.01,1,1,10.00,1,11180.00
2026-03-03T16:50:00.000Z,2026-03-03T16:50:00.000Z,SELL,0.01,1,1,10.00,1,11190.00
2026-03-03T16:50:00.000Z,2026-03-03T16:51:00.000Z,SELL,0.01,3,1,10.00,3,11200.00
2026-03-03T16:51:00.000Z,2026-03-03T16:54:00.000Z,SELL,0.01,2,1,10.00,2,11210.00
2026-03-03T16:54:00.000Z,2026-03-03T16:59:00.000Z,SELL,0.01,1,1,10.00,1,11220.00
2026-03-03T16:59:00.000Z,2026-03-03T17:03:00.000Z,SELL,0.01,4,1,10.00,4,11230.00
2026-03-03T17:03:00.000Z,2026-03-03T17:03:00.000Z,SELL,0.01,1,1,10.00,1,11240.00
2026-03-03T17:03:00.000Z,2026-03-03T17:03:00.000Z,SELL,0.01,1,1,10.00,1,11250.00
2026-03-03T17:03:00.000Z,2026-03-03T17:04:00.000Z,SELL,0.01,1,1,10.00,1,11260.00
2026-03-03T17:04:00.000Z,2026-03-03T17:05:00.000Z,SELL,0.01,1,1,10.00,1,11270.00
2026-03-03T17:05:00.000Z,2026-03-03T17:06:00.000Z,SELL,0.01,2,1,10.00,2,11280.00
2026-03-03T17:06:00.000Z,2026-03-03T17:06:00.000Z,SELL,0.01,1,1,10.00,1,11290.00
2026-03-03T17:06:00.000Z,2026-03-03T17:10:00.000Z,SELL,0.01,1,1,10.00,1,11300.00
2026-03-03T17:10:00.000Z,2026-03-03T17:13:00.000Z,SELL,0.01,1,1,10.00,1,11310.00
2026-03-03T17:13:00.000Z,2026-03-03T17:16:00.000Z,SELL,0.01,1,1,10.00,1,11320.00
2026-03-03T17:16:00.000Z,2026-03-03T17:16:00.000Z,SELL,0.01,1,1,10.00,1,11330.00
2026-03-03T17:16:00.000Z,2026-03-03T17:17:00.000Z,SELL,0.01,3,1,10.00,3,11340.00
2026-03-03T17:17:00.000Z,2026-03-03T17:20:00.000Z,SELL,0.01,2,1,10.00,2,11350.00
2026-03-03T17:20:00.000Z,2026-03-03T17:31:00.000Z,SELL,0.01,2,1,10.00,2,11360.00
2026-03-03T17:31:00.000Z,2026-03-03T17:31:00.000Z,SELL,0.01,1,1,10.00,1,11370.00
2026-03-03T17:31:00.000Z,2026-03-03T17:51:00.000Z,SELL,0.01,2,1,10.00,2,11380.00
2026-03-03T17:51:00.000Z,2026-03-03T18:04:00.000Z,SELL,0.01,2,1,10.00,2,11390.00
2026-03-03T18:04:00.000Z,2026-03-03T19:00:00.000Z,SELL,0.01,3,1,10.00,3,11400.00
2026-03-03T19:00:00.000Z,2026-03-03T19:02:00.000Z,SELL,0.01,1,1,10.00,1,11410.00
2026-03-03T19:02:00.000Z,2026-03-03T19:30:00.000Z,SELL,0.01,3,1,10.00,3,11420.00
2026-03-03T19:30:00.000Z,2026-03-03T19:35:00.000Z,SELL,0.01,1,1,10.00,1,11430.00
2026-03-03T19:35:00.000Z,2026-03-03T20:07:00.000Z,SELL,0.01,2,1,10.00,2,11440.00
2026-03-03T20:07:00.000Z,2026-03-03T20:39:00.000Z,SELL,0.01,2,1,10.00,2,11450.00
2026-03-03T20:39:00.000Z,2026-03-03T21:12:00.000Z,SELL,0.01,3,1,10.00,3,11460.00
2026-03-03T21:12:00.000Z,2026-03-03T21:17:00.000Z,SELL,0.01,1,1,10.00,1,11470.00
2026-03-03T21:17:00.000Z,2026-03-03T22:51:00.000Z,SELL,0.01,3,1,10.00,3,11480.00
2026-03-03T22:51:00.000Z,2026-03-03T23:32:00.000Z,SELL,0.01,1,1,10.00,1,11490.00
2026-03-03T23:32:00.000Z,2026-03-04T01:08:00.000Z,SELL,0.01,4,1,10.00,4,11500.00
2026-03-04T01:08:00.000Z,2026-03-04T01:09:00.000Z,SELL,0.01,1,1,10.00,1,11510.00
2026-03-04T01:09:00.000Z,2026-03-04T02:43:00.000Z,SELL,0.01,2,1,10.00,2,11520.00
2026-03-04T02:43:00.000Z,2026-03-04T03:45:00.000Z,SELL,0.01,2,1,10.00,2,11530.00
2026-03-04T03:45:00.000Z,2026-03-04T04:59:00.000Z,SELL,0.01,3,1,10.00,3,11540.00
2026-03-04T04:59:00.000Z,2026-03-04T05:04:00.000Z,SELL,0.01,1,1,10.00,1,11550.00
2026-03-04T05:04:00.000Z,2026-03-04T05:57:00.000Z,SELL,0.01,2,1,10.00,2,11560.00
2026-03-04T05:57:00.000Z,2026-03-04T06:23:00.000Z,SELL,0.01,1,1,10.00,1,11570.00
2026-03-04T06:23:00.000Z,2026-03-04T06:42:00.000Z,SELL,0.01,1,1,10.00,1,11580.00
2026-03-04T06:42:00.000Z,2026-03-04T08:02:00.000Z,SELL,0.01,1,1,10.00,1,11590.00
2026-03-04T08:02:00.000Z,2026-03-04T08:06:00.000Z,SELL,0.01,1,1,10.00,1,11600.00
2026-03-04T08:06:00.000Z,2026-03-04T08:06:00.000Z,SELL,0.01,1,1,10.00,1,11610.00
2026-03-04T08:06:00.000Z,2026-03-04T08:35:00.000Z,SELL,0.01,2,1,10.00,2,11620.00
2026-03-04T08:35:00.000Z,2026-03-04T11:39:00.000Z,SELL,0.01,4,1,10.00,4,11630.00
2026-03-04T11:39:00.000Z,2026-03-04T14:30:00.000Z,SELL,0.01,3,1,10.00,3,11640.00
2026-03-04T14:30:00.000Z,2026-03-04T14:40:00.000Z,SELL,0.01,1,1,10.00,1,11650.00
2026-03-04T14:40:00.000Z,2026-03-04T15:13:00.000Z,SELL,0.01,2,1,10.00,2,11660.00
2026-03-04T15:13:00.000Z,2026-03-04T15:22:00.000Z,SELL,0.01,1,1,10.00,1,11670.00
2026-03-04T15:22:00.000Z,2026-03-04T15:57:00.000Z,SELL,0.01,1,1,10.00,1,11680.00
2026-03-04T15:57:00.000Z,2026-03-04T16:22:00.000Z,SELL,0.01,1,1,10.00,1,11690.00
2026-03-04T16:22:00.000Z,2026-03-04T16:48:00.000Z,SELL,0.01,3,1,10.00,3,11700.00
2026-03-04T16:48:00.000Z,2026-03-04T16:56:00.000Z,SELL,0.01,1,1,10.00,1,11710.00
2026-03-04T16:56:00.000Z,2026-03-04T17:14:00.000Z,SELL,0.01,3,1,10.00,3,11720.00
2026-03-04T17:14:00.000Z,2026-03-04T17:31:00.000Z,SELL,0.01,2,1,10.00,2,11730.00
2026-03-04T17:31:00.000Z,2026-03-04T17:40:00.000Z,SELL,0.01,1,1,10.00,1,11740.00
2026-03-04T17:40:00.000Z,2026-03-04T17:43:00.000Z,SELL,0.01,1,1,10.00,1,11750.00
2026-03-04T17:43:00.000Z,2026-03-04T19:23:00.000Z,SELL,0.01,3,1,10.00,3,11760.00
2026-03-04T19:23:00.000Z,2026-03-04T19:24:00.000Z,SELL,0.01,1,1,10.00,1,11770.00
2026-03-04T19:24:00.000Z,2026-03-04T20:40:00.000Z,SELL,0.01,3,1,10.00,3,11780.00
2026-03-04T20:40:00.000Z,2026-03-04T22:31:00.000Z,SELL,0.01,2,1,10.00,2,11790.00
2026-03-04T22:31:00.000Z,2026-03-04T23:34:00.000Z,SELL,0.01,1,1,10.00,1,11800.00
2026-03-04T23:34:00.000Z,2026-03-05T01:45:00.000Z,SELL,0.01,2,1,10.00,2,11810.00
2026-03-05T01:45:00.000Z,2026-03-05T04:56:00.000Z,SELL,0.01,2,1,10.00,2,11820.00
2026-03-05T04:56:00.000Z,2026-03-05T05:57:00.000Z,SELL,0.01,1,1,10.00,1,11830.00
2026-03-05T05:57:00.000Z,2026-03-05T07:58:00.000Z,BUY,0.01,2,1,10.00,2,11840.00
2026-03-05T07:58:00.000Z,2026-03-05T08:53:00.000Z,BUY,0.01,3,1,10.00,3,11850.00
2026-03-05T08:53:00.000Z,2026-03-05T09:02:00.000Z,BUY,0.01,1,1,10.00,1,11860.00
2026-03-05T09:02:00.000Z,2026-03-05T10:15:00.000Z,BUY,0.01,2,1,10.00,2,11870.00
2026-03-05T10:15:00.000Z,2026-03-05T10:31:00.000Z,BUY,0.01,1,1,10.00,1,11880.00
2026-03-05T10:31:00.000Z,2026-03-05T10:37:00.000Z,BUY,0.01,1,1,10.00,1,11890.00
2026-03-05T10:37:00.000Z,2026-03-05T11:06:00.000Z,BUY,0.01,1,1,10.00,1,11900.00
2026-03-05T11:06:00.000Z,2026-03-05T15:16:00.000Z,BUY,0.01,4,1,10.00,4,11910.00
2026-03-05T15:16:00.000Z,2026-03-05T15:16:00.000Z,BUY,0.01,1,1,10.00,1,11920.00
2026-03-05T15:16:00.000Z,2026-03-05T15:20:00.000Z,BUY,0.01,2,1,10.00,2,11930.00
2026-03-05T15:20:00.000Z,2026-03-05T15:20:00.000Z,BUY,0.01,1,1,10.00,1,11940.00
2026-03-05T15:20:00.000Z,2026-03-05T15:22:00.000Z,BUY,0.01,2,1,10.00,2,11950.00
2026-03-05T15:22:00.000Z,2026-03-05T15:22:00.000Z,BUY,0.01,1,1,10.00,1,11960.00
2026-03-05T15:22:00.000Z,2026-03-05T15:28:00.000Z,BUY,0.01,3,1,10.00,3,11970.00
2026-03-05T15:28:00.000Z,2026-03-05T15:36:00.000Z,BUY,0.01,1,1,10.00,1,11980.00
2026-03-05T15:36:00.000Z,2026-03-05T16:39:00.000Z,BUY,0.01,2,1,10.00,2,11990.00
2026-03-05T16:39:00.000Z,2026-03-05T16:39:00.000Z,SELL,0.01,1,1,10.00,1,12000.00
2026-03-05T16:39:00.000Z,2026-03-05T17:08:00.000Z,SELL,0.01,3,1,10.00,3,12010.00
2026-03-05T17:08:00.000Z,2026-03-05T17:08:00.000Z,SELL,0.01,1,1,10.00,1,12020.00
2026-03-05T17:08:00.000Z,2026-03-05T17:08:00.000Z,SELL,0.01,1,1,10.00,1,12030.00
2026-03-05T17:08:00.000Z,2026-03-05T17:17:00.000Z,SELL,0.01,4,1,10.00,4,12040.00
2026-03-05T17:17:00.000Z,2026-03-05T17:21:00.000Z,SELL,0.01,1,1,10.00,1,12050.00
2026-03-05T17:21:00.000Z,2026-03-05T18:21:00.000Z,SELL,0.01,3,1,10.00,3,12060.00
2026-03-05T18:21:00.000Z,2026-03-05T18:26:00.000Z,SELL,0.01,1,1,10.00,1,12070.00
2026-03-05T18:26:00.000Z,2026-03-05T22:15:00.000Z,SELL,0.01,5,0,-2420.00,5,9650.00
2026-03-05T22:15:00.000Z,2026-03-06T03:00:00.000Z,SELL,0.01,3,1,10.00,3,9660.00
2026-03-06T03:00:00.000Z,2026-03-06T03:35:00.000Z,SELL,0.01,2,1,10.00,2,9670.00
2026-03-06T03:35:00.000Z,2026-03-06T03:50:00.000Z,SELL,0.01,2,1,10.00,2,9680.00
2026-03-06T03:50:00.000Z,2026-03-06T07:38:00.000Z,SELL,0.01,1,1,10.00,1,9690.00
2026-03-06T07:38:00.000Z,2026-03-06T08:02:00.000Z,SELL,0.01,1,1,10.00,1,9700.00
2026-03-06T08:02:00.000Z,2026-03-06T10:30:00.000Z,SELL,0.01,1,1,10.00,1,9710.00
2026-03-06T10:30:00.000Z,2026-03-06T11:36:00.000Z,SELL,0.01,1,1,10.00,1,9720.00
2026-03-06T11:36:00.000Z,2026-03-06T12:01:00.000Z,SELL,0.01,1,1,10.00,1,9730.00
2026-03-06T12:01:00.000Z,2026-03-06T13:56:00.000Z,SELL,0.01,3,1,10.00,3,9740.00
2026-03-06T13:56:00.000Z,2026-03-06T15:30:00.000Z,SELL,0.01,4,1,10.00,4,9750.00
2026-03-06T15:30:00.000Z,2026-03-06T15:30:00.000Z,SELL,0.01,3,1,10.00,3,9760.00
2026-03-06T15:30:00.000Z,2026-03-06T15:30:00.000Z,SELL,0.01,2,1,10.00,2,9770.00
2026-03-06T15:30:00.000Z,2026-03-06T15:31:00.000Z,SELL,0.01,1,1,10.00,1,9780.00
2026-03-06T15:31:00.000Z,2026-03-06T15:55:00.000Z,SELL,0.01,3,1,10.00,3,9790.00
2026-03-06T15:55:00.000Z,2026-03-06T15:56:00.000Z,SELL,0.01,1,1,10.00,1,9800.00
2026-03-06T15:56:00.000Z,2026-03-06T15:57:00.000Z,SELL,0.01,1,1,10.00,1,9810.00
2026-03-06T15:57:00.000Z,2026-03-06T16:25:00.000Z,SELL,0.01,2,1,10.00,2,9820.00
2026-03-06T16:25:00.000Z,2026-03-06T16:35:00.000Z,SELL,0.01,1,1,10.00,1,9830.00
2026-03-06T16:35:00.000Z,2026-03-06T16:39:00.000Z,SELL,0.01,1,1,10.00,1,9840.00
2026-03-06T16:39:00.000Z,2026-03-06T16:56:00.000Z,SELL,0.01,2,1,10.00,2,9850.00
2026-03-06T16:56:00.000Z,2026-03-06T17:02:00.000Z,SELL,0.01,2,1,10.00,2,9860.00
2026-03-06T17:02:00.000Z,2026-03-06T17:52:00.000Z,SELL,0.01,3,1,10.00,3,9870.00
2026-03-06T17:52:00.000Z,2026-03-06T18:40:00.000Z,SELL,0.01,1,1,10.00,1,9880.00
2026-03-06T18:40:00.000Z,2026-03-06T20:39:00.000Z,SELL,0.01,2,1,10.00,2,9890.00
2026-03-06T20:39:00.000Z,2026-03-06T20:45:00.000Z,BUY,0.01,1,1,10.00,1,9900.00
2026-03-06T20:45:00.000Z,2026-03-09T01:00:00.000Z,BUY,0.01,2,1,10.00,2,9910.00
2026-03-09T01:00:00.000Z,2026-03-09T01:10:00.000Z,BUY,0.01,2,1,10.00,2,9920.00
2026-03-09T01:10:00.000Z,2026-03-09T01:38:00.000Z,BUY,0.01,2,1,10.00,2,9930.00
2026-03-09T01:38:00.000Z,2026-03-09T01:42:00.000Z,BUY,0.01,2,1,10.00,2,9940.00
2026-03-09T01:42:00.000Z,2026-03-09T01:42:00.000Z,BUY,0.01,1,1,10.00,1,9950.00
2026-03-09T01:42:00.000Z,2026-03-09T01:42:00.000Z,BUY,0.01,1,1,10.00,1,9960.00
2026-03-09T01:42:00.000Z,2026-03-09T01:58:00.000Z,BUY,0.01,3,1,10.00,3,9970.00
2026-03-09T01:58:00.000Z,2026-03-09T02:10:00.000Z,BUY,0.01,2,1,10.00,2,9980.00
2026-03-09T02:10:00.000Z,2026-03-09T02:33:00.000Z,BUY,0.01,1,1,10.00,1,9990.00
2026-03-09T02:33:00.000Z,2026-03-09T03:00:00.000Z,BUY,0.01,2,1,10.00,2,10000.00
2026-03-09T03:00:00.000Z,2026-03-09T03:01:00.000Z,SELL,0.01,3,1,10.00,3,10010.00
2026-03-09T03:01:00.000Z,2026-03-09T03:05:00.000Z,SELL,0.01,2,1,10.00,2,10020.00
2026-03-09T03:05:00.000Z,2026-03-09T03:05:00.000Z,SELL,0.01,1,1,10.00,1,10030.00
2026-03-09T03:05:00.000Z,2026-03-09T03:12:00.000Z,SELL,0.01,2,1,10.00,2,10040.00
2026-03-09T03:12:00.000Z,2026-03-09T04:03:00.000Z,SELL,0.01,3,1,10.00,3,10050.00
2026-03-09T04:03:00.000Z,2026-03-09T04:10:00.000Z,SELL,0.01,2,1,10.00,2,10060.00
2026-03-09T04:10:00.000Z,2026-03-09T04:20:00.000Z,SELL,0.01,1,1,10.00,1,10070.00
2026-03-09T04:20:00.000Z,2026-03-09T07:33:00.000Z,SELL,0.01,2,1,10.00,2,10080.00
2026-03-09T07:33:00.000Z,2026-03-09T07:47:00.000Z,SELL,0.01,2,1,10.00,2,10090.00
2026-03-09T07:47:00.000Z,2026-03-09T07:47:00.000Z,SELL,0.01,1,1,10.00,1,10100.00
2026-03-09T07:47:00.000Z,2026-03-09T08:38:00.000Z,SELL,0.01,1,1,10.00,1,10110.00
2026-03-09T08:38:00.000Z,2026-03-09T08:43:00.000Z,SELL,0.01,1,1,10.00,1,10120.00
2026-03-09T08:43:00.000Z,2026-03-09T09:00:00.000Z,SELL,0.01,1,1,10.00,1,10130.00
2026-03-09T09:00:00.000Z,2026-03-09T11:28:00.000Z,SELL,0.01,2,1,10.00,2,10140.00
2026-03-09T11:28:00.000Z,2026-03-09T11:41:00.000Z,SELL,0.01,1,1,10.00,1,10150.00
2026-03-09T11:41:00.000Z,2026-03-09T11:44:00.000Z,SELL,0.01,1,1,10.00,1,10160.00
2026-03-09T11:44:00.000Z,2026-03-09T12:30:00.000Z,SELL,0.01,1,1,10.00,1,10170.00
2026-03-09T12:30:00.000Z,2026-03-09T12:51:00.000Z,SELL,0.01,1,1,10.00,1,10180.00
2026-03-09T12:51:00.000Z,2026-03-09T15:43:00.000Z,SELL,0.01,5,1,10.00,5,10190.00
2026-03-09T15:43:00.000Z,2026-03-09T16:11:00.000Z,SELL,0.01,1,1,10.00,1,10200.00
2026-03-09T16:11:00.000Z,2026-03-09T16:38:00.000Z,SELL,0.01,2,1,10.00,2,10210.00
2026-03-09T16:38:00.000Z,2026-03-09T17:06:00.000Z,SELL,0.01,3,1,10.00,3,10220.00
2026-03-09T17:06:00.000Z,2026-03-09T20:36:00.000Z,SELL,0.01,2,1,10.00,2,10230.00
2026-03-09T20:36:00.000Z,2026-03-09T21:59:00.000Z,SELL,0.01,2,1,10.00,2,10240.00
2026-03-09T21:59:00.000Z,2026-03-09T22:55:00.000Z,SELL,0.01,1,1,10.00,1,10250.00
2026-03-09T22:55:00.000Z,2026-03-10T01:00:00.000Z,BUY,0.01,1,1,10.00,1,10260.00
2026-03-10T01:00:00.000Z,2026-03-10T01:00:00.000Z,BUY,0.01,1,1,10.00,1,10270.00
2026-03-10T01:00:00.000Z,2026-03-10T03:25:00.000Z,BUY,0.01,3,1,10.00,3,10280.00
2026-03-10T03:25:00.000Z,2026-03-10T03:54:00.000Z,BUY,0.01,1,1,10.00,1,10290.00
2026-03-10T03:54:00.000Z,2026-03-10T03:59:00.000Z,BUY,0.01,1,1,10.00,1,10300.00
2026-03-10T03:59:00.000Z,2026-03-10T06:02:00.000Z,BUY,0.01,2,1,10.00,2,10310.00
2026-03-10T06:02:00.000Z,2026-03-10T06:15:00.000Z,BUY,0.01,1,1,10.00,1,10320.00
2026-03-10T06:15:00.000Z,2026-03-10T07:53:00.000Z,BUY,0.01,1,1,10.00,1,10330.00
2026-03-10T07:53:00.000Z,2026-03-10T10:30:00.000Z,BUY,0.01,1,1,10.00,1,10340.00
2026-03-10T10:30:00.000Z,2026-03-10T15:00:00.000Z,BUY,0.01,5,1,10.00,5,10350.00
2026-03-10T15:00:00.000Z,2026-03-10T15:18:00.000Z,BUY,0.01,1,1,10.00,1,10360.00
2026-03-10T15:18:00.000Z,2026-03-10T15:21:00.000Z,BUY,0.01,1,1,10.00,1,10370.00
2026-03-10T15:21:00.000Z,2026-03-10T15:26:00.000Z,BUY,0.01,1,1,10.00,1,10380.00
2026-03-10T15:26:00.000Z,2026-03-10T15:46:00.000Z,BUY,0.01,2,1,10.00,2,10390.00
2026-03-10T15:46:00.000Z,2026-03-10T15:50:00.000Z,BUY,0.01,1,1,10.00,1,10400.00
2026-03-10T15:50:00.000Z,2026-03-10T17:09:00.000Z,BUY,0.01,3,1,10.00,3,10410.00
2026-03-10T17:09:00.000Z,2026-03-10T17:20:00.000Z,BUY,0.01,1,1,10.00,1,10420.00
2026-03-10T17:20:00.000Z,2026-03-10T17:45:00.000Z,BUY,0.01,1,1,10.00,1,10430.00
2026-03-10T17:45:00.000Z,2026-03-10T20:16:00.000Z,BUY,0.01,2,1,10.00,2,10440.00
2026-03-10T20:16:00.000Z,2026-03-10T20:18:00.000Z,BUY,0.01,2,1,10.00,2,10450.00
2026-03-10T20:18:00.000Z,2026-03-10T20:18:00.000Z,BUY,0.01,1,1,10.00,1,10460.00
2026-03-10T20:18:00.000Z,2026-03-10T20:27:00.000Z,BUY,0.01,3,1,10.00,3,10470.00
2026-03-10T20:27:00.000Z,2026-03-11T02:23:00.000Z,BUY,0.01,1,1,10.00,1,10480.00
2026-03-11T02:23:00.000Z,2026-03-11T02:52:00.000Z,BUY,0.01,1,1,10.00,1,10490.00
2026-03-11T02:52:00.000Z,2026-03-11T09:37:00.000Z,BUY,0.01,4,1,10.00,4,10500.00
2026-03-11T09:37:00.000Z,2026-03-11T15:49:00.000Z,BUY,0.01,2,1,10.00,2,10510.00
2026-03-11T15:49:00.000Z,2026-03-11T16:05:00.000Z,SELL,0.01,2,1,10.00,2,10520.00
2026-03-11T16:05:00.000Z,2026-03-11T16:42:00.000Z,SELL,0.01,1,1,10.00,1,10530.00
2026-03-11T16:42:00.000Z,2026-03-11T17:30:00.000Z,SELL,0.01,1,1,10.00,1,10540.00
2026-03-11T17:30:00.000Z,2026-03-11T19:41:00.000Z,SELL,0.01,1,1,10.00,1,10550.00
2026-03-11T19:41:00.000Z,2026-03-12T00:56:00.000Z,SELL,0.01,3,1,10.00,3,10560.00
2026-03-12T00:56:00.000Z,2026-03-12T00:56:00.000Z,SELL,0.01,1,1,10.00,1,10570.00
2026-03-12T00:56:00.000Z,2026-03-12T02:00:00.000Z,SELL,0.01,3,1,10.00,3,10580.00
2026-03-12T02:00:00.000Z,2026-03-12T02:28:00.000Z,SELL,0.01,2,1,10.00,2,10590.00
2026-03-12T02:28:00.000Z,2026-03-12T04:51:00.000Z,SELL,0.01,1,1,10.00,1,10600.00
2026-03-12T04:51:00.000Z,2026-03-12T09:42:00.000Z,SELL,0.01,2,1,10.00,2,10610.00
2026-03-12T09:42:00.000Z,2026-03-12T14:15:00.000Z,SELL,0.01,1,1,10.00,1,10620.00
2026-03-12T14:15:00.000Z,2026-03-12T14:47:00.000Z,BUY,0.01,1,1,10.00,1,10630.00
2026-03-12T14:47:00.000Z,2026-03-12T15:56:00.000Z,BUY,0.01,2,1,10.00,2,10640.00
2026-03-12T15:56:00.000Z,2026-03-12T16:01:00.000Z,BUY,0.01,1,1,10.00,1,10650.00
2026-03-12T16:01:00.000Z,2026-03-12T16:33:00.000Z,SELL,0.01,1,1,10.00,1,10660.00
2026-03-12T16:33:00.000Z,2026-03-12T17:02:00.000Z,SELL,0.01,1,1,10.00,1,10670.00
2026-03-12T17:02:00.000Z,2026-03-12T17:11:00.000Z,SELL,0.01,1,1,10.00,1,10680.00
2026-03-12T17:11:00.000Z,2026-03-12T17:11:00.000Z,SELL,0.01,1,1,10.00,1,10690.00
2026-03-12T17:11:00.000Z,2026-03-12T19:41:00.000Z,SELL,0.01,3,1,10.00,3,10700.00
2026-03-12T19:41:00.000Z,2026-03-12T20:45:00.000Z,SELL,0.01,1,1,10.00,1,10710.00
2026-03-12T20:45:00.000Z,2026-03-12T21:02:00.000Z,SELL,0.01,1,1,10.00,1,10720.00
2026-03-12T21:02:00.000Z,2026-03-12T22:26:00.000Z,SELL,0.01,1,1,10.00,1,10730.00
2026-03-12T22:26:00.000Z,2026-03-12T22:30:00.000Z,SELL,0.01,1,1,10.00,1,10740.00
2026-03-12T22:30:00.000Z,2026-03-13T00:25:00.000Z,SELL,0.01,2,1,10.00,2,10750.00
2026-03-13T00:25:00.000Z,2026-03-13T04:00:00.000Z,SELL,0.01,2,1,10.00,2,10760.00
2026-03-13T04:00:00.000Z,2026-03-13T04:46:00.000Z,SELL,0.01,1,1,10.00,1,10770.00
2026-03-13T04:46:00.000Z,2026-03-13T06:24:00.000Z,SELL,0.01,1,1,10.00,1,10780.00
2026-03-13T06:24:00.000Z,2026-03-13T08:25:00.000Z,SELL,0.01,1,1,10.00,1,10790.00
2026-03-13T08:25:00.000Z,2026-03-13T09:00:00.000Z,SELL,0.01,1,1,10.00,1,10800.00
2026-03-13T09:00:00.000Z,2026-03-13T09:21:00.000Z,SELL,0.01,1,1,10.00,1,10810.00
2026-03-13T09:21:00.000Z,2026-03-13T10:22:00.000Z,SELL,0.01,1,1,10.00,1,10820.00
2026-03-13T10:22:00.000Z,2026-03-13T11:04:00.000Z,SELL,0.01,2,1,10.00,2,10830.00
2026-03-13T11:04:00.000Z,2026-03-13T11:42:00.000Z,SELL,0.01,1,1,10.00,1,10840.00
2026-03-13T11:42:00.000Z,2026-03-13T14:01:00.000Z,SELL,0.01,2,1,10.00,2,10850.00
2026-03-13T14:01:00.000Z,2026-03-13T15:33:00.000Z,SELL,0.01,1,1,10.00,1,10860.00
2026-03-13T15:33:00.000Z,2026-03-13T16:14:00.000Z,SELL,0.01,1,1,10.00,1,10870.00
2026-03-13T16:14:00.000Z,2026-03-13T16:36:00.000Z,SELL,0.01,1,1,10.00,1,10880.00
2026-03-13T16:36:00.000Z,2026-03-13T16:50:00.000Z,SELL,0.01,1,1,10.00,1,10890.00
2026-03-13T16:50:00.000Z,2026-03-13T16:52:00.000Z,SELL,0.01,1,1,10.00,1,10900.00
2026-03-13T16:52:00.000Z,2026-03-13T16:55:00.000Z,SELL,0.01,1,1,10.00,1,10910.00
2026-03-13T16:55:00.000Z,2026-03-13T16:56:00.000Z,SELL,0.01,1,1,10.00,1,10920.00
2026-03-13T16:56:00.000Z,2026-03-13T18:00:00.000Z,SELL,0.01,3,1,10.00,3,10930.00
2026-03-13T18:00:00.000Z,2026-03-13T18:06:00.000Z,SELL,0.01,1,1,10.00,1,10940.00
2026-03-13T18:06:00.000Z,2026-03-13T18:36:00.000Z,SELL,0.01,2,1,10.00,2,10950.00
2026-03-13T18:36:00.000Z,2026-03-13T20:13:00.000Z,SELL,0.01,1,1,10.00,1,10960.00
2026-03-13T20:13:00.000Z,2026-03-13T21:35:00.000Z,SELL,0.01,1,1,10.00,1,10970.00
2026-03-13T21:35:00.000Z,2026-03-13T21:46:00.000Z,SELL,0.01,1,1,10.00,1,10980.00
2026-03-13T21:46:00.000Z,2026-03-13T21:51:00.000Z,SELL,0.01,1,1,10.00,1,10990.00
2026-03-13T21:51:00.000Z,2026-03-16T01:20:00.000Z,SELL,0.01,3,1,10.00,3,11000.00
2026-03-16T01:20:00.000Z,2026-03-16T01:20:00.000Z,SELL,0.01,1,1,10.00,1,11010.00
2026-03-16T01:20:00.000Z,2026-03-16T01:22:00.000Z,SELL,0.01,1,1,10.00,1,11020.00
2026-03-16T01:22:00.000Z,2026-03-16T01:23:00.000Z,SELL,0.01,1,1,10.00,1,11030.00
2026-03-16T01:23:00.000Z,2026-03-16T02:00:00.000Z,SELL,0.01,2,1,10.00,2,11040.00
2026-03-16T02:00:00.000Z,2026-03-16T02:34:00.000Z,SELL,0.01,2,1,10.00,2,11050.00
2026-03-16T02:34:00.000Z,2026-03-16T02:51:00.000Z,SELL,0.01,1,1,10.00,1,11060.00
2026-03-16T02:51:00.000Z,2026-03-16T03:12:00.000Z,SELL,0.01,1,1,10.00,1,11070.00
2026-03-16T03:12:00.000Z,2026-03-16T03:13:00.000Z,SELL,0.01,1,1,10.00,1,11080.00
2026-03-16T03:13:00.000Z,2026-03-16T03:14:00.000Z,SELL,0.01,1,1,10.00,1,11090.00
2026-03-16T03:14:00.000Z,2026-03-16T04:00:00.000Z,SELL,0.01,2,1,10.00,2,11100.00
2026-03-16T04:00:00.000Z,2026-03-16T04:31:00.000Z,SELL,0.01,1,1,10.00,1,11110.00
2026-03-16T04:31:00.000Z,2026-03-16T09:37:00.000Z,SELL,0.01,3,1,10.00,3,11120.00
2026-03-16T09:37:00.000Z,2026-03-16T10:39:00.000Z,SELL,0.01,1,1,10.00,1,11130.00
2026-03-16T10:39:00.000Z,2026-03-16T11:46:00.000Z,SELL,0.01,1,1,10.00,1,11140.00
2026-03-16T11:46:00.000Z,2026-03-16T13:18:00.000Z,SELL,0.01,2,1,10.00,2,11150.00
2026-03-16T13:18:00.000Z,2026-03-16T13:54:00.000Z,SELL,0.01,1,1,10.00,1,11160.00
2026-03-16T13:54:00.000Z,2026-03-16T15:15:00.000Z,SELL,0.01,2,1,10.00,2,11170.00
2026-03-16T15:15:00.000Z,2026-03-16T16:28:00.000Z,SELL,0.01,1,1,10.00,1,11180.00
2026-03-16T16:28:00.000Z,2026-03-16T16:38:00.000Z,SELL,0.01,1,1,10.00,1,11190.00
2026-03-16T16:38:00.000Z,2026-03-16T16:47:00.000Z,SELL,0.01,1,1,10.00,1,11200.00
2026-03-16T16:47:00.000Z,2026-03-16T17:29:00.000Z,SELL,0.01,1,1,10.00,1,11210.00
2026-03-16T17:29:00.000Z,2026-03-16T18:31:00.000Z,SELL,0.01,1,1,10.00,1,11220.00
2026-03-16T18:31:00.000Z,2026-03-16T20:27:00.000Z,SELL,0.01,2,1,10.00,2,11230.00
2026-03-16T20:27:00.000Z,2026-03-17T03:03:00.000Z,SELL,0.01,1,1,10.00,1,11240.00
2026-03-17T03:03:00.000Z,2026-03-17T03:54:00.000Z,SELL,0.01,2,1,10.00,2,11250.00
2026-03-17T03:54:00.000Z,2026-03-17T08:01:00.000Z,SELL,0.01,1,1,10.00,1,11260.00
2026-03-17T08:01:00.000Z,2026-03-17T09:38:00.000Z,BUY,0.01,1,1,10.00,1,11270.00
2026-03-17T09:38:00.000Z,2026-03-17T12:42:00.000Z,BUY,0.01,2,1,10.00,2,11280.00
2026-03-17T12:42:00.000Z,2026-03-17T13:11:00.000Z,BUY,0.01,1,1,10.00,1,11290.00
2026-03-17T13:11:00.000Z,2026-03-17T17:29:00.000Z,SELL,0.01,3,1,10.00,3,11300.00
2026-03-17T17:29:00.000Z,2026-03-17T17:36:00.000Z,SELL,0.01,1,1,10.00,1,11310.00
2026-03-17T17:36:00.000Z,2026-03-17T17:41:00.000Z,SELL,0.01,1,1,10.00,1,11320.00
2026-03-17T17:41:00.000Z,2026-03-17T18:29:00.000Z,SELL,0.01,2,1,10.00,2,11330.00
2026-03-17T18:29:00.000Z,2026-03-18T00:45:00.000Z,SELL,0.01,1,1,10.00,1,11340.00
2026-03-18T00:45:00.000Z,2026-03-18T06:36:00.000Z,SELL,0.01,3,1,10.00,3,11350.00
2026-03-18T06:36:00.000Z,2026-03-18T08:36:00.000Z,SELL,0.01,2,1,10.00,2,11360.00
2026-03-18T08:36:00.000Z,2026-03-18T09:44:00.000Z,SELL,0.01,1,1,10.00,1,11370.00
2026-03-18T09:44:00.000Z,2026-03-18T09:50:00.000Z,SELL,0.01,1,1,10.00,1,11380.00
2026-03-18T09:50:00.000Z,2026-03-18T10:22:00.000Z,SELL,0.01,1,1,10.00,1,11390.00
2026-03-18T10:22:00.000Z,2026-03-18T12:35:00.000Z,SELL,0.01,1,1,10.00,1,11400.00
2026-03-18T12:35:00.000Z,2026-03-18T12:35:00.000Z,SELL,0.01,1,1,10.00,1,11410.00
2026-03-18T12:35:00.000Z,2026-03-18T13:06:00.000Z,SELL,0.01,1,1,10.00,1,11420.00
2026-03-18T13:06:00.000Z,2026-03-18T13:40:00.000Z,SELL,0.01,3,1,10.00,3,11430.00
2026-03-18T13:40:00.000Z,2026-03-18T13:47:00.000Z,SELL,0.01,1,1,10.00,1,11440.00
2026-03-18T13:47:00.000Z,2026-03-18T14:01:00.000Z,SELL,0.01,1,1,10.00,1,11450.00
2026-03-18T14:01:00.000Z,2026-03-18T14:10:00.000Z,SELL,0.01,1,1,10.00,1,11460.00
2026-03-18T14:10:00.000Z,2026-03-18T14:16:00.000Z,SELL,0.01,1,1,10.00,1,11470.00
2026-03-18T14:16:00.000Z,2026-03-18T14:30:00.000Z,SELL,0.01,1,1,10.00,1,11480.00
2026-03-18T14:30:00.000Z,2026-03-18T14:38:00.000Z,SELL,0.01,1,1,10.00,1,11490.00
2026-03-18T14:38:00.000Z,2026-03-18T14:50:00.000Z,SELL,0.01,1,1,10.00,1,11500.00
2026-03-18T14:50:00.000Z,2026-03-18T15:00:00.000Z,SELL,0.01,3,1,10.00,3,11510.00
2026-03-18T15:00:00.000Z,2026-03-18T15:11:00.000Z,SELL,0.01,3,1,10.00,3,11520.00
2026-03-18T15:11:00.000Z,2026-03-18T15:16:00.000Z,SELL,0.01,1,1,10.00,1,11530.00
2026-03-18T15:16:00.000Z,2026-03-18T15:40:00.000Z,SELL,0.01,2,1,10.00,2,11540.00
2026-03-18T15:40:00.000Z,2026-03-18T16:26:00.000Z,SELL,0.01,3,1,10.00,3,11550.00
2026-03-18T16:26:00.000Z,2026-03-18T19:22:00.000Z,SELL,0.01,2,1,10.00,2,11560.00
2026-03-18T19:22:00.000Z,2026-03-18T20:15:00.000Z,SELL,0.01,1,1,10.00,1,11570.00
2026-03-18T20:15:00.000Z,2026-03-18T20:49:00.000Z,SELL,0.01,1,1,10.00,1,11580.00
2026-03-18T20:49:00.000Z,2026-03-18T20:57:00.000Z,SELL,0.01,1,1,10.00,1,11590.00
2026-03-18T20:57:00.000Z,2026-03-18T21:00:00.000Z,SELL,0.01,1,1,10.00,1,11600.00
2026-03-18T21:00:00.000Z,2026-03-18T21:51:00.000Z,SELL,0.01,1,1,10.00,1,11610.00
2026-03-18T21:51:00.000Z,2026-03-18T22:14:00.000Z,SELL,0.01,1,1,10.00,1,11620.00
2026-03-18T22:14:00.000Z,2026-03-18T22:27:00.000Z,SELL,0.01,1,1,10.00,1,11630.00
2026-03-18T22:27:00.000Z,2026-03-18T22:30:00.000Z,SELL,0.01,1,1,10.00,1,11640.00
2026-03-18T22:30:00.000Z,2026-03-19T00:48:00.000Z,SELL,0.01,4,1,10.00,4,11650.00
2026-03-19T00:48:00.000Z,2026-03-19T01:18:00.000Z,SELL,0.01,1,1,10.00,1,11660.00
2026-03-19T01:18:00.000Z,2026-03-19T03:37:00.000Z,SELL,0.01,2,1,10.00,2,11670.00
2026-03-19T03:37:00.000Z,2026-03-19T04:01:00.000Z,SELL,0.01,1,1,10.00,1,11680.00
2026-03-19T04:01:00.000Z,2026-03-19T07:38:00.000Z,SELL,0.01,1,1,10.00,1,11690.00
2026-03-19T07:38:00.000Z,2026-03-19T07:56:00.000Z,SELL,0.01,1,1,10.00,1,11700.00
2026-03-19T07:56:00.000Z,2026-03-19T08:23:00.000Z,SELL,0.01,1,1,10.00,1,11710.00
2026-03-19T08:23:00.000Z,2026-03-19T08:35:00.000Z,SELL,0.01,1,1,10.00,1,11720.00
2026-03-19T08:35:00.000Z,2026-03-19T08:37:00.000Z,SELL,0.01,1,1,10.00,1,11730.00
2026-03-19T08:37:00.000Z,2026-03-19T08:41:00.000Z,SELL,0.01,1,1,10.00,1,11740.00
2026-03-19T08:41:00.000Z,2026-03-19T08:46:00.000Z,SELL,0.01,1,1,10.00,1,11750.00
2026-03-19T08:46:00.000Z,2026-03-19T08:47:00.000Z,SELL,0.01,1,1,10.00,1,11760.00
2026-03-19T08:47:00.000Z,2026-03-19T08:50:00.000Z,SELL,0.01,1,1,10.00,1,11770.00
2026-03-19T08:50:00.000Z,2026-03-19T09:44:00.000Z,SELL,0.01,3,1,10.00,3,11780.00
2026-03-19T09:44:00.000Z,2026-03-19T09:58:00.000Z,SELL,0.01,1,1,10.00,1,11790.00
2026-03-19T09:58:00.000Z,2026-03-19T10:05:00.000Z,SELL,0.01,1,1,10.00,1,11800.00
2026-03-19T10:05:00.000Z,2026-03-19T10:08:00.000Z,SELL,0.01,1,1,10.00,1,11810.00
2026-03-19T10:08:00.000Z,2026-03-19T10:14:00.000Z,SELL,0.01,1,1,10.00,1,11820.00
2026-03-19T10:14:00.000Z,2026-03-19T10:20:00.000Z,SELL,0.01,2,1,10.00,2,11830.00
2026-03-19T10:20:00.000Z,2026-03-19T10:26:00.000Z,SELL,0.01,1,1,10.00,1,11840.00
2026-03-19T10:26:00.000Z,2026-03-19T10:29:00.000Z,SELL,0.01,1,1,10.00,1,11850.00
2026-03-19T10:29:00.000Z,2026-03-19T10:34:00.000Z,SELL,0.01,1,1,10.00,1,11860.00
2026-03-19T10:34:00.000Z,2026-03-19T10:42:00.000Z,SELL,0.01,1,1,10.00,1,11870.00
2026-03-19T10:42:00.000Z,2026-03-19T11:32:00.000Z,SELL,0.01,4,1,10.00,4,11880.00
2026-03-19T11:32:00.000Z,2026-03-19T11:37:00.000Z,SELL,0.01,1,1,10.00,1,11890.00
2026-03-19T11:37:00.000Z,2026-03-19T11:43:00.000Z,SELL,0.01,1,1,10.00,1,11900.00
2026-03-19T11:43:00.000Z,2026-03-19T12:17:00.000Z,SELL,0.01,1,1,10.00,1,11910.00
2026-03-19T12:17:00.000Z,2026-03-19T12:20:00.000Z,SELL,0.01,1,1,10.00,1,11920.00
2026-03-19T12:20:00.000Z,2026-03-19T12:20:00.000Z,SELL,0.01,1,1,10.00,1,11930.00
2026-03-19T12:20:00.000Z,2026-03-19T13:42:00.000Z,SELL,0.01,5,1,10.00,5,11940.00
2026-03-19T13:42:00.000Z,2026-03-19T13:53:00.000Z,SELL,0.01,1,1,10.00,1,11950.00
2026-03-19T13:53:00.000Z,2026-03-19T14:01:00.000Z,SELL,0.01,1,1,10.00,1,11960.00
2026-03-19T14:01:00.000Z,2026-03-19T14:03:00.000Z,SELL,0.01,1,1,10.00,1,11970.00
2026-03-19T14:03:00.000Z,2026-03-19T14:10:00.000Z,SELL,0.01,1,1,10.00,1,11980.00
2026-03-19T14:10:00.000Z,2026-03-19T14:14:00.000Z,SELL,0.01,1,1,10.00,1,11990.00
2026-03-19T14:14:00.000Z,2026-03-19T14:30:00.000Z,SELL,0.01,3,1,10.00,3,12000.00
2026-03-19T14:30:00.000Z,2026-03-19T14:43:00.000Z,SELL,0.01,1,1,10.00,1,12010.00
2026-03-19T14:43:00.000Z,2026-03-19T14:43:00.000Z,SELL,0.01,1,1,10.00,1,12020.00
2026-03-19T14:43:00.000Z,2026-03-19T14:44:00.000Z,SELL,0.01,1,1,10.00,1,12030.00
2026-03-19T14:44:00.000Z,2026-03-19T14:45:00.000Z,SELL,0.01,1,1,10.00,1,12040.00
2026-03-19T14:45:00.000Z,2026-03-19T14:45:00.000Z,SELL,0.01,1,1,10.00,1,12050.00
2026-03-19T14:45:00.000Z,2026-03-19T14:47:00.000Z,SELL,0.01,1,1,10.00,1,12060.00
2026-03-19T14:47:00.000Z,2026-03-19T14:52:00.000Z,SELL,0.01,2,1,10.00,2,12070.00
2026-03-19T14:52:00.000Z,2026-03-19T15:00:00.000Z,SELL,0.01,1,1,10.00,1,12080.00
2026-03-19T15:00:00.000Z,2026-03-19T15:01:00.000Z,SELL,0.01,1,1,10.00,1,12090.00
2026-03-19T15:01:00.000Z,2026-03-19T15:01:00.000Z,SELL,0.01,1,1,10.00,1,12100.00
2026-03-19T15:01:00.000Z,2026-03-19T15:01:00.000Z,SELL,0.01,1,1,10.00,1,12110.00
2026-03-19T15:01:00.000Z,2026-03-19T15:02:00.000Z,SELL,0.01,3,1,10.00,3,12120.00
2026-03-19T15:02:00.000Z,2026-03-19T15:02:00.000Z,SELL,0.01,1,1,10.00,1,12130.00
2026-03-19T15:02:00.000Z,2026-03-19T15:03:00.000Z,SELL,0.01,2,1,10.00,2,12140.00
2026-03-19T15:03:00.000Z,2026-03-19T15:03:00.000Z,SELL,0.01,1,1,10.00,1,12150.00
2026-03-19T15:03:00.000Z,2026-03-19T15:03:00.000Z,SELL,0.01,1,1,10.00,1,12160.00
2026-03-19T15:03:00.000Z,2026-03-19T15:03:00.000Z,SELL,0.01,1,1,10.00,1,12170.00
2026-03-19T15:03:00.000Z,2026-03-19T15:03:00.000Z,SELL,0.01,2,1,10.00,2,12180.00
2026-03-19T15:03:00.000Z,2026-03-19T15:11:00.000Z,SELL,0.01,3,1,10.00,3,12190.00
2026-03-19T15:11:00.000Z,2026-03-19T15:17:00.000Z,SELL,0.01,2,1,10.00,2,12200.00
2026-03-19T15:17:00.000Z,2026-03-19T15:40:00.000Z,SELL,0.01,5,1,10.00,5,12210.00
2026-03-19T15:40:00.000Z,2026-03-19T15:51:00.000Z,SELL,0.01,4,1,10.00,4,12220.00
2026-03-19T15:51:00.000Z,2026-03-19T15:56:00.000Z,SELL,0.01,2,1,10.00,2,12230.00
2026-03-19T15:56:00.000Z,2026-03-19T16:00:00.000Z,SELL,0.01,2,1,10.00,2,12240.00
2026-03-19T16:00:00.000Z,2026-03-19T16:00:00.000Z,SELL,0.01,1,1,10.00,1,12250.00
2026-03-19T16:00:00.000Z,2026-03-19T16:15:00.000Z,SELL,0.01,3,1,10.00,3,12260.00
2026-03-19T16:15:00.000Z,2026-03-19T16:19:00.000Z,SELL,0.01,1,1,10.00,1,12270.00
2026-03-19T16:19:00.000Z,2026-03-19T16:27:00.000Z,SELL,0.01,1,1,10.00,1,12280.00
2026-03-19T16:27:00.000Z,2026-03-19T16:29:00.000Z,SELL,0.01,1,1,10.00,1,12290.00
2026-03-19T16:29:00.000Z,2026-03-19T16:36:00.000Z,SELL,0.01,2,1,10.00,2,12300.00
2026-03-19T16:36:00.000Z,2026-03-19T16:46:00.000Z,SELL,0.01,1,1,10.00,1,12310.00
2026-03-19T16:46:00.000Z,2026-03-19T17:02:00.000Z,SELL,0.01,3,1,10.00,3,12320.00
2026-03-19T17:02:00.000Z,2026-03-19T17:05:00.000Z,SELL,0.01,2,1,10.00,2,12330.00
2026-03-19T17:05:00.000Z,2026-03-19T17:09:00.000Z,SELL,0.01,1,1,10.00,1,12340.00
2026-03-19T17:09:00.000Z,2026-03-19T17:17:00.000Z,SELL,0.01,1,1,10.00,1,12350.00
2026-03-19T17:17:00.000Z,2026-03-19T17:31:00.000Z,SELL,0.01,1,1,10.00,1,12360.00
2026-03-19T17:31:00.000Z,2026-03-19T17:32:00.000Z,SELL,0.01,1,1,10.00,1,12370.00
2026-03-19T17:32:00.000Z,2026-03-19T17:35:00.000Z,SELL,0.01,1,1,10.00,1,12380.00
2026-03-19T17:35:00.000Z,2026-03-19T17:56:00.000Z,SELL,0.01,2,1,10.00,2,12390.00
2026-03-19T17:56:00.000Z,2026-03-19T17:56:00.000Z,SELL,0.01,1,1,10.00,1,12400.00
2026-03-19T17:56:00.000Z,2026-03-19T18:07:00.000Z,SELL,0.01,2,1,10.00,2,12410.00
2026-03-19T18:07:00.000Z,2026-03-19T18:10:00.000Z,SELL,0.01,1,1,10.00,1,12420.00
2026-03-19T18:10:00.000Z,2026-03-19T18:14:00.000Z,SELL,0.01,1,1,10.00,1,12430.00
2026-03-19T18:14:00.000Z,2026-03-19T18:31:00.000Z,SELL,0.01,1,1,10.00,1,12440.00
2026-03-19T18:31:00.000Z,2026-03-19T18:52:00.000Z,SELL,0.01,1,1,10.00,1,12450.00
2026-03-19T18:52:00.000Z,2026-03-19T19:25:00.000Z,SELL,0.01,2,1,10.00,2,12460.00
2026-03-19T19:25:00.000Z,2026-03-19T19:28:00.000Z,SELL,0.01,1,1,10.00,1,12470.00
2026-03-19T19:28:00.000Z,2026-03-19T21:00:00.000Z,SELL,0.01,4,1,10.00,4,12480.00
2026-03-19T21:00:00.000Z,2026-03-19T21:12:00.000Z,SELL,0.01,2,1,10.00,2,12490.00
2026-03-19T21:12:00.000Z,2026-03-19T21:12:00.000Z,SELL,0.01,1,1,10.00,1,12500.00
2026-03-19T21:12:00.000Z,2026-03-19T21:25:00.000Z,SELL,0.01,1,1,10.00,1,12510.00
2026-03-19T21:25:00.000Z,2026-03-20T00:15:00.000Z,SELL,0.01,2,1,10.00,2,12520.00
2026-03-20T00:15:00.000Z,2026-03-20T00:24:00.000Z,SELL,0.01,1,1,10.00,1,12530.00
2026-03-20T00:24:00.000Z,2026-03-20T00:34:00.000Z,SELL,0.01,1,1,10.00,1,12540.00
2026-03-20T00:34:00.000Z,2026-03-20T00:52:00.000Z,SELL,0.01,1,1,10.00,1,12550.00
2026-03-20T00:52:00.000Z,2026-03-20T03:05:00.000Z,SELL,0.01,4,1,10.00,4,12560.00
2026-03-20T03:05:00.000Z,2026-03-20T03:11:00.000Z,SELL,0.01,1,1,10.00,1,12570.00
2026-03-20T03:11:00.000Z,2026-03-20T03:18:00.000Z,SELL,0.01,1,1,10.00,1,12580.00
2026-03-20T03:18:00.000Z,2026-03-20T03:40:00.000Z,SELL,0.01,2,1,10.00,2,12590.00
2026-03-20T03:40:00.000Z,2026-03-20T04:05:00.000Z,SELL,0.01,1,1,10.00,1,12600.00
2026-03-20T04:05:00.000Z,2026-03-20T04:50:00.000Z,SELL,0.01,2,1,10.00,2,12610.00
2026-03-20T04:50:00.000Z,2026-03-20T05:18:00.000Z,SELL,0.01,2,1,10.00,2,12620.00
2026-03-20T05:18:00.000Z,2026-03-20T06:07:00.000Z,SELL,0.01,1,1,10.00,1,12630.00
2026-03-20T06:07:00.000Z,2026-03-20T07:31:00.000Z,SELL,0.01,1,1,10.00,1,12640.00
2026-03-20T07:31:00.000Z,2026-03-20T07:48:00.000Z,SELL,0.01,1,1,10.00,1,12650.00
2026-03-20T07:48:00.000Z,2026-03-20T07:57:00.000Z,SELL,0.01,1,1,10.00,1,12660.00
2026-03-20T07:57:00.000Z,2026-03-20T08:32:00.000Z,SELL,0.01,1,1,10.00,1,12670.00
2026-03-20T08:32:00.000Z,2026-03-20T08:39:00.000Z,SELL,0.01,1,1,10.00,1,12680.00
2026-03-20T08:39:00.000Z,2026-03-20T09:46:00.000Z,SELL,0.01,2,1,10.00,2,12690.00
2026-03-20T09:46:00.000Z,2026-03-20T10:20:00.000Z,SELL,0.01,2,1,10.00,2,12700.00
2026-03-20T10:20:00.000Z,2026-03-20T10:30:00.000Z,SELL,0.01,1,1,10.00,1,12710.00
2026-03-20T10:30:00.000Z,2026-03-20T10:32:00.000Z,SELL,0.01,1,1,10.00,1,12720.00
2026-03-20T10:32:00.000Z,2026-03-20T10:45:00.000Z,SELL,0.01,1,1,10.00,1,12730.00
2026-03-20T10:45:00.000Z,2026-03-20T10:54:00.000Z,SELL,0.01,1,1,10.00,1,12740.00
2026-03-20T10:54:00.000Z,2026-03-20T11:34:00.000Z,SELL,0.01,1,1,10.00,1,12750.00
2026-03-20T11:34:00.000Z,2026-03-20T11:47:00.000Z,SELL,0.01,1,1,10.00,1,12760.00
2026-03-20T11:47:00.000Z,2026-03-20T12:01:00.000Z,SELL,0.01,1,1,10.00,1,12770.00
2026-03-20T12:01:00.000Z,2026-03-20T12:21:00.000Z,SELL,0.01,1,1,10.00,1,12780.00
2026-03-20T12:21:00.000Z,2026-03-20T14:00:00.000Z,SELL,0.01,4,1,10.00,4,12790.00
2026-03-20T14:00:00.000Z,2026-03-20T14:39:00.000Z,SELL,0.01,1,1,10.00,1,12800.00
2026-03-20T14:39:00.000Z,2026-03-20T15:10:00.000Z,SELL,0.01,1,1,10.00,1,12810.00
2026-03-20T15:10:00.000Z,2026-03-20T15:31:00.000Z,SELL,0.01,1,1,10.00,1,12820.00
2026-03-20T15:31:00.000Z,2026-03-20T15:51:00.000Z,SELL,0.01,1,1,10.00,1,12830.00
2026-03-20T15:51:00.000Z,2026-03-20T15:53:00.000Z,SELL,0.01,1,1,10.00,1,12840.00
2026-03-20T15:53:00.000Z,2026-03-20T15:58:00.000Z,SELL,0.01,1,1,10.00,1,12850.00
2026-03-20T15:58:00.000Z,2026-03-20T16:08:00.000Z,SELL,0.01,1,1,10.00,1,12860.00
2026-03-20T16:08:00.000Z,2026-03-20T16:12:00.000Z,SELL,0.01,1,1,10.00,1,12870.00
2026-03-20T16:12:00.000Z,2026-03-20T16:15:00.000Z,SELL,0.01,1,1,10.00,1,12880.00
2026-03-20T16:15:00.000Z,2026-03-20T16:15:00.000Z,SELL,0.01,1,1,10.00,1,12890.00
2026-03-20T16:15:00.000Z,2026-03-20T16:18:00.000Z,SELL,0.01,1,1,10.00,1,12900.00
2026-03-20T16:18:00.000Z,2026-03-20T16:27:00.000Z,SELL,0.01,1,1,10.00,1,12910.00
2026-03-20T16:27:00.000Z,2026-03-20T16:36:00.000Z,SELL,0.01,2,1,10.00,2,12920.00
2026-03-20T16:36:00.000Z,2026-03-20T16:37:00.000Z,SELL,0.01,1,1,10.00,1,12930.00
2026-03-20T16:37:00.000Z,2026-03-20T16:47:00.000Z,SELL,0.01,1,1,10.00,1,12940.00
2026-03-20T16:47:00.000Z,2026-03-20T16:54:00.000Z,SELL,0.01,1,1,10.00,1,12950.00
2026-03-20T16:54:00.000Z,2026-03-20T17:26:00.000Z,SELL,0.01,3,1,10.00,3,12960.00
2026-03-20T17:26:00.000Z,2026-03-20T17:33:00.000Z,SELL,0.01,2,1,10.00,2,12970.00
2026-03-20T17:33:00.000Z,2026-03-20T17:35:00.000Z,SELL,0.01,1,1,10.00,1,12980.00
2026-03-20T17:35:00.000Z,2026-03-20T17:46:00.000Z,SELL,0.01,1,1,10.00,1,12990.00
2026-03-20T17:46:00.000Z,2026-03-20T18:12:00.000Z,SELL,0.01,2,1,10.00,2,13000.00
2026-03-20T18:12:00.000Z,2026-03-20T18:21:00.000Z,SELL,0.01,2,1,10.00,2,13010.00
2026-03-20T18:21:00.000Z,2026-03-20T18:22:00.000Z,SELL,0.01,1,1,10.00,1,13020.00
2026-03-20T18:22:00.000Z,2026-03-20T18:25:00.000Z,SELL,0.01,1,1,10.00,1,13030.00
2026-03-20T18:25:00.000Z,2026-03-20T18:30:00.000Z,SELL,0.01,1,1,10.00,1,13040.00
2026-03-20T18:30:00.000Z,2026-03-20T18:31:00.000Z,SELL,0.01,1,1,10.00,1,13050.00
2026-03-20T18:31:00.000Z,2026-03-20T19:32:00.000Z,SELL,0.01,5,1,10.00,5,13060.00
2026-03-20T19:32:00.000Z,2026-03-20T20:22:00.000Z,SELL,0.01,1,1,10.00,1,13070.00
2026-03-20T20:22:00.000Z,2026-03-20T20:22:00.000Z,SELL,0.01,1,1,10.00,1,13080.00
2026-03-20T20:22:00.000Z,2026-03-20T20:43:00.000Z,SELL,0.01,1,1,10.00,1,13090.00
2026-03-20T20:43:00.000Z,2026-03-20T20:47:00.000Z,SELL,0.01,1,1,10.00,1,13100.00
2026-03-20T20:47:00.000Z,2026-03-20T20:50:00.000Z,SELL,0.01,1,1,10.00,1,13110.00
2026-03-20T20:50:00.000Z,2026-03-20T20:55:00.000Z,SELL,0.01,1,1,10.00,1,13120.00
2026-03-20T20:55:00.000Z,2026-03-20T20:55:00.000Z,SELL,0.01,1,1,10.00,1,13130.00
2026-03-20T20:55:00.000Z,2026-03-20T20:57:00.000Z,SELL,0.01,1,1,10.00,1,13140.00
2026-03-20T20:57:00.000Z,2026-03-20T21:00:00.000Z,SELL,0.01,2,1,10.00,2,13150.00
2026-03-20T21:00:00.000Z,2026-03-20T21:04:00.000Z,SELL,0.01,1,1,10.00,1,13160.00
2026-03-20T21:04:00.000Z,2026-03-20T21:06:00.000Z,SELL,0.01,1,1,10.00,1,13170.00
2026-03-20T21:06:00.000Z,2026-03-23T00:01:00.000Z,SELL,0.01,3,1,10.00,3,13180.00
2026-03-23T00:01:00.000Z,2026-03-23T00:02:00.000Z,SELL,0.01,1,1,10.00,1,13190.00
2026-03-23T00:02:00.000Z,2026-03-23T00:03:00.000Z,SELL,0.01,1,1,10.00,1,13200.00
2026-03-23T00:03:00.000Z,2026-03-23T00:05:00.000Z,SELL,0.01,2,1,10.00,2,13210.00
2026-03-23T00:05:00.000Z,2026-03-23T00:05:00.000Z,SELL,0.01,1,1,10.00,1,13220.00
2026-03-23T00:05:00.000Z,2026-03-23T00:07:00.000Z,SELL,0.01,2,1,10.00,2,13230.00
2026-03-23T00:07:00.000Z,2026-03-23T00:07:00.000Z,SELL,0.01,1,1,10.00,1,13240.00
2026-03-23T00:07:00.000Z,2026-03-23T00:07:00.000Z,SELL,0.01,1,1,10.00,1,13250.00
2026-03-23T00:07:00.000Z,2026-03-23T00:19:00.000Z,SELL,0.01,2,1,10.00,2,13260.00
2026-03-23T00:19:00.000Z,2026-03-23T00:34:00.000Z,SELL,0.01,1,1,10.00,1,13270.00
2026-03-23T00:34:00.000Z,2026-03-23T00:57:00.000Z,SELL,0.01,1,1,10.00,1,13280.00
2026-03-23T00:57:00.000Z,2026-03-23T01:12:00.000Z,SELL,0.01,1,1,10.00,1,13290.00
2026-03-23T01:12:00.000Z,2026-03-23T01:36:00.000Z,SELL,0.01,1,1,10.00,1,13300.00
2026-03-23T01:36:00.000Z,2026-03-23T01:48:00.000Z,SELL,0.01,1,1,10.00,1,13310.00
2026-03-23T01:48:00.000Z,2026-03-23T01:53:00.000Z,SELL,0.01,1,1,10.00,1,13320.00
2026-03-23T01:53:00.000Z,2026-03-23T02:03:00.000Z,SELL,0.01,1,1,10.00,1,13330.00
2026-03-23T02:03:00.000Z,2026-03-23T02:03:00.000Z,SELL,0.01,1,1,10.00,1,13340.00
2026-03-23T02:03:00.000Z,2026-03-23T02:05:00.000Z,SELL,0.01,1,1,10.00,1,13350.00
2026-03-23T02:05:00.000Z,2026-03-23T02:15:00.000Z,SELL,0.01,3,1,10.00,3,13360.00
2026-03-23T02:15:00.000Z,2026-03-23T02:15:00.000Z,SELL,0.01,1,1,10.00,1,13370.00
2026-03-23T02:15:00.000Z,2026-03-23T02:15:00.000Z,SELL,0.01,2,1,10.00,2,13380.00
2026-03-23T02:15:00.000Z,2026-03-23T02:15:00.000Z,SELL,0.01,1,1,10.00,1,13390.00
2026-03-23T02:15:00.000Z,2026-03-23T02:16:00.000Z,SELL,0.01,1,1,10.00,1,13400.00
2026-03-23T02:16:00.000Z,2026-03-23T02:25:00.000Z,SELL,0.01,2,1,10.00,2,13410.00
2026-03-23T02:25:00.000Z,2026-03-23T02:27:00.000Z,SELL,0.01,1,1,10.00,1,13420.00
2026-03-23T02:27:00.000Z,2026-03-23T02:29:00.000Z,SELL,0.01,1,1,10.00,1,13430.00
2026-03-23T02:29:00.000Z,2026-03-23T02:34:00.000Z,SELL,0.01,1,1,10.00,1,13440.00
2026-03-23T02:34:00.000Z,2026-03-23T02:34:00.000Z,SELL,0.01,1,1,10.00,1,13450.00
2026-03-23T02:34:00.000Z,2026-03-23T02:35:00.000Z,SELL,0.01,1,1,10.00,1,13460.00
2026-03-23T02:35:00.000Z,2026-03-23T02:35:00.000Z,SELL,0.01,1,1,10.00,1,13470.00
2026-03-23T02:35:00.000Z,2026-03-23T02:35:00.000Z,SELL,0.01,1,1,10.00,1,13480.00
2026-03-23T02:35:00.000Z,2026-03-23T02:36:00.000Z,SELL,0.01,3,1,10.00,3,13490.00
2026-03-23T02:36:00.000Z,2026-03-23T02:36:00.000Z,SELL,0.01,1,1,10.00,1,13500.00
2026-03-23T02:36:00.000Z,2026-03-23T02:36:00.000Z,SELL,0.01,1,1,10.00,1,13510.00
2026-03-23T02:36:00.000Z,2026-03-23T02:38:00.000Z,SELL,0.01,3,1,10.00,3,13520.00
2026-03-23T02:38:00.000Z,2026-03-23T02:44:00.000Z,SELL,0.01,2,1,10.00,2,13530.00
2026-03-23T02:44:00.000Z,2026-03-23T02:45:00.000Z,SELL,0.01,1,1,10.00,1,13540.00
2026-03-23T02:45:00.000Z,2026-03-23T02:52:00.000Z,SELL,0.01,1,1,10.00,1,13550.00
2026-03-23T02:52:00.000Z,2026-03-23T02:52:00.000Z,SELL,0.01,1,1,10.00,1,13560.00
2026-03-23T02:52:00.000Z,2026-03-23T02:52:00.000Z,SELL,0.01,1,1,10.00,1,13570.00
2026-03-23T02:52:00.000Z,2026-03-23T02:52:00.000Z,SELL,0.01,2,1,10.00,2,13580.00
2026-03-23T02:52:00.000Z,2026-03-23T02:52:00.000Z,SELL,0.01,1,1,10.00,1,13590.00
2026-03-23T02:52:00.000Z,2026-03-23T02:52:00.000Z,SELL,0.01,1,1,10.00,1,13600.00
2026-03-23T02:52:00.000Z,2026-03-23T02:58:00.000Z,SELL,0.01,2,1,10.00,2,13610.00
2026-03-23T02:58:00.000Z,2026-03-23T03:00:00.000Z,SELL,0.01,1,1,10.00,1,13620.00
2026-03-23T03:00:00.000Z,2026-03-23T03:00:00.000Z,SELL,0.01,1,1,10.00,1,13630.00
2026-03-23T03:00:00.000Z,2026-03-23T03:04:00.000Z,SELL,0.01,4,1,10.00,4,13640.00
2026-03-23T03:04:00.000Z,2026-03-23T03:04:00.000Z,SELL,0.01,1,1,10.00,1,13650.00
2026-03-23T03:04:00.000Z,2026-03-23T03:05:00.000Z,SELL,0.01,2,1,10.00,2,13660.00
2026-03-23T03:05:00.000Z,2026-03-23T03:05:00.000Z,SELL,0.01,1,1,10.00,1,13670.00
2026-03-23T03:05:00.000Z,2026-03-23T03:08:00.000Z,SELL,0.01,2,1,10.00,2,13680.00
2026-03-23T03:08:00.000Z,2026-03-23T03:08:00.000Z,SELL,0.01,1,1,10.00,1,13690.00
2026-03-23T03:08:00.000Z,2026-03-23T03:08:00.000Z,SELL,0.01,1,1,10.00,1,13700.00
2026-03-23T03:08:00.000Z,2026-03-23T03:12:00.000Z,SELL,0.01,2,1,10.00,2,13710.00
2026-03-23T03:12:00.000Z,2026-03-23T03:13:00.000Z,SELL,0.01,1,1,10.00,1,13720.00
2026-03-23T03:13:00.000Z,2026-03-23T03:22:00.000Z,SELL,0.01,2,1,10.00,2,13730.00
2026-03-23T03:22:00.000Z,2026-03-23T03:22:00.000Z,SELL,0.01,1,1,10.00,1,13740.00
2026-03-23T03:22:00.000Z,2026-03-23T03:30:00.000Z,SELL,0.01,1,1,10.00,1,13750.00
2026-03-23T03:30:00.000Z,2026-03-23T03:32:00.000Z,SELL,0.01,2,1,10.00,2,13760.00
2026-03-23T03:32:00.000Z,2026-03-23T03:33:00.000Z,SELL,0.01,1,1,10.00,1,13770.00
2026-03-23T03:33:00.000Z,2026-03-23T03:46:00.000Z,SELL,0.01,1,1,10.00,1,13780.00
2026-03-23T03:46:00.000Z,2026-03-23T03:48:00.000Z,SELL,0.01,1,1,10.00,1,13790.00
2026-03-23T03:48:00.000Z,2026-03-23T03:52:00.000Z,SELL,0.01,1,1,10.00,1,13800.00
2026-03-23T03:52:00.000Z,2026-03-23T03:57:00.000Z,SELL,0.01,1,1,10.00,1,13810.00
2026-03-23T03:57:00.000Z,2026-03-23T03:58:00.000Z,SELL,0.01,1,1,10.00,1,13820.00
2026-03-23T03:58:00.000Z,2026-03-23T04:02:00.000Z,SELL,0.01,4,1,10.00,4,13830.00
2026-03-23T04:02:00.000Z,2026-03-23T04:02:00.000Z,SELL,0.01,1,1,10.00,1,13840.00
2026-03-23T04:02:00.000Z,2026-03-23T04:12:00.000Z,SELL,0.01,1,1,10.00,1,13850.00
2026-03-23T04:12:00.000Z,2026-03-23T04:32:00.000Z,SELL,0.01,3,1,10.00,3,13860.00
2026-03-23T04:32:00.000Z,2026-03-23T04:37:00.000Z,SELL,0.01,1,1,10.00,1,13870.00
2026-03-23T04:37:00.000Z,2026-03-23T04:53:00.000Z,SELL,0.01,1,1,10.00,1,13880.00
2026-03-23T04:53:00.000Z,2026-03-23T04:53:00.000Z,SELL,0.01,1,1,10.00,1,13890.00
2026-03-23T04:53:00.000Z,2026-03-23T05:37:00.000Z,SELL,0.01,3,1,10.00,3,13900.00
2026-03-23T05:37:00.000Z,2026-03-23T06:36:00.000Z,SELL,0.01,2,1,10.00,2,13910.00
2026-03-23T06:36:00.000Z,2026-03-23T06:50:00.000Z,SELL,0.01,1,1,10.00,1,13920.00
2026-03-23T06:50:00.000Z,2026-03-23T06:52:00.000Z,SELL,0.01,1,1,10.00,1,13930.00
2026-03-23T06:52:00.000Z,2026-03-23T07:30:00.000Z,SELL,0.01,3,1,10.00,3,13940.00
2026-03-23T07:30:00.000Z,2026-03-23T07:30:00.000Z,SELL,0.01,1,1,10.00,1,13950.00
2026-03-23T07:30:00.000Z,2026-03-23T07:33:00.000Z,SELL,0.01,3,1,10.00,3,13960.00
2026-03-23T07:33:00.000Z,2026-03-23T07:52:00.000Z,SELL,0.01,1,1,10.00,1,13970.00
2026-03-23T07:52:00.000Z,2026-03-23T07:55:00.000Z,SELL,0.01,1,1,10.00,1,13980.00
2026-03-23T07:55:00.000Z,2026-03-23T08:02:00.000Z,SELL,0.01,1,1,10.00,1,13990.00
2026-03-23T08:02:00.000Z,2026-03-23T08:05:00.000Z,SELL,0.01,1,1,10.00,1,14000.00
2026-03-23T08:05:00.000Z,2026-03-23T08:07:00.000Z,SELL,0.01,1,1,10.00,1,14010.00
2026-03-23T08:07:00.000Z,2026-03-23T08:15:00.000Z,SELL,0.01,2,1,10.00,2,14020.00
2026-03-23T08:15:00.000Z,2026-03-23T08:16:00.000Z,SELL,0.01,1,1,10.00,1,14030.00
2026-03-23T08:16:00.000Z,2026-03-23T08:17:00.000Z,SELL,0.01,1,1,10.00,1,14040.00
2026-03-23T08:17:00.000Z,2026-03-23T08:22:00.000Z,SELL,0.01,1,1,10.00,1,14050.00
2026-03-23T08:22:00.000Z,2026-03-23T08:28:00.000Z,SELL,0.01,1,1,10.00,1,14060.00
2026-03-23T08:28:00.000Z,2026-03-23T08:28:00.000Z,SELL,0.01,1,1,10.00,1,14070.00
2026-03-23T08:28:00.000Z,2026-03-23T08:29:00.000Z,SELL,0.01,1,1,10.00,1,14080.00
2026-03-23T08:29:00.000Z,2026-03-23T08:31:00.000Z,SELL,0.01,1,1,10.00,1,14090.00
2026-03-23T08:31:00.000Z,2026-03-23T08:36:00.000Z,SELL,0.01,1,1,10.00,1,14100.00
2026-03-23T08:36:00.000Z,2026-03-23T08:43:00.000Z,SELL,0.01,3,1,10.00,3,14110.00
2026-03-23T08:43:00.000Z,2026-03-23T08:43:00.000Z,SELL,0.01,1,1,10.00,1,14120.00
2026-03-23T08:43:00.000Z,2026-03-23T08:44:00.000Z,SELL,0.01,3,1,10.00,3,14130.00
2026-03-23T08:44:00.000Z,2026-03-23T08:47:00.000Z,SELL,0.01,1,1,10.00,1,14140.00
2026-03-23T08:47:00.000Z,2026-03-23T08:47:00.000Z,SELL,0.01,1,1,10.00,1,14150.00
2026-03-23T08:47:00.000Z,2026-03-23T08:49:00.000Z,SELL,0.01,4,1,10.00,4,14160.00
2026-03-23T08:49:00.000Z,2026-03-23T08:49:00.000Z,SELL,0.01,1,1,10.00,1,14170.00
2026-03-23T08:49:00.000Z,2026-03-23T08:51:00.000Z,SELL,0.01,2,1,10.00,2,14180.00
2026-03-23T08:51:00.000Z,2026-03-23T08:59:00.000Z,SELL,0.01,1,1,10.00,1,14190.00
2026-03-23T08:59:00.000Z,2026-03-23T09:01:00.000Z,SELL,0.01,1,1,10.00,1,14200.00
2026-03-23T09:01:00.000Z,2026-03-23T09:01:00.000Z,SELL,0.01,1,1,10.00,1,14210.00
2026-03-23T09:01:00.000Z,2026-03-23T09:05:00.000Z,SELL,0.01,3,1,10.00,3,14220.00
2026-03-23T09:05:00.000Z,2026-03-23T09:06:00.000Z,SELL,0.01,1,1,10.00,1,14230.00
2026-03-23T09:06:00.000Z,2026-03-23T09:06:00.000Z,SELL,0.01,1,1,10.00,1,14240.00
2026-03-23T09:06:00.000Z,2026-03-23T09:08:00.000Z,SELL,0.01,3,1,10.00,3,14250.00
2026-03-23T09:08:00.000Z,2026-03-23T09:08:00.000Z,SELL,0.01,1,1,10.00,1,14260.00
2026-03-23T09:08:00.000Z,2026-03-23T09:10:00.000Z,SELL,0.01,2,1,10.00,2,14270.00
2026-03-23T09:10:00.000Z,2026-03-23T09:11:00.000Z,SELL,0.01,1,1,10.00,1,14280.00
2026-03-23T09:11:00.000Z,2026-03-23T09:11:00.000Z,SELL,0.01,1,1,10.00,1,14290.00
2026-03-23T09:11:00.000Z,2026-03-23T09:13:00.000Z,SELL,0.01,1,1,10.00,1,14300.00
2026-03-23T09:13:00.000Z,2026-03-23T09:14:00.000Z,SELL,0.01,1,1,10.00,1,14310.00
2026-03-23T09:14:00.000Z,2026-03-23T09:17:00.000Z,SELL,0.01,2,1,10.00,2,14320.00
2026-03-23T09:17:00.000Z,2026-03-23T09:17:00.000Z,SELL,0.01,1,1,10.00,1,14330.00
2026-03-23T09:17:00.000Z,2026-03-23T09:17:00.000Z,SELL,0.01,1,1,10.00,1,14340.00
2026-03-23T09:17:00.000Z,2026-03-23T09:18:00.000Z,SELL,0.01,1,1,10.00,1,14350.00
2026-03-23T09:18:00.000Z,2026-03-23T09:18:00.000Z,SELL,0.01,1,1,10.00,1,14360.00
2026-03-23T09:18:00.000Z,2026-03-23T09:18:00.000Z,SELL,0.01,2,1,10.00,2,14370.00
2026-03-23T09:18:00.000Z,2026-03-23T09:18:00.000Z,SELL,0.01,1,1,10.00,1,14380.00
2026-03-23T09:18:00.000Z,2026-03-23T09:18:00.000Z,SELL,0.01,1,1,10.00,1,14390.00
2026-03-23T09:18:00.000Z,2026-03-23T09:19:00.000Z,SELL,0.01,1,1,10.00,1,14400.00
2026-03-23T09:19:00.000Z,2026-03-23T09:20:00.000Z,SELL,0.01,1,1,10.00,1,14410.00
2026-03-23T09:20:00.000Z,2026-03-23T09:24:00.000Z,SELL,0.01,4,1,10.00,4,14420.00
2026-03-23T09:24:00.000Z,2026-03-23T09:24:00.000Z,SELL,0.01,1,1,10.00,1,14430.00
2026-03-23T09:24:00.000Z,2026-03-23T09:25:00.000Z,SELL,0.01,1,1,10.00,1,14440.00
2026-03-23T09:25:00.000Z,2026-03-23T09:31:00.000Z,SELL,0.01,2,1,10.00,2,14450.00
2026-03-23T09:31:00.000Z,2026-03-23T09:32:00.000Z,SELL,0.01,1,1,10.00,1,14460.00
2026-03-23T09:32:00.000Z,2026-03-23T09:34:00.000Z,SELL,0.01,2,1,10.00,2,14470.00
2026-03-23T09:34:00.000Z,2026-03-23T09:35:00.000Z,SELL,0.01,1,1,10.00,1,14480.00
2026-03-23T09:35:00.000Z,2026-03-23T09:38:00.000Z,SELL,0.01,2,1,10.00,2,14490.00
2026-03-23T09:38:00.000Z,2026-03-23T09:40:00.000Z,SELL,0.01,1,1,10.00,1,14500.00
2026-03-23T09:40:00.000Z,2026-03-23T09:41:00.000Z,SELL,0.01,2,1,10.00,2,14510.00
2026-03-23T09:41:00.000Z,2026-03-23T09:41:00.000Z,SELL,0.01,1,1,10.00,1,14520.00
2026-03-23T09:41:00.000Z,2026-03-23T09:46:00.000Z,SELL,0.01,2,1,10.00,2,14530.00
2026-03-23T09:46:00.000Z,2026-03-23T09:50:00.000Z,SELL,0.01,1,1,10.00,1,14540.00
2026-03-23T09:50:00.000Z,2026-03-23T09:52:00.000Z,SELL,0.01,1,1,10.00,1,14550.00
2026-03-23T09:52:00.000Z,2026-03-23T09:53:00.000Z,SELL,0.01,1,1,10.00,1,14560.00
2026-03-23T09:53:00.000Z,2026-03-23T10:00:00.000Z,SELL,0.01,2,1,10.00,2,14570.00
2026-03-23T10:00:00.000Z,2026-03-23T10:00:00.000Z,SELL,0.01,1,1,10.00,1,14580.00
2026-03-23T10:00:00.000Z,2026-03-23T10:11:00.000Z,SELL,0.01,2,1,10.00,2,14590.00
2026-03-23T10:11:00.000Z,2026-03-23T10:11:00.000Z,SELL,0.01,1,1,10.00,1,14600.00
2026-03-23T10:11:00.000Z,2026-03-23T10:17:00.000Z,SELL,0.01,3,1,10.00,3,14610.00
2026-03-23T10:17:00.000Z,2026-03-23T10:20:00.000Z,SELL,0.01,1,1,10.00,1,14620.00
2026-03-23T10:20:00.000Z,2026-03-23T10:31:00.000Z,SELL,0.01,2,1,10.00,2,14630.00
2026-03-23T10:31:00.000Z,2026-03-23T10:50:00.000Z,SELL,0.01,5,1,10.00,5,14640.00
2026-03-23T10:50:00.000Z,2026-03-23T10:56:00.000Z,SELL,0.01,1,1,10.00,1,14650.00
2026-03-23T10:56:00.000Z,2026-03-23T10:59:00.000Z,SELL,0.01,2,1,10.00,2,14660.00
2026-03-23T10:59:00.000Z,2026-03-23T11:15:00.000Z,SELL,0.01,2,1,10.00,2,14670.00
2026-03-23T11:15:00.000Z,2026-03-23T11:15:00.000Z,SELL,0.01,1,1,10.00,1,14680.00
2026-03-23T11:15:00.000Z,2026-03-23T11:23:00.000Z,SELL,0.01,2,1,10.00,2,14690.00
2026-03-23T11:23:00.000Z,2026-03-23T11:24:00.000Z,SELL,0.01,1,1,10.00,1,14700.00
2026-03-23T11:24:00.000Z,2026-03-23T11:34:00.000Z,SELL,0.01,1,1,10.00,1,14710.00
2026-03-23T11:34:00.000Z,2026-03-23T11:36:00.000Z,SELL,0.01,1,1,10.00,1,14720.00
2026-03-23T11:36:00.000Z,2026-03-23T11:37:00.000Z,SELL,0.01,1,1,10.00,1,14730.00
2026-03-23T11:37:00.000Z,2026-03-23T11:39:00.000Z,SELL,0.01,1,1,10.00,1,14740.00
2026-03-23T11:39:00.000Z,2026-03-23T11:40:00.000Z,SELL,0.01,1,1,10.00,1,14750.00
2026-03-23T11:40:00.000Z,2026-03-23T11:43:00.000Z,SELL,0.01,1,1,10.00,1,14760.00
2026-03-23T11:43:00.000Z,2026-03-23T12:04:00.000Z,SELL,0.01,2,1,10.00,2,14770.00
2026-03-23T12:04:00.000Z,2026-03-23T12:37:00.000Z,SELL,0.01,1,1,10.00,1,14780.00
2026-03-23T12:37:00.000Z,2026-03-23T12:50:00.000Z,SELL,0.01,2,1,10.00,2,14790.00
2026-03-23T12:50:00.000Z,2026-03-23T12:50:00.000Z,SELL,0.01,1,1,10.00,1,14800.00
2026-03-23T12:50:00.000Z,2026-03-23T12:55:00.000Z,SELL,0.01,1,1,10.00,1,14810.00
2026-03-23T12:55:00.000Z,2026-03-23T13:01:00.000Z,SELL,0.01,2,1,10.00,2,14820.00
2026-03-23T13:01:00.000Z,2026-03-23T13:05:00.000Z,SELL,0.01,2,1,10.00,2,14830.00
2026-03-23T13:05:00.000Z,2026-03-23T13:05:00.000Z,SELL,0.01,3,1,10.00,3,14840.00
2026-03-23T13:05:00.000Z,2026-03-23T13:05:00.000Z,SELL,0.01,1,1,10.00,1,14850.00
2026-03-23T13:05:00.000Z,2026-03-23T13:05:00.000Z,SELL,0.01,1,1,10.00,1,14860.00
2026-03-23T13:05:00.000Z,2026-03-23T13:05:00.000Z,SELL,0.01,2,1,10.00,2,14870.00
2026-03-23T13:05:00.000Z,2026-03-23T13:06:00.000Z,SELL,0.01,2,1,10.00,2,14880.00
2026-03-23T13:06:00.000Z,2026-03-23T13:06:00.000Z,SELL,0.01,2,1,10.00,2,14890.00
2026-03-23T13:06:00.000Z,2026-03-23T13:06:00.000Z,SELL,0.01,1,1,10.00,1,14900.00
2026-03-23T13:06:00.000Z,2026-03-23T13:06:00.000Z,SELL,0.01,1,1,10.00,1,14910.00
2026-03-23T13:06:00.000Z,2026-03-23T13:06:00.000Z,SELL,0.01,1,1,10.00,1,14920.00
2026-03-23T13:06:00.000Z,2026-03-23T13:06:00.000Z,SELL,0.01,2,1,10.00,2,14930.00
2026-03-23T13:06:00.000Z,2026-03-23T13:07:00.000Z,SELL,0.01,2,1,10.00,2,14940.00
2026-03-23T13:07:00.000Z,2026-03-23T13:07:00.000Z,SELL,0.01,1,1,10.00,1,14950.00
2026-03-23T13:07:00.000Z,2026-03-23T13:07:00.000Z,SELL,0.01,1,1,10.00,1,14960.00
2026-03-23T13:07:00.000Z,2026-03-23T13:07:00.000Z,SELL,0.01,1,1,10.00,1,14970.00
2026-03-23T13:07:00.000Z,2026-03-23T13:07:00.000Z,SELL,0.01,2,1,10.00,2,14980.00
2026-03-23T13:07:00.000Z,2026-03-23T13:08:00.000Z,SELL,0.01,1,1,10.00,1,14990.00
2026-03-23T13:08:00.000Z,2026-03-23T13:08:00.000Z,SELL,0.01,1,1,10.00,1,15000.00
2026-03-23T13:08:00.000Z,2026-03-23T13:08:00.000Z,SELL,0.01,1,1,10.00,1,15010.00
2026-03-23T13:08:00.000Z,2026-03-23T13:08:00.000Z,SELL,0.01,2,1,10.00,2,15020.00
2026-03-23T13:08:00.000Z,2026-03-23T13:09:00.000Z,SELL,0.01,1,1,10.00,1,15030.00
2026-03-23T13:09:00.000Z,2026-03-23T13:10:00.000Z,SELL,0.01,2,1,10.00,2,15040.00
2026-03-23T13:10:00.000Z,2026-03-23T13:10:00.000Z,SELL,0.01,1,1,10.00,1,15050.00
2026-03-23T13:10:00.000Z,2026-03-23T13:10:00.000Z,SELL,0.01,1,1,10.00,1,15060.00
2026-03-23T13:10:00.000Z,2026-03-23T13:10:00.000Z,SELL,0.01,2,1,10.00,2,15070.00
2026-03-23T13:10:00.000Z,2026-03-23T13:11:00.000Z,SELL,0.01,1,1,10.00,1,15080.00
2026-03-23T13:11:00.000Z,2026-03-23T13:11:00.000Z,SELL,0.01,2,1,10.00,2,15090.00
2026-03-23T13:11:00.000Z,2026-03-23T13:11:00.000Z,SELL,0.01,1,1,10.00,1,15100.00
2026-03-23T13:11:00.000Z,2026-03-23T13:11:00.000Z,SELL,0.01,1,1,10.00,1,15110.00
2026-03-23T13:11:00.000Z,2026-03-23T13:12:00.000Z,SELL,0.01,1,1,10.00,1,15120.00
2026-03-23T13:12:00.000Z,2026-03-23T13:12:00.000Z,SELL,0.01,1,1,10.00,1,15130.00
2026-03-23T13:12:00.000Z,2026-03-23T13:14:00.000Z,SELL,0.01,2,1,10.00,2,15140.00
2026-03-23T13:14:00.000Z,2026-03-23T13:14:00.000Z,SELL,0.01,1,1,10.00,1,15150.00
2026-03-23T13:14:00.000Z,2026-03-23T13:15:00.000Z,SELL,0.01,3,1,10.00,3,15160.00
2026-03-23T13:15:00.000Z,2026-03-23T13:15:00.000Z,SELL,0.01,2,1,10.00,2,15170.00
2026-03-23T13:15:00.000Z,2026-03-23T13:15:00.000Z,SELL,0.01,1,1,10.00,1,15180.00
2026-03-23T13:15:00.000Z,2026-03-23T13:15:00.000Z,SELL,0.01,1,1,10.00,1,15190.00
2026-03-23T13:15:00.000Z,2026-03-23T13:15:00.000Z,SELL,0.01,1,1,10.00,1,15200.00
2026-03-23T13:15:00.000Z,2026-03-23T13:16:00.000Z,SELL,0.01,1,1,10.00,1,15210.00
2026-03-23T13:16:00.000Z,2026-03-23T13:16:00.000Z,SELL,0.01,1,1,10.00,1,15220.00
2026-03-23T13:16:00.000Z,2026-03-23T13:19:00.000Z,SELL,0.01,1,1,10.00,1,15230.00
2026-03-23T13:19:00.000Z,2026-03-23T13:19:00.000Z,SELL,0.01,1,1,10.00,1,15240.00
2026-03-23T13:19:00.000Z,2026-03-23T13:20:00.000Z,SELL,0.01,1,1,10.00,1,15250.00
2026-03-23T13:20:00.000Z,2026-03-23T13:20:00.000Z,SELL,0.01,2,1,10.00,2,15260.00
2026-03-23T13:20:00.000Z,2026-03-23T13:20:00.000Z,SELL,0.01,1,1,10.00,1,15270.00
2026-03-23T13:20:00.000Z,2026-03-23T13:20:00.000Z,SELL,0.01,1,1,10.00,1,15280.00
2026-03-23T13:20:00.000Z,2026-03-23T13:20:00.000Z,SELL,0.01,1,1,10.00,1,15290.00
2026-03-23T13:20:00.000Z,2026-03-23T13:22:00.000Z,SELL,0.01,1,1,10.00,1,15300.00
2026-03-23T13:22:00.000Z,2026-03-23T13:26:00.000Z,SELL,0.01,2,1,10.00,2,15310.00
2026-03-23T13:26:00.000Z,2026-03-23T13:28:00.000Z,SELL,0.01,1,1,10.00,1,15320.00
2026-03-23T13:28:00.000Z,2026-03-23T13:32:00.000Z,SELL,0.01,4,1,10.00,4,15330.00
2026-03-23T13:32:00.000Z,2026-03-23T13:38:00.000Z,SELL,0.01,3,1,10.00,3,15340.00
2026-03-23T13:38:00.000Z,2026-03-23T13:40:00.000Z,SELL,0.01,1,1,10.00,1,15350.00
2026-03-23T13:40:00.000Z,2026-03-23T13:48:00.000Z,SELL,0.01,3,1,10.00,3,15360.00
2026-03-23T13:48:00.000Z,2026-03-23T13:53:00.000Z,SELL,0.01,2,1,10.00,2,15370.00
2026-03-23T13:53:00.000Z,2026-03-23T13:53:00.000Z,SELL,0.01,1,1,10.00,1,15380.00
2026-03-23T13:53:00.000Z,2026-03-23T13:55:00.000Z,SELL,0.01,1,1,10.00,1,15390.00
2026-03-23T13:55:00.000Z,2026-03-23T13:56:00.000Z,SELL,0.01,1,1,10.00,1,15400.00
2026-03-23T13:56:00.000Z,2026-03-23T13:57:00.000Z,SELL,0.01,1,1,10.00,1,15410.00
2026-03-23T13:57:00.000Z,2026-03-23T14:01:00.000Z,SELL,0.01,1,1,10.00,1,15420.00
2026-03-23T14:01:00.000Z,2026-03-23T14:05:00.000Z,SELL,0.01,1,1,10.00,1,15430.00
2026-03-23T14:05:00.000Z,2026-03-23T14:07:00.000Z,SELL,0.01,1,1,10.00,1,15440.00
2026-03-23T14:07:00.000Z,2026-03-23T14:09:00.000Z,SELL,0.01,2,1,10.00,2,15450.00
2026-03-23T14:09:00.000Z,2026-03-23T14:09:00.000Z,SELL,0.01,1,1,10.00,1,15460.00
2026-03-23T14:09:00.000Z,2026-03-23T14:17:00.000Z,SELL,0.01,2,1,10.00,2,15470.00
2026-03-23T14:17:00.000Z,2026-03-23T14:30:00.000Z,SELL,0.01,1,1,10.00,1,15480.00
2026-03-23T14:30:00.000Z,2026-03-23T14:33:00.000Z,SELL,0.01,2,1,10.00,2,15490.00
2026-03-23T14:33:00.000Z,2026-03-23T14:33:00.000Z,SELL,0.01,1,1,10.00,1,15500.00
2026-03-23T14:33:00.000Z,2026-03-23T14:41:00.000Z,SELL,0.01,2,1,10.00,2,15510.00
2026-03-23T14:41:00.000Z,2026-03-23T14:41:00.000Z,SELL,0.01,1,1,10.00,1,15520.00
2026-03-23T14:41:00.000Z,2026-03-23T14:46:00.000Z,SELL,0.01,2,1,10.00,2,15530.00
2026-03-23T14:46:00.000Z,2026-03-23T14:46:00.000Z,SELL,0.01,1,1,10.00,1,15540.00
2026-03-23T14:46:00.000Z,2026-03-23T14:50:00.000Z,SELL,0.01,2,1,10.00,2,15550.00
2026-03-23T14:50:00.000Z,2026-03-23T15:01:00.000Z,SELL,0.01,3,1,10.00,3,15560.00
2026-03-23T15:01:00.000Z,2026-03-23T15:02:00.000Z,SELL,0.01,1,1,10.00,1,15570.00
2026-03-23T15:02:00.000Z,2026-03-23T15:05:00.000Z,SELL,0.01,1,1,10.00,1,15580.00
2026-03-23T15:05:00.000Z,2026-03-23T15:19:00.000Z,SELL,0.01,5,1,10.00,5,15590.00
2026-03-23T15:19:00.000Z,2026-03-23T15:25:00.000Z,SELL,0.01,1,1,10.00,1,15600.00
2026-03-23T15:25:00.000Z,2026-03-23T15:29:00.000Z,SELL,0.01,1,1,10.00,1,15610.00
2026-03-23T15:29:00.000Z,2026-03-23T15:36:00.000Z,SELL,0.01,2,1,10.00,2,15620.00
2026-03-23T15:36:00.000Z,2026-03-23T15:36:00.000Z,SELL,0.01,1,1,10.00,1,15630.00
2026-03-23T15:36:00.000Z,2026-03-23T15:52:00.000Z,SELL,0.01,4,1,10.00,4,15640.00
2026-03-23T15:52:00.000Z,2026-03-23T15:55:00.000Z,SELL,0.01,1,1,10.00,1,15650.00
2026-03-23T15:55:00.000Z,2026-03-23T16:02:00.000Z,SELL,0.01,2,1,10.00,2,15660.00
2026-03-23T16:02:00.000Z,2026-03-23T16:04:00.000Z,SELL,0.01,1,1,10.00,1,15670.00
2026-03-23T16:04:00.000Z,2026-03-23T16:06:00.000Z,SELL,0.01,1,1,10.00,1,15680.00
2026-03-23T16:06:00.000Z,2026-03-23T16:17:00.000Z,SELL,0.01,2,1,10.00,2,15690.00
2026-03-23T16:17:00.000Z,2026-03-23T16:40:00.000Z,SELL,0.01,5,1,10.00,5,15700.00
2026-03-23T16:40:00.000Z,2026-03-23T16:50:00.000Z,SELL,0.01,1,1,10.00,1,15710.00
2026-03-23T16:50:00.000Z,2026-03-23T17:16:00.000Z,SELL,0.01,3,1,10.00,3,15720.00
2026-03-23T17:16:00.000Z,2026-03-23T17:17:00.000Z,SELL,0.01,1,1,10.00,1,15730.00
2026-03-23T17:17:00.000Z,2026-03-23T17:18:00.000Z,SELL,0.01,1,1,10.00,1,15740.00
2026-03-23T17:18:00.000Z,2026-03-23T17:36:00.000Z,SELL,0.01,3,1,10.00,3,15750.00
2026-03-23T17:36:00.000Z,2026-03-23T17:42:00.000Z,SELL,0.01,1,1,10.00,1,15760.00
2026-03-23T17:42:00.000Z,2026-03-23T17:46:00.000Z,SELL,0.01,1,1,10.00,1,15770.00
2026-03-23T17:46:00.000Z,2026-03-23T17:52:00.000Z,SELL,0.01,1,1,10.00,1,15780.00
2026-03-23T17:52:00.000Z,2026-03-23T17:55:00.000Z,SELL,0.01,1,1,10.00,1,15790.00
2026-03-23T17:55:00.000Z,2026-03-23T17:55:00.000Z,SELL,0.01,1,1,10.00,1,15800.00
2026-03-23T17:55:00.000Z,2026-03-23T17:57:00.000Z,SELL,0.01,3,1,10.00,3,15810.00
2026-03-23T17:57:00.000Z,2026-03-23T18:35:00.000Z,SELL,0.01,5,0,-2420.00,5,13390.00
2026-03-23T18:35:00.000Z,2026-03-23T19:26:00.000Z,SELL,0.01,2,1,10.00,2,13400.00
2026-03-23T19:26:00.000Z,2026-03-23T19:26:00.000Z,SELL,0.01,1,1,10.00,1,13410.00
2026-03-23T19:26:00.000Z,2026-03-23T19:34:00.000Z,SELL,0.01,2,1,10.00,2,13420.00
2026-03-23T19:34:00.000Z,2026-03-23T19:43:00.000Z,SELL,0.01,1,1,10.00,1,13430.00
2026-03-23T19:43:00.000Z,2026-03-23T19:48:00.000Z,SELL,0.01,1,1,10.00,1,13440.00
2026-03-23T19:48:00.000Z,2026-03-23T20:34:00.000Z,SELL,0.01,2,1,10.00,2,13450.00
2026-03-23T20:34:00.000Z,2026-03-23T21:08:00.000Z,SELL,0.01,3,1,10.00,3,13460.00
2026-03-23T21:08:00.000Z,2026-03-23T21:13:00.000Z,SELL,0.01,1,1,10.00,1,13470.00
2026-03-23T21:13:00.000Z,2026-03-23T21:13:00.000Z,SELL,0.01,1,1,10.00,1,13480.00
2026-03-23T21:13:00.000Z,2026-03-23T21:16:00.000Z,SELL,0.01,1,1,10.00,1,13490.00
2026-03-23T21:16:00.000Z,2026-03-23T22:00:00.000Z,SELL,0.01,3,1,10.00,3,13500.00
2026-03-23T22:00:00.000Z,2026-03-24T00:00:00.000Z,SELL,0.01,2,1,10.00,2,13510.00
2026-03-24T00:00:00.000Z,2026-03-24T00:03:00.000Z,SELL,0.01,1,1,10.00,1,13520.00
2026-03-24T00:03:00.000Z,2026-03-24T00:04:00.000Z,SELL,0.01,1,1,10.00,1,13530.00
2026-03-24T00:04:00.000Z,2026-03-24T00:04:00.000Z,SELL,0.01,1,1,10.00,1,13540.00
2026-03-24T00:04:00.000Z,2026-03-24T00:05:00.000Z,SELL,0.01,3,1,10.00,3,13550.00
2026-03-24T00:05:00.000Z,2026-03-24T00:06:00.000Z,SELL,0.01,1,1,10.00,1,13560.00
2026-03-24T00:06:00.000Z,2026-03-24T00:13:00.000Z,SELL,0.01,2,1,10.00,2,13570.00
2026-03-24T00:13:00.000Z,2026-03-24T00:54:00.000Z,SELL,0.01,2,1,10.00,2,13580.00
2026-03-24T00:54:00.000Z,2026-03-24T02:15:00.000Z,SELL,0.01,3,1,10.00,3,13590.00
2026-03-24T02:15:00.000Z,2026-03-24T02:27:00.000Z,BUY,0.01,2,1,10.00,2,13600.00
2026-03-24T02:27:00.000Z,2026-03-24T02:27:00.000Z,BUY,0.01,1,1,10.00,1,13610.00
2026-03-24T02:27:00.000Z,2026-03-24T02:33:00.000Z,BUY,0.01,2,1,10.00,2,13620.00
2026-03-24T02:33:00.000Z,2026-03-24T02:39:00.000Z,BUY,0.01,2,1,10.00,2,13630.00
2026-03-24T02:39:00.000Z,2026-03-24T02:39:00.000Z,BUY,0.01,1,1,10.00,1,13640.00
2026-03-24T02:39:00.000Z,2026-03-24T02:39:00.000Z,BUY,0.01,1,1,10.00,1,13650.00
2026-03-24T02:39:00.000Z,2026-03-24T02:48:00.000Z,BUY,0.01,3,1,10.00,3,13660.00
2026-03-24T02:48:00.000Z,2026-03-24T02:53:00.000Z,BUY,0.01,1,1,10.00,1,13670.00
2026-03-24T02:53:00.000Z,2026-03-24T03:08:00.000Z,BUY,0.01,2,1,10.00,2,13680.00
2026-03-24T03:08:00.000Z,2026-03-24T03:14:00.000Z,SELL,0.01,1,1,10.00,1,13690.00
2026-03-24T03:14:00.000Z,2026-03-24T03:25:00.000Z,SELL,0.01,2,1,10.00,2,13700.00
2026-03-24T03:25:00.000Z,2026-03-24T03:27:00.000Z,SELL,0.01,1,1,10.00,1,13710.00
2026-03-24T03:27:00.000Z,2026-03-24T03:41:00.000Z,SELL,0.01,1,1,10.00,1,13720.00
2026-03-24T03:41:00.000Z,2026-03-24T03:41:00.000Z,SELL,0.01,1,1,10.00,1,13730.00
2026-03-24T03:41:00.000Z,2026-03-24T03:43:00.000Z,SELL,0.01,1,1,10.00,1,13740.00
2026-03-24T03:43:00.000Z,2026-03-24T03:47:00.000Z,SELL,0.01,1,1,10.00,1,13750.00
2026-03-24T03:47:00.000Z,2026-03-24T04:12:00.000Z,SELL,0.01,1,1,10.00,1,13760.00
2026-03-24T04:12:00.000Z,2026-03-24T04:22:00.000Z,SELL,0.01,2,1,10.00,2,13770.00
2026-03-24T04:22:00.000Z,2026-03-24T04:33:00.000Z,SELL,0.01,2,1,10.00,2,13780.00
2026-03-24T04:33:00.000Z,2026-03-24T04:40:00.000Z,SELL,0.01,1,1,10.00,1,13790.00
2026-03-24T04:40:00.000Z,2026-03-24T05:34:00.000Z,SELL,0.01,3,1,10.00,3,13800.00
2026-03-24T05:34:00.000Z,2026-03-24T05:46:00.000Z,SELL,0.01,1,1,10.00,1,13810.00
2026-03-24T05:46:00.000Z,2026-03-24T07:05:00.000Z,SELL,0.01,3,1,10.00,3,13820.00
2026-03-24T07:05:00.000Z,2026-03-24T07:40:00.000Z,SELL,0.01,4,1,10.00,4,13830.00
2026-03-24T07:40:00.000Z,2026-03-24T07:40:00.000Z,SELL,0.01,1,1,10.00,1,13840.00
2026-03-24T07:40:00.000Z,2026-03-24T08:21:00.000Z,SELL,0.01,4,1,10.00,4,13850.00
2026-03-24T08:21:00.000Z,2026-03-24T09:00:00.000Z,SELL,0.01,4,1,10.00,4,13860.00
2026-03-24T09:00:00.000Z,2026-03-24T10:20:00.000Z,SELL,0.01,3,1,10.00,3,13870.00
2026-03-24T10:20:00.000Z,2026-03-24T11:56:00.000Z,SELL,0.01,2,1,10.00,2,13880.00
2026-03-24T11:56:00.000Z,2026-03-24T12:34:00.000Z,SELL,0.01,1,1,10.00,1,13890.00
2026-03-24T12:34:00.000Z,2026-03-24T12:43:00.000Z,BUY,0.01,1,1,10.00,1,13900.00
2026-03-24T12:43:00.000Z,2026-03-24T12:56:00.000Z,BUY,0.01,1,1,10.00,1,13910.00
2026-03-24T12:56:00.000Z,2026-03-24T13:01:00.000Z,BUY,0.01,2,1,10.00,2,13920.00
2026-03-24T13:01:00.000Z,2026-03-24T13:01:00.000Z,BUY,0.01,2,1,10.00,2,13930.00
2026-03-24T13:01:00.000Z,2026-03-24T13:01:00.000Z,BUY,0.01,1,1,10.00,1,13940.00
2026-03-24T13:01:00.000Z,2026-03-24T13:01:00.000Z,BUY,0.01,1,1,10.00,1,13950.00
2026-03-24T13:01:00.000Z,2026-03-24T13:01:00.000Z,BUY,0.01,1,1,10.00,1,13960.00
2026-03-24T13:01:00.000Z,2026-03-24T13:01:00.000Z,BUY,0.01,1,1,10.00,1,13970.00
2026-03-24T13:01:00.000Z,2026-03-24T13:01:00.000Z,BUY,0.01,1,1,10.00,1,13980.00
2026-03-24T13:01:00.000Z,2026-03-24T13:01:00.000Z,BUY,0.01,1,1,10.00,1,13990.00
2026-03-24T13:01:00.000Z,2026-03-24T13:01:00.000Z,BUY,0.01,2,1,10.00,2,14000.00
2026-03-24T13:01:00.000Z,2026-03-24T13:08:00.000Z,BUY,0.01,1,1,10.00,1,14010.00
2026-03-24T13:08:00.000Z,2026-03-24T13:35:00.000Z,BUY,0.01,1,1,10.00,1,14020.00
2026-03-24T13:35:00.000Z,2026-03-24T13:53:00.000Z,BUY,0.01,2,1,10.00,2,14030.00
2026-03-24T13:53:00.000Z,2026-03-24T13:58:00.000Z,BUY,0.01,1,1,10.00,1,14040.00
2026-03-24T13:58:00.000Z,2026-03-24T14:12:00.000Z,BUY,0.01,1,1,10.00,1,14050.00
2026-03-24T14:12:00.000Z,2026-03-24T14:33:00.000Z,BUY,0.01,2,1,10.00,2,14060.00
2026-03-24T14:33:00.000Z,2026-03-24T15:29:00.000Z,BUY,0.01,4,1,10.00,4,14070.00
2026-03-24T15:29:00.000Z,2026-03-24T15:29:00.000Z,BUY,0.01,1,1,10.00,1,14080.00
2026-03-24T15:29:00.000Z,2026-03-24T15:57:00.000Z,BUY,0.01,1,1,10.00,1,14090.00
2026-03-24T15:57:00.000Z,2026-03-24T16:01:00.000Z,BUY,0.01,1,1,10.00,1,14100.00
2026-03-24T16:01:00.000Z,2026-03-24T16:10:00.000Z,BUY,0.01,1,1,10.00,1,14110.00
2026-03-24T16:10:00.000Z,2026-03-24T16:26:00.000Z,BUY,0.01,1,1,10.00,1,14120.00
2026-03-24T16:26:00.000Z,2026-03-24T16:42:00.000Z,BUY,0.01,1,1,10.00,1,14130.00
2026-03-24T16:42:00.000Z,2026-03-24T16:52:00.000Z,BUY,0.01,1,1,10.00,1,14140.00
2026-03-24T16:52:00.000Z,2026-03-24T17:10:00.000Z,BUY,0.01,2,1,10.00,2,14150.00
2026-03-24T17:10:00.000Z,2026-03-24T17:12:00.000Z,BUY,0.01,1,1,10.00,1,14160.00
2026-03-24T17:12:00.000Z,2026-03-24T17:36:00.000Z,BUY,0.01,1,1,10.00,1,14170.00
2026-03-24T17:36:00.000Z,2026-03-24T17:49:00.000Z,BUY,0.01,1,1,10.00,1,14180.00
2026-03-24T17:49:00.000Z,2026-03-24T19:05:00.000Z,BUY,0.01,2,1,10.00,2,14190.00
2026-03-24T19:05:00.000Z,2026-03-24T20:30:00.000Z,BUY,0.01,3,1,10.00,3,14200.00
2026-03-24T20:30:00.000Z,2026-03-24T20:32:00.000Z,BUY,0.01,1,1,10.00,1,14210.00
2026-03-24T20:32:00.000Z,2026-03-24T20:58:00.000Z,BUY,0.01,2,1,10.00,2,14220.00
2026-03-24T20:58:00.000Z,2026-03-24T21:06:00.000Z,BUY,0.01,1,1,10.00,1,14230.00
2026-03-24T21:06:00.000Z,2026-03-24T22:20:00.000Z,BUY,0.01,1,1,10.00,1,14240.00
2026-03-24T22:20:00.000Z,2026-03-24T22:22:00.000Z,BUY,0.01,1,1,10.00,1,14250.00
2026-03-24T22:22:00.000Z,2026-03-24T22:23:00.000Z,BUY,0.01,1,1,10.00,1,14260.00
2026-03-24T22:23:00.000Z,2026-03-24T22:24:00.000Z,BUY,0.01,1,1,10.00,1,14270.00
2026-03-24T22:24:00.000Z,2026-03-24T22:24:00.000Z,BUY,0.01,1,1,10.00,1,14280.00
2026-03-24T22:24:00.000Z,2026-03-24T22:24:00.000Z,BUY,0.01,1,1,10.00,1,14290.00
2026-03-24T22:24:00.000Z,2026-03-24T22:25:00.000Z,BUY,0.01,3,1,10.00,3,14300.00
2026-03-24T22:25:00.000Z,2026-03-24T22:26:00.000Z,BUY,0.01,1,1,10.00,1,14310.00
2026-03-24T22:26:00.000Z,2026-03-24T22:28:00.000Z,BUY,0.01,2,1,10.00,2,14320.00
2026-03-24T22:28:00.000Z,2026-03-24T22:30:00.000Z,BUY,0.01,1,1,10.00,1,14330.00
2026-03-24T22:30:00.000Z,2026-03-24T22:52:00.000Z,BUY,0.01,1,1,10.00,1,14340.00
2026-03-24T22:52:00.000Z,2026-03-25T00:05:00.000Z,BUY,0.01,1,1,10.00,1,14350.00
2026-03-25T00:05:00.000Z,2026-03-25T01:16:00.000Z,BUY,0.01,3,1,10.00,3,14360.00
2026-03-25T01:16:00.000Z,2026-03-25T01:26:00.000Z,BUY,0.01,1,1,10.00,1,14370.00
2026-03-25T01:26:00.000Z,2026-03-25T01:36:00.000Z,BUY,0.01,1,1,10.00,1,14380.00
2026-03-25T01:36:00.000Z,2026-03-25T01:36:00.000Z,BUY,0.01,1,1,10.00,1,14390.00
2026-03-25T01:36:00.000Z,2026-03-25T01:39:00.000Z,BUY,0.01,1,1,10.00,1,14400.00
2026-03-25T01:39:00.000Z,2026-03-25T01:39:00.000Z,BUY,0.01,1,1,10.00,1,14410.00
2026-03-25T01:39:00.000Z,2026-03-25T02:27:00.000Z,BUY,0.01,3,1,10.00,3,14420.00
2026-03-25T02:27:00.000Z,2026-03-25T02:39:00.000Z,BUY,0.01,1,1,10.00,1,14430.00
2026-03-25T02:39:00.000Z,2026-03-25T03:09:00.000Z,BUY,0.01,1,1,10.00,1,14440.00
2026-03-25T03:09:00.000Z,2026-03-25T03:35:00.000Z,BUY,0.01,1,1,10.00,1,14450.00
2026-03-25T03:35:00.000Z,2026-03-25T03:49:00.000Z,BUY,0.01,1,1,10.00,1,14460.00
2026-03-25T03:49:00.000Z,2026-03-25T06:01:00.000Z,BUY,0.01,2,1,10.00,2,14470.00
2026-03-25T06:01:00.000Z,2026-03-25T08:14:00.000Z,BUY,0.01,2,1,10.00,2,14480.00
2026-03-25T08:14:00.000Z,2026-03-25T08:18:00.000Z,BUY,0.01,1,1,10.00,1,14490.00
2026-03-25T08:18:00.000Z,2026-03-25T09:14:00.000Z,BUY,0.01,1,1,10.00,1,14500.00
2026-03-25T09:14:00.000Z,2026-03-25T10:21:00.000Z,BUY,0.01,3,1,10.00,3,14510.00
2026-03-25T10:21:00.000Z,2026-03-25T11:48:00.000Z,BUY,0.01,2,1,10.00,2,14520.00
2026-03-25T11:48:00.000Z,2026-03-25T11:54:00.000Z,BUY,0.01,1,1,10.00,1,14530.00
2026-03-25T11:54:00.000Z,2026-03-25T12:01:00.000Z,BUY,0.01,1,1,10.00,1,14540.00
2026-03-25T12:01:00.000Z,2026-03-25T13:05:00.000Z,BUY,0.01,1,1,10.00,1,14550.00
2026-03-25T13:05:00.000Z,2026-03-25T13:23:00.000Z,BUY,0.01,1,1,10.00,1,14560.00
2026-03-25T13:23:00.000Z,2026-03-25T14:28:00.000Z,BUY,0.01,2,1,10.00,2,14570.00
2026-03-25T14:28:00.000Z,2026-03-25T15:03:00.000Z,BUY,0.01,3,1,10.00,3,14580.00
2026-03-25T15:03:00.000Z,2026-03-25T15:04:00.000Z,BUY,0.01,1,1,10.00,1,14590.00
2026-03-25T15:04:00.000Z,2026-03-25T16:00:00.000Z,BUY,0.01,2,1,10.00,2,14600.00
2026-03-25T16:00:00.000Z,2026-03-25T16:02:00.000Z,BUY,0.01,1,1,10.00,1,14610.00
2026-03-25T16:02:00.000Z,2026-03-25T16:16:00.000Z,BUY,0.01,1,1,10.00,1,14620.00
2026-03-25T16:16:00.000Z,2026-03-25T16:45:00.000Z,BUY,0.01,1,1,10.00,1,14630.00
2026-03-25T16:45:00.000Z,2026-03-25T17:16:00.000Z,BUY,0.01,2,1,10.00,2,14640.00
2026-03-25T17:16:00.000Z,2026-03-25T17:16:00.000Z,BUY,0.01,1,1,10.00,1,14650.00
2026-03-25T17:16:00.000Z,2026-03-25T17:24:00.000Z,BUY,0.01,3,1,10.00,3,14660.00
2026-03-25T17:24:00.000Z,2026-03-25T21:02:00.000Z,BUY,0.01,2,1,10.00,2,14670.00
2026-03-25T21:02:00.000Z,2026-03-25T21:10:00.000Z,BUY,0.01,2,1,10.00,2,14680.00
2026-03-25T21:10:00.000Z,2026-03-25T21:15:00.000Z,BUY,0.01,1,1,10.00,1,14690.00
2026-03-25T21:15:00.000Z,2026-03-25T21:41:00.000Z,BUY,0.01,1,1,10.00,1,14700.00
2026-03-25T21:41:00.000Z,2026-03-25T21:58:00.000Z,BUY,0.01,1,1,10.00,1,14710.00
2026-03-25T21:58:00.000Z,2026-03-25T22:02:00.000Z,BUY,0.01,1,1,10.00,1,14720.00
2026-03-25T22:02:00.000Z,2026-03-25T22:37:00.000Z,BUY,0.01,2,1,10.00,2,14730.00
2026-03-25T22:37:00.000Z,2026-03-26T00:04:00.000Z,BUY,0.01,1,1,10.00,1,14740.00
2026-03-26T00:04:00.000Z,2026-03-26T00:05:00.000Z,BUY,0.01,1,1,10.00,1,14750.00
2026-03-26T00:05:00.000Z,2026-03-26T01:05:00.000Z,BUY,0.01,4,1,10.00,4,14760.00
2026-03-26T01:05:00.000Z,2026-03-26T01:08:00.000Z,BUY,0.01,1,1,10.00,1,14770.00
2026-03-26T01:08:00.000Z,2026-03-26T02:13:00.000Z,BUY,0.01,3,1,10.00,3,14780.00
2026-03-26T02:13:00.000Z,2026-03-26T02:16:00.000Z,BUY,0.01,1,1,10.00,1,14790.00
2026-03-26T02:16:00.000Z,2026-03-26T03:03:00.000Z,BUY,0.01,1,1,10.00,1,14800.00
2026-03-26T03:03:00.000Z,2026-03-26T04:37:00.000Z,BUY,0.01,2,1,10.00,2,14810.00
2026-03-26T04:37:00.000Z,2026-03-26T06:48:00.000Z,BUY,0.01,1,1,10.00,1,14820.00
2026-03-26T06:48:00.000Z,2026-03-26T07:09:00.000Z,SELL,0.01,1,1,10.00,1,14830.00
2026-03-26T07:09:00.000Z,2026-03-26T07:22:00.000Z,SELL,0.01,1,1,10.00,1,14840.00
2026-03-26T07:22:00.000Z,2026-03-26T07:28:00.000Z,SELL,0.01,1,1,10.00,1,14850.00
2026-03-26T07:28:00.000Z,2026-03-26T07:30:00.000Z,SELL,0.01,1,1,10.00,1,14860.00
2026-03-26T07:30:00.000Z,2026-03-26T07:47:00.000Z,SELL,0.01,1,1,10.00,1,14870.00
2026-03-26T07:47:00.000Z,2026-03-26T07:54:00.000Z,SELL,0.01,1,1,10.00,1,14880.00
2026-03-26T07:54:00.000Z,2026-03-26T07:56:00.000Z,SELL,0.01,1,1,10.00,1,14890.00
2026-03-26T07:56:00.000Z,2026-03-26T07:59:00.000Z,SELL,0.01,1,1,10.00,1,14900.00
2026-03-26T07:59:00.000Z,2026-03-26T08:01:00.000Z,SELL,0.01,1,1,10.00,1,14910.00
2026-03-26T08:01:00.000Z,2026-03-26T08:14:00.000Z,SELL,0.01,1,1,10.00,1,14920.00
2026-03-26T08:14:00.000Z,2026-03-26T08:46:00.000Z,SELL,0.01,2,1,10.00,2,14930.00
2026-03-26T08:46:00.000Z,2026-03-26T09:20:00.000Z,SELL,0.01,1,1,10.00,1,14940.00
2026-03-26T09:20:00.000Z,2026-03-26T10:25:00.000Z,SELL,0.01,3,1,10.00,3,14950.00
2026-03-26T10:25:00.000Z,2026-03-26T10:43:00.000Z,SELL,0.01,1,1,10.00,1,14960.00
2026-03-26T10:43:00.000Z,2026-03-26T13:20:00.000Z,SELL,0.01,4,1,10.00,4,14970.00
2026-03-26T13:20:00.000Z,2026-03-26T13:44:00.000Z,SELL,0.01,1,1,10.00,1,14980.00
2026-03-26T13:44:00.000Z,2026-03-26T13:49:00.000Z,SELL,0.01,1,1,10.00,1,14990.00
2026-03-26T13:49:00.000Z,2026-03-26T14:02:00.000Z,SELL,0.01,1,1,10.00,1,15000.00
2026-03-26T14:02:00.000Z,2026-03-26T15:23:00.000Z,SELL,0.01,2,1,10.00,2,15010.00
2026-03-26T15:23:00.000Z,2026-03-26T15:33:00.000Z,SELL,0.01,1,1,10.00,1,15020.00
2026-03-26T15:33:00.000Z,2026-03-26T16:22:00.000Z,SELL,0.01,4,1,10.00,4,15030.00
2026-03-26T16:22:00.000Z,2026-03-26T16:22:00.000Z,SELL,0.01,1,1,10.00,1,15040.00
2026-03-26T16:22:00.000Z,2026-03-26T16:55:00.000Z,SELL,0.01,3,1,10.00,3,15050.00
2026-03-26T16:55:00.000Z,2026-03-26T17:39:00.000Z,SELL,0.01,3,1,10.00,3,15060.00
2026-03-26T17:39:00.000Z,2026-03-26T18:01:00.000Z,SELL,0.01,1,1,10.00,1,15070.00
2026-03-26T18:01:00.000Z,2026-03-26T18:20:00.000Z,SELL,0.01,1,1,10.00,1,15080.00
2026-03-26T18:20:00.000Z,2026-03-26T18:21:00.000Z,SELL,0.01,1,1,10.00,1,15090.00
2026-03-26T18:21:00.000Z,2026-03-26T18:22:00.000Z,SELL,0.01,1,1,10.00,1,15100.00
2026-03-26T18:22:00.000Z,2026-03-26T18:30:00.000Z,SELL,0.01,1,1,10.00,1,15110.00
2026-03-26T18:30:00.000Z,2026-03-26T18:32:00.000Z,SELL,0.01,1,1,10.00,1,15120.00
2026-03-26T18:32:00.000Z,2026-03-26T21:54:00.000Z,SELL,0.01,5,1,10.00,5,15130.00
2026-03-26T21:54:00.000Z,2026-03-26T22:03:00.000Z,SELL,0.01,1,1,10.00,1,15140.00
2026-03-26T22:03:00.000Z,2026-03-26T22:12:00.000Z,SELL,0.01,4,1,10.00,4,15150.00
2026-03-26T22:12:00.000Z,2026-03-26T22:12:00.000Z,SELL,0.01,1,1,10.00,1,15160.00
2026-03-26T22:12:00.000Z,2026-03-26T22:13:00.000Z,SELL,0.01,2,1,10.00,2,15170.00
2026-03-26T22:13:00.000Z,2026-03-26T22:13:00.000Z,SELL,0.01,1,1,10.00,1,15180.00
2026-03-26T22:13:00.000Z,2026-03-26T22:13:00.000Z,SELL,0.01,1,1,10.00,1,15190.00
2026-03-26T22:13:00.000Z,2026-03-26T22:22:00.000Z,SELL,0.01,4,1,10.00,4,15200.00
2026-03-26T22:22:00.000Z,2026-03-26T22:24:00.000Z,SELL,0.01,1,1,10.00,1,15210.00
2026-03-26T22:24:00.000Z,2026-03-26T22:25:00.000Z,SELL,0.01,1,1,10.00,1,15220.00
2026-03-26T22:25:00.000Z,2026-03-26T22:51:00.000Z,SELL,0.01,3,1,10.00,3,15230.00
2026-03-26T22:51:00.000Z,2026-03-26T22:53:00.000Z,SELL,0.01,1,1,10.00,1,15240.00
2026-03-26T22:53:00.000Z,2026-03-27T00:13:00.000Z,SELL,0.01,2,1,10.00,2,15250.00
2026-03-27T00:13:00.000Z,2026-03-27T01:08:00.000Z,SELL,0.01,1,1,10.00,1,15260.00
2026-03-27T01:08:00.000Z,2026-03-27T02:23:00.000Z,SELL,0.01,1,1,10.00,1,15270.00
2026-03-27T02:23:00.000Z,2026-03-27T03:31:00.000Z,SELL,0.01,2,1,10.00,2,15280.00
2026-03-27T03:31:00.000Z,2026-03-27T05:39:00.000Z,SELL,0.01,2,1,10.00,2,15290.00
2026-03-27T05:39:00.000Z,2026-03-27T05:45:00.000Z,SELL,0.01,1,1,10.00,1,15300.00
2026-03-27T05:45:00.000Z,2026-03-27T07:35:00.000Z,SELL,0.01,2,1,10.00,2,15310.00
2026-03-27T07:35:00.000Z,2026-03-27T08:05:00.000Z,SELL,0.01,1,1,10.00,1,15320.00
2026-03-27T08:05:00.000Z,2026-03-27T09:54:00.000Z,SELL,0.01,1,1,10.00,1,15330.00
2026-03-27T09:54:00.000Z,2026-03-27T10:27:00.000Z,SELL,0.01,1,1,10.00,1,15340.00
2026-03-27T10:27:00.000Z,2026-03-27T14:50:00.000Z,BUY,0.01,3,1,10.00,3,15350.00
2026-03-27T14:50:00.000Z,2026-03-27T15:03:00.000Z,SELL,0.01,1,1,10.00,1,15360.00
2026-03-27T15:03:00.000Z,2026-03-27T15:26:00.000Z,SELL,0.01,1,1,10.00,1,15370.00
2026-03-27T15:26:00.000Z,2026-03-27T16:03:00.000Z,SELL,0.01,2,1,10.00,2,15380.00
2026-03-27T16:03:00.000Z,2026-03-27T16:03:00.000Z,SELL,0.01,1,1,10.00,1,15390.00
2026-03-27T16:03:00.000Z,2026-03-27T16:47:00.000Z,SELL,0.01,2,1,10.00,2,15400.00
2026-03-27T16:47:00.000Z,2026-03-27T16:56:00.000Z,SELL,0.01,2,1,10.00,2,15410.00
2026-03-27T16:56:00.000Z,2026-03-27T17:14:00.000Z,SELL,0.01,2,1,10.00,2,15420.00
2026-03-27T17:14:00.000Z,2026-03-27T17:21:00.000Z,BUY,0.01,1,1,10.00,1,15430.00
2026-03-27T17:21:00.000Z,2026-03-27T17:23:00.000Z,BUY,0.01,1,1,10.00,1,15440.00
2026-03-27T17:23:00.000Z,2026-03-27T17:55:00.000Z,BUY,0.01,2,1,10.00,2,15450.00
2026-03-27T17:55:00.000Z,2026-03-27T18:23:00.000Z,BUY,0.01,1,1,10.00,1,15460.00
2026-03-27T18:23:00.000Z,2026-03-27T19:15:00.000Z,BUY,0.01,2,1,10.00,2,15470.00
2026-03-27T19:15:00.000Z,2026-03-27T20:32:00.000Z,BUY,0.01,1,1,10.00,1,15480.00
2026-03-27T20:32:00.000Z,2026-03-27T20:37:00.000Z,BUY,0.01,1,1,10.00,1,15490.00
2026-03-27T20:37:00.000Z,2026-03-27T22:53:00.000Z,BUY,0.01,2,1,10.00,2,15500.00
2026-03-27T22:53:00.000Z,2026-03-30T01:04:00.000Z,BUY,0.01,3,1,10.00,3,15510.00
2026-03-30T01:04:00.000Z,2026-03-30T02:06:00.000Z,BUY,0.01,4,1,10.00,4,15520.00
2026-03-30T02:06:00.000Z,2026-03-30T02:16:00.000Z,BUY,0.01,1,1,10.00,1,15530.00
2026-03-30T02:16:00.000Z,2026-03-30T02:32:00.000Z,BUY,0.01,2,1,10.00,2,15540.00
2026-03-30T02:32:00.000Z,2026-03-30T02:32:00.000Z,BUY,0.01,1,1,10.00,1,15550.00
2026-03-30T02:32:00.000Z,2026-03-30T03:00:00.000Z,BUY,0.01,2,1,10.00,2,15560.00
2026-03-30T03:00:00.000Z,2026-03-30T03:00:00.000Z,BUY,0.01,1,1,10.00,1,15570.00
2026-03-30T03:00:00.000Z,2026-03-30T03:21:00.000Z,BUY,0.01,3,1,10.00,3,15580.00
2026-03-30T03:21:00.000Z,2026-03-30T03:26:00.000Z,BUY,0.01,1,1,10.00,1,15590.00
2026-03-30T03:26:00.000Z,2026-03-30T03:47:00.000Z,BUY,0.01,2,1,10.00,2,15600.00
2026-03-30T03:47:00.000Z,2026-03-30T04:00:00.000Z,BUY,0.01,1,1,10.00,1,15610.00
2026-03-30T04:00:00.000Z,2026-03-30T04:07:00.000Z,BUY,0.01,1,1,10.00,1,15620.00
2026-03-30T04:07:00.000Z,2026-03-30T04:21:00.000Z,BUY,0.01,1,1,10.00,1,15630.00
2026-03-30T04:21:00.000Z,2026-03-30T05:41:00.000Z,BUY,0.01,3,1,10.00,3,15640.00
2026-03-30T05:41:00.000Z,2026-03-30T05:42:00.000Z,BUY,0.01,1,1,10.00,1,15650.00
2026-03-30T05:42:00.000Z,2026-03-30T05:44:00.000Z,BUY,0.01,1,1,10.00,1,15660.00
2026-03-30T05:44:00.000Z,2026-03-30T06:08:00.000Z,BUY,0.01,1,1,10.00,1,15670.00
2026-03-30T06:08:00.000Z,2026-03-30T06:23:00.000Z,BUY,0.01,1,1,10.00,1,15680.00
2026-03-30T06:23:00.000Z,2026-03-30T07:14:00.000Z,BUY,0.01,2,1,10.00,2,15690.00
2026-03-30T07:14:00.000Z,2026-03-30T07:57:00.000Z,BUY,0.01,1,1,10.00,1,15700.00
2026-03-30T07:57:00.000Z,2026-03-30T08:10:00.000Z,BUY,0.01,1,1,10.00,1,15710.00
2026-03-30T08:10:00.000Z,2026-03-30T08:49:00.000Z,BUY,0.01,1,1,10.00,1,15720.00
2026-03-30T08:49:00.000Z,2026-03-30T08:53:00.000Z,BUY,0.01,1,1,10.00,1,15730.00
2026-03-30T08:53:00.000Z,2026-03-30T09:35:00.000Z,BUY,0.01,1,1,10.00,1,15740.00
2026-03-30T09:35:00.000Z,2026-03-30T09:48:00.000Z,BUY,0.01,1,1,10.00,1,15750.00
2026-03-30T09:48:00.000Z,2026-03-30T10:34:00.000Z,BUY,0.01,2,1,10.00,2,15760.00
2026-03-30T10:34:00.000Z,2026-03-30T11:01:00.000Z,BUY,0.01,1,1,10.00,1,15770.00
2026-03-30T11:01:00.000Z,2026-03-30T11:53:00.000Z,BUY,0.01,1,1,10.00,1,15780.00
2026-03-30T11:53:00.000Z,2026-03-30T14:42:00.000Z,BUY,0.01,1,1,10.00,1,15790.00
2026-03-30T14:42:00.000Z,2026-03-30T14:44:00.000Z,BUY,0.01,1,1,10.00,1,15800.00
2026-03-30T14:44:00.000Z,2026-03-30T14:45:00.000Z,BUY,0.01,1,1,10.00,1,15810.00
2026-03-30T14:45:00.000Z,2026-03-30T14:51:00.000Z,BUY,0.01,1,1,10.00,1,15820.00
2026-03-30T14:51:00.000Z,2026-03-30T15:01:00.000Z,BUY,0.01,2,1,10.00,2,15830.00
2026-03-30T15:01:00.000Z,2026-03-30T15:08:00.000Z,BUY,0.01,1,1,10.00,1,15840.00
2026-03-30T15:08:00.000Z,2026-03-30T15:30:00.000Z,BUY,0.01,1,1,10.00,1,15850.00
2026-03-30T15:30:00.000Z,2026-03-30T16:45:00.000Z,BUY,0.01,2,1,10.00,2,15860.00
2026-03-30T16:45:00.000Z,2026-03-30T18:40:00.000Z,BUY,0.01,3,1,10.00,3,15870.00
2026-03-30T18:40:00.000Z,2026-03-30T20:14:00.000Z,BUY,0.01,2,1,10.00,2,15880.00
2026-03-30T20:14:00.000Z,2026-03-31T03:16:00.000Z,BUY,0.01,5,0,-2420.00,5,13460.00
2026-03-31T03:16:00.000Z,2026-03-31T03:16:00.000Z,BUY,0.01,1,1,10.00,1,13470.00
2026-03-31T03:16:00.000Z,2026-03-31T03:36:00.000Z,BUY,0.01,3,1,10.00,3,13480.00
2026-03-31T03:36:00.000Z,2026-03-31T03:44:00.000Z,BUY,0.01,1,1,10.00,1,13490.00
2026-03-31T03:44:00.000Z,2026-03-31T03:45:00.000Z,BUY,0.01,1,1,10.00,1,13500.00
2026-03-31T03:45:00.000Z,2026-03-31T04:18:00.000Z,BUY,0.01,1,1,10.00,1,13510.00
2026-03-31T04:18:00.000Z,2026-03-31T04:19:00.000Z,BUY,0.01,1,1,10.00,1,13520.00
2026-03-31T04:19:00.000Z,2026-03-31T04:21:00.000Z,BUY,0.01,1,1,10.00,1,13530.00
2026-03-31T04:21:00.000Z,2026-03-31T04:24:00.000Z,BUY,0.01,1,1,10.00,1,13540.00
2026-03-31T04:24:00.000Z,2026-03-31T04:40:00.000Z,BUY,0.01,1,1,10.00,1,13550.00
2026-03-31T04:40:00.000Z,2026-03-31T04:41:00.000Z,BUY,0.01,1,1,10.00,1,13560.00
2026-03-31T04:41:00.000Z,2026-03-31T04:43:00.000Z,BUY,0.01,1,1,10.00,1,13570.00
2026-03-31T04:43:00.000Z,2026-03-31T05:24:00.000Z,BUY,0.01,2,1,10.00,2,13580.00
2026-03-31T05:24:00.000Z,2026-03-31T06:42:00.000Z,BUY,0.01,2,1,10.00,2,13590.00
2026-03-31T06:42:00.000Z,2026-03-31T07:06:00.000Z,BUY,0.01,1,1,10.00,1,13600.00
2026-03-31T07:06:00.000Z,2026-03-31T08:34:00.000Z,BUY,0.01,1,1,10.00,1,13610.00
2026-03-31T08:34:00.000Z,2026-03-31T10:19:00.000Z,BUY,0.01,2,1,10.00,2,13620.00
2026-03-31T10:19:00.000Z,2026-03-31T10:27:00.000Z,BUY,0.01,1,1,10.00,1,13630.00
2026-03-31T10:27:00.000Z,2026-03-31T10:59:00.000Z,BUY,0.01,1,1,10.00,1,13640.00
2026-03-31T10:59:00.000Z,2026-03-31T11:38:00.000Z,BUY,0.01,1,1,10.00,1,13650.00
2026-03-31T11:38:00.000Z,2026-03-31T13:38:00.000Z,BUY,0.01,2,1,10.00,2,13660.00
2026-03-31T13:38:00.000Z,2026-03-31T14:11:00.000Z,BUY,0.01,1,1,10.00,1,13670.00
2026-03-31T14:11:00.000Z,2026-03-31T14:17:00.000Z,BUY,0.01,1,1,10.00,1,13680.00
2026-03-31T14:17:00.000Z,2026-03-31T14:21:00.000Z,BUY,0.01,1,1,10.00,1,13690.00
2026-03-31T14:21:00.000Z,2026-03-31T14:39:00.000Z,BUY,0.01,1,1,10.00,1,13700.00
2026-03-31T14:39:00.000Z,2026-03-31T15:09:00.000Z,BUY,0.01,1,1,10.00,1,13710.00
2026-03-31T15:09:00.000Z,2026-03-31T16:54:00.000Z,BUY,0.01,3,1,10.00,3,13720.00
2026-03-31T16:54:00.000Z,2026-03-31T17:01:00.000Z,BUY,0.01,1,1,10.00,1,13730.00
2026-03-31T17:01:00.000Z,2026-03-31T17:33:00.000Z,BUY,0.01,1,1,10.00,1,13740.00
2026-03-31T17:33:00.000Z,2026-03-31T17:56:00.000Z,BUY,0.01,2,1,10.00,2,13750.00
2026-03-31T17:56:00.000Z,2026-03-31T18:01:00.000Z,BUY,0.01,1,1,10.00,1,13760.00
2026-03-31T18:01:00.000Z,2026-03-31T18:06:00.000Z,BUY,0.01,1,1,10.00,1,13770.00
2026-03-31T18:06:00.000Z,2026-03-31T19:39:00.000Z,BUY,0.01,1,1,10.00,1,13780.00
2026-03-31T19:39:00.000Z,2026-03-31T19:40:00.000Z,BUY,0.01,1,1,10.00,1,13790.00
2026-03-31T19:40:00.000Z,2026-03-31T19:41:00.000Z,BUY,0.01,1,1,10.00,1,13800.00
2026-03-31T19:41:00.000Z,2026-03-31T20:23:00.000Z,BUY,0.01,1,1,10.00,1,13810.00
2026-03-31T20:23:00.000Z,2026-03-31T21:09:00.000Z,BUY,0.01,1,1,10.00,1,13820.00
2026-03-31T21:09:00.000Z,2026-03-31T22:21:00.000Z,BUY,0.01,1,1,10.00,1,13830.00
2026-03-31T22:21:00.000Z,2026-04-01T01:38:00.000Z,BUY,0.01,1,1,10.00,1,13840.00
2026-04-01T01:38:00.000Z,2026-04-01T02:56:00.000Z,BUY,0.01,3,1,10.00,3,13850.00
2026-04-01T02:56:00.000Z,2026-04-01T03:15:00.000Z,BUY,0.01,1,1,10.00,1,13860.00
2026-04-01T03:15:00.000Z,2026-04-01T03:28:00.000Z,BUY,0.01,1,1,10.00,1,13870.00
2026-04-01T03:28:00.000Z,2026-04-01T04:39:00.000Z,BUY,0.01,2,1,10.00,2,13880.00
2026-04-01T04:39:00.000Z,2026-04-01T05:05:00.000Z,BUY,0.01,1,1,10.00,1,13890.00
2026-04-01T05:05:00.000Z,2026-04-01T07:17:00.000Z,BUY,0.01,2,1,10.00,2,13900.00
2026-04-01T07:17:00.000Z,2026-04-01T07:51:00.000Z,BUY,0.01,1,1,10.00,1,13910.00
2026-04-01T07:51:00.000Z,2026-04-01T08:30:00.000Z,BUY,0.01,1,1,10.00,1,13920.00
2026-04-01T08:30:00.000Z,2026-04-01T08:39:00.000Z,BUY,0.01,1,1,10.00,1,13930.00
2026-04-01T08:39:00.000Z,2026-04-01T09:27:00.000Z,BUY,0.01,1,1,10.00,1,13940.00
2026-04-01T09:27:00.000Z,2026-04-01T09:47:00.000Z,BUY,0.01,1,1,10.00,1,13950.00
2026-04-01T09:47:00.000Z,2026-04-01T09:58:00.000Z,BUY,0.01,1,1,10.00,1,13960.00
2026-04-01T09:58:00.000Z,2026-04-01T10:37:00.000Z,BUY,0.01,1,1,10.00,1,13970.00
2026-04-01T10:37:00.000Z,2026-04-01T10:53:00.000Z,BUY,0.01,2,1,10.00,2,13980.00
2026-04-01T10:53:00.000Z,2026-04-01T11:03:00.000Z,BUY,0.01,1,1,10.00,1,13990.00
2026-04-01T11:03:00.000Z,2026-04-01T11:25:00.000Z,BUY,0.01,1,1,10.00,1,14000.00
2026-04-01T11:25:00.000Z,2026-04-01T14:17:00.000Z,BUY,0.01,1,1,10.00,1,14010.00
2026-04-01T14:17:00.000Z,2026-04-01T14:39:00.000Z,BUY,0.01,1,1,10.00,1,14020.00
2026-04-01T14:39:00.000Z,2026-04-01T14:44:00.000Z,BUY,0.01,1,1,10.00,1,14030.00
2026-04-01T14:44:00.000Z,2026-04-01T15:21:00.000Z,BUY,0.01,2,1,10.00,2,14040.00
2026-04-01T15:21:00.000Z,2026-04-01T15:31:00.000Z,BUY,0.01,1,1,10.00,1,14050.00
2026-04-01T15:31:00.000Z,2026-04-01T15:44:00.000Z,BUY,0.01,1,1,10.00,1,14060.00
2026-04-01T15:44:00.000Z,2026-04-01T16:00:00.000Z,BUY,0.01,4,1,10.00,4,14070.00
2026-04-01T16:00:00.000Z,2026-04-01T16:12:00.000Z,BUY,0.01,1,1,10.00,1,14080.00
2026-04-01T16:12:00.000Z,2026-04-01T16:35:00.000Z,BUY,0.01,1,1,10.00,1,14090.00
2026-04-01T16:35:00.000Z,2026-04-01T17:22:00.000Z,BUY,0.01,1,1,10.00,1,14100.00
2026-04-01T17:22:00.000Z,2026-04-01T17:53:00.000Z,BUY,0.01,3,1,10.00,3,14110.00
2026-04-01T17:53:00.000Z,2026-04-01T18:10:00.000Z,BUY,0.01,1,1,10.00,1,14120.00
2026-04-01T18:10:00.000Z,2026-04-01T18:44:00.000Z,BUY,0.01,1,1,10.00,1,14130.00
2026-04-01T18:44:00.000Z,2026-04-01T21:22:00.000Z,BUY,0.01,2,1,10.00,2,14140.00
2026-04-01T21:22:00.000Z,2026-04-01T21:41:00.000Z,BUY,0.01,1,1,10.00,1,14150.00
2026-04-01T21:41:00.000Z,2026-04-01T22:39:00.000Z,BUY,0.01,1,1,10.00,1,14160.00
2026-04-01T22:39:00.000Z,2026-04-02T02:06:00.000Z,BUY,0.01,3,1,10.00,3,14170.00
2026-04-02T02:06:00.000Z,2026-04-02T02:15:00.000Z,BUY,0.01,1,1,10.00,1,14180.00
2026-04-02T02:15:00.000Z,2026-04-02T04:03:00.000Z,BUY,0.01,4,1,10.00,4,14190.00
2026-04-02T04:03:00.000Z,2026-04-02T04:04:00.000Z,BUY,0.01,2,1,10.00,2,14200.00
2026-04-02T04:04:00.000Z,2026-04-02T04:04:00.000Z,BUY,0.01,1,1,10.00,1,14210.00
2026-04-02T04:04:00.000Z,2026-04-02T04:04:00.000Z,BUY,0.01,1,1,10.00,1,14220.00
2026-04-02T04:04:00.000Z,2026-04-02T04:06:00.000Z,BUY,0.01,2,1,10.00,2,14230.00
2026-04-02T04:06:00.000Z,2026-04-02T04:06:00.000Z,BUY,0.01,1,1,10.00,1,14240.00
2026-04-02T04:06:00.000Z,2026-04-02T04:09:00.000Z,BUY,0.01,1,1,10.00,1,14250.00
2026-04-02T04:09:00.000Z,2026-04-02T04:11:00.000Z,BUY,0.01,1,1,10.00,1,14260.00
2026-04-02T04:11:00.000Z,2026-04-02T04:18:00.000Z,BUY,0.01,2,1,10.00,2,14270.00
2026-04-02T04:18:00.000Z,2026-04-02T04:25:00.000Z,BUY,0.01,2,1,10.00,2,14280.00
2026-04-02T04:25:00.000Z,2026-04-02T04:25:00.000Z,BUY,0.01,1,1,10.00,1,14290.00
2026-04-02T04:25:00.000Z,2026-04-02T04:31:00.000Z,BUY,0.01,2,1,10.00,2,14300.00
2026-04-02T04:31:00.000Z,2026-04-02T04:36:00.000Z,BUY,0.01,3,1,10.00,3,14310.00
2026-04-02T04:36:00.000Z,2026-04-02T04:39:00.000Z,BUY,0.01,1,1,10.00,1,14320.00
2026-04-02T04:39:00.000Z,2026-04-02T04:41:00.000Z,BUY,0.01,1,1,10.00,1,14330.00
2026-04-02T04:41:00.000Z,2026-04-02T05:32:00.000Z,BUY,0.01,4,1,10.00,4,14340.00
2026-04-02T05:32:00.000Z,2026-04-02T05:56:00.000Z,BUY,0.01,3,1,10.00,3,14350.00
2026-04-02T05:56:00.000Z,2026-04-02T06:26:00.000Z,BUY,0.01,1,1,10.00,1,14360.00
2026-04-02T06:26:00.000Z,2026-04-02T07:06:00.000Z,BUY,0.01,2,1,10.00,2,14370.00
2026-04-02T07:06:00.000Z,2026-04-02T08:26:00.000Z,BUY,0.01,1,1,10.00,1,14380.00
2026-04-02T08:26:00.000Z,2026-04-02T08:30:00.000Z,SELL,0.01,1,1,10.00,1,14390.00
2026-04-02T08:30:00.000Z,2026-04-02T08:33:00.000Z,SELL,0.01,1,1,10.00,1,14400.00
2026-04-02T08:33:00.000Z,2026-04-02T08:33:00.000Z,SELL,0.01,1,1,10.00,1,14410.00
2026-04-02T08:33:00.000Z,2026-04-02T08:41:00.000Z,SELL,0.01,1,1,10.00,1,14420.00
2026-04-02T08:41:00.000Z,2026-04-02T08:45:00.000Z,SELL,0.01,1,1,10.00,1,14430.00
2026-04-02T08:45:00.000Z,2026-04-02T08:47:00.000Z,SELL,0.01,1,1,10.00,1,14440.00
2026-04-02T08:47:00.000Z,2026-04-02T08:47:00.000Z,SELL,0.01,1,1,10.00,1,14450.00
2026-04-02T08:47:00.000Z,2026-04-02T08:49:00.000Z,SELL,0.01,1,1,10.00,1,14460.00
2026-04-02T08:49:00.000Z,2026-04-02T09:02:00.000Z,SELL,0.01,1,1,10.00,1,14470.00
2026-04-02T09:02:00.000Z,2026-04-02T09:07:00.000Z,SELL,0.01,1,1,10.00,1,14480.00
2026-04-02T09:07:00.000Z,2026-04-02T09:08:00.000Z,SELL,0.01,1,1,10.00,1,14490.00
2026-04-02T09:08:00.000Z,2026-04-02T09:11:00.000Z,SELL,0.01,1,1,10.00,1,14500.00
2026-04-02T09:11:00.000Z,2026-04-02T09:15:00.000Z,SELL,0.01,2,1,10.00,2,14510.00
2026-04-02T09:15:00.000Z,2026-04-02T09:16:00.000Z,SELL,0.01,1,1,10.00,1,14520.00
2026-04-02T09:16:00.000Z,2026-04-02T09:50:00.000Z,SELL,0.01,2,1,10.00,2,14530.00
2026-04-02T09:50:00.000Z,2026-04-02T09:55:00.000Z,SELL,0.01,1,1,10.00,1,14540.00
2026-04-02T09:55:00.000Z,2026-04-02T10:17:00.000Z,SELL,0.01,2,1,10.00,2,14550.00
2026-04-02T10:17:00.000Z,2026-04-02T12:03:00.000Z,SELL,0.01,3,1,10.00,3,14560.00
2026-04-02T12:03:00.000Z,2026-04-02T13:22:00.000Z,SELL,0.01,3,1,10.00,3,14570.00
2026-04-02T13:22:00.000Z,2026-04-02T14:43:00.000Z,SELL,0.01,3,1,10.00,3,14580.00
2026-04-02T14:43:00.000Z,2026-04-02T15:22:00.000Z,SELL,0.01,2,1,10.00,2,14590.00
2026-04-02T15:22:00.000Z,2026-04-02T15:47:00.000Z,SELL,0.01,1,1,10.00,1,14600.00
2026-04-02T15:47:00.000Z,2026-04-02T15:59:00.000Z,SELL,0.01,1,1,10.00,1,14610.00
2026-04-02T15:59:00.000Z,2026-04-02T16:00:00.000Z,SELL,0.01,1,1,10.00,1,14620.00
2026-04-02T16:00:00.000Z,2026-04-02T16:00:00.000Z,SELL,0.01,1,1,10.00,1,14630.00
2026-04-02T16:00:00.000Z,2026-04-02T16:06:00.000Z,SELL,0.01,2,1,10.00,2,14640.00
2026-04-02T16:06:00.000Z,2026-04-02T16:08:00.000Z,SELL,0.01,1,1,10.00,1,14650.00
2026-04-02T16:08:00.000Z,2026-04-02T16:10:00.000Z,SELL,0.01,1,1,10.00,1,14660.00
2026-04-02T16:10:00.000Z,2026-04-02T16:23:00.000Z,SELL,0.01,1,1,10.00,1,14670.00
2026-04-02T16:23:00.000Z,2026-04-02T16:46:00.000Z,SELL,0.01,2,1,10.00,2,14680.00
2026-04-02T16:46:00.000Z,2026-04-02T16:53:00.000Z,SELL,0.01,2,1,10.00,2,14690.00
2026-04-02T16:53:00.000Z,2026-04-02T17:01:00.000Z,SELL,0.01,1,1,10.00,1,14700.00
2026-04-02T17:01:00.000Z,2026-04-02T17:18:00.000Z,SELL,0.01,2,1,10.00,2,14710.00
2026-04-02T17:18:00.000Z,2026-04-02T17:36:00.000Z,SELL,0.01,2,1,10.00,2,14720.00
2026-04-02T17:36:00.000Z,2026-04-02T17:37:00.000Z,SELL,0.01,1,1,10.00,1,14730.00
2026-04-02T17:37:00.000Z,2026-04-02T18:02:00.000Z,SELL,0.01,1,1,10.00,1,14740.00
2026-04-02T18:02:00.000Z,2026-04-02T18:22:00.000Z,SELL,0.01,1,1,10.00,1,14750.00
2026-04-02T18:22:00.000Z,2026-04-02T19:08:00.000Z,SELL,0.01,1,1,10.00,1,14760.00
2026-04-02T19:08:00.000Z,2026-04-02T22:11:00.000Z,SELL,0.01,2,1,10.00,2,14770.00
2026-04-02T22:11:00.000Z,2026-04-02T22:16:00.000Z,SELL,0.01,1,1,10.00,1,14780.00
2026-04-02T22:16:00.000Z,2026-04-06T01:00:00.000Z,SELL,0.01,1,1,10.00,1,14790.00
2026-04-06T01:00:00.000Z,2026-04-06T01:00:00.000Z,SELL,0.01,1,1,10.00,1,14800.00
2026-04-06T01:00:00.000Z,2026-04-06T01:00:00.000Z,SELL,0.01,1,1,10.00,1,14810.00
2026-04-06T01:00:00.000Z,2026-04-06T01:00:00.000Z,SELL,0.01,1,1,10.00,1,14820.00
2026-04-06T01:00:00.000Z,2026-04-06T01:01:00.000Z,SELL,0.01,2,1,10.00,2,14830.00
2026-04-06T01:01:00.000Z,2026-04-06T01:01:00.000Z,SELL,0.01,1,1,10.00,1,14840.00
2026-04-06T01:01:00.000Z,2026-04-06T01:01:00.000Z,SELL,0.01,1,1,10.00,1,14850.00
2026-04-06T01:01:00.000Z,2026-04-06T01:05:00.000Z,SELL,0.01,1,1,10.00,1,14860.00
2026-04-06T01:05:00.000Z,2026-04-06T01:10:00.000Z,SELL,0.01,1,1,10.00,1,14870.00
2026-04-06T01:10:00.000Z,2026-04-06T01:46:00.000Z,SELL,0.01,2,1,10.00,2,14880.00
2026-04-06T01:46:00.000Z,2026-04-06T01:47:00.000Z,SELL,0.01,1,1,10.00,1,14890.00
2026-04-06T01:47:00.000Z,2026-04-06T01:47:00.000Z,SELL,0.01,1,1,10.00,1,14900.00
2026-04-06T01:47:00.000Z,2026-04-06T01:47:00.000Z,SELL,0.01,1,1,10.00,1,14910.00
2026-04-06T01:47:00.000Z,2026-04-06T01:47:00.000Z,SELL,0.01,1,1,10.00,1,14920.00
2026-04-06T01:47:00.000Z,2026-04-06T01:47:00.000Z,SELL,0.01,2,1,10.00,2,14930.00
2026-04-06T01:47:00.000Z,2026-04-06T01:47:00.000Z,SELL,0.01,1,1,10.00,1,14940.00
2026-04-06T01:47:00.000Z,2026-04-06T01:48:00.000Z,SELL,0.01,3,1,10.00,3,14950.00
2026-04-06T01:48:00.000Z,2026-04-06T01:49:00.000Z,SELL,0.01,2,1,10.00,2,14960.00
2026-04-06T01:49:00.000Z,2026-04-06T01:54:00.000Z,SELL,0.01,1,1,10.00,1,14970.00
2026-04-06T01:54:00.000Z,2026-04-06T01:54:00.000Z,SELL,0.01,1,1,10.00,1,14980.00
2026-04-06T01:54:00.000Z,2026-04-06T01:54:00.000Z,SELL,0.01,1,1,10.00,1,14990.00
2026-04-06T01:54:00.000Z,2026-04-06T01:54:00.000Z,SELL,0.01,2,1,10.00,2,15000.00
2026-04-06T01:54:00.000Z,2026-04-06T01:54:00.000Z,SELL,0.01,1,1,10.00,1,15010.00
2026-04-06T01:54:00.000Z,2026-04-06T02:19:00.000Z,SELL,0.01,1,1,10.00,1,15020.00
2026-04-06T02:19:00.000Z,2026-04-06T02:25:00.000Z,SELL,0.01,1,1,10.00,1,15030.00
2026-04-06T02:25:00.000Z,2026-04-06T02:30:00.000Z,SELL,0.01,1,1,10.00,1,15040.00
2026-04-06T02:30:00.000Z,2026-04-06T04:06:00.000Z,SELL,0.01,4,1,10.00,4,15050.00
2026-04-06T04:06:00.000Z,2026-04-06T04:19:00.000Z,SELL,0.01,1,1,10.00,1,15060.00
2026-04-06T04:19:00.000Z,2026-04-06T05:17:00.000Z,SELL,0.01,2,1,10.00,2,15070.00
2026-04-06T05:17:00.000Z,2026-04-06T05:17:00.000Z,SELL,0.01,1,1,10.00,1,15080.00
2026-04-06T05:17:00.000Z,2026-04-06T06:03:00.000Z,SELL,0.01,3,1,10.00,3,15090.00
2026-04-06T06:03:00.000Z,2026-04-06T08:05:00.000Z,SELL,0.01,2,1,10.00,2,15100.00
2026-04-06T08:05:00.000Z,2026-04-06T08:59:00.000Z,SELL,0.01,1,1,10.00,1,15110.00
2026-04-06T08:59:00.000Z,2026-04-06T09:00:00.000Z,SELL,0.01,1,1,10.00,1,15120.00
2026-04-06T09:00:00.000Z,2026-04-06T10:50:00.000Z,SELL,0.01,2,1,10.00,2,15130.00
2026-04-06T10:50:00.000Z,2026-04-06T12:31:00.000Z,SELL,0.01,2,1,10.00,2,15140.00
2026-04-06T12:31:00.000Z,2026-04-06T15:11:00.000Z,BUY,0.01,2,1,10.00,2,15150.00
2026-04-06T15:11:00.000Z,2026-04-06T17:00:00.000Z,BUY,0.01,1,1,10.00,1,15160.00
2026-04-06T17:00:00.000Z,2026-04-06T17:35:00.000Z,BUY,0.01,3,1,10.00,3,15170.00
2026-04-06T17:35:00.000Z,2026-04-06T18:06:00.000Z,BUY,0.01,2,1,10.00,2,15180.00
2026-04-06T18:06:00.000Z,2026-04-07T04:00:00.000Z,BUY,0.01,4,1,10.00,4,15190.00
2026-04-07T04:00:00.000Z,2026-04-07T04:52:00.000Z,SELL,0.01,5,1,10.00,5,15200.00
2026-04-07T04:52:00.000Z,2026-04-07T07:31:00.000Z,SELL,0.01,2,1,10.00,2,15210.00
2026-04-07T07:31:00.000Z,2026-04-07T08:25:00.000Z,SELL,0.01,1,1,10.00,1,15220.00
2026-04-07T08:25:00.000Z,2026-04-07T08:28:00.000Z,SELL,0.01,1,1,10.00,1,15230.00
2026-04-07T08:28:00.000Z,2026-04-07T08:30:00.000Z,SELL,0.01,1,1,10.00,1,15240.00
2026-04-07T08:30:00.000Z,2026-04-07T09:54:00.000Z,SELL,0.01,2,1,10.00,2,15250.00
2026-04-07T09:54:00.000Z,2026-04-07T10:26:00.000Z,SELL,0.01,1,1,10.00,1,15260.00
2026-04-07T10:26:00.000Z,2026-04-07T11:20:00.000Z,SELL,0.01,2,1,10.00,2,15270.00
2026-04-07T11:20:00.000Z,2026-04-07T11:20:00.000Z,SELL,0.01,1,1,10.00,1,15280.00
2026-04-07T11:20:00.000Z,2026-04-07T12:24:00.000Z,SELL,0.01,2,1,10.00,2,15290.00
2026-04-07T12:24:00.000Z,2026-04-07T12:30:00.000Z,SELL,0.01,1,1,10.00,1,15300.00
2026-04-07T12:30:00.000Z,2026-04-07T12:41:00.000Z,SELL,0.01,1,1,10.00,1,15310.00
2026-04-07T12:41:00.000Z,2026-04-07T12:45:00.000Z,SELL,0.01,1,1,10.00,1,15320.00
2026-04-07T12:45:00.000Z,2026-04-07T13:48:00.000Z,SELL,0.01,1,1,10.00,1,15330.00
2026-04-07T13:48:00.000Z,2026-04-07T14:44:00.000Z,BUY,0.01,3,1,10.00,3,15340.00
2026-04-07T14:44:00.000Z,2026-04-07T15:07:00.000Z,SELL,0.01,1,1,10.00,1,15350.00
2026-04-07T15:07:00.000Z,2026-04-07T16:41:00.000Z,SELL,0.01,1,1,10.00,1,15360.00
2026-04-07T16:41:00.000Z,2026-04-07T17:02:00.000Z,SELL,0.01,1,1,10.00,1,15370.00
2026-04-07T17:02:00.000Z,2026-04-07T17:05:00.000Z,SELL,0.01,1,1,10.00,1,15380.00
2026-04-07T17:05:00.000Z,2026-04-07T17:06:00.000Z,SELL,0.01,1,1,10.00,1,15390.00
2026-04-07T17:06:00.000Z,2026-04-07T17:24:00.000Z,SELL,0.01,2,1,10.00,2,15400.00
2026-04-07T17:24:00.000Z,2026-04-07T17:59:00.000Z,SELL,0.01,1,1,10.00,1,15410.00
2026-04-07T17:59:00.000Z,2026-04-07T19:02:00.000Z,SELL,0.01,2,1,10.00,2,15420.00
2026-04-07T19:02:00.000Z,2026-04-07T22:19:00.000Z,SELL,0.01,4,1,10.00,4,15430.00
2026-04-07T22:19:00.000Z,2026-04-07T22:20:00.000Z,BUY,0.01,1,1,10.00,1,15440.00
2026-04-07T22:20:00.000Z,2026-04-07T22:45:00.000Z,BUY,0.01,3,1,10.00,3,15450.00
2026-04-07T22:45:00.000Z,2026-04-08T01:00:00.000Z,BUY,0.01,3,1,10.00,3,15460.00
2026-04-08T01:00:00.000Z,2026-04-08T01:00:00.000Z,BUY,0.01,1,1,10.00,1,15470.00
2026-04-08T01:00:00.000Z,2026-04-08T01:00:00.000Z,BUY,0.01,1,1,10.00,1,15480.00
2026-04-08T01:00:00.000Z,2026-04-08T01:00:00.000Z,BUY,0.01,2,1,10.00,2,15490.00
2026-04-08T01:00:00.000Z,2026-04-08T01:00:00.000Z,BUY,0.01,1,1,10.00,1,15500.00
2026-04-08T01:00:00.000Z,2026-04-08T01:00:00.000Z,BUY,0.01,1,1,10.00,1,15510.00
2026-04-08T01:00:00.000Z,2026-04-08T01:00:00.000Z,BUY,0.01,1,1,10.00,1,15520.00
2026-04-08T01:00:00.000Z,2026-04-08T01:32:00.000Z,BUY,0.01,3,1,10.00,3,15530.00
2026-04-08T01:32:00.000Z,2026-04-08T01:33:00.000Z,BUY,0.01,2,1,10.00,2,15540.00
2026-04-08T01:33:00.000Z,2026-04-08T01:33:00.000Z,BUY,0.01,1,1,10.00,1,15550.00
2026-04-08T01:33:00.000Z,2026-04-08T01:33:00.000Z,BUY,0.01,1,1,10.00,1,15560.00
2026-04-08T01:33:00.000Z,2026-04-08T01:34:00.000Z,BUY,0.01,1,1,10.00,1,15570.00
2026-04-08T01:34:00.000Z,2026-04-08T01:36:00.000Z,BUY,0.01,1,1,10.00,1,15580.00
2026-04-08T01:36:00.000Z,2026-04-08T01:39:00.000Z,BUY,0.01,1,1,10.00,1,15590.00
2026-04-08T01:39:00.000Z,2026-04-08T01:54:00.000Z,BUY,0.01,1,1,10.00,1,15600.00
2026-04-08T01:54:00.000Z,2026-04-08T01:54:00.000Z,BUY,0.01,1,1,10.00,1,15610.00
2026-04-08T01:54:00.000Z,2026-04-08T01:55:00.000Z,BUY,0.01,1,1,10.00,1,15620.00
2026-04-08T01:55:00.000Z,2026-04-08T01:56:00.000Z,BUY,0.01,1,1,10.00,1,15630.00
2026-04-08T01:56:00.000Z,2026-04-08T02:22:00.000Z,BUY,0.01,1,1,10.00,1,15640.00
2026-04-08T02:22:00.000Z,2026-04-08T03:00:00.000Z,BUY,0.01,3,1,10.00,3,15650.00
2026-04-08T03:00:00.000Z,2026-04-08T03:02:00.000Z,BUY,0.01,1,1,10.00,1,15660.00
2026-04-08T03:02:00.000Z,2026-04-08T03:06:00.000Z,BUY,0.01,1,1,10.00,1,15670.00
2026-04-08T03:06:00.000Z,2026-04-08T03:21:00.000Z,BUY,0.01,2,1,10.00,2,15680.00
2026-04-08T03:21:00.000Z,2026-04-08T04:20:00.000Z,BUY,0.01,2,1,10.00,2,15690.00
2026-04-08T04:20:00.000Z,2026-04-08T04:23:00.000Z,BUY,0.01,1,1,10.00,1,15700.00
2026-04-08T04:23:00.000Z,2026-04-08T05:00:00.000Z,BUY,0.01,1,1,10.00,1,15710.00
2026-04-08T05:00:00.000Z,2026-04-08T08:48:00.000Z,BUY,0.01,3,1,10.00,3,15720.00
2026-04-08T08:48:00.000Z,2026-04-08T08:51:00.000Z,BUY,0.01,1,1,10.00,1,15730.00
2026-04-08T08:51:00.000Z,2026-04-08T10:34:00.000Z,BUY,0.01,2,1,10.00,2,15740.00
2026-04-08T10:34:00.000Z,2026-04-08T10:51:00.000Z,BUY,0.01,1,1,10.00,1,15750.00
2026-04-08T10:51:00.000Z,2026-04-08T12:43:00.000Z,BUY,0.01,2,1,10.00,2,15760.00
2026-04-08T12:43:00.000Z,2026-04-08T14:50:00.000Z,BUY,0.01,1,1,10.00,1,15770.00
2026-04-08T14:50:00.000Z,2026-04-08T16:55:00.000Z,BUY,0.01,4,1,10.00,4,15780.00
2026-04-08T16:55:00.000Z,2026-04-08T16:56:00.000Z,BUY,0.01,1,1,10.00,1,15790.00
2026-04-08T16:56:00.000Z,2026-04-08T17:03:00.000Z,BUY,0.01,1,1,10.00,1,15800.00
2026-04-08T17:03:00.000Z,2026-04-08T17:31:00.000Z,BUY,0.01,2,1,10.00,2,15810.00
2026-04-08T17:31:00.000Z,2026-04-08T17:41:00.000Z,BUY,0.01,1,1,10.00,1,15820.00
2026-04-08T17:41:00.000Z,2026-04-08T17:56:00.000Z,BUY,0.01,2,1,10.00,2,15830.00
2026-04-08T17:56:00.000Z,2026-04-08T18:07:00.000Z,BUY,0.01,1,1,10.00,1,15840.00
2026-04-08T18:07:00.000Z,2026-04-08T18:36:00.000Z,BUY,0.01,1,1,10.00,1,15850.00
2026-04-08T18:36:00.000Z,2026-04-08T21:00:00.000Z,BUY,0.01,2,1,10.00,2,15860.00
2026-04-08T21:00:00.000Z,2026-04-08T21:04:00.000Z,BUY,0.01,1,1,10.00,1,15870.00
2026-04-08T21:04:00.000Z,2026-04-08T21:43:00.000Z,BUY,0.01,4,1,10.00,4,15880.00
2026-04-08T21:43:00.000Z,2026-04-08T22:36:00.000Z,BUY,0.01,1,1,10.00,1,15890.00
2026-04-08T22:36:00.000Z,2026-04-09T01:13:00.000Z,SELL,0.01,1,1,10.00,1,15900.00
2026-04-09T01:13:00.000Z,2026-04-09T03:07:00.000Z,SELL,0.01,1,1,10.00,1,15910.00
2026-04-09T03:07:00.000Z,2026-04-09T05:31:00.000Z,SELL,0.01,2,1,10.00,2,15920.00
2026-04-09T05:31:00.000Z,2026-04-09T05:56:00.000Z,SELL,0.01,1,1,10.00,1,15930.00
2026-04-09T05:56:00.000Z,2026-04-09T06:16:00.000Z,SELL,0.01,1,1,10.00,1,15940.00
2026-04-09T06:16:00.000Z,2026-04-09T13:25:00.000Z,SELL,0.01,4,1,10.00,4,15950.00
2026-04-09T13:25:00.000Z,2026-04-09T16:38:00.000Z,SELL,0.01,4,1,10.00,4,15960.00
2026-04-09T16:38:00.000Z,2026-04-09T17:32:00.000Z,SELL,0.01,1,1,10.00,1,15970.00
2026-04-09T17:32:00.000Z,2026-04-09T18:00:00.000Z,BUY,0.01,1,1,10.00,1,15980.00
2026-04-09T18:00:00.000Z,2026-04-09T18:18:00.000Z,BUY,0.01,1,1,10.00,1,15990.00
2026-04-09T18:18:00.000Z,2026-04-09T18:32:00.000Z,BUY,0.01,1,1,10.00,1,16000.00
2026-04-09T18:32:00.000Z,2026-04-09T19:03:00.000Z,BUY,0.01,1,1,10.00,1,16010.00
2026-04-09T19:03:00.000Z,2026-04-09T21:41:00.000Z,BUY,0.01,2,1,10.00,2,16020.00
2026-04-09T21:41:00.000Z,2026-04-09T22:07:00.000Z,BUY,0.01,1,1,10.00,1,16030.00
2026-04-09T22:07:00.000Z,2026-04-10T05:13:00.000Z,BUY,0.01,2,1,10.00,2,16040.00
2026-04-10T05:13:00.000Z,2026-04-10T06:12:00.000Z,BUY,0.01,1,1,10.00,1,16050.00
2026-04-10T06:12:00.000Z,2026-04-10T07:19:00.000Z,BUY,0.01,1,1,10.00,1,16060.00
2026-04-10T07:19:00.000Z,2026-04-10T11:47:00.000Z,BUY,0.01,2,1,10.00,2,16070.00
2026-04-10T11:47:00.000Z,2026-04-10T12:18:00.000Z,BUY,0.01,1,1,10.00,1,16080.00
2026-04-10T12:18:00.000Z,2026-04-10T15:34:00.000Z,SELL,0.01,2,1,10.00,2,16090.00
2026-04-10T15:34:00.000Z,2026-04-10T17:25:00.000Z,BUY,0.01,1,1,10.00,1,16100.00
2026-04-10T17:25:00.000Z,2026-04-10T18:36:00.000Z,BUY,0.01,2,1,10.00,2,16110.00
2026-04-10T18:36:00.000Z,2026-04-10T21:34:00.000Z,BUY,0.01,1,1,10.00,1,16120.00
2026-04-10T21:34:00.000Z,2026-04-13T01:00:00.000Z,BUY,0.01,2,1,10.00,2,16130.00
2026-04-13T01:00:00.000Z,2026-04-13T01:00:00.000Z,BUY,0.01,2,1,10.00,2,16140.00
2026-04-13T01:00:00.000Z,2026-04-13T01:00:00.000Z,BUY,0.01,2,1,10.00,2,16150.00
2026-04-13T01:00:00.000Z,2026-04-13T01:00:00.000Z,BUY,0.01,2,1,10.00,2,16160.00
2026-04-13T01:00:00.000Z,2026-04-13T01:00:00.000Z,BUY,0.01,2,1,10.00,2,16170.00
2026-04-13T01:00:00.000Z,2026-04-13T01:00:00.000Z,BUY,0.01,2,1,10.00,2,16180.00
2026-04-13T01:00:00.000Z,2026-04-13T01:00:00.000Z,BUY,0.01,1,1,10.00,1,16190.00
2026-04-13T01:00:00.000Z,2026-04-13T01:00:00.000Z,BUY,0.01,1,1,10.00,1,16200.00
2026-04-13T01:00:00.000Z,2026-04-13T01:00:00.000Z,BUY,0.01,1,1,10.00,1,16210.00
2026-04-13T01:00:00.000Z,2026-04-13T01:00:00.000Z,BUY,0.01,1,1,10.00,1,16220.00
2026-04-13T01:00:00.000Z,2026-04-13T01:00:00.000Z,BUY,0.01,1,1,10.00,1,16230.00
2026-04-13T01:00:00.000Z,2026-04-13T01:00:00.000Z,BUY,0.01,1,1,10.00,1,16240.00
2026-04-13T01:00:00.000Z,2026-04-13T01:00:00.000Z,BUY,0.01,1,1,10.00,1,16250.00
2026-04-13T01:00:00.000Z,2026-04-13T01:00:00.000Z,BUY,0.01,1,1,10.00,1,16260.00
2026-04-13T01:00:00.000Z,2026-04-13T01:00:00.000Z,BUY,0.01,1,1,10.00,1,16270.00
2026-04-13T01:00:00.000Z,2026-04-13T01:00:00.000Z,BUY,0.01,1,1,10.00,1,16280.00
2026-04-13T01:00:00.000Z,2026-04-13T01:00:00.000Z,BUY,0.01,1,1,10.00,1,16290.00
2026-04-13T01:00:00.000Z,2026-04-13T01:00:00.000Z,BUY,0.01,1,1,10.00,1,16300.00
2026-04-13T01:00:00.000Z,2026-04-13T01:00:00.000Z,BUY,0.01,2,1,10.00,2,16310.00
2026-04-13T01:00:00.000Z,2026-04-13T01:25:00.000Z,BUY,0.01,4,1,10.00,4,16320.00
2026-04-13T01:25:00.000Z,2026-04-13T02:50:00.000Z,BUY,0.01,1,1,10.00,1,16330.00
2026-04-13T02:50:00.000Z,2026-04-13T03:59:00.000Z,SELL,0.01,2,1,10.00,2,16340.00
2026-04-13T03:59:00.000Z,2026-04-13T04:55:00.000Z,SELL,0.01,2,1,10.00,2,16350.00
2026-04-13T04:55:00.000Z,2026-04-13T05:46:00.000Z,SELL,0.01,1,1,10.00,1,16360.00
2026-04-13T05:46:00.000Z,2026-04-13T14:46:00.000Z,SELL,0.01,3,1,10.00,3,16370.00
2026-04-13T14:46:00.000Z,2026-04-13T16:12:00.000Z,SELL,0.01,2,1,10.00,2,16380.00
2026-04-13T16:12:00.000Z,2026-04-13T16:47:00.000Z,SELL,0.01,1,1,10.00,1,16390.00
2026-04-13T16:47:00.000Z,2026-04-13T17:23:00.000Z,SELL,0.01,3,1,10.00,3,16400.00
2026-04-13T17:23:00.000Z,2026-04-13T18:05:00.000Z,SELL,0.01,1,1,10.00,1,16410.00
2026-04-13T18:05:00.000Z,2026-04-13T19:29:00.000Z,SELL,0.01,2,1,10.00,2,16420.00
2026-04-13T19:29:00.000Z,2026-04-14T02:04:00.000Z,SELL,0.01,2,1,10.00,2,16430.00
2026-04-14T02:04:00.000Z,2026-04-14T03:41:00.000Z,BUY,0.01,1,1,10.00,1,16440.00
2026-04-14T03:41:00.000Z,2026-04-14T10:00:00.000Z,BUY,0.01,1,1,10.00,1,16450.00
2026-04-14T10:00:00.000Z,2026-04-14T10:06:00.000Z,BUY,0.01,1,1,10.00,1,16460.00
2026-04-14T10:06:00.000Z,2026-04-14T13:39:00.000Z,BUY,0.01,2,1,10.00,2,16470.00
2026-04-14T13:39:00.000Z,2026-04-14T14:08:00.000Z,BUY,0.01,1,1,10.00,1,16480.00
2026-04-14T14:08:00.000Z,2026-04-14T16:16:00.000Z,BUY,0.01,1,1,10.00,1,16490.00
2026-04-14T16:16:00.000Z,2026-04-14T16:35:00.000Z,BUY,0.01,1,1,10.00,1,16500.00
2026-04-14T16:35:00.000Z,2026-04-14T17:19:00.000Z,BUY,0.01,1,1,10.00,1,16510.00
2026-04-14T17:19:00.000Z,2026-04-14T17:33:00.000Z,BUY,0.01,1,1,10.00,1,16520.00
2026-04-14T17:33:00.000Z,2026-04-14T20:06:00.000Z,BUY,0.01,3,1,10.00,3,16530.00
2026-04-14T20:06:00.000Z,2026-04-14T20:38:00.000Z,BUY,0.01,1,1,10.00,1,16540.00
2026-04-14T20:38:00.000Z,2026-04-14T22:59:00.000Z,BUY,0.01,1,1,10.00,1,16550.00
2026-04-14T22:59:00.000Z,2026-04-15T04:16:00.000Z,BUY,0.01,1,1,10.00,1,16560.00
2026-04-15T04:16:00.000Z,2026-04-15T04:16:00.000Z,BUY,0.01,1,1,10.00,1,16570.00
2026-04-15T04:16:00.000Z,2026-04-15T05:22:00.000Z,BUY,0.01,2,1,10.00,2,16580.00
2026-04-15T05:22:00.000Z,2026-04-15T10:01:00.000Z,BUY,0.01,2,1,10.00,2,16590.00
2026-04-15T10:01:00.000Z,2026-04-15T10:14:00.000Z,BUY,0.01,1,1,10.00,1,16600.00
2026-04-15T10:14:00.000Z,2026-04-15T12:47:00.000Z,BUY,0.01,2,1,10.00,2,16610.00
2026-04-15T12:47:00.000Z,2026-04-15T12:54:00.000Z,BUY,0.01,1,1,10.00,1,16620.00
2026-04-15T12:54:00.000Z,2026-04-15T14:30:00.000Z,BUY,0.01,1,1,10.00,1,16630.00
2026-04-15T14:30:00.000Z,2026-04-15T16:21:00.000Z,BUY,0.01,1,1,10.00,1,16640.00
2026-04-15T16:21:00.000Z,2026-04-15T16:55:00.000Z,BUY,0.01,1,1,10.00,1,16650.00
2026-04-15T16:55:00.000Z,2026-04-15T18:29:00.000Z,BUY,0.01,2,1,10.00,2,16660.00
2026-04-15T18:29:00.000Z,2026-04-15T19:06:00.000Z,BUY,0.01,1,1,10.00,1,16670.00
2026-04-15T19:06:00.000Z,2026-04-16T02:30:00.000Z,BUY,0.01,1,1,10.00,1,16680.00
2026-04-16T02:30:00.000Z,2026-04-16T11:05:00.000Z,SELL,0.01,3,1,10.00,3,16690.00
2026-04-16T11:05:00.000Z,2026-04-16T14:00:00.000Z,BUY,0.01,1,1,10.00,1,16700.00
2026-04-16T14:00:00.000Z,2026-04-16T16:55:00.000Z,BUY,0.01,2,1,10.00,2,16710.00
2026-04-16T16:55:00.000Z,2026-04-16T16:56:00.000Z,BUY,0.01,1,1,10.00,1,16720.00
2026-04-16T16:56:00.000Z,2026-04-16T18:08:00.000Z,BUY,0.01,3,1,10.00,3,16730.00
2026-04-16T18:08:00.000Z,2026-04-16T18:36:00.000Z,SELL,0.01,1,1,10.00,1,16740.00
2026-04-16T18:36:00.000Z,2026-04-16T19:33:00.000Z,SELL,0.01,1,1,10.00,1,16750.00
2026-04-16T19:33:00.000Z,2026-04-17T04:12:00.000Z,SELL,0.01,1,1,10.00,1,16760.00
2026-04-17T04:12:00.000Z,2026-04-17T04:30:00.000Z,SELL,0.01,1,1,10.00,1,16770.00
2026-04-17T04:30:00.000Z,2026-04-17T06:06:00.000Z,SELL,0.01,2,1,10.00,2,16780.00
2026-04-17T06:06:00.000Z,2026-04-17T09:12:00.000Z,SELL,0.01,1,1,10.00,1,16790.00
2026-04-17T09:12:00.000Z,2026-04-17T15:25:00.000Z,SELL,0.01,2,1,10.00,2,16800.00
2026-04-17T15:25:00.000Z,2026-04-17T15:59:00.000Z,SELL,0.01,2,1,10.00,2,16810.00
2026-04-17T15:59:00.000Z,2026-04-17T16:02:00.000Z,SELL,0.01,1,1,10.00,1,16820.00
2026-04-17T16:02:00.000Z,2026-04-17T16:06:00.000Z,BUY,0.01,1,1,10.00,1,16830.00
2026-04-17T16:06:00.000Z,2026-04-17T16:07:00.000Z,BUY,0.01,1,1,10.00,1,16840.00
2026-04-17T16:07:00.000Z,2026-04-17T16:10:00.000Z,BUY,0.01,1,1,10.00,1,16850.00
2026-04-17T16:10:00.000Z,2026-04-17T16:11:00.000Z,BUY,0.01,1,1,10.00,1,16860.00
2026-04-17T16:11:00.000Z,2026-04-17T16:13:00.000Z,BUY,0.01,1,1,10.00,1,16870.00
2026-04-17T16:13:00.000Z,2026-04-17T16:20:00.000Z,BUY,0.01,2,1,10.00,2,16880.00
2026-04-17T16:20:00.000Z,2026-04-17T16:39:00.000Z,BUY,0.01,1,1,10.00,1,16890.00
2026-04-17T16:39:00.000Z,2026-04-17T16:54:00.000Z,BUY,0.01,1,1,10.00,1,16900.00
2026-04-17T16:54:00.000Z,2026-04-20T01:00:00.000Z,BUY,0.01,2,1,10.00,2,16910.00
2026-04-20T01:00:00.000Z,2026-04-20T01:00:00.000Z,BUY,0.01,2,1,10.00,2,16920.00
2026-04-20T01:00:00.000Z,2026-04-20T01:00:00.000Z,BUY,0.01,2,1,10.00,2,16930.00
2026-04-20T01:00:00.000Z,2026-04-20T01:01:00.000Z,BUY,0.01,2,1,10.00,2,16940.00
2026-04-20T01:01:00.000Z,2026-04-20T01:01:00.000Z,BUY,0.01,1,1,10.00,1,16950.00
2026-04-20T01:01:00.000Z,2026-04-20T01:02:00.000Z,BUY,0.01,1,1,10.00,1,16960.00
2026-04-20T01:02:00.000Z,2026-04-20T01:09:00.000Z,BUY,0.01,1,1,10.00,1,16970.00
2026-04-20T01:09:00.000Z,2026-04-20T02:39:00.000Z,BUY,0.01,2,1,10.00,2,16980.00
2026-04-20T02:39:00.000Z,2026-04-20T03:59:00.000Z,BUY,0.01,3,1,10.00,3,16990.00
2026-04-20T03:59:00.000Z,2026-04-20T04:01:00.000Z,BUY,0.01,1,1,10.00,1,17000.00
2026-04-20T04:01:00.000Z,2026-04-20T04:32:00.000Z,SELL,0.01,2,1,10.00,2,17010.00
2026-04-20T04:32:00.000Z,2026-04-20T05:16:00.000Z,SELL,0.01,1,1,10.00,1,17020.00
2026-04-20T05:16:00.000Z,2026-04-20T06:19:00.000Z,SELL,0.01,1,1,10.00,1,17030.00
2026-04-20T06:19:00.000Z,2026-04-20T15:20:00.000Z,SELL,0.01,2,1,10.00,2,17040.00
2026-04-20T15:20:00.000Z,2026-04-20T15:27:00.000Z,SELL,0.01,1,1,10.00,1,17050.00
2026-04-20T15:27:00.000Z,2026-04-20T17:51:00.000Z,SELL,0.01,1,1,10.00,1,17060.00
2026-04-20T17:51:00.000Z,2026-04-21T01:01:00.000Z,SELL,0.01,2,1,10.00,2,17070.00
2026-04-21T01:01:00.000Z,2026-04-21T06:18:00.000Z,BUY,0.01,2,1,10.00,2,17080.00
2026-04-21T06:18:00.000Z,2026-04-21T15:30:00.000Z,BUY,0.01,2,1,10.00,2,17090.00
2026-04-21T15:30:00.000Z,2026-04-21T17:40:00.000Z,SELL,0.01,5,1,10.00,5,17100.00
2026-04-21T17:40:00.000Z,2026-04-21T17:44:00.000Z,SELL,0.01,1,1,10.00,1,17110.00
2026-04-21T17:44:00.000Z,2026-04-21T17:46:00.000Z,SELL,0.01,1,1,10.00,1,17120.00
2026-04-21T17:46:00.000Z,2026-04-21T17:47:00.000Z,SELL,0.01,1,1,10.00,1,17130.00
2026-04-21T17:47:00.000Z,2026-04-21T19:51:00.000Z,SELL,0.01,3,1,10.00,3,17140.00
2026-04-21T19:51:00.000Z,2026-04-21T20:05:00.000Z,SELL,0.01,1,1,10.00,1,17150.00
2026-04-21T20:05:00.000Z,2026-04-21T20:30:00.000Z,SELL,0.01,1,1,10.00,1,17160.00
2026-04-21T20:30:00.000Z,2026-04-21T22:42:00.000Z,SELL,0.01,3,1,10.00,3,17170.00
2026-04-21T22:42:00.000Z,2026-04-21T22:43:00.000Z,SELL,0.01,1,1,10.00,1,17180.00
2026-04-21T22:43:00.000Z,2026-04-22T01:00:00.000Z,SELL,0.01,2,1,10.00,2,17190.00
2026-04-22T01:00:00.000Z,2026-04-22T02:49:00.000Z,SELL,0.01,2,1,10.00,2,17200.00
2026-04-22T02:49:00.000Z,2026-04-22T08:16:00.000Z,SELL,0.01,2,1,10.00,2,17210.00
2026-04-22T08:16:00.000Z,2026-04-22T08:16:00.000Z,SELL,0.01,1,1,10.00,1,17220.00
2026-04-22T08:16:00.000Z,2026-04-22T13:13:00.000Z,SELL,0.01,1,1,10.00,1,17230.00
2026-04-22T13:13:00.000Z,2026-04-22T17:32:00.000Z,SELL,0.01,1,1,10.00,1,17240.00
2026-04-22T17:32:00.000Z,2026-04-22T18:40:00.000Z,SELL,0.01,1,1,10.00,1,17250.00
2026-04-22T18:40:00.000Z,2026-04-23T03:09:00.000Z,SELL,0.01,3,1,10.00,3,17260.00
2026-04-23T03:09:00.000Z,2026-04-23T03:13:00.000Z,SELL,0.01,1,1,10.00,1,17270.00
2026-04-23T03:13:00.000Z,2026-04-23T03:16:00.000Z,SELL,0.01,1,1,10.00,1,17280.00
2026-04-23T03:16:00.000Z,2026-04-23T03:20:00.000Z,SELL,0.01,2,1,10.00,2,17290.00
2026-04-23T03:20:00.000Z,2026-04-23T05:08:00.000Z,SELL,0.01,3,1,10.00,3,17300.00
2026-04-23T05:08:00.000Z,2026-04-23T05:42:00.000Z,SELL,0.01,1,1,10.00,1,17310.00
2026-04-23T05:42:00.000Z,2026-04-23T08:30:00.000Z,SELL,0.01,1,1,10.00,1,17320.00
2026-04-23T08:30:00.000Z,2026-04-23T11:00:00.000Z,SELL,0.01,2,1,10.00,2,17330.00
2026-04-23T11:00:00.000Z,2026-04-23T11:30:00.000Z,SELL,0.01,1,1,10.00,1,17340.00
2026-04-23T11:30:00.000Z,2026-04-23T11:44:00.000Z,SELL,0.01,1,1,10.00,1,17350.00
2026-04-23T11:44:00.000Z,2026-04-23T13:08:00.000Z,SELL,0.01,1,1,10.00,1,17360.00
2026-04-23T13:08:00.000Z,2026-04-23T15:00:00.000Z,SELL,0.01,2,1,10.00,2,17370.00
2026-04-23T15:00:00.000Z,2026-04-23T20:09:00.000Z,SELL,0.01,1,1,10.00,1,17380.00
2026-04-23T20:09:00.000Z,2026-04-23T20:31:00.000Z,SELL,0.01,1,1,10.00,1,17390.00
2026-04-23T20:31:00.000Z,2026-04-23T20:40:00.000Z,SELL,0.01,1,1,10.00,1,17400.00
2026-04-23T20:40:00.000Z,2026-04-23T20:42:00.000Z,SELL,0.01,1,1,10.00,1,17410.00
2026-04-23T20:42:00.000Z,2026-04-23T20:45:00.000Z,SELL,0.01,1,1,10.00,1,17420.00
2026-04-23T20:45:00.000Z,2026-04-23T20:53:00.000Z,SELL,0.01,2,1,10.00,2,17430.00
2026-04-23T20:53:00.000Z,2026-04-23T20:53:00.000Z,SELL,0.01,1,1,10.00,1,17440.00
2026-04-23T20:53:00.000Z,2026-04-24T05:41:00.000Z,SELL,0.01,3,1,10.00,3,17450.00
2026-04-24T05:41:00.000Z,2026-04-24T06:04:00.000Z,SELL,0.01,1,1,10.00,1,17460.00
2026-04-24T06:04:00.000Z,2026-04-24T07:23:00.000Z,SELL,0.01,1,1,10.00,1,17470.00
2026-04-24T07:23:00.000Z,2026-04-24T10:49:00.000Z,SELL,0.01,2,1,10.00,2,17480.00
2026-04-24T10:49:00.000Z,2026-04-24T12:31:00.000Z,SELL,0.01,1,1,10.00,1,17490.00
2026-04-24T12:31:00.000Z,2026-04-24T14:24:00.000Z,SELL,0.01,2,1,10.00,2,17500.00
2026-04-24T14:24:00.000Z,2026-04-24T15:43:00.000Z,SELL,0.01,1,1,10.00,1,17510.00
2026-04-24T15:43:00.000Z,2026-04-24T15:49:00.000Z,SELL,0.01,1,1,10.00,1,17520.00
2026-04-24T15:49:00.000Z,2026-04-24T17:05:00.000Z,SELL,0.01,2,1,10.00,2,17530.00
2026-04-24T17:05:00.000Z,2026-04-27T01:00:00.000Z,SELL,0.01,1,1,10.00,1,17540.00
2026-04-27T01:00:00.000Z,2026-04-27T01:10:00.000Z,BUY,0.01,2,1,10.00,2,17550.00
2026-04-27T01:10:00.000Z,2026-04-27T03:56:00.000Z,BUY,0.01,1,1,10.00,1,17560.00
2026-04-27T03:56:00.000Z,2026-04-27T05:51:00.000Z,SELL,0.01,2,1,10.00,2,17570.00
2026-04-27T05:51:00.000Z,2026-04-27T08:35:00.000Z,SELL,0.01,1,1,10.00,1,17580.00
2026-04-27T08:35:00.000Z,2026-04-27T17:53:00.000Z,BUY,0.01,2,1,10.00,2,17590.00
2026-04-27T17:53:00.000Z,2026-04-27T18:02:00.000Z,SELL,0.01,1,1,10.00,1,17600.00
2026-04-27T18:02:00.000Z,2026-04-28T03:09:00.000Z,SELL,0.01,2,1,10.00,2,17610.00
2026-04-28T03:09:00.000Z,2026-04-28T04:00:00.000Z,SELL,0.01,1,1,10.00,1,17620.00
2026-04-28T04:00:00.000Z,2026-04-28T04:55:00.000Z,SELL,0.01,1,1,10.00,1,17630.00
2026-04-28T04:55:00.000Z,2026-04-28T04:58:00.000Z,SELL,0.01,1,1,10.00,1,17640.00
2026-04-28T04:58:00.000Z,2026-04-28T08:06:00.000Z,SELL,0.01,1,1,10.00,1,17650.00
2026-04-28T08:06:00.000Z,2026-04-28T08:06:00.000Z,SELL,0.01,1,1,10.00,1,17660.00
2026-04-28T08:06:00.000Z,2026-04-28T08:36:00.000Z,SELL,0.01,1,1,10.00,1,17670.00
2026-04-28T08:36:00.000Z,2026-04-28T08:42:00.000Z,SELL,0.01,1,1,10.00,1,17680.00
2026-04-28T08:42:00.000Z,2026-04-28T11:03:00.000Z,SELL,0.01,1,1,10.00,1,17690.00
2026-04-28T11:03:00.000Z,2026-04-28T12:42:00.000Z,SELL,0.01,1,1,10.00,1,17700.00
2026-04-28T12:42:00.000Z,2026-04-28T14:14:00.000Z,SELL,0.01,1,1,10.00,1,17710.00
2026-04-28T14:14:00.000Z,2026-04-28T14:35:00.000Z,SELL,0.01,1,1,10.00,1,17720.00
2026-04-28T14:35:00.000Z,2026-04-28T14:37:00.000Z,SELL,0.01,1,1,10.00,1,17730.00
2026-04-28T14:37:00.000Z,2026-04-28T14:46:00.000Z,SELL,0.01,1,1,10.00,1,17740.00
2026-04-28T14:46:00.000Z,2026-04-28T14:50:00.000Z,SELL,0.01,1,1,10.00,1,17750.00
2026-04-28T14:50:00.000Z,2026-04-28T15:20:00.000Z,SELL,0.01,2,1,10.00,2,17760.00
2026-04-28T15:20:00.000Z,2026-04-28T15:23:00.000Z,SELL,0.01,1,1,10.00,1,17770.00
2026-04-28T15:23:00.000Z,2026-04-28T17:04:00.000Z,SELL,0.01,3,1,10.00,3,17780.00
2026-04-28T17:04:00.000Z,2026-04-28T20:28:00.000Z,SELL,0.01,2,1,10.00,2,17790.00
2026-04-28T20:28:00.000Z,2026-04-29T04:03:00.000Z,SELL,0.01,1,1,10.00,1,17800.00
2026-04-29T04:03:00.000Z,2026-04-29T04:08:00.000Z,SELL,0.01,1,1,10.00,1,17810.00
2026-04-29T04:08:00.000Z,2026-04-29T08:03:00.000Z,SELL,0.01,2,1,10.00,2,17820.00
2026-04-29T08:03:00.000Z,2026-04-29T08:32:00.000Z,SELL,0.01,1,1,10.00,1,17830.00
2026-04-29T08:32:00.000Z,2026-04-29T09:19:00.000Z,SELL,0.01,1,1,10.00,1,17840.00
2026-04-29T09:19:00.000Z,2026-04-29T10:24:00.000Z,SELL,0.01,1,1,10.00,1,17850.00
2026-04-29T10:24:00.000Z,2026-04-29T11:09:00.000Z,SELL,0.01,1,1,10.00,1,17860.00
2026-04-29T11:09:00.000Z,2026-04-29T12:50:00.000Z,SELL,0.01,1,1,10.00,1,17870.00
2026-04-29T12:50:00.000Z,2026-04-29T15:55:00.000Z,SELL,0.01,3,1,10.00,3,17880.00
2026-04-29T15:55:00.000Z,2026-04-29T16:30:00.000Z,SELL,0.01,1,1,10.00,1,17890.00
2026-04-29T16:30:00.000Z,2026-04-29T16:39:00.000Z,SELL,0.01,1,1,10.00,1,17900.00
2026-04-29T16:39:00.000Z,2026-04-29T16:44:00.000Z,SELL,0.01,1,1,10.00,1,17910.00
2026-04-29T16:44:00.000Z,2026-04-29T18:00:00.000Z,SELL,0.01,2,1,10.00,2,17920.00
2026-04-29T18:00:00.000Z,2026-04-29T21:07:00.000Z,SELL,0.01,3,1,10.00,3,17930.00
2026-04-29T21:07:00.000Z,2026-04-29T21:32:00.000Z,SELL,0.01,1,1,10.00,1,17940.00
2026-04-29T21:32:00.000Z,2026-04-30T02:00:00.000Z,SELL,0.01,2,1,10.00,2,17950.00
2026-04-30T02:00:00.000Z,2026-04-30T07:30:00.000Z,SELL,0.01,3,1,10.00,3,17960.00
2026-04-30T07:30:00.000Z,2026-04-30T09:31:00.000Z,SELL,0.01,2,1,10.00,2,17970.00
2026-04-30T09:31:00.000Z,2026-04-30T10:57:00.000Z,SELL,0.01,2,1,10.00,2,17980.00
2026-04-30T10:57:00.000Z,2026-04-30T13:23:00.000Z,SELL,0.01,2,1,10.00,2,17990.00
2026-04-30T13:23:00.000Z,2026-04-30T13:29:00.000Z,BUY,0.01,1,1,10.00,1,18000.00
2026-04-30T13:29:00.000Z,2026-04-30T16:51:00.000Z,BUY,0.01,2,1,10.00,2,18010.00
2026-04-30T16:51:00.000Z,2026-04-30T17:03:00.000Z,BUY,0.01,1,1,10.00,1,18020.00
2026-04-30T17:03:00.000Z,2026-05-01T02:38:00.000Z,BUY,0.01,1,1,10.00,1,18030.00
2026-05-01T02:38:00.000Z,2026-05-01T08:56:00.000Z,BUY,0.01,4,1,10.00,4,18040.00
2026-05-01T08:56:00.000Z,2026-05-01T11:10:00.000Z,BUY,0.01,2,1,10.00,2,18050.00
2026-05-01T11:10:00.000Z,2026-05-01T12:54:00.000Z,SELL,0.01,1,1,10.00,1,18060.00
2026-05-01T12:54:00.000Z,2026-05-01T15:22:00.000Z,SELL,0.01,2,1,10.00,2,18070.00
2026-05-01T15:22:00.000Z,2026-05-01T16:55:00.000Z,SELL,0.01,2,1,10.00,2,18080.00
2026-05-01T16:55:00.000Z,2026-05-01T17:12:00.000Z,SELL,0.01,2,1,10.00,2,18090.00
2026-05-01T17:12:00.000Z,2026-05-01T17:12:00.000Z,SELL,0.01,1,1,10.00,1,18100.00
2026-05-01T17:12:00.000Z,2026-05-01T17:41:00.000Z,SELL,0.01,1,1,10.00,1,18110.00
2026-05-01T17:41:00.000Z,2026-05-01T18:05:00.000Z,SELL,0.01,1,1,10.00,1,18120.00
2026-05-01T18:05:00.000Z,2026-05-01T18:13:00.000Z,BUY,0.01,1,1,10.00,1,18130.00
2026-05-01T18:13:00.000Z,2026-05-01T18:40:00.000Z,BUY,0.01,1,1,10.00,1,18140.00
2026-05-01T18:40:00.000Z,2026-05-01T22:42:00.000Z,BUY,0.01,2,1,10.00,2,18150.00
2026-05-01T22:42:00.000Z,2026-05-04T01:00:00.000Z,BUY,0.01,1,1,10.00,1,18160.00
2026-05-04T01:00:00.000Z,2026-05-04T04:30:00.000Z,BUY,0.01,2,1,10.00,2,18170.00
2026-05-04T04:30:00.000Z,2026-05-04T04:50:00.000Z,BUY,0.01,1,1,10.00,1,18180.00
2026-05-04T04:50:00.000Z,2026-05-04T05:00:00.000Z,BUY,0.01,1,1,10.00,1,18190.00
2026-05-04T05:00:00.000Z,2026-05-04T09:46:00.000Z,BUY,0.01,4,1,10.00,4,18200.00
2026-05-04T09:46:00.000Z,2026-05-04T11:31:00.000Z,SELL,0.01,1,1,10.00,1,18210.00
2026-05-04T11:31:00.000Z,2026-05-04T13:03:00.000Z,SELL,0.01,1,1,10.00,1,18220.00
2026-05-04T13:03:00.000Z,2026-05-04T13:04:00.000Z,SELL,0.01,1,1,10.00,1,18230.00
2026-05-04T13:04:00.000Z,2026-05-04T13:08:00.000Z,SELL,0.01,1,1,10.00,1,18240.00
2026-05-04T13:08:00.000Z,2026-05-04T13:21:00.000Z,SELL,0.01,1,1,10.00,1,18250.00
2026-05-04T13:21:00.000Z,2026-05-04T13:39:00.000Z,SELL,0.01,2,1,10.00,2,18260.00
2026-05-04T13:39:00.000Z,2026-05-04T14:39:00.000Z,SELL,0.01,1,1,10.00,1,18270.00
2026-05-04T14:39:00.000Z,2026-05-04T17:40:00.000Z,SELL,0.01,2,1,10.00,2,18280.00
2026-05-04T17:40:00.000Z,2026-05-04T17:48:00.000Z,SELL,0.01,1,1,10.00,1,18290.00
2026-05-04T17:48:00.000Z,2026-05-04T17:59:00.000Z,SELL,0.01,1,1,10.00,1,18300.00
2026-05-04T17:59:00.000Z,2026-05-04T18:13:00.000Z,SELL,0.01,1,1,10.00,1,18310.00
2026-05-04T18:13:00.000Z,2026-05-04T18:19:00.000Z,SELL,0.01,1,1,10.00,1,18320.00
2026-05-04T18:19:00.000Z,2026-05-04T18:21:00.000Z,SELL,0.01,1,1,10.00,1,18330.00
2026-05-04T18:21:00.000Z,2026-05-04T18:21:00.000Z,SELL,0.01,1,1,10.00,1,18340.00
2026-05-04T18:21:00.000Z,2026-05-04T19:07:00.000Z,SELL,0.01,3,1,10.00,3,18350.00
2026-05-04T19:07:00.000Z,2026-05-05T04:37:00.000Z,SELL,0.01,4,1,10.00,4,18360.00
2026-05-05T04:37:00.000Z,2026-05-05T07:18:00.000Z,SELL,0.01,1,1,10.00,1,18370.00
2026-05-05T07:18:00.000Z,2026-05-05T14:42:00.000Z,SELL,0.01,2,1,10.00,2,18380.00
2026-05-05T14:42:00.000Z,2026-05-06T01:03:00.000Z,SELL,0.01,3,1,10.00,3,18390.00
2026-05-06T01:03:00.000Z,2026-05-06T01:55:00.000Z,BUY,0.01,1,1,10.00,1,18400.00
2026-05-06T01:55:00.000Z,2026-05-06T01:55:00.000Z,BUY,0.01,1,1,10.00,1,18410.00
2026-05-06T01:55:00.000Z,2026-05-06T02:11:00.000Z,BUY,0.01,1,1,10.00,1,18420.00
2026-05-06T02:11:00.000Z,2026-05-06T02:49:00.000Z,BUY,0.01,1,1,10.00,1,18430.00
2026-05-06T02:49:00.000Z,2026-05-06T03:23:00.000Z,BUY,0.01,1,1,10.00,1,18440.00
2026-05-06T03:23:00.000Z,2026-05-06T03:55:00.000Z,BUY,0.01,1,1,10.00,1,18450.00
2026-05-06T03:55:00.000Z,2026-05-06T04:00:00.000Z,BUY,0.01,1,1,10.00,1,18460.00
2026-05-06T04:00:00.000Z,2026-05-06T05:09:00.000Z,BUY,0.01,1,1,10.00,1,18470.00
2026-05-06T05:09:00.000Z,2026-05-06T06:05:00.000Z,BUY,0.01,1,1,10.00,1,18480.00
2026-05-06T06:05:00.000Z,2026-05-06T07:27:00.000Z,BUY,0.01,1,1,10.00,1,18490.00
2026-05-06T07:27:00.000Z,2026-05-06T08:58:00.000Z,BUY,0.01,1,1,10.00,1,18500.00
2026-05-06T08:58:00.000Z,2026-05-06T10:45:00.000Z,BUY,0.01,1,1,10.00,1,18510.00
2026-05-06T10:45:00.000Z,2026-05-06T11:50:00.000Z,BUY,0.01,1,1,10.00,1,18520.00
2026-05-06T11:50:00.000Z,2026-05-06T11:50:00.000Z,BUY,0.01,1,1,10.00,1,18530.00
2026-05-06T11:50:00.000Z,2026-05-06T12:00:00.000Z,BUY,0.01,1,1,10.00,1,18540.00
2026-05-06T12:00:00.000Z,2026-05-06T13:41:00.000Z,BUY,0.01,1,1,10.00,1,18550.00
2026-05-06T13:41:00.000Z,2026-05-06T15:03:00.000Z,BUY,0.01,2,1,10.00,2,18560.00
2026-05-06T15:03:00.000Z,2026-05-06T16:34:00.000Z,BUY,0.01,3,1,10.00,3,18570.00
2026-05-06T16:34:00.000Z,2026-05-06T16:54:00.000Z,BUY,0.01,1,1,10.00,1,18580.00
2026-05-06T16:54:00.000Z,2026-05-06T17:15:00.000Z,BUY,0.01,1,1,10.00,1,18590.00
2026-05-06T17:15:00.000Z,2026-05-06T19:00:00.000Z,BUY,0.01,2,1,10.00,2,18600.00
2026-05-06T19:00:00.000Z,2026-05-06T22:10:00.000Z,BUY,0.01,1,1,10.00,1,18610.00
2026-05-06T22:10:00.000Z,2026-05-07T04:10:00.000Z,BUY,0.01,1,1,10.00,1,18620.00
2026-05-07T04:10:00.000Z,2026-05-07T04:17:00.000Z,BUY,0.01,1,1,10.00,1,18630.00
2026-05-07T04:17:00.000Z,2026-05-07T09:31:00.000Z,BUY,0.01,3,1,10.00,3,18640.00
2026-05-07T09:31:00.000Z,2026-05-07T09:35:00.000Z,BUY,0.01,1,1,10.00,1,18650.00
2026-05-07T09:35:00.000Z,2026-05-07T09:40:00.000Z,BUY,0.01,1,1,10.00,1,18660.00
2026-05-07T09:40:00.000Z,2026-05-07T16:33:00.000Z,BUY,0.01,3,1,10.00,3,18670.00
2026-05-07T16:33:00.000Z,2026-05-07T18:58:00.000Z,BUY,0.01,2,1,10.00,2,18680.00
2026-05-07T18:58:00.000Z,2026-05-07T20:26:00.000Z,BUY,0.01,2,1,10.00,2,18690.00
2026-05-07T20:26:00.000Z,2026-05-07T20:56:00.000Z,BUY,0.01,1,1,10.00,1,18700.00
2026-05-07T20:56:00.000Z,2026-05-08T04:06:00.000Z,BUY,0.01,3,1,10.00,3,18710.00
2026-05-08T04:06:00.000Z,2026-05-08T04:37:00.000Z,SELL,0.01,1,1,10.00,1,18720.00
2026-05-08T04:37:00.000Z,2026-05-08T13:38:00.000Z,SELL,0.01,5,0,-2420.00,5,16300.00
2026-05-08T13:38:00.000Z,2026-05-08T16:31:00.000Z,BUY,0.01,3,1,10.00,3,16310.00
2026-05-08T16:31:00.000Z,2026-05-08T16:59:00.000Z,BUY,0.01,1,1,10.00,1,16320.00
2026-05-08T16:59:00.000Z,2026-05-08T17:30:00.000Z,BUY,0.01,2,1,10.00,2,16330.00
2026-05-08T17:30:00.000Z,2026-05-08T21:03:00.000Z,BUY,0.01,1,1,10.00,1,16340.00
2026-05-08T21:03:00.000Z,2026-05-11T01:00:00.000Z,BUY,0.01,2,1,10.00,2,16350.00
2026-05-11T01:00:00.000Z,2026-05-11T08:43:00.000Z,BUY,0.01,4,1,10.00,4,16360.00
2026-05-11T08:43:00.000Z,2026-05-11T08:51:00.000Z,SELL,0.01,1,1,10.00,1,16370.00
2026-05-11T08:51:00.000Z,2026-05-11T15:23:00.000Z,SELL,0.01,4,1,10.00,4,16380.00
2026-05-11T15:23:00.000Z,2026-05-11T16:09:00.000Z,SELL,0.01,2,1,10.00,2,16390.00
2026-05-11T16:09:00.000Z,2026-05-11T16:45:00.000Z,SELL,0.01,2,1,10.00,2,16400.00
2026-05-11T16:45:00.000Z,2026-05-11T16:49:00.000Z,SELL,0.01,1,1,10.00,1,16410.00
2026-05-11T16:49:00.000Z,2026-05-11T17:05:00.000Z,SELL,0.01,1,1,10.00,1,16420.00
2026-05-11T17:05:00.000Z,2026-05-11T17:32:00.000Z,SELL,0.01,1,1,10.00,1,16430.00
2026-05-11T17:32:00.000Z,2026-05-12T01:46:00.000Z,SELL,0.01,4,1,10.00,4,16440.00
2026-05-12T01:46:00.000Z,2026-05-12T02:31:00.000Z,BUY,0.01,1,1,10.00,1,16450.00
2026-05-12T02:31:00.000Z,2026-05-12T02:52:00.000Z,BUY,0.01,1,1,10.00,1,16460.00
2026-05-12T02:52:00.000Z,2026-05-12T04:27:00.000Z,BUY,0.01,2,1,10.00,2,16470.00
2026-05-12T04:27:00.000Z,2026-05-12T09:00:00.000Z,BUY,0.01,2,1,10.00,2,16480.00
2026-05-12T09:00:00.000Z,2026-05-12T16:15:00.000Z,BUY,0.01,5,0,-2420.00,5,14060.00
2026-05-12T16:15:00.000Z,2026-05-12T16:59:00.000Z,SELL,0.01,1,1,10.00,1,14070.00
2026-05-12T16:59:00.000Z,2026-05-12T18:12:00.000Z,SELL,0.01,1,1,10.00,1,14080.00
2026-05-12T18:12:00.000Z,2026-05-12T18:21:00.000Z,SELL,0.01,1,1,10.00,1,14090.00
2026-05-12T18:21:00.000Z,2026-05-12T18:23:00.000Z,SELL,0.01,1,1,10.00,1,14100.00
2026-05-12T18:23:00.000Z,2026-05-12T20:02:00.000Z,SELL,0.01,2,1,10.00,2,14110.00
2026-05-12T20:02:00.000Z,2026-05-12T22:31:00.000Z,SELL,0.01,2,1,10.00,2,14120.00
2026-05-12T22:31:00.000Z,2026-05-13T05:31:00.000Z,SELL,0.01,3,1,10.00,3,14130.00
2026-05-13T05:31:00.000Z,2026-05-13T08:04:00.000Z,BUY,0.01,1,1,10.00,1,14140.00
2026-05-13T08:04:00.000Z,2026-05-13T08:30:00.000Z,SELL,0.01,1,1,10.00,1,14150.00
2026-05-13T08:30:00.000Z,2026-05-13T15:22:00.000Z,SELL,0.01,1,1,10.00,1,14160.00
2026-05-13T15:22:00.000Z,2026-05-13T16:36:00.000Z,SELL,0.01,1,1,10.00,1,14170.00
2026-05-13T16:36:00.000Z,2026-05-13T19:24:00.000Z,SELL,0.01,2,1,10.00,2,14180.00
2026-05-13T19:24:00.000Z,2026-05-13T19:54:00.000Z,SELL,0.01,1,1,10.00,1,14190.00
2026-05-13T19:54:00.000Z,2026-05-13T20:59:00.000Z,SELL,0.01,1,1,10.00,1,14200.00
2026-05-13T20:59:00.000Z,2026-05-14T06:48:00.000Z,SELL,0.01,3,1,10.00,3,14210.00
2026-05-14T06:48:00.000Z,2026-05-14T07:27:00.000Z,SELL,0.01,2,1,10.00,2,14220.00
2026-05-14T07:27:00.000Z,2026-05-14T08:26:00.000Z,SELL,0.01,1,1,10.00,1,14230.00
2026-05-14T08:26:00.000Z,2026-05-14T16:30:00.000Z,SELL,0.01,3,1,10.00,3,14240.00
2026-05-14T16:30:00.000Z,2026-05-14T17:19:00.000Z,BUY,0.01,1,1,10.00,1,14250.00
2026-05-14T17:19:00.000Z,2026-05-14T17:54:00.000Z,SELL,0.01,1,1,10.00,1,14260.00
2026-05-14T17:54:00.000Z,2026-05-14T19:10:00.000Z,SELL,0.01,1,1,10.00,1,14270.00
2026-05-14T19:10:00.000Z,2026-05-14T22:29:00.000Z,SELL,0.01,1,1,10.00,1,14280.00
2026-05-14T22:29:00.000Z,2026-05-14T22:48:00.000Z,SELL,0.01,1,1,10.00,1,14290.00
2026-05-14T22:48:00.000Z,2026-05-15T03:01:00.000Z,SELL,0.01,1,1,10.00,1,14300.00
2026-05-15T03:01:00.000Z,2026-05-15T03:25:00.000Z,SELL,0.01,1,1,10.00,1,14310.00
2026-05-15T03:25:00.000Z,2026-05-15T03:30:00.000Z,SELL,0.01,1,1,10.00,1,14320.00
2026-05-15T03:30:00.000Z,2026-05-15T04:07:00.000Z,SELL,0.01,1,1,10.00,1,14330.00
2026-05-15T04:07:00.000Z,2026-05-15T08:01:00.000Z,SELL,0.01,1,1,10.00,1,14340.00
2026-05-15T08:01:00.000Z,2026-05-15T08:10:00.000Z,SELL,0.01,1,1,10.00,1,14350.00
2026-05-15T08:10:00.000Z,2026-05-15T08:19:00.000Z,SELL,0.01,1,1,10.00,1,14360.00
2026-05-15T08:19:00.000Z,2026-05-15T08:34:00.000Z,SELL,0.01,1,1,10.00,1,14370.00
2026-05-15T08:34:00.000Z,2026-05-15T08:59:00.000Z,SELL,0.01,1,1,10.00,1,14380.00
2026-05-15T08:59:00.000Z,2026-05-15T11:30:00.000Z,SELL,0.01,3,1,10.00,3,14390.00
2026-05-15T11:30:00.000Z,2026-05-15T12:16:00.000Z,SELL,0.01,1,1,10.00,1,14400.00
2026-05-15T12:16:00.000Z,2026-05-15T13:53:00.000Z,SELL,0.01,2,1,10.00,2,14410.00
2026-05-15T13:53:00.000Z,2026-05-15T14:25:00.000Z,SELL,0.01,1,1,10.00,1,14420.00
2026-05-15T14:25:00.000Z,2026-05-15T14:55:00.000Z,SELL,0.01,1,1,10.00,1,14430.00
2026-05-15T14:55:00.000Z,2026-05-15T16:01:00.000Z,SELL,0.01,1,1,10.00,1,14440.00
2026-05-15T16:01:00.000Z,2026-05-15T16:37:00.000Z,SELL,0.01,1,1,10.00,1,14450.00
2026-05-15T16:37:00.000Z,2026-05-15T16:45:00.000Z,SELL,0.01,1,1,10.00,1,14460.00
2026-05-15T16:45:00.000Z,2026-05-15T17:17:00.000Z,SELL,0.01,2,1,10.00,2,14470.00
2026-05-15T17:17:00.000Z,2026-05-15T18:48:00.000Z,SELL,0.01,1,1,10.00,1,14480.00
2026-05-15T18:48:00.000Z,2026-05-15T19:13:00.000Z,SELL,0.01,1,1,10.00,1,14490.00
2026-05-15T19:13:00.000Z,2026-05-15T20:22:00.000Z,SELL,0.01,2,1,10.00,2,14500.00
2026-05-15T20:22:00.000Z,2026-05-15T22:18:00.000Z,SELL,0.01,1,1,10.00,1,14510.00
2026-05-15T22:18:00.000Z,2026-05-18T01:00:00.000Z,SELL,0.01,1,1,10.00,1,14520.00
2026-05-18T01:00:00.000Z,2026-05-18T01:01:00.000Z,SELL,0.01,1,1,10.00,1,14530.00
2026-05-18T01:01:00.000Z,2026-05-18T01:02:00.000Z,SELL,0.01,1,1,10.00,1,14540.00
2026-05-18T01:02:00.000Z,2026-05-18T01:02:00.000Z,SELL,0.01,1,1,10.00,1,14550.00
2026-05-18T01:02:00.000Z,2026-05-18T01:02:00.000Z,SELL,0.01,2,1,10.00,2,14560.00
2026-05-18T01:02:00.000Z,2026-05-18T03:06:00.000Z,SELL,0.01,1,1,10.00,1,14570.00
2026-05-18T03:06:00.000Z,2026-05-18T03:24:00.000Z,SELL,0.01,1,1,10.00,1,14580.00
2026-05-18T03:24:00.000Z,2026-05-18T03:33:00.000Z,SELL,0.01,1,1,10.00,1,14590.00
2026-05-18T03:33:00.000Z,2026-05-18T03:34:00.000Z,SELL,0.01,1,1,10.00,1,14600.00
2026-05-18T03:34:00.000Z,2026-05-18T03:40:00.000Z,SELL,0.01,1,1,10.00,1,14610.00
2026-05-18T03:40:00.000Z,2026-05-18T04:47:00.000Z,SELL,0.01,2,1,10.00,2,14620.00
2026-05-18T04:47:00.000Z,2026-05-18T06:44:00.000Z,SELL,0.01,2,1,10.00,2,14630.00
2026-05-18T06:44:00.000Z,2026-05-18T07:25:00.000Z,SELL,0.01,1,1,10.00,1,14640.00
2026-05-18T07:25:00.000Z,2026-05-18T14:41:00.000Z,SELL,0.01,4,1,10.00,4,14650.00
2026-05-18T14:41:00.000Z,2026-05-18T14:41:00.000Z,SELL,0.01,1,1,10.00,1,14660.00
2026-05-18T14:41:00.000Z,2026-05-18T15:20:00.000Z,SELL,0.01,1,1,10.00,1,14670.00
2026-05-18T15:20:00.000Z,2026-05-18T16:01:00.000Z,SELL,0.01,2,1,10.00,2,14680.00
2026-05-18T16:01:00.000Z,2026-05-18T16:02:00.000Z,SELL,0.01,1,1,10.00,1,14690.00
2026-05-18T16:02:00.000Z,2026-05-18T17:22:00.000Z,SELL,0.01,1,1,10.00,1,14700.00
2026-05-18T17:22:00.000Z,2026-05-18T17:34:00.000Z,SELL,0.01,1,1,10.00,1,14710.00
2026-05-18T17:34:00.000Z,2026-05-18T18:02:00.000Z,SELL,0.01,1,1,10.00,1,14720.00
2026-05-18T18:02:00.000Z,2026-05-19T01:00:00.000Z,SELL,0.01,4,1,10.00,4,14730.00
2026-05-19T01:00:00.000Z,2026-05-19T04:21:00.000Z,SELL,0.01,3,1,10.00,3,14740.00
2026-05-19T04:21:00.000Z,2026-05-19T04:39:00.000Z,BUY,0.01,1,1,10.00,1,14750.00
2026-05-19T04:39:00.000Z,2026-05-19T08:23:00.000Z,BUY,0.01,2,1,10.00,2,14760.00
2026-05-19T08:23:00.000Z,2026-05-19T16:04:00.000Z,SELL,0.01,3,1,10.00,3,14770.00
2026-05-19T16:04:00.000Z,2026-05-19T16:21:00.000Z,SELL,0.01,1,1,10.00,1,14780.00
2026-05-19T16:21:00.000Z,2026-05-19T16:24:00.000Z,SELL,0.01,1,1,10.00,1,14790.00
2026-05-19T16:24:00.000Z,2026-05-19T16:29:00.000Z,SELL,0.01,1,1,10.00,1,14800.00
2026-05-19T16:29:00.000Z,2026-05-19T16:31:00.000Z,SELL,0.01,1,1,10.00,1,14810.00
2026-05-19T16:31:00.000Z,2026-05-19T16:31:00.000Z,SELL,0.01,1,1,10.00,1,14820.00
2026-05-19T16:31:00.000Z,2026-05-19T16:54:00.000Z,SELL,0.01,2,1,10.00,2,14830.00
2026-05-19T16:54:00.000Z,2026-05-19T17:14:00.000Z,SELL,0.01,1,1,10.00,1,14840.00
2026-05-19T17:14:00.000Z,2026-05-19T22:55:00.000Z,SELL,0.01,1,1,10.00,1,14850.00
2026-05-19T22:55:00.000Z,2026-05-20T04:29:00.000Z,SELL,0.01,3,1,10.00,3,14860.00
2026-05-20T04:29:00.000Z,2026-05-20T04:36:00.000Z,SELL,0.01,1,1,10.00,1,14870.00
2026-05-20T04:36:00.000Z,2026-05-20T13:35:00.000Z,SELL,0.01,4,1,10.00,4,14880.00
2026-05-20T13:35:00.000Z,2026-05-20T16:58:00.000Z,SELL,0.01,1,1,10.00,1,14890.00
2026-05-20T16:58:00.000Z,2026-05-20T17:11:00.000Z,SELL,0.01,1,1,10.00,1,14900.00
2026-05-20T17:11:00.000Z,2026-05-20T17:17:00.000Z,SELL,0.01,2,1,10.00,2,14910.00
2026-05-20T17:17:00.000Z,2026-05-20T17:17:00.000Z,SELL,0.01,1,1,10.00,1,14920.00
2026-05-20T17:17:00.000Z,2026-05-20T17:31:00.000Z,SELL,0.01,2,1,10.00,2,14930.00
2026-05-20T17:31:00.000Z,2026-05-20T18:16:00.000Z,SELL,0.01,2,1,10.00,2,14940.00
2026-05-20T18:16:00.000Z,2026-05-20T18:17:00.000Z,SELL,0.01,1,1,10.00,1,14950.00
2026-05-20T18:17:00.000Z,2026-05-20T18:26:00.000Z,SELL,0.01,1,1,10.00,1,14960.00
2026-05-20T18:26:00.000Z,2026-05-21T04:23:00.000Z,SELL,0.01,2,1,10.00,2,14970.00
2026-05-21T04:23:00.000Z,2026-05-21T05:46:00.000Z,BUY,0.01,2,1,10.00,2,14980.00
2026-05-21T05:46:00.000Z,2026-05-21T12:21:00.000Z,BUY,0.01,3,1,10.00,3,14990.00
2026-05-21T12:21:00.000Z,2026-05-21T13:27:00.000Z,BUY,0.01,2,1,10.00,2,15000.00
2026-05-21T13:27:00.000Z,2026-05-21T20:10:00.000Z,BUY,0.01,3,1,10.00,3,15010.00
2026-05-21T20:10:00.000Z,2026-05-21T20:49:00.000Z,SELL,0.01,2,1,10.00,2,15020.00
2026-05-21T20:49:00.000Z,2026-05-21T21:48:00.000Z,SELL,0.01,1,1,10.00,1,15030.00
2026-05-21T21:48:00.000Z,2026-05-22T08:57:00.000Z,BUY,0.01,2,1,10.00,2,15040.00
2026-05-22T08:57:00.000Z,2026-05-22T09:09:00.000Z,BUY,0.01,1,1,10.00,1,15050.00
2026-05-22T09:09:00.000Z,2026-05-22T13:45:00.000Z,SELL,0.01,1,1,10.00,1,15060.00
2026-05-22T13:45:00.000Z,2026-05-22T14:44:00.000Z,BUY,0.01,1,1,10.00,1,15070.00
2026-05-22T14:44:00.000Z,2026-05-22T16:42:00.000Z,SELL,0.01,1,1,10.00,1,15080.00
2026-05-22T16:42:00.000Z,2026-05-22T17:13:00.000Z,SELL,0.01,1,1,10.00,1,15090.00
2026-05-22T17:13:00.000Z,2026-05-25T01:00:00.000Z,SELL,0.01,2,1,10.00,2,15100.00
2026-05-25T01:00:00.000Z,2026-05-25T01:00:00.000Z,SELL,0.01,1,1,10.00,1,15110.00
2026-05-25T01:00:00.000Z,2026-05-25T01:00:00.000Z,SELL,0.01,1,1,10.00,1,15120.00
2026-05-25T01:00:00.000Z,2026-05-25T01:00:00.000Z,SELL,0.01,2,1,10.00,2,15130.00
2026-05-25T01:00:00.000Z,2026-05-25T02:07:00.000Z,SELL,0.01,2,1,10.00,2,15140.00
2026-05-25T02:07:00.000Z,2026-05-26T03:52:00.000Z,BUY,0.01,4,1,10.00,4,15150.00
2026-05-26T03:52:00.000Z,2026-05-26T14:35:00.000Z,BUY,0.01,2,1,10.00,2,15160.00
2026-05-26T14:35:00.000Z,2026-05-26T15:31:00.000Z,SELL,0.01,1,1,10.00,1,15170.00
2026-05-26T15:31:00.000Z,2026-05-26T16:44:00.000Z,SELL,0.01,2,1,10.00,2,15180.00
2026-05-26T16:44:00.000Z,2026-05-26T16:50:00.000Z,SELL,0.01,1,1,10.00,1,15190.00
2026-05-26T16:50:00.000Z,2026-05-26T17:12:00.000Z,SELL,0.01,1,1,10.00,1,15200.00
2026-05-26T17:12:00.000Z,2026-05-26T19:17:00.000Z,SELL,0.01,1,1,10.00,1,15210.00
2026-05-26T19:17:00.000Z,2026-05-26T21:00:00.000Z,SELL,0.01,1,1,10.00,1,15220.00
2026-05-26T21:00:00.000Z,2026-05-27T01:00:00.000Z,SELL,0.01,2,1,10.00,2,15230.00
2026-05-27T01:00:00.000Z,2026-05-27T01:00:00.000Z,SELL,0.01,1,1,10.00,1,15240.00
2026-05-27T01:00:00.000Z,2026-05-27T01:35:00.000Z,SELL,0.01,5,1,10.00,5,15250.00
2026-05-27T01:35:00.000Z,2026-05-27T09:18:00.000Z,SELL,0.01,3,1,10.00,3,15260.00
2026-05-27T09:18:00.000Z,2026-05-27T10:49:00.000Z,SELL,0.01,1,1,10.00,1,15270.00
2026-05-27T10:49:00.000Z,2026-05-27T13:39:00.000Z,SELL,0.01,1,1,10.00,1,15280.00
2026-05-27T13:39:00.000Z,2026-05-27T13:46:00.000Z,SELL,0.01,1,1,10.00,1,15290.00
2026-05-27T13:46:00.000Z,2026-05-27T13:48:00.000Z,SELL,0.01,1,1,10.00,1,15300.00
2026-05-27T13:48:00.000Z,2026-05-27T14:30:00.000Z,SELL,0.01,1,1,10.00,1,15310.00
2026-05-27T14:30:00.000Z,2026-05-27T14:58:00.000Z,SELL,0.01,1,1,10.00,1,15320.00
2026-05-27T14:58:00.000Z,2026-05-27T15:22:00.000Z,SELL,0.01,2,1,10.00,2,15330.00
2026-05-27T15:22:00.000Z,2026-05-27T15:34:00.000Z,SELL,0.01,1,1,10.00,1,15340.00
2026-05-27T15:34:00.000Z,2026-05-27T16:00:00.000Z,SELL,0.01,1,1,10.00,1,15350.00
2026-05-27T16:00:00.000Z,2026-05-27T16:05:00.000Z,SELL,0.01,1,1,10.00,1,15360.00
2026-05-27T16:05:00.000Z,2026-05-27T16:07:00.000Z,SELL,0.01,1,1,10.00,1,15370.00
2026-05-27T16:07:00.000Z,2026-05-27T16:20:00.000Z,SELL,0.01,1,1,10.00,1,15380.00
2026-05-27T16:20:00.000Z,2026-05-27T17:04:00.000Z,SELL,0.01,2,1,10.00,2,15390.00
2026-05-27T17:04:00.000Z,2026-05-28T04:25:00.000Z,SELL,0.01,3,1,10.00,3,15400.00
2026-05-28T04:25:00.000Z,2026-05-28T04:42:00.000Z,SELL,0.01,1,1,10.00,1,15410.00
2026-05-28T04:42:00.000Z,2026-05-28T05:01:00.000Z,SELL,0.01,1,1,10.00,1,15420.00
2026-05-28T05:01:00.000Z,2026-05-28T05:46:00.000Z,SELL,0.01,1,1,10.00,1,15430.00
2026-05-28T05:46:00.000Z,2026-05-28T06:19:00.000Z,SELL,0.01,1,1,10.00,1,15440.00
2026-05-28T06:19:00.000Z,2026-05-28T06:37:00.000Z,SELL,0.01,1,1,10.00,1,15450.00
2026-05-28T06:37:00.000Z,2026-05-28T15:46:00.000Z,SELL,0.01,4,1,10.00,4,15460.00
2026-05-28T15:46:00.000Z,2026-05-28T16:00:00.000Z,SELL,0.01,2,1,10.00,2,15470.00
2026-05-28T16:00:00.000Z,2026-05-28T16:31:00.000Z,SELL,0.01,1,1,10.00,1,15480.00
2026-05-28T16:31:00.000Z,2026-05-28T17:13:00.000Z,SELL,0.01,2,1,10.00,2,15490.00
2026-05-28T17:13:00.000Z,2026-05-28T19:05:00.000Z,SELL,0.01,2,1,10.00,2,15500.00
2026-05-28T19:05:00.000Z,2026-05-28T19:19:00.000Z,BUY,0.01,1,1,10.00,1,15510.00
2026-05-28T19:19:00.000Z,2026-05-28T19:42:00.000Z,BUY,0.01,1,1,10.00,1,15520.00
2026-05-28T19:42:00.000Z,2026-05-28T21:03:00.000Z,BUY,0.01,1,1,10.00,1,15530.00
2026-05-28T21:03:00.000Z,2026-05-29T10:44:00.000Z,BUY,0.01,5,1,10.00,5,15540.00
2026-05-29T10:44:00.000Z,2026-05-29T12:46:00.000Z,BUY,0.01,1,1,10.00,1,15550.00
2026-05-29T12:46:00.000Z,2026-05-29T17:02:00.000Z,BUY,0.01,3,1,10.00,3,15560.00
2026-05-29T17:02:00.000Z,2026-05-29T17:52:00.000Z,BUY,0.01,3,1,10.00,3,15570.00
2026-05-29T17:52:00.000Z,2026-05-29T17:53:00.000Z,BUY,0.01,1,1,10.00,1,15580.00
2026-05-29T17:53:00.000Z,2026-05-29T18:04:00.000Z,BUY,0.01,1,1,10.00,1,15590.00
2026-05-29T18:04:00.000Z,2026-05-29T18:08:00.000Z,BUY,0.01,1,1,10.00,1,15600.00
2026-05-29T18:08:00.000Z,2026-05-29T20:43:00.000Z,BUY,0.01,2,1,10.00,2,15610.00
2026-05-29T20:43:00.000Z,2026-06-01T01:00:00.000Z,BUY,0.01,2,1,10.00,2,15620.00
2026-06-01T01:00:00.000Z,2026-06-01T01:46:00.000Z,BUY,0.01,1,1,10.00,1,15630.00
2026-06-01T01:46:00.000Z,2026-06-01T09:22:00.000Z,BUY,0.01,2,1,10.00,2,15640.00
2026-06-01T09:22:00.000Z,2026-06-01T16:12:00.000Z,BUY,0.01,2,1,10.00,2,15650.00
2026-06-01T16:12:00.000Z,2026-06-01T16:22:00.000Z,SELL,0.01,1,1,10.00,1,15660.00
2026-06-01T16:22:00.000Z,2026-06-01T16:51:00.000Z,SELL,0.01,1,1,10.00,1,15670.00
2026-06-01T16:51:00.000Z,2026-06-01T20:43:00.000Z,SELL,0.01,2,1,10.00,2,15680.00
2026-06-01T20:43:00.000Z,2026-06-02T01:00:00.000Z,SELL,0.01,1,1,10.00,1,15690.00
2026-06-02T01:00:00.000Z,2026-06-02T04:51:00.000Z,SELL,0.01,3,1,10.00,3,15700.00
2026-06-02T04:51:00.000Z,2026-06-02T06:29:00.000Z,SELL,0.01,2,1,10.00,2,15710.00
2026-06-02T06:29:00.000Z,2026-06-02T08:32:00.000Z,SELL,0.01,2,1,10.00,2,15720.00
2026-06-02T08:32:00.000Z,2026-06-02T08:57:00.000Z,SELL,0.01,1,1,10.00,1,15730.00
2026-06-02T08:57:00.000Z,2026-06-02T16:54:00.000Z,SELL,0.01,3,1,10.00,3,15740.00
2026-06-02T16:54:00.000Z,2026-06-03T02:10:00.000Z,BUY,0.01,2,1,10.00,2,15750.00
2026-06-03T02:10:00.000Z,2026-06-03T02:28:00.000Z,SELL,0.01,1,1,10.00,1,15760.00
2026-06-03T02:28:00.000Z,2026-06-03T03:41:00.000Z,SELL,0.01,2,1,10.00,2,15770.00
2026-06-03T03:41:00.000Z,2026-06-03T04:00:00.000Z,SELL,0.01,1,1,10.00,1,15780.00
2026-06-03T04:00:00.000Z,2026-06-03T04:01:00.000Z,SELL,0.01,1,1,10.00,1,15790.00
2026-06-03T04:01:00.000Z,2026-06-03T04:25:00.000Z,SELL,0.01,1,1,10.00,1,15800.00
2026-06-03T04:25:00.000Z,2026-06-03T10:30:00.000Z,SELL,0.01,3,1,10.00,3,15810.00
2026-06-03T10:30:00.000Z,2026-06-03T11:51:00.000Z,SELL,0.01,1,1,10.00,1,15820.00
2026-06-03T11:51:00.000Z,2026-06-03T16:43:00.000Z,SELL,0.01,3,1,10.00,3,15830.00
2026-06-03T16:43:00.000Z,2026-06-04T01:16:00.000Z,SELL,0.01,3,1,10.00,3,15840.00
2026-06-04T01:16:00.000Z,2026-06-04T02:45:00.000Z,SELL,0.01,2,1,10.00,2,15850.00
2026-06-04T02:45:00.000Z,2026-06-04T04:00:00.000Z,SELL,0.01,1,1,10.00,1,15860.00
2026-06-04T04:00:00.000Z,2026-06-04T05:51:00.000Z,SELL,0.01,2,1,10.00,2,15870.00
2026-06-04T05:51:00.000Z,2026-06-04T06:39:00.000Z,SELL,0.01,1,1,10.00,1,15880.00
2026-06-04T06:39:00.000Z,2026-06-04T14:45:00.000Z,SELL,0.01,4,1,10.00,4,15890.00
2026-06-04T14:45:00.000Z,2026-06-04T14:48:00.000Z,BUY,0.01,1,1,10.00,1,15900.00
2026-06-04T14:48:00.000Z,2026-06-04T14:58:00.000Z,BUY,0.01,1,1,10.00,1,15910.00
2026-06-04T14:58:00.000Z,2026-06-04T17:29:00.000Z,BUY,0.01,4,1,10.00,4,15920.00
2026-06-04T17:29:00.000Z,2026-06-05T03:16:00.000Z,BUY,0.01,4,1,10.00,4,15930.00
2026-06-05T03:16:00.000Z,2026-06-05T03:36:00.000Z,BUY,0.01,1,1,10.00,1,15940.00
2026-06-05T03:36:00.000Z,2026-06-05T09:15:00.000Z,BUY,0.01,2,1,10.00,2,15950.00
2026-06-05T09:15:00.000Z,2026-06-05T10:23:00.000Z,SELL,0.01,2,1,10.00,2,15960.00
2026-06-05T10:23:00.000Z,2026-06-05T15:30:00.000Z,SELL,0.01,1,1,10.00,1,15970.00
2026-06-05T15:30:00.000Z,2026-06-05T15:36:00.000Z,SELL,0.01,1,1,10.00,1,15980.00
2026-06-05T15:36:00.000Z,2026-06-05T15:51:00.000Z,SELL,0.01,1,1,10.00,1,15990.00
2026-06-05T15:51:00.000Z,2026-06-05T15:52:00.000Z,SELL,0.01,1,1,10.00,1,16000.00
2026-06-05T15:52:00.000Z,2026-06-05T15:55:00.000Z,SELL,0.01,1,1,10.00,1,16010.00
2026-06-05T15:55:00.000Z,2026-06-05T16:00:00.000Z,SELL,0.01,1,1,10.00,1,16020.00
2026-06-05T16:00:00.000Z,2026-06-05T16:37:00.000Z,SELL,0.01,1,1,10.00,1,16030.00
2026-06-05T16:37:00.000Z,2026-06-05T16:52:00.000Z,SELL,0.01,1,1,10.00,1,16040.00
2026-06-05T16:52:00.000Z,2026-06-05T16:59:00.000Z,SELL,0.01,1,1,10.00,1,16050.00
2026-06-05T16:59:00.000Z,2026-06-05T17:22:00.000Z,SELL,0.01,1,1,10.00,1,16060.00
2026-06-05T17:22:00.000Z,2026-06-05T17:33:00.000Z,SELL,0.01,1,1,10.00,1,16070.00
2026-06-05T17:33:00.000Z,2026-06-05T18:38:00.000Z,SELL,0.01,3,1,10.00,3,16080.00
2026-06-05T18:38:00.000Z,2026-06-05T19:00:00.000Z,SELL,0.01,1,1,10.00,1,16090.00
2026-06-05T19:00:00.000Z,2026-06-05T21:32:00.000Z,SELL,0.01,1,1,10.00,1,16100.00
2026-06-05T21:32:00.000Z,2026-06-08T01:02:00.000Z,SELL,0.01,1,1,10.00,1,16110.00
2026-06-08T01:02:00.000Z,2026-06-08T02:48:00.000Z,SELL,0.01,2,1,10.00,2,16120.00
2026-06-08T02:48:00.000Z,2026-06-08T04:14:00.000Z,SELL,0.01,1,1,10.00,1,16130.00
2026-06-08T04:14:00.000Z,2026-06-08T04:15:00.000Z,SELL,0.01,1,1,10.00,1,16140.00
2026-06-08T04:15:00.000Z,2026-06-08T04:30:00.000Z,SELL,0.01,1,1,10.00,1,16150.00
2026-06-08T04:30:00.000Z,2026-06-08T04:30:00.000Z,SELL,0.01,1,1,10.00,1,16160.00
2026-06-08T04:30:00.000Z,2026-06-08T05:00:00.000Z,SELL,0.01,2,1,10.00,2,16170.00
2026-06-08T05:00:00.000Z,2026-06-08T05:09:00.000Z,SELL,0.01,1,1,10.00,1,16180.00
2026-06-08T05:09:00.000Z,2026-06-08T05:31:00.000Z,SELL,0.01,1,1,10.00,1,16190.00
2026-06-08T05:31:00.000Z,2026-06-08T08:34:00.000Z,SELL,0.01,1,1,10.00,1,16200.00
2026-06-08T08:34:00.000Z,2026-06-08T08:34:00.000Z,SELL,0.01,1,1,10.00,1,16210.00
2026-06-08T08:34:00.000Z,2026-06-08T08:37:00.000Z,SELL,0.01,1,1,10.00,1,16220.00
2026-06-08T08:37:00.000Z,2026-06-08T09:21:00.000Z,SELL,0.01,2,1,10.00,2,16230.00
2026-06-08T09:21:00.000Z,2026-06-08T09:35:00.000Z,SELL,0.01,1,1,10.00,1,16240.00
2026-06-08T09:35:00.000Z,2026-06-08T11:24:00.000Z,SELL,0.01,1,1,10.00,1,16250.00
2026-06-08T11:24:00.000Z,2026-06-08T12:30:00.000Z,SELL,0.01,1,1,10.00,1,16260.00
2026-06-08T12:30:00.000Z,2026-06-08T14:10:00.000Z,SELL,0.01,2,1,10.00,2,16270.00
2026-06-08T14:10:00.000Z,2026-06-08T15:42:00.000Z,SELL,0.01,2,1,10.00,2,16280.00
2026-06-08T15:42:00.000Z,2026-06-08T15:53:00.000Z,SELL,0.01,1,1,10.00,1,16290.00
2026-06-08T15:53:00.000Z,2026-06-08T17:10:00.000Z,SELL,0.01,1,1,10.00,1,16300.00
2026-06-08T17:10:00.000Z,2026-06-09T08:42:00.000Z,SELL,0.01,4,1,10.00,4,16310.00
2026-06-09T08:42:00.000Z,2026-06-09T09:30:00.000Z,SELL,0.01,1,1,10.00,1,16320.00
2026-06-09T09:30:00.000Z,2026-06-09T16:48:00.000Z,BUY,0.01,1,1,10.00,1,16330.00
2026-06-09T16:48:00.000Z,2026-06-09T16:49:00.000Z,BUY,0.01,1,1,10.00,1,16340.00
2026-06-09T16:49:00.000Z,2026-06-09T16:56:00.000Z,BUY,0.01,2,1,10.00,2,16350.00
2026-06-09T16:56:00.000Z,2026-06-09T17:43:00.000Z,BUY,0.01,2,1,10.00,2,16360.00
2026-06-09T17:43:00.000Z,2026-06-09T18:31:00.000Z,BUY,0.01,2,1,10.00,2,16370.00
2026-06-09T18:31:00.000Z,2026-06-09T19:19:00.000Z,SELL,0.01,1,1,10.00,1,16380.00
2026-06-09T19:19:00.000Z,2026-06-09T19:38:00.000Z,SELL,0.01,1,1,10.00,1,16390.00
2026-06-09T19:38:00.000Z,2026-06-09T19:39:00.000Z,SELL,0.01,1,1,10.00,1,16400.00
2026-06-09T19:39:00.000Z,2026-06-09T20:20:00.000Z,SELL,0.01,2,1,10.00,2,16410.00
2026-06-09T20:20:00.000Z,2026-06-09T20:49:00.000Z,SELL,0.01,1,1,10.00,1,16420.00
2026-06-09T20:49:00.000Z,2026-06-10T01:00:00.000Z,SELL,0.01,1,1,10.00,1,16430.00
2026-06-10T01:00:00.000Z,2026-06-10T01:51:00.000Z,SELL,0.01,1,1,10.00,1,16440.00
2026-06-10T01:51:00.000Z,2026-06-10T02:23:00.000Z,SELL,0.01,1,1,10.00,1,16450.00
2026-06-10T02:23:00.000Z,2026-06-10T02:45:00.000Z,SELL,0.01,1,1,10.00,1,16460.00
2026-06-10T02:45:00.000Z,2026-06-10T03:36:00.000Z,SELL,0.01,1,1,10.00,1,16470.00
2026-06-10T03:36:00.000Z,2026-06-10T04:04:00.000Z,SELL,0.01,1,1,10.00,1,16480.00
2026-06-10T04:04:00.000Z,2026-06-10T04:43:00.000Z,SELL,0.01,3,1,10.00,3,16490.00
2026-06-10T04:43:00.000Z,2026-06-10T05:33:00.000Z,SELL,0.01,1,1,10.00,1,16500.00
2026-06-10T05:33:00.000Z,2026-06-10T08:49:00.000Z,SELL,0.01,2,1,10.00,2,16510.00
2026-06-10T08:49:00.000Z,2026-06-10T10:26:00.000Z,SELL,0.01,1,1,10.00,1,16520.00
2026-06-10T10:26:00.000Z,2026-06-10T10:52:00.000Z,SELL,0.01,1,1,10.00,1,16530.00
2026-06-10T10:52:00.000Z,2026-06-10T11:02:00.000Z,SELL,0.01,1,1,10.00,1,16540.00
2026-06-10T11:02:00.000Z,2026-06-10T11:04:00.000Z,SELL,0.01,1,1,10.00,1,16550.00
2026-06-10T11:04:00.000Z,2026-06-10T14:05:00.000Z,SELL,0.01,1,1,10.00,1,16560.00
2026-06-10T14:05:00.000Z,2026-06-10T15:10:00.000Z,SELL,0.01,1,1,10.00,1,16570.00
2026-06-10T15:10:00.000Z,2026-06-10T15:27:00.000Z,SELL,0.01,1,1,10.00,1,16580.00
2026-06-10T15:27:00.000Z,2026-06-10T15:30:00.000Z,SELL,0.01,2,1,10.00,2,16590.00
2026-06-10T15:30:00.000Z,2026-06-10T15:30:00.000Z,SELL,0.01,1,1,10.00,1,16600.00
2026-06-10T15:30:00.000Z,2026-06-10T15:30:00.000Z,SELL,0.01,1,1,10.00,1,16610.00
2026-06-10T15:30:00.000Z,2026-06-10T15:37:00.000Z,SELL,0.01,2,1,10.00,2,16620.00
2026-06-10T15:37:00.000Z,2026-06-10T15:39:00.000Z,SELL,0.01,1,1,10.00,1,16630.00
2026-06-10T15:39:00.000Z,2026-06-10T15:52:00.000Z,SELL,0.01,1,1,10.00,1,16640.00
2026-06-10T15:52:00.000Z,2026-06-10T16:15:00.000Z,SELL,0.01,1,1,10.00,1,16650.00
2026-06-10T16:15:00.000Z,2026-06-10T16:42:00.000Z,SELL,0.01,2,1,10.00,2,16660.00
2026-06-10T16:42:00.000Z,2026-06-10T17:28:00.000Z,SELL,0.01,1,1,10.00,1,16670.00
2026-06-10T17:28:00.000Z,2026-06-10T17:44:00.000Z,SELL,0.01,1,1,10.00,1,16680.00
2026-06-10T17:44:00.000Z,2026-06-10T17:48:00.000Z,SELL,0.01,1,1,10.00,1,16690.00
2026-06-10T17:48:00.000Z,2026-06-10T17:56:00.000Z,SELL,0.01,1,1,10.00,1,16700.00
2026-06-10T17:56:00.000Z,2026-06-10T17:57:00.000Z,SELL,0.01,1,1,10.00,1,16710.00
2026-06-10T17:57:00.000Z,2026-06-10T18:48:00.000Z,SELL,0.01,1,1,10.00,1,16720.00
2026-06-10T18:48:00.000Z,2026-06-10T21:50:00.000Z,SELL,0.01,3,1,10.00,3,16730.00
2026-06-10T21:50:00.000Z,2026-06-10T22:11:00.000Z,SELL,0.01,1,1,10.00,1,16740.00
2026-06-10T22:11:00.000Z,2026-06-11T01:00:00.000Z,SELL,0.01,1,1,10.00,1,16750.00
2026-06-11T01:00:00.000Z,2026-06-11T01:00:00.000Z,SELL,0.01,1,1,10.00,1,16760.00
2026-06-11T01:00:00.000Z,2026-06-11T01:02:00.000Z,SELL,0.01,1,1,10.00,1,16770.00
2026-06-11T01:02:00.000Z,2026-06-11T01:16:00.000Z,SELL,0.01,1,1,10.00,1,16780.00
2026-06-11T01:16:00.000Z,2026-06-11T01:21:00.000Z,SELL,0.01,1,1,10.00,1,16790.00
2026-06-11T01:21:00.000Z,2026-06-11T01:40:00.000Z,SELL,0.01,2,1,10.00,2,16800.00
2026-06-11T01:40:00.000Z,2026-06-11T01:45:00.000Z,SELL,0.01,1,1,10.00,1,16810.00
2026-06-11T01:45:00.000Z,2026-06-11T01:55:00.000Z,SELL,0.01,1,1,10.00,1,16820.00
2026-06-11T01:55:00.000Z,2026-06-11T02:12:00.000Z,SELL,0.01,1,1,10.00,1,16830.00
2026-06-11T02:12:00.000Z,2026-06-11T02:13:00.000Z,SELL,0.01,1,1,10.00,1,16840.00
2026-06-11T02:13:00.000Z,2026-06-11T02:26:00.000Z,SELL,0.01,2,1,10.00,2,16850.00
2026-06-11T02:26:00.000Z,2026-06-11T02:26:00.000Z,SELL,0.01,1,1,10.00,1,16860.00
2026-06-11T02:26:00.000Z,2026-06-11T03:10:00.000Z,SELL,0.01,1,1,10.00,1,16870.00
2026-06-11T03:10:00.000Z,2026-06-11T03:17:00.000Z,SELL,0.01,2,1,10.00,2,16880.00
2026-06-11T03:17:00.000Z,2026-06-11T04:16:00.000Z,SELL,0.01,4,1,10.00,4,16890.00
2026-06-11T04:16:00.000Z,2026-06-11T05:25:00.000Z,SELL,0.01,3,1,10.00,3,16900.00
2026-06-11T05:25:00.000Z,2026-06-11T05:31:00.000Z,SELL,0.01,1,1,10.00,1,16910.00
2026-06-11T05:31:00.000Z,2026-06-11T05:39:00.000Z,SELL,0.01,1,1,10.00,1,16920.00
2026-06-11T05:39:00.000Z,2026-06-11T05:41:00.000Z,SELL,0.01,1,1,10.00,1,16930.00
2026-06-11T05:41:00.000Z,2026-06-11T08:32:00.000Z,SELL,0.01,2,1,10.00,2,16940.00
2026-06-11T08:32:00.000Z,2026-06-11T15:10:00.000Z,SELL,0.01,5,1,10.00,5,16950.00
2026-06-11T15:10:00.000Z,2026-06-11T15:22:00.000Z,SELL,0.01,1,1,10.00,1,16960.00
2026-06-11T15:22:00.000Z,2026-06-11T17:11:00.000Z,SELL,0.01,3,1,10.00,3,16970.00
2026-06-11T17:11:00.000Z,2026-06-11T18:08:00.000Z,SELL,0.01,2,1,10.00,2,16980.00
2026-06-11T18:08:00.000Z,2026-06-11T18:25:00.000Z,SELL,0.01,1,1,10.00,1,16990.00
2026-06-11T18:25:00.000Z,2026-06-11T19:15:00.000Z,SELL,0.01,2,1,10.00,2,17000.00
2026-06-11T19:15:00.000Z,2026-06-11T19:21:00.000Z,SELL,0.01,1,1,10.00,1,17010.00
2026-06-11T19:21:00.000Z,2026-06-11T19:25:00.000Z,SELL,0.01,1,1,10.00,1,17020.00
2026-06-11T19:25:00.000Z,2026-06-11T20:02:00.000Z,SELL,0.01,1,1,10.00,1,17030.00
2026-06-11T20:02:00.000Z,2026-06-11T20:30:00.000Z,SELL,0.01,2,1,10.00,2,17040.00
2026-06-11T20:30:00.000Z,2026-06-11T20:32:00.000Z,SELL,0.01,4,1,10.00,4,17050.00
2026-06-11T20:32:00.000Z,2026-06-11T20:32:00.000Z,SELL,0.01,1,1,10.00,1,17060.00
2026-06-11T20:32:00.000Z,2026-06-11T20:39:00.000Z,SELL,0.01,2,1,10.00,2,17070.00
2026-06-11T20:39:00.000Z,2026-06-11T21:03:00.000Z,SELL,0.01,1,1,10.00,1,17080.00
2026-06-11T21:03:00.000Z,2026-06-11T21:06:00.000Z,SELL,0.01,1,1,10.00,1,17090.00
2026-06-11T21:06:00.000Z,2026-06-11T21:44:00.000Z,SELL,0.01,2,1,10.00,2,17100.00
2026-06-11T21:44:00.000Z,2026-06-11T22:17:00.000Z,SELL,0.01,2,1,10.00,2,17110.00
2026-06-11T22:17:00.000Z,2026-06-11T22:30:00.000Z,BUY,0.01,1,1,10.00,1,17120.00
2026-06-11T22:30:00.000Z,2026-06-11T22:34:00.000Z,BUY,0.01,1,1,10.00,1,17130.00
2026-06-11T22:34:00.000Z,2026-06-12T01:43:00.000Z,BUY,0.01,1,1,10.00,1,17140.00
2026-06-12T01:43:00.000Z,2026-06-12T01:47:00.000Z,BUY,0.01,1,1,10.00,1,17150.00
2026-06-12T01:47:00.000Z,2026-06-12T01:57:00.000Z,BUY,0.01,1,1,10.00,1,17160.00
2026-06-12T01:57:00.000Z,2026-06-12T02:27:00.000Z,BUY,0.01,2,1,10.00,2,17170.00
2026-06-12T02:27:00.000Z,2026-06-12T03:07:00.000Z,BUY,0.01,1,1,10.00,1,17180.00
2026-06-12T03:07:00.000Z,2026-06-12T04:02:00.000Z,BUY,0.01,2,1,10.00,2,17190.00
2026-06-12T04:02:00.000Z,2026-06-12T11:16:00.000Z,BUY,0.01,5,1,10.00,5,17200.00
2026-06-12T11:16:00.000Z,2026-06-12T11:18:00.000Z,BUY,0.01,1,1,10.00,1,17210.00
2026-06-12T11:18:00.000Z,2026-06-12T12:16:00.000Z,BUY,0.01,1,1,10.00,1,17220.00
2026-06-12T12:16:00.000Z,2026-06-12T15:35:00.000Z,BUY,0.01,2,1,10.00,2,17230.00
2026-06-12T15:35:00.000Z,2026-06-12T16:23:00.000Z,BUY,0.01,1,1,10.00,1,17240.00
2026-06-12T16:23:00.000Z,2026-06-12T18:17:00.000Z,BUY,0.01,3,1,10.00,3,17250.00
2026-06-12T18:17:00.000Z,2026-06-12T18:24:00.000Z,BUY,0.01,1,1,10.00,1,17260.00
2026-06-12T18:24:00.000Z,2026-06-22T21:06:00.000Z,BUY,0.01,4,1,10.00,4,17270.00
2026-06-22T21:06:00.000Z,2026-06-23T04:36:00.000Z,BUY,0.01,2,1,10.00,2,17280.00
2026-06-23T04:36:00.000Z,2026-06-23T06:18:00.000Z,BUY,0.01,2,1,10.00,2,17290.00
2026-06-23T06:18:00.000Z,2026-06-23T07:58:00.000Z,SELL,0.01,1,1,10.00,1,17300.00
2026-06-23T07:58:00.000Z,2026-06-23T07:59:00.000Z,SELL,0.01,1,1,10.00,1,17310.00
2026-06-23T07:59:00.000Z,2026-06-23T10:42:00.000Z,SELL,0.01,3,1,10.00,3,17320.00
2026-06-23T10:42:00.000Z,2026-06-23T11:01:00.000Z,SELL,0.01,1,1,10.00,1,17330.00
2026-06-23T11:01:00.000Z,2026-06-23T13:00:00.000Z,SELL,0.01,2,1,10.00,2,17340.00
2026-06-23T13:00:00.000Z,2026-06-23T15:13:00.000Z,SELL,0.01,1,1,10.00,1,17350.00
2026-06-23T15:13:00.000Z,2026-06-23T16:21:00.000Z,SELL,0.01,1,1,10.00,1,17360.00
2026-06-23T16:21:00.000Z,2026-06-23T16:51:00.000Z,SELL,0.01,2,1,10.00,2,17370.00
2026-06-23T16:51:00.000Z,2026-06-23T17:34:00.000Z,SELL,0.01,1,1,10.00,1,17380.00
2026-06-23T17:34:00.000Z,2026-06-23T21:46:00.000Z,SELL,0.01,1,1,10.00,1,17390.00
2026-06-23T21:46:00.000Z,2026-06-24T01:33:00.000Z,SELL,0.01,1,1,10.00,1,17400.00
2026-06-24T01:33:00.000Z,2026-06-24T02:32:00.000Z,SELL,0.01,1,1,10.00,1,17410.00
2026-06-24T02:32:00.000Z,2026-06-24T02:38:00.000Z,SELL,0.01,1,1,10.00,1,17420.00
2026-06-24T02:38:00.000Z,2026-06-24T04:03:00.000Z,SELL,0.01,3,1,10.00,3,17430.00
2026-06-24T04:03:00.000Z,2026-06-24T05:31:00.000Z,SELL,0.01,3,1,10.00,3,17440.00
2026-06-24T05:31:00.000Z,2026-06-24T05:43:00.000Z,SELL,0.01,1,1,10.00,1,17450.00
2026-06-24T05:43:00.000Z,2026-06-24T08:33:00.000Z,SELL,0.01,2,1,10.00,2,17460.00
2026-06-24T08:33:00.000Z,2026-06-24T08:41:00.000Z,SELL,0.01,1,1,10.00,1,17470.00
2026-06-24T08:41:00.000Z,2026-06-24T13:00:00.000Z,SELL,0.01,3,1,10.00,3,17480.00
2026-06-24T13:00:00.000Z,2026-06-24T14:04:00.000Z,SELL,0.01,1,1,10.00,1,17490.00
2026-06-24T14:04:00.000Z,2026-06-24T14:15:00.000Z,SELL,0.01,1,1,10.00,1,17500.00
2026-06-24T14:15:00.000Z,2026-06-24T15:25:00.000Z,SELL,0.01,1,1,10.00,1,17510.00
2026-06-24T15:25:00.000Z,2026-06-24T15:25:00.000Z,SELL,0.01,1,1,10.00,1,17520.00
2026-06-24T15:25:00.000Z,2026-06-24T15:25:00.000Z,SELL,0.01,1,1,10.00,1,17530.00
2026-06-24T15:25:00.000Z,2026-06-24T15:51:00.000Z,SELL,0.01,3,1,10.00,3,17540.00
2026-06-24T15:51:00.000Z,2026-06-24T15:59:00.000Z,SELL,0.01,1,1,10.00,1,17550.00
2026-06-24T15:59:00.000Z,2026-06-24T16:00:00.000Z,SELL,0.01,1,1,10.00,1,17560.00
2026-06-24T16:00:00.000Z,2026-06-24T16:11:00.000Z,SELL,0.01,1,1,10.00,1,17570.00
2026-06-24T16:11:00.000Z,2026-06-24T16:39:00.000Z,SELL,0.01,2,1,10.00,2,17580.00
2026-06-24T16:39:00.000Z,2026-06-24T16:51:00.000Z,SELL,0.01,2,1,10.00,2,17590.00
2026-06-24T16:51:00.000Z,2026-06-24T17:13:00.000Z,SELL,0.01,1,1,10.00,1,17600.00
2026-06-24T17:13:00.000Z,2026-06-24T17:46:00.000Z,SELL,0.01,1,1,10.00,1,17610.00
2026-06-24T17:46:00.000Z,2026-06-24T18:06:00.000Z,SELL,0.01,1,1,10.00,1,17620.00
2026-06-24T18:06:00.000Z,2026-06-24T20:25:00.000Z,SELL,0.01,3,1,10.00,3,17630.00
2026-06-24T20:25:00.000Z,2026-06-24T20:50:00.000Z,SELL,0.01,1,1,10.00,1,17640.00
2026-06-24T20:50:00.000Z,2026-06-24T21:01:00.000Z,SELL,0.01,1,1,10.00,1,17650.00
2026-06-24T21:01:00.000Z,2026-06-24T21:04:00.000Z,SELL,0.01,1,1,10.00,1,17660.00
2026-06-24T21:04:00.000Z,2026-06-24T21:10:00.000Z,SELL,0.01,2,1,10.00,2,17670.00
2026-06-24T21:10:00.000Z,2026-06-24T21:48:00.000Z,SELL,0.01,1,1,10.00,1,17680.00
2026-06-24T21:48:00.000Z,2026-06-25T02:35:00.000Z,SELL,0.01,2,1,10.00,2,17690.00
2026-06-25T02:35:00.000Z,2026-06-25T03:26:00.000Z,SELL,0.01,1,1,10.00,1,17700.00
2026-06-25T03:26:00.000Z,2026-06-25T03:33:00.000Z,SELL,0.01,1,1,10.00,1,17710.00
2026-06-25T03:33:00.000Z,2026-06-25T04:37:00.000Z,SELL,0.01,1,1,10.00,1,17720.00
2026-06-25T04:37:00.000Z,2026-06-25T05:08:00.000Z,SELL,0.01,1,1,10.00,1,17730.00
2026-06-25T05:08:00.000Z,2026-06-25T06:52:00.000Z,SELL,0.01,4,1,10.00,4,17740.00
2026-06-25T06:52:00.000Z,2026-06-25T07:17:00.000Z,SELL,0.01,1,1,10.00,1,17750.00
2026-06-25T07:17:00.000Z,2026-06-25T09:16:00.000Z,SELL,0.01,1,1,10.00,1,17760.00
2026-06-25T09:16:00.000Z,2026-06-25T15:30:00.000Z,SELL,0.01,4,1,10.00,4,17770.00
2026-06-25T15:30:00.000Z,2026-06-25T15:30:00.000Z,SELL,0.01,1,1,10.00,1,17780.00
2026-06-25T15:30:00.000Z,2026-06-25T15:30:00.000Z,SELL,0.01,1,1,10.00,1,17790.00
2026-06-25T15:30:00.000Z,2026-06-25T15:48:00.000Z,SELL,0.01,2,1,10.00,2,17800.00
2026-06-25T15:48:00.000Z,2026-06-25T16:55:00.000Z,SELL,0.01,1,1,10.00,1,17810.00
2026-06-25T16:55:00.000Z,2026-06-25T18:22:00.000Z,SELL,0.01,4,1,10.00,4,17820.00
2026-06-25T18:22:00.000Z,2026-06-25T18:22:00.000Z,SELL,0.01,1,1,10.00,1,17830.00
2026-06-25T18:22:00.000Z,2026-06-26T02:49:00.000Z,SELL,0.01,1,1,10.00,1,17840.00
2026-06-26T02:49:00.000Z,2026-06-26T04:01:00.000Z,BUY,0.01,1,1,10.00,1,17850.00
2026-06-26T04:01:00.000Z,2026-06-26T05:37:00.000Z,BUY,0.01,2,1,10.00,2,17860.00
2026-06-26T05:37:00.000Z,2026-06-26T07:12:00.000Z,BUY,0.01,1,1,10.00,1,17870.00
2026-06-26T07:12:00.000Z,2026-06-26T10:27:00.000Z,SELL,0.01,2,1,10.00,2,17880.00
2026-06-26T10:27:00.000Z,2026-06-26T12:20:00.000Z,BUY,0.01,1,1,10.00,1,17890.00
2026-06-26T12:20:00.000Z,2026-06-26T15:58:00.000Z,BUY,0.01,1,1,10.00,1,17900.00
2026-06-26T15:58:00.000Z,2026-06-26T16:50:00.000Z,BUY,0.01,1,1,10.00,1,17910.00
2026-06-26T16:50:00.000Z,2026-06-26T16:58:00.000Z,BUY,0.01,1,1,10.00,1,17920.00
2026-06-26T16:58:00.000Z,2026-06-26T17:16:00.000Z,BUY,0.01,1,1,10.00,1,17930.00
2026-06-26T17:16:00.000Z,2026-06-29T01:18:00.000Z,BUY,0.01,2,1,10.00,2,17940.00
2026-06-29T01:18:00.000Z,2026-06-29T01:48:00.000Z,BUY,0.01,1,1,10.00,1,17950.00
2026-06-29T01:48:00.000Z,2026-06-29T11:58:00.000Z,BUY,0.01,5,0,-2420.00,5,15530.00
2026-06-29T11:58:00.000Z,2026-06-29T17:06:00.000Z,BUY,0.01,4,1,10.00,4,15540.00
2026-06-29T17:06:00.000Z,2026-06-29T17:15:00.000Z,SELL,0.01,1,1,10.00,1,15550.00
2026-06-29T17:15:00.000Z,2026-06-30T03:37:00.000Z,SELL,0.01,3,1,10.00,3,15560.00
2026-06-30T03:37:00.000Z,2026-06-30T03:55:00.000Z,SELL,0.01,1,1,10.00,1,15570.00
2026-06-30T03:55:00.000Z,2026-06-30T04:02:00.000Z,SELL,0.01,1,1,10.00,1,15580.00
2026-06-30T04:02:00.000Z,2026-06-30T04:06:00.000Z,SELL,0.01,1,1,10.00,1,15590.00
2026-06-30T04:06:00.000Z,2026-06-30T04:07:00.000Z,SELL,0.01,1,1,10.00,1,15600.00
2026-06-30T04:07:00.000Z,2026-06-30T04:07:00.000Z,SELL,0.01,1,1,10.00,1,15610.00
2026-06-30T04:07:00.000Z,2026-06-30T04:28:00.000Z,SELL,0.01,4,1,10.00,4,15620.00
2026-06-30T04:28:00.000Z,2026-06-30T04:40:00.000Z,SELL,0.01,1,1,10.00,1,15630.00
2026-06-30T04:40:00.000Z,2026-06-30T05:11:00.000Z,SELL,0.01,1,1,10.00,1,15640.00
2026-06-30T05:11:00.000Z,2026-06-30T07:30:00.000Z,SELL,0.01,2,1,10.00,2,15650.00
2026-06-30T07:30:00.000Z,2026-06-30T08:30:00.000Z,SELL,0.01,1,1,10.00,1,15660.00
2026-06-30T08:30:00.000Z,2026-06-30T09:28:00.000Z,SELL,0.01,2,1,10.00,2,15670.00
2026-06-30T09:28:00.000Z,2026-06-30T11:00:00.000Z,SELL,0.01,2,1,10.00,2,15680.00
2026-06-30T11:00:00.000Z,2026-06-30T11:10:00.000Z,SELL,0.01,1,1,10.00,1,15690.00
2026-06-30T11:10:00.000Z,2026-06-30T11:41:00.000Z,SELL,0.01,1,1,10.00,1,15700.00
2026-06-30T11:41:00.000Z,2026-06-30T17:10:00.000Z,SELL,0.01,4,1,10.00,4,15710.00
2026-06-30T17:10:00.000Z,2026-06-30T17:23:00.000Z,BUY,0.01,1,1,10.00,1,15720.00
2026-06-30T17:23:00.000Z,2026-06-30T18:20:00.000Z,BUY,0.01,2,1,10.00,2,15730.00
2026-06-30T18:20:00.000Z,2026-07-01T03:45:00.000Z,BUY,0.01,2,1,10.00,2,15740.00
2026-07-01T03:45:00.000Z,2026-07-01T04:05:00.000Z,SELL,0.01,1,1,10.00,1,15750.00
2026-07-01T04:05:00.000Z,2026-07-01T04:40:00.000Z,SELL,0.01,1,1,10.00,1,15760.00
2026-07-01T04:40:00.000Z,2026-07-01T09:07:00.000Z,SELL,0.01,1,1,10.00,1,15770.00
2026-07-01T09:07:00.000Z,2026-07-01T13:55:00.000Z,SELL,0.01,2,1,10.00,2,15780.00
2026-07-01T13:55:00.000Z,2026-07-01T14:21:00.000Z,SELL,0.01,2,1,10.00,2,15790.00
2026-07-01T14:21:00.000Z,2026-07-01T16:07:00.000Z,SELL,0.01,1,1,10.00,1,15800.00
2026-07-01T16:07:00.000Z,2026-07-01T16:24:00.000Z,SELL,0.01,2,1,10.00,2,15810.00
2026-07-01T16:24:00.000Z,2026-07-01T16:40:00.000Z,SELL,0.01,2,1,10.00,2,15820.00
2026-07-01T16:40:00.000Z,2026-07-01T16:45:00.000Z,SELL,0.01,2,1,10.00,2,15830.00
2026-07-01T16:45:00.000Z,2026-07-01T16:46:00.000Z,SELL,0.01,1,1,10.00,1,15840.00
2026-07-01T16:46:00.000Z,2026-07-01T17:02:00.000Z,SELL,0.01,1,1,10.00,1,15850.00
2026-07-01T17:02:00.000Z,2026-07-01T17:06:00.000Z,BUY,0.01,1,1,10.00,1,15860.00
2026-07-01T17:06:00.000Z,2026-07-01T17:23:00.000Z,BUY,0.01,1,1,10.00,1,15870.00
2026-07-01T17:23:00.000Z,2026-07-01T17:36:00.000Z,BUY,0.01,1,1,10.00,1,15880.00
2026-07-01T17:36:00.000Z,2026-07-01T18:08:00.000Z,BUY,0.01,2,1,10.00,2,15890.00
2026-07-01T18:08:00.000Z,2026-07-01T22:40:00.000Z,BUY,0.01,2,1,10.00,2,15900.00
2026-07-01T22:40:00.000Z,2026-07-02T04:02:00.000Z,BUY,0.01,3,1,10.00,3,15910.00
2026-07-02T04:02:00.000Z,2026-07-02T09:02:00.000Z,BUY,0.01,3,1,10.00,3,15920.00
2026-07-02T09:02:00.000Z,2026-07-02T15:30:00.000Z,BUY,0.01,1,1,10.00,1,15930.00
2026-07-02T15:30:00.000Z,2026-07-02T15:30:00.000Z,BUY,0.01,1,1,10.00,1,15940.00
2026-07-02T15:30:00.000Z,2026-07-02T15:30:00.000Z,BUY,0.01,1,1,10.00,1,15950.00
2026-07-02T15:30:00.000Z,2026-07-02T15:30:00.000Z,BUY,0.01,1,1,10.00,1,15960.00
2026-07-02T15:30:00.000Z,2026-07-02T15:30:00.000Z,BUY,0.01,2,1,10.00,2,15970.00
2026-07-02T15:30:00.000Z,2026-07-02T15:30:00.000Z,BUY,0.01,3,1,10.00,3,15980.00
2026-07-02T15:30:00.000Z,2026-07-02T15:30:00.000Z,BUY,0.01,1,1,10.00,1,15990.00
2026-07-02T15:30:00.000Z,2026-07-02T15:30:00.000Z,BUY,0.01,1,1,10.00,1,16000.00
2026-07-02T15:30:00.000Z,2026-07-02T15:35:00.000Z,BUY,0.01,1,1,10.00,1,16010.00
2026-07-02T15:35:00.000Z,2026-07-02T15:39:00.000Z,BUY,0.01,1,1,10.00,1,16020.00
2026-07-02T15:39:00.000Z,2026-07-02T19:30:00.000Z,BUY,0.01,4,1,10.00,4,16030.00
2026-07-02T19:30:00.000Z,2026-07-02T19:48:00.000Z,BUY,0.01,1,1,10.00,1,16040.00
2026-07-02T19:48:00.000Z,2026-07-03T02:25:00.000Z,BUY,0.01,1,1,10.00,1,16050.00
2026-07-03T02:25:00.000Z,2026-07-03T03:23:00.000Z,BUY,0.01,1,1,10.00,1,16060.00
2026-07-03T03:23:00.000Z,2026-07-03T03:56:00.000Z,BUY,0.01,1,1,10.00,1,16070.00
2026-07-03T03:56:00.000Z,2026-07-03T04:03:00.000Z,BUY,0.01,1,1,10.00,1,16080.00
2026-07-03T04:03:00.000Z,2026-07-03T04:08:00.000Z,BUY,0.01,1,1,10.00,1,16090.00
2026-07-03T04:08:00.000Z,2026-07-03T04:15:00.000Z,BUY,0.01,1,1,10.00,1,16100.00
2026-07-03T04:15:00.000Z,2026-07-03T04:24:00.000Z,BUY,0.01,1,1,10.00,1,16110.00
2026-07-03T04:24:00.000Z,2026-07-03T17:08:00.000Z,BUY,0.01,2,1,10.00,2,16120.00
2026-07-03T17:08:00.000Z,2026-07-03T17:59:00.000Z,BUY,0.01,1,1,10.00,1,16130.00
2026-07-03T17:59:00.000Z,2026-07-06T01:05:00.000Z,BUY,0.01,1,1,10.00,1,16140.00
2026-07-06T01:05:00.000Z,2026-07-06T01:37:00.000Z,BUY,0.01,1,1,10.00,1,16150.00
2026-07-06T01:37:00.000Z,2026-07-06T02:28:00.000Z,BUY,0.01,1,1,10.00,1,16160.00
2026-07-06T02:28:00.000Z,2026-07-06T03:01:00.000Z,BUY,0.01,2,1,10.00,2,16170.00
2026-07-06T03:01:00.000Z,2026-07-06T03:01:00.000Z,BUY,0.01,1,1,10.00,1,16180.00
2026-07-06T03:01:00.000Z,2026-07-06T04:04:00.000Z,BUY,0.01,1,1,10.00,1,16190.00
2026-07-06T04:04:00.000Z,2026-07-06T04:48:00.000Z,BUY,0.01,1,1,10.00,1,16200.00
2026-07-06T04:48:00.000Z,2026-07-06T05:35:00.000Z,BUY,0.01,2,1,10.00,2,16210.00
2026-07-06T05:35:00.000Z,2026-07-06T12:30:00.000Z,BUY,0.01,2,1,10.00,2,16220.00
2026-07-06T12:30:00.000Z,2026-07-06T17:44:00.000Z,SELL,0.01,1,1,10.00,1,16230.00
2026-07-06T17:44:00.000Z,2026-07-06T20:57:00.000Z,SELL,0.01,2,1,10.00,2,16240.00
2026-07-06T20:57:00.000Z,2026-07-07T03:38:00.000Z,SELL,0.01,1,1,10.00,1,16250.00
2026-07-07T03:38:00.000Z,2026-07-07T08:20:00.000Z,BUY,0.01,2,1,10.00,2,16260.00
2026-07-07T08:20:00.000Z,2026-07-07T14:45:00.000Z,SELL,0.01,2,1,10.00,2,16270.00
2026-07-07T14:45:00.000Z,2026-07-07T18:51:00.000Z,SELL,0.01,3,1,10.00,3,16280.00
2026-07-07T18:51:00.000Z,2026-07-07T22:07:00.000Z,BUY,0.01,2,1,10.00,2,16290.00
2026-07-07T22:07:00.000Z,2026-07-07T22:15:00.000Z,SELL,0.01,1,1,10.00,1,16300.00
2026-07-07T22:15:00.000Z,2026-07-08T06:13:00.000Z,SELL,0.01,4,1,10.00,4,16310.00
2026-07-08T06:13:00.000Z,2026-07-08T10:05:00.000Z,SELL,0.01,1,1,10.00,1,16320.00
2026-07-08T10:05:00.000Z,2026-07-08T11:16:00.000Z,SELL,0.01,1,1,10.00,1,16330.00
2026-07-08T11:16:00.000Z,2026-07-08T11:17:00.000Z,SELL,0.01,1,1,10.00,1,16340.00
2026-07-08T11:17:00.000Z,2026-07-08T11:17:00.000Z,SELL,0.01,1,1,10.00,1,16350.00
2026-07-08T11:17:00.000Z,2026-07-08T11:32:00.000Z,SELL,0.01,1,1,10.00,1,16360.00
2026-07-08T11:32:00.000Z,2026-07-08T11:39:00.000Z,SELL,0.01,1,1,10.00,1,16370.00
2026-07-08T11:39:00.000Z,2026-07-08T11:56:00.000Z,SELL,0.01,1,1,10.00,1,16380.00
2026-07-08T11:56:00.000Z,2026-07-08T12:43:00.000Z,SELL,0.01,1,1,10.00,1,16390.00
2026-07-08T12:43:00.000Z,2026-07-08T15:45:00.000Z,SELL,0.01,2,1,10.00,2,16400.00
2026-07-08T15:45:00.000Z,2026-07-08T16:24:00.000Z,SELL,0.01,1,1,10.00,1,16410.00
2026-07-08T16:24:00.000Z,2026-07-08T17:14:00.000Z,SELL,0.01,1,1,10.00,1,16420.00
2026-07-08T17:14:00.000Z,2026-07-08T17:37:00.000Z,SELL,0.01,1,1,10.00,1,16430.00
2026-07-08T17:37:00.000Z,2026-07-08T17:44:00.000Z,SELL,0.01,1,1,10.00,1,16440.00
2026-07-08T17:44:00.000Z,2026-07-08T18:24:00.000Z,SELL,0.01,1,1,10.00,1,16450.00
2026-07-08T18:24:00.000Z,2026-07-08T19:44:00.000Z,SELL,0.01,2,1,10.00,2,16460.00
2026-07-08T19:44:00.000Z,2026-07-08T21:46:00.000Z,SELL,0.01,2,1,10.00,2,16470.00
2026-07-08T21:46:00.000Z,2026-07-08T23:01:00.000Z,SELL,0.01,1,1,10.00,1,16480.00
2026-07-08T23:01:00.000Z,2026-07-09T04:03:00.000Z,SELL,0.01,1,1,10.00,1,16490.00
2026-07-09T04:03:00.000Z,2026-07-09T06:13:00.000Z,SELL,0.01,1,1,10.00,1,16500.00
2026-07-09T06:13:00.000Z,2026-07-09T09:00:00.000Z,SELL,0.01,2,1,10.00,2,16510.00
2026-07-09T09:00:00.000Z,2026-07-09T11:23:00.000Z,SELL,0.01,2,1,10.00,2,16520.00
2026-07-09T11:23:00.000Z,2026-07-09T16:25:00.000Z,BUY,0.01,3,1,10.00,3,16530.00
2026-07-09T16:25:00.000Z,2026-07-09T19:32:00.000Z,BUY,0.01,1,1,10.00,1,16540.00
2026-07-09T19:32:00.000Z,2026-07-10T10:43:00.000Z,BUY,0.01,2,1,10.00,2,16550.00
2026-07-10T10:43:00.000Z,2026-07-10T17:33:00.000Z,BUY,0.01,4,1,10.00,4,16560.00
2026-07-10T17:33:00.000Z,2026-07-10T17:49:00.000Z,SELL,0.01,2,1,10.00,2,16570.00
2026-07-10T17:49:00.000Z,2026-07-10T17:56:00.000Z,SELL,0.01,1,1,10.00,1,16580.00
2026-07-10T17:56:00.000Z,2026-07-13T01:05:00.000Z,SELL,0.01,1,1,10.00,1,16590.00
2026-07-13T01:05:00.000Z,2026-07-13T01:47:00.000Z,SELL,0.01,1,1,10.00,1,16600.00
2026-07-13T01:47:00.000Z,2026-07-13T03:34:00.000Z,SELL,0.01,1,1,10.00,1,16610.00
2026-07-13T03:34:00.000Z,2026-07-13T06:11:00.000Z,SELL,0.01,3,1,10.00,3,16620.00
2026-07-13T06:11:00.000Z,2026-07-13T09:06:00.000Z,SELL,0.01,1,1,10.00,1,16630.00
2026-07-13T09:06:00.000Z,2026-07-13T11:15:00.000Z,SELL,0.01,2,1,10.00,2,16640.00
2026-07-13T11:15:00.000Z,2026-07-13T13:26:00.000Z,SELL,0.01,1,1,10.00,1,16650.00
2026-07-13T13:26:00.000Z,2026-07-13T13:41:00.000Z,SELL,0.01,1,1,10.00,1,16660.00
2026-07-13T13:41:00.000Z,2026-07-13T16:51:00.000Z,SELL,0.01,1,1,10.00,1,16670.00
2026-07-13T16:51:00.000Z,2026-07-13T17:06:00.000Z,SELL,0.01,1,1,10.00,1,16680.00
2026-07-13T17:06:00.000Z,2026-07-13T17:16:00.000Z,SELL,0.01,1,1,10.00,1,16690.00
2026-07-13T17:16:00.000Z,2026-07-13T17:16:00.000Z,SELL,0.01,1,1,10.00,1,16700.00
2026-07-13T17:16:00.000Z,2026-07-13T17:21:00.000Z,SELL,0.01,3,1,10.00,3,16710.00
2026-07-13T17:21:00.000Z,2026-07-13T19:33:00.000Z,SELL,0.01,3,1,10.00,3,16720.00
2026-07-13T19:33:00.000Z,2026-07-14T03:07:00.000Z,SELL,0.01,1,1,10.00,1,16730.00
2026-07-14T03:07:00.000Z,2026-07-14T05:10:00.000Z,SELL,0.01,2,1,10.00,2,16740.00
2026-07-14T05:10:00.000Z,2026-07-14T15:30:00.000Z,SELL,0.01,2,1,10.00,2,16750.00
2026-07-14T15:30:00.000Z,2026-07-14T15:30:00.000Z,SELL,0.01,2,1,10.00,2,16760.00
2026-07-14T15:30:00.000Z,2026-07-14T15:30:00.000Z,SELL,0.01,1,1,10.00,1,16770.00
2026-07-14T15:30:00.000Z,2026-07-14T15:30:00.000Z,SELL,0.01,1,1,10.00,1,16780.00
2026-07-14T15:30:00.000Z,2026-07-14T15:30:00.000Z,SELL,0.01,1,1,10.00,1,16790.00
2026-07-14T15:30:00.000Z,2026-07-14T15:30:00.000Z,SELL,0.01,1,1,10.00,1,16800.00
2026-07-14T15:30:00.000Z,2026-07-14T15:30:00.000Z,SELL,0.01,2,1,10.00,2,16810.00
2026-07-14T15:30:00.000Z,2026-07-14T15:31:00.000Z,SELL,0.01,2,1,10.00,2,16820.00
2026-07-14T15:31:00.000Z,2026-07-14T15:31:00.000Z,SELL,0.01,1,1,10.00,1,16830.00
2026-07-14T15:31:00.000Z,2026-07-14T15:56:00.000Z,SELL,0.01,3,1,10.00,3,16840.00
2026-07-14T15:56:00.000Z,2026-07-14T19:05:00.000Z,SELL,0.01,3,1,10.00,3,16850.00
2026-07-14T19:05:00.000Z,2026-07-15T05:17:00.000Z,BUY,0.01,2,1,10.00,2,16860.00
2026-07-15T05:17:00.000Z,2026-07-15T15:04:00.000Z,BUY,0.01,1,1,10.00,1,16870.00
2026-07-15T15:04:00.000Z,2026-07-15T16:04:00.000Z,SELL,0.01,2,1,10.00,2,16880.00
2026-07-15T16:04:00.000Z,2026-07-15T18:20:00.000Z,BUY,0.01,2,1,10.00,2,16890.00
2026-07-15T18:20:00.000Z,2026-07-15T20:33:00.000Z,BUY,0.01,1,1,10.00,1,16900.00
2026-07-15T20:33:00.000Z,2026-07-15T20:44:00.000Z,BUY,0.01,1,1,10.00,1,16910.00
2026-07-15T20:44:00.000Z,2026-07-15T21:29:00.000Z,BUY,0.01,1,1,10.00,1,16920.00
2026-07-15T21:29:00.000Z,2026-07-16T04:02:00.000Z,BUY,0.01,2,1,10.00,2,16930.00
2026-07-16T04:02:00.000Z,2026-07-16T15:16:00.000Z,BUY,0.01,4,1,10.00,4,16940.00
2026-07-16T15:16:00.000Z,2026-07-16T15:44:00.000Z,SELL,0.01,1,1,10.00,1,16950.00
2026-07-16T15:44:00.000Z,2026-07-16T15:55:00.000Z,SELL,0.01,1,1,10.00,1,16960.00
2026-07-16T15:55:00.000Z,2026-07-16T16:02:00.000Z,SELL,0.01,1,1,10.00,1,16970.00
2026-07-16T16:02:00.000Z,2026-07-16T18:25:00.000Z,SELL,0.01,4,1,10.00,4,16980.00
2026-07-16T18:25:00.000Z,2026-07-16T19:02:00.000Z,SELL,0.01,1,1,10.00,1,16990.00
2026-07-16T19:02:00.000Z,2026-07-16T19:13:00.000Z,SELL,0.01,1,1,10.00,1,17000.00
2026-07-16T19:13:00.000Z,2026-07-16T20:36:00.000Z,SELL,0.01,1,1,10.00,1,17010.00
2026-07-16T20:36:00.000Z,2026-07-16T22:35:00.000Z,SELL,0.01,1,1,10.00,1,17020.00
2026-07-16T22:35:00.000Z,2026-07-17T06:19:00.000Z,SELL,0.01,4,1,10.00,4,17030.00
2026-07-17T06:19:00.000Z,2026-07-17T06:56:00.000Z,SELL,0.01,1,1,10.00,1,17040.00
2026-07-17T06:56:00.000Z,2026-07-17T07:41:00.000Z,SELL,0.01,1,1,10.00,1,17050.00
2026-07-17T07:41:00.000Z,2026-07-17T15:43:00.000Z,SELL,0.01,3,1,10.00,3,17060.00
2026-07-17T15:43:00.000Z,2026-07-17T16:01:00.000Z,SELL,0.01,1,1,10.00,1,17070.00
2026-07-17T16:01:00.000Z,2026-07-17T16:38:00.000Z,SELL,0.01,2,1,10.00,2,17080.00
2026-07-17T16:38:00.000Z,2026-07-17T18:52:00.000Z,SELL,0.01,2,1,10.00,2,17090.00
2026-07-17T18:52:00.000Z,2026-07-17T20:41:00.000Z,SELL,0.01,1,1,10.00,1,17100.00
2026-07-17T20:41:00.000Z,2026-07-20T04:11:00.000Z,BUY,0.01,3,1,10.00,3,17110.00
2026-07-20T04:11:00.000Z,2026-07-20T11:24:00.000Z,BUY,0.01,3,1,10.00,3,17120.00
2026-07-20T11:24:00.000Z,2026-07-20T17:10:00.000Z,BUY,0.01,2,1,10.00,2,17130.00
2026-07-20T17:10:00.000Z,2026-07-20T17:40:00.000Z,BUY,0.01,1,1,10.00,1,17140.00
2026-07-20T17:40:00.000Z,2026-07-21T03:36:00.000Z,BUY,0.01,1,1,10.00,1,17150.00
2026-07-21T03:36:00.000Z,2026-07-21T06:27:00.000Z,SELL,0.01,2,1,10.00,2,17160.00
2026-07-21T06:27:00.000Z,2026-07-21T08:36:00.000Z,BUY,0.01,1,1,10.00,1,17170.00
2026-07-21T08:36:00.000Z,2026-07-21T09:13:00.000Z,BUY,0.01,1,1,10.00,1,17180.00
2026-07-21T09:13:00.000Z,2026-07-21T09:48:00.000Z,BUY,0.01,1,1,10.00,1,17190.00
2026-07-21T09:48:00.000Z,2026-07-21T15:43:00.000Z,BUY,0.01,2,1,10.00,2,17200.00
2026-07-21T15:43:00.000Z,2026-07-21T15:49:00.000Z,BUY,0.01,1,1,10.00,1,17210.00
2026-07-21T15:49:00.000Z,2026-07-21T17:30:00.000Z,BUY,0.01,1,1,10.00,1,17220.00
2026-07-21T17:30:00.000Z,2026-07-21T18:33:00.000Z,BUY,0.01,1,1,10.00,1,17230.00
2026-07-21T18:33:00.000Z,2026-07-22T03:14:00.000Z,BUY,0.01,1,1,10.00,1,17240.00
2026-07-22T03:14:00.000Z,2026-07-22T04:00:00.000Z,BUY,0.01,1,1,10.00,1,17250.00
2026-07-22T04:00:00.000Z,2026-07-22T04:04:00.000Z,BUY,0.01,1,1,10.00,1,17260.00
2026-07-22T04:04:00.000Z,2026-07-22T04:45:00.000Z,BUY,0.01,1,1,10.00,1,17270.00
2026-07-22T04:45:00.000Z,2026-07-22T06:05:00.000Z,BUY,0.01,1,1,10.00,1,17280.00
2026-07-22T06:05:00.000Z,2026-07-22T16:31:00.000Z,BUY,0.01,5,1,10.00,5,17290.00
2026-07-22T16:31:00.000Z,2026-07-22T16:59:00.000Z,BUY,0.01,1,1,10.00,1,17300.00
2026-07-22T16:59:00.000Z,2026-07-22T18:49:00.000Z,BUY,0.01,1,1,10.00,1,17310.00
2026-07-22T18:49:00.000Z,2026-07-22T21:30:00.000Z,BUY,0.01,2,1,10.00,2,17320.00
2026-07-22T21:30:00.000Z,2026-07-23T10:12:00.000Z,BUY,0.01,2,1,10.00,2,17330.00
2026-07-23T10:12:00.000Z,2026-07-23T14:41:00.000Z,BUY,0.01,2,1,10.00,2,17340.00
2026-07-23T14:41:00.000Z,2026-07-23T15:46:00.000Z,SELL,0.01,1,1,10.00,1,17350.00
2026-07-23T15:46:00.000Z,2026-07-23T16:05:00.000Z,SELL,0.01,1,1,10.00,1,17360.00
2026-07-23T16:05:00.000Z,2026-07-23T16:10:00.000Z,SELL,0.01,1,1,10.00,1,17370.00
2026-07-23T16:10:00.000Z,2026-07-24T05:48:00.000Z,SELL,0.01,3,1,10.00,3,17380.00
2026-07-24T05:48:00.000Z,2026-07-24T08:18:00.000Z,SELL,0.01,1,1,10.00,1,17390.00
2026-07-24T08:18:00.000Z,2026-07-24T10:34:00.000Z,SELL,0.01,2,1,10.00,2,17400.00
2026-07-24T10:34:00.000Z,2026-07-27T01:05:00.000Z,SELL,0.01,4,1,10.00,4,17410.00
2026-07-27T01:05:00.000Z,2026-07-27T01:48:00.000Z,BUY,0.01,1,1,10.00,1,17420.00
2026-07-27T01:48:00.000Z,2026-07-27T03:02:00.000Z,BUY,0.01,1,1,10.00,1,17430.00
2026-07-27T03:02:00.000Z,2026-07-27T03:11:00.000Z,BUY,0.01,1,1,10.00,1,17440.00
2026-07-27T03:11:00.000Z,2026-07-27T15:19:00.000Z,BUY,0.01,2,1,10.00,2,17450.00
2026-07-27T15:19:00.000Z,2026-07-28T04:01:00.000Z,BUY,0.01,2,1,10.00,2,17460.00
2026-07-28T04:01:00.000Z,2026-07-28T04:34:00.000Z,SELL,0.01,1,1,10.00,1,17470.00
2026-07-28T04:34:00.000Z,2026-07-28T12:35:00.000Z,SELL,0.01,1,1,10.00,1,17480.00
2026-07-28T12:35:00.000Z,2026-07-28T12:57:00.000Z,SELL,0.01,1,1,10.00,1,17490.00
2026-07-28T12:57:00.000Z,2026-07-28T17:22:00.000Z,SELL,0.01,1,1,10.00,1,17500.00
2026-07-28T17:22:00.000Z,2026-07-28T18:46:00.000Z,SELL,0.01,2,1,10.00,2,17510.00
2026-07-28T18:46:00.000Z,2026-07-28T20:37:00.000Z,SELL,0.01,1,1,10.00,1,17520.00
2026-07-28T20:37:00.000Z,2026-07-28T21:54:00.000Z,SELL,0.01,1,1,10.00,1,17530.00
2026-07-28T21:54:00.000Z,2026-07-29T04:04:00.000Z,SELL,0.01,1,1,10.00,1,17540.00
2026-07-29T04:04:00.000Z,2026-07-29T09:24:00.000Z,SELL,0.01,2,1,10.00,2,17550.00
2026-07-29T09:24:00.000Z,2026-07-29T12:30:00.000Z,SELL,0.01,1,1,10.00,1,17560.00
2026-07-29T12:30:00.000Z,2026-07-29T15:17:00.000Z,SELL,0.01,1,1,10.00,1,17570.00
2026-07-29T15:17:00.000Z,2026-07-29T15:30:00.000Z,SELL,0.01,1,1,10.00,1,17580.00
2026-07-29T15:30:00.000Z,2026-07-29T17:03:00.000Z,SELL,0.01,1,1,10.00,1,17590.00
2026-07-29T17:03:00.000Z,2026-07-29T19:56:00.000Z,SELL,0.01,2,1,10.00,2,17600.00
2026-07-29T19:56:00.000Z,2026-07-29T21:00:00.000Z,SELL,0.01,2,1,10.00,2,17610.00
2026-07-29T21:00:00.000Z,2026-07-29T21:00:00.000Z,SELL,0.01,3,1,10.00,3,17620.00
2026-07-29T21:00:00.000Z,2026-07-29T21:01:00.000Z,SELL,0.01,2,1,10.00,2,17630.00
2026-07-29T21:01:00.000Z,2026-07-29T21:03:00.000Z,SELL,0.01,1,1,10.00,1,17640.00
2026-07-29T21:03:00.000Z,2026-07-29T21:31:00.000Z,SELL,0.01,1,1,10.00,1,17650.00
2026-07-29T21:31:00.000Z,2026-07-29T21:46:00.000Z,SELL,0.01,2,1,10.00,2,17660.00
2026-07-29T21:46:00.000Z,2026-07-29T22:32:00.000Z,SELL,0.01,3,1,10.00,3,17670.00
2026-07-29T22:32:00.000Z,2026-07-29T22:58:00.000Z,BUY,0.01,2,1,10.00,2,17680.00
2026-07-29T22:58:00.000Z,2026-07-29T23:37:00.000Z,BUY,0.01,1,1,10.00,1,17690.00
2026-07-29T23:37:00.000Z,2026-07-30T01:05:00.000Z,BUY,0.01,1,1,10.00,1,17700.00
2026-07-30T01:05:00.000Z,2026-07-30T01:44:00.000Z,BUY,0.01,1,1,10.00,1,17710.00
2026-07-30T01:44:00.000Z,2026-07-30T02:01:00.000Z,BUY,0.01,1,1,10.00,1,17720.00
2026-07-30T02:01:00.000Z,2026-07-30T06:12:00.000Z,BUY,0.01,4,1,10.00,4,17730.00
2026-07-30T06:12:00.000Z,2026-07-30T08:38:00.000Z,BUY,0.01,2,1,10.00,2,17740.00
2026-07-30T08:38:00.000Z,2026-07-30T10:01:00.000Z,BUY,0.01,1,1,10.00,1,17750.00
2026-07-30T10:01:00.000Z,2026-07-30T11:07:00.000Z,BUY,0.01,1,1,10.00,1,17760.00
2026-07-30T11:07:00.000Z,2026-07-30T11:23:00.000Z,BUY,0.01,1,1,10.00,1,17770.00
2026-07-30T11:23:00.000Z,2026-07-30T11:32:00.000Z,BUY,0.01,1,1,10.00,1,17780.00
2026-07-30T11:32:00.000Z,2026-07-30T13:43:00.000Z,BUY,0.01,1,1,10.00,1,17790.00
2026-07-30T13:43:00.000Z,2026-07-30T16:37:00.000Z,BUY,0.01,1,1,10.00,1,17800.00
2026-07-30T16:37:00.000Z,2026-07-30T16:53:00.000Z,BUY,0.01,1,1,10.00,1,17810.00
2026-07-30T16:53:00.000Z,2026-07-30T17:00:00.000Z,BUY,0.01,1,1,10.00,1,17820.00
2026-07-30T17:00:00.000Z,2026-07-30T18:13:00.000Z,BUY,0.01,4,1,10.00,4,17830.00
2026-07-30T18:13:00.000Z,2026-07-30T18:16:00.000Z,BUY,0.01,1,1,10.00,1,17840.00
2026-07-30T18:16:00.000Z,2026-07-30T18:43:00.000Z,BUY,0.01,1,1,10.00,1,17850.00
2026-07-30T18:43:00.000Z,2026-07-30T19:04:00.000Z,BUY,0.01,1,1,10.00,1,17860.00
2026-07-30T19:04:00.000Z,2026-07-31T04:39:00.000Z,BUY,0.01,2,1,10.00,2,17870.00
2026-07-31T04:39:00.000Z,2026-07-31T12:23:00.000Z,BUY,0.01,2,1,10.00,2,17880.00
2026-07-31T12:23:00.000Z,2026-07-31T15:42:00.000Z,SELL,0.01,1,1,10.00,1,17890.00
2026-07-31T15:42:00.000Z,2026-07-31T16:35:00.000Z,SELL,0.01,1,1,10.00,1,17900.00
2026-07-31T16:35:00.000Z,2026-07-31T16:43:00.000Z,SELL,0.01,1,1,10.00,1,17910.00
2026-07-31T16:43:00.000Z,2026-07-31T20:29:00.000Z,SELL,0.01,2,1,10.00,2,17920.00
2026-07-31T20:29:00.000Z,2026-08-03T15:43:00.000Z,SELL,0.01,3,1,10.00,3,17930.00
2026-08-03T15:43:00.000Z,2026-08-03T16:25:00.000Z,SELL,0.01,1,1,10.00,1,17940.00
2026-08-03T16:25:00.000Z,2026-08-03T16:38:00.000Z,SELL,0.01,1,1,10.00,1,17950.00
2026-08-03T16:38:00.000Z,2026-08-03T22:23:00.000Z,SELL,0.01,2,1,10.00,2,17960.00
2026-08-03T22:23:00.000Z,2026-08-04T14:52:00.000Z,SELL,0.01,4,1,10.00,4,17970.00
2026-08-04T14:52:00.000Z,2026-08-04T16:48:00.000Z,BUY,0.01,5,1,10.00,5,17980.00
2026-08-04T16:48:00.000Z,2026-08-04T20:05:00.000Z,BUY,0.01,1,1,10.00,1,17990.00
2026-08-04T20:05:00.000Z,2026-08-05T02:00:00.000Z,BUY,0.01,2,1,10.00,2,18000.00
2026-08-05T02:00:00.000Z,2026-08-05T03:54:00.000Z,BUY,0.01,1,1,10.00,1,18010.00
2026-08-05T03:54:00.000Z,2026-08-05T04:45:00.000Z,BUY,0.01,1,1,10.00,1,18020.00
2026-08-05T04:45:00.000Z,2026-08-05T05:20:00.000Z,BUY,0.01,1,1,10.00,1,18030.00
2026-08-05T05:20:00.000Z,2026-08-05T05:37:00.000Z,BUY,0.01,1,1,10.00,1,18040.00
2026-08-05T05:37:00.000Z,2026-08-05T05:40:00.000Z,BUY,0.01,1,1,10.00,1,18050.00
2026-08-05T05:40:00.000Z,2026-08-05T05:55:00.000Z,BUY,0.01,1,1,10.00,1,18060.00
2026-08-05T05:55:00.000Z,2026-08-05T08:34:00.000Z,BUY,0.01,1,1,10.00,1,18070.00
2026-08-05T08:34:00.000Z,2026-08-05T08:44:00.000Z,BUY,0.01,1,1,10.00,1,18080.00
2026-08-05T08:44:00.000Z,2026-08-05T08:46:00.000Z,BUY,0.01,1,1,10.00,1,18090.00
2026-08-05T08:46:00.000Z,2026-08-05T09:35:00.000Z,BUY,0.01,1,1,10.00,1,18100.00
2026-08-05T09:35:00.000Z,2026-08-05T14:36:00.000Z,BUY,0.01,3,1,10.00,3,18110.00
2026-08-05T14:36:00.000Z,2026-08-05T15:05:00.000Z,BUY,0.01,1,1,10.00,1,18120.00
2026-08-05T15:05:00.000Z,2026-08-05T15:17:00.000Z,BUY,0.01,1,1,10.00,1,18130.00
2026-08-05T15:17:00.000Z,2026-08-05T17:05:00.000Z,BUY,0.01,3,1,10.00,3,18140.00
2026-08-05T17:05:00.000Z,2026-08-05T17:08:00.000Z,BUY,0.01,1,1,10.00,1,18150.00
2026-08-05T17:08:00.000Z,2026-08-05T17:19:00.000Z,BUY,0.01,1,1,10.00,1,18160.00
2026-08-05T17:19:00.000Z,2026-08-05T17:49:00.000Z,BUY,0.01,1,1,10.00,1,18170.00
2026-08-05T17:49:00.000Z,2026-08-05T18:02:00.000Z,BUY,0.01,1,1,10.00,1,18180.00
2026-08-05T18:02:00.000Z,2026-08-05T19:03:00.000Z,BUY,0.01,2,1,10.00,2,18190.00
2026-08-05T19:03:00.000Z,2026-08-05T19:22:00.000Z,BUY,0.01,1,1,10.00,1,18200.00
2026-08-05T19:22:00.000Z,2026-08-05T20:34:00.000Z,BUY,0.01,1,1,10.00,1,18210.00
2026-08-05T20:34:00.000Z,2026-08-05T21:20:00.000Z,BUY,0.01,1,1,10.00,1,18220.00
2026-08-05T21:20:00.000Z,2026-08-06T02:35:00.000Z,BUY,0.01,1,1,10.00,1,18230.00
2026-08-06T02:35:00.000Z,2026-08-06T02:38:00.000Z,BUY,0.01,1,1,10.00,1,18240.00
2026-08-06T02:38:00.000Z,2026-08-06T03:35:00.000Z,BUY,0.01,1,1,10.00,1,18250.00
2026-08-06T03:35:00.000Z,2026-08-06T03:55:00.000Z,BUY,0.01,1,1,10.00,1,18260.00
2026-08-06T03:55:00.000Z,2026-08-06T06:16:00.000Z,BUY,0.01,4,1,10.00,4,18270.00
2026-08-06T06:16:00.000Z,2026-08-06T12:00:00.000Z,BUY,0.01,3,1,10.00,3,18280.00
2026-08-06T12:00:00.000Z,2026-08-06T15:59:00.000Z,BUY,0.01,2,1,10.00,2,18290.00
2026-08-06T15:59:00.000Z,2026-08-06T16:37:00.000Z,BUY,0.01,1,1,10.00,1,18300.00
2026-08-06T16:37:00.000Z,2026-08-06T16:42:00.000Z,BUY,0.01,1,1,10.00,1,18310.00
2026-08-06T16:42:00.000Z,2026-08-06T18:54:00.000Z,BUY,0.01,2,1,10.00,2,18320.00
2026-08-06T18:54:00.000Z,2026-08-06T22:10:00.000Z,BUY,0.01,1,1,10.00,1,18330.00
2026-08-06T22:10:00.000Z,2026-08-07T05:01:00.000Z,BUY,0.01,3,1,10.00,3,18340.00
2026-08-07T05:01:00.000Z,2026-08-07T05:45:00.000Z,SELL,0.01,1,1,10.00,1,18350.00
2026-08-07T05:45:00.000Z,2026-08-07T08:56:00.000Z,SELL,0.01,2,1,10.00,2,18360.00
2026-08-07T08:56:00.000Z,2026-08-07T09:12:00.000Z,BUY,0.01,1,1,10.00,1,18370.00
2026-08-07T09:12:00.000Z,2026-08-07T11:13:00.000Z,BUY,0.01,1,1,10.00,1,18380.00
2026-08-07T11:13:00.000Z,2026-08-07T11:33:00.000Z,BUY,0.01,1,1,10.00,1,18390.00
2026-08-07T11:33:00.000Z,2026-08-07T14:03:00.000Z,BUY,0.01,1,1,10.00,1,18400.00
2026-08-07T14:03:00.000Z,2026-08-07T15:30:00.000Z,BUY,0.01,3,1,10.00,3,18410.00
2026-08-07T15:30:00.000Z,2026-08-07T15:30:00.000Z,BUY,0.01,1,1,10.00,1,18420.00
2026-08-07T15:30:00.000Z,2026-08-07T15:30:00.000Z,BUY,0.01,1,1,10.00,1,18430.00
2026-08-07T15:30:00.000Z,2026-08-07T15:30:00.000Z,BUY,0.01,2,1,10.00,2,18440.00
2026-08-07T15:30:00.000Z,2026-08-07T15:30:00.000Z,BUY,0.01,1,1,10.00,1,18450.00
2026-08-07T15:30:00.000Z,2026-08-07T15:30:00.000Z,BUY,0.01,1,1,10.00,1,18460.00
2026-08-07T15:30:00.000Z,2026-08-07T15:30:00.000Z,BUY,0.01,1,1,10.00,1,18470.00
2026-08-07T15:30:00.000Z,2026-08-07T15:34:00.000Z,BUY,0.01,1,1,10.00,1,18480.00
2026-08-07T15:34:00.000Z,2026-08-07T17:05:00.000Z,BUY,0.01,4,1,10.00,4,18490.00
2026-08-07T17:05:00.000Z,2026-08-07T17:18:00.000Z,BUY,0.01,1,1,10.00,1,18500.00
2026-08-07T17:18:00.000Z,2026-08-07T18:09:00.000Z,BUY,0.01,1,1,10.00,1,18510.00
2026-08-07T18:09:00.000Z,2026-08-10T04:05:00.000Z,BUY,0.01,2,1,10.00,2,18520.00
2026-08-10T04:05:00.000Z,2026-08-10T07:15:00.000Z,BUY,0.01,1,1,10.00,1,18530.00
2026-08-10T07:15:00.000Z,2026-08-10T08:40:00.000Z,BUY,0.01,1,1,10.00,1,18540.00
2026-08-10T08:40:00.000Z,2026-08-10T09:43:00.000Z,BUY,0.01,1,1,10.00,1,18550.00
2026-08-10T09:43:00.000Z,2026-08-10T16:52:00.000Z,BUY,0.01,2,1,10.00,2,18560.00
2026-08-10T16:52:00.000Z,2026-08-10T17:18:00.000Z,BUY,0.01,1,1,10.00,1,18570.00
2026-08-10T17:18:00.000Z,2026-08-10T17:26:00.000Z,BUY,0.01,1,1,10.00,1,18580.00
2026-08-10T17:26:00.000Z,2026-08-10T18:51:00.000Z,BUY,0.01,1,1,10.00,1,18590.00
2026-08-10T18:51:00.000Z,2026-08-10T19:10:00.000Z,BUY,0.01,1,1,10.00,1,18600.00
2026-08-10T19:10:00.000Z,2026-08-10T21:31:00.000Z,BUY,0.01,1,1,10.00,1,18610.00
2026-08-10T21:31:00.000Z,2026-08-10T22:21:00.000Z,BUY,0.01,1,1,10.00,1,18620.00
2026-08-10T22:21:00.000Z,2026-08-11T01:42:00.000Z,BUY,0.01,1,1,10.00,1,18630.00
2026-08-11T01:42:00.000Z,2026-08-11T03:09:00.000Z,BUY,0.01,1,1,10.00,1,18640.00
2026-08-11T03:09:00.000Z,2026-08-11T03:29:00.000Z,BUY,0.01,1,1,10.00,1,18650.00
2026-08-11T03:29:00.000Z,2026-08-11T04:49:00.000Z,BUY,0.01,3,1,10.00,3,18660.00
2026-08-11T04:49:00.000Z,2026-08-11T08:25:00.000Z,BUY,0.01,2,1,10.00,2,18670.00
2026-08-11T08:25:00.000Z,2026-08-11T09:29:00.000Z,BUY,0.01,2,1,10.00,2,18680.00
2026-08-11T09:29:00.000Z,2026-08-11T11:50:00.000Z,BUY,0.01,1,1,10.00,1,18690.00
2026-08-11T11:50:00.000Z,2026-08-11T14:01:00.000Z,BUY,0.01,1,1,10.00,1,18700.00
2026-08-11T14:01:00.000Z,2026-08-11T15:13:00.000Z,BUY,0.01,1,1,10.00,1,18710.00
2026-08-11T15:13:00.000Z,2026-08-11T21:00:00.000Z,BUY,0.01,2,1,10.00,2,18720.00
2026-08-11T21:00:00.000Z,2026-08-12T01:28:00.000Z,BUY,0.01,1,1,10.00,1,18730.00
2026-08-12T01:28:00.000Z,2026-08-12T02:02:00.000Z,SELL,0.01,1,1,10.00,1,18740.00
2026-08-12T02:02:00.000Z,2026-08-12T04:50:00.000Z,SELL,0.01,2,1,10.00,2,18750.00
2026-08-12T04:50:00.000Z,2026-08-12T08:45:00.000Z,SELL,0.01,1,1,10.00,1,18760.00
2026-08-12T08:45:00.000Z,2026-08-12T09:40:00.000Z,BUY,0.01,1,1,10.00,1,18770.00
2026-08-12T09:40:00.000Z,2026-08-12T10:39:00.000Z,BUY,0.01,1,1,10.00,1,18780.00
2026-08-12T10:39:00.000Z,2026-08-12T12:15:00.000Z,BUY,0.01,1,1,10.00,1,18790.00
2026-08-12T12:15:00.000Z,2026-08-12T15:30:00.000Z,BUY,0.01,2,1,10.00,2,18800.00
2026-08-12T15:30:00.000Z,2026-08-12T15:30:00.000Z,BUY,0.01,1,1,10.00,1,18810.00
2026-08-12T15:30:00.000Z,2026-08-12T15:30:00.000Z,BUY,0.01,1,1,10.00,1,18820.00
2026-08-12T15:30:00.000Z,2026-08-12T15:30:00.000Z,BUY,0.01,1,1,10.00,1,18830.00
2026-08-12T15:30:00.000Z,2026-08-12T15:30:00.000Z,BUY,0.01,1,1,10.00,1,18840.00
2026-08-12T15:30:00.000Z,2026-08-12T15:30:00.000Z,BUY,0.01,2,1,10.00,2,18850.00
2026-08-12T15:30:00.000Z,2026-08-12T15:31:00.000Z,BUY,0.01,1,1,10.00,1,18860.00
2026-08-12T15:31:00.000Z,2026-08-12T15:32:00.000Z,BUY,0.01,3,1,10.00,3,18870.00
2026-08-12T15:32:00.000Z,2026-08-12T15:34:00.000Z,BUY,0.01,1,1,10.00,1,18880.00
2026-08-12T15:34:00.000Z,2026-08-12T16:00:00.000Z,BUY,0.01,1,1,10.00,1,18890.00
2026-08-12T16:00:00.000Z,2026-08-12T16:40:00.000Z,BUY,0.01,2,1,10.00,2,18900.00
2026-08-12T16:40:00.000Z,2026-08-12T16:43:00.000Z,BUY,0.01,1,1,10.00,1,18910.00
2026-08-12T16:43:00.000Z,2026-08-12T16:51:00.000Z,BUY,0.01,1,1,10.00,1,18920.00
2026-08-12T16:51:00.000Z,2026-08-12T19:56:00.000Z,BUY,0.01,2,1,10.00,2,18930.00
2026-08-12T19:56:00.000Z,2026-08-12T20:24:00.000Z,BUY,0.01,1,1,10.00,1,18940.00
2026-08-12T20:24:00.000Z,2026-08-13T03:07:00.000Z,BUY,0.01,1,1,10.00,1,18950.00
2026-08-13T03:07:00.000Z,2026-08-13T03:20:00.000Z,BUY,0.01,1,1,10.00,1,18960.00
2026-08-13T03:20:00.000Z,2026-08-13T03:34:00.000Z,BUY,0.01,1,1,10.00,1,18970.00
2026-08-13T03:34:00.000Z,2026-08-13T04:47:00.000Z,BUY,0.01,2,1,10.00,2,18980.00
2026-08-13T04:47:00.000Z,2026-08-13T08:59:00.000Z,BUY,0.01,2,1,10.00,2,18990.00
2026-08-13T08:59:00.000Z,2026-08-13T13:50:00.000Z,BUY,0.01,1,1,10.00,1,19000.00
2026-08-13T13:50:00.000Z,2026-08-13T16:33:00.000Z,SELL,0.01,1,1,10.00,1,19010.00
2026-08-13T16:33:00.000Z,2026-08-13T17:04:00.000Z,SELL,0.01,1,1,10.00,1,19020.00
2026-08-13T17:04:00.000Z,2026-08-13T17:30:00.000Z,SELL,0.01,1,1,10.00,1,19030.00
2026-08-13T17:30:00.000Z,2026-08-13T22:13:00.000Z,SELL,0.01,3,1,10.00,3,19040.00
2026-08-13T22:13:00.000Z,2026-08-14T03:26:00.000Z,SELL,0.01,1,1,10.00,1,19050.00
2026-08-14T03:26:00.000Z,2026-08-14T03:48:00.000Z,SELL,0.01,1,1,10.00,1,19060.00
2026-08-14T03:48:00.000Z,2026-08-14T04:19:00.000Z,SELL,0.01,1,1,10.00,1,19070.00
2026-08-14T04:19:00.000Z,2026-08-14T11:17:00.000Z,SELL,0.01,2,1,10.00,2,19080.00
2026-08-14T11:17:00.000Z,2026-08-14T15:23:00.000Z,SELL,0.01,2,1,10.00,2,19090.00
2026-08-14T15:23:00.000Z,2026-08-17T02:35:00.000Z,SELL,0.01,1,1,10.00,1,19100.00
2026-08-17T02:35:00.000Z,2026-08-17T03:12:00.000Z,BUY,0.01,1,1,10.00,1,19110.00
2026-08-17T03:12:00.000Z,2026-08-17T03:28:00.000Z,BUY,0.01,1,1,10.00,1,19120.00
2026-08-17T03:28:00.000Z,2026-08-17T03:57:00.000Z,BUY,0.01,1,1,10.00,1,19130.00
2026-08-17T03:57:00.000Z,2026-08-17T04:06:00.000Z,BUY,0.01,1,1,10.00,1,19140.00